run_name: rl_s08   controller: rl   started: 2026-09-24T09:41:58Z
src: /a/home/cc/tree/taucc/architec/efratbl/sumo-traffic-generator/paper_rl_vs_tm/app/src/__init__.py
python: Python 3.10.2
sumo: Eclipse SUMO sumo 1.25.0
numpy 1.24.4 torch 2.1.2+cpu sb3 2.1.0
model md5: 8b8d9f494260a1a1f6a24b2c4ef25667
sumo seed: 8
2026-09-24 12:42:05,543 - StandardPipeline - INFO - Prepared output directory: /a/home/cc/architec/efratbl/sumo-traffic-generator/paper_rl_vs_tm/results/runs/rl_s08/workspace
2026-09-24 12:42:05,544 - StandardPipeline - INFO - --- Step 1: Network Generation ---
Success.
2026-09-24 12:42:06,202 - StandardPipeline - INFO - --- Step 2: Zone Generation ---
2026-09-24 12:42:07,925 - StandardPipeline - INFO - --- Step 3: Integrated Edge Splitting with Lane Assignment ---
Post-processing: 108 edges processed, 108 converted to multi-head
2026-09-24 12:42:35,142 - StandardPipeline - INFO - --- Step 4: Network Rebuild ---
2026-09-24 12:42:36,240 - StandardPipeline - INFO - --- Step 5: Edge Attractiveness Assignment ---
2026-09-24 12:44:18,156 - StandardPipeline - INFO - --- Step 6: Vehicle Route Generation ---
2026-09-24 12:44:37,082 - StandardPipeline - INFO - --- Step 7: SUMO Configuration Generation ---
2026-09-24 12:44:37,088 - StandardPipeline - INFO - --- Step 8: Dynamic Simulation ---
2026-09-24 12:44:37,088 - src.orchestration.simulator - INFO - Using TraCI simulator for rl (dynamic control)
 Retrying in 1 seconds
2026-09-24 12:44:43,525 - RLController - INFO - Creating RL environment...
[DIM CHECK] network_path='None'
[DIM CHECK] Using existing workspace network: /a/home/cc/architec/efratbl/sumo-traffic-generator/paper_rl_vs_tm/results/runs/rl_s08/workspace/grid.net.xml
2026-09-24 12:44:43,526 - TrafficControlEnv - INFO - Using existing workspace network: /a/home/cc/architec/efratbl/sumo-traffic-generator/paper_rl_vs_tm/results/runs/rl_s08/workspace/grid.net.xml
2026-09-24 12:44:43,699 - TrafficControlEnv - INFO - Parsed network dimensions from: /a/home/cc/architec/efratbl/sumo-traffic-generator/paper_rl_vs_tm/results/runs/rl_s08/workspace/grid.net.xml
2026-09-24 12:44:43,700 - TrafficControlEnv - INFO -   Edges: 468
2026-09-24 12:44:43,700 - TrafficControlEnv - INFO -   Junctions: 34
2026-09-24 12:44:43,703 - RLController - INFO - RL environment created successfully
2026-09-24 12:44:43,703 - RLController - INFO - Observation space: (2882,)
2026-09-24 12:44:43,703 - RLController - INFO - Action space: (136,)
/a/home/cc/tree/taucc/architec/efratbl/sumo-traffic-generator/paper_rl_vs_tm/app/src/rl/controller.py:259: UserWarning: Call to deprecated function getAllProgramLogics, use getCompleteRedYellowGreenDefinition instead.
  complete_def = traci.trafficlight.getCompleteRedYellowGreenDefinition(tl_id)[
2026-09-24 12:44:44,147 - RLController - INFO - DIAGNOSTIC Step 0 - Observation stats:
2026-09-24 12:44:44,147 - RLController - INFO -   Hash: -2178000201707345227, Min: 0.000000, Max: 1.000080, Mean: 0.246374, Std: 0.378330
2026-09-24 12:44:44,148 - RLController - INFO -   First 10: [1.  0.  0.  0.  0.  0.5 1.  0.  0.  0. ]
2026-09-24 12:44:44,148 - RLController - INFO -   Last 10: [0.      0.1875  0.      0.25    0.      0.      0.      1.00008 0.
 0.3    ]
2026-09-24 12:44:44,161 - RLController - INFO - DIAGNOSTIC - Raw model action output:
2026-09-24 12:44:44,161 - RLController - INFO -   Action hash: -1072727766406965740
2026-09-24 12:44:44,162 - RLController - INFO -   First 8 values: [ -4.2462254 -10.         -8.615134  -10.        -10.        -10.
  -9.517142   -9.423127 ]
2026-09-24 12:44:44,162 - RLController - INFO -   Last 8 values: [ -9.937325  -10.         -7.9518666 -10.         -8.441892   -1.202461
  -9.473316  -10.       ]
2026-09-24 12:44:44,162 - RLController - INFO -   Action shape: (136,), min: -10.000000, max: 2.648499, mean: -8.256987
2026-09-24 12:44:44,162 - RLController - INFO -   B0 junction (indices 16-19) raw values: [ -7.3623834  -6.7744145  -7.927693  -10.       ]
2026-09-24 12:44:44,162 - RLController - INFO - Using CONTINUOUS DURATION-BASED mode
2026-09-24 12:44:44,163 - RLController - INFO -   Example: junction A0 -> durations [59, 10, 11, 10] (total: 90s)
2026-09-24 12:44:44,163 - RLController - INFO -   Example: junction A1 -> durations [19, 19, 25, 27] (total: 90s)
2026-09-24 12:44:44,163 - RLController - INFO -   Example: junction A2 -> durations [10, 12, 58, 10] (total: 90s)
2026-09-24 12:44:44,164 - RLController - INFO -   Example: junction A4 -> durations [60, 10, 10, 10] (total: 90s)
2026-09-24 12:44:44,164 - RLController - INFO -   Example: junction A5 -> durations [25, 36, 18, 11] (total: 90s)
2026-09-24 12:44:44,164 - RLController - INFO -   Example: junction B0 -> durations [12, 12, 46, 20] (total: 90s)
2026-09-24 12:44:44,164 - RLController - INFO -   Example: junction B1 -> durations [14, 54, 11, 11] (total: 90s)
2026-09-24 12:44:44,164 - RLController - INFO -   Example: junction B2 -> durations [12, 12, 54, 12] (total: 90s)
2026-09-24 12:44:44,164 - RLController - INFO -   Example: junction B4 -> durations [15, 23, 37, 15] (total: 90s)
2026-09-24 12:44:44,164 - RLController - INFO -   Example: junction B5 -> durations [60, 10, 10, 10] (total: 90s)
2026-09-24 12:44:44,165 - RLController - INFO -   Example: junction C0 -> durations [11, 14, 47, 18] (total: 90s)
2026-09-24 12:44:44,165 - RLController - INFO -   Example: junction C1 -> durations [27, 13, 30, 20] (total: 90s)
2026-09-24 12:44:44,165 - RLController - INFO -   Example: junction C2 -> durations [54, 16, 10, 10] (total: 90s)
2026-09-24 12:44:44,165 - RLController - INFO -   Example: junction C3 -> durations [59, 11, 10, 10] (total: 90s)
2026-09-24 12:44:44,165 - RLController - INFO -   Example: junction C4 -> durations [36, 10, 34, 10] (total: 90s)
2026-09-24 12:44:44,165 - RLController - INFO -   Example: junction C5 -> durations [50, 10, 10, 20] (total: 90s)
2026-09-24 12:44:44,165 - RLController - INFO -   Example: junction D0 -> durations [19, 28, 31, 12] (total: 90s)
2026-09-24 12:44:44,165 - RLController - INFO -   Example: junction D1 -> durations [11, 13, 47, 19] (total: 90s)
2026-09-24 12:44:44,166 - RLController - INFO -   Example: junction D2 -> durations [57, 11, 11, 11] (total: 90s)
2026-09-24 12:44:44,166 - RLController - INFO -   Example: junction D3 -> durations [22, 12, 44, 12] (total: 90s)
2026-09-24 12:44:44,166 - RLController - INFO -   Example: junction D4 -> durations [12, 25, 42, 11] (total: 90s)
2026-09-24 12:44:44,166 - RLController - INFO -   Example: junction D5 -> durations [11, 10, 58, 11] (total: 90s)
2026-09-24 12:44:44,166 - RLController - INFO -   Example: junction E0 -> durations [11, 11, 12, 56] (total: 90s)
2026-09-24 12:44:44,166 - RLController - INFO -   Example: junction E1 -> durations [34, 11, 34, 11] (total: 90s)
2026-09-24 12:44:44,167 - RLController - INFO -   Stored schedules for 34 junctions, cycle starts at step 0
2026-09-24 12:44:44,877 - RLController - INFO - DIAGNOSTIC Step 90 - Observation stats:
2026-09-24 12:44:44,877 - RLController - INFO -   Hash: 1842562844715694682, Min: 0.000000, Max: 1.000000, Mean: 0.296843, Std: 0.404161
2026-09-24 12:44:44,878 - RLController - INFO -   First 10: [1.  0.  0.  0.  0.  0.5 1.  0.  0.  0. ]
2026-09-24 12:44:44,878 - RLController - INFO -   Last 10: [0.0000000e+00 1.2500000e-01 0.0000000e+00 8.3333336e-02 1.4316240e-01
 6.8849436e-04 1.0641025e-02 8.5282093e-01 0.0000000e+00 3.0000001e-01]
2026-09-24 12:44:44,882 - RLController - INFO - DIAGNOSTIC - Raw model action output:
2026-09-24 12:44:44,882 - RLController - INFO -   Action hash: 8226528041382877598
2026-09-24 12:44:44,882 - RLController - INFO -   First 8 values: [ -5.6669383 -10.        -10.        -10.        -10.        -10.
 -10.        -10.       ]
2026-09-24 12:44:44,882 - RLController - INFO -   Last 8 values: [-10.         -10.         -10.         -10.         -10.
   0.13389353 -10.         -10.        ]
2026-09-24 12:44:44,882 - RLController - INFO -   Action shape: (136,), min: -10.000000, max: 4.029919, mean: -8.877625
2026-09-24 12:44:44,883 - RLController - INFO -   B0 junction (indices 16-19) raw values: [ -8.452586  -8.839875 -10.       -10.      ]
2026-09-24 12:44:44,883 - RLController - INFO - Using CONTINUOUS DURATION-BASED mode
2026-09-24 12:44:44,883 - RLController - INFO -   Example: junction A0 -> durations [57, 11, 11, 11] (total: 90s)
2026-09-24 12:44:44,883 - RLController - INFO -   Example: junction A1 -> durations [24, 22, 22, 22] (total: 90s)
2026-09-24 12:44:44,883 - RLController - INFO -   Example: junction A2 -> durations [10, 12, 58, 10] (total: 90s)
2026-09-24 12:44:44,883 - RLController - INFO -   Example: junction A4 -> durations [59, 11, 10, 10] (total: 90s)
2026-09-24 12:44:44,883 - RLController - INFO -   Example: junction A5 -> durations [34, 26, 15, 15] (total: 90s)
2026-09-24 12:44:44,883 - RLController - INFO -   Example: junction B0 -> durations [18, 18, 36, 18] (total: 90s)
2026-09-24 12:44:44,884 - RLController - INFO -   Example: junction B1 -> durations [12, 54, 12, 12] (total: 90s)
2026-09-24 12:44:44,884 - RLController - INFO -   Example: junction B2 -> durations [20, 20, 30, 20] (total: 90s)
2026-09-24 12:44:44,884 - RLController - INFO -   Example: junction B4 -> durations [24, 22, 22, 22] (total: 90s)
2026-09-24 12:44:44,884 - RLController - INFO -   Example: junction B5 -> durations [60, 10, 10, 10] (total: 90s)
2026-09-24 12:44:44,884 - RLController - INFO -   Example: junction C0 -> durations [14, 14, 44, 18] (total: 90s)
2026-09-24 12:44:44,884 - RLController - INFO -   Example: junction C1 -> durations [27, 21, 21, 21] (total: 90s)
2026-09-24 12:44:44,885 - RLController - INFO -   Example: junction C2 -> durations [55, 15, 10, 10] (total: 90s)
2026-09-24 12:44:44,885 - RLController - INFO -   Example: junction C3 -> durations [60, 10, 10, 10] (total: 90s)
2026-09-24 12:44:44,885 - RLController - INFO -   Example: junction C4 -> durations [48, 11, 20, 11] (total: 90s)
2026-09-24 12:44:44,885 - RLController - INFO -   Example: junction C5 -> durations [55, 10, 10, 15] (total: 90s)
2026-09-24 12:44:44,885 - RLController - INFO -   Example: junction D0 -> durations [18, 24, 31, 17] (total: 90s)
2026-09-24 12:44:44,885 - RLController - INFO -   Example: junction D1 -> durations [12, 12, 51, 15] (total: 90s)
2026-09-24 12:44:44,885 - RLController - INFO -   Example: junction D2 -> durations [57, 11, 11, 11] (total: 90s)
2026-09-24 12:44:44,885 - RLController - INFO -   Example: junction D3 -> durations [18, 18, 36, 18] (total: 90s)
2026-09-24 12:44:44,886 - RLController - INFO -   Example: junction D4 -> durations [16, 28, 30, 16] (total: 90s)
2026-09-24 12:44:44,886 - RLController - INFO -   Example: junction D5 -> durations [11, 11, 57, 11] (total: 90s)
2026-09-24 12:44:44,886 - RLController - INFO -   Example: junction E0 -> durations [14, 14, 14, 48] (total: 90s)
2026-09-24 12:44:44,886 - RLController - INFO -   Example: junction E1 -> durations [32, 13, 32, 13] (total: 90s)
2026-09-24 12:44:44,886 - RLController - INFO -   Stored schedules for 34 junctions, cycle starts at step 90
2026-09-24 12:44:45,788 - RLController - INFO - DIAGNOSTIC Step 180 - Observation stats:
2026-09-24 12:44:45,788 - RLController - INFO -   Hash: 576576414577097678, Min: 0.000000, Max: 1.000000, Mean: 0.325545, Std: 0.419435
2026-09-24 12:44:45,788 - RLController - INFO -   First 10: [1.  0.  0.  0.  0.  0.5 1.  0.  0.  0. ]
2026-09-24 12:44:45,788 - RLController - INFO -   Last 10: [0.         0.2        0.         0.08333334 0.22222222 0.0010576
 0.01923077 0.7789194  0.         0.3       ]
2026-09-24 12:44:45,950 - RLController - INFO - DIAGNOSTIC - Raw model action output:
2026-09-24 12:44:45,950 - RLController - INFO -   Action hash: -2830302384213498325
2026-09-24 12:44:45,951 - RLController - INFO -   First 8 values: [ -5.982229 -10.       -10.       -10.       -10.       -10.
 -10.       -10.      ]
2026-09-24 12:44:45,951 - RLController - INFO -   Last 8 values: [-10.         -10.         -10.         -10.         -10.
  -0.13040109 -10.         -10.        ]
2026-09-24 12:44:45,951 - RLController - INFO -   Action shape: (136,), min: -10.000000, max: 4.633745, mean: -9.104594
2026-09-24 12:44:45,952 - RLController - INFO -   B0 junction (indices 16-19) raw values: [ -8.980571 -10.       -10.       -10.      ]
2026-09-24 12:44:45,952 - RLController - INFO - Using CONTINUOUS DURATION-BASED mode
2026-09-24 12:44:45,952 - RLController - INFO -   Example: junction A0 -> durations [57, 11, 11, 11] (total: 90s)
2026-09-24 12:44:45,952 - RLController - INFO -   Example: junction A1 -> durations [24, 22, 22, 22] (total: 90s)
2026-09-24 12:44:45,952 - RLController - INFO -   Example: junction A2 -> durations [10, 10, 60, 10] (total: 90s)
2026-09-24 12:44:45,952 - RLController - INFO -   Example: junction A4 -> durations [59, 11, 10, 10] (total: 90s)
2026-09-24 12:44:45,952 - RLController - INFO -   Example: junction A5 -> durations [33, 19, 19, 19] (total: 90s)
2026-09-24 12:44:45,953 - RLController - INFO -   Example: junction B0 -> durations [24, 22, 22, 22] (total: 90s)
2026-09-24 12:44:45,953 - RLController - INFO -   Example: junction B1 -> durations [14, 48, 14, 14] (total: 90s)
2026-09-24 12:44:45,953 - RLController - INFO -   Example: junction B2 -> durations [24, 22, 22, 22] (total: 90s)
2026-09-24 12:44:45,953 - RLController - INFO -   Example: junction B4 -> durations [24, 22, 22, 22] (total: 90s)
2026-09-24 12:44:45,953 - RLController - INFO -   Example: junction B5 -> durations [60, 10, 10, 10] (total: 90s)
2026-09-24 12:44:45,953 - RLController - INFO -   Example: junction C0 -> durations [16, 16, 42, 16] (total: 90s)
2026-09-24 12:44:45,953 - RLController - INFO -   Example: junction C1 -> durations [24, 22, 22, 22] (total: 90s)
2026-09-24 12:44:45,953 - RLController - INFO -   Example: junction C2 -> durations [56, 14, 10, 10] (total: 90s)
2026-09-24 12:44:45,953 - RLController - INFO -   Example: junction C3 -> durations [60, 10, 10, 10] (total: 90s)
2026-09-24 12:44:45,954 - RLController - INFO -   Example: junction C4 -> durations [54, 11, 14, 11] (total: 90s)
2026-09-24 12:44:45,954 - RLController - INFO -   Example: junction C5 -> durations [57, 11, 11, 11] (total: 90s)
2026-09-24 12:44:45,954 - RLController - INFO -   Example: junction D0 -> durations [22, 22, 24, 22] (total: 90s)
2026-09-24 12:44:45,954 - RLController - INFO -   Example: junction D1 -> durations [14, 14, 48, 14] (total: 90s)
2026-09-24 12:44:45,954 - RLController - INFO -   Example: junction D2 -> durations [51, 13, 13, 13] (total: 90s)
2026-09-24 12:44:45,954 - RLController - INFO -   Example: junction D3 -> durations [24, 22, 22, 22] (total: 90s)
2026-09-24 12:44:45,954 - RLController - INFO -   Example: junction D4 -> durations [22, 22, 24, 22] (total: 90s)
2026-09-24 12:44:45,954 - RLController - INFO -   Example: junction D5 -> durations [11, 11, 57, 11] (total: 90s)
2026-09-24 12:44:45,954 - RLController - INFO -   Example: junction E0 -> durations [19, 19, 19, 33] (total: 90s)
2026-09-24 12:44:45,955 - RLController - INFO -   Example: junction E1 -> durations [27, 16, 31, 16] (total: 90s)
2026-09-24 12:44:45,955 - RLController - INFO -   Stored schedules for 34 junctions, cycle starts at step 180
2026-09-24 12:44:47,106 - RLController - INFO - DIAGNOSTIC Step 270 - Observation stats:
2026-09-24 12:44:47,106 - RLController - INFO -   Hash: -991806415333869318, Min: 0.000000, Max: 1.000000, Mean: 0.336417, Std: 0.422566
2026-09-24 12:44:47,106 - RLController - INFO -   First 10: [1.  0.  0.  0.  0.  0.5 1.  0.  0.  0. ]
2026-09-24 12:44:47,106 - RLController - INFO -   Last 10: [0.         0.2        0.         0.08333334 0.23931624 0.00141428
 0.02555555 0.7625945  0.         0.3       ]
2026-09-24 12:44:47,111 - RLController - INFO - DIAGNOSTIC - Raw model action output:
2026-09-24 12:44:47,111 - RLController - INFO -   Action hash: 5493955645594494061
2026-09-24 12:44:47,111 - RLController - INFO -   First 8 values: [ -6.2398906 -10.        -10.        -10.        -10.        -10.
 -10.        -10.       ]
2026-09-24 12:44:47,111 - RLController - INFO -   Last 8 values: [-10.         -10.         -10.         -10.         -10.
   0.18633775 -10.         -10.        ]
2026-09-24 12:44:47,112 - RLController - INFO -   Action shape: (136,), min: -10.000000, max: 4.769487, mean: -9.139993
2026-09-24 12:44:47,112 - RLController - INFO -   B0 junction (indices 16-19) raw values: [ -9.076582 -10.       -10.       -10.      ]
2026-09-24 12:44:47,112 - RLController - INFO - Using CONTINUOUS DURATION-BASED mode
2026-09-24 12:44:47,112 - RLController - INFO -   Example: junction A0 -> durations [57, 11, 11, 11] (total: 90s)
2026-09-24 12:44:47,112 - RLController - INFO -   Example: junction A1 -> durations [24, 22, 22, 22] (total: 90s)
2026-09-24 12:44:47,112 - RLController - INFO -   Example: junction A2 -> durations [10, 10, 60, 10] (total: 90s)
2026-09-24 12:44:47,112 - RLController - INFO -   Example: junction A4 -> durations [59, 11, 10, 10] (total: 90s)
2026-09-24 12:44:47,112 - RLController - INFO -   Example: junction A5 -> durations [33, 19, 19, 19] (total: 90s)
2026-09-24 12:44:47,113 - RLController - INFO -   Example: junction B0 -> durations [24, 22, 22, 22] (total: 90s)
2026-09-24 12:44:47,113 - RLController - INFO -   Example: junction B1 -> durations [16, 42, 16, 16] (total: 90s)
2026-09-24 12:44:47,113 - RLController - INFO -   Example: junction B2 -> durations [24, 22, 22, 22] (total: 90s)
2026-09-24 12:44:47,113 - RLController - INFO -   Example: junction B4 -> durations [24, 22, 22, 22] (total: 90s)
2026-09-24 12:44:47,113 - RLController - INFO -   Example: junction B5 -> durations [60, 10, 10, 10] (total: 90s)
2026-09-24 12:44:47,113 - RLController - INFO -   Example: junction C0 -> durations [18, 18, 36, 18] (total: 90s)
2026-09-24 12:44:47,113 - RLController - INFO -   Example: junction C1 -> durations [24, 22, 22, 22] (total: 90s)
2026-09-24 12:44:47,114 - RLController - INFO -   Example: junction C2 -> durations [58, 12, 10, 10] (total: 90s)
2026-09-24 12:44:47,114 - RLController - INFO -   Example: junction C3 -> durations [60, 10, 10, 10] (total: 90s)
2026-09-24 12:44:47,114 - RLController - INFO -   Example: junction C4 -> durations [54, 11, 14, 11] (total: 90s)
2026-09-24 12:44:47,114 - RLController - INFO -   Example: junction C5 -> durations [57, 11, 11, 11] (total: 90s)
2026-09-24 12:44:47,114 - RLController - INFO -   Example: junction D0 -> durations [22, 22, 24, 22] (total: 90s)
2026-09-24 12:44:47,114 - RLController - INFO -   Example: junction D1 -> durations [15, 15, 45, 15] (total: 90s)
2026-09-24 12:44:47,114 - RLController - INFO -   Example: junction D2 -> durations [51, 13, 13, 13] (total: 90s)
2026-09-24 12:44:47,114 - RLController - INFO -   Example: junction D3 -> durations [24, 22, 22, 22] (total: 90s)
2026-09-24 12:44:47,114 - RLController - INFO -   Example: junction D4 -> durations [24, 22, 22, 22] (total: 90s)
2026-09-24 12:44:47,115 - RLController - INFO -   Example: junction D5 -> durations [12, 12, 54, 12] (total: 90s)
2026-09-24 12:44:47,115 - RLController - INFO -   Example: junction E0 -> durations [20, 20, 20, 30] (total: 90s)
2026-09-24 12:44:47,115 - RLController - INFO -   Example: junction E1 -> durations [26, 17, 30, 17] (total: 90s)
2026-09-24 12:44:47,115 - RLController - INFO -   Stored schedules for 34 junctions, cycle starts at step 270
2026-09-24 12:44:48,077 - RLController - INFO - DIAGNOSTIC Step 360 - Observation stats:
2026-09-24 12:44:48,077 - RLController - INFO -   Hash: -3945967605742192038, Min: 0.000000, Max: 1.000000, Mean: 0.354167, Std: 0.431747
2026-09-24 12:44:48,077 - RLController - INFO -   First 10: [1.  0.  0.  0.  0.  0.5 1.  0.  0.  0. ]
2026-09-24 12:44:48,077 - RLController - INFO -   Last 10: [0.         0.2        0.         0.08333334 0.2905983  0.0015337
 0.0298718  0.7122692  0.         0.3       ]
2026-09-24 12:44:48,081 - RLController - INFO - DIAGNOSTIC - Raw model action output:
2026-09-24 12:44:48,082 - RLController - INFO -   Action hash: 8643104625463372808
2026-09-24 12:44:48,082 - RLController - INFO -   First 8 values: [ -6.5965505 -10.        -10.        -10.        -10.        -10.
 -10.        -10.       ]
2026-09-24 12:44:48,082 - RLController - INFO -   Last 8 values: [-10.        -10.        -10.        -10.        -10.          1.1230428
 -10.        -10.       ]
2026-09-24 12:44:48,082 - RLController - INFO -   Action shape: (136,), min: -10.000000, max: 5.648956, mean: -9.213397
2026-09-24 12:44:48,082 - RLController - INFO -   B0 junction (indices 16-19) raw values: [ -9.290244 -10.       -10.       -10.      ]
2026-09-24 12:44:48,082 - RLController - INFO - Using CONTINUOUS DURATION-BASED mode
2026-09-24 12:44:48,083 - RLController - INFO -   Example: junction A0 -> durations [54, 12, 12, 12] (total: 90s)
2026-09-24 12:44:48,083 - RLController - INFO -   Example: junction A1 -> durations [24, 22, 22, 22] (total: 90s)
2026-09-24 12:44:48,083 - RLController - INFO -   Example: junction A2 -> durations [11, 11, 57, 11] (total: 90s)
2026-09-24 12:44:48,083 - RLController - INFO -   Example: junction A4 -> durations [60, 10, 10, 10] (total: 90s)
2026-09-24 12:44:48,083 - RLController - INFO -   Example: junction A5 -> durations [30, 20, 20, 20] (total: 90s)
2026-09-24 12:44:48,083 - RLController - INFO -   Example: junction B0 -> durations [24, 22, 22, 22] (total: 90s)
2026-09-24 12:44:48,083 - RLController - INFO -   Example: junction B1 -> durations [19, 33, 19, 19] (total: 90s)
2026-09-24 12:44:48,083 - RLController - INFO -   Example: junction B2 -> durations [24, 22, 22, 22] (total: 90s)
2026-09-24 12:44:48,084 - RLController - INFO -   Example: junction B4 -> durations [24, 22, 22, 22] (total: 90s)
2026-09-24 12:44:48,084 - RLController - INFO -   Example: junction B5 -> durations [60, 10, 10, 10] (total: 90s)
2026-09-24 12:44:48,084 - RLController - INFO -   Example: junction C0 -> durations [20, 20, 30, 20] (total: 90s)
2026-09-24 12:44:48,084 - RLController - INFO -   Example: junction C1 -> durations [24, 22, 22, 22] (total: 90s)
2026-09-24 12:44:48,084 - RLController - INFO -   Example: junction C2 -> durations [58, 12, 10, 10] (total: 90s)
2026-09-24 12:44:48,084 - RLController - INFO -   Example: junction C3 -> durations [60, 10, 10, 10] (total: 90s)
2026-09-24 12:44:48,084 - RLController - INFO -   Example: junction C4 -> durations [57, 11, 11, 11] (total: 90s)
2026-09-24 12:44:48,084 - RLController - INFO -   Example: junction C5 -> durations [57, 11, 11, 11] (total: 90s)
2026-09-24 12:44:48,084 - RLController - INFO -   Example: junction D0 -> durations [24, 22, 22, 22] (total: 90s)
2026-09-24 12:44:48,085 - RLController - INFO -   Example: junction D1 -> durations [18, 18, 36, 18] (total: 90s)
2026-09-24 12:44:48,085 - RLController - INFO -   Example: junction D2 -> durations [42, 16, 16, 16] (total: 90s)
2026-09-24 12:44:48,085 - RLController - INFO -   Example: junction D3 -> durations [24, 22, 22, 22] (total: 90s)
2026-09-24 12:44:48,085 - RLController - INFO -   Example: junction D4 -> durations [24, 22, 22, 22] (total: 90s)
2026-09-24 12:44:48,085 - RLController - INFO -   Example: junction D5 -> durations [12, 12, 54, 12] (total: 90s)
2026-09-24 12:44:48,085 - RLController - INFO -   Example: junction E0 -> durations [22, 22, 22, 24] (total: 90s)
2026-09-24 12:44:48,085 - RLController - INFO -   Example: junction E1 -> durations [21, 21, 27, 21] (total: 90s)
2026-09-24 12:44:48,086 - RLController - INFO -   Stored schedules for 34 junctions, cycle starts at step 360
2026-09-24 12:44:49,667 - RLController - INFO - DIAGNOSTIC Step 450 - Observation stats:
2026-09-24 12:44:49,668 - RLController - INFO -   Hash: 1488564511164009892, Min: 0.000000, Max: 1.000000, Mean: 0.359616, Std: 0.432878
2026-09-24 12:44:49,669 - RLController - INFO -   First 10: [1.  0.  0.  0.  0.  0.5 1.  0.  0.  0. ]
2026-09-24 12:44:49,669 - RLController - INFO -   Last 10: [0.         0.2        0.         0.08333334 0.29700854 0.0019828
 0.03299145 0.70763826 0.         0.3       ]
2026-09-24 12:44:49,672 - RLController - INFO - DIAGNOSTIC - Raw model action output:
2026-09-24 12:44:49,673 - RLController - INFO -   Action hash: 3340621670714684056
2026-09-24 12:44:49,673 - RLController - INFO -   First 8 values: [ -6.591703 -10.       -10.       -10.       -10.       -10.
 -10.       -10.      ]
2026-09-24 12:44:49,673 - RLController - INFO -   Last 8 values: [-10.        -10.        -10.        -10.        -10.          1.4464481
 -10.        -10.       ]
2026-09-24 12:44:49,673 - RLController - INFO -   Action shape: (136,), min: -10.000000, max: 5.218172, mean: -9.213134
2026-09-24 12:44:49,673 - RLController - INFO -   B0 junction (indices 16-19) raw values: [ -9.485816 -10.       -10.       -10.      ]
2026-09-24 12:44:49,674 - RLController - INFO - Using CONTINUOUS DURATION-BASED mode
2026-09-24 12:44:49,674 - RLController - INFO -   Example: junction A0 -> durations [54, 12, 12, 12] (total: 90s)
2026-09-24 12:44:49,674 - RLController - INFO -   Example: junction A1 -> durations [24, 22, 22, 22] (total: 90s)
2026-09-24 12:44:49,674 - RLController - INFO -   Example: junction A2 -> durations [10, 10, 60, 10] (total: 90s)
2026-09-24 12:44:49,674 - RLController - INFO -   Example: junction A4 -> durations [60, 10, 10, 10] (total: 90s)
2026-09-24 12:44:49,674 - RLController - INFO -   Example: junction A5 -> durations [27, 21, 21, 21] (total: 90s)
2026-09-24 12:44:49,674 - RLController - INFO -   Example: junction B0 -> durations [24, 22, 22, 22] (total: 90s)
2026-09-24 12:44:49,675 - RLController - INFO -   Example: junction B1 -> durations [19, 33, 19, 19] (total: 90s)
2026-09-24 12:44:49,675 - RLController - INFO -   Example: junction B2 -> durations [24, 22, 22, 22] (total: 90s)
2026-09-24 12:44:49,675 - RLController - INFO -   Example: junction B4 -> durations [24, 22, 22, 22] (total: 90s)
2026-09-24 12:44:49,675 - RLController - INFO -   Example: junction B5 -> durations [60, 10, 10, 10] (total: 90s)
2026-09-24 12:44:49,675 - RLController - INFO -   Example: junction C0 -> durations [20, 20, 30, 20] (total: 90s)
2026-09-24 12:44:49,675 - RLController - INFO -   Example: junction C1 -> durations [24, 22, 22, 22] (total: 90s)
2026-09-24 12:44:49,675 - RLController - INFO -   Example: junction C2 -> durations [57, 13, 10, 10] (total: 90s)
2026-09-24 12:44:49,675 - RLController - INFO -   Example: junction C3 -> durations [60, 10, 10, 10] (total: 90s)
2026-09-24 12:44:49,676 - RLController - INFO -   Example: junction C4 -> durations [57, 11, 11, 11] (total: 90s)
2026-09-24 12:44:49,676 - RLController - INFO -   Example: junction C5 -> durations [57, 11, 11, 11] (total: 90s)
2026-09-24 12:44:49,676 - RLController - INFO -   Example: junction D0 -> durations [24, 22, 22, 22] (total: 90s)
2026-09-24 12:44:49,676 - RLController - INFO -   Example: junction D1 -> durations [18, 18, 36, 18] (total: 90s)
2026-09-24 12:44:49,676 - RLController - INFO -   Example: junction D2 -> durations [42, 16, 16, 16] (total: 90s)
2026-09-24 12:44:49,676 - RLController - INFO -   Example: junction D3 -> durations [24, 22, 22, 22] (total: 90s)
2026-09-24 12:44:49,676 - RLController - INFO -   Example: junction D4 -> durations [24, 22, 22, 22] (total: 90s)
2026-09-24 12:44:49,677 - RLController - INFO -   Example: junction D5 -> durations [13, 13, 51, 13] (total: 90s)
2026-09-24 12:44:49,677 - RLController - INFO -   Example: junction E0 -> durations [24, 22, 22, 22] (total: 90s)
2026-09-24 12:44:49,677 - RLController - INFO -   Example: junction E1 -> durations [22, 22, 24, 22] (total: 90s)
2026-09-24 12:44:49,677 - RLController - INFO -   Stored schedules for 34 junctions, cycle starts at step 450
2026-09-24 12:44:51,278 - RLController - INFO - DIAGNOSTIC Step 540 - Observation stats:
2026-09-24 12:44:51,278 - RLController - INFO -   Hash: 7659575344345172913, Min: 0.000000, Max: 1.000000, Mean: 0.368003, Std: 0.434724
2026-09-24 12:44:51,278 - RLController - INFO -   First 10: [1.  0.  0.  0.  0.  0.5 1.  0.  0.  0. ]
2026-09-24 12:44:51,279 - RLController - INFO -   Last 10: [0.         0.2        0.         0.08333334 0.30769232 0.00165661
 0.03559829 0.6935375  0.         0.3       ]
2026-09-24 12:44:51,286 - RLController - INFO - DIAGNOSTIC - Raw model action output:
2026-09-24 12:44:51,286 - RLController - INFO -   Action hash: 8604448264210210907
2026-09-24 12:44:51,287 - RLController - INFO -   First 8 values: [ -6.873203 -10.       -10.       -10.       -10.       -10.
 -10.       -10.      ]
2026-09-24 12:44:51,287 - RLController - INFO -   Last 8 values: [-10.       -10.       -10.       -10.       -10.         0.643802
 -10.       -10.      ]
2026-09-24 12:44:51,287 - RLController - INFO -   Action shape: (136,), min: -10.000000, max: 5.384285, mean: -9.222044
2026-09-24 12:44:51,287 - RLController - INFO -   B0 junction (indices 16-19) raw values: [ -9.606927 -10.       -10.       -10.      ]
2026-09-24 12:44:51,287 - RLController - INFO - Using CONTINUOUS DURATION-BASED mode
2026-09-24 12:44:51,288 - RLController - INFO -   Example: junction A0 -> durations [54, 12, 12, 12] (total: 90s)
2026-09-24 12:44:51,288 - RLController - INFO -   Example: junction A1 -> durations [24, 22, 22, 22] (total: 90s)
2026-09-24 12:44:51,288 - RLController - INFO -   Example: junction A2 -> durations [11, 11, 57, 11] (total: 90s)
2026-09-24 12:44:51,288 - RLController - INFO -   Example: junction A4 -> durations [60, 10, 10, 10] (total: 90s)
2026-09-24 12:44:51,288 - RLController - INFO -   Example: junction A5 -> durations [27, 21, 21, 21] (total: 90s)
2026-09-24 12:44:51,288 - RLController - INFO -   Example: junction B0 -> durations [24, 22, 22, 22] (total: 90s)
2026-09-24 12:44:51,288 - RLController - INFO -   Example: junction B1 -> durations [20, 30, 20, 20] (total: 90s)
2026-09-24 12:44:51,288 - RLController - INFO -   Example: junction B2 -> durations [24, 22, 22, 22] (total: 90s)
2026-09-24 12:44:51,289 - RLController - INFO -   Example: junction B4 -> durations [24, 22, 22, 22] (total: 90s)
2026-09-24 12:44:51,289 - RLController - INFO -   Example: junction B5 -> durations [60, 10, 10, 10] (total: 90s)
2026-09-24 12:44:51,289 - RLController - INFO -   Example: junction C0 -> durations [20, 20, 30, 20] (total: 90s)
2026-09-24 12:44:51,289 - RLController - INFO -   Example: junction C1 -> durations [24, 22, 22, 22] (total: 90s)
2026-09-24 12:44:51,289 - RLController - INFO -   Example: junction C2 -> durations [57, 13, 10, 10] (total: 90s)
2026-09-24 12:44:51,289 - RLController - INFO -   Example: junction C3 -> durations [60, 10, 10, 10] (total: 90s)
2026-09-24 12:44:51,289 - RLController - INFO -   Example: junction C4 -> durations [57, 11, 11, 11] (total: 90s)
2026-09-24 12:44:51,289 - RLController - INFO -   Example: junction C5 -> durations [57, 11, 11, 11] (total: 90s)
2026-09-24 12:44:51,290 - RLController - INFO -   Example: junction D0 -> durations [24, 22, 22, 22] (total: 90s)
2026-09-24 12:44:51,290 - RLController - INFO -   Example: junction D1 -> durations [18, 18, 36, 18] (total: 90s)
2026-09-24 12:44:51,290 - RLController - INFO -   Example: junction D2 -> durations [45, 15, 15, 15] (total: 90s)
2026-09-24 12:44:51,290 - RLController - INFO -   Example: junction D3 -> durations [24, 22, 22, 22] (total: 90s)
2026-09-24 12:44:51,290 - RLController - INFO -   Example: junction D4 -> durations [24, 22, 22, 22] (total: 90s)
2026-09-24 12:44:51,290 - RLController - INFO -   Example: junction D5 -> durations [13, 13, 51, 13] (total: 90s)
2026-09-24 12:44:51,290 - RLController - INFO -   Example: junction E0 -> durations [24, 22, 22, 22] (total: 90s)
2026-09-24 12:44:51,291 - RLController - INFO -   Example: junction E1 -> durations [24, 22, 22, 22] (total: 90s)
2026-09-24 12:44:51,291 - RLController - INFO -   Stored schedules for 34 junctions, cycle starts at step 540
2026-09-24 12:44:53,094 - RLController - INFO - DIAGNOSTIC Step 630 - Observation stats:
2026-09-24 12:44:53,095 - RLController - INFO -   Hash: 3129491677094324356, Min: 0.000000, Max: 1.000000, Mean: 0.372105, Std: 0.437132
2026-09-24 12:44:53,095 - RLController - INFO -   First 10: [1.  0.  0.  0.  0.  0.5 1.  0.  0.  0. ]
2026-09-24 12:44:53,096 - RLController - INFO -   Last 10: [0.         0.2        0.         0.08333334 0.32692307 0.00199737
 0.03923077 0.6790114  0.         0.3       ]
2026-09-24 12:44:53,099 - RLController - INFO - DIAGNOSTIC - Raw model action output:
2026-09-24 12:44:53,099 - RLController - INFO -   Action hash: 8715998346211111143
2026-09-24 12:44:53,100 - RLController - INFO -   First 8 values: [ -7.0216737 -10.        -10.        -10.        -10.        -10.
 -10.        -10.       ]
2026-09-24 12:44:53,100 - RLController - INFO -   Last 8 values: [-10.        -10.        -10.        -10.        -10.         -0.5555667
 -10.        -10.       ]
2026-09-24 12:44:53,100 - RLController - INFO -   Action shape: (136,), min: -10.000000, max: 5.231109, mean: -9.228719
2026-09-24 12:44:53,100 - RLController - INFO -   B0 junction (indices 16-19) raw values: [ -9.458291 -10.       -10.       -10.      ]
2026-09-24 12:44:53,101 - RLController - INFO - Using CONTINUOUS DURATION-BASED mode
2026-09-24 12:44:53,101 - RLController - INFO -   Example: junction A0 -> durations [54, 12, 12, 12] (total: 90s)
2026-09-24 12:44:53,101 - RLController - INFO -   Example: junction A1 -> durations [24, 22, 22, 22] (total: 90s)
2026-09-24 12:44:53,101 - RLController - INFO -   Example: junction A2 -> durations [11, 11, 57, 11] (total: 90s)
2026-09-24 12:44:53,101 - RLController - INFO -   Example: junction A4 -> durations [60, 10, 10, 10] (total: 90s)
2026-09-24 12:44:53,101 - RLController - INFO -   Example: junction A5 -> durations [27, 21, 21, 21] (total: 90s)
2026-09-24 12:44:53,101 - RLController - INFO -   Example: junction B0 -> durations [24, 22, 22, 22] (total: 90s)
2026-09-24 12:44:53,102 - RLController - INFO -   Example: junction B1 -> durations [20, 30, 20, 20] (total: 90s)
2026-09-24 12:44:53,102 - RLController - INFO -   Example: junction B2 -> durations [24, 22, 22, 22] (total: 90s)
2026-09-24 12:44:53,102 - RLController - INFO -   Example: junction B4 -> durations [24, 22, 22, 22] (total: 90s)
2026-09-24 12:44:53,102 - RLController - INFO -   Example: junction B5 -> durations [60, 10, 10, 10] (total: 90s)
2026-09-24 12:44:53,102 - RLController - INFO -   Example: junction C0 -> durations [20, 20, 30, 20] (total: 90s)
2026-09-24 12:44:53,102 - RLController - INFO -   Example: junction C1 -> durations [24, 22, 22, 22] (total: 90s)
2026-09-24 12:44:53,102 - RLController - INFO -   Example: junction C2 -> durations [59, 11, 10, 10] (total: 90s)
2026-09-24 12:44:53,103 - RLController - INFO -   Example: junction C3 -> durations [60, 10, 10, 10] (total: 90s)
2026-09-24 12:44:53,103 - RLController - INFO -   Example: junction C4 -> durations [60, 10, 10, 10] (total: 90s)
2026-09-24 12:44:53,103 - RLController - INFO -   Example: junction C5 -> durations [57, 11, 11, 11] (total: 90s)
2026-09-24 12:44:53,103 - RLController - INFO -   Example: junction D0 -> durations [24, 22, 22, 22] (total: 90s)
2026-09-24 12:44:53,103 - RLController - INFO -   Example: junction D1 -> durations [18, 18, 36, 18] (total: 90s)
2026-09-24 12:44:53,103 - RLController - INFO -   Example: junction D2 -> durations [45, 15, 15, 15] (total: 90s)
2026-09-24 12:44:53,103 - RLController - INFO -   Example: junction D3 -> durations [24, 22, 22, 22] (total: 90s)
2026-09-24 12:44:53,104 - RLController - INFO -   Example: junction D4 -> durations [24, 22, 22, 22] (total: 90s)
2026-09-24 12:44:53,104 - RLController - INFO -   Example: junction D5 -> durations [13, 13, 51, 13] (total: 90s)
2026-09-24 12:44:53,104 - RLController - INFO -   Example: junction E0 -> durations [24, 22, 22, 22] (total: 90s)
2026-09-24 12:44:53,104 - RLController - INFO -   Example: junction E1 -> durations [24, 22, 22, 22] (total: 90s)
2026-09-24 12:44:53,105 - RLController - INFO -   Stored schedules for 34 junctions, cycle starts at step 630
2026-09-24 12:44:55,082 - RLController - INFO - DIAGNOSTIC Step 720 - Observation stats:
2026-09-24 12:44:55,082 - RLController - INFO -   Hash: -3028455742675938232, Min: 0.000000, Max: 1.000000, Mean: 0.368296, Std: 0.435759
2026-09-24 12:44:55,083 - RLController - INFO -   First 10: [1.  0.  0.  0.  0.  0.5 1.  0.  0.  0. ]
2026-09-24 12:44:55,083 - RLController - INFO -   Last 10: [0.         0.2        0.         0.08333334 0.32264957 0.0021804
 0.04008547 0.6819907  0.         0.3       ]
2026-09-24 12:44:55,089 - RLController - INFO - DIAGNOSTIC - Raw model action output:
2026-09-24 12:44:55,089 - RLController - INFO -   Action hash: 4023348025124301482
2026-09-24 12:44:55,089 - RLController - INFO -   First 8 values: [ -6.8204923 -10.        -10.        -10.        -10.        -10.
 -10.        -10.       ]
2026-09-24 12:44:55,090 - RLController - INFO -   Last 8 values: [-10.         -10.         -10.         -10.         -10.
   0.15319233 -10.         -10.        ]
2026-09-24 12:44:55,090 - RLController - INFO -   Action shape: (136,), min: -10.000000, max: 5.373801, mean: -9.214912
2026-09-24 12:44:55,090 - RLController - INFO -   B0 junction (indices 16-19) raw values: [ -9.690586 -10.       -10.       -10.      ]
2026-09-24 12:44:55,091 - RLController - INFO - Using CONTINUOUS DURATION-BASED mode
2026-09-24 12:44:55,091 - RLController - INFO -   Example: junction A0 -> durations [54, 12, 12, 12] (total: 90s)
2026-09-24 12:44:55,091 - RLController - INFO -   Example: junction A1 -> durations [24, 22, 22, 22] (total: 90s)
2026-09-24 12:44:55,091 - RLController - INFO -   Example: junction A2 -> durations [11, 11, 57, 11] (total: 90s)
2026-09-24 12:44:55,091 - RLController - INFO -   Example: junction A4 -> durations [60, 10, 10, 10] (total: 90s)
2026-09-24 12:44:55,092 - RLController - INFO -   Example: junction A5 -> durations [27, 21, 21, 21] (total: 90s)
2026-09-24 12:44:55,092 - RLController - INFO -   Example: junction B0 -> durations [24, 22, 22, 22] (total: 90s)
2026-09-24 12:44:55,092 - RLController - INFO -   Example: junction B1 -> durations [20, 30, 20, 20] (total: 90s)
2026-09-24 12:44:55,092 - RLController - INFO -   Example: junction B2 -> durations [24, 22, 22, 22] (total: 90s)
2026-09-24 12:44:55,092 - RLController - INFO -   Example: junction B4 -> durations [24, 22, 22, 22] (total: 90s)
2026-09-24 12:44:55,093 - RLController - INFO -   Example: junction B5 -> durations [60, 10, 10, 10] (total: 90s)
2026-09-24 12:44:55,093 - RLController - INFO -   Example: junction C0 -> durations [19, 19, 33, 19] (total: 90s)
2026-09-24 12:44:55,093 - RLController - INFO -   Example: junction C1 -> durations [24, 22, 22, 22] (total: 90s)
2026-09-24 12:44:55,093 - RLController - INFO -   Example: junction C2 -> durations [58, 12, 10, 10] (total: 90s)
2026-09-24 12:44:55,093 - RLController - INFO -   Example: junction C3 -> durations [59, 11, 10, 10] (total: 90s)
2026-09-24 12:44:55,094 - RLController - INFO -   Example: junction C4 -> durations [57, 11, 11, 11] (total: 90s)
2026-09-24 12:44:55,094 - RLController - INFO -   Example: junction C5 -> durations [57, 11, 11, 11] (total: 90s)
2026-09-24 12:44:55,094 - RLController - INFO -   Example: junction D0 -> durations [24, 22, 22, 22] (total: 90s)
2026-09-24 12:44:55,094 - RLController - INFO -   Example: junction D1 -> durations [18, 18, 36, 18] (total: 90s)
2026-09-24 12:44:55,094 - RLController - INFO -   Example: junction D2 -> durations [45, 15, 15, 15] (total: 90s)
2026-09-24 12:44:55,095 - RLController - INFO -   Example: junction D3 -> durations [24, 22, 22, 22] (total: 90s)
2026-09-24 12:44:55,095 - RLController - INFO -   Example: junction D4 -> durations [24, 22, 22, 22] (total: 90s)
2026-09-24 12:44:55,095 - RLController - INFO -   Example: junction D5 -> durations [12, 12, 54, 12] (total: 90s)
2026-09-24 12:44:55,095 - RLController - INFO -   Example: junction E0 -> durations [24, 22, 22, 22] (total: 90s)
2026-09-24 12:44:55,095 - RLController - INFO -   Example: junction E1 -> durations [22, 22, 24, 22] (total: 90s)
2026-09-24 12:44:55,096 - RLController - INFO -   Stored schedules for 34 junctions, cycle starts at step 720
2026-09-24 12:44:57,084 - RLController - INFO - DIAGNOSTIC Step 810 - Observation stats:
2026-09-24 12:44:57,084 - RLController - INFO -   Hash: -5023489852225091984, Min: 0.000000, Max: 1.000000, Mean: 0.371653, Std: 0.438388
2026-09-24 12:44:57,085 - RLController - INFO -   First 10: [1.  0.  0.  0.  0.  0.5 1.  0.  0.  0. ]
2026-09-24 12:44:57,085 - RLController - INFO -   Last 10: [0.         0.2        0.         0.08333334 0.34188035 0.00216312
 0.04175214 0.66698    0.         0.3       ]
2026-09-24 12:44:57,089 - RLController - INFO - DIAGNOSTIC - Raw model action output:
2026-09-24 12:44:57,089 - RLController - INFO -   Action hash: 1287240056072659798
2026-09-24 12:44:57,090 - RLController - INFO -   First 8 values: [ -6.742845 -10.       -10.       -10.       -10.       -10.
 -10.       -10.      ]
2026-09-24 12:44:57,090 - RLController - INFO -   Last 8 values: [-10.        -10.        -10.        -10.        -10.          1.0967832
 -10.        -10.       ]
2026-09-24 12:44:57,090 - RLController - INFO -   Action shape: (136,), min: -10.000000, max: 5.682742, mean: -9.223938
2026-09-24 12:44:57,090 - RLController - INFO -   B0 junction (indices 16-19) raw values: [ -9.953757 -10.       -10.       -10.      ]
2026-09-24 12:44:57,090 - RLController - INFO - Using CONTINUOUS DURATION-BASED mode
2026-09-24 12:44:57,091 - RLController - INFO -   Example: junction A0 -> durations [54, 12, 12, 12] (total: 90s)
2026-09-24 12:44:57,091 - RLController - INFO -   Example: junction A1 -> durations [24, 22, 22, 22] (total: 90s)
2026-09-24 12:44:57,091 - RLController - INFO -   Example: junction A2 -> durations [11, 11, 57, 11] (total: 90s)
2026-09-24 12:44:57,091 - RLController - INFO -   Example: junction A4 -> durations [60, 10, 10, 10] (total: 90s)
2026-09-24 12:44:57,091 - RLController - INFO -   Example: junction A5 -> durations [24, 22, 22, 22] (total: 90s)
2026-09-24 12:44:57,091 - RLController - INFO -   Example: junction B0 -> durations [24, 22, 22, 22] (total: 90s)
2026-09-24 12:44:57,091 - RLController - INFO -   Example: junction B1 -> durations [20, 30, 20, 20] (total: 90s)
2026-09-24 12:44:57,092 - RLController - INFO -   Example: junction B2 -> durations [24, 22, 22, 22] (total: 90s)
2026-09-24 12:44:57,092 - RLController - INFO -   Example: junction B4 -> durations [24, 22, 22, 22] (total: 90s)
2026-09-24 12:44:57,092 - RLController - INFO -   Example: junction B5 -> durations [60, 10, 10, 10] (total: 90s)
2026-09-24 12:44:57,092 - RLController - INFO -   Example: junction C0 -> durations [21, 21, 27, 21] (total: 90s)
2026-09-24 12:44:57,092 - RLController - INFO -   Example: junction C1 -> durations [24, 22, 22, 22] (total: 90s)
2026-09-24 12:44:57,092 - RLController - INFO -   Example: junction C2 -> durations [57, 13, 10, 10] (total: 90s)
2026-09-24 12:44:57,092 - RLController - INFO -   Example: junction C3 -> durations [60, 10, 10, 10] (total: 90s)
2026-09-24 12:44:57,093 - RLController - INFO -   Example: junction C4 -> durations [57, 11, 11, 11] (total: 90s)
2026-09-24 12:44:57,093 - RLController - INFO -   Example: junction C5 -> durations [57, 11, 11, 11] (total: 90s)
2026-09-24 12:44:57,093 - RLController - INFO -   Example: junction D0 -> durations [24, 22, 22, 22] (total: 90s)
2026-09-24 12:44:57,093 - RLController - INFO -   Example: junction D1 -> durations [19, 19, 33, 19] (total: 90s)
2026-09-24 12:44:57,093 - RLController - INFO -   Example: junction D2 -> durations [45, 15, 15, 15] (total: 90s)
2026-09-24 12:44:57,093 - RLController - INFO -   Example: junction D3 -> durations [24, 22, 22, 22] (total: 90s)
2026-09-24 12:44:57,093 - RLController - INFO -   Example: junction D4 -> durations [24, 22, 22, 22] (total: 90s)
2026-09-24 12:44:57,094 - RLController - INFO -   Example: junction D5 -> durations [12, 12, 54, 12] (total: 90s)
2026-09-24 12:44:57,094 - RLController - INFO -   Example: junction E0 -> durations [24, 22, 22, 22] (total: 90s)
2026-09-24 12:44:57,094 - RLController - INFO -   Example: junction E1 -> durations [22, 22, 24, 22] (total: 90s)
2026-09-24 12:44:57,095 - RLController - INFO -   Stored schedules for 34 junctions, cycle starts at step 810
2026-09-24 12:44:59,054 - RLController - INFO - DIAGNOSTIC Step 900 - Observation stats:
2026-09-24 12:44:59,054 - RLController - INFO -   Hash: -8215342710282865191, Min: 0.000000, Max: 1.000000, Mean: 0.378127, Std: 0.440845
2026-09-24 12:44:59,054 - RLController - INFO -   First 10: [1.  0.  0.  0.  0.  0.5 1.  0.  0.  0. ]
2026-09-24 12:44:59,055 - RLController - INFO -   Last 10: [0.         0.2        0.         0.08333334 0.3525641  0.00235056
 0.04346154 0.65629447 0.         0.3       ]
2026-09-24 12:44:59,058 - RLController - INFO - DIAGNOSTIC - Raw model action output:
2026-09-24 12:44:59,058 - RLController - INFO -   Action hash: -3048787549059932474
2026-09-24 12:44:59,059 - RLController - INFO -   First 8 values: [ -6.9179893 -10.        -10.        -10.        -10.        -10.
 -10.        -10.       ]
2026-09-24 12:44:59,059 - RLController - INFO -   Last 8 values: [-10.        -10.        -10.        -10.        -10.          0.2909644
 -10.        -10.       ]
2026-09-24 12:44:59,059 - RLController - INFO -   Action shape: (136,), min: -10.000000, max: 5.624806, mean: -9.231651
2026-09-24 12:44:59,060 - RLController - INFO -   B0 junction (indices 16-19) raw values: [ -9.680571 -10.       -10.       -10.      ]
2026-09-24 12:44:59,060 - RLController - INFO - Using CONTINUOUS DURATION-BASED mode
2026-09-24 12:44:59,060 - RLController - INFO -   Example: junction A0 -> durations [54, 12, 12, 12] (total: 90s)
2026-09-24 12:44:59,060 - RLController - INFO -   Example: junction A1 -> durations [24, 22, 22, 22] (total: 90s)
2026-09-24 12:44:59,060 - RLController - INFO -   Example: junction A2 -> durations [11, 11, 57, 11] (total: 90s)
2026-09-24 12:44:59,060 - RLController - INFO -   Example: junction A4 -> durations [60, 10, 10, 10] (total: 90s)
2026-09-24 12:44:59,060 - RLController - INFO -   Example: junction A5 -> durations [27, 21, 21, 21] (total: 90s)
2026-09-24 12:44:59,061 - RLController - INFO -   Example: junction B0 -> durations [24, 22, 22, 22] (total: 90s)
2026-09-24 12:44:59,061 - RLController - INFO -   Example: junction B1 -> durations [19, 33, 19, 19] (total: 90s)
2026-09-24 12:44:59,061 - RLController - INFO -   Example: junction B2 -> durations [24, 22, 22, 22] (total: 90s)
2026-09-24 12:44:59,061 - RLController - INFO -   Example: junction B4 -> durations [24, 22, 22, 22] (total: 90s)
2026-09-24 12:44:59,061 - RLController - INFO -   Example: junction B5 -> durations [60, 10, 10, 10] (total: 90s)
2026-09-24 12:44:59,061 - RLController - INFO -   Example: junction C0 -> durations [21, 21, 27, 21] (total: 90s)
2026-09-24 12:44:59,062 - RLController - INFO -   Example: junction C1 -> durations [24, 22, 22, 22] (total: 90s)
2026-09-24 12:44:59,062 - RLController - INFO -   Example: junction C2 -> durations [58, 12, 10, 10] (total: 90s)
2026-09-24 12:44:59,062 - RLController - INFO -   Example: junction C3 -> durations [60, 10, 10, 10] (total: 90s)
2026-09-24 12:44:59,062 - RLController - INFO -   Example: junction C4 -> durations [57, 11, 11, 11] (total: 90s)
2026-09-24 12:44:59,062 - RLController - INFO -   Example: junction C5 -> durations [57, 11, 11, 11] (total: 90s)
2026-09-24 12:44:59,062 - RLController - INFO -   Example: junction D0 -> durations [24, 22, 22, 22] (total: 90s)
2026-09-24 12:44:59,063 - RLController - INFO -   Example: junction D1 -> durations [19, 19, 33, 19] (total: 90s)
2026-09-24 12:44:59,063 - RLController - INFO -   Example: junction D2 -> durations [45, 15, 15, 15] (total: 90s)
2026-09-24 12:44:59,063 - RLController - INFO -   Example: junction D3 -> durations [24, 22, 22, 22] (total: 90s)
2026-09-24 12:44:59,063 - RLController - INFO -   Example: junction D4 -> durations [24, 22, 22, 22] (total: 90s)
2026-09-24 12:44:59,063 - RLController - INFO -   Example: junction D5 -> durations [12, 12, 54, 12] (total: 90s)
2026-09-24 12:44:59,063 - RLController - INFO -   Example: junction E0 -> durations [24, 22, 22, 22] (total: 90s)
2026-09-24 12:44:59,063 - RLController - INFO -   Example: junction E1 -> durations [22, 22, 24, 22] (total: 90s)
2026-09-24 12:44:59,065 - RLController - INFO -   Stored schedules for 34 junctions, cycle starts at step 900
2026-09-24 12:45:00,938 - RLController - INFO - DIAGNOSTIC Step 990 - Observation stats:
2026-09-24 12:45:00,939 - RLController - INFO -   Hash: 6467749061580092431, Min: 0.000000, Max: 1.000000, Mean: 0.376632, Std: 0.439482
2026-09-24 12:45:00,939 - RLController - INFO -   First 10: [1.         0.         0.         0.         0.         0.5
 0.         1.         0.99333334 1.        ]
2026-09-24 12:45:00,939 - RLController - INFO -   Last 10: [0.         0.2        0.         0.08333334 0.33119658 0.00226637
 0.04517094 0.67403245 0.         0.3       ]
2026-09-24 12:45:00,944 - RLController - INFO - DIAGNOSTIC - Raw model action output:
2026-09-24 12:45:00,944 - RLController - INFO -   Action hash: -7644120569733023538
2026-09-24 12:45:00,944 - RLController - INFO -   First 8 values: [ -6.9565806 -10.        -10.        -10.        -10.        -10.
 -10.        -10.       ]
2026-09-24 12:45:00,944 - RLController - INFO -   Last 8 values: [-10.        -10.        -10.        -10.        -10.         -0.2875454
 -10.        -10.       ]
2026-09-24 12:45:00,945 - RLController - INFO -   Action shape: (136,), min: -10.000000, max: 4.579614, mean: -9.249994
2026-09-24 12:45:00,945 - RLController - INFO -   B0 junction (indices 16-19) raw values: [ -9.63954 -10.      -10.      -10.     ]
2026-09-24 12:45:00,945 - RLController - INFO - Using CONTINUOUS DURATION-BASED mode
2026-09-24 12:45:00,945 - RLController - INFO -   Example: junction A0 -> durations [54, 12, 12, 12] (total: 90s)
2026-09-24 12:45:00,945 - RLController - INFO -   Example: junction A1 -> durations [24, 22, 22, 22] (total: 90s)
2026-09-24 12:45:00,945 - RLController - INFO -   Example: junction A2 -> durations [11, 11, 57, 11] (total: 90s)
2026-09-24 12:45:00,946 - RLController - INFO -   Example: junction A4 -> durations [60, 10, 10, 10] (total: 90s)
2026-09-24 12:45:00,946 - RLController - INFO -   Example: junction A5 -> durations [27, 21, 21, 21] (total: 90s)
2026-09-24 12:45:00,946 - RLController - INFO -   Example: junction B0 -> durations [24, 22, 22, 22] (total: 90s)
2026-09-24 12:45:00,946 - RLController - INFO -   Example: junction B1 -> durations [21, 27, 21, 21] (total: 90s)
2026-09-24 12:45:00,946 - RLController - INFO -   Example: junction B2 -> durations [24, 22, 22, 22] (total: 90s)
2026-09-24 12:45:00,946 - RLController - INFO -   Example: junction B4 -> durations [24, 22, 22, 22] (total: 90s)
2026-09-24 12:45:00,946 - RLController - INFO -   Example: junction B5 -> durations [60, 10, 10, 10] (total: 90s)
2026-09-24 12:45:00,946 - RLController - INFO -   Example: junction C0 -> durations [21, 21, 27, 21] (total: 90s)
2026-09-24 12:45:00,947 - RLController - INFO -   Example: junction C1 -> durations [24, 22, 22, 22] (total: 90s)
2026-09-24 12:45:00,947 - RLController - INFO -   Example: junction C2 -> durations [58, 12, 10, 10] (total: 90s)
2026-09-24 12:45:00,947 - RLController - INFO -   Example: junction C3 -> durations [60, 10, 10, 10] (total: 90s)
2026-09-24 12:45:00,947 - RLController - INFO -   Example: junction C4 -> durations [57, 11, 11, 11] (total: 90s)
2026-09-24 12:45:00,947 - RLController - INFO -   Example: junction C5 -> durations [57, 11, 11, 11] (total: 90s)
2026-09-24 12:45:00,947 - RLController - INFO -   Example: junction D0 -> durations [24, 22, 22, 22] (total: 90s)
2026-09-24 12:45:00,947 - RLController - INFO -   Example: junction D1 -> durations [19, 19, 33, 19] (total: 90s)
2026-09-24 12:45:00,948 - RLController - INFO -   Example: junction D2 -> durations [45, 15, 15, 15] (total: 90s)
2026-09-24 12:45:00,948 - RLController - INFO -   Example: junction D3 -> durations [24, 22, 22, 22] (total: 90s)
2026-09-24 12:45:00,948 - RLController - INFO -   Example: junction D4 -> durations [24, 22, 22, 22] (total: 90s)
2026-09-24 12:45:00,948 - RLController - INFO -   Example: junction D5 -> durations [13, 13, 51, 13] (total: 90s)
2026-09-24 12:45:00,948 - RLController - INFO -   Example: junction E0 -> durations [24, 22, 22, 22] (total: 90s)
2026-09-24 12:45:00,948 - RLController - INFO -   Example: junction E1 -> durations [24, 22, 22, 22] (total: 90s)
2026-09-24 12:45:00,949 - RLController - INFO -   Stored schedules for 34 junctions, cycle starts at step 990
2026-09-24 12:45:03,185 - RLController - INFO - DIAGNOSTIC Step 1080 - Observation stats:
2026-09-24 12:45:03,185 - RLController - INFO -   Hash: 3562921771356543579, Min: 0.000000, Max: 1.000000, Mean: 0.384453, Std: 0.442213
2026-09-24 12:45:03,186 - RLController - INFO -   First 10: [1.  0.  0.  0.  0.  0.5 1.  0.  0.  0. ]
2026-09-24 12:45:03,186 - RLController - INFO -   Last 10: [0.         0.2        0.         0.08333334 0.3568376  0.00182536
 0.04735043 0.6437956  0.         0.3       ]
2026-09-24 12:45:03,194 - RLController - INFO - DIAGNOSTIC - Raw model action output:
2026-09-24 12:45:03,195 - RLController - INFO -   Action hash: -6865836096608822216
2026-09-24 12:45:03,195 - RLController - INFO -   First 8 values: [ -7.116078 -10.       -10.       -10.       -10.       -10.
 -10.       -10.      ]
2026-09-24 12:45:03,195 - RLController - INFO -   Last 8 values: [-10.        -10.        -10.        -10.        -10.         -0.9624228
 -10.        -10.       ]
2026-09-24 12:45:03,195 - RLController - INFO -   Action shape: (136,), min: -10.000000, max: 5.178813, mean: -9.217259
2026-09-24 12:45:03,196 - RLController - INFO -   B0 junction (indices 16-19) raw values: [ -9.6439085 -10.        -10.        -10.       ]
2026-09-24 12:45:03,196 - RLController - INFO - Using CONTINUOUS DURATION-BASED mode
2026-09-24 12:45:03,196 - RLController - INFO -   Example: junction A0 -> durations [54, 12, 12, 12] (total: 90s)
2026-09-24 12:45:03,196 - RLController - INFO -   Example: junction A1 -> durations [24, 22, 22, 22] (total: 90s)
2026-09-24 12:45:03,197 - RLController - INFO -   Example: junction A2 -> durations [11, 11, 57, 11] (total: 90s)
2026-09-24 12:45:03,197 - RLController - INFO -   Example: junction A4 -> durations [60, 10, 10, 10] (total: 90s)
2026-09-24 12:45:03,197 - RLController - INFO -   Example: junction A5 -> durations [27, 21, 21, 21] (total: 90s)
2026-09-24 12:45:03,197 - RLController - INFO -   Example: junction B0 -> durations [24, 22, 22, 22] (total: 90s)
2026-09-24 12:45:03,197 - RLController - INFO -   Example: junction B1 -> durations [20, 30, 20, 20] (total: 90s)
2026-09-24 12:45:03,198 - RLController - INFO -   Example: junction B2 -> durations [24, 22, 22, 22] (total: 90s)
2026-09-24 12:45:03,198 - RLController - INFO -   Example: junction B4 -> durations [24, 22, 22, 22] (total: 90s)
2026-09-24 12:45:03,198 - RLController - INFO -   Example: junction B5 -> durations [60, 10, 10, 10] (total: 90s)
2026-09-24 12:45:03,198 - RLController - INFO -   Example: junction C0 -> durations [21, 21, 27, 21] (total: 90s)
2026-09-24 12:45:03,199 - RLController - INFO -   Example: junction C1 -> durations [24, 22, 22, 22] (total: 90s)
2026-09-24 12:45:03,199 - RLController - INFO -   Example: junction C2 -> durations [58, 12, 10, 10] (total: 90s)
2026-09-24 12:45:03,199 - RLController - INFO -   Example: junction C3 -> durations [60, 10, 10, 10] (total: 90s)
2026-09-24 12:45:03,199 - RLController - INFO -   Example: junction C4 -> durations [60, 10, 10, 10] (total: 90s)
2026-09-24 12:45:03,199 - RLController - INFO -   Example: junction C5 -> durations [57, 11, 11, 11] (total: 90s)
2026-09-24 12:45:03,199 - RLController - INFO -   Example: junction D0 -> durations [24, 22, 22, 22] (total: 90s)
2026-09-24 12:45:03,199 - RLController - INFO -   Example: junction D1 -> durations [19, 19, 33, 19] (total: 90s)
2026-09-24 12:45:03,200 - RLController - INFO -   Example: junction D2 -> durations [48, 14, 14, 14] (total: 90s)
2026-09-24 12:45:03,200 - RLController - INFO -   Example: junction D3 -> durations [24, 22, 22, 22] (total: 90s)
2026-09-24 12:45:03,200 - RLController - INFO -   Example: junction D4 -> durations [24, 22, 22, 22] (total: 90s)
2026-09-24 12:45:03,200 - RLController - INFO -   Example: junction D5 -> durations [13, 13, 51, 13] (total: 90s)
2026-09-24 12:45:03,200 - RLController - INFO -   Example: junction E0 -> durations [24, 22, 22, 22] (total: 90s)
2026-09-24 12:45:03,200 - RLController - INFO -   Example: junction E1 -> durations [24, 22, 22, 22] (total: 90s)
2026-09-24 12:45:03,201 - RLController - INFO -   Stored schedules for 34 junctions, cycle starts at step 1080
2026-09-24 12:45:05,359 - RLController - INFO - DIAGNOSTIC Step 1170 - Observation stats:
2026-09-24 12:45:05,359 - RLController - INFO -   Hash: 1291108935056211727, Min: 0.000000, Max: 1.000000, Mean: 0.383075, Std: 0.441737
2026-09-24 12:45:05,359 - RLController - INFO -   First 10: [1.  0.  0.  0.  0.  0.5 1.  0.  0.  0. ]
2026-09-24 12:45:05,360 - RLController - INFO -   Last 10: [0.         0.2        0.         0.08333334 0.3696581  0.00289914
 0.0491453  0.64265376 0.         0.3       ]
2026-09-24 12:45:05,364 - RLController - INFO - DIAGNOSTIC - Raw model action output:
2026-09-24 12:45:05,364 - RLController - INFO -   Action hash: 6759690367919246586
2026-09-24 12:45:05,365 - RLController - INFO -   First 8 values: [ -7.209398 -10.       -10.       -10.       -10.       -10.
 -10.       -10.      ]
2026-09-24 12:45:05,365 - RLController - INFO -   Last 8 values: [-10.         -10.         -10.         -10.         -10.
   0.03114299 -10.         -10.        ]
2026-09-24 12:45:05,365 - RLController - INFO -   Action shape: (136,), min: -10.000000, max: 5.187868, mean: -9.199196
2026-09-24 12:45:05,365 - RLController - INFO -   B0 junction (indices 16-19) raw values: [ -9.428939 -10.       -10.       -10.      ]
2026-09-24 12:45:05,365 - RLController - INFO - Using CONTINUOUS DURATION-BASED mode
2026-09-24 12:45:05,365 - RLController - INFO -   Example: junction A0 -> durations [51, 13, 13, 13] (total: 90s)
2026-09-24 12:45:05,366 - RLController - INFO -   Example: junction A1 -> durations [24, 22, 22, 22] (total: 90s)
2026-09-24 12:45:05,366 - RLController - INFO -   Example: junction A2 -> durations [11, 11, 57, 11] (total: 90s)
2026-09-24 12:45:05,366 - RLController - INFO -   Example: junction A4 -> durations [60, 10, 10, 10] (total: 90s)
2026-09-24 12:45:05,366 - RLController - INFO -   Example: junction A5 -> durations [30, 20, 20, 20] (total: 90s)
2026-09-24 12:45:05,366 - RLController - INFO -   Example: junction B0 -> durations [24, 22, 22, 22] (total: 90s)
2026-09-24 12:45:05,366 - RLController - INFO -   Example: junction B1 -> durations [20, 30, 20, 20] (total: 90s)
2026-09-24 12:45:05,366 - RLController - INFO -   Example: junction B2 -> durations [24, 22, 22, 22] (total: 90s)
2026-09-24 12:45:05,367 - RLController - INFO -   Example: junction B4 -> durations [24, 22, 22, 22] (total: 90s)
2026-09-24 12:45:05,367 - RLController - INFO -   Example: junction B5 -> durations [60, 10, 10, 10] (total: 90s)
2026-09-24 12:45:05,367 - RLController - INFO -   Example: junction C0 -> durations [21, 21, 27, 21] (total: 90s)
2026-09-24 12:45:05,367 - RLController - INFO -   Example: junction C1 -> durations [24, 22, 22, 22] (total: 90s)
2026-09-24 12:45:05,367 - RLController - INFO -   Example: junction C2 -> durations [58, 12, 10, 10] (total: 90s)
2026-09-24 12:45:05,367 - RLController - INFO -   Example: junction C3 -> durations [60, 10, 10, 10] (total: 90s)
2026-09-24 12:45:05,367 - RLController - INFO -   Example: junction C4 -> durations [60, 10, 10, 10] (total: 90s)
2026-09-24 12:45:05,367 - RLController - INFO -   Example: junction C5 -> durations [57, 11, 11, 11] (total: 90s)
2026-09-24 12:45:05,368 - RLController - INFO -   Example: junction D0 -> durations [24, 22, 22, 22] (total: 90s)
2026-09-24 12:45:05,368 - RLController - INFO -   Example: junction D1 -> durations [19, 19, 33, 19] (total: 90s)
2026-09-24 12:45:05,368 - RLController - INFO -   Example: junction D2 -> durations [48, 14, 14, 14] (total: 90s)
2026-09-24 12:45:05,368 - RLController - INFO -   Example: junction D3 -> durations [24, 22, 22, 22] (total: 90s)
2026-09-24 12:45:05,368 - RLController - INFO -   Example: junction D4 -> durations [24, 22, 22, 22] (total: 90s)
2026-09-24 12:45:05,368 - RLController - INFO -   Example: junction D5 -> durations [12, 12, 54, 12] (total: 90s)
2026-09-24 12:45:05,369 - RLController - INFO -   Example: junction E0 -> durations [24, 22, 22, 22] (total: 90s)
2026-09-24 12:45:05,369 - RLController - INFO -   Example: junction E1 -> durations [24, 22, 22, 22] (total: 90s)
2026-09-24 12:45:05,369 - RLController - INFO -   Stored schedules for 34 junctions, cycle starts at step 1170
2026-09-24 12:45:07,543 - RLController - INFO - DIAGNOSTIC Step 1260 - Observation stats:
2026-09-24 12:45:07,543 - RLController - INFO -   Hash: 1026246763587711466, Min: 0.000000, Max: 1.000149, Mean: 0.388717, Std: 0.444274
2026-09-24 12:45:07,543 - RLController - INFO -   First 10: [1.  0.  0.  0.  0.  0.5 1.  0.  0.  0. ]
2026-09-24 12:45:07,543 - RLController - INFO -   Last 10: [0.         0.2        0.         0.08333334 0.37606838 0.00302394
 0.05123932 0.6409352  0.         0.3       ]
2026-09-24 12:45:07,549 - RLController - INFO - DIAGNOSTIC - Raw model action output:
2026-09-24 12:45:07,549 - RLController - INFO -   Action hash: -2172846866721249827
2026-09-24 12:45:07,549 - RLController - INFO -   First 8 values: [ -7.244363 -10.       -10.       -10.       -10.       -10.
 -10.       -10.      ]
2026-09-24 12:45:07,549 - RLController - INFO -   Last 8 values: [-10.         -10.         -10.         -10.         -10.
   0.09296255 -10.         -10.        ]
2026-09-24 12:45:07,549 - RLController - INFO -   Action shape: (136,), min: -10.000000, max: 5.226711, mean: -9.220794
2026-09-24 12:45:07,550 - RLController - INFO -   B0 junction (indices 16-19) raw values: [ -9.469372 -10.       -10.       -10.      ]
2026-09-24 12:45:07,550 - RLController - INFO - Using CONTINUOUS DURATION-BASED mode
2026-09-24 12:45:07,550 - RLController - INFO -   Example: junction A0 -> durations [51, 13, 13, 13] (total: 90s)
2026-09-24 12:45:07,550 - RLController - INFO -   Example: junction A1 -> durations [24, 22, 22, 22] (total: 90s)
2026-09-24 12:45:07,550 - RLController - INFO -   Example: junction A2 -> durations [11, 11, 57, 11] (total: 90s)
2026-09-24 12:45:07,550 - RLController - INFO -   Example: junction A4 -> durations [60, 10, 10, 10] (total: 90s)
2026-09-24 12:45:07,550 - RLController - INFO -   Example: junction A5 -> durations [27, 21, 21, 21] (total: 90s)
2026-09-24 12:45:07,551 - RLController - INFO -   Example: junction B0 -> durations [24, 22, 22, 22] (total: 90s)
2026-09-24 12:45:07,551 - RLController - INFO -   Example: junction B1 -> durations [21, 27, 21, 21] (total: 90s)
2026-09-24 12:45:07,551 - RLController - INFO -   Example: junction B2 -> durations [24, 22, 22, 22] (total: 90s)
2026-09-24 12:45:07,551 - RLController - INFO -   Example: junction B4 -> durations [24, 22, 22, 22] (total: 90s)
2026-09-24 12:45:07,551 - RLController - INFO -   Example: junction B5 -> durations [60, 10, 10, 10] (total: 90s)
2026-09-24 12:45:07,551 - RLController - INFO -   Example: junction C0 -> durations [20, 20, 30, 20] (total: 90s)
2026-09-24 12:45:07,551 - RLController - INFO -   Example: junction C1 -> durations [24, 22, 22, 22] (total: 90s)
2026-09-24 12:45:07,551 - RLController - INFO -   Example: junction C2 -> durations [58, 12, 10, 10] (total: 90s)
2026-09-24 12:45:07,552 - RLController - INFO -   Example: junction C3 -> durations [60, 10, 10, 10] (total: 90s)
2026-09-24 12:45:07,552 - RLController - INFO -   Example: junction C4 -> durations [60, 10, 10, 10] (total: 90s)
2026-09-24 12:45:07,552 - RLController - INFO -   Example: junction C5 -> durations [57, 11, 11, 11] (total: 90s)
2026-09-24 12:45:07,552 - RLController - INFO -   Example: junction D0 -> durations [24, 22, 22, 22] (total: 90s)
2026-09-24 12:45:07,552 - RLController - INFO -   Example: junction D1 -> durations [19, 19, 33, 19] (total: 90s)
2026-09-24 12:45:07,552 - RLController - INFO -   Example: junction D2 -> durations [48, 14, 14, 14] (total: 90s)
2026-09-24 12:45:07,552 - RLController - INFO -   Example: junction D3 -> durations [24, 22, 22, 22] (total: 90s)
2026-09-24 12:45:07,552 - RLController - INFO -   Example: junction D4 -> durations [24, 22, 22, 22] (total: 90s)
2026-09-24 12:45:07,553 - RLController - INFO -   Example: junction D5 -> durations [12, 12, 54, 12] (total: 90s)
2026-09-24 12:45:07,553 - RLController - INFO -   Example: junction E0 -> durations [24, 22, 22, 22] (total: 90s)
2026-09-24 12:45:07,553 - RLController - INFO -   Example: junction E1 -> durations [24, 22, 22, 22] (total: 90s)
2026-09-24 12:45:07,553 - RLController - INFO -   Stored schedules for 34 junctions, cycle starts at step 1260
2026-09-24 12:45:09,668 - RLController - INFO - DIAGNOSTIC Step 1350 - Observation stats:
2026-09-24 12:45:09,668 - RLController - INFO -   Hash: -5861159738755531723, Min: 0.000000, Max: 1.000000, Mean: 0.388281, Std: 0.445137
2026-09-24 12:45:09,668 - RLController - INFO -   First 10: [1.         0.         0.         0.         0.         0.5
 0.         0.         0.99333334 1.        ]
2026-09-24 12:45:09,668 - RLController - INFO -   Last 10: [0.         0.2        0.         0.08333334 0.3888889  0.00273397
 0.05350427 0.6285744  0.         0.3       ]
2026-09-24 12:45:09,672 - RLController - INFO - DIAGNOSTIC - Raw model action output:
2026-09-24 12:45:09,672 - RLController - INFO -   Action hash: 6691362517674462231
2026-09-24 12:45:09,673 - RLController - INFO -   First 8 values: [ -7.2610946 -10.        -10.        -10.        -10.        -10.
 -10.        -10.       ]
2026-09-24 12:45:09,673 - RLController - INFO -   Last 8 values: [-10.         -10.         -10.         -10.         -10.
   0.46231225 -10.         -10.        ]
2026-09-24 12:45:09,673 - RLController - INFO -   Action shape: (136,), min: -10.000000, max: 5.601936, mean: -9.228047
2026-09-24 12:45:09,673 - RLController - INFO -   B0 junction (indices 16-19) raw values: [ -9.495091 -10.       -10.       -10.      ]
2026-09-24 12:45:09,673 - RLController - INFO - Using CONTINUOUS DURATION-BASED mode
2026-09-24 12:45:09,674 - RLController - INFO -   Example: junction A0 -> durations [51, 13, 13, 13] (total: 90s)
2026-09-24 12:45:09,674 - RLController - INFO -   Example: junction A1 -> durations [24, 22, 22, 22] (total: 90s)
2026-09-24 12:45:09,674 - RLController - INFO -   Example: junction A2 -> durations [11, 11, 57, 11] (total: 90s)
2026-09-24 12:45:09,674 - RLController - INFO -   Example: junction A4 -> durations [60, 10, 10, 10] (total: 90s)
2026-09-24 12:45:09,674 - RLController - INFO -   Example: junction A5 -> durations [27, 21, 21, 21] (total: 90s)
2026-09-24 12:45:09,674 - RLController - INFO -   Example: junction B0 -> durations [24, 22, 22, 22] (total: 90s)
2026-09-24 12:45:09,674 - RLController - INFO -   Example: junction B1 -> durations [20, 30, 20, 20] (total: 90s)
2026-09-24 12:45:09,675 - RLController - INFO -   Example: junction B2 -> durations [24, 22, 22, 22] (total: 90s)
2026-09-24 12:45:09,675 - RLController - INFO -   Example: junction B4 -> durations [24, 22, 22, 22] (total: 90s)
2026-09-24 12:45:09,675 - RLController - INFO -   Example: junction B5 -> durations [60, 10, 10, 10] (total: 90s)
2026-09-24 12:45:09,675 - RLController - INFO -   Example: junction C0 -> durations [20, 20, 30, 20] (total: 90s)
2026-09-24 12:45:09,675 - RLController - INFO -   Example: junction C1 -> durations [24, 22, 22, 22] (total: 90s)
2026-09-24 12:45:09,675 - RLController - INFO -   Example: junction C2 -> durations [58, 12, 10, 10] (total: 90s)
2026-09-24 12:45:09,675 - RLController - INFO -   Example: junction C3 -> durations [60, 10, 10, 10] (total: 90s)
2026-09-24 12:45:09,676 - RLController - INFO -   Example: junction C4 -> durations [57, 11, 11, 11] (total: 90s)
2026-09-24 12:45:09,676 - RLController - INFO -   Example: junction C5 -> durations [57, 11, 11, 11] (total: 90s)
2026-09-24 12:45:09,676 - RLController - INFO -   Example: junction D0 -> durations [24, 22, 22, 22] (total: 90s)
2026-09-24 12:45:09,676 - RLController - INFO -   Example: junction D1 -> durations [19, 19, 33, 19] (total: 90s)
2026-09-24 12:45:09,676 - RLController - INFO -   Example: junction D2 -> durations [45, 15, 15, 15] (total: 90s)
2026-09-24 12:45:09,676 - RLController - INFO -   Example: junction D3 -> durations [24, 22, 22, 22] (total: 90s)
2026-09-24 12:45:09,676 - RLController - INFO -   Example: junction D4 -> durations [24, 22, 22, 22] (total: 90s)
2026-09-24 12:45:09,677 - RLController - INFO -   Example: junction D5 -> durations [13, 13, 51, 13] (total: 90s)
2026-09-24 12:45:09,677 - RLController - INFO -   Example: junction E0 -> durations [24, 22, 22, 22] (total: 90s)
2026-09-24 12:45:09,677 - RLController - INFO -   Example: junction E1 -> durations [24, 22, 22, 22] (total: 90s)
2026-09-24 12:45:09,678 - RLController - INFO -   Stored schedules for 34 junctions, cycle starts at step 1350
2026-09-24 12:45:11,889 - RLController - INFO - DIAGNOSTIC Step 1440 - Observation stats:
2026-09-24 12:45:11,889 - RLController - INFO -   Hash: -9094018123660931241, Min: 0.000000, Max: 1.000000, Mean: 0.395201, Std: 0.445957
2026-09-24 12:45:11,889 - RLController - INFO -   First 10: [1.         0.         0.         0.         0.         0.5
 0.         1.         0.99333334 1.        ]
2026-09-24 12:45:11,889 - RLController - INFO -   Last 10: [0.         0.2        0.         0.08333334 0.4059829  0.003539
 0.05628205 0.6146377  0.         0.3       ]
2026-09-24 12:45:11,894 - RLController - INFO - DIAGNOSTIC - Raw model action output:
2026-09-24 12:45:11,894 - RLController - INFO -   Action hash: 3986057475395997368
2026-09-24 12:45:11,894 - RLController - INFO -   First 8 values: [ -7.0867944 -10.        -10.        -10.        -10.        -10.
 -10.        -10.       ]
2026-09-24 12:45:11,894 - RLController - INFO -   Last 8 values: [-10.        -10.        -10.        -10.        -10.         -2.0796053
 -10.        -10.       ]
2026-09-24 12:45:11,894 - RLController - INFO -   Action shape: (136,), min: -10.000000, max: 4.685054, mean: -9.245412
2026-09-24 12:45:11,895 - RLController - INFO -   B0 junction (indices 16-19) raw values: [ -9.478267 -10.       -10.       -10.      ]
2026-09-24 12:45:11,895 - RLController - INFO - Using CONTINUOUS DURATION-BASED mode
2026-09-24 12:45:11,895 - RLController - INFO -   Example: junction A0 -> durations [54, 12, 12, 12] (total: 90s)
2026-09-24 12:45:11,895 - RLController - INFO -   Example: junction A1 -> durations [24, 22, 22, 22] (total: 90s)
2026-09-24 12:45:11,895 - RLController - INFO -   Example: junction A2 -> durations [11, 11, 57, 11] (total: 90s)
2026-09-24 12:45:11,895 - RLController - INFO -   Example: junction A4 -> durations [60, 10, 10, 10] (total: 90s)
2026-09-24 12:45:11,895 - RLController - INFO -   Example: junction A5 -> durations [27, 21, 21, 21] (total: 90s)
2026-09-24 12:45:11,895 - RLController - INFO -   Example: junction B0 -> durations [24, 22, 22, 22] (total: 90s)
2026-09-24 12:45:11,896 - RLController - INFO -   Example: junction B1 -> durations [22, 24, 22, 22] (total: 90s)
2026-09-24 12:45:11,896 - RLController - INFO -   Example: junction B2 -> durations [24, 22, 22, 22] (total: 90s)
2026-09-24 12:45:11,896 - RLController - INFO -   Example: junction B4 -> durations [24, 22, 22, 22] (total: 90s)
2026-09-24 12:45:11,896 - RLController - INFO -   Example: junction B5 -> durations [60, 10, 10, 10] (total: 90s)
2026-09-24 12:45:11,896 - RLController - INFO -   Example: junction C0 -> durations [20, 20, 30, 20] (total: 90s)
2026-09-24 12:45:11,896 - RLController - INFO -   Example: junction C1 -> durations [24, 22, 22, 22] (total: 90s)
2026-09-24 12:45:11,896 - RLController - INFO -   Example: junction C2 -> durations [57, 13, 10, 10] (total: 90s)
2026-09-24 12:45:11,897 - RLController - INFO -   Example: junction C3 -> durations [60, 10, 10, 10] (total: 90s)
2026-09-24 12:45:11,897 - RLController - INFO -   Example: junction C4 -> durations [60, 10, 10, 10] (total: 90s)
2026-09-24 12:45:11,897 - RLController - INFO -   Example: junction C5 -> durations [57, 11, 11, 11] (total: 90s)
2026-09-24 12:45:11,897 - RLController - INFO -   Example: junction D0 -> durations [24, 22, 22, 22] (total: 90s)
2026-09-24 12:45:11,897 - RLController - INFO -   Example: junction D1 -> durations [19, 19, 33, 19] (total: 90s)
2026-09-24 12:45:11,897 - RLController - INFO -   Example: junction D2 -> durations [45, 15, 15, 15] (total: 90s)
2026-09-24 12:45:11,897 - RLController - INFO -   Example: junction D3 -> durations [24, 22, 22, 22] (total: 90s)
2026-09-24 12:45:11,897 - RLController - INFO -   Example: junction D4 -> durations [24, 22, 22, 22] (total: 90s)
2026-09-24 12:45:11,898 - RLController - INFO -   Example: junction D5 -> durations [12, 12, 54, 12] (total: 90s)
2026-09-24 12:45:11,898 - RLController - INFO -   Example: junction E0 -> durations [24, 22, 22, 22] (total: 90s)
2026-09-24 12:45:11,898 - RLController - INFO -   Example: junction E1 -> durations [24, 22, 22, 22] (total: 90s)
2026-09-24 12:45:11,898 - RLController - INFO -   Stored schedules for 34 junctions, cycle starts at step 1440
2026-09-24 12:45:14,631 - RLController - INFO - DIAGNOSTIC Step 1530 - Observation stats:
2026-09-24 12:45:14,853 - RLController - INFO -   Hash: 5807142336972648356, Min: 0.000000, Max: 1.000000, Mean: 0.403931, Std: 0.448101
2026-09-24 12:45:15,184 - RLController - INFO -   First 10: [1.  0.  0.  0.  0.  0.5 1.  0.  0.  0. ]
2026-09-24 12:45:15,185 - RLController - INFO -   Last 10: [0.         0.2        0.         0.08333334 0.43376067 0.00359223
 0.05957265 0.58819556 0.         0.3       ]
2026-09-24 12:45:15,190 - RLController - INFO - DIAGNOSTIC - Raw model action output:
2026-09-24 12:45:15,190 - RLController - INFO -   Action hash: 2596499723224458194
2026-09-24 12:45:15,190 - RLController - INFO -   First 8 values: [ -6.770297 -10.       -10.       -10.       -10.       -10.
 -10.       -10.      ]
2026-09-24 12:45:15,190 - RLController - INFO -   Last 8 values: [-10.        -10.        -10.        -10.        -10.         -1.9635305
 -10.        -10.       ]
2026-09-24 12:45:15,191 - RLController - INFO -   Action shape: (136,), min: -10.000000, max: 5.226708, mean: -9.225919
2026-09-24 12:45:15,191 - RLController - INFO -   B0 junction (indices 16-19) raw values: [ -9.599481 -10.       -10.       -10.      ]
2026-09-24 12:45:15,191 - RLController - INFO - Using CONTINUOUS DURATION-BASED mode
2026-09-24 12:45:15,192 - RLController - INFO -   Example: junction A0 -> durations [54, 12, 12, 12] (total: 90s)
2026-09-24 12:45:15,192 - RLController - INFO -   Example: junction A1 -> durations [24, 22, 22, 22] (total: 90s)
2026-09-24 12:45:15,192 - RLController - INFO -   Example: junction A2 -> durations [11, 11, 57, 11] (total: 90s)
2026-09-24 12:45:15,192 - RLController - INFO -   Example: junction A4 -> durations [60, 10, 10, 10] (total: 90s)
2026-09-24 12:45:15,192 - RLController - INFO -   Example: junction A5 -> durations [27, 21, 21, 21] (total: 90s)
2026-09-24 12:45:15,193 - RLController - INFO -   Example: junction B0 -> durations [24, 22, 22, 22] (total: 90s)
2026-09-24 12:45:15,193 - RLController - INFO -   Example: junction B1 -> durations [22, 24, 22, 22] (total: 90s)
2026-09-24 12:45:15,193 - RLController - INFO -   Example: junction B2 -> durations [24, 22, 22, 22] (total: 90s)
2026-09-24 12:45:15,193 - RLController - INFO -   Example: junction B4 -> durations [24, 22, 22, 22] (total: 90s)
2026-09-24 12:45:15,194 - RLController - INFO -   Example: junction B5 -> durations [60, 10, 10, 10] (total: 90s)
2026-09-24 12:45:15,194 - RLController - INFO -   Example: junction C0 -> durations [19, 19, 33, 19] (total: 90s)
2026-09-24 12:45:15,194 - RLController - INFO -   Example: junction C1 -> durations [24, 22, 22, 22] (total: 90s)
2026-09-24 12:45:15,194 - RLController - INFO -   Example: junction C2 -> durations [57, 13, 10, 10] (total: 90s)
2026-09-24 12:45:15,195 - RLController - INFO -   Example: junction C3 -> durations [60, 10, 10, 10] (total: 90s)
2026-09-24 12:45:15,195 - RLController - INFO -   Example: junction C4 -> durations [60, 10, 10, 10] (total: 90s)
2026-09-24 12:45:15,195 - RLController - INFO -   Example: junction C5 -> durations [57, 11, 11, 11] (total: 90s)
2026-09-24 12:45:15,195 - RLController - INFO -   Example: junction D0 -> durations [22, 22, 24, 22] (total: 90s)
2026-09-24 12:45:15,195 - RLController - INFO -   Example: junction D1 -> durations [19, 19, 33, 19] (total: 90s)
2026-09-24 12:45:15,196 - RLController - INFO -   Example: junction D2 -> durations [51, 13, 13, 13] (total: 90s)
2026-09-24 12:45:15,196 - RLController - INFO -   Example: junction D3 -> durations [24, 22, 22, 22] (total: 90s)
2026-09-24 12:45:15,196 - RLController - INFO -   Example: junction D4 -> durations [24, 22, 22, 22] (total: 90s)
2026-09-24 12:45:15,196 - RLController - INFO -   Example: junction D5 -> durations [12, 12, 54, 12] (total: 90s)
2026-09-24 12:45:15,197 - RLController - INFO -   Example: junction E0 -> durations [24, 22, 22, 22] (total: 90s)
2026-09-24 12:45:15,197 - RLController - INFO -   Example: junction E1 -> durations [24, 22, 22, 22] (total: 90s)
2026-09-24 12:45:15,197 - RLController - INFO -   Stored schedules for 34 junctions, cycle starts at step 1530
2026-09-24 12:45:17,855 - RLController - INFO - DIAGNOSTIC Step 1620 - Observation stats:
2026-09-24 12:45:17,856 - RLController - INFO -   Hash: 4769349968760386232, Min: 0.000000, Max: 1.000000, Mean: 0.404235, Std: 0.448612
2026-09-24 12:45:17,856 - RLController - INFO -   First 10: [1.  0.  0.  0.  0.  0.5 1.  0.  0.  0. ]
2026-09-24 12:45:17,857 - RLController - INFO -   Last 10: [0.         0.2        0.         0.08333334 0.43589744 0.00354471
 0.06017094 0.58657676 0.         0.3       ]
2026-09-24 12:45:17,861 - RLController - INFO - DIAGNOSTIC - Raw model action output:
2026-09-24 12:45:17,861 - RLController - INFO -   Action hash: -3690759288976267648
2026-09-24 12:45:17,862 - RLController - INFO -   First 8 values: [ -7.030201 -10.       -10.       -10.       -10.       -10.
 -10.       -10.      ]
2026-09-24 12:45:17,862 - RLController - INFO -   Last 8 values: [-10.        -10.        -10.        -10.        -10.         -2.7427242
 -10.        -10.       ]
2026-09-24 12:45:17,862 - RLController - INFO -   Action shape: (136,), min: -10.000000, max: 4.655129, mean: -9.242480
2026-09-24 12:45:17,862 - RLController - INFO -   B0 junction (indices 16-19) raw values: [ -9.669496 -10.       -10.       -10.      ]
2026-09-24 12:45:17,862 - RLController - INFO - Using CONTINUOUS DURATION-BASED mode
2026-09-24 12:45:17,862 - RLController - INFO -   Example: junction A0 -> durations [54, 12, 12, 12] (total: 90s)
2026-09-24 12:45:17,862 - RLController - INFO -   Example: junction A1 -> durations [24, 22, 22, 22] (total: 90s)
2026-09-24 12:45:17,863 - RLController - INFO -   Example: junction A2 -> durations [11, 11, 57, 11] (total: 90s)
2026-09-24 12:45:17,863 - RLController - INFO -   Example: junction A4 -> durations [60, 10, 10, 10] (total: 90s)
2026-09-24 12:45:17,863 - RLController - INFO -   Example: junction A5 -> durations [27, 21, 21, 21] (total: 90s)
2026-09-24 12:45:17,863 - RLController - INFO -   Example: junction B0 -> durations [24, 22, 22, 22] (total: 90s)
2026-09-24 12:45:17,863 - RLController - INFO -   Example: junction B1 -> durations [22, 24, 22, 22] (total: 90s)
2026-09-24 12:45:17,863 - RLController - INFO -   Example: junction B2 -> durations [24, 22, 22, 22] (total: 90s)
2026-09-24 12:45:17,864 - RLController - INFO -   Example: junction B4 -> durations [24, 22, 22, 22] (total: 90s)
2026-09-24 12:45:17,864 - RLController - INFO -   Example: junction B5 -> durations [60, 10, 10, 10] (total: 90s)
2026-09-24 12:45:17,864 - RLController - INFO -   Example: junction C0 -> durations [21, 21, 27, 21] (total: 90s)
2026-09-24 12:45:17,864 - RLController - INFO -   Example: junction C1 -> durations [24, 22, 22, 22] (total: 90s)
2026-09-24 12:45:17,864 - RLController - INFO -   Example: junction C2 -> durations [56, 14, 10, 10] (total: 90s)
2026-09-24 12:45:17,865 - RLController - INFO -   Example: junction C3 -> durations [60, 10, 10, 10] (total: 90s)
2026-09-24 12:45:17,865 - RLController - INFO -   Example: junction C4 -> durations [60, 10, 10, 10] (total: 90s)
2026-09-24 12:45:17,865 - RLController - INFO -   Example: junction C5 -> durations [57, 11, 11, 11] (total: 90s)
2026-09-24 12:45:17,865 - RLController - INFO -   Example: junction D0 -> durations [24, 22, 22, 22] (total: 90s)
2026-09-24 12:45:17,865 - RLController - INFO -   Example: junction D1 -> durations [19, 19, 33, 19] (total: 90s)
2026-09-24 12:45:17,865 - RLController - INFO -   Example: junction D2 -> durations [48, 14, 14, 14] (total: 90s)
2026-09-24 12:45:17,865 - RLController - INFO -   Example: junction D3 -> durations [24, 22, 22, 22] (total: 90s)
2026-09-24 12:45:17,865 - RLController - INFO -   Example: junction D4 -> durations [24, 22, 22, 22] (total: 90s)
2026-09-24 12:45:17,866 - RLController - INFO -   Example: junction D5 -> durations [13, 13, 51, 13] (total: 90s)
2026-09-24 12:45:17,866 - RLController - INFO -   Example: junction E0 -> durations [24, 22, 22, 22] (total: 90s)
2026-09-24 12:45:17,866 - RLController - INFO -   Example: junction E1 -> durations [24, 22, 22, 22] (total: 90s)
2026-09-24 12:45:17,866 - RLController - INFO -   Stored schedules for 34 junctions, cycle starts at step 1620
2026-09-24 12:45:20,181 - RLController - INFO - DIAGNOSTIC Step 1710 - Observation stats:
2026-09-24 12:45:20,181 - RLController - INFO -   Hash: 8342802549805047486, Min: 0.000000, Max: 1.000000, Mean: 0.400149, Std: 0.448127
2026-09-24 12:45:20,181 - RLController - INFO -   First 10: [1.  0.  0.  0.  0.  0.5 1.  0.  0.  0. ]
2026-09-24 12:45:20,182 - RLController - INFO -   Last 10: [0.         0.2        0.         0.08333334 0.40811965 0.00275975
 0.0615812  0.59856874 0.         0.3       ]
2026-09-24 12:45:20,186 - RLController - INFO - DIAGNOSTIC - Raw model action output:
2026-09-24 12:45:20,186 - RLController - INFO -   Action hash: -1113739553800813592
2026-09-24 12:45:20,187 - RLController - INFO -   First 8 values: [ -7.229715 -10.       -10.       -10.       -10.       -10.
 -10.       -10.      ]
2026-09-24 12:45:20,187 - RLController - INFO -   Last 8 values: [-10.        -10.        -10.        -10.        -10.         -2.6773121
 -10.        -10.       ]
2026-09-24 12:45:20,187 - RLController - INFO -   Action shape: (136,), min: -10.000000, max: 4.750836, mean: -9.255899
2026-09-24 12:45:20,187 - RLController - INFO -   B0 junction (indices 16-19) raw values: [ -9.665581 -10.       -10.       -10.      ]
2026-09-24 12:45:20,187 - RLController - INFO - Using CONTINUOUS DURATION-BASED mode
2026-09-24 12:45:20,187 - RLController - INFO -   Example: junction A0 -> durations [51, 13, 13, 13] (total: 90s)
2026-09-24 12:45:20,188 - RLController - INFO -   Example: junction A1 -> durations [24, 22, 22, 22] (total: 90s)
2026-09-24 12:45:20,188 - RLController - INFO -   Example: junction A2 -> durations [11, 11, 57, 11] (total: 90s)
2026-09-24 12:45:20,188 - RLController - INFO -   Example: junction A4 -> durations [60, 10, 10, 10] (total: 90s)
2026-09-24 12:45:20,188 - RLController - INFO -   Example: junction A5 -> durations [27, 21, 21, 21] (total: 90s)
2026-09-24 12:45:20,188 - RLController - INFO -   Example: junction B0 -> durations [24, 22, 22, 22] (total: 90s)
2026-09-24 12:45:20,188 - RLController - INFO -   Example: junction B1 -> durations [22, 24, 22, 22] (total: 90s)
2026-09-24 12:45:20,188 - RLController - INFO -   Example: junction B2 -> durations [24, 22, 22, 22] (total: 90s)
2026-09-24 12:45:20,189 - RLController - INFO -   Example: junction B4 -> durations [24, 22, 22, 22] (total: 90s)
2026-09-24 12:45:20,189 - RLController - INFO -   Example: junction B5 -> durations [60, 10, 10, 10] (total: 90s)
2026-09-24 12:45:20,189 - RLController - INFO -   Example: junction C0 -> durations [22, 22, 24, 22] (total: 90s)
2026-09-24 12:45:20,189 - RLController - INFO -   Example: junction C1 -> durations [24, 22, 22, 22] (total: 90s)
2026-09-24 12:45:20,189 - RLController - INFO -   Example: junction C2 -> durations [57, 13, 10, 10] (total: 90s)
2026-09-24 12:45:20,189 - RLController - INFO -   Example: junction C3 -> durations [60, 10, 10, 10] (total: 90s)
2026-09-24 12:45:20,189 - RLController - INFO -   Example: junction C4 -> durations [60, 10, 10, 10] (total: 90s)
2026-09-24 12:45:20,190 - RLController - INFO -   Example: junction C5 -> durations [57, 11, 11, 11] (total: 90s)
2026-09-24 12:45:20,190 - RLController - INFO -   Example: junction D0 -> durations [24, 22, 22, 22] (total: 90s)
2026-09-24 12:45:20,190 - RLController - INFO -   Example: junction D1 -> durations [20, 20, 30, 20] (total: 90s)
2026-09-24 12:45:20,190 - RLController - INFO -   Example: junction D2 -> durations [45, 15, 15, 15] (total: 90s)
2026-09-24 12:45:20,190 - RLController - INFO -   Example: junction D3 -> durations [24, 22, 22, 22] (total: 90s)
2026-09-24 12:45:20,190 - RLController - INFO -   Example: junction D4 -> durations [24, 22, 22, 22] (total: 90s)
2026-09-24 12:45:20,190 - RLController - INFO -   Example: junction D5 -> durations [13, 13, 51, 13] (total: 90s)
2026-09-24 12:45:20,190 - RLController - INFO -   Example: junction E0 -> durations [24, 22, 22, 22] (total: 90s)
2026-09-24 12:45:20,191 - RLController - INFO -   Example: junction E1 -> durations [24, 22, 22, 22] (total: 90s)
2026-09-24 12:45:20,191 - RLController - INFO -   Stored schedules for 34 junctions, cycle starts at step 1710
2026-09-24 12:45:23,089 - RLController - INFO - DIAGNOSTIC Step 1800 - Observation stats:
2026-09-24 12:45:23,090 - RLController - INFO -   Hash: -2626152965070241046, Min: 0.000000, Max: 1.000000, Mean: 0.406205, Std: 0.449813
2026-09-24 12:45:23,090 - RLController - INFO -   First 10: [1.         0.         0.         0.         0.         0.5
 0.         0.         0.99333334 1.        ]
2026-09-24 12:45:23,090 - RLController - INFO -   Last 10: [0.         0.2        0.         0.08333334 0.42521366 0.00265758
 0.06111111 0.58027977 0.         0.3       ]
2026-09-24 12:45:23,095 - RLController - INFO - DIAGNOSTIC - Raw model action output:
2026-09-24 12:45:23,095 - RLController - INFO -   Action hash: 8060549085817803294
2026-09-24 12:45:23,095 - RLController - INFO -   First 8 values: [ -7.298146 -10.       -10.       -10.       -10.       -10.
 -10.       -10.      ]
2026-09-24 12:45:23,095 - RLController - INFO -   Last 8 values: [-10.       -10.       -10.       -10.       -10.        -3.027489
 -10.       -10.      ]
2026-09-24 12:45:23,095 - RLController - INFO -   Action shape: (136,), min: -10.000000, max: 4.645223, mean: -9.253499
2026-09-24 12:45:23,096 - RLController - INFO -   B0 junction (indices 16-19) raw values: [ -9.857046 -10.       -10.       -10.      ]
2026-09-24 12:45:23,096 - RLController - INFO - Using CONTINUOUS DURATION-BASED mode
2026-09-24 12:45:23,096 - RLController - INFO -   Example: junction A0 -> durations [51, 13, 13, 13] (total: 90s)
2026-09-24 12:45:23,096 - RLController - INFO -   Example: junction A1 -> durations [24, 22, 22, 22] (total: 90s)
2026-09-24 12:45:23,096 - RLController - INFO -   Example: junction A2 -> durations [11, 11, 57, 11] (total: 90s)
2026-09-24 12:45:23,096 - RLController - INFO -   Example: junction A4 -> durations [60, 10, 10, 10] (total: 90s)
2026-09-24 12:45:23,097 - RLController - INFO -   Example: junction A5 -> durations [24, 22, 22, 22] (total: 90s)
2026-09-24 12:45:23,097 - RLController - INFO -   Example: junction B0 -> durations [24, 22, 22, 22] (total: 90s)
2026-09-24 12:45:23,097 - RLController - INFO -   Example: junction B1 -> durations [24, 22, 22, 22] (total: 90s)
2026-09-24 12:45:23,097 - RLController - INFO -   Example: junction B2 -> durations [24, 22, 22, 22] (total: 90s)
2026-09-24 12:45:23,097 - RLController - INFO -   Example: junction B4 -> durations [24, 22, 22, 22] (total: 90s)
2026-09-24 12:45:23,097 - RLController - INFO -   Example: junction B5 -> durations [60, 10, 10, 10] (total: 90s)
2026-09-24 12:45:23,097 - RLController - INFO -   Example: junction C0 -> durations [21, 21, 27, 21] (total: 90s)
2026-09-24 12:45:23,098 - RLController - INFO -   Example: junction C1 -> durations [24, 22, 22, 22] (total: 90s)
2026-09-24 12:45:23,098 - RLController - INFO -   Example: junction C2 -> durations [58, 12, 10, 10] (total: 90s)
2026-09-24 12:45:23,098 - RLController - INFO -   Example: junction C3 -> durations [60, 10, 10, 10] (total: 90s)
2026-09-24 12:45:23,098 - RLController - INFO -   Example: junction C4 -> durations [60, 10, 10, 10] (total: 90s)
2026-09-24 12:45:23,098 - RLController - INFO -   Example: junction C5 -> durations [57, 11, 11, 11] (total: 90s)
2026-09-24 12:45:23,098 - RLController - INFO -   Example: junction D0 -> durations [24, 22, 22, 22] (total: 90s)
2026-09-24 12:45:23,098 - RLController - INFO -   Example: junction D1 -> durations [20, 20, 30, 20] (total: 90s)
2026-09-24 12:45:23,099 - RLController - INFO -   Example: junction D2 -> durations [48, 14, 14, 14] (total: 90s)
2026-09-24 12:45:23,099 - RLController - INFO -   Example: junction D3 -> durations [24, 22, 22, 22] (total: 90s)
2026-09-24 12:45:23,099 - RLController - INFO -   Example: junction D4 -> durations [24, 22, 22, 22] (total: 90s)
2026-09-24 12:45:23,099 - RLController - INFO -   Example: junction D5 -> durations [13, 13, 51, 13] (total: 90s)
2026-09-24 12:45:23,099 - RLController - INFO -   Example: junction E0 -> durations [24, 22, 22, 22] (total: 90s)
2026-09-24 12:45:23,099 - RLController - INFO -   Example: junction E1 -> durations [24, 22, 22, 22] (total: 90s)
2026-09-24 12:45:23,100 - RLController - INFO -   Stored schedules for 34 junctions, cycle starts at step 1800
2026-09-24 12:45:25,734 - RLController - INFO - DIAGNOSTIC Step 1890 - Observation stats:
2026-09-24 12:45:25,734 - RLController - INFO -   Hash: 2419970193078208876, Min: 0.000000, Max: 1.000000, Mean: 0.399866, Std: 0.447827
2026-09-24 12:45:25,734 - RLController - INFO -   First 10: [1.  0.  0.  0.  0.  0.5 1.  0.  0.  0. ]
2026-09-24 12:45:25,735 - RLController - INFO -   Last 10: [0.         0.2        0.         0.08333334 0.41452992 0.00300043
 0.06209402 0.602785   0.         0.3       ]
2026-09-24 12:45:25,739 - RLController - INFO - DIAGNOSTIC - Raw model action output:
2026-09-24 12:45:25,739 - RLController - INFO -   Action hash: -3991117329553850878
2026-09-24 12:45:25,739 - RLController - INFO -   First 8 values: [ -7.1295114 -10.        -10.        -10.        -10.        -10.
 -10.        -10.       ]
2026-09-24 12:45:25,740 - RLController - INFO -   Last 8 values: [-10.        -10.        -10.        -10.        -10.         -2.7073772
 -10.        -10.       ]
2026-09-24 12:45:25,740 - RLController - INFO -   Action shape: (136,), min: -10.000000, max: 4.447331, mean: -9.217747
2026-09-24 12:45:25,740 - RLController - INFO -   B0 junction (indices 16-19) raw values: [ -9.591126 -10.       -10.       -10.      ]
2026-09-24 12:45:25,740 - RLController - INFO - Using CONTINUOUS DURATION-BASED mode
2026-09-24 12:45:25,740 - RLController - INFO -   Example: junction A0 -> durations [54, 12, 12, 12] (total: 90s)
2026-09-24 12:45:25,740 - RLController - INFO -   Example: junction A1 -> durations [24, 22, 22, 22] (total: 90s)
2026-09-24 12:45:25,741 - RLController - INFO -   Example: junction A2 -> durations [11, 11, 57, 11] (total: 90s)
2026-09-24 12:45:25,741 - RLController - INFO -   Example: junction A4 -> durations [60, 10, 10, 10] (total: 90s)
2026-09-24 12:45:25,741 - RLController - INFO -   Example: junction A5 -> durations [27, 21, 21, 21] (total: 90s)
2026-09-24 12:45:25,741 - RLController - INFO -   Example: junction B0 -> durations [24, 22, 22, 22] (total: 90s)
2026-09-24 12:45:25,741 - RLController - INFO -   Example: junction B1 -> durations [21, 27, 21, 21] (total: 90s)
2026-09-24 12:45:25,741 - RLController - INFO -   Example: junction B2 -> durations [24, 22, 22, 22] (total: 90s)
2026-09-24 12:45:25,741 - RLController - INFO -   Example: junction B4 -> durations [24, 22, 22, 22] (total: 90s)
2026-09-24 12:45:25,742 - RLController - INFO -   Example: junction B5 -> durations [60, 10, 10, 10] (total: 90s)
2026-09-24 12:45:25,742 - RLController - INFO -   Example: junction C0 -> durations [21, 21, 27, 21] (total: 90s)
2026-09-24 12:45:25,742 - RLController - INFO -   Example: junction C1 -> durations [24, 22, 22, 22] (total: 90s)
2026-09-24 12:45:25,742 - RLController - INFO -   Example: junction C2 -> durations [55, 15, 10, 10] (total: 90s)
2026-09-24 12:45:25,742 - RLController - INFO -   Example: junction C3 -> durations [60, 10, 10, 10] (total: 90s)
2026-09-24 12:45:25,742 - RLController - INFO -   Example: junction C4 -> durations [60, 10, 10, 10] (total: 90s)
2026-09-24 12:45:25,743 - RLController - INFO -   Example: junction C5 -> durations [57, 11, 11, 11] (total: 90s)
2026-09-24 12:45:25,743 - RLController - INFO -   Example: junction D0 -> durations [24, 22, 22, 22] (total: 90s)
2026-09-24 12:45:25,743 - RLController - INFO -   Example: junction D1 -> durations [18, 18, 36, 18] (total: 90s)
2026-09-24 12:45:25,743 - RLController - INFO -   Example: junction D2 -> durations [51, 13, 13, 13] (total: 90s)
2026-09-24 12:45:25,743 - RLController - INFO -   Example: junction D3 -> durations [24, 22, 22, 22] (total: 90s)
2026-09-24 12:45:25,743 - RLController - INFO -   Example: junction D4 -> durations [24, 22, 22, 22] (total: 90s)
2026-09-24 12:45:25,744 - RLController - INFO -   Example: junction D5 -> durations [13, 13, 51, 13] (total: 90s)
2026-09-24 12:45:25,744 - RLController - INFO -   Example: junction E0 -> durations [24, 22, 22, 22] (total: 90s)
2026-09-24 12:45:25,744 - RLController - INFO -   Example: junction E1 -> durations [24, 22, 22, 22] (total: 90s)
2026-09-24 12:45:25,745 - RLController - INFO -   Stored schedules for 34 junctions, cycle starts at step 1890
2026-09-24 12:45:28,261 - RLController - INFO - DIAGNOSTIC Step 1980 - Observation stats:
2026-09-24 12:45:28,261 - RLController - INFO -   Hash: 2556518871784919076, Min: 0.000000, Max: 1.000000, Mean: 0.402515, Std: 0.451011
2026-09-24 12:45:28,261 - RLController - INFO -   First 10: [1.  0.  0.  0.  0.  0.5 1.  0.  0.  0. ]
2026-09-24 12:45:28,261 - RLController - INFO -   Last 10: [0.         0.2        0.         0.08333334 0.43162394 0.00281475
 0.06363248 0.58367795 0.         0.3       ]
2026-09-24 12:45:28,265 - RLController - INFO - DIAGNOSTIC - Raw model action output:
2026-09-24 12:45:28,266 - RLController - INFO -   Action hash: 8694309627182228168
2026-09-24 12:45:28,266 - RLController - INFO -   First 8 values: [ -7.1700234 -10.        -10.        -10.        -10.        -10.
 -10.        -10.       ]
2026-09-24 12:45:28,266 - RLController - INFO -   Last 8 values: [-10.        -10.        -10.        -10.        -10.         -1.1544688
 -10.        -10.       ]
2026-09-24 12:45:28,266 - RLController - INFO -   Action shape: (136,), min: -10.000000, max: 5.466860, mean: -9.209765
2026-09-24 12:45:28,266 - RLController - INFO -   B0 junction (indices 16-19) raw values: [ -9.417537 -10.       -10.       -10.      ]
2026-09-24 12:45:28,266 - RLController - INFO - Using CONTINUOUS DURATION-BASED mode
2026-09-24 12:45:28,266 - RLController - INFO -   Example: junction A0 -> durations [51, 13, 13, 13] (total: 90s)
2026-09-24 12:45:28,267 - RLController - INFO -   Example: junction A1 -> durations [24, 22, 22, 22] (total: 90s)
2026-09-24 12:45:28,267 - RLController - INFO -   Example: junction A2 -> durations [12, 12, 54, 12] (total: 90s)
2026-09-24 12:45:28,267 - RLController - INFO -   Example: junction A4 -> durations [60, 10, 10, 10] (total: 90s)
2026-09-24 12:45:28,267 - RLController - INFO -   Example: junction A5 -> durations [30, 20, 20, 20] (total: 90s)
2026-09-24 12:45:28,267 - RLController - INFO -   Example: junction B0 -> durations [24, 22, 22, 22] (total: 90s)
2026-09-24 12:45:28,267 - RLController - INFO -   Example: junction B1 -> durations [21, 27, 21, 21] (total: 90s)
2026-09-24 12:45:28,267 - RLController - INFO -   Example: junction B2 -> durations [24, 22, 22, 22] (total: 90s)
2026-09-24 12:45:28,267 - RLController - INFO -   Example: junction B4 -> durations [24, 22, 22, 22] (total: 90s)
2026-09-24 12:45:28,267 - RLController - INFO -   Example: junction B5 -> durations [60, 10, 10, 10] (total: 90s)
2026-09-24 12:45:28,268 - RLController - INFO -   Example: junction C0 -> durations [20, 20, 30, 20] (total: 90s)
2026-09-24 12:45:28,268 - RLController - INFO -   Example: junction C1 -> durations [24, 22, 22, 22] (total: 90s)
2026-09-24 12:45:28,268 - RLController - INFO -   Example: junction C2 -> durations [57, 13, 10, 10] (total: 90s)
2026-09-24 12:45:28,268 - RLController - INFO -   Example: junction C3 -> durations [60, 10, 10, 10] (total: 90s)
2026-09-24 12:45:28,268 - RLController - INFO -   Example: junction C4 -> durations [60, 10, 10, 10] (total: 90s)
2026-09-24 12:45:28,268 - RLController - INFO -   Example: junction C5 -> durations [57, 11, 11, 11] (total: 90s)
2026-09-24 12:45:28,268 - RLController - INFO -   Example: junction D0 -> durations [24, 22, 22, 22] (total: 90s)
2026-09-24 12:45:28,268 - RLController - INFO -   Example: junction D1 -> durations [19, 19, 33, 19] (total: 90s)
2026-09-24 12:45:28,268 - RLController - INFO -   Example: junction D2 -> durations [48, 14, 14, 14] (total: 90s)
2026-09-24 12:45:28,269 - RLController - INFO -   Example: junction D3 -> durations [24, 22, 22, 22] (total: 90s)
2026-09-24 12:45:28,269 - RLController - INFO -   Example: junction D4 -> durations [24, 22, 22, 22] (total: 90s)
2026-09-24 12:45:28,269 - RLController - INFO -   Example: junction D5 -> durations [12, 12, 54, 12] (total: 90s)
2026-09-24 12:45:28,269 - RLController - INFO -   Example: junction E0 -> durations [24, 22, 22, 22] (total: 90s)
2026-09-24 12:45:28,269 - RLController - INFO -   Example: junction E1 -> durations [24, 22, 22, 22] (total: 90s)
2026-09-24 12:45:28,269 - RLController - INFO -   Stored schedules for 34 junctions, cycle starts at step 1980
2026-09-24 12:45:31,220 - RLController - INFO - DIAGNOSTIC Step 2070 - Observation stats:
2026-09-24 12:45:31,221 - RLController - INFO -   Hash: -1066212946516078661, Min: 0.000000, Max: 1.000000, Mean: 0.414098, Std: 0.452659
2026-09-24 12:45:31,221 - RLController - INFO -   First 10: [1.  0.  0.  0.  0.  0.5 1.  0.  0.  0. ]
2026-09-24 12:45:31,221 - RLController - INFO -   Last 10: [0.         0.2        0.         0.08333334 0.45299146 0.00299058
 0.06542735 0.56320626 0.         0.3       ]
2026-09-24 12:45:31,226 - RLController - INFO - DIAGNOSTIC - Raw model action output:
2026-09-24 12:45:31,226 - RLController - INFO -   Action hash: 4803130002269770686
2026-09-24 12:45:31,226 - RLController - INFO -   First 8 values: [ -7.4436717 -10.        -10.        -10.        -10.        -10.
 -10.        -10.       ]
2026-09-24 12:45:31,227 - RLController - INFO -   Last 8 values: [-10.       -10.       -10.       -10.       -10.         0.363184
 -10.       -10.      ]
2026-09-24 12:45:31,227 - RLController - INFO -   Action shape: (136,), min: -10.000000, max: 5.761920, mean: -9.233910
2026-09-24 12:45:31,227 - RLController - INFO -   B0 junction (indices 16-19) raw values: [ -9.49533 -10.      -10.      -10.     ]
2026-09-24 12:45:31,228 - RLController - INFO - Using CONTINUOUS DURATION-BASED mode
2026-09-24 12:45:31,228 - RLController - INFO -   Example: junction A0 -> durations [51, 13, 13, 13] (total: 90s)
2026-09-24 12:45:31,228 - RLController - INFO -   Example: junction A1 -> durations [24, 22, 22, 22] (total: 90s)
2026-09-24 12:45:31,228 - RLController - INFO -   Example: junction A2 -> durations [12, 12, 54, 12] (total: 90s)
2026-09-24 12:45:31,228 - RLController - INFO -   Example: junction A4 -> durations [60, 10, 10, 10] (total: 90s)
2026-09-24 12:45:31,228 - RLController - INFO -   Example: junction A5 -> durations [27, 21, 21, 21] (total: 90s)
2026-09-24 12:45:31,228 - RLController - INFO -   Example: junction B0 -> durations [24, 22, 22, 22] (total: 90s)
2026-09-24 12:45:31,228 - RLController - INFO -   Example: junction B1 -> durations [22, 24, 22, 22] (total: 90s)
2026-09-24 12:45:31,228 - RLController - INFO -   Example: junction B2 -> durations [24, 22, 22, 22] (total: 90s)
2026-09-24 12:45:31,229 - RLController - INFO -   Example: junction B4 -> durations [24, 22, 22, 22] (total: 90s)
2026-09-24 12:45:31,229 - RLController - INFO -   Example: junction B5 -> durations [60, 10, 10, 10] (total: 90s)
2026-09-24 12:45:31,229 - RLController - INFO -   Example: junction C0 -> durations [21, 21, 27, 21] (total: 90s)
2026-09-24 12:45:31,229 - RLController - INFO -   Example: junction C1 -> durations [24, 22, 22, 22] (total: 90s)
2026-09-24 12:45:31,229 - RLController - INFO -   Example: junction C2 -> durations [57, 13, 10, 10] (total: 90s)
2026-09-24 12:45:31,229 - RLController - INFO -   Example: junction C3 -> durations [60, 10, 10, 10] (total: 90s)
2026-09-24 12:45:31,229 - RLController - INFO -   Example: junction C4 -> durations [60, 10, 10, 10] (total: 90s)
2026-09-24 12:45:31,229 - RLController - INFO -   Example: junction C5 -> durations [57, 11, 11, 11] (total: 90s)
2026-09-24 12:45:31,229 - RLController - INFO -   Example: junction D0 -> durations [24, 22, 22, 22] (total: 90s)
2026-09-24 12:45:31,230 - RLController - INFO -   Example: junction D1 -> durations [20, 20, 30, 20] (total: 90s)
2026-09-24 12:45:31,230 - RLController - INFO -   Example: junction D2 -> durations [48, 14, 14, 14] (total: 90s)
2026-09-24 12:45:31,230 - RLController - INFO -   Example: junction D3 -> durations [24, 22, 22, 22] (total: 90s)
2026-09-24 12:45:31,230 - RLController - INFO -   Example: junction D4 -> durations [24, 22, 22, 22] (total: 90s)
2026-09-24 12:45:31,230 - RLController - INFO -   Example: junction D5 -> durations [12, 12, 54, 12] (total: 90s)
2026-09-24 12:45:31,230 - RLController - INFO -   Example: junction E0 -> durations [24, 22, 22, 22] (total: 90s)
2026-09-24 12:45:31,230 - RLController - INFO -   Example: junction E1 -> durations [24, 22, 22, 22] (total: 90s)
2026-09-24 12:45:31,231 - RLController - INFO -   Stored schedules for 34 junctions, cycle starts at step 2070
2026-09-24 12:45:33,933 - RLController - INFO - DIAGNOSTIC Step 2160 - Observation stats:
2026-09-24 12:45:33,933 - RLController - INFO -   Hash: 3801475962651863114, Min: 0.000000, Max: 1.000000, Mean: 0.415953, Std: 0.451981
2026-09-24 12:45:33,934 - RLController - INFO -   First 10: [1.  0.  0.  0.  0.  0.5 1.  0.  0.  0. ]
2026-09-24 12:45:33,934 - RLController - INFO -   Last 10: [0.         0.2        0.         0.08333334 0.4636752  0.00373417
 0.06632479 0.55826706 0.         0.3       ]
2026-09-24 12:45:33,937 - RLController - INFO - DIAGNOSTIC - Raw model action output:
2026-09-24 12:45:33,938 - RLController - INFO -   Action hash: 148984515233108964
2026-09-24 12:45:33,938 - RLController - INFO -   First 8 values: [ -7.2887616 -10.        -10.        -10.        -10.        -10.
 -10.        -10.       ]
2026-09-24 12:45:33,938 - RLController - INFO -   Last 8 values: [-10.        -10.        -10.        -10.        -10.         -1.8413537
 -10.        -10.       ]
2026-09-24 12:45:33,938 - RLController - INFO -   Action shape: (136,), min: -10.000000, max: 5.943121, mean: -9.239206
2026-09-24 12:45:33,938 - RLController - INFO -   B0 junction (indices 16-19) raw values: [ -9.27905 -10.      -10.      -10.     ]
2026-09-24 12:45:33,939 - RLController - INFO - Using CONTINUOUS DURATION-BASED mode
2026-09-24 12:45:33,939 - RLController - INFO -   Example: junction A0 -> durations [51, 13, 13, 13] (total: 90s)
2026-09-24 12:45:33,939 - RLController - INFO -   Example: junction A1 -> durations [24, 22, 22, 22] (total: 90s)
2026-09-24 12:45:33,939 - RLController - INFO -   Example: junction A2 -> durations [11, 11, 57, 11] (total: 90s)
2026-09-24 12:45:33,939 - RLController - INFO -   Example: junction A4 -> durations [60, 10, 10, 10] (total: 90s)
2026-09-24 12:45:33,939 - RLController - INFO -   Example: junction A5 -> durations [30, 20, 20, 20] (total: 90s)
2026-09-24 12:45:33,939 - RLController - INFO -   Example: junction B0 -> durations [24, 22, 22, 22] (total: 90s)
2026-09-24 12:45:33,939 - RLController - INFO -   Example: junction B1 -> durations [24, 22, 22, 22] (total: 90s)
2026-09-24 12:45:33,940 - RLController - INFO -   Example: junction B2 -> durations [24, 22, 22, 22] (total: 90s)
2026-09-24 12:45:33,940 - RLController - INFO -   Example: junction B4 -> durations [24, 22, 22, 22] (total: 90s)
2026-09-24 12:45:33,940 - RLController - INFO -   Example: junction B5 -> durations [60, 10, 10, 10] (total: 90s)
2026-09-24 12:45:33,940 - RLController - INFO -   Example: junction C0 -> durations [21, 21, 27, 21] (total: 90s)
2026-09-24 12:45:33,940 - RLController - INFO -   Example: junction C1 -> durations [24, 22, 22, 22] (total: 90s)
2026-09-24 12:45:33,940 - RLController - INFO -   Example: junction C2 -> durations [58, 12, 10, 10] (total: 90s)
2026-09-24 12:45:33,940 - RLController - INFO -   Example: junction C3 -> durations [60, 10, 10, 10] (total: 90s)
2026-09-24 12:45:33,940 - RLController - INFO -   Example: junction C4 -> durations [60, 10, 10, 10] (total: 90s)
2026-09-24 12:45:33,941 - RLController - INFO -   Example: junction C5 -> durations [57, 11, 11, 11] (total: 90s)
2026-09-24 12:45:33,941 - RLController - INFO -   Example: junction D0 -> durations [24, 22, 22, 22] (total: 90s)
2026-09-24 12:45:33,941 - RLController - INFO -   Example: junction D1 -> durations [21, 21, 27, 21] (total: 90s)
2026-09-24 12:45:33,941 - RLController - INFO -   Example: junction D2 -> durations [48, 14, 14, 14] (total: 90s)
2026-09-24 12:45:33,941 - RLController - INFO -   Example: junction D3 -> durations [24, 22, 22, 22] (total: 90s)
2026-09-24 12:45:33,941 - RLController - INFO -   Example: junction D4 -> durations [24, 22, 22, 22] (total: 90s)
2026-09-24 12:45:33,941 - RLController - INFO -   Example: junction D5 -> durations [12, 12, 54, 12] (total: 90s)
2026-09-24 12:45:33,941 - RLController - INFO -   Example: junction E0 -> durations [24, 22, 22, 22] (total: 90s)
2026-09-24 12:45:33,942 - RLController - INFO -   Example: junction E1 -> durations [24, 22, 22, 22] (total: 90s)
2026-09-24 12:45:33,942 - RLController - INFO -   Stored schedules for 34 junctions, cycle starts at step 2160
2026-09-24 12:45:36,731 - RLController - INFO - DIAGNOSTIC Step 2250 - Observation stats:
2026-09-24 12:45:36,731 - RLController - INFO -   Hash: -7861553446186741064, Min: 0.000000, Max: 1.000000, Mean: 0.414040, Std: 0.452368
2026-09-24 12:45:36,732 - RLController - INFO -   First 10: [0.2        1.         0.97333336 1.         0.06434712 0.1031746
 0.         1.         0.99333334 1.        ]
2026-09-24 12:45:36,732 - RLController - INFO -   Last 10: [0.         0.2        0.         0.08333334 0.4551282  0.00320549
 0.06675214 0.5573456  0.         0.3       ]
2026-09-24 12:45:36,735 - RLController - INFO - DIAGNOSTIC - Raw model action output:
2026-09-24 12:45:36,735 - RLController - INFO -   Action hash: 1460314304777704836
2026-09-24 12:45:36,736 - RLController - INFO -   First 8 values: [ -6.9612174 -10.        -10.        -10.        -10.        -10.
 -10.        -10.       ]
2026-09-24 12:45:36,736 - RLController - INFO -   Last 8 values: [-10.        -10.        -10.        -10.        -10.         -2.3777478
 -10.        -10.       ]
2026-09-24 12:45:36,736 - RLController - INFO -   Action shape: (136,), min: -10.000000, max: 4.367300, mean: -9.226406
2026-09-24 12:45:36,736 - RLController - INFO -   B0 junction (indices 16-19) raw values: [ -9.300912 -10.       -10.       -10.      ]
2026-09-24 12:45:36,736 - RLController - INFO - Using CONTINUOUS DURATION-BASED mode
2026-09-24 12:45:36,737 - RLController - INFO -   Example: junction A0 -> durations [54, 12, 12, 12] (total: 90s)
2026-09-24 12:45:36,737 - RLController - INFO -   Example: junction A1 -> durations [24, 22, 22, 22] (total: 90s)
2026-09-24 12:45:36,737 - RLController - INFO -   Example: junction A2 -> durations [11, 11, 57, 11] (total: 90s)
2026-09-24 12:45:36,737 - RLController - INFO -   Example: junction A4 -> durations [60, 10, 10, 10] (total: 90s)
2026-09-24 12:45:36,737 - RLController - INFO -   Example: junction A5 -> durations [30, 20, 20, 20] (total: 90s)
2026-09-24 12:45:36,737 - RLController - INFO -   Example: junction B0 -> durations [24, 22, 22, 22] (total: 90s)
2026-09-24 12:45:36,737 - RLController - INFO -   Example: junction B1 -> durations [24, 22, 22, 22] (total: 90s)
2026-09-24 12:45:36,737 - RLController - INFO -   Example: junction B2 -> durations [24, 22, 22, 22] (total: 90s)
2026-09-24 12:45:36,738 - RLController - INFO -   Example: junction B4 -> durations [24, 22, 22, 22] (total: 90s)
2026-09-24 12:45:36,738 - RLController - INFO -   Example: junction B5 -> durations [60, 10, 10, 10] (total: 90s)
2026-09-24 12:45:36,738 - RLController - INFO -   Example: junction C0 -> durations [20, 20, 30, 20] (total: 90s)
2026-09-24 12:45:36,738 - RLController - INFO -   Example: junction C1 -> durations [24, 22, 22, 22] (total: 90s)
2026-09-24 12:45:36,738 - RLController - INFO -   Example: junction C2 -> durations [57, 13, 10, 10] (total: 90s)
2026-09-24 12:45:36,738 - RLController - INFO -   Example: junction C3 -> durations [60, 10, 10, 10] (total: 90s)
2026-09-24 12:45:36,738 - RLController - INFO -   Example: junction C4 -> durations [60, 10, 10, 10] (total: 90s)
2026-09-24 12:45:36,738 - RLController - INFO -   Example: junction C5 -> durations [57, 11, 11, 11] (total: 90s)
2026-09-24 12:45:36,739 - RLController - INFO -   Example: junction D0 -> durations [24, 22, 22, 22] (total: 90s)
2026-09-24 12:45:36,739 - RLController - INFO -   Example: junction D1 -> durations [19, 19, 33, 19] (total: 90s)
2026-09-24 12:45:36,739 - RLController - INFO -   Example: junction D2 -> durations [51, 13, 13, 13] (total: 90s)
2026-09-24 12:45:36,739 - RLController - INFO -   Example: junction D3 -> durations [24, 22, 22, 22] (total: 90s)
2026-09-24 12:45:36,739 - RLController - INFO -   Example: junction D4 -> durations [24, 22, 22, 22] (total: 90s)
2026-09-24 12:45:36,739 - RLController - INFO -   Example: junction D5 -> durations [12, 12, 54, 12] (total: 90s)
2026-09-24 12:45:36,740 - RLController - INFO -   Example: junction E0 -> durations [24, 22, 22, 22] (total: 90s)
2026-09-24 12:45:36,740 - RLController - INFO -   Example: junction E1 -> durations [24, 22, 22, 22] (total: 90s)
2026-09-24 12:45:36,740 - RLController - INFO -   Stored schedules for 34 junctions, cycle starts at step 2250
2026-09-24 12:45:39,685 - RLController - INFO - DIAGNOSTIC Step 2340 - Observation stats:
2026-09-24 12:45:39,685 - RLController - INFO -   Hash: -4929722281507189613, Min: 0.000000, Max: 1.000000, Mean: 0.418610, Std: 0.451984
2026-09-24 12:45:39,686 - RLController - INFO -   First 10: [0.16789134 0.         0.98       1.         0.08312652 0.08934653
 0.         1.         0.99333334 1.        ]
2026-09-24 12:45:39,686 - RLController - INFO -   Last 10: [0.         0.2        0.         0.08333334 0.46581197 0.00409967
 0.06692307 0.56340826 0.         0.3       ]
2026-09-24 12:45:39,690 - RLController - INFO - DIAGNOSTIC - Raw model action output:
2026-09-24 12:45:39,690 - RLController - INFO -   Action hash: -5524244726080015174
2026-09-24 12:45:39,690 - RLController - INFO -   First 8 values: [ -7.2563663 -10.        -10.        -10.        -10.        -10.
 -10.        -10.       ]
2026-09-24 12:45:39,691 - RLController - INFO -   Last 8 values: [-10.       -10.       -10.       -10.       -10.        -3.102421
 -10.       -10.      ]
2026-09-24 12:45:39,691 - RLController - INFO -   Action shape: (136,), min: -10.000000, max: 4.545700, mean: -9.228288
2026-09-24 12:45:39,691 - RLController - INFO -   B0 junction (indices 16-19) raw values: [ -9.376645 -10.       -10.       -10.      ]
2026-09-24 12:45:39,691 - RLController - INFO - Using CONTINUOUS DURATION-BASED mode
2026-09-24 12:45:39,691 - RLController - INFO -   Example: junction A0 -> durations [51, 13, 13, 13] (total: 90s)
2026-09-24 12:45:39,692 - RLController - INFO -   Example: junction A1 -> durations [24, 22, 22, 22] (total: 90s)
2026-09-24 12:45:39,692 - RLController - INFO -   Example: junction A2 -> durations [11, 11, 57, 11] (total: 90s)
2026-09-24 12:45:39,692 - RLController - INFO -   Example: junction A4 -> durations [60, 10, 10, 10] (total: 90s)
2026-09-24 12:45:39,692 - RLController - INFO -   Example: junction A5 -> durations [30, 20, 20, 20] (total: 90s)
2026-09-24 12:45:39,692 - RLController - INFO -   Example: junction B0 -> durations [24, 22, 22, 22] (total: 90s)
2026-09-24 12:45:39,692 - RLController - INFO -   Example: junction B1 -> durations [24, 22, 22, 22] (total: 90s)
2026-09-24 12:45:39,693 - RLController - INFO -   Example: junction B2 -> durations [24, 22, 22, 22] (total: 90s)
2026-09-24 12:45:39,693 - RLController - INFO -   Example: junction B4 -> durations [24, 22, 22, 22] (total: 90s)
2026-09-24 12:45:39,693 - RLController - INFO -   Example: junction B5 -> durations [60, 10, 10, 10] (total: 90s)
2026-09-24 12:45:39,693 - RLController - INFO -   Example: junction C0 -> durations [20, 20, 30, 20] (total: 90s)
2026-09-24 12:45:39,693 - RLController - INFO -   Example: junction C1 -> durations [24, 22, 22, 22] (total: 90s)
2026-09-24 12:45:39,693 - RLController - INFO -   Example: junction C2 -> durations [58, 12, 10, 10] (total: 90s)
2026-09-24 12:45:39,694 - RLController - INFO -   Example: junction C3 -> durations [59, 11, 10, 10] (total: 90s)
2026-09-24 12:45:39,694 - RLController - INFO -   Example: junction C4 -> durations [60, 10, 10, 10] (total: 90s)
2026-09-24 12:45:39,694 - RLController - INFO -   Example: junction C5 -> durations [57, 11, 11, 11] (total: 90s)
2026-09-24 12:45:39,694 - RLController - INFO -   Example: junction D0 -> durations [21, 21, 27, 21] (total: 90s)
2026-09-24 12:45:39,694 - RLController - INFO -   Example: junction D1 -> durations [19, 19, 33, 19] (total: 90s)
2026-09-24 12:45:39,694 - RLController - INFO -   Example: junction D2 -> durations [51, 13, 13, 13] (total: 90s)
2026-09-24 12:45:39,695 - RLController - INFO -   Example: junction D3 -> durations [24, 22, 22, 22] (total: 90s)
2026-09-24 12:45:39,695 - RLController - INFO -   Example: junction D4 -> durations [24, 22, 22, 22] (total: 90s)
2026-09-24 12:45:39,695 - RLController - INFO -   Example: junction D5 -> durations [13, 13, 51, 13] (total: 90s)
2026-09-24 12:45:39,695 - RLController - INFO -   Example: junction E0 -> durations [24, 22, 22, 22] (total: 90s)
2026-09-24 12:45:39,695 - RLController - INFO -   Example: junction E1 -> durations [24, 22, 22, 22] (total: 90s)
2026-09-24 12:45:39,696 - RLController - INFO -   Stored schedules for 34 junctions, cycle starts at step 2340
2026-09-24 12:45:42,788 - RLController - INFO - DIAGNOSTIC Step 2430 - Observation stats:
2026-09-24 12:45:42,790 - RLController - INFO -   Hash: 6515929944356090205, Min: 0.000000, Max: 1.000000, Mean: 0.413742, Std: 0.452739
2026-09-24 12:45:42,791 - RLController - INFO -   First 10: [1.         0.         0.         0.         0.         0.5309488
 0.         1.         0.99333334 1.        ]
2026-09-24 12:45:42,791 - RLController - INFO -   Last 10: [0.         0.2        0.         0.08333334 0.4508547  0.00301624
 0.06696581 0.56414294 0.         0.3       ]
2026-09-24 12:45:42,800 - RLController - INFO - DIAGNOSTIC - Raw model action output:
2026-09-24 12:45:42,800 - RLController - INFO -   Action hash: 1533428670981872851
2026-09-24 12:45:42,801 - RLController - INFO -   First 8 values: [ -7.253423 -10.       -10.       -10.       -10.       -10.
 -10.       -10.      ]
2026-09-24 12:45:42,801 - RLController - INFO -   Last 8 values: [-10.        -10.        -10.        -10.        -10.         -3.0530243
 -10.        -10.       ]
2026-09-24 12:45:42,801 - RLController - INFO -   Action shape: (136,), min: -10.000000, max: 4.737035, mean: -9.282517
2026-09-24 12:45:42,801 - RLController - INFO -   B0 junction (indices 16-19) raw values: [ -9.802867 -10.       -10.       -10.      ]
2026-09-24 12:45:42,801 - RLController - INFO - Using CONTINUOUS DURATION-BASED mode
2026-09-24 12:45:42,802 - RLController - INFO -   Example: junction A0 -> durations [51, 13, 13, 13] (total: 90s)
2026-09-24 12:45:42,802 - RLController - INFO -   Example: junction A1 -> durations [24, 22, 22, 22] (total: 90s)
2026-09-24 12:45:42,802 - RLController - INFO -   Example: junction A2 -> durations [11, 11, 57, 11] (total: 90s)
2026-09-24 12:45:42,802 - RLController - INFO -   Example: junction A4 -> durations [60, 10, 10, 10] (total: 90s)
2026-09-24 12:45:42,802 - RLController - INFO -   Example: junction A5 -> durations [24, 22, 22, 22] (total: 90s)
2026-09-24 12:45:42,802 - RLController - INFO -   Example: junction B0 -> durations [24, 22, 22, 22] (total: 90s)
2026-09-24 12:45:42,802 - RLController - INFO -   Example: junction B1 -> durations [22, 24, 22, 22] (total: 90s)
2026-09-24 12:45:42,803 - RLController - INFO -   Example: junction B2 -> durations [24, 22, 22, 22] (total: 90s)
2026-09-24 12:45:42,803 - RLController - INFO -   Example: junction B4 -> durations [24, 22, 22, 22] (total: 90s)
2026-09-24 12:45:42,803 - RLController - INFO -   Example: junction B5 -> durations [60, 10, 10, 10] (total: 90s)
2026-09-24 12:45:42,803 - RLController - INFO -   Example: junction C0 -> durations [24, 22, 22, 22] (total: 90s)
2026-09-24 12:45:42,803 - RLController - INFO -   Example: junction C1 -> durations [24, 22, 22, 22] (total: 90s)
2026-09-24 12:45:42,803 - RLController - INFO -   Example: junction C2 -> durations [58, 12, 10, 10] (total: 90s)
2026-09-24 12:45:42,803 - RLController - INFO -   Example: junction C3 -> durations [60, 10, 10, 10] (total: 90s)
2026-09-24 12:45:42,803 - RLController - INFO -   Example: junction C4 -> durations [60, 10, 10, 10] (total: 90s)
2026-09-24 12:45:42,804 - RLController - INFO -   Example: junction C5 -> durations [57, 11, 11, 11] (total: 90s)
2026-09-24 12:45:42,804 - RLController - INFO -   Example: junction D0 -> durations [24, 22, 22, 22] (total: 90s)
2026-09-24 12:45:42,804 - RLController - INFO -   Example: junction D1 -> durations [20, 20, 30, 20] (total: 90s)
2026-09-24 12:45:42,804 - RLController - INFO -   Example: junction D2 -> durations [45, 15, 15, 15] (total: 90s)
2026-09-24 12:45:42,804 - RLController - INFO -   Example: junction D3 -> durations [24, 22, 22, 22] (total: 90s)
2026-09-24 12:45:42,804 - RLController - INFO -   Example: junction D4 -> durations [24, 22, 22, 22] (total: 90s)
2026-09-24 12:45:42,804 - RLController - INFO -   Example: junction D5 -> durations [13, 13, 51, 13] (total: 90s)
2026-09-24 12:45:42,805 - RLController - INFO -   Example: junction E0 -> durations [24, 22, 22, 22] (total: 90s)
2026-09-24 12:45:42,805 - RLController - INFO -   Example: junction E1 -> durations [24, 22, 22, 22] (total: 90s)
2026-09-24 12:45:42,806 - RLController - INFO -   Stored schedules for 34 junctions, cycle starts at step 2430
2026-09-24 12:45:45,816 - RLController - INFO - DIAGNOSTIC Step 2520 - Observation stats:
2026-09-24 12:45:45,816 - RLController - INFO -   Hash: 3937330563785604104, Min: 0.000000, Max: 1.000000, Mean: 0.416907, Std: 0.452773
2026-09-24 12:45:45,817 - RLController - INFO -   First 10: [1.         0.         0.         0.         0.         0.52981794
 0.         1.         0.99333334 1.        ]
2026-09-24 12:45:45,817 - RLController - INFO -   Last 10: [0.         0.2        0.         0.08333334 0.4551282  0.00292955
 0.06824786 0.55869776 0.         0.3       ]
2026-09-24 12:45:45,823 - RLController - INFO - DIAGNOSTIC - Raw model action output:
2026-09-24 12:45:45,823 - RLController - INFO -   Action hash: -3164429696619446739
2026-09-24 12:45:45,823 - RLController - INFO -   First 8 values: [ -7.300878 -10.       -10.       -10.       -10.       -10.
 -10.       -10.      ]
2026-09-24 12:45:45,823 - RLController - INFO -   Last 8 values: [-10.        -10.        -10.        -10.        -10.         -1.9858444
 -10.        -10.       ]
2026-09-24 12:45:45,823 - RLController - INFO -   Action shape: (136,), min: -10.000000, max: 5.115989, mean: -9.244409
2026-09-24 12:45:45,824 - RLController - INFO -   B0 junction (indices 16-19) raw values: [ -9.697251 -10.       -10.       -10.      ]
2026-09-24 12:45:45,824 - RLController - INFO - Using CONTINUOUS DURATION-BASED mode
2026-09-24 12:45:45,824 - RLController - INFO -   Example: junction A0 -> durations [51, 13, 13, 13] (total: 90s)
2026-09-24 12:45:45,824 - RLController - INFO -   Example: junction A1 -> durations [24, 22, 22, 22] (total: 90s)
2026-09-24 12:45:45,824 - RLController - INFO -   Example: junction A2 -> durations [11, 11, 57, 11] (total: 90s)
2026-09-24 12:45:45,825 - RLController - INFO -   Example: junction A4 -> durations [60, 10, 10, 10] (total: 90s)
2026-09-24 12:45:45,825 - RLController - INFO -   Example: junction A5 -> durations [27, 21, 21, 21] (total: 90s)
2026-09-24 12:45:45,825 - RLController - INFO -   Example: junction B0 -> durations [24, 22, 22, 22] (total: 90s)
2026-09-24 12:45:45,825 - RLController - INFO -   Example: junction B1 -> durations [22, 24, 22, 22] (total: 90s)
2026-09-24 12:45:45,825 - RLController - INFO -   Example: junction B2 -> durations [24, 22, 22, 22] (total: 90s)
2026-09-24 12:45:45,825 - RLController - INFO -   Example: junction B4 -> durations [24, 22, 22, 22] (total: 90s)
2026-09-24 12:45:45,825 - RLController - INFO -   Example: junction B5 -> durations [60, 10, 10, 10] (total: 90s)
2026-09-24 12:45:45,825 - RLController - INFO -   Example: junction C0 -> durations [22, 22, 24, 22] (total: 90s)
2026-09-24 12:45:45,826 - RLController - INFO -   Example: junction C1 -> durations [24, 22, 22, 22] (total: 90s)
2026-09-24 12:45:45,826 - RLController - INFO -   Example: junction C2 -> durations [57, 13, 10, 10] (total: 90s)
2026-09-24 12:45:45,826 - RLController - INFO -   Example: junction C3 -> durations [60, 10, 10, 10] (total: 90s)
2026-09-24 12:45:45,826 - RLController - INFO -   Example: junction C4 -> durations [60, 10, 10, 10] (total: 90s)
2026-09-24 12:45:45,826 - RLController - INFO -   Example: junction C5 -> durations [57, 11, 11, 11] (total: 90s)
2026-09-24 12:45:45,826 - RLController - INFO -   Example: junction D0 -> durations [24, 22, 22, 22] (total: 90s)
2026-09-24 12:45:45,826 - RLController - INFO -   Example: junction D1 -> durations [21, 21, 27, 21] (total: 90s)
2026-09-24 12:45:45,826 - RLController - INFO -   Example: junction D2 -> durations [48, 14, 14, 14] (total: 90s)
2026-09-24 12:45:45,827 - RLController - INFO -   Example: junction D3 -> durations [24, 22, 22, 22] (total: 90s)
2026-09-24 12:45:45,827 - RLController - INFO -   Example: junction D4 -> durations [24, 22, 22, 22] (total: 90s)
2026-09-24 12:45:45,827 - RLController - INFO -   Example: junction D5 -> durations [13, 13, 51, 13] (total: 90s)
2026-09-24 12:45:45,827 - RLController - INFO -   Example: junction E0 -> durations [24, 22, 22, 22] (total: 90s)
2026-09-24 12:45:45,827 - RLController - INFO -   Example: junction E1 -> durations [24, 22, 22, 22] (total: 90s)
2026-09-24 12:45:45,828 - RLController - INFO -   Stored schedules for 34 junctions, cycle starts at step 2520
2026-09-24 12:45:48,663 - RLController - INFO - DIAGNOSTIC Step 2610 - Observation stats:
2026-09-24 12:45:48,664 - RLController - INFO -   Hash: 7584234132461970906, Min: 0.000000, Max: 1.000000, Mean: 0.416437, Std: 0.452409
2026-09-24 12:45:48,665 - RLController - INFO -   First 10: [1.        0.        0.        0.        0.        0.5287668 1.
 0.        0.        0.       ]
2026-09-24 12:45:48,665 - RLController - INFO -   Last 10: [0.         0.2        0.         0.08333334 0.4551282  0.00334199
 0.0684188  0.5645124  0.         0.3       ]
2026-09-24 12:45:48,670 - RLController - INFO - DIAGNOSTIC - Raw model action output:
2026-09-24 12:45:48,671 - RLController - INFO -   Action hash: -139753973159953124
2026-09-24 12:45:48,671 - RLController - INFO -   First 8 values: [ -7.2482057 -10.        -10.        -10.        -10.        -10.
 -10.        -10.       ]
2026-09-24 12:45:48,672 - RLController - INFO -   Last 8 values: [-10.        -10.        -10.        -10.        -10.         -1.0704987
 -10.        -10.       ]
2026-09-24 12:45:48,672 - RLController - INFO -   Action shape: (136,), min: -10.000000, max: 5.267047, mean: -9.260245
2026-09-24 12:45:48,672 - RLController - INFO -   B0 junction (indices 16-19) raw values: [-10. -10. -10. -10.]
2026-09-24 12:45:48,672 - RLController - INFO - Using CONTINUOUS DURATION-BASED mode
2026-09-24 12:45:48,673 - RLController - INFO -   Example: junction A0 -> durations [51, 13, 13, 13] (total: 90s)
2026-09-24 12:45:48,673 - RLController - INFO -   Example: junction A1 -> durations [24, 22, 22, 22] (total: 90s)
2026-09-24 12:45:48,673 - RLController - INFO -   Example: junction A2 -> durations [11, 11, 57, 11] (total: 90s)
2026-09-24 12:45:48,673 - RLController - INFO -   Example: junction A4 -> durations [60, 10, 10, 10] (total: 90s)
2026-09-24 12:45:48,673 - RLController - INFO -   Example: junction A5 -> durations [24, 22, 22, 22] (total: 90s)
2026-09-24 12:45:48,674 - RLController - INFO -   Example: junction B0 -> durations [24, 22, 22, 22] (total: 90s)
2026-09-24 12:45:48,674 - RLController - INFO -   Example: junction B1 -> durations [24, 22, 22, 22] (total: 90s)
2026-09-24 12:45:48,674 - RLController - INFO -   Example: junction B2 -> durations [24, 22, 22, 22] (total: 90s)
2026-09-24 12:45:48,674 - RLController - INFO -   Example: junction B4 -> durations [24, 22, 22, 22] (total: 90s)
2026-09-24 12:45:48,675 - RLController - INFO -   Example: junction B5 -> durations [60, 10, 10, 10] (total: 90s)
2026-09-24 12:45:48,675 - RLController - INFO -   Example: junction C0 -> durations [22, 22, 24, 22] (total: 90s)
2026-09-24 12:45:48,675 - RLController - INFO -   Example: junction C1 -> durations [24, 22, 22, 22] (total: 90s)
2026-09-24 12:45:48,675 - RLController - INFO -   Example: junction C2 -> durations [58, 12, 10, 10] (total: 90s)
2026-09-24 12:45:48,675 - RLController - INFO -   Example: junction C3 -> durations [60, 10, 10, 10] (total: 90s)
2026-09-24 12:45:48,676 - RLController - INFO -   Example: junction C4 -> durations [57, 11, 11, 11] (total: 90s)
2026-09-24 12:45:48,676 - RLController - INFO -   Example: junction C5 -> durations [57, 11, 11, 11] (total: 90s)
2026-09-24 12:45:48,676 - RLController - INFO -   Example: junction D0 -> durations [24, 22, 22, 22] (total: 90s)
2026-09-24 12:45:48,676 - RLController - INFO -   Example: junction D1 -> durations [21, 21, 27, 21] (total: 90s)
2026-09-24 12:45:48,676 - RLController - INFO -   Example: junction D2 -> durations [48, 14, 14, 14] (total: 90s)
2026-09-24 12:45:48,677 - RLController - INFO -   Example: junction D3 -> durations [24, 22, 22, 22] (total: 90s)
2026-09-24 12:45:48,677 - RLController - INFO -   Example: junction D4 -> durations [24, 22, 22, 22] (total: 90s)
2026-09-24 12:45:48,677 - RLController - INFO -   Example: junction D5 -> durations [13, 13, 51, 13] (total: 90s)
2026-09-24 12:45:48,677 - RLController - INFO -   Example: junction E0 -> durations [24, 22, 22, 22] (total: 90s)
2026-09-24 12:45:48,678 - RLController - INFO -   Example: junction E1 -> durations [24, 22, 22, 22] (total: 90s)
2026-09-24 12:45:48,679 - RLController - INFO -   Stored schedules for 34 junctions, cycle starts at step 2610
2026-09-24 12:45:51,786 - RLController - INFO - DIAGNOSTIC Step 2700 - Observation stats:
2026-09-24 12:45:51,787 - RLController - INFO -   Hash: 3049148844694057060, Min: 0.000000, Max: 1.000000, Mean: 0.412079, Std: 0.452271
2026-09-24 12:45:51,787 - RLController - INFO -   First 10: [1.        0.        0.        0.        0.        0.5287668 1.
 0.        0.        0.       ]
2026-09-24 12:45:51,787 - RLController - INFO -   Last 10: [0.         0.2        0.         0.08333334 0.42094016 0.00291085
 0.06769231 0.5917866  0.         0.3       ]
2026-09-24 12:45:51,792 - RLController - INFO - DIAGNOSTIC - Raw model action output:
2026-09-24 12:45:51,792 - RLController - INFO -   Action hash: -3676692444023717518
2026-09-24 12:45:51,792 - RLController - INFO -   First 8 values: [ -7.2362485 -10.        -10.        -10.        -10.        -10.
 -10.        -10.       ]
2026-09-24 12:45:51,792 - RLController - INFO -   Last 8 values: [-10.        -10.        -10.        -10.        -10.         -2.0399876
 -10.        -10.       ]
2026-09-24 12:45:51,792 - RLController - INFO -   Action shape: (136,), min: -10.000000, max: 4.927389, mean: -9.227071
2026-09-24 12:45:51,793 - RLController - INFO -   B0 junction (indices 16-19) raw values: [ -9.369355 -10.       -10.       -10.      ]
2026-09-24 12:45:51,793 - RLController - INFO - Using CONTINUOUS DURATION-BASED mode
2026-09-24 12:45:51,793 - RLController - INFO -   Example: junction A0 -> durations [51, 13, 13, 13] (total: 90s)
2026-09-24 12:45:51,793 - RLController - INFO -   Example: junction A1 -> durations [24, 22, 22, 22] (total: 90s)
2026-09-24 12:45:51,793 - RLController - INFO -   Example: junction A2 -> durations [12, 12, 54, 12] (total: 90s)
2026-09-24 12:45:51,793 - RLController - INFO -   Example: junction A4 -> durations [60, 10, 10, 10] (total: 90s)
2026-09-24 12:45:51,793 - RLController - INFO -   Example: junction A5 -> durations [30, 20, 20, 20] (total: 90s)
2026-09-24 12:45:51,794 - RLController - INFO -   Example: junction B0 -> durations [24, 22, 22, 22] (total: 90s)
2026-09-24 12:45:51,794 - RLController - INFO -   Example: junction B1 -> durations [22, 24, 22, 22] (total: 90s)
2026-09-24 12:45:51,794 - RLController - INFO -   Example: junction B2 -> durations [24, 22, 22, 22] (total: 90s)
2026-09-24 12:45:51,794 - RLController - INFO -   Example: junction B4 -> durations [24, 22, 22, 22] (total: 90s)
2026-09-24 12:45:51,794 - RLController - INFO -   Example: junction B5 -> durations [60, 10, 10, 10] (total: 90s)
2026-09-24 12:45:51,794 - RLController - INFO -   Example: junction C0 -> durations [19, 19, 33, 19] (total: 90s)
2026-09-24 12:45:51,794 - RLController - INFO -   Example: junction C1 -> durations [24, 22, 22, 22] (total: 90s)
2026-09-24 12:45:51,794 - RLController - INFO -   Example: junction C2 -> durations [58, 12, 10, 10] (total: 90s)
2026-09-24 12:45:51,795 - RLController - INFO -   Example: junction C3 -> durations [60, 10, 10, 10] (total: 90s)
2026-09-24 12:45:51,795 - RLController - INFO -   Example: junction C4 -> durations [60, 10, 10, 10] (total: 90s)
2026-09-24 12:45:51,795 - RLController - INFO -   Example: junction C5 -> durations [57, 11, 11, 11] (total: 90s)
2026-09-24 12:45:51,795 - RLController - INFO -   Example: junction D0 -> durations [22, 22, 24, 22] (total: 90s)
2026-09-24 12:45:51,795 - RLController - INFO -   Example: junction D1 -> durations [19, 19, 33, 19] (total: 90s)
2026-09-24 12:45:51,795 - RLController - INFO -   Example: junction D2 -> durations [48, 14, 14, 14] (total: 90s)
2026-09-24 12:45:51,795 - RLController - INFO -   Example: junction D3 -> durations [24, 22, 22, 22] (total: 90s)
2026-09-24 12:45:51,795 - RLController - INFO -   Example: junction D4 -> durations [24, 22, 22, 22] (total: 90s)
2026-09-24 12:45:51,796 - RLController - INFO -   Example: junction D5 -> durations [13, 13, 51, 13] (total: 90s)
2026-09-24 12:45:51,796 - RLController - INFO -   Example: junction E0 -> durations [24, 22, 22, 22] (total: 90s)
2026-09-24 12:45:51,796 - RLController - INFO -   Example: junction E1 -> durations [24, 22, 22, 22] (total: 90s)
2026-09-24 12:45:51,796 - RLController - INFO -   Stored schedules for 34 junctions, cycle starts at step 2700
2026-09-24 12:45:54,627 - RLController - INFO - DIAGNOSTIC Step 2790 - Observation stats:
2026-09-24 12:45:54,627 - RLController - INFO -   Hash: -665822126510183193, Min: 0.000000, Max: 1.000000, Mean: 0.411208, Std: 0.450993
2026-09-24 12:45:54,627 - RLController - INFO -   First 10: [1.        0.        0.        0.        0.        0.5287668 1.
 0.        0.        0.       ]
2026-09-24 12:45:54,628 - RLController - INFO -   Last 10: [0.         0.2        0.         0.08333334 0.41239315 0.00301494
 0.06760684 0.59892535 0.         0.3       ]
2026-09-24 12:45:54,633 - RLController - INFO - DIAGNOSTIC - Raw model action output:
2026-09-24 12:45:54,633 - RLController - INFO -   Action hash: 1130198176408943199
2026-09-24 12:45:54,633 - RLController - INFO -   First 8 values: [ -7.152554 -10.       -10.       -10.       -10.       -10.
 -10.       -10.      ]
2026-09-24 12:45:54,634 - RLController - INFO -   Last 8 values: [-10.        -10.        -10.        -10.        -10.         -1.7619355
 -10.        -10.       ]
2026-09-24 12:45:54,634 - RLController - INFO -   Action shape: (136,), min: -10.000000, max: 5.382352, mean: -9.225616
2026-09-24 12:45:54,634 - RLController - INFO -   B0 junction (indices 16-19) raw values: [ -9.706309 -10.       -10.       -10.      ]
2026-09-24 12:45:54,634 - RLController - INFO - Using CONTINUOUS DURATION-BASED mode
2026-09-24 12:45:54,635 - RLController - INFO -   Example: junction A0 -> durations [54, 12, 12, 12] (total: 90s)
2026-09-24 12:45:54,635 - RLController - INFO -   Example: junction A1 -> durations [24, 22, 22, 22] (total: 90s)
2026-09-24 12:45:54,635 - RLController - INFO -   Example: junction A2 -> durations [11, 11, 57, 11] (total: 90s)
2026-09-24 12:45:54,635 - RLController - INFO -   Example: junction A4 -> durations [60, 10, 10, 10] (total: 90s)
2026-09-24 12:45:54,636 - RLController - INFO -   Example: junction A5 -> durations [24, 22, 22, 22] (total: 90s)
2026-09-24 12:45:54,636 - RLController - INFO -   Example: junction B0 -> durations [24, 22, 22, 22] (total: 90s)
2026-09-24 12:45:54,636 - RLController - INFO -   Example: junction B1 -> durations [22, 24, 22, 22] (total: 90s)
2026-09-24 12:45:54,636 - RLController - INFO -   Example: junction B2 -> durations [24, 22, 22, 22] (total: 90s)
2026-09-24 12:45:54,636 - RLController - INFO -   Example: junction B4 -> durations [24, 22, 22, 22] (total: 90s)
2026-09-24 12:45:54,637 - RLController - INFO -   Example: junction B5 -> durations [60, 10, 10, 10] (total: 90s)
2026-09-24 12:45:54,637 - RLController - INFO -   Example: junction C0 -> durations [20, 20, 30, 20] (total: 90s)
2026-09-24 12:45:54,637 - RLController - INFO -   Example: junction C1 -> durations [24, 22, 22, 22] (total: 90s)
2026-09-24 12:45:54,637 - RLController - INFO -   Example: junction C2 -> durations [57, 13, 10, 10] (total: 90s)
2026-09-24 12:45:54,637 - RLController - INFO -   Example: junction C3 -> durations [60, 10, 10, 10] (total: 90s)
2026-09-24 12:45:54,638 - RLController - INFO -   Example: junction C4 -> durations [60, 10, 10, 10] (total: 90s)
2026-09-24 12:45:54,638 - RLController - INFO -   Example: junction C5 -> durations [57, 11, 11, 11] (total: 90s)
2026-09-24 12:45:54,638 - RLController - INFO -   Example: junction D0 -> durations [24, 22, 22, 22] (total: 90s)
2026-09-24 12:45:54,639 - RLController - INFO -   Example: junction D1 -> durations [20, 20, 30, 20] (total: 90s)
2026-09-24 12:45:54,639 - RLController - INFO -   Example: junction D2 -> durations [48, 14, 14, 14] (total: 90s)
2026-09-24 12:45:54,639 - RLController - INFO -   Example: junction D3 -> durations [24, 22, 22, 22] (total: 90s)
2026-09-24 12:45:54,639 - RLController - INFO -   Example: junction D4 -> durations [24, 22, 22, 22] (total: 90s)
2026-09-24 12:45:54,639 - RLController - INFO -   Example: junction D5 -> durations [13, 13, 51, 13] (total: 90s)
2026-09-24 12:45:54,640 - RLController - INFO -   Example: junction E0 -> durations [24, 22, 22, 22] (total: 90s)
2026-09-24 12:45:54,640 - RLController - INFO -   Example: junction E1 -> durations [24, 22, 22, 22] (total: 90s)
2026-09-24 12:45:54,641 - RLController - INFO -   Stored schedules for 34 junctions, cycle starts at step 2790
2026-09-24 12:45:57,827 - RLController - INFO - DIAGNOSTIC Step 2880 - Observation stats:
2026-09-24 12:45:57,828 - RLController - INFO -   Hash: -3412535752171145892, Min: 0.000000, Max: 1.000000, Mean: 0.413461, Std: 0.453856
2026-09-24 12:45:57,828 - RLController - INFO -   First 10: [1.        0.        0.        0.        0.        0.5287668 1.
 0.        0.        0.       ]
2026-09-24 12:45:57,828 - RLController - INFO -   Last 10: [0.         0.2        0.         0.08333334 0.42307693 0.00306303
 0.06910256 0.59361994 0.         0.3       ]
2026-09-24 12:45:57,832 - RLController - INFO - DIAGNOSTIC - Raw model action output:
2026-09-24 12:45:57,832 - RLController - INFO -   Action hash: -7686682508173795875
2026-09-24 12:45:57,833 - RLController - INFO -   First 8 values: [ -6.997792 -10.       -10.       -10.       -10.       -10.
 -10.       -10.      ]
2026-09-24 12:45:57,833 - RLController - INFO -   Last 8 values: [-10.       -10.       -10.       -10.       -10.        -3.044076
 -10.       -10.      ]
2026-09-24 12:45:57,833 - RLController - INFO -   Action shape: (136,), min: -10.000000, max: 5.228807, mean: -9.233968
2026-09-24 12:45:57,833 - RLController - INFO -   B0 junction (indices 16-19) raw values: [ -9.322953 -10.       -10.       -10.      ]
2026-09-24 12:45:57,833 - RLController - INFO - Using CONTINUOUS DURATION-BASED mode
2026-09-24 12:45:57,834 - RLController - INFO -   Example: junction A0 -> durations [54, 12, 12, 12] (total: 90s)
2026-09-24 12:45:57,834 - RLController - INFO -   Example: junction A1 -> durations [24, 22, 22, 22] (total: 90s)
2026-09-24 12:45:57,834 - RLController - INFO -   Example: junction A2 -> durations [11, 11, 57, 11] (total: 90s)
2026-09-24 12:45:57,834 - RLController - INFO -   Example: junction A4 -> durations [60, 10, 10, 10] (total: 90s)
2026-09-24 12:45:57,834 - RLController - INFO -   Example: junction A5 -> durations [30, 20, 20, 20] (total: 90s)
2026-09-24 12:45:57,834 - RLController - INFO -   Example: junction B0 -> durations [24, 22, 22, 22] (total: 90s)
2026-09-24 12:45:57,834 - RLController - INFO -   Example: junction B1 -> durations [22, 24, 22, 22] (total: 90s)
2026-09-24 12:45:57,834 - RLController - INFO -   Example: junction B2 -> durations [24, 22, 22, 22] (total: 90s)
2026-09-24 12:45:57,835 - RLController - INFO -   Example: junction B4 -> durations [24, 22, 22, 22] (total: 90s)
2026-09-24 12:45:57,835 - RLController - INFO -   Example: junction B5 -> durations [60, 10, 10, 10] (total: 90s)
2026-09-24 12:45:57,835 - RLController - INFO -   Example: junction C0 -> durations [20, 20, 30, 20] (total: 90s)
2026-09-24 12:45:57,835 - RLController - INFO -   Example: junction C1 -> durations [24, 22, 22, 22] (total: 90s)
2026-09-24 12:45:57,835 - RLController - INFO -   Example: junction C2 -> durations [58, 12, 10, 10] (total: 90s)
2026-09-24 12:45:57,835 - RLController - INFO -   Example: junction C3 -> durations [60, 10, 10, 10] (total: 90s)
2026-09-24 12:45:57,835 - RLController - INFO -   Example: junction C4 -> durations [60, 10, 10, 10] (total: 90s)
2026-09-24 12:45:57,835 - RLController - INFO -   Example: junction C5 -> durations [57, 11, 11, 11] (total: 90s)
2026-09-24 12:45:57,836 - RLController - INFO -   Example: junction D0 -> durations [22, 22, 24, 22] (total: 90s)
2026-09-24 12:45:57,836 - RLController - INFO -   Example: junction D1 -> durations [19, 19, 33, 19] (total: 90s)
2026-09-24 12:45:57,836 - RLController - INFO -   Example: junction D2 -> durations [48, 14, 14, 14] (total: 90s)
2026-09-24 12:45:57,836 - RLController - INFO -   Example: junction D3 -> durations [24, 22, 22, 22] (total: 90s)
2026-09-24 12:45:57,836 - RLController - INFO -   Example: junction D4 -> durations [24, 22, 22, 22] (total: 90s)
2026-09-24 12:45:57,836 - RLController - INFO -   Example: junction D5 -> durations [13, 13, 51, 13] (total: 90s)
2026-09-24 12:45:57,836 - RLController - INFO -   Example: junction E0 -> durations [24, 22, 22, 22] (total: 90s)
2026-09-24 12:45:57,836 - RLController - INFO -   Example: junction E1 -> durations [24, 22, 22, 22] (total: 90s)
2026-09-24 12:45:57,837 - RLController - INFO -   Stored schedules for 34 junctions, cycle starts at step 2880
2026-09-24 12:46:01,278 - RLController - INFO - DIAGNOSTIC Step 2970 - Observation stats:
2026-09-24 12:46:01,278 - RLController - INFO -   Hash: -259340463030662613, Min: 0.000000, Max: 1.000000, Mean: 0.423757, Std: 0.455266
2026-09-24 12:46:01,278 - RLController - INFO -   First 10: [1.        0.        0.        0.        0.        0.5287668 1.
 0.        0.        0.       ]
2026-09-24 12:46:01,278 - RLController - INFO -   Last 10: [0.         0.2        0.         0.08333334 0.4551282  0.00333626
 0.07068376 0.5623085  0.         0.3       ]
2026-09-24 12:46:01,283 - RLController - INFO - DIAGNOSTIC - Raw model action output:
2026-09-24 12:46:01,283 - RLController - INFO -   Action hash: 3191938647189967598
2026-09-24 12:46:01,283 - RLController - INFO -   First 8 values: [ -7.294786 -10.       -10.       -10.       -10.       -10.
 -10.       -10.      ]
2026-09-24 12:46:01,283 - RLController - INFO -   Last 8 values: [-10.       -10.       -10.       -10.       -10.        -4.049171
 -10.       -10.      ]
2026-09-24 12:46:01,284 - RLController - INFO -   Action shape: (136,), min: -10.000000, max: 4.978167, mean: -9.243152
2026-09-24 12:46:01,284 - RLController - INFO -   B0 junction (indices 16-19) raw values: [ -9.729596 -10.       -10.       -10.      ]
2026-09-24 12:46:01,284 - RLController - INFO - Using CONTINUOUS DURATION-BASED mode
2026-09-24 12:46:01,284 - RLController - INFO -   Example: junction A0 -> durations [51, 13, 13, 13] (total: 90s)
2026-09-24 12:46:01,284 - RLController - INFO -   Example: junction A1 -> durations [24, 22, 22, 22] (total: 90s)
2026-09-24 12:46:01,284 - RLController - INFO -   Example: junction A2 -> durations [12, 12, 54, 12] (total: 90s)
2026-09-24 12:46:01,284 - RLController - INFO -   Example: junction A4 -> durations [60, 10, 10, 10] (total: 90s)
2026-09-24 12:46:01,284 - RLController - INFO -   Example: junction A5 -> durations [24, 22, 22, 22] (total: 90s)
2026-09-24 12:46:01,284 - RLController - INFO -   Example: junction B0 -> durations [24, 22, 22, 22] (total: 90s)
2026-09-24 12:46:01,285 - RLController - INFO -   Example: junction B1 -> durations [24, 22, 22, 22] (total: 90s)
2026-09-24 12:46:01,285 - RLController - INFO -   Example: junction B2 -> durations [24, 22, 22, 22] (total: 90s)
2026-09-24 12:46:01,285 - RLController - INFO -   Example: junction B4 -> durations [24, 22, 22, 22] (total: 90s)
2026-09-24 12:46:01,285 - RLController - INFO -   Example: junction B5 -> durations [60, 10, 10, 10] (total: 90s)
2026-09-24 12:46:01,285 - RLController - INFO -   Example: junction C0 -> durations [19, 19, 33, 19] (total: 90s)
2026-09-24 12:46:01,285 - RLController - INFO -   Example: junction C1 -> durations [24, 22, 22, 22] (total: 90s)
2026-09-24 12:46:01,285 - RLController - INFO -   Example: junction C2 -> durations [56, 14, 10, 10] (total: 90s)
2026-09-24 12:46:01,285 - RLController - INFO -   Example: junction C3 -> durations [60, 10, 10, 10] (total: 90s)
2026-09-24 12:46:01,285 - RLController - INFO -   Example: junction C4 -> durations [60, 10, 10, 10] (total: 90s)
2026-09-24 12:46:01,286 - RLController - INFO -   Example: junction C5 -> durations [57, 11, 11, 11] (total: 90s)
2026-09-24 12:46:01,286 - RLController - INFO -   Example: junction D0 -> durations [24, 22, 22, 22] (total: 90s)
2026-09-24 12:46:01,286 - RLController - INFO -   Example: junction D1 -> durations [19, 19, 33, 19] (total: 90s)
2026-09-24 12:46:01,286 - RLController - INFO -   Example: junction D2 -> durations [51, 13, 13, 13] (total: 90s)
2026-09-24 12:46:01,286 - RLController - INFO -   Example: junction D3 -> durations [24, 22, 22, 22] (total: 90s)
2026-09-24 12:46:01,286 - RLController - INFO -   Example: junction D4 -> durations [24, 22, 22, 22] (total: 90s)
2026-09-24 12:46:01,286 - RLController - INFO -   Example: junction D5 -> durations [13, 13, 51, 13] (total: 90s)
2026-09-24 12:46:01,286 - RLController - INFO -   Example: junction E0 -> durations [24, 22, 22, 22] (total: 90s)
2026-09-24 12:46:01,286 - RLController - INFO -   Example: junction E1 -> durations [24, 22, 22, 22] (total: 90s)
2026-09-24 12:46:01,287 - RLController - INFO -   Stored schedules for 34 junctions, cycle starts at step 2970
2026-09-24 12:46:04,448 - RLController - INFO - DIAGNOSTIC Step 3060 - Observation stats:
2026-09-24 12:46:04,448 - RLController - INFO -   Hash: 3161473048518648465, Min: 0.000000, Max: 1.000000, Mean: 0.420541, Std: 0.453608
2026-09-24 12:46:04,449 - RLController - INFO -   First 10: [1.        0.        0.        0.        0.        0.5287668 1.
 0.        0.        0.       ]
2026-09-24 12:46:04,449 - RLController - INFO -   Last 10: [0.         0.2        0.         0.08333334 0.4679487  0.0034275
 0.07346154 0.55086875 0.         0.3       ]
2026-09-24 12:46:04,453 - RLController - INFO - DIAGNOSTIC - Raw model action output:
2026-09-24 12:46:04,454 - RLController - INFO -   Action hash: 248766538292298184
2026-09-24 12:46:04,454 - RLController - INFO -   First 8 values: [ -7.4103093 -10.        -10.        -10.        -10.        -10.
 -10.        -10.       ]
2026-09-24 12:46:04,454 - RLController - INFO -   Last 8 values: [-10.        -10.        -10.        -10.        -10.         -2.3865235
 -10.        -10.       ]
2026-09-24 12:46:04,454 - RLController - INFO -   Action shape: (136,), min: -10.000000, max: 5.361638, mean: -9.268405
2026-09-24 12:46:04,454 - RLController - INFO -   B0 junction (indices 16-19) raw values: [ -9.554587 -10.       -10.       -10.      ]
2026-09-24 12:46:04,454 - RLController - INFO - Using CONTINUOUS DURATION-BASED mode
2026-09-24 12:46:04,455 - RLController - INFO -   Example: junction A0 -> durations [51, 13, 13, 13] (total: 90s)
2026-09-24 12:46:04,455 - RLController - INFO -   Example: junction A1 -> durations [24, 22, 22, 22] (total: 90s)
2026-09-24 12:46:04,455 - RLController - INFO -   Example: junction A2 -> durations [12, 12, 54, 12] (total: 90s)
2026-09-24 12:46:04,455 - RLController - INFO -   Example: junction A4 -> durations [60, 10, 10, 10] (total: 90s)
2026-09-24 12:46:04,455 - RLController - INFO -   Example: junction A5 -> durations [27, 21, 21, 21] (total: 90s)
2026-09-24 12:46:04,455 - RLController - INFO -   Example: junction B0 -> durations [24, 22, 22, 22] (total: 90s)
2026-09-24 12:46:04,455 - RLController - INFO -   Example: junction B1 -> durations [24, 22, 22, 22] (total: 90s)
2026-09-24 12:46:04,455 - RLController - INFO -   Example: junction B2 -> durations [24, 22, 22, 22] (total: 90s)
2026-09-24 12:46:04,456 - RLController - INFO -   Example: junction B4 -> durations [24, 22, 22, 22] (total: 90s)
2026-09-24 12:46:04,456 - RLController - INFO -   Example: junction B5 -> durations [60, 10, 10, 10] (total: 90s)
2026-09-24 12:46:04,456 - RLController - INFO -   Example: junction C0 -> durations [21, 21, 27, 21] (total: 90s)
2026-09-24 12:46:04,456 - RLController - INFO -   Example: junction C1 -> durations [24, 22, 22, 22] (total: 90s)
2026-09-24 12:46:04,456 - RLController - INFO -   Example: junction C2 -> durations [57, 13, 10, 10] (total: 90s)
2026-09-24 12:46:04,456 - RLController - INFO -   Example: junction C3 -> durations [60, 10, 10, 10] (total: 90s)
2026-09-24 12:46:04,456 - RLController - INFO -   Example: junction C4 -> durations [60, 10, 10, 10] (total: 90s)
2026-09-24 12:46:04,456 - RLController - INFO -   Example: junction C5 -> durations [57, 11, 11, 11] (total: 90s)
2026-09-24 12:46:04,457 - RLController - INFO -   Example: junction D0 -> durations [24, 22, 22, 22] (total: 90s)
2026-09-24 12:46:04,457 - RLController - INFO -   Example: junction D1 -> durations [21, 21, 27, 21] (total: 90s)
2026-09-24 12:46:04,457 - RLController - INFO -   Example: junction D2 -> durations [48, 14, 14, 14] (total: 90s)
2026-09-24 12:46:04,457 - RLController - INFO -   Example: junction D3 -> durations [24, 22, 22, 22] (total: 90s)
2026-09-24 12:46:04,457 - RLController - INFO -   Example: junction D4 -> durations [24, 22, 22, 22] (total: 90s)
2026-09-24 12:46:04,457 - RLController - INFO -   Example: junction D5 -> durations [13, 13, 51, 13] (total: 90s)
2026-09-24 12:46:04,457 - RLController - INFO -   Example: junction E0 -> durations [24, 22, 22, 22] (total: 90s)
2026-09-24 12:46:04,457 - RLController - INFO -   Example: junction E1 -> durations [24, 22, 22, 22] (total: 90s)
2026-09-24 12:46:04,458 - RLController - INFO -   Stored schedules for 34 junctions, cycle starts at step 3060
2026-09-24 12:46:07,839 - RLController - INFO - DIAGNOSTIC Step 3150 - Observation stats:
2026-09-24 12:46:07,840 - RLController - INFO -   Hash: 6045033696513657803, Min: 0.000000, Max: 1.000000, Mean: 0.432205, Std: 0.456300
2026-09-24 12:46:07,840 - RLController - INFO -   First 10: [1.         0.         0.         0.         0.         0.5287668
 0.         0.         0.99333334 1.        ]
2026-09-24 12:46:07,841 - RLController - INFO -   Last 10: [0.         0.2        0.         0.08333334 0.49358973 0.00380243
 0.07461538 0.52645147 0.         0.3       ]
2026-09-24 12:46:07,848 - RLController - INFO - DIAGNOSTIC - Raw model action output:
2026-09-24 12:46:07,848 - RLController - INFO -   Action hash: 5080282174631056147
2026-09-24 12:46:07,849 - RLController - INFO -   First 8 values: [ -7.4515405 -10.        -10.        -10.        -10.        -10.
 -10.        -10.       ]
2026-09-24 12:46:07,849 - RLController - INFO -   Last 8 values: [-10.       -10.       -10.       -10.       -10.        -2.316088
 -10.       -10.      ]
2026-09-24 12:46:07,849 - RLController - INFO -   Action shape: (136,), min: -10.000000, max: 4.773552, mean: -9.266478
2026-09-24 12:46:07,849 - RLController - INFO -   B0 junction (indices 16-19) raw values: [ -9.923476 -10.       -10.       -10.      ]
2026-09-24 12:46:07,849 - RLController - INFO - Using CONTINUOUS DURATION-BASED mode
2026-09-24 12:46:07,849 - RLController - INFO -   Example: junction A0 -> durations [51, 13, 13, 13] (total: 90s)
2026-09-24 12:46:07,850 - RLController - INFO -   Example: junction A1 -> durations [24, 22, 22, 22] (total: 90s)
2026-09-24 12:46:07,850 - RLController - INFO -   Example: junction A2 -> durations [12, 12, 54, 12] (total: 90s)
2026-09-24 12:46:07,850 - RLController - INFO -   Example: junction A4 -> durations [60, 10, 10, 10] (total: 90s)
2026-09-24 12:46:07,850 - RLController - INFO -   Example: junction A5 -> durations [24, 22, 22, 22] (total: 90s)
2026-09-24 12:46:07,850 - RLController - INFO -   Example: junction B0 -> durations [24, 22, 22, 22] (total: 90s)
2026-09-24 12:46:07,850 - RLController - INFO -   Example: junction B1 -> durations [22, 24, 22, 22] (total: 90s)
2026-09-24 12:46:07,850 - RLController - INFO -   Example: junction B2 -> durations [24, 22, 22, 22] (total: 90s)
2026-09-24 12:46:07,850 - RLController - INFO -   Example: junction B4 -> durations [24, 22, 22, 22] (total: 90s)
2026-09-24 12:46:07,851 - RLController - INFO -   Example: junction B5 -> durations [60, 10, 10, 10] (total: 90s)
2026-09-24 12:46:07,851 - RLController - INFO -   Example: junction C0 -> durations [22, 22, 24, 22] (total: 90s)
2026-09-24 12:46:07,851 - RLController - INFO -   Example: junction C1 -> durations [24, 22, 22, 22] (total: 90s)
2026-09-24 12:46:07,851 - RLController - INFO -   Example: junction C2 -> durations [54, 16, 10, 10] (total: 90s)
2026-09-24 12:46:07,851 - RLController - INFO -   Example: junction C3 -> durations [60, 10, 10, 10] (total: 90s)
2026-09-24 12:46:07,851 - RLController - INFO -   Example: junction C4 -> durations [57, 11, 11, 11] (total: 90s)
2026-09-24 12:46:07,851 - RLController - INFO -   Example: junction C5 -> durations [57, 11, 11, 11] (total: 90s)
2026-09-24 12:46:07,851 - RLController - INFO -   Example: junction D0 -> durations [24, 22, 22, 22] (total: 90s)
2026-09-24 12:46:07,852 - RLController - INFO -   Example: junction D1 -> durations [21, 21, 27, 21] (total: 90s)
2026-09-24 12:46:07,852 - RLController - INFO -   Example: junction D2 -> durations [48, 14, 14, 14] (total: 90s)
2026-09-24 12:46:07,852 - RLController - INFO -   Example: junction D3 -> durations [24, 22, 22, 22] (total: 90s)
2026-09-24 12:46:07,852 - RLController - INFO -   Example: junction D4 -> durations [24, 22, 22, 22] (total: 90s)
2026-09-24 12:46:07,852 - RLController - INFO -   Example: junction D5 -> durations [13, 13, 51, 13] (total: 90s)
2026-09-24 12:46:07,852 - RLController - INFO -   Example: junction E0 -> durations [24, 22, 22, 22] (total: 90s)
2026-09-24 12:46:07,852 - RLController - INFO -   Example: junction E1 -> durations [24, 22, 22, 22] (total: 90s)
2026-09-24 12:46:07,853 - RLController - INFO -   Stored schedules for 34 junctions, cycle starts at step 3150
2026-09-24 12:46:11,132 - RLController - INFO - DIAGNOSTIC Step 3240 - Observation stats:
2026-09-24 12:46:11,133 - RLController - INFO -   Hash: 9024355424312512614, Min: 0.000000, Max: 1.000000, Mean: 0.432333, Std: 0.455819
2026-09-24 12:46:11,133 - RLController - INFO -   First 10: [1.         0.         0.         0.         0.         0.5287668
 0.         0.         0.99333334 1.        ]
2026-09-24 12:46:11,133 - RLController - INFO -   Last 10: [0.         0.2        0.         0.08333334 0.491453   0.00315609
 0.07444444 0.5281641  0.         0.3       ]
2026-09-24 12:46:11,138 - RLController - INFO - DIAGNOSTIC - Raw model action output:
2026-09-24 12:46:11,138 - RLController - INFO -   Action hash: -7355979252094564806
2026-09-24 12:46:11,138 - RLController - INFO -   First 8 values: [ -7.1254306 -10.        -10.        -10.        -10.        -10.
 -10.        -10.       ]
2026-09-24 12:46:11,138 - RLController - INFO -   Last 8 values: [-10.        -10.        -10.        -10.        -10.         -3.4939559
 -10.        -10.       ]
2026-09-24 12:46:11,139 - RLController - INFO -   Action shape: (136,), min: -10.000000, max: 4.991780, mean: -9.265160
2026-09-24 12:46:11,139 - RLController - INFO -   B0 junction (indices 16-19) raw values: [-10. -10. -10. -10.]
2026-09-24 12:46:11,139 - RLController - INFO - Using CONTINUOUS DURATION-BASED mode
2026-09-24 12:46:11,139 - RLController - INFO -   Example: junction A0 -> durations [54, 12, 12, 12] (total: 90s)
2026-09-24 12:46:11,139 - RLController - INFO -   Example: junction A1 -> durations [24, 22, 22, 22] (total: 90s)
2026-09-24 12:46:11,139 - RLController - INFO -   Example: junction A2 -> durations [12, 12, 54, 12] (total: 90s)
2026-09-24 12:46:11,139 - RLController - INFO -   Example: junction A4 -> durations [60, 10, 10, 10] (total: 90s)
2026-09-24 12:46:11,140 - RLController - INFO -   Example: junction A5 -> durations [24, 22, 22, 22] (total: 90s)
2026-09-24 12:46:11,140 - RLController - INFO -   Example: junction B0 -> durations [24, 22, 22, 22] (total: 90s)
2026-09-24 12:46:11,140 - RLController - INFO -   Example: junction B1 -> durations [22, 24, 22, 22] (total: 90s)
2026-09-24 12:46:11,140 - RLController - INFO -   Example: junction B2 -> durations [24, 22, 22, 22] (total: 90s)
2026-09-24 12:46:11,140 - RLController - INFO -   Example: junction B4 -> durations [24, 22, 22, 22] (total: 90s)
2026-09-24 12:46:11,140 - RLController - INFO -   Example: junction B5 -> durations [60, 10, 10, 10] (total: 90s)
2026-09-24 12:46:11,140 - RLController - INFO -   Example: junction C0 -> durations [20, 20, 30, 20] (total: 90s)
2026-09-24 12:46:11,140 - RLController - INFO -   Example: junction C1 -> durations [24, 22, 22, 22] (total: 90s)
2026-09-24 12:46:11,141 - RLController - INFO -   Example: junction C2 -> durations [56, 14, 10, 10] (total: 90s)
2026-09-24 12:46:11,141 - RLController - INFO -   Example: junction C3 -> durations [60, 10, 10, 10] (total: 90s)
2026-09-24 12:46:11,141 - RLController - INFO -   Example: junction C4 -> durations [60, 10, 10, 10] (total: 90s)
2026-09-24 12:46:11,141 - RLController - INFO -   Example: junction C5 -> durations [57, 11, 11, 11] (total: 90s)
2026-09-24 12:46:11,141 - RLController - INFO -   Example: junction D0 -> durations [24, 22, 22, 22] (total: 90s)
2026-09-24 12:46:11,141 - RLController - INFO -   Example: junction D1 -> durations [20, 20, 30, 20] (total: 90s)
2026-09-24 12:46:11,141 - RLController - INFO -   Example: junction D2 -> durations [45, 15, 15, 15] (total: 90s)
2026-09-24 12:46:11,142 - RLController - INFO -   Example: junction D3 -> durations [24, 22, 22, 22] (total: 90s)
2026-09-24 12:46:11,142 - RLController - INFO -   Example: junction D4 -> durations [24, 22, 22, 22] (total: 90s)
2026-09-24 12:46:11,142 - RLController - INFO -   Example: junction D5 -> durations [13, 13, 51, 13] (total: 90s)
2026-09-24 12:46:11,142 - RLController - INFO -   Example: junction E0 -> durations [24, 22, 22, 22] (total: 90s)
2026-09-24 12:46:11,142 - RLController - INFO -   Example: junction E1 -> durations [24, 22, 22, 22] (total: 90s)
2026-09-24 12:46:11,143 - RLController - INFO -   Stored schedules for 34 junctions, cycle starts at step 3240
2026-09-24 12:46:14,129 - RLController - INFO - DIAGNOSTIC Step 3330 - Observation stats:
2026-09-24 12:46:14,129 - RLController - INFO -   Hash: 6591414421313579323, Min: 0.000000, Max: 1.000000, Mean: 0.428296, Std: 0.454486
2026-09-24 12:46:14,129 - RLController - INFO -   First 10: [1.         0.         0.         0.         0.         0.5287668
 0.         0.         0.99333334 1.        ]
2026-09-24 12:46:14,130 - RLController - INFO -   Last 10: [0.         0.2        0.         0.08333334 0.4722222  0.00300658
 0.0741453  0.54305005 0.         0.3       ]
2026-09-24 12:46:14,135 - RLController - INFO - DIAGNOSTIC - Raw model action output:
2026-09-24 12:46:14,135 - RLController - INFO -   Action hash: 7261426810874862183
2026-09-24 12:46:14,135 - RLController - INFO -   First 8 values: [ -7.344482 -10.       -10.       -10.       -10.       -10.
 -10.       -10.      ]
2026-09-24 12:46:14,135 - RLController - INFO -   Last 8 values: [-10.        -10.        -10.        -10.        -10.         -1.6455386
 -10.        -10.       ]
2026-09-24 12:46:14,135 - RLController - INFO -   Action shape: (136,), min: -10.000000, max: 5.310881, mean: -9.264133
2026-09-24 12:46:14,136 - RLController - INFO -   B0 junction (indices 16-19) raw values: [-10. -10. -10. -10.]
2026-09-24 12:46:14,136 - RLController - INFO - Using CONTINUOUS DURATION-BASED mode
2026-09-24 12:46:14,136 - RLController - INFO -   Example: junction A0 -> durations [51, 13, 13, 13] (total: 90s)
2026-09-24 12:46:14,136 - RLController - INFO -   Example: junction A1 -> durations [24, 22, 22, 22] (total: 90s)
2026-09-24 12:46:14,136 - RLController - INFO -   Example: junction A2 -> durations [12, 12, 54, 12] (total: 90s)
2026-09-24 12:46:14,136 - RLController - INFO -   Example: junction A4 -> durations [60, 10, 10, 10] (total: 90s)
2026-09-24 12:46:14,136 - RLController - INFO -   Example: junction A5 -> durations [24, 22, 22, 22] (total: 90s)
2026-09-24 12:46:14,137 - RLController - INFO -   Example: junction B0 -> durations [24, 22, 22, 22] (total: 90s)
2026-09-24 12:46:14,137 - RLController - INFO -   Example: junction B1 -> durations [24, 22, 22, 22] (total: 90s)
2026-09-24 12:46:14,137 - RLController - INFO -   Example: junction B2 -> durations [24, 22, 22, 22] (total: 90s)
2026-09-24 12:46:14,137 - RLController - INFO -   Example: junction B4 -> durations [24, 22, 22, 22] (total: 90s)
2026-09-24 12:46:14,137 - RLController - INFO -   Example: junction B5 -> durations [60, 10, 10, 10] (total: 90s)
2026-09-24 12:46:14,137 - RLController - INFO -   Example: junction C0 -> durations [21, 21, 27, 21] (total: 90s)
2026-09-24 12:46:14,137 - RLController - INFO -   Example: junction C1 -> durations [24, 22, 22, 22] (total: 90s)
2026-09-24 12:46:14,137 - RLController - INFO -   Example: junction C2 -> durations [57, 13, 10, 10] (total: 90s)
2026-09-24 12:46:14,138 - RLController - INFO -   Example: junction C3 -> durations [60, 10, 10, 10] (total: 90s)
2026-09-24 12:46:14,138 - RLController - INFO -   Example: junction C4 -> durations [57, 11, 11, 11] (total: 90s)
2026-09-24 12:46:14,138 - RLController - INFO -   Example: junction C5 -> durations [57, 11, 11, 11] (total: 90s)
2026-09-24 12:46:14,138 - RLController - INFO -   Example: junction D0 -> durations [24, 22, 22, 22] (total: 90s)
2026-09-24 12:46:14,138 - RLController - INFO -   Example: junction D1 -> durations [20, 20, 30, 20] (total: 90s)
2026-09-24 12:46:14,138 - RLController - INFO -   Example: junction D2 -> durations [48, 14, 14, 14] (total: 90s)
2026-09-24 12:46:14,138 - RLController - INFO -   Example: junction D3 -> durations [24, 22, 22, 22] (total: 90s)
2026-09-24 12:46:14,138 - RLController - INFO -   Example: junction D4 -> durations [24, 22, 22, 22] (total: 90s)
2026-09-24 12:46:14,138 - RLController - INFO -   Example: junction D5 -> durations [13, 13, 51, 13] (total: 90s)
2026-09-24 12:46:14,139 - RLController - INFO -   Example: junction E0 -> durations [24, 22, 22, 22] (total: 90s)
2026-09-24 12:46:14,139 - RLController - INFO -   Example: junction E1 -> durations [24, 22, 22, 22] (total: 90s)
2026-09-24 12:46:14,140 - RLController - INFO -   Stored schedules for 34 junctions, cycle starts at step 3330
2026-09-24 12:46:17,036 - RLController - INFO - DIAGNOSTIC Step 3420 - Observation stats:
2026-09-24 12:46:17,036 - RLController - INFO -   Hash: 643985106779673286, Min: 0.000000, Max: 1.000000, Mean: 0.433906, Std: 0.456759
2026-09-24 12:46:17,036 - RLController - INFO -   First 10: [1.        0.        0.        0.        0.        0.5287668 1.
 0.        0.        0.       ]
2026-09-24 12:46:17,036 - RLController - INFO -   Last 10: [0.         0.2        0.         0.08333334 0.48931623 0.00297853
 0.07474359 0.5241672  0.         0.3       ]
2026-09-24 12:46:17,040 - RLController - INFO - DIAGNOSTIC - Raw model action output:
2026-09-24 12:46:17,040 - RLController - INFO -   Action hash: -3516970432492467309
2026-09-24 12:46:17,040 - RLController - INFO -   First 8 values: [ -7.5078506 -10.        -10.        -10.        -10.        -10.
 -10.        -10.       ]
2026-09-24 12:46:17,040 - RLController - INFO -   Last 8 values: [-10.       -10.       -10.       -10.       -10.        -1.220784
 -10.       -10.      ]
2026-09-24 12:46:17,041 - RLController - INFO -   Action shape: (136,), min: -10.000000, max: 5.127201, mean: -9.275459
2026-09-24 12:46:17,041 - RLController - INFO -   B0 junction (indices 16-19) raw values: [-10. -10. -10. -10.]
2026-09-24 12:46:17,041 - RLController - INFO - Using CONTINUOUS DURATION-BASED mode
2026-09-24 12:46:17,041 - RLController - INFO -   Example: junction A0 -> durations [51, 13, 13, 13] (total: 90s)
2026-09-24 12:46:17,041 - RLController - INFO -   Example: junction A1 -> durations [24, 22, 22, 22] (total: 90s)
2026-09-24 12:46:17,041 - RLController - INFO -   Example: junction A2 -> durations [12, 12, 54, 12] (total: 90s)
2026-09-24 12:46:17,041 - RLController - INFO -   Example: junction A4 -> durations [60, 10, 10, 10] (total: 90s)
2026-09-24 12:46:17,041 - RLController - INFO -   Example: junction A5 -> durations [24, 22, 22, 22] (total: 90s)
2026-09-24 12:46:17,041 - RLController - INFO -   Example: junction B0 -> durations [24, 22, 22, 22] (total: 90s)
2026-09-24 12:46:17,042 - RLController - INFO -   Example: junction B1 -> durations [24, 22, 22, 22] (total: 90s)
2026-09-24 12:46:17,042 - RLController - INFO -   Example: junction B2 -> durations [24, 22, 22, 22] (total: 90s)
2026-09-24 12:46:17,042 - RLController - INFO -   Example: junction B4 -> durations [24, 22, 22, 22] (total: 90s)
2026-09-24 12:46:17,042 - RLController - INFO -   Example: junction B5 -> durations [60, 10, 10, 10] (total: 90s)
2026-09-24 12:46:17,042 - RLController - INFO -   Example: junction C0 -> durations [22, 22, 24, 22] (total: 90s)
2026-09-24 12:46:17,042 - RLController - INFO -   Example: junction C1 -> durations [24, 22, 22, 22] (total: 90s)
2026-09-24 12:46:17,042 - RLController - INFO -   Example: junction C2 -> durations [57, 13, 10, 10] (total: 90s)
2026-09-24 12:46:17,042 - RLController - INFO -   Example: junction C3 -> durations [60, 10, 10, 10] (total: 90s)
2026-09-24 12:46:17,042 - RLController - INFO -   Example: junction C4 -> durations [57, 11, 11, 11] (total: 90s)
2026-09-24 12:46:17,042 - RLController - INFO -   Example: junction C5 -> durations [57, 11, 11, 11] (total: 90s)
2026-09-24 12:46:17,043 - RLController - INFO -   Example: junction D0 -> durations [24, 22, 22, 22] (total: 90s)
2026-09-24 12:46:17,043 - RLController - INFO -   Example: junction D1 -> durations [21, 21, 27, 21] (total: 90s)
2026-09-24 12:46:17,043 - RLController - INFO -   Example: junction D2 -> durations [42, 16, 16, 16] (total: 90s)
2026-09-24 12:46:17,043 - RLController - INFO -   Example: junction D3 -> durations [24, 22, 22, 22] (total: 90s)
2026-09-24 12:46:17,043 - RLController - INFO -   Example: junction D4 -> durations [24, 22, 22, 22] (total: 90s)
2026-09-24 12:46:17,043 - RLController - INFO -   Example: junction D5 -> durations [13, 13, 51, 13] (total: 90s)
2026-09-24 12:46:17,043 - RLController - INFO -   Example: junction E0 -> durations [24, 22, 22, 22] (total: 90s)
2026-09-24 12:46:17,043 - RLController - INFO -   Example: junction E1 -> durations [24, 22, 22, 22] (total: 90s)
2026-09-24 12:46:17,044 - RLController - INFO -   Stored schedules for 34 junctions, cycle starts at step 3420
2026-09-24 12:46:20,362 - RLController - INFO - DIAGNOSTIC Step 3510 - Observation stats:
2026-09-24 12:46:20,363 - RLController - INFO -   Hash: 7262625733679313207, Min: 0.000000, Max: 1.000000, Mean: 0.433676, Std: 0.456246
2026-09-24 12:46:20,363 - RLController - INFO -   First 10: [1.        0.        0.        0.        0.        0.5287668 1.
 0.        0.        0.       ]
2026-09-24 12:46:20,364 - RLController - INFO -   Last 10: [0.         0.2        0.         0.08333334 0.49786323 0.00372015
 0.07611111 0.5269537  0.         0.3       ]
2026-09-24 12:46:20,370 - RLController - INFO - DIAGNOSTIC - Raw model action output:
2026-09-24 12:46:20,370 - RLController - INFO -   Action hash: -1244293125000991211
2026-09-24 12:46:20,370 - RLController - INFO -   First 8 values: [ -7.278971 -10.       -10.       -10.       -10.       -10.
 -10.       -10.      ]
2026-09-24 12:46:20,371 - RLController - INFO -   Last 8 values: [-10.        -10.        -10.        -10.        -10.         -2.0543988
 -10.        -10.       ]
2026-09-24 12:46:20,371 - RLController - INFO -   Action shape: (136,), min: -10.000000, max: 4.778249, mean: -9.251687
2026-09-24 12:46:20,371 - RLController - INFO -   B0 junction (indices 16-19) raw values: [ -9.88621 -10.      -10.      -10.     ]
2026-09-24 12:46:20,371 - RLController - INFO - Using CONTINUOUS DURATION-BASED mode
2026-09-24 12:46:20,371 - RLController - INFO -   Example: junction A0 -> durations [51, 13, 13, 13] (total: 90s)
2026-09-24 12:46:20,372 - RLController - INFO -   Example: junction A1 -> durations [24, 22, 22, 22] (total: 90s)
2026-09-24 12:46:20,372 - RLController - INFO -   Example: junction A2 -> durations [12, 12, 54, 12] (total: 90s)
2026-09-24 12:46:20,372 - RLController - INFO -   Example: junction A4 -> durations [60, 10, 10, 10] (total: 90s)
2026-09-24 12:46:20,372 - RLController - INFO -   Example: junction A5 -> durations [24, 22, 22, 22] (total: 90s)
2026-09-24 12:46:20,372 - RLController - INFO -   Example: junction B0 -> durations [24, 22, 22, 22] (total: 90s)
2026-09-24 12:46:20,372 - RLController - INFO -   Example: junction B1 -> durations [24, 22, 22, 22] (total: 90s)
2026-09-24 12:46:20,372 - RLController - INFO -   Example: junction B2 -> durations [24, 22, 22, 22] (total: 90s)
2026-09-24 12:46:20,372 - RLController - INFO -   Example: junction B4 -> durations [24, 22, 22, 22] (total: 90s)
2026-09-24 12:46:20,373 - RLController - INFO -   Example: junction B5 -> durations [60, 10, 10, 10] (total: 90s)
2026-09-24 12:46:20,373 - RLController - INFO -   Example: junction C0 -> durations [20, 20, 30, 20] (total: 90s)
2026-09-24 12:46:20,373 - RLController - INFO -   Example: junction C1 -> durations [24, 22, 22, 22] (total: 90s)
2026-09-24 12:46:20,373 - RLController - INFO -   Example: junction C2 -> durations [55, 15, 10, 10] (total: 90s)
2026-09-24 12:46:20,373 - RLController - INFO -   Example: junction C3 -> durations [60, 10, 10, 10] (total: 90s)
2026-09-24 12:46:20,373 - RLController - INFO -   Example: junction C4 -> durations [57, 11, 11, 11] (total: 90s)
2026-09-24 12:46:20,373 - RLController - INFO -   Example: junction C5 -> durations [57, 11, 11, 11] (total: 90s)
2026-09-24 12:46:20,373 - RLController - INFO -   Example: junction D0 -> durations [24, 22, 22, 22] (total: 90s)
2026-09-24 12:46:20,373 - RLController - INFO -   Example: junction D1 -> durations [20, 20, 30, 20] (total: 90s)
2026-09-24 12:46:20,374 - RLController - INFO -   Example: junction D2 -> durations [48, 14, 14, 14] (total: 90s)
2026-09-24 12:46:20,374 - RLController - INFO -   Example: junction D3 -> durations [24, 22, 22, 22] (total: 90s)
2026-09-24 12:46:20,374 - RLController - INFO -   Example: junction D4 -> durations [24, 22, 22, 22] (total: 90s)
2026-09-24 12:46:20,374 - RLController - INFO -   Example: junction D5 -> durations [13, 13, 51, 13] (total: 90s)
2026-09-24 12:46:20,374 - RLController - INFO -   Example: junction E0 -> durations [24, 22, 22, 22] (total: 90s)
2026-09-24 12:46:20,374 - RLController - INFO -   Example: junction E1 -> durations [24, 22, 22, 22] (total: 90s)
2026-09-24 12:46:20,375 - RLController - INFO -   Stored schedules for 34 junctions, cycle starts at step 3510
2026-09-24 12:46:23,515 - RLController - INFO - DIAGNOSTIC Step 3600 - Observation stats:
2026-09-24 12:46:23,515 - RLController - INFO -   Hash: 2046630740952163259, Min: 0.000000, Max: 1.000000, Mean: 0.428830, Std: 0.455981
2026-09-24 12:46:23,516 - RLController - INFO -   First 10: [1.         0.         0.         0.         0.         0.5287668
 0.         0.         0.99333334 1.        ]
2026-09-24 12:46:23,516 - RLController - INFO -   Last 10: [0.         0.2        0.         0.08333334 0.4764957  0.00307425
 0.07769231 0.5410665  0.         0.3       ]
2026-09-24 12:46:23,520 - RLController - INFO - DIAGNOSTIC - Raw model action output:
2026-09-24 12:46:23,520 - RLController - INFO -   Action hash: -4169413684847675564
2026-09-24 12:46:23,520 - RLController - INFO -   First 8 values: [ -7.4105496 -10.        -10.        -10.        -10.        -10.
 -10.        -10.       ]
2026-09-24 12:46:23,520 - RLController - INFO -   Last 8 values: [-10.        -10.        -10.        -10.        -10.         -2.9419873
 -10.        -10.       ]
2026-09-24 12:46:23,520 - RLController - INFO -   Action shape: (136,), min: -10.000000, max: 5.219437, mean: -9.235386
2026-09-24 12:46:23,520 - RLController - INFO -   B0 junction (indices 16-19) raw values: [ -9.762527 -10.       -10.       -10.      ]
2026-09-24 12:46:23,520 - RLController - INFO - Using CONTINUOUS DURATION-BASED mode
2026-09-24 12:46:23,521 - RLController - INFO -   Example: junction A0 -> durations [51, 13, 13, 13] (total: 90s)
2026-09-24 12:46:23,521 - RLController - INFO -   Example: junction A1 -> durations [24, 22, 22, 22] (total: 90s)
2026-09-24 12:46:23,521 - RLController - INFO -   Example: junction A2 -> durations [12, 12, 54, 12] (total: 90s)
2026-09-24 12:46:23,521 - RLController - INFO -   Example: junction A4 -> durations [60, 10, 10, 10] (total: 90s)
2026-09-24 12:46:23,521 - RLController - INFO -   Example: junction A5 -> durations [24, 22, 22, 22] (total: 90s)
2026-09-24 12:46:23,521 - RLController - INFO -   Example: junction B0 -> durations [24, 22, 22, 22] (total: 90s)
2026-09-24 12:46:23,521 - RLController - INFO -   Example: junction B1 -> durations [24, 22, 22, 22] (total: 90s)
2026-09-24 12:46:23,521 - RLController - INFO -   Example: junction B2 -> durations [24, 22, 22, 22] (total: 90s)
2026-09-24 12:46:23,521 - RLController - INFO -   Example: junction B4 -> durations [24, 22, 22, 22] (total: 90s)
2026-09-24 12:46:23,522 - RLController - INFO -   Example: junction B5 -> durations [60, 10, 10, 10] (total: 90s)
2026-09-24 12:46:23,522 - RLController - INFO -   Example: junction C0 -> durations [20, 20, 30, 20] (total: 90s)
2026-09-24 12:46:23,522 - RLController - INFO -   Example: junction C1 -> durations [24, 22, 22, 22] (total: 90s)
2026-09-24 12:46:23,522 - RLController - INFO -   Example: junction C2 -> durations [56, 14, 10, 10] (total: 90s)
2026-09-24 12:46:23,522 - RLController - INFO -   Example: junction C3 -> durations [60, 10, 10, 10] (total: 90s)
2026-09-24 12:46:23,522 - RLController - INFO -   Example: junction C4 -> durations [60, 10, 10, 10] (total: 90s)
2026-09-24 12:46:23,522 - RLController - INFO -   Example: junction C5 -> durations [57, 11, 11, 11] (total: 90s)
2026-09-24 12:46:23,522 - RLController - INFO -   Example: junction D0 -> durations [24, 22, 22, 22] (total: 90s)
2026-09-24 12:46:23,522 - RLController - INFO -   Example: junction D1 -> durations [19, 19, 33, 19] (total: 90s)
2026-09-24 12:46:23,523 - RLController - INFO -   Example: junction D2 -> durations [48, 14, 14, 14] (total: 90s)
2026-09-24 12:46:23,523 - RLController - INFO -   Example: junction D3 -> durations [24, 22, 22, 22] (total: 90s)
2026-09-24 12:46:23,523 - RLController - INFO -   Example: junction D4 -> durations [24, 22, 22, 22] (total: 90s)
2026-09-24 12:46:23,523 - RLController - INFO -   Example: junction D5 -> durations [12, 12, 54, 12] (total: 90s)
2026-09-24 12:46:23,523 - RLController - INFO -   Example: junction E0 -> durations [24, 22, 22, 22] (total: 90s)
2026-09-24 12:46:23,523 - RLController - INFO -   Example: junction E1 -> durations [24, 22, 22, 22] (total: 90s)
2026-09-24 12:46:23,524 - RLController - INFO -   Stored schedules for 34 junctions, cycle starts at step 3600
2026-09-24 12:46:26,935 - RLController - INFO - DIAGNOSTIC Step 3690 - Observation stats:
2026-09-24 12:46:26,936 - RLController - INFO -   Hash: 8802412706763015139, Min: 0.000000, Max: 1.000000, Mean: 0.436953, Std: 0.453835
2026-09-24 12:46:26,936 - RLController - INFO -   First 10: [1.         0.         0.         0.         0.         0.5287668
 0.         1.         0.99333334 1.        ]
2026-09-24 12:46:26,936 - RLController - INFO -   Last 10: [0.         0.2        0.         0.08333334 0.4871795  0.00347321
 0.07970086 0.53359807 0.         0.3       ]
2026-09-24 12:46:26,940 - RLController - INFO - DIAGNOSTIC - Raw model action output:
2026-09-24 12:46:26,940 - RLController - INFO -   Action hash: -1129798060392570588
2026-09-24 12:46:26,941 - RLController - INFO -   First 8 values: [ -7.6547923 -10.        -10.        -10.        -10.        -10.
 -10.        -10.       ]
2026-09-24 12:46:26,941 - RLController - INFO -   Last 8 values: [-10.       -10.       -10.       -10.       -10.        -2.649008
 -10.       -10.      ]
2026-09-24 12:46:26,942 - RLController - INFO -   Action shape: (136,), min: -10.000000, max: 5.084490, mean: -9.274469
2026-09-24 12:46:26,942 - RLController - INFO -   B0 junction (indices 16-19) raw values: [-10. -10. -10. -10.]
2026-09-24 12:46:26,942 - RLController - INFO - Using CONTINUOUS DURATION-BASED mode
2026-09-24 12:46:26,942 - RLController - INFO -   Example: junction A0 -> durations [48, 14, 14, 14] (total: 90s)
2026-09-24 12:46:26,942 - RLController - INFO -   Example: junction A1 -> durations [24, 22, 22, 22] (total: 90s)
2026-09-24 12:46:26,942 - RLController - INFO -   Example: junction A2 -> durations [12, 12, 54, 12] (total: 90s)
2026-09-24 12:46:26,942 - RLController - INFO -   Example: junction A4 -> durations [60, 10, 10, 10] (total: 90s)
2026-09-24 12:46:26,943 - RLController - INFO -   Example: junction A5 -> durations [24, 22, 22, 22] (total: 90s)
2026-09-24 12:46:26,943 - RLController - INFO -   Example: junction B0 -> durations [24, 22, 22, 22] (total: 90s)
2026-09-24 12:46:26,943 - RLController - INFO -   Example: junction B1 -> durations [24, 22, 22, 22] (total: 90s)
2026-09-24 12:46:26,943 - RLController - INFO -   Example: junction B2 -> durations [24, 22, 22, 22] (total: 90s)
2026-09-24 12:46:26,943 - RLController - INFO -   Example: junction B4 -> durations [24, 22, 22, 22] (total: 90s)
2026-09-24 12:46:26,943 - RLController - INFO -   Example: junction B5 -> durations [60, 10, 10, 10] (total: 90s)
2026-09-24 12:46:26,943 - RLController - INFO -   Example: junction C0 -> durations [22, 22, 24, 22] (total: 90s)
2026-09-24 12:46:26,943 - RLController - INFO -   Example: junction C1 -> durations [24, 22, 22, 22] (total: 90s)
2026-09-24 12:46:26,944 - RLController - INFO -   Example: junction C2 -> durations [57, 13, 10, 10] (total: 90s)
2026-09-24 12:46:26,944 - RLController - INFO -   Example: junction C3 -> durations [60, 10, 10, 10] (total: 90s)
2026-09-24 12:46:26,944 - RLController - INFO -   Example: junction C4 -> durations [60, 10, 10, 10] (total: 90s)
2026-09-24 12:46:26,944 - RLController - INFO -   Example: junction C5 -> durations [57, 11, 11, 11] (total: 90s)
2026-09-24 12:46:26,944 - RLController - INFO -   Example: junction D0 -> durations [24, 22, 22, 22] (total: 90s)
2026-09-24 12:46:26,944 - RLController - INFO -   Example: junction D1 -> durations [21, 21, 27, 21] (total: 90s)
2026-09-24 12:46:26,945 - RLController - INFO -   Example: junction D2 -> durations [45, 15, 15, 15] (total: 90s)
2026-09-24 12:46:26,945 - RLController - INFO -   Example: junction D3 -> durations [24, 22, 22, 22] (total: 90s)
2026-09-24 12:46:26,945 - RLController - INFO -   Example: junction D4 -> durations [24, 22, 22, 22] (total: 90s)
2026-09-24 12:46:26,945 - RLController - INFO -   Example: junction D5 -> durations [13, 13, 51, 13] (total: 90s)
2026-09-24 12:46:26,945 - RLController - INFO -   Example: junction E0 -> durations [24, 22, 22, 22] (total: 90s)
2026-09-24 12:46:26,945 - RLController - INFO -   Example: junction E1 -> durations [24, 22, 22, 22] (total: 90s)
2026-09-24 12:46:26,946 - RLController - INFO -   Stored schedules for 34 junctions, cycle starts at step 3690
2026-09-24 12:46:30,145 - RLController - INFO - DIAGNOSTIC Step 3780 - Observation stats:
2026-09-24 12:46:30,146 - RLController - INFO -   Hash: 5316478285278824677, Min: 0.000000, Max: 1.000000, Mean: 0.441084, Std: 0.457449
2026-09-24 12:46:30,146 - RLController - INFO -   First 10: [1.         0.         0.         0.         0.         0.5287668
 0.         1.         0.99333334 1.        ]
2026-09-24 12:46:30,146 - RLController - INFO -   Last 10: [0.         0.2        0.         0.08333334 0.50213677 0.00364624
 0.07952991 0.52363247 0.         0.3       ]
2026-09-24 12:46:30,150 - RLController - INFO - DIAGNOSTIC - Raw model action output:
2026-09-24 12:46:30,150 - RLController - INFO -   Action hash: 4919221003014913760
2026-09-24 12:46:30,151 - RLController - INFO -   First 8 values: [ -7.4000382 -10.        -10.        -10.        -10.        -10.
 -10.        -10.       ]
2026-09-24 12:46:30,151 - RLController - INFO -   Last 8 values: [-10.        -10.        -10.        -10.        -10.         -2.4987414
 -10.        -10.       ]
2026-09-24 12:46:30,151 - RLController - INFO -   Action shape: (136,), min: -10.000000, max: 5.430063, mean: -9.274621
2026-09-24 12:46:30,151 - RLController - INFO -   B0 junction (indices 16-19) raw values: [ -9.7490835 -10.        -10.        -10.       ]
2026-09-24 12:46:30,151 - RLController - INFO - Using CONTINUOUS DURATION-BASED mode
2026-09-24 12:46:30,151 - RLController - INFO -   Example: junction A0 -> durations [51, 13, 13, 13] (total: 90s)
2026-09-24 12:46:30,152 - RLController - INFO -   Example: junction A1 -> durations [24, 22, 22, 22] (total: 90s)
2026-09-24 12:46:30,152 - RLController - INFO -   Example: junction A2 -> durations [12, 12, 54, 12] (total: 90s)
2026-09-24 12:46:30,152 - RLController - INFO -   Example: junction A4 -> durations [60, 10, 10, 10] (total: 90s)
2026-09-24 12:46:30,152 - RLController - INFO -   Example: junction A5 -> durations [24, 22, 22, 22] (total: 90s)
2026-09-24 12:46:30,152 - RLController - INFO -   Example: junction B0 -> durations [24, 22, 22, 22] (total: 90s)
2026-09-24 12:46:30,152 - RLController - INFO -   Example: junction B1 -> durations [24, 22, 22, 22] (total: 90s)
2026-09-24 12:46:30,152 - RLController - INFO -   Example: junction B2 -> durations [24, 22, 22, 22] (total: 90s)
2026-09-24 12:46:30,152 - RLController - INFO -   Example: junction B4 -> durations [24, 22, 22, 22] (total: 90s)
2026-09-24 12:46:30,153 - RLController - INFO -   Example: junction B5 -> durations [60, 10, 10, 10] (total: 90s)
2026-09-24 12:46:30,153 - RLController - INFO -   Example: junction C0 -> durations [22, 22, 24, 22] (total: 90s)
2026-09-24 12:46:30,153 - RLController - INFO -   Example: junction C1 -> durations [24, 22, 22, 22] (total: 90s)
2026-09-24 12:46:30,153 - RLController - INFO -   Example: junction C2 -> durations [57, 13, 10, 10] (total: 90s)
2026-09-24 12:46:30,153 - RLController - INFO -   Example: junction C3 -> durations [60, 10, 10, 10] (total: 90s)
2026-09-24 12:46:30,153 - RLController - INFO -   Example: junction C4 -> durations [57, 11, 11, 11] (total: 90s)
2026-09-24 12:46:30,153 - RLController - INFO -   Example: junction C5 -> durations [57, 11, 11, 11] (total: 90s)
2026-09-24 12:46:30,153 - RLController - INFO -   Example: junction D0 -> durations [24, 22, 22, 22] (total: 90s)
2026-09-24 12:46:30,154 - RLController - INFO -   Example: junction D1 -> durations [22, 22, 24, 22] (total: 90s)
2026-09-24 12:46:30,154 - RLController - INFO -   Example: junction D2 -> durations [48, 14, 14, 14] (total: 90s)
2026-09-24 12:46:30,154 - RLController - INFO -   Example: junction D3 -> durations [24, 22, 22, 22] (total: 90s)
2026-09-24 12:46:30,154 - RLController - INFO -   Example: junction D4 -> durations [24, 22, 22, 22] (total: 90s)
2026-09-24 12:46:30,154 - RLController - INFO -   Example: junction D5 -> durations [13, 13, 51, 13] (total: 90s)
2026-09-24 12:46:30,154 - RLController - INFO -   Example: junction E0 -> durations [24, 22, 22, 22] (total: 90s)
2026-09-24 12:46:30,155 - RLController - INFO -   Example: junction E1 -> durations [24, 22, 22, 22] (total: 90s)
2026-09-24 12:46:30,155 - RLController - INFO -   Stored schedules for 34 junctions, cycle starts at step 3780
2026-09-24 12:46:33,803 - RLController - INFO - DIAGNOSTIC Step 3870 - Observation stats:
2026-09-24 12:46:33,803 - RLController - INFO -   Hash: 8493737731908584429, Min: 0.000000, Max: 1.000000, Mean: 0.435774, Std: 0.456297
2026-09-24 12:46:33,804 - RLController - INFO -   First 10: [1.         0.         0.         0.         0.         0.5287668
 0.         1.         0.99333334 1.        ]
2026-09-24 12:46:33,804 - RLController - INFO -   Last 10: [0.         0.2        0.         0.08333334 0.5        0.00337553
 0.08094017 0.5208803  0.         0.3       ]
2026-09-24 12:46:33,809 - RLController - INFO - DIAGNOSTIC - Raw model action output:
2026-09-24 12:46:33,809 - RLController - INFO -   Action hash: -8890172706297840542
2026-09-24 12:46:33,810 - RLController - INFO -   First 8 values: [ -7.780808 -10.       -10.       -10.       -10.       -10.
 -10.       -10.      ]
2026-09-24 12:46:33,810 - RLController - INFO -   Last 8 values: [-10.        -10.        -10.        -10.        -10.         -2.6636922
 -10.        -10.       ]
2026-09-24 12:46:33,810 - RLController - INFO -   Action shape: (136,), min: -10.000000, max: 5.676996, mean: -9.281628
2026-09-24 12:46:33,810 - RLController - INFO -   B0 junction (indices 16-19) raw values: [ -9.679063 -10.       -10.       -10.      ]
2026-09-24 12:46:33,810 - RLController - INFO - Using CONTINUOUS DURATION-BASED mode
2026-09-24 12:46:33,811 - RLController - INFO -   Example: junction A0 -> durations [48, 14, 14, 14] (total: 90s)
2026-09-24 12:46:33,811 - RLController - INFO -   Example: junction A1 -> durations [24, 22, 22, 22] (total: 90s)
2026-09-24 12:46:33,811 - RLController - INFO -   Example: junction A2 -> durations [12, 12, 54, 12] (total: 90s)
2026-09-24 12:46:33,811 - RLController - INFO -   Example: junction A4 -> durations [60, 10, 10, 10] (total: 90s)
2026-09-24 12:46:33,811 - RLController - INFO -   Example: junction A5 -> durations [27, 21, 21, 21] (total: 90s)
2026-09-24 12:46:33,811 - RLController - INFO -   Example: junction B0 -> durations [24, 22, 22, 22] (total: 90s)
2026-09-24 12:46:33,811 - RLController - INFO -   Example: junction B1 -> durations [24, 22, 22, 22] (total: 90s)
2026-09-24 12:46:33,811 - RLController - INFO -   Example: junction B2 -> durations [24, 22, 22, 22] (total: 90s)
2026-09-24 12:46:33,812 - RLController - INFO -   Example: junction B4 -> durations [24, 22, 22, 22] (total: 90s)
2026-09-24 12:46:33,812 - RLController - INFO -   Example: junction B5 -> durations [60, 10, 10, 10] (total: 90s)
2026-09-24 12:46:33,812 - RLController - INFO -   Example: junction C0 -> durations [24, 22, 22, 22] (total: 90s)
2026-09-24 12:46:33,812 - RLController - INFO -   Example: junction C1 -> durations [24, 22, 22, 22] (total: 90s)
2026-09-24 12:46:33,812 - RLController - INFO -   Example: junction C2 -> durations [58, 12, 10, 10] (total: 90s)
2026-09-24 12:46:33,812 - RLController - INFO -   Example: junction C3 -> durations [60, 10, 10, 10] (total: 90s)
2026-09-24 12:46:33,812 - RLController - INFO -   Example: junction C4 -> durations [60, 10, 10, 10] (total: 90s)
2026-09-24 12:46:33,812 - RLController - INFO -   Example: junction C5 -> durations [57, 11, 11, 11] (total: 90s)
2026-09-24 12:46:33,813 - RLController - INFO -   Example: junction D0 -> durations [24, 22, 22, 22] (total: 90s)
2026-09-24 12:46:33,813 - RLController - INFO -   Example: junction D1 -> durations [22, 22, 24, 22] (total: 90s)
2026-09-24 12:46:33,813 - RLController - INFO -   Example: junction D2 -> durations [48, 14, 14, 14] (total: 90s)
2026-09-24 12:46:33,813 - RLController - INFO -   Example: junction D3 -> durations [24, 22, 22, 22] (total: 90s)
2026-09-24 12:46:33,813 - RLController - INFO -   Example: junction D4 -> durations [24, 22, 22, 22] (total: 90s)
2026-09-24 12:46:33,813 - RLController - INFO -   Example: junction D5 -> durations [13, 13, 51, 13] (total: 90s)
2026-09-24 12:46:33,813 - RLController - INFO -   Example: junction E0 -> durations [24, 22, 22, 22] (total: 90s)
2026-09-24 12:46:33,813 - RLController - INFO -   Example: junction E1 -> durations [24, 22, 22, 22] (total: 90s)
2026-09-24 12:46:33,814 - RLController - INFO -   Stored schedules for 34 junctions, cycle starts at step 3870
2026-09-24 12:46:37,842 - RLController - INFO - DIAGNOSTIC Step 3960 - Observation stats:
2026-09-24 12:46:37,842 - RLController - INFO -   Hash: -8588657994676884922, Min: 0.000000, Max: 1.000000, Mean: 0.441434, Std: 0.457684
2026-09-24 12:46:37,843 - RLController - INFO -   First 10: [1.        0.        0.        0.        0.        0.5287668 1.
 0.        0.        0.       ]
2026-09-24 12:46:37,843 - RLController - INFO -   Last 10: [0.         0.2        0.         0.08333334 0.5106838  0.00355827
 0.08269231 0.51268566 0.         0.3       ]
2026-09-24 12:46:37,848 - RLController - INFO - DIAGNOSTIC - Raw model action output:
2026-09-24 12:46:37,848 - RLController - INFO -   Action hash: -1308037304004364229
2026-09-24 12:46:37,849 - RLController - INFO -   First 8 values: [ -7.413878 -10.       -10.       -10.       -10.       -10.
 -10.       -10.      ]
2026-09-24 12:46:37,849 - RLController - INFO -   Last 8 values: [-10.        -10.        -10.        -10.        -10.         -2.4719222
 -10.        -10.       ]
2026-09-24 12:46:37,849 - RLController - INFO -   Action shape: (136,), min: -10.000000, max: 4.991404, mean: -9.274301
2026-09-24 12:46:37,849 - RLController - INFO -   B0 junction (indices 16-19) raw values: [-10. -10. -10. -10.]
2026-09-24 12:46:37,849 - RLController - INFO - Using CONTINUOUS DURATION-BASED mode
2026-09-24 12:46:37,850 - RLController - INFO -   Example: junction A0 -> durations [51, 13, 13, 13] (total: 90s)
2026-09-24 12:46:37,850 - RLController - INFO -   Example: junction A1 -> durations [24, 22, 22, 22] (total: 90s)
2026-09-24 12:46:37,850 - RLController - INFO -   Example: junction A2 -> durations [12, 12, 54, 12] (total: 90s)
2026-09-24 12:46:37,850 - RLController - INFO -   Example: junction A4 -> durations [60, 10, 10, 10] (total: 90s)
2026-09-24 12:46:37,850 - RLController - INFO -   Example: junction A5 -> durations [24, 22, 22, 22] (total: 90s)
2026-09-24 12:46:37,850 - RLController - INFO -   Example: junction B0 -> durations [24, 22, 22, 22] (total: 90s)
2026-09-24 12:46:37,850 - RLController - INFO -   Example: junction B1 -> durations [24, 22, 22, 22] (total: 90s)
2026-09-24 12:46:37,850 - RLController - INFO -   Example: junction B2 -> durations [24, 22, 22, 22] (total: 90s)
2026-09-24 12:46:37,851 - RLController - INFO -   Example: junction B4 -> durations [24, 22, 22, 22] (total: 90s)
2026-09-24 12:46:37,851 - RLController - INFO -   Example: junction B5 -> durations [60, 10, 10, 10] (total: 90s)
2026-09-24 12:46:37,851 - RLController - INFO -   Example: junction C0 -> durations [22, 22, 24, 22] (total: 90s)
2026-09-24 12:46:37,851 - RLController - INFO -   Example: junction C1 -> durations [24, 22, 22, 22] (total: 90s)
2026-09-24 12:46:37,851 - RLController - INFO -   Example: junction C2 -> durations [57, 13, 10, 10] (total: 90s)
2026-09-24 12:46:37,851 - RLController - INFO -   Example: junction C3 -> durations [60, 10, 10, 10] (total: 90s)
2026-09-24 12:46:37,851 - RLController - INFO -   Example: junction C4 -> durations [57, 11, 11, 11] (total: 90s)
2026-09-24 12:46:37,851 - RLController - INFO -   Example: junction C5 -> durations [57, 11, 11, 11] (total: 90s)
2026-09-24 12:46:37,851 - RLController - INFO -   Example: junction D0 -> durations [24, 22, 22, 22] (total: 90s)
2026-09-24 12:46:37,852 - RLController - INFO -   Example: junction D1 -> durations [21, 21, 27, 21] (total: 90s)
2026-09-24 12:46:37,852 - RLController - INFO -   Example: junction D2 -> durations [48, 14, 14, 14] (total: 90s)
2026-09-24 12:46:37,852 - RLController - INFO -   Example: junction D3 -> durations [24, 22, 22, 22] (total: 90s)
2026-09-24 12:46:37,852 - RLController - INFO -   Example: junction D4 -> durations [24, 22, 22, 22] (total: 90s)
2026-09-24 12:46:37,852 - RLController - INFO -   Example: junction D5 -> durations [13, 13, 51, 13] (total: 90s)
2026-09-24 12:46:37,852 - RLController - INFO -   Example: junction E0 -> durations [24, 22, 22, 22] (total: 90s)
2026-09-24 12:46:37,853 - RLController - INFO -   Example: junction E1 -> durations [24, 22, 22, 22] (total: 90s)
2026-09-24 12:46:37,853 - RLController - INFO -   Stored schedules for 34 junctions, cycle starts at step 3960
2026-09-24 12:46:41,465 - RLController - INFO - DIAGNOSTIC Step 4050 - Observation stats:
2026-09-24 12:46:41,466 - RLController - INFO -   Hash: 2161471087117313968, Min: 0.000000, Max: 1.000000, Mean: 0.445180, Std: 0.458679
2026-09-24 12:46:41,466 - RLController - INFO -   First 10: [0.0971635  1.         0.9866667  1.         0.16824257 0.05306571
 0.         1.         0.99333334 1.        ]
2026-09-24 12:46:41,466 - RLController - INFO -   Last 10: [0.         0.2        0.         0.08333334 0.50427353 0.00289158
 0.08277778 0.51003623 0.         0.3       ]
2026-09-24 12:46:41,471 - RLController - INFO - DIAGNOSTIC - Raw model action output:
2026-09-24 12:46:41,472 - RLController - INFO -   Action hash: 1003619795397155750
2026-09-24 12:46:41,472 - RLController - INFO -   First 8 values: [ -7.3177686 -10.        -10.        -10.        -10.        -10.
 -10.        -10.       ]
2026-09-24 12:46:41,472 - RLController - INFO -   Last 8 values: [-10.        -10.        -10.        -10.        -10.         -2.3696425
 -10.        -10.       ]
2026-09-24 12:46:41,472 - RLController - INFO -   Action shape: (136,), min: -10.000000, max: 5.161406, mean: -9.238829
2026-09-24 12:46:41,473 - RLController - INFO -   B0 junction (indices 16-19) raw values: [ -9.984384 -10.       -10.       -10.      ]
2026-09-24 12:46:41,473 - RLController - INFO - Using CONTINUOUS DURATION-BASED mode
2026-09-24 12:46:41,473 - RLController - INFO -   Example: junction A0 -> durations [51, 13, 13, 13] (total: 90s)
2026-09-24 12:46:41,473 - RLController - INFO -   Example: junction A1 -> durations [24, 22, 22, 22] (total: 90s)
2026-09-24 12:46:41,473 - RLController - INFO -   Example: junction A2 -> durations [12, 12, 54, 12] (total: 90s)
2026-09-24 12:46:41,474 - RLController - INFO -   Example: junction A4 -> durations [60, 10, 10, 10] (total: 90s)
2026-09-24 12:46:41,474 - RLController - INFO -   Example: junction A5 -> durations [24, 22, 22, 22] (total: 90s)
2026-09-24 12:46:41,474 - RLController - INFO -   Example: junction B0 -> durations [24, 22, 22, 22] (total: 90s)
2026-09-24 12:46:41,474 - RLController - INFO -   Example: junction B1 -> durations [24, 22, 22, 22] (total: 90s)
2026-09-24 12:46:41,474 - RLController - INFO -   Example: junction B2 -> durations [24, 22, 22, 22] (total: 90s)
2026-09-24 12:46:41,474 - RLController - INFO -   Example: junction B4 -> durations [24, 22, 22, 22] (total: 90s)
2026-09-24 12:46:41,474 - RLController - INFO -   Example: junction B5 -> durations [60, 10, 10, 10] (total: 90s)
2026-09-24 12:46:41,475 - RLController - INFO -   Example: junction C0 -> durations [20, 20, 30, 20] (total: 90s)
2026-09-24 12:46:41,475 - RLController - INFO -   Example: junction C1 -> durations [24, 22, 22, 22] (total: 90s)
2026-09-24 12:46:41,475 - RLController - INFO -   Example: junction C2 -> durations [58, 12, 10, 10] (total: 90s)
2026-09-24 12:46:41,475 - RLController - INFO -   Example: junction C3 -> durations [60, 10, 10, 10] (total: 90s)
2026-09-24 12:46:41,475 - RLController - INFO -   Example: junction C4 -> durations [60, 10, 10, 10] (total: 90s)
2026-09-24 12:46:41,475 - RLController - INFO -   Example: junction C5 -> durations [57, 11, 11, 11] (total: 90s)
2026-09-24 12:46:41,476 - RLController - INFO -   Example: junction D0 -> durations [24, 22, 22, 22] (total: 90s)
2026-09-24 12:46:41,476 - RLController - INFO -   Example: junction D1 -> durations [21, 21, 27, 21] (total: 90s)
2026-09-24 12:46:41,476 - RLController - INFO -   Example: junction D2 -> durations [51, 13, 13, 13] (total: 90s)
2026-09-24 12:46:41,476 - RLController - INFO -   Example: junction D3 -> durations [24, 22, 22, 22] (total: 90s)
2026-09-24 12:46:41,476 - RLController - INFO -   Example: junction D4 -> durations [24, 22, 22, 22] (total: 90s)
2026-09-24 12:46:41,476 - RLController - INFO -   Example: junction D5 -> durations [13, 13, 51, 13] (total: 90s)
2026-09-24 12:46:41,477 - RLController - INFO -   Example: junction E0 -> durations [24, 22, 22, 22] (total: 90s)
2026-09-24 12:46:41,477 - RLController - INFO -   Example: junction E1 -> durations [24, 22, 22, 22] (total: 90s)
2026-09-24 12:46:41,477 - RLController - INFO -   Stored schedules for 34 junctions, cycle starts at step 4050
2026-09-24 12:46:44,956 - RLController - INFO - DIAGNOSTIC Step 4140 - Observation stats:
2026-09-24 12:46:44,956 - RLController - INFO -   Hash: 5351943599677175582, Min: 0.000000, Max: 1.000000, Mean: 0.446445, Std: 0.458446
2026-09-24 12:46:44,957 - RLController - INFO -   First 10: [0.2515414  1.         0.96666664 1.         0.04422394 0.14122762
 0.         1.         0.99333334 1.        ]
2026-09-24 12:46:44,957 - RLController - INFO -   Last 10: [0.         0.2        0.         0.08333334 0.52136755 0.00352435
 0.08410256 0.50104785 0.         0.3       ]
2026-09-24 12:46:44,962 - RLController - INFO - DIAGNOSTIC - Raw model action output:
2026-09-24 12:46:44,962 - RLController - INFO -   Action hash: 4548972455329862084
2026-09-24 12:46:44,963 - RLController - INFO -   First 8 values: [ -7.4428945 -10.        -10.        -10.        -10.        -10.
 -10.        -10.       ]
2026-09-24 12:46:44,963 - RLController - INFO -   Last 8 values: [-10.       -10.       -10.       -10.       -10.        -2.173003
 -10.       -10.      ]
2026-09-24 12:46:44,963 - RLController - INFO -   Action shape: (136,), min: -10.000000, max: 5.375377, mean: -9.275070
2026-09-24 12:46:44,963 - RLController - INFO -   B0 junction (indices 16-19) raw values: [-10. -10. -10. -10.]
2026-09-24 12:46:44,963 - RLController - INFO - Using CONTINUOUS DURATION-BASED mode
2026-09-24 12:46:44,963 - RLController - INFO -   Example: junction A0 -> durations [51, 13, 13, 13] (total: 90s)
2026-09-24 12:46:44,964 - RLController - INFO -   Example: junction A1 -> durations [24, 22, 22, 22] (total: 90s)
2026-09-24 12:46:44,964 - RLController - INFO -   Example: junction A2 -> durations [12, 12, 54, 12] (total: 90s)
2026-09-24 12:46:44,964 - RLController - INFO -   Example: junction A4 -> durations [60, 10, 10, 10] (total: 90s)
2026-09-24 12:46:44,964 - RLController - INFO -   Example: junction A5 -> durations [24, 22, 22, 22] (total: 90s)
2026-09-24 12:46:44,964 - RLController - INFO -   Example: junction B0 -> durations [24, 22, 22, 22] (total: 90s)
2026-09-24 12:46:44,964 - RLController - INFO -   Example: junction B1 -> durations [24, 22, 22, 22] (total: 90s)
2026-09-24 12:46:44,964 - RLController - INFO -   Example: junction B2 -> durations [24, 22, 22, 22] (total: 90s)
2026-09-24 12:46:44,964 - RLController - INFO -   Example: junction B4 -> durations [24, 22, 22, 22] (total: 90s)
2026-09-24 12:46:44,965 - RLController - INFO -   Example: junction B5 -> durations [60, 10, 10, 10] (total: 90s)
2026-09-24 12:46:44,965 - RLController - INFO -   Example: junction C0 -> durations [24, 22, 22, 22] (total: 90s)
2026-09-24 12:46:44,965 - RLController - INFO -   Example: junction C1 -> durations [24, 22, 22, 22] (total: 90s)
2026-09-24 12:46:44,965 - RLController - INFO -   Example: junction C2 -> durations [57, 13, 10, 10] (total: 90s)
2026-09-24 12:46:44,965 - RLController - INFO -   Example: junction C3 -> durations [60, 10, 10, 10] (total: 90s)
2026-09-24 12:46:44,965 - RLController - INFO -   Example: junction C4 -> durations [60, 10, 10, 10] (total: 90s)
2026-09-24 12:46:44,965 - RLController - INFO -   Example: junction C5 -> durations [57, 11, 11, 11] (total: 90s)
2026-09-24 12:46:44,965 - RLController - INFO -   Example: junction D0 -> durations [24, 22, 22, 22] (total: 90s)
2026-09-24 12:46:44,966 - RLController - INFO -   Example: junction D1 -> durations [21, 21, 27, 21] (total: 90s)
2026-09-24 12:46:44,966 - RLController - INFO -   Example: junction D2 -> durations [48, 14, 14, 14] (total: 90s)
2026-09-24 12:46:44,966 - RLController - INFO -   Example: junction D3 -> durations [24, 22, 22, 22] (total: 90s)
2026-09-24 12:46:44,966 - RLController - INFO -   Example: junction D4 -> durations [24, 22, 22, 22] (total: 90s)
2026-09-24 12:46:44,966 - RLController - INFO -   Example: junction D5 -> durations [13, 13, 51, 13] (total: 90s)
2026-09-24 12:46:44,966 - RLController - INFO -   Example: junction E0 -> durations [24, 22, 22, 22] (total: 90s)
2026-09-24 12:46:44,966 - RLController - INFO -   Example: junction E1 -> durations [24, 22, 22, 22] (total: 90s)
2026-09-24 12:46:44,967 - RLController - INFO -   Stored schedules for 34 junctions, cycle starts at step 4140
2026-09-24 12:46:48,442 - RLController - INFO - DIAGNOSTIC Step 4230 - Observation stats:
2026-09-24 12:46:48,444 - RLController - INFO -   Hash: -1081355364993341534, Min: 0.000000, Max: 1.000000, Mean: 0.447517, Std: 0.457900
2026-09-24 12:46:48,445 - RLController - INFO -   First 10: [1.         0.         0.         0.         0.         0.56144875
 0.         1.         0.99333334 1.        ]
2026-09-24 12:46:48,445 - RLController - INFO -   Last 10: [0.         0.2        0.         0.08333334 0.53418803 0.00373685
 0.08367521 0.48409787 0.         0.3       ]
2026-09-24 12:46:48,456 - RLController - INFO - DIAGNOSTIC - Raw model action output:
2026-09-24 12:46:48,456 - RLController - INFO -   Action hash: 6919018282432637983
2026-09-24 12:46:48,457 - RLController - INFO -   First 8 values: [ -7.5290327 -10.        -10.        -10.        -10.        -10.
 -10.        -10.       ]
2026-09-24 12:46:48,457 - RLController - INFO -   Last 8 values: [-10.        -10.        -10.        -10.        -10.         -2.5015686
 -10.        -10.       ]
2026-09-24 12:46:48,457 - RLController - INFO -   Action shape: (136,), min: -10.000000, max: 5.438089, mean: -9.280723
2026-09-24 12:46:48,457 - RLController - INFO -   B0 junction (indices 16-19) raw values: [-10. -10. -10. -10.]
2026-09-24 12:46:48,457 - RLController - INFO - Using CONTINUOUS DURATION-BASED mode
2026-09-24 12:46:48,457 - RLController - INFO -   Example: junction A0 -> durations [51, 13, 13, 13] (total: 90s)
2026-09-24 12:46:48,457 - RLController - INFO -   Example: junction A1 -> durations [24, 22, 22, 22] (total: 90s)
2026-09-24 12:46:48,458 - RLController - INFO -   Example: junction A2 -> durations [12, 12, 54, 12] (total: 90s)
2026-09-24 12:46:48,458 - RLController - INFO -   Example: junction A4 -> durations [60, 10, 10, 10] (total: 90s)
2026-09-24 12:46:48,458 - RLController - INFO -   Example: junction A5 -> durations [24, 22, 22, 22] (total: 90s)
2026-09-24 12:46:48,458 - RLController - INFO -   Example: junction B0 -> durations [24, 22, 22, 22] (total: 90s)
2026-09-24 12:46:48,458 - RLController - INFO -   Example: junction B1 -> durations [24, 22, 22, 22] (total: 90s)
2026-09-24 12:46:48,458 - RLController - INFO -   Example: junction B2 -> durations [24, 22, 22, 22] (total: 90s)
2026-09-24 12:46:48,458 - RLController - INFO -   Example: junction B4 -> durations [24, 22, 22, 22] (total: 90s)
2026-09-24 12:46:48,458 - RLController - INFO -   Example: junction B5 -> durations [60, 10, 10, 10] (total: 90s)
2026-09-24 12:46:48,459 - RLController - INFO -   Example: junction C0 -> durations [22, 22, 24, 22] (total: 90s)
2026-09-24 12:46:48,459 - RLController - INFO -   Example: junction C1 -> durations [24, 22, 22, 22] (total: 90s)
2026-09-24 12:46:48,459 - RLController - INFO -   Example: junction C2 -> durations [57, 13, 10, 10] (total: 90s)
2026-09-24 12:46:48,459 - RLController - INFO -   Example: junction C3 -> durations [60, 10, 10, 10] (total: 90s)
2026-09-24 12:46:48,459 - RLController - INFO -   Example: junction C4 -> durations [60, 10, 10, 10] (total: 90s)
2026-09-24 12:46:48,459 - RLController - INFO -   Example: junction C5 -> durations [57, 11, 11, 11] (total: 90s)
2026-09-24 12:46:48,459 - RLController - INFO -   Example: junction D0 -> durations [24, 22, 22, 22] (total: 90s)
2026-09-24 12:46:48,459 - RLController - INFO -   Example: junction D1 -> durations [21, 21, 27, 21] (total: 90s)
2026-09-24 12:46:48,460 - RLController - INFO -   Example: junction D2 -> durations [48, 14, 14, 14] (total: 90s)
2026-09-24 12:46:48,460 - RLController - INFO -   Example: junction D3 -> durations [24, 22, 22, 22] (total: 90s)
2026-09-24 12:46:48,460 - RLController - INFO -   Example: junction D4 -> durations [24, 22, 22, 22] (total: 90s)
2026-09-24 12:46:48,460 - RLController - INFO -   Example: junction D5 -> durations [13, 13, 51, 13] (total: 90s)
2026-09-24 12:46:48,460 - RLController - INFO -   Example: junction E0 -> durations [24, 22, 22, 22] (total: 90s)
2026-09-24 12:46:48,460 - RLController - INFO -   Example: junction E1 -> durations [24, 22, 22, 22] (total: 90s)
2026-09-24 12:46:48,461 - RLController - INFO -   Stored schedules for 34 junctions, cycle starts at step 4230
2026-09-24 12:46:51,862 - RLController - INFO - DIAGNOSTIC Step 4320 - Observation stats:
2026-09-24 12:46:51,862 - RLController - INFO -   Hash: -8690953601514794406, Min: 0.000000, Max: 1.000000, Mean: 0.437303, Std: 0.457342
2026-09-24 12:46:51,863 - RLController - INFO -   First 10: [1.         0.         0.         0.         0.         0.56144875
 0.         1.         0.99333334 1.        ]
2026-09-24 12:46:51,863 - RLController - INFO -   Last 10: [0.         0.2        0.         0.08333334 0.49786323 0.00333512
 0.08350427 0.5232337  0.         0.3       ]
2026-09-24 12:46:51,868 - RLController - INFO - DIAGNOSTIC - Raw model action output:
2026-09-24 12:46:51,869 - RLController - INFO -   Action hash: -4935680379318536565
2026-09-24 12:46:51,869 - RLController - INFO -   First 8 values: [ -7.640204 -10.       -10.       -10.       -10.       -10.
 -10.       -10.      ]
2026-09-24 12:46:51,869 - RLController - INFO -   Last 8 values: [-10.        -10.        -10.        -10.        -10.         -2.0527828
 -10.        -10.       ]
2026-09-24 12:46:51,869 - RLController - INFO -   Action shape: (136,), min: -10.000000, max: 4.703683, mean: -9.270958
2026-09-24 12:46:51,869 - RLController - INFO -   B0 junction (indices 16-19) raw values: [ -9.966975 -10.       -10.       -10.      ]
2026-09-24 12:46:51,869 - RLController - INFO - Using CONTINUOUS DURATION-BASED mode
2026-09-24 12:46:51,870 - RLController - INFO -   Example: junction A0 -> durations [48, 14, 14, 14] (total: 90s)
2026-09-24 12:46:51,870 - RLController - INFO -   Example: junction A1 -> durations [24, 22, 22, 22] (total: 90s)
2026-09-24 12:46:51,870 - RLController - INFO -   Example: junction A2 -> durations [12, 12, 54, 12] (total: 90s)
2026-09-24 12:46:51,870 - RLController - INFO -   Example: junction A4 -> durations [60, 10, 10, 10] (total: 90s)
2026-09-24 12:46:51,870 - RLController - INFO -   Example: junction A5 -> durations [24, 22, 22, 22] (total: 90s)
2026-09-24 12:46:51,870 - RLController - INFO -   Example: junction B0 -> durations [24, 22, 22, 22] (total: 90s)
2026-09-24 12:46:51,870 - RLController - INFO -   Example: junction B1 -> durations [24, 22, 22, 22] (total: 90s)
2026-09-24 12:46:51,871 - RLController - INFO -   Example: junction B2 -> durations [24, 22, 22, 22] (total: 90s)
2026-09-24 12:46:51,871 - RLController - INFO -   Example: junction B4 -> durations [24, 22, 22, 22] (total: 90s)
2026-09-24 12:46:51,871 - RLController - INFO -   Example: junction B5 -> durations [60, 10, 10, 10] (total: 90s)
2026-09-24 12:46:51,871 - RLController - INFO -   Example: junction C0 -> durations [22, 22, 24, 22] (total: 90s)
2026-09-24 12:46:51,871 - RLController - INFO -   Example: junction C1 -> durations [24, 22, 22, 22] (total: 90s)
2026-09-24 12:46:51,871 - RLController - INFO -   Example: junction C2 -> durations [58, 12, 10, 10] (total: 90s)
2026-09-24 12:46:51,871 - RLController - INFO -   Example: junction C3 -> durations [60, 10, 10, 10] (total: 90s)
2026-09-24 12:46:51,871 - RLController - INFO -   Example: junction C4 -> durations [60, 10, 10, 10] (total: 90s)
2026-09-24 12:46:51,872 - RLController - INFO -   Example: junction C5 -> durations [57, 11, 11, 11] (total: 90s)
2026-09-24 12:46:51,872 - RLController - INFO -   Example: junction D0 -> durations [24, 22, 22, 22] (total: 90s)
2026-09-24 12:46:51,872 - RLController - INFO -   Example: junction D1 -> durations [21, 21, 27, 21] (total: 90s)
2026-09-24 12:46:51,872 - RLController - INFO -   Example: junction D2 -> durations [48, 14, 14, 14] (total: 90s)
2026-09-24 12:46:51,872 - RLController - INFO -   Example: junction D3 -> durations [24, 22, 22, 22] (total: 90s)
2026-09-24 12:46:51,872 - RLController - INFO -   Example: junction D4 -> durations [24, 22, 22, 22] (total: 90s)
2026-09-24 12:46:51,872 - RLController - INFO -   Example: junction D5 -> durations [13, 13, 51, 13] (total: 90s)
2026-09-24 12:46:51,872 - RLController - INFO -   Example: junction E0 -> durations [24, 22, 22, 22] (total: 90s)
2026-09-24 12:46:51,873 - RLController - INFO -   Example: junction E1 -> durations [24, 22, 22, 22] (total: 90s)
2026-09-24 12:46:51,873 - RLController - INFO -   Stored schedules for 34 junctions, cycle starts at step 4320
2026-09-24 12:46:55,452 - RLController - INFO - DIAGNOSTIC Step 4410 - Observation stats:
2026-09-24 12:46:55,452 - RLController - INFO -   Hash: -5514055872698777838, Min: 0.000000, Max: 1.000000, Mean: 0.442611, Std: 0.456197
2026-09-24 12:46:55,453 - RLController - INFO -   First 10: [1.         0.         0.         0.         0.         0.56144875
 0.         1.         0.99333334 1.        ]
2026-09-24 12:46:55,453 - RLController - INFO -   Last 10: [0.         0.2        0.         0.08333334 0.517094   0.00379267
 0.08252136 0.51401925 0.         0.3       ]
2026-09-24 12:46:55,458 - RLController - INFO - DIAGNOSTIC - Raw model action output:
2026-09-24 12:46:55,458 - RLController - INFO -   Action hash: -6054438964596212756
2026-09-24 12:46:55,458 - RLController - INFO -   First 8 values: [ -7.4476433 -10.        -10.        -10.        -10.        -10.
 -10.        -10.       ]
2026-09-24 12:46:55,459 - RLController - INFO -   Last 8 values: [-10.        -10.        -10.        -10.        -10.         -2.8859136
 -10.        -10.       ]
2026-09-24 12:46:55,459 - RLController - INFO -   Action shape: (136,), min: -10.000000, max: 4.424810, mean: -9.248442
2026-09-24 12:46:55,459 - RLController - INFO -   B0 junction (indices 16-19) raw values: [ -9.821011 -10.       -10.       -10.      ]
2026-09-24 12:46:55,459 - RLController - INFO - Using CONTINUOUS DURATION-BASED mode
2026-09-24 12:46:55,459 - RLController - INFO -   Example: junction A0 -> durations [51, 13, 13, 13] (total: 90s)
2026-09-24 12:46:55,459 - RLController - INFO -   Example: junction A1 -> durations [24, 22, 22, 22] (total: 90s)
2026-09-24 12:46:55,459 - RLController - INFO -   Example: junction A2 -> durations [12, 12, 54, 12] (total: 90s)
2026-09-24 12:46:55,460 - RLController - INFO -   Example: junction A4 -> durations [60, 10, 10, 10] (total: 90s)
2026-09-24 12:46:55,460 - RLController - INFO -   Example: junction A5 -> durations [24, 22, 22, 22] (total: 90s)
2026-09-24 12:46:55,460 - RLController - INFO -   Example: junction B0 -> durations [24, 22, 22, 22] (total: 90s)
2026-09-24 12:46:55,460 - RLController - INFO -   Example: junction B1 -> durations [24, 22, 22, 22] (total: 90s)
2026-09-24 12:46:55,460 - RLController - INFO -   Example: junction B2 -> durations [24, 22, 22, 22] (total: 90s)
2026-09-24 12:46:55,460 - RLController - INFO -   Example: junction B4 -> durations [24, 22, 22, 22] (total: 90s)
2026-09-24 12:46:55,460 - RLController - INFO -   Example: junction B5 -> durations [60, 10, 10, 10] (total: 90s)
2026-09-24 12:46:55,460 - RLController - INFO -   Example: junction C0 -> durations [20, 20, 30, 20] (total: 90s)
2026-09-24 12:46:55,461 - RLController - INFO -   Example: junction C1 -> durations [24, 22, 22, 22] (total: 90s)
2026-09-24 12:46:55,461 - RLController - INFO -   Example: junction C2 -> durations [58, 12, 10, 10] (total: 90s)
2026-09-24 12:46:55,461 - RLController - INFO -   Example: junction C3 -> durations [60, 10, 10, 10] (total: 90s)
2026-09-24 12:46:55,461 - RLController - INFO -   Example: junction C4 -> durations [60, 10, 10, 10] (total: 90s)
2026-09-24 12:46:55,461 - RLController - INFO -   Example: junction C5 -> durations [57, 11, 11, 11] (total: 90s)
2026-09-24 12:46:55,461 - RLController - INFO -   Example: junction D0 -> durations [24, 22, 22, 22] (total: 90s)
2026-09-24 12:46:55,461 - RLController - INFO -   Example: junction D1 -> durations [20, 20, 30, 20] (total: 90s)
2026-09-24 12:46:55,461 - RLController - INFO -   Example: junction D2 -> durations [48, 14, 14, 14] (total: 90s)
2026-09-24 12:46:55,462 - RLController - INFO -   Example: junction D3 -> durations [24, 22, 22, 22] (total: 90s)
2026-09-24 12:46:55,462 - RLController - INFO -   Example: junction D4 -> durations [24, 22, 22, 22] (total: 90s)
2026-09-24 12:46:55,462 - RLController - INFO -   Example: junction D5 -> durations [13, 13, 51, 13] (total: 90s)
2026-09-24 12:46:55,462 - RLController - INFO -   Example: junction E0 -> durations [24, 22, 22, 22] (total: 90s)
2026-09-24 12:46:55,462 - RLController - INFO -   Example: junction E1 -> durations [24, 22, 22, 22] (total: 90s)
2026-09-24 12:46:55,463 - RLController - INFO -   Stored schedules for 34 junctions, cycle starts at step 4410
2026-09-24 12:46:58,894 - RLController - INFO - DIAGNOSTIC Step 4500 - Observation stats:
2026-09-24 12:46:58,894 - RLController - INFO -   Hash: -3107727073235089007, Min: 0.000000, Max: 1.000000, Mean: 0.443131, Std: 0.456590
2026-09-24 12:46:58,895 - RLController - INFO -   First 10: [1.         0.         0.         0.         0.         0.56144875
 0.         1.         0.99333334 1.        ]
2026-09-24 12:46:58,895 - RLController - INFO -   Last 10: [0.         0.2        0.         0.08333334 0.50641024 0.00427639
 0.08311966 0.52438694 0.         0.3       ]
2026-09-24 12:46:58,899 - RLController - INFO - DIAGNOSTIC - Raw model action output:
2026-09-24 12:46:58,899 - RLController - INFO -   Action hash: 3974788463260499127
2026-09-24 12:46:58,900 - RLController - INFO -   First 8 values: [ -7.6312814 -10.        -10.        -10.        -10.        -10.
 -10.        -10.       ]
2026-09-24 12:46:58,900 - RLController - INFO -   Last 8 values: [-10.       -10.       -10.       -10.       -10.        -1.937484
 -10.       -10.      ]
2026-09-24 12:46:58,900 - RLController - INFO -   Action shape: (136,), min: -10.000000, max: 5.085595, mean: -9.254088
2026-09-24 12:46:58,900 - RLController - INFO -   B0 junction (indices 16-19) raw values: [ -9.816762 -10.       -10.       -10.      ]
2026-09-24 12:46:58,900 - RLController - INFO - Using CONTINUOUS DURATION-BASED mode
2026-09-24 12:46:58,900 - RLController - INFO -   Example: junction A0 -> durations [48, 14, 14, 14] (total: 90s)
2026-09-24 12:46:58,901 - RLController - INFO -   Example: junction A1 -> durations [24, 22, 22, 22] (total: 90s)
2026-09-24 12:46:58,901 - RLController - INFO -   Example: junction A2 -> durations [12, 12, 54, 12] (total: 90s)
2026-09-24 12:46:58,901 - RLController - INFO -   Example: junction A4 -> durations [60, 10, 10, 10] (total: 90s)
2026-09-24 12:46:58,901 - RLController - INFO -   Example: junction A5 -> durations [24, 22, 22, 22] (total: 90s)
2026-09-24 12:46:58,901 - RLController - INFO -   Example: junction B0 -> durations [24, 22, 22, 22] (total: 90s)
2026-09-24 12:46:58,901 - RLController - INFO -   Example: junction B1 -> durations [24, 22, 22, 22] (total: 90s)
2026-09-24 12:46:58,901 - RLController - INFO -   Example: junction B2 -> durations [24, 22, 22, 22] (total: 90s)
2026-09-24 12:46:58,901 - RLController - INFO -   Example: junction B4 -> durations [24, 22, 22, 22] (total: 90s)
2026-09-24 12:46:58,902 - RLController - INFO -   Example: junction B5 -> durations [60, 10, 10, 10] (total: 90s)
2026-09-24 12:46:58,902 - RLController - INFO -   Example: junction C0 -> durations [21, 21, 27, 21] (total: 90s)
2026-09-24 12:46:58,902 - RLController - INFO -   Example: junction C1 -> durations [24, 22, 22, 22] (total: 90s)
2026-09-24 12:46:58,902 - RLController - INFO -   Example: junction C2 -> durations [57, 13, 10, 10] (total: 90s)
2026-09-24 12:46:58,902 - RLController - INFO -   Example: junction C3 -> durations [60, 10, 10, 10] (total: 90s)
2026-09-24 12:46:58,902 - RLController - INFO -   Example: junction C4 -> durations [60, 10, 10, 10] (total: 90s)
2026-09-24 12:46:58,902 - RLController - INFO -   Example: junction C5 -> durations [57, 11, 11, 11] (total: 90s)
2026-09-24 12:46:58,902 - RLController - INFO -   Example: junction D0 -> durations [24, 22, 22, 22] (total: 90s)
2026-09-24 12:46:58,903 - RLController - INFO -   Example: junction D1 -> durations [21, 21, 27, 21] (total: 90s)
2026-09-24 12:46:58,903 - RLController - INFO -   Example: junction D2 -> durations [48, 14, 14, 14] (total: 90s)
2026-09-24 12:46:58,903 - RLController - INFO -   Example: junction D3 -> durations [24, 22, 22, 22] (total: 90s)
2026-09-24 12:46:58,903 - RLController - INFO -   Example: junction D4 -> durations [24, 22, 22, 22] (total: 90s)
2026-09-24 12:46:58,903 - RLController - INFO -   Example: junction D5 -> durations [13, 13, 51, 13] (total: 90s)
2026-09-24 12:46:58,903 - RLController - INFO -   Example: junction E0 -> durations [24, 22, 22, 22] (total: 90s)
2026-09-24 12:46:58,903 - RLController - INFO -   Example: junction E1 -> durations [24, 22, 22, 22] (total: 90s)
2026-09-24 12:46:58,904 - RLController - INFO -   Stored schedules for 34 junctions, cycle starts at step 4500
2026-09-24 12:47:02,394 - RLController - INFO - DIAGNOSTIC Step 4590 - Observation stats:
2026-09-24 12:47:02,396 - RLController - INFO -   Hash: 6432425117350597308, Min: 0.000000, Max: 1.000000, Mean: 0.443638, Std: 0.457699
2026-09-24 12:47:02,396 - RLController - INFO -   First 10: [1.         0.         0.         0.         0.         0.56144875
 0.         0.         0.99333334 1.        ]
2026-09-24 12:47:02,396 - RLController - INFO -   Last 10: [0.         0.2        0.         0.08333334 0.51495725 0.00397725
 0.08555555 0.51458776 0.         0.3       ]
2026-09-24 12:47:02,402 - RLController - INFO - DIAGNOSTIC - Raw model action output:
2026-09-24 12:47:02,402 - RLController - INFO -   Action hash: 4190517098002652138
2026-09-24 12:47:02,402 - RLController - INFO -   First 8 values: [ -7.336103 -10.       -10.       -10.       -10.       -10.
 -10.       -10.      ]
2026-09-24 12:47:02,403 - RLController - INFO -   Last 8 values: [-10.        -10.        -10.        -10.        -10.         -3.0932734
 -10.        -10.       ]
2026-09-24 12:47:02,403 - RLController - INFO -   Action shape: (136,), min: -10.000000, max: 5.378545, mean: -9.269725
2026-09-24 12:47:02,403 - RLController - INFO -   B0 junction (indices 16-19) raw values: [ -9.942533 -10.       -10.       -10.      ]
2026-09-24 12:47:02,403 - RLController - INFO - Using CONTINUOUS DURATION-BASED mode
2026-09-24 12:47:02,403 - RLController - INFO -   Example: junction A0 -> durations [51, 13, 13, 13] (total: 90s)
2026-09-24 12:47:02,404 - RLController - INFO -   Example: junction A1 -> durations [24, 22, 22, 22] (total: 90s)
2026-09-24 12:47:02,404 - RLController - INFO -   Example: junction A2 -> durations [12, 12, 54, 12] (total: 90s)
2026-09-24 12:47:02,404 - RLController - INFO -   Example: junction A4 -> durations [60, 10, 10, 10] (total: 90s)
2026-09-24 12:47:02,405 - RLController - INFO -   Example: junction A5 -> durations [24, 22, 22, 22] (total: 90s)
2026-09-24 12:47:02,405 - RLController - INFO -   Example: junction B0 -> durations [24, 22, 22, 22] (total: 90s)
2026-09-24 12:47:02,405 - RLController - INFO -   Example: junction B1 -> durations [24, 22, 22, 22] (total: 90s)
2026-09-24 12:47:02,405 - RLController - INFO -   Example: junction B2 -> durations [24, 22, 22, 22] (total: 90s)
2026-09-24 12:47:02,405 - RLController - INFO -   Example: junction B4 -> durations [24, 22, 22, 22] (total: 90s)
2026-09-24 12:47:02,405 - RLController - INFO -   Example: junction B5 -> durations [60, 10, 10, 10] (total: 90s)
2026-09-24 12:47:02,405 - RLController - INFO -   Example: junction C0 -> durations [21, 21, 27, 21] (total: 90s)
2026-09-24 12:47:02,405 - RLController - INFO -   Example: junction C1 -> durations [24, 22, 22, 22] (total: 90s)
2026-09-24 12:47:02,405 - RLController - INFO -   Example: junction C2 -> durations [58, 12, 10, 10] (total: 90s)
2026-09-24 12:47:02,406 - RLController - INFO -   Example: junction C3 -> durations [60, 10, 10, 10] (total: 90s)
2026-09-24 12:47:02,406 - RLController - INFO -   Example: junction C4 -> durations [60, 10, 10, 10] (total: 90s)
2026-09-24 12:47:02,406 - RLController - INFO -   Example: junction C5 -> durations [57, 11, 11, 11] (total: 90s)
2026-09-24 12:47:02,406 - RLController - INFO -   Example: junction D0 -> durations [24, 22, 22, 22] (total: 90s)
2026-09-24 12:47:02,406 - RLController - INFO -   Example: junction D1 -> durations [20, 20, 30, 20] (total: 90s)
2026-09-24 12:47:02,406 - RLController - INFO -   Example: junction D2 -> durations [48, 14, 14, 14] (total: 90s)
2026-09-24 12:47:02,406 - RLController - INFO -   Example: junction D3 -> durations [24, 22, 22, 22] (total: 90s)
2026-09-24 12:47:02,406 - RLController - INFO -   Example: junction D4 -> durations [24, 22, 22, 22] (total: 90s)
2026-09-24 12:47:02,406 - RLController - INFO -   Example: junction D5 -> durations [13, 13, 51, 13] (total: 90s)
2026-09-24 12:47:02,406 - RLController - INFO -   Example: junction E0 -> durations [24, 22, 22, 22] (total: 90s)
2026-09-24 12:47:02,407 - RLController - INFO -   Example: junction E1 -> durations [24, 22, 22, 22] (total: 90s)
2026-09-24 12:47:02,407 - RLController - INFO -   Stored schedules for 34 junctions, cycle starts at step 4590
2026-09-24 12:47:06,461 - RLController - INFO - DIAGNOSTIC Step 4680 - Observation stats:
2026-09-24 12:47:06,462 - RLController - INFO -   Hash: 1635931543958081515, Min: 0.000000, Max: 1.000000, Mean: 0.445421, Std: 0.458131
2026-09-24 12:47:06,462 - RLController - INFO -   First 10: [0.14285715 1.         0.98       1.         0.10362204 0.08286552
 0.         1.         0.99333334 1.        ]
2026-09-24 12:47:06,463 - RLController - INFO -   Last 10: [0.         0.2        0.         0.08333334 0.52350426 0.0039246
 0.08641025 0.5025722  0.         0.3       ]
2026-09-24 12:47:06,469 - RLController - INFO - DIAGNOSTIC - Raw model action output:
2026-09-24 12:47:06,469 - RLController - INFO -   Action hash: -6614781101204229906
2026-09-24 12:47:06,469 - RLController - INFO -   First 8 values: [ -7.3543925 -10.        -10.        -10.        -10.        -10.
 -10.        -10.       ]
2026-09-24 12:47:06,470 - RLController - INFO -   Last 8 values: [-10.        -10.        -10.        -10.        -10.         -1.7660758
 -10.        -10.       ]
2026-09-24 12:47:06,470 - RLController - INFO -   Action shape: (136,), min: -10.000000, max: 5.352447, mean: -9.269247
2026-09-24 12:47:06,470 - RLController - INFO -   B0 junction (indices 16-19) raw values: [-10. -10. -10. -10.]
2026-09-24 12:47:06,471 - RLController - INFO - Using CONTINUOUS DURATION-BASED mode
2026-09-24 12:47:06,471 - RLController - INFO -   Example: junction A0 -> durations [51, 13, 13, 13] (total: 90s)
2026-09-24 12:47:06,471 - RLController - INFO -   Example: junction A1 -> durations [24, 22, 22, 22] (total: 90s)
2026-09-24 12:47:06,471 - RLController - INFO -   Example: junction A2 -> durations [12, 12, 54, 12] (total: 90s)
2026-09-24 12:47:06,472 - RLController - INFO -   Example: junction A4 -> durations [60, 10, 10, 10] (total: 90s)
2026-09-24 12:47:06,472 - RLController - INFO -   Example: junction A5 -> durations [24, 22, 22, 22] (total: 90s)
2026-09-24 12:47:06,472 - RLController - INFO -   Example: junction B0 -> durations [24, 22, 22, 22] (total: 90s)
2026-09-24 12:47:06,472 - RLController - INFO -   Example: junction B1 -> durations [24, 22, 22, 22] (total: 90s)
2026-09-24 12:47:06,472 - RLController - INFO -   Example: junction B2 -> durations [24, 22, 22, 22] (total: 90s)
2026-09-24 12:47:06,473 - RLController - INFO -   Example: junction B4 -> durations [24, 22, 22, 22] (total: 90s)
2026-09-24 12:47:06,473 - RLController - INFO -   Example: junction B5 -> durations [60, 10, 10, 10] (total: 90s)
2026-09-24 12:47:06,473 - RLController - INFO -   Example: junction C0 -> durations [21, 21, 27, 21] (total: 90s)
2026-09-24 12:47:06,473 - RLController - INFO -   Example: junction C1 -> durations [24, 22, 22, 22] (total: 90s)
2026-09-24 12:47:06,473 - RLController - INFO -   Example: junction C2 -> durations [57, 13, 10, 10] (total: 90s)
2026-09-24 12:47:06,474 - RLController - INFO -   Example: junction C3 -> durations [60, 10, 10, 10] (total: 90s)
2026-09-24 12:47:06,474 - RLController - INFO -   Example: junction C4 -> durations [60, 10, 10, 10] (total: 90s)
2026-09-24 12:47:06,474 - RLController - INFO -   Example: junction C5 -> durations [57, 11, 11, 11] (total: 90s)
2026-09-24 12:47:06,474 - RLController - INFO -   Example: junction D0 -> durations [24, 22, 22, 22] (total: 90s)
2026-09-24 12:47:06,475 - RLController - INFO -   Example: junction D1 -> durations [21, 21, 27, 21] (total: 90s)
2026-09-24 12:47:06,475 - RLController - INFO -   Example: junction D2 -> durations [48, 14, 14, 14] (total: 90s)
2026-09-24 12:47:06,475 - RLController - INFO -   Example: junction D3 -> durations [24, 22, 22, 22] (total: 90s)
2026-09-24 12:47:06,475 - RLController - INFO -   Example: junction D4 -> durations [24, 22, 22, 22] (total: 90s)
2026-09-24 12:47:06,475 - RLController - INFO -   Example: junction D5 -> durations [13, 13, 51, 13] (total: 90s)
2026-09-24 12:47:06,476 - RLController - INFO -   Example: junction E0 -> durations [24, 22, 22, 22] (total: 90s)
2026-09-24 12:47:06,476 - RLController - INFO -   Example: junction E1 -> durations [24, 22, 22, 22] (total: 90s)
2026-09-24 12:47:06,477 - RLController - INFO -   Stored schedules for 34 junctions, cycle starts at step 4680
2026-09-24 12:47:10,724 - RLController - INFO - DIAGNOSTIC Step 4770 - Observation stats:
2026-09-24 12:47:10,724 - RLController - INFO -   Hash: -4696313429678431411, Min: 0.000000, Max: 1.000000, Mean: 0.451322, Std: 0.458290
2026-09-24 12:47:10,725 - RLController - INFO -   First 10: [0.         1.         0.99333334 1.         1.         0.
 0.         1.         0.99333334 1.        ]
2026-09-24 12:47:10,725 - RLController - INFO -   Last 10: [0.         0.2        0.         0.08333334 0.5277778  0.00385848
 0.08730769 0.49721116 0.         0.3       ]
2026-09-24 12:47:10,730 - RLController - INFO - DIAGNOSTIC - Raw model action output:
2026-09-24 12:47:10,730 - RLController - INFO -   Action hash: 1494600089334079284
2026-09-24 12:47:10,731 - RLController - INFO -   First 8 values: [ -7.51135 -10.      -10.      -10.      -10.      -10.      -10.
 -10.     ]
2026-09-24 12:47:10,731 - RLController - INFO -   Last 8 values: [-10.        -10.        -10.        -10.        -10.         -2.8343165
 -10.        -10.       ]
2026-09-24 12:47:10,731 - RLController - INFO -   Action shape: (136,), min: -10.000000, max: 4.674496, mean: -9.286708
2026-09-24 12:47:10,732 - RLController - INFO -   B0 junction (indices 16-19) raw values: [ -9.994815 -10.       -10.       -10.      ]
2026-09-24 12:47:10,732 - RLController - INFO - Using CONTINUOUS DURATION-BASED mode
2026-09-24 12:47:10,732 - RLController - INFO -   Example: junction A0 -> durations [51, 13, 13, 13] (total: 90s)
2026-09-24 12:47:10,732 - RLController - INFO -   Example: junction A1 -> durations [24, 22, 22, 22] (total: 90s)
2026-09-24 12:47:10,733 - RLController - INFO -   Example: junction A2 -> durations [13, 13, 51, 13] (total: 90s)
2026-09-24 12:47:10,733 - RLController - INFO -   Example: junction A4 -> durations [60, 10, 10, 10] (total: 90s)
2026-09-24 12:47:10,733 - RLController - INFO -   Example: junction A5 -> durations [24, 22, 22, 22] (total: 90s)
2026-09-24 12:47:10,733 - RLController - INFO -   Example: junction B0 -> durations [24, 22, 22, 22] (total: 90s)
2026-09-24 12:47:10,734 - RLController - INFO -   Example: junction B1 -> durations [24, 22, 22, 22] (total: 90s)
2026-09-24 12:47:10,734 - RLController - INFO -   Example: junction B2 -> durations [24, 22, 22, 22] (total: 90s)
2026-09-24 12:47:10,734 - RLController - INFO -   Example: junction B4 -> durations [24, 22, 22, 22] (total: 90s)
2026-09-24 12:47:10,734 - RLController - INFO -   Example: junction B5 -> durations [60, 10, 10, 10] (total: 90s)
2026-09-24 12:47:10,734 - RLController - INFO -   Example: junction C0 -> durations [22, 22, 24, 22] (total: 90s)
2026-09-24 12:47:10,735 - RLController - INFO -   Example: junction C1 -> durations [24, 22, 22, 22] (total: 90s)
2026-09-24 12:47:10,735 - RLController - INFO -   Example: junction C2 -> durations [57, 13, 10, 10] (total: 90s)
2026-09-24 12:47:10,735 - RLController - INFO -   Example: junction C3 -> durations [60, 10, 10, 10] (total: 90s)
2026-09-24 12:47:10,735 - RLController - INFO -   Example: junction C4 -> durations [60, 10, 10, 10] (total: 90s)
2026-09-24 12:47:10,735 - RLController - INFO -   Example: junction C5 -> durations [57, 11, 11, 11] (total: 90s)
2026-09-24 12:47:10,736 - RLController - INFO -   Example: junction D0 -> durations [24, 22, 22, 22] (total: 90s)
2026-09-24 12:47:10,736 - RLController - INFO -   Example: junction D1 -> durations [21, 21, 27, 21] (total: 90s)
2026-09-24 12:47:10,736 - RLController - INFO -   Example: junction D2 -> durations [45, 15, 15, 15] (total: 90s)
2026-09-24 12:47:10,736 - RLController - INFO -   Example: junction D3 -> durations [24, 22, 22, 22] (total: 90s)
2026-09-24 12:47:10,736 - RLController - INFO -   Example: junction D4 -> durations [24, 22, 22, 22] (total: 90s)
2026-09-24 12:47:10,737 - RLController - INFO -   Example: junction D5 -> durations [13, 13, 51, 13] (total: 90s)
2026-09-24 12:47:10,737 - RLController - INFO -   Example: junction E0 -> durations [24, 22, 22, 22] (total: 90s)
2026-09-24 12:47:10,737 - RLController - INFO -   Example: junction E1 -> durations [24, 22, 22, 22] (total: 90s)
2026-09-24 12:47:10,738 - RLController - INFO -   Stored schedules for 34 junctions, cycle starts at step 4770
2026-09-24 12:47:14,910 - RLController - INFO - DIAGNOSTIC Step 4860 - Observation stats:
2026-09-24 12:47:14,910 - RLController - INFO -   Hash: -6932561898946802130, Min: 0.000000, Max: 1.000000, Mean: 0.447775, Std: 0.456563
2026-09-24 12:47:14,911 - RLController - INFO -   First 10: [2.1554224e-06 1.0000000e+00 9.9333334e-01 1.0000000e+00 1.0000000e+00
 1.3550743e-06 0.0000000e+00 1.0000000e+00 9.9333334e-01 1.0000000e+00]
2026-09-24 12:47:14,911 - RLController - INFO -   Last 10: [0.         0.2        0.         0.08333334 0.53846157 0.00410295
 0.08752137 0.49021626 0.         0.3       ]
2026-09-24 12:47:14,915 - RLController - INFO - DIAGNOSTIC - Raw model action output:
2026-09-24 12:47:14,915 - RLController - INFO -   Action hash: 5180948970817680749
2026-09-24 12:47:14,916 - RLController - INFO -   First 8 values: [ -7.693766 -10.       -10.       -10.       -10.       -10.
 -10.       -10.      ]
2026-09-24 12:47:14,916 - RLController - INFO -   Last 8 values: [-10.         -10.         -10.         -10.         -10.
  -0.31875393 -10.         -10.        ]
2026-09-24 12:47:14,916 - RLController - INFO -   Action shape: (136,), min: -10.000000, max: 5.714132, mean: -9.306439
2026-09-24 12:47:14,916 - RLController - INFO -   B0 junction (indices 16-19) raw values: [-10. -10. -10. -10.]
2026-09-24 12:47:14,916 - RLController - INFO - Using CONTINUOUS DURATION-BASED mode
2026-09-24 12:47:14,916 - RLController - INFO -   Example: junction A0 -> durations [48, 14, 14, 14] (total: 90s)
2026-09-24 12:47:14,917 - RLController - INFO -   Example: junction A1 -> durations [24, 22, 22, 22] (total: 90s)
2026-09-24 12:47:14,917 - RLController - INFO -   Example: junction A2 -> durations [12, 12, 54, 12] (total: 90s)
2026-09-24 12:47:14,917 - RLController - INFO -   Example: junction A4 -> durations [60, 10, 10, 10] (total: 90s)
2026-09-24 12:47:14,917 - RLController - INFO -   Example: junction A5 -> durations [24, 22, 22, 22] (total: 90s)
2026-09-24 12:47:14,917 - RLController - INFO -   Example: junction B0 -> durations [24, 22, 22, 22] (total: 90s)
2026-09-24 12:47:14,917 - RLController - INFO -   Example: junction B1 -> durations [24, 22, 22, 22] (total: 90s)
2026-09-24 12:47:14,918 - RLController - INFO -   Example: junction B2 -> durations [24, 22, 22, 22] (total: 90s)
2026-09-24 12:47:14,918 - RLController - INFO -   Example: junction B4 -> durations [24, 22, 22, 22] (total: 90s)
2026-09-24 12:47:14,918 - RLController - INFO -   Example: junction B5 -> durations [60, 10, 10, 10] (total: 90s)
2026-09-24 12:47:14,918 - RLController - INFO -   Example: junction C0 -> durations [24, 22, 22, 22] (total: 90s)
2026-09-24 12:47:14,918 - RLController - INFO -   Example: junction C1 -> durations [24, 22, 22, 22] (total: 90s)
2026-09-24 12:47:14,918 - RLController - INFO -   Example: junction C2 -> durations [57, 13, 10, 10] (total: 90s)
2026-09-24 12:47:14,918 - RLController - INFO -   Example: junction C3 -> durations [60, 10, 10, 10] (total: 90s)
2026-09-24 12:47:14,919 - RLController - INFO -   Example: junction C4 -> durations [57, 11, 11, 11] (total: 90s)
2026-09-24 12:47:14,919 - RLController - INFO -   Example: junction C5 -> durations [57, 11, 11, 11] (total: 90s)
2026-09-24 12:47:14,919 - RLController - INFO -   Example: junction D0 -> durations [24, 22, 22, 22] (total: 90s)
2026-09-24 12:47:14,919 - RLController - INFO -   Example: junction D1 -> durations [24, 22, 22, 22] (total: 90s)
2026-09-24 12:47:14,919 - RLController - INFO -   Example: junction D2 -> durations [39, 17, 17, 17] (total: 90s)
2026-09-24 12:47:14,919 - RLController - INFO -   Example: junction D3 -> durations [24, 22, 22, 22] (total: 90s)
2026-09-24 12:47:14,919 - RLController - INFO -   Example: junction D4 -> durations [24, 22, 22, 22] (total: 90s)
2026-09-24 12:47:14,920 - RLController - INFO -   Example: junction D5 -> durations [13, 13, 51, 13] (total: 90s)
2026-09-24 12:47:14,920 - RLController - INFO -   Example: junction E0 -> durations [24, 22, 22, 22] (total: 90s)
2026-09-24 12:47:14,920 - RLController - INFO -   Example: junction E1 -> durations [24, 22, 22, 22] (total: 90s)
2026-09-24 12:47:14,921 - RLController - INFO -   Stored schedules for 34 junctions, cycle starts at step 4860
2026-09-24 12:47:18,706 - RLController - INFO - DIAGNOSTIC Step 4950 - Observation stats:
2026-09-24 12:47:18,707 - RLController - INFO -   Hash: 3799860811703526498, Min: 0.000000, Max: 1.000170, Mean: 0.444168, Std: 0.458575
2026-09-24 12:47:18,707 - RLController - INFO -   First 10: [0.5        0.         0.9266667  1.         0.00541354 0.31043747
 0.         1.         0.99333334 1.        ]
2026-09-24 12:47:18,707 - RLController - INFO -   Last 10: [0.         0.2        0.         0.08333334 0.50427353 0.00332545
 0.08636752 0.5170239  0.         0.3       ]
2026-09-24 12:47:18,714 - RLController - INFO - DIAGNOSTIC - Raw model action output:
2026-09-24 12:47:18,714 - RLController - INFO -   Action hash: -7814665560202912986
2026-09-24 12:47:18,714 - RLController - INFO -   First 8 values: [ -7.48968 -10.      -10.      -10.      -10.      -10.      -10.
 -10.     ]
2026-09-24 12:47:18,715 - RLController - INFO -   Last 8 values: [-10.        -10.        -10.        -10.        -10.         -2.0783617
 -10.        -10.       ]
2026-09-24 12:47:18,715 - RLController - INFO -   Action shape: (136,), min: -10.000000, max: 4.954571, mean: -9.292031
2026-09-24 12:47:18,715 - RLController - INFO -   B0 junction (indices 16-19) raw values: [-10. -10. -10. -10.]
2026-09-24 12:47:18,715 - RLController - INFO - Using CONTINUOUS DURATION-BASED mode
2026-09-24 12:47:18,715 - RLController - INFO -   Example: junction A0 -> durations [51, 13, 13, 13] (total: 90s)
2026-09-24 12:47:18,715 - RLController - INFO -   Example: junction A1 -> durations [24, 22, 22, 22] (total: 90s)
2026-09-24 12:47:18,716 - RLController - INFO -   Example: junction A2 -> durations [12, 12, 54, 12] (total: 90s)
2026-09-24 12:47:18,716 - RLController - INFO -   Example: junction A4 -> durations [60, 10, 10, 10] (total: 90s)
2026-09-24 12:47:18,716 - RLController - INFO -   Example: junction A5 -> durations [24, 22, 22, 22] (total: 90s)
2026-09-24 12:47:18,716 - RLController - INFO -   Example: junction B0 -> durations [24, 22, 22, 22] (total: 90s)
2026-09-24 12:47:18,716 - RLController - INFO -   Example: junction B1 -> durations [24, 22, 22, 22] (total: 90s)
2026-09-24 12:47:18,716 - RLController - INFO -   Example: junction B2 -> durations [24, 22, 22, 22] (total: 90s)
2026-09-24 12:47:18,716 - RLController - INFO -   Example: junction B4 -> durations [24, 22, 22, 22] (total: 90s)
2026-09-24 12:47:18,717 - RLController - INFO -   Example: junction B5 -> durations [60, 10, 10, 10] (total: 90s)
2026-09-24 12:47:18,717 - RLController - INFO -   Example: junction C0 -> durations [22, 22, 24, 22] (total: 90s)
2026-09-24 12:47:18,717 - RLController - INFO -   Example: junction C1 -> durations [24, 22, 22, 22] (total: 90s)
2026-09-24 12:47:18,717 - RLController - INFO -   Example: junction C2 -> durations [58, 12, 10, 10] (total: 90s)
2026-09-24 12:47:18,717 - RLController - INFO -   Example: junction C3 -> durations [60, 10, 10, 10] (total: 90s)
2026-09-24 12:47:18,717 - RLController - INFO -   Example: junction C4 -> durations [57, 11, 11, 11] (total: 90s)
2026-09-24 12:47:18,717 - RLController - INFO -   Example: junction C5 -> durations [57, 11, 11, 11] (total: 90s)
2026-09-24 12:47:18,718 - RLController - INFO -   Example: junction D0 -> durations [24, 22, 22, 22] (total: 90s)
2026-09-24 12:47:18,718 - RLController - INFO -   Example: junction D1 -> durations [21, 21, 27, 21] (total: 90s)
2026-09-24 12:47:18,718 - RLController - INFO -   Example: junction D2 -> durations [48, 14, 14, 14] (total: 90s)
2026-09-24 12:47:18,718 - RLController - INFO -   Example: junction D3 -> durations [24, 22, 22, 22] (total: 90s)
2026-09-24 12:47:18,718 - RLController - INFO -   Example: junction D4 -> durations [24, 22, 22, 22] (total: 90s)
2026-09-24 12:47:18,718 - RLController - INFO -   Example: junction D5 -> durations [14, 14, 48, 14] (total: 90s)
2026-09-24 12:47:18,718 - RLController - INFO -   Example: junction E0 -> durations [24, 22, 22, 22] (total: 90s)
2026-09-24 12:47:18,719 - RLController - INFO -   Example: junction E1 -> durations [24, 22, 22, 22] (total: 90s)
2026-09-24 12:47:18,719 - RLController - INFO -   Stored schedules for 34 junctions, cycle starts at step 4950
2026-09-24 12:47:22,430 - RLController - INFO - DIAGNOSTIC Step 5040 - Observation stats:
2026-09-24 12:47:22,431 - RLController - INFO -   Hash: 1343301304934226688, Min: 0.000000, Max: 1.000000, Mean: 0.445797, Std: 0.459318
2026-09-24 12:47:22,431 - RLController - INFO -   First 10: [1.         0.         0.         0.         0.         0.6002025
 0.         1.         0.99333334 1.        ]
2026-09-24 12:47:22,431 - RLController - INFO -   Last 10: [0.         0.2        0.         0.08333334 0.50641024 0.0034134
 0.08794872 0.5107739  0.         0.3       ]
2026-09-24 12:47:22,437 - RLController - INFO - DIAGNOSTIC - Raw model action output:
2026-09-24 12:47:22,437 - RLController - INFO -   Action hash: 5332699393272985512
2026-09-24 12:47:22,437 - RLController - INFO -   First 8 values: [ -7.454443 -10.       -10.       -10.       -10.       -10.
 -10.       -10.      ]
2026-09-24 12:47:22,438 - RLController - INFO -   Last 8 values: [-10.       -10.       -10.       -10.       -10.        -3.586098
 -10.       -10.      ]
2026-09-24 12:47:22,438 - RLController - INFO -   Action shape: (136,), min: -10.000000, max: 4.665583, mean: -9.287423
2026-09-24 12:47:22,438 - RLController - INFO -   B0 junction (indices 16-19) raw values: [-10. -10. -10. -10.]
2026-09-24 12:47:22,438 - RLController - INFO - Using CONTINUOUS DURATION-BASED mode
2026-09-24 12:47:22,438 - RLController - INFO -   Example: junction A0 -> durations [51, 13, 13, 13] (total: 90s)
2026-09-24 12:47:22,438 - RLController - INFO -   Example: junction A1 -> durations [24, 22, 22, 22] (total: 90s)
2026-09-24 12:47:22,439 - RLController - INFO -   Example: junction A2 -> durations [12, 12, 54, 12] (total: 90s)
2026-09-24 12:47:22,439 - RLController - INFO -   Example: junction A4 -> durations [60, 10, 10, 10] (total: 90s)
2026-09-24 12:47:22,439 - RLController - INFO -   Example: junction A5 -> durations [24, 22, 22, 22] (total: 90s)
2026-09-24 12:47:22,439 - RLController - INFO -   Example: junction B0 -> durations [24, 22, 22, 22] (total: 90s)
2026-09-24 12:47:22,439 - RLController - INFO -   Example: junction B1 -> durations [24, 22, 22, 22] (total: 90s)
2026-09-24 12:47:22,439 - RLController - INFO -   Example: junction B2 -> durations [24, 22, 22, 22] (total: 90s)
2026-09-24 12:47:22,439 - RLController - INFO -   Example: junction B4 -> durations [24, 22, 22, 22] (total: 90s)
2026-09-24 12:47:22,440 - RLController - INFO -   Example: junction B5 -> durations [60, 10, 10, 10] (total: 90s)
2026-09-24 12:47:22,440 - RLController - INFO -   Example: junction C0 -> durations [22, 22, 24, 22] (total: 90s)
2026-09-24 12:47:22,440 - RLController - INFO -   Example: junction C1 -> durations [24, 22, 22, 22] (total: 90s)
2026-09-24 12:47:22,440 - RLController - INFO -   Example: junction C2 -> durations [56, 14, 10, 10] (total: 90s)
2026-09-24 12:47:22,440 - RLController - INFO -   Example: junction C3 -> durations [60, 10, 10, 10] (total: 90s)
2026-09-24 12:47:22,440 - RLController - INFO -   Example: junction C4 -> durations [60, 10, 10, 10] (total: 90s)
2026-09-24 12:47:22,440 - RLController - INFO -   Example: junction C5 -> durations [57, 11, 11, 11] (total: 90s)
2026-09-24 12:47:22,441 - RLController - INFO -   Example: junction D0 -> durations [24, 22, 22, 22] (total: 90s)
2026-09-24 12:47:22,441 - RLController - INFO -   Example: junction D1 -> durations [22, 22, 24, 22] (total: 90s)
2026-09-24 12:47:22,441 - RLController - INFO -   Example: junction D2 -> durations [51, 13, 13, 13] (total: 90s)
2026-09-24 12:47:22,441 - RLController - INFO -   Example: junction D3 -> durations [24, 22, 22, 22] (total: 90s)
2026-09-24 12:47:22,441 - RLController - INFO -   Example: junction D4 -> durations [24, 22, 22, 22] (total: 90s)
2026-09-24 12:47:22,441 - RLController - INFO -   Example: junction D5 -> durations [13, 13, 51, 13] (total: 90s)
2026-09-24 12:47:22,441 - RLController - INFO -   Example: junction E0 -> durations [24, 22, 22, 22] (total: 90s)
2026-09-24 12:47:22,442 - RLController - INFO -   Example: junction E1 -> durations [24, 22, 22, 22] (total: 90s)
2026-09-24 12:47:22,442 - RLController - INFO -   Stored schedules for 34 junctions, cycle starts at step 5040
2026-09-24 12:47:26,684 - RLController - INFO - DIAGNOSTIC Step 5130 - Observation stats:
2026-09-24 12:47:26,686 - RLController - INFO -   Hash: -8804459878451944655, Min: 0.000000, Max: 1.000000, Mean: 0.447941, Std: 0.458210
2026-09-24 12:47:26,686 - RLController - INFO -   First 10: [1.         0.         0.         0.         0.         0.6002025
 0.         1.         0.99333334 1.        ]
2026-09-24 12:47:26,686 - RLController - INFO -   Last 10: [0.         0.2        0.         0.08333334 0.52350426 0.00369281
 0.08880342 0.50067836 0.         0.3       ]
2026-09-24 12:47:26,690 - RLController - INFO - DIAGNOSTIC - Raw model action output:
2026-09-24 12:47:26,690 - RLController - INFO -   Action hash: 3976226293630597236
2026-09-24 12:47:26,691 - RLController - INFO -   First 8 values: [ -7.425175 -10.       -10.       -10.       -10.       -10.
 -10.       -10.      ]
2026-09-24 12:47:26,691 - RLController - INFO -   Last 8 values: [-10.        -10.        -10.        -10.        -10.         -1.7000172
 -10.        -10.       ]
2026-09-24 12:47:26,691 - RLController - INFO -   Action shape: (136,), min: -10.000000, max: 5.565990, mean: -9.256926
2026-09-24 12:47:26,691 - RLController - INFO -   B0 junction (indices 16-19) raw values: [-10. -10. -10. -10.]
2026-09-24 12:47:26,691 - RLController - INFO - Using CONTINUOUS DURATION-BASED mode
2026-09-24 12:47:26,692 - RLController - INFO -   Example: junction A0 -> durations [51, 13, 13, 13] (total: 90s)
2026-09-24 12:47:26,692 - RLController - INFO -   Example: junction A1 -> durations [24, 22, 22, 22] (total: 90s)
2026-09-24 12:47:26,692 - RLController - INFO -   Example: junction A2 -> durations [12, 12, 54, 12] (total: 90s)
2026-09-24 12:47:26,692 - RLController - INFO -   Example: junction A4 -> durations [60, 10, 10, 10] (total: 90s)
2026-09-24 12:47:26,692 - RLController - INFO -   Example: junction A5 -> durations [24, 22, 22, 22] (total: 90s)
2026-09-24 12:47:26,692 - RLController - INFO -   Example: junction B0 -> durations [24, 22, 22, 22] (total: 90s)
2026-09-24 12:47:26,692 - RLController - INFO -   Example: junction B1 -> durations [24, 22, 22, 22] (total: 90s)
2026-09-24 12:47:26,692 - RLController - INFO -   Example: junction B2 -> durations [24, 22, 22, 22] (total: 90s)
2026-09-24 12:47:26,693 - RLController - INFO -   Example: junction B4 -> durations [24, 22, 22, 22] (total: 90s)
2026-09-24 12:47:26,693 - RLController - INFO -   Example: junction B5 -> durations [60, 10, 10, 10] (total: 90s)
2026-09-24 12:47:26,693 - RLController - INFO -   Example: junction C0 -> durations [22, 22, 24, 22] (total: 90s)
2026-09-24 12:47:26,693 - RLController - INFO -   Example: junction C1 -> durations [24, 22, 22, 22] (total: 90s)
2026-09-24 12:47:26,693 - RLController - INFO -   Example: junction C2 -> durations [54, 16, 10, 10] (total: 90s)
2026-09-24 12:47:26,693 - RLController - INFO -   Example: junction C3 -> durations [60, 10, 10, 10] (total: 90s)
2026-09-24 12:47:26,693 - RLController - INFO -   Example: junction C4 -> durations [57, 11, 11, 11] (total: 90s)
2026-09-24 12:47:26,693 - RLController - INFO -   Example: junction C5 -> durations [57, 11, 11, 11] (total: 90s)
2026-09-24 12:47:26,694 - RLController - INFO -   Example: junction D0 -> durations [24, 22, 22, 22] (total: 90s)
2026-09-24 12:47:26,694 - RLController - INFO -   Example: junction D1 -> durations [21, 21, 27, 21] (total: 90s)
2026-09-24 12:47:26,694 - RLController - INFO -   Example: junction D2 -> durations [48, 14, 14, 14] (total: 90s)
2026-09-24 12:47:26,694 - RLController - INFO -   Example: junction D3 -> durations [24, 22, 22, 22] (total: 90s)
2026-09-24 12:47:26,694 - RLController - INFO -   Example: junction D4 -> durations [24, 22, 22, 22] (total: 90s)
2026-09-24 12:47:26,694 - RLController - INFO -   Example: junction D5 -> durations [13, 13, 51, 13] (total: 90s)
2026-09-24 12:47:26,694 - RLController - INFO -   Example: junction E0 -> durations [24, 22, 22, 22] (total: 90s)
2026-09-24 12:47:26,694 - RLController - INFO -   Example: junction E1 -> durations [24, 22, 22, 22] (total: 90s)
2026-09-24 12:47:26,695 - RLController - INFO -   Stored schedules for 34 junctions, cycle starts at step 5130
2026-09-24 12:47:30,572 - RLController - INFO - DIAGNOSTIC Step 5220 - Observation stats:
2026-09-24 12:47:30,574 - RLController - INFO -   Hash: 8093623046133972669, Min: 0.000000, Max: 1.000000, Mean: 0.448248, Std: 0.459224
2026-09-24 12:47:30,575 - RLController - INFO -   First 10: [1.         0.         0.         0.         0.         0.6002025
 0.         1.         0.99333334 1.        ]
2026-09-24 12:47:30,575 - RLController - INFO -   Last 10: [0.         0.2        0.         0.08333334 0.508547   0.00286012
 0.08965812 0.5026809  0.         0.3       ]
2026-09-24 12:47:30,586 - RLController - INFO - DIAGNOSTIC - Raw model action output:
2026-09-24 12:47:30,586 - RLController - INFO -   Action hash: 7772684420029982145
2026-09-24 12:47:30,586 - RLController - INFO -   First 8 values: [ -7.359111 -10.       -10.       -10.       -10.       -10.
 -10.       -10.      ]
2026-09-24 12:47:30,587 - RLController - INFO -   Last 8 values: [-10.        -10.        -10.        -10.        -10.         -1.4381645
 -10.        -10.       ]
2026-09-24 12:47:30,587 - RLController - INFO -   Action shape: (136,), min: -10.000000, max: 5.126892, mean: -9.263927
2026-09-24 12:47:30,587 - RLController - INFO -   B0 junction (indices 16-19) raw values: [-10. -10. -10. -10.]
2026-09-24 12:47:30,587 - RLController - INFO - Using CONTINUOUS DURATION-BASED mode
2026-09-24 12:47:30,588 - RLController - INFO -   Example: junction A0 -> durations [51, 13, 13, 13] (total: 90s)
2026-09-24 12:47:30,588 - RLController - INFO -   Example: junction A1 -> durations [24, 22, 22, 22] (total: 90s)
2026-09-24 12:47:30,588 - RLController - INFO -   Example: junction A2 -> durations [12, 12, 54, 12] (total: 90s)
2026-09-24 12:47:30,588 - RLController - INFO -   Example: junction A4 -> durations [60, 10, 10, 10] (total: 90s)
2026-09-24 12:47:30,588 - RLController - INFO -   Example: junction A5 -> durations [24, 22, 22, 22] (total: 90s)
2026-09-24 12:47:30,589 - RLController - INFO -   Example: junction B0 -> durations [24, 22, 22, 22] (total: 90s)
2026-09-24 12:47:30,589 - RLController - INFO -   Example: junction B1 -> durations [24, 22, 22, 22] (total: 90s)
2026-09-24 12:47:30,589 - RLController - INFO -   Example: junction B2 -> durations [24, 22, 22, 22] (total: 90s)
2026-09-24 12:47:30,589 - RLController - INFO -   Example: junction B4 -> durations [24, 22, 22, 22] (total: 90s)
2026-09-24 12:47:30,589 - RLController - INFO -   Example: junction B5 -> durations [60, 10, 10, 10] (total: 90s)
2026-09-24 12:47:30,590 - RLController - INFO -   Example: junction C0 -> durations [22, 22, 24, 22] (total: 90s)
2026-09-24 12:47:30,590 - RLController - INFO -   Example: junction C1 -> durations [24, 22, 22, 22] (total: 90s)
2026-09-24 12:47:30,590 - RLController - INFO -   Example: junction C2 -> durations [55, 15, 10, 10] (total: 90s)
2026-09-24 12:47:30,590 - RLController - INFO -   Example: junction C3 -> durations [60, 10, 10, 10] (total: 90s)
2026-09-24 12:47:30,590 - RLController - INFO -   Example: junction C4 -> durations [60, 10, 10, 10] (total: 90s)
2026-09-24 12:47:30,591 - RLController - INFO -   Example: junction C5 -> durations [57, 11, 11, 11] (total: 90s)
2026-09-24 12:47:30,591 - RLController - INFO -   Example: junction D0 -> durations [24, 22, 22, 22] (total: 90s)
2026-09-24 12:47:30,591 - RLController - INFO -   Example: junction D1 -> durations [21, 21, 27, 21] (total: 90s)
2026-09-24 12:47:30,591 - RLController - INFO -   Example: junction D2 -> durations [48, 14, 14, 14] (total: 90s)
2026-09-24 12:47:30,591 - RLController - INFO -   Example: junction D3 -> durations [24, 22, 22, 22] (total: 90s)
2026-09-24 12:47:30,592 - RLController - INFO -   Example: junction D4 -> durations [24, 22, 22, 22] (total: 90s)
2026-09-24 12:47:30,592 - RLController - INFO -   Example: junction D5 -> durations [13, 13, 51, 13] (total: 90s)
2026-09-24 12:47:30,592 - RLController - INFO -   Example: junction E0 -> durations [24, 22, 22, 22] (total: 90s)
2026-09-24 12:47:30,592 - RLController - INFO -   Example: junction E1 -> durations [24, 22, 22, 22] (total: 90s)
2026-09-24 12:47:30,594 - RLController - INFO -   Stored schedules for 34 junctions, cycle starts at step 5220
2026-09-24 12:47:35,610 - RLController - INFO - DIAGNOSTIC Step 5310 - Observation stats:
2026-09-24 12:47:35,610 - RLController - INFO -   Hash: 5123868451334709421, Min: 0.000000, Max: 1.000000, Mean: 0.446327, Std: 0.458452
2026-09-24 12:47:35,610 - RLController - INFO -   First 10: [1.        0.        0.        0.        0.        0.6002025 1.
 0.        0.        0.       ]
2026-09-24 12:47:35,611 - RLController - INFO -   Last 10: [0.         0.2        0.         0.08333334 0.517094   0.00329772
 0.09141026 0.5033898  0.         0.3       ]
2026-09-24 12:47:35,616 - RLController - INFO - DIAGNOSTIC - Raw model action output:
2026-09-24 12:47:35,617 - RLController - INFO -   Action hash: -4867462948851389894
2026-09-24 12:47:35,617 - RLController - INFO -   First 8 values: [ -7.5193114 -10.        -10.        -10.        -10.        -10.
 -10.        -10.       ]
2026-09-24 12:47:35,617 - RLController - INFO -   Last 8 values: [-10.        -10.        -10.        -10.        -10.         -1.9793794
 -10.        -10.       ]
2026-09-24 12:47:35,618 - RLController - INFO -   Action shape: (136,), min: -10.000000, max: 5.758293, mean: -9.278363
2026-09-24 12:47:35,618 - RLController - INFO -   B0 junction (indices 16-19) raw values: [-10. -10. -10. -10.]
2026-09-24 12:47:35,618 - RLController - INFO - Using CONTINUOUS DURATION-BASED mode
2026-09-24 12:47:35,618 - RLController - INFO -   Example: junction A0 -> durations [51, 13, 13, 13] (total: 90s)
2026-09-24 12:47:35,619 - RLController - INFO -   Example: junction A1 -> durations [24, 22, 22, 22] (total: 90s)
2026-09-24 12:47:35,619 - RLController - INFO -   Example: junction A2 -> durations [12, 12, 54, 12] (total: 90s)
2026-09-24 12:47:35,619 - RLController - INFO -   Example: junction A4 -> durations [60, 10, 10, 10] (total: 90s)
2026-09-24 12:47:35,619 - RLController - INFO -   Example: junction A5 -> durations [24, 22, 22, 22] (total: 90s)
2026-09-24 12:47:35,620 - RLController - INFO -   Example: junction B0 -> durations [24, 22, 22, 22] (total: 90s)
2026-09-24 12:47:35,620 - RLController - INFO -   Example: junction B1 -> durations [24, 22, 22, 22] (total: 90s)
2026-09-24 12:47:35,620 - RLController - INFO -   Example: junction B2 -> durations [24, 22, 22, 22] (total: 90s)
2026-09-24 12:47:35,620 - RLController - INFO -   Example: junction B4 -> durations [24, 22, 22, 22] (total: 90s)
2026-09-24 12:47:35,620 - RLController - INFO -   Example: junction B5 -> durations [60, 10, 10, 10] (total: 90s)
2026-09-24 12:47:35,621 - RLController - INFO -   Example: junction C0 -> durations [22, 22, 24, 22] (total: 90s)
2026-09-24 12:47:35,621 - RLController - INFO -   Example: junction C1 -> durations [24, 22, 22, 22] (total: 90s)
2026-09-24 12:47:35,621 - RLController - INFO -   Example: junction C2 -> durations [56, 14, 10, 10] (total: 90s)
2026-09-24 12:47:35,621 - RLController - INFO -   Example: junction C3 -> durations [60, 10, 10, 10] (total: 90s)
2026-09-24 12:47:35,621 - RLController - INFO -   Example: junction C4 -> durations [60, 10, 10, 10] (total: 90s)
2026-09-24 12:47:35,622 - RLController - INFO -   Example: junction C5 -> durations [57, 11, 11, 11] (total: 90s)
2026-09-24 12:47:35,622 - RLController - INFO -   Example: junction D0 -> durations [24, 22, 22, 22] (total: 90s)
2026-09-24 12:47:35,622 - RLController - INFO -   Example: junction D1 -> durations [22, 22, 24, 22] (total: 90s)
2026-09-24 12:47:35,622 - RLController - INFO -   Example: junction D2 -> durations [48, 14, 14, 14] (total: 90s)
2026-09-24 12:47:35,622 - RLController - INFO -   Example: junction D3 -> durations [24, 22, 22, 22] (total: 90s)
2026-09-24 12:47:35,623 - RLController - INFO -   Example: junction D4 -> durations [24, 22, 22, 22] (total: 90s)
2026-09-24 12:47:35,623 - RLController - INFO -   Example: junction D5 -> durations [13, 13, 51, 13] (total: 90s)
2026-09-24 12:47:35,623 - RLController - INFO -   Example: junction E0 -> durations [24, 22, 22, 22] (total: 90s)
2026-09-24 12:47:35,623 - RLController - INFO -   Example: junction E1 -> durations [24, 22, 22, 22] (total: 90s)
2026-09-24 12:47:35,625 - RLController - INFO -   Stored schedules for 34 junctions, cycle starts at step 5310
2026-09-24 12:47:40,780 - RLController - INFO - DIAGNOSTIC Step 5400 - Observation stats:
2026-09-24 12:47:40,782 - RLController - INFO -   Hash: 1943961147072844328, Min: 0.000000, Max: 1.000000, Mean: 0.447601, Std: 0.457610
2026-09-24 12:47:40,782 - RLController - INFO -   First 10: [1.         0.         0.         0.         0.         0.6002025
 0.         1.         0.99333334 1.        ]
2026-09-24 12:47:40,782 - RLController - INFO -   Last 10: [0.         0.2        0.         0.08333334 0.51495725 0.00375215
 0.09055556 0.50490934 0.         0.3       ]
2026-09-24 12:47:40,787 - RLController - INFO - DIAGNOSTIC - Raw model action output:
2026-09-24 12:47:40,787 - RLController - INFO -   Action hash: 6643979661839684232
2026-09-24 12:47:40,788 - RLController - INFO -   First 8 values: [ -7.4330606 -10.        -10.        -10.        -10.        -10.
 -10.        -10.       ]
2026-09-24 12:47:40,788 - RLController - INFO -   Last 8 values: [-10.       -10.       -10.       -10.       -10.        -3.420902
 -10.       -10.      ]
2026-09-24 12:47:40,788 - RLController - INFO -   Action shape: (136,), min: -10.000000, max: 5.307010, mean: -9.273903
2026-09-24 12:47:40,788 - RLController - INFO -   B0 junction (indices 16-19) raw values: [-10. -10. -10. -10.]
2026-09-24 12:47:40,788 - RLController - INFO - Using CONTINUOUS DURATION-BASED mode
2026-09-24 12:47:40,788 - RLController - INFO -   Example: junction A0 -> durations [51, 13, 13, 13] (total: 90s)
2026-09-24 12:47:40,789 - RLController - INFO -   Example: junction A1 -> durations [24, 22, 22, 22] (total: 90s)
2026-09-24 12:47:40,789 - RLController - INFO -   Example: junction A2 -> durations [12, 12, 54, 12] (total: 90s)
2026-09-24 12:47:40,789 - RLController - INFO -   Example: junction A4 -> durations [60, 10, 10, 10] (total: 90s)
2026-09-24 12:47:40,789 - RLController - INFO -   Example: junction A5 -> durations [24, 22, 22, 22] (total: 90s)
2026-09-24 12:47:40,789 - RLController - INFO -   Example: junction B0 -> durations [24, 22, 22, 22] (total: 90s)
2026-09-24 12:47:40,789 - RLController - INFO -   Example: junction B1 -> durations [24, 22, 22, 22] (total: 90s)
2026-09-24 12:47:40,790 - RLController - INFO -   Example: junction B2 -> durations [24, 22, 22, 22] (total: 90s)
2026-09-24 12:47:40,790 - RLController - INFO -   Example: junction B4 -> durations [24, 22, 22, 22] (total: 90s)
2026-09-24 12:47:40,790 - RLController - INFO -   Example: junction B5 -> durations [60, 10, 10, 10] (total: 90s)
2026-09-24 12:47:40,790 - RLController - INFO -   Example: junction C0 -> durations [21, 21, 27, 21] (total: 90s)
2026-09-24 12:47:40,790 - RLController - INFO -   Example: junction C1 -> durations [24, 22, 22, 22] (total: 90s)
2026-09-24 12:47:40,790 - RLController - INFO -   Example: junction C2 -> durations [56, 14, 10, 10] (total: 90s)
2026-09-24 12:47:40,790 - RLController - INFO -   Example: junction C3 -> durations [60, 10, 10, 10] (total: 90s)
2026-09-24 12:47:40,791 - RLController - INFO -   Example: junction C4 -> durations [60, 10, 10, 10] (total: 90s)
2026-09-24 12:47:40,791 - RLController - INFO -   Example: junction C5 -> durations [57, 11, 11, 11] (total: 90s)
2026-09-24 12:47:40,791 - RLController - INFO -   Example: junction D0 -> durations [24, 22, 22, 22] (total: 90s)
2026-09-24 12:47:40,791 - RLController - INFO -   Example: junction D1 -> durations [21, 21, 27, 21] (total: 90s)
2026-09-24 12:47:40,791 - RLController - INFO -   Example: junction D2 -> durations [48, 14, 14, 14] (total: 90s)
2026-09-24 12:47:40,791 - RLController - INFO -   Example: junction D3 -> durations [24, 22, 22, 22] (total: 90s)
2026-09-24 12:47:40,791 - RLController - INFO -   Example: junction D4 -> durations [24, 22, 22, 22] (total: 90s)
2026-09-24 12:47:40,792 - RLController - INFO -   Example: junction D5 -> durations [13, 13, 51, 13] (total: 90s)
2026-09-24 12:47:40,792 - RLController - INFO -   Example: junction E0 -> durations [24, 22, 22, 22] (total: 90s)
2026-09-24 12:47:40,792 - RLController - INFO -   Example: junction E1 -> durations [24, 22, 22, 22] (total: 90s)
2026-09-24 12:47:40,793 - RLController - INFO -   Stored schedules for 34 junctions, cycle starts at step 5400
2026-09-24 12:47:44,870 - RLController - INFO - DIAGNOSTIC Step 5490 - Observation stats:
2026-09-24 12:47:44,870 - RLController - INFO -   Hash: -7540315098814657924, Min: 0.000000, Max: 1.000000, Mean: 0.452562, Std: 0.457527
2026-09-24 12:47:44,870 - RLController - INFO -   First 10: [1.         0.         0.         0.         0.         0.6002025
 0.         1.         0.99333334 1.        ]
2026-09-24 12:47:44,871 - RLController - INFO -   Last 10: [0.         0.2        0.         0.08333334 0.52991456 0.00405496
 0.08897436 0.49596635 0.         0.3       ]
2026-09-24 12:47:44,888 - RLController - INFO - DIAGNOSTIC - Raw model action output:
2026-09-24 12:47:44,888 - RLController - INFO -   Action hash: -6248758351121218020
2026-09-24 12:47:44,889 - RLController - INFO -   First 8 values: [ -7.5836835 -10.        -10.        -10.        -10.        -10.
 -10.        -10.       ]
2026-09-24 12:47:44,889 - RLController - INFO -   Last 8 values: [-10.        -10.        -10.        -10.        -10.         -2.4897354
 -10.        -10.       ]
2026-09-24 12:47:44,889 - RLController - INFO -   Action shape: (136,), min: -10.000000, max: 5.970471, mean: -9.307073
2026-09-24 12:47:44,889 - RLController - INFO -   B0 junction (indices 16-19) raw values: [ -9.830899 -10.       -10.       -10.      ]
2026-09-24 12:47:44,889 - RLController - INFO - Using CONTINUOUS DURATION-BASED mode
2026-09-24 12:47:44,890 - RLController - INFO -   Example: junction A0 -> durations [48, 14, 14, 14] (total: 90s)
2026-09-24 12:47:44,890 - RLController - INFO -   Example: junction A1 -> durations [24, 22, 22, 22] (total: 90s)
2026-09-24 12:47:44,890 - RLController - INFO -   Example: junction A2 -> durations [12, 12, 54, 12] (total: 90s)
2026-09-24 12:47:44,890 - RLController - INFO -   Example: junction A4 -> durations [60, 10, 10, 10] (total: 90s)
2026-09-24 12:47:44,890 - RLController - INFO -   Example: junction A5 -> durations [24, 22, 22, 22] (total: 90s)
2026-09-24 12:47:44,890 - RLController - INFO -   Example: junction B0 -> durations [24, 22, 22, 22] (total: 90s)
2026-09-24 12:47:44,891 - RLController - INFO -   Example: junction B1 -> durations [24, 22, 22, 22] (total: 90s)
2026-09-24 12:47:44,891 - RLController - INFO -   Example: junction B2 -> durations [24, 22, 22, 22] (total: 90s)
2026-09-24 12:47:44,891 - RLController - INFO -   Example: junction B4 -> durations [24, 22, 22, 22] (total: 90s)
2026-09-24 12:47:44,891 - RLController - INFO -   Example: junction B5 -> durations [60, 10, 10, 10] (total: 90s)
2026-09-24 12:47:44,891 - RLController - INFO -   Example: junction C0 -> durations [24, 22, 22, 22] (total: 90s)
2026-09-24 12:47:44,891 - RLController - INFO -   Example: junction C1 -> durations [24, 22, 22, 22] (total: 90s)
2026-09-24 12:47:44,891 - RLController - INFO -   Example: junction C2 -> durations [57, 13, 10, 10] (total: 90s)
2026-09-24 12:47:44,892 - RLController - INFO -   Example: junction C3 -> durations [60, 10, 10, 10] (total: 90s)
2026-09-24 12:47:44,892 - RLController - INFO -   Example: junction C4 -> durations [57, 11, 11, 11] (total: 90s)
2026-09-24 12:47:44,892 - RLController - INFO -   Example: junction C5 -> durations [57, 11, 11, 11] (total: 90s)
2026-09-24 12:47:44,892 - RLController - INFO -   Example: junction D0 -> durations [24, 22, 22, 22] (total: 90s)
2026-09-24 12:47:44,892 - RLController - INFO -   Example: junction D1 -> durations [22, 22, 24, 22] (total: 90s)
2026-09-24 12:47:44,892 - RLController - INFO -   Example: junction D2 -> durations [42, 16, 16, 16] (total: 90s)
2026-09-24 12:47:44,892 - RLController - INFO -   Example: junction D3 -> durations [24, 22, 22, 22] (total: 90s)
2026-09-24 12:47:44,893 - RLController - INFO -   Example: junction D4 -> durations [24, 22, 22, 22] (total: 90s)
2026-09-24 12:47:44,893 - RLController - INFO -   Example: junction D5 -> durations [13, 13, 51, 13] (total: 90s)
2026-09-24 12:47:44,893 - RLController - INFO -   Example: junction E0 -> durations [24, 22, 22, 22] (total: 90s)
2026-09-24 12:47:44,893 - RLController - INFO -   Example: junction E1 -> durations [24, 22, 22, 22] (total: 90s)
2026-09-24 12:47:44,894 - RLController - INFO -   Stored schedules for 34 junctions, cycle starts at step 5490
2026-09-24 12:47:49,094 - RLController - INFO - DIAGNOSTIC Step 5580 - Observation stats:
2026-09-24 12:47:49,095 - RLController - INFO -   Hash: -6045676423321420828, Min: 0.000000, Max: 1.000000, Mean: 0.453493, Std: 0.459911
2026-09-24 12:47:49,095 - RLController - INFO -   First 10: [1.         0.         0.         0.         0.         0.6002025
 0.         1.         0.99333334 1.        ]
2026-09-24 12:47:49,096 - RLController - INFO -   Last 10: [0.         0.2        0.         0.08333334 0.5470086  0.00376318
 0.08820513 0.4789505  0.         0.3       ]
2026-09-24 12:47:49,099 - RLController - INFO - DIAGNOSTIC - Raw model action output:
2026-09-24 12:47:49,099 - RLController - INFO -   Action hash: 9071032693070697144
2026-09-24 12:47:49,100 - RLController - INFO -   First 8 values: [ -7.805237 -10.       -10.       -10.       -10.       -10.
 -10.       -10.      ]
2026-09-24 12:47:49,100 - RLController - INFO -   Last 8 values: [-10.        -10.        -10.        -10.        -10.         -1.4778316
 -10.        -10.       ]
2026-09-24 12:47:49,100 - RLController - INFO -   Action shape: (136,), min: -10.000000, max: 5.304103, mean: -9.281771
2026-09-24 12:47:49,100 - RLController - INFO -   B0 junction (indices 16-19) raw values: [-10. -10. -10. -10.]
2026-09-24 12:47:49,100 - RLController - INFO - Using CONTINUOUS DURATION-BASED mode
2026-09-24 12:47:49,101 - RLController - INFO -   Example: junction A0 -> durations [48, 14, 14, 14] (total: 90s)
2026-09-24 12:47:49,101 - RLController - INFO -   Example: junction A1 -> durations [24, 22, 22, 22] (total: 90s)
2026-09-24 12:47:49,101 - RLController - INFO -   Example: junction A2 -> durations [12, 12, 54, 12] (total: 90s)
2026-09-24 12:47:49,101 - RLController - INFO -   Example: junction A4 -> durations [60, 10, 10, 10] (total: 90s)
2026-09-24 12:47:49,101 - RLController - INFO -   Example: junction A5 -> durations [24, 22, 22, 22] (total: 90s)
2026-09-24 12:47:49,101 - RLController - INFO -   Example: junction B0 -> durations [24, 22, 22, 22] (total: 90s)
2026-09-24 12:47:49,101 - RLController - INFO -   Example: junction B1 -> durations [24, 22, 22, 22] (total: 90s)
2026-09-24 12:47:49,101 - RLController - INFO -   Example: junction B2 -> durations [24, 22, 22, 22] (total: 90s)
2026-09-24 12:47:49,101 - RLController - INFO -   Example: junction B4 -> durations [24, 22, 22, 22] (total: 90s)
2026-09-24 12:47:49,102 - RLController - INFO -   Example: junction B5 -> durations [60, 10, 10, 10] (total: 90s)
2026-09-24 12:47:49,102 - RLController - INFO -   Example: junction C0 -> durations [24, 22, 22, 22] (total: 90s)
2026-09-24 12:47:49,102 - RLController - INFO -   Example: junction C1 -> durations [24, 22, 22, 22] (total: 90s)
2026-09-24 12:47:49,102 - RLController - INFO -   Example: junction C2 -> durations [58, 12, 10, 10] (total: 90s)
2026-09-24 12:47:49,102 - RLController - INFO -   Example: junction C3 -> durations [60, 10, 10, 10] (total: 90s)
2026-09-24 12:47:49,102 - RLController - INFO -   Example: junction C4 -> durations [60, 10, 10, 10] (total: 90s)
2026-09-24 12:47:49,102 - RLController - INFO -   Example: junction C5 -> durations [57, 11, 11, 11] (total: 90s)
2026-09-24 12:47:49,102 - RLController - INFO -   Example: junction D0 -> durations [24, 22, 22, 22] (total: 90s)
2026-09-24 12:47:49,102 - RLController - INFO -   Example: junction D1 -> durations [22, 22, 24, 22] (total: 90s)
2026-09-24 12:47:49,103 - RLController - INFO -   Example: junction D2 -> durations [45, 15, 15, 15] (total: 90s)
2026-09-24 12:47:49,103 - RLController - INFO -   Example: junction D3 -> durations [24, 22, 22, 22] (total: 90s)
2026-09-24 12:47:49,103 - RLController - INFO -   Example: junction D4 -> durations [24, 22, 22, 22] (total: 90s)
2026-09-24 12:47:49,103 - RLController - INFO -   Example: junction D5 -> durations [13, 13, 51, 13] (total: 90s)
2026-09-24 12:47:49,103 - RLController - INFO -   Example: junction E0 -> durations [24, 22, 22, 22] (total: 90s)
2026-09-24 12:47:49,103 - RLController - INFO -   Example: junction E1 -> durations [24, 22, 22, 22] (total: 90s)
2026-09-24 12:47:49,104 - RLController - INFO -   Stored schedules for 34 junctions, cycle starts at step 5580
2026-09-24 12:47:53,325 - RLController - INFO - DIAGNOSTIC Step 5670 - Observation stats:
2026-09-24 12:47:53,326 - RLController - INFO -   Hash: 213196588131728062, Min: 0.000000, Max: 1.000000, Mean: 0.451158, Std: 0.457727
2026-09-24 12:47:53,326 - RLController - INFO -   First 10: [1.        0.        0.        0.        0.        0.6002025 1.
 0.        0.        0.       ]
2026-09-24 12:47:53,326 - RLController - INFO -   Last 10: [0.         0.2        0.         0.08333334 0.525641   0.00345026
 0.08799145 0.5006662  0.         0.3       ]
2026-09-24 12:47:53,330 - RLController - INFO - DIAGNOSTIC - Raw model action output:
2026-09-24 12:47:53,330 - RLController - INFO -   Action hash: 1214284130237334601
2026-09-24 12:47:53,330 - RLController - INFO -   First 8 values: [ -7.6295567 -10.        -10.        -10.        -10.        -10.
 -10.        -10.       ]
2026-09-24 12:47:53,331 - RLController - INFO -   Last 8 values: [-10.        -10.        -10.        -10.        -10.         -2.8843734
 -10.        -10.       ]
2026-09-24 12:47:53,331 - RLController - INFO -   Action shape: (136,), min: -10.000000, max: 5.169785, mean: -9.306998
2026-09-24 12:47:53,331 - RLController - INFO -   B0 junction (indices 16-19) raw values: [ -9.923686 -10.       -10.       -10.      ]
2026-09-24 12:47:53,331 - RLController - INFO - Using CONTINUOUS DURATION-BASED mode
2026-09-24 12:47:53,331 - RLController - INFO -   Example: junction A0 -> durations [48, 14, 14, 14] (total: 90s)
2026-09-24 12:47:53,331 - RLController - INFO -   Example: junction A1 -> durations [24, 22, 22, 22] (total: 90s)
2026-09-24 12:47:53,332 - RLController - INFO -   Example: junction A2 -> durations [12, 12, 54, 12] (total: 90s)
2026-09-24 12:47:53,332 - RLController - INFO -   Example: junction A4 -> durations [60, 10, 10, 10] (total: 90s)
2026-09-24 12:47:53,332 - RLController - INFO -   Example: junction A5 -> durations [24, 22, 22, 22] (total: 90s)
2026-09-24 12:47:53,332 - RLController - INFO -   Example: junction B0 -> durations [24, 22, 22, 22] (total: 90s)
2026-09-24 12:47:53,332 - RLController - INFO -   Example: junction B1 -> durations [24, 22, 22, 22] (total: 90s)
2026-09-24 12:47:53,332 - RLController - INFO -   Example: junction B2 -> durations [24, 22, 22, 22] (total: 90s)
2026-09-24 12:47:53,332 - RLController - INFO -   Example: junction B4 -> durations [24, 22, 22, 22] (total: 90s)
2026-09-24 12:47:53,332 - RLController - INFO -   Example: junction B5 -> durations [60, 10, 10, 10] (total: 90s)
2026-09-24 12:47:53,333 - RLController - INFO -   Example: junction C0 -> durations [24, 22, 22, 22] (total: 90s)
2026-09-24 12:47:53,333 - RLController - INFO -   Example: junction C1 -> durations [24, 22, 22, 22] (total: 90s)
2026-09-24 12:47:53,333 - RLController - INFO -   Example: junction C2 -> durations [57, 13, 10, 10] (total: 90s)
2026-09-24 12:47:53,333 - RLController - INFO -   Example: junction C3 -> durations [60, 10, 10, 10] (total: 90s)
2026-09-24 12:47:53,333 - RLController - INFO -   Example: junction C4 -> durations [60, 10, 10, 10] (total: 90s)
2026-09-24 12:47:53,333 - RLController - INFO -   Example: junction C5 -> durations [57, 11, 11, 11] (total: 90s)
2026-09-24 12:47:53,333 - RLController - INFO -   Example: junction D0 -> durations [24, 22, 22, 22] (total: 90s)
2026-09-24 12:47:53,333 - RLController - INFO -   Example: junction D1 -> durations [24, 22, 22, 22] (total: 90s)
2026-09-24 12:47:53,333 - RLController - INFO -   Example: junction D2 -> durations [48, 14, 14, 14] (total: 90s)
2026-09-24 12:47:53,334 - RLController - INFO -   Example: junction D3 -> durations [24, 22, 22, 22] (total: 90s)
2026-09-24 12:47:53,334 - RLController - INFO -   Example: junction D4 -> durations [24, 22, 22, 22] (total: 90s)
2026-09-24 12:47:53,334 - RLController - INFO -   Example: junction D5 -> durations [13, 13, 51, 13] (total: 90s)
2026-09-24 12:47:53,334 - RLController - INFO -   Example: junction E0 -> durations [24, 22, 22, 22] (total: 90s)
2026-09-24 12:47:53,334 - RLController - INFO -   Example: junction E1 -> durations [24, 22, 22, 22] (total: 90s)
2026-09-24 12:47:53,335 - RLController - INFO -   Stored schedules for 34 junctions, cycle starts at step 5670
2026-09-24 12:47:57,085 - RLController - INFO - DIAGNOSTIC Step 5760 - Observation stats:
2026-09-24 12:47:57,086 - RLController - INFO -   Hash: 7719655359401474243, Min: 0.000000, Max: 1.000000, Mean: 0.444349, Std: 0.456707
2026-09-24 12:47:57,086 - RLController - INFO -   First 10: [1.        0.        0.        0.        0.        0.6002025 1.
 0.        0.        0.       ]
2026-09-24 12:47:57,087 - RLController - INFO -   Last 10: [0.         0.2        0.         0.08333334 0.5106838  0.00353538
 0.08735043 0.5114593  0.         0.3       ]
2026-09-24 12:47:57,091 - RLController - INFO - DIAGNOSTIC - Raw model action output:
2026-09-24 12:47:57,091 - RLController - INFO -   Action hash: 9811678646699807
2026-09-24 12:47:57,091 - RLController - INFO -   First 8 values: [ -7.2328696 -10.        -10.        -10.        -10.        -10.
 -10.        -10.       ]
2026-09-24 12:47:57,092 - RLController - INFO -   Last 8 values: [-10.        -10.        -10.        -10.        -10.         -3.3052928
 -10.        -10.       ]
2026-09-24 12:47:57,092 - RLController - INFO -   Action shape: (136,), min: -10.000000, max: 4.838649, mean: -9.284714
2026-09-24 12:47:57,092 - RLController - INFO -   B0 junction (indices 16-19) raw values: [-10. -10. -10. -10.]
2026-09-24 12:47:57,092 - RLController - INFO - Using CONTINUOUS DURATION-BASED mode
2026-09-24 12:47:57,093 - RLController - INFO -   Example: junction A0 -> durations [51, 13, 13, 13] (total: 90s)
2026-09-24 12:47:57,093 - RLController - INFO -   Example: junction A1 -> durations [24, 22, 22, 22] (total: 90s)
2026-09-24 12:47:57,093 - RLController - INFO -   Example: junction A2 -> durations [13, 13, 51, 13] (total: 90s)
2026-09-24 12:47:57,093 - RLController - INFO -   Example: junction A4 -> durations [60, 10, 10, 10] (total: 90s)
2026-09-24 12:47:57,093 - RLController - INFO -   Example: junction A5 -> durations [24, 22, 22, 22] (total: 90s)
2026-09-24 12:47:57,094 - RLController - INFO -   Example: junction B0 -> durations [24, 22, 22, 22] (total: 90s)
2026-09-24 12:47:57,094 - RLController - INFO -   Example: junction B1 -> durations [24, 22, 22, 22] (total: 90s)
2026-09-24 12:47:57,094 - RLController - INFO -   Example: junction B2 -> durations [24, 22, 22, 22] (total: 90s)
2026-09-24 12:47:57,094 - RLController - INFO -   Example: junction B4 -> durations [24, 22, 22, 22] (total: 90s)
2026-09-24 12:47:57,095 - RLController - INFO -   Example: junction B5 -> durations [60, 10, 10, 10] (total: 90s)
2026-09-24 12:47:57,095 - RLController - INFO -   Example: junction C0 -> durations [21, 21, 27, 21] (total: 90s)
2026-09-24 12:47:57,095 - RLController - INFO -   Example: junction C1 -> durations [24, 22, 22, 22] (total: 90s)
2026-09-24 12:47:57,095 - RLController - INFO -   Example: junction C2 -> durations [54, 16, 10, 10] (total: 90s)
2026-09-24 12:47:57,095 - RLController - INFO -   Example: junction C3 -> durations [60, 10, 10, 10] (total: 90s)
2026-09-24 12:47:57,095 - RLController - INFO -   Example: junction C4 -> durations [60, 10, 10, 10] (total: 90s)
2026-09-24 12:47:57,096 - RLController - INFO -   Example: junction C5 -> durations [57, 11, 11, 11] (total: 90s)
2026-09-24 12:47:57,096 - RLController - INFO -   Example: junction D0 -> durations [24, 22, 22, 22] (total: 90s)
2026-09-24 12:47:57,096 - RLController - INFO -   Example: junction D1 -> durations [22, 22, 24, 22] (total: 90s)
2026-09-24 12:47:57,096 - RLController - INFO -   Example: junction D2 -> durations [48, 14, 14, 14] (total: 90s)
2026-09-24 12:47:57,096 - RLController - INFO -   Example: junction D3 -> durations [24, 22, 22, 22] (total: 90s)
2026-09-24 12:47:57,097 - RLController - INFO -   Example: junction D4 -> durations [24, 22, 22, 22] (total: 90s)
2026-09-24 12:47:57,097 - RLController - INFO -   Example: junction D5 -> durations [13, 13, 51, 13] (total: 90s)
2026-09-24 12:47:57,097 - RLController - INFO -   Example: junction E0 -> durations [24, 22, 22, 22] (total: 90s)
2026-09-24 12:47:57,097 - RLController - INFO -   Example: junction E1 -> durations [24, 22, 22, 22] (total: 90s)
2026-09-24 12:47:57,098 - RLController - INFO -   Stored schedules for 34 junctions, cycle starts at step 5760
2026-09-24 12:48:01,114 - RLController - INFO - DIAGNOSTIC Step 5850 - Observation stats:
2026-09-24 12:48:01,116 - RLController - INFO -   Hash: -314359754718696682, Min: 0.000000, Max: 1.000000, Mean: 0.443113, Std: 0.457929
2026-09-24 12:48:01,116 - RLController - INFO -   First 10: [1.        0.        0.        0.        0.        0.6002025 1.
 0.        0.        0.       ]
2026-09-24 12:48:01,117 - RLController - INFO -   Last 10: [0.         0.2        0.         0.08333334 0.48290598 0.00299622
 0.08594017 0.52787435 0.         0.3       ]
2026-09-24 12:48:01,123 - RLController - INFO - DIAGNOSTIC - Raw model action output:
2026-09-24 12:48:01,123 - RLController - INFO -   Action hash: -205112825089652115
2026-09-24 12:48:01,123 - RLController - INFO -   First 8 values: [ -7.26566 -10.      -10.      -10.      -10.      -10.      -10.
 -10.     ]
2026-09-24 12:48:01,123 - RLController - INFO -   Last 8 values: [-10.        -10.        -10.        -10.        -10.         -2.6583154
 -10.        -10.       ]
2026-09-24 12:48:01,123 - RLController - INFO -   Action shape: (136,), min: -10.000000, max: 5.709987, mean: -9.273698
2026-09-24 12:48:01,124 - RLController - INFO -   B0 junction (indices 16-19) raw values: [ -9.945931 -10.       -10.       -10.      ]
2026-09-24 12:48:01,124 - RLController - INFO - Using CONTINUOUS DURATION-BASED mode
2026-09-24 12:48:01,124 - RLController - INFO -   Example: junction A0 -> durations [51, 13, 13, 13] (total: 90s)
2026-09-24 12:48:01,124 - RLController - INFO -   Example: junction A1 -> durations [24, 22, 22, 22] (total: 90s)
2026-09-24 12:48:01,124 - RLController - INFO -   Example: junction A2 -> durations [12, 12, 54, 12] (total: 90s)
2026-09-24 12:48:01,124 - RLController - INFO -   Example: junction A4 -> durations [60, 10, 10, 10] (total: 90s)
2026-09-24 12:48:01,124 - RLController - INFO -   Example: junction A5 -> durations [24, 22, 22, 22] (total: 90s)
2026-09-24 12:48:01,125 - RLController - INFO -   Example: junction B0 -> durations [24, 22, 22, 22] (total: 90s)
2026-09-24 12:48:01,125 - RLController - INFO -   Example: junction B1 -> durations [24, 22, 22, 22] (total: 90s)
2026-09-24 12:48:01,125 - RLController - INFO -   Example: junction B2 -> durations [24, 22, 22, 22] (total: 90s)
2026-09-24 12:48:01,125 - RLController - INFO -   Example: junction B4 -> durations [24, 22, 22, 22] (total: 90s)
2026-09-24 12:48:01,125 - RLController - INFO -   Example: junction B5 -> durations [60, 10, 10, 10] (total: 90s)
2026-09-24 12:48:01,125 - RLController - INFO -   Example: junction C0 -> durations [22, 22, 24, 22] (total: 90s)
2026-09-24 12:48:01,125 - RLController - INFO -   Example: junction C1 -> durations [24, 22, 22, 22] (total: 90s)
2026-09-24 12:48:01,125 - RLController - INFO -   Example: junction C2 -> durations [57, 13, 10, 10] (total: 90s)
2026-09-24 12:48:01,125 - RLController - INFO -   Example: junction C3 -> durations [60, 10, 10, 10] (total: 90s)
2026-09-24 12:48:01,126 - RLController - INFO -   Example: junction C4 -> durations [60, 10, 10, 10] (total: 90s)
2026-09-24 12:48:01,126 - RLController - INFO -   Example: junction C5 -> durations [57, 11, 11, 11] (total: 90s)
2026-09-24 12:48:01,126 - RLController - INFO -   Example: junction D0 -> durations [24, 22, 22, 22] (total: 90s)
2026-09-24 12:48:01,126 - RLController - INFO -   Example: junction D1 -> durations [21, 21, 27, 21] (total: 90s)
2026-09-24 12:48:01,126 - RLController - INFO -   Example: junction D2 -> durations [48, 14, 14, 14] (total: 90s)
2026-09-24 12:48:01,126 - RLController - INFO -   Example: junction D3 -> durations [24, 22, 22, 22] (total: 90s)
2026-09-24 12:48:01,126 - RLController - INFO -   Example: junction D4 -> durations [24, 22, 22, 22] (total: 90s)
2026-09-24 12:48:01,126 - RLController - INFO -   Example: junction D5 -> durations [12, 12, 54, 12] (total: 90s)
2026-09-24 12:48:01,127 - RLController - INFO -   Example: junction E0 -> durations [24, 22, 22, 22] (total: 90s)
2026-09-24 12:48:01,127 - RLController - INFO -   Example: junction E1 -> durations [24, 22, 22, 22] (total: 90s)
2026-09-24 12:48:01,127 - RLController - INFO -   Stored schedules for 34 junctions, cycle starts at step 5850
2026-09-24 12:48:04,979 - RLController - INFO - DIAGNOSTIC Step 5940 - Observation stats:
2026-09-24 12:48:04,979 - RLController - INFO -   Hash: -5327200218160654065, Min: 0.000000, Max: 1.000000, Mean: 0.442644, Std: 0.455921
2026-09-24 12:48:04,979 - RLController - INFO -   First 10: [1.         0.         0.         0.         0.         0.6002025
 0.         0.         0.99333334 1.        ]
2026-09-24 12:48:04,980 - RLController - INFO -   Last 10: [0.         0.2        0.         0.08333334 0.49358973 0.00342226
 0.08726496 0.52820045 0.         0.3       ]
2026-09-24 12:48:04,984 - RLController - INFO - DIAGNOSTIC - Raw model action output:
2026-09-24 12:48:04,985 - RLController - INFO -   Action hash: -2395580882090243142
2026-09-24 12:48:04,985 - RLController - INFO -   First 8 values: [ -7.4193163 -10.        -10.        -10.        -10.        -10.
 -10.        -10.       ]
2026-09-24 12:48:04,985 - RLController - INFO -   Last 8 values: [-10.       -10.       -10.       -10.       -10.        -3.051133
 -10.       -10.      ]
2026-09-24 12:48:04,985 - RLController - INFO -   Action shape: (136,), min: -10.000000, max: 4.248879, mean: -9.303614
2026-09-24 12:48:04,985 - RLController - INFO -   B0 junction (indices 16-19) raw values: [ -9.885016 -10.       -10.       -10.      ]
2026-09-24 12:48:04,985 - RLController - INFO - Using CONTINUOUS DURATION-BASED mode
2026-09-24 12:48:04,986 - RLController - INFO -   Example: junction A0 -> durations [51, 13, 13, 13] (total: 90s)
2026-09-24 12:48:04,986 - RLController - INFO -   Example: junction A1 -> durations [24, 22, 22, 22] (total: 90s)
2026-09-24 12:48:04,986 - RLController - INFO -   Example: junction A2 -> durations [12, 12, 54, 12] (total: 90s)
2026-09-24 12:48:04,986 - RLController - INFO -   Example: junction A4 -> durations [60, 10, 10, 10] (total: 90s)
2026-09-24 12:48:04,986 - RLController - INFO -   Example: junction A5 -> durations [24, 22, 22, 22] (total: 90s)
2026-09-24 12:48:04,986 - RLController - INFO -   Example: junction B0 -> durations [24, 22, 22, 22] (total: 90s)
2026-09-24 12:48:04,986 - RLController - INFO -   Example: junction B1 -> durations [24, 22, 22, 22] (total: 90s)
2026-09-24 12:48:04,987 - RLController - INFO -   Example: junction B2 -> durations [24, 22, 22, 22] (total: 90s)
2026-09-24 12:48:04,987 - RLController - INFO -   Example: junction B4 -> durations [24, 22, 22, 22] (total: 90s)
2026-09-24 12:48:04,987 - RLController - INFO -   Example: junction B5 -> durations [60, 10, 10, 10] (total: 90s)
2026-09-24 12:48:04,987 - RLController - INFO -   Example: junction C0 -> durations [22, 22, 24, 22] (total: 90s)
2026-09-24 12:48:04,987 - RLController - INFO -   Example: junction C1 -> durations [24, 22, 22, 22] (total: 90s)
2026-09-24 12:48:04,987 - RLController - INFO -   Example: junction C2 -> durations [58, 12, 10, 10] (total: 90s)
2026-09-24 12:48:04,987 - RLController - INFO -   Example: junction C3 -> durations [60, 10, 10, 10] (total: 90s)
2026-09-24 12:48:04,987 - RLController - INFO -   Example: junction C4 -> durations [60, 10, 10, 10] (total: 90s)
2026-09-24 12:48:04,987 - RLController - INFO -   Example: junction C5 -> durations [57, 11, 11, 11] (total: 90s)
2026-09-24 12:48:04,988 - RLController - INFO -   Example: junction D0 -> durations [24, 22, 22, 22] (total: 90s)
2026-09-24 12:48:04,988 - RLController - INFO -   Example: junction D1 -> durations [22, 22, 24, 22] (total: 90s)
2026-09-24 12:48:04,988 - RLController - INFO -   Example: junction D2 -> durations [51, 13, 13, 13] (total: 90s)
2026-09-24 12:48:04,988 - RLController - INFO -   Example: junction D3 -> durations [24, 22, 22, 22] (total: 90s)
2026-09-24 12:48:04,988 - RLController - INFO -   Example: junction D4 -> durations [24, 22, 22, 22] (total: 90s)
2026-09-24 12:48:04,988 - RLController - INFO -   Example: junction D5 -> durations [13, 13, 51, 13] (total: 90s)
2026-09-24 12:48:04,988 - RLController - INFO -   Example: junction E0 -> durations [24, 22, 22, 22] (total: 90s)
2026-09-24 12:48:04,988 - RLController - INFO -   Example: junction E1 -> durations [24, 22, 22, 22] (total: 90s)
2026-09-24 12:48:04,989 - RLController - INFO -   Stored schedules for 34 junctions, cycle starts at step 5940
2026-09-24 12:48:08,945 - RLController - INFO - DIAGNOSTIC Step 6030 - Observation stats:
2026-09-24 12:48:08,945 - RLController - INFO -   Hash: 8906994622909882964, Min: 0.000000, Max: 1.000000, Mean: 0.448766, Std: 0.457148
2026-09-24 12:48:08,946 - RLController - INFO -   First 10: [1.        0.        0.        0.        0.        0.6002025 1.
 0.        0.        0.       ]
2026-09-24 12:48:08,946 - RLController - INFO -   Last 10: [0.         0.2        0.         0.08333334 0.525641   0.00379351
 0.08653846 0.50133777 0.         0.3       ]
2026-09-24 12:48:08,951 - RLController - INFO - DIAGNOSTIC - Raw model action output:
2026-09-24 12:48:08,951 - RLController - INFO -   Action hash: 6068355614173249143
2026-09-24 12:48:08,952 - RLController - INFO -   First 8 values: [ -7.4190593 -10.        -10.        -10.        -10.        -10.
 -10.        -10.       ]
2026-09-24 12:48:08,952 - RLController - INFO -   Last 8 values: [-10.         -10.         -10.         -10.         -10.
  -0.92499894 -10.         -10.        ]
2026-09-24 12:48:08,952 - RLController - INFO -   Action shape: (136,), min: -10.000000, max: 6.418041, mean: -9.260504
2026-09-24 12:48:08,952 - RLController - INFO -   B0 junction (indices 16-19) raw values: [ -9.830114 -10.       -10.       -10.      ]
2026-09-24 12:48:08,952 - RLController - INFO - Using CONTINUOUS DURATION-BASED mode
2026-09-24 12:48:08,952 - RLController - INFO -   Example: junction A0 -> durations [51, 13, 13, 13] (total: 90s)
2026-09-24 12:48:08,953 - RLController - INFO -   Example: junction A1 -> durations [24, 22, 22, 22] (total: 90s)
2026-09-24 12:48:08,953 - RLController - INFO -   Example: junction A2 -> durations [12, 12, 54, 12] (total: 90s)
2026-09-24 12:48:08,953 - RLController - INFO -   Example: junction A4 -> durations [60, 10, 10, 10] (total: 90s)
2026-09-24 12:48:08,953 - RLController - INFO -   Example: junction A5 -> durations [24, 22, 22, 22] (total: 90s)
2026-09-24 12:48:08,953 - RLController - INFO -   Example: junction B0 -> durations [24, 22, 22, 22] (total: 90s)
2026-09-24 12:48:08,953 - RLController - INFO -   Example: junction B1 -> durations [24, 22, 22, 22] (total: 90s)
2026-09-24 12:48:08,953 - RLController - INFO -   Example: junction B2 -> durations [24, 22, 22, 22] (total: 90s)
2026-09-24 12:48:08,953 - RLController - INFO -   Example: junction B4 -> durations [24, 22, 22, 22] (total: 90s)
2026-09-24 12:48:08,954 - RLController - INFO -   Example: junction B5 -> durations [60, 10, 10, 10] (total: 90s)
2026-09-24 12:48:08,954 - RLController - INFO -   Example: junction C0 -> durations [22, 22, 24, 22] (total: 90s)
2026-09-24 12:48:08,954 - RLController - INFO -   Example: junction C1 -> durations [24, 22, 22, 22] (total: 90s)
2026-09-24 12:48:08,954 - RLController - INFO -   Example: junction C2 -> durations [57, 13, 10, 10] (total: 90s)
2026-09-24 12:48:08,954 - RLController - INFO -   Example: junction C3 -> durations [60, 10, 10, 10] (total: 90s)
2026-09-24 12:48:08,954 - RLController - INFO -   Example: junction C4 -> durations [60, 10, 10, 10] (total: 90s)
2026-09-24 12:48:08,954 - RLController - INFO -   Example: junction C5 -> durations [57, 11, 11, 11] (total: 90s)
2026-09-24 12:48:08,954 - RLController - INFO -   Example: junction D0 -> durations [24, 22, 22, 22] (total: 90s)
2026-09-24 12:48:08,954 - RLController - INFO -   Example: junction D1 -> durations [22, 22, 24, 22] (total: 90s)
2026-09-24 12:48:08,955 - RLController - INFO -   Example: junction D2 -> durations [48, 14, 14, 14] (total: 90s)
2026-09-24 12:48:08,955 - RLController - INFO -   Example: junction D3 -> durations [24, 22, 22, 22] (total: 90s)
2026-09-24 12:48:08,955 - RLController - INFO -   Example: junction D4 -> durations [24, 22, 22, 22] (total: 90s)
2026-09-24 12:48:08,955 - RLController - INFO -   Example: junction D5 -> durations [13, 13, 51, 13] (total: 90s)
2026-09-24 12:48:08,955 - RLController - INFO -   Example: junction E0 -> durations [24, 22, 22, 22] (total: 90s)
2026-09-24 12:48:08,955 - RLController - INFO -   Example: junction E1 -> durations [24, 22, 22, 22] (total: 90s)
2026-09-24 12:48:08,956 - RLController - INFO -   Stored schedules for 34 junctions, cycle starts at step 6030
2026-09-24 12:48:12,915 - RLController - INFO - DIAGNOSTIC Step 6120 - Observation stats:
2026-09-24 12:48:12,916 - RLController - INFO -   Hash: -7965581862601925257, Min: 0.000000, Max: 1.000000, Mean: 0.443399, Std: 0.457866
2026-09-24 12:48:12,916 - RLController - INFO -   First 10: [1.        0.        0.        0.        0.        0.6002025 1.
 0.        0.        0.       ]
2026-09-24 12:48:12,916 - RLController - INFO -   Last 10: [0.         0.2        0.         0.08333334 0.50427353 0.00354047
 0.08645299 0.5168516  0.         0.3       ]
2026-09-24 12:48:12,920 - RLController - INFO - DIAGNOSTIC - Raw model action output:
2026-09-24 12:48:12,920 - RLController - INFO -   Action hash: -9121528309468345871
2026-09-24 12:48:12,920 - RLController - INFO -   First 8 values: [ -7.355619 -10.       -10.       -10.       -10.       -10.
 -10.       -10.      ]
2026-09-24 12:48:12,920 - RLController - INFO -   Last 8 values: [-10.        -10.        -10.        -10.        -10.         -2.8090012
 -10.        -10.       ]
2026-09-24 12:48:12,920 - RLController - INFO -   Action shape: (136,), min: -10.000000, max: 4.882634, mean: -9.267762
2026-09-24 12:48:12,921 - RLController - INFO -   B0 junction (indices 16-19) raw values: [ -9.838737 -10.       -10.       -10.      ]
2026-09-24 12:48:12,921 - RLController - INFO - Using CONTINUOUS DURATION-BASED mode
2026-09-24 12:48:12,921 - RLController - INFO -   Example: junction A0 -> durations [51, 13, 13, 13] (total: 90s)
2026-09-24 12:48:12,921 - RLController - INFO -   Example: junction A1 -> durations [24, 22, 22, 22] (total: 90s)
2026-09-24 12:48:12,921 - RLController - INFO -   Example: junction A2 -> durations [12, 12, 54, 12] (total: 90s)
2026-09-24 12:48:12,921 - RLController - INFO -   Example: junction A4 -> durations [60, 10, 10, 10] (total: 90s)
2026-09-24 12:48:12,921 - RLController - INFO -   Example: junction A5 -> durations [24, 22, 22, 22] (total: 90s)
2026-09-24 12:48:12,921 - RLController - INFO -   Example: junction B0 -> durations [24, 22, 22, 22] (total: 90s)
2026-09-24 12:48:12,921 - RLController - INFO -   Example: junction B1 -> durations [24, 22, 22, 22] (total: 90s)
2026-09-24 12:48:12,921 - RLController - INFO -   Example: junction B2 -> durations [24, 22, 22, 22] (total: 90s)
2026-09-24 12:48:12,922 - RLController - INFO -   Example: junction B4 -> durations [24, 22, 22, 22] (total: 90s)
2026-09-24 12:48:12,922 - RLController - INFO -   Example: junction B5 -> durations [60, 10, 10, 10] (total: 90s)
2026-09-24 12:48:12,922 - RLController - INFO -   Example: junction C0 -> durations [21, 21, 27, 21] (total: 90s)
2026-09-24 12:48:12,922 - RLController - INFO -   Example: junction C1 -> durations [24, 22, 22, 22] (total: 90s)
2026-09-24 12:48:12,922 - RLController - INFO -   Example: junction C2 -> durations [56, 14, 10, 10] (total: 90s)
2026-09-24 12:48:12,922 - RLController - INFO -   Example: junction C3 -> durations [60, 10, 10, 10] (total: 90s)
2026-09-24 12:48:12,922 - RLController - INFO -   Example: junction C4 -> durations [57, 11, 11, 11] (total: 90s)
2026-09-24 12:48:12,922 - RLController - INFO -   Example: junction C5 -> durations [57, 11, 11, 11] (total: 90s)
2026-09-24 12:48:12,922 - RLController - INFO -   Example: junction D0 -> durations [24, 22, 22, 22] (total: 90s)
2026-09-24 12:48:12,923 - RLController - INFO -   Example: junction D1 -> durations [20, 20, 30, 20] (total: 90s)
2026-09-24 12:48:12,923 - RLController - INFO -   Example: junction D2 -> durations [51, 13, 13, 13] (total: 90s)
2026-09-24 12:48:12,923 - RLController - INFO -   Example: junction D3 -> durations [24, 22, 22, 22] (total: 90s)
2026-09-24 12:48:12,923 - RLController - INFO -   Example: junction D4 -> durations [24, 22, 22, 22] (total: 90s)
2026-09-24 12:48:12,923 - RLController - INFO -   Example: junction D5 -> durations [13, 13, 51, 13] (total: 90s)
2026-09-24 12:48:12,923 - RLController - INFO -   Example: junction E0 -> durations [24, 22, 22, 22] (total: 90s)
2026-09-24 12:48:12,923 - RLController - INFO -   Example: junction E1 -> durations [24, 22, 22, 22] (total: 90s)
2026-09-24 12:48:12,924 - RLController - INFO -   Stored schedules for 34 junctions, cycle starts at step 6120
2026-09-24 12:48:17,257 - RLController - INFO - DIAGNOSTIC Step 6210 - Observation stats:
2026-09-24 12:48:17,258 - RLController - INFO -   Hash: -7785744245510482166, Min: 0.000000, Max: 1.000000, Mean: 0.443085, Std: 0.457091
2026-09-24 12:48:17,258 - RLController - INFO -   First 10: [1.        0.        0.        0.        0.        0.6002025 1.
 0.        0.        0.       ]
2026-09-24 12:48:17,259 - RLController - INFO -   Last 10: [0.         0.2        0.         0.08333334 0.49786323 0.00310445
 0.08700854 0.51815957 0.         0.3       ]
2026-09-24 12:48:17,264 - RLController - INFO - DIAGNOSTIC - Raw model action output:
2026-09-24 12:48:17,264 - RLController - INFO -   Action hash: 4939941004946400444
2026-09-24 12:48:17,265 - RLController - INFO -   First 8 values: [ -7.1146874 -10.        -10.        -10.        -10.        -10.
 -10.        -10.       ]
2026-09-24 12:48:17,265 - RLController - INFO -   Last 8 values: [-10.       -10.       -10.       -10.       -10.        -3.621133
 -10.       -10.      ]
2026-09-24 12:48:17,265 - RLController - INFO -   Action shape: (136,), min: -10.000000, max: 4.846204, mean: -9.289695
2026-09-24 12:48:17,266 - RLController - INFO -   B0 junction (indices 16-19) raw values: [ -9.765395 -10.       -10.       -10.      ]
2026-09-24 12:48:17,266 - RLController - INFO - Using CONTINUOUS DURATION-BASED mode
2026-09-24 12:48:17,266 - RLController - INFO -   Example: junction A0 -> durations [54, 12, 12, 12] (total: 90s)
2026-09-24 12:48:17,266 - RLController - INFO -   Example: junction A1 -> durations [24, 22, 22, 22] (total: 90s)
2026-09-24 12:48:17,267 - RLController - INFO -   Example: junction A2 -> durations [12, 12, 54, 12] (total: 90s)
2026-09-24 12:48:17,267 - RLController - INFO -   Example: junction A4 -> durations [60, 10, 10, 10] (total: 90s)
2026-09-24 12:48:17,267 - RLController - INFO -   Example: junction A5 -> durations [24, 22, 22, 22] (total: 90s)
2026-09-24 12:48:17,267 - RLController - INFO -   Example: junction B0 -> durations [24, 22, 22, 22] (total: 90s)
2026-09-24 12:48:17,267 - RLController - INFO -   Example: junction B1 -> durations [24, 22, 22, 22] (total: 90s)
2026-09-24 12:48:17,268 - RLController - INFO -   Example: junction B2 -> durations [24, 22, 22, 22] (total: 90s)
2026-09-24 12:48:17,268 - RLController - INFO -   Example: junction B4 -> durations [24, 22, 22, 22] (total: 90s)
2026-09-24 12:48:17,268 - RLController - INFO -   Example: junction B5 -> durations [60, 10, 10, 10] (total: 90s)
2026-09-24 12:48:17,268 - RLController - INFO -   Example: junction C0 -> durations [20, 20, 30, 20] (total: 90s)
2026-09-24 12:48:17,268 - RLController - INFO -   Example: junction C1 -> durations [24, 22, 22, 22] (total: 90s)
2026-09-24 12:48:17,269 - RLController - INFO -   Example: junction C2 -> durations [56, 14, 10, 10] (total: 90s)
2026-09-24 12:48:17,269 - RLController - INFO -   Example: junction C3 -> durations [60, 10, 10, 10] (total: 90s)
2026-09-24 12:48:17,269 - RLController - INFO -   Example: junction C4 -> durations [57, 11, 11, 11] (total: 90s)
2026-09-24 12:48:17,269 - RLController - INFO -   Example: junction C5 -> durations [57, 11, 11, 11] (total: 90s)
2026-09-24 12:48:17,269 - RLController - INFO -   Example: junction D0 -> durations [24, 22, 22, 22] (total: 90s)
2026-09-24 12:48:17,270 - RLController - INFO -   Example: junction D1 -> durations [21, 21, 27, 21] (total: 90s)
2026-09-24 12:48:17,270 - RLController - INFO -   Example: junction D2 -> durations [51, 13, 13, 13] (total: 90s)
2026-09-24 12:48:17,270 - RLController - INFO -   Example: junction D3 -> durations [24, 22, 22, 22] (total: 90s)
2026-09-24 12:48:17,270 - RLController - INFO -   Example: junction D4 -> durations [24, 22, 22, 22] (total: 90s)
2026-09-24 12:48:17,270 - RLController - INFO -   Example: junction D5 -> durations [12, 12, 54, 12] (total: 90s)
2026-09-24 12:48:17,271 - RLController - INFO -   Example: junction E0 -> durations [24, 22, 22, 22] (total: 90s)
2026-09-24 12:48:17,271 - RLController - INFO -   Example: junction E1 -> durations [24, 22, 22, 22] (total: 90s)
2026-09-24 12:48:17,272 - RLController - INFO -   Stored schedules for 34 junctions, cycle starts at step 6210
2026-09-24 12:48:21,709 - RLController - INFO - DIAGNOSTIC Step 6300 - Observation stats:
2026-09-24 12:48:21,709 - RLController - INFO -   Hash: -1152446961414238273, Min: 0.000000, Max: 1.000000, Mean: 0.447902, Std: 0.458048
2026-09-24 12:48:21,709 - RLController - INFO -   First 10: [1.         0.         0.         0.         0.         0.6002025
 0.         0.         0.99333334 1.        ]
2026-09-24 12:48:21,709 - RLController - INFO -   Last 10: [0.         0.2        0.         0.08333334 0.53205127 0.00390099
 0.08709402 0.49542126 0.         0.3       ]
2026-09-24 12:48:21,714 - RLController - INFO - DIAGNOSTIC - Raw model action output:
2026-09-24 12:48:21,714 - RLController - INFO -   Action hash: -5832979242562035458
2026-09-24 12:48:21,714 - RLController - INFO -   First 8 values: [ -7.5005927 -10.        -10.        -10.        -10.        -10.
 -10.        -10.       ]
2026-09-24 12:48:21,715 - RLController - INFO -   Last 8 values: [-10.       -10.       -10.       -10.       -10.        -2.020663
 -10.       -10.      ]
2026-09-24 12:48:21,715 - RLController - INFO -   Action shape: (136,), min: -10.000000, max: 5.549944, mean: -9.291791
2026-09-24 12:48:21,715 - RLController - INFO -   B0 junction (indices 16-19) raw values: [ -9.880912 -10.       -10.       -10.      ]
2026-09-24 12:48:21,715 - RLController - INFO - Using CONTINUOUS DURATION-BASED mode
2026-09-24 12:48:21,715 - RLController - INFO -   Example: junction A0 -> durations [51, 13, 13, 13] (total: 90s)
2026-09-24 12:48:21,715 - RLController - INFO -   Example: junction A1 -> durations [24, 22, 22, 22] (total: 90s)
2026-09-24 12:48:21,715 - RLController - INFO -   Example: junction A2 -> durations [12, 12, 54, 12] (total: 90s)
2026-09-24 12:48:21,716 - RLController - INFO -   Example: junction A4 -> durations [60, 10, 10, 10] (total: 90s)
2026-09-24 12:48:21,716 - RLController - INFO -   Example: junction A5 -> durations [24, 22, 22, 22] (total: 90s)
2026-09-24 12:48:21,716 - RLController - INFO -   Example: junction B0 -> durations [24, 22, 22, 22] (total: 90s)
2026-09-24 12:48:21,716 - RLController - INFO -   Example: junction B1 -> durations [24, 22, 22, 22] (total: 90s)
2026-09-24 12:48:21,716 - RLController - INFO -   Example: junction B2 -> durations [24, 22, 22, 22] (total: 90s)
2026-09-24 12:48:21,716 - RLController - INFO -   Example: junction B4 -> durations [24, 22, 22, 22] (total: 90s)
2026-09-24 12:48:21,716 - RLController - INFO -   Example: junction B5 -> durations [60, 10, 10, 10] (total: 90s)
2026-09-24 12:48:21,716 - RLController - INFO -   Example: junction C0 -> durations [21, 21, 27, 21] (total: 90s)
2026-09-24 12:48:21,717 - RLController - INFO -   Example: junction C1 -> durations [24, 22, 22, 22] (total: 90s)
2026-09-24 12:48:21,717 - RLController - INFO -   Example: junction C2 -> durations [57, 13, 10, 10] (total: 90s)
2026-09-24 12:48:21,717 - RLController - INFO -   Example: junction C3 -> durations [60, 10, 10, 10] (total: 90s)
2026-09-24 12:48:21,717 - RLController - INFO -   Example: junction C4 -> durations [60, 10, 10, 10] (total: 90s)
2026-09-24 12:48:21,717 - RLController - INFO -   Example: junction C5 -> durations [57, 11, 11, 11] (total: 90s)
2026-09-24 12:48:21,717 - RLController - INFO -   Example: junction D0 -> durations [24, 22, 22, 22] (total: 90s)
2026-09-24 12:48:21,717 - RLController - INFO -   Example: junction D1 -> durations [22, 22, 24, 22] (total: 90s)
2026-09-24 12:48:21,717 - RLController - INFO -   Example: junction D2 -> durations [48, 14, 14, 14] (total: 90s)
2026-09-24 12:48:21,717 - RLController - INFO -   Example: junction D3 -> durations [24, 22, 22, 22] (total: 90s)
2026-09-24 12:48:21,718 - RLController - INFO -   Example: junction D4 -> durations [24, 22, 22, 22] (total: 90s)
2026-09-24 12:48:21,718 - RLController - INFO -   Example: junction D5 -> durations [13, 13, 51, 13] (total: 90s)
2026-09-24 12:48:21,718 - RLController - INFO -   Example: junction E0 -> durations [24, 22, 22, 22] (total: 90s)
2026-09-24 12:48:21,718 - RLController - INFO -   Example: junction E1 -> durations [24, 22, 22, 22] (total: 90s)
2026-09-24 12:48:21,719 - RLController - INFO -   Stored schedules for 34 junctions, cycle starts at step 6300
2026-09-24 12:48:26,826 - RLController - INFO - DIAGNOSTIC Step 6390 - Observation stats:
2026-09-24 12:48:26,827 - RLController - INFO -   Hash: 6545940560808270841, Min: 0.000000, Max: 1.000000, Mean: 0.452604, Std: 0.458934
2026-09-24 12:48:26,827 - RLController - INFO -   First 10: [1.        0.        0.        0.        0.        0.6002025 1.
 0.        0.        0.       ]
2026-09-24 12:48:26,827 - RLController - INFO -   Last 10: [0.         0.2        0.         0.08333334 0.5277778  0.00413318
 0.08709402 0.5030738  0.         0.3       ]
2026-09-24 12:48:26,832 - RLController - INFO - DIAGNOSTIC - Raw model action output:
2026-09-24 12:48:26,832 - RLController - INFO -   Action hash: 1415428926857445028
2026-09-24 12:48:26,833 - RLController - INFO -   First 8 values: [ -7.682758 -10.       -10.       -10.       -10.       -10.
 -10.       -10.      ]
2026-09-24 12:48:26,833 - RLController - INFO -   Last 8 values: [-10.         -10.         -10.         -10.         -10.
  -0.49429676 -10.         -10.        ]
2026-09-24 12:48:26,833 - RLController - INFO -   Action shape: (136,), min: -10.000000, max: 5.348237, mean: -9.276139
2026-09-24 12:48:26,833 - RLController - INFO -   B0 junction (indices 16-19) raw values: [ -9.992332 -10.       -10.       -10.      ]
2026-09-24 12:48:26,833 - RLController - INFO - Using CONTINUOUS DURATION-BASED mode
2026-09-24 12:48:26,834 - RLController - INFO -   Example: junction A0 -> durations [48, 14, 14, 14] (total: 90s)
2026-09-24 12:48:26,834 - RLController - INFO -   Example: junction A1 -> durations [24, 22, 22, 22] (total: 90s)
2026-09-24 12:48:26,834 - RLController - INFO -   Example: junction A2 -> durations [13, 13, 51, 13] (total: 90s)
2026-09-24 12:48:26,834 - RLController - INFO -   Example: junction A4 -> durations [60, 10, 10, 10] (total: 90s)
2026-09-24 12:48:26,834 - RLController - INFO -   Example: junction A5 -> durations [24, 22, 22, 22] (total: 90s)
2026-09-24 12:48:26,834 - RLController - INFO -   Example: junction B0 -> durations [24, 22, 22, 22] (total: 90s)
2026-09-24 12:48:26,834 - RLController - INFO -   Example: junction B1 -> durations [24, 22, 22, 22] (total: 90s)
2026-09-24 12:48:26,835 - RLController - INFO -   Example: junction B2 -> durations [24, 22, 22, 22] (total: 90s)
2026-09-24 12:48:26,835 - RLController - INFO -   Example: junction B4 -> durations [24, 22, 22, 22] (total: 90s)
2026-09-24 12:48:26,835 - RLController - INFO -   Example: junction B5 -> durations [60, 10, 10, 10] (total: 90s)
2026-09-24 12:48:26,835 - RLController - INFO -   Example: junction C0 -> durations [24, 22, 22, 22] (total: 90s)
2026-09-24 12:48:26,835 - RLController - INFO -   Example: junction C1 -> durations [24, 22, 22, 22] (total: 90s)
2026-09-24 12:48:26,835 - RLController - INFO -   Example: junction C2 -> durations [56, 14, 10, 10] (total: 90s)
2026-09-24 12:48:26,835 - RLController - INFO -   Example: junction C3 -> durations [60, 10, 10, 10] (total: 90s)
2026-09-24 12:48:26,835 - RLController - INFO -   Example: junction C4 -> durations [57, 11, 11, 11] (total: 90s)
2026-09-24 12:48:26,836 - RLController - INFO -   Example: junction C5 -> durations [57, 11, 11, 11] (total: 90s)
2026-09-24 12:48:26,836 - RLController - INFO -   Example: junction D0 -> durations [24, 22, 22, 22] (total: 90s)
2026-09-24 12:48:26,836 - RLController - INFO -   Example: junction D1 -> durations [22, 22, 24, 22] (total: 90s)
2026-09-24 12:48:26,836 - RLController - INFO -   Example: junction D2 -> durations [48, 14, 14, 14] (total: 90s)
2026-09-24 12:48:26,836 - RLController - INFO -   Example: junction D3 -> durations [24, 22, 22, 22] (total: 90s)
2026-09-24 12:48:26,836 - RLController - INFO -   Example: junction D4 -> durations [24, 22, 22, 22] (total: 90s)
2026-09-24 12:48:26,836 - RLController - INFO -   Example: junction D5 -> durations [13, 13, 51, 13] (total: 90s)
2026-09-24 12:48:26,837 - RLController - INFO -   Example: junction E0 -> durations [24, 22, 22, 22] (total: 90s)
2026-09-24 12:48:26,837 - RLController - INFO -   Example: junction E1 -> durations [24, 22, 22, 22] (total: 90s)
2026-09-24 12:48:26,837 - RLController - INFO -   Stored schedules for 34 junctions, cycle starts at step 6390
2026-09-24 12:48:30,895 - RLController - INFO - DIAGNOSTIC Step 6480 - Observation stats:
2026-09-24 12:48:30,895 - RLController - INFO -   Hash: 7885216095493155923, Min: 0.000000, Max: 1.000000, Mean: 0.455920, Std: 0.460222
2026-09-24 12:48:30,895 - RLController - INFO -   First 10: [1.        0.        0.        0.        0.        0.6002025 1.
 0.        0.        0.       ]
2026-09-24 12:48:30,896 - RLController - INFO -   Last 10: [0.         0.2        0.         0.08333334 0.52350426 0.00400177
 0.08850428 0.50458616 0.         0.3       ]
2026-09-24 12:48:30,900 - RLController - INFO - DIAGNOSTIC - Raw model action output:
2026-09-24 12:48:30,900 - RLController - INFO -   Action hash: 7935042603101809585
2026-09-24 12:48:30,900 - RLController - INFO -   First 8 values: [ -7.6285954 -10.        -10.        -10.        -10.        -10.
 -10.        -10.       ]
2026-09-24 12:48:30,900 - RLController - INFO -   Last 8 values: [-10.         -10.         -10.         -10.         -10.
  -0.73643893 -10.         -10.        ]
2026-09-24 12:48:30,901 - RLController - INFO -   Action shape: (136,), min: -10.000000, max: 6.032179, mean: -9.294430
2026-09-24 12:48:30,901 - RLController - INFO -   B0 junction (indices 16-19) raw values: [-10. -10. -10. -10.]
2026-09-24 12:48:30,901 - RLController - INFO - Using CONTINUOUS DURATION-BASED mode
2026-09-24 12:48:30,901 - RLController - INFO -   Example: junction A0 -> durations [48, 14, 14, 14] (total: 90s)
2026-09-24 12:48:30,901 - RLController - INFO -   Example: junction A1 -> durations [24, 22, 22, 22] (total: 90s)
2026-09-24 12:48:30,902 - RLController - INFO -   Example: junction A2 -> durations [13, 13, 51, 13] (total: 90s)
2026-09-24 12:48:30,902 - RLController - INFO -   Example: junction A4 -> durations [60, 10, 10, 10] (total: 90s)
2026-09-24 12:48:30,902 - RLController - INFO -   Example: junction A5 -> durations [24, 22, 22, 22] (total: 90s)
2026-09-24 12:48:30,902 - RLController - INFO -   Example: junction B0 -> durations [24, 22, 22, 22] (total: 90s)
2026-09-24 12:48:30,902 - RLController - INFO -   Example: junction B1 -> durations [24, 22, 22, 22] (total: 90s)
2026-09-24 12:48:30,902 - RLController - INFO -   Example: junction B2 -> durations [24, 22, 22, 22] (total: 90s)
2026-09-24 12:48:30,902 - RLController - INFO -   Example: junction B4 -> durations [24, 22, 22, 22] (total: 90s)
2026-09-24 12:48:30,902 - RLController - INFO -   Example: junction B5 -> durations [60, 10, 10, 10] (total: 90s)
2026-09-24 12:48:30,903 - RLController - INFO -   Example: junction C0 -> durations [24, 22, 22, 22] (total: 90s)
2026-09-24 12:48:30,903 - RLController - INFO -   Example: junction C1 -> durations [24, 22, 22, 22] (total: 90s)
2026-09-24 12:48:30,903 - RLController - INFO -   Example: junction C2 -> durations [56, 14, 10, 10] (total: 90s)
2026-09-24 12:48:30,903 - RLController - INFO -   Example: junction C3 -> durations [60, 10, 10, 10] (total: 90s)
2026-09-24 12:48:30,903 - RLController - INFO -   Example: junction C4 -> durations [57, 11, 11, 11] (total: 90s)
2026-09-24 12:48:30,903 - RLController - INFO -   Example: junction C5 -> durations [57, 11, 11, 11] (total: 90s)
2026-09-24 12:48:30,903 - RLController - INFO -   Example: junction D0 -> durations [24, 22, 22, 22] (total: 90s)
2026-09-24 12:48:30,903 - RLController - INFO -   Example: junction D1 -> durations [24, 22, 22, 22] (total: 90s)
2026-09-24 12:48:30,904 - RLController - INFO -   Example: junction D2 -> durations [48, 14, 14, 14] (total: 90s)
2026-09-24 12:48:30,904 - RLController - INFO -   Example: junction D3 -> durations [24, 22, 22, 22] (total: 90s)
2026-09-24 12:48:30,904 - RLController - INFO -   Example: junction D4 -> durations [24, 22, 22, 22] (total: 90s)
2026-09-24 12:48:30,904 - RLController - INFO -   Example: junction D5 -> durations [13, 13, 51, 13] (total: 90s)
2026-09-24 12:48:30,904 - RLController - INFO -   Example: junction E0 -> durations [24, 22, 22, 22] (total: 90s)
2026-09-24 12:48:30,904 - RLController - INFO -   Example: junction E1 -> durations [24, 22, 22, 22] (total: 90s)
2026-09-24 12:48:30,905 - RLController - INFO -   Stored schedules for 34 junctions, cycle starts at step 6480
2026-09-24 12:48:35,851 - RLController - INFO - DIAGNOSTIC Step 6570 - Observation stats:
2026-09-24 12:48:35,851 - RLController - INFO -   Hash: 8550398151498393179, Min: 0.000000, Max: 1.000000, Mean: 0.453359, Std: 0.461336
2026-09-24 12:48:35,851 - RLController - INFO -   First 10: [1.        0.        0.        0.        0.        0.6002025 1.
 0.        0.        0.       ]
2026-09-24 12:48:35,851 - RLController - INFO -   Last 10: [0.         0.2        0.         0.08333334 0.5        0.00287852
 0.08880342 0.5113211  0.         0.3       ]
2026-09-24 12:48:35,856 - RLController - INFO - DIAGNOSTIC - Raw model action output:
2026-09-24 12:48:35,856 - RLController - INFO -   Action hash: 2040260107664348144
2026-09-24 12:48:35,856 - RLController - INFO -   First 8 values: [ -7.3058124 -10.        -10.        -10.        -10.        -10.
 -10.        -10.       ]
2026-09-24 12:48:35,856 - RLController - INFO -   Last 8 values: [-10.        -10.        -10.        -10.        -10.         -1.7730455
 -10.        -10.       ]
2026-09-24 12:48:35,856 - RLController - INFO -   Action shape: (136,), min: -10.000000, max: 5.206756, mean: -9.288239
2026-09-24 12:48:35,857 - RLController - INFO -   B0 junction (indices 16-19) raw values: [-10. -10. -10. -10.]
2026-09-24 12:48:35,857 - RLController - INFO - Using CONTINUOUS DURATION-BASED mode
2026-09-24 12:48:35,857 - RLController - INFO -   Example: junction A0 -> durations [51, 13, 13, 13] (total: 90s)
2026-09-24 12:48:35,857 - RLController - INFO -   Example: junction A1 -> durations [24, 22, 22, 22] (total: 90s)
2026-09-24 12:48:35,858 - RLController - INFO -   Example: junction A2 -> durations [12, 12, 54, 12] (total: 90s)
2026-09-24 12:48:35,858 - RLController - INFO -   Example: junction A4 -> durations [60, 10, 10, 10] (total: 90s)
2026-09-24 12:48:35,858 - RLController - INFO -   Example: junction A5 -> durations [24, 22, 22, 22] (total: 90s)
2026-09-24 12:48:35,858 - RLController - INFO -   Example: junction B0 -> durations [24, 22, 22, 22] (total: 90s)
2026-09-24 12:48:35,858 - RLController - INFO -   Example: junction B1 -> durations [24, 22, 22, 22] (total: 90s)
2026-09-24 12:48:35,859 - RLController - INFO -   Example: junction B2 -> durations [24, 22, 22, 22] (total: 90s)
2026-09-24 12:48:35,859 - RLController - INFO -   Example: junction B4 -> durations [24, 22, 22, 22] (total: 90s)
2026-09-24 12:48:35,859 - RLController - INFO -   Example: junction B5 -> durations [60, 10, 10, 10] (total: 90s)
2026-09-24 12:48:35,859 - RLController - INFO -   Example: junction C0 -> durations [24, 22, 22, 22] (total: 90s)
2026-09-24 12:48:35,859 - RLController - INFO -   Example: junction C1 -> durations [24, 22, 22, 22] (total: 90s)
2026-09-24 12:48:35,859 - RLController - INFO -   Example: junction C2 -> durations [56, 14, 10, 10] (total: 90s)
2026-09-24 12:48:35,860 - RLController - INFO -   Example: junction C3 -> durations [60, 10, 10, 10] (total: 90s)
2026-09-24 12:48:35,860 - RLController - INFO -   Example: junction C4 -> durations [57, 11, 11, 11] (total: 90s)
2026-09-24 12:48:35,860 - RLController - INFO -   Example: junction C5 -> durations [57, 11, 11, 11] (total: 90s)
2026-09-24 12:48:35,860 - RLController - INFO -   Example: junction D0 -> durations [24, 22, 22, 22] (total: 90s)
2026-09-24 12:48:35,860 - RLController - INFO -   Example: junction D1 -> durations [21, 21, 27, 21] (total: 90s)
2026-09-24 12:48:35,861 - RLController - INFO -   Example: junction D2 -> durations [48, 14, 14, 14] (total: 90s)
2026-09-24 12:48:35,861 - RLController - INFO -   Example: junction D3 -> durations [24, 22, 22, 22] (total: 90s)
2026-09-24 12:48:35,861 - RLController - INFO -   Example: junction D4 -> durations [24, 22, 22, 22] (total: 90s)
2026-09-24 12:48:35,861 - RLController - INFO -   Example: junction D5 -> durations [13, 13, 51, 13] (total: 90s)
2026-09-24 12:48:35,861 - RLController - INFO -   Example: junction E0 -> durations [24, 22, 22, 22] (total: 90s)
2026-09-24 12:48:35,862 - RLController - INFO -   Example: junction E1 -> durations [24, 22, 22, 22] (total: 90s)
2026-09-24 12:48:35,863 - RLController - INFO -   Stored schedules for 34 junctions, cycle starts at step 6570
2026-09-24 12:48:40,527 - RLController - INFO - DIAGNOSTIC Step 6660 - Observation stats:
2026-09-24 12:48:40,528 - RLController - INFO -   Hash: -4330424476183180316, Min: 0.000000, Max: 1.000000, Mean: 0.445288, Std: 0.458021
2026-09-24 12:48:40,528 - RLController - INFO -   First 10: [1.        0.        0.        0.        0.        0.6002025 1.
 0.        0.        0.       ]
2026-09-24 12:48:40,529 - RLController - INFO -   Last 10: [0.         0.2        0.         0.08333334 0.48290598 0.00303977
 0.09145299 0.5321398  0.         0.3       ]
2026-09-24 12:48:40,533 - RLController - INFO - DIAGNOSTIC - Raw model action output:
2026-09-24 12:48:40,533 - RLController - INFO -   Action hash: 142588640997141708
2026-09-24 12:48:40,533 - RLController - INFO -   First 8 values: [ -7.559278 -10.       -10.       -10.       -10.       -10.
 -10.       -10.      ]
2026-09-24 12:48:40,533 - RLController - INFO -   Last 8 values: [-10.         -10.         -10.         -10.         -10.
  -0.80854625 -10.         -10.        ]
2026-09-24 12:48:40,533 - RLController - INFO -   Action shape: (136,), min: -10.000000, max: 5.888722, mean: -9.310379
2026-09-24 12:48:40,534 - RLController - INFO -   B0 junction (indices 16-19) raw values: [ -9.958943 -10.       -10.       -10.      ]
2026-09-24 12:48:40,534 - RLController - INFO - Using CONTINUOUS DURATION-BASED mode
2026-09-24 12:48:40,534 - RLController - INFO -   Example: junction A0 -> durations [51, 13, 13, 13] (total: 90s)
2026-09-24 12:48:40,534 - RLController - INFO -   Example: junction A1 -> durations [24, 22, 22, 22] (total: 90s)
2026-09-24 12:48:40,534 - RLController - INFO -   Example: junction A2 -> durations [12, 12, 54, 12] (total: 90s)
2026-09-24 12:48:40,534 - RLController - INFO -   Example: junction A4 -> durations [60, 10, 10, 10] (total: 90s)
2026-09-24 12:48:40,534 - RLController - INFO -   Example: junction A5 -> durations [24, 22, 22, 22] (total: 90s)
2026-09-24 12:48:40,534 - RLController - INFO -   Example: junction B0 -> durations [24, 22, 22, 22] (total: 90s)
2026-09-24 12:48:40,535 - RLController - INFO -   Example: junction B1 -> durations [24, 22, 22, 22] (total: 90s)
2026-09-24 12:48:40,535 - RLController - INFO -   Example: junction B2 -> durations [24, 22, 22, 22] (total: 90s)
2026-09-24 12:48:40,535 - RLController - INFO -   Example: junction B4 -> durations [24, 22, 22, 22] (total: 90s)
2026-09-24 12:48:40,535 - RLController - INFO -   Example: junction B5 -> durations [60, 10, 10, 10] (total: 90s)
2026-09-24 12:48:40,535 - RLController - INFO -   Example: junction C0 -> durations [24, 22, 22, 22] (total: 90s)
2026-09-24 12:48:40,535 - RLController - INFO -   Example: junction C1 -> durations [24, 22, 22, 22] (total: 90s)
2026-09-24 12:48:40,535 - RLController - INFO -   Example: junction C2 -> durations [58, 12, 10, 10] (total: 90s)
2026-09-24 12:48:40,535 - RLController - INFO -   Example: junction C3 -> durations [60, 10, 10, 10] (total: 90s)
2026-09-24 12:48:40,536 - RLController - INFO -   Example: junction C4 -> durations [57, 11, 11, 11] (total: 90s)
2026-09-24 12:48:40,536 - RLController - INFO -   Example: junction C5 -> durations [57, 11, 11, 11] (total: 90s)
2026-09-24 12:48:40,536 - RLController - INFO -   Example: junction D0 -> durations [24, 22, 22, 22] (total: 90s)
2026-09-24 12:48:40,536 - RLController - INFO -   Example: junction D1 -> durations [22, 22, 24, 22] (total: 90s)
2026-09-24 12:48:40,536 - RLController - INFO -   Example: junction D2 -> durations [42, 16, 16, 16] (total: 90s)
2026-09-24 12:48:40,536 - RLController - INFO -   Example: junction D3 -> durations [24, 22, 22, 22] (total: 90s)
2026-09-24 12:48:40,536 - RLController - INFO -   Example: junction D4 -> durations [24, 22, 22, 22] (total: 90s)
2026-09-24 12:48:40,536 - RLController - INFO -   Example: junction D5 -> durations [14, 14, 48, 14] (total: 90s)
2026-09-24 12:48:40,536 - RLController - INFO -   Example: junction E0 -> durations [24, 22, 22, 22] (total: 90s)
2026-09-24 12:48:40,537 - RLController - INFO -   Example: junction E1 -> durations [24, 22, 22, 22] (total: 90s)
2026-09-24 12:48:40,537 - RLController - INFO -   Stored schedules for 34 junctions, cycle starts at step 6660
2026-09-24 12:48:44,740 - RLController - INFO - DIAGNOSTIC Step 6750 - Observation stats:
2026-09-24 12:48:44,740 - RLController - INFO -   Hash: 3396387802413380181, Min: 0.000000, Max: 1.000000, Mean: 0.450702, Std: 0.458937
2026-09-24 12:48:44,741 - RLController - INFO -   First 10: [1.        0.        0.        0.        0.        0.5792758 1.
 0.        0.        0.       ]
2026-09-24 12:48:44,741 - RLController - INFO -   Last 10: [0.         0.2        0.         0.08333334 0.51282054 0.00331177
 0.09017094 0.5058773  0.         0.3       ]
2026-09-24 12:48:44,746 - RLController - INFO - DIAGNOSTIC - Raw model action output:
2026-09-24 12:48:44,746 - RLController - INFO -   Action hash: 710679306381992936
2026-09-24 12:48:44,746 - RLController - INFO -   First 8 values: [ -7.696917 -10.       -10.       -10.       -10.       -10.
 -10.       -10.      ]
2026-09-24 12:48:44,746 - RLController - INFO -   Last 8 values: [-10.         -10.         -10.         -10.         -10.
  -0.90665454 -10.         -10.        ]
2026-09-24 12:48:44,746 - RLController - INFO -   Action shape: (136,), min: -10.000000, max: 5.784499, mean: -9.285235
2026-09-24 12:48:44,746 - RLController - INFO -   B0 junction (indices 16-19) raw values: [ -9.642758 -10.       -10.       -10.      ]
2026-09-24 12:48:44,747 - RLController - INFO - Using CONTINUOUS DURATION-BASED mode
2026-09-24 12:48:44,747 - RLController - INFO -   Example: junction A0 -> durations [48, 14, 14, 14] (total: 90s)
2026-09-24 12:48:44,747 - RLController - INFO -   Example: junction A1 -> durations [24, 22, 22, 22] (total: 90s)
2026-09-24 12:48:44,747 - RLController - INFO -   Example: junction A2 -> durations [12, 12, 54, 12] (total: 90s)
2026-09-24 12:48:44,747 - RLController - INFO -   Example: junction A4 -> durations [60, 10, 10, 10] (total: 90s)
2026-09-24 12:48:44,747 - RLController - INFO -   Example: junction A5 -> durations [27, 21, 21, 21] (total: 90s)
2026-09-24 12:48:44,747 - RLController - INFO -   Example: junction B0 -> durations [24, 22, 22, 22] (total: 90s)
2026-09-24 12:48:44,747 - RLController - INFO -   Example: junction B1 -> durations [24, 22, 22, 22] (total: 90s)
2026-09-24 12:48:44,748 - RLController - INFO -   Example: junction B2 -> durations [24, 22, 22, 22] (total: 90s)
2026-09-24 12:48:44,748 - RLController - INFO -   Example: junction B4 -> durations [24, 22, 22, 22] (total: 90s)
2026-09-24 12:48:44,748 - RLController - INFO -   Example: junction B5 -> durations [60, 10, 10, 10] (total: 90s)
2026-09-24 12:48:44,748 - RLController - INFO -   Example: junction C0 -> durations [24, 22, 22, 22] (total: 90s)
2026-09-24 12:48:44,748 - RLController - INFO -   Example: junction C1 -> durations [24, 22, 22, 22] (total: 90s)
2026-09-24 12:48:44,748 - RLController - INFO -   Example: junction C2 -> durations [59, 11, 10, 10] (total: 90s)
2026-09-24 12:48:44,748 - RLController - INFO -   Example: junction C3 -> durations [60, 10, 10, 10] (total: 90s)
2026-09-24 12:48:44,748 - RLController - INFO -   Example: junction C4 -> durations [60, 10, 10, 10] (total: 90s)
2026-09-24 12:48:44,749 - RLController - INFO -   Example: junction C5 -> durations [57, 11, 11, 11] (total: 90s)
2026-09-24 12:48:44,749 - RLController - INFO -   Example: junction D0 -> durations [24, 22, 22, 22] (total: 90s)
2026-09-24 12:48:44,749 - RLController - INFO -   Example: junction D1 -> durations [22, 22, 24, 22] (total: 90s)
2026-09-24 12:48:44,749 - RLController - INFO -   Example: junction D2 -> durations [45, 15, 15, 15] (total: 90s)
2026-09-24 12:48:44,749 - RLController - INFO -   Example: junction D3 -> durations [24, 22, 22, 22] (total: 90s)
2026-09-24 12:48:44,749 - RLController - INFO -   Example: junction D4 -> durations [24, 22, 22, 22] (total: 90s)
2026-09-24 12:48:44,749 - RLController - INFO -   Example: junction D5 -> durations [14, 14, 48, 14] (total: 90s)
2026-09-24 12:48:44,749 - RLController - INFO -   Example: junction E0 -> durations [24, 22, 22, 22] (total: 90s)
2026-09-24 12:48:44,749 - RLController - INFO -   Example: junction E1 -> durations [24, 22, 22, 22] (total: 90s)
2026-09-24 12:48:44,750 - RLController - INFO -   Stored schedules for 34 junctions, cycle starts at step 6750
2026-09-24 12:48:49,781 - RLController - INFO - DIAGNOSTIC Step 6840 - Observation stats:
2026-09-24 12:48:49,782 - RLController - INFO -   Hash: 988082605852062136, Min: 0.000000, Max: 1.000650, Mean: 0.456388, Std: 0.457741
2026-09-24 12:48:49,782 - RLController - INFO -   First 10: [1.         0.         0.         0.         0.         0.56300265
 0.         1.         0.99333334 1.        ]
2026-09-24 12:48:49,783 - RLController - INFO -   Last 10: [0.         0.2        0.         0.08333334 0.54273504 0.00436955
 0.09136752 0.49069494 0.         0.3       ]
2026-09-24 12:48:49,789 - RLController - INFO - DIAGNOSTIC - Raw model action output:
2026-09-24 12:48:49,789 - RLController - INFO -   Action hash: 3845749786282336525
2026-09-24 12:48:49,789 - RLController - INFO -   First 8 values: [ -7.612023 -10.       -10.       -10.       -10.       -10.
 -10.       -10.      ]
2026-09-24 12:48:49,790 - RLController - INFO -   Last 8 values: [-10.        -10.        -10.        -10.        -10.         -2.3017504
 -10.        -10.       ]
2026-09-24 12:48:49,790 - RLController - INFO -   Action shape: (136,), min: -10.000000, max: 4.850132, mean: -9.294344
2026-09-24 12:48:49,791 - RLController - INFO -   B0 junction (indices 16-19) raw values: [ -9.698739 -10.       -10.       -10.      ]
2026-09-24 12:48:49,791 - RLController - INFO - Using CONTINUOUS DURATION-BASED mode
2026-09-24 12:48:49,791 - RLController - INFO -   Example: junction A0 -> durations [48, 14, 14, 14] (total: 90s)
2026-09-24 12:48:49,791 - RLController - INFO -   Example: junction A1 -> durations [24, 22, 22, 22] (total: 90s)
2026-09-24 12:48:49,791 - RLController - INFO -   Example: junction A2 -> durations [13, 13, 51, 13] (total: 90s)
2026-09-24 12:48:49,792 - RLController - INFO -   Example: junction A4 -> durations [60, 10, 10, 10] (total: 90s)
2026-09-24 12:48:49,792 - RLController - INFO -   Example: junction A5 -> durations [27, 21, 21, 21] (total: 90s)
2026-09-24 12:48:49,792 - RLController - INFO -   Example: junction B0 -> durations [24, 22, 22, 22] (total: 90s)
2026-09-24 12:48:49,792 - RLController - INFO -   Example: junction B1 -> durations [24, 22, 22, 22] (total: 90s)
2026-09-24 12:48:49,792 - RLController - INFO -   Example: junction B2 -> durations [24, 22, 22, 22] (total: 90s)
2026-09-24 12:48:49,793 - RLController - INFO -   Example: junction B4 -> durations [24, 22, 22, 22] (total: 90s)
2026-09-24 12:48:49,793 - RLController - INFO -   Example: junction B5 -> durations [60, 10, 10, 10] (total: 90s)
2026-09-24 12:48:49,793 - RLController - INFO -   Example: junction C0 -> durations [22, 22, 24, 22] (total: 90s)
2026-09-24 12:48:49,793 - RLController - INFO -   Example: junction C1 -> durations [24, 22, 22, 22] (total: 90s)
2026-09-24 12:48:49,794 - RLController - INFO -   Example: junction C2 -> durations [58, 12, 10, 10] (total: 90s)
2026-09-24 12:48:49,794 - RLController - INFO -   Example: junction C3 -> durations [60, 10, 10, 10] (total: 90s)
2026-09-24 12:48:49,794 - RLController - INFO -   Example: junction C4 -> durations [60, 10, 10, 10] (total: 90s)
2026-09-24 12:48:49,794 - RLController - INFO -   Example: junction C5 -> durations [57, 11, 11, 11] (total: 90s)
2026-09-24 12:48:49,794 - RLController - INFO -   Example: junction D0 -> durations [24, 22, 22, 22] (total: 90s)
2026-09-24 12:48:49,795 - RLController - INFO -   Example: junction D1 -> durations [22, 22, 24, 22] (total: 90s)
2026-09-24 12:48:49,795 - RLController - INFO -   Example: junction D2 -> durations [48, 14, 14, 14] (total: 90s)
2026-09-24 12:48:49,795 - RLController - INFO -   Example: junction D3 -> durations [24, 22, 22, 22] (total: 90s)
2026-09-24 12:48:49,795 - RLController - INFO -   Example: junction D4 -> durations [24, 22, 22, 22] (total: 90s)
2026-09-24 12:48:49,795 - RLController - INFO -   Example: junction D5 -> durations [13, 13, 51, 13] (total: 90s)
2026-09-24 12:48:49,796 - RLController - INFO -   Example: junction E0 -> durations [24, 22, 22, 22] (total: 90s)
2026-09-24 12:48:49,796 - RLController - INFO -   Example: junction E1 -> durations [24, 22, 22, 22] (total: 90s)
2026-09-24 12:48:49,797 - RLController - INFO -   Stored schedules for 34 junctions, cycle starts at step 6840
2026-09-24 12:48:54,321 - RLController - INFO - DIAGNOSTIC Step 6930 - Observation stats:
2026-09-24 12:48:54,321 - RLController - INFO -   Hash: -6309761148217828096, Min: 0.000000, Max: 1.000000, Mean: 0.453513, Std: 0.459400
2026-09-24 12:48:54,322 - RLController - INFO -   First 10: [1.         0.         0.         0.         0.         0.56300265
 0.         1.         0.99333334 1.        ]
2026-09-24 12:48:54,322 - RLController - INFO -   Last 10: [0.         0.2        0.         0.08333334 0.525641   0.00383937
 0.09166667 0.49809864 0.         0.3       ]
2026-09-24 12:48:54,328 - RLController - INFO - DIAGNOSTIC - Raw model action output:
2026-09-24 12:48:54,328 - RLController - INFO -   Action hash: 2273385020609833547
2026-09-24 12:48:54,329 - RLController - INFO -   First 8 values: [ -7.583136 -10.       -10.       -10.       -10.       -10.
 -10.       -10.      ]
2026-09-24 12:48:54,329 - RLController - INFO -   Last 8 values: [-10.        -10.        -10.        -10.        -10.         -1.8824208
 -10.        -10.       ]
2026-09-24 12:48:54,329 - RLController - INFO -   Action shape: (136,), min: -10.000000, max: 5.218374, mean: -9.270779
2026-09-24 12:48:54,329 - RLController - INFO -   B0 junction (indices 16-19) raw values: [ -9.866732 -10.       -10.       -10.      ]
2026-09-24 12:48:54,329 - RLController - INFO - Using CONTINUOUS DURATION-BASED mode
2026-09-24 12:48:54,329 - RLController - INFO -   Example: junction A0 -> durations [48, 14, 14, 14] (total: 90s)
2026-09-24 12:48:54,330 - RLController - INFO -   Example: junction A1 -> durations [24, 22, 22, 22] (total: 90s)
2026-09-24 12:48:54,330 - RLController - INFO -   Example: junction A2 -> durations [12, 12, 54, 12] (total: 90s)
2026-09-24 12:48:54,330 - RLController - INFO -   Example: junction A4 -> durations [60, 10, 10, 10] (total: 90s)
2026-09-24 12:48:54,330 - RLController - INFO -   Example: junction A5 -> durations [24, 22, 22, 22] (total: 90s)
2026-09-24 12:48:54,330 - RLController - INFO -   Example: junction B0 -> durations [24, 22, 22, 22] (total: 90s)
2026-09-24 12:48:54,330 - RLController - INFO -   Example: junction B1 -> durations [24, 22, 22, 22] (total: 90s)
2026-09-24 12:48:54,330 - RLController - INFO -   Example: junction B2 -> durations [24, 22, 22, 22] (total: 90s)
2026-09-24 12:48:54,330 - RLController - INFO -   Example: junction B4 -> durations [24, 22, 22, 22] (total: 90s)
2026-09-24 12:48:54,331 - RLController - INFO -   Example: junction B5 -> durations [60, 10, 10, 10] (total: 90s)
2026-09-24 12:48:54,331 - RLController - INFO -   Example: junction C0 -> durations [24, 22, 22, 22] (total: 90s)
2026-09-24 12:48:54,331 - RLController - INFO -   Example: junction C1 -> durations [24, 22, 22, 22] (total: 90s)
2026-09-24 12:48:54,331 - RLController - INFO -   Example: junction C2 -> durations [56, 14, 10, 10] (total: 90s)
2026-09-24 12:48:54,331 - RLController - INFO -   Example: junction C3 -> durations [60, 10, 10, 10] (total: 90s)
2026-09-24 12:48:54,331 - RLController - INFO -   Example: junction C4 -> durations [60, 10, 10, 10] (total: 90s)
2026-09-24 12:48:54,331 - RLController - INFO -   Example: junction C5 -> durations [57, 11, 11, 11] (total: 90s)
2026-09-24 12:48:54,331 - RLController - INFO -   Example: junction D0 -> durations [24, 22, 22, 22] (total: 90s)
2026-09-24 12:48:54,332 - RLController - INFO -   Example: junction D1 -> durations [22, 22, 24, 22] (total: 90s)
2026-09-24 12:48:54,332 - RLController - INFO -   Example: junction D2 -> durations [51, 13, 13, 13] (total: 90s)
2026-09-24 12:48:54,332 - RLController - INFO -   Example: junction D3 -> durations [24, 22, 22, 22] (total: 90s)
2026-09-24 12:48:54,332 - RLController - INFO -   Example: junction D4 -> durations [24, 22, 22, 22] (total: 90s)
2026-09-24 12:48:54,332 - RLController - INFO -   Example: junction D5 -> durations [12, 12, 54, 12] (total: 90s)
2026-09-24 12:48:54,332 - RLController - INFO -   Example: junction E0 -> durations [24, 22, 22, 22] (total: 90s)
2026-09-24 12:48:54,332 - RLController - INFO -   Example: junction E1 -> durations [24, 22, 22, 22] (total: 90s)
2026-09-24 12:48:54,333 - RLController - INFO -   Stored schedules for 34 junctions, cycle starts at step 6930
2026-09-24 12:48:58,759 - RLController - INFO - DIAGNOSTIC Step 7020 - Observation stats:
2026-09-24 12:48:58,760 - RLController - INFO -   Hash: 53084383612854986, Min: 0.000000, Max: 1.000000, Mean: 0.453986, Std: 0.457815
2026-09-24 12:48:58,760 - RLController - INFO -   First 10: [1.         0.         0.         0.         0.         0.56300265
 0.         0.         0.99333334 1.        ]
2026-09-24 12:48:58,761 - RLController - INFO -   Last 10: [0.         0.2        0.         0.08333334 0.5363248  0.00485176
 0.09196581 0.5040604  0.         0.3       ]
2026-09-24 12:48:58,764 - RLController - INFO - DIAGNOSTIC - Raw model action output:
2026-09-24 12:48:58,764 - RLController - INFO -   Action hash: 6266119030722296477
2026-09-24 12:48:58,765 - RLController - INFO -   First 8 values: [ -7.405915 -10.       -10.       -10.       -10.       -10.
 -10.       -10.      ]
2026-09-24 12:48:58,765 - RLController - INFO -   Last 8 values: [-10.        -10.        -10.        -10.        -10.         -3.5234063
 -10.        -10.       ]
2026-09-24 12:48:58,765 - RLController - INFO -   Action shape: (136,), min: -10.000000, max: 5.321941, mean: -9.273431
2026-09-24 12:48:58,765 - RLController - INFO -   B0 junction (indices 16-19) raw values: [-10. -10. -10. -10.]
2026-09-24 12:48:58,765 - RLController - INFO - Using CONTINUOUS DURATION-BASED mode
2026-09-24 12:48:58,765 - RLController - INFO -   Example: junction A0 -> durations [51, 13, 13, 13] (total: 90s)
2026-09-24 12:48:58,766 - RLController - INFO -   Example: junction A1 -> durations [24, 22, 22, 22] (total: 90s)
2026-09-24 12:48:58,766 - RLController - INFO -   Example: junction A2 -> durations [12, 12, 54, 12] (total: 90s)
2026-09-24 12:48:58,766 - RLController - INFO -   Example: junction A4 -> durations [60, 10, 10, 10] (total: 90s)
2026-09-24 12:48:58,766 - RLController - INFO -   Example: junction A5 -> durations [24, 22, 22, 22] (total: 90s)
2026-09-24 12:48:58,766 - RLController - INFO -   Example: junction B0 -> durations [24, 22, 22, 22] (total: 90s)
2026-09-24 12:48:58,766 - RLController - INFO -   Example: junction B1 -> durations [24, 22, 22, 22] (total: 90s)
2026-09-24 12:48:58,766 - RLController - INFO -   Example: junction B2 -> durations [24, 22, 22, 22] (total: 90s)
2026-09-24 12:48:58,766 - RLController - INFO -   Example: junction B4 -> durations [24, 22, 22, 22] (total: 90s)
2026-09-24 12:48:58,767 - RLController - INFO -   Example: junction B5 -> durations [60, 10, 10, 10] (total: 90s)
2026-09-24 12:48:58,767 - RLController - INFO -   Example: junction C0 -> durations [22, 22, 24, 22] (total: 90s)
2026-09-24 12:48:58,767 - RLController - INFO -   Example: junction C1 -> durations [24, 22, 22, 22] (total: 90s)
2026-09-24 12:48:58,767 - RLController - INFO -   Example: junction C2 -> durations [56, 14, 10, 10] (total: 90s)
2026-09-24 12:48:58,767 - RLController - INFO -   Example: junction C3 -> durations [60, 10, 10, 10] (total: 90s)
2026-09-24 12:48:58,767 - RLController - INFO -   Example: junction C4 -> durations [60, 10, 10, 10] (total: 90s)
2026-09-24 12:48:58,767 - RLController - INFO -   Example: junction C5 -> durations [57, 11, 11, 11] (total: 90s)
2026-09-24 12:48:58,767 - RLController - INFO -   Example: junction D0 -> durations [24, 22, 22, 22] (total: 90s)
2026-09-24 12:48:58,768 - RLController - INFO -   Example: junction D1 -> durations [22, 22, 24, 22] (total: 90s)
2026-09-24 12:48:58,768 - RLController - INFO -   Example: junction D2 -> durations [51, 13, 13, 13] (total: 90s)
2026-09-24 12:48:58,768 - RLController - INFO -   Example: junction D3 -> durations [24, 22, 22, 22] (total: 90s)
2026-09-24 12:48:58,768 - RLController - INFO -   Example: junction D4 -> durations [24, 22, 22, 22] (total: 90s)
2026-09-24 12:48:58,768 - RLController - INFO -   Example: junction D5 -> durations [13, 13, 51, 13] (total: 90s)
2026-09-24 12:48:58,768 - RLController - INFO -   Example: junction E0 -> durations [24, 22, 22, 22] (total: 90s)
2026-09-24 12:48:58,768 - RLController - INFO -   Example: junction E1 -> durations [24, 22, 22, 22] (total: 90s)
2026-09-24 12:48:58,769 - RLController - INFO -   Stored schedules for 34 junctions, cycle starts at step 7020
2026-09-24 12:49:03,237 - RLController - INFO - DIAGNOSTIC Step 7110 - Observation stats:
2026-09-24 12:49:03,238 - RLController - INFO -   Hash: -2513531700959688355, Min: 0.000000, Max: 1.000000, Mean: 0.456556, Std: 0.460056
2026-09-24 12:49:03,239 - RLController - INFO -   First 10: [1.         0.         0.         0.         0.         0.56300265
 0.         1.         0.99333334 1.        ]
2026-09-24 12:49:03,239 - RLController - INFO -   Last 10: [0.         0.2        0.         0.08333334 0.5192308  0.00348466
 0.0924359  0.50160015 0.         0.3       ]
2026-09-24 12:49:03,248 - RLController - INFO - DIAGNOSTIC - Raw model action output:
2026-09-24 12:49:03,248 - RLController - INFO -   Action hash: 5754346709038635586
2026-09-24 12:49:03,249 - RLController - INFO -   First 8 values: [ -7.6255827 -10.        -10.        -10.        -10.        -10.
 -10.        -10.       ]
2026-09-24 12:49:03,249 - RLController - INFO -   Last 8 values: [-10.        -10.        -10.        -10.        -10.         -2.3173664
 -10.        -10.       ]
2026-09-24 12:49:03,249 - RLController - INFO -   Action shape: (136,), min: -10.000000, max: 5.224983, mean: -9.305899
2026-09-24 12:49:03,250 - RLController - INFO -   B0 junction (indices 16-19) raw values: [-10. -10. -10. -10.]
2026-09-24 12:49:03,250 - RLController - INFO - Using CONTINUOUS DURATION-BASED mode
2026-09-24 12:49:03,250 - RLController - INFO -   Example: junction A0 -> durations [48, 14, 14, 14] (total: 90s)
2026-09-24 12:49:03,250 - RLController - INFO -   Example: junction A1 -> durations [24, 22, 22, 22] (total: 90s)
2026-09-24 12:49:03,251 - RLController - INFO -   Example: junction A2 -> durations [12, 12, 54, 12] (total: 90s)
2026-09-24 12:49:03,251 - RLController - INFO -   Example: junction A4 -> durations [60, 10, 10, 10] (total: 90s)
2026-09-24 12:49:03,251 - RLController - INFO -   Example: junction A5 -> durations [24, 22, 22, 22] (total: 90s)
2026-09-24 12:49:03,251 - RLController - INFO -   Example: junction B0 -> durations [24, 22, 22, 22] (total: 90s)
2026-09-24 12:49:03,251 - RLController - INFO -   Example: junction B1 -> durations [24, 22, 22, 22] (total: 90s)
2026-09-24 12:49:03,252 - RLController - INFO -   Example: junction B2 -> durations [24, 22, 22, 22] (total: 90s)
2026-09-24 12:49:03,252 - RLController - INFO -   Example: junction B4 -> durations [24, 22, 22, 22] (total: 90s)
2026-09-24 12:49:03,252 - RLController - INFO -   Example: junction B5 -> durations [60, 10, 10, 10] (total: 90s)
2026-09-24 12:49:03,252 - RLController - INFO -   Example: junction C0 -> durations [24, 22, 22, 22] (total: 90s)
2026-09-24 12:49:03,253 - RLController - INFO -   Example: junction C1 -> durations [24, 22, 22, 22] (total: 90s)
2026-09-24 12:49:03,253 - RLController - INFO -   Example: junction C2 -> durations [54, 16, 10, 10] (total: 90s)
2026-09-24 12:49:03,253 - RLController - INFO -   Example: junction C3 -> durations [60, 10, 10, 10] (total: 90s)
2026-09-24 12:49:03,253 - RLController - INFO -   Example: junction C4 -> durations [57, 11, 11, 11] (total: 90s)
2026-09-24 12:49:03,253 - RLController - INFO -   Example: junction C5 -> durations [57, 11, 11, 11] (total: 90s)
2026-09-24 12:49:03,254 - RLController - INFO -   Example: junction D0 -> durations [24, 22, 22, 22] (total: 90s)
2026-09-24 12:49:03,254 - RLController - INFO -   Example: junction D1 -> durations [22, 22, 24, 22] (total: 90s)
2026-09-24 12:49:03,254 - RLController - INFO -   Example: junction D2 -> durations [45, 15, 15, 15] (total: 90s)
2026-09-24 12:49:03,254 - RLController - INFO -   Example: junction D3 -> durations [24, 22, 22, 22] (total: 90s)
2026-09-24 12:49:03,254 - RLController - INFO -   Example: junction D4 -> durations [24, 22, 22, 22] (total: 90s)
2026-09-24 12:49:03,255 - RLController - INFO -   Example: junction D5 -> durations [13, 13, 51, 13] (total: 90s)
2026-09-24 12:49:03,255 - RLController - INFO -   Example: junction E0 -> durations [24, 22, 22, 22] (total: 90s)
2026-09-24 12:49:03,255 - RLController - INFO -   Example: junction E1 -> durations [24, 22, 22, 22] (total: 90s)
2026-09-24 12:49:03,256 - RLController - INFO -   Stored schedules for 34 junctions, cycle starts at step 7110
2026-09-24 12:49:07,055 - RLController - INFO - DIAGNOSTIC Step 7200 - Observation stats:
2026-09-24 12:49:07,055 - RLController - INFO -   Hash: -6696860817726565310, Min: 0.000000, Max: 1.000000, Mean: 0.449151, Std: 0.459494
2026-09-24 12:49:07,056 - RLController - INFO -   First 10: [1.         0.         0.         0.         0.         0.56300265
 0.         1.         0.99333334 1.        ]
2026-09-24 12:49:07,056 - RLController - INFO -   Last 10: [0.         0.2        0.         0.08333334 0.5        0.00354261
 0.09076923 0.5217544  0.         0.3       ]
2026-09-24 12:49:07,069 - RLController - INFO - DIAGNOSTIC - Raw model action output:
2026-09-24 12:49:07,070 - RLController - INFO -   Action hash: -2666235880040592213
2026-09-24 12:49:07,070 - RLController - INFO -   First 8 values: [ -7.4950376 -10.        -10.        -10.        -10.        -10.
 -10.        -10.       ]
2026-09-24 12:49:07,070 - RLController - INFO -   Last 8 values: [-10.        -10.        -10.        -10.        -10.         -2.2570837
 -10.        -10.       ]
2026-09-24 12:49:07,070 - RLController - INFO -   Action shape: (136,), min: -10.000000, max: 5.866708, mean: -9.300431
2026-09-24 12:49:07,070 - RLController - INFO -   B0 junction (indices 16-19) raw values: [ -9.492428 -10.       -10.       -10.      ]
2026-09-24 12:49:07,071 - RLController - INFO - Using CONTINUOUS DURATION-BASED mode
2026-09-24 12:49:07,071 - RLController - INFO -   Example: junction A0 -> durations [51, 13, 13, 13] (total: 90s)
2026-09-24 12:49:07,071 - RLController - INFO -   Example: junction A1 -> durations [24, 22, 22, 22] (total: 90s)
2026-09-24 12:49:07,071 - RLController - INFO -   Example: junction A2 -> durations [12, 12, 54, 12] (total: 90s)
2026-09-24 12:49:07,071 - RLController - INFO -   Example: junction A4 -> durations [60, 10, 10, 10] (total: 90s)
2026-09-24 12:49:07,071 - RLController - INFO -   Example: junction A5 -> durations [27, 21, 21, 21] (total: 90s)
2026-09-24 12:49:07,072 - RLController - INFO -   Example: junction B0 -> durations [24, 22, 22, 22] (total: 90s)
2026-09-24 12:49:07,072 - RLController - INFO -   Example: junction B1 -> durations [24, 22, 22, 22] (total: 90s)
2026-09-24 12:49:07,072 - RLController - INFO -   Example: junction B2 -> durations [24, 22, 22, 22] (total: 90s)
2026-09-24 12:49:07,072 - RLController - INFO -   Example: junction B4 -> durations [24, 22, 22, 22] (total: 90s)
2026-09-24 12:49:07,072 - RLController - INFO -   Example: junction B5 -> durations [60, 10, 10, 10] (total: 90s)
2026-09-24 12:49:07,072 - RLController - INFO -   Example: junction C0 -> durations [22, 22, 24, 22] (total: 90s)
2026-09-24 12:49:07,072 - RLController - INFO -   Example: junction C1 -> durations [24, 22, 22, 22] (total: 90s)
2026-09-24 12:49:07,072 - RLController - INFO -   Example: junction C2 -> durations [57, 13, 10, 10] (total: 90s)
2026-09-24 12:49:07,073 - RLController - INFO -   Example: junction C3 -> durations [60, 10, 10, 10] (total: 90s)
2026-09-24 12:49:07,073 - RLController - INFO -   Example: junction C4 -> durations [57, 11, 11, 11] (total: 90s)
2026-09-24 12:49:07,073 - RLController - INFO -   Example: junction C5 -> durations [57, 11, 11, 11] (total: 90s)
2026-09-24 12:49:07,073 - RLController - INFO -   Example: junction D0 -> durations [24, 22, 22, 22] (total: 90s)
2026-09-24 12:49:07,073 - RLController - INFO -   Example: junction D1 -> durations [22, 22, 24, 22] (total: 90s)
2026-09-24 12:49:07,073 - RLController - INFO -   Example: junction D2 -> durations [45, 15, 15, 15] (total: 90s)
2026-09-24 12:49:07,073 - RLController - INFO -   Example: junction D3 -> durations [24, 22, 22, 22] (total: 90s)
2026-09-24 12:49:07,073 - RLController - INFO -   Example: junction D4 -> durations [24, 22, 22, 22] (total: 90s)
2026-09-24 12:49:07,074 - RLController - INFO -   Example: junction D5 -> durations [13, 13, 51, 13] (total: 90s)
2026-09-24 12:49:07,074 - RLController - INFO -   Example: junction E0 -> durations [24, 22, 22, 22] (total: 90s)
2026-09-24 12:49:07,074 - RLController - INFO -   Example: junction E1 -> durations [24, 22, 22, 22] (total: 90s)
2026-09-24 12:49:07,074 - RLController - INFO -   Stored schedules for 34 junctions, cycle starts at step 7200
2026-09-24 12:49:11,975 - RLController - INFO - DIAGNOSTIC Step 7290 - Observation stats:
2026-09-24 12:49:11,977 - RLController - INFO -   Hash: -1887789024622760187, Min: 0.000000, Max: 1.000000, Mean: 0.460006, Std: 0.458361
2026-09-24 12:49:11,977 - RLController - INFO -   First 10: [1.         0.         0.         0.         0.         0.56300265
 0.         1.         0.99333334 1.        ]
2026-09-24 12:49:11,977 - RLController - INFO -   Last 10: [0.         0.2        0.         0.08333334 0.5448718  0.00341468
 0.09418803 0.47423872 0.         0.3       ]
2026-09-24 12:49:11,988 - RLController - INFO - DIAGNOSTIC - Raw model action output:
2026-09-24 12:49:11,988 - RLController - INFO -   Action hash: 3003072942665184057
2026-09-24 12:49:11,988 - RLController - INFO -   First 8 values: [ -7.364012 -10.       -10.       -10.       -10.       -10.
 -10.       -10.      ]
2026-09-24 12:49:11,988 - RLController - INFO -   Last 8 values: [-10.       -10.       -10.       -10.       -10.        -1.832582
 -10.       -10.      ]
2026-09-24 12:49:11,988 - RLController - INFO -   Action shape: (136,), min: -10.000000, max: 5.882618, mean: -9.263021
2026-09-24 12:49:11,989 - RLController - INFO -   B0 junction (indices 16-19) raw values: [ -9.936934 -10.       -10.       -10.      ]
2026-09-24 12:49:11,989 - RLController - INFO - Using CONTINUOUS DURATION-BASED mode
2026-09-24 12:49:11,989 - RLController - INFO -   Example: junction A0 -> durations [51, 13, 13, 13] (total: 90s)
2026-09-24 12:49:11,989 - RLController - INFO -   Example: junction A1 -> durations [24, 22, 22, 22] (total: 90s)
2026-09-24 12:49:11,989 - RLController - INFO -   Example: junction A2 -> durations [12, 12, 54, 12] (total: 90s)
2026-09-24 12:49:11,989 - RLController - INFO -   Example: junction A4 -> durations [60, 10, 10, 10] (total: 90s)
2026-09-24 12:49:11,989 - RLController - INFO -   Example: junction A5 -> durations [24, 22, 22, 22] (total: 90s)
2026-09-24 12:49:11,989 - RLController - INFO -   Example: junction B0 -> durations [24, 22, 22, 22] (total: 90s)
2026-09-24 12:49:11,989 - RLController - INFO -   Example: junction B1 -> durations [24, 22, 22, 22] (total: 90s)
2026-09-24 12:49:11,990 - RLController - INFO -   Example: junction B2 -> durations [24, 22, 22, 22] (total: 90s)
2026-09-24 12:49:11,990 - RLController - INFO -   Example: junction B4 -> durations [24, 22, 22, 22] (total: 90s)
2026-09-24 12:49:11,990 - RLController - INFO -   Example: junction B5 -> durations [60, 10, 10, 10] (total: 90s)
2026-09-24 12:49:11,990 - RLController - INFO -   Example: junction C0 -> durations [24, 22, 22, 22] (total: 90s)
2026-09-24 12:49:11,990 - RLController - INFO -   Example: junction C1 -> durations [24, 22, 22, 22] (total: 90s)
2026-09-24 12:49:11,990 - RLController - INFO -   Example: junction C2 -> durations [56, 14, 10, 10] (total: 90s)
2026-09-24 12:49:11,990 - RLController - INFO -   Example: junction C3 -> durations [60, 10, 10, 10] (total: 90s)
2026-09-24 12:49:11,990 - RLController - INFO -   Example: junction C4 -> durations [60, 10, 10, 10] (total: 90s)
2026-09-24 12:49:11,990 - RLController - INFO -   Example: junction C5 -> durations [57, 11, 11, 11] (total: 90s)
2026-09-24 12:49:11,991 - RLController - INFO -   Example: junction D0 -> durations [24, 22, 22, 22] (total: 90s)
2026-09-24 12:49:11,991 - RLController - INFO -   Example: junction D1 -> durations [21, 21, 27, 21] (total: 90s)
2026-09-24 12:49:11,991 - RLController - INFO -   Example: junction D2 -> durations [45, 15, 15, 15] (total: 90s)
2026-09-24 12:49:11,991 - RLController - INFO -   Example: junction D3 -> durations [24, 22, 22, 22] (total: 90s)
2026-09-24 12:49:11,991 - RLController - INFO -   Example: junction D4 -> durations [24, 22, 22, 22] (total: 90s)
2026-09-24 12:49:11,991 - RLController - INFO -   Example: junction D5 -> durations [13, 13, 51, 13] (total: 90s)
2026-09-24 12:49:11,991 - RLController - INFO -   Example: junction E0 -> durations [24, 22, 22, 22] (total: 90s)
2026-09-24 12:49:11,991 - RLController - INFO -   Example: junction E1 -> durations [24, 22, 22, 22] (total: 90s)
2026-09-24 12:49:11,992 - RLController - INFO -   Stored schedules for 34 junctions, cycle starts at step 7290
2026-09-24 12:49:12,551 - RLController - WARNING - RL environment cleanup failed: 'TrafficControlEnv' object has no attribute 'reward_calculator'
2026-09-24 12:49:13,059 - TrafficSimulator - INFO - Simulation completed successfully!
2026-09-24 12:49:13,064 - TrafficSimulator - INFO - === SIMULATION COMPLETED ===
2026-09-24 12:49:13,065 - TrafficSimulator - INFO - Total simulation steps: 7300
2026-09-24 12:49:13,065 - TrafficSimulator - INFO - Vehicles loaded: 22000
2026-09-24 12:49:13,065 - TrafficSimulator - INFO - Vehicles inserted: 19317
2026-09-24 12:49:13,065 - TrafficSimulator - INFO - Vehicles still running: 2509
2026-09-24 12:49:13,065 - TrafficSimulator - INFO - Vehicles waiting: 2683
2026-09-24 12:49:13,065 - TrafficSimulator - INFO - Vehicles arrived: 16808
2026-09-24 12:49:13,065 - TrafficSimulator - INFO - Completion rate: 76.4%
2026-09-24 12:49:13,065 - TrafficSimulator - INFO - Insertion rate: 87.8%
2026-09-24 12:49:13,065 - TrafficSimulator - INFO - Average duration: 667.3s
2026-09-24 12:49:13,065 - TrafficSimulator - INFO - Average waiting time: 448.2s
2026-09-24 12:49:13,065 - TrafficSimulator - INFO - Average time loss: 547.6s
2026-09-24 12:49:13,065 - TrafficSimulator - INFO - Throughput: 8289 veh/h
2026-09-24 12:49:13,065 - TrafficSimulator - INFO - Trip statistics count: 16808
2026-09-24 12:49:13,065 - TrafficSimulator - INFO - Traffic control method: rl
