run_name: fixed_s03   controller: rl   started: 2026-09-23T19:29:34Z
src: /a/home/cc/tree/taucc/architec/efratbl/sumo-traffic-generator/paper_rl_vs_tm/app/src/__init__.py
python: Python 3.10.2
sumo: Eclipse SUMO sumo 1.25.0
numpy 1.24.4 torch 2.1.2+cpu sb3 2.1.0
model md5: 8b8d9f494260a1a1f6a24b2c4ef25667
sumo seed: 3
plan: results/plans/rl_modal.csv  md5: 95cd745b8429b508a1616c6cdd75e604
2026-09-23 22:29:53,934 - StandardPipeline - INFO - Prepared output directory: /a/home/cc/architec/efratbl/sumo-traffic-generator/paper_rl_vs_tm/results/runs/fixed_s03/workspace
2026-09-23 22:29:53,934 - StandardPipeline - INFO - --- Step 1: Network Generation ---
Success.
2026-09-23 22:29:55,697 - StandardPipeline - INFO - --- Step 2: Zone Generation ---
2026-09-23 22:29:58,889 - StandardPipeline - INFO - --- Step 3: Integrated Edge Splitting with Lane Assignment ---
Post-processing: 108 edges processed, 108 converted to multi-head
2026-09-23 22:30:28,457 - StandardPipeline - INFO - --- Step 4: Network Rebuild ---
2026-09-23 22:30:29,797 - StandardPipeline - INFO - --- Step 5: Edge Attractiveness Assignment ---
2026-09-23 22:32:15,662 - StandardPipeline - INFO - --- Step 6: Vehicle Route Generation ---
2026-09-23 22:32:35,895 - StandardPipeline - INFO - --- Step 7: SUMO Configuration Generation ---
2026-09-23 22:32:35,902 - StandardPipeline - INFO - --- Step 8: Dynamic Simulation ---
2026-09-23 22:32:35,902 - src.orchestration.simulator - INFO - Using TraCI simulator for rl (dynamic control)
2026-09-23 22:32:42,951 - RLController - INFO - PAPER_RL_VS_TM: loaded timing plan /a/home/cc/architec/efratbl/sumo-traffic-generator/paper_rl_vs_tm/results/plans/rl_modal.csv (34 rows)
 Retrying in 1 seconds
2026-09-23 22:32:47,870 - RLController - INFO - Creating RL environment...
[DIM CHECK] network_path='None'
[DIM CHECK] Using existing workspace network: /a/home/cc/architec/efratbl/sumo-traffic-generator/paper_rl_vs_tm/results/runs/fixed_s03/workspace/grid.net.xml
2026-09-23 22:32:47,871 - TrafficControlEnv - INFO - Using existing workspace network: /a/home/cc/architec/efratbl/sumo-traffic-generator/paper_rl_vs_tm/results/runs/fixed_s03/workspace/grid.net.xml
2026-09-23 22:32:48,065 - TrafficControlEnv - INFO - Parsed network dimensions from: /a/home/cc/architec/efratbl/sumo-traffic-generator/paper_rl_vs_tm/results/runs/fixed_s03/workspace/grid.net.xml
2026-09-23 22:32:48,066 - TrafficControlEnv - INFO -   Edges: 468
2026-09-23 22:32:48,066 - TrafficControlEnv - INFO -   Junctions: 34
2026-09-23 22:32:48,068 - RLController - INFO - RL environment created successfully
2026-09-23 22:32:48,068 - RLController - INFO - Observation space: (2882,)
2026-09-23 22:32:48,068 - RLController - INFO - Action space: (136,)
/a/home/cc/tree/taucc/architec/efratbl/sumo-traffic-generator/paper_rl_vs_tm/app/src/rl/controller.py:259: UserWarning: Call to deprecated function getAllProgramLogics, use getCompleteRedYellowGreenDefinition instead.
  complete_def = traci.trafficlight.getCompleteRedYellowGreenDefinition(tl_id)[
2026-09-23 22:32:48,387 - RLController - INFO - DIAGNOSTIC Step 0 - Observation stats:
2026-09-23 22:32:48,387 - RLController - INFO -   Hash: 3677255977520414830, Min: 0.000000, Max: 1.000080, Mean: 0.246374, Std: 0.378330
2026-09-23 22:32:48,388 - RLController - INFO -   First 10: [1.  0.  0.  0.  0.  0.5 1.  0.  0.  0. ]
2026-09-23 22:32:48,388 - RLController - INFO -   Last 10: [0.      0.1875  0.      0.25    0.      0.      0.      1.00008 0.
 0.3    ]
2026-09-23 22:32:48,400 - RLController - INFO - DIAGNOSTIC - Raw model action output:
2026-09-23 22:32:48,400 - RLController - INFO -   Action hash: -7594561797858785202
2026-09-23 22:32:48,400 - RLController - INFO -   First 8 values: [ -4.2462254 -10.         -8.615134  -10.        -10.        -10.
  -9.517142   -9.423127 ]
2026-09-23 22:32:48,401 - RLController - INFO -   Last 8 values: [ -9.937325  -10.         -7.9518666 -10.         -8.441892   -1.202461
  -9.473316  -10.       ]
2026-09-23 22:32:48,401 - RLController - INFO -   Action shape: (136,), min: -10.000000, max: 2.648499, mean: -8.256987
2026-09-23 22:32:48,401 - RLController - INFO -   B0 junction (indices 16-19) raw values: [ -7.3623834  -6.7744145  -7.927693  -10.       ]
2026-09-23 22:32:48,402 - RLController - INFO - Using CONTINUOUS DURATION-BASED mode
2026-09-23 22:32:48,403 - RLController - INFO -   Example: junction A0 -> durations [51, 13, 13, 13] (total: 90s)
2026-09-23 22:32:48,403 - RLController - INFO -   Example: junction A1 -> durations [24, 22, 22, 22] (total: 90s)
2026-09-23 22:32:48,403 - RLController - INFO -   Example: junction A2 -> durations [12, 12, 54, 12] (total: 90s)
2026-09-23 22:32:48,404 - RLController - INFO -   Example: junction A4 -> durations [60, 10, 10, 10] (total: 90s)
2026-09-23 22:32:48,404 - RLController - INFO -   Example: junction A5 -> durations [24, 22, 22, 22] (total: 90s)
2026-09-23 22:32:48,404 - RLController - INFO -   Example: junction B0 -> durations [24, 22, 22, 22] (total: 90s)
2026-09-23 22:32:48,405 - RLController - INFO -   Example: junction B1 -> durations [24, 22, 22, 22] (total: 90s)
2026-09-23 22:32:48,405 - RLController - INFO -   Example: junction B2 -> durations [24, 22, 22, 22] (total: 90s)
2026-09-23 22:32:48,405 - RLController - INFO -   Example: junction B4 -> durations [24, 22, 22, 22] (total: 90s)
2026-09-23 22:32:48,405 - RLController - INFO -   Example: junction B5 -> durations [60, 10, 10, 10] (total: 90s)
2026-09-23 22:32:48,406 - RLController - INFO -   Example: junction C0 -> durations [22, 22, 24, 22] (total: 90s)
2026-09-23 22:32:48,406 - RLController - INFO -   Example: junction C1 -> durations [24, 22, 22, 22] (total: 90s)
2026-09-23 22:32:48,406 - RLController - INFO -   Example: junction C2 -> durations [57, 13, 10, 10] (total: 90s)
2026-09-23 22:32:48,406 - RLController - INFO -   Example: junction C3 -> durations [60, 10, 10, 10] (total: 90s)
2026-09-23 22:32:48,407 - RLController - INFO -   Example: junction C4 -> durations [57, 11, 11, 11] (total: 90s)
2026-09-23 22:32:48,407 - RLController - INFO -   Example: junction C5 -> durations [57, 11, 11, 11] (total: 90s)
2026-09-23 22:32:48,407 - RLController - INFO -   Example: junction D0 -> durations [24, 22, 22, 22] (total: 90s)
2026-09-23 22:32:48,407 - RLController - INFO -   Example: junction D1 -> durations [21, 21, 27, 21] (total: 90s)
2026-09-23 22:32:48,407 - RLController - INFO -   Example: junction D2 -> durations [45, 15, 15, 15] (total: 90s)
2026-09-23 22:32:48,408 - RLController - INFO -   Example: junction D3 -> durations [24, 22, 22, 22] (total: 90s)
2026-09-23 22:32:48,408 - RLController - INFO -   Example: junction D4 -> durations [24, 22, 22, 22] (total: 90s)
2026-09-23 22:32:48,408 - RLController - INFO -   Example: junction D5 -> durations [13, 13, 51, 13] (total: 90s)
2026-09-23 22:32:48,408 - RLController - INFO -   Example: junction E0 -> durations [24, 22, 22, 22] (total: 90s)
2026-09-23 22:32:48,409 - RLController - INFO -   Example: junction E1 -> durations [24, 22, 22, 22] (total: 90s)
2026-09-23 22:32:48,410 - RLController - INFO -   Stored schedules for 34 junctions, cycle starts at step 0
2026-09-23 22:32:49,238 - RLController - INFO - DIAGNOSTIC Step 90 - Observation stats:
2026-09-23 22:32:49,238 - RLController - INFO -   Hash: -6088708441528260544, Min: 0.000000, Max: 1.000000, Mean: 0.296517, Std: 0.404989
2026-09-23 22:32:49,238 - RLController - INFO -   First 10: [1.  0.  0.  0.  0.  0.5 1.  0.  0.  0. ]
2026-09-23 22:32:49,238 - RLController - INFO -   Last 10: [0.0000000e+00 2.0000000e-01 0.0000000e+00 8.3333336e-02 1.4102565e-01
 5.5531523e-04 1.0512820e-02 8.5593200e-01 0.0000000e+00 3.0000001e-01]
2026-09-23 22:32:49,242 - RLController - INFO - DIAGNOSTIC - Raw model action output:
2026-09-23 22:32:49,242 - RLController - INFO -   Action hash: -5311914108486348608
2026-09-23 22:32:49,242 - RLController - INFO -   First 8 values: [ -5.5939617 -10.        -10.        -10.        -10.        -10.
 -10.        -10.       ]
2026-09-23 22:32:49,242 - RLController - INFO -   Last 8 values: [-10.         -10.         -10.         -10.         -10.
   0.24003439 -10.         -10.        ]
2026-09-23 22:32:49,243 - RLController - INFO -   Action shape: (136,), min: -10.000000, max: 4.304917, mean: -8.862364
2026-09-23 22:32:49,243 - RLController - INFO -   B0 junction (indices 16-19) raw values: [ -8.637809  -8.935031 -10.       -10.      ]
2026-09-23 22:32:49,243 - RLController - INFO - Using CONTINUOUS DURATION-BASED mode
2026-09-23 22:32:49,243 - RLController - INFO -   Example: junction A0 -> durations [51, 13, 13, 13] (total: 90s)
2026-09-23 22:32:49,243 - RLController - INFO -   Example: junction A1 -> durations [24, 22, 22, 22] (total: 90s)
2026-09-23 22:32:49,243 - RLController - INFO -   Example: junction A2 -> durations [12, 12, 54, 12] (total: 90s)
2026-09-23 22:32:49,244 - RLController - INFO -   Example: junction A4 -> durations [60, 10, 10, 10] (total: 90s)
2026-09-23 22:32:49,244 - RLController - INFO -   Example: junction A5 -> durations [24, 22, 22, 22] (total: 90s)
2026-09-23 22:32:49,244 - RLController - INFO -   Example: junction B0 -> durations [24, 22, 22, 22] (total: 90s)
2026-09-23 22:32:49,244 - RLController - INFO -   Example: junction B1 -> durations [24, 22, 22, 22] (total: 90s)
2026-09-23 22:32:49,244 - RLController - INFO -   Example: junction B2 -> durations [24, 22, 22, 22] (total: 90s)
2026-09-23 22:32:49,244 - RLController - INFO -   Example: junction B4 -> durations [24, 22, 22, 22] (total: 90s)
2026-09-23 22:32:49,245 - RLController - INFO -   Example: junction B5 -> durations [60, 10, 10, 10] (total: 90s)
2026-09-23 22:32:49,245 - RLController - INFO -   Example: junction C0 -> durations [22, 22, 24, 22] (total: 90s)
2026-09-23 22:32:49,245 - RLController - INFO -   Example: junction C1 -> durations [24, 22, 22, 22] (total: 90s)
2026-09-23 22:32:49,245 - RLController - INFO -   Example: junction C2 -> durations [57, 13, 10, 10] (total: 90s)
2026-09-23 22:32:49,245 - RLController - INFO -   Example: junction C3 -> durations [60, 10, 10, 10] (total: 90s)
2026-09-23 22:32:49,245 - RLController - INFO -   Example: junction C4 -> durations [57, 11, 11, 11] (total: 90s)
2026-09-23 22:32:49,245 - RLController - INFO -   Example: junction C5 -> durations [57, 11, 11, 11] (total: 90s)
2026-09-23 22:32:49,246 - RLController - INFO -   Example: junction D0 -> durations [24, 22, 22, 22] (total: 90s)
2026-09-23 22:32:49,246 - RLController - INFO -   Example: junction D1 -> durations [21, 21, 27, 21] (total: 90s)
2026-09-23 22:32:49,246 - RLController - INFO -   Example: junction D2 -> durations [45, 15, 15, 15] (total: 90s)
2026-09-23 22:32:49,246 - RLController - INFO -   Example: junction D3 -> durations [24, 22, 22, 22] (total: 90s)
2026-09-23 22:32:49,246 - RLController - INFO -   Example: junction D4 -> durations [24, 22, 22, 22] (total: 90s)
2026-09-23 22:32:49,246 - RLController - INFO -   Example: junction D5 -> durations [13, 13, 51, 13] (total: 90s)
2026-09-23 22:32:49,246 - RLController - INFO -   Example: junction E0 -> durations [24, 22, 22, 22] (total: 90s)
2026-09-23 22:32:49,247 - RLController - INFO -   Example: junction E1 -> durations [24, 22, 22, 22] (total: 90s)
2026-09-23 22:32:49,247 - RLController - INFO -   Stored schedules for 34 junctions, cycle starts at step 90
2026-09-23 22:32:50,149 - RLController - INFO - DIAGNOSTIC Step 180 - Observation stats:
2026-09-23 22:32:50,149 - RLController - INFO -   Hash: -1295308784727833628, Min: 0.000000, Max: 1.000000, Mean: 0.323976, Std: 0.417394
2026-09-23 22:32:50,149 - RLController - INFO -   First 10: [1.  0.  0.  0.  0.  0.5 1.  0.  0.  0. ]
2026-09-23 22:32:50,149 - RLController - INFO -   Last 10: [0.         0.2        0.         0.08333334 0.20726496 0.0009691
 0.01905983 0.78577197 0.         0.3       ]
2026-09-23 22:32:50,167 - RLController - INFO - DIAGNOSTIC - Raw model action output:
2026-09-23 22:32:50,167 - RLController - INFO -   Action hash: 7585865129629480741
2026-09-23 22:32:50,167 - RLController - INFO -   First 8 values: [ -5.7860684 -10.        -10.        -10.        -10.        -10.
 -10.        -10.       ]
2026-09-23 22:32:50,167 - RLController - INFO -   Last 8 values: [-10.        -10.        -10.        -10.        -10.         -0.0279109
 -10.        -10.       ]
2026-09-23 22:32:50,167 - RLController - INFO -   Action shape: (136,), min: -10.000000, max: 4.970972, mean: -9.056903
2026-09-23 22:32:50,168 - RLController - INFO -   B0 junction (indices 16-19) raw values: [ -8.860651  -9.955821 -10.       -10.      ]
2026-09-23 22:32:50,168 - RLController - INFO - Using CONTINUOUS DURATION-BASED mode
2026-09-23 22:32:50,168 - RLController - INFO -   Example: junction A0 -> durations [51, 13, 13, 13] (total: 90s)
2026-09-23 22:32:50,168 - RLController - INFO -   Example: junction A1 -> durations [24, 22, 22, 22] (total: 90s)
2026-09-23 22:32:50,168 - RLController - INFO -   Example: junction A2 -> durations [12, 12, 54, 12] (total: 90s)
2026-09-23 22:32:50,168 - RLController - INFO -   Example: junction A4 -> durations [60, 10, 10, 10] (total: 90s)
2026-09-23 22:32:50,168 - RLController - INFO -   Example: junction A5 -> durations [24, 22, 22, 22] (total: 90s)
2026-09-23 22:32:50,169 - RLController - INFO -   Example: junction B0 -> durations [24, 22, 22, 22] (total: 90s)
2026-09-23 22:32:50,169 - RLController - INFO -   Example: junction B1 -> durations [24, 22, 22, 22] (total: 90s)
2026-09-23 22:32:50,169 - RLController - INFO -   Example: junction B2 -> durations [24, 22, 22, 22] (total: 90s)
2026-09-23 22:32:50,169 - RLController - INFO -   Example: junction B4 -> durations [24, 22, 22, 22] (total: 90s)
2026-09-23 22:32:50,169 - RLController - INFO -   Example: junction B5 -> durations [60, 10, 10, 10] (total: 90s)
2026-09-23 22:32:50,169 - RLController - INFO -   Example: junction C0 -> durations [22, 22, 24, 22] (total: 90s)
2026-09-23 22:32:50,169 - RLController - INFO -   Example: junction C1 -> durations [24, 22, 22, 22] (total: 90s)
2026-09-23 22:32:50,170 - RLController - INFO -   Example: junction C2 -> durations [57, 13, 10, 10] (total: 90s)
2026-09-23 22:32:50,170 - RLController - INFO -   Example: junction C3 -> durations [60, 10, 10, 10] (total: 90s)
2026-09-23 22:32:50,170 - RLController - INFO -   Example: junction C4 -> durations [57, 11, 11, 11] (total: 90s)
2026-09-23 22:32:50,170 - RLController - INFO -   Example: junction C5 -> durations [57, 11, 11, 11] (total: 90s)
2026-09-23 22:32:50,170 - RLController - INFO -   Example: junction D0 -> durations [24, 22, 22, 22] (total: 90s)
2026-09-23 22:32:50,170 - RLController - INFO -   Example: junction D1 -> durations [21, 21, 27, 21] (total: 90s)
2026-09-23 22:32:50,170 - RLController - INFO -   Example: junction D2 -> durations [45, 15, 15, 15] (total: 90s)
2026-09-23 22:32:50,170 - RLController - INFO -   Example: junction D3 -> durations [24, 22, 22, 22] (total: 90s)
2026-09-23 22:32:50,171 - RLController - INFO -   Example: junction D4 -> durations [24, 22, 22, 22] (total: 90s)
2026-09-23 22:32:50,171 - RLController - INFO -   Example: junction D5 -> durations [13, 13, 51, 13] (total: 90s)
2026-09-23 22:32:50,171 - RLController - INFO -   Example: junction E0 -> durations [24, 22, 22, 22] (total: 90s)
2026-09-23 22:32:50,171 - RLController - INFO -   Example: junction E1 -> durations [24, 22, 22, 22] (total: 90s)
2026-09-23 22:32:50,172 - RLController - INFO -   Stored schedules for 34 junctions, cycle starts at step 180
2026-09-23 22:32:51,340 - RLController - INFO - DIAGNOSTIC Step 270 - Observation stats:
2026-09-23 22:32:51,340 - RLController - INFO -   Hash: -869530017958105530, Min: 0.000000, Max: 1.000000, Mean: 0.343343, Std: 0.426233
2026-09-23 22:32:51,341 - RLController - INFO -   First 10: [1.  0.  0.  0.  0.  0.5 1.  0.  0.  0. ]
2026-09-23 22:32:51,341 - RLController - INFO -   Last 10: [0.         0.2        0.         0.08333334 0.2542735  0.00137504
 0.025      0.74444014 0.         0.3       ]
2026-09-23 22:32:51,347 - RLController - INFO - DIAGNOSTIC - Raw model action output:
2026-09-23 22:32:51,347 - RLController - INFO -   Action hash: 7960234127340762510
2026-09-23 22:32:51,347 - RLController - INFO -   First 8 values: [ -6.2557535 -10.        -10.        -10.        -10.        -10.
 -10.        -10.       ]
2026-09-23 22:32:51,347 - RLController - INFO -   Last 8 values: [-10.        -10.        -10.        -10.        -10.          0.6603938
 -10.        -10.       ]
2026-09-23 22:32:51,348 - RLController - INFO -   Action shape: (136,), min: -10.000000, max: 5.548170, mean: -9.151622
2026-09-23 22:32:51,348 - RLController - INFO -   B0 junction (indices 16-19) raw values: [ -9.190256 -10.       -10.       -10.      ]
2026-09-23 22:32:51,348 - RLController - INFO - Using CONTINUOUS DURATION-BASED mode
2026-09-23 22:32:51,348 - RLController - INFO -   Example: junction A0 -> durations [51, 13, 13, 13] (total: 90s)
2026-09-23 22:32:51,348 - RLController - INFO -   Example: junction A1 -> durations [24, 22, 22, 22] (total: 90s)
2026-09-23 22:32:51,349 - RLController - INFO -   Example: junction A2 -> durations [12, 12, 54, 12] (total: 90s)
2026-09-23 22:32:51,349 - RLController - INFO -   Example: junction A4 -> durations [60, 10, 10, 10] (total: 90s)
2026-09-23 22:32:51,349 - RLController - INFO -   Example: junction A5 -> durations [24, 22, 22, 22] (total: 90s)
2026-09-23 22:32:51,349 - RLController - INFO -   Example: junction B0 -> durations [24, 22, 22, 22] (total: 90s)
2026-09-23 22:32:51,349 - RLController - INFO -   Example: junction B1 -> durations [24, 22, 22, 22] (total: 90s)
2026-09-23 22:32:51,349 - RLController - INFO -   Example: junction B2 -> durations [24, 22, 22, 22] (total: 90s)
2026-09-23 22:32:51,350 - RLController - INFO -   Example: junction B4 -> durations [24, 22, 22, 22] (total: 90s)
2026-09-23 22:32:51,350 - RLController - INFO -   Example: junction B5 -> durations [60, 10, 10, 10] (total: 90s)
2026-09-23 22:32:51,350 - RLController - INFO -   Example: junction C0 -> durations [22, 22, 24, 22] (total: 90s)
2026-09-23 22:32:51,350 - RLController - INFO -   Example: junction C1 -> durations [24, 22, 22, 22] (total: 90s)
2026-09-23 22:32:51,350 - RLController - INFO -   Example: junction C2 -> durations [57, 13, 10, 10] (total: 90s)
2026-09-23 22:32:51,350 - RLController - INFO -   Example: junction C3 -> durations [60, 10, 10, 10] (total: 90s)
2026-09-23 22:32:51,350 - RLController - INFO -   Example: junction C4 -> durations [57, 11, 11, 11] (total: 90s)
2026-09-23 22:32:51,351 - RLController - INFO -   Example: junction C5 -> durations [57, 11, 11, 11] (total: 90s)
2026-09-23 22:32:51,351 - RLController - INFO -   Example: junction D0 -> durations [24, 22, 22, 22] (total: 90s)
2026-09-23 22:32:51,351 - RLController - INFO -   Example: junction D1 -> durations [21, 21, 27, 21] (total: 90s)
2026-09-23 22:32:51,351 - RLController - INFO -   Example: junction D2 -> durations [45, 15, 15, 15] (total: 90s)
2026-09-23 22:32:51,351 - RLController - INFO -   Example: junction D3 -> durations [24, 22, 22, 22] (total: 90s)
2026-09-23 22:32:51,351 - RLController - INFO -   Example: junction D4 -> durations [24, 22, 22, 22] (total: 90s)
2026-09-23 22:32:51,352 - RLController - INFO -   Example: junction D5 -> durations [13, 13, 51, 13] (total: 90s)
2026-09-23 22:32:51,352 - RLController - INFO -   Example: junction E0 -> durations [24, 22, 22, 22] (total: 90s)
2026-09-23 22:32:51,352 - RLController - INFO -   Example: junction E1 -> durations [24, 22, 22, 22] (total: 90s)
2026-09-23 22:32:51,353 - RLController - INFO -   Stored schedules for 34 junctions, cycle starts at step 270
2026-09-23 22:32:52,692 - RLController - INFO - DIAGNOSTIC Step 360 - Observation stats:
2026-09-23 22:32:52,692 - RLController - INFO -   Hash: -1774681811558367468, Min: 0.000000, Max: 1.000000, Mean: 0.354329, Std: 0.432284
2026-09-23 22:32:52,693 - RLController - INFO -   First 10: [1.  0.  0.  0.  0.  0.5 1.  0.  0.  0. ]
2026-09-23 22:32:52,693 - RLController - INFO -   Last 10: [0.         0.2        0.         0.08333334 0.2863248  0.00141897
 0.02940171 0.7147324  0.         0.3       ]
2026-09-23 22:32:52,697 - RLController - INFO - DIAGNOSTIC - Raw model action output:
2026-09-23 22:32:52,698 - RLController - INFO -   Action hash: 8148140211172548595
2026-09-23 22:32:52,698 - RLController - INFO -   First 8 values: [ -6.675672 -10.       -10.       -10.       -10.       -10.
 -10.       -10.      ]
2026-09-23 22:32:52,698 - RLController - INFO -   Last 8 values: [-10.       -10.       -10.       -10.       -10.         1.204344
 -10.       -10.      ]
2026-09-23 22:32:52,698 - RLController - INFO -   Action shape: (136,), min: -10.000000, max: 5.645427, mean: -9.201931
2026-09-23 22:32:52,699 - RLController - INFO -   B0 junction (indices 16-19) raw values: [ -9.366286 -10.       -10.       -10.      ]
2026-09-23 22:32:52,699 - RLController - INFO - Using CONTINUOUS DURATION-BASED mode
2026-09-23 22:32:52,699 - RLController - INFO -   Example: junction A0 -> durations [51, 13, 13, 13] (total: 90s)
2026-09-23 22:32:52,699 - RLController - INFO -   Example: junction A1 -> durations [24, 22, 22, 22] (total: 90s)
2026-09-23 22:32:52,700 - RLController - INFO -   Example: junction A2 -> durations [12, 12, 54, 12] (total: 90s)
2026-09-23 22:32:52,700 - RLController - INFO -   Example: junction A4 -> durations [60, 10, 10, 10] (total: 90s)
2026-09-23 22:32:52,700 - RLController - INFO -   Example: junction A5 -> durations [24, 22, 22, 22] (total: 90s)
2026-09-23 22:32:52,700 - RLController - INFO -   Example: junction B0 -> durations [24, 22, 22, 22] (total: 90s)
2026-09-23 22:32:52,701 - RLController - INFO -   Example: junction B1 -> durations [24, 22, 22, 22] (total: 90s)
2026-09-23 22:32:52,701 - RLController - INFO -   Example: junction B2 -> durations [24, 22, 22, 22] (total: 90s)
2026-09-23 22:32:52,701 - RLController - INFO -   Example: junction B4 -> durations [24, 22, 22, 22] (total: 90s)
2026-09-23 22:32:52,701 - RLController - INFO -   Example: junction B5 -> durations [60, 10, 10, 10] (total: 90s)
2026-09-23 22:32:52,701 - RLController - INFO -   Example: junction C0 -> durations [22, 22, 24, 22] (total: 90s)
2026-09-23 22:32:52,701 - RLController - INFO -   Example: junction C1 -> durations [24, 22, 22, 22] (total: 90s)
2026-09-23 22:32:52,701 - RLController - INFO -   Example: junction C2 -> durations [57, 13, 10, 10] (total: 90s)
2026-09-23 22:32:52,702 - RLController - INFO -   Example: junction C3 -> durations [60, 10, 10, 10] (total: 90s)
2026-09-23 22:32:52,702 - RLController - INFO -   Example: junction C4 -> durations [57, 11, 11, 11] (total: 90s)
2026-09-23 22:32:52,702 - RLController - INFO -   Example: junction C5 -> durations [57, 11, 11, 11] (total: 90s)
2026-09-23 22:32:52,702 - RLController - INFO -   Example: junction D0 -> durations [24, 22, 22, 22] (total: 90s)
2026-09-23 22:32:52,702 - RLController - INFO -   Example: junction D1 -> durations [21, 21, 27, 21] (total: 90s)
2026-09-23 22:32:52,702 - RLController - INFO -   Example: junction D2 -> durations [45, 15, 15, 15] (total: 90s)
2026-09-23 22:32:52,703 - RLController - INFO -   Example: junction D3 -> durations [24, 22, 22, 22] (total: 90s)
2026-09-23 22:32:52,703 - RLController - INFO -   Example: junction D4 -> durations [24, 22, 22, 22] (total: 90s)
2026-09-23 22:32:52,703 - RLController - INFO -   Example: junction D5 -> durations [13, 13, 51, 13] (total: 90s)
2026-09-23 22:32:52,703 - RLController - INFO -   Example: junction E0 -> durations [24, 22, 22, 22] (total: 90s)
2026-09-23 22:32:52,703 - RLController - INFO -   Example: junction E1 -> durations [24, 22, 22, 22] (total: 90s)
2026-09-23 22:32:52,704 - RLController - INFO -   Stored schedules for 34 junctions, cycle starts at step 360
2026-09-23 22:32:54,534 - RLController - INFO - DIAGNOSTIC Step 450 - Observation stats:
2026-09-23 22:32:54,535 - RLController - INFO -   Hash: 4124702108225968008, Min: 0.000000, Max: 1.000000, Mean: 0.365396, Std: 0.435937
2026-09-23 22:32:54,535 - RLController - INFO -   First 10: [1.  0.  0.  0.  0.  0.5 1.  0.  0.  0. ]
2026-09-23 22:32:54,535 - RLController - INFO -   Last 10: [0.         0.2        0.         0.08333334 0.30555555 0.00151445
 0.03196581 0.6963926  0.         0.3       ]
2026-09-23 22:32:54,540 - RLController - INFO - DIAGNOSTIC - Raw model action output:
2026-09-23 22:32:54,540 - RLController - INFO -   Action hash: 65180300915075535
2026-09-23 22:32:54,540 - RLController - INFO -   First 8 values: [ -6.96798 -10.      -10.      -10.      -10.      -10.      -10.
 -10.     ]
2026-09-23 22:32:54,541 - RLController - INFO -   Last 8 values: [-10.         -10.         -10.         -10.         -10.
   0.72768694 -10.         -10.        ]
2026-09-23 22:32:54,541 - RLController - INFO -   Action shape: (136,), min: -10.000000, max: 5.349117, mean: -9.221398
2026-09-23 22:32:54,541 - RLController - INFO -   B0 junction (indices 16-19) raw values: [ -9.636798 -10.       -10.       -10.      ]
2026-09-23 22:32:54,542 - RLController - INFO - Using CONTINUOUS DURATION-BASED mode
2026-09-23 22:32:54,542 - RLController - INFO -   Example: junction A0 -> durations [51, 13, 13, 13] (total: 90s)
2026-09-23 22:32:54,542 - RLController - INFO -   Example: junction A1 -> durations [24, 22, 22, 22] (total: 90s)
2026-09-23 22:32:54,542 - RLController - INFO -   Example: junction A2 -> durations [12, 12, 54, 12] (total: 90s)
2026-09-23 22:32:54,542 - RLController - INFO -   Example: junction A4 -> durations [60, 10, 10, 10] (total: 90s)
2026-09-23 22:32:54,543 - RLController - INFO -   Example: junction A5 -> durations [24, 22, 22, 22] (total: 90s)
2026-09-23 22:32:54,543 - RLController - INFO -   Example: junction B0 -> durations [24, 22, 22, 22] (total: 90s)
2026-09-23 22:32:54,543 - RLController - INFO -   Example: junction B1 -> durations [24, 22, 22, 22] (total: 90s)
2026-09-23 22:32:54,543 - RLController - INFO -   Example: junction B2 -> durations [24, 22, 22, 22] (total: 90s)
2026-09-23 22:32:54,543 - RLController - INFO -   Example: junction B4 -> durations [24, 22, 22, 22] (total: 90s)
2026-09-23 22:32:54,543 - RLController - INFO -   Example: junction B5 -> durations [60, 10, 10, 10] (total: 90s)
2026-09-23 22:32:54,544 - RLController - INFO -   Example: junction C0 -> durations [22, 22, 24, 22] (total: 90s)
2026-09-23 22:32:54,545 - RLController - INFO -   Example: junction C1 -> durations [24, 22, 22, 22] (total: 90s)
2026-09-23 22:32:54,545 - RLController - INFO -   Example: junction C2 -> durations [57, 13, 10, 10] (total: 90s)
2026-09-23 22:32:54,545 - RLController - INFO -   Example: junction C3 -> durations [60, 10, 10, 10] (total: 90s)
2026-09-23 22:32:54,545 - RLController - INFO -   Example: junction C4 -> durations [57, 11, 11, 11] (total: 90s)
2026-09-23 22:32:54,545 - RLController - INFO -   Example: junction C5 -> durations [57, 11, 11, 11] (total: 90s)
2026-09-23 22:32:54,545 - RLController - INFO -   Example: junction D0 -> durations [24, 22, 22, 22] (total: 90s)
2026-09-23 22:32:54,546 - RLController - INFO -   Example: junction D1 -> durations [21, 21, 27, 21] (total: 90s)
2026-09-23 22:32:54,546 - RLController - INFO -   Example: junction D2 -> durations [45, 15, 15, 15] (total: 90s)
2026-09-23 22:32:54,546 - RLController - INFO -   Example: junction D3 -> durations [24, 22, 22, 22] (total: 90s)
2026-09-23 22:32:54,546 - RLController - INFO -   Example: junction D4 -> durations [24, 22, 22, 22] (total: 90s)
2026-09-23 22:32:54,546 - RLController - INFO -   Example: junction D5 -> durations [13, 13, 51, 13] (total: 90s)
2026-09-23 22:32:54,546 - RLController - INFO -   Example: junction E0 -> durations [24, 22, 22, 22] (total: 90s)
2026-09-23 22:32:54,547 - RLController - INFO -   Example: junction E1 -> durations [24, 22, 22, 22] (total: 90s)
2026-09-23 22:32:54,548 - RLController - INFO -   Stored schedules for 34 junctions, cycle starts at step 450
2026-09-23 22:32:56,385 - RLController - INFO - DIAGNOSTIC Step 540 - Observation stats:
2026-09-23 22:32:56,385 - RLController - INFO -   Hash: -1752955341413565212, Min: 0.000000, Max: 1.000000, Mean: 0.375429, Std: 0.437790
2026-09-23 22:32:56,385 - RLController - INFO -   First 10: [1.  0.  0.  0.  0.  0.5 1.  0.  0.  0. ]
2026-09-23 22:32:56,385 - RLController - INFO -   Last 10: [0.         0.2        0.         0.08333334 0.33974358 0.0019225
 0.03508547 0.66711456 0.         0.3       ]
2026-09-23 22:32:56,390 - RLController - INFO - DIAGNOSTIC - Raw model action output:
2026-09-23 22:32:56,390 - RLController - INFO -   Action hash: 3212161547040013329
2026-09-23 22:32:56,390 - RLController - INFO -   First 8 values: [ -7.165879 -10.       -10.       -10.       -10.       -10.
 -10.       -10.      ]
2026-09-23 22:32:56,391 - RLController - INFO -   Last 8 values: [-10.        -10.        -10.        -10.        -10.          0.7873543
 -10.        -10.       ]
2026-09-23 22:32:56,391 - RLController - INFO -   Action shape: (136,), min: -10.000000, max: 5.758423, mean: -9.212521
2026-09-23 22:32:56,391 - RLController - INFO -   B0 junction (indices 16-19) raw values: [ -9.782441 -10.       -10.       -10.      ]
2026-09-23 22:32:56,391 - RLController - INFO - Using CONTINUOUS DURATION-BASED mode
2026-09-23 22:32:56,391 - RLController - INFO -   Example: junction A0 -> durations [51, 13, 13, 13] (total: 90s)
2026-09-23 22:32:56,391 - RLController - INFO -   Example: junction A1 -> durations [24, 22, 22, 22] (total: 90s)
2026-09-23 22:32:56,391 - RLController - INFO -   Example: junction A2 -> durations [12, 12, 54, 12] (total: 90s)
2026-09-23 22:32:56,392 - RLController - INFO -   Example: junction A4 -> durations [60, 10, 10, 10] (total: 90s)
2026-09-23 22:32:56,392 - RLController - INFO -   Example: junction A5 -> durations [24, 22, 22, 22] (total: 90s)
2026-09-23 22:32:56,392 - RLController - INFO -   Example: junction B0 -> durations [24, 22, 22, 22] (total: 90s)
2026-09-23 22:32:56,392 - RLController - INFO -   Example: junction B1 -> durations [24, 22, 22, 22] (total: 90s)
2026-09-23 22:32:56,392 - RLController - INFO -   Example: junction B2 -> durations [24, 22, 22, 22] (total: 90s)
2026-09-23 22:32:56,392 - RLController - INFO -   Example: junction B4 -> durations [24, 22, 22, 22] (total: 90s)
2026-09-23 22:32:56,392 - RLController - INFO -   Example: junction B5 -> durations [60, 10, 10, 10] (total: 90s)
2026-09-23 22:32:56,392 - RLController - INFO -   Example: junction C0 -> durations [22, 22, 24, 22] (total: 90s)
2026-09-23 22:32:56,393 - RLController - INFO -   Example: junction C1 -> durations [24, 22, 22, 22] (total: 90s)
2026-09-23 22:32:56,393 - RLController - INFO -   Example: junction C2 -> durations [57, 13, 10, 10] (total: 90s)
2026-09-23 22:32:56,393 - RLController - INFO -   Example: junction C3 -> durations [60, 10, 10, 10] (total: 90s)
2026-09-23 22:32:56,393 - RLController - INFO -   Example: junction C4 -> durations [57, 11, 11, 11] (total: 90s)
2026-09-23 22:32:56,393 - RLController - INFO -   Example: junction C5 -> durations [57, 11, 11, 11] (total: 90s)
2026-09-23 22:32:56,393 - RLController - INFO -   Example: junction D0 -> durations [24, 22, 22, 22] (total: 90s)
2026-09-23 22:32:56,393 - RLController - INFO -   Example: junction D1 -> durations [21, 21, 27, 21] (total: 90s)
2026-09-23 22:32:56,393 - RLController - INFO -   Example: junction D2 -> durations [45, 15, 15, 15] (total: 90s)
2026-09-23 22:32:56,394 - RLController - INFO -   Example: junction D3 -> durations [24, 22, 22, 22] (total: 90s)
2026-09-23 22:32:56,394 - RLController - INFO -   Example: junction D4 -> durations [24, 22, 22, 22] (total: 90s)
2026-09-23 22:32:56,394 - RLController - INFO -   Example: junction D5 -> durations [13, 13, 51, 13] (total: 90s)
2026-09-23 22:32:56,394 - RLController - INFO -   Example: junction E0 -> durations [24, 22, 22, 22] (total: 90s)
2026-09-23 22:32:56,394 - RLController - INFO -   Example: junction E1 -> durations [24, 22, 22, 22] (total: 90s)
2026-09-23 22:32:56,395 - RLController - INFO -   Stored schedules for 34 junctions, cycle starts at step 540
2026-09-23 22:32:58,278 - RLController - INFO - DIAGNOSTIC Step 630 - Observation stats:
2026-09-23 22:32:58,278 - RLController - INFO -   Hash: -5178077408699703150, Min: 0.000000, Max: 1.000000, Mean: 0.374450, Std: 0.439062
2026-09-23 22:32:58,278 - RLController - INFO -   First 10: [1.  0.  0.  0.  0.  0.5 1.  0.  0.  0. ]
2026-09-23 22:32:58,278 - RLController - INFO -   Last 10: [0.         0.2        0.         0.08333334 0.32478634 0.00184444
 0.03764957 0.6788033  0.         0.3       ]
2026-09-23 22:32:58,282 - RLController - INFO - DIAGNOSTIC - Raw model action output:
2026-09-23 22:32:58,282 - RLController - INFO -   Action hash: -2842810387386915624
2026-09-23 22:32:58,282 - RLController - INFO -   First 8 values: [ -7.1933627 -10.        -10.        -10.        -10.        -10.
 -10.        -10.       ]
2026-09-23 22:32:58,282 - RLController - INFO -   Last 8 values: [-10.         -10.         -10.         -10.         -10.
   0.14914732 -10.         -10.        ]
2026-09-23 22:32:58,282 - RLController - INFO -   Action shape: (136,), min: -10.000000, max: 5.182545, mean: -9.242588
2026-09-23 22:32:58,283 - RLController - INFO -   B0 junction (indices 16-19) raw values: [ -9.70738 -10.      -10.      -10.     ]
2026-09-23 22:32:58,283 - RLController - INFO - Using CONTINUOUS DURATION-BASED mode
2026-09-23 22:32:58,283 - RLController - INFO -   Example: junction A0 -> durations [51, 13, 13, 13] (total: 90s)
2026-09-23 22:32:58,283 - RLController - INFO -   Example: junction A1 -> durations [24, 22, 22, 22] (total: 90s)
2026-09-23 22:32:58,283 - RLController - INFO -   Example: junction A2 -> durations [12, 12, 54, 12] (total: 90s)
2026-09-23 22:32:58,283 - RLController - INFO -   Example: junction A4 -> durations [60, 10, 10, 10] (total: 90s)
2026-09-23 22:32:58,283 - RLController - INFO -   Example: junction A5 -> durations [24, 22, 22, 22] (total: 90s)
2026-09-23 22:32:58,284 - RLController - INFO -   Example: junction B0 -> durations [24, 22, 22, 22] (total: 90s)
2026-09-23 22:32:58,284 - RLController - INFO -   Example: junction B1 -> durations [24, 22, 22, 22] (total: 90s)
2026-09-23 22:32:58,284 - RLController - INFO -   Example: junction B2 -> durations [24, 22, 22, 22] (total: 90s)
2026-09-23 22:32:58,284 - RLController - INFO -   Example: junction B4 -> durations [24, 22, 22, 22] (total: 90s)
2026-09-23 22:32:58,285 - RLController - INFO -   Example: junction B5 -> durations [60, 10, 10, 10] (total: 90s)
2026-09-23 22:32:58,285 - RLController - INFO -   Example: junction C0 -> durations [22, 22, 24, 22] (total: 90s)
2026-09-23 22:32:58,285 - RLController - INFO -   Example: junction C1 -> durations [24, 22, 22, 22] (total: 90s)
2026-09-23 22:32:58,285 - RLController - INFO -   Example: junction C2 -> durations [57, 13, 10, 10] (total: 90s)
2026-09-23 22:32:58,285 - RLController - INFO -   Example: junction C3 -> durations [60, 10, 10, 10] (total: 90s)
2026-09-23 22:32:58,285 - RLController - INFO -   Example: junction C4 -> durations [57, 11, 11, 11] (total: 90s)
2026-09-23 22:32:58,285 - RLController - INFO -   Example: junction C5 -> durations [57, 11, 11, 11] (total: 90s)
2026-09-23 22:32:58,285 - RLController - INFO -   Example: junction D0 -> durations [24, 22, 22, 22] (total: 90s)
2026-09-23 22:32:58,286 - RLController - INFO -   Example: junction D1 -> durations [21, 21, 27, 21] (total: 90s)
2026-09-23 22:32:58,286 - RLController - INFO -   Example: junction D2 -> durations [45, 15, 15, 15] (total: 90s)
2026-09-23 22:32:58,286 - RLController - INFO -   Example: junction D3 -> durations [24, 22, 22, 22] (total: 90s)
2026-09-23 22:32:58,286 - RLController - INFO -   Example: junction D4 -> durations [24, 22, 22, 22] (total: 90s)
2026-09-23 22:32:58,286 - RLController - INFO -   Example: junction D5 -> durations [13, 13, 51, 13] (total: 90s)
2026-09-23 22:32:58,286 - RLController - INFO -   Example: junction E0 -> durations [24, 22, 22, 22] (total: 90s)
2026-09-23 22:32:58,286 - RLController - INFO -   Example: junction E1 -> durations [24, 22, 22, 22] (total: 90s)
2026-09-23 22:32:58,287 - RLController - INFO -   Stored schedules for 34 junctions, cycle starts at step 630
2026-09-23 22:32:59,995 - RLController - INFO - DIAGNOSTIC Step 720 - Observation stats:
2026-09-23 22:32:59,996 - RLController - INFO -   Hash: 5664240906565374155, Min: 0.000000, Max: 1.000515, Mean: 0.369148, Std: 0.436891
2026-09-23 22:32:59,996 - RLController - INFO -   First 10: [1.  0.  0.  0.  0.  0.5 1.  0.  0.  0. ]
2026-09-23 22:32:59,996 - RLController - INFO -   Last 10: [0.         0.2        0.         0.08333334 0.32692307 0.00223411
 0.03863248 0.6842961  0.         0.3       ]
2026-09-23 22:33:00,001 - RLController - INFO - DIAGNOSTIC - Raw model action output:
2026-09-23 22:33:00,001 - RLController - INFO -   Action hash: 6629578974416487781
2026-09-23 22:33:00,001 - RLController - INFO -   First 8 values: [ -6.697597 -10.       -10.       -10.       -10.       -10.
 -10.       -10.      ]
2026-09-23 22:33:00,001 - RLController - INFO -   Last 8 values: [-10.         -10.         -10.         -10.         -10.
   0.44112423 -10.         -10.        ]
2026-09-23 22:33:00,002 - RLController - INFO -   Action shape: (136,), min: -10.000000, max: 5.535729, mean: -9.195266
2026-09-23 22:33:00,002 - RLController - INFO -   B0 junction (indices 16-19) raw values: [ -9.618516 -10.       -10.       -10.      ]
2026-09-23 22:33:00,002 - RLController - INFO - Using CONTINUOUS DURATION-BASED mode
2026-09-23 22:33:00,002 - RLController - INFO -   Example: junction A0 -> durations [51, 13, 13, 13] (total: 90s)
2026-09-23 22:33:00,002 - RLController - INFO -   Example: junction A1 -> durations [24, 22, 22, 22] (total: 90s)
2026-09-23 22:33:00,002 - RLController - INFO -   Example: junction A2 -> durations [12, 12, 54, 12] (total: 90s)
2026-09-23 22:33:00,003 - RLController - INFO -   Example: junction A4 -> durations [60, 10, 10, 10] (total: 90s)
2026-09-23 22:33:00,003 - RLController - INFO -   Example: junction A5 -> durations [24, 22, 22, 22] (total: 90s)
2026-09-23 22:33:00,003 - RLController - INFO -   Example: junction B0 -> durations [24, 22, 22, 22] (total: 90s)
2026-09-23 22:33:00,003 - RLController - INFO -   Example: junction B1 -> durations [24, 22, 22, 22] (total: 90s)
2026-09-23 22:33:00,003 - RLController - INFO -   Example: junction B2 -> durations [24, 22, 22, 22] (total: 90s)
2026-09-23 22:33:00,003 - RLController - INFO -   Example: junction B4 -> durations [24, 22, 22, 22] (total: 90s)
2026-09-23 22:33:00,003 - RLController - INFO -   Example: junction B5 -> durations [60, 10, 10, 10] (total: 90s)
2026-09-23 22:33:00,003 - RLController - INFO -   Example: junction C0 -> durations [22, 22, 24, 22] (total: 90s)
2026-09-23 22:33:00,004 - RLController - INFO -   Example: junction C1 -> durations [24, 22, 22, 22] (total: 90s)
2026-09-23 22:33:00,004 - RLController - INFO -   Example: junction C2 -> durations [57, 13, 10, 10] (total: 90s)
2026-09-23 22:33:00,004 - RLController - INFO -   Example: junction C3 -> durations [60, 10, 10, 10] (total: 90s)
2026-09-23 22:33:00,004 - RLController - INFO -   Example: junction C4 -> durations [57, 11, 11, 11] (total: 90s)
2026-09-23 22:33:00,004 - RLController - INFO -   Example: junction C5 -> durations [57, 11, 11, 11] (total: 90s)
2026-09-23 22:33:00,004 - RLController - INFO -   Example: junction D0 -> durations [24, 22, 22, 22] (total: 90s)
2026-09-23 22:33:00,004 - RLController - INFO -   Example: junction D1 -> durations [21, 21, 27, 21] (total: 90s)
2026-09-23 22:33:00,004 - RLController - INFO -   Example: junction D2 -> durations [45, 15, 15, 15] (total: 90s)
2026-09-23 22:33:00,005 - RLController - INFO -   Example: junction D3 -> durations [24, 22, 22, 22] (total: 90s)
2026-09-23 22:33:00,005 - RLController - INFO -   Example: junction D4 -> durations [24, 22, 22, 22] (total: 90s)
2026-09-23 22:33:00,005 - RLController - INFO -   Example: junction D5 -> durations [13, 13, 51, 13] (total: 90s)
2026-09-23 22:33:00,005 - RLController - INFO -   Example: junction E0 -> durations [24, 22, 22, 22] (total: 90s)
2026-09-23 22:33:00,005 - RLController - INFO -   Example: junction E1 -> durations [24, 22, 22, 22] (total: 90s)
2026-09-23 22:33:00,006 - RLController - INFO -   Stored schedules for 34 junctions, cycle starts at step 720
2026-09-23 22:33:01,968 - RLController - INFO - DIAGNOSTIC Step 810 - Observation stats:
2026-09-23 22:33:01,970 - RLController - INFO -   Hash: 1202537415729142689, Min: 0.000000, Max: 1.000000, Mean: 0.373290, Std: 0.438183
2026-09-23 22:33:01,971 - RLController - INFO -   First 10: [1.  0.  0.  0.  0.  0.5 1.  0.  0.  0. ]
2026-09-23 22:33:01,971 - RLController - INFO -   Last 10: [0.         0.2        0.         0.08333334 0.33760685 0.00224099
 0.04038462 0.6731699  0.         0.3       ]
2026-09-23 22:33:01,977 - RLController - INFO - DIAGNOSTIC - Raw model action output:
2026-09-23 22:33:01,977 - RLController - INFO -   Action hash: 7776510022265302567
2026-09-23 22:33:01,977 - RLController - INFO -   First 8 values: [ -6.641121 -10.       -10.       -10.       -10.       -10.
 -10.       -10.      ]
2026-09-23 22:33:01,977 - RLController - INFO -   Last 8 values: [-10.         -10.         -10.         -10.         -10.
   0.02168064 -10.         -10.        ]
2026-09-23 22:33:01,978 - RLController - INFO -   Action shape: (136,), min: -10.000000, max: 6.075865, mean: -9.188512
2026-09-23 22:33:01,978 - RLController - INFO -   B0 junction (indices 16-19) raw values: [ -9.486817 -10.       -10.       -10.      ]
2026-09-23 22:33:01,978 - RLController - INFO - Using CONTINUOUS DURATION-BASED mode
2026-09-23 22:33:01,978 - RLController - INFO -   Example: junction A0 -> durations [51, 13, 13, 13] (total: 90s)
2026-09-23 22:33:01,978 - RLController - INFO -   Example: junction A1 -> durations [24, 22, 22, 22] (total: 90s)
2026-09-23 22:33:01,978 - RLController - INFO -   Example: junction A2 -> durations [12, 12, 54, 12] (total: 90s)
2026-09-23 22:33:01,979 - RLController - INFO -   Example: junction A4 -> durations [60, 10, 10, 10] (total: 90s)
2026-09-23 22:33:01,979 - RLController - INFO -   Example: junction A5 -> durations [24, 22, 22, 22] (total: 90s)
2026-09-23 22:33:01,979 - RLController - INFO -   Example: junction B0 -> durations [24, 22, 22, 22] (total: 90s)
2026-09-23 22:33:01,979 - RLController - INFO -   Example: junction B1 -> durations [24, 22, 22, 22] (total: 90s)
2026-09-23 22:33:01,979 - RLController - INFO -   Example: junction B2 -> durations [24, 22, 22, 22] (total: 90s)
2026-09-23 22:33:01,979 - RLController - INFO -   Example: junction B4 -> durations [24, 22, 22, 22] (total: 90s)
2026-09-23 22:33:01,979 - RLController - INFO -   Example: junction B5 -> durations [60, 10, 10, 10] (total: 90s)
2026-09-23 22:33:01,980 - RLController - INFO -   Example: junction C0 -> durations [22, 22, 24, 22] (total: 90s)
2026-09-23 22:33:01,980 - RLController - INFO -   Example: junction C1 -> durations [24, 22, 22, 22] (total: 90s)
2026-09-23 22:33:01,980 - RLController - INFO -   Example: junction C2 -> durations [57, 13, 10, 10] (total: 90s)
2026-09-23 22:33:01,980 - RLController - INFO -   Example: junction C3 -> durations [60, 10, 10, 10] (total: 90s)
2026-09-23 22:33:01,980 - RLController - INFO -   Example: junction C4 -> durations [57, 11, 11, 11] (total: 90s)
2026-09-23 22:33:01,980 - RLController - INFO -   Example: junction C5 -> durations [57, 11, 11, 11] (total: 90s)
2026-09-23 22:33:01,980 - RLController - INFO -   Example: junction D0 -> durations [24, 22, 22, 22] (total: 90s)
2026-09-23 22:33:01,981 - RLController - INFO -   Example: junction D1 -> durations [21, 21, 27, 21] (total: 90s)
2026-09-23 22:33:01,981 - RLController - INFO -   Example: junction D2 -> durations [45, 15, 15, 15] (total: 90s)
2026-09-23 22:33:01,981 - RLController - INFO -   Example: junction D3 -> durations [24, 22, 22, 22] (total: 90s)
2026-09-23 22:33:01,981 - RLController - INFO -   Example: junction D4 -> durations [24, 22, 22, 22] (total: 90s)
2026-09-23 22:33:01,981 - RLController - INFO -   Example: junction D5 -> durations [13, 13, 51, 13] (total: 90s)
2026-09-23 22:33:01,981 - RLController - INFO -   Example: junction E0 -> durations [24, 22, 22, 22] (total: 90s)
2026-09-23 22:33:01,981 - RLController - INFO -   Example: junction E1 -> durations [24, 22, 22, 22] (total: 90s)
2026-09-23 22:33:01,982 - RLController - INFO -   Stored schedules for 34 junctions, cycle starts at step 810
2026-09-23 22:33:04,122 - RLController - INFO - DIAGNOSTIC Step 900 - Observation stats:
2026-09-23 22:33:04,122 - RLController - INFO -   Hash: 2761596025225154441, Min: 0.000000, Max: 1.000000, Mean: 0.377435, Std: 0.441347
2026-09-23 22:33:04,122 - RLController - INFO -   First 10: [1.  0.  0.  0.  0.  0.5 1.  0.  0.  0. ]
2026-09-23 22:33:04,123 - RLController - INFO -   Last 10: [0.         0.2        0.         0.08333334 0.3482906  0.00211706
 0.04200855 0.6592915  0.         0.3       ]
2026-09-23 22:33:04,127 - RLController - INFO - DIAGNOSTIC - Raw model action output:
2026-09-23 22:33:04,127 - RLController - INFO -   Action hash: -4278389392827539715
2026-09-23 22:33:04,127 - RLController - INFO -   First 8 values: [ -6.8049045 -10.        -10.        -10.        -10.        -10.
 -10.        -10.       ]
2026-09-23 22:33:04,127 - RLController - INFO -   Last 8 values: [-10.        -10.        -10.        -10.        -10.         -0.5748059
 -10.        -10.       ]
2026-09-23 22:33:04,128 - RLController - INFO -   Action shape: (136,), min: -10.000000, max: 5.275552, mean: -9.212693
2026-09-23 22:33:04,128 - RLController - INFO -   B0 junction (indices 16-19) raw values: [ -9.678493 -10.       -10.       -10.      ]
2026-09-23 22:33:04,128 - RLController - INFO - Using CONTINUOUS DURATION-BASED mode
2026-09-23 22:33:04,128 - RLController - INFO -   Example: junction A0 -> durations [51, 13, 13, 13] (total: 90s)
2026-09-23 22:33:04,128 - RLController - INFO -   Example: junction A1 -> durations [24, 22, 22, 22] (total: 90s)
2026-09-23 22:33:04,129 - RLController - INFO -   Example: junction A2 -> durations [12, 12, 54, 12] (total: 90s)
2026-09-23 22:33:04,129 - RLController - INFO -   Example: junction A4 -> durations [60, 10, 10, 10] (total: 90s)
2026-09-23 22:33:04,129 - RLController - INFO -   Example: junction A5 -> durations [24, 22, 22, 22] (total: 90s)
2026-09-23 22:33:04,129 - RLController - INFO -   Example: junction B0 -> durations [24, 22, 22, 22] (total: 90s)
2026-09-23 22:33:04,129 - RLController - INFO -   Example: junction B1 -> durations [24, 22, 22, 22] (total: 90s)
2026-09-23 22:33:04,129 - RLController - INFO -   Example: junction B2 -> durations [24, 22, 22, 22] (total: 90s)
2026-09-23 22:33:04,129 - RLController - INFO -   Example: junction B4 -> durations [24, 22, 22, 22] (total: 90s)
2026-09-23 22:33:04,130 - RLController - INFO -   Example: junction B5 -> durations [60, 10, 10, 10] (total: 90s)
2026-09-23 22:33:04,130 - RLController - INFO -   Example: junction C0 -> durations [22, 22, 24, 22] (total: 90s)
2026-09-23 22:33:04,130 - RLController - INFO -   Example: junction C1 -> durations [24, 22, 22, 22] (total: 90s)
2026-09-23 22:33:04,130 - RLController - INFO -   Example: junction C2 -> durations [57, 13, 10, 10] (total: 90s)
2026-09-23 22:33:04,130 - RLController - INFO -   Example: junction C3 -> durations [60, 10, 10, 10] (total: 90s)
2026-09-23 22:33:04,130 - RLController - INFO -   Example: junction C4 -> durations [57, 11, 11, 11] (total: 90s)
2026-09-23 22:33:04,130 - RLController - INFO -   Example: junction C5 -> durations [57, 11, 11, 11] (total: 90s)
2026-09-23 22:33:04,131 - RLController - INFO -   Example: junction D0 -> durations [24, 22, 22, 22] (total: 90s)
2026-09-23 22:33:04,131 - RLController - INFO -   Example: junction D1 -> durations [21, 21, 27, 21] (total: 90s)
2026-09-23 22:33:04,131 - RLController - INFO -   Example: junction D2 -> durations [45, 15, 15, 15] (total: 90s)
2026-09-23 22:33:04,131 - RLController - INFO -   Example: junction D3 -> durations [24, 22, 22, 22] (total: 90s)
2026-09-23 22:33:04,131 - RLController - INFO -   Example: junction D4 -> durations [24, 22, 22, 22] (total: 90s)
2026-09-23 22:33:04,131 - RLController - INFO -   Example: junction D5 -> durations [13, 13, 51, 13] (total: 90s)
2026-09-23 22:33:04,131 - RLController - INFO -   Example: junction E0 -> durations [24, 22, 22, 22] (total: 90s)
2026-09-23 22:33:04,132 - RLController - INFO -   Example: junction E1 -> durations [24, 22, 22, 22] (total: 90s)
2026-09-23 22:33:04,132 - RLController - INFO -   Stored schedules for 34 junctions, cycle starts at step 900
2026-09-23 22:33:06,194 - RLController - INFO - DIAGNOSTIC Step 990 - Observation stats:
2026-09-23 22:33:06,194 - RLController - INFO -   Hash: 2054049058170126045, Min: 0.000000, Max: 1.000000, Mean: 0.380486, Std: 0.440682
2026-09-23 22:33:06,194 - RLController - INFO -   First 10: [1.  0.  0.  0.  0.  0.5 1.  0.  0.  0. ]
2026-09-23 22:33:06,195 - RLController - INFO -   Last 10: [0.         0.2        0.         0.08333334 0.3568376  0.00248997
 0.0448718  0.65061873 0.         0.3       ]
2026-09-23 22:33:06,198 - RLController - INFO - DIAGNOSTIC - Raw model action output:
2026-09-23 22:33:06,198 - RLController - INFO -   Action hash: 3546932486333139008
2026-09-23 22:33:06,199 - RLController - INFO -   First 8 values: [ -6.670488 -10.       -10.       -10.       -10.       -10.
 -10.       -10.      ]
2026-09-23 22:33:06,199 - RLController - INFO -   Last 8 values: [-10.        -10.        -10.        -10.        -10.          0.9764431
 -10.        -10.       ]
2026-09-23 22:33:06,199 - RLController - INFO -   Action shape: (136,), min: -10.000000, max: 5.222821, mean: -9.221817
2026-09-23 22:33:06,199 - RLController - INFO -   B0 junction (indices 16-19) raw values: [ -9.825432 -10.       -10.       -10.      ]
2026-09-23 22:33:06,199 - RLController - INFO - Using CONTINUOUS DURATION-BASED mode
2026-09-23 22:33:06,200 - RLController - INFO -   Example: junction A0 -> durations [51, 13, 13, 13] (total: 90s)
2026-09-23 22:33:06,200 - RLController - INFO -   Example: junction A1 -> durations [24, 22, 22, 22] (total: 90s)
2026-09-23 22:33:06,200 - RLController - INFO -   Example: junction A2 -> durations [12, 12, 54, 12] (total: 90s)
2026-09-23 22:33:06,200 - RLController - INFO -   Example: junction A4 -> durations [60, 10, 10, 10] (total: 90s)
2026-09-23 22:33:06,200 - RLController - INFO -   Example: junction A5 -> durations [24, 22, 22, 22] (total: 90s)
2026-09-23 22:33:06,201 - RLController - INFO -   Example: junction B0 -> durations [24, 22, 22, 22] (total: 90s)
2026-09-23 22:33:06,201 - RLController - INFO -   Example: junction B1 -> durations [24, 22, 22, 22] (total: 90s)
2026-09-23 22:33:06,201 - RLController - INFO -   Example: junction B2 -> durations [24, 22, 22, 22] (total: 90s)
2026-09-23 22:33:06,201 - RLController - INFO -   Example: junction B4 -> durations [24, 22, 22, 22] (total: 90s)
2026-09-23 22:33:06,201 - RLController - INFO -   Example: junction B5 -> durations [60, 10, 10, 10] (total: 90s)
2026-09-23 22:33:06,201 - RLController - INFO -   Example: junction C0 -> durations [22, 22, 24, 22] (total: 90s)
2026-09-23 22:33:06,201 - RLController - INFO -   Example: junction C1 -> durations [24, 22, 22, 22] (total: 90s)
2026-09-23 22:33:06,201 - RLController - INFO -   Example: junction C2 -> durations [57, 13, 10, 10] (total: 90s)
2026-09-23 22:33:06,202 - RLController - INFO -   Example: junction C3 -> durations [60, 10, 10, 10] (total: 90s)
2026-09-23 22:33:06,202 - RLController - INFO -   Example: junction C4 -> durations [57, 11, 11, 11] (total: 90s)
2026-09-23 22:33:06,202 - RLController - INFO -   Example: junction C5 -> durations [57, 11, 11, 11] (total: 90s)
2026-09-23 22:33:06,202 - RLController - INFO -   Example: junction D0 -> durations [24, 22, 22, 22] (total: 90s)
2026-09-23 22:33:06,202 - RLController - INFO -   Example: junction D1 -> durations [21, 21, 27, 21] (total: 90s)
2026-09-23 22:33:06,202 - RLController - INFO -   Example: junction D2 -> durations [45, 15, 15, 15] (total: 90s)
2026-09-23 22:33:06,202 - RLController - INFO -   Example: junction D3 -> durations [24, 22, 22, 22] (total: 90s)
2026-09-23 22:33:06,202 - RLController - INFO -   Example: junction D4 -> durations [24, 22, 22, 22] (total: 90s)
2026-09-23 22:33:06,203 - RLController - INFO -   Example: junction D5 -> durations [13, 13, 51, 13] (total: 90s)
2026-09-23 22:33:06,203 - RLController - INFO -   Example: junction E0 -> durations [24, 22, 22, 22] (total: 90s)
2026-09-23 22:33:06,203 - RLController - INFO -   Example: junction E1 -> durations [24, 22, 22, 22] (total: 90s)
2026-09-23 22:33:06,203 - RLController - INFO -   Stored schedules for 34 junctions, cycle starts at step 990
2026-09-23 22:33:08,609 - RLController - INFO - DIAGNOSTIC Step 1080 - Observation stats:
2026-09-23 22:33:08,609 - RLController - INFO -   Hash: -1013695766165571154, Min: 0.000000, Max: 1.000000, Mean: 0.378826, Std: 0.439701
2026-09-23 22:33:08,610 - RLController - INFO -   First 10: [1.  0.  0.  0.  0.  0.5 1.  0.  0.  0. ]
2026-09-23 22:33:08,610 - RLController - INFO -   Last 10: [0.         0.2        0.         0.08333334 0.33974358 0.0023174
 0.04636752 0.6681606  0.         0.3       ]
2026-09-23 22:33:08,615 - RLController - INFO - DIAGNOSTIC - Raw model action output:
2026-09-23 22:33:08,615 - RLController - INFO -   Action hash: -8261087391599967121
2026-09-23 22:33:08,615 - RLController - INFO -   First 8 values: [ -6.8686366 -10.        -10.        -10.        -10.        -10.
 -10.        -10.       ]
2026-09-23 22:33:08,616 - RLController - INFO -   Last 8 values: [-10.        -10.        -10.        -10.        -10.          1.1775296
 -10.        -10.       ]
2026-09-23 22:33:08,616 - RLController - INFO -   Action shape: (136,), min: -10.000000, max: 4.702247, mean: -9.222058
2026-09-23 22:33:08,616 - RLController - INFO -   B0 junction (indices 16-19) raw values: [ -9.997378 -10.       -10.       -10.      ]
2026-09-23 22:33:08,616 - RLController - INFO - Using CONTINUOUS DURATION-BASED mode
2026-09-23 22:33:08,616 - RLController - INFO -   Example: junction A0 -> durations [51, 13, 13, 13] (total: 90s)
2026-09-23 22:33:08,616 - RLController - INFO -   Example: junction A1 -> durations [24, 22, 22, 22] (total: 90s)
2026-09-23 22:33:08,617 - RLController - INFO -   Example: junction A2 -> durations [12, 12, 54, 12] (total: 90s)
2026-09-23 22:33:08,617 - RLController - INFO -   Example: junction A4 -> durations [60, 10, 10, 10] (total: 90s)
2026-09-23 22:33:08,617 - RLController - INFO -   Example: junction A5 -> durations [24, 22, 22, 22] (total: 90s)
2026-09-23 22:33:08,617 - RLController - INFO -   Example: junction B0 -> durations [24, 22, 22, 22] (total: 90s)
2026-09-23 22:33:08,617 - RLController - INFO -   Example: junction B1 -> durations [24, 22, 22, 22] (total: 90s)
2026-09-23 22:33:08,617 - RLController - INFO -   Example: junction B2 -> durations [24, 22, 22, 22] (total: 90s)
2026-09-23 22:33:08,618 - RLController - INFO -   Example: junction B4 -> durations [24, 22, 22, 22] (total: 90s)
2026-09-23 22:33:08,618 - RLController - INFO -   Example: junction B5 -> durations [60, 10, 10, 10] (total: 90s)
2026-09-23 22:33:08,618 - RLController - INFO -   Example: junction C0 -> durations [22, 22, 24, 22] (total: 90s)
2026-09-23 22:33:08,618 - RLController - INFO -   Example: junction C1 -> durations [24, 22, 22, 22] (total: 90s)
2026-09-23 22:33:08,618 - RLController - INFO -   Example: junction C2 -> durations [57, 13, 10, 10] (total: 90s)
2026-09-23 22:33:08,618 - RLController - INFO -   Example: junction C3 -> durations [60, 10, 10, 10] (total: 90s)
2026-09-23 22:33:08,618 - RLController - INFO -   Example: junction C4 -> durations [57, 11, 11, 11] (total: 90s)
2026-09-23 22:33:08,618 - RLController - INFO -   Example: junction C5 -> durations [57, 11, 11, 11] (total: 90s)
2026-09-23 22:33:08,619 - RLController - INFO -   Example: junction D0 -> durations [24, 22, 22, 22] (total: 90s)
2026-09-23 22:33:08,619 - RLController - INFO -   Example: junction D1 -> durations [21, 21, 27, 21] (total: 90s)
2026-09-23 22:33:08,619 - RLController - INFO -   Example: junction D2 -> durations [45, 15, 15, 15] (total: 90s)
2026-09-23 22:33:08,619 - RLController - INFO -   Example: junction D3 -> durations [24, 22, 22, 22] (total: 90s)
2026-09-23 22:33:08,619 - RLController - INFO -   Example: junction D4 -> durations [24, 22, 22, 22] (total: 90s)
2026-09-23 22:33:08,619 - RLController - INFO -   Example: junction D5 -> durations [13, 13, 51, 13] (total: 90s)
2026-09-23 22:33:08,619 - RLController - INFO -   Example: junction E0 -> durations [24, 22, 22, 22] (total: 90s)
2026-09-23 22:33:08,620 - RLController - INFO -   Example: junction E1 -> durations [24, 22, 22, 22] (total: 90s)
2026-09-23 22:33:08,620 - RLController - INFO -   Stored schedules for 34 junctions, cycle starts at step 1080
2026-09-23 22:33:10,938 - RLController - INFO - DIAGNOSTIC Step 1170 - Observation stats:
2026-09-23 22:33:10,939 - RLController - INFO -   Hash: -8488835079206591414, Min: 0.000000, Max: 1.000000, Mean: 0.382682, Std: 0.442405
2026-09-23 22:33:10,939 - RLController - INFO -   First 10: [1.         0.         0.         0.         0.         0.5
 0.         0.         0.99333334 1.        ]
2026-09-23 22:33:10,939 - RLController - INFO -   Last 10: [0.         0.2        0.         0.08333334 0.3653846  0.00253246
 0.0474359  0.64439607 0.         0.3       ]
2026-09-23 22:33:10,943 - RLController - INFO - DIAGNOSTIC - Raw model action output:
2026-09-23 22:33:10,943 - RLController - INFO -   Action hash: 7292891106025015297
2026-09-23 22:33:10,944 - RLController - INFO -   First 8 values: [ -6.9894023 -10.        -10.        -10.        -10.        -10.
 -10.        -10.       ]
2026-09-23 22:33:10,944 - RLController - INFO -   Last 8 values: [-10.         -10.         -10.         -10.         -10.
  -0.55336374 -10.         -10.        ]
2026-09-23 22:33:10,944 - RLController - INFO -   Action shape: (136,), min: -10.000000, max: 5.036898, mean: -9.241590
2026-09-23 22:33:10,944 - RLController - INFO -   B0 junction (indices 16-19) raw values: [ -9.851556 -10.       -10.       -10.      ]
2026-09-23 22:33:10,945 - RLController - INFO - Using CONTINUOUS DURATION-BASED mode
2026-09-23 22:33:10,945 - RLController - INFO -   Example: junction A0 -> durations [51, 13, 13, 13] (total: 90s)
2026-09-23 22:33:10,945 - RLController - INFO -   Example: junction A1 -> durations [24, 22, 22, 22] (total: 90s)
2026-09-23 22:33:10,945 - RLController - INFO -   Example: junction A2 -> durations [12, 12, 54, 12] (total: 90s)
2026-09-23 22:33:10,945 - RLController - INFO -   Example: junction A4 -> durations [60, 10, 10, 10] (total: 90s)
2026-09-23 22:33:10,945 - RLController - INFO -   Example: junction A5 -> durations [24, 22, 22, 22] (total: 90s)
2026-09-23 22:33:10,945 - RLController - INFO -   Example: junction B0 -> durations [24, 22, 22, 22] (total: 90s)
2026-09-23 22:33:10,946 - RLController - INFO -   Example: junction B1 -> durations [24, 22, 22, 22] (total: 90s)
2026-09-23 22:33:10,946 - RLController - INFO -   Example: junction B2 -> durations [24, 22, 22, 22] (total: 90s)
2026-09-23 22:33:10,946 - RLController - INFO -   Example: junction B4 -> durations [24, 22, 22, 22] (total: 90s)
2026-09-23 22:33:10,946 - RLController - INFO -   Example: junction B5 -> durations [60, 10, 10, 10] (total: 90s)
2026-09-23 22:33:10,946 - RLController - INFO -   Example: junction C0 -> durations [22, 22, 24, 22] (total: 90s)
2026-09-23 22:33:10,946 - RLController - INFO -   Example: junction C1 -> durations [24, 22, 22, 22] (total: 90s)
2026-09-23 22:33:10,946 - RLController - INFO -   Example: junction C2 -> durations [57, 13, 10, 10] (total: 90s)
2026-09-23 22:33:10,947 - RLController - INFO -   Example: junction C3 -> durations [60, 10, 10, 10] (total: 90s)
2026-09-23 22:33:10,947 - RLController - INFO -   Example: junction C4 -> durations [57, 11, 11, 11] (total: 90s)
2026-09-23 22:33:10,947 - RLController - INFO -   Example: junction C5 -> durations [57, 11, 11, 11] (total: 90s)
2026-09-23 22:33:10,947 - RLController - INFO -   Example: junction D0 -> durations [24, 22, 22, 22] (total: 90s)
2026-09-23 22:33:10,947 - RLController - INFO -   Example: junction D1 -> durations [21, 21, 27, 21] (total: 90s)
2026-09-23 22:33:10,947 - RLController - INFO -   Example: junction D2 -> durations [45, 15, 15, 15] (total: 90s)
2026-09-23 22:33:10,947 - RLController - INFO -   Example: junction D3 -> durations [24, 22, 22, 22] (total: 90s)
2026-09-23 22:33:10,948 - RLController - INFO -   Example: junction D4 -> durations [24, 22, 22, 22] (total: 90s)
2026-09-23 22:33:10,948 - RLController - INFO -   Example: junction D5 -> durations [13, 13, 51, 13] (total: 90s)
2026-09-23 22:33:10,948 - RLController - INFO -   Example: junction E0 -> durations [24, 22, 22, 22] (total: 90s)
2026-09-23 22:33:10,948 - RLController - INFO -   Example: junction E1 -> durations [24, 22, 22, 22] (total: 90s)
2026-09-23 22:33:10,949 - RLController - INFO -   Stored schedules for 34 junctions, cycle starts at step 1170
2026-09-23 22:33:13,380 - RLController - INFO - DIAGNOSTIC Step 1260 - Observation stats:
2026-09-23 22:33:13,380 - RLController - INFO -   Hash: -2441370292369742864, Min: 0.000000, Max: 1.000000, Mean: 0.383477, Std: 0.442364
2026-09-23 22:33:13,381 - RLController - INFO -   First 10: [1.  0.  0.  0.  0.  0.5 1.  0.  0.  0. ]
2026-09-23 22:33:13,381 - RLController - INFO -   Last 10: [0.         0.2        0.         0.08333334 0.35470086 0.00258579
 0.04880342 0.65500313 0.         0.3       ]
2026-09-23 22:33:13,385 - RLController - INFO - DIAGNOSTIC - Raw model action output:
2026-09-23 22:33:13,385 - RLController - INFO -   Action hash: -5350479622787384811
2026-09-23 22:33:13,386 - RLController - INFO -   First 8 values: [ -6.7286987 -10.        -10.        -10.        -10.        -10.
 -10.        -10.       ]
2026-09-23 22:33:13,386 - RLController - INFO -   Last 8 values: [-10.         -10.         -10.         -10.         -10.
  -0.27708218 -10.         -10.        ]
2026-09-23 22:33:13,386 - RLController - INFO -   Action shape: (136,), min: -10.000000, max: 5.359952, mean: -9.199562
2026-09-23 22:33:13,386 - RLController - INFO -   B0 junction (indices 16-19) raw values: [ -9.519996 -10.       -10.       -10.      ]
2026-09-23 22:33:13,386 - RLController - INFO - Using CONTINUOUS DURATION-BASED mode
2026-09-23 22:33:13,387 - RLController - INFO -   Example: junction A0 -> durations [51, 13, 13, 13] (total: 90s)
2026-09-23 22:33:13,387 - RLController - INFO -   Example: junction A1 -> durations [24, 22, 22, 22] (total: 90s)
2026-09-23 22:33:13,387 - RLController - INFO -   Example: junction A2 -> durations [12, 12, 54, 12] (total: 90s)
2026-09-23 22:33:13,387 - RLController - INFO -   Example: junction A4 -> durations [60, 10, 10, 10] (total: 90s)
2026-09-23 22:33:13,387 - RLController - INFO -   Example: junction A5 -> durations [24, 22, 22, 22] (total: 90s)
2026-09-23 22:33:13,387 - RLController - INFO -   Example: junction B0 -> durations [24, 22, 22, 22] (total: 90s)
2026-09-23 22:33:13,387 - RLController - INFO -   Example: junction B1 -> durations [24, 22, 22, 22] (total: 90s)
2026-09-23 22:33:13,388 - RLController - INFO -   Example: junction B2 -> durations [24, 22, 22, 22] (total: 90s)
2026-09-23 22:33:13,388 - RLController - INFO -   Example: junction B4 -> durations [24, 22, 22, 22] (total: 90s)
2026-09-23 22:33:13,388 - RLController - INFO -   Example: junction B5 -> durations [60, 10, 10, 10] (total: 90s)
2026-09-23 22:33:13,388 - RLController - INFO -   Example: junction C0 -> durations [22, 22, 24, 22] (total: 90s)
2026-09-23 22:33:13,388 - RLController - INFO -   Example: junction C1 -> durations [24, 22, 22, 22] (total: 90s)
2026-09-23 22:33:13,388 - RLController - INFO -   Example: junction C2 -> durations [57, 13, 10, 10] (total: 90s)
2026-09-23 22:33:13,388 - RLController - INFO -   Example: junction C3 -> durations [60, 10, 10, 10] (total: 90s)
2026-09-23 22:33:13,388 - RLController - INFO -   Example: junction C4 -> durations [57, 11, 11, 11] (total: 90s)
2026-09-23 22:33:13,389 - RLController - INFO -   Example: junction C5 -> durations [57, 11, 11, 11] (total: 90s)
2026-09-23 22:33:13,389 - RLController - INFO -   Example: junction D0 -> durations [24, 22, 22, 22] (total: 90s)
2026-09-23 22:33:13,389 - RLController - INFO -   Example: junction D1 -> durations [21, 21, 27, 21] (total: 90s)
2026-09-23 22:33:13,389 - RLController - INFO -   Example: junction D2 -> durations [45, 15, 15, 15] (total: 90s)
2026-09-23 22:33:13,389 - RLController - INFO -   Example: junction D3 -> durations [24, 22, 22, 22] (total: 90s)
2026-09-23 22:33:13,389 - RLController - INFO -   Example: junction D4 -> durations [24, 22, 22, 22] (total: 90s)
2026-09-23 22:33:13,389 - RLController - INFO -   Example: junction D5 -> durations [13, 13, 51, 13] (total: 90s)
2026-09-23 22:33:13,390 - RLController - INFO -   Example: junction E0 -> durations [24, 22, 22, 22] (total: 90s)
2026-09-23 22:33:13,390 - RLController - INFO -   Example: junction E1 -> durations [24, 22, 22, 22] (total: 90s)
2026-09-23 22:33:13,390 - RLController - INFO -   Stored schedules for 34 junctions, cycle starts at step 1260
2026-09-23 22:33:15,824 - RLController - INFO - DIAGNOSTIC Step 1350 - Observation stats:
2026-09-23 22:33:16,255 - RLController - INFO -   Hash: 8232665515230664021, Min: 0.000000, Max: 1.000000, Mean: 0.385707, Std: 0.442771
2026-09-23 22:33:16,255 - RLController - INFO -   First 10: [1.         0.         0.         0.         0.         0.5
 0.         0.         0.99333334 1.        ]
2026-09-23 22:33:16,256 - RLController - INFO -   Last 10: [0.         0.2        0.         0.08333334 0.37393162 0.00318355
 0.05111111 0.64153713 0.         0.3       ]
2026-09-23 22:33:16,601 - RLController - INFO - DIAGNOSTIC - Raw model action output:
2026-09-23 22:33:16,601 - RLController - INFO -   Action hash: -2307606150389678219
2026-09-23 22:33:16,602 - RLController - INFO -   First 8 values: [ -7.0030007 -10.        -10.        -10.        -10.        -10.
 -10.        -10.       ]
2026-09-23 22:33:16,602 - RLController - INFO -   Last 8 values: [-10.         -10.         -10.         -10.         -10.
  -0.91631716 -10.         -10.        ]
2026-09-23 22:33:16,602 - RLController - INFO -   Action shape: (136,), min: -10.000000, max: 5.397920, mean: -9.211772
2026-09-23 22:33:16,602 - RLController - INFO -   B0 junction (indices 16-19) raw values: [ -9.59456 -10.      -10.      -10.     ]
2026-09-23 22:33:16,602 - RLController - INFO - Using CONTINUOUS DURATION-BASED mode
2026-09-23 22:33:16,603 - RLController - INFO -   Example: junction A0 -> durations [51, 13, 13, 13] (total: 90s)
2026-09-23 22:33:16,603 - RLController - INFO -   Example: junction A1 -> durations [24, 22, 22, 22] (total: 90s)
2026-09-23 22:33:16,603 - RLController - INFO -   Example: junction A2 -> durations [12, 12, 54, 12] (total: 90s)
2026-09-23 22:33:16,603 - RLController - INFO -   Example: junction A4 -> durations [60, 10, 10, 10] (total: 90s)
2026-09-23 22:33:16,603 - RLController - INFO -   Example: junction A5 -> durations [24, 22, 22, 22] (total: 90s)
2026-09-23 22:33:16,603 - RLController - INFO -   Example: junction B0 -> durations [24, 22, 22, 22] (total: 90s)
2026-09-23 22:33:16,604 - RLController - INFO -   Example: junction B1 -> durations [24, 22, 22, 22] (total: 90s)
2026-09-23 22:33:16,604 - RLController - INFO -   Example: junction B2 -> durations [24, 22, 22, 22] (total: 90s)
2026-09-23 22:33:16,604 - RLController - INFO -   Example: junction B4 -> durations [24, 22, 22, 22] (total: 90s)
2026-09-23 22:33:16,604 - RLController - INFO -   Example: junction B5 -> durations [60, 10, 10, 10] (total: 90s)
2026-09-23 22:33:16,605 - RLController - INFO -   Example: junction C0 -> durations [22, 22, 24, 22] (total: 90s)
2026-09-23 22:33:16,605 - RLController - INFO -   Example: junction C1 -> durations [24, 22, 22, 22] (total: 90s)
2026-09-23 22:33:16,605 - RLController - INFO -   Example: junction C2 -> durations [57, 13, 10, 10] (total: 90s)
2026-09-23 22:33:16,605 - RLController - INFO -   Example: junction C3 -> durations [60, 10, 10, 10] (total: 90s)
2026-09-23 22:33:16,605 - RLController - INFO -   Example: junction C4 -> durations [57, 11, 11, 11] (total: 90s)
2026-09-23 22:33:16,605 - RLController - INFO -   Example: junction C5 -> durations [57, 11, 11, 11] (total: 90s)
2026-09-23 22:33:16,606 - RLController - INFO -   Example: junction D0 -> durations [24, 22, 22, 22] (total: 90s)
2026-09-23 22:33:16,606 - RLController - INFO -   Example: junction D1 -> durations [21, 21, 27, 21] (total: 90s)
2026-09-23 22:33:16,606 - RLController - INFO -   Example: junction D2 -> durations [45, 15, 15, 15] (total: 90s)
2026-09-23 22:33:16,606 - RLController - INFO -   Example: junction D3 -> durations [24, 22, 22, 22] (total: 90s)
2026-09-23 22:33:16,606 - RLController - INFO -   Example: junction D4 -> durations [24, 22, 22, 22] (total: 90s)
2026-09-23 22:33:16,606 - RLController - INFO -   Example: junction D5 -> durations [13, 13, 51, 13] (total: 90s)
2026-09-23 22:33:16,606 - RLController - INFO -   Example: junction E0 -> durations [24, 22, 22, 22] (total: 90s)
2026-09-23 22:33:16,607 - RLController - INFO -   Example: junction E1 -> durations [24, 22, 22, 22] (total: 90s)
2026-09-23 22:33:16,607 - RLController - INFO -   Stored schedules for 34 junctions, cycle starts at step 1350
2026-09-23 22:33:19,672 - RLController - INFO - DIAGNOSTIC Step 1440 - Observation stats:
2026-09-23 22:33:19,672 - RLController - INFO -   Hash: -519227336299294586, Min: 0.000000, Max: 1.000000, Mean: 0.397766, Std: 0.447792
2026-09-23 22:33:19,673 - RLController - INFO -   First 10: [1.  0.  0.  0.  0.  0.5 1.  0.  0.  0. ]
2026-09-23 22:33:19,674 - RLController - INFO -   Last 10: [0.         0.2        0.         0.08333334 0.41025642 0.00289786
 0.05491453 0.60266215 0.         0.3       ]
2026-09-23 22:33:19,680 - RLController - INFO - DIAGNOSTIC - Raw model action output:
2026-09-23 22:33:19,680 - RLController - INFO -   Action hash: -7587260878928041932
2026-09-23 22:33:19,680 - RLController - INFO -   First 8 values: [ -7.133782 -10.       -10.       -10.       -10.       -10.
 -10.       -10.      ]
2026-09-23 22:33:19,681 - RLController - INFO -   Last 8 values: [-10.        -10.        -10.        -10.        -10.         -1.1984241
 -10.        -10.       ]
2026-09-23 22:33:19,681 - RLController - INFO -   Action shape: (136,), min: -10.000000, max: 5.171094, mean: -9.225843
2026-09-23 22:33:19,681 - RLController - INFO -   B0 junction (indices 16-19) raw values: [ -9.602361 -10.       -10.       -10.      ]
2026-09-23 22:33:19,681 - RLController - INFO - Using CONTINUOUS DURATION-BASED mode
2026-09-23 22:33:19,682 - RLController - INFO -   Example: junction A0 -> durations [51, 13, 13, 13] (total: 90s)
2026-09-23 22:33:19,682 - RLController - INFO -   Example: junction A1 -> durations [24, 22, 22, 22] (total: 90s)
2026-09-23 22:33:19,682 - RLController - INFO -   Example: junction A2 -> durations [12, 12, 54, 12] (total: 90s)
2026-09-23 22:33:19,682 - RLController - INFO -   Example: junction A4 -> durations [60, 10, 10, 10] (total: 90s)
2026-09-23 22:33:19,682 - RLController - INFO -   Example: junction A5 -> durations [24, 22, 22, 22] (total: 90s)
2026-09-23 22:33:19,682 - RLController - INFO -   Example: junction B0 -> durations [24, 22, 22, 22] (total: 90s)
2026-09-23 22:33:19,683 - RLController - INFO -   Example: junction B1 -> durations [24, 22, 22, 22] (total: 90s)
2026-09-23 22:33:19,683 - RLController - INFO -   Example: junction B2 -> durations [24, 22, 22, 22] (total: 90s)
2026-09-23 22:33:19,683 - RLController - INFO -   Example: junction B4 -> durations [24, 22, 22, 22] (total: 90s)
2026-09-23 22:33:19,683 - RLController - INFO -   Example: junction B5 -> durations [60, 10, 10, 10] (total: 90s)
2026-09-23 22:33:19,683 - RLController - INFO -   Example: junction C0 -> durations [22, 22, 24, 22] (total: 90s)
2026-09-23 22:33:19,684 - RLController - INFO -   Example: junction C1 -> durations [24, 22, 22, 22] (total: 90s)
2026-09-23 22:33:19,684 - RLController - INFO -   Example: junction C2 -> durations [57, 13, 10, 10] (total: 90s)
2026-09-23 22:33:19,684 - RLController - INFO -   Example: junction C3 -> durations [60, 10, 10, 10] (total: 90s)
2026-09-23 22:33:19,684 - RLController - INFO -   Example: junction C4 -> durations [57, 11, 11, 11] (total: 90s)
2026-09-23 22:33:19,685 - RLController - INFO -   Example: junction C5 -> durations [57, 11, 11, 11] (total: 90s)
2026-09-23 22:33:19,685 - RLController - INFO -   Example: junction D0 -> durations [24, 22, 22, 22] (total: 90s)
2026-09-23 22:33:19,685 - RLController - INFO -   Example: junction D1 -> durations [21, 21, 27, 21] (total: 90s)
2026-09-23 22:33:19,685 - RLController - INFO -   Example: junction D2 -> durations [45, 15, 15, 15] (total: 90s)
2026-09-23 22:33:19,685 - RLController - INFO -   Example: junction D3 -> durations [24, 22, 22, 22] (total: 90s)
2026-09-23 22:33:19,686 - RLController - INFO -   Example: junction D4 -> durations [24, 22, 22, 22] (total: 90s)
2026-09-23 22:33:19,686 - RLController - INFO -   Example: junction D5 -> durations [13, 13, 51, 13] (total: 90s)
2026-09-23 22:33:19,686 - RLController - INFO -   Example: junction E0 -> durations [24, 22, 22, 22] (total: 90s)
2026-09-23 22:33:19,686 - RLController - INFO -   Example: junction E1 -> durations [24, 22, 22, 22] (total: 90s)
2026-09-23 22:33:19,687 - RLController - INFO -   Stored schedules for 34 junctions, cycle starts at step 1440
2026-09-23 22:33:22,542 - RLController - INFO - DIAGNOSTIC Step 1530 - Observation stats:
2026-09-23 22:33:22,543 - RLController - INFO -   Hash: 714119602241542507, Min: 0.000000, Max: 1.000000, Mean: 0.392433, Std: 0.443889
2026-09-23 22:33:22,543 - RLController - INFO -   First 10: [1.  0.  0.  0.  0.  0.5 1.  0.  0.  0. ]
2026-09-23 22:33:22,544 - RLController - INFO -   Last 10: [0.         0.2        0.         0.08333334 0.3931624  0.0031865
 0.05589744 0.6259718  0.         0.3       ]
2026-09-23 22:33:22,549 - RLController - INFO - DIAGNOSTIC - Raw model action output:
2026-09-23 22:33:22,549 - RLController - INFO -   Action hash: -6604364662033650733
2026-09-23 22:33:22,550 - RLController - INFO -   First 8 values: [ -6.9316306 -10.        -10.        -10.        -10.        -10.
 -10.        -10.       ]
2026-09-23 22:33:22,550 - RLController - INFO -   Last 8 values: [-10.        -10.        -10.        -10.        -10.         -1.4471221
 -10.        -10.       ]
2026-09-23 22:33:22,550 - RLController - INFO -   Action shape: (136,), min: -10.000000, max: 5.172772, mean: -9.206474
2026-09-23 22:33:22,551 - RLController - INFO -   B0 junction (indices 16-19) raw values: [ -9.264126 -10.       -10.       -10.      ]
2026-09-23 22:33:22,551 - RLController - INFO - Using CONTINUOUS DURATION-BASED mode
2026-09-23 22:33:22,551 - RLController - INFO -   Example: junction A0 -> durations [51, 13, 13, 13] (total: 90s)
2026-09-23 22:33:22,551 - RLController - INFO -   Example: junction A1 -> durations [24, 22, 22, 22] (total: 90s)
2026-09-23 22:33:22,551 - RLController - INFO -   Example: junction A2 -> durations [12, 12, 54, 12] (total: 90s)
2026-09-23 22:33:22,551 - RLController - INFO -   Example: junction A4 -> durations [60, 10, 10, 10] (total: 90s)
2026-09-23 22:33:22,552 - RLController - INFO -   Example: junction A5 -> durations [24, 22, 22, 22] (total: 90s)
2026-09-23 22:33:22,552 - RLController - INFO -   Example: junction B0 -> durations [24, 22, 22, 22] (total: 90s)
2026-09-23 22:33:22,552 - RLController - INFO -   Example: junction B1 -> durations [24, 22, 22, 22] (total: 90s)
2026-09-23 22:33:22,552 - RLController - INFO -   Example: junction B2 -> durations [24, 22, 22, 22] (total: 90s)
2026-09-23 22:33:22,552 - RLController - INFO -   Example: junction B4 -> durations [24, 22, 22, 22] (total: 90s)
2026-09-23 22:33:22,553 - RLController - INFO -   Example: junction B5 -> durations [60, 10, 10, 10] (total: 90s)
2026-09-23 22:33:22,553 - RLController - INFO -   Example: junction C0 -> durations [22, 22, 24, 22] (total: 90s)
2026-09-23 22:33:22,553 - RLController - INFO -   Example: junction C1 -> durations [24, 22, 22, 22] (total: 90s)
2026-09-23 22:33:22,553 - RLController - INFO -   Example: junction C2 -> durations [57, 13, 10, 10] (total: 90s)
2026-09-23 22:33:22,553 - RLController - INFO -   Example: junction C3 -> durations [60, 10, 10, 10] (total: 90s)
2026-09-23 22:33:22,554 - RLController - INFO -   Example: junction C4 -> durations [57, 11, 11, 11] (total: 90s)
2026-09-23 22:33:22,554 - RLController - INFO -   Example: junction C5 -> durations [57, 11, 11, 11] (total: 90s)
2026-09-23 22:33:22,554 - RLController - INFO -   Example: junction D0 -> durations [24, 22, 22, 22] (total: 90s)
2026-09-23 22:33:22,554 - RLController - INFO -   Example: junction D1 -> durations [21, 21, 27, 21] (total: 90s)
2026-09-23 22:33:22,554 - RLController - INFO -   Example: junction D2 -> durations [45, 15, 15, 15] (total: 90s)
2026-09-23 22:33:22,555 - RLController - INFO -   Example: junction D3 -> durations [24, 22, 22, 22] (total: 90s)
2026-09-23 22:33:22,555 - RLController - INFO -   Example: junction D4 -> durations [24, 22, 22, 22] (total: 90s)
2026-09-23 22:33:22,555 - RLController - INFO -   Example: junction D5 -> durations [13, 13, 51, 13] (total: 90s)
2026-09-23 22:33:22,555 - RLController - INFO -   Example: junction E0 -> durations [24, 22, 22, 22] (total: 90s)
2026-09-23 22:33:22,555 - RLController - INFO -   Example: junction E1 -> durations [24, 22, 22, 22] (total: 90s)
2026-09-23 22:33:22,556 - RLController - INFO -   Stored schedules for 34 junctions, cycle starts at step 1530
2026-09-23 22:33:25,670 - RLController - INFO - DIAGNOSTIC Step 1620 - Observation stats:
2026-09-23 22:33:25,671 - RLController - INFO -   Hash: -3113797462349599188, Min: 0.000000, Max: 1.000000, Mean: 0.398594, Std: 0.448140
2026-09-23 22:33:25,671 - RLController - INFO -   First 10: [1.  0.  0.  0.  0.  0.5 1.  0.  0.  0. ]
2026-09-23 22:33:25,671 - RLController - INFO -   Last 10: [0.         0.2        0.         0.08333334 0.39957264 0.00258796
 0.05880342 0.6106314  0.         0.3       ]
2026-09-23 22:33:25,676 - RLController - INFO - DIAGNOSTIC - Raw model action output:
2026-09-23 22:33:25,676 - RLController - INFO -   Action hash: -5642434581840965806
2026-09-23 22:33:25,677 - RLController - INFO -   First 8 values: [ -7.175126 -10.       -10.       -10.       -10.       -10.
 -10.       -10.      ]
2026-09-23 22:33:25,677 - RLController - INFO -   Last 8 values: [-10.        -10.        -10.        -10.        -10.         -1.7315011
 -10.        -10.       ]
2026-09-23 22:33:25,677 - RLController - INFO -   Action shape: (136,), min: -10.000000, max: 5.088883, mean: -9.230641
2026-09-23 22:33:25,677 - RLController - INFO -   B0 junction (indices 16-19) raw values: [ -9.687562 -10.       -10.       -10.      ]
2026-09-23 22:33:25,677 - RLController - INFO - Using CONTINUOUS DURATION-BASED mode
2026-09-23 22:33:25,677 - RLController - INFO -   Example: junction A0 -> durations [51, 13, 13, 13] (total: 90s)
2026-09-23 22:33:25,678 - RLController - INFO -   Example: junction A1 -> durations [24, 22, 22, 22] (total: 90s)
2026-09-23 22:33:25,678 - RLController - INFO -   Example: junction A2 -> durations [12, 12, 54, 12] (total: 90s)
2026-09-23 22:33:25,678 - RLController - INFO -   Example: junction A4 -> durations [60, 10, 10, 10] (total: 90s)
2026-09-23 22:33:25,678 - RLController - INFO -   Example: junction A5 -> durations [24, 22, 22, 22] (total: 90s)
2026-09-23 22:33:25,678 - RLController - INFO -   Example: junction B0 -> durations [24, 22, 22, 22] (total: 90s)
2026-09-23 22:33:25,678 - RLController - INFO -   Example: junction B1 -> durations [24, 22, 22, 22] (total: 90s)
2026-09-23 22:33:25,679 - RLController - INFO -   Example: junction B2 -> durations [24, 22, 22, 22] (total: 90s)
2026-09-23 22:33:25,679 - RLController - INFO -   Example: junction B4 -> durations [24, 22, 22, 22] (total: 90s)
2026-09-23 22:33:25,679 - RLController - INFO -   Example: junction B5 -> durations [60, 10, 10, 10] (total: 90s)
2026-09-23 22:33:25,679 - RLController - INFO -   Example: junction C0 -> durations [22, 22, 24, 22] (total: 90s)
2026-09-23 22:33:25,679 - RLController - INFO -   Example: junction C1 -> durations [24, 22, 22, 22] (total: 90s)
2026-09-23 22:33:25,679 - RLController - INFO -   Example: junction C2 -> durations [57, 13, 10, 10] (total: 90s)
2026-09-23 22:33:25,679 - RLController - INFO -   Example: junction C3 -> durations [60, 10, 10, 10] (total: 90s)
2026-09-23 22:33:25,680 - RLController - INFO -   Example: junction C4 -> durations [57, 11, 11, 11] (total: 90s)
2026-09-23 22:33:25,680 - RLController - INFO -   Example: junction C5 -> durations [57, 11, 11, 11] (total: 90s)
2026-09-23 22:33:25,680 - RLController - INFO -   Example: junction D0 -> durations [24, 22, 22, 22] (total: 90s)
2026-09-23 22:33:25,680 - RLController - INFO -   Example: junction D1 -> durations [21, 21, 27, 21] (total: 90s)
2026-09-23 22:33:25,680 - RLController - INFO -   Example: junction D2 -> durations [45, 15, 15, 15] (total: 90s)
2026-09-23 22:33:25,680 - RLController - INFO -   Example: junction D3 -> durations [24, 22, 22, 22] (total: 90s)
2026-09-23 22:33:25,680 - RLController - INFO -   Example: junction D4 -> durations [24, 22, 22, 22] (total: 90s)
2026-09-23 22:33:25,681 - RLController - INFO -   Example: junction D5 -> durations [13, 13, 51, 13] (total: 90s)
2026-09-23 22:33:25,681 - RLController - INFO -   Example: junction E0 -> durations [24, 22, 22, 22] (total: 90s)
2026-09-23 22:33:25,681 - RLController - INFO -   Example: junction E1 -> durations [24, 22, 22, 22] (total: 90s)
2026-09-23 22:33:25,681 - RLController - INFO -   Stored schedules for 34 junctions, cycle starts at step 1620
2026-09-23 22:33:28,759 - RLController - INFO - DIAGNOSTIC Step 1710 - Observation stats:
2026-09-23 22:33:28,759 - RLController - INFO -   Hash: 8089478154190626839, Min: 0.000000, Max: 1.000000, Mean: 0.401427, Std: 0.449193
2026-09-23 22:33:28,760 - RLController - INFO -   First 10: [1.  0.  0.  0.  0.  0.5 1.  0.  0.  0. ]
2026-09-23 22:33:28,760 - RLController - INFO -   Last 10: [0.         0.2        0.         0.08333334 0.42307693 0.00291026
 0.06068376 0.59099615 0.         0.3       ]
2026-09-23 22:33:28,766 - RLController - INFO - DIAGNOSTIC - Raw model action output:
2026-09-23 22:33:28,766 - RLController - INFO -   Action hash: 4449676743278627234
2026-09-23 22:33:28,766 - RLController - INFO -   First 8 values: [ -6.934521 -10.       -10.       -10.       -10.       -10.
 -10.       -10.      ]
2026-09-23 22:33:28,766 - RLController - INFO -   Last 8 values: [-10.        -10.        -10.        -10.        -10.         -1.3886743
 -10.        -10.       ]
2026-09-23 22:33:28,767 - RLController - INFO -   Action shape: (136,), min: -10.000000, max: 5.297864, mean: -9.221166
2026-09-23 22:33:28,767 - RLController - INFO -   B0 junction (indices 16-19) raw values: [ -9.445217 -10.       -10.       -10.      ]
2026-09-23 22:33:28,767 - RLController - INFO - Using CONTINUOUS DURATION-BASED mode
2026-09-23 22:33:28,767 - RLController - INFO -   Example: junction A0 -> durations [51, 13, 13, 13] (total: 90s)
2026-09-23 22:33:28,767 - RLController - INFO -   Example: junction A1 -> durations [24, 22, 22, 22] (total: 90s)
2026-09-23 22:33:28,767 - RLController - INFO -   Example: junction A2 -> durations [12, 12, 54, 12] (total: 90s)
2026-09-23 22:33:28,768 - RLController - INFO -   Example: junction A4 -> durations [60, 10, 10, 10] (total: 90s)
2026-09-23 22:33:28,768 - RLController - INFO -   Example: junction A5 -> durations [24, 22, 22, 22] (total: 90s)
2026-09-23 22:33:28,768 - RLController - INFO -   Example: junction B0 -> durations [24, 22, 22, 22] (total: 90s)
2026-09-23 22:33:28,768 - RLController - INFO -   Example: junction B1 -> durations [24, 22, 22, 22] (total: 90s)
2026-09-23 22:33:28,768 - RLController - INFO -   Example: junction B2 -> durations [24, 22, 22, 22] (total: 90s)
2026-09-23 22:33:28,768 - RLController - INFO -   Example: junction B4 -> durations [24, 22, 22, 22] (total: 90s)
2026-09-23 22:33:28,768 - RLController - INFO -   Example: junction B5 -> durations [60, 10, 10, 10] (total: 90s)
2026-09-23 22:33:28,769 - RLController - INFO -   Example: junction C0 -> durations [22, 22, 24, 22] (total: 90s)
2026-09-23 22:33:28,769 - RLController - INFO -   Example: junction C1 -> durations [24, 22, 22, 22] (total: 90s)
2026-09-23 22:33:28,769 - RLController - INFO -   Example: junction C2 -> durations [57, 13, 10, 10] (total: 90s)
2026-09-23 22:33:28,769 - RLController - INFO -   Example: junction C3 -> durations [60, 10, 10, 10] (total: 90s)
2026-09-23 22:33:28,769 - RLController - INFO -   Example: junction C4 -> durations [57, 11, 11, 11] (total: 90s)
2026-09-23 22:33:28,769 - RLController - INFO -   Example: junction C5 -> durations [57, 11, 11, 11] (total: 90s)
2026-09-23 22:33:28,769 - RLController - INFO -   Example: junction D0 -> durations [24, 22, 22, 22] (total: 90s)
2026-09-23 22:33:28,770 - RLController - INFO -   Example: junction D1 -> durations [21, 21, 27, 21] (total: 90s)
2026-09-23 22:33:28,770 - RLController - INFO -   Example: junction D2 -> durations [45, 15, 15, 15] (total: 90s)
2026-09-23 22:33:28,770 - RLController - INFO -   Example: junction D3 -> durations [24, 22, 22, 22] (total: 90s)
2026-09-23 22:33:28,770 - RLController - INFO -   Example: junction D4 -> durations [24, 22, 22, 22] (total: 90s)
2026-09-23 22:33:28,770 - RLController - INFO -   Example: junction D5 -> durations [13, 13, 51, 13] (total: 90s)
2026-09-23 22:33:28,770 - RLController - INFO -   Example: junction E0 -> durations [24, 22, 22, 22] (total: 90s)
2026-09-23 22:33:28,770 - RLController - INFO -   Example: junction E1 -> durations [24, 22, 22, 22] (total: 90s)
2026-09-23 22:33:28,771 - RLController - INFO -   Stored schedules for 34 junctions, cycle starts at step 1710
2026-09-23 22:33:31,367 - RLController - INFO - DIAGNOSTIC Step 1800 - Observation stats:
2026-09-23 22:33:31,368 - RLController - INFO -   Hash: -4402942207138090347, Min: 0.000000, Max: 1.000237, Mean: 0.402535, Std: 0.449296
2026-09-23 22:33:31,368 - RLController - INFO -   First 10: [1.  0.  0.  0.  0.  0.5 1.  0.  0.  0. ]
2026-09-23 22:33:31,368 - RLController - INFO -   Last 10: [0.         0.2        0.         0.08333334 0.41239315 0.00258942
 0.06141026 0.6021414  0.         0.3       ]
2026-09-23 22:33:31,373 - RLController - INFO - DIAGNOSTIC - Raw model action output:
2026-09-23 22:33:31,373 - RLController - INFO -   Action hash: 8222189601406786109
2026-09-23 22:33:31,374 - RLController - INFO -   First 8 values: [ -7.0852447 -10.        -10.        -10.        -10.        -10.
 -10.        -10.       ]
2026-09-23 22:33:31,374 - RLController - INFO -   Last 8 values: [-10.       -10.       -10.       -10.       -10.        -2.196699
 -10.       -10.      ]
2026-09-23 22:33:31,374 - RLController - INFO -   Action shape: (136,), min: -10.000000, max: 4.544108, mean: -9.253422
2026-09-23 22:33:31,374 - RLController - INFO -   B0 junction (indices 16-19) raw values: [-10. -10. -10. -10.]
2026-09-23 22:33:31,374 - RLController - INFO - Using CONTINUOUS DURATION-BASED mode
2026-09-23 22:33:31,375 - RLController - INFO -   Example: junction A0 -> durations [51, 13, 13, 13] (total: 90s)
2026-09-23 22:33:31,375 - RLController - INFO -   Example: junction A1 -> durations [24, 22, 22, 22] (total: 90s)
2026-09-23 22:33:31,375 - RLController - INFO -   Example: junction A2 -> durations [12, 12, 54, 12] (total: 90s)
2026-09-23 22:33:31,375 - RLController - INFO -   Example: junction A4 -> durations [60, 10, 10, 10] (total: 90s)
2026-09-23 22:33:31,375 - RLController - INFO -   Example: junction A5 -> durations [24, 22, 22, 22] (total: 90s)
2026-09-23 22:33:31,376 - RLController - INFO -   Example: junction B0 -> durations [24, 22, 22, 22] (total: 90s)
2026-09-23 22:33:31,376 - RLController - INFO -   Example: junction B1 -> durations [24, 22, 22, 22] (total: 90s)
2026-09-23 22:33:31,376 - RLController - INFO -   Example: junction B2 -> durations [24, 22, 22, 22] (total: 90s)
2026-09-23 22:33:31,376 - RLController - INFO -   Example: junction B4 -> durations [24, 22, 22, 22] (total: 90s)
2026-09-23 22:33:31,376 - RLController - INFO -   Example: junction B5 -> durations [60, 10, 10, 10] (total: 90s)
2026-09-23 22:33:31,376 - RLController - INFO -   Example: junction C0 -> durations [22, 22, 24, 22] (total: 90s)
2026-09-23 22:33:31,376 - RLController - INFO -   Example: junction C1 -> durations [24, 22, 22, 22] (total: 90s)
2026-09-23 22:33:31,377 - RLController - INFO -   Example: junction C2 -> durations [57, 13, 10, 10] (total: 90s)
2026-09-23 22:33:31,377 - RLController - INFO -   Example: junction C3 -> durations [60, 10, 10, 10] (total: 90s)
2026-09-23 22:33:31,377 - RLController - INFO -   Example: junction C4 -> durations [57, 11, 11, 11] (total: 90s)
2026-09-23 22:33:31,377 - RLController - INFO -   Example: junction C5 -> durations [57, 11, 11, 11] (total: 90s)
2026-09-23 22:33:31,377 - RLController - INFO -   Example: junction D0 -> durations [24, 22, 22, 22] (total: 90s)
2026-09-23 22:33:31,377 - RLController - INFO -   Example: junction D1 -> durations [21, 21, 27, 21] (total: 90s)
2026-09-23 22:33:31,378 - RLController - INFO -   Example: junction D2 -> durations [45, 15, 15, 15] (total: 90s)
2026-09-23 22:33:31,378 - RLController - INFO -   Example: junction D3 -> durations [24, 22, 22, 22] (total: 90s)
2026-09-23 22:33:31,378 - RLController - INFO -   Example: junction D4 -> durations [24, 22, 22, 22] (total: 90s)
2026-09-23 22:33:31,378 - RLController - INFO -   Example: junction D5 -> durations [13, 13, 51, 13] (total: 90s)
2026-09-23 22:33:31,378 - RLController - INFO -   Example: junction E0 -> durations [24, 22, 22, 22] (total: 90s)
2026-09-23 22:33:31,378 - RLController - INFO -   Example: junction E1 -> durations [24, 22, 22, 22] (total: 90s)
2026-09-23 22:33:31,379 - RLController - INFO -   Stored schedules for 34 junctions, cycle starts at step 1800
2026-09-23 22:33:34,308 - RLController - INFO - DIAGNOSTIC Step 1890 - Observation stats:
2026-09-23 22:33:34,308 - RLController - INFO -   Hash: 4842098274754870320, Min: 0.000000, Max: 1.000000, Mean: 0.402931, Std: 0.448898
2026-09-23 22:33:34,309 - RLController - INFO -   First 10: [1.  0.  0.  0.  0.  0.5 1.  0.  0.  0. ]
2026-09-23 22:33:34,309 - RLController - INFO -   Last 10: [0.         0.2        0.         0.08333334 0.42094016 0.00283044
 0.06068376 0.59330326 0.         0.3       ]
2026-09-23 22:33:34,313 - RLController - INFO - DIAGNOSTIC - Raw model action output:
2026-09-23 22:33:34,313 - RLController - INFO -   Action hash: -4122847745664760793
2026-09-23 22:33:34,313 - RLController - INFO -   First 8 values: [ -7.341536 -10.       -10.       -10.       -10.       -10.
 -10.       -10.      ]
2026-09-23 22:33:34,313 - RLController - INFO -   Last 8 values: [-10.        -10.        -10.        -10.        -10.         -0.7798807
 -10.        -10.       ]
2026-09-23 22:33:34,313 - RLController - INFO -   Action shape: (136,), min: -10.000000, max: 4.790463, mean: -9.240762
2026-09-23 22:33:34,314 - RLController - INFO -   B0 junction (indices 16-19) raw values: [ -9.579961 -10.       -10.       -10.      ]
2026-09-23 22:33:34,314 - RLController - INFO - Using CONTINUOUS DURATION-BASED mode
2026-09-23 22:33:34,314 - RLController - INFO -   Example: junction A0 -> durations [51, 13, 13, 13] (total: 90s)
2026-09-23 22:33:34,314 - RLController - INFO -   Example: junction A1 -> durations [24, 22, 22, 22] (total: 90s)
2026-09-23 22:33:34,314 - RLController - INFO -   Example: junction A2 -> durations [12, 12, 54, 12] (total: 90s)
2026-09-23 22:33:34,314 - RLController - INFO -   Example: junction A4 -> durations [60, 10, 10, 10] (total: 90s)
2026-09-23 22:33:34,314 - RLController - INFO -   Example: junction A5 -> durations [24, 22, 22, 22] (total: 90s)
2026-09-23 22:33:34,314 - RLController - INFO -   Example: junction B0 -> durations [24, 22, 22, 22] (total: 90s)
2026-09-23 22:33:34,315 - RLController - INFO -   Example: junction B1 -> durations [24, 22, 22, 22] (total: 90s)
2026-09-23 22:33:34,315 - RLController - INFO -   Example: junction B2 -> durations [24, 22, 22, 22] (total: 90s)
2026-09-23 22:33:34,315 - RLController - INFO -   Example: junction B4 -> durations [24, 22, 22, 22] (total: 90s)
2026-09-23 22:33:34,315 - RLController - INFO -   Example: junction B5 -> durations [60, 10, 10, 10] (total: 90s)
2026-09-23 22:33:34,315 - RLController - INFO -   Example: junction C0 -> durations [22, 22, 24, 22] (total: 90s)
2026-09-23 22:33:34,315 - RLController - INFO -   Example: junction C1 -> durations [24, 22, 22, 22] (total: 90s)
2026-09-23 22:33:34,315 - RLController - INFO -   Example: junction C2 -> durations [57, 13, 10, 10] (total: 90s)
2026-09-23 22:33:34,316 - RLController - INFO -   Example: junction C3 -> durations [60, 10, 10, 10] (total: 90s)
2026-09-23 22:33:34,316 - RLController - INFO -   Example: junction C4 -> durations [57, 11, 11, 11] (total: 90s)
2026-09-23 22:33:34,316 - RLController - INFO -   Example: junction C5 -> durations [57, 11, 11, 11] (total: 90s)
2026-09-23 22:33:34,316 - RLController - INFO -   Example: junction D0 -> durations [24, 22, 22, 22] (total: 90s)
2026-09-23 22:33:34,316 - RLController - INFO -   Example: junction D1 -> durations [21, 21, 27, 21] (total: 90s)
2026-09-23 22:33:34,316 - RLController - INFO -   Example: junction D2 -> durations [45, 15, 15, 15] (total: 90s)
2026-09-23 22:33:34,316 - RLController - INFO -   Example: junction D3 -> durations [24, 22, 22, 22] (total: 90s)
2026-09-23 22:33:34,316 - RLController - INFO -   Example: junction D4 -> durations [24, 22, 22, 22] (total: 90s)
2026-09-23 22:33:34,317 - RLController - INFO -   Example: junction D5 -> durations [13, 13, 51, 13] (total: 90s)
2026-09-23 22:33:34,317 - RLController - INFO -   Example: junction E0 -> durations [24, 22, 22, 22] (total: 90s)
2026-09-23 22:33:34,317 - RLController - INFO -   Example: junction E1 -> durations [24, 22, 22, 22] (total: 90s)
2026-09-23 22:33:34,318 - RLController - INFO -   Stored schedules for 34 junctions, cycle starts at step 1890
2026-09-23 22:33:37,310 - RLController - INFO - DIAGNOSTIC Step 1980 - Observation stats:
2026-09-23 22:33:37,310 - RLController - INFO -   Hash: 2297132629125883666, Min: 0.000000, Max: 1.000000, Mean: 0.402476, Std: 0.449337
2026-09-23 22:33:37,311 - RLController - INFO -   First 10: [1.  0.  0.  0.  0.  0.5 1.  0.  0.  0. ]
2026-09-23 22:33:37,311 - RLController - INFO -   Last 10: [0.         0.2        0.         0.08333334 0.41025642 0.00309606
 0.06188034 0.6005173  0.         0.3       ]
2026-09-23 22:33:37,315 - RLController - INFO - DIAGNOSTIC - Raw model action output:
2026-09-23 22:33:37,315 - RLController - INFO -   Action hash: 5959720868434385407
2026-09-23 22:33:37,316 - RLController - INFO -   First 8 values: [ -7.08036 -10.      -10.      -10.      -10.      -10.      -10.
 -10.     ]
2026-09-23 22:33:37,316 - RLController - INFO -   Last 8 values: [-10.        -10.        -10.        -10.        -10.         -1.3905602
 -10.        -10.       ]
2026-09-23 22:33:37,316 - RLController - INFO -   Action shape: (136,), min: -10.000000, max: 4.491475, mean: -9.242514
2026-09-23 22:33:37,316 - RLController - INFO -   B0 junction (indices 16-19) raw values: [ -9.453794 -10.       -10.       -10.      ]
2026-09-23 22:33:37,316 - RLController - INFO - Using CONTINUOUS DURATION-BASED mode
2026-09-23 22:33:37,317 - RLController - INFO -   Example: junction A0 -> durations [51, 13, 13, 13] (total: 90s)
2026-09-23 22:33:37,317 - RLController - INFO -   Example: junction A1 -> durations [24, 22, 22, 22] (total: 90s)
2026-09-23 22:33:37,317 - RLController - INFO -   Example: junction A2 -> durations [12, 12, 54, 12] (total: 90s)
2026-09-23 22:33:37,317 - RLController - INFO -   Example: junction A4 -> durations [60, 10, 10, 10] (total: 90s)
2026-09-23 22:33:37,317 - RLController - INFO -   Example: junction A5 -> durations [24, 22, 22, 22] (total: 90s)
2026-09-23 22:33:37,317 - RLController - INFO -   Example: junction B0 -> durations [24, 22, 22, 22] (total: 90s)
2026-09-23 22:33:37,317 - RLController - INFO -   Example: junction B1 -> durations [24, 22, 22, 22] (total: 90s)
2026-09-23 22:33:37,318 - RLController - INFO -   Example: junction B2 -> durations [24, 22, 22, 22] (total: 90s)
2026-09-23 22:33:37,318 - RLController - INFO -   Example: junction B4 -> durations [24, 22, 22, 22] (total: 90s)
2026-09-23 22:33:37,318 - RLController - INFO -   Example: junction B5 -> durations [60, 10, 10, 10] (total: 90s)
2026-09-23 22:33:37,318 - RLController - INFO -   Example: junction C0 -> durations [22, 22, 24, 22] (total: 90s)
2026-09-23 22:33:37,318 - RLController - INFO -   Example: junction C1 -> durations [24, 22, 22, 22] (total: 90s)
2026-09-23 22:33:37,318 - RLController - INFO -   Example: junction C2 -> durations [57, 13, 10, 10] (total: 90s)
2026-09-23 22:33:37,318 - RLController - INFO -   Example: junction C3 -> durations [60, 10, 10, 10] (total: 90s)
2026-09-23 22:33:37,319 - RLController - INFO -   Example: junction C4 -> durations [57, 11, 11, 11] (total: 90s)
2026-09-23 22:33:37,319 - RLController - INFO -   Example: junction C5 -> durations [57, 11, 11, 11] (total: 90s)
2026-09-23 22:33:37,319 - RLController - INFO -   Example: junction D0 -> durations [24, 22, 22, 22] (total: 90s)
2026-09-23 22:33:37,319 - RLController - INFO -   Example: junction D1 -> durations [21, 21, 27, 21] (total: 90s)
2026-09-23 22:33:37,319 - RLController - INFO -   Example: junction D2 -> durations [45, 15, 15, 15] (total: 90s)
2026-09-23 22:33:37,319 - RLController - INFO -   Example: junction D3 -> durations [24, 22, 22, 22] (total: 90s)
2026-09-23 22:33:37,319 - RLController - INFO -   Example: junction D4 -> durations [24, 22, 22, 22] (total: 90s)
2026-09-23 22:33:37,320 - RLController - INFO -   Example: junction D5 -> durations [13, 13, 51, 13] (total: 90s)
2026-09-23 22:33:37,320 - RLController - INFO -   Example: junction E0 -> durations [24, 22, 22, 22] (total: 90s)
2026-09-23 22:33:37,320 - RLController - INFO -   Example: junction E1 -> durations [24, 22, 22, 22] (total: 90s)
2026-09-23 22:33:37,321 - RLController - INFO -   Stored schedules for 34 junctions, cycle starts at step 1980
2026-09-23 22:33:40,563 - RLController - INFO - DIAGNOSTIC Step 2070 - Observation stats:
2026-09-23 22:33:40,564 - RLController - INFO -   Hash: 4674833404163112027, Min: 0.000000, Max: 1.000000, Mean: 0.406952, Std: 0.450901
2026-09-23 22:33:40,565 - RLController - INFO -   First 10: [1.  0.  0.  0.  0.  0.5 1.  0.  0.  0. ]
2026-09-23 22:33:40,565 - RLController - INFO -   Last 10: [0.         0.2        0.         0.08333334 0.42948717 0.00345903
 0.06350427 0.5904176  0.         0.3       ]
2026-09-23 22:33:40,573 - RLController - INFO - DIAGNOSTIC - Raw model action output:
2026-09-23 22:33:40,573 - RLController - INFO -   Action hash: 7259248776234821511
2026-09-23 22:33:40,573 - RLController - INFO -   First 8 values: [ -6.888938 -10.       -10.       -10.       -10.       -10.
 -10.       -10.      ]
2026-09-23 22:33:40,574 - RLController - INFO -   Last 8 values: [-10.        -10.        -10.        -10.        -10.         -1.4166937
 -10.        -10.       ]
2026-09-23 22:33:40,574 - RLController - INFO -   Action shape: (136,), min: -10.000000, max: 5.423420, mean: -9.246472
2026-09-23 22:33:40,574 - RLController - INFO -   B0 junction (indices 16-19) raw values: [ -9.495757 -10.       -10.       -10.      ]
2026-09-23 22:33:40,575 - RLController - INFO - Using CONTINUOUS DURATION-BASED mode
2026-09-23 22:33:40,575 - RLController - INFO -   Example: junction A0 -> durations [51, 13, 13, 13] (total: 90s)
2026-09-23 22:33:40,575 - RLController - INFO -   Example: junction A1 -> durations [24, 22, 22, 22] (total: 90s)
2026-09-23 22:33:40,576 - RLController - INFO -   Example: junction A2 -> durations [12, 12, 54, 12] (total: 90s)
2026-09-23 22:33:40,576 - RLController - INFO -   Example: junction A4 -> durations [60, 10, 10, 10] (total: 90s)
2026-09-23 22:33:40,576 - RLController - INFO -   Example: junction A5 -> durations [24, 22, 22, 22] (total: 90s)
2026-09-23 22:33:40,576 - RLController - INFO -   Example: junction B0 -> durations [24, 22, 22, 22] (total: 90s)
2026-09-23 22:33:40,577 - RLController - INFO -   Example: junction B1 -> durations [24, 22, 22, 22] (total: 90s)
2026-09-23 22:33:40,577 - RLController - INFO -   Example: junction B2 -> durations [24, 22, 22, 22] (total: 90s)
2026-09-23 22:33:40,577 - RLController - INFO -   Example: junction B4 -> durations [24, 22, 22, 22] (total: 90s)
2026-09-23 22:33:40,577 - RLController - INFO -   Example: junction B5 -> durations [60, 10, 10, 10] (total: 90s)
2026-09-23 22:33:40,578 - RLController - INFO -   Example: junction C0 -> durations [22, 22, 24, 22] (total: 90s)
2026-09-23 22:33:40,578 - RLController - INFO -   Example: junction C1 -> durations [24, 22, 22, 22] (total: 90s)
2026-09-23 22:33:40,578 - RLController - INFO -   Example: junction C2 -> durations [57, 13, 10, 10] (total: 90s)
2026-09-23 22:33:40,578 - RLController - INFO -   Example: junction C3 -> durations [60, 10, 10, 10] (total: 90s)
2026-09-23 22:33:40,579 - RLController - INFO -   Example: junction C4 -> durations [57, 11, 11, 11] (total: 90s)
2026-09-23 22:33:40,579 - RLController - INFO -   Example: junction C5 -> durations [57, 11, 11, 11] (total: 90s)
2026-09-23 22:33:40,579 - RLController - INFO -   Example: junction D0 -> durations [24, 22, 22, 22] (total: 90s)
2026-09-23 22:33:40,579 - RLController - INFO -   Example: junction D1 -> durations [21, 21, 27, 21] (total: 90s)
2026-09-23 22:33:40,579 - RLController - INFO -   Example: junction D2 -> durations [45, 15, 15, 15] (total: 90s)
2026-09-23 22:33:40,580 - RLController - INFO -   Example: junction D3 -> durations [24, 22, 22, 22] (total: 90s)
2026-09-23 22:33:40,580 - RLController - INFO -   Example: junction D4 -> durations [24, 22, 22, 22] (total: 90s)
2026-09-23 22:33:40,580 - RLController - INFO -   Example: junction D5 -> durations [13, 13, 51, 13] (total: 90s)
2026-09-23 22:33:40,581 - RLController - INFO -   Example: junction E0 -> durations [24, 22, 22, 22] (total: 90s)
2026-09-23 22:33:40,581 - RLController - INFO -   Example: junction E1 -> durations [24, 22, 22, 22] (total: 90s)
2026-09-23 22:33:40,582 - RLController - INFO -   Stored schedules for 34 junctions, cycle starts at step 2070
2026-09-23 22:33:43,716 - RLController - INFO - DIAGNOSTIC Step 2160 - Observation stats:
2026-09-23 22:33:43,716 - RLController - INFO -   Hash: -2893951316585906339, Min: 0.000000, Max: 1.000000, Mean: 0.412001, Std: 0.451899
2026-09-23 22:33:43,717 - RLController - INFO -   First 10: [1.         0.         0.         0.         0.         0.5
 0.         0.         0.99333334 1.        ]
2026-09-23 22:33:43,717 - RLController - INFO -   Last 10: [0.         0.2        0.         0.08333334 0.4508547  0.00321631
 0.06397436 0.5679654  0.         0.3       ]
2026-09-23 22:33:43,721 - RLController - INFO - DIAGNOSTIC - Raw model action output:
2026-09-23 22:33:43,721 - RLController - INFO -   Action hash: 1135790677546687751
2026-09-23 22:33:43,721 - RLController - INFO -   First 8 values: [ -7.048882 -10.       -10.       -10.       -10.       -10.
 -10.       -10.      ]
2026-09-23 22:33:43,721 - RLController - INFO -   Last 8 values: [-10.        -10.        -10.        -10.        -10.         -2.3248134
 -10.        -10.       ]
2026-09-23 22:33:43,721 - RLController - INFO -   Action shape: (136,), min: -10.000000, max: 4.771801, mean: -9.244515
2026-09-23 22:33:43,722 - RLController - INFO -   B0 junction (indices 16-19) raw values: [-10. -10. -10. -10.]
2026-09-23 22:33:43,722 - RLController - INFO - Using CONTINUOUS DURATION-BASED mode
2026-09-23 22:33:43,722 - RLController - INFO -   Example: junction A0 -> durations [51, 13, 13, 13] (total: 90s)
2026-09-23 22:33:43,722 - RLController - INFO -   Example: junction A1 -> durations [24, 22, 22, 22] (total: 90s)
2026-09-23 22:33:43,722 - RLController - INFO -   Example: junction A2 -> durations [12, 12, 54, 12] (total: 90s)
2026-09-23 22:33:43,722 - RLController - INFO -   Example: junction A4 -> durations [60, 10, 10, 10] (total: 90s)
2026-09-23 22:33:43,722 - RLController - INFO -   Example: junction A5 -> durations [24, 22, 22, 22] (total: 90s)
2026-09-23 22:33:43,723 - RLController - INFO -   Example: junction B0 -> durations [24, 22, 22, 22] (total: 90s)
2026-09-23 22:33:43,723 - RLController - INFO -   Example: junction B1 -> durations [24, 22, 22, 22] (total: 90s)
2026-09-23 22:33:43,723 - RLController - INFO -   Example: junction B2 -> durations [24, 22, 22, 22] (total: 90s)
2026-09-23 22:33:43,723 - RLController - INFO -   Example: junction B4 -> durations [24, 22, 22, 22] (total: 90s)
2026-09-23 22:33:43,723 - RLController - INFO -   Example: junction B5 -> durations [60, 10, 10, 10] (total: 90s)
2026-09-23 22:33:43,723 - RLController - INFO -   Example: junction C0 -> durations [22, 22, 24, 22] (total: 90s)
2026-09-23 22:33:43,723 - RLController - INFO -   Example: junction C1 -> durations [24, 22, 22, 22] (total: 90s)
2026-09-23 22:33:43,723 - RLController - INFO -   Example: junction C2 -> durations [57, 13, 10, 10] (total: 90s)
2026-09-23 22:33:43,724 - RLController - INFO -   Example: junction C3 -> durations [60, 10, 10, 10] (total: 90s)
2026-09-23 22:33:43,724 - RLController - INFO -   Example: junction C4 -> durations [57, 11, 11, 11] (total: 90s)
2026-09-23 22:33:43,724 - RLController - INFO -   Example: junction C5 -> durations [57, 11, 11, 11] (total: 90s)
2026-09-23 22:33:43,724 - RLController - INFO -   Example: junction D0 -> durations [24, 22, 22, 22] (total: 90s)
2026-09-23 22:33:43,724 - RLController - INFO -   Example: junction D1 -> durations [21, 21, 27, 21] (total: 90s)
2026-09-23 22:33:43,724 - RLController - INFO -   Example: junction D2 -> durations [45, 15, 15, 15] (total: 90s)
2026-09-23 22:33:43,724 - RLController - INFO -   Example: junction D3 -> durations [24, 22, 22, 22] (total: 90s)
2026-09-23 22:33:43,725 - RLController - INFO -   Example: junction D4 -> durations [24, 22, 22, 22] (total: 90s)
2026-09-23 22:33:43,725 - RLController - INFO -   Example: junction D5 -> durations [13, 13, 51, 13] (total: 90s)
2026-09-23 22:33:43,725 - RLController - INFO -   Example: junction E0 -> durations [24, 22, 22, 22] (total: 90s)
2026-09-23 22:33:43,725 - RLController - INFO -   Example: junction E1 -> durations [24, 22, 22, 22] (total: 90s)
2026-09-23 22:33:43,726 - RLController - INFO -   Stored schedules for 34 junctions, cycle starts at step 2160
2026-09-23 22:33:46,794 - RLController - INFO - DIAGNOSTIC Step 2250 - Observation stats:
2026-09-23 22:33:46,795 - RLController - INFO -   Hash: -7915101936342686107, Min: 0.000000, Max: 1.000000, Mean: 0.414408, Std: 0.453446
2026-09-23 22:33:46,795 - RLController - INFO -   First 10: [1.         0.         0.         0.         0.         0.5
 0.         1.         0.99333334 1.        ]
2026-09-23 22:33:46,795 - RLController - INFO -   Last 10: [0.         0.2        0.         0.08333334 0.44871795 0.00318608
 0.06547008 0.5689002  0.         0.3       ]
2026-09-23 22:33:46,801 - RLController - INFO - DIAGNOSTIC - Raw model action output:
2026-09-23 22:33:46,801 - RLController - INFO -   Action hash: -4691130622155344958
2026-09-23 22:33:46,801 - RLController - INFO -   First 8 values: [ -7.038271 -10.       -10.       -10.       -10.       -10.
 -10.       -10.      ]
2026-09-23 22:33:46,802 - RLController - INFO -   Last 8 values: [-10.       -10.       -10.       -10.       -10.        -1.912699
 -10.       -10.      ]
2026-09-23 22:33:46,802 - RLController - INFO -   Action shape: (136,), min: -10.000000, max: 5.012698, mean: -9.227728
2026-09-23 22:33:46,802 - RLController - INFO -   B0 junction (indices 16-19) raw values: [ -9.6813135 -10.        -10.        -10.       ]
2026-09-23 22:33:46,802 - RLController - INFO - Using CONTINUOUS DURATION-BASED mode
2026-09-23 22:33:46,802 - RLController - INFO -   Example: junction A0 -> durations [51, 13, 13, 13] (total: 90s)
2026-09-23 22:33:46,803 - RLController - INFO -   Example: junction A1 -> durations [24, 22, 22, 22] (total: 90s)
2026-09-23 22:33:46,803 - RLController - INFO -   Example: junction A2 -> durations [12, 12, 54, 12] (total: 90s)
2026-09-23 22:33:46,803 - RLController - INFO -   Example: junction A4 -> durations [60, 10, 10, 10] (total: 90s)
2026-09-23 22:33:46,803 - RLController - INFO -   Example: junction A5 -> durations [24, 22, 22, 22] (total: 90s)
2026-09-23 22:33:46,803 - RLController - INFO -   Example: junction B0 -> durations [24, 22, 22, 22] (total: 90s)
2026-09-23 22:33:46,803 - RLController - INFO -   Example: junction B1 -> durations [24, 22, 22, 22] (total: 90s)
2026-09-23 22:33:46,804 - RLController - INFO -   Example: junction B2 -> durations [24, 22, 22, 22] (total: 90s)
2026-09-23 22:33:46,804 - RLController - INFO -   Example: junction B4 -> durations [24, 22, 22, 22] (total: 90s)
2026-09-23 22:33:46,804 - RLController - INFO -   Example: junction B5 -> durations [60, 10, 10, 10] (total: 90s)
2026-09-23 22:33:46,804 - RLController - INFO -   Example: junction C0 -> durations [22, 22, 24, 22] (total: 90s)
2026-09-23 22:33:46,804 - RLController - INFO -   Example: junction C1 -> durations [24, 22, 22, 22] (total: 90s)
2026-09-23 22:33:46,805 - RLController - INFO -   Example: junction C2 -> durations [57, 13, 10, 10] (total: 90s)
2026-09-23 22:33:46,805 - RLController - INFO -   Example: junction C3 -> durations [60, 10, 10, 10] (total: 90s)
2026-09-23 22:33:46,805 - RLController - INFO -   Example: junction C4 -> durations [57, 11, 11, 11] (total: 90s)
2026-09-23 22:33:46,805 - RLController - INFO -   Example: junction C5 -> durations [57, 11, 11, 11] (total: 90s)
2026-09-23 22:33:46,805 - RLController - INFO -   Example: junction D0 -> durations [24, 22, 22, 22] (total: 90s)
2026-09-23 22:33:46,806 - RLController - INFO -   Example: junction D1 -> durations [21, 21, 27, 21] (total: 90s)
2026-09-23 22:33:46,806 - RLController - INFO -   Example: junction D2 -> durations [45, 15, 15, 15] (total: 90s)
2026-09-23 22:33:46,806 - RLController - INFO -   Example: junction D3 -> durations [24, 22, 22, 22] (total: 90s)
2026-09-23 22:33:46,806 - RLController - INFO -   Example: junction D4 -> durations [24, 22, 22, 22] (total: 90s)
2026-09-23 22:33:46,806 - RLController - INFO -   Example: junction D5 -> durations [13, 13, 51, 13] (total: 90s)
2026-09-23 22:33:46,806 - RLController - INFO -   Example: junction E0 -> durations [24, 22, 22, 22] (total: 90s)
2026-09-23 22:33:46,807 - RLController - INFO -   Example: junction E1 -> durations [24, 22, 22, 22] (total: 90s)
2026-09-23 22:33:46,808 - RLController - INFO -   Stored schedules for 34 junctions, cycle starts at step 2250
2026-09-23 22:33:49,815 - RLController - INFO - DIAGNOSTIC Step 2340 - Observation stats:
2026-09-23 22:33:49,816 - RLController - INFO -   Hash: -3616150814637889181, Min: 0.000000, Max: 1.000000, Mean: 0.414254, Std: 0.452516
2026-09-23 22:33:49,817 - RLController - INFO -   First 10: [1.         0.         0.         0.         0.         0.5
 0.         1.         0.99333334 1.        ]
2026-09-23 22:33:49,817 - RLController - INFO -   Last 10: [0.         0.2        0.         0.08333334 0.44871795 0.00345492
 0.06504273 0.5680503  0.         0.3       ]
2026-09-23 22:33:49,823 - RLController - INFO - DIAGNOSTIC - Raw model action output:
2026-09-23 22:33:49,823 - RLController - INFO -   Action hash: -5994750461898831811
2026-09-23 22:33:49,823 - RLController - INFO -   First 8 values: [ -7.3643107 -10.        -10.        -10.        -10.        -10.
 -10.        -10.       ]
2026-09-23 22:33:49,824 - RLController - INFO -   Last 8 values: [-10.       -10.       -10.       -10.       -10.        -2.658397
 -10.       -10.      ]
2026-09-23 22:33:49,824 - RLController - INFO -   Action shape: (136,), min: -10.000000, max: 5.267591, mean: -9.229436
2026-09-23 22:33:49,824 - RLController - INFO -   B0 junction (indices 16-19) raw values: [ -9.548487 -10.       -10.       -10.      ]
2026-09-23 22:33:49,824 - RLController - INFO - Using CONTINUOUS DURATION-BASED mode
2026-09-23 22:33:49,825 - RLController - INFO -   Example: junction A0 -> durations [51, 13, 13, 13] (total: 90s)
2026-09-23 22:33:49,825 - RLController - INFO -   Example: junction A1 -> durations [24, 22, 22, 22] (total: 90s)
2026-09-23 22:33:49,825 - RLController - INFO -   Example: junction A2 -> durations [12, 12, 54, 12] (total: 90s)
2026-09-23 22:33:49,825 - RLController - INFO -   Example: junction A4 -> durations [60, 10, 10, 10] (total: 90s)
2026-09-23 22:33:49,825 - RLController - INFO -   Example: junction A5 -> durations [24, 22, 22, 22] (total: 90s)
2026-09-23 22:33:49,825 - RLController - INFO -   Example: junction B0 -> durations [24, 22, 22, 22] (total: 90s)
2026-09-23 22:33:49,825 - RLController - INFO -   Example: junction B1 -> durations [24, 22, 22, 22] (total: 90s)
2026-09-23 22:33:49,826 - RLController - INFO -   Example: junction B2 -> durations [24, 22, 22, 22] (total: 90s)
2026-09-23 22:33:49,826 - RLController - INFO -   Example: junction B4 -> durations [24, 22, 22, 22] (total: 90s)
2026-09-23 22:33:49,826 - RLController - INFO -   Example: junction B5 -> durations [60, 10, 10, 10] (total: 90s)
2026-09-23 22:33:49,826 - RLController - INFO -   Example: junction C0 -> durations [22, 22, 24, 22] (total: 90s)
2026-09-23 22:33:49,826 - RLController - INFO -   Example: junction C1 -> durations [24, 22, 22, 22] (total: 90s)
2026-09-23 22:33:49,826 - RLController - INFO -   Example: junction C2 -> durations [57, 13, 10, 10] (total: 90s)
2026-09-23 22:33:49,827 - RLController - INFO -   Example: junction C3 -> durations [60, 10, 10, 10] (total: 90s)
2026-09-23 22:33:49,827 - RLController - INFO -   Example: junction C4 -> durations [57, 11, 11, 11] (total: 90s)
2026-09-23 22:33:49,827 - RLController - INFO -   Example: junction C5 -> durations [57, 11, 11, 11] (total: 90s)
2026-09-23 22:33:49,827 - RLController - INFO -   Example: junction D0 -> durations [24, 22, 22, 22] (total: 90s)
2026-09-23 22:33:49,827 - RLController - INFO -   Example: junction D1 -> durations [21, 21, 27, 21] (total: 90s)
2026-09-23 22:33:49,827 - RLController - INFO -   Example: junction D2 -> durations [45, 15, 15, 15] (total: 90s)
2026-09-23 22:33:49,827 - RLController - INFO -   Example: junction D3 -> durations [24, 22, 22, 22] (total: 90s)
2026-09-23 22:33:49,828 - RLController - INFO -   Example: junction D4 -> durations [24, 22, 22, 22] (total: 90s)
2026-09-23 22:33:49,828 - RLController - INFO -   Example: junction D5 -> durations [13, 13, 51, 13] (total: 90s)
2026-09-23 22:33:49,828 - RLController - INFO -   Example: junction E0 -> durations [24, 22, 22, 22] (total: 90s)
2026-09-23 22:33:49,828 - RLController - INFO -   Example: junction E1 -> durations [24, 22, 22, 22] (total: 90s)
2026-09-23 22:33:49,829 - RLController - INFO -   Stored schedules for 34 junctions, cycle starts at step 2340
2026-09-23 22:33:52,857 - RLController - INFO - DIAGNOSTIC Step 2430 - Observation stats:
2026-09-23 22:33:52,858 - RLController - INFO -   Hash: -8469821868588816694, Min: 0.000000, Max: 1.000058, Mean: 0.415118, Std: 0.452545
2026-09-23 22:33:52,858 - RLController - INFO -   First 10: [1.  0.  0.  0.  0.  0.5 1.  0.  0.  0. ]
2026-09-23 22:33:52,859 - RLController - INFO -   Last 10: [0.         0.2        0.         0.08333334 0.4594017  0.0033597
 0.0665812  0.5608469  0.         0.3       ]
2026-09-23 22:33:52,864 - RLController - INFO - DIAGNOSTIC - Raw model action output:
2026-09-23 22:33:52,864 - RLController - INFO -   Action hash: -6679198009387725832
2026-09-23 22:33:52,864 - RLController - INFO -   First 8 values: [ -7.049334 -10.       -10.       -10.       -10.       -10.
 -10.       -10.      ]
2026-09-23 22:33:52,865 - RLController - INFO -   Last 8 values: [-10.        -10.        -10.        -10.        -10.         -0.7447886
 -10.        -10.       ]
2026-09-23 22:33:52,865 - RLController - INFO -   Action shape: (136,), min: -10.000000, max: 5.335419, mean: -9.223705
2026-09-23 22:33:52,865 - RLController - INFO -   B0 junction (indices 16-19) raw values: [ -9.6534395 -10.        -10.        -10.       ]
2026-09-23 22:33:52,865 - RLController - INFO - Using CONTINUOUS DURATION-BASED mode
2026-09-23 22:33:52,866 - RLController - INFO -   Example: junction A0 -> durations [51, 13, 13, 13] (total: 90s)
2026-09-23 22:33:52,866 - RLController - INFO -   Example: junction A1 -> durations [24, 22, 22, 22] (total: 90s)
2026-09-23 22:33:52,866 - RLController - INFO -   Example: junction A2 -> durations [12, 12, 54, 12] (total: 90s)
2026-09-23 22:33:52,866 - RLController - INFO -   Example: junction A4 -> durations [60, 10, 10, 10] (total: 90s)
2026-09-23 22:33:52,866 - RLController - INFO -   Example: junction A5 -> durations [24, 22, 22, 22] (total: 90s)
2026-09-23 22:33:52,867 - RLController - INFO -   Example: junction B0 -> durations [24, 22, 22, 22] (total: 90s)
2026-09-23 22:33:52,867 - RLController - INFO -   Example: junction B1 -> durations [24, 22, 22, 22] (total: 90s)
2026-09-23 22:33:52,867 - RLController - INFO -   Example: junction B2 -> durations [24, 22, 22, 22] (total: 90s)
2026-09-23 22:33:52,867 - RLController - INFO -   Example: junction B4 -> durations [24, 22, 22, 22] (total: 90s)
2026-09-23 22:33:52,867 - RLController - INFO -   Example: junction B5 -> durations [60, 10, 10, 10] (total: 90s)
2026-09-23 22:33:52,867 - RLController - INFO -   Example: junction C0 -> durations [22, 22, 24, 22] (total: 90s)
2026-09-23 22:33:52,867 - RLController - INFO -   Example: junction C1 -> durations [24, 22, 22, 22] (total: 90s)
2026-09-23 22:33:52,868 - RLController - INFO -   Example: junction C2 -> durations [57, 13, 10, 10] (total: 90s)
2026-09-23 22:33:52,868 - RLController - INFO -   Example: junction C3 -> durations [60, 10, 10, 10] (total: 90s)
2026-09-23 22:33:52,868 - RLController - INFO -   Example: junction C4 -> durations [57, 11, 11, 11] (total: 90s)
2026-09-23 22:33:52,868 - RLController - INFO -   Example: junction C5 -> durations [57, 11, 11, 11] (total: 90s)
2026-09-23 22:33:52,868 - RLController - INFO -   Example: junction D0 -> durations [24, 22, 22, 22] (total: 90s)
2026-09-23 22:33:52,868 - RLController - INFO -   Example: junction D1 -> durations [21, 21, 27, 21] (total: 90s)
2026-09-23 22:33:52,868 - RLController - INFO -   Example: junction D2 -> durations [45, 15, 15, 15] (total: 90s)
2026-09-23 22:33:52,869 - RLController - INFO -   Example: junction D3 -> durations [24, 22, 22, 22] (total: 90s)
2026-09-23 22:33:52,869 - RLController - INFO -   Example: junction D4 -> durations [24, 22, 22, 22] (total: 90s)
2026-09-23 22:33:52,869 - RLController - INFO -   Example: junction D5 -> durations [13, 13, 51, 13] (total: 90s)
2026-09-23 22:33:52,869 - RLController - INFO -   Example: junction E0 -> durations [24, 22, 22, 22] (total: 90s)
2026-09-23 22:33:52,869 - RLController - INFO -   Example: junction E1 -> durations [24, 22, 22, 22] (total: 90s)
2026-09-23 22:33:52,870 - RLController - INFO -   Stored schedules for 34 junctions, cycle starts at step 2430
2026-09-23 22:33:56,081 - RLController - INFO - DIAGNOSTIC Step 2520 - Observation stats:
2026-09-23 22:33:56,081 - RLController - INFO -   Hash: 7668441056824175294, Min: 0.000000, Max: 1.000000, Mean: 0.413883, Std: 0.451441
2026-09-23 22:33:56,082 - RLController - INFO -   First 10: [1.  0.  0.  0.  0.  0.5 1.  0.  0.  0. ]
2026-09-23 22:33:56,082 - RLController - INFO -   Last 10: [0.         0.2        0.         0.08333334 0.44658118 0.00266918
 0.07042735 0.563823   0.         0.3       ]
2026-09-23 22:33:56,088 - RLController - INFO - DIAGNOSTIC - Raw model action output:
2026-09-23 22:33:56,088 - RLController - INFO -   Action hash: -8019078653040359569
2026-09-23 22:33:56,089 - RLController - INFO -   First 8 values: [ -7.1564183 -10.        -10.        -10.        -10.        -10.
 -10.        -10.       ]
2026-09-23 22:33:56,089 - RLController - INFO -   Last 8 values: [-10.        -10.        -10.        -10.        -10.         -1.2512536
 -10.        -10.       ]
2026-09-23 22:33:56,089 - RLController - INFO -   Action shape: (136,), min: -10.000000, max: 5.230964, mean: -9.252822
2026-09-23 22:33:56,089 - RLController - INFO -   B0 junction (indices 16-19) raw values: [ -9.845713 -10.       -10.       -10.      ]
2026-09-23 22:33:56,089 - RLController - INFO - Using CONTINUOUS DURATION-BASED mode
2026-09-23 22:33:56,090 - RLController - INFO -   Example: junction A0 -> durations [51, 13, 13, 13] (total: 90s)
2026-09-23 22:33:56,090 - RLController - INFO -   Example: junction A1 -> durations [24, 22, 22, 22] (total: 90s)
2026-09-23 22:33:56,090 - RLController - INFO -   Example: junction A2 -> durations [12, 12, 54, 12] (total: 90s)
2026-09-23 22:33:56,090 - RLController - INFO -   Example: junction A4 -> durations [60, 10, 10, 10] (total: 90s)
2026-09-23 22:33:56,090 - RLController - INFO -   Example: junction A5 -> durations [24, 22, 22, 22] (total: 90s)
2026-09-23 22:33:56,090 - RLController - INFO -   Example: junction B0 -> durations [24, 22, 22, 22] (total: 90s)
2026-09-23 22:33:56,091 - RLController - INFO -   Example: junction B1 -> durations [24, 22, 22, 22] (total: 90s)
2026-09-23 22:33:56,091 - RLController - INFO -   Example: junction B2 -> durations [24, 22, 22, 22] (total: 90s)
2026-09-23 22:33:56,091 - RLController - INFO -   Example: junction B4 -> durations [24, 22, 22, 22] (total: 90s)
2026-09-23 22:33:56,091 - RLController - INFO -   Example: junction B5 -> durations [60, 10, 10, 10] (total: 90s)
2026-09-23 22:33:56,091 - RLController - INFO -   Example: junction C0 -> durations [22, 22, 24, 22] (total: 90s)
2026-09-23 22:33:56,091 - RLController - INFO -   Example: junction C1 -> durations [24, 22, 22, 22] (total: 90s)
2026-09-23 22:33:56,091 - RLController - INFO -   Example: junction C2 -> durations [57, 13, 10, 10] (total: 90s)
2026-09-23 22:33:56,092 - RLController - INFO -   Example: junction C3 -> durations [60, 10, 10, 10] (total: 90s)
2026-09-23 22:33:56,092 - RLController - INFO -   Example: junction C4 -> durations [57, 11, 11, 11] (total: 90s)
2026-09-23 22:33:56,092 - RLController - INFO -   Example: junction C5 -> durations [57, 11, 11, 11] (total: 90s)
2026-09-23 22:33:56,092 - RLController - INFO -   Example: junction D0 -> durations [24, 22, 22, 22] (total: 90s)
2026-09-23 22:33:56,092 - RLController - INFO -   Example: junction D1 -> durations [21, 21, 27, 21] (total: 90s)
2026-09-23 22:33:56,092 - RLController - INFO -   Example: junction D2 -> durations [45, 15, 15, 15] (total: 90s)
2026-09-23 22:33:56,092 - RLController - INFO -   Example: junction D3 -> durations [24, 22, 22, 22] (total: 90s)
2026-09-23 22:33:56,093 - RLController - INFO -   Example: junction D4 -> durations [24, 22, 22, 22] (total: 90s)
2026-09-23 22:33:56,093 - RLController - INFO -   Example: junction D5 -> durations [13, 13, 51, 13] (total: 90s)
2026-09-23 22:33:56,093 - RLController - INFO -   Example: junction E0 -> durations [24, 22, 22, 22] (total: 90s)
2026-09-23 22:33:56,093 - RLController - INFO -   Example: junction E1 -> durations [24, 22, 22, 22] (total: 90s)
2026-09-23 22:33:56,094 - RLController - INFO -   Stored schedules for 34 junctions, cycle starts at step 2520
2026-09-23 22:33:59,435 - RLController - INFO - DIAGNOSTIC Step 2610 - Observation stats:
2026-09-23 22:33:59,435 - RLController - INFO -   Hash: 7457248657714456399, Min: 0.000000, Max: 1.000000, Mean: 0.417990, Std: 0.452803
2026-09-23 22:33:59,436 - RLController - INFO -   First 10: [1.  0.  0.  0.  0.  0.5 1.  0.  0.  0. ]
2026-09-23 22:33:59,436 - RLController - INFO -   Last 10: [0.         0.2        0.         0.08333334 0.45726496 0.00301889
 0.0718376  0.55532306 0.         0.3       ]
2026-09-23 22:33:59,440 - RLController - INFO - DIAGNOSTIC - Raw model action output:
2026-09-23 22:33:59,440 - RLController - INFO -   Action hash: 1195462276831912957
2026-09-23 22:33:59,440 - RLController - INFO -   First 8 values: [ -7.149639 -10.       -10.       -10.       -10.       -10.
 -10.       -10.      ]
2026-09-23 22:33:59,440 - RLController - INFO -   Last 8 values: [-10.        -10.        -10.        -10.        -10.         -1.3676589
 -10.        -10.       ]
2026-09-23 22:33:59,440 - RLController - INFO -   Action shape: (136,), min: -10.000000, max: 5.320918, mean: -9.244902
2026-09-23 22:33:59,441 - RLController - INFO -   B0 junction (indices 16-19) raw values: [ -9.657525 -10.       -10.       -10.      ]
2026-09-23 22:33:59,441 - RLController - INFO - Using CONTINUOUS DURATION-BASED mode
2026-09-23 22:33:59,441 - RLController - INFO -   Example: junction A0 -> durations [51, 13, 13, 13] (total: 90s)
2026-09-23 22:33:59,441 - RLController - INFO -   Example: junction A1 -> durations [24, 22, 22, 22] (total: 90s)
2026-09-23 22:33:59,441 - RLController - INFO -   Example: junction A2 -> durations [12, 12, 54, 12] (total: 90s)
2026-09-23 22:33:59,441 - RLController - INFO -   Example: junction A4 -> durations [60, 10, 10, 10] (total: 90s)
2026-09-23 22:33:59,441 - RLController - INFO -   Example: junction A5 -> durations [24, 22, 22, 22] (total: 90s)
2026-09-23 22:33:59,441 - RLController - INFO -   Example: junction B0 -> durations [24, 22, 22, 22] (total: 90s)
2026-09-23 22:33:59,442 - RLController - INFO -   Example: junction B1 -> durations [24, 22, 22, 22] (total: 90s)
2026-09-23 22:33:59,442 - RLController - INFO -   Example: junction B2 -> durations [24, 22, 22, 22] (total: 90s)
2026-09-23 22:33:59,442 - RLController - INFO -   Example: junction B4 -> durations [24, 22, 22, 22] (total: 90s)
2026-09-23 22:33:59,442 - RLController - INFO -   Example: junction B5 -> durations [60, 10, 10, 10] (total: 90s)
2026-09-23 22:33:59,442 - RLController - INFO -   Example: junction C0 -> durations [22, 22, 24, 22] (total: 90s)
2026-09-23 22:33:59,442 - RLController - INFO -   Example: junction C1 -> durations [24, 22, 22, 22] (total: 90s)
2026-09-23 22:33:59,442 - RLController - INFO -   Example: junction C2 -> durations [57, 13, 10, 10] (total: 90s)
2026-09-23 22:33:59,442 - RLController - INFO -   Example: junction C3 -> durations [60, 10, 10, 10] (total: 90s)
2026-09-23 22:33:59,442 - RLController - INFO -   Example: junction C4 -> durations [57, 11, 11, 11] (total: 90s)
2026-09-23 22:33:59,443 - RLController - INFO -   Example: junction C5 -> durations [57, 11, 11, 11] (total: 90s)
2026-09-23 22:33:59,443 - RLController - INFO -   Example: junction D0 -> durations [24, 22, 22, 22] (total: 90s)
2026-09-23 22:33:59,443 - RLController - INFO -   Example: junction D1 -> durations [21, 21, 27, 21] (total: 90s)
2026-09-23 22:33:59,443 - RLController - INFO -   Example: junction D2 -> durations [45, 15, 15, 15] (total: 90s)
2026-09-23 22:33:59,443 - RLController - INFO -   Example: junction D3 -> durations [24, 22, 22, 22] (total: 90s)
2026-09-23 22:33:59,443 - RLController - INFO -   Example: junction D4 -> durations [24, 22, 22, 22] (total: 90s)
2026-09-23 22:33:59,443 - RLController - INFO -   Example: junction D5 -> durations [13, 13, 51, 13] (total: 90s)
2026-09-23 22:33:59,443 - RLController - INFO -   Example: junction E0 -> durations [24, 22, 22, 22] (total: 90s)
2026-09-23 22:33:59,444 - RLController - INFO -   Example: junction E1 -> durations [24, 22, 22, 22] (total: 90s)
2026-09-23 22:33:59,445 - RLController - INFO -   Stored schedules for 34 junctions, cycle starts at step 2610
2026-09-23 22:34:02,714 - RLController - INFO - DIAGNOSTIC Step 2700 - Observation stats:
2026-09-23 22:34:02,715 - RLController - INFO -   Hash: -8096803524393300115, Min: 0.000000, Max: 1.000000, Mean: 0.418852, Std: 0.452708
2026-09-23 22:34:02,715 - RLController - INFO -   First 10: [1.  0.  0.  0.  0.  0.5 1.  0.  0.  0. ]
2026-09-23 22:34:02,715 - RLController - INFO -   Last 10: [0.         0.2        0.         0.08333334 0.45299146 0.00351186
 0.07188034 0.569439   0.         0.3       ]
2026-09-23 22:34:02,722 - RLController - INFO - DIAGNOSTIC - Raw model action output:
2026-09-23 22:34:02,722 - RLController - INFO -   Action hash: 1282520095164258675
2026-09-23 22:34:02,722 - RLController - INFO -   First 8 values: [ -7.080502 -10.       -10.       -10.       -10.       -10.
 -10.       -10.      ]
2026-09-23 22:34:02,722 - RLController - INFO -   Last 8 values: [-10.        -10.        -10.        -10.        -10.         -1.8472445
 -10.        -10.       ]
2026-09-23 22:34:02,722 - RLController - INFO -   Action shape: (136,), min: -10.000000, max: 5.389209, mean: -9.239879
2026-09-23 22:34:02,722 - RLController - INFO -   B0 junction (indices 16-19) raw values: [ -9.547211 -10.       -10.       -10.      ]
2026-09-23 22:34:02,723 - RLController - INFO - Using CONTINUOUS DURATION-BASED mode
2026-09-23 22:34:02,723 - RLController - INFO -   Example: junction A0 -> durations [51, 13, 13, 13] (total: 90s)
2026-09-23 22:34:02,723 - RLController - INFO -   Example: junction A1 -> durations [24, 22, 22, 22] (total: 90s)
2026-09-23 22:34:02,723 - RLController - INFO -   Example: junction A2 -> durations [12, 12, 54, 12] (total: 90s)
2026-09-23 22:34:02,723 - RLController - INFO -   Example: junction A4 -> durations [60, 10, 10, 10] (total: 90s)
2026-09-23 22:34:02,723 - RLController - INFO -   Example: junction A5 -> durations [24, 22, 22, 22] (total: 90s)
2026-09-23 22:34:02,723 - RLController - INFO -   Example: junction B0 -> durations [24, 22, 22, 22] (total: 90s)
2026-09-23 22:34:02,724 - RLController - INFO -   Example: junction B1 -> durations [24, 22, 22, 22] (total: 90s)
2026-09-23 22:34:02,724 - RLController - INFO -   Example: junction B2 -> durations [24, 22, 22, 22] (total: 90s)
2026-09-23 22:34:02,724 - RLController - INFO -   Example: junction B4 -> durations [24, 22, 22, 22] (total: 90s)
2026-09-23 22:34:02,724 - RLController - INFO -   Example: junction B5 -> durations [60, 10, 10, 10] (total: 90s)
2026-09-23 22:34:02,724 - RLController - INFO -   Example: junction C0 -> durations [22, 22, 24, 22] (total: 90s)
2026-09-23 22:34:02,724 - RLController - INFO -   Example: junction C1 -> durations [24, 22, 22, 22] (total: 90s)
2026-09-23 22:34:02,724 - RLController - INFO -   Example: junction C2 -> durations [57, 13, 10, 10] (total: 90s)
2026-09-23 22:34:02,725 - RLController - INFO -   Example: junction C3 -> durations [60, 10, 10, 10] (total: 90s)
2026-09-23 22:34:02,725 - RLController - INFO -   Example: junction C4 -> durations [57, 11, 11, 11] (total: 90s)
2026-09-23 22:34:02,725 - RLController - INFO -   Example: junction C5 -> durations [57, 11, 11, 11] (total: 90s)
2026-09-23 22:34:02,725 - RLController - INFO -   Example: junction D0 -> durations [24, 22, 22, 22] (total: 90s)
2026-09-23 22:34:02,725 - RLController - INFO -   Example: junction D1 -> durations [21, 21, 27, 21] (total: 90s)
2026-09-23 22:34:02,725 - RLController - INFO -   Example: junction D2 -> durations [45, 15, 15, 15] (total: 90s)
2026-09-23 22:34:02,726 - RLController - INFO -   Example: junction D3 -> durations [24, 22, 22, 22] (total: 90s)
2026-09-23 22:34:02,726 - RLController - INFO -   Example: junction D4 -> durations [24, 22, 22, 22] (total: 90s)
2026-09-23 22:34:02,726 - RLController - INFO -   Example: junction D5 -> durations [13, 13, 51, 13] (total: 90s)
2026-09-23 22:34:02,726 - RLController - INFO -   Example: junction E0 -> durations [24, 22, 22, 22] (total: 90s)
2026-09-23 22:34:02,726 - RLController - INFO -   Example: junction E1 -> durations [24, 22, 22, 22] (total: 90s)
2026-09-23 22:34:02,727 - RLController - INFO -   Stored schedules for 34 junctions, cycle starts at step 2700
2026-09-23 22:34:06,449 - RLController - INFO - DIAGNOSTIC Step 2790 - Observation stats:
2026-09-23 22:34:06,450 - RLController - INFO -   Hash: 8676138512319922542, Min: 0.000000, Max: 1.000000, Mean: 0.422921, Std: 0.454481
2026-09-23 22:34:06,450 - RLController - INFO -   First 10: [1.  0.  0.  0.  0.  0.5 1.  0.  0.  0. ]
2026-09-23 22:34:06,450 - RLController - INFO -   Last 10: [0.         0.2        0.         0.08333334 0.4679487  0.00361701
 0.07162393 0.55319095 0.         0.3       ]
2026-09-23 22:34:06,456 - RLController - INFO - DIAGNOSTIC - Raw model action output:
2026-09-23 22:34:06,456 - RLController - INFO -   Action hash: 5499486319724869043
2026-09-23 22:34:06,456 - RLController - INFO -   First 8 values: [ -7.273054 -10.       -10.       -10.       -10.       -10.
 -10.       -10.      ]
2026-09-23 22:34:06,456 - RLController - INFO -   Last 8 values: [-10.       -10.       -10.       -10.       -10.        -1.623832
 -10.       -10.      ]
2026-09-23 22:34:06,456 - RLController - INFO -   Action shape: (136,), min: -10.000000, max: 5.083816, mean: -9.265776
2026-09-23 22:34:06,457 - RLController - INFO -   B0 junction (indices 16-19) raw values: [ -9.730582 -10.       -10.       -10.      ]
2026-09-23 22:34:06,457 - RLController - INFO - Using CONTINUOUS DURATION-BASED mode
2026-09-23 22:34:06,457 - RLController - INFO -   Example: junction A0 -> durations [51, 13, 13, 13] (total: 90s)
2026-09-23 22:34:06,457 - RLController - INFO -   Example: junction A1 -> durations [24, 22, 22, 22] (total: 90s)
2026-09-23 22:34:06,457 - RLController - INFO -   Example: junction A2 -> durations [12, 12, 54, 12] (total: 90s)
2026-09-23 22:34:06,457 - RLController - INFO -   Example: junction A4 -> durations [60, 10, 10, 10] (total: 90s)
2026-09-23 22:34:06,457 - RLController - INFO -   Example: junction A5 -> durations [24, 22, 22, 22] (total: 90s)
2026-09-23 22:34:06,458 - RLController - INFO -   Example: junction B0 -> durations [24, 22, 22, 22] (total: 90s)
2026-09-23 22:34:06,458 - RLController - INFO -   Example: junction B1 -> durations [24, 22, 22, 22] (total: 90s)
2026-09-23 22:34:06,458 - RLController - INFO -   Example: junction B2 -> durations [24, 22, 22, 22] (total: 90s)
2026-09-23 22:34:06,458 - RLController - INFO -   Example: junction B4 -> durations [24, 22, 22, 22] (total: 90s)
2026-09-23 22:34:06,458 - RLController - INFO -   Example: junction B5 -> durations [60, 10, 10, 10] (total: 90s)
2026-09-23 22:34:06,458 - RLController - INFO -   Example: junction C0 -> durations [22, 22, 24, 22] (total: 90s)
2026-09-23 22:34:06,458 - RLController - INFO -   Example: junction C1 -> durations [24, 22, 22, 22] (total: 90s)
2026-09-23 22:34:06,458 - RLController - INFO -   Example: junction C2 -> durations [57, 13, 10, 10] (total: 90s)
2026-09-23 22:34:06,459 - RLController - INFO -   Example: junction C3 -> durations [60, 10, 10, 10] (total: 90s)
2026-09-23 22:34:06,459 - RLController - INFO -   Example: junction C4 -> durations [57, 11, 11, 11] (total: 90s)
2026-09-23 22:34:06,459 - RLController - INFO -   Example: junction C5 -> durations [57, 11, 11, 11] (total: 90s)
2026-09-23 22:34:06,459 - RLController - INFO -   Example: junction D0 -> durations [24, 22, 22, 22] (total: 90s)
2026-09-23 22:34:06,459 - RLController - INFO -   Example: junction D1 -> durations [21, 21, 27, 21] (total: 90s)
2026-09-23 22:34:06,459 - RLController - INFO -   Example: junction D2 -> durations [45, 15, 15, 15] (total: 90s)
2026-09-23 22:34:06,459 - RLController - INFO -   Example: junction D3 -> durations [24, 22, 22, 22] (total: 90s)
2026-09-23 22:34:06,459 - RLController - INFO -   Example: junction D4 -> durations [24, 22, 22, 22] (total: 90s)
2026-09-23 22:34:06,459 - RLController - INFO -   Example: junction D5 -> durations [13, 13, 51, 13] (total: 90s)
2026-09-23 22:34:06,460 - RLController - INFO -   Example: junction E0 -> durations [24, 22, 22, 22] (total: 90s)
2026-09-23 22:34:06,460 - RLController - INFO -   Example: junction E1 -> durations [24, 22, 22, 22] (total: 90s)
2026-09-23 22:34:06,461 - RLController - INFO -   Stored schedules for 34 junctions, cycle starts at step 2790
2026-09-23 22:34:10,147 - RLController - INFO - DIAGNOSTIC Step 2880 - Observation stats:
2026-09-23 22:34:10,147 - RLController - INFO -   Hash: 555299999223308539, Min: 0.000000, Max: 1.000000, Mean: 0.421269, Std: 0.452663
2026-09-23 22:34:10,148 - RLController - INFO -   First 10: [1.  0.  0.  0.  0.  0.5 1.  0.  0.  0. ]
2026-09-23 22:34:10,148 - RLController - INFO -   Last 10: [0.         0.2        0.         0.08333334 0.46153846 0.0032715
 0.0717094  0.5590987  0.         0.3       ]
2026-09-23 22:34:10,152 - RLController - INFO - DIAGNOSTIC - Raw model action output:
2026-09-23 22:34:10,152 - RLController - INFO -   Action hash: -8923336894818724205
2026-09-23 22:34:10,153 - RLController - INFO -   First 8 values: [ -7.2766576 -10.        -10.        -10.        -10.        -10.
 -10.        -10.       ]
2026-09-23 22:34:10,153 - RLController - INFO -   Last 8 values: [-10.        -10.        -10.        -10.        -10.         -3.8546922
 -10.        -10.       ]
2026-09-23 22:34:10,153 - RLController - INFO -   Action shape: (136,), min: -10.000000, max: 3.993946, mean: -9.271574
2026-09-23 22:34:10,153 - RLController - INFO -   B0 junction (indices 16-19) raw values: [ -9.9505005 -10.        -10.        -10.       ]
2026-09-23 22:34:10,153 - RLController - INFO - Using CONTINUOUS DURATION-BASED mode
2026-09-23 22:34:10,154 - RLController - INFO -   Example: junction A0 -> durations [51, 13, 13, 13] (total: 90s)
2026-09-23 22:34:10,154 - RLController - INFO -   Example: junction A1 -> durations [24, 22, 22, 22] (total: 90s)
2026-09-23 22:34:10,154 - RLController - INFO -   Example: junction A2 -> durations [12, 12, 54, 12] (total: 90s)
2026-09-23 22:34:10,154 - RLController - INFO -   Example: junction A4 -> durations [60, 10, 10, 10] (total: 90s)
2026-09-23 22:34:10,154 - RLController - INFO -   Example: junction A5 -> durations [24, 22, 22, 22] (total: 90s)
2026-09-23 22:34:10,155 - RLController - INFO -   Example: junction B0 -> durations [24, 22, 22, 22] (total: 90s)
2026-09-23 22:34:10,155 - RLController - INFO -   Example: junction B1 -> durations [24, 22, 22, 22] (total: 90s)
2026-09-23 22:34:10,155 - RLController - INFO -   Example: junction B2 -> durations [24, 22, 22, 22] (total: 90s)
2026-09-23 22:34:10,155 - RLController - INFO -   Example: junction B4 -> durations [24, 22, 22, 22] (total: 90s)
2026-09-23 22:34:10,155 - RLController - INFO -   Example: junction B5 -> durations [60, 10, 10, 10] (total: 90s)
2026-09-23 22:34:10,156 - RLController - INFO -   Example: junction C0 -> durations [22, 22, 24, 22] (total: 90s)
2026-09-23 22:34:10,156 - RLController - INFO -   Example: junction C1 -> durations [24, 22, 22, 22] (total: 90s)
2026-09-23 22:34:10,156 - RLController - INFO -   Example: junction C2 -> durations [57, 13, 10, 10] (total: 90s)
2026-09-23 22:34:10,156 - RLController - INFO -   Example: junction C3 -> durations [60, 10, 10, 10] (total: 90s)
2026-09-23 22:34:10,156 - RLController - INFO -   Example: junction C4 -> durations [57, 11, 11, 11] (total: 90s)
2026-09-23 22:34:10,156 - RLController - INFO -   Example: junction C5 -> durations [57, 11, 11, 11] (total: 90s)
2026-09-23 22:34:10,157 - RLController - INFO -   Example: junction D0 -> durations [24, 22, 22, 22] (total: 90s)
2026-09-23 22:34:10,157 - RLController - INFO -   Example: junction D1 -> durations [21, 21, 27, 21] (total: 90s)
2026-09-23 22:34:10,157 - RLController - INFO -   Example: junction D2 -> durations [45, 15, 15, 15] (total: 90s)
2026-09-23 22:34:10,157 - RLController - INFO -   Example: junction D3 -> durations [24, 22, 22, 22] (total: 90s)
2026-09-23 22:34:10,157 - RLController - INFO -   Example: junction D4 -> durations [24, 22, 22, 22] (total: 90s)
2026-09-23 22:34:10,157 - RLController - INFO -   Example: junction D5 -> durations [13, 13, 51, 13] (total: 90s)
2026-09-23 22:34:10,158 - RLController - INFO -   Example: junction E0 -> durations [24, 22, 22, 22] (total: 90s)
2026-09-23 22:34:10,158 - RLController - INFO -   Example: junction E1 -> durations [24, 22, 22, 22] (total: 90s)
2026-09-23 22:34:10,159 - RLController - INFO -   Stored schedules for 34 junctions, cycle starts at step 2880
2026-09-23 22:34:13,710 - RLController - INFO - DIAGNOSTIC Step 2970 - Observation stats:
2026-09-23 22:34:13,710 - RLController - INFO -   Hash: 8111625338682044248, Min: 0.000000, Max: 1.000000, Mean: 0.419126, Std: 0.453658
2026-09-23 22:34:13,711 - RLController - INFO -   First 10: [1.  0.  0.  0.  0.  0.5 1.  0.  0.  0. ]
2026-09-23 22:34:13,711 - RLController - INFO -   Last 10: [0.         0.2        0.         0.08333334 0.4594017  0.00352456
 0.07128205 0.56500244 0.         0.3       ]
2026-09-23 22:34:13,715 - RLController - INFO - DIAGNOSTIC - Raw model action output:
2026-09-23 22:34:13,715 - RLController - INFO -   Action hash: -1596522431056217806
2026-09-23 22:34:13,716 - RLController - INFO -   First 8 values: [ -7.3155894 -10.        -10.        -10.        -10.        -10.
 -10.        -10.       ]
2026-09-23 22:34:13,716 - RLController - INFO -   Last 8 values: [-10.       -10.       -10.       -10.       -10.        -3.860523
 -10.       -10.      ]
2026-09-23 22:34:13,716 - RLController - INFO -   Action shape: (136,), min: -10.000000, max: 4.665187, mean: -9.262401
2026-09-23 22:34:13,716 - RLController - INFO -   B0 junction (indices 16-19) raw values: [ -9.8958 -10.     -10.     -10.    ]
2026-09-23 22:34:13,716 - RLController - INFO - Using CONTINUOUS DURATION-BASED mode
2026-09-23 22:34:13,716 - RLController - INFO -   Example: junction A0 -> durations [51, 13, 13, 13] (total: 90s)
2026-09-23 22:34:13,717 - RLController - INFO -   Example: junction A1 -> durations [24, 22, 22, 22] (total: 90s)
2026-09-23 22:34:13,717 - RLController - INFO -   Example: junction A2 -> durations [12, 12, 54, 12] (total: 90s)
2026-09-23 22:34:13,717 - RLController - INFO -   Example: junction A4 -> durations [60, 10, 10, 10] (total: 90s)
2026-09-23 22:34:13,717 - RLController - INFO -   Example: junction A5 -> durations [24, 22, 22, 22] (total: 90s)
2026-09-23 22:34:13,717 - RLController - INFO -   Example: junction B0 -> durations [24, 22, 22, 22] (total: 90s)
2026-09-23 22:34:13,717 - RLController - INFO -   Example: junction B1 -> durations [24, 22, 22, 22] (total: 90s)
2026-09-23 22:34:13,717 - RLController - INFO -   Example: junction B2 -> durations [24, 22, 22, 22] (total: 90s)
2026-09-23 22:34:13,718 - RLController - INFO -   Example: junction B4 -> durations [24, 22, 22, 22] (total: 90s)
2026-09-23 22:34:13,718 - RLController - INFO -   Example: junction B5 -> durations [60, 10, 10, 10] (total: 90s)
2026-09-23 22:34:13,718 - RLController - INFO -   Example: junction C0 -> durations [22, 22, 24, 22] (total: 90s)
2026-09-23 22:34:13,718 - RLController - INFO -   Example: junction C1 -> durations [24, 22, 22, 22] (total: 90s)
2026-09-23 22:34:13,718 - RLController - INFO -   Example: junction C2 -> durations [57, 13, 10, 10] (total: 90s)
2026-09-23 22:34:13,718 - RLController - INFO -   Example: junction C3 -> durations [60, 10, 10, 10] (total: 90s)
2026-09-23 22:34:13,718 - RLController - INFO -   Example: junction C4 -> durations [57, 11, 11, 11] (total: 90s)
2026-09-23 22:34:13,718 - RLController - INFO -   Example: junction C5 -> durations [57, 11, 11, 11] (total: 90s)
2026-09-23 22:34:13,719 - RLController - INFO -   Example: junction D0 -> durations [24, 22, 22, 22] (total: 90s)
2026-09-23 22:34:13,719 - RLController - INFO -   Example: junction D1 -> durations [21, 21, 27, 21] (total: 90s)
2026-09-23 22:34:13,719 - RLController - INFO -   Example: junction D2 -> durations [45, 15, 15, 15] (total: 90s)
2026-09-23 22:34:13,719 - RLController - INFO -   Example: junction D3 -> durations [24, 22, 22, 22] (total: 90s)
2026-09-23 22:34:13,719 - RLController - INFO -   Example: junction D4 -> durations [24, 22, 22, 22] (total: 90s)
2026-09-23 22:34:13,719 - RLController - INFO -   Example: junction D5 -> durations [13, 13, 51, 13] (total: 90s)
2026-09-23 22:34:13,719 - RLController - INFO -   Example: junction E0 -> durations [24, 22, 22, 22] (total: 90s)
2026-09-23 22:34:13,719 - RLController - INFO -   Example: junction E1 -> durations [24, 22, 22, 22] (total: 90s)
2026-09-23 22:34:13,720 - RLController - INFO -   Stored schedules for 34 junctions, cycle starts at step 2970
2026-09-23 22:34:17,265 - RLController - INFO - DIAGNOSTIC Step 3060 - Observation stats:
2026-09-23 22:34:17,265 - RLController - INFO -   Hash: -3929431703933099038, Min: 0.000000, Max: 1.000000, Mean: 0.432508, Std: 0.455456
2026-09-23 22:34:17,266 - RLController - INFO -   First 10: [1.  0.  0.  0.  0.  0.5 1.  0.  0.  0. ]
2026-09-23 22:34:17,266 - RLController - INFO -   Last 10: [0.         0.2        0.         0.08333334 0.48931623 0.00363997
 0.0726923  0.5313271  0.         0.3       ]
2026-09-23 22:34:17,271 - RLController - INFO - DIAGNOSTIC - Raw model action output:
2026-09-23 22:34:17,271 - RLController - INFO -   Action hash: -1959961863120925768
2026-09-23 22:34:17,271 - RLController - INFO -   First 8 values: [ -7.504785 -10.       -10.       -10.       -10.       -10.
 -10.       -10.      ]
2026-09-23 22:34:17,271 - RLController - INFO -   Last 8 values: [-10.       -10.       -10.       -10.       -10.        -2.545489
 -10.       -10.      ]
2026-09-23 22:34:17,271 - RLController - INFO -   Action shape: (136,), min: -10.000000, max: 5.080927, mean: -9.279610
2026-09-23 22:34:17,272 - RLController - INFO -   B0 junction (indices 16-19) raw values: [-10. -10. -10. -10.]
2026-09-23 22:34:17,272 - RLController - INFO - Using CONTINUOUS DURATION-BASED mode
2026-09-23 22:34:17,272 - RLController - INFO -   Example: junction A0 -> durations [51, 13, 13, 13] (total: 90s)
2026-09-23 22:34:17,272 - RLController - INFO -   Example: junction A1 -> durations [24, 22, 22, 22] (total: 90s)
2026-09-23 22:34:17,272 - RLController - INFO -   Example: junction A2 -> durations [12, 12, 54, 12] (total: 90s)
2026-09-23 22:34:17,272 - RLController - INFO -   Example: junction A4 -> durations [60, 10, 10, 10] (total: 90s)
2026-09-23 22:34:17,273 - RLController - INFO -   Example: junction A5 -> durations [24, 22, 22, 22] (total: 90s)
2026-09-23 22:34:17,273 - RLController - INFO -   Example: junction B0 -> durations [24, 22, 22, 22] (total: 90s)
2026-09-23 22:34:17,273 - RLController - INFO -   Example: junction B1 -> durations [24, 22, 22, 22] (total: 90s)
2026-09-23 22:34:17,273 - RLController - INFO -   Example: junction B2 -> durations [24, 22, 22, 22] (total: 90s)
2026-09-23 22:34:17,273 - RLController - INFO -   Example: junction B4 -> durations [24, 22, 22, 22] (total: 90s)
2026-09-23 22:34:17,273 - RLController - INFO -   Example: junction B5 -> durations [60, 10, 10, 10] (total: 90s)
2026-09-23 22:34:17,273 - RLController - INFO -   Example: junction C0 -> durations [22, 22, 24, 22] (total: 90s)
2026-09-23 22:34:17,274 - RLController - INFO -   Example: junction C1 -> durations [24, 22, 22, 22] (total: 90s)
2026-09-23 22:34:17,274 - RLController - INFO -   Example: junction C2 -> durations [57, 13, 10, 10] (total: 90s)
2026-09-23 22:34:17,274 - RLController - INFO -   Example: junction C3 -> durations [60, 10, 10, 10] (total: 90s)
2026-09-23 22:34:17,274 - RLController - INFO -   Example: junction C4 -> durations [57, 11, 11, 11] (total: 90s)
2026-09-23 22:34:17,274 - RLController - INFO -   Example: junction C5 -> durations [57, 11, 11, 11] (total: 90s)
2026-09-23 22:34:17,274 - RLController - INFO -   Example: junction D0 -> durations [24, 22, 22, 22] (total: 90s)
2026-09-23 22:34:17,274 - RLController - INFO -   Example: junction D1 -> durations [21, 21, 27, 21] (total: 90s)
2026-09-23 22:34:17,275 - RLController - INFO -   Example: junction D2 -> durations [45, 15, 15, 15] (total: 90s)
2026-09-23 22:34:17,275 - RLController - INFO -   Example: junction D3 -> durations [24, 22, 22, 22] (total: 90s)
2026-09-23 22:34:17,275 - RLController - INFO -   Example: junction D4 -> durations [24, 22, 22, 22] (total: 90s)
2026-09-23 22:34:17,275 - RLController - INFO -   Example: junction D5 -> durations [13, 13, 51, 13] (total: 90s)
2026-09-23 22:34:17,275 - RLController - INFO -   Example: junction E0 -> durations [24, 22, 22, 22] (total: 90s)
2026-09-23 22:34:17,275 - RLController - INFO -   Example: junction E1 -> durations [24, 22, 22, 22] (total: 90s)
2026-09-23 22:34:17,276 - RLController - INFO -   Stored schedules for 34 junctions, cycle starts at step 3060
2026-09-23 22:34:21,330 - RLController - INFO - DIAGNOSTIC Step 3150 - Observation stats:
2026-09-23 22:34:21,331 - RLController - INFO -   Hash: -7725937076402353788, Min: 0.000000, Max: 1.000000, Mean: 0.426878, Std: 0.455230
2026-09-23 22:34:21,331 - RLController - INFO -   First 10: [1.  0.  0.  0.  0.  0.5 1.  0.  0.  0. ]
2026-09-23 22:34:21,331 - RLController - INFO -   Last 10: [0.         0.2        0.         0.08333334 0.46153846 0.0025959
 0.07452992 0.554875   0.         0.3       ]
2026-09-23 22:34:21,339 - RLController - INFO - DIAGNOSTIC - Raw model action output:
2026-09-23 22:34:21,339 - RLController - INFO -   Action hash: -2277461192256728499
2026-09-23 22:34:21,339 - RLController - INFO -   First 8 values: [ -7.409409 -10.       -10.       -10.       -10.       -10.
 -10.       -10.      ]
2026-09-23 22:34:21,339 - RLController - INFO -   Last 8 values: [-10.        -10.        -10.        -10.        -10.         -1.8200712
 -10.        -10.       ]
2026-09-23 22:34:21,339 - RLController - INFO -   Action shape: (136,), min: -10.000000, max: 5.914100, mean: -9.268348
2026-09-23 22:34:21,340 - RLController - INFO -   B0 junction (indices 16-19) raw values: [ -9.801737 -10.       -10.       -10.      ]
2026-09-23 22:34:21,340 - RLController - INFO - Using CONTINUOUS DURATION-BASED mode
2026-09-23 22:34:21,340 - RLController - INFO -   Example: junction A0 -> durations [51, 13, 13, 13] (total: 90s)
2026-09-23 22:34:21,340 - RLController - INFO -   Example: junction A1 -> durations [24, 22, 22, 22] (total: 90s)
2026-09-23 22:34:21,340 - RLController - INFO -   Example: junction A2 -> durations [12, 12, 54, 12] (total: 90s)
2026-09-23 22:34:21,340 - RLController - INFO -   Example: junction A4 -> durations [60, 10, 10, 10] (total: 90s)
2026-09-23 22:34:21,340 - RLController - INFO -   Example: junction A5 -> durations [24, 22, 22, 22] (total: 90s)
2026-09-23 22:34:21,341 - RLController - INFO -   Example: junction B0 -> durations [24, 22, 22, 22] (total: 90s)
2026-09-23 22:34:21,341 - RLController - INFO -   Example: junction B1 -> durations [24, 22, 22, 22] (total: 90s)
2026-09-23 22:34:21,341 - RLController - INFO -   Example: junction B2 -> durations [24, 22, 22, 22] (total: 90s)
2026-09-23 22:34:21,341 - RLController - INFO -   Example: junction B4 -> durations [24, 22, 22, 22] (total: 90s)
2026-09-23 22:34:21,341 - RLController - INFO -   Example: junction B5 -> durations [60, 10, 10, 10] (total: 90s)
2026-09-23 22:34:21,341 - RLController - INFO -   Example: junction C0 -> durations [22, 22, 24, 22] (total: 90s)
2026-09-23 22:34:21,341 - RLController - INFO -   Example: junction C1 -> durations [24, 22, 22, 22] (total: 90s)
2026-09-23 22:34:21,342 - RLController - INFO -   Example: junction C2 -> durations [57, 13, 10, 10] (total: 90s)
2026-09-23 22:34:21,342 - RLController - INFO -   Example: junction C3 -> durations [60, 10, 10, 10] (total: 90s)
2026-09-23 22:34:21,342 - RLController - INFO -   Example: junction C4 -> durations [57, 11, 11, 11] (total: 90s)
2026-09-23 22:34:21,342 - RLController - INFO -   Example: junction C5 -> durations [57, 11, 11, 11] (total: 90s)
2026-09-23 22:34:21,342 - RLController - INFO -   Example: junction D0 -> durations [24, 22, 22, 22] (total: 90s)
2026-09-23 22:34:21,342 - RLController - INFO -   Example: junction D1 -> durations [21, 21, 27, 21] (total: 90s)
2026-09-23 22:34:21,342 - RLController - INFO -   Example: junction D2 -> durations [45, 15, 15, 15] (total: 90s)
2026-09-23 22:34:21,342 - RLController - INFO -   Example: junction D3 -> durations [24, 22, 22, 22] (total: 90s)
2026-09-23 22:34:21,343 - RLController - INFO -   Example: junction D4 -> durations [24, 22, 22, 22] (total: 90s)
2026-09-23 22:34:21,343 - RLController - INFO -   Example: junction D5 -> durations [13, 13, 51, 13] (total: 90s)
2026-09-23 22:34:21,343 - RLController - INFO -   Example: junction E0 -> durations [24, 22, 22, 22] (total: 90s)
2026-09-23 22:34:21,343 - RLController - INFO -   Example: junction E1 -> durations [24, 22, 22, 22] (total: 90s)
2026-09-23 22:34:21,344 - RLController - INFO -   Stored schedules for 34 junctions, cycle starts at step 3150
2026-09-23 22:34:25,536 - RLController - INFO - DIAGNOSTIC Step 3240 - Observation stats:
2026-09-23 22:34:25,536 - RLController - INFO -   Hash: 7023624761296899713, Min: 0.000000, Max: 1.000000, Mean: 0.426327, Std: 0.454602
2026-09-23 22:34:25,536 - RLController - INFO -   First 10: [1.  0.  0.  0.  0.  0.5 1.  0.  0.  0. ]
2026-09-23 22:34:25,537 - RLController - INFO -   Last 10: [0.         0.2        0.         0.08333334 0.4764957  0.00360944
 0.07410257 0.5496328  0.         0.3       ]
2026-09-23 22:34:25,541 - RLController - INFO - DIAGNOSTIC - Raw model action output:
2026-09-23 22:34:25,541 - RLController - INFO -   Action hash: 808008518363243705
2026-09-23 22:34:25,541 - RLController - INFO -   First 8 values: [ -7.105426 -10.       -10.       -10.       -10.       -10.
 -10.       -10.      ]
2026-09-23 22:34:25,542 - RLController - INFO -   Last 8 values: [-10.        -10.        -10.        -10.        -10.         -2.1812162
 -10.        -10.       ]
2026-09-23 22:34:25,542 - RLController - INFO -   Action shape: (136,), min: -10.000000, max: 5.440001, mean: -9.271635
2026-09-23 22:34:25,542 - RLController - INFO -   B0 junction (indices 16-19) raw values: [-10. -10. -10. -10.]
2026-09-23 22:34:25,542 - RLController - INFO - Using CONTINUOUS DURATION-BASED mode
2026-09-23 22:34:25,542 - RLController - INFO -   Example: junction A0 -> durations [51, 13, 13, 13] (total: 90s)
2026-09-23 22:34:25,543 - RLController - INFO -   Example: junction A1 -> durations [24, 22, 22, 22] (total: 90s)
2026-09-23 22:34:25,543 - RLController - INFO -   Example: junction A2 -> durations [12, 12, 54, 12] (total: 90s)
2026-09-23 22:34:25,543 - RLController - INFO -   Example: junction A4 -> durations [60, 10, 10, 10] (total: 90s)
2026-09-23 22:34:25,543 - RLController - INFO -   Example: junction A5 -> durations [24, 22, 22, 22] (total: 90s)
2026-09-23 22:34:25,543 - RLController - INFO -   Example: junction B0 -> durations [24, 22, 22, 22] (total: 90s)
2026-09-23 22:34:25,543 - RLController - INFO -   Example: junction B1 -> durations [24, 22, 22, 22] (total: 90s)
2026-09-23 22:34:25,543 - RLController - INFO -   Example: junction B2 -> durations [24, 22, 22, 22] (total: 90s)
2026-09-23 22:34:25,544 - RLController - INFO -   Example: junction B4 -> durations [24, 22, 22, 22] (total: 90s)
2026-09-23 22:34:25,544 - RLController - INFO -   Example: junction B5 -> durations [60, 10, 10, 10] (total: 90s)
2026-09-23 22:34:25,544 - RLController - INFO -   Example: junction C0 -> durations [22, 22, 24, 22] (total: 90s)
2026-09-23 22:34:25,544 - RLController - INFO -   Example: junction C1 -> durations [24, 22, 22, 22] (total: 90s)
2026-09-23 22:34:25,544 - RLController - INFO -   Example: junction C2 -> durations [57, 13, 10, 10] (total: 90s)
2026-09-23 22:34:25,544 - RLController - INFO -   Example: junction C3 -> durations [60, 10, 10, 10] (total: 90s)
2026-09-23 22:34:25,544 - RLController - INFO -   Example: junction C4 -> durations [57, 11, 11, 11] (total: 90s)
2026-09-23 22:34:25,545 - RLController - INFO -   Example: junction C5 -> durations [57, 11, 11, 11] (total: 90s)
2026-09-23 22:34:25,545 - RLController - INFO -   Example: junction D0 -> durations [24, 22, 22, 22] (total: 90s)
2026-09-23 22:34:25,545 - RLController - INFO -   Example: junction D1 -> durations [21, 21, 27, 21] (total: 90s)
2026-09-23 22:34:25,545 - RLController - INFO -   Example: junction D2 -> durations [45, 15, 15, 15] (total: 90s)
2026-09-23 22:34:25,545 - RLController - INFO -   Example: junction D3 -> durations [24, 22, 22, 22] (total: 90s)
2026-09-23 22:34:25,545 - RLController - INFO -   Example: junction D4 -> durations [24, 22, 22, 22] (total: 90s)
2026-09-23 22:34:25,545 - RLController - INFO -   Example: junction D5 -> durations [13, 13, 51, 13] (total: 90s)
2026-09-23 22:34:25,546 - RLController - INFO -   Example: junction E0 -> durations [24, 22, 22, 22] (total: 90s)
2026-09-23 22:34:25,546 - RLController - INFO -   Example: junction E1 -> durations [24, 22, 22, 22] (total: 90s)
2026-09-23 22:34:25,546 - RLController - INFO -   Stored schedules for 34 junctions, cycle starts at step 3240
2026-09-23 22:34:29,675 - RLController - INFO - DIAGNOSTIC Step 3330 - Observation stats:
2026-09-23 22:34:29,677 - RLController - INFO -   Hash: -749938033547694998, Min: 0.000000, Max: 1.000000, Mean: 0.420735, Std: 0.452169
2026-09-23 22:34:29,678 - RLController - INFO -   First 10: [1.         0.         0.         0.         0.         0.5
 0.         0.         0.99333334 1.        ]
2026-09-23 22:34:29,678 - RLController - INFO -   Last 10: [0.         0.2        0.         0.08333334 0.4636752  0.00308221
 0.07363248 0.5533749  0.         0.3       ]
2026-09-23 22:34:29,688 - RLController - INFO - DIAGNOSTIC - Raw model action output:
2026-09-23 22:34:29,688 - RLController - INFO -   Action hash: -3524840976289196796
2026-09-23 22:34:29,689 - RLController - INFO -   First 8 values: [ -6.9986243 -10.        -10.        -10.        -10.        -10.
 -10.        -10.       ]
2026-09-23 22:34:29,689 - RLController - INFO -   Last 8 values: [-10.        -10.        -10.        -10.        -10.         -2.3414257
 -10.        -10.       ]
2026-09-23 22:34:29,689 - RLController - INFO -   Action shape: (136,), min: -10.000000, max: 4.650631, mean: -9.266683
2026-09-23 22:34:29,689 - RLController - INFO -   B0 junction (indices 16-19) raw values: [-10. -10. -10. -10.]
2026-09-23 22:34:29,689 - RLController - INFO - Using CONTINUOUS DURATION-BASED mode
2026-09-23 22:34:29,689 - RLController - INFO -   Example: junction A0 -> durations [51, 13, 13, 13] (total: 90s)
2026-09-23 22:34:29,690 - RLController - INFO -   Example: junction A1 -> durations [24, 22, 22, 22] (total: 90s)
2026-09-23 22:34:29,690 - RLController - INFO -   Example: junction A2 -> durations [12, 12, 54, 12] (total: 90s)
2026-09-23 22:34:29,690 - RLController - INFO -   Example: junction A4 -> durations [60, 10, 10, 10] (total: 90s)
2026-09-23 22:34:29,690 - RLController - INFO -   Example: junction A5 -> durations [24, 22, 22, 22] (total: 90s)
2026-09-23 22:34:29,690 - RLController - INFO -   Example: junction B0 -> durations [24, 22, 22, 22] (total: 90s)
2026-09-23 22:34:29,690 - RLController - INFO -   Example: junction B1 -> durations [24, 22, 22, 22] (total: 90s)
2026-09-23 22:34:29,690 - RLController - INFO -   Example: junction B2 -> durations [24, 22, 22, 22] (total: 90s)
2026-09-23 22:34:29,690 - RLController - INFO -   Example: junction B4 -> durations [24, 22, 22, 22] (total: 90s)
2026-09-23 22:34:29,691 - RLController - INFO -   Example: junction B5 -> durations [60, 10, 10, 10] (total: 90s)
2026-09-23 22:34:29,691 - RLController - INFO -   Example: junction C0 -> durations [22, 22, 24, 22] (total: 90s)
2026-09-23 22:34:29,691 - RLController - INFO -   Example: junction C1 -> durations [24, 22, 22, 22] (total: 90s)
2026-09-23 22:34:29,691 - RLController - INFO -   Example: junction C2 -> durations [57, 13, 10, 10] (total: 90s)
2026-09-23 22:34:29,691 - RLController - INFO -   Example: junction C3 -> durations [60, 10, 10, 10] (total: 90s)
2026-09-23 22:34:29,691 - RLController - INFO -   Example: junction C4 -> durations [57, 11, 11, 11] (total: 90s)
2026-09-23 22:34:29,691 - RLController - INFO -   Example: junction C5 -> durations [57, 11, 11, 11] (total: 90s)
2026-09-23 22:34:29,691 - RLController - INFO -   Example: junction D0 -> durations [24, 22, 22, 22] (total: 90s)
2026-09-23 22:34:29,691 - RLController - INFO -   Example: junction D1 -> durations [21, 21, 27, 21] (total: 90s)
2026-09-23 22:34:29,692 - RLController - INFO -   Example: junction D2 -> durations [45, 15, 15, 15] (total: 90s)
2026-09-23 22:34:29,692 - RLController - INFO -   Example: junction D3 -> durations [24, 22, 22, 22] (total: 90s)
2026-09-23 22:34:29,692 - RLController - INFO -   Example: junction D4 -> durations [24, 22, 22, 22] (total: 90s)
2026-09-23 22:34:29,692 - RLController - INFO -   Example: junction D5 -> durations [13, 13, 51, 13] (total: 90s)
2026-09-23 22:34:29,692 - RLController - INFO -   Example: junction E0 -> durations [24, 22, 22, 22] (total: 90s)
2026-09-23 22:34:29,692 - RLController - INFO -   Example: junction E1 -> durations [24, 22, 22, 22] (total: 90s)
2026-09-23 22:34:29,693 - RLController - INFO -   Stored schedules for 34 junctions, cycle starts at step 3330
2026-09-23 22:34:33,488 - RLController - INFO - DIAGNOSTIC Step 3420 - Observation stats:
2026-09-23 22:34:33,488 - RLController - INFO -   Hash: -511842256979533306, Min: 0.000000, Max: 1.000000, Mean: 0.423046, Std: 0.452528
2026-09-23 22:34:33,489 - RLController - INFO -   First 10: [1.  0.  0.  0.  0.  0.5 1.  0.  0.  0. ]
2026-09-23 22:34:33,489 - RLController - INFO -   Last 10: [0.         0.2        0.         0.08333334 0.4551282  0.00307993
 0.07440171 0.55898887 0.         0.3       ]
2026-09-23 22:34:33,494 - RLController - INFO - DIAGNOSTIC - Raw model action output:
2026-09-23 22:34:33,494 - RLController - INFO -   Action hash: 3736425519470139414
2026-09-23 22:34:33,494 - RLController - INFO -   First 8 values: [ -7.0801425 -10.        -10.        -10.        -10.        -10.
 -10.        -10.       ]
2026-09-23 22:34:33,495 - RLController - INFO -   Last 8 values: [-10.        -10.        -10.        -10.        -10.         -3.1937354
 -10.        -10.       ]
2026-09-23 22:34:33,495 - RLController - INFO -   Action shape: (136,), min: -10.000000, max: 4.830567, mean: -9.268528
2026-09-23 22:34:33,495 - RLController - INFO -   B0 junction (indices 16-19) raw values: [-10. -10. -10. -10.]
2026-09-23 22:34:33,495 - RLController - INFO - Using CONTINUOUS DURATION-BASED mode
2026-09-23 22:34:33,495 - RLController - INFO -   Example: junction A0 -> durations [51, 13, 13, 13] (total: 90s)
2026-09-23 22:34:33,496 - RLController - INFO -   Example: junction A1 -> durations [24, 22, 22, 22] (total: 90s)
2026-09-23 22:34:33,496 - RLController - INFO -   Example: junction A2 -> durations [12, 12, 54, 12] (total: 90s)
2026-09-23 22:34:33,496 - RLController - INFO -   Example: junction A4 -> durations [60, 10, 10, 10] (total: 90s)
2026-09-23 22:34:33,496 - RLController - INFO -   Example: junction A5 -> durations [24, 22, 22, 22] (total: 90s)
2026-09-23 22:34:33,496 - RLController - INFO -   Example: junction B0 -> durations [24, 22, 22, 22] (total: 90s)
2026-09-23 22:34:33,496 - RLController - INFO -   Example: junction B1 -> durations [24, 22, 22, 22] (total: 90s)
2026-09-23 22:34:33,497 - RLController - INFO -   Example: junction B2 -> durations [24, 22, 22, 22] (total: 90s)
2026-09-23 22:34:33,497 - RLController - INFO -   Example: junction B4 -> durations [24, 22, 22, 22] (total: 90s)
2026-09-23 22:34:33,497 - RLController - INFO -   Example: junction B5 -> durations [60, 10, 10, 10] (total: 90s)
2026-09-23 22:34:33,497 - RLController - INFO -   Example: junction C0 -> durations [22, 22, 24, 22] (total: 90s)
2026-09-23 22:34:33,498 - RLController - INFO -   Example: junction C1 -> durations [24, 22, 22, 22] (total: 90s)
2026-09-23 22:34:33,498 - RLController - INFO -   Example: junction C2 -> durations [57, 13, 10, 10] (total: 90s)
2026-09-23 22:34:33,498 - RLController - INFO -   Example: junction C3 -> durations [60, 10, 10, 10] (total: 90s)
2026-09-23 22:34:33,498 - RLController - INFO -   Example: junction C4 -> durations [57, 11, 11, 11] (total: 90s)
2026-09-23 22:34:33,498 - RLController - INFO -   Example: junction C5 -> durations [57, 11, 11, 11] (total: 90s)
2026-09-23 22:34:33,498 - RLController - INFO -   Example: junction D0 -> durations [24, 22, 22, 22] (total: 90s)
2026-09-23 22:34:33,499 - RLController - INFO -   Example: junction D1 -> durations [21, 21, 27, 21] (total: 90s)
2026-09-23 22:34:33,499 - RLController - INFO -   Example: junction D2 -> durations [45, 15, 15, 15] (total: 90s)
2026-09-23 22:34:33,499 - RLController - INFO -   Example: junction D3 -> durations [24, 22, 22, 22] (total: 90s)
2026-09-23 22:34:33,499 - RLController - INFO -   Example: junction D4 -> durations [24, 22, 22, 22] (total: 90s)
2026-09-23 22:34:33,499 - RLController - INFO -   Example: junction D5 -> durations [13, 13, 51, 13] (total: 90s)
2026-09-23 22:34:33,499 - RLController - INFO -   Example: junction E0 -> durations [24, 22, 22, 22] (total: 90s)
2026-09-23 22:34:33,499 - RLController - INFO -   Example: junction E1 -> durations [24, 22, 22, 22] (total: 90s)
2026-09-23 22:34:33,500 - RLController - INFO -   Stored schedules for 34 junctions, cycle starts at step 3420
2026-09-23 22:34:36,947 - RLController - INFO - DIAGNOSTIC Step 3510 - Observation stats:
2026-09-23 22:34:36,948 - RLController - INFO -   Hash: 8697476228333000181, Min: 0.000000, Max: 1.000000, Mean: 0.430193, Std: 0.455951
2026-09-23 22:34:36,948 - RLController - INFO -   First 10: [1.  0.  0.  0.  0.  0.5 1.  0.  0.  0. ]
2026-09-23 22:34:36,948 - RLController - INFO -   Last 10: [0.         0.2        0.         0.08333334 0.47008547 0.00299809
 0.07542735 0.54280186 0.         0.3       ]
2026-09-23 22:34:36,956 - RLController - INFO - DIAGNOSTIC - Raw model action output:
2026-09-23 22:34:36,956 - RLController - INFO -   Action hash: 3767444574104992389
2026-09-23 22:34:36,957 - RLController - INFO -   First 8 values: [ -7.2651973 -10.        -10.        -10.        -10.        -10.
 -10.        -10.       ]
2026-09-23 22:34:36,957 - RLController - INFO -   Last 8 values: [-10.        -10.        -10.        -10.        -10.         -3.2207296
 -10.        -10.       ]
2026-09-23 22:34:36,957 - RLController - INFO -   Action shape: (136,), min: -10.000000, max: 5.161807, mean: -9.254657
2026-09-23 22:34:36,958 - RLController - INFO -   B0 junction (indices 16-19) raw values: [ -9.737446 -10.       -10.       -10.      ]
2026-09-23 22:34:36,958 - RLController - INFO - Using CONTINUOUS DURATION-BASED mode
2026-09-23 22:34:36,958 - RLController - INFO -   Example: junction A0 -> durations [51, 13, 13, 13] (total: 90s)
2026-09-23 22:34:36,958 - RLController - INFO -   Example: junction A1 -> durations [24, 22, 22, 22] (total: 90s)
2026-09-23 22:34:36,958 - RLController - INFO -   Example: junction A2 -> durations [12, 12, 54, 12] (total: 90s)
2026-09-23 22:34:36,958 - RLController - INFO -   Example: junction A4 -> durations [60, 10, 10, 10] (total: 90s)
2026-09-23 22:34:36,958 - RLController - INFO -   Example: junction A5 -> durations [24, 22, 22, 22] (total: 90s)
2026-09-23 22:34:36,959 - RLController - INFO -   Example: junction B0 -> durations [24, 22, 22, 22] (total: 90s)
2026-09-23 22:34:36,959 - RLController - INFO -   Example: junction B1 -> durations [24, 22, 22, 22] (total: 90s)
2026-09-23 22:34:36,959 - RLController - INFO -   Example: junction B2 -> durations [24, 22, 22, 22] (total: 90s)
2026-09-23 22:34:36,959 - RLController - INFO -   Example: junction B4 -> durations [24, 22, 22, 22] (total: 90s)
2026-09-23 22:34:36,959 - RLController - INFO -   Example: junction B5 -> durations [60, 10, 10, 10] (total: 90s)
2026-09-23 22:34:36,959 - RLController - INFO -   Example: junction C0 -> durations [22, 22, 24, 22] (total: 90s)
2026-09-23 22:34:36,960 - RLController - INFO -   Example: junction C1 -> durations [24, 22, 22, 22] (total: 90s)
2026-09-23 22:34:36,960 - RLController - INFO -   Example: junction C2 -> durations [57, 13, 10, 10] (total: 90s)
2026-09-23 22:34:36,960 - RLController - INFO -   Example: junction C3 -> durations [60, 10, 10, 10] (total: 90s)
2026-09-23 22:34:36,960 - RLController - INFO -   Example: junction C4 -> durations [57, 11, 11, 11] (total: 90s)
2026-09-23 22:34:36,960 - RLController - INFO -   Example: junction C5 -> durations [57, 11, 11, 11] (total: 90s)
2026-09-23 22:34:36,960 - RLController - INFO -   Example: junction D0 -> durations [24, 22, 22, 22] (total: 90s)
2026-09-23 22:34:36,960 - RLController - INFO -   Example: junction D1 -> durations [21, 21, 27, 21] (total: 90s)
2026-09-23 22:34:36,960 - RLController - INFO -   Example: junction D2 -> durations [45, 15, 15, 15] (total: 90s)
2026-09-23 22:34:36,961 - RLController - INFO -   Example: junction D3 -> durations [24, 22, 22, 22] (total: 90s)
2026-09-23 22:34:36,961 - RLController - INFO -   Example: junction D4 -> durations [24, 22, 22, 22] (total: 90s)
2026-09-23 22:34:36,961 - RLController - INFO -   Example: junction D5 -> durations [13, 13, 51, 13] (total: 90s)
2026-09-23 22:34:36,961 - RLController - INFO -   Example: junction E0 -> durations [24, 22, 22, 22] (total: 90s)
2026-09-23 22:34:36,961 - RLController - INFO -   Example: junction E1 -> durations [24, 22, 22, 22] (total: 90s)
2026-09-23 22:34:36,962 - RLController - INFO -   Stored schedules for 34 junctions, cycle starts at step 3510
2026-09-23 22:34:40,694 - RLController - INFO - DIAGNOSTIC Step 3600 - Observation stats:
2026-09-23 22:34:40,695 - RLController - INFO -   Hash: -3429603266486635831, Min: 0.000000, Max: 1.000000, Mean: 0.424476, Std: 0.454753
2026-09-23 22:34:40,695 - RLController - INFO -   First 10: [1.  0.  0.  0.  0.  0.5 1.  0.  0.  0. ]
2026-09-23 22:34:40,695 - RLController - INFO -   Last 10: [0.         0.2        0.         0.08333334 0.46153846 0.00326417
 0.07517094 0.5604026  0.         0.3       ]
2026-09-23 22:34:40,700 - RLController - INFO - DIAGNOSTIC - Raw model action output:
2026-09-23 22:34:40,700 - RLController - INFO -   Action hash: -7867480921457339389
2026-09-23 22:34:40,700 - RLController - INFO -   First 8 values: [ -7.222362 -10.       -10.       -10.       -10.       -10.
 -10.       -10.      ]
2026-09-23 22:34:40,701 - RLController - INFO -   Last 8 values: [-10.        -10.        -10.        -10.        -10.         -2.2792957
 -10.        -10.       ]
2026-09-23 22:34:40,701 - RLController - INFO -   Action shape: (136,), min: -10.000000, max: 5.827738, mean: -9.254069
2026-09-23 22:34:40,701 - RLController - INFO -   B0 junction (indices 16-19) raw values: [ -9.570407 -10.       -10.       -10.      ]
2026-09-23 22:34:40,702 - RLController - INFO - Using CONTINUOUS DURATION-BASED mode
2026-09-23 22:34:40,702 - RLController - INFO -   Example: junction A0 -> durations [51, 13, 13, 13] (total: 90s)
2026-09-23 22:34:40,702 - RLController - INFO -   Example: junction A1 -> durations [24, 22, 22, 22] (total: 90s)
2026-09-23 22:34:40,702 - RLController - INFO -   Example: junction A2 -> durations [12, 12, 54, 12] (total: 90s)
2026-09-23 22:34:40,702 - RLController - INFO -   Example: junction A4 -> durations [60, 10, 10, 10] (total: 90s)
2026-09-23 22:34:40,702 - RLController - INFO -   Example: junction A5 -> durations [24, 22, 22, 22] (total: 90s)
2026-09-23 22:34:40,703 - RLController - INFO -   Example: junction B0 -> durations [24, 22, 22, 22] (total: 90s)
2026-09-23 22:34:40,703 - RLController - INFO -   Example: junction B1 -> durations [24, 22, 22, 22] (total: 90s)
2026-09-23 22:34:40,703 - RLController - INFO -   Example: junction B2 -> durations [24, 22, 22, 22] (total: 90s)
2026-09-23 22:34:40,703 - RLController - INFO -   Example: junction B4 -> durations [24, 22, 22, 22] (total: 90s)
2026-09-23 22:34:40,703 - RLController - INFO -   Example: junction B5 -> durations [60, 10, 10, 10] (total: 90s)
2026-09-23 22:34:40,703 - RLController - INFO -   Example: junction C0 -> durations [22, 22, 24, 22] (total: 90s)
2026-09-23 22:34:40,703 - RLController - INFO -   Example: junction C1 -> durations [24, 22, 22, 22] (total: 90s)
2026-09-23 22:34:40,704 - RLController - INFO -   Example: junction C2 -> durations [57, 13, 10, 10] (total: 90s)
2026-09-23 22:34:40,704 - RLController - INFO -   Example: junction C3 -> durations [60, 10, 10, 10] (total: 90s)
2026-09-23 22:34:40,704 - RLController - INFO -   Example: junction C4 -> durations [57, 11, 11, 11] (total: 90s)
2026-09-23 22:34:40,704 - RLController - INFO -   Example: junction C5 -> durations [57, 11, 11, 11] (total: 90s)
2026-09-23 22:34:40,704 - RLController - INFO -   Example: junction D0 -> durations [24, 22, 22, 22] (total: 90s)
2026-09-23 22:34:40,705 - RLController - INFO -   Example: junction D1 -> durations [21, 21, 27, 21] (total: 90s)
2026-09-23 22:34:40,705 - RLController - INFO -   Example: junction D2 -> durations [45, 15, 15, 15] (total: 90s)
2026-09-23 22:34:40,705 - RLController - INFO -   Example: junction D3 -> durations [24, 22, 22, 22] (total: 90s)
2026-09-23 22:34:40,705 - RLController - INFO -   Example: junction D4 -> durations [24, 22, 22, 22] (total: 90s)
2026-09-23 22:34:40,705 - RLController - INFO -   Example: junction D5 -> durations [13, 13, 51, 13] (total: 90s)
2026-09-23 22:34:40,705 - RLController - INFO -   Example: junction E0 -> durations [24, 22, 22, 22] (total: 90s)
2026-09-23 22:34:40,705 - RLController - INFO -   Example: junction E1 -> durations [24, 22, 22, 22] (total: 90s)
2026-09-23 22:34:40,706 - RLController - INFO -   Stored schedules for 34 junctions, cycle starts at step 3600
2026-09-23 22:34:44,842 - RLController - INFO - DIAGNOSTIC Step 3690 - Observation stats:
2026-09-23 22:34:44,842 - RLController - INFO -   Hash: 8694277530769658443, Min: 0.000000, Max: 1.000000, Mean: 0.435188, Std: 0.457783
2026-09-23 22:34:44,843 - RLController - INFO -   First 10: [1.  0.  0.  0.  0.  0.5 1.  0.  0.  0. ]
2026-09-23 22:34:44,843 - RLController - INFO -   Last 10: [0.         0.2        0.         0.08333334 0.5        0.00330604
 0.07581197 0.52256095 0.         0.3       ]
2026-09-23 22:34:44,849 - RLController - INFO - DIAGNOSTIC - Raw model action output:
2026-09-23 22:34:44,849 - RLController - INFO -   Action hash: -4635621080038236377
2026-09-23 22:34:44,849 - RLController - INFO -   First 8 values: [ -7.196404 -10.       -10.       -10.       -10.       -10.
 -10.       -10.      ]
2026-09-23 22:34:44,850 - RLController - INFO -   Last 8 values: [-10.       -10.       -10.       -10.       -10.        -2.828097
 -10.       -10.      ]
2026-09-23 22:34:44,850 - RLController - INFO -   Action shape: (136,), min: -10.000000, max: 5.491197, mean: -9.246482
2026-09-23 22:34:44,850 - RLController - INFO -   B0 junction (indices 16-19) raw values: [-10. -10. -10. -10.]
2026-09-23 22:34:44,850 - RLController - INFO - Using CONTINUOUS DURATION-BASED mode
2026-09-23 22:34:44,850 - RLController - INFO -   Example: junction A0 -> durations [51, 13, 13, 13] (total: 90s)
2026-09-23 22:34:44,851 - RLController - INFO -   Example: junction A1 -> durations [24, 22, 22, 22] (total: 90s)
2026-09-23 22:34:44,851 - RLController - INFO -   Example: junction A2 -> durations [12, 12, 54, 12] (total: 90s)
2026-09-23 22:34:44,851 - RLController - INFO -   Example: junction A4 -> durations [60, 10, 10, 10] (total: 90s)
2026-09-23 22:34:44,851 - RLController - INFO -   Example: junction A5 -> durations [24, 22, 22, 22] (total: 90s)
2026-09-23 22:34:44,851 - RLController - INFO -   Example: junction B0 -> durations [24, 22, 22, 22] (total: 90s)
2026-09-23 22:34:44,851 - RLController - INFO -   Example: junction B1 -> durations [24, 22, 22, 22] (total: 90s)
2026-09-23 22:34:44,852 - RLController - INFO -   Example: junction B2 -> durations [24, 22, 22, 22] (total: 90s)
2026-09-23 22:34:44,852 - RLController - INFO -   Example: junction B4 -> durations [24, 22, 22, 22] (total: 90s)
2026-09-23 22:34:44,852 - RLController - INFO -   Example: junction B5 -> durations [60, 10, 10, 10] (total: 90s)
2026-09-23 22:34:44,852 - RLController - INFO -   Example: junction C0 -> durations [22, 22, 24, 22] (total: 90s)
2026-09-23 22:34:44,852 - RLController - INFO -   Example: junction C1 -> durations [24, 22, 22, 22] (total: 90s)
2026-09-23 22:34:44,852 - RLController - INFO -   Example: junction C2 -> durations [57, 13, 10, 10] (total: 90s)
2026-09-23 22:34:44,852 - RLController - INFO -   Example: junction C3 -> durations [60, 10, 10, 10] (total: 90s)
2026-09-23 22:34:44,853 - RLController - INFO -   Example: junction C4 -> durations [57, 11, 11, 11] (total: 90s)
2026-09-23 22:34:44,853 - RLController - INFO -   Example: junction C5 -> durations [57, 11, 11, 11] (total: 90s)
2026-09-23 22:34:44,853 - RLController - INFO -   Example: junction D0 -> durations [24, 22, 22, 22] (total: 90s)
2026-09-23 22:34:44,853 - RLController - INFO -   Example: junction D1 -> durations [21, 21, 27, 21] (total: 90s)
2026-09-23 22:34:44,853 - RLController - INFO -   Example: junction D2 -> durations [45, 15, 15, 15] (total: 90s)
2026-09-23 22:34:44,853 - RLController - INFO -   Example: junction D3 -> durations [24, 22, 22, 22] (total: 90s)
2026-09-23 22:34:44,853 - RLController - INFO -   Example: junction D4 -> durations [24, 22, 22, 22] (total: 90s)
2026-09-23 22:34:44,854 - RLController - INFO -   Example: junction D5 -> durations [13, 13, 51, 13] (total: 90s)
2026-09-23 22:34:44,854 - RLController - INFO -   Example: junction E0 -> durations [24, 22, 22, 22] (total: 90s)
2026-09-23 22:34:44,854 - RLController - INFO -   Example: junction E1 -> durations [24, 22, 22, 22] (total: 90s)
2026-09-23 22:34:44,855 - RLController - INFO -   Stored schedules for 34 junctions, cycle starts at step 3690
2026-09-23 22:34:48,763 - RLController - INFO - DIAGNOSTIC Step 3780 - Observation stats:
2026-09-23 22:34:48,763 - RLController - INFO -   Hash: 5113265169409743869, Min: 0.000000, Max: 1.000000, Mean: 0.430853, Std: 0.456659
2026-09-23 22:34:48,763 - RLController - INFO -   First 10: [1.         0.         0.         0.         0.         0.5
 0.         0.         0.99333334 1.        ]
2026-09-23 22:34:48,764 - RLController - INFO -   Last 10: [0.         0.2        0.         0.08333334 0.46153846 0.00302596
 0.07457265 0.54780376 0.         0.3       ]
2026-09-23 22:34:48,769 - RLController - INFO - DIAGNOSTIC - Raw model action output:
2026-09-23 22:34:48,770 - RLController - INFO -   Action hash: 2043196838414286662
2026-09-23 22:34:48,770 - RLController - INFO -   First 8 values: [ -7.1884866 -10.        -10.        -10.        -10.        -10.
 -10.        -10.       ]
2026-09-23 22:34:48,770 - RLController - INFO -   Last 8 values: [-10.       -10.       -10.       -10.       -10.        -2.597525
 -10.       -10.      ]
2026-09-23 22:34:48,770 - RLController - INFO -   Action shape: (136,), min: -10.000000, max: 5.587653, mean: -9.258065
2026-09-23 22:34:48,771 - RLController - INFO -   B0 junction (indices 16-19) raw values: [-10. -10. -10. -10.]
2026-09-23 22:34:48,771 - RLController - INFO - Using CONTINUOUS DURATION-BASED mode
2026-09-23 22:34:48,771 - RLController - INFO -   Example: junction A0 -> durations [51, 13, 13, 13] (total: 90s)
2026-09-23 22:34:48,771 - RLController - INFO -   Example: junction A1 -> durations [24, 22, 22, 22] (total: 90s)
2026-09-23 22:34:48,772 - RLController - INFO -   Example: junction A2 -> durations [12, 12, 54, 12] (total: 90s)
2026-09-23 22:34:48,772 - RLController - INFO -   Example: junction A4 -> durations [60, 10, 10, 10] (total: 90s)
2026-09-23 22:34:48,772 - RLController - INFO -   Example: junction A5 -> durations [24, 22, 22, 22] (total: 90s)
2026-09-23 22:34:48,772 - RLController - INFO -   Example: junction B0 -> durations [24, 22, 22, 22] (total: 90s)
2026-09-23 22:34:48,772 - RLController - INFO -   Example: junction B1 -> durations [24, 22, 22, 22] (total: 90s)
2026-09-23 22:34:48,773 - RLController - INFO -   Example: junction B2 -> durations [24, 22, 22, 22] (total: 90s)
2026-09-23 22:34:48,773 - RLController - INFO -   Example: junction B4 -> durations [24, 22, 22, 22] (total: 90s)
2026-09-23 22:34:48,773 - RLController - INFO -   Example: junction B5 -> durations [60, 10, 10, 10] (total: 90s)
2026-09-23 22:34:48,773 - RLController - INFO -   Example: junction C0 -> durations [22, 22, 24, 22] (total: 90s)
2026-09-23 22:34:48,773 - RLController - INFO -   Example: junction C1 -> durations [24, 22, 22, 22] (total: 90s)
2026-09-23 22:34:48,773 - RLController - INFO -   Example: junction C2 -> durations [57, 13, 10, 10] (total: 90s)
2026-09-23 22:34:48,774 - RLController - INFO -   Example: junction C3 -> durations [60, 10, 10, 10] (total: 90s)
2026-09-23 22:34:48,774 - RLController - INFO -   Example: junction C4 -> durations [57, 11, 11, 11] (total: 90s)
2026-09-23 22:34:48,774 - RLController - INFO -   Example: junction C5 -> durations [57, 11, 11, 11] (total: 90s)
2026-09-23 22:34:48,774 - RLController - INFO -   Example: junction D0 -> durations [24, 22, 22, 22] (total: 90s)
2026-09-23 22:34:48,774 - RLController - INFO -   Example: junction D1 -> durations [21, 21, 27, 21] (total: 90s)
2026-09-23 22:34:48,775 - RLController - INFO -   Example: junction D2 -> durations [45, 15, 15, 15] (total: 90s)
2026-09-23 22:34:48,775 - RLController - INFO -   Example: junction D3 -> durations [24, 22, 22, 22] (total: 90s)
2026-09-23 22:34:48,775 - RLController - INFO -   Example: junction D4 -> durations [24, 22, 22, 22] (total: 90s)
2026-09-23 22:34:48,775 - RLController - INFO -   Example: junction D5 -> durations [13, 13, 51, 13] (total: 90s)
2026-09-23 22:34:48,775 - RLController - INFO -   Example: junction E0 -> durations [24, 22, 22, 22] (total: 90s)
2026-09-23 22:34:48,775 - RLController - INFO -   Example: junction E1 -> durations [24, 22, 22, 22] (total: 90s)
2026-09-23 22:34:48,776 - RLController - INFO -   Stored schedules for 34 junctions, cycle starts at step 3780
2026-09-23 22:34:53,101 - RLController - INFO - DIAGNOSTIC Step 3870 - Observation stats:
2026-09-23 22:34:53,102 - RLController - INFO -   Hash: -5099109763244557137, Min: 0.000000, Max: 1.000000, Mean: 0.440077, Std: 0.456887
2026-09-23 22:34:53,102 - RLController - INFO -   First 10: [1.         0.         0.         0.         0.         0.5
 0.         1.         0.99333334 1.        ]
2026-09-23 22:34:53,103 - RLController - INFO -   Last 10: [0.         0.2        0.         0.08333334 0.50641024 0.00365996
 0.07517094 0.51774055 0.         0.3       ]
2026-09-23 22:34:53,109 - RLController - INFO - DIAGNOSTIC - Raw model action output:
2026-09-23 22:34:53,109 - RLController - INFO -   Action hash: 3509651256559575368
2026-09-23 22:34:53,109 - RLController - INFO -   First 8 values: [ -7.139325 -10.       -10.       -10.       -10.       -10.
 -10.       -10.      ]
2026-09-23 22:34:53,110 - RLController - INFO -   Last 8 values: [-10.        -10.        -10.        -10.        -10.         -3.4768708
 -10.        -10.       ]
2026-09-23 22:34:53,110 - RLController - INFO -   Action shape: (136,), min: -10.000000, max: 5.500480, mean: -9.269219
2026-09-23 22:34:53,110 - RLController - INFO -   B0 junction (indices 16-19) raw values: [-10. -10. -10. -10.]
2026-09-23 22:34:53,110 - RLController - INFO - Using CONTINUOUS DURATION-BASED mode
2026-09-23 22:34:53,111 - RLController - INFO -   Example: junction A0 -> durations [51, 13, 13, 13] (total: 90s)
2026-09-23 22:34:53,111 - RLController - INFO -   Example: junction A1 -> durations [24, 22, 22, 22] (total: 90s)
2026-09-23 22:34:53,111 - RLController - INFO -   Example: junction A2 -> durations [12, 12, 54, 12] (total: 90s)
2026-09-23 22:34:53,111 - RLController - INFO -   Example: junction A4 -> durations [60, 10, 10, 10] (total: 90s)
2026-09-23 22:34:53,111 - RLController - INFO -   Example: junction A5 -> durations [24, 22, 22, 22] (total: 90s)
2026-09-23 22:34:53,111 - RLController - INFO -   Example: junction B0 -> durations [24, 22, 22, 22] (total: 90s)
2026-09-23 22:34:53,111 - RLController - INFO -   Example: junction B1 -> durations [24, 22, 22, 22] (total: 90s)
2026-09-23 22:34:53,112 - RLController - INFO -   Example: junction B2 -> durations [24, 22, 22, 22] (total: 90s)
2026-09-23 22:34:53,112 - RLController - INFO -   Example: junction B4 -> durations [24, 22, 22, 22] (total: 90s)
2026-09-23 22:34:53,112 - RLController - INFO -   Example: junction B5 -> durations [60, 10, 10, 10] (total: 90s)
2026-09-23 22:34:53,112 - RLController - INFO -   Example: junction C0 -> durations [22, 22, 24, 22] (total: 90s)
2026-09-23 22:34:53,112 - RLController - INFO -   Example: junction C1 -> durations [24, 22, 22, 22] (total: 90s)
2026-09-23 22:34:53,112 - RLController - INFO -   Example: junction C2 -> durations [57, 13, 10, 10] (total: 90s)
2026-09-23 22:34:53,112 - RLController - INFO -   Example: junction C3 -> durations [60, 10, 10, 10] (total: 90s)
2026-09-23 22:34:53,112 - RLController - INFO -   Example: junction C4 -> durations [57, 11, 11, 11] (total: 90s)
2026-09-23 22:34:53,113 - RLController - INFO -   Example: junction C5 -> durations [57, 11, 11, 11] (total: 90s)
2026-09-23 22:34:53,113 - RLController - INFO -   Example: junction D0 -> durations [24, 22, 22, 22] (total: 90s)
2026-09-23 22:34:53,113 - RLController - INFO -   Example: junction D1 -> durations [21, 21, 27, 21] (total: 90s)
2026-09-23 22:34:53,113 - RLController - INFO -   Example: junction D2 -> durations [45, 15, 15, 15] (total: 90s)
2026-09-23 22:34:53,113 - RLController - INFO -   Example: junction D3 -> durations [24, 22, 22, 22] (total: 90s)
2026-09-23 22:34:53,113 - RLController - INFO -   Example: junction D4 -> durations [24, 22, 22, 22] (total: 90s)
2026-09-23 22:34:53,113 - RLController - INFO -   Example: junction D5 -> durations [13, 13, 51, 13] (total: 90s)
2026-09-23 22:34:53,114 - RLController - INFO -   Example: junction E0 -> durations [24, 22, 22, 22] (total: 90s)
2026-09-23 22:34:53,114 - RLController - INFO -   Example: junction E1 -> durations [24, 22, 22, 22] (total: 90s)
2026-09-23 22:34:53,114 - RLController - INFO -   Stored schedules for 34 junctions, cycle starts at step 3870
2026-09-23 22:34:57,299 - RLController - INFO - DIAGNOSTIC Step 3960 - Observation stats:
2026-09-23 22:34:57,299 - RLController - INFO -   Hash: -5917216574855501504, Min: 0.000000, Max: 1.000000, Mean: 0.434848, Std: 0.457631
2026-09-23 22:34:57,300 - RLController - INFO -   First 10: [1.         0.         0.         0.         0.         0.5
 0.         1.         0.99333334 1.        ]
2026-09-23 22:34:57,300 - RLController - INFO -   Last 10: [0.         0.2        0.         0.08333334 0.49786323 0.00304926
 0.07482906 0.52157974 0.         0.3       ]
2026-09-23 22:34:57,306 - RLController - INFO - DIAGNOSTIC - Raw model action output:
2026-09-23 22:34:57,307 - RLController - INFO -   Action hash: -1544439283292184635
2026-09-23 22:34:57,307 - RLController - INFO -   First 8 values: [ -7.0170693 -10.        -10.        -10.        -10.        -10.
 -10.        -10.       ]
2026-09-23 22:34:57,307 - RLController - INFO -   Last 8 values: [-10.        -10.        -10.        -10.        -10.         -1.3012364
 -10.        -10.       ]
2026-09-23 22:34:57,308 - RLController - INFO -   Action shape: (136,), min: -10.000000, max: 5.221160, mean: -9.273091
2026-09-23 22:34:57,308 - RLController - INFO -   B0 junction (indices 16-19) raw values: [ -9.513833 -10.       -10.       -10.      ]
2026-09-23 22:34:57,308 - RLController - INFO - Using CONTINUOUS DURATION-BASED mode
2026-09-23 22:34:57,308 - RLController - INFO -   Example: junction A0 -> durations [51, 13, 13, 13] (total: 90s)
2026-09-23 22:34:57,309 - RLController - INFO -   Example: junction A1 -> durations [24, 22, 22, 22] (total: 90s)
2026-09-23 22:34:57,309 - RLController - INFO -   Example: junction A2 -> durations [12, 12, 54, 12] (total: 90s)
2026-09-23 22:34:57,309 - RLController - INFO -   Example: junction A4 -> durations [60, 10, 10, 10] (total: 90s)
2026-09-23 22:34:57,309 - RLController - INFO -   Example: junction A5 -> durations [24, 22, 22, 22] (total: 90s)
2026-09-23 22:34:57,309 - RLController - INFO -   Example: junction B0 -> durations [24, 22, 22, 22] (total: 90s)
2026-09-23 22:34:57,310 - RLController - INFO -   Example: junction B1 -> durations [24, 22, 22, 22] (total: 90s)
2026-09-23 22:34:57,310 - RLController - INFO -   Example: junction B2 -> durations [24, 22, 22, 22] (total: 90s)
2026-09-23 22:34:57,310 - RLController - INFO -   Example: junction B4 -> durations [24, 22, 22, 22] (total: 90s)
2026-09-23 22:34:57,310 - RLController - INFO -   Example: junction B5 -> durations [60, 10, 10, 10] (total: 90s)
2026-09-23 22:34:57,311 - RLController - INFO -   Example: junction C0 -> durations [22, 22, 24, 22] (total: 90s)
2026-09-23 22:34:57,311 - RLController - INFO -   Example: junction C1 -> durations [24, 22, 22, 22] (total: 90s)
2026-09-23 22:34:57,311 - RLController - INFO -   Example: junction C2 -> durations [57, 13, 10, 10] (total: 90s)
2026-09-23 22:34:57,311 - RLController - INFO -   Example: junction C3 -> durations [60, 10, 10, 10] (total: 90s)
2026-09-23 22:34:57,311 - RLController - INFO -   Example: junction C4 -> durations [57, 11, 11, 11] (total: 90s)
2026-09-23 22:34:57,312 - RLController - INFO -   Example: junction C5 -> durations [57, 11, 11, 11] (total: 90s)
2026-09-23 22:34:57,312 - RLController - INFO -   Example: junction D0 -> durations [24, 22, 22, 22] (total: 90s)
2026-09-23 22:34:57,312 - RLController - INFO -   Example: junction D1 -> durations [21, 21, 27, 21] (total: 90s)
2026-09-23 22:34:57,312 - RLController - INFO -   Example: junction D2 -> durations [45, 15, 15, 15] (total: 90s)
2026-09-23 22:34:57,312 - RLController - INFO -   Example: junction D3 -> durations [24, 22, 22, 22] (total: 90s)
2026-09-23 22:34:57,313 - RLController - INFO -   Example: junction D4 -> durations [24, 22, 22, 22] (total: 90s)
2026-09-23 22:34:57,313 - RLController - INFO -   Example: junction D5 -> durations [13, 13, 51, 13] (total: 90s)
2026-09-23 22:34:57,313 - RLController - INFO -   Example: junction E0 -> durations [24, 22, 22, 22] (total: 90s)
2026-09-23 22:34:57,314 - RLController - INFO -   Example: junction E1 -> durations [24, 22, 22, 22] (total: 90s)
2026-09-23 22:34:57,315 - RLController - INFO -   Stored schedules for 34 junctions, cycle starts at step 3960
2026-09-23 22:35:01,475 - RLController - INFO - DIAGNOSTIC Step 4050 - Observation stats:
2026-09-23 22:35:01,475 - RLController - INFO -   Hash: -2110462204028561512, Min: 0.000000, Max: 1.000000, Mean: 0.433589, Std: 0.456517
2026-09-23 22:35:01,476 - RLController - INFO -   First 10: [1.         0.         0.         0.         0.         0.5
 0.         1.         0.99333334 1.        ]
2026-09-23 22:35:01,476 - RLController - INFO -   Last 10: [0.         0.2        0.         0.08333334 0.491453   0.00381691
 0.07658119 0.53449684 0.         0.3       ]
2026-09-23 22:35:01,678 - RLController - INFO - DIAGNOSTIC - Raw model action output:
2026-09-23 22:35:01,678 - RLController - INFO -   Action hash: -5875317724934852348
2026-09-23 22:35:01,679 - RLController - INFO -   First 8 values: [ -7.303388 -10.       -10.       -10.       -10.       -10.
 -10.       -10.      ]
2026-09-23 22:35:01,679 - RLController - INFO -   Last 8 values: [-10.        -10.        -10.        -10.        -10.         -3.1915352
 -10.        -10.       ]
2026-09-23 22:35:01,679 - RLController - INFO -   Action shape: (136,), min: -10.000000, max: 5.201934, mean: -9.280855
2026-09-23 22:35:01,679 - RLController - INFO -   B0 junction (indices 16-19) raw values: [ -9.883999 -10.       -10.       -10.      ]
2026-09-23 22:35:01,679 - RLController - INFO - Using CONTINUOUS DURATION-BASED mode
2026-09-23 22:35:01,680 - RLController - INFO -   Example: junction A0 -> durations [51, 13, 13, 13] (total: 90s)
2026-09-23 22:35:01,680 - RLController - INFO -   Example: junction A1 -> durations [24, 22, 22, 22] (total: 90s)
2026-09-23 22:35:01,680 - RLController - INFO -   Example: junction A2 -> durations [12, 12, 54, 12] (total: 90s)
2026-09-23 22:35:01,680 - RLController - INFO -   Example: junction A4 -> durations [60, 10, 10, 10] (total: 90s)
2026-09-23 22:35:01,680 - RLController - INFO -   Example: junction A5 -> durations [24, 22, 22, 22] (total: 90s)
2026-09-23 22:35:01,680 - RLController - INFO -   Example: junction B0 -> durations [24, 22, 22, 22] (total: 90s)
2026-09-23 22:35:01,680 - RLController - INFO -   Example: junction B1 -> durations [24, 22, 22, 22] (total: 90s)
2026-09-23 22:35:01,681 - RLController - INFO -   Example: junction B2 -> durations [24, 22, 22, 22] (total: 90s)
2026-09-23 22:35:01,681 - RLController - INFO -   Example: junction B4 -> durations [24, 22, 22, 22] (total: 90s)
2026-09-23 22:35:01,681 - RLController - INFO -   Example: junction B5 -> durations [60, 10, 10, 10] (total: 90s)
2026-09-23 22:35:01,681 - RLController - INFO -   Example: junction C0 -> durations [22, 22, 24, 22] (total: 90s)
2026-09-23 22:35:01,681 - RLController - INFO -   Example: junction C1 -> durations [24, 22, 22, 22] (total: 90s)
2026-09-23 22:35:01,681 - RLController - INFO -   Example: junction C2 -> durations [57, 13, 10, 10] (total: 90s)
2026-09-23 22:35:01,681 - RLController - INFO -   Example: junction C3 -> durations [60, 10, 10, 10] (total: 90s)
2026-09-23 22:35:01,681 - RLController - INFO -   Example: junction C4 -> durations [57, 11, 11, 11] (total: 90s)
2026-09-23 22:35:01,682 - RLController - INFO -   Example: junction C5 -> durations [57, 11, 11, 11] (total: 90s)
2026-09-23 22:35:01,682 - RLController - INFO -   Example: junction D0 -> durations [24, 22, 22, 22] (total: 90s)
2026-09-23 22:35:01,682 - RLController - INFO -   Example: junction D1 -> durations [21, 21, 27, 21] (total: 90s)
2026-09-23 22:35:01,682 - RLController - INFO -   Example: junction D2 -> durations [45, 15, 15, 15] (total: 90s)
2026-09-23 22:35:01,682 - RLController - INFO -   Example: junction D3 -> durations [24, 22, 22, 22] (total: 90s)
2026-09-23 22:35:01,682 - RLController - INFO -   Example: junction D4 -> durations [24, 22, 22, 22] (total: 90s)
2026-09-23 22:35:01,682 - RLController - INFO -   Example: junction D5 -> durations [13, 13, 51, 13] (total: 90s)
2026-09-23 22:35:01,682 - RLController - INFO -   Example: junction E0 -> durations [24, 22, 22, 22] (total: 90s)
2026-09-23 22:35:01,683 - RLController - INFO -   Example: junction E1 -> durations [24, 22, 22, 22] (total: 90s)
2026-09-23 22:35:01,683 - RLController - INFO -   Stored schedules for 34 junctions, cycle starts at step 4050
2026-09-23 22:35:05,906 - RLController - INFO - DIAGNOSTIC Step 4140 - Observation stats:
2026-09-23 22:35:05,907 - RLController - INFO -   Hash: -7717734847606639870, Min: 0.000000, Max: 1.000000, Mean: 0.443257, Std: 0.457935
2026-09-23 22:35:05,907 - RLController - INFO -   First 10: [1.  0.  0.  0.  0.  0.5 1.  0.  0.  0. ]
2026-09-23 22:35:05,907 - RLController - INFO -   Last 10: [0.         0.2        0.         0.08333334 0.51282054 0.00411761
 0.07632478 0.51641035 0.         0.3       ]
2026-09-23 22:35:05,912 - RLController - INFO - DIAGNOSTIC - Raw model action output:
2026-09-23 22:35:05,912 - RLController - INFO -   Action hash: 7216578646486032939
2026-09-23 22:35:05,912 - RLController - INFO -   First 8 values: [ -7.5308485 -10.        -10.        -10.        -10.        -10.
 -10.        -10.       ]
2026-09-23 22:35:05,913 - RLController - INFO -   Last 8 values: [-10.        -10.        -10.        -10.        -10.         -2.9341924
 -10.        -10.       ]
2026-09-23 22:35:05,913 - RLController - INFO -   Action shape: (136,), min: -10.000000, max: 5.171065, mean: -9.281259
2026-09-23 22:35:05,913 - RLController - INFO -   B0 junction (indices 16-19) raw values: [ -9.860555 -10.       -10.       -10.      ]
2026-09-23 22:35:05,913 - RLController - INFO - Using CONTINUOUS DURATION-BASED mode
2026-09-23 22:35:05,913 - RLController - INFO -   Example: junction A0 -> durations [51, 13, 13, 13] (total: 90s)
2026-09-23 22:35:05,913 - RLController - INFO -   Example: junction A1 -> durations [24, 22, 22, 22] (total: 90s)
2026-09-23 22:35:05,914 - RLController - INFO -   Example: junction A2 -> durations [12, 12, 54, 12] (total: 90s)
2026-09-23 22:35:05,914 - RLController - INFO -   Example: junction A4 -> durations [60, 10, 10, 10] (total: 90s)
2026-09-23 22:35:05,914 - RLController - INFO -   Example: junction A5 -> durations [24, 22, 22, 22] (total: 90s)
2026-09-23 22:35:05,914 - RLController - INFO -   Example: junction B0 -> durations [24, 22, 22, 22] (total: 90s)
2026-09-23 22:35:05,914 - RLController - INFO -   Example: junction B1 -> durations [24, 22, 22, 22] (total: 90s)
2026-09-23 22:35:05,914 - RLController - INFO -   Example: junction B2 -> durations [24, 22, 22, 22] (total: 90s)
2026-09-23 22:35:05,914 - RLController - INFO -   Example: junction B4 -> durations [24, 22, 22, 22] (total: 90s)
2026-09-23 22:35:05,915 - RLController - INFO -   Example: junction B5 -> durations [60, 10, 10, 10] (total: 90s)
2026-09-23 22:35:05,915 - RLController - INFO -   Example: junction C0 -> durations [22, 22, 24, 22] (total: 90s)
2026-09-23 22:35:05,915 - RLController - INFO -   Example: junction C1 -> durations [24, 22, 22, 22] (total: 90s)
2026-09-23 22:35:05,915 - RLController - INFO -   Example: junction C2 -> durations [57, 13, 10, 10] (total: 90s)
2026-09-23 22:35:05,915 - RLController - INFO -   Example: junction C3 -> durations [60, 10, 10, 10] (total: 90s)
2026-09-23 22:35:05,915 - RLController - INFO -   Example: junction C4 -> durations [57, 11, 11, 11] (total: 90s)
2026-09-23 22:35:05,915 - RLController - INFO -   Example: junction C5 -> durations [57, 11, 11, 11] (total: 90s)
2026-09-23 22:35:05,915 - RLController - INFO -   Example: junction D0 -> durations [24, 22, 22, 22] (total: 90s)
2026-09-23 22:35:05,916 - RLController - INFO -   Example: junction D1 -> durations [21, 21, 27, 21] (total: 90s)
2026-09-23 22:35:05,916 - RLController - INFO -   Example: junction D2 -> durations [45, 15, 15, 15] (total: 90s)
2026-09-23 22:35:05,916 - RLController - INFO -   Example: junction D3 -> durations [24, 22, 22, 22] (total: 90s)
2026-09-23 22:35:05,916 - RLController - INFO -   Example: junction D4 -> durations [24, 22, 22, 22] (total: 90s)
2026-09-23 22:35:05,916 - RLController - INFO -   Example: junction D5 -> durations [13, 13, 51, 13] (total: 90s)
2026-09-23 22:35:05,917 - RLController - INFO -   Example: junction E0 -> durations [24, 22, 22, 22] (total: 90s)
2026-09-23 22:35:05,917 - RLController - INFO -   Example: junction E1 -> durations [24, 22, 22, 22] (total: 90s)
2026-09-23 22:35:05,917 - RLController - INFO -   Stored schedules for 34 junctions, cycle starts at step 4140
2026-09-23 22:35:10,050 - RLController - INFO - DIAGNOSTIC Step 4230 - Observation stats:
2026-09-23 22:35:10,050 - RLController - INFO -   Hash: -1731997664348928842, Min: 0.000000, Max: 1.000000, Mean: 0.437387, Std: 0.455867
2026-09-23 22:35:10,050 - RLController - INFO -   First 10: [1.  0.  0.  0.  0.  0.5 1.  0.  0.  0. ]
2026-09-23 22:35:10,051 - RLController - INFO -   Last 10: [0.         0.2        0.         0.08333334 0.491453   0.00319196
 0.07641026 0.5255683  0.         0.3       ]
2026-09-23 22:35:10,055 - RLController - INFO - DIAGNOSTIC - Raw model action output:
2026-09-23 22:35:10,055 - RLController - INFO -   Action hash: 156609570456803481
2026-09-23 22:35:10,055 - RLController - INFO -   First 8 values: [ -7.588748 -10.       -10.       -10.       -10.       -10.
 -10.       -10.      ]
2026-09-23 22:35:10,055 - RLController - INFO -   Last 8 values: [-10.       -10.       -10.       -10.       -10.        -3.025234
 -10.       -10.      ]
2026-09-23 22:35:10,055 - RLController - INFO -   Action shape: (136,), min: -10.000000, max: 5.166498, mean: -9.293740
2026-09-23 22:35:10,056 - RLController - INFO -   B0 junction (indices 16-19) raw values: [-10. -10. -10. -10.]
2026-09-23 22:35:10,056 - RLController - INFO - Using CONTINUOUS DURATION-BASED mode
2026-09-23 22:35:10,056 - RLController - INFO -   Example: junction A0 -> durations [51, 13, 13, 13] (total: 90s)
2026-09-23 22:35:10,056 - RLController - INFO -   Example: junction A1 -> durations [24, 22, 22, 22] (total: 90s)
2026-09-23 22:35:10,056 - RLController - INFO -   Example: junction A2 -> durations [12, 12, 54, 12] (total: 90s)
2026-09-23 22:35:10,056 - RLController - INFO -   Example: junction A4 -> durations [60, 10, 10, 10] (total: 90s)
2026-09-23 22:35:10,056 - RLController - INFO -   Example: junction A5 -> durations [24, 22, 22, 22] (total: 90s)
2026-09-23 22:35:10,056 - RLController - INFO -   Example: junction B0 -> durations [24, 22, 22, 22] (total: 90s)
2026-09-23 22:35:10,057 - RLController - INFO -   Example: junction B1 -> durations [24, 22, 22, 22] (total: 90s)
2026-09-23 22:35:10,057 - RLController - INFO -   Example: junction B2 -> durations [24, 22, 22, 22] (total: 90s)
2026-09-23 22:35:10,057 - RLController - INFO -   Example: junction B4 -> durations [24, 22, 22, 22] (total: 90s)
2026-09-23 22:35:10,057 - RLController - INFO -   Example: junction B5 -> durations [60, 10, 10, 10] (total: 90s)
2026-09-23 22:35:10,057 - RLController - INFO -   Example: junction C0 -> durations [22, 22, 24, 22] (total: 90s)
2026-09-23 22:35:10,057 - RLController - INFO -   Example: junction C1 -> durations [24, 22, 22, 22] (total: 90s)
2026-09-23 22:35:10,057 - RLController - INFO -   Example: junction C2 -> durations [57, 13, 10, 10] (total: 90s)
2026-09-23 22:35:10,057 - RLController - INFO -   Example: junction C3 -> durations [60, 10, 10, 10] (total: 90s)
2026-09-23 22:35:10,058 - RLController - INFO -   Example: junction C4 -> durations [57, 11, 11, 11] (total: 90s)
2026-09-23 22:35:10,058 - RLController - INFO -   Example: junction C5 -> durations [57, 11, 11, 11] (total: 90s)
2026-09-23 22:35:10,058 - RLController - INFO -   Example: junction D0 -> durations [24, 22, 22, 22] (total: 90s)
2026-09-23 22:35:10,058 - RLController - INFO -   Example: junction D1 -> durations [21, 21, 27, 21] (total: 90s)
2026-09-23 22:35:10,058 - RLController - INFO -   Example: junction D2 -> durations [45, 15, 15, 15] (total: 90s)
2026-09-23 22:35:10,058 - RLController - INFO -   Example: junction D3 -> durations [24, 22, 22, 22] (total: 90s)
2026-09-23 22:35:10,058 - RLController - INFO -   Example: junction D4 -> durations [24, 22, 22, 22] (total: 90s)
2026-09-23 22:35:10,058 - RLController - INFO -   Example: junction D5 -> durations [13, 13, 51, 13] (total: 90s)
2026-09-23 22:35:10,058 - RLController - INFO -   Example: junction E0 -> durations [24, 22, 22, 22] (total: 90s)
2026-09-23 22:35:10,059 - RLController - INFO -   Example: junction E1 -> durations [24, 22, 22, 22] (total: 90s)
2026-09-23 22:35:10,059 - RLController - INFO -   Stored schedules for 34 junctions, cycle starts at step 4230
2026-09-23 22:35:14,517 - RLController - INFO - DIAGNOSTIC Step 4320 - Observation stats:
2026-09-23 22:35:14,518 - RLController - INFO -   Hash: -711718362859878712, Min: 0.000000, Max: 1.000000, Mean: 0.440612, Std: 0.456376
2026-09-23 22:35:14,518 - RLController - INFO -   First 10: [1.         0.         0.         0.         0.         0.5
 0.         0.         0.99333334 1.        ]
2026-09-23 22:35:14,518 - RLController - INFO -   Last 10: [0.         0.2        0.         0.08333334 0.4957265  0.00319853
 0.07897436 0.5174921  0.         0.3       ]
2026-09-23 22:35:14,522 - RLController - INFO - DIAGNOSTIC - Raw model action output:
2026-09-23 22:35:14,522 - RLController - INFO -   Action hash: 4882298003252851905
2026-09-23 22:35:14,522 - RLController - INFO -   First 8 values: [ -7.4705567 -10.        -10.        -10.        -10.        -10.
 -10.        -10.       ]
2026-09-23 22:35:14,523 - RLController - INFO -   Last 8 values: [-10.        -10.        -10.        -10.        -10.         -2.6568873
 -10.        -10.       ]
2026-09-23 22:35:14,523 - RLController - INFO -   Action shape: (136,), min: -10.000000, max: 5.126171, mean: -9.254059
2026-09-23 22:35:14,523 - RLController - INFO -   B0 junction (indices 16-19) raw values: [-10. -10. -10. -10.]
2026-09-23 22:35:14,523 - RLController - INFO - Using CONTINUOUS DURATION-BASED mode
2026-09-23 22:35:14,523 - RLController - INFO -   Example: junction A0 -> durations [51, 13, 13, 13] (total: 90s)
2026-09-23 22:35:14,523 - RLController - INFO -   Example: junction A1 -> durations [24, 22, 22, 22] (total: 90s)
2026-09-23 22:35:14,524 - RLController - INFO -   Example: junction A2 -> durations [12, 12, 54, 12] (total: 90s)
2026-09-23 22:35:14,524 - RLController - INFO -   Example: junction A4 -> durations [60, 10, 10, 10] (total: 90s)
2026-09-23 22:35:14,525 - RLController - INFO -   Example: junction A5 -> durations [24, 22, 22, 22] (total: 90s)
2026-09-23 22:35:14,525 - RLController - INFO -   Example: junction B0 -> durations [24, 22, 22, 22] (total: 90s)
2026-09-23 22:35:14,525 - RLController - INFO -   Example: junction B1 -> durations [24, 22, 22, 22] (total: 90s)
2026-09-23 22:35:14,525 - RLController - INFO -   Example: junction B2 -> durations [24, 22, 22, 22] (total: 90s)
2026-09-23 22:35:14,525 - RLController - INFO -   Example: junction B4 -> durations [24, 22, 22, 22] (total: 90s)
2026-09-23 22:35:14,525 - RLController - INFO -   Example: junction B5 -> durations [60, 10, 10, 10] (total: 90s)
2026-09-23 22:35:14,525 - RLController - INFO -   Example: junction C0 -> durations [22, 22, 24, 22] (total: 90s)
2026-09-23 22:35:14,526 - RLController - INFO -   Example: junction C1 -> durations [24, 22, 22, 22] (total: 90s)
2026-09-23 22:35:14,526 - RLController - INFO -   Example: junction C2 -> durations [57, 13, 10, 10] (total: 90s)
2026-09-23 22:35:14,526 - RLController - INFO -   Example: junction C3 -> durations [60, 10, 10, 10] (total: 90s)
2026-09-23 22:35:14,526 - RLController - INFO -   Example: junction C4 -> durations [57, 11, 11, 11] (total: 90s)
2026-09-23 22:35:14,526 - RLController - INFO -   Example: junction C5 -> durations [57, 11, 11, 11] (total: 90s)
2026-09-23 22:35:14,526 - RLController - INFO -   Example: junction D0 -> durations [24, 22, 22, 22] (total: 90s)
2026-09-23 22:35:14,526 - RLController - INFO -   Example: junction D1 -> durations [21, 21, 27, 21] (total: 90s)
2026-09-23 22:35:14,526 - RLController - INFO -   Example: junction D2 -> durations [45, 15, 15, 15] (total: 90s)
2026-09-23 22:35:14,527 - RLController - INFO -   Example: junction D3 -> durations [24, 22, 22, 22] (total: 90s)
2026-09-23 22:35:14,527 - RLController - INFO -   Example: junction D4 -> durations [24, 22, 22, 22] (total: 90s)
2026-09-23 22:35:14,527 - RLController - INFO -   Example: junction D5 -> durations [13, 13, 51, 13] (total: 90s)
2026-09-23 22:35:14,527 - RLController - INFO -   Example: junction E0 -> durations [24, 22, 22, 22] (total: 90s)
2026-09-23 22:35:14,527 - RLController - INFO -   Example: junction E1 -> durations [24, 22, 22, 22] (total: 90s)
2026-09-23 22:35:14,528 - RLController - INFO -   Stored schedules for 34 junctions, cycle starts at step 4320
2026-09-23 22:35:18,750 - RLController - INFO - DIAGNOSTIC Step 4410 - Observation stats:
2026-09-23 22:35:18,751 - RLController - INFO -   Hash: 9221580514134464100, Min: 0.000000, Max: 1.000000, Mean: 0.438384, Std: 0.456917
2026-09-23 22:35:18,751 - RLController - INFO -   First 10: [1.         0.         0.         0.         0.         0.5
 0.         1.         0.99333334 1.        ]
2026-09-23 22:35:18,751 - RLController - INFO -   Last 10: [0.         0.2        0.         0.08333334 0.49358973 0.00326101
 0.07726496 0.52322376 0.         0.3       ]
2026-09-23 22:35:18,756 - RLController - INFO - DIAGNOSTIC - Raw model action output:
2026-09-23 22:35:18,756 - RLController - INFO -   Action hash: -6484389019906374150
2026-09-23 22:35:18,756 - RLController - INFO -   First 8 values: [ -7.382788 -10.       -10.       -10.       -10.       -10.
 -10.       -10.      ]
2026-09-23 22:35:18,757 - RLController - INFO -   Last 8 values: [-10.        -10.        -10.        -10.        -10.         -0.8290517
 -10.        -10.       ]
2026-09-23 22:35:18,757 - RLController - INFO -   Action shape: (136,), min: -10.000000, max: 5.261491, mean: -9.224545
2026-09-23 22:35:18,757 - RLController - INFO -   B0 junction (indices 16-19) raw values: [ -9.635413 -10.       -10.       -10.      ]
2026-09-23 22:35:18,757 - RLController - INFO - Using CONTINUOUS DURATION-BASED mode
2026-09-23 22:35:18,758 - RLController - INFO -   Example: junction A0 -> durations [51, 13, 13, 13] (total: 90s)
2026-09-23 22:35:18,758 - RLController - INFO -   Example: junction A1 -> durations [24, 22, 22, 22] (total: 90s)
2026-09-23 22:35:18,758 - RLController - INFO -   Example: junction A2 -> durations [12, 12, 54, 12] (total: 90s)
2026-09-23 22:35:18,758 - RLController - INFO -   Example: junction A4 -> durations [60, 10, 10, 10] (total: 90s)
2026-09-23 22:35:18,758 - RLController - INFO -   Example: junction A5 -> durations [24, 22, 22, 22] (total: 90s)
2026-09-23 22:35:18,758 - RLController - INFO -   Example: junction B0 -> durations [24, 22, 22, 22] (total: 90s)
2026-09-23 22:35:18,758 - RLController - INFO -   Example: junction B1 -> durations [24, 22, 22, 22] (total: 90s)
2026-09-23 22:35:18,759 - RLController - INFO -   Example: junction B2 -> durations [24, 22, 22, 22] (total: 90s)
2026-09-23 22:35:18,759 - RLController - INFO -   Example: junction B4 -> durations [24, 22, 22, 22] (total: 90s)
2026-09-23 22:35:18,759 - RLController - INFO -   Example: junction B5 -> durations [60, 10, 10, 10] (total: 90s)
2026-09-23 22:35:18,759 - RLController - INFO -   Example: junction C0 -> durations [22, 22, 24, 22] (total: 90s)
2026-09-23 22:35:18,759 - RLController - INFO -   Example: junction C1 -> durations [24, 22, 22, 22] (total: 90s)
2026-09-23 22:35:18,759 - RLController - INFO -   Example: junction C2 -> durations [57, 13, 10, 10] (total: 90s)
2026-09-23 22:35:18,759 - RLController - INFO -   Example: junction C3 -> durations [60, 10, 10, 10] (total: 90s)
2026-09-23 22:35:18,760 - RLController - INFO -   Example: junction C4 -> durations [57, 11, 11, 11] (total: 90s)
2026-09-23 22:35:18,760 - RLController - INFO -   Example: junction C5 -> durations [57, 11, 11, 11] (total: 90s)
2026-09-23 22:35:18,760 - RLController - INFO -   Example: junction D0 -> durations [24, 22, 22, 22] (total: 90s)
2026-09-23 22:35:18,760 - RLController - INFO -   Example: junction D1 -> durations [21, 21, 27, 21] (total: 90s)
2026-09-23 22:35:18,760 - RLController - INFO -   Example: junction D2 -> durations [45, 15, 15, 15] (total: 90s)
2026-09-23 22:35:18,760 - RLController - INFO -   Example: junction D3 -> durations [24, 22, 22, 22] (total: 90s)
2026-09-23 22:35:18,760 - RLController - INFO -   Example: junction D4 -> durations [24, 22, 22, 22] (total: 90s)
2026-09-23 22:35:18,760 - RLController - INFO -   Example: junction D5 -> durations [13, 13, 51, 13] (total: 90s)
2026-09-23 22:35:18,761 - RLController - INFO -   Example: junction E0 -> durations [24, 22, 22, 22] (total: 90s)
2026-09-23 22:35:18,761 - RLController - INFO -   Example: junction E1 -> durations [24, 22, 22, 22] (total: 90s)
2026-09-23 22:35:18,761 - RLController - INFO -   Stored schedules for 34 junctions, cycle starts at step 4410
2026-09-23 22:35:22,864 - RLController - INFO - DIAGNOSTIC Step 4500 - Observation stats:
2026-09-23 22:35:22,864 - RLController - INFO -   Hash: -3575325344077167676, Min: 0.000000, Max: 1.000000, Mean: 0.436090, Std: 0.455821
2026-09-23 22:35:22,865 - RLController - INFO -   First 10: [1.         0.         0.         0.         0.         0.5
 0.         1.         0.99333334 1.        ]
2026-09-23 22:35:22,865 - RLController - INFO -   Last 10: [0.         0.2        0.         0.08333334 0.50427353 0.00384903
 0.07641026 0.5190442  0.         0.3       ]
2026-09-23 22:35:22,869 - RLController - INFO - DIAGNOSTIC - Raw model action output:
2026-09-23 22:35:22,869 - RLController - INFO -   Action hash: -5208343154762446353
2026-09-23 22:35:22,869 - RLController - INFO -   First 8 values: [ -7.4602046 -10.        -10.        -10.        -10.        -10.
 -10.        -10.       ]
2026-09-23 22:35:22,870 - RLController - INFO -   Last 8 values: [-10.        -10.        -10.        -10.        -10.         -1.9067171
 -10.        -10.       ]
2026-09-23 22:35:22,870 - RLController - INFO -   Action shape: (136,), min: -10.000000, max: 5.535316, mean: -9.269971
2026-09-23 22:35:22,870 - RLController - INFO -   B0 junction (indices 16-19) raw values: [ -9.362596 -10.       -10.       -10.      ]
2026-09-23 22:35:22,870 - RLController - INFO - Using CONTINUOUS DURATION-BASED mode
2026-09-23 22:35:22,870 - RLController - INFO -   Example: junction A0 -> durations [51, 13, 13, 13] (total: 90s)
2026-09-23 22:35:22,870 - RLController - INFO -   Example: junction A1 -> durations [24, 22, 22, 22] (total: 90s)
2026-09-23 22:35:22,871 - RLController - INFO -   Example: junction A2 -> durations [12, 12, 54, 12] (total: 90s)
2026-09-23 22:35:22,871 - RLController - INFO -   Example: junction A4 -> durations [60, 10, 10, 10] (total: 90s)
2026-09-23 22:35:22,871 - RLController - INFO -   Example: junction A5 -> durations [24, 22, 22, 22] (total: 90s)
2026-09-23 22:35:22,871 - RLController - INFO -   Example: junction B0 -> durations [24, 22, 22, 22] (total: 90s)
2026-09-23 22:35:22,871 - RLController - INFO -   Example: junction B1 -> durations [24, 22, 22, 22] (total: 90s)
2026-09-23 22:35:22,871 - RLController - INFO -   Example: junction B2 -> durations [24, 22, 22, 22] (total: 90s)
2026-09-23 22:35:22,871 - RLController - INFO -   Example: junction B4 -> durations [24, 22, 22, 22] (total: 90s)
2026-09-23 22:35:22,871 - RLController - INFO -   Example: junction B5 -> durations [60, 10, 10, 10] (total: 90s)
2026-09-23 22:35:22,872 - RLController - INFO -   Example: junction C0 -> durations [22, 22, 24, 22] (total: 90s)
2026-09-23 22:35:22,872 - RLController - INFO -   Example: junction C1 -> durations [24, 22, 22, 22] (total: 90s)
2026-09-23 22:35:22,872 - RLController - INFO -   Example: junction C2 -> durations [57, 13, 10, 10] (total: 90s)
2026-09-23 22:35:22,872 - RLController - INFO -   Example: junction C3 -> durations [60, 10, 10, 10] (total: 90s)
2026-09-23 22:35:22,872 - RLController - INFO -   Example: junction C4 -> durations [57, 11, 11, 11] (total: 90s)
2026-09-23 22:35:22,872 - RLController - INFO -   Example: junction C5 -> durations [57, 11, 11, 11] (total: 90s)
2026-09-23 22:35:22,872 - RLController - INFO -   Example: junction D0 -> durations [24, 22, 22, 22] (total: 90s)
2026-09-23 22:35:22,872 - RLController - INFO -   Example: junction D1 -> durations [21, 21, 27, 21] (total: 90s)
2026-09-23 22:35:22,873 - RLController - INFO -   Example: junction D2 -> durations [45, 15, 15, 15] (total: 90s)
2026-09-23 22:35:22,873 - RLController - INFO -   Example: junction D3 -> durations [24, 22, 22, 22] (total: 90s)
2026-09-23 22:35:22,873 - RLController - INFO -   Example: junction D4 -> durations [24, 22, 22, 22] (total: 90s)
2026-09-23 22:35:22,873 - RLController - INFO -   Example: junction D5 -> durations [13, 13, 51, 13] (total: 90s)
2026-09-23 22:35:22,873 - RLController - INFO -   Example: junction E0 -> durations [24, 22, 22, 22] (total: 90s)
2026-09-23 22:35:22,873 - RLController - INFO -   Example: junction E1 -> durations [24, 22, 22, 22] (total: 90s)
2026-09-23 22:35:22,874 - RLController - INFO -   Stored schedules for 34 junctions, cycle starts at step 4500
2026-09-23 22:35:27,088 - RLController - INFO - DIAGNOSTIC Step 4590 - Observation stats:
2026-09-23 22:35:27,089 - RLController - INFO -   Hash: -3086094614481141716, Min: 0.000000, Max: 1.000000, Mean: 0.434445, Std: 0.455946
2026-09-23 22:35:27,089 - RLController - INFO -   First 10: [1.         0.         0.         0.         0.         0.5
 0.         1.         0.99333334 1.        ]
2026-09-23 22:35:27,089 - RLController - INFO -   Last 10: [0.         0.2        0.         0.08333334 0.48931623 0.00320572
 0.0782906  0.5295186  0.         0.3       ]
2026-09-23 22:35:27,093 - RLController - INFO - DIAGNOSTIC - Raw model action output:
2026-09-23 22:35:27,094 - RLController - INFO -   Action hash: 1632230492614024487
2026-09-23 22:35:27,094 - RLController - INFO -   First 8 values: [ -7.092568 -10.       -10.       -10.       -10.       -10.
 -10.       -10.      ]
2026-09-23 22:35:27,094 - RLController - INFO -   Last 8 values: [-10.        -10.        -10.        -10.        -10.         -1.8706648
 -10.        -10.       ]
2026-09-23 22:35:27,094 - RLController - INFO -   Action shape: (136,), min: -10.000000, max: 5.041039, mean: -9.286930
2026-09-23 22:35:27,095 - RLController - INFO -   B0 junction (indices 16-19) raw values: [ -9.769875 -10.       -10.       -10.      ]
2026-09-23 22:35:27,095 - RLController - INFO - Using CONTINUOUS DURATION-BASED mode
2026-09-23 22:35:27,095 - RLController - INFO -   Example: junction A0 -> durations [51, 13, 13, 13] (total: 90s)
2026-09-23 22:35:27,095 - RLController - INFO -   Example: junction A1 -> durations [24, 22, 22, 22] (total: 90s)
2026-09-23 22:35:27,095 - RLController - INFO -   Example: junction A2 -> durations [12, 12, 54, 12] (total: 90s)
2026-09-23 22:35:27,095 - RLController - INFO -   Example: junction A4 -> durations [60, 10, 10, 10] (total: 90s)
2026-09-23 22:35:27,096 - RLController - INFO -   Example: junction A5 -> durations [24, 22, 22, 22] (total: 90s)
2026-09-23 22:35:27,096 - RLController - INFO -   Example: junction B0 -> durations [24, 22, 22, 22] (total: 90s)
2026-09-23 22:35:27,096 - RLController - INFO -   Example: junction B1 -> durations [24, 22, 22, 22] (total: 90s)
2026-09-23 22:35:27,096 - RLController - INFO -   Example: junction B2 -> durations [24, 22, 22, 22] (total: 90s)
2026-09-23 22:35:27,096 - RLController - INFO -   Example: junction B4 -> durations [24, 22, 22, 22] (total: 90s)
2026-09-23 22:35:27,096 - RLController - INFO -   Example: junction B5 -> durations [60, 10, 10, 10] (total: 90s)
2026-09-23 22:35:27,096 - RLController - INFO -   Example: junction C0 -> durations [22, 22, 24, 22] (total: 90s)
2026-09-23 22:35:27,096 - RLController - INFO -   Example: junction C1 -> durations [24, 22, 22, 22] (total: 90s)
2026-09-23 22:35:27,097 - RLController - INFO -   Example: junction C2 -> durations [57, 13, 10, 10] (total: 90s)
2026-09-23 22:35:27,097 - RLController - INFO -   Example: junction C3 -> durations [60, 10, 10, 10] (total: 90s)
2026-09-23 22:35:27,097 - RLController - INFO -   Example: junction C4 -> durations [57, 11, 11, 11] (total: 90s)
2026-09-23 22:35:27,097 - RLController - INFO -   Example: junction C5 -> durations [57, 11, 11, 11] (total: 90s)
2026-09-23 22:35:27,097 - RLController - INFO -   Example: junction D0 -> durations [24, 22, 22, 22] (total: 90s)
2026-09-23 22:35:27,097 - RLController - INFO -   Example: junction D1 -> durations [21, 21, 27, 21] (total: 90s)
2026-09-23 22:35:27,097 - RLController - INFO -   Example: junction D2 -> durations [45, 15, 15, 15] (total: 90s)
2026-09-23 22:35:27,097 - RLController - INFO -   Example: junction D3 -> durations [24, 22, 22, 22] (total: 90s)
2026-09-23 22:35:27,098 - RLController - INFO -   Example: junction D4 -> durations [24, 22, 22, 22] (total: 90s)
2026-09-23 22:35:27,098 - RLController - INFO -   Example: junction D5 -> durations [13, 13, 51, 13] (total: 90s)
2026-09-23 22:35:27,098 - RLController - INFO -   Example: junction E0 -> durations [24, 22, 22, 22] (total: 90s)
2026-09-23 22:35:27,098 - RLController - INFO -   Example: junction E1 -> durations [24, 22, 22, 22] (total: 90s)
2026-09-23 22:35:27,099 - RLController - INFO -   Stored schedules for 34 junctions, cycle starts at step 4590
2026-09-23 22:35:31,734 - RLController - INFO - DIAGNOSTIC Step 4680 - Observation stats:
2026-09-23 22:35:31,734 - RLController - INFO -   Hash: 9154273305517493624, Min: 0.000000, Max: 1.000000, Mean: 0.435660, Std: 0.457354
2026-09-23 22:35:31,735 - RLController - INFO -   First 10: [1.         0.         0.         0.         0.         0.5
 0.         1.         0.99333334 1.        ]
2026-09-23 22:35:31,735 - RLController - INFO -   Last 10: [0.         0.2        0.         0.08333334 0.4764957  0.00326848
 0.07893162 0.5429612  0.         0.3       ]
2026-09-23 22:35:31,739 - RLController - INFO - DIAGNOSTIC - Raw model action output:
2026-09-23 22:35:31,739 - RLController - INFO -   Action hash: 3513065175641614662
2026-09-23 22:35:31,739 - RLController - INFO -   First 8 values: [ -7.4066014 -10.        -10.        -10.        -10.        -10.
 -10.        -10.       ]
2026-09-23 22:35:31,739 - RLController - INFO -   Last 8 values: [-10.        -10.        -10.        -10.        -10.         -2.1355307
 -10.        -10.       ]
2026-09-23 22:35:31,739 - RLController - INFO -   Action shape: (136,), min: -10.000000, max: 4.872725, mean: -9.269166
2026-09-23 22:35:31,740 - RLController - INFO -   B0 junction (indices 16-19) raw values: [ -9.786904 -10.       -10.       -10.      ]
2026-09-23 22:35:31,740 - RLController - INFO - Using CONTINUOUS DURATION-BASED mode
2026-09-23 22:35:31,740 - RLController - INFO -   Example: junction A0 -> durations [51, 13, 13, 13] (total: 90s)
2026-09-23 22:35:31,740 - RLController - INFO -   Example: junction A1 -> durations [24, 22, 22, 22] (total: 90s)
2026-09-23 22:35:31,740 - RLController - INFO -   Example: junction A2 -> durations [12, 12, 54, 12] (total: 90s)
2026-09-23 22:35:31,740 - RLController - INFO -   Example: junction A4 -> durations [60, 10, 10, 10] (total: 90s)
2026-09-23 22:35:31,741 - RLController - INFO -   Example: junction A5 -> durations [24, 22, 22, 22] (total: 90s)
2026-09-23 22:35:31,741 - RLController - INFO -   Example: junction B0 -> durations [24, 22, 22, 22] (total: 90s)
2026-09-23 22:35:31,741 - RLController - INFO -   Example: junction B1 -> durations [24, 22, 22, 22] (total: 90s)
2026-09-23 22:35:31,741 - RLController - INFO -   Example: junction B2 -> durations [24, 22, 22, 22] (total: 90s)
2026-09-23 22:35:31,741 - RLController - INFO -   Example: junction B4 -> durations [24, 22, 22, 22] (total: 90s)
2026-09-23 22:35:31,741 - RLController - INFO -   Example: junction B5 -> durations [60, 10, 10, 10] (total: 90s)
2026-09-23 22:35:31,741 - RLController - INFO -   Example: junction C0 -> durations [22, 22, 24, 22] (total: 90s)
2026-09-23 22:35:31,741 - RLController - INFO -   Example: junction C1 -> durations [24, 22, 22, 22] (total: 90s)
2026-09-23 22:35:31,742 - RLController - INFO -   Example: junction C2 -> durations [57, 13, 10, 10] (total: 90s)
2026-09-23 22:35:31,742 - RLController - INFO -   Example: junction C3 -> durations [60, 10, 10, 10] (total: 90s)
2026-09-23 22:35:31,742 - RLController - INFO -   Example: junction C4 -> durations [57, 11, 11, 11] (total: 90s)
2026-09-23 22:35:31,742 - RLController - INFO -   Example: junction C5 -> durations [57, 11, 11, 11] (total: 90s)
2026-09-23 22:35:31,742 - RLController - INFO -   Example: junction D0 -> durations [24, 22, 22, 22] (total: 90s)
2026-09-23 22:35:31,742 - RLController - INFO -   Example: junction D1 -> durations [21, 21, 27, 21] (total: 90s)
2026-09-23 22:35:31,742 - RLController - INFO -   Example: junction D2 -> durations [45, 15, 15, 15] (total: 90s)
2026-09-23 22:35:31,742 - RLController - INFO -   Example: junction D3 -> durations [24, 22, 22, 22] (total: 90s)
2026-09-23 22:35:31,742 - RLController - INFO -   Example: junction D4 -> durations [24, 22, 22, 22] (total: 90s)
2026-09-23 22:35:31,742 - RLController - INFO -   Example: junction D5 -> durations [13, 13, 51, 13] (total: 90s)
2026-09-23 22:35:31,743 - RLController - INFO -   Example: junction E0 -> durations [24, 22, 22, 22] (total: 90s)
2026-09-23 22:35:31,743 - RLController - INFO -   Example: junction E1 -> durations [24, 22, 22, 22] (total: 90s)
2026-09-23 22:35:31,743 - RLController - INFO -   Stored schedules for 34 junctions, cycle starts at step 4680
2026-09-23 22:35:35,913 - RLController - INFO - DIAGNOSTIC Step 4770 - Observation stats:
2026-09-23 22:35:35,913 - RLController - INFO -   Hash: -2854948910972834720, Min: 0.000000, Max: 1.000000, Mean: 0.439182, Std: 0.456877
2026-09-23 22:35:35,913 - RLController - INFO -   First 10: [0.34986588 0.         0.9533333  1.         0.02227582 0.17880791
 0.         1.         0.99333334 1.        ]
2026-09-23 22:35:35,914 - RLController - INFO -   Last 10: [0.         0.2        0.         0.08333334 0.50213677 0.00427309
 0.07756411 0.53031415 0.         0.3       ]
2026-09-23 22:35:35,917 - RLController - INFO - DIAGNOSTIC - Raw model action output:
2026-09-23 22:35:35,917 - RLController - INFO -   Action hash: 1678795132660927953
2026-09-23 22:35:35,917 - RLController - INFO -   First 8 values: [ -7.6640315 -10.        -10.        -10.        -10.        -10.
 -10.        -10.       ]
2026-09-23 22:35:35,918 - RLController - INFO -   Last 8 values: [-10.        -10.        -10.        -10.        -10.         -2.5500176
 -10.        -10.       ]
2026-09-23 22:35:35,918 - RLController - INFO -   Action shape: (136,), min: -10.000000, max: 5.757775, mean: -9.269469
2026-09-23 22:35:35,918 - RLController - INFO -   B0 junction (indices 16-19) raw values: [ -9.779628 -10.       -10.       -10.      ]
2026-09-23 22:35:35,918 - RLController - INFO - Using CONTINUOUS DURATION-BASED mode
2026-09-23 22:35:35,918 - RLController - INFO -   Example: junction A0 -> durations [51, 13, 13, 13] (total: 90s)
2026-09-23 22:35:35,918 - RLController - INFO -   Example: junction A1 -> durations [24, 22, 22, 22] (total: 90s)
2026-09-23 22:35:35,919 - RLController - INFO -   Example: junction A2 -> durations [12, 12, 54, 12] (total: 90s)
2026-09-23 22:35:35,919 - RLController - INFO -   Example: junction A4 -> durations [60, 10, 10, 10] (total: 90s)
2026-09-23 22:35:35,919 - RLController - INFO -   Example: junction A5 -> durations [24, 22, 22, 22] (total: 90s)
2026-09-23 22:35:35,919 - RLController - INFO -   Example: junction B0 -> durations [24, 22, 22, 22] (total: 90s)
2026-09-23 22:35:35,919 - RLController - INFO -   Example: junction B1 -> durations [24, 22, 22, 22] (total: 90s)
2026-09-23 22:35:35,919 - RLController - INFO -   Example: junction B2 -> durations [24, 22, 22, 22] (total: 90s)
2026-09-23 22:35:35,919 - RLController - INFO -   Example: junction B4 -> durations [24, 22, 22, 22] (total: 90s)
2026-09-23 22:35:35,919 - RLController - INFO -   Example: junction B5 -> durations [60, 10, 10, 10] (total: 90s)
2026-09-23 22:35:35,920 - RLController - INFO -   Example: junction C0 -> durations [22, 22, 24, 22] (total: 90s)
2026-09-23 22:35:35,920 - RLController - INFO -   Example: junction C1 -> durations [24, 22, 22, 22] (total: 90s)
2026-09-23 22:35:35,920 - RLController - INFO -   Example: junction C2 -> durations [57, 13, 10, 10] (total: 90s)
2026-09-23 22:35:35,920 - RLController - INFO -   Example: junction C3 -> durations [60, 10, 10, 10] (total: 90s)
2026-09-23 22:35:35,920 - RLController - INFO -   Example: junction C4 -> durations [57, 11, 11, 11] (total: 90s)
2026-09-23 22:35:35,920 - RLController - INFO -   Example: junction C5 -> durations [57, 11, 11, 11] (total: 90s)
2026-09-23 22:35:35,920 - RLController - INFO -   Example: junction D0 -> durations [24, 22, 22, 22] (total: 90s)
2026-09-23 22:35:35,920 - RLController - INFO -   Example: junction D1 -> durations [21, 21, 27, 21] (total: 90s)
2026-09-23 22:35:35,920 - RLController - INFO -   Example: junction D2 -> durations [45, 15, 15, 15] (total: 90s)
2026-09-23 22:35:35,921 - RLController - INFO -   Example: junction D3 -> durations [24, 22, 22, 22] (total: 90s)
2026-09-23 22:35:35,921 - RLController - INFO -   Example: junction D4 -> durations [24, 22, 22, 22] (total: 90s)
2026-09-23 22:35:35,921 - RLController - INFO -   Example: junction D5 -> durations [13, 13, 51, 13] (total: 90s)
2026-09-23 22:35:35,921 - RLController - INFO -   Example: junction E0 -> durations [24, 22, 22, 22] (total: 90s)
2026-09-23 22:35:35,921 - RLController - INFO -   Example: junction E1 -> durations [24, 22, 22, 22] (total: 90s)
2026-09-23 22:35:35,922 - RLController - INFO -   Stored schedules for 34 junctions, cycle starts at step 4770
2026-09-23 22:35:40,079 - RLController - INFO - DIAGNOSTIC Step 4860 - Observation stats:
2026-09-23 22:35:40,080 - RLController - INFO -   Hash: -6472344033051646567, Min: 0.000000, Max: 1.000000, Mean: 0.437475, Std: 0.455452
2026-09-23 22:35:40,080 - RLController - INFO -   First 10: [1.         0.         0.         0.         0.         0.5110756
 0.         1.         0.99333334 1.        ]
2026-09-23 22:35:40,081 - RLController - INFO -   Last 10: [0.         0.2        0.         0.08333334 0.4871795  0.00401945
 0.07589743 0.5409789  0.         0.3       ]
2026-09-23 22:35:40,086 - RLController - INFO - DIAGNOSTIC - Raw model action output:
2026-09-23 22:35:40,086 - RLController - INFO -   Action hash: -3251688062314458618
2026-09-23 22:35:40,087 - RLController - INFO -   First 8 values: [ -7.669045 -10.       -10.       -10.       -10.       -10.
 -10.       -10.      ]
2026-09-23 22:35:40,087 - RLController - INFO -   Last 8 values: [-10.       -10.       -10.       -10.       -10.        -2.011606
 -10.       -10.      ]
2026-09-23 22:35:40,087 - RLController - INFO -   Action shape: (136,), min: -10.000000, max: 5.890792, mean: -9.274312
2026-09-23 22:35:40,087 - RLController - INFO -   B0 junction (indices 16-19) raw values: [ -9.898783 -10.       -10.       -10.      ]
2026-09-23 22:35:40,087 - RLController - INFO - Using CONTINUOUS DURATION-BASED mode
2026-09-23 22:35:40,088 - RLController - INFO -   Example: junction A0 -> durations [51, 13, 13, 13] (total: 90s)
2026-09-23 22:35:40,088 - RLController - INFO -   Example: junction A1 -> durations [24, 22, 22, 22] (total: 90s)
2026-09-23 22:35:40,088 - RLController - INFO -   Example: junction A2 -> durations [12, 12, 54, 12] (total: 90s)
2026-09-23 22:35:40,088 - RLController - INFO -   Example: junction A4 -> durations [60, 10, 10, 10] (total: 90s)
2026-09-23 22:35:40,089 - RLController - INFO -   Example: junction A5 -> durations [24, 22, 22, 22] (total: 90s)
2026-09-23 22:35:40,089 - RLController - INFO -   Example: junction B0 -> durations [24, 22, 22, 22] (total: 90s)
2026-09-23 22:35:40,089 - RLController - INFO -   Example: junction B1 -> durations [24, 22, 22, 22] (total: 90s)
2026-09-23 22:35:40,089 - RLController - INFO -   Example: junction B2 -> durations [24, 22, 22, 22] (total: 90s)
2026-09-23 22:35:40,089 - RLController - INFO -   Example: junction B4 -> durations [24, 22, 22, 22] (total: 90s)
2026-09-23 22:35:40,089 - RLController - INFO -   Example: junction B5 -> durations [60, 10, 10, 10] (total: 90s)
2026-09-23 22:35:40,089 - RLController - INFO -   Example: junction C0 -> durations [22, 22, 24, 22] (total: 90s)
2026-09-23 22:35:40,090 - RLController - INFO -   Example: junction C1 -> durations [24, 22, 22, 22] (total: 90s)
2026-09-23 22:35:40,090 - RLController - INFO -   Example: junction C2 -> durations [57, 13, 10, 10] (total: 90s)
2026-09-23 22:35:40,090 - RLController - INFO -   Example: junction C3 -> durations [60, 10, 10, 10] (total: 90s)
2026-09-23 22:35:40,090 - RLController - INFO -   Example: junction C4 -> durations [57, 11, 11, 11] (total: 90s)
2026-09-23 22:35:40,090 - RLController - INFO -   Example: junction C5 -> durations [57, 11, 11, 11] (total: 90s)
2026-09-23 22:35:40,090 - RLController - INFO -   Example: junction D0 -> durations [24, 22, 22, 22] (total: 90s)
2026-09-23 22:35:40,090 - RLController - INFO -   Example: junction D1 -> durations [21, 21, 27, 21] (total: 90s)
2026-09-23 22:35:40,091 - RLController - INFO -   Example: junction D2 -> durations [45, 15, 15, 15] (total: 90s)
2026-09-23 22:35:40,091 - RLController - INFO -   Example: junction D3 -> durations [24, 22, 22, 22] (total: 90s)
2026-09-23 22:35:40,091 - RLController - INFO -   Example: junction D4 -> durations [24, 22, 22, 22] (total: 90s)
2026-09-23 22:35:40,091 - RLController - INFO -   Example: junction D5 -> durations [13, 13, 51, 13] (total: 90s)
2026-09-23 22:35:40,091 - RLController - INFO -   Example: junction E0 -> durations [24, 22, 22, 22] (total: 90s)
2026-09-23 22:35:40,091 - RLController - INFO -   Example: junction E1 -> durations [24, 22, 22, 22] (total: 90s)
2026-09-23 22:35:40,092 - RLController - INFO -   Stored schedules for 34 junctions, cycle starts at step 4860
2026-09-23 22:35:44,312 - RLController - INFO - DIAGNOSTIC Step 4950 - Observation stats:
2026-09-23 22:35:44,313 - RLController - INFO -   Hash: 436869182808753675, Min: 0.000000, Max: 1.000000, Mean: 0.438513, Std: 0.455527
2026-09-23 22:35:44,313 - RLController - INFO -   First 10: [1.         0.         0.         0.         0.         0.5110756
 0.         1.         0.99333334 1.        ]
2026-09-23 22:35:44,313 - RLController - INFO -   Last 10: [0.         0.2        0.         0.08333334 0.4871795  0.00352731
 0.07747863 0.5374343  0.         0.3       ]
2026-09-23 22:35:44,319 - RLController - INFO - DIAGNOSTIC - Raw model action output:
2026-09-23 22:35:44,319 - RLController - INFO -   Action hash: -1417058516225664165
2026-09-23 22:35:44,320 - RLController - INFO -   First 8 values: [ -7.641965 -10.       -10.       -10.       -10.       -10.
 -10.       -10.      ]
2026-09-23 22:35:44,320 - RLController - INFO -   Last 8 values: [-10.       -10.       -10.       -10.       -10.        -3.453139
 -10.       -10.      ]
2026-09-23 22:35:44,320 - RLController - INFO -   Action shape: (136,), min: -10.000000, max: 5.496928, mean: -9.278880
2026-09-23 22:35:44,320 - RLController - INFO -   B0 junction (indices 16-19) raw values: [-10. -10. -10. -10.]
2026-09-23 22:35:44,320 - RLController - INFO - Using CONTINUOUS DURATION-BASED mode
2026-09-23 22:35:44,320 - RLController - INFO -   Example: junction A0 -> durations [51, 13, 13, 13] (total: 90s)
2026-09-23 22:35:44,321 - RLController - INFO -   Example: junction A1 -> durations [24, 22, 22, 22] (total: 90s)
2026-09-23 22:35:44,321 - RLController - INFO -   Example: junction A2 -> durations [12, 12, 54, 12] (total: 90s)
2026-09-23 22:35:44,321 - RLController - INFO -   Example: junction A4 -> durations [60, 10, 10, 10] (total: 90s)
2026-09-23 22:35:44,321 - RLController - INFO -   Example: junction A5 -> durations [24, 22, 22, 22] (total: 90s)
2026-09-23 22:35:44,321 - RLController - INFO -   Example: junction B0 -> durations [24, 22, 22, 22] (total: 90s)
2026-09-23 22:35:44,321 - RLController - INFO -   Example: junction B1 -> durations [24, 22, 22, 22] (total: 90s)
2026-09-23 22:35:44,321 - RLController - INFO -   Example: junction B2 -> durations [24, 22, 22, 22] (total: 90s)
2026-09-23 22:35:44,322 - RLController - INFO -   Example: junction B4 -> durations [24, 22, 22, 22] (total: 90s)
2026-09-23 22:35:44,322 - RLController - INFO -   Example: junction B5 -> durations [60, 10, 10, 10] (total: 90s)
2026-09-23 22:35:44,322 - RLController - INFO -   Example: junction C0 -> durations [22, 22, 24, 22] (total: 90s)
2026-09-23 22:35:44,322 - RLController - INFO -   Example: junction C1 -> durations [24, 22, 22, 22] (total: 90s)
2026-09-23 22:35:44,322 - RLController - INFO -   Example: junction C2 -> durations [57, 13, 10, 10] (total: 90s)
2026-09-23 22:35:44,322 - RLController - INFO -   Example: junction C3 -> durations [60, 10, 10, 10] (total: 90s)
2026-09-23 22:35:44,322 - RLController - INFO -   Example: junction C4 -> durations [57, 11, 11, 11] (total: 90s)
2026-09-23 22:35:44,322 - RLController - INFO -   Example: junction C5 -> durations [57, 11, 11, 11] (total: 90s)
2026-09-23 22:35:44,323 - RLController - INFO -   Example: junction D0 -> durations [24, 22, 22, 22] (total: 90s)
2026-09-23 22:35:44,323 - RLController - INFO -   Example: junction D1 -> durations [21, 21, 27, 21] (total: 90s)
2026-09-23 22:35:44,323 - RLController - INFO -   Example: junction D2 -> durations [45, 15, 15, 15] (total: 90s)
2026-09-23 22:35:44,323 - RLController - INFO -   Example: junction D3 -> durations [24, 22, 22, 22] (total: 90s)
2026-09-23 22:35:44,323 - RLController - INFO -   Example: junction D4 -> durations [24, 22, 22, 22] (total: 90s)
2026-09-23 22:35:44,323 - RLController - INFO -   Example: junction D5 -> durations [13, 13, 51, 13] (total: 90s)
2026-09-23 22:35:44,323 - RLController - INFO -   Example: junction E0 -> durations [24, 22, 22, 22] (total: 90s)
2026-09-23 22:35:44,324 - RLController - INFO -   Example: junction E1 -> durations [24, 22, 22, 22] (total: 90s)
2026-09-23 22:35:44,325 - RLController - INFO -   Stored schedules for 34 junctions, cycle starts at step 4950
2026-09-23 22:35:48,757 - RLController - INFO - DIAGNOSTIC Step 5040 - Observation stats:
2026-09-23 22:35:48,757 - RLController - INFO -   Hash: -2866966176317352026, Min: 0.000000, Max: 1.000000, Mean: 0.444600, Std: 0.457253
2026-09-23 22:35:48,758 - RLController - INFO -   First 10: [1.         0.         0.         0.         0.         0.5110756
 0.         1.         0.99333334 1.        ]
2026-09-23 22:35:48,758 - RLController - INFO -   Last 10: [0.         0.2        0.         0.08333334 0.508547   0.00358772
 0.08012821 0.51732713 0.         0.3       ]
2026-09-23 22:35:48,767 - RLController - INFO - DIAGNOSTIC - Raw model action output:
2026-09-23 22:35:48,767 - RLController - INFO -   Action hash: 3542366642590419890
2026-09-23 22:35:48,768 - RLController - INFO -   First 8 values: [ -7.6287766 -10.        -10.        -10.        -10.        -10.
 -10.        -10.       ]
2026-09-23 22:35:48,768 - RLController - INFO -   Last 8 values: [-10.        -10.        -10.        -10.        -10.         -3.0394046
 -10.        -10.       ]
2026-09-23 22:35:48,769 - RLController - INFO -   Action shape: (136,), min: -10.000000, max: 5.238474, mean: -9.277592
2026-09-23 22:35:48,769 - RLController - INFO -   B0 junction (indices 16-19) raw values: [-10. -10. -10. -10.]
2026-09-23 22:35:48,769 - RLController - INFO - Using CONTINUOUS DURATION-BASED mode
2026-09-23 22:35:48,770 - RLController - INFO -   Example: junction A0 -> durations [51, 13, 13, 13] (total: 90s)
2026-09-23 22:35:48,770 - RLController - INFO -   Example: junction A1 -> durations [24, 22, 22, 22] (total: 90s)
2026-09-23 22:35:48,770 - RLController - INFO -   Example: junction A2 -> durations [12, 12, 54, 12] (total: 90s)
2026-09-23 22:35:48,770 - RLController - INFO -   Example: junction A4 -> durations [60, 10, 10, 10] (total: 90s)
2026-09-23 22:35:48,771 - RLController - INFO -   Example: junction A5 -> durations [24, 22, 22, 22] (total: 90s)
2026-09-23 22:35:48,771 - RLController - INFO -   Example: junction B0 -> durations [24, 22, 22, 22] (total: 90s)
2026-09-23 22:35:48,771 - RLController - INFO -   Example: junction B1 -> durations [24, 22, 22, 22] (total: 90s)
2026-09-23 22:35:48,771 - RLController - INFO -   Example: junction B2 -> durations [24, 22, 22, 22] (total: 90s)
2026-09-23 22:35:48,772 - RLController - INFO -   Example: junction B4 -> durations [24, 22, 22, 22] (total: 90s)
2026-09-23 22:35:48,772 - RLController - INFO -   Example: junction B5 -> durations [60, 10, 10, 10] (total: 90s)
2026-09-23 22:35:48,772 - RLController - INFO -   Example: junction C0 -> durations [22, 22, 24, 22] (total: 90s)
2026-09-23 22:35:48,772 - RLController - INFO -   Example: junction C1 -> durations [24, 22, 22, 22] (total: 90s)
2026-09-23 22:35:48,772 - RLController - INFO -   Example: junction C2 -> durations [57, 13, 10, 10] (total: 90s)
2026-09-23 22:35:48,773 - RLController - INFO -   Example: junction C3 -> durations [60, 10, 10, 10] (total: 90s)
2026-09-23 22:35:48,773 - RLController - INFO -   Example: junction C4 -> durations [57, 11, 11, 11] (total: 90s)
2026-09-23 22:35:48,773 - RLController - INFO -   Example: junction C5 -> durations [57, 11, 11, 11] (total: 90s)
2026-09-23 22:35:48,773 - RLController - INFO -   Example: junction D0 -> durations [24, 22, 22, 22] (total: 90s)
2026-09-23 22:35:48,774 - RLController - INFO -   Example: junction D1 -> durations [21, 21, 27, 21] (total: 90s)
2026-09-23 22:35:48,774 - RLController - INFO -   Example: junction D2 -> durations [45, 15, 15, 15] (total: 90s)
2026-09-23 22:35:48,774 - RLController - INFO -   Example: junction D3 -> durations [24, 22, 22, 22] (total: 90s)
2026-09-23 22:35:48,775 - RLController - INFO -   Example: junction D4 -> durations [24, 22, 22, 22] (total: 90s)
2026-09-23 22:35:48,775 - RLController - INFO -   Example: junction D5 -> durations [13, 13, 51, 13] (total: 90s)
2026-09-23 22:35:48,775 - RLController - INFO -   Example: junction E0 -> durations [24, 22, 22, 22] (total: 90s)
2026-09-23 22:35:48,775 - RLController - INFO -   Example: junction E1 -> durations [24, 22, 22, 22] (total: 90s)
2026-09-23 22:35:48,776 - RLController - INFO -   Stored schedules for 34 junctions, cycle starts at step 5040
2026-09-23 22:35:53,259 - RLController - INFO - DIAGNOSTIC Step 5130 - Observation stats:
2026-09-23 22:35:53,259 - RLController - INFO -   Hash: -1376700094758969335, Min: 0.000000, Max: 1.000000, Mean: 0.435759, Std: 0.456994
2026-09-23 22:35:53,260 - RLController - INFO -   First 10: [1.         0.         0.         0.         0.         0.5110756
 0.         1.         0.99333334 1.        ]
2026-09-23 22:35:53,260 - RLController - INFO -   Last 10: [0.         0.2        0.         0.08333334 0.4722222  0.00281221
 0.0798718  0.54267925 0.         0.3       ]
2026-09-23 22:35:53,265 - RLController - INFO - DIAGNOSTIC - Raw model action output:
2026-09-23 22:35:53,265 - RLController - INFO -   Action hash: -333727267781307793
2026-09-23 22:35:53,265 - RLController - INFO -   First 8 values: [ -7.4234557 -10.        -10.        -10.        -10.        -10.
 -10.        -10.       ]
2026-09-23 22:35:53,265 - RLController - INFO -   Last 8 values: [-10.        -10.        -10.        -10.        -10.         -1.9739625
 -10.        -10.       ]
2026-09-23 22:35:53,265 - RLController - INFO -   Action shape: (136,), min: -10.000000, max: 5.898562, mean: -9.277065
2026-09-23 22:35:53,266 - RLController - INFO -   B0 junction (indices 16-19) raw values: [-10. -10. -10. -10.]
2026-09-23 22:35:53,266 - RLController - INFO - Using CONTINUOUS DURATION-BASED mode
2026-09-23 22:35:53,266 - RLController - INFO -   Example: junction A0 -> durations [51, 13, 13, 13] (total: 90s)
2026-09-23 22:35:53,266 - RLController - INFO -   Example: junction A1 -> durations [24, 22, 22, 22] (total: 90s)
2026-09-23 22:35:53,266 - RLController - INFO -   Example: junction A2 -> durations [12, 12, 54, 12] (total: 90s)
2026-09-23 22:35:53,266 - RLController - INFO -   Example: junction A4 -> durations [60, 10, 10, 10] (total: 90s)
2026-09-23 22:35:53,267 - RLController - INFO -   Example: junction A5 -> durations [24, 22, 22, 22] (total: 90s)
2026-09-23 22:35:53,267 - RLController - INFO -   Example: junction B0 -> durations [24, 22, 22, 22] (total: 90s)
2026-09-23 22:35:53,267 - RLController - INFO -   Example: junction B1 -> durations [24, 22, 22, 22] (total: 90s)
2026-09-23 22:35:53,267 - RLController - INFO -   Example: junction B2 -> durations [24, 22, 22, 22] (total: 90s)
2026-09-23 22:35:53,267 - RLController - INFO -   Example: junction B4 -> durations [24, 22, 22, 22] (total: 90s)
2026-09-23 22:35:53,267 - RLController - INFO -   Example: junction B5 -> durations [60, 10, 10, 10] (total: 90s)
2026-09-23 22:35:53,267 - RLController - INFO -   Example: junction C0 -> durations [22, 22, 24, 22] (total: 90s)
2026-09-23 22:35:53,268 - RLController - INFO -   Example: junction C1 -> durations [24, 22, 22, 22] (total: 90s)
2026-09-23 22:35:53,268 - RLController - INFO -   Example: junction C2 -> durations [57, 13, 10, 10] (total: 90s)
2026-09-23 22:35:53,268 - RLController - INFO -   Example: junction C3 -> durations [60, 10, 10, 10] (total: 90s)
2026-09-23 22:35:53,268 - RLController - INFO -   Example: junction C4 -> durations [57, 11, 11, 11] (total: 90s)
2026-09-23 22:35:53,268 - RLController - INFO -   Example: junction C5 -> durations [57, 11, 11, 11] (total: 90s)
2026-09-23 22:35:53,268 - RLController - INFO -   Example: junction D0 -> durations [24, 22, 22, 22] (total: 90s)
2026-09-23 22:35:53,268 - RLController - INFO -   Example: junction D1 -> durations [21, 21, 27, 21] (total: 90s)
2026-09-23 22:35:53,268 - RLController - INFO -   Example: junction D2 -> durations [45, 15, 15, 15] (total: 90s)
2026-09-23 22:35:53,269 - RLController - INFO -   Example: junction D3 -> durations [24, 22, 22, 22] (total: 90s)
2026-09-23 22:35:53,269 - RLController - INFO -   Example: junction D4 -> durations [24, 22, 22, 22] (total: 90s)
2026-09-23 22:35:53,269 - RLController - INFO -   Example: junction D5 -> durations [13, 13, 51, 13] (total: 90s)
2026-09-23 22:35:53,269 - RLController - INFO -   Example: junction E0 -> durations [24, 22, 22, 22] (total: 90s)
2026-09-23 22:35:53,269 - RLController - INFO -   Example: junction E1 -> durations [24, 22, 22, 22] (total: 90s)
2026-09-23 22:35:53,270 - RLController - INFO -   Stored schedules for 34 junctions, cycle starts at step 5130
2026-09-23 22:35:57,333 - RLController - INFO - DIAGNOSTIC Step 5220 - Observation stats:
2026-09-23 22:35:57,334 - RLController - INFO -   Hash: 3830443783958400968, Min: 0.000000, Max: 1.000000, Mean: 0.443372, Std: 0.456619
2026-09-23 22:35:57,335 - RLController - INFO -   First 10: [1.         0.         0.         0.         0.         0.5110756
 0.         1.         0.99333334 1.        ]
2026-09-23 22:35:57,336 - RLController - INFO -   Last 10: [0.         0.2        0.         0.08333334 0.50427353 0.00379442
 0.08081196 0.52215165 0.         0.3       ]
2026-09-23 22:35:57,342 - RLController - INFO - DIAGNOSTIC - Raw model action output:
2026-09-23 22:35:57,342 - RLController - INFO -   Action hash: -1371852136057894862
2026-09-23 22:35:57,343 - RLController - INFO -   First 8 values: [ -7.314261 -10.       -10.       -10.       -10.       -10.
 -10.       -10.      ]
2026-09-23 22:35:57,343 - RLController - INFO -   Last 8 values: [-10.        -10.        -10.        -10.        -10.         -1.2459283
 -10.        -10.       ]
2026-09-23 22:35:57,343 - RLController - INFO -   Action shape: (136,), min: -10.000000, max: 5.227597, mean: -9.269607
2026-09-23 22:35:57,344 - RLController - INFO -   B0 junction (indices 16-19) raw values: [-10. -10. -10. -10.]
2026-09-23 22:35:57,345 - RLController - INFO - Using CONTINUOUS DURATION-BASED mode
2026-09-23 22:35:57,345 - RLController - INFO -   Example: junction A0 -> durations [51, 13, 13, 13] (total: 90s)
2026-09-23 22:35:57,345 - RLController - INFO -   Example: junction A1 -> durations [24, 22, 22, 22] (total: 90s)
2026-09-23 22:35:57,346 - RLController - INFO -   Example: junction A2 -> durations [12, 12, 54, 12] (total: 90s)
2026-09-23 22:35:57,346 - RLController - INFO -   Example: junction A4 -> durations [60, 10, 10, 10] (total: 90s)
2026-09-23 22:35:57,346 - RLController - INFO -   Example: junction A5 -> durations [24, 22, 22, 22] (total: 90s)
2026-09-23 22:35:57,346 - RLController - INFO -   Example: junction B0 -> durations [24, 22, 22, 22] (total: 90s)
2026-09-23 22:35:57,346 - RLController - INFO -   Example: junction B1 -> durations [24, 22, 22, 22] (total: 90s)
2026-09-23 22:35:57,347 - RLController - INFO -   Example: junction B2 -> durations [24, 22, 22, 22] (total: 90s)
2026-09-23 22:35:57,347 - RLController - INFO -   Example: junction B4 -> durations [24, 22, 22, 22] (total: 90s)
2026-09-23 22:35:57,347 - RLController - INFO -   Example: junction B5 -> durations [60, 10, 10, 10] (total: 90s)
2026-09-23 22:35:57,347 - RLController - INFO -   Example: junction C0 -> durations [22, 22, 24, 22] (total: 90s)
2026-09-23 22:35:57,347 - RLController - INFO -   Example: junction C1 -> durations [24, 22, 22, 22] (total: 90s)
2026-09-23 22:35:57,347 - RLController - INFO -   Example: junction C2 -> durations [57, 13, 10, 10] (total: 90s)
2026-09-23 22:35:57,347 - RLController - INFO -   Example: junction C3 -> durations [60, 10, 10, 10] (total: 90s)
2026-09-23 22:35:57,348 - RLController - INFO -   Example: junction C4 -> durations [57, 11, 11, 11] (total: 90s)
2026-09-23 22:35:57,348 - RLController - INFO -   Example: junction C5 -> durations [57, 11, 11, 11] (total: 90s)
2026-09-23 22:35:57,348 - RLController - INFO -   Example: junction D0 -> durations [24, 22, 22, 22] (total: 90s)
2026-09-23 22:35:57,348 - RLController - INFO -   Example: junction D1 -> durations [21, 21, 27, 21] (total: 90s)
2026-09-23 22:35:57,348 - RLController - INFO -   Example: junction D2 -> durations [45, 15, 15, 15] (total: 90s)
2026-09-23 22:35:57,348 - RLController - INFO -   Example: junction D3 -> durations [24, 22, 22, 22] (total: 90s)
2026-09-23 22:35:57,348 - RLController - INFO -   Example: junction D4 -> durations [24, 22, 22, 22] (total: 90s)
2026-09-23 22:35:57,349 - RLController - INFO -   Example: junction D5 -> durations [13, 13, 51, 13] (total: 90s)
2026-09-23 22:35:57,349 - RLController - INFO -   Example: junction E0 -> durations [24, 22, 22, 22] (total: 90s)
2026-09-23 22:35:57,349 - RLController - INFO -   Example: junction E1 -> durations [24, 22, 22, 22] (total: 90s)
2026-09-23 22:35:57,350 - RLController - INFO -   Stored schedules for 34 junctions, cycle starts at step 5220
2026-09-23 22:36:02,302 - RLController - INFO - DIAGNOSTIC Step 5310 - Observation stats:
2026-09-23 22:36:02,303 - RLController - INFO -   Hash: -1535101216220053032, Min: 0.000000, Max: 1.000000, Mean: 0.439677, Std: 0.456689
2026-09-23 22:36:02,303 - RLController - INFO -   First 10: [1.         0.         0.         0.         0.         0.5110756
 0.         1.         0.99333334 1.        ]
2026-09-23 22:36:02,303 - RLController - INFO -   Last 10: [0.         0.2        0.         0.08333334 0.4957265  0.00387568
 0.0807265  0.52845407 0.         0.3       ]
2026-09-23 22:36:02,309 - RLController - INFO - DIAGNOSTIC - Raw model action output:
2026-09-23 22:36:02,309 - RLController - INFO -   Action hash: 1699362427326890776
2026-09-23 22:36:02,309 - RLController - INFO -   First 8 values: [ -7.1856904 -10.        -10.        -10.        -10.        -10.
 -10.        -10.       ]
2026-09-23 22:36:02,310 - RLController - INFO -   Last 8 values: [-10.        -10.        -10.        -10.        -10.         -2.6096256
 -10.        -10.       ]
2026-09-23 22:36:02,310 - RLController - INFO -   Action shape: (136,), min: -10.000000, max: 4.913340, mean: -9.287156
2026-09-23 22:36:02,310 - RLController - INFO -   B0 junction (indices 16-19) raw values: [-10. -10. -10. -10.]
2026-09-23 22:36:02,310 - RLController - INFO - Using CONTINUOUS DURATION-BASED mode
2026-09-23 22:36:02,310 - RLController - INFO -   Example: junction A0 -> durations [51, 13, 13, 13] (total: 90s)
2026-09-23 22:36:02,310 - RLController - INFO -   Example: junction A1 -> durations [24, 22, 22, 22] (total: 90s)
2026-09-23 22:36:02,311 - RLController - INFO -   Example: junction A2 -> durations [12, 12, 54, 12] (total: 90s)
2026-09-23 22:36:02,311 - RLController - INFO -   Example: junction A4 -> durations [60, 10, 10, 10] (total: 90s)
2026-09-23 22:36:02,311 - RLController - INFO -   Example: junction A5 -> durations [24, 22, 22, 22] (total: 90s)
2026-09-23 22:36:02,311 - RLController - INFO -   Example: junction B0 -> durations [24, 22, 22, 22] (total: 90s)
2026-09-23 22:36:02,311 - RLController - INFO -   Example: junction B1 -> durations [24, 22, 22, 22] (total: 90s)
2026-09-23 22:36:02,311 - RLController - INFO -   Example: junction B2 -> durations [24, 22, 22, 22] (total: 90s)
2026-09-23 22:36:02,311 - RLController - INFO -   Example: junction B4 -> durations [24, 22, 22, 22] (total: 90s)
2026-09-23 22:36:02,311 - RLController - INFO -   Example: junction B5 -> durations [60, 10, 10, 10] (total: 90s)
2026-09-23 22:36:02,312 - RLController - INFO -   Example: junction C0 -> durations [22, 22, 24, 22] (total: 90s)
2026-09-23 22:36:02,312 - RLController - INFO -   Example: junction C1 -> durations [24, 22, 22, 22] (total: 90s)
2026-09-23 22:36:02,312 - RLController - INFO -   Example: junction C2 -> durations [57, 13, 10, 10] (total: 90s)
2026-09-23 22:36:02,312 - RLController - INFO -   Example: junction C3 -> durations [60, 10, 10, 10] (total: 90s)
2026-09-23 22:36:02,312 - RLController - INFO -   Example: junction C4 -> durations [57, 11, 11, 11] (total: 90s)
2026-09-23 22:36:02,312 - RLController - INFO -   Example: junction C5 -> durations [57, 11, 11, 11] (total: 90s)
2026-09-23 22:36:02,312 - RLController - INFO -   Example: junction D0 -> durations [24, 22, 22, 22] (total: 90s)
2026-09-23 22:36:02,313 - RLController - INFO -   Example: junction D1 -> durations [21, 21, 27, 21] (total: 90s)
2026-09-23 22:36:02,313 - RLController - INFO -   Example: junction D2 -> durations [45, 15, 15, 15] (total: 90s)
2026-09-23 22:36:02,313 - RLController - INFO -   Example: junction D3 -> durations [24, 22, 22, 22] (total: 90s)
2026-09-23 22:36:02,313 - RLController - INFO -   Example: junction D4 -> durations [24, 22, 22, 22] (total: 90s)
2026-09-23 22:36:02,313 - RLController - INFO -   Example: junction D5 -> durations [13, 13, 51, 13] (total: 90s)
2026-09-23 22:36:02,313 - RLController - INFO -   Example: junction E0 -> durations [24, 22, 22, 22] (total: 90s)
2026-09-23 22:36:02,314 - RLController - INFO -   Example: junction E1 -> durations [24, 22, 22, 22] (total: 90s)
2026-09-23 22:36:02,314 - RLController - INFO -   Stored schedules for 34 junctions, cycle starts at step 5310
2026-09-23 22:36:07,366 - RLController - INFO - DIAGNOSTIC Step 5400 - Observation stats:
2026-09-23 22:36:07,367 - RLController - INFO -   Hash: -8009933537369445251, Min: 0.000000, Max: 1.000225, Mean: 0.435102, Std: 0.456121
2026-09-23 22:36:07,367 - RLController - INFO -   First 10: [1.         0.         0.         0.         0.         0.5110756
 0.         1.         0.99333334 1.        ]
2026-09-23 22:36:07,367 - RLController - INFO -   Last 10: [0.         0.2        0.         0.08333334 0.48290598 0.00300022
 0.08029915 0.5355511  0.         0.3       ]
2026-09-23 22:36:07,372 - RLController - INFO - DIAGNOSTIC - Raw model action output:
2026-09-23 22:36:07,372 - RLController - INFO -   Action hash: -5207047009146023564
2026-09-23 22:36:07,373 - RLController - INFO -   First 8 values: [ -7.490345 -10.       -10.       -10.       -10.       -10.
 -10.       -10.      ]
2026-09-23 22:36:07,373 - RLController - INFO -   Last 8 values: [-10.       -10.       -10.       -10.       -10.        -2.119157
 -10.       -10.      ]
2026-09-23 22:36:07,373 - RLController - INFO -   Action shape: (136,), min: -10.000000, max: 4.751400, mean: -9.268608
2026-09-23 22:36:07,373 - RLController - INFO -   B0 junction (indices 16-19) raw values: [-10. -10. -10. -10.]
2026-09-23 22:36:07,373 - RLController - INFO - Using CONTINUOUS DURATION-BASED mode
2026-09-23 22:36:07,374 - RLController - INFO -   Example: junction A0 -> durations [51, 13, 13, 13] (total: 90s)
2026-09-23 22:36:07,374 - RLController - INFO -   Example: junction A1 -> durations [24, 22, 22, 22] (total: 90s)
2026-09-23 22:36:07,374 - RLController - INFO -   Example: junction A2 -> durations [12, 12, 54, 12] (total: 90s)
2026-09-23 22:36:07,374 - RLController - INFO -   Example: junction A4 -> durations [60, 10, 10, 10] (total: 90s)
2026-09-23 22:36:07,374 - RLController - INFO -   Example: junction A5 -> durations [24, 22, 22, 22] (total: 90s)
2026-09-23 22:36:07,375 - RLController - INFO -   Example: junction B0 -> durations [24, 22, 22, 22] (total: 90s)
2026-09-23 22:36:07,375 - RLController - INFO -   Example: junction B1 -> durations [24, 22, 22, 22] (total: 90s)
2026-09-23 22:36:07,375 - RLController - INFO -   Example: junction B2 -> durations [24, 22, 22, 22] (total: 90s)
2026-09-23 22:36:07,375 - RLController - INFO -   Example: junction B4 -> durations [24, 22, 22, 22] (total: 90s)
2026-09-23 22:36:07,375 - RLController - INFO -   Example: junction B5 -> durations [60, 10, 10, 10] (total: 90s)
2026-09-23 22:36:07,375 - RLController - INFO -   Example: junction C0 -> durations [22, 22, 24, 22] (total: 90s)
2026-09-23 22:36:07,376 - RLController - INFO -   Example: junction C1 -> durations [24, 22, 22, 22] (total: 90s)
2026-09-23 22:36:07,376 - RLController - INFO -   Example: junction C2 -> durations [57, 13, 10, 10] (total: 90s)
2026-09-23 22:36:07,376 - RLController - INFO -   Example: junction C3 -> durations [60, 10, 10, 10] (total: 90s)
2026-09-23 22:36:07,376 - RLController - INFO -   Example: junction C4 -> durations [57, 11, 11, 11] (total: 90s)
2026-09-23 22:36:07,376 - RLController - INFO -   Example: junction C5 -> durations [57, 11, 11, 11] (total: 90s)
2026-09-23 22:36:07,376 - RLController - INFO -   Example: junction D0 -> durations [24, 22, 22, 22] (total: 90s)
2026-09-23 22:36:07,377 - RLController - INFO -   Example: junction D1 -> durations [21, 21, 27, 21] (total: 90s)
2026-09-23 22:36:07,377 - RLController - INFO -   Example: junction D2 -> durations [45, 15, 15, 15] (total: 90s)
2026-09-23 22:36:07,377 - RLController - INFO -   Example: junction D3 -> durations [24, 22, 22, 22] (total: 90s)
2026-09-23 22:36:07,377 - RLController - INFO -   Example: junction D4 -> durations [24, 22, 22, 22] (total: 90s)
2026-09-23 22:36:07,377 - RLController - INFO -   Example: junction D5 -> durations [13, 13, 51, 13] (total: 90s)
2026-09-23 22:36:07,377 - RLController - INFO -   Example: junction E0 -> durations [24, 22, 22, 22] (total: 90s)
2026-09-23 22:36:07,377 - RLController - INFO -   Example: junction E1 -> durations [24, 22, 22, 22] (total: 90s)
2026-09-23 22:36:07,379 - RLController - INFO -   Stored schedules for 34 junctions, cycle starts at step 5400
2026-09-23 22:36:11,942 - RLController - INFO - DIAGNOSTIC Step 5490 - Observation stats:
2026-09-23 22:36:11,942 - RLController - INFO -   Hash: -2915643593388886062, Min: 0.000000, Max: 1.000000, Mean: 0.445259, Std: 0.457801
2026-09-23 22:36:11,943 - RLController - INFO -   First 10: [1.         0.         0.         0.         0.         0.5110756
 0.         1.         0.99333334 1.        ]
2026-09-23 22:36:11,943 - RLController - INFO -   Last 10: [0.         0.2        0.         0.08333334 0.49358973 0.00290624
 0.08042735 0.520606   0.         0.3       ]
2026-09-23 22:36:11,948 - RLController - INFO - DIAGNOSTIC - Raw model action output:
2026-09-23 22:36:11,949 - RLController - INFO -   Action hash: -1733997254101727563
2026-09-23 22:36:11,949 - RLController - INFO -   First 8 values: [ -7.4355845 -10.        -10.        -10.        -10.        -10.
 -10.        -10.       ]
2026-09-23 22:36:11,949 - RLController - INFO -   Last 8 values: [-10.        -10.        -10.        -10.        -10.         -3.5017273
 -10.        -10.       ]
2026-09-23 22:36:11,949 - RLController - INFO -   Action shape: (136,), min: -10.000000, max: 5.456121, mean: -9.238259
2026-09-23 22:36:11,949 - RLController - INFO -   B0 junction (indices 16-19) raw values: [-10. -10. -10. -10.]
2026-09-23 22:36:11,950 - RLController - INFO - Using CONTINUOUS DURATION-BASED mode
2026-09-23 22:36:11,950 - RLController - INFO -   Example: junction A0 -> durations [51, 13, 13, 13] (total: 90s)
2026-09-23 22:36:11,950 - RLController - INFO -   Example: junction A1 -> durations [24, 22, 22, 22] (total: 90s)
2026-09-23 22:36:11,950 - RLController - INFO -   Example: junction A2 -> durations [12, 12, 54, 12] (total: 90s)
2026-09-23 22:36:11,950 - RLController - INFO -   Example: junction A4 -> durations [60, 10, 10, 10] (total: 90s)
2026-09-23 22:36:11,950 - RLController - INFO -   Example: junction A5 -> durations [24, 22, 22, 22] (total: 90s)
2026-09-23 22:36:11,950 - RLController - INFO -   Example: junction B0 -> durations [24, 22, 22, 22] (total: 90s)
2026-09-23 22:36:11,951 - RLController - INFO -   Example: junction B1 -> durations [24, 22, 22, 22] (total: 90s)
2026-09-23 22:36:11,951 - RLController - INFO -   Example: junction B2 -> durations [24, 22, 22, 22] (total: 90s)
2026-09-23 22:36:11,951 - RLController - INFO -   Example: junction B4 -> durations [24, 22, 22, 22] (total: 90s)
2026-09-23 22:36:11,951 - RLController - INFO -   Example: junction B5 -> durations [60, 10, 10, 10] (total: 90s)
2026-09-23 22:36:11,951 - RLController - INFO -   Example: junction C0 -> durations [22, 22, 24, 22] (total: 90s)
2026-09-23 22:36:11,951 - RLController - INFO -   Example: junction C1 -> durations [24, 22, 22, 22] (total: 90s)
2026-09-23 22:36:11,951 - RLController - INFO -   Example: junction C2 -> durations [57, 13, 10, 10] (total: 90s)
2026-09-23 22:36:11,951 - RLController - INFO -   Example: junction C3 -> durations [60, 10, 10, 10] (total: 90s)
2026-09-23 22:36:11,952 - RLController - INFO -   Example: junction C4 -> durations [57, 11, 11, 11] (total: 90s)
2026-09-23 22:36:11,952 - RLController - INFO -   Example: junction C5 -> durations [57, 11, 11, 11] (total: 90s)
2026-09-23 22:36:11,952 - RLController - INFO -   Example: junction D0 -> durations [24, 22, 22, 22] (total: 90s)
2026-09-23 22:36:11,952 - RLController - INFO -   Example: junction D1 -> durations [21, 21, 27, 21] (total: 90s)
2026-09-23 22:36:11,952 - RLController - INFO -   Example: junction D2 -> durations [45, 15, 15, 15] (total: 90s)
2026-09-23 22:36:11,952 - RLController - INFO -   Example: junction D3 -> durations [24, 22, 22, 22] (total: 90s)
2026-09-23 22:36:11,952 - RLController - INFO -   Example: junction D4 -> durations [24, 22, 22, 22] (total: 90s)
2026-09-23 22:36:11,953 - RLController - INFO -   Example: junction D5 -> durations [13, 13, 51, 13] (total: 90s)
2026-09-23 22:36:11,953 - RLController - INFO -   Example: junction E0 -> durations [24, 22, 22, 22] (total: 90s)
2026-09-23 22:36:11,953 - RLController - INFO -   Example: junction E1 -> durations [24, 22, 22, 22] (total: 90s)
2026-09-23 22:36:11,954 - RLController - INFO -   Stored schedules for 34 junctions, cycle starts at step 5490
2026-09-23 22:36:16,699 - RLController - INFO - DIAGNOSTIC Step 5580 - Observation stats:
2026-09-23 22:36:16,699 - RLController - INFO -   Hash: 3323588195965586521, Min: 0.000000, Max: 1.000000, Mean: 0.443456, Std: 0.456358
2026-09-23 22:36:16,700 - RLController - INFO -   First 10: [1.         0.         0.         0.         0.         0.5110756
 0.         1.         0.99333334 1.        ]
2026-09-23 22:36:16,700 - RLController - INFO -   Last 10: [0.         0.2        0.         0.08333334 0.52136755 0.00332087
 0.08081196 0.49998432 0.         0.3       ]
2026-09-23 22:36:16,713 - RLController - INFO - DIAGNOSTIC - Raw model action output:
2026-09-23 22:36:16,713 - RLController - INFO -   Action hash: 584171149108914859
2026-09-23 22:36:16,713 - RLController - INFO -   First 8 values: [ -7.383612 -10.       -10.       -10.       -10.       -10.
 -10.       -10.      ]
2026-09-23 22:36:16,714 - RLController - INFO -   Last 8 values: [-10.       -10.       -10.       -10.       -10.        -2.961552
 -10.       -10.      ]
2026-09-23 22:36:16,714 - RLController - INFO -   Action shape: (136,), min: -10.000000, max: 4.779228, mean: -9.280922
2026-09-23 22:36:16,714 - RLController - INFO -   B0 junction (indices 16-19) raw values: [-10. -10. -10. -10.]
2026-09-23 22:36:16,714 - RLController - INFO - Using CONTINUOUS DURATION-BASED mode
2026-09-23 22:36:16,714 - RLController - INFO -   Example: junction A0 -> durations [51, 13, 13, 13] (total: 90s)
2026-09-23 22:36:16,715 - RLController - INFO -   Example: junction A1 -> durations [24, 22, 22, 22] (total: 90s)
2026-09-23 22:36:16,715 - RLController - INFO -   Example: junction A2 -> durations [12, 12, 54, 12] (total: 90s)
2026-09-23 22:36:16,715 - RLController - INFO -   Example: junction A4 -> durations [60, 10, 10, 10] (total: 90s)
2026-09-23 22:36:16,715 - RLController - INFO -   Example: junction A5 -> durations [24, 22, 22, 22] (total: 90s)
2026-09-23 22:36:16,715 - RLController - INFO -   Example: junction B0 -> durations [24, 22, 22, 22] (total: 90s)
2026-09-23 22:36:16,715 - RLController - INFO -   Example: junction B1 -> durations [24, 22, 22, 22] (total: 90s)
2026-09-23 22:36:16,715 - RLController - INFO -   Example: junction B2 -> durations [24, 22, 22, 22] (total: 90s)
2026-09-23 22:36:16,716 - RLController - INFO -   Example: junction B4 -> durations [24, 22, 22, 22] (total: 90s)
2026-09-23 22:36:16,716 - RLController - INFO -   Example: junction B5 -> durations [60, 10, 10, 10] (total: 90s)
2026-09-23 22:36:16,716 - RLController - INFO -   Example: junction C0 -> durations [22, 22, 24, 22] (total: 90s)
2026-09-23 22:36:16,716 - RLController - INFO -   Example: junction C1 -> durations [24, 22, 22, 22] (total: 90s)
2026-09-23 22:36:16,716 - RLController - INFO -   Example: junction C2 -> durations [57, 13, 10, 10] (total: 90s)
2026-09-23 22:36:16,716 - RLController - INFO -   Example: junction C3 -> durations [60, 10, 10, 10] (total: 90s)
2026-09-23 22:36:16,716 - RLController - INFO -   Example: junction C4 -> durations [57, 11, 11, 11] (total: 90s)
2026-09-23 22:36:16,717 - RLController - INFO -   Example: junction C5 -> durations [57, 11, 11, 11] (total: 90s)
2026-09-23 22:36:16,717 - RLController - INFO -   Example: junction D0 -> durations [24, 22, 22, 22] (total: 90s)
2026-09-23 22:36:16,717 - RLController - INFO -   Example: junction D1 -> durations [21, 21, 27, 21] (total: 90s)
2026-09-23 22:36:16,717 - RLController - INFO -   Example: junction D2 -> durations [45, 15, 15, 15] (total: 90s)
2026-09-23 22:36:16,717 - RLController - INFO -   Example: junction D3 -> durations [24, 22, 22, 22] (total: 90s)
2026-09-23 22:36:16,717 - RLController - INFO -   Example: junction D4 -> durations [24, 22, 22, 22] (total: 90s)
2026-09-23 22:36:16,717 - RLController - INFO -   Example: junction D5 -> durations [13, 13, 51, 13] (total: 90s)
2026-09-23 22:36:16,718 - RLController - INFO -   Example: junction E0 -> durations [24, 22, 22, 22] (total: 90s)
2026-09-23 22:36:16,718 - RLController - INFO -   Example: junction E1 -> durations [24, 22, 22, 22] (total: 90s)
2026-09-23 22:36:16,718 - RLController - INFO -   Stored schedules for 34 junctions, cycle starts at step 5580
2026-09-23 22:36:21,484 - RLController - INFO - DIAGNOSTIC Step 5670 - Observation stats:
2026-09-23 22:36:21,484 - RLController - INFO -   Hash: -9004713211584669408, Min: 0.000000, Max: 1.000000, Mean: 0.445663, Std: 0.456375
2026-09-23 22:36:21,485 - RLController - INFO -   First 10: [1.        0.        0.        0.        0.        0.5110756 1.
 0.        0.        0.       ]
2026-09-23 22:36:21,485 - RLController - INFO -   Last 10: [0.         0.2        0.         0.08333334 0.5192308  0.00369816
 0.08128205 0.507267   0.         0.3       ]
2026-09-23 22:36:21,623 - RLController - INFO - DIAGNOSTIC - Raw model action output:
2026-09-23 22:36:21,623 - RLController - INFO -   Action hash: -2664541570386096266
2026-09-23 22:36:21,624 - RLController - INFO -   First 8 values: [ -7.4631066 -10.        -10.        -10.        -10.        -10.
 -10.        -10.       ]
2026-09-23 22:36:21,624 - RLController - INFO -   Last 8 values: [-10.        -10.        -10.        -10.        -10.         -2.6030114
 -10.        -10.       ]
2026-09-23 22:36:21,624 - RLController - INFO -   Action shape: (136,), min: -10.000000, max: 5.004956, mean: -9.273864
2026-09-23 22:36:21,625 - RLController - INFO -   B0 junction (indices 16-19) raw values: [ -9.956805 -10.       -10.       -10.      ]
2026-09-23 22:36:21,625 - RLController - INFO - Using CONTINUOUS DURATION-BASED mode
2026-09-23 22:36:21,625 - RLController - INFO -   Example: junction A0 -> durations [51, 13, 13, 13] (total: 90s)
2026-09-23 22:36:21,625 - RLController - INFO -   Example: junction A1 -> durations [24, 22, 22, 22] (total: 90s)
2026-09-23 22:36:21,625 - RLController - INFO -   Example: junction A2 -> durations [12, 12, 54, 12] (total: 90s)
2026-09-23 22:36:21,626 - RLController - INFO -   Example: junction A4 -> durations [60, 10, 10, 10] (total: 90s)
2026-09-23 22:36:21,626 - RLController - INFO -   Example: junction A5 -> durations [24, 22, 22, 22] (total: 90s)
2026-09-23 22:36:21,626 - RLController - INFO -   Example: junction B0 -> durations [24, 22, 22, 22] (total: 90s)
2026-09-23 22:36:21,626 - RLController - INFO -   Example: junction B1 -> durations [24, 22, 22, 22] (total: 90s)
2026-09-23 22:36:21,626 - RLController - INFO -   Example: junction B2 -> durations [24, 22, 22, 22] (total: 90s)
2026-09-23 22:36:21,626 - RLController - INFO -   Example: junction B4 -> durations [24, 22, 22, 22] (total: 90s)
2026-09-23 22:36:21,626 - RLController - INFO -   Example: junction B5 -> durations [60, 10, 10, 10] (total: 90s)
2026-09-23 22:36:21,627 - RLController - INFO -   Example: junction C0 -> durations [22, 22, 24, 22] (total: 90s)
2026-09-23 22:36:21,627 - RLController - INFO -   Example: junction C1 -> durations [24, 22, 22, 22] (total: 90s)
2026-09-23 22:36:21,627 - RLController - INFO -   Example: junction C2 -> durations [57, 13, 10, 10] (total: 90s)
2026-09-23 22:36:21,627 - RLController - INFO -   Example: junction C3 -> durations [60, 10, 10, 10] (total: 90s)
2026-09-23 22:36:21,627 - RLController - INFO -   Example: junction C4 -> durations [57, 11, 11, 11] (total: 90s)
2026-09-23 22:36:21,627 - RLController - INFO -   Example: junction C5 -> durations [57, 11, 11, 11] (total: 90s)
2026-09-23 22:36:21,627 - RLController - INFO -   Example: junction D0 -> durations [24, 22, 22, 22] (total: 90s)
2026-09-23 22:36:21,628 - RLController - INFO -   Example: junction D1 -> durations [21, 21, 27, 21] (total: 90s)
2026-09-23 22:36:21,628 - RLController - INFO -   Example: junction D2 -> durations [45, 15, 15, 15] (total: 90s)
2026-09-23 22:36:21,628 - RLController - INFO -   Example: junction D3 -> durations [24, 22, 22, 22] (total: 90s)
2026-09-23 22:36:21,628 - RLController - INFO -   Example: junction D4 -> durations [24, 22, 22, 22] (total: 90s)
2026-09-23 22:36:21,628 - RLController - INFO -   Example: junction D5 -> durations [13, 13, 51, 13] (total: 90s)
2026-09-23 22:36:21,628 - RLController - INFO -   Example: junction E0 -> durations [24, 22, 22, 22] (total: 90s)
2026-09-23 22:36:21,628 - RLController - INFO -   Example: junction E1 -> durations [24, 22, 22, 22] (total: 90s)
2026-09-23 22:36:21,630 - RLController - INFO -   Stored schedules for 34 junctions, cycle starts at step 5670
2026-09-23 22:36:26,173 - RLController - INFO - DIAGNOSTIC Step 5760 - Observation stats:
2026-09-23 22:36:26,174 - RLController - INFO -   Hash: 5414114725519103017, Min: 0.000000, Max: 1.000000, Mean: 0.440137, Std: 0.455234
2026-09-23 22:36:26,174 - RLController - INFO -   First 10: [1.         0.         0.         0.         0.         0.5110756
 0.         0.         0.99333334 1.        ]
2026-09-23 22:36:26,174 - RLController - INFO -   Last 10: [0.         0.2        0.         0.08333334 0.4764957  0.00338059
 0.08141026 0.5384299  0.         0.3       ]
2026-09-23 22:36:26,179 - RLController - INFO - DIAGNOSTIC - Raw model action output:
2026-09-23 22:36:26,179 - RLController - INFO -   Action hash: 9031869278482980983
2026-09-23 22:36:26,179 - RLController - INFO -   First 8 values: [ -7.205211 -10.       -10.       -10.       -10.       -10.
 -10.       -10.      ]
2026-09-23 22:36:26,179 - RLController - INFO -   Last 8 values: [-10.        -10.        -10.        -10.        -10.         -2.2691848
 -10.        -10.       ]
2026-09-23 22:36:26,180 - RLController - INFO -   Action shape: (136,), min: -10.000000, max: 5.208248, mean: -9.275728
2026-09-23 22:36:26,180 - RLController - INFO -   B0 junction (indices 16-19) raw values: [-10. -10. -10. -10.]
2026-09-23 22:36:26,180 - RLController - INFO - Using CONTINUOUS DURATION-BASED mode
2026-09-23 22:36:26,180 - RLController - INFO -   Example: junction A0 -> durations [51, 13, 13, 13] (total: 90s)
2026-09-23 22:36:26,180 - RLController - INFO -   Example: junction A1 -> durations [24, 22, 22, 22] (total: 90s)
2026-09-23 22:36:26,181 - RLController - INFO -   Example: junction A2 -> durations [12, 12, 54, 12] (total: 90s)
2026-09-23 22:36:26,181 - RLController - INFO -   Example: junction A4 -> durations [60, 10, 10, 10] (total: 90s)
2026-09-23 22:36:26,181 - RLController - INFO -   Example: junction A5 -> durations [24, 22, 22, 22] (total: 90s)
2026-09-23 22:36:26,181 - RLController - INFO -   Example: junction B0 -> durations [24, 22, 22, 22] (total: 90s)
2026-09-23 22:36:26,181 - RLController - INFO -   Example: junction B1 -> durations [24, 22, 22, 22] (total: 90s)
2026-09-23 22:36:26,181 - RLController - INFO -   Example: junction B2 -> durations [24, 22, 22, 22] (total: 90s)
2026-09-23 22:36:26,181 - RLController - INFO -   Example: junction B4 -> durations [24, 22, 22, 22] (total: 90s)
2026-09-23 22:36:26,181 - RLController - INFO -   Example: junction B5 -> durations [60, 10, 10, 10] (total: 90s)
2026-09-23 22:36:26,182 - RLController - INFO -   Example: junction C0 -> durations [22, 22, 24, 22] (total: 90s)
2026-09-23 22:36:26,182 - RLController - INFO -   Example: junction C1 -> durations [24, 22, 22, 22] (total: 90s)
2026-09-23 22:36:26,182 - RLController - INFO -   Example: junction C2 -> durations [57, 13, 10, 10] (total: 90s)
2026-09-23 22:36:26,182 - RLController - INFO -   Example: junction C3 -> durations [60, 10, 10, 10] (total: 90s)
2026-09-23 22:36:26,182 - RLController - INFO -   Example: junction C4 -> durations [57, 11, 11, 11] (total: 90s)
2026-09-23 22:36:26,182 - RLController - INFO -   Example: junction C5 -> durations [57, 11, 11, 11] (total: 90s)
2026-09-23 22:36:26,182 - RLController - INFO -   Example: junction D0 -> durations [24, 22, 22, 22] (total: 90s)
2026-09-23 22:36:26,182 - RLController - INFO -   Example: junction D1 -> durations [21, 21, 27, 21] (total: 90s)
2026-09-23 22:36:26,182 - RLController - INFO -   Example: junction D2 -> durations [45, 15, 15, 15] (total: 90s)
2026-09-23 22:36:26,182 - RLController - INFO -   Example: junction D3 -> durations [24, 22, 22, 22] (total: 90s)
2026-09-23 22:36:26,183 - RLController - INFO -   Example: junction D4 -> durations [24, 22, 22, 22] (total: 90s)
2026-09-23 22:36:26,183 - RLController - INFO -   Example: junction D5 -> durations [13, 13, 51, 13] (total: 90s)
2026-09-23 22:36:26,183 - RLController - INFO -   Example: junction E0 -> durations [24, 22, 22, 22] (total: 90s)
2026-09-23 22:36:26,183 - RLController - INFO -   Example: junction E1 -> durations [24, 22, 22, 22] (total: 90s)
2026-09-23 22:36:26,184 - RLController - INFO -   Stored schedules for 34 junctions, cycle starts at step 5760
2026-09-23 22:36:30,855 - RLController - INFO - DIAGNOSTIC Step 5850 - Observation stats:
2026-09-23 22:36:30,855 - RLController - INFO -   Hash: -1818878612669725694, Min: 0.000000, Max: 1.000000, Mean: 0.434341, Std: 0.456001
2026-09-23 22:36:30,856 - RLController - INFO -   First 10: [1.         0.         0.         0.         0.         0.5110756
 0.         1.         0.99333334 1.        ]
2026-09-23 22:36:30,856 - RLController - INFO -   Last 10: [0.         0.2        0.         0.08333334 0.4722222  0.00331582
 0.08017094 0.5435479  0.         0.3       ]
2026-09-23 22:36:30,861 - RLController - INFO - DIAGNOSTIC - Raw model action output:
2026-09-23 22:36:30,861 - RLController - INFO -   Action hash: 8726367802944566626
2026-09-23 22:36:30,862 - RLController - INFO -   First 8 values: [ -7.1060777 -10.        -10.        -10.        -10.        -10.
 -10.        -10.       ]
2026-09-23 22:36:30,862 - RLController - INFO -   Last 8 values: [-10.         -10.         -10.         -10.         -10.
  -0.48874065 -10.         -10.        ]
2026-09-23 22:36:30,862 - RLController - INFO -   Action shape: (136,), min: -10.000000, max: 6.045362, mean: -9.252851
2026-09-23 22:36:30,862 - RLController - INFO -   B0 junction (indices 16-19) raw values: [ -9.69453 -10.      -10.      -10.     ]
2026-09-23 22:36:30,862 - RLController - INFO - Using CONTINUOUS DURATION-BASED mode
2026-09-23 22:36:30,863 - RLController - INFO -   Example: junction A0 -> durations [51, 13, 13, 13] (total: 90s)
2026-09-23 22:36:30,863 - RLController - INFO -   Example: junction A1 -> durations [24, 22, 22, 22] (total: 90s)
2026-09-23 22:36:30,863 - RLController - INFO -   Example: junction A2 -> durations [12, 12, 54, 12] (total: 90s)
2026-09-23 22:36:30,863 - RLController - INFO -   Example: junction A4 -> durations [60, 10, 10, 10] (total: 90s)
2026-09-23 22:36:30,863 - RLController - INFO -   Example: junction A5 -> durations [24, 22, 22, 22] (total: 90s)
2026-09-23 22:36:30,863 - RLController - INFO -   Example: junction B0 -> durations [24, 22, 22, 22] (total: 90s)
2026-09-23 22:36:30,864 - RLController - INFO -   Example: junction B1 -> durations [24, 22, 22, 22] (total: 90s)
2026-09-23 22:36:30,864 - RLController - INFO -   Example: junction B2 -> durations [24, 22, 22, 22] (total: 90s)
2026-09-23 22:36:30,864 - RLController - INFO -   Example: junction B4 -> durations [24, 22, 22, 22] (total: 90s)
2026-09-23 22:36:30,864 - RLController - INFO -   Example: junction B5 -> durations [60, 10, 10, 10] (total: 90s)
2026-09-23 22:36:30,864 - RLController - INFO -   Example: junction C0 -> durations [22, 22, 24, 22] (total: 90s)
2026-09-23 22:36:30,864 - RLController - INFO -   Example: junction C1 -> durations [24, 22, 22, 22] (total: 90s)
2026-09-23 22:36:30,865 - RLController - INFO -   Example: junction C2 -> durations [57, 13, 10, 10] (total: 90s)
2026-09-23 22:36:30,865 - RLController - INFO -   Example: junction C3 -> durations [60, 10, 10, 10] (total: 90s)
2026-09-23 22:36:30,865 - RLController - INFO -   Example: junction C4 -> durations [57, 11, 11, 11] (total: 90s)
2026-09-23 22:36:30,865 - RLController - INFO -   Example: junction C5 -> durations [57, 11, 11, 11] (total: 90s)
2026-09-23 22:36:30,865 - RLController - INFO -   Example: junction D0 -> durations [24, 22, 22, 22] (total: 90s)
2026-09-23 22:36:30,865 - RLController - INFO -   Example: junction D1 -> durations [21, 21, 27, 21] (total: 90s)
2026-09-23 22:36:30,865 - RLController - INFO -   Example: junction D2 -> durations [45, 15, 15, 15] (total: 90s)
2026-09-23 22:36:30,866 - RLController - INFO -   Example: junction D3 -> durations [24, 22, 22, 22] (total: 90s)
2026-09-23 22:36:30,866 - RLController - INFO -   Example: junction D4 -> durations [24, 22, 22, 22] (total: 90s)
2026-09-23 22:36:30,866 - RLController - INFO -   Example: junction D5 -> durations [13, 13, 51, 13] (total: 90s)
2026-09-23 22:36:30,866 - RLController - INFO -   Example: junction E0 -> durations [24, 22, 22, 22] (total: 90s)
2026-09-23 22:36:30,866 - RLController - INFO -   Example: junction E1 -> durations [24, 22, 22, 22] (total: 90s)
2026-09-23 22:36:30,867 - RLController - INFO -   Stored schedules for 34 junctions, cycle starts at step 5850
2026-09-23 22:36:35,552 - RLController - INFO - DIAGNOSTIC Step 5940 - Observation stats:
2026-09-23 22:36:35,552 - RLController - INFO -   Hash: 6049911784696619812, Min: 0.000000, Max: 1.000000, Mean: 0.436517, Std: 0.454813
2026-09-23 22:36:35,553 - RLController - INFO -   First 10: [1.         0.         0.         0.         0.         0.5110756
 0.         0.         0.99333334 1.        ]
2026-09-23 22:36:35,553 - RLController - INFO -   Last 10: [0.         0.2        0.         0.08333334 0.48290598 0.00399054
 0.08051282 0.5401236  0.         0.3       ]
2026-09-23 22:36:35,558 - RLController - INFO - DIAGNOSTIC - Raw model action output:
2026-09-23 22:36:35,558 - RLController - INFO -   Action hash: -899036045367435885
2026-09-23 22:36:35,559 - RLController - INFO -   First 8 values: [ -7.1059117 -10.        -10.        -10.        -10.        -10.
 -10.        -10.       ]
2026-09-23 22:36:35,559 - RLController - INFO -   Last 8 values: [-10.        -10.        -10.        -10.        -10.         -2.0240119
 -10.        -10.       ]
2026-09-23 22:36:35,559 - RLController - INFO -   Action shape: (136,), min: -10.000000, max: 5.692660, mean: -9.264016
2026-09-23 22:36:35,559 - RLController - INFO -   B0 junction (indices 16-19) raw values: [ -9.892445 -10.       -10.       -10.      ]
2026-09-23 22:36:35,559 - RLController - INFO - Using CONTINUOUS DURATION-BASED mode
2026-09-23 22:36:35,560 - RLController - INFO -   Example: junction A0 -> durations [51, 13, 13, 13] (total: 90s)
2026-09-23 22:36:35,560 - RLController - INFO -   Example: junction A1 -> durations [24, 22, 22, 22] (total: 90s)
2026-09-23 22:36:35,560 - RLController - INFO -   Example: junction A2 -> durations [12, 12, 54, 12] (total: 90s)
2026-09-23 22:36:35,560 - RLController - INFO -   Example: junction A4 -> durations [60, 10, 10, 10] (total: 90s)
2026-09-23 22:36:35,560 - RLController - INFO -   Example: junction A5 -> durations [24, 22, 22, 22] (total: 90s)
2026-09-23 22:36:35,560 - RLController - INFO -   Example: junction B0 -> durations [24, 22, 22, 22] (total: 90s)
2026-09-23 22:36:35,560 - RLController - INFO -   Example: junction B1 -> durations [24, 22, 22, 22] (total: 90s)
2026-09-23 22:36:35,561 - RLController - INFO -   Example: junction B2 -> durations [24, 22, 22, 22] (total: 90s)
2026-09-23 22:36:35,561 - RLController - INFO -   Example: junction B4 -> durations [24, 22, 22, 22] (total: 90s)
2026-09-23 22:36:35,561 - RLController - INFO -   Example: junction B5 -> durations [60, 10, 10, 10] (total: 90s)
2026-09-23 22:36:35,561 - RLController - INFO -   Example: junction C0 -> durations [22, 22, 24, 22] (total: 90s)
2026-09-23 22:36:35,561 - RLController - INFO -   Example: junction C1 -> durations [24, 22, 22, 22] (total: 90s)
2026-09-23 22:36:35,561 - RLController - INFO -   Example: junction C2 -> durations [57, 13, 10, 10] (total: 90s)
2026-09-23 22:36:35,561 - RLController - INFO -   Example: junction C3 -> durations [60, 10, 10, 10] (total: 90s)
2026-09-23 22:36:35,562 - RLController - INFO -   Example: junction C4 -> durations [57, 11, 11, 11] (total: 90s)
2026-09-23 22:36:35,562 - RLController - INFO -   Example: junction C5 -> durations [57, 11, 11, 11] (total: 90s)
2026-09-23 22:36:35,562 - RLController - INFO -   Example: junction D0 -> durations [24, 22, 22, 22] (total: 90s)
2026-09-23 22:36:35,562 - RLController - INFO -   Example: junction D1 -> durations [21, 21, 27, 21] (total: 90s)
2026-09-23 22:36:35,562 - RLController - INFO -   Example: junction D2 -> durations [45, 15, 15, 15] (total: 90s)
2026-09-23 22:36:35,562 - RLController - INFO -   Example: junction D3 -> durations [24, 22, 22, 22] (total: 90s)
2026-09-23 22:36:35,562 - RLController - INFO -   Example: junction D4 -> durations [24, 22, 22, 22] (total: 90s)
2026-09-23 22:36:35,562 - RLController - INFO -   Example: junction D5 -> durations [13, 13, 51, 13] (total: 90s)
2026-09-23 22:36:35,563 - RLController - INFO -   Example: junction E0 -> durations [24, 22, 22, 22] (total: 90s)
2026-09-23 22:36:35,563 - RLController - INFO -   Example: junction E1 -> durations [24, 22, 22, 22] (total: 90s)
2026-09-23 22:36:35,563 - RLController - INFO -   Stored schedules for 34 junctions, cycle starts at step 5940
2026-09-23 22:36:40,256 - RLController - INFO - DIAGNOSTIC Step 6030 - Observation stats:
2026-09-23 22:36:40,256 - RLController - INFO -   Hash: -6958245211007761087, Min: 0.000000, Max: 1.000000, Mean: 0.434734, Std: 0.455387
2026-09-23 22:36:40,257 - RLController - INFO -   First 10: [1.         0.         0.         0.         0.         0.5110756
 0.         1.         0.99333334 1.        ]
2026-09-23 22:36:40,257 - RLController - INFO -   Last 10: [0.         0.2        0.         0.08333334 0.48504272 0.00388666
 0.08209401 0.5437062  0.         0.3       ]
2026-09-23 22:36:40,263 - RLController - INFO - DIAGNOSTIC - Raw model action output:
2026-09-23 22:36:40,263 - RLController - INFO -   Action hash: 8989934560286411874
2026-09-23 22:36:40,264 - RLController - INFO -   First 8 values: [ -6.909142 -10.       -10.       -10.       -10.       -10.
 -10.       -10.      ]
2026-09-23 22:36:40,264 - RLController - INFO -   Last 8 values: [-10.        -10.        -10.        -10.        -10.         -1.3520811
 -10.        -10.       ]
2026-09-23 22:36:40,265 - RLController - INFO -   Action shape: (136,), min: -10.000000, max: 5.847557, mean: -9.256545
2026-09-23 22:36:40,265 - RLController - INFO -   B0 junction (indices 16-19) raw values: [-10. -10. -10. -10.]
2026-09-23 22:36:40,265 - RLController - INFO - Using CONTINUOUS DURATION-BASED mode
2026-09-23 22:36:40,266 - RLController - INFO -   Example: junction A0 -> durations [51, 13, 13, 13] (total: 90s)
2026-09-23 22:36:40,266 - RLController - INFO -   Example: junction A1 -> durations [24, 22, 22, 22] (total: 90s)
2026-09-23 22:36:40,266 - RLController - INFO -   Example: junction A2 -> durations [12, 12, 54, 12] (total: 90s)
2026-09-23 22:36:40,266 - RLController - INFO -   Example: junction A4 -> durations [60, 10, 10, 10] (total: 90s)
2026-09-23 22:36:40,266 - RLController - INFO -   Example: junction A5 -> durations [24, 22, 22, 22] (total: 90s)
2026-09-23 22:36:40,267 - RLController - INFO -   Example: junction B0 -> durations [24, 22, 22, 22] (total: 90s)
2026-09-23 22:36:40,267 - RLController - INFO -   Example: junction B1 -> durations [24, 22, 22, 22] (total: 90s)
2026-09-23 22:36:40,267 - RLController - INFO -   Example: junction B2 -> durations [24, 22, 22, 22] (total: 90s)
2026-09-23 22:36:40,267 - RLController - INFO -   Example: junction B4 -> durations [24, 22, 22, 22] (total: 90s)
2026-09-23 22:36:40,267 - RLController - INFO -   Example: junction B5 -> durations [60, 10, 10, 10] (total: 90s)
2026-09-23 22:36:40,267 - RLController - INFO -   Example: junction C0 -> durations [22, 22, 24, 22] (total: 90s)
2026-09-23 22:36:40,268 - RLController - INFO -   Example: junction C1 -> durations [24, 22, 22, 22] (total: 90s)
2026-09-23 22:36:40,268 - RLController - INFO -   Example: junction C2 -> durations [57, 13, 10, 10] (total: 90s)
2026-09-23 22:36:40,268 - RLController - INFO -   Example: junction C3 -> durations [60, 10, 10, 10] (total: 90s)
2026-09-23 22:36:40,268 - RLController - INFO -   Example: junction C4 -> durations [57, 11, 11, 11] (total: 90s)
2026-09-23 22:36:40,268 - RLController - INFO -   Example: junction C5 -> durations [57, 11, 11, 11] (total: 90s)
2026-09-23 22:36:40,269 - RLController - INFO -   Example: junction D0 -> durations [24, 22, 22, 22] (total: 90s)
2026-09-23 22:36:40,269 - RLController - INFO -   Example: junction D1 -> durations [21, 21, 27, 21] (total: 90s)
2026-09-23 22:36:40,269 - RLController - INFO -   Example: junction D2 -> durations [45, 15, 15, 15] (total: 90s)
2026-09-23 22:36:40,269 - RLController - INFO -   Example: junction D3 -> durations [24, 22, 22, 22] (total: 90s)
2026-09-23 22:36:40,269 - RLController - INFO -   Example: junction D4 -> durations [24, 22, 22, 22] (total: 90s)
2026-09-23 22:36:40,270 - RLController - INFO -   Example: junction D5 -> durations [13, 13, 51, 13] (total: 90s)
2026-09-23 22:36:40,270 - RLController - INFO -   Example: junction E0 -> durations [24, 22, 22, 22] (total: 90s)
2026-09-23 22:36:40,270 - RLController - INFO -   Example: junction E1 -> durations [24, 22, 22, 22] (total: 90s)
2026-09-23 22:36:40,271 - RLController - INFO -   Stored schedules for 34 junctions, cycle starts at step 6030
2026-09-23 22:36:45,019 - RLController - INFO - DIAGNOSTIC Step 6120 - Observation stats:
2026-09-23 22:36:45,020 - RLController - INFO -   Hash: -6623802327617701585, Min: 0.000000, Max: 1.000655, Mean: 0.448224, Std: 0.456997
2026-09-23 22:36:45,020 - RLController - INFO -   First 10: [1.         0.         0.         0.         0.         0.5110756
 0.         1.         0.99333334 1.        ]
2026-09-23 22:36:45,021 - RLController - INFO -   Last 10: [0.         0.2        0.         0.08333334 0.517094   0.00388346
 0.08350427 0.5124889  0.         0.3       ]
2026-09-23 22:36:45,026 - RLController - INFO - DIAGNOSTIC - Raw model action output:
2026-09-23 22:36:45,026 - RLController - INFO -   Action hash: 1030064640415956776
2026-09-23 22:36:45,026 - RLController - INFO -   First 8 values: [ -7.616135 -10.       -10.       -10.       -10.       -10.
 -10.       -10.      ]
2026-09-23 22:36:45,026 - RLController - INFO -   Last 8 values: [-10.        -10.        -10.        -10.        -10.         -3.6027992
 -10.        -10.       ]
2026-09-23 22:36:45,026 - RLController - INFO -   Action shape: (136,), min: -10.000000, max: 5.254200, mean: -9.309528
2026-09-23 22:36:45,026 - RLController - INFO -   B0 junction (indices 16-19) raw values: [-10. -10. -10. -10.]
2026-09-23 22:36:45,026 - RLController - INFO - Using CONTINUOUS DURATION-BASED mode
2026-09-23 22:36:45,027 - RLController - INFO -   Example: junction A0 -> durations [51, 13, 13, 13] (total: 90s)
2026-09-23 22:36:45,027 - RLController - INFO -   Example: junction A1 -> durations [24, 22, 22, 22] (total: 90s)
2026-09-23 22:36:45,027 - RLController - INFO -   Example: junction A2 -> durations [12, 12, 54, 12] (total: 90s)
2026-09-23 22:36:45,027 - RLController - INFO -   Example: junction A4 -> durations [60, 10, 10, 10] (total: 90s)
2026-09-23 22:36:45,027 - RLController - INFO -   Example: junction A5 -> durations [24, 22, 22, 22] (total: 90s)
2026-09-23 22:36:45,027 - RLController - INFO -   Example: junction B0 -> durations [24, 22, 22, 22] (total: 90s)
2026-09-23 22:36:45,027 - RLController - INFO -   Example: junction B1 -> durations [24, 22, 22, 22] (total: 90s)
2026-09-23 22:36:45,027 - RLController - INFO -   Example: junction B2 -> durations [24, 22, 22, 22] (total: 90s)
2026-09-23 22:36:45,028 - RLController - INFO -   Example: junction B4 -> durations [24, 22, 22, 22] (total: 90s)
2026-09-23 22:36:45,028 - RLController - INFO -   Example: junction B5 -> durations [60, 10, 10, 10] (total: 90s)
2026-09-23 22:36:45,028 - RLController - INFO -   Example: junction C0 -> durations [22, 22, 24, 22] (total: 90s)
2026-09-23 22:36:45,028 - RLController - INFO -   Example: junction C1 -> durations [24, 22, 22, 22] (total: 90s)
2026-09-23 22:36:45,028 - RLController - INFO -   Example: junction C2 -> durations [57, 13, 10, 10] (total: 90s)
2026-09-23 22:36:45,028 - RLController - INFO -   Example: junction C3 -> durations [60, 10, 10, 10] (total: 90s)
2026-09-23 22:36:45,028 - RLController - INFO -   Example: junction C4 -> durations [57, 11, 11, 11] (total: 90s)
2026-09-23 22:36:45,029 - RLController - INFO -   Example: junction C5 -> durations [57, 11, 11, 11] (total: 90s)
2026-09-23 22:36:45,029 - RLController - INFO -   Example: junction D0 -> durations [24, 22, 22, 22] (total: 90s)
2026-09-23 22:36:45,029 - RLController - INFO -   Example: junction D1 -> durations [21, 21, 27, 21] (total: 90s)
2026-09-23 22:36:45,029 - RLController - INFO -   Example: junction D2 -> durations [45, 15, 15, 15] (total: 90s)
2026-09-23 22:36:45,029 - RLController - INFO -   Example: junction D3 -> durations [24, 22, 22, 22] (total: 90s)
2026-09-23 22:36:45,029 - RLController - INFO -   Example: junction D4 -> durations [24, 22, 22, 22] (total: 90s)
2026-09-23 22:36:45,030 - RLController - INFO -   Example: junction D5 -> durations [13, 13, 51, 13] (total: 90s)
2026-09-23 22:36:45,030 - RLController - INFO -   Example: junction E0 -> durations [24, 22, 22, 22] (total: 90s)
2026-09-23 22:36:45,030 - RLController - INFO -   Example: junction E1 -> durations [24, 22, 22, 22] (total: 90s)
2026-09-23 22:36:45,030 - RLController - INFO -   Stored schedules for 34 junctions, cycle starts at step 6120
2026-09-23 22:36:49,439 - RLController - INFO - DIAGNOSTIC Step 6210 - Observation stats:
2026-09-23 22:36:49,441 - RLController - INFO -   Hash: -4099032742868119344, Min: 0.000000, Max: 1.000000, Mean: 0.450172, Std: 0.458967
2026-09-23 22:36:49,441 - RLController - INFO -   First 10: [1.         0.         0.         0.         0.         0.5110756
 0.         1.         0.99333334 1.        ]
2026-09-23 22:36:49,442 - RLController - INFO -   Last 10: [0.         0.2        0.         0.08333334 0.517094   0.00355079
 0.08465812 0.50503    0.         0.3       ]
2026-09-23 22:36:49,447 - RLController - INFO - DIAGNOSTIC - Raw model action output:
2026-09-23 22:36:49,447 - RLController - INFO -   Action hash: -1972853253187028382
2026-09-23 22:36:49,448 - RLController - INFO -   First 8 values: [ -7.408321 -10.       -10.       -10.       -10.       -10.
 -10.       -10.      ]
2026-09-23 22:36:49,448 - RLController - INFO -   Last 8 values: [-10.        -10.        -10.        -10.        -10.         -3.4570491
 -10.        -10.       ]
2026-09-23 22:36:49,448 - RLController - INFO -   Action shape: (136,), min: -10.000000, max: 5.385477, mean: -9.279160
2026-09-23 22:36:49,448 - RLController - INFO -   B0 junction (indices 16-19) raw values: [-10. -10. -10. -10.]
2026-09-23 22:36:49,448 - RLController - INFO - Using CONTINUOUS DURATION-BASED mode
2026-09-23 22:36:49,448 - RLController - INFO -   Example: junction A0 -> durations [51, 13, 13, 13] (total: 90s)
2026-09-23 22:36:49,449 - RLController - INFO -   Example: junction A1 -> durations [24, 22, 22, 22] (total: 90s)
2026-09-23 22:36:49,449 - RLController - INFO -   Example: junction A2 -> durations [12, 12, 54, 12] (total: 90s)
2026-09-23 22:36:49,449 - RLController - INFO -   Example: junction A4 -> durations [60, 10, 10, 10] (total: 90s)
2026-09-23 22:36:49,449 - RLController - INFO -   Example: junction A5 -> durations [24, 22, 22, 22] (total: 90s)
2026-09-23 22:36:49,449 - RLController - INFO -   Example: junction B0 -> durations [24, 22, 22, 22] (total: 90s)
2026-09-23 22:36:49,449 - RLController - INFO -   Example: junction B1 -> durations [24, 22, 22, 22] (total: 90s)
2026-09-23 22:36:49,449 - RLController - INFO -   Example: junction B2 -> durations [24, 22, 22, 22] (total: 90s)
2026-09-23 22:36:49,449 - RLController - INFO -   Example: junction B4 -> durations [24, 22, 22, 22] (total: 90s)
2026-09-23 22:36:49,450 - RLController - INFO -   Example: junction B5 -> durations [60, 10, 10, 10] (total: 90s)
2026-09-23 22:36:49,450 - RLController - INFO -   Example: junction C0 -> durations [22, 22, 24, 22] (total: 90s)
2026-09-23 22:36:49,450 - RLController - INFO -   Example: junction C1 -> durations [24, 22, 22, 22] (total: 90s)
2026-09-23 22:36:49,450 - RLController - INFO -   Example: junction C2 -> durations [57, 13, 10, 10] (total: 90s)
2026-09-23 22:36:49,450 - RLController - INFO -   Example: junction C3 -> durations [60, 10, 10, 10] (total: 90s)
2026-09-23 22:36:49,450 - RLController - INFO -   Example: junction C4 -> durations [57, 11, 11, 11] (total: 90s)
2026-09-23 22:36:49,450 - RLController - INFO -   Example: junction C5 -> durations [57, 11, 11, 11] (total: 90s)
2026-09-23 22:36:49,450 - RLController - INFO -   Example: junction D0 -> durations [24, 22, 22, 22] (total: 90s)
2026-09-23 22:36:49,451 - RLController - INFO -   Example: junction D1 -> durations [21, 21, 27, 21] (total: 90s)
2026-09-23 22:36:49,451 - RLController - INFO -   Example: junction D2 -> durations [45, 15, 15, 15] (total: 90s)
2026-09-23 22:36:49,451 - RLController - INFO -   Example: junction D3 -> durations [24, 22, 22, 22] (total: 90s)
2026-09-23 22:36:49,451 - RLController - INFO -   Example: junction D4 -> durations [24, 22, 22, 22] (total: 90s)
2026-09-23 22:36:49,451 - RLController - INFO -   Example: junction D5 -> durations [13, 13, 51, 13] (total: 90s)
2026-09-23 22:36:49,451 - RLController - INFO -   Example: junction E0 -> durations [24, 22, 22, 22] (total: 90s)
2026-09-23 22:36:49,451 - RLController - INFO -   Example: junction E1 -> durations [24, 22, 22, 22] (total: 90s)
2026-09-23 22:36:49,452 - RLController - INFO -   Stored schedules for 34 junctions, cycle starts at step 6210
2026-09-23 22:36:53,874 - RLController - INFO - DIAGNOSTIC Step 6300 - Observation stats:
2026-09-23 22:36:53,874 - RLController - INFO -   Hash: 8355793770505603502, Min: 0.000000, Max: 1.000000, Mean: 0.453569, Std: 0.460604
2026-09-23 22:36:53,875 - RLController - INFO -   First 10: [1.        0.        0.        0.        0.        0.5110756 1.
 0.        0.        0.       ]
2026-09-23 22:36:53,875 - RLController - INFO -   Last 10: [0.         0.2        0.         0.08333334 0.52991456 0.00355577
 0.08547009 0.48994663 0.         0.3       ]
2026-09-23 22:36:53,880 - RLController - INFO - DIAGNOSTIC - Raw model action output:
2026-09-23 22:36:53,881 - RLController - INFO -   Action hash: -3378226623198198716
2026-09-23 22:36:53,881 - RLController - INFO -   First 8 values: [ -7.537036 -10.       -10.       -10.       -10.       -10.
 -10.       -10.      ]
2026-09-23 22:36:53,881 - RLController - INFO -   Last 8 values: [-10.        -10.        -10.        -10.        -10.         -2.6590984
 -10.        -10.       ]
2026-09-23 22:36:53,881 - RLController - INFO -   Action shape: (136,), min: -10.000000, max: 5.469660, mean: -9.271124
2026-09-23 22:36:53,882 - RLController - INFO -   B0 junction (indices 16-19) raw values: [ -9.994071 -10.       -10.       -10.      ]
2026-09-23 22:36:53,882 - RLController - INFO - Using CONTINUOUS DURATION-BASED mode
2026-09-23 22:36:53,882 - RLController - INFO -   Example: junction A0 -> durations [51, 13, 13, 13] (total: 90s)
2026-09-23 22:36:53,882 - RLController - INFO -   Example: junction A1 -> durations [24, 22, 22, 22] (total: 90s)
2026-09-23 22:36:53,882 - RLController - INFO -   Example: junction A2 -> durations [12, 12, 54, 12] (total: 90s)
2026-09-23 22:36:53,883 - RLController - INFO -   Example: junction A4 -> durations [60, 10, 10, 10] (total: 90s)
2026-09-23 22:36:53,883 - RLController - INFO -   Example: junction A5 -> durations [24, 22, 22, 22] (total: 90s)
2026-09-23 22:36:53,883 - RLController - INFO -   Example: junction B0 -> durations [24, 22, 22, 22] (total: 90s)
2026-09-23 22:36:53,883 - RLController - INFO -   Example: junction B1 -> durations [24, 22, 22, 22] (total: 90s)
2026-09-23 22:36:53,883 - RLController - INFO -   Example: junction B2 -> durations [24, 22, 22, 22] (total: 90s)
2026-09-23 22:36:53,883 - RLController - INFO -   Example: junction B4 -> durations [24, 22, 22, 22] (total: 90s)
2026-09-23 22:36:53,884 - RLController - INFO -   Example: junction B5 -> durations [60, 10, 10, 10] (total: 90s)
2026-09-23 22:36:53,884 - RLController - INFO -   Example: junction C0 -> durations [22, 22, 24, 22] (total: 90s)
2026-09-23 22:36:53,884 - RLController - INFO -   Example: junction C1 -> durations [24, 22, 22, 22] (total: 90s)
2026-09-23 22:36:53,884 - RLController - INFO -   Example: junction C2 -> durations [57, 13, 10, 10] (total: 90s)
2026-09-23 22:36:53,884 - RLController - INFO -   Example: junction C3 -> durations [60, 10, 10, 10] (total: 90s)
2026-09-23 22:36:53,885 - RLController - INFO -   Example: junction C4 -> durations [57, 11, 11, 11] (total: 90s)
2026-09-23 22:36:53,885 - RLController - INFO -   Example: junction C5 -> durations [57, 11, 11, 11] (total: 90s)
2026-09-23 22:36:53,885 - RLController - INFO -   Example: junction D0 -> durations [24, 22, 22, 22] (total: 90s)
2026-09-23 22:36:53,885 - RLController - INFO -   Example: junction D1 -> durations [21, 21, 27, 21] (total: 90s)
2026-09-23 22:36:53,886 - RLController - INFO -   Example: junction D2 -> durations [45, 15, 15, 15] (total: 90s)
2026-09-23 22:36:53,886 - RLController - INFO -   Example: junction D3 -> durations [24, 22, 22, 22] (total: 90s)
2026-09-23 22:36:53,886 - RLController - INFO -   Example: junction D4 -> durations [24, 22, 22, 22] (total: 90s)
2026-09-23 22:36:53,886 - RLController - INFO -   Example: junction D5 -> durations [13, 13, 51, 13] (total: 90s)
2026-09-23 22:36:53,886 - RLController - INFO -   Example: junction E0 -> durations [24, 22, 22, 22] (total: 90s)
2026-09-23 22:36:53,886 - RLController - INFO -   Example: junction E1 -> durations [24, 22, 22, 22] (total: 90s)
2026-09-23 22:36:53,887 - RLController - INFO -   Stored schedules for 34 junctions, cycle starts at step 6300
2026-09-23 22:36:58,680 - RLController - INFO - DIAGNOSTIC Step 6390 - Observation stats:
2026-09-23 22:36:58,681 - RLController - INFO -   Hash: -4708964004069412366, Min: 0.000000, Max: 1.000000, Mean: 0.451753, Std: 0.458333
2026-09-23 22:36:58,681 - RLController - INFO -   First 10: [1.         0.         0.         0.         0.         0.5110756
 0.         1.         0.99333334 1.        ]
2026-09-23 22:36:58,682 - RLController - INFO -   Last 10: [0.         0.2        0.         0.08333334 0.5277778  0.00375841
 0.08576923 0.4985617  0.         0.3       ]
2026-09-23 22:36:58,688 - RLController - INFO - DIAGNOSTIC - Raw model action output:
2026-09-23 22:36:58,688 - RLController - INFO -   Action hash: -9189127591845813782
2026-09-23 22:36:58,689 - RLController - INFO -   First 8 values: [ -7.3981547 -10.        -10.        -10.        -10.        -10.
 -10.        -10.       ]
2026-09-23 22:36:58,689 - RLController - INFO -   Last 8 values: [-10.        -10.        -10.        -10.        -10.         -2.3899062
 -10.        -10.       ]
2026-09-23 22:36:58,689 - RLController - INFO -   Action shape: (136,), min: -10.000000, max: 5.024084, mean: -9.247005
2026-09-23 22:36:58,689 - RLController - INFO -   B0 junction (indices 16-19) raw values: [-10. -10. -10. -10.]
2026-09-23 22:36:58,689 - RLController - INFO - Using CONTINUOUS DURATION-BASED mode
2026-09-23 22:36:58,689 - RLController - INFO -   Example: junction A0 -> durations [51, 13, 13, 13] (total: 90s)
2026-09-23 22:36:58,690 - RLController - INFO -   Example: junction A1 -> durations [24, 22, 22, 22] (total: 90s)
2026-09-23 22:36:58,690 - RLController - INFO -   Example: junction A2 -> durations [12, 12, 54, 12] (total: 90s)
2026-09-23 22:36:58,690 - RLController - INFO -   Example: junction A4 -> durations [60, 10, 10, 10] (total: 90s)
2026-09-23 22:36:58,690 - RLController - INFO -   Example: junction A5 -> durations [24, 22, 22, 22] (total: 90s)
2026-09-23 22:36:58,690 - RLController - INFO -   Example: junction B0 -> durations [24, 22, 22, 22] (total: 90s)
2026-09-23 22:36:58,690 - RLController - INFO -   Example: junction B1 -> durations [24, 22, 22, 22] (total: 90s)
2026-09-23 22:36:58,690 - RLController - INFO -   Example: junction B2 -> durations [24, 22, 22, 22] (total: 90s)
2026-09-23 22:36:58,691 - RLController - INFO -   Example: junction B4 -> durations [24, 22, 22, 22] (total: 90s)
2026-09-23 22:36:58,691 - RLController - INFO -   Example: junction B5 -> durations [60, 10, 10, 10] (total: 90s)
2026-09-23 22:36:58,691 - RLController - INFO -   Example: junction C0 -> durations [22, 22, 24, 22] (total: 90s)
2026-09-23 22:36:58,691 - RLController - INFO -   Example: junction C1 -> durations [24, 22, 22, 22] (total: 90s)
2026-09-23 22:36:58,691 - RLController - INFO -   Example: junction C2 -> durations [57, 13, 10, 10] (total: 90s)
2026-09-23 22:36:58,691 - RLController - INFO -   Example: junction C3 -> durations [60, 10, 10, 10] (total: 90s)
2026-09-23 22:36:58,691 - RLController - INFO -   Example: junction C4 -> durations [57, 11, 11, 11] (total: 90s)
2026-09-23 22:36:58,691 - RLController - INFO -   Example: junction C5 -> durations [57, 11, 11, 11] (total: 90s)
2026-09-23 22:36:58,692 - RLController - INFO -   Example: junction D0 -> durations [24, 22, 22, 22] (total: 90s)
2026-09-23 22:36:58,692 - RLController - INFO -   Example: junction D1 -> durations [21, 21, 27, 21] (total: 90s)
2026-09-23 22:36:58,692 - RLController - INFO -   Example: junction D2 -> durations [45, 15, 15, 15] (total: 90s)
2026-09-23 22:36:58,692 - RLController - INFO -   Example: junction D3 -> durations [24, 22, 22, 22] (total: 90s)
2026-09-23 22:36:58,692 - RLController - INFO -   Example: junction D4 -> durations [24, 22, 22, 22] (total: 90s)
2026-09-23 22:36:58,692 - RLController - INFO -   Example: junction D5 -> durations [13, 13, 51, 13] (total: 90s)
2026-09-23 22:36:58,692 - RLController - INFO -   Example: junction E0 -> durations [24, 22, 22, 22] (total: 90s)
2026-09-23 22:36:58,693 - RLController - INFO -   Example: junction E1 -> durations [24, 22, 22, 22] (total: 90s)
2026-09-23 22:36:58,693 - RLController - INFO -   Stored schedules for 34 junctions, cycle starts at step 6390
2026-09-23 22:37:03,322 - RLController - INFO - DIAGNOSTIC Step 6480 - Observation stats:
2026-09-23 22:37:03,323 - RLController - INFO -   Hash: 6886775762612553009, Min: 0.000000, Max: 1.000000, Mean: 0.447347, Std: 0.457810
2026-09-23 22:37:03,325 - RLController - INFO -   First 10: [0.0370855  0.         0.99333334 1.         0.49505964 0.01959641
 0.         1.         0.99333334 1.        ]
2026-09-23 22:37:03,325 - RLController - INFO -   Last 10: [0.         0.2        0.         0.08333334 0.5106838  0.00344619
 0.08735043 0.5102163  0.         0.3       ]
2026-09-23 22:37:03,331 - RLController - INFO - DIAGNOSTIC - Raw model action output:
2026-09-23 22:37:03,331 - RLController - INFO -   Action hash: -5771776047917394319
2026-09-23 22:37:03,332 - RLController - INFO -   First 8 values: [ -7.2069383 -10.        -10.        -10.        -10.        -10.
 -10.        -10.       ]
2026-09-23 22:37:03,332 - RLController - INFO -   Last 8 values: [-10.        -10.        -10.        -10.        -10.         -1.8356657
 -10.        -10.       ]
2026-09-23 22:37:03,332 - RLController - INFO -   Action shape: (136,), min: -10.000000, max: 5.334706, mean: -9.270533
2026-09-23 22:37:03,333 - RLController - INFO -   B0 junction (indices 16-19) raw values: [-10. -10. -10. -10.]
2026-09-23 22:37:03,333 - RLController - INFO - Using CONTINUOUS DURATION-BASED mode
2026-09-23 22:37:03,333 - RLController - INFO -   Example: junction A0 -> durations [51, 13, 13, 13] (total: 90s)
2026-09-23 22:37:03,334 - RLController - INFO -   Example: junction A1 -> durations [24, 22, 22, 22] (total: 90s)
2026-09-23 22:37:03,334 - RLController - INFO -   Example: junction A2 -> durations [12, 12, 54, 12] (total: 90s)
2026-09-23 22:37:03,334 - RLController - INFO -   Example: junction A4 -> durations [60, 10, 10, 10] (total: 90s)
2026-09-23 22:37:03,334 - RLController - INFO -   Example: junction A5 -> durations [24, 22, 22, 22] (total: 90s)
2026-09-23 22:37:03,335 - RLController - INFO -   Example: junction B0 -> durations [24, 22, 22, 22] (total: 90s)
2026-09-23 22:37:03,335 - RLController - INFO -   Example: junction B1 -> durations [24, 22, 22, 22] (total: 90s)
2026-09-23 22:37:03,335 - RLController - INFO -   Example: junction B2 -> durations [24, 22, 22, 22] (total: 90s)
2026-09-23 22:37:03,335 - RLController - INFO -   Example: junction B4 -> durations [24, 22, 22, 22] (total: 90s)
2026-09-23 22:37:03,335 - RLController - INFO -   Example: junction B5 -> durations [60, 10, 10, 10] (total: 90s)
2026-09-23 22:37:03,336 - RLController - INFO -   Example: junction C0 -> durations [22, 22, 24, 22] (total: 90s)
2026-09-23 22:37:03,336 - RLController - INFO -   Example: junction C1 -> durations [24, 22, 22, 22] (total: 90s)
2026-09-23 22:37:03,336 - RLController - INFO -   Example: junction C2 -> durations [57, 13, 10, 10] (total: 90s)
2026-09-23 22:37:03,336 - RLController - INFO -   Example: junction C3 -> durations [60, 10, 10, 10] (total: 90s)
2026-09-23 22:37:03,337 - RLController - INFO -   Example: junction C4 -> durations [57, 11, 11, 11] (total: 90s)
2026-09-23 22:37:03,337 - RLController - INFO -   Example: junction C5 -> durations [57, 11, 11, 11] (total: 90s)
2026-09-23 22:37:03,337 - RLController - INFO -   Example: junction D0 -> durations [24, 22, 22, 22] (total: 90s)
2026-09-23 22:37:03,337 - RLController - INFO -   Example: junction D1 -> durations [21, 21, 27, 21] (total: 90s)
2026-09-23 22:37:03,337 - RLController - INFO -   Example: junction D2 -> durations [45, 15, 15, 15] (total: 90s)
2026-09-23 22:37:03,338 - RLController - INFO -   Example: junction D3 -> durations [24, 22, 22, 22] (total: 90s)
2026-09-23 22:37:03,338 - RLController - INFO -   Example: junction D4 -> durations [24, 22, 22, 22] (total: 90s)
2026-09-23 22:37:03,338 - RLController - INFO -   Example: junction D5 -> durations [13, 13, 51, 13] (total: 90s)
2026-09-23 22:37:03,338 - RLController - INFO -   Example: junction E0 -> durations [24, 22, 22, 22] (total: 90s)
2026-09-23 22:37:03,339 - RLController - INFO -   Example: junction E1 -> durations [24, 22, 22, 22] (total: 90s)
2026-09-23 22:37:03,340 - RLController - INFO -   Stored schedules for 34 junctions, cycle starts at step 6480
2026-09-23 22:37:08,175 - RLController - INFO - DIAGNOSTIC Step 6570 - Observation stats:
2026-09-23 22:37:08,175 - RLController - INFO -   Hash: 7846637225275059805, Min: 0.000000, Max: 1.000000, Mean: 0.451857, Std: 0.458093
2026-09-23 22:37:08,176 - RLController - INFO -   First 10: [1.        0.        0.        0.        0.        0.5284118 1.
 0.        0.        0.       ]
2026-09-23 22:37:08,176 - RLController - INFO -   Last 10: [0.         0.2        0.         0.08333334 0.517094   0.00332736
 0.08764958 0.49906433 0.         0.3       ]
2026-09-23 22:37:08,180 - RLController - INFO - DIAGNOSTIC - Raw model action output:
2026-09-23 22:37:08,180 - RLController - INFO -   Action hash: -5202274274453831438
2026-09-23 22:37:08,181 - RLController - INFO -   First 8 values: [ -7.6783986 -10.        -10.        -10.        -10.        -10.
 -10.        -10.       ]
2026-09-23 22:37:08,181 - RLController - INFO -   Last 8 values: [-10.        -10.        -10.        -10.        -10.         -3.8906453
 -10.        -10.       ]
2026-09-23 22:37:08,181 - RLController - INFO -   Action shape: (136,), min: -10.000000, max: 4.996724, mean: -9.272359
2026-09-23 22:37:08,181 - RLController - INFO -   B0 junction (indices 16-19) raw values: [-10. -10. -10. -10.]
2026-09-23 22:37:08,181 - RLController - INFO - Using CONTINUOUS DURATION-BASED mode
2026-09-23 22:37:08,182 - RLController - INFO -   Example: junction A0 -> durations [51, 13, 13, 13] (total: 90s)
2026-09-23 22:37:08,182 - RLController - INFO -   Example: junction A1 -> durations [24, 22, 22, 22] (total: 90s)
2026-09-23 22:37:08,182 - RLController - INFO -   Example: junction A2 -> durations [12, 12, 54, 12] (total: 90s)
2026-09-23 22:37:08,182 - RLController - INFO -   Example: junction A4 -> durations [60, 10, 10, 10] (total: 90s)
2026-09-23 22:37:08,182 - RLController - INFO -   Example: junction A5 -> durations [24, 22, 22, 22] (total: 90s)
2026-09-23 22:37:08,182 - RLController - INFO -   Example: junction B0 -> durations [24, 22, 22, 22] (total: 90s)
2026-09-23 22:37:08,183 - RLController - INFO -   Example: junction B1 -> durations [24, 22, 22, 22] (total: 90s)
2026-09-23 22:37:08,183 - RLController - INFO -   Example: junction B2 -> durations [24, 22, 22, 22] (total: 90s)
2026-09-23 22:37:08,183 - RLController - INFO -   Example: junction B4 -> durations [24, 22, 22, 22] (total: 90s)
2026-09-23 22:37:08,183 - RLController - INFO -   Example: junction B5 -> durations [60, 10, 10, 10] (total: 90s)
2026-09-23 22:37:08,183 - RLController - INFO -   Example: junction C0 -> durations [22, 22, 24, 22] (total: 90s)
2026-09-23 22:37:08,183 - RLController - INFO -   Example: junction C1 -> durations [24, 22, 22, 22] (total: 90s)
2026-09-23 22:37:08,183 - RLController - INFO -   Example: junction C2 -> durations [57, 13, 10, 10] (total: 90s)
2026-09-23 22:37:08,183 - RLController - INFO -   Example: junction C3 -> durations [60, 10, 10, 10] (total: 90s)
2026-09-23 22:37:08,184 - RLController - INFO -   Example: junction C4 -> durations [57, 11, 11, 11] (total: 90s)
2026-09-23 22:37:08,184 - RLController - INFO -   Example: junction C5 -> durations [57, 11, 11, 11] (total: 90s)
2026-09-23 22:37:08,184 - RLController - INFO -   Example: junction D0 -> durations [24, 22, 22, 22] (total: 90s)
2026-09-23 22:37:08,185 - RLController - INFO -   Example: junction D1 -> durations [21, 21, 27, 21] (total: 90s)
2026-09-23 22:37:08,185 - RLController - INFO -   Example: junction D2 -> durations [45, 15, 15, 15] (total: 90s)
2026-09-23 22:37:08,185 - RLController - INFO -   Example: junction D3 -> durations [24, 22, 22, 22] (total: 90s)
2026-09-23 22:37:08,185 - RLController - INFO -   Example: junction D4 -> durations [24, 22, 22, 22] (total: 90s)
2026-09-23 22:37:08,185 - RLController - INFO -   Example: junction D5 -> durations [13, 13, 51, 13] (total: 90s)
2026-09-23 22:37:08,185 - RLController - INFO -   Example: junction E0 -> durations [24, 22, 22, 22] (total: 90s)
2026-09-23 22:37:08,185 - RLController - INFO -   Example: junction E1 -> durations [24, 22, 22, 22] (total: 90s)
2026-09-23 22:37:08,186 - RLController - INFO -   Stored schedules for 34 junctions, cycle starts at step 6570
2026-09-23 22:37:12,938 - RLController - INFO - DIAGNOSTIC Step 6660 - Observation stats:
2026-09-23 22:37:12,939 - RLController - INFO -   Hash: -8564325902461820560, Min: 0.000000, Max: 1.000000, Mean: 0.455968, Std: 0.457492
2026-09-23 22:37:12,939 - RLController - INFO -   First 10: [1.        0.        0.        0.        0.        0.5284118 1.
 0.        0.        0.       ]
2026-09-23 22:37:12,940 - RLController - INFO -   Last 10: [0.         0.2        0.         0.08333334 0.5277778  0.00354442
 0.08944444 0.4932018  0.         0.3       ]
2026-09-23 22:37:12,945 - RLController - INFO - DIAGNOSTIC - Raw model action output:
2026-09-23 22:37:12,945 - RLController - INFO -   Action hash: 4205121149098742046
2026-09-23 22:37:12,946 - RLController - INFO -   First 8 values: [ -7.7224507 -10.        -10.        -10.        -10.        -10.
 -10.        -10.       ]
2026-09-23 22:37:12,946 - RLController - INFO -   Last 8 values: [-10.        -10.        -10.        -10.        -10.         -1.3671548
 -10.        -10.       ]
2026-09-23 22:37:12,947 - RLController - INFO -   Action shape: (136,), min: -10.000000, max: 4.828890, mean: -9.299138
2026-09-23 22:37:12,947 - RLController - INFO -   B0 junction (indices 16-19) raw values: [-10. -10. -10. -10.]
2026-09-23 22:37:12,948 - RLController - INFO - Using CONTINUOUS DURATION-BASED mode
2026-09-23 22:37:12,948 - RLController - INFO -   Example: junction A0 -> durations [51, 13, 13, 13] (total: 90s)
2026-09-23 22:37:12,948 - RLController - INFO -   Example: junction A1 -> durations [24, 22, 22, 22] (total: 90s)
2026-09-23 22:37:12,948 - RLController - INFO -   Example: junction A2 -> durations [12, 12, 54, 12] (total: 90s)
2026-09-23 22:37:12,949 - RLController - INFO -   Example: junction A4 -> durations [60, 10, 10, 10] (total: 90s)
2026-09-23 22:37:12,949 - RLController - INFO -   Example: junction A5 -> durations [24, 22, 22, 22] (total: 90s)
2026-09-23 22:37:12,949 - RLController - INFO -   Example: junction B0 -> durations [24, 22, 22, 22] (total: 90s)
2026-09-23 22:37:12,949 - RLController - INFO -   Example: junction B1 -> durations [24, 22, 22, 22] (total: 90s)
2026-09-23 22:37:12,950 - RLController - INFO -   Example: junction B2 -> durations [24, 22, 22, 22] (total: 90s)
2026-09-23 22:37:12,950 - RLController - INFO -   Example: junction B4 -> durations [24, 22, 22, 22] (total: 90s)
2026-09-23 22:37:12,950 - RLController - INFO -   Example: junction B5 -> durations [60, 10, 10, 10] (total: 90s)
2026-09-23 22:37:12,950 - RLController - INFO -   Example: junction C0 -> durations [22, 22, 24, 22] (total: 90s)
2026-09-23 22:37:12,951 - RLController - INFO -   Example: junction C1 -> durations [24, 22, 22, 22] (total: 90s)
2026-09-23 22:37:12,951 - RLController - INFO -   Example: junction C2 -> durations [57, 13, 10, 10] (total: 90s)
2026-09-23 22:37:12,951 - RLController - INFO -   Example: junction C3 -> durations [60, 10, 10, 10] (total: 90s)
2026-09-23 22:37:12,951 - RLController - INFO -   Example: junction C4 -> durations [57, 11, 11, 11] (total: 90s)
2026-09-23 22:37:12,951 - RLController - INFO -   Example: junction C5 -> durations [57, 11, 11, 11] (total: 90s)
2026-09-23 22:37:12,952 - RLController - INFO -   Example: junction D0 -> durations [24, 22, 22, 22] (total: 90s)
2026-09-23 22:37:12,952 - RLController - INFO -   Example: junction D1 -> durations [21, 21, 27, 21] (total: 90s)
2026-09-23 22:37:12,952 - RLController - INFO -   Example: junction D2 -> durations [45, 15, 15, 15] (total: 90s)
2026-09-23 22:37:12,953 - RLController - INFO -   Example: junction D3 -> durations [24, 22, 22, 22] (total: 90s)
2026-09-23 22:37:12,953 - RLController - INFO -   Example: junction D4 -> durations [24, 22, 22, 22] (total: 90s)
2026-09-23 22:37:12,953 - RLController - INFO -   Example: junction D5 -> durations [13, 13, 51, 13] (total: 90s)
2026-09-23 22:37:12,953 - RLController - INFO -   Example: junction E0 -> durations [24, 22, 22, 22] (total: 90s)
2026-09-23 22:37:12,954 - RLController - INFO -   Example: junction E1 -> durations [24, 22, 22, 22] (total: 90s)
2026-09-23 22:37:12,955 - RLController - INFO -   Stored schedules for 34 junctions, cycle starts at step 6660
2026-09-23 22:37:17,809 - RLController - INFO - DIAGNOSTIC Step 6750 - Observation stats:
2026-09-23 22:37:17,809 - RLController - INFO -   Hash: 8195716519083963488, Min: 0.000000, Max: 1.000000, Mean: 0.452641, Std: 0.458653
2026-09-23 22:37:17,810 - RLController - INFO -   First 10: [1.         0.         0.         0.         0.         0.5284118
 0.         1.         0.99333334 1.        ]
2026-09-23 22:37:17,810 - RLController - INFO -   Last 10: [0.         0.2        0.         0.08333334 0.525641   0.00329976
 0.0908547  0.4955778  0.         0.3       ]
2026-09-23 22:37:17,815 - RLController - INFO - DIAGNOSTIC - Raw model action output:
2026-09-23 22:37:17,816 - RLController - INFO -   Action hash: 2197020170686539979
2026-09-23 22:37:17,816 - RLController - INFO -   First 8 values: [ -7.727841 -10.       -10.       -10.       -10.       -10.
 -10.       -10.      ]
2026-09-23 22:37:17,816 - RLController - INFO -   Last 8 values: [-10.         -10.         -10.         -10.         -10.
  -0.70821637 -10.         -10.        ]
2026-09-23 22:37:17,816 - RLController - INFO -   Action shape: (136,), min: -10.000000, max: 5.956611, mean: -9.268652
2026-09-23 22:37:17,816 - RLController - INFO -   B0 junction (indices 16-19) raw values: [ -9.882038 -10.       -10.       -10.      ]
2026-09-23 22:37:17,817 - RLController - INFO - Using CONTINUOUS DURATION-BASED mode
2026-09-23 22:37:17,817 - RLController - INFO -   Example: junction A0 -> durations [51, 13, 13, 13] (total: 90s)
2026-09-23 22:37:17,817 - RLController - INFO -   Example: junction A1 -> durations [24, 22, 22, 22] (total: 90s)
2026-09-23 22:37:17,817 - RLController - INFO -   Example: junction A2 -> durations [12, 12, 54, 12] (total: 90s)
2026-09-23 22:37:17,817 - RLController - INFO -   Example: junction A4 -> durations [60, 10, 10, 10] (total: 90s)
2026-09-23 22:37:17,817 - RLController - INFO -   Example: junction A5 -> durations [24, 22, 22, 22] (total: 90s)
2026-09-23 22:37:17,817 - RLController - INFO -   Example: junction B0 -> durations [24, 22, 22, 22] (total: 90s)
2026-09-23 22:37:17,817 - RLController - INFO -   Example: junction B1 -> durations [24, 22, 22, 22] (total: 90s)
2026-09-23 22:37:17,818 - RLController - INFO -   Example: junction B2 -> durations [24, 22, 22, 22] (total: 90s)
2026-09-23 22:37:17,818 - RLController - INFO -   Example: junction B4 -> durations [24, 22, 22, 22] (total: 90s)
2026-09-23 22:37:17,818 - RLController - INFO -   Example: junction B5 -> durations [60, 10, 10, 10] (total: 90s)
2026-09-23 22:37:17,818 - RLController - INFO -   Example: junction C0 -> durations [22, 22, 24, 22] (total: 90s)
2026-09-23 22:37:17,818 - RLController - INFO -   Example: junction C1 -> durations [24, 22, 22, 22] (total: 90s)
2026-09-23 22:37:17,818 - RLController - INFO -   Example: junction C2 -> durations [57, 13, 10, 10] (total: 90s)
2026-09-23 22:37:17,818 - RLController - INFO -   Example: junction C3 -> durations [60, 10, 10, 10] (total: 90s)
2026-09-23 22:37:17,818 - RLController - INFO -   Example: junction C4 -> durations [57, 11, 11, 11] (total: 90s)
2026-09-23 22:37:17,819 - RLController - INFO -   Example: junction C5 -> durations [57, 11, 11, 11] (total: 90s)
2026-09-23 22:37:17,819 - RLController - INFO -   Example: junction D0 -> durations [24, 22, 22, 22] (total: 90s)
2026-09-23 22:37:17,819 - RLController - INFO -   Example: junction D1 -> durations [21, 21, 27, 21] (total: 90s)
2026-09-23 22:37:17,819 - RLController - INFO -   Example: junction D2 -> durations [45, 15, 15, 15] (total: 90s)
2026-09-23 22:37:17,819 - RLController - INFO -   Example: junction D3 -> durations [24, 22, 22, 22] (total: 90s)
2026-09-23 22:37:17,819 - RLController - INFO -   Example: junction D4 -> durations [24, 22, 22, 22] (total: 90s)
2026-09-23 22:37:17,819 - RLController - INFO -   Example: junction D5 -> durations [13, 13, 51, 13] (total: 90s)
2026-09-23 22:37:17,819 - RLController - INFO -   Example: junction E0 -> durations [24, 22, 22, 22] (total: 90s)
2026-09-23 22:37:17,820 - RLController - INFO -   Example: junction E1 -> durations [24, 22, 22, 22] (total: 90s)
2026-09-23 22:37:17,820 - RLController - INFO -   Stored schedules for 34 junctions, cycle starts at step 6750
2026-09-23 22:37:22,463 - RLController - INFO - DIAGNOSTIC Step 6840 - Observation stats:
2026-09-23 22:37:22,464 - RLController - INFO -   Hash: -6350727053879037778, Min: 0.000000, Max: 1.000000, Mean: 0.453647, Std: 0.457733
2026-09-23 22:37:22,465 - RLController - INFO -   First 10: [1.         0.         0.         0.         0.         0.5284118
 0.         1.         0.99333334 1.        ]
2026-09-23 22:37:22,465 - RLController - INFO -   Last 10: [0.         0.2        0.         0.08333334 0.52991456 0.00324264
 0.09141026 0.48888662 0.         0.3       ]
2026-09-23 22:37:22,471 - RLController - INFO - DIAGNOSTIC - Raw model action output:
2026-09-23 22:37:22,471 - RLController - INFO -   Action hash: 7565223730194981543
2026-09-23 22:37:22,471 - RLController - INFO -   First 8 values: [ -7.67754 -10.      -10.      -10.      -10.      -10.      -10.
 -10.     ]
2026-09-23 22:37:22,471 - RLController - INFO -   Last 8 values: [-10.       -10.       -10.       -10.       -10.        -1.526748
 -10.       -10.      ]
2026-09-23 22:37:22,472 - RLController - INFO -   Action shape: (136,), min: -10.000000, max: 5.596700, mean: -9.293007
2026-09-23 22:37:22,472 - RLController - INFO -   B0 junction (indices 16-19) raw values: [-10. -10. -10. -10.]
2026-09-23 22:37:22,472 - RLController - INFO - Using CONTINUOUS DURATION-BASED mode
2026-09-23 22:37:22,472 - RLController - INFO -   Example: junction A0 -> durations [51, 13, 13, 13] (total: 90s)
2026-09-23 22:37:22,472 - RLController - INFO -   Example: junction A1 -> durations [24, 22, 22, 22] (total: 90s)
2026-09-23 22:37:22,473 - RLController - INFO -   Example: junction A2 -> durations [12, 12, 54, 12] (total: 90s)
2026-09-23 22:37:22,473 - RLController - INFO -   Example: junction A4 -> durations [60, 10, 10, 10] (total: 90s)
2026-09-23 22:37:22,473 - RLController - INFO -   Example: junction A5 -> durations [24, 22, 22, 22] (total: 90s)
2026-09-23 22:37:22,473 - RLController - INFO -   Example: junction B0 -> durations [24, 22, 22, 22] (total: 90s)
2026-09-23 22:37:22,473 - RLController - INFO -   Example: junction B1 -> durations [24, 22, 22, 22] (total: 90s)
2026-09-23 22:37:22,473 - RLController - INFO -   Example: junction B2 -> durations [24, 22, 22, 22] (total: 90s)
2026-09-23 22:37:22,473 - RLController - INFO -   Example: junction B4 -> durations [24, 22, 22, 22] (total: 90s)
2026-09-23 22:37:22,474 - RLController - INFO -   Example: junction B5 -> durations [60, 10, 10, 10] (total: 90s)
2026-09-23 22:37:22,474 - RLController - INFO -   Example: junction C0 -> durations [22, 22, 24, 22] (total: 90s)
2026-09-23 22:37:22,474 - RLController - INFO -   Example: junction C1 -> durations [24, 22, 22, 22] (total: 90s)
2026-09-23 22:37:22,474 - RLController - INFO -   Example: junction C2 -> durations [57, 13, 10, 10] (total: 90s)
2026-09-23 22:37:22,474 - RLController - INFO -   Example: junction C3 -> durations [60, 10, 10, 10] (total: 90s)
2026-09-23 22:37:22,474 - RLController - INFO -   Example: junction C4 -> durations [57, 11, 11, 11] (total: 90s)
2026-09-23 22:37:22,474 - RLController - INFO -   Example: junction C5 -> durations [57, 11, 11, 11] (total: 90s)
2026-09-23 22:37:22,474 - RLController - INFO -   Example: junction D0 -> durations [24, 22, 22, 22] (total: 90s)
2026-09-23 22:37:22,475 - RLController - INFO -   Example: junction D1 -> durations [21, 21, 27, 21] (total: 90s)
2026-09-23 22:37:22,475 - RLController - INFO -   Example: junction D2 -> durations [45, 15, 15, 15] (total: 90s)
2026-09-23 22:37:22,475 - RLController - INFO -   Example: junction D3 -> durations [24, 22, 22, 22] (total: 90s)
2026-09-23 22:37:22,475 - RLController - INFO -   Example: junction D4 -> durations [24, 22, 22, 22] (total: 90s)
2026-09-23 22:37:22,475 - RLController - INFO -   Example: junction D5 -> durations [13, 13, 51, 13] (total: 90s)
2026-09-23 22:37:22,475 - RLController - INFO -   Example: junction E0 -> durations [24, 22, 22, 22] (total: 90s)
2026-09-23 22:37:22,475 - RLController - INFO -   Example: junction E1 -> durations [24, 22, 22, 22] (total: 90s)
2026-09-23 22:37:22,476 - RLController - INFO -   Stored schedules for 34 junctions, cycle starts at step 6840
2026-09-23 22:37:27,487 - RLController - INFO - DIAGNOSTIC Step 6930 - Observation stats:
2026-09-23 22:37:27,487 - RLController - INFO -   Hash: 9088314197823714083, Min: 0.000000, Max: 1.000000, Mean: 0.447625, Std: 0.456711
2026-09-23 22:37:27,488 - RLController - INFO -   First 10: [1.         0.         0.         0.         0.         0.5284118
 0.         1.         0.99333334 1.        ]
2026-09-23 22:37:27,488 - RLController - INFO -   Last 10: [0.         0.2        0.         0.08333334 0.5        0.00329573
 0.08918803 0.5183866  0.         0.3       ]
2026-09-23 22:37:27,493 - RLController - INFO - DIAGNOSTIC - Raw model action output:
2026-09-23 22:37:27,493 - RLController - INFO -   Action hash: 6942956744574277914
2026-09-23 22:37:27,493 - RLController - INFO -   First 8 values: [ -7.3945956 -10.        -10.        -10.        -10.        -10.
 -10.        -10.       ]
2026-09-23 22:37:27,494 - RLController - INFO -   Last 8 values: [-10.        -10.        -10.        -10.        -10.         -2.3894708
 -10.        -10.       ]
2026-09-23 22:37:27,494 - RLController - INFO -   Action shape: (136,), min: -10.000000, max: 5.084067, mean: -9.307591
2026-09-23 22:37:27,494 - RLController - INFO -   B0 junction (indices 16-19) raw values: [-10. -10. -10. -10.]
2026-09-23 22:37:27,494 - RLController - INFO - Using CONTINUOUS DURATION-BASED mode
2026-09-23 22:37:27,494 - RLController - INFO -   Example: junction A0 -> durations [51, 13, 13, 13] (total: 90s)
2026-09-23 22:37:27,494 - RLController - INFO -   Example: junction A1 -> durations [24, 22, 22, 22] (total: 90s)
2026-09-23 22:37:27,494 - RLController - INFO -   Example: junction A2 -> durations [12, 12, 54, 12] (total: 90s)
2026-09-23 22:37:27,495 - RLController - INFO -   Example: junction A4 -> durations [60, 10, 10, 10] (total: 90s)
2026-09-23 22:37:27,495 - RLController - INFO -   Example: junction A5 -> durations [24, 22, 22, 22] (total: 90s)
2026-09-23 22:37:27,495 - RLController - INFO -   Example: junction B0 -> durations [24, 22, 22, 22] (total: 90s)
2026-09-23 22:37:27,495 - RLController - INFO -   Example: junction B1 -> durations [24, 22, 22, 22] (total: 90s)
2026-09-23 22:37:27,495 - RLController - INFO -   Example: junction B2 -> durations [24, 22, 22, 22] (total: 90s)
2026-09-23 22:37:27,495 - RLController - INFO -   Example: junction B4 -> durations [24, 22, 22, 22] (total: 90s)
2026-09-23 22:37:27,495 - RLController - INFO -   Example: junction B5 -> durations [60, 10, 10, 10] (total: 90s)
2026-09-23 22:37:27,495 - RLController - INFO -   Example: junction C0 -> durations [22, 22, 24, 22] (total: 90s)
2026-09-23 22:37:27,496 - RLController - INFO -   Example: junction C1 -> durations [24, 22, 22, 22] (total: 90s)
2026-09-23 22:37:27,496 - RLController - INFO -   Example: junction C2 -> durations [57, 13, 10, 10] (total: 90s)
2026-09-23 22:37:27,496 - RLController - INFO -   Example: junction C3 -> durations [60, 10, 10, 10] (total: 90s)
2026-09-23 22:37:27,496 - RLController - INFO -   Example: junction C4 -> durations [57, 11, 11, 11] (total: 90s)
2026-09-23 22:37:27,496 - RLController - INFO -   Example: junction C5 -> durations [57, 11, 11, 11] (total: 90s)
2026-09-23 22:37:27,496 - RLController - INFO -   Example: junction D0 -> durations [24, 22, 22, 22] (total: 90s)
2026-09-23 22:37:27,496 - RLController - INFO -   Example: junction D1 -> durations [21, 21, 27, 21] (total: 90s)
2026-09-23 22:37:27,496 - RLController - INFO -   Example: junction D2 -> durations [45, 15, 15, 15] (total: 90s)
2026-09-23 22:37:27,496 - RLController - INFO -   Example: junction D3 -> durations [24, 22, 22, 22] (total: 90s)
2026-09-23 22:37:27,497 - RLController - INFO -   Example: junction D4 -> durations [24, 22, 22, 22] (total: 90s)
2026-09-23 22:37:27,497 - RLController - INFO -   Example: junction D5 -> durations [13, 13, 51, 13] (total: 90s)
2026-09-23 22:37:27,497 - RLController - INFO -   Example: junction E0 -> durations [24, 22, 22, 22] (total: 90s)
2026-09-23 22:37:27,497 - RLController - INFO -   Example: junction E1 -> durations [24, 22, 22, 22] (total: 90s)
2026-09-23 22:37:27,498 - RLController - INFO -   Stored schedules for 34 junctions, cycle starts at step 6930
2026-09-23 22:37:31,949 - RLController - INFO - DIAGNOSTIC Step 7020 - Observation stats:
2026-09-23 22:37:31,950 - RLController - INFO -   Hash: 7129089280099664311, Min: 0.000000, Max: 1.000000, Mean: 0.447087, Std: 0.455856
2026-09-23 22:37:31,950 - RLController - INFO -   First 10: [1.        0.        0.        0.        0.        0.5284118 1.
 0.        0.        0.       ]
2026-09-23 22:37:31,951 - RLController - INFO -   Last 10: [0.         0.2        0.         0.08333334 0.508547   0.00440206
 0.09       0.51922965 0.         0.3       ]
2026-09-23 22:37:31,955 - RLController - INFO - DIAGNOSTIC - Raw model action output:
2026-09-23 22:37:31,955 - RLController - INFO -   Action hash: 4903686359371357105
2026-09-23 22:37:31,956 - RLController - INFO -   First 8 values: [ -7.4938474 -10.        -10.        -10.        -10.        -10.
 -10.        -10.       ]
2026-09-23 22:37:31,956 - RLController - INFO -   Last 8 values: [-10.        -10.        -10.        -10.        -10.         -1.0776649
 -10.        -10.       ]
2026-09-23 22:37:31,956 - RLController - INFO -   Action shape: (136,), min: -10.000000, max: 5.874786, mean: -9.286288
2026-09-23 22:37:31,956 - RLController - INFO -   B0 junction (indices 16-19) raw values: [ -9.901739 -10.       -10.       -10.      ]
2026-09-23 22:37:31,957 - RLController - INFO - Using CONTINUOUS DURATION-BASED mode
2026-09-23 22:37:31,957 - RLController - INFO -   Example: junction A0 -> durations [51, 13, 13, 13] (total: 90s)
2026-09-23 22:37:31,957 - RLController - INFO -   Example: junction A1 -> durations [24, 22, 22, 22] (total: 90s)
2026-09-23 22:37:31,957 - RLController - INFO -   Example: junction A2 -> durations [12, 12, 54, 12] (total: 90s)
2026-09-23 22:37:31,957 - RLController - INFO -   Example: junction A4 -> durations [60, 10, 10, 10] (total: 90s)
2026-09-23 22:37:31,957 - RLController - INFO -   Example: junction A5 -> durations [24, 22, 22, 22] (total: 90s)
2026-09-23 22:37:31,957 - RLController - INFO -   Example: junction B0 -> durations [24, 22, 22, 22] (total: 90s)
2026-09-23 22:37:31,958 - RLController - INFO -   Example: junction B1 -> durations [24, 22, 22, 22] (total: 90s)
2026-09-23 22:37:31,958 - RLController - INFO -   Example: junction B2 -> durations [24, 22, 22, 22] (total: 90s)
2026-09-23 22:37:31,958 - RLController - INFO -   Example: junction B4 -> durations [24, 22, 22, 22] (total: 90s)
2026-09-23 22:37:31,958 - RLController - INFO -   Example: junction B5 -> durations [60, 10, 10, 10] (total: 90s)
2026-09-23 22:37:31,958 - RLController - INFO -   Example: junction C0 -> durations [22, 22, 24, 22] (total: 90s)
2026-09-23 22:37:31,958 - RLController - INFO -   Example: junction C1 -> durations [24, 22, 22, 22] (total: 90s)
2026-09-23 22:37:31,958 - RLController - INFO -   Example: junction C2 -> durations [57, 13, 10, 10] (total: 90s)
2026-09-23 22:37:31,958 - RLController - INFO -   Example: junction C3 -> durations [60, 10, 10, 10] (total: 90s)
2026-09-23 22:37:31,959 - RLController - INFO -   Example: junction C4 -> durations [57, 11, 11, 11] (total: 90s)
2026-09-23 22:37:31,959 - RLController - INFO -   Example: junction C5 -> durations [57, 11, 11, 11] (total: 90s)
2026-09-23 22:37:31,959 - RLController - INFO -   Example: junction D0 -> durations [24, 22, 22, 22] (total: 90s)
2026-09-23 22:37:31,959 - RLController - INFO -   Example: junction D1 -> durations [21, 21, 27, 21] (total: 90s)
2026-09-23 22:37:31,959 - RLController - INFO -   Example: junction D2 -> durations [45, 15, 15, 15] (total: 90s)
2026-09-23 22:37:31,959 - RLController - INFO -   Example: junction D3 -> durations [24, 22, 22, 22] (total: 90s)
2026-09-23 22:37:31,960 - RLController - INFO -   Example: junction D4 -> durations [24, 22, 22, 22] (total: 90s)
2026-09-23 22:37:31,960 - RLController - INFO -   Example: junction D5 -> durations [13, 13, 51, 13] (total: 90s)
2026-09-23 22:37:31,960 - RLController - INFO -   Example: junction E0 -> durations [24, 22, 22, 22] (total: 90s)
2026-09-23 22:37:31,960 - RLController - INFO -   Example: junction E1 -> durations [24, 22, 22, 22] (total: 90s)
2026-09-23 22:37:31,961 - RLController - INFO -   Stored schedules for 34 junctions, cycle starts at step 7020
2026-09-23 22:37:36,480 - RLController - INFO - DIAGNOSTIC Step 7110 - Observation stats:
2026-09-23 22:37:36,480 - RLController - INFO -   Hash: -3290549151340710410, Min: 0.000000, Max: 1.000000, Mean: 0.457556, Std: 0.458940
2026-09-23 22:37:36,480 - RLController - INFO -   First 10: [1.        0.        0.        0.        0.        0.5284118 1.
 0.        0.        0.       ]
2026-09-23 22:37:36,480 - RLController - INFO -   Last 10: [0.         0.2        0.         0.08333334 0.53205127 0.00391489
 0.08931624 0.49156308 0.         0.3       ]
2026-09-23 22:37:36,485 - RLController - INFO - DIAGNOSTIC - Raw model action output:
2026-09-23 22:37:36,485 - RLController - INFO -   Action hash: 6231901746198954542
2026-09-23 22:37:36,485 - RLController - INFO -   First 8 values: [ -7.5324674 -10.        -10.        -10.        -10.        -10.
 -10.        -10.       ]
2026-09-23 22:37:36,485 - RLController - INFO -   Last 8 values: [-10.        -10.        -10.        -10.        -10.         -2.7547305
 -10.        -10.       ]
2026-09-23 22:37:36,486 - RLController - INFO -   Action shape: (136,), min: -10.000000, max: 4.768499, mean: -9.276159
2026-09-23 22:37:36,486 - RLController - INFO -   B0 junction (indices 16-19) raw values: [ -9.923184 -10.       -10.       -10.      ]
2026-09-23 22:37:36,486 - RLController - INFO - Using CONTINUOUS DURATION-BASED mode
2026-09-23 22:37:36,486 - RLController - INFO -   Example: junction A0 -> durations [51, 13, 13, 13] (total: 90s)
2026-09-23 22:37:36,486 - RLController - INFO -   Example: junction A1 -> durations [24, 22, 22, 22] (total: 90s)
2026-09-23 22:37:36,486 - RLController - INFO -   Example: junction A2 -> durations [12, 12, 54, 12] (total: 90s)
2026-09-23 22:37:36,486 - RLController - INFO -   Example: junction A4 -> durations [60, 10, 10, 10] (total: 90s)
2026-09-23 22:37:36,487 - RLController - INFO -   Example: junction A5 -> durations [24, 22, 22, 22] (total: 90s)
2026-09-23 22:37:36,487 - RLController - INFO -   Example: junction B0 -> durations [24, 22, 22, 22] (total: 90s)
2026-09-23 22:37:36,487 - RLController - INFO -   Example: junction B1 -> durations [24, 22, 22, 22] (total: 90s)
2026-09-23 22:37:36,487 - RLController - INFO -   Example: junction B2 -> durations [24, 22, 22, 22] (total: 90s)
2026-09-23 22:37:36,487 - RLController - INFO -   Example: junction B4 -> durations [24, 22, 22, 22] (total: 90s)
2026-09-23 22:37:36,487 - RLController - INFO -   Example: junction B5 -> durations [60, 10, 10, 10] (total: 90s)
2026-09-23 22:37:36,487 - RLController - INFO -   Example: junction C0 -> durations [22, 22, 24, 22] (total: 90s)
2026-09-23 22:37:36,487 - RLController - INFO -   Example: junction C1 -> durations [24, 22, 22, 22] (total: 90s)
2026-09-23 22:37:36,488 - RLController - INFO -   Example: junction C2 -> durations [57, 13, 10, 10] (total: 90s)
2026-09-23 22:37:36,488 - RLController - INFO -   Example: junction C3 -> durations [60, 10, 10, 10] (total: 90s)
2026-09-23 22:37:36,488 - RLController - INFO -   Example: junction C4 -> durations [57, 11, 11, 11] (total: 90s)
2026-09-23 22:37:36,488 - RLController - INFO -   Example: junction C5 -> durations [57, 11, 11, 11] (total: 90s)
2026-09-23 22:37:36,488 - RLController - INFO -   Example: junction D0 -> durations [24, 22, 22, 22] (total: 90s)
2026-09-23 22:37:36,488 - RLController - INFO -   Example: junction D1 -> durations [21, 21, 27, 21] (total: 90s)
2026-09-23 22:37:36,488 - RLController - INFO -   Example: junction D2 -> durations [45, 15, 15, 15] (total: 90s)
2026-09-23 22:37:36,488 - RLController - INFO -   Example: junction D3 -> durations [24, 22, 22, 22] (total: 90s)
2026-09-23 22:37:36,488 - RLController - INFO -   Example: junction D4 -> durations [24, 22, 22, 22] (total: 90s)
2026-09-23 22:37:36,489 - RLController - INFO -   Example: junction D5 -> durations [13, 13, 51, 13] (total: 90s)
2026-09-23 22:37:36,489 - RLController - INFO -   Example: junction E0 -> durations [24, 22, 22, 22] (total: 90s)
2026-09-23 22:37:36,489 - RLController - INFO -   Example: junction E1 -> durations [24, 22, 22, 22] (total: 90s)
2026-09-23 22:37:36,489 - RLController - INFO -   Stored schedules for 34 junctions, cycle starts at step 7110
2026-09-23 22:37:40,514 - RLController - INFO - DIAGNOSTIC Step 7200 - Observation stats:
2026-09-23 22:37:40,515 - RLController - INFO -   Hash: 7509655573003689669, Min: 0.000000, Max: 1.000000, Mean: 0.451679, Std: 0.457171
2026-09-23 22:37:40,515 - RLController - INFO -   First 10: [1.         0.         0.         0.         0.         0.5284118
 0.         0.         0.99333334 1.        ]
2026-09-23 22:37:40,515 - RLController - INFO -   Last 10: [0.         0.2        0.         0.08333334 0.53418803 0.0034829
 0.08863248 0.48622936 0.         0.3       ]
2026-09-23 22:37:40,519 - RLController - INFO - DIAGNOSTIC - Raw model action output:
2026-09-23 22:37:40,520 - RLController - INFO -   Action hash: -3175798720328471824
2026-09-23 22:37:40,520 - RLController - INFO -   First 8 values: [ -7.6080537 -10.        -10.        -10.        -10.        -10.
 -10.        -10.       ]
2026-09-23 22:37:40,520 - RLController - INFO -   Last 8 values: [-10.        -10.        -10.        -10.        -10.         -2.4685671
 -10.        -10.       ]
2026-09-23 22:37:40,520 - RLController - INFO -   Action shape: (136,), min: -10.000000, max: 5.838597, mean: -9.276324
2026-09-23 22:37:40,520 - RLController - INFO -   B0 junction (indices 16-19) raw values: [ -9.876599 -10.       -10.       -10.      ]
2026-09-23 22:37:40,520 - RLController - INFO - Using CONTINUOUS DURATION-BASED mode
2026-09-23 22:37:40,521 - RLController - INFO -   Example: junction A0 -> durations [51, 13, 13, 13] (total: 90s)
2026-09-23 22:37:40,521 - RLController - INFO -   Example: junction A1 -> durations [24, 22, 22, 22] (total: 90s)
2026-09-23 22:37:40,521 - RLController - INFO -   Example: junction A2 -> durations [12, 12, 54, 12] (total: 90s)
2026-09-23 22:37:40,521 - RLController - INFO -   Example: junction A4 -> durations [60, 10, 10, 10] (total: 90s)
2026-09-23 22:37:40,521 - RLController - INFO -   Example: junction A5 -> durations [24, 22, 22, 22] (total: 90s)
2026-09-23 22:37:40,521 - RLController - INFO -   Example: junction B0 -> durations [24, 22, 22, 22] (total: 90s)
2026-09-23 22:37:40,521 - RLController - INFO -   Example: junction B1 -> durations [24, 22, 22, 22] (total: 90s)
2026-09-23 22:37:40,522 - RLController - INFO -   Example: junction B2 -> durations [24, 22, 22, 22] (total: 90s)
2026-09-23 22:37:40,522 - RLController - INFO -   Example: junction B4 -> durations [24, 22, 22, 22] (total: 90s)
2026-09-23 22:37:40,522 - RLController - INFO -   Example: junction B5 -> durations [60, 10, 10, 10] (total: 90s)
2026-09-23 22:37:40,522 - RLController - INFO -   Example: junction C0 -> durations [22, 22, 24, 22] (total: 90s)
2026-09-23 22:37:40,522 - RLController - INFO -   Example: junction C1 -> durations [24, 22, 22, 22] (total: 90s)
2026-09-23 22:37:40,522 - RLController - INFO -   Example: junction C2 -> durations [57, 13, 10, 10] (total: 90s)
2026-09-23 22:37:40,522 - RLController - INFO -   Example: junction C3 -> durations [60, 10, 10, 10] (total: 90s)
2026-09-23 22:37:40,522 - RLController - INFO -   Example: junction C4 -> durations [57, 11, 11, 11] (total: 90s)
2026-09-23 22:37:40,522 - RLController - INFO -   Example: junction C5 -> durations [57, 11, 11, 11] (total: 90s)
2026-09-23 22:37:40,523 - RLController - INFO -   Example: junction D0 -> durations [24, 22, 22, 22] (total: 90s)
2026-09-23 22:37:40,523 - RLController - INFO -   Example: junction D1 -> durations [21, 21, 27, 21] (total: 90s)
2026-09-23 22:37:40,523 - RLController - INFO -   Example: junction D2 -> durations [45, 15, 15, 15] (total: 90s)
2026-09-23 22:37:40,523 - RLController - INFO -   Example: junction D3 -> durations [24, 22, 22, 22] (total: 90s)
2026-09-23 22:37:40,523 - RLController - INFO -   Example: junction D4 -> durations [24, 22, 22, 22] (total: 90s)
2026-09-23 22:37:40,523 - RLController - INFO -   Example: junction D5 -> durations [13, 13, 51, 13] (total: 90s)
2026-09-23 22:37:40,523 - RLController - INFO -   Example: junction E0 -> durations [24, 22, 22, 22] (total: 90s)
2026-09-23 22:37:40,523 - RLController - INFO -   Example: junction E1 -> durations [24, 22, 22, 22] (total: 90s)
2026-09-23 22:37:40,525 - RLController - INFO -   Stored schedules for 34 junctions, cycle starts at step 7200
2026-09-23 22:37:44,493 - RLController - INFO - DIAGNOSTIC Step 7290 - Observation stats:
2026-09-23 22:37:44,493 - RLController - INFO -   Hash: 8882597687798174166, Min: 0.000000, Max: 1.000000, Mean: 0.457319, Std: 0.458211
2026-09-23 22:37:44,494 - RLController - INFO -   First 10: [1.         0.         0.         0.         0.         0.5284118
 0.         1.         0.99333334 1.        ]
2026-09-23 22:37:44,494 - RLController - INFO -   Last 10: [0.         0.2        0.         0.08333334 0.53846157 0.00356883
 0.09076923 0.48244098 0.         0.3       ]
2026-09-23 22:37:44,498 - RLController - INFO - DIAGNOSTIC - Raw model action output:
2026-09-23 22:37:44,498 - RLController - INFO -   Action hash: -2201866110196391626
2026-09-23 22:37:44,498 - RLController - INFO -   First 8 values: [ -7.596957 -10.       -10.       -10.       -10.       -10.
 -10.       -10.      ]
2026-09-23 22:37:44,498 - RLController - INFO -   Last 8 values: [-10.        -10.        -10.        -10.        -10.         -1.5394852
 -10.        -10.       ]
2026-09-23 22:37:44,498 - RLController - INFO -   Action shape: (136,), min: -10.000000, max: 5.121955, mean: -9.264643
2026-09-23 22:37:44,499 - RLController - INFO -   B0 junction (indices 16-19) raw values: [-10. -10. -10. -10.]
2026-09-23 22:37:44,499 - RLController - INFO - Using CONTINUOUS DURATION-BASED mode
2026-09-23 22:37:44,499 - RLController - INFO -   Example: junction A0 -> durations [51, 13, 13, 13] (total: 90s)
2026-09-23 22:37:44,499 - RLController - INFO -   Example: junction A1 -> durations [24, 22, 22, 22] (total: 90s)
2026-09-23 22:37:44,499 - RLController - INFO -   Example: junction A2 -> durations [12, 12, 54, 12] (total: 90s)
2026-09-23 22:37:44,499 - RLController - INFO -   Example: junction A4 -> durations [60, 10, 10, 10] (total: 90s)
2026-09-23 22:37:44,500 - RLController - INFO -   Example: junction A5 -> durations [24, 22, 22, 22] (total: 90s)
2026-09-23 22:37:44,500 - RLController - INFO -   Example: junction B0 -> durations [24, 22, 22, 22] (total: 90s)
2026-09-23 22:37:44,500 - RLController - INFO -   Example: junction B1 -> durations [24, 22, 22, 22] (total: 90s)
2026-09-23 22:37:44,500 - RLController - INFO -   Example: junction B2 -> durations [24, 22, 22, 22] (total: 90s)
2026-09-23 22:37:44,500 - RLController - INFO -   Example: junction B4 -> durations [24, 22, 22, 22] (total: 90s)
2026-09-23 22:37:44,500 - RLController - INFO -   Example: junction B5 -> durations [60, 10, 10, 10] (total: 90s)
2026-09-23 22:37:44,500 - RLController - INFO -   Example: junction C0 -> durations [22, 22, 24, 22] (total: 90s)
2026-09-23 22:37:44,501 - RLController - INFO -   Example: junction C1 -> durations [24, 22, 22, 22] (total: 90s)
2026-09-23 22:37:44,501 - RLController - INFO -   Example: junction C2 -> durations [57, 13, 10, 10] (total: 90s)
2026-09-23 22:37:44,501 - RLController - INFO -   Example: junction C3 -> durations [60, 10, 10, 10] (total: 90s)
2026-09-23 22:37:44,501 - RLController - INFO -   Example: junction C4 -> durations [57, 11, 11, 11] (total: 90s)
2026-09-23 22:37:44,501 - RLController - INFO -   Example: junction C5 -> durations [57, 11, 11, 11] (total: 90s)
2026-09-23 22:37:44,501 - RLController - INFO -   Example: junction D0 -> durations [24, 22, 22, 22] (total: 90s)
2026-09-23 22:37:44,501 - RLController - INFO -   Example: junction D1 -> durations [21, 21, 27, 21] (total: 90s)
2026-09-23 22:37:44,501 - RLController - INFO -   Example: junction D2 -> durations [45, 15, 15, 15] (total: 90s)
2026-09-23 22:37:44,502 - RLController - INFO -   Example: junction D3 -> durations [24, 22, 22, 22] (total: 90s)
2026-09-23 22:37:44,502 - RLController - INFO -   Example: junction D4 -> durations [24, 22, 22, 22] (total: 90s)
2026-09-23 22:37:44,502 - RLController - INFO -   Example: junction D5 -> durations [13, 13, 51, 13] (total: 90s)
2026-09-23 22:37:44,502 - RLController - INFO -   Example: junction E0 -> durations [24, 22, 22, 22] (total: 90s)
2026-09-23 22:37:44,502 - RLController - INFO -   Example: junction E1 -> durations [24, 22, 22, 22] (total: 90s)
2026-09-23 22:37:44,503 - RLController - INFO -   Stored schedules for 34 junctions, cycle starts at step 7290
2026-09-23 22:37:44,914 - RLController - WARNING - RL environment cleanup failed: 'TrafficControlEnv' object has no attribute 'reward_calculator'
2026-09-23 22:37:45,370 - TrafficSimulator - INFO - Simulation completed successfully!
2026-09-23 22:37:45,372 - TrafficSimulator - INFO - === SIMULATION COMPLETED ===
2026-09-23 22:37:45,372 - TrafficSimulator - INFO - Total simulation steps: 7300
2026-09-23 22:37:45,372 - TrafficSimulator - INFO - Vehicles loaded: 22000
2026-09-23 22:37:45,372 - TrafficSimulator - INFO - Vehicles inserted: 19457
2026-09-23 22:37:45,372 - TrafficSimulator - INFO - Vehicles still running: 2392
2026-09-23 22:37:45,372 - TrafficSimulator - INFO - Vehicles waiting: 2543
2026-09-23 22:37:45,372 - TrafficSimulator - INFO - Vehicles arrived: 17065
2026-09-23 22:37:45,372 - TrafficSimulator - INFO - Completion rate: 77.6%
2026-09-23 22:37:45,372 - TrafficSimulator - INFO - Insertion rate: 88.4%
2026-09-23 22:37:45,372 - TrafficSimulator - INFO - Average duration: 623.9s
2026-09-23 22:37:45,372 - TrafficSimulator - INFO - Average waiting time: 414.5s
2026-09-23 22:37:45,372 - TrafficSimulator - INFO - Average time loss: 506.3s
2026-09-23 22:37:45,372 - TrafficSimulator - INFO - Throughput: 8416 veh/h
2026-09-23 22:37:45,372 - TrafficSimulator - INFO - Trip statistics count: 17065
2026-09-23 22:37:45,372 - TrafficSimulator - INFO - Traffic control method: rl
