run_name: rl_fixed   controller: rl   started: 2026-09-23T13:59:02Z
src: /a/home/cc/tree/taucc/architec/efratbl/sumo-traffic-generator/paper_rl_vs_tm/app/src/__init__.py
python: Python 3.10.2
sumo: Eclipse SUMO sumo 1.25.0
numpy 1.24.4 torch 2.1.2+cpu sb3 2.1.0
model md5: 8b8d9f494260a1a1f6a24b2c4ef25667
plan: results/plans/rl_modal.csv  md5: 95cd745b8429b508a1616c6cdd75e604
2026-09-23 16:59:13,346 - StandardPipeline - INFO - Prepared output directory: /a/home/cc/architec/efratbl/sumo-traffic-generator/paper_rl_vs_tm/results/runs/rl_fixed/workspace
2026-09-23 16:59:13,346 - StandardPipeline - INFO - --- Step 1: Network Generation ---
Success.
2026-09-23 16:59:14,215 - StandardPipeline - INFO - --- Step 2: Zone Generation ---
2026-09-23 16:59:16,179 - StandardPipeline - INFO - --- Step 3: Integrated Edge Splitting with Lane Assignment ---
Post-processing: 108 edges processed, 108 converted to multi-head
2026-09-23 16:59:41,093 - StandardPipeline - INFO - --- Step 4: Network Rebuild ---
2026-09-23 16:59:42,159 - StandardPipeline - INFO - --- Step 5: Edge Attractiveness Assignment ---
2026-09-23 17:01:16,429 - StandardPipeline - INFO - --- Step 6: Vehicle Route Generation ---
2026-09-23 17:01:33,503 - StandardPipeline - INFO - --- Step 7: SUMO Configuration Generation ---
2026-09-23 17:01:33,511 - StandardPipeline - INFO - --- Step 8: Dynamic Simulation ---
2026-09-23 17:01:33,511 - src.orchestration.simulator - INFO - Using TraCI simulator for rl (dynamic control)
2026-09-23 17:01:38,320 - RLController - INFO - PAPER_RL_VS_TM: loaded timing plan /a/home/cc/architec/efratbl/sumo-traffic-generator/paper_rl_vs_tm/results/plans/rl_modal.csv (34 rows)
 Retrying in 1 seconds
2026-09-23 17:01:42,298 - RLController - INFO - Creating RL environment...
[DIM CHECK] network_path='None'
[DIM CHECK] Using existing workspace network: /a/home/cc/architec/efratbl/sumo-traffic-generator/paper_rl_vs_tm/results/runs/rl_fixed/workspace/grid.net.xml
2026-09-23 17:01:42,299 - TrafficControlEnv - INFO - Using existing workspace network: /a/home/cc/architec/efratbl/sumo-traffic-generator/paper_rl_vs_tm/results/runs/rl_fixed/workspace/grid.net.xml
2026-09-23 17:01:42,453 - TrafficControlEnv - INFO - Parsed network dimensions from: /a/home/cc/architec/efratbl/sumo-traffic-generator/paper_rl_vs_tm/results/runs/rl_fixed/workspace/grid.net.xml
2026-09-23 17:01:42,453 - TrafficControlEnv - INFO -   Edges: 468
2026-09-23 17:01:42,453 - TrafficControlEnv - INFO -   Junctions: 34
2026-09-23 17:01:42,455 - RLController - INFO - RL environment created successfully
2026-09-23 17:01:42,455 - RLController - INFO - Observation space: (2882,)
2026-09-23 17:01:42,455 - RLController - INFO - Action space: (136,)
/a/home/cc/tree/taucc/architec/efratbl/sumo-traffic-generator/paper_rl_vs_tm/app/src/rl/controller.py:259: UserWarning: Call to deprecated function getAllProgramLogics, use getCompleteRedYellowGreenDefinition instead.
  complete_def = traci.trafficlight.getCompleteRedYellowGreenDefinition(tl_id)[
2026-09-23 17:01:42,755 - RLController - INFO - DIAGNOSTIC Step 0 - Observation stats:
2026-09-23 17:01:42,755 - RLController - INFO -   Hash: 2297844239832274470, Min: 0.000000, Max: 1.000080, Mean: 0.246374, Std: 0.378330
2026-09-23 17:01:42,755 - RLController - INFO -   First 10: [1.  0.  0.  0.  0.  0.5 1.  0.  0.  0. ]
2026-09-23 17:01:42,755 - RLController - INFO -   Last 10: [0.      0.1875  0.      0.25    0.      0.      0.      1.00008 0.
 0.3    ]
2026-09-23 17:01:42,761 - RLController - INFO - DIAGNOSTIC - Raw model action output:
2026-09-23 17:01:42,761 - RLController - INFO -   Action hash: -2264201352901904947
2026-09-23 17:01:42,762 - RLController - INFO -   First 8 values: [ -4.2462254 -10.         -8.615134  -10.        -10.        -10.
  -9.517142   -9.423127 ]
2026-09-23 17:01:42,762 - RLController - INFO -   Last 8 values: [ -9.937325  -10.         -7.9518666 -10.         -8.441892   -1.202461
  -9.473316  -10.       ]
2026-09-23 17:01:42,762 - RLController - INFO -   Action shape: (136,), min: -10.000000, max: 2.648499, mean: -8.256987
2026-09-23 17:01:42,762 - RLController - INFO -   B0 junction (indices 16-19) raw values: [ -7.3623834  -6.7744145  -7.927693  -10.       ]
2026-09-23 17:01:42,762 - RLController - INFO - Using CONTINUOUS DURATION-BASED mode
2026-09-23 17:01:42,764 - RLController - INFO -   Example: junction A0 -> durations [51, 13, 13, 13] (total: 90s)
2026-09-23 17:01:42,765 - RLController - INFO -   Example: junction A1 -> durations [24, 22, 22, 22] (total: 90s)
2026-09-23 17:01:42,765 - RLController - INFO -   Example: junction A2 -> durations [12, 12, 54, 12] (total: 90s)
2026-09-23 17:01:42,765 - RLController - INFO -   Example: junction A4 -> durations [60, 10, 10, 10] (total: 90s)
2026-09-23 17:01:42,765 - RLController - INFO -   Example: junction A5 -> durations [24, 22, 22, 22] (total: 90s)
2026-09-23 17:01:42,765 - RLController - INFO -   Example: junction B0 -> durations [24, 22, 22, 22] (total: 90s)
2026-09-23 17:01:42,765 - RLController - INFO -   Example: junction B1 -> durations [24, 22, 22, 22] (total: 90s)
2026-09-23 17:01:42,765 - RLController - INFO -   Example: junction B2 -> durations [24, 22, 22, 22] (total: 90s)
2026-09-23 17:01:42,766 - RLController - INFO -   Example: junction B4 -> durations [24, 22, 22, 22] (total: 90s)
2026-09-23 17:01:42,766 - RLController - INFO -   Example: junction B5 -> durations [60, 10, 10, 10] (total: 90s)
2026-09-23 17:01:42,766 - RLController - INFO -   Example: junction C0 -> durations [22, 22, 24, 22] (total: 90s)
2026-09-23 17:01:42,766 - RLController - INFO -   Example: junction C1 -> durations [24, 22, 22, 22] (total: 90s)
2026-09-23 17:01:42,766 - RLController - INFO -   Example: junction C2 -> durations [57, 13, 10, 10] (total: 90s)
2026-09-23 17:01:42,766 - RLController - INFO -   Example: junction C3 -> durations [60, 10, 10, 10] (total: 90s)
2026-09-23 17:01:42,766 - RLController - INFO -   Example: junction C4 -> durations [57, 11, 11, 11] (total: 90s)
2026-09-23 17:01:42,767 - RLController - INFO -   Example: junction C5 -> durations [57, 11, 11, 11] (total: 90s)
2026-09-23 17:01:42,767 - RLController - INFO -   Example: junction D0 -> durations [24, 22, 22, 22] (total: 90s)
2026-09-23 17:01:42,767 - RLController - INFO -   Example: junction D1 -> durations [21, 21, 27, 21] (total: 90s)
2026-09-23 17:01:42,767 - RLController - INFO -   Example: junction D2 -> durations [45, 15, 15, 15] (total: 90s)
2026-09-23 17:01:42,767 - RLController - INFO -   Example: junction D3 -> durations [24, 22, 22, 22] (total: 90s)
2026-09-23 17:01:42,767 - RLController - INFO -   Example: junction D4 -> durations [24, 22, 22, 22] (total: 90s)
2026-09-23 17:01:42,767 - RLController - INFO -   Example: junction D5 -> durations [13, 13, 51, 13] (total: 90s)
2026-09-23 17:01:42,768 - RLController - INFO -   Example: junction E0 -> durations [24, 22, 22, 22] (total: 90s)
2026-09-23 17:01:42,768 - RLController - INFO -   Example: junction E1 -> durations [24, 22, 22, 22] (total: 90s)
2026-09-23 17:01:42,768 - RLController - INFO -   Stored schedules for 34 junctions, cycle starts at step 0
2026-09-23 17:01:43,632 - RLController - INFO - DIAGNOSTIC Step 90 - Observation stats:
2026-09-23 17:01:43,632 - RLController - INFO -   Hash: -2475031164860600795, Min: 0.000000, Max: 1.000000, Mean: 0.297656, Std: 0.404722
2026-09-23 17:01:43,632 - RLController - INFO -   First 10: [1.  0.  0.  0.  0.  0.5 1.  0.  0.  0. ]
2026-09-23 17:01:43,633 - RLController - INFO -   Last 10: [0.0000000e+00 2.0000000e-01 0.0000000e+00 8.3333336e-02 1.4743590e-01
 7.9772656e-04 1.0769230e-02 8.5394412e-01 0.0000000e+00 3.0000001e-01]
2026-09-23 17:01:43,636 - RLController - INFO - DIAGNOSTIC - Raw model action output:
2026-09-23 17:01:43,636 - RLController - INFO -   Action hash: 4625810086762426453
2026-09-23 17:01:43,636 - RLController - INFO -   First 8 values: [ -5.6508317 -10.        -10.        -10.        -10.        -10.
 -10.        -10.       ]
2026-09-23 17:01:43,637 - RLController - INFO -   Last 8 values: [-10.        -10.        -10.        -10.        -10.          0.1849082
 -10.        -10.       ]
2026-09-23 17:01:43,637 - RLController - INFO -   Action shape: (136,), min: -10.000000, max: 4.362114, mean: -8.879514
2026-09-23 17:01:43,637 - RLController - INFO -   B0 junction (indices 16-19) raw values: [ -8.628358  -8.982847 -10.       -10.      ]
2026-09-23 17:01:43,637 - RLController - INFO - Using CONTINUOUS DURATION-BASED mode
2026-09-23 17:01:43,637 - RLController - INFO -   Example: junction A0 -> durations [51, 13, 13, 13] (total: 90s)
2026-09-23 17:01:43,638 - RLController - INFO -   Example: junction A1 -> durations [24, 22, 22, 22] (total: 90s)
2026-09-23 17:01:43,638 - RLController - INFO -   Example: junction A2 -> durations [12, 12, 54, 12] (total: 90s)
2026-09-23 17:01:43,638 - RLController - INFO -   Example: junction A4 -> durations [60, 10, 10, 10] (total: 90s)
2026-09-23 17:01:43,638 - RLController - INFO -   Example: junction A5 -> durations [24, 22, 22, 22] (total: 90s)
2026-09-23 17:01:43,638 - RLController - INFO -   Example: junction B0 -> durations [24, 22, 22, 22] (total: 90s)
2026-09-23 17:01:43,639 - RLController - INFO -   Example: junction B1 -> durations [24, 22, 22, 22] (total: 90s)
2026-09-23 17:01:43,639 - RLController - INFO -   Example: junction B2 -> durations [24, 22, 22, 22] (total: 90s)
2026-09-23 17:01:43,639 - RLController - INFO -   Example: junction B4 -> durations [24, 22, 22, 22] (total: 90s)
2026-09-23 17:01:43,639 - RLController - INFO -   Example: junction B5 -> durations [60, 10, 10, 10] (total: 90s)
2026-09-23 17:01:43,639 - RLController - INFO -   Example: junction C0 -> durations [22, 22, 24, 22] (total: 90s)
2026-09-23 17:01:43,639 - RLController - INFO -   Example: junction C1 -> durations [24, 22, 22, 22] (total: 90s)
2026-09-23 17:01:43,640 - RLController - INFO -   Example: junction C2 -> durations [57, 13, 10, 10] (total: 90s)
2026-09-23 17:01:43,640 - RLController - INFO -   Example: junction C3 -> durations [60, 10, 10, 10] (total: 90s)
2026-09-23 17:01:43,640 - RLController - INFO -   Example: junction C4 -> durations [57, 11, 11, 11] (total: 90s)
2026-09-23 17:01:43,640 - RLController - INFO -   Example: junction C5 -> durations [57, 11, 11, 11] (total: 90s)
2026-09-23 17:01:43,640 - RLController - INFO -   Example: junction D0 -> durations [24, 22, 22, 22] (total: 90s)
2026-09-23 17:01:43,641 - RLController - INFO -   Example: junction D1 -> durations [21, 21, 27, 21] (total: 90s)
2026-09-23 17:01:43,641 - RLController - INFO -   Example: junction D2 -> durations [45, 15, 15, 15] (total: 90s)
2026-09-23 17:01:43,641 - RLController - INFO -   Example: junction D3 -> durations [24, 22, 22, 22] (total: 90s)
2026-09-23 17:01:43,641 - RLController - INFO -   Example: junction D4 -> durations [24, 22, 22, 22] (total: 90s)
2026-09-23 17:01:43,641 - RLController - INFO -   Example: junction D5 -> durations [13, 13, 51, 13] (total: 90s)
2026-09-23 17:01:43,641 - RLController - INFO -   Example: junction E0 -> durations [24, 22, 22, 22] (total: 90s)
2026-09-23 17:01:43,642 - RLController - INFO -   Example: junction E1 -> durations [24, 22, 22, 22] (total: 90s)
2026-09-23 17:01:43,642 - RLController - INFO -   Stored schedules for 34 junctions, cycle starts at step 90
2026-09-23 17:01:44,697 - RLController - INFO - DIAGNOSTIC Step 180 - Observation stats:
2026-09-23 17:01:44,697 - RLController - INFO -   Hash: -4488465047021426819, Min: 0.000000, Max: 1.000000, Mean: 0.323020, Std: 0.416316
2026-09-23 17:01:44,697 - RLController - INFO -   First 10: [1.  0.  0.  0.  0.  0.5 1.  0.  0.  0. ]
2026-09-23 17:01:44,697 - RLController - INFO -   Last 10: [0.         0.2        0.         0.08333334 0.20940171 0.00105812
 0.01901709 0.78890175 0.         0.3       ]
2026-09-23 17:01:44,701 - RLController - INFO - DIAGNOSTIC - Raw model action output:
2026-09-23 17:01:44,701 - RLController - INFO -   Action hash: -3186034950430601164
2026-09-23 17:01:44,701 - RLController - INFO -   First 8 values: [ -5.8482423 -10.        -10.        -10.        -10.        -10.
 -10.        -10.       ]
2026-09-23 17:01:44,701 - RLController - INFO -   Last 8 values: [-10.        -10.        -10.        -10.        -10.         -0.2568085
 -10.        -10.       ]
2026-09-23 17:01:44,701 - RLController - INFO -   Action shape: (136,), min: -10.000000, max: 4.987408, mean: -9.055300
2026-09-23 17:01:44,702 - RLController - INFO -   B0 junction (indices 16-19) raw values: [ -8.835699 -10.       -10.       -10.      ]
2026-09-23 17:01:44,702 - RLController - INFO - Using CONTINUOUS DURATION-BASED mode
2026-09-23 17:01:44,702 - RLController - INFO -   Example: junction A0 -> durations [51, 13, 13, 13] (total: 90s)
2026-09-23 17:01:44,702 - RLController - INFO -   Example: junction A1 -> durations [24, 22, 22, 22] (total: 90s)
2026-09-23 17:01:44,702 - RLController - INFO -   Example: junction A2 -> durations [12, 12, 54, 12] (total: 90s)
2026-09-23 17:01:44,702 - RLController - INFO -   Example: junction A4 -> durations [60, 10, 10, 10] (total: 90s)
2026-09-23 17:01:44,703 - RLController - INFO -   Example: junction A5 -> durations [24, 22, 22, 22] (total: 90s)
2026-09-23 17:01:44,703 - RLController - INFO -   Example: junction B0 -> durations [24, 22, 22, 22] (total: 90s)
2026-09-23 17:01:44,703 - RLController - INFO -   Example: junction B1 -> durations [24, 22, 22, 22] (total: 90s)
2026-09-23 17:01:44,703 - RLController - INFO -   Example: junction B2 -> durations [24, 22, 22, 22] (total: 90s)
2026-09-23 17:01:44,703 - RLController - INFO -   Example: junction B4 -> durations [24, 22, 22, 22] (total: 90s)
2026-09-23 17:01:44,703 - RLController - INFO -   Example: junction B5 -> durations [60, 10, 10, 10] (total: 90s)
2026-09-23 17:01:44,703 - RLController - INFO -   Example: junction C0 -> durations [22, 22, 24, 22] (total: 90s)
2026-09-23 17:01:44,704 - RLController - INFO -   Example: junction C1 -> durations [24, 22, 22, 22] (total: 90s)
2026-09-23 17:01:44,704 - RLController - INFO -   Example: junction C2 -> durations [57, 13, 10, 10] (total: 90s)
2026-09-23 17:01:44,704 - RLController - INFO -   Example: junction C3 -> durations [60, 10, 10, 10] (total: 90s)
2026-09-23 17:01:44,704 - RLController - INFO -   Example: junction C4 -> durations [57, 11, 11, 11] (total: 90s)
2026-09-23 17:01:44,704 - RLController - INFO -   Example: junction C5 -> durations [57, 11, 11, 11] (total: 90s)
2026-09-23 17:01:44,704 - RLController - INFO -   Example: junction D0 -> durations [24, 22, 22, 22] (total: 90s)
2026-09-23 17:01:44,704 - RLController - INFO -   Example: junction D1 -> durations [21, 21, 27, 21] (total: 90s)
2026-09-23 17:01:44,704 - RLController - INFO -   Example: junction D2 -> durations [45, 15, 15, 15] (total: 90s)
2026-09-23 17:01:44,705 - RLController - INFO -   Example: junction D3 -> durations [24, 22, 22, 22] (total: 90s)
2026-09-23 17:01:44,705 - RLController - INFO -   Example: junction D4 -> durations [24, 22, 22, 22] (total: 90s)
2026-09-23 17:01:44,705 - RLController - INFO -   Example: junction D5 -> durations [13, 13, 51, 13] (total: 90s)
2026-09-23 17:01:44,705 - RLController - INFO -   Example: junction E0 -> durations [24, 22, 22, 22] (total: 90s)
2026-09-23 17:01:44,705 - RLController - INFO -   Example: junction E1 -> durations [24, 22, 22, 22] (total: 90s)
2026-09-23 17:01:44,706 - RLController - INFO -   Stored schedules for 34 junctions, cycle starts at step 180
2026-09-23 17:01:46,086 - RLController - INFO - DIAGNOSTIC Step 270 - Observation stats:
2026-09-23 17:01:46,086 - RLController - INFO -   Hash: 2265213801265135074, Min: 0.000000, Max: 1.000000, Mean: 0.342576, Std: 0.425910
2026-09-23 17:01:46,086 - RLController - INFO -   First 10: [1.  0.  0.  0.  0.  0.5 1.  0.  0.  0. ]
2026-09-23 17:01:46,086 - RLController - INFO -   Last 10: [0.         0.2        0.         0.08333334 0.258547   0.00143201
 0.02517094 0.7470598  0.         0.3       ]
2026-09-23 17:01:46,091 - RLController - INFO - DIAGNOSTIC - Raw model action output:
2026-09-23 17:01:46,091 - RLController - INFO -   Action hash: -3189466693355282537
2026-09-23 17:01:46,092 - RLController - INFO -   First 8 values: [ -6.305101 -10.       -10.       -10.       -10.       -10.
 -10.       -10.      ]
2026-09-23 17:01:46,092 - RLController - INFO -   Last 8 values: [-10.        -10.        -10.        -10.        -10.          0.7436181
 -10.        -10.       ]
2026-09-23 17:01:46,092 - RLController - INFO -   Action shape: (136,), min: -10.000000, max: 5.365541, mean: -9.172288
2026-09-23 17:01:46,092 - RLController - INFO -   B0 junction (indices 16-19) raw values: [ -9.1208935 -10.        -10.        -10.       ]
2026-09-23 17:01:46,093 - RLController - INFO - Using CONTINUOUS DURATION-BASED mode
2026-09-23 17:01:46,093 - RLController - INFO -   Example: junction A0 -> durations [51, 13, 13, 13] (total: 90s)
2026-09-23 17:01:46,093 - RLController - INFO -   Example: junction A1 -> durations [24, 22, 22, 22] (total: 90s)
2026-09-23 17:01:46,093 - RLController - INFO -   Example: junction A2 -> durations [12, 12, 54, 12] (total: 90s)
2026-09-23 17:01:46,093 - RLController - INFO -   Example: junction A4 -> durations [60, 10, 10, 10] (total: 90s)
2026-09-23 17:01:46,093 - RLController - INFO -   Example: junction A5 -> durations [24, 22, 22, 22] (total: 90s)
2026-09-23 17:01:46,093 - RLController - INFO -   Example: junction B0 -> durations [24, 22, 22, 22] (total: 90s)
2026-09-23 17:01:46,094 - RLController - INFO -   Example: junction B1 -> durations [24, 22, 22, 22] (total: 90s)
2026-09-23 17:01:46,094 - RLController - INFO -   Example: junction B2 -> durations [24, 22, 22, 22] (total: 90s)
2026-09-23 17:01:46,094 - RLController - INFO -   Example: junction B4 -> durations [24, 22, 22, 22] (total: 90s)
2026-09-23 17:01:46,094 - RLController - INFO -   Example: junction B5 -> durations [60, 10, 10, 10] (total: 90s)
2026-09-23 17:01:46,094 - RLController - INFO -   Example: junction C0 -> durations [22, 22, 24, 22] (total: 90s)
2026-09-23 17:01:46,094 - RLController - INFO -   Example: junction C1 -> durations [24, 22, 22, 22] (total: 90s)
2026-09-23 17:01:46,095 - RLController - INFO -   Example: junction C2 -> durations [57, 13, 10, 10] (total: 90s)
2026-09-23 17:01:46,095 - RLController - INFO -   Example: junction C3 -> durations [60, 10, 10, 10] (total: 90s)
2026-09-23 17:01:46,095 - RLController - INFO -   Example: junction C4 -> durations [57, 11, 11, 11] (total: 90s)
2026-09-23 17:01:46,095 - RLController - INFO -   Example: junction C5 -> durations [57, 11, 11, 11] (total: 90s)
2026-09-23 17:01:46,095 - RLController - INFO -   Example: junction D0 -> durations [24, 22, 22, 22] (total: 90s)
2026-09-23 17:01:46,095 - RLController - INFO -   Example: junction D1 -> durations [21, 21, 27, 21] (total: 90s)
2026-09-23 17:01:46,095 - RLController - INFO -   Example: junction D2 -> durations [45, 15, 15, 15] (total: 90s)
2026-09-23 17:01:46,096 - RLController - INFO -   Example: junction D3 -> durations [24, 22, 22, 22] (total: 90s)
2026-09-23 17:01:46,096 - RLController - INFO -   Example: junction D4 -> durations [24, 22, 22, 22] (total: 90s)
2026-09-23 17:01:46,096 - RLController - INFO -   Example: junction D5 -> durations [13, 13, 51, 13] (total: 90s)
2026-09-23 17:01:46,096 - RLController - INFO -   Example: junction E0 -> durations [24, 22, 22, 22] (total: 90s)
2026-09-23 17:01:46,096 - RLController - INFO -   Example: junction E1 -> durations [24, 22, 22, 22] (total: 90s)
2026-09-23 17:01:46,097 - RLController - INFO -   Stored schedules for 34 junctions, cycle starts at step 270
2026-09-23 17:01:47,461 - RLController - INFO - DIAGNOSTIC Step 360 - Observation stats:
2026-09-23 17:01:47,461 - RLController - INFO -   Hash: -702482669603986494, Min: 0.000000, Max: 1.000000, Mean: 0.348864, Std: 0.429854
2026-09-23 17:01:47,462 - RLController - INFO -   First 10: [1.  0.  0.  0.  0.  0.5 1.  0.  0.  0. ]
2026-09-23 17:01:47,462 - RLController - INFO -   Last 10: [0.         0.2        0.         0.08333334 0.2735043  0.00138776
 0.0291453  0.72820646 0.         0.3       ]
2026-09-23 17:01:47,466 - RLController - INFO - DIAGNOSTIC - Raw model action output:
2026-09-23 17:01:47,466 - RLController - INFO -   Action hash: -5101051858771534863
2026-09-23 17:01:47,466 - RLController - INFO -   First 8 values: [ -6.4656825 -10.        -10.        -10.        -10.        -10.
 -10.        -10.       ]
2026-09-23 17:01:47,466 - RLController - INFO -   Last 8 values: [-10.        -10.        -10.        -10.        -10.          1.0806034
 -10.        -10.       ]
2026-09-23 17:01:47,466 - RLController - INFO -   Action shape: (136,), min: -10.000000, max: 5.659849, mean: -9.199003
2026-09-23 17:01:47,467 - RLController - INFO -   B0 junction (indices 16-19) raw values: [ -9.323653 -10.       -10.       -10.      ]
2026-09-23 17:01:47,467 - RLController - INFO - Using CONTINUOUS DURATION-BASED mode
2026-09-23 17:01:47,467 - RLController - INFO -   Example: junction A0 -> durations [51, 13, 13, 13] (total: 90s)
2026-09-23 17:01:47,467 - RLController - INFO -   Example: junction A1 -> durations [24, 22, 22, 22] (total: 90s)
2026-09-23 17:01:47,467 - RLController - INFO -   Example: junction A2 -> durations [12, 12, 54, 12] (total: 90s)
2026-09-23 17:01:47,468 - RLController - INFO -   Example: junction A4 -> durations [60, 10, 10, 10] (total: 90s)
2026-09-23 17:01:47,468 - RLController - INFO -   Example: junction A5 -> durations [24, 22, 22, 22] (total: 90s)
2026-09-23 17:01:47,468 - RLController - INFO -   Example: junction B0 -> durations [24, 22, 22, 22] (total: 90s)
2026-09-23 17:01:47,468 - RLController - INFO -   Example: junction B1 -> durations [24, 22, 22, 22] (total: 90s)
2026-09-23 17:01:47,468 - RLController - INFO -   Example: junction B2 -> durations [24, 22, 22, 22] (total: 90s)
2026-09-23 17:01:47,468 - RLController - INFO -   Example: junction B4 -> durations [24, 22, 22, 22] (total: 90s)
2026-09-23 17:01:47,468 - RLController - INFO -   Example: junction B5 -> durations [60, 10, 10, 10] (total: 90s)
2026-09-23 17:01:47,469 - RLController - INFO -   Example: junction C0 -> durations [22, 22, 24, 22] (total: 90s)
2026-09-23 17:01:47,469 - RLController - INFO -   Example: junction C1 -> durations [24, 22, 22, 22] (total: 90s)
2026-09-23 17:01:47,469 - RLController - INFO -   Example: junction C2 -> durations [57, 13, 10, 10] (total: 90s)
2026-09-23 17:01:47,469 - RLController - INFO -   Example: junction C3 -> durations [60, 10, 10, 10] (total: 90s)
2026-09-23 17:01:47,469 - RLController - INFO -   Example: junction C4 -> durations [57, 11, 11, 11] (total: 90s)
2026-09-23 17:01:47,469 - RLController - INFO -   Example: junction C5 -> durations [57, 11, 11, 11] (total: 90s)
2026-09-23 17:01:47,469 - RLController - INFO -   Example: junction D0 -> durations [24, 22, 22, 22] (total: 90s)
2026-09-23 17:01:47,470 - RLController - INFO -   Example: junction D1 -> durations [21, 21, 27, 21] (total: 90s)
2026-09-23 17:01:47,470 - RLController - INFO -   Example: junction D2 -> durations [45, 15, 15, 15] (total: 90s)
2026-09-23 17:01:47,470 - RLController - INFO -   Example: junction D3 -> durations [24, 22, 22, 22] (total: 90s)
2026-09-23 17:01:47,470 - RLController - INFO -   Example: junction D4 -> durations [24, 22, 22, 22] (total: 90s)
2026-09-23 17:01:47,470 - RLController - INFO -   Example: junction D5 -> durations [13, 13, 51, 13] (total: 90s)
2026-09-23 17:01:47,470 - RLController - INFO -   Example: junction E0 -> durations [24, 22, 22, 22] (total: 90s)
2026-09-23 17:01:47,470 - RLController - INFO -   Example: junction E1 -> durations [24, 22, 22, 22] (total: 90s)
2026-09-23 17:01:47,471 - RLController - INFO -   Stored schedules for 34 junctions, cycle starts at step 360
2026-09-23 17:01:49,045 - RLController - INFO - DIAGNOSTIC Step 450 - Observation stats:
2026-09-23 17:01:49,045 - RLController - INFO -   Hash: -7027647607406956933, Min: 0.000000, Max: 1.000000, Mean: 0.357632, Std: 0.432836
2026-09-23 17:01:49,045 - RLController - INFO -   First 10: [1.  0.  0.  0.  0.  0.5 1.  0.  0.  0. ]
2026-09-23 17:01:49,045 - RLController - INFO -   Last 10: [0.         0.2        0.         0.08333334 0.2820513  0.00157524
 0.03230769 0.72018665 0.         0.3       ]
2026-09-23 17:01:49,049 - RLController - INFO - DIAGNOSTIC - Raw model action output:
2026-09-23 17:01:49,049 - RLController - INFO -   Action hash: 1406716772376322491
2026-09-23 17:01:49,049 - RLController - INFO -   First 8 values: [ -6.5811596 -10.        -10.        -10.        -10.        -10.
 -10.        -10.       ]
2026-09-23 17:01:49,049 - RLController - INFO -   Last 8 values: [-10.        -10.        -10.        -10.        -10.          1.3302367
 -10.        -10.       ]
2026-09-23 17:01:49,049 - RLController - INFO -   Action shape: (136,), min: -10.000000, max: 5.358099, mean: -9.204918
2026-09-23 17:01:49,050 - RLController - INFO -   B0 junction (indices 16-19) raw values: [ -9.656425 -10.       -10.       -10.      ]
2026-09-23 17:01:49,050 - RLController - INFO - Using CONTINUOUS DURATION-BASED mode
2026-09-23 17:01:49,050 - RLController - INFO -   Example: junction A0 -> durations [51, 13, 13, 13] (total: 90s)
2026-09-23 17:01:49,050 - RLController - INFO -   Example: junction A1 -> durations [24, 22, 22, 22] (total: 90s)
2026-09-23 17:01:49,050 - RLController - INFO -   Example: junction A2 -> durations [12, 12, 54, 12] (total: 90s)
2026-09-23 17:01:49,050 - RLController - INFO -   Example: junction A4 -> durations [60, 10, 10, 10] (total: 90s)
2026-09-23 17:01:49,050 - RLController - INFO -   Example: junction A5 -> durations [24, 22, 22, 22] (total: 90s)
2026-09-23 17:01:49,051 - RLController - INFO -   Example: junction B0 -> durations [24, 22, 22, 22] (total: 90s)
2026-09-23 17:01:49,051 - RLController - INFO -   Example: junction B1 -> durations [24, 22, 22, 22] (total: 90s)
2026-09-23 17:01:49,051 - RLController - INFO -   Example: junction B2 -> durations [24, 22, 22, 22] (total: 90s)
2026-09-23 17:01:49,051 - RLController - INFO -   Example: junction B4 -> durations [24, 22, 22, 22] (total: 90s)
2026-09-23 17:01:49,051 - RLController - INFO -   Example: junction B5 -> durations [60, 10, 10, 10] (total: 90s)
2026-09-23 17:01:49,051 - RLController - INFO -   Example: junction C0 -> durations [22, 22, 24, 22] (total: 90s)
2026-09-23 17:01:49,051 - RLController - INFO -   Example: junction C1 -> durations [24, 22, 22, 22] (total: 90s)
2026-09-23 17:01:49,052 - RLController - INFO -   Example: junction C2 -> durations [57, 13, 10, 10] (total: 90s)
2026-09-23 17:01:49,052 - RLController - INFO -   Example: junction C3 -> durations [60, 10, 10, 10] (total: 90s)
2026-09-23 17:01:49,052 - RLController - INFO -   Example: junction C4 -> durations [57, 11, 11, 11] (total: 90s)
2026-09-23 17:01:49,052 - RLController - INFO -   Example: junction C5 -> durations [57, 11, 11, 11] (total: 90s)
2026-09-23 17:01:49,052 - RLController - INFO -   Example: junction D0 -> durations [24, 22, 22, 22] (total: 90s)
2026-09-23 17:01:49,052 - RLController - INFO -   Example: junction D1 -> durations [21, 21, 27, 21] (total: 90s)
2026-09-23 17:01:49,052 - RLController - INFO -   Example: junction D2 -> durations [45, 15, 15, 15] (total: 90s)
2026-09-23 17:01:49,053 - RLController - INFO -   Example: junction D3 -> durations [24, 22, 22, 22] (total: 90s)
2026-09-23 17:01:49,053 - RLController - INFO -   Example: junction D4 -> durations [24, 22, 22, 22] (total: 90s)
2026-09-23 17:01:49,053 - RLController - INFO -   Example: junction D5 -> durations [13, 13, 51, 13] (total: 90s)
2026-09-23 17:01:49,053 - RLController - INFO -   Example: junction E0 -> durations [24, 22, 22, 22] (total: 90s)
2026-09-23 17:01:49,053 - RLController - INFO -   Example: junction E1 -> durations [24, 22, 22, 22] (total: 90s)
2026-09-23 17:01:49,054 - RLController - INFO -   Stored schedules for 34 junctions, cycle starts at step 450
2026-09-23 17:01:50,313 - RLController - INFO - DIAGNOSTIC Step 540 - Observation stats:
2026-09-23 17:01:50,313 - RLController - INFO -   Hash: -419777186255919403, Min: 0.000000, Max: 1.000000, Mean: 0.365766, Std: 0.434700
2026-09-23 17:01:50,314 - RLController - INFO -   First 10: [1.  0.  0.  0.  0.  0.5 1.  0.  0.  0. ]
2026-09-23 17:01:50,314 - RLController - INFO -   Last 10: [0.         0.2        0.         0.08333334 0.31196582 0.00158556
 0.03465812 0.6862746  0.         0.3       ]
2026-09-23 17:01:50,317 - RLController - INFO - DIAGNOSTIC - Raw model action output:
2026-09-23 17:01:50,317 - RLController - INFO -   Action hash: 7211999537117655433
2026-09-23 17:01:50,318 - RLController - INFO -   First 8 values: [ -6.9366555 -10.        -10.        -10.        -10.        -10.
 -10.        -10.       ]
2026-09-23 17:01:50,318 - RLController - INFO -   Last 8 values: [-10.        -10.        -10.        -10.        -10.         -0.1615357
 -10.        -10.       ]
2026-09-23 17:01:50,318 - RLController - INFO -   Action shape: (136,), min: -10.000000, max: 5.449027, mean: -9.222178
2026-09-23 17:01:50,318 - RLController - INFO -   B0 junction (indices 16-19) raw values: [ -9.409874 -10.       -10.       -10.      ]
2026-09-23 17:01:50,318 - RLController - INFO - Using CONTINUOUS DURATION-BASED mode
2026-09-23 17:01:50,318 - RLController - INFO -   Example: junction A0 -> durations [51, 13, 13, 13] (total: 90s)
2026-09-23 17:01:50,318 - RLController - INFO -   Example: junction A1 -> durations [24, 22, 22, 22] (total: 90s)
2026-09-23 17:01:50,319 - RLController - INFO -   Example: junction A2 -> durations [12, 12, 54, 12] (total: 90s)
2026-09-23 17:01:50,319 - RLController - INFO -   Example: junction A4 -> durations [60, 10, 10, 10] (total: 90s)
2026-09-23 17:01:50,319 - RLController - INFO -   Example: junction A5 -> durations [24, 22, 22, 22] (total: 90s)
2026-09-23 17:01:50,319 - RLController - INFO -   Example: junction B0 -> durations [24, 22, 22, 22] (total: 90s)
2026-09-23 17:01:50,319 - RLController - INFO -   Example: junction B1 -> durations [24, 22, 22, 22] (total: 90s)
2026-09-23 17:01:50,319 - RLController - INFO -   Example: junction B2 -> durations [24, 22, 22, 22] (total: 90s)
2026-09-23 17:01:50,319 - RLController - INFO -   Example: junction B4 -> durations [24, 22, 22, 22] (total: 90s)
2026-09-23 17:01:50,319 - RLController - INFO -   Example: junction B5 -> durations [60, 10, 10, 10] (total: 90s)
2026-09-23 17:01:50,319 - RLController - INFO -   Example: junction C0 -> durations [22, 22, 24, 22] (total: 90s)
2026-09-23 17:01:50,319 - RLController - INFO -   Example: junction C1 -> durations [24, 22, 22, 22] (total: 90s)
2026-09-23 17:01:50,320 - RLController - INFO -   Example: junction C2 -> durations [57, 13, 10, 10] (total: 90s)
2026-09-23 17:01:50,320 - RLController - INFO -   Example: junction C3 -> durations [60, 10, 10, 10] (total: 90s)
2026-09-23 17:01:50,320 - RLController - INFO -   Example: junction C4 -> durations [57, 11, 11, 11] (total: 90s)
2026-09-23 17:01:50,320 - RLController - INFO -   Example: junction C5 -> durations [57, 11, 11, 11] (total: 90s)
2026-09-23 17:01:50,320 - RLController - INFO -   Example: junction D0 -> durations [24, 22, 22, 22] (total: 90s)
2026-09-23 17:01:50,320 - RLController - INFO -   Example: junction D1 -> durations [21, 21, 27, 21] (total: 90s)
2026-09-23 17:01:50,320 - RLController - INFO -   Example: junction D2 -> durations [45, 15, 15, 15] (total: 90s)
2026-09-23 17:01:50,320 - RLController - INFO -   Example: junction D3 -> durations [24, 22, 22, 22] (total: 90s)
2026-09-23 17:01:50,320 - RLController - INFO -   Example: junction D4 -> durations [24, 22, 22, 22] (total: 90s)
2026-09-23 17:01:50,320 - RLController - INFO -   Example: junction D5 -> durations [13, 13, 51, 13] (total: 90s)
2026-09-23 17:01:50,321 - RLController - INFO -   Example: junction E0 -> durations [24, 22, 22, 22] (total: 90s)
2026-09-23 17:01:50,321 - RLController - INFO -   Example: junction E1 -> durations [24, 22, 22, 22] (total: 90s)
2026-09-23 17:01:50,321 - RLController - INFO -   Stored schedules for 34 junctions, cycle starts at step 540
2026-09-23 17:01:52,213 - RLController - INFO - DIAGNOSTIC Step 630 - Observation stats:
2026-09-23 17:01:52,216 - RLController - INFO -   Hash: -233593260662083884, Min: 0.000000, Max: 1.000000, Mean: 0.371351, Std: 0.437760
2026-09-23 17:01:52,216 - RLController - INFO -   First 10: [1.  0.  0.  0.  0.  0.5 1.  0.  0.  0. ]
2026-09-23 17:01:52,217 - RLController - INFO -   Last 10: [0.         0.2        0.         0.08333334 0.31837606 0.00184876
 0.03807692 0.6837571  0.         0.3       ]
2026-09-23 17:01:52,224 - RLController - INFO - DIAGNOSTIC - Raw model action output:
2026-09-23 17:01:52,224 - RLController - INFO -   Action hash: 5899579394844860872
2026-09-23 17:01:52,224 - RLController - INFO -   First 8 values: [ -7.2256985 -10.        -10.        -10.        -10.        -10.
 -10.        -10.       ]
2026-09-23 17:01:52,225 - RLController - INFO -   Last 8 values: [-10.        -10.        -10.        -10.        -10.          0.3361669
 -10.        -10.       ]
2026-09-23 17:01:52,225 - RLController - INFO -   Action shape: (136,), min: -10.000000, max: 5.495275, mean: -9.221596
2026-09-23 17:01:52,225 - RLController - INFO -   B0 junction (indices 16-19) raw values: [ -9.716856 -10.       -10.       -10.      ]
2026-09-23 17:01:52,225 - RLController - INFO - Using CONTINUOUS DURATION-BASED mode
2026-09-23 17:01:52,225 - RLController - INFO -   Example: junction A0 -> durations [51, 13, 13, 13] (total: 90s)
2026-09-23 17:01:52,225 - RLController - INFO -   Example: junction A1 -> durations [24, 22, 22, 22] (total: 90s)
2026-09-23 17:01:52,226 - RLController - INFO -   Example: junction A2 -> durations [12, 12, 54, 12] (total: 90s)
2026-09-23 17:01:52,226 - RLController - INFO -   Example: junction A4 -> durations [60, 10, 10, 10] (total: 90s)
2026-09-23 17:01:52,226 - RLController - INFO -   Example: junction A5 -> durations [24, 22, 22, 22] (total: 90s)
2026-09-23 17:01:52,226 - RLController - INFO -   Example: junction B0 -> durations [24, 22, 22, 22] (total: 90s)
2026-09-23 17:01:52,226 - RLController - INFO -   Example: junction B1 -> durations [24, 22, 22, 22] (total: 90s)
2026-09-23 17:01:52,226 - RLController - INFO -   Example: junction B2 -> durations [24, 22, 22, 22] (total: 90s)
2026-09-23 17:01:52,227 - RLController - INFO -   Example: junction B4 -> durations [24, 22, 22, 22] (total: 90s)
2026-09-23 17:01:52,227 - RLController - INFO -   Example: junction B5 -> durations [60, 10, 10, 10] (total: 90s)
2026-09-23 17:01:52,227 - RLController - INFO -   Example: junction C0 -> durations [22, 22, 24, 22] (total: 90s)
2026-09-23 17:01:52,227 - RLController - INFO -   Example: junction C1 -> durations [24, 22, 22, 22] (total: 90s)
2026-09-23 17:01:52,227 - RLController - INFO -   Example: junction C2 -> durations [57, 13, 10, 10] (total: 90s)
2026-09-23 17:01:52,228 - RLController - INFO -   Example: junction C3 -> durations [60, 10, 10, 10] (total: 90s)
2026-09-23 17:01:52,228 - RLController - INFO -   Example: junction C4 -> durations [57, 11, 11, 11] (total: 90s)
2026-09-23 17:01:52,228 - RLController - INFO -   Example: junction C5 -> durations [57, 11, 11, 11] (total: 90s)
2026-09-23 17:01:52,228 - RLController - INFO -   Example: junction D0 -> durations [24, 22, 22, 22] (total: 90s)
2026-09-23 17:01:52,228 - RLController - INFO -   Example: junction D1 -> durations [21, 21, 27, 21] (total: 90s)
2026-09-23 17:01:52,228 - RLController - INFO -   Example: junction D2 -> durations [45, 15, 15, 15] (total: 90s)
2026-09-23 17:01:52,229 - RLController - INFO -   Example: junction D3 -> durations [24, 22, 22, 22] (total: 90s)
2026-09-23 17:01:52,229 - RLController - INFO -   Example: junction D4 -> durations [24, 22, 22, 22] (total: 90s)
2026-09-23 17:01:52,229 - RLController - INFO -   Example: junction D5 -> durations [13, 13, 51, 13] (total: 90s)
2026-09-23 17:01:52,229 - RLController - INFO -   Example: junction E0 -> durations [24, 22, 22, 22] (total: 90s)
2026-09-23 17:01:52,229 - RLController - INFO -   Example: junction E1 -> durations [24, 22, 22, 22] (total: 90s)
2026-09-23 17:01:52,230 - RLController - INFO -   Stored schedules for 34 junctions, cycle starts at step 630
2026-09-23 17:01:53,950 - RLController - INFO - DIAGNOSTIC Step 720 - Observation stats:
2026-09-23 17:01:53,950 - RLController - INFO -   Hash: 1753093749091488816, Min: 0.000000, Max: 1.000000, Mean: 0.367858, Std: 0.434558
2026-09-23 17:01:53,950 - RLController - INFO -   First 10: [1.  0.  0.  0.  0.  0.5 1.  0.  0.  0. ]
2026-09-23 17:01:53,951 - RLController - INFO -   Last 10: [0.         0.2        0.         0.08333334 0.32264957 0.00227591
 0.04004274 0.6855414  0.         0.3       ]
2026-09-23 17:01:53,957 - RLController - INFO - DIAGNOSTIC - Raw model action output:
2026-09-23 17:01:53,957 - RLController - INFO -   Action hash: -1152710127653767941
2026-09-23 17:01:53,958 - RLController - INFO -   First 8 values: [ -6.7555547 -10.        -10.        -10.        -10.        -10.
 -10.        -10.       ]
2026-09-23 17:01:53,958 - RLController - INFO -   Last 8 values: [-10.         -10.         -10.         -10.         -10.
   0.37074307 -10.         -10.        ]
2026-09-23 17:01:53,958 - RLController - INFO -   Action shape: (136,), min: -10.000000, max: 5.174912, mean: -9.210901
2026-09-23 17:01:53,958 - RLController - INFO -   B0 junction (indices 16-19) raw values: [ -9.868735 -10.       -10.       -10.      ]
2026-09-23 17:01:53,958 - RLController - INFO - Using CONTINUOUS DURATION-BASED mode
2026-09-23 17:01:53,959 - RLController - INFO -   Example: junction A0 -> durations [51, 13, 13, 13] (total: 90s)
2026-09-23 17:01:53,959 - RLController - INFO -   Example: junction A1 -> durations [24, 22, 22, 22] (total: 90s)
2026-09-23 17:01:53,959 - RLController - INFO -   Example: junction A2 -> durations [12, 12, 54, 12] (total: 90s)
2026-09-23 17:01:53,959 - RLController - INFO -   Example: junction A4 -> durations [60, 10, 10, 10] (total: 90s)
2026-09-23 17:01:53,959 - RLController - INFO -   Example: junction A5 -> durations [24, 22, 22, 22] (total: 90s)
2026-09-23 17:01:53,959 - RLController - INFO -   Example: junction B0 -> durations [24, 22, 22, 22] (total: 90s)
2026-09-23 17:01:53,959 - RLController - INFO -   Example: junction B1 -> durations [24, 22, 22, 22] (total: 90s)
2026-09-23 17:01:53,960 - RLController - INFO -   Example: junction B2 -> durations [24, 22, 22, 22] (total: 90s)
2026-09-23 17:01:53,960 - RLController - INFO -   Example: junction B4 -> durations [24, 22, 22, 22] (total: 90s)
2026-09-23 17:01:53,960 - RLController - INFO -   Example: junction B5 -> durations [60, 10, 10, 10] (total: 90s)
2026-09-23 17:01:53,960 - RLController - INFO -   Example: junction C0 -> durations [22, 22, 24, 22] (total: 90s)
2026-09-23 17:01:53,960 - RLController - INFO -   Example: junction C1 -> durations [24, 22, 22, 22] (total: 90s)
2026-09-23 17:01:53,960 - RLController - INFO -   Example: junction C2 -> durations [57, 13, 10, 10] (total: 90s)
2026-09-23 17:01:53,960 - RLController - INFO -   Example: junction C3 -> durations [60, 10, 10, 10] (total: 90s)
2026-09-23 17:01:53,961 - RLController - INFO -   Example: junction C4 -> durations [57, 11, 11, 11] (total: 90s)
2026-09-23 17:01:53,961 - RLController - INFO -   Example: junction C5 -> durations [57, 11, 11, 11] (total: 90s)
2026-09-23 17:01:53,961 - RLController - INFO -   Example: junction D0 -> durations [24, 22, 22, 22] (total: 90s)
2026-09-23 17:01:53,961 - RLController - INFO -   Example: junction D1 -> durations [21, 21, 27, 21] (total: 90s)
2026-09-23 17:01:53,961 - RLController - INFO -   Example: junction D2 -> durations [45, 15, 15, 15] (total: 90s)
2026-09-23 17:01:53,961 - RLController - INFO -   Example: junction D3 -> durations [24, 22, 22, 22] (total: 90s)
2026-09-23 17:01:53,961 - RLController - INFO -   Example: junction D4 -> durations [24, 22, 22, 22] (total: 90s)
2026-09-23 17:01:53,962 - RLController - INFO -   Example: junction D5 -> durations [13, 13, 51, 13] (total: 90s)
2026-09-23 17:01:53,962 - RLController - INFO -   Example: junction E0 -> durations [24, 22, 22, 22] (total: 90s)
2026-09-23 17:01:53,962 - RLController - INFO -   Example: junction E1 -> durations [24, 22, 22, 22] (total: 90s)
2026-09-23 17:01:53,963 - RLController - INFO -   Stored schedules for 34 junctions, cycle starts at step 720
2026-09-23 17:01:56,106 - RLController - INFO - DIAGNOSTIC Step 810 - Observation stats:
2026-09-23 17:01:56,106 - RLController - INFO -   Hash: 1513957368475063369, Min: 0.000000, Max: 1.000002, Mean: 0.374146, Std: 0.440629
2026-09-23 17:01:56,107 - RLController - INFO -   First 10: [1.  0.  0.  0.  0.  0.5 1.  0.  0.  0. ]
2026-09-23 17:01:56,107 - RLController - INFO -   Last 10: [0.         0.2        0.         0.08333334 0.33119658 0.0017884
 0.04115384 0.6720523  0.         0.3       ]
2026-09-23 17:01:56,114 - RLController - INFO - DIAGNOSTIC - Raw model action output:
2026-09-23 17:01:56,114 - RLController - INFO -   Action hash: 3399463951963741667
2026-09-23 17:01:56,115 - RLController - INFO -   First 8 values: [ -6.6747813 -10.        -10.        -10.        -10.        -10.
 -10.        -10.       ]
2026-09-23 17:01:56,115 - RLController - INFO -   Last 8 values: [-10.        -10.        -10.        -10.        -10.          0.5370801
 -10.        -10.       ]
2026-09-23 17:01:56,115 - RLController - INFO -   Action shape: (136,), min: -10.000000, max: 6.066000, mean: -9.188762
2026-09-23 17:01:56,116 - RLController - INFO -   B0 junction (indices 16-19) raw values: [ -9.68789 -10.      -10.      -10.     ]
2026-09-23 17:01:56,116 - RLController - INFO - Using CONTINUOUS DURATION-BASED mode
2026-09-23 17:01:56,116 - RLController - INFO -   Example: junction A0 -> durations [51, 13, 13, 13] (total: 90s)
2026-09-23 17:01:56,116 - RLController - INFO -   Example: junction A1 -> durations [24, 22, 22, 22] (total: 90s)
2026-09-23 17:01:56,116 - RLController - INFO -   Example: junction A2 -> durations [12, 12, 54, 12] (total: 90s)
2026-09-23 17:01:56,116 - RLController - INFO -   Example: junction A4 -> durations [60, 10, 10, 10] (total: 90s)
2026-09-23 17:01:56,117 - RLController - INFO -   Example: junction A5 -> durations [24, 22, 22, 22] (total: 90s)
2026-09-23 17:01:56,117 - RLController - INFO -   Example: junction B0 -> durations [24, 22, 22, 22] (total: 90s)
2026-09-23 17:01:56,117 - RLController - INFO -   Example: junction B1 -> durations [24, 22, 22, 22] (total: 90s)
2026-09-23 17:01:56,117 - RLController - INFO -   Example: junction B2 -> durations [24, 22, 22, 22] (total: 90s)
2026-09-23 17:01:56,117 - RLController - INFO -   Example: junction B4 -> durations [24, 22, 22, 22] (total: 90s)
2026-09-23 17:01:56,118 - RLController - INFO -   Example: junction B5 -> durations [60, 10, 10, 10] (total: 90s)
2026-09-23 17:01:56,118 - RLController - INFO -   Example: junction C0 -> durations [22, 22, 24, 22] (total: 90s)
2026-09-23 17:01:56,118 - RLController - INFO -   Example: junction C1 -> durations [24, 22, 22, 22] (total: 90s)
2026-09-23 17:01:56,118 - RLController - INFO -   Example: junction C2 -> durations [57, 13, 10, 10] (total: 90s)
2026-09-23 17:01:56,118 - RLController - INFO -   Example: junction C3 -> durations [60, 10, 10, 10] (total: 90s)
2026-09-23 17:01:56,119 - RLController - INFO -   Example: junction C4 -> durations [57, 11, 11, 11] (total: 90s)
2026-09-23 17:01:56,119 - RLController - INFO -   Example: junction C5 -> durations [57, 11, 11, 11] (total: 90s)
2026-09-23 17:01:56,119 - RLController - INFO -   Example: junction D0 -> durations [24, 22, 22, 22] (total: 90s)
2026-09-23 17:01:56,119 - RLController - INFO -   Example: junction D1 -> durations [21, 21, 27, 21] (total: 90s)
2026-09-23 17:01:56,119 - RLController - INFO -   Example: junction D2 -> durations [45, 15, 15, 15] (total: 90s)
2026-09-23 17:01:56,119 - RLController - INFO -   Example: junction D3 -> durations [24, 22, 22, 22] (total: 90s)
2026-09-23 17:01:56,120 - RLController - INFO -   Example: junction D4 -> durations [24, 22, 22, 22] (total: 90s)
2026-09-23 17:01:56,120 - RLController - INFO -   Example: junction D5 -> durations [13, 13, 51, 13] (total: 90s)
2026-09-23 17:01:56,120 - RLController - INFO -   Example: junction E0 -> durations [24, 22, 22, 22] (total: 90s)
2026-09-23 17:01:56,120 - RLController - INFO -   Example: junction E1 -> durations [24, 22, 22, 22] (total: 90s)
2026-09-23 17:01:56,121 - RLController - INFO -   Stored schedules for 34 junctions, cycle starts at step 810
2026-09-23 17:01:57,835 - RLController - INFO - DIAGNOSTIC Step 900 - Observation stats:
2026-09-23 17:01:57,836 - RLController - INFO -   Hash: -4510118220860575739, Min: 0.000000, Max: 1.000000, Mean: 0.379055, Std: 0.439514
2026-09-23 17:01:57,837 - RLController - INFO -   First 10: [1.  0.  0.  0.  0.  0.5 1.  0.  0.  0. ]
2026-09-23 17:01:57,837 - RLController - INFO -   Last 10: [0.         0.2        0.         0.08333334 0.3482906  0.00217489
 0.04380342 0.65487367 0.         0.3       ]
2026-09-23 17:01:57,843 - RLController - INFO - DIAGNOSTIC - Raw model action output:
2026-09-23 17:01:57,843 - RLController - INFO -   Action hash: 639583837237603022
2026-09-23 17:01:57,843 - RLController - INFO -   First 8 values: [ -6.7184496 -10.        -10.        -10.        -10.        -10.
 -10.        -10.       ]
2026-09-23 17:01:57,844 - RLController - INFO -   Last 8 values: [-10.         -10.         -10.         -10.         -10.
  -0.24506064 -10.         -10.        ]
2026-09-23 17:01:57,844 - RLController - INFO -   Action shape: (136,), min: -10.000000, max: 5.357456, mean: -9.183872
2026-09-23 17:01:57,844 - RLController - INFO -   B0 junction (indices 16-19) raw values: [ -9.490433 -10.       -10.       -10.      ]
2026-09-23 17:01:57,844 - RLController - INFO - Using CONTINUOUS DURATION-BASED mode
2026-09-23 17:01:57,844 - RLController - INFO -   Example: junction A0 -> durations [51, 13, 13, 13] (total: 90s)
2026-09-23 17:01:57,844 - RLController - INFO -   Example: junction A1 -> durations [24, 22, 22, 22] (total: 90s)
2026-09-23 17:01:57,845 - RLController - INFO -   Example: junction A2 -> durations [12, 12, 54, 12] (total: 90s)
2026-09-23 17:01:57,845 - RLController - INFO -   Example: junction A4 -> durations [60, 10, 10, 10] (total: 90s)
2026-09-23 17:01:57,845 - RLController - INFO -   Example: junction A5 -> durations [24, 22, 22, 22] (total: 90s)
2026-09-23 17:01:57,845 - RLController - INFO -   Example: junction B0 -> durations [24, 22, 22, 22] (total: 90s)
2026-09-23 17:01:57,845 - RLController - INFO -   Example: junction B1 -> durations [24, 22, 22, 22] (total: 90s)
2026-09-23 17:01:57,845 - RLController - INFO -   Example: junction B2 -> durations [24, 22, 22, 22] (total: 90s)
2026-09-23 17:01:57,845 - RLController - INFO -   Example: junction B4 -> durations [24, 22, 22, 22] (total: 90s)
2026-09-23 17:01:57,846 - RLController - INFO -   Example: junction B5 -> durations [60, 10, 10, 10] (total: 90s)
2026-09-23 17:01:57,846 - RLController - INFO -   Example: junction C0 -> durations [22, 22, 24, 22] (total: 90s)
2026-09-23 17:01:57,846 - RLController - INFO -   Example: junction C1 -> durations [24, 22, 22, 22] (total: 90s)
2026-09-23 17:01:57,846 - RLController - INFO -   Example: junction C2 -> durations [57, 13, 10, 10] (total: 90s)
2026-09-23 17:01:57,846 - RLController - INFO -   Example: junction C3 -> durations [60, 10, 10, 10] (total: 90s)
2026-09-23 17:01:57,846 - RLController - INFO -   Example: junction C4 -> durations [57, 11, 11, 11] (total: 90s)
2026-09-23 17:01:57,846 - RLController - INFO -   Example: junction C5 -> durations [57, 11, 11, 11] (total: 90s)
2026-09-23 17:01:57,847 - RLController - INFO -   Example: junction D0 -> durations [24, 22, 22, 22] (total: 90s)
2026-09-23 17:01:57,847 - RLController - INFO -   Example: junction D1 -> durations [21, 21, 27, 21] (total: 90s)
2026-09-23 17:01:57,847 - RLController - INFO -   Example: junction D2 -> durations [45, 15, 15, 15] (total: 90s)
2026-09-23 17:01:57,847 - RLController - INFO -   Example: junction D3 -> durations [24, 22, 22, 22] (total: 90s)
2026-09-23 17:01:57,847 - RLController - INFO -   Example: junction D4 -> durations [24, 22, 22, 22] (total: 90s)
2026-09-23 17:01:57,847 - RLController - INFO -   Example: junction D5 -> durations [13, 13, 51, 13] (total: 90s)
2026-09-23 17:01:57,847 - RLController - INFO -   Example: junction E0 -> durations [24, 22, 22, 22] (total: 90s)
2026-09-23 17:01:57,848 - RLController - INFO -   Example: junction E1 -> durations [24, 22, 22, 22] (total: 90s)
2026-09-23 17:01:57,848 - RLController - INFO -   Stored schedules for 34 junctions, cycle starts at step 900
2026-09-23 17:01:59,535 - RLController - INFO - DIAGNOSTIC Step 990 - Observation stats:
2026-09-23 17:01:59,535 - RLController - INFO -   Hash: -3831874088522786196, Min: 0.000000, Max: 1.000000, Mean: 0.378471, Std: 0.440393
2026-09-23 17:01:59,536 - RLController - INFO -   First 10: [1.  0.  0.  0.  0.  0.5 1.  0.  0.  0. ]
2026-09-23 17:01:59,536 - RLController - INFO -   Last 10: [0.         0.2        0.         0.08333334 0.33760685 0.00238609
 0.04542735 0.67018604 0.         0.3       ]
2026-09-23 17:01:59,540 - RLController - INFO - DIAGNOSTIC - Raw model action output:
2026-09-23 17:01:59,540 - RLController - INFO -   Action hash: -4789590567599567709
2026-09-23 17:01:59,540 - RLController - INFO -   First 8 values: [ -6.8403697 -10.        -10.        -10.        -10.        -10.
 -10.        -10.       ]
2026-09-23 17:01:59,541 - RLController - INFO -   Last 8 values: [-10.        -10.        -10.        -10.        -10.          1.2623436
 -10.        -10.       ]
2026-09-23 17:01:59,541 - RLController - INFO -   Action shape: (136,), min: -10.000000, max: 4.998625, mean: -9.215279
2026-09-23 17:01:59,541 - RLController - INFO -   B0 junction (indices 16-19) raw values: [ -9.875981 -10.       -10.       -10.      ]
2026-09-23 17:01:59,541 - RLController - INFO - Using CONTINUOUS DURATION-BASED mode
2026-09-23 17:01:59,541 - RLController - INFO -   Example: junction A0 -> durations [51, 13, 13, 13] (total: 90s)
2026-09-23 17:01:59,542 - RLController - INFO -   Example: junction A1 -> durations [24, 22, 22, 22] (total: 90s)
2026-09-23 17:01:59,542 - RLController - INFO -   Example: junction A2 -> durations [12, 12, 54, 12] (total: 90s)
2026-09-23 17:01:59,542 - RLController - INFO -   Example: junction A4 -> durations [60, 10, 10, 10] (total: 90s)
2026-09-23 17:01:59,542 - RLController - INFO -   Example: junction A5 -> durations [24, 22, 22, 22] (total: 90s)
2026-09-23 17:01:59,542 - RLController - INFO -   Example: junction B0 -> durations [24, 22, 22, 22] (total: 90s)
2026-09-23 17:01:59,542 - RLController - INFO -   Example: junction B1 -> durations [24, 22, 22, 22] (total: 90s)
2026-09-23 17:01:59,543 - RLController - INFO -   Example: junction B2 -> durations [24, 22, 22, 22] (total: 90s)
2026-09-23 17:01:59,543 - RLController - INFO -   Example: junction B4 -> durations [24, 22, 22, 22] (total: 90s)
2026-09-23 17:01:59,543 - RLController - INFO -   Example: junction B5 -> durations [60, 10, 10, 10] (total: 90s)
2026-09-23 17:01:59,543 - RLController - INFO -   Example: junction C0 -> durations [22, 22, 24, 22] (total: 90s)
2026-09-23 17:01:59,543 - RLController - INFO -   Example: junction C1 -> durations [24, 22, 22, 22] (total: 90s)
2026-09-23 17:01:59,543 - RLController - INFO -   Example: junction C2 -> durations [57, 13, 10, 10] (total: 90s)
2026-09-23 17:01:59,544 - RLController - INFO -   Example: junction C3 -> durations [60, 10, 10, 10] (total: 90s)
2026-09-23 17:01:59,544 - RLController - INFO -   Example: junction C4 -> durations [57, 11, 11, 11] (total: 90s)
2026-09-23 17:01:59,544 - RLController - INFO -   Example: junction C5 -> durations [57, 11, 11, 11] (total: 90s)
2026-09-23 17:01:59,544 - RLController - INFO -   Example: junction D0 -> durations [24, 22, 22, 22] (total: 90s)
2026-09-23 17:01:59,544 - RLController - INFO -   Example: junction D1 -> durations [21, 21, 27, 21] (total: 90s)
2026-09-23 17:01:59,545 - RLController - INFO -   Example: junction D2 -> durations [45, 15, 15, 15] (total: 90s)
2026-09-23 17:01:59,545 - RLController - INFO -   Example: junction D3 -> durations [24, 22, 22, 22] (total: 90s)
2026-09-23 17:01:59,545 - RLController - INFO -   Example: junction D4 -> durations [24, 22, 22, 22] (total: 90s)
2026-09-23 17:01:59,545 - RLController - INFO -   Example: junction D5 -> durations [13, 13, 51, 13] (total: 90s)
2026-09-23 17:01:59,545 - RLController - INFO -   Example: junction E0 -> durations [24, 22, 22, 22] (total: 90s)
2026-09-23 17:01:59,545 - RLController - INFO -   Example: junction E1 -> durations [24, 22, 22, 22] (total: 90s)
2026-09-23 17:01:59,546 - RLController - INFO -   Stored schedules for 34 junctions, cycle starts at step 990
2026-09-23 17:02:01,520 - RLController - INFO - DIAGNOSTIC Step 1080 - Observation stats:
2026-09-23 17:02:01,521 - RLController - INFO -   Hash: 3142590902747865802, Min: 0.000000, Max: 1.000000, Mean: 0.382416, Std: 0.442237
2026-09-23 17:02:01,521 - RLController - INFO -   First 10: [1.  0.  0.  0.  0.  0.5 1.  0.  0.  0. ]
2026-09-23 17:02:01,522 - RLController - INFO -   Last 10: [0.         0.2        0.         0.08333334 0.35470086 0.00238548
 0.04735043 0.64963263 0.         0.3       ]
2026-09-23 17:02:01,530 - RLController - INFO - DIAGNOSTIC - Raw model action output:
2026-09-23 17:02:01,530 - RLController - INFO -   Action hash: -8777291649342805485
2026-09-23 17:02:01,531 - RLController - INFO -   First 8 values: [ -6.83909 -10.      -10.      -10.      -10.      -10.      -10.
 -10.     ]
2026-09-23 17:02:01,531 - RLController - INFO -   Last 8 values: [-10.        -10.        -10.        -10.        -10.          0.7474533
 -10.        -10.       ]
2026-09-23 17:02:01,531 - RLController - INFO -   Action shape: (136,), min: -10.000000, max: 5.557393, mean: -9.200050
2026-09-23 17:02:01,532 - RLController - INFO -   B0 junction (indices 16-19) raw values: [ -9.595942 -10.       -10.       -10.      ]
2026-09-23 17:02:01,532 - RLController - INFO - Using CONTINUOUS DURATION-BASED mode
2026-09-23 17:02:01,532 - RLController - INFO -   Example: junction A0 -> durations [51, 13, 13, 13] (total: 90s)
2026-09-23 17:02:01,532 - RLController - INFO -   Example: junction A1 -> durations [24, 22, 22, 22] (total: 90s)
2026-09-23 17:02:01,532 - RLController - INFO -   Example: junction A2 -> durations [12, 12, 54, 12] (total: 90s)
2026-09-23 17:02:01,533 - RLController - INFO -   Example: junction A4 -> durations [60, 10, 10, 10] (total: 90s)
2026-09-23 17:02:01,533 - RLController - INFO -   Example: junction A5 -> durations [24, 22, 22, 22] (total: 90s)
2026-09-23 17:02:01,533 - RLController - INFO -   Example: junction B0 -> durations [24, 22, 22, 22] (total: 90s)
2026-09-23 17:02:01,533 - RLController - INFO -   Example: junction B1 -> durations [24, 22, 22, 22] (total: 90s)
2026-09-23 17:02:01,534 - RLController - INFO -   Example: junction B2 -> durations [24, 22, 22, 22] (total: 90s)
2026-09-23 17:02:01,534 - RLController - INFO -   Example: junction B4 -> durations [24, 22, 22, 22] (total: 90s)
2026-09-23 17:02:01,534 - RLController - INFO -   Example: junction B5 -> durations [60, 10, 10, 10] (total: 90s)
2026-09-23 17:02:01,534 - RLController - INFO -   Example: junction C0 -> durations [22, 22, 24, 22] (total: 90s)
2026-09-23 17:02:01,535 - RLController - INFO -   Example: junction C1 -> durations [24, 22, 22, 22] (total: 90s)
2026-09-23 17:02:01,535 - RLController - INFO -   Example: junction C2 -> durations [57, 13, 10, 10] (total: 90s)
2026-09-23 17:02:01,535 - RLController - INFO -   Example: junction C3 -> durations [60, 10, 10, 10] (total: 90s)
2026-09-23 17:02:01,535 - RLController - INFO -   Example: junction C4 -> durations [57, 11, 11, 11] (total: 90s)
2026-09-23 17:02:01,536 - RLController - INFO -   Example: junction C5 -> durations [57, 11, 11, 11] (total: 90s)
2026-09-23 17:02:01,536 - RLController - INFO -   Example: junction D0 -> durations [24, 22, 22, 22] (total: 90s)
2026-09-23 17:02:01,536 - RLController - INFO -   Example: junction D1 -> durations [21, 21, 27, 21] (total: 90s)
2026-09-23 17:02:01,536 - RLController - INFO -   Example: junction D2 -> durations [45, 15, 15, 15] (total: 90s)
2026-09-23 17:02:01,537 - RLController - INFO -   Example: junction D3 -> durations [24, 22, 22, 22] (total: 90s)
2026-09-23 17:02:01,537 - RLController - INFO -   Example: junction D4 -> durations [24, 22, 22, 22] (total: 90s)
2026-09-23 17:02:01,537 - RLController - INFO -   Example: junction D5 -> durations [13, 13, 51, 13] (total: 90s)
2026-09-23 17:02:01,537 - RLController - INFO -   Example: junction E0 -> durations [24, 22, 22, 22] (total: 90s)
2026-09-23 17:02:01,538 - RLController - INFO -   Example: junction E1 -> durations [24, 22, 22, 22] (total: 90s)
2026-09-23 17:02:01,539 - RLController - INFO -   Stored schedules for 34 junctions, cycle starts at step 1080
2026-09-23 17:02:03,647 - RLController - INFO - DIAGNOSTIC Step 1170 - Observation stats:
2026-09-23 17:02:03,647 - RLController - INFO -   Hash: -7559768570879433046, Min: 0.000000, Max: 1.000000, Mean: 0.387893, Std: 0.442819
2026-09-23 17:02:03,647 - RLController - INFO -   First 10: [1.  0.  0.  0.  0.  0.5 1.  0.  0.  0. ]
2026-09-23 17:02:03,648 - RLController - INFO -   Last 10: [0.         0.2        0.         0.08333334 0.37820512 0.00288172
 0.04863248 0.6358429  0.         0.3       ]
2026-09-23 17:02:03,652 - RLController - INFO - DIAGNOSTIC - Raw model action output:
2026-09-23 17:02:03,652 - RLController - INFO -   Action hash: 5428069217833050367
2026-09-23 17:02:03,652 - RLController - INFO -   First 8 values: [ -6.8717456 -10.        -10.        -10.        -10.        -10.
 -10.        -10.       ]
2026-09-23 17:02:03,653 - RLController - INFO -   Last 8 values: [-10.         -10.         -10.         -10.         -10.
   0.57633406 -10.         -10.        ]
2026-09-23 17:02:03,653 - RLController - INFO -   Action shape: (136,), min: -10.000000, max: 5.445192, mean: -9.211232
2026-09-23 17:02:03,653 - RLController - INFO -   B0 junction (indices 16-19) raw values: [ -9.83948 -10.      -10.      -10.     ]
2026-09-23 17:02:03,653 - RLController - INFO - Using CONTINUOUS DURATION-BASED mode
2026-09-23 17:02:03,653 - RLController - INFO -   Example: junction A0 -> durations [51, 13, 13, 13] (total: 90s)
2026-09-23 17:02:03,653 - RLController - INFO -   Example: junction A1 -> durations [24, 22, 22, 22] (total: 90s)
2026-09-23 17:02:03,654 - RLController - INFO -   Example: junction A2 -> durations [12, 12, 54, 12] (total: 90s)
2026-09-23 17:02:03,654 - RLController - INFO -   Example: junction A4 -> durations [60, 10, 10, 10] (total: 90s)
2026-09-23 17:02:03,654 - RLController - INFO -   Example: junction A5 -> durations [24, 22, 22, 22] (total: 90s)
2026-09-23 17:02:03,654 - RLController - INFO -   Example: junction B0 -> durations [24, 22, 22, 22] (total: 90s)
2026-09-23 17:02:03,654 - RLController - INFO -   Example: junction B1 -> durations [24, 22, 22, 22] (total: 90s)
2026-09-23 17:02:03,654 - RLController - INFO -   Example: junction B2 -> durations [24, 22, 22, 22] (total: 90s)
2026-09-23 17:02:03,655 - RLController - INFO -   Example: junction B4 -> durations [24, 22, 22, 22] (total: 90s)
2026-09-23 17:02:03,655 - RLController - INFO -   Example: junction B5 -> durations [60, 10, 10, 10] (total: 90s)
2026-09-23 17:02:03,655 - RLController - INFO -   Example: junction C0 -> durations [22, 22, 24, 22] (total: 90s)
2026-09-23 17:02:03,655 - RLController - INFO -   Example: junction C1 -> durations [24, 22, 22, 22] (total: 90s)
2026-09-23 17:02:03,655 - RLController - INFO -   Example: junction C2 -> durations [57, 13, 10, 10] (total: 90s)
2026-09-23 17:02:03,655 - RLController - INFO -   Example: junction C3 -> durations [60, 10, 10, 10] (total: 90s)
2026-09-23 17:02:03,655 - RLController - INFO -   Example: junction C4 -> durations [57, 11, 11, 11] (total: 90s)
2026-09-23 17:02:03,656 - RLController - INFO -   Example: junction C5 -> durations [57, 11, 11, 11] (total: 90s)
2026-09-23 17:02:03,656 - RLController - INFO -   Example: junction D0 -> durations [24, 22, 22, 22] (total: 90s)
2026-09-23 17:02:03,656 - RLController - INFO -   Example: junction D1 -> durations [21, 21, 27, 21] (total: 90s)
2026-09-23 17:02:03,656 - RLController - INFO -   Example: junction D2 -> durations [45, 15, 15, 15] (total: 90s)
2026-09-23 17:02:03,656 - RLController - INFO -   Example: junction D3 -> durations [24, 22, 22, 22] (total: 90s)
2026-09-23 17:02:03,656 - RLController - INFO -   Example: junction D4 -> durations [24, 22, 22, 22] (total: 90s)
2026-09-23 17:02:03,657 - RLController - INFO -   Example: junction D5 -> durations [13, 13, 51, 13] (total: 90s)
2026-09-23 17:02:03,657 - RLController - INFO -   Example: junction E0 -> durations [24, 22, 22, 22] (total: 90s)
2026-09-23 17:02:03,657 - RLController - INFO -   Example: junction E1 -> durations [24, 22, 22, 22] (total: 90s)
2026-09-23 17:02:03,658 - RLController - INFO -   Stored schedules for 34 junctions, cycle starts at step 1170
2026-09-23 17:02:05,635 - RLController - INFO - DIAGNOSTIC Step 1260 - Observation stats:
2026-09-23 17:02:05,635 - RLController - INFO -   Hash: 371583667923930068, Min: 0.000000, Max: 1.000000, Mean: 0.390742, Std: 0.446592
2026-09-23 17:02:05,636 - RLController - INFO -   First 10: [1.         0.         0.         0.         0.         0.5
 0.         1.         0.99333334 1.        ]
2026-09-23 17:02:05,636 - RLController - INFO -   Last 10: [0.         0.2        0.         0.08333334 0.39102563 0.00272784
 0.05111111 0.619511   0.         0.3       ]
2026-09-23 17:02:05,640 - RLController - INFO - DIAGNOSTIC - Raw model action output:
2026-09-23 17:02:05,640 - RLController - INFO -   Action hash: 1857639512404088792
2026-09-23 17:02:05,640 - RLController - INFO -   First 8 values: [ -6.8506274 -10.        -10.        -10.        -10.        -10.
 -10.        -10.       ]
2026-09-23 17:02:05,640 - RLController - INFO -   Last 8 values: [-10.        -10.        -10.        -10.        -10.          0.2463501
 -10.        -10.       ]
2026-09-23 17:02:05,641 - RLController - INFO -   Action shape: (136,), min: -10.000000, max: 5.006543, mean: -9.220350
2026-09-23 17:02:05,641 - RLController - INFO -   B0 junction (indices 16-19) raw values: [ -9.982705 -10.       -10.       -10.      ]
2026-09-23 17:02:05,641 - RLController - INFO - Using CONTINUOUS DURATION-BASED mode
2026-09-23 17:02:05,641 - RLController - INFO -   Example: junction A0 -> durations [51, 13, 13, 13] (total: 90s)
2026-09-23 17:02:05,641 - RLController - INFO -   Example: junction A1 -> durations [24, 22, 22, 22] (total: 90s)
2026-09-23 17:02:05,641 - RLController - INFO -   Example: junction A2 -> durations [12, 12, 54, 12] (total: 90s)
2026-09-23 17:02:05,642 - RLController - INFO -   Example: junction A4 -> durations [60, 10, 10, 10] (total: 90s)
2026-09-23 17:02:05,642 - RLController - INFO -   Example: junction A5 -> durations [24, 22, 22, 22] (total: 90s)
2026-09-23 17:02:05,642 - RLController - INFO -   Example: junction B0 -> durations [24, 22, 22, 22] (total: 90s)
2026-09-23 17:02:05,642 - RLController - INFO -   Example: junction B1 -> durations [24, 22, 22, 22] (total: 90s)
2026-09-23 17:02:05,642 - RLController - INFO -   Example: junction B2 -> durations [24, 22, 22, 22] (total: 90s)
2026-09-23 17:02:05,642 - RLController - INFO -   Example: junction B4 -> durations [24, 22, 22, 22] (total: 90s)
2026-09-23 17:02:05,642 - RLController - INFO -   Example: junction B5 -> durations [60, 10, 10, 10] (total: 90s)
2026-09-23 17:02:05,643 - RLController - INFO -   Example: junction C0 -> durations [22, 22, 24, 22] (total: 90s)
2026-09-23 17:02:05,643 - RLController - INFO -   Example: junction C1 -> durations [24, 22, 22, 22] (total: 90s)
2026-09-23 17:02:05,643 - RLController - INFO -   Example: junction C2 -> durations [57, 13, 10, 10] (total: 90s)
2026-09-23 17:02:05,643 - RLController - INFO -   Example: junction C3 -> durations [60, 10, 10, 10] (total: 90s)
2026-09-23 17:02:05,643 - RLController - INFO -   Example: junction C4 -> durations [57, 11, 11, 11] (total: 90s)
2026-09-23 17:02:05,643 - RLController - INFO -   Example: junction C5 -> durations [57, 11, 11, 11] (total: 90s)
2026-09-23 17:02:05,643 - RLController - INFO -   Example: junction D0 -> durations [24, 22, 22, 22] (total: 90s)
2026-09-23 17:02:05,644 - RLController - INFO -   Example: junction D1 -> durations [21, 21, 27, 21] (total: 90s)
2026-09-23 17:02:05,644 - RLController - INFO -   Example: junction D2 -> durations [45, 15, 15, 15] (total: 90s)
2026-09-23 17:02:05,644 - RLController - INFO -   Example: junction D3 -> durations [24, 22, 22, 22] (total: 90s)
2026-09-23 17:02:05,644 - RLController - INFO -   Example: junction D4 -> durations [24, 22, 22, 22] (total: 90s)
2026-09-23 17:02:05,644 - RLController - INFO -   Example: junction D5 -> durations [13, 13, 51, 13] (total: 90s)
2026-09-23 17:02:05,644 - RLController - INFO -   Example: junction E0 -> durations [24, 22, 22, 22] (total: 90s)
2026-09-23 17:02:05,644 - RLController - INFO -   Example: junction E1 -> durations [24, 22, 22, 22] (total: 90s)
2026-09-23 17:02:05,645 - RLController - INFO -   Stored schedules for 34 junctions, cycle starts at step 1260
2026-09-23 17:02:07,290 - RLController - INFO - DIAGNOSTIC Step 1350 - Observation stats:
2026-09-23 17:02:07,290 - RLController - INFO -   Hash: 4527120244314048034, Min: 0.000000, Max: 1.000675, Mean: 0.393551, Std: 0.445550
2026-09-23 17:02:07,290 - RLController - INFO -   First 10: [1.         0.         0.         0.         0.         0.5
 0.         1.         0.99333334 1.        ]
2026-09-23 17:02:07,290 - RLController - INFO -   Last 10: [0.         0.2        0.         0.08333334 0.39102563 0.00342042
 0.05200855 0.6290653  0.         0.3       ]
2026-09-23 17:02:07,297 - RLController - INFO - DIAGNOSTIC - Raw model action output:
2026-09-23 17:02:07,297 - RLController - INFO -   Action hash: -2886143297094976329
2026-09-23 17:02:07,297 - RLController - INFO -   First 8 values: [ -7.0819774 -10.        -10.        -10.        -10.        -10.
 -10.        -10.       ]
2026-09-23 17:02:07,297 - RLController - INFO -   Last 8 values: [-10.        -10.        -10.        -10.        -10.         -0.8770253
 -10.        -10.       ]
2026-09-23 17:02:07,298 - RLController - INFO -   Action shape: (136,), min: -10.000000, max: 5.323884, mean: -9.212559
2026-09-23 17:02:07,298 - RLController - INFO -   B0 junction (indices 16-19) raw values: [ -9.664879 -10.       -10.       -10.      ]
2026-09-23 17:02:07,298 - RLController - INFO - Using CONTINUOUS DURATION-BASED mode
2026-09-23 17:02:07,298 - RLController - INFO -   Example: junction A0 -> durations [51, 13, 13, 13] (total: 90s)
2026-09-23 17:02:07,298 - RLController - INFO -   Example: junction A1 -> durations [24, 22, 22, 22] (total: 90s)
2026-09-23 17:02:07,298 - RLController - INFO -   Example: junction A2 -> durations [12, 12, 54, 12] (total: 90s)
2026-09-23 17:02:07,298 - RLController - INFO -   Example: junction A4 -> durations [60, 10, 10, 10] (total: 90s)
2026-09-23 17:02:07,299 - RLController - INFO -   Example: junction A5 -> durations [24, 22, 22, 22] (total: 90s)
2026-09-23 17:02:07,299 - RLController - INFO -   Example: junction B0 -> durations [24, 22, 22, 22] (total: 90s)
2026-09-23 17:02:07,299 - RLController - INFO -   Example: junction B1 -> durations [24, 22, 22, 22] (total: 90s)
2026-09-23 17:02:07,299 - RLController - INFO -   Example: junction B2 -> durations [24, 22, 22, 22] (total: 90s)
2026-09-23 17:02:07,299 - RLController - INFO -   Example: junction B4 -> durations [24, 22, 22, 22] (total: 90s)
2026-09-23 17:02:07,299 - RLController - INFO -   Example: junction B5 -> durations [60, 10, 10, 10] (total: 90s)
2026-09-23 17:02:07,299 - RLController - INFO -   Example: junction C0 -> durations [22, 22, 24, 22] (total: 90s)
2026-09-23 17:02:07,299 - RLController - INFO -   Example: junction C1 -> durations [24, 22, 22, 22] (total: 90s)
2026-09-23 17:02:07,300 - RLController - INFO -   Example: junction C2 -> durations [57, 13, 10, 10] (total: 90s)
2026-09-23 17:02:07,300 - RLController - INFO -   Example: junction C3 -> durations [60, 10, 10, 10] (total: 90s)
2026-09-23 17:02:07,300 - RLController - INFO -   Example: junction C4 -> durations [57, 11, 11, 11] (total: 90s)
2026-09-23 17:02:07,300 - RLController - INFO -   Example: junction C5 -> durations [57, 11, 11, 11] (total: 90s)
2026-09-23 17:02:07,300 - RLController - INFO -   Example: junction D0 -> durations [24, 22, 22, 22] (total: 90s)
2026-09-23 17:02:07,300 - RLController - INFO -   Example: junction D1 -> durations [21, 21, 27, 21] (total: 90s)
2026-09-23 17:02:07,300 - RLController - INFO -   Example: junction D2 -> durations [45, 15, 15, 15] (total: 90s)
2026-09-23 17:02:07,300 - RLController - INFO -   Example: junction D3 -> durations [24, 22, 22, 22] (total: 90s)
2026-09-23 17:02:07,300 - RLController - INFO -   Example: junction D4 -> durations [24, 22, 22, 22] (total: 90s)
2026-09-23 17:02:07,301 - RLController - INFO -   Example: junction D5 -> durations [13, 13, 51, 13] (total: 90s)
2026-09-23 17:02:07,301 - RLController - INFO -   Example: junction E0 -> durations [24, 22, 22, 22] (total: 90s)
2026-09-23 17:02:07,301 - RLController - INFO -   Example: junction E1 -> durations [24, 22, 22, 22] (total: 90s)
2026-09-23 17:02:07,301 - RLController - INFO -   Stored schedules for 34 junctions, cycle starts at step 1350
2026-09-23 17:02:09,076 - RLController - INFO - DIAGNOSTIC Step 1440 - Observation stats:
2026-09-23 17:02:09,077 - RLController - INFO -   Hash: -3270321100964286589, Min: 0.000000, Max: 1.000000, Mean: 0.398287, Std: 0.446735
2026-09-23 17:02:09,077 - RLController - INFO -   First 10: [1.         0.         0.         0.         0.         0.5
 0.         1.         0.99333334 1.        ]
2026-09-23 17:02:09,077 - RLController - INFO -   Last 10: [0.         0.2        0.         0.08333334 0.41880342 0.00340905
 0.05538461 0.6041872  0.         0.3       ]
2026-09-23 17:02:09,081 - RLController - INFO - DIAGNOSTIC - Raw model action output:
2026-09-23 17:02:09,081 - RLController - INFO -   Action hash: -5821566107332560861
2026-09-23 17:02:09,082 - RLController - INFO -   First 8 values: [ -7.132888 -10.       -10.       -10.       -10.       -10.
 -10.       -10.      ]
2026-09-23 17:02:09,082 - RLController - INFO -   Last 8 values: [-10.        -10.        -10.        -10.        -10.         -1.0945506
 -10.        -10.       ]
2026-09-23 17:02:09,082 - RLController - INFO -   Action shape: (136,), min: -10.000000, max: 5.125139, mean: -9.252769
2026-09-23 17:02:09,082 - RLController - INFO -   B0 junction (indices 16-19) raw values: [ -9.776292 -10.       -10.       -10.      ]
2026-09-23 17:02:09,083 - RLController - INFO - Using CONTINUOUS DURATION-BASED mode
2026-09-23 17:02:09,083 - RLController - INFO -   Example: junction A0 -> durations [51, 13, 13, 13] (total: 90s)
2026-09-23 17:02:09,083 - RLController - INFO -   Example: junction A1 -> durations [24, 22, 22, 22] (total: 90s)
2026-09-23 17:02:09,083 - RLController - INFO -   Example: junction A2 -> durations [12, 12, 54, 12] (total: 90s)
2026-09-23 17:02:09,083 - RLController - INFO -   Example: junction A4 -> durations [60, 10, 10, 10] (total: 90s)
2026-09-23 17:02:09,083 - RLController - INFO -   Example: junction A5 -> durations [24, 22, 22, 22] (total: 90s)
2026-09-23 17:02:09,083 - RLController - INFO -   Example: junction B0 -> durations [24, 22, 22, 22] (total: 90s)
2026-09-23 17:02:09,084 - RLController - INFO -   Example: junction B1 -> durations [24, 22, 22, 22] (total: 90s)
2026-09-23 17:02:09,084 - RLController - INFO -   Example: junction B2 -> durations [24, 22, 22, 22] (total: 90s)
2026-09-23 17:02:09,084 - RLController - INFO -   Example: junction B4 -> durations [24, 22, 22, 22] (total: 90s)
2026-09-23 17:02:09,084 - RLController - INFO -   Example: junction B5 -> durations [60, 10, 10, 10] (total: 90s)
2026-09-23 17:02:09,084 - RLController - INFO -   Example: junction C0 -> durations [22, 22, 24, 22] (total: 90s)
2026-09-23 17:02:09,084 - RLController - INFO -   Example: junction C1 -> durations [24, 22, 22, 22] (total: 90s)
2026-09-23 17:02:09,084 - RLController - INFO -   Example: junction C2 -> durations [57, 13, 10, 10] (total: 90s)
2026-09-23 17:02:09,085 - RLController - INFO -   Example: junction C3 -> durations [60, 10, 10, 10] (total: 90s)
2026-09-23 17:02:09,085 - RLController - INFO -   Example: junction C4 -> durations [57, 11, 11, 11] (total: 90s)
2026-09-23 17:02:09,085 - RLController - INFO -   Example: junction C5 -> durations [57, 11, 11, 11] (total: 90s)
2026-09-23 17:02:09,085 - RLController - INFO -   Example: junction D0 -> durations [24, 22, 22, 22] (total: 90s)
2026-09-23 17:02:09,085 - RLController - INFO -   Example: junction D1 -> durations [21, 21, 27, 21] (total: 90s)
2026-09-23 17:02:09,085 - RLController - INFO -   Example: junction D2 -> durations [45, 15, 15, 15] (total: 90s)
2026-09-23 17:02:09,085 - RLController - INFO -   Example: junction D3 -> durations [24, 22, 22, 22] (total: 90s)
2026-09-23 17:02:09,086 - RLController - INFO -   Example: junction D4 -> durations [24, 22, 22, 22] (total: 90s)
2026-09-23 17:02:09,086 - RLController - INFO -   Example: junction D5 -> durations [13, 13, 51, 13] (total: 90s)
2026-09-23 17:02:09,086 - RLController - INFO -   Example: junction E0 -> durations [24, 22, 22, 22] (total: 90s)
2026-09-23 17:02:09,086 - RLController - INFO -   Example: junction E1 -> durations [24, 22, 22, 22] (total: 90s)
2026-09-23 17:02:09,087 - RLController - INFO -   Stored schedules for 34 junctions, cycle starts at step 1440
2026-09-23 17:02:10,603 - RLController - INFO - DIAGNOSTIC Step 1530 - Observation stats:
2026-09-23 17:02:10,604 - RLController - INFO -   Hash: -8872862205961980138, Min: 0.000000, Max: 1.000000, Mean: 0.395441, Std: 0.446742
2026-09-23 17:02:10,604 - RLController - INFO -   First 10: [1.  0.  0.  0.  0.  0.5 1.  0.  0.  0. ]
2026-09-23 17:02:10,604 - RLController - INFO -   Last 10: [0.         0.2        0.         0.08333334 0.3931624  0.00290022
 0.05760684 0.61983335 0.         0.3       ]
2026-09-23 17:02:10,607 - RLController - INFO - DIAGNOSTIC - Raw model action output:
2026-09-23 17:02:10,607 - RLController - INFO -   Action hash: -571596547576780982
2026-09-23 17:02:10,607 - RLController - INFO -   First 8 values: [ -6.901637 -10.       -10.       -10.       -10.       -10.
 -10.       -10.      ]
2026-09-23 17:02:10,607 - RLController - INFO -   Last 8 values: [-10.         -10.         -10.         -10.         -10.
  -0.15017958 -10.         -10.        ]
2026-09-23 17:02:10,607 - RLController - INFO -   Action shape: (136,), min: -10.000000, max: 5.431551, mean: -9.257064
2026-09-23 17:02:10,608 - RLController - INFO -   B0 junction (indices 16-19) raw values: [ -9.748922 -10.       -10.       -10.      ]
2026-09-23 17:02:10,608 - RLController - INFO - Using CONTINUOUS DURATION-BASED mode
2026-09-23 17:02:10,608 - RLController - INFO -   Example: junction A0 -> durations [51, 13, 13, 13] (total: 90s)
2026-09-23 17:02:10,608 - RLController - INFO -   Example: junction A1 -> durations [24, 22, 22, 22] (total: 90s)
2026-09-23 17:02:10,608 - RLController - INFO -   Example: junction A2 -> durations [12, 12, 54, 12] (total: 90s)
2026-09-23 17:02:10,608 - RLController - INFO -   Example: junction A4 -> durations [60, 10, 10, 10] (total: 90s)
2026-09-23 17:02:10,608 - RLController - INFO -   Example: junction A5 -> durations [24, 22, 22, 22] (total: 90s)
2026-09-23 17:02:10,608 - RLController - INFO -   Example: junction B0 -> durations [24, 22, 22, 22] (total: 90s)
2026-09-23 17:02:10,608 - RLController - INFO -   Example: junction B1 -> durations [24, 22, 22, 22] (total: 90s)
2026-09-23 17:02:10,609 - RLController - INFO -   Example: junction B2 -> durations [24, 22, 22, 22] (total: 90s)
2026-09-23 17:02:10,609 - RLController - INFO -   Example: junction B4 -> durations [24, 22, 22, 22] (total: 90s)
2026-09-23 17:02:10,609 - RLController - INFO -   Example: junction B5 -> durations [60, 10, 10, 10] (total: 90s)
2026-09-23 17:02:10,609 - RLController - INFO -   Example: junction C0 -> durations [22, 22, 24, 22] (total: 90s)
2026-09-23 17:02:10,609 - RLController - INFO -   Example: junction C1 -> durations [24, 22, 22, 22] (total: 90s)
2026-09-23 17:02:10,609 - RLController - INFO -   Example: junction C2 -> durations [57, 13, 10, 10] (total: 90s)
2026-09-23 17:02:10,609 - RLController - INFO -   Example: junction C3 -> durations [60, 10, 10, 10] (total: 90s)
2026-09-23 17:02:10,609 - RLController - INFO -   Example: junction C4 -> durations [57, 11, 11, 11] (total: 90s)
2026-09-23 17:02:10,609 - RLController - INFO -   Example: junction C5 -> durations [57, 11, 11, 11] (total: 90s)
2026-09-23 17:02:10,610 - RLController - INFO -   Example: junction D0 -> durations [24, 22, 22, 22] (total: 90s)
2026-09-23 17:02:10,610 - RLController - INFO -   Example: junction D1 -> durations [21, 21, 27, 21] (total: 90s)
2026-09-23 17:02:10,610 - RLController - INFO -   Example: junction D2 -> durations [45, 15, 15, 15] (total: 90s)
2026-09-23 17:02:10,610 - RLController - INFO -   Example: junction D3 -> durations [24, 22, 22, 22] (total: 90s)
2026-09-23 17:02:10,610 - RLController - INFO -   Example: junction D4 -> durations [24, 22, 22, 22] (total: 90s)
2026-09-23 17:02:10,610 - RLController - INFO -   Example: junction D5 -> durations [13, 13, 51, 13] (total: 90s)
2026-09-23 17:02:10,610 - RLController - INFO -   Example: junction E0 -> durations [24, 22, 22, 22] (total: 90s)
2026-09-23 17:02:10,610 - RLController - INFO -   Example: junction E1 -> durations [24, 22, 22, 22] (total: 90s)
2026-09-23 17:02:10,611 - RLController - INFO -   Stored schedules for 34 junctions, cycle starts at step 1530
2026-09-23 17:02:12,125 - RLController - INFO - DIAGNOSTIC Step 1620 - Observation stats:
2026-09-23 17:02:12,125 - RLController - INFO -   Hash: -7409179207907214266, Min: 0.000000, Max: 1.000000, Mean: 0.399370, Std: 0.447169
2026-09-23 17:02:12,126 - RLController - INFO -   First 10: [1.  0.  0.  0.  0.  0.5 1.  0.  0.  0. ]
2026-09-23 17:02:12,126 - RLController - INFO -   Last 10: [0.         0.2        0.         0.08333334 0.39957264 0.00278827
 0.0592735  0.613206   0.         0.3       ]
2026-09-23 17:02:12,130 - RLController - INFO - DIAGNOSTIC - Raw model action output:
2026-09-23 17:02:12,130 - RLController - INFO -   Action hash: 6047433916048798473
2026-09-23 17:02:12,130 - RLController - INFO -   First 8 values: [ -7.052791 -10.       -10.       -10.       -10.       -10.
 -10.       -10.      ]
2026-09-23 17:02:12,130 - RLController - INFO -   Last 8 values: [-10.        -10.        -10.        -10.        -10.         -1.4362257
 -10.        -10.       ]
2026-09-23 17:02:12,131 - RLController - INFO -   Action shape: (136,), min: -10.000000, max: 5.238539, mean: -9.276465
2026-09-23 17:02:12,131 - RLController - INFO -   B0 junction (indices 16-19) raw values: [ -9.84593 -10.      -10.      -10.     ]
2026-09-23 17:02:12,131 - RLController - INFO - Using CONTINUOUS DURATION-BASED mode
2026-09-23 17:02:12,131 - RLController - INFO -   Example: junction A0 -> durations [51, 13, 13, 13] (total: 90s)
2026-09-23 17:02:12,131 - RLController - INFO -   Example: junction A1 -> durations [24, 22, 22, 22] (total: 90s)
2026-09-23 17:02:12,131 - RLController - INFO -   Example: junction A2 -> durations [12, 12, 54, 12] (total: 90s)
2026-09-23 17:02:12,131 - RLController - INFO -   Example: junction A4 -> durations [60, 10, 10, 10] (total: 90s)
2026-09-23 17:02:12,132 - RLController - INFO -   Example: junction A5 -> durations [24, 22, 22, 22] (total: 90s)
2026-09-23 17:02:12,132 - RLController - INFO -   Example: junction B0 -> durations [24, 22, 22, 22] (total: 90s)
2026-09-23 17:02:12,132 - RLController - INFO -   Example: junction B1 -> durations [24, 22, 22, 22] (total: 90s)
2026-09-23 17:02:12,132 - RLController - INFO -   Example: junction B2 -> durations [24, 22, 22, 22] (total: 90s)
2026-09-23 17:02:12,132 - RLController - INFO -   Example: junction B4 -> durations [24, 22, 22, 22] (total: 90s)
2026-09-23 17:02:12,132 - RLController - INFO -   Example: junction B5 -> durations [60, 10, 10, 10] (total: 90s)
2026-09-23 17:02:12,132 - RLController - INFO -   Example: junction C0 -> durations [22, 22, 24, 22] (total: 90s)
2026-09-23 17:02:12,133 - RLController - INFO -   Example: junction C1 -> durations [24, 22, 22, 22] (total: 90s)
2026-09-23 17:02:12,133 - RLController - INFO -   Example: junction C2 -> durations [57, 13, 10, 10] (total: 90s)
2026-09-23 17:02:12,133 - RLController - INFO -   Example: junction C3 -> durations [60, 10, 10, 10] (total: 90s)
2026-09-23 17:02:12,133 - RLController - INFO -   Example: junction C4 -> durations [57, 11, 11, 11] (total: 90s)
2026-09-23 17:02:12,133 - RLController - INFO -   Example: junction C5 -> durations [57, 11, 11, 11] (total: 90s)
2026-09-23 17:02:12,133 - RLController - INFO -   Example: junction D0 -> durations [24, 22, 22, 22] (total: 90s)
2026-09-23 17:02:12,133 - RLController - INFO -   Example: junction D1 -> durations [21, 21, 27, 21] (total: 90s)
2026-09-23 17:02:12,133 - RLController - INFO -   Example: junction D2 -> durations [45, 15, 15, 15] (total: 90s)
2026-09-23 17:02:12,134 - RLController - INFO -   Example: junction D3 -> durations [24, 22, 22, 22] (total: 90s)
2026-09-23 17:02:12,134 - RLController - INFO -   Example: junction D4 -> durations [24, 22, 22, 22] (total: 90s)
2026-09-23 17:02:12,134 - RLController - INFO -   Example: junction D5 -> durations [13, 13, 51, 13] (total: 90s)
2026-09-23 17:02:12,134 - RLController - INFO -   Example: junction E0 -> durations [24, 22, 22, 22] (total: 90s)
2026-09-23 17:02:12,134 - RLController - INFO -   Example: junction E1 -> durations [24, 22, 22, 22] (total: 90s)
2026-09-23 17:02:12,135 - RLController - INFO -   Stored schedules for 34 junctions, cycle starts at step 1620
2026-09-23 17:02:14,205 - RLController - INFO - DIAGNOSTIC Step 1710 - Observation stats:
2026-09-23 17:02:14,206 - RLController - INFO -   Hash: -4179737437747429804, Min: 0.000000, Max: 1.000231, Mean: 0.402382, Std: 0.448478
2026-09-23 17:02:14,206 - RLController - INFO -   First 10: [1.  0.  0.  0.  0.  0.5 1.  0.  0.  0. ]
2026-09-23 17:02:14,206 - RLController - INFO -   Last 10: [0.         0.2        0.         0.08333334 0.41666666 0.00253726
 0.06162393 0.59240955 0.         0.3       ]
2026-09-23 17:02:14,210 - RLController - INFO - DIAGNOSTIC - Raw model action output:
2026-09-23 17:02:14,210 - RLController - INFO -   Action hash: 7314549169438357921
2026-09-23 17:02:14,211 - RLController - INFO -   First 8 values: [ -7.375368 -10.       -10.       -10.       -10.       -10.
 -10.       -10.      ]
2026-09-23 17:02:14,211 - RLController - INFO -   Last 8 values: [-10.        -10.        -10.        -10.        -10.         -0.8431582
 -10.        -10.       ]
2026-09-23 17:02:14,211 - RLController - INFO -   Action shape: (136,), min: -10.000000, max: 5.260603, mean: -9.241755
2026-09-23 17:02:14,211 - RLController - INFO -   B0 junction (indices 16-19) raw values: [ -9.505471 -10.       -10.       -10.      ]
2026-09-23 17:02:14,211 - RLController - INFO - Using CONTINUOUS DURATION-BASED mode
2026-09-23 17:02:14,211 - RLController - INFO -   Example: junction A0 -> durations [51, 13, 13, 13] (total: 90s)
2026-09-23 17:02:14,211 - RLController - INFO -   Example: junction A1 -> durations [24, 22, 22, 22] (total: 90s)
2026-09-23 17:02:14,211 - RLController - INFO -   Example: junction A2 -> durations [12, 12, 54, 12] (total: 90s)
2026-09-23 17:02:14,212 - RLController - INFO -   Example: junction A4 -> durations [60, 10, 10, 10] (total: 90s)
2026-09-23 17:02:14,212 - RLController - INFO -   Example: junction A5 -> durations [24, 22, 22, 22] (total: 90s)
2026-09-23 17:02:14,212 - RLController - INFO -   Example: junction B0 -> durations [24, 22, 22, 22] (total: 90s)
2026-09-23 17:02:14,212 - RLController - INFO -   Example: junction B1 -> durations [24, 22, 22, 22] (total: 90s)
2026-09-23 17:02:14,212 - RLController - INFO -   Example: junction B2 -> durations [24, 22, 22, 22] (total: 90s)
2026-09-23 17:02:14,212 - RLController - INFO -   Example: junction B4 -> durations [24, 22, 22, 22] (total: 90s)
2026-09-23 17:02:14,212 - RLController - INFO -   Example: junction B5 -> durations [60, 10, 10, 10] (total: 90s)
2026-09-23 17:02:14,212 - RLController - INFO -   Example: junction C0 -> durations [22, 22, 24, 22] (total: 90s)
2026-09-23 17:02:14,212 - RLController - INFO -   Example: junction C1 -> durations [24, 22, 22, 22] (total: 90s)
2026-09-23 17:02:14,213 - RLController - INFO -   Example: junction C2 -> durations [57, 13, 10, 10] (total: 90s)
2026-09-23 17:02:14,213 - RLController - INFO -   Example: junction C3 -> durations [60, 10, 10, 10] (total: 90s)
2026-09-23 17:02:14,213 - RLController - INFO -   Example: junction C4 -> durations [57, 11, 11, 11] (total: 90s)
2026-09-23 17:02:14,213 - RLController - INFO -   Example: junction C5 -> durations [57, 11, 11, 11] (total: 90s)
2026-09-23 17:02:14,213 - RLController - INFO -   Example: junction D0 -> durations [24, 22, 22, 22] (total: 90s)
2026-09-23 17:02:14,213 - RLController - INFO -   Example: junction D1 -> durations [21, 21, 27, 21] (total: 90s)
2026-09-23 17:02:14,213 - RLController - INFO -   Example: junction D2 -> durations [45, 15, 15, 15] (total: 90s)
2026-09-23 17:02:14,213 - RLController - INFO -   Example: junction D3 -> durations [24, 22, 22, 22] (total: 90s)
2026-09-23 17:02:14,213 - RLController - INFO -   Example: junction D4 -> durations [24, 22, 22, 22] (total: 90s)
2026-09-23 17:02:14,214 - RLController - INFO -   Example: junction D5 -> durations [13, 13, 51, 13] (total: 90s)
2026-09-23 17:02:14,214 - RLController - INFO -   Example: junction E0 -> durations [24, 22, 22, 22] (total: 90s)
2026-09-23 17:02:14,214 - RLController - INFO -   Example: junction E1 -> durations [24, 22, 22, 22] (total: 90s)
2026-09-23 17:02:14,214 - RLController - INFO -   Stored schedules for 34 junctions, cycle starts at step 1710
2026-09-23 17:02:15,818 - RLController - INFO - DIAGNOSTIC Step 1800 - Observation stats:
2026-09-23 17:02:15,818 - RLController - INFO -   Hash: 1866774469155529135, Min: 0.000000, Max: 1.000000, Mean: 0.399998, Std: 0.448612
2026-09-23 17:02:15,818 - RLController - INFO -   First 10: [1.  0.  0.  0.  0.  0.5 1.  0.  0.  0. ]
2026-09-23 17:02:15,818 - RLController - INFO -   Last 10: [0.         0.2        0.         0.08333334 0.42521366 0.00304941
 0.06098291 0.5927262  0.         0.3       ]
2026-09-23 17:02:15,821 - RLController - INFO - DIAGNOSTIC - Raw model action output:
2026-09-23 17:02:15,822 - RLController - INFO -   Action hash: -4958749344009270426
2026-09-23 17:02:15,822 - RLController - INFO -   First 8 values: [ -7.3087354 -10.        -10.        -10.        -10.        -10.
 -10.        -10.       ]
2026-09-23 17:02:15,822 - RLController - INFO -   Last 8 values: [-10.       -10.       -10.       -10.       -10.        -0.268671
 -10.       -10.      ]
2026-09-23 17:02:15,822 - RLController - INFO -   Action shape: (136,), min: -10.000000, max: 5.241824, mean: -9.241351
2026-09-23 17:02:15,822 - RLController - INFO -   B0 junction (indices 16-19) raw values: [ -9.855207 -10.       -10.       -10.      ]
2026-09-23 17:02:15,822 - RLController - INFO - Using CONTINUOUS DURATION-BASED mode
2026-09-23 17:02:15,822 - RLController - INFO -   Example: junction A0 -> durations [51, 13, 13, 13] (total: 90s)
2026-09-23 17:02:15,822 - RLController - INFO -   Example: junction A1 -> durations [24, 22, 22, 22] (total: 90s)
2026-09-23 17:02:15,823 - RLController - INFO -   Example: junction A2 -> durations [12, 12, 54, 12] (total: 90s)
2026-09-23 17:02:15,823 - RLController - INFO -   Example: junction A4 -> durations [60, 10, 10, 10] (total: 90s)
2026-09-23 17:02:15,823 - RLController - INFO -   Example: junction A5 -> durations [24, 22, 22, 22] (total: 90s)
2026-09-23 17:02:15,823 - RLController - INFO -   Example: junction B0 -> durations [24, 22, 22, 22] (total: 90s)
2026-09-23 17:02:15,823 - RLController - INFO -   Example: junction B1 -> durations [24, 22, 22, 22] (total: 90s)
2026-09-23 17:02:15,823 - RLController - INFO -   Example: junction B2 -> durations [24, 22, 22, 22] (total: 90s)
2026-09-23 17:02:15,823 - RLController - INFO -   Example: junction B4 -> durations [24, 22, 22, 22] (total: 90s)
2026-09-23 17:02:15,823 - RLController - INFO -   Example: junction B5 -> durations [60, 10, 10, 10] (total: 90s)
2026-09-23 17:02:15,823 - RLController - INFO -   Example: junction C0 -> durations [22, 22, 24, 22] (total: 90s)
2026-09-23 17:02:15,824 - RLController - INFO -   Example: junction C1 -> durations [24, 22, 22, 22] (total: 90s)
2026-09-23 17:02:15,824 - RLController - INFO -   Example: junction C2 -> durations [57, 13, 10, 10] (total: 90s)
2026-09-23 17:02:15,824 - RLController - INFO -   Example: junction C3 -> durations [60, 10, 10, 10] (total: 90s)
2026-09-23 17:02:15,824 - RLController - INFO -   Example: junction C4 -> durations [57, 11, 11, 11] (total: 90s)
2026-09-23 17:02:15,824 - RLController - INFO -   Example: junction C5 -> durations [57, 11, 11, 11] (total: 90s)
2026-09-23 17:02:15,824 - RLController - INFO -   Example: junction D0 -> durations [24, 22, 22, 22] (total: 90s)
2026-09-23 17:02:15,824 - RLController - INFO -   Example: junction D1 -> durations [21, 21, 27, 21] (total: 90s)
2026-09-23 17:02:15,824 - RLController - INFO -   Example: junction D2 -> durations [45, 15, 15, 15] (total: 90s)
2026-09-23 17:02:15,824 - RLController - INFO -   Example: junction D3 -> durations [24, 22, 22, 22] (total: 90s)
2026-09-23 17:02:15,825 - RLController - INFO -   Example: junction D4 -> durations [24, 22, 22, 22] (total: 90s)
2026-09-23 17:02:15,825 - RLController - INFO -   Example: junction D5 -> durations [13, 13, 51, 13] (total: 90s)
2026-09-23 17:02:15,825 - RLController - INFO -   Example: junction E0 -> durations [24, 22, 22, 22] (total: 90s)
2026-09-23 17:02:15,825 - RLController - INFO -   Example: junction E1 -> durations [24, 22, 22, 22] (total: 90s)
2026-09-23 17:02:15,825 - RLController - INFO -   Stored schedules for 34 junctions, cycle starts at step 1800
2026-09-23 17:02:17,644 - RLController - INFO - DIAGNOSTIC Step 1890 - Observation stats:
2026-09-23 17:02:17,645 - RLController - INFO -   Hash: 1937059249769986645, Min: 0.000000, Max: 1.000000, Mean: 0.399096, Std: 0.447871
2026-09-23 17:02:17,645 - RLController - INFO -   First 10: [1.  0.  0.  0.  0.  0.5 1.  0.  0.  0. ]
2026-09-23 17:02:17,645 - RLController - INFO -   Last 10: [0.         0.2        0.         0.08333334 0.41452992 0.00324511
 0.06153846 0.6029176  0.         0.3       ]
2026-09-23 17:02:17,650 - RLController - INFO - DIAGNOSTIC - Raw model action output:
2026-09-23 17:02:17,650 - RLController - INFO -   Action hash: 3800345536086385572
2026-09-23 17:02:17,650 - RLController - INFO -   First 8 values: [ -6.914559 -10.       -10.       -10.       -10.       -10.
 -10.       -10.      ]
2026-09-23 17:02:17,650 - RLController - INFO -   Last 8 values: [-10.       -10.       -10.       -10.       -10.        -1.462168
 -10.       -10.      ]
2026-09-23 17:02:17,650 - RLController - INFO -   Action shape: (136,), min: -10.000000, max: 4.839020, mean: -9.216019
2026-09-23 17:02:17,650 - RLController - INFO -   B0 junction (indices 16-19) raw values: [ -9.192137 -10.       -10.       -10.      ]
2026-09-23 17:02:17,650 - RLController - INFO - Using CONTINUOUS DURATION-BASED mode
2026-09-23 17:02:17,651 - RLController - INFO -   Example: junction A0 -> durations [51, 13, 13, 13] (total: 90s)
2026-09-23 17:02:17,651 - RLController - INFO -   Example: junction A1 -> durations [24, 22, 22, 22] (total: 90s)
2026-09-23 17:02:17,651 - RLController - INFO -   Example: junction A2 -> durations [12, 12, 54, 12] (total: 90s)
2026-09-23 17:02:17,651 - RLController - INFO -   Example: junction A4 -> durations [60, 10, 10, 10] (total: 90s)
2026-09-23 17:02:17,651 - RLController - INFO -   Example: junction A5 -> durations [24, 22, 22, 22] (total: 90s)
2026-09-23 17:02:17,651 - RLController - INFO -   Example: junction B0 -> durations [24, 22, 22, 22] (total: 90s)
2026-09-23 17:02:17,651 - RLController - INFO -   Example: junction B1 -> durations [24, 22, 22, 22] (total: 90s)
2026-09-23 17:02:17,651 - RLController - INFO -   Example: junction B2 -> durations [24, 22, 22, 22] (total: 90s)
2026-09-23 17:02:17,651 - RLController - INFO -   Example: junction B4 -> durations [24, 22, 22, 22] (total: 90s)
2026-09-23 17:02:17,652 - RLController - INFO -   Example: junction B5 -> durations [60, 10, 10, 10] (total: 90s)
2026-09-23 17:02:17,652 - RLController - INFO -   Example: junction C0 -> durations [22, 22, 24, 22] (total: 90s)
2026-09-23 17:02:17,652 - RLController - INFO -   Example: junction C1 -> durations [24, 22, 22, 22] (total: 90s)
2026-09-23 17:02:17,652 - RLController - INFO -   Example: junction C2 -> durations [57, 13, 10, 10] (total: 90s)
2026-09-23 17:02:17,652 - RLController - INFO -   Example: junction C3 -> durations [60, 10, 10, 10] (total: 90s)
2026-09-23 17:02:17,652 - RLController - INFO -   Example: junction C4 -> durations [57, 11, 11, 11] (total: 90s)
2026-09-23 17:02:17,652 - RLController - INFO -   Example: junction C5 -> durations [57, 11, 11, 11] (total: 90s)
2026-09-23 17:02:17,652 - RLController - INFO -   Example: junction D0 -> durations [24, 22, 22, 22] (total: 90s)
2026-09-23 17:02:17,652 - RLController - INFO -   Example: junction D1 -> durations [21, 21, 27, 21] (total: 90s)
2026-09-23 17:02:17,652 - RLController - INFO -   Example: junction D2 -> durations [45, 15, 15, 15] (total: 90s)
2026-09-23 17:02:17,653 - RLController - INFO -   Example: junction D3 -> durations [24, 22, 22, 22] (total: 90s)
2026-09-23 17:02:17,653 - RLController - INFO -   Example: junction D4 -> durations [24, 22, 22, 22] (total: 90s)
2026-09-23 17:02:17,653 - RLController - INFO -   Example: junction D5 -> durations [13, 13, 51, 13] (total: 90s)
2026-09-23 17:02:17,653 - RLController - INFO -   Example: junction E0 -> durations [24, 22, 22, 22] (total: 90s)
2026-09-23 17:02:17,653 - RLController - INFO -   Example: junction E1 -> durations [24, 22, 22, 22] (total: 90s)
2026-09-23 17:02:17,653 - RLController - INFO -   Stored schedules for 34 junctions, cycle starts at step 1890
2026-09-23 17:02:19,146 - RLController - INFO - DIAGNOSTIC Step 1980 - Observation stats:
2026-09-23 17:02:19,146 - RLController - INFO -   Hash: 3965451463243932227, Min: 0.000000, Max: 1.000000, Mean: 0.403879, Std: 0.448852
2026-09-23 17:02:19,146 - RLController - INFO -   First 10: [1.  0.  0.  0.  0.  0.5 1.  0.  0.  0. ]
2026-09-23 17:02:19,146 - RLController - INFO -   Last 10: [0.         0.2        0.         0.08333334 0.41452992 0.00250433
 0.06418803 0.5970802  0.         0.3       ]
2026-09-23 17:02:19,151 - RLController - INFO - DIAGNOSTIC - Raw model action output:
2026-09-23 17:02:19,151 - RLController - INFO -   Action hash: 3860534663651338929
2026-09-23 17:02:19,151 - RLController - INFO -   First 8 values: [ -6.991348 -10.       -10.       -10.       -10.       -10.
 -10.       -10.      ]
2026-09-23 17:02:19,152 - RLController - INFO -   Last 8 values: [-10.        -10.        -10.        -10.        -10.         -1.9329011
 -10.        -10.       ]
2026-09-23 17:02:19,152 - RLController - INFO -   Action shape: (136,), min: -10.000000, max: 5.641642, mean: -9.221649
2026-09-23 17:02:19,152 - RLController - INFO -   B0 junction (indices 16-19) raw values: [ -9.614993 -10.       -10.       -10.      ]
2026-09-23 17:02:19,152 - RLController - INFO - Using CONTINUOUS DURATION-BASED mode
2026-09-23 17:02:19,152 - RLController - INFO -   Example: junction A0 -> durations [51, 13, 13, 13] (total: 90s)
2026-09-23 17:02:19,152 - RLController - INFO -   Example: junction A1 -> durations [24, 22, 22, 22] (total: 90s)
2026-09-23 17:02:19,152 - RLController - INFO -   Example: junction A2 -> durations [12, 12, 54, 12] (total: 90s)
2026-09-23 17:02:19,152 - RLController - INFO -   Example: junction A4 -> durations [60, 10, 10, 10] (total: 90s)
2026-09-23 17:02:19,152 - RLController - INFO -   Example: junction A5 -> durations [24, 22, 22, 22] (total: 90s)
2026-09-23 17:02:19,153 - RLController - INFO -   Example: junction B0 -> durations [24, 22, 22, 22] (total: 90s)
2026-09-23 17:02:19,153 - RLController - INFO -   Example: junction B1 -> durations [24, 22, 22, 22] (total: 90s)
2026-09-23 17:02:19,153 - RLController - INFO -   Example: junction B2 -> durations [24, 22, 22, 22] (total: 90s)
2026-09-23 17:02:19,153 - RLController - INFO -   Example: junction B4 -> durations [24, 22, 22, 22] (total: 90s)
2026-09-23 17:02:19,153 - RLController - INFO -   Example: junction B5 -> durations [60, 10, 10, 10] (total: 90s)
2026-09-23 17:02:19,153 - RLController - INFO -   Example: junction C0 -> durations [22, 22, 24, 22] (total: 90s)
2026-09-23 17:02:19,153 - RLController - INFO -   Example: junction C1 -> durations [24, 22, 22, 22] (total: 90s)
2026-09-23 17:02:19,153 - RLController - INFO -   Example: junction C2 -> durations [57, 13, 10, 10] (total: 90s)
2026-09-23 17:02:19,154 - RLController - INFO -   Example: junction C3 -> durations [60, 10, 10, 10] (total: 90s)
2026-09-23 17:02:19,154 - RLController - INFO -   Example: junction C4 -> durations [57, 11, 11, 11] (total: 90s)
2026-09-23 17:02:19,154 - RLController - INFO -   Example: junction C5 -> durations [57, 11, 11, 11] (total: 90s)
2026-09-23 17:02:19,154 - RLController - INFO -   Example: junction D0 -> durations [24, 22, 22, 22] (total: 90s)
2026-09-23 17:02:19,154 - RLController - INFO -   Example: junction D1 -> durations [21, 21, 27, 21] (total: 90s)
2026-09-23 17:02:19,154 - RLController - INFO -   Example: junction D2 -> durations [45, 15, 15, 15] (total: 90s)
2026-09-23 17:02:19,155 - RLController - INFO -   Example: junction D3 -> durations [24, 22, 22, 22] (total: 90s)
2026-09-23 17:02:19,155 - RLController - INFO -   Example: junction D4 -> durations [24, 22, 22, 22] (total: 90s)
2026-09-23 17:02:19,155 - RLController - INFO -   Example: junction D5 -> durations [13, 13, 51, 13] (total: 90s)
2026-09-23 17:02:19,155 - RLController - INFO -   Example: junction E0 -> durations [24, 22, 22, 22] (total: 90s)
2026-09-23 17:02:19,155 - RLController - INFO -   Example: junction E1 -> durations [24, 22, 22, 22] (total: 90s)
2026-09-23 17:02:19,156 - RLController - INFO -   Stored schedules for 34 junctions, cycle starts at step 1980
2026-09-23 17:02:20,762 - RLController - INFO - DIAGNOSTIC Step 2070 - Observation stats:
2026-09-23 17:02:20,762 - RLController - INFO -   Hash: 4212558142775851161, Min: 0.000000, Max: 1.000597, Mean: 0.410884, Std: 0.452538
2026-09-23 17:02:20,762 - RLController - INFO -   First 10: [1.  0.  0.  0.  0.  0.5 1.  0.  0.  0. ]
2026-09-23 17:02:20,762 - RLController - INFO -   Last 10: [0.         0.2        0.         0.08333334 0.44017094 0.00260769
 0.06478632 0.57089764 0.         0.3       ]
2026-09-23 17:02:20,766 - RLController - INFO - DIAGNOSTIC - Raw model action output:
2026-09-23 17:02:20,766 - RLController - INFO -   Action hash: -3527667922227845976
2026-09-23 17:02:20,766 - RLController - INFO -   First 8 values: [ -7.0638776 -10.        -10.        -10.        -10.        -10.
 -10.        -10.       ]
2026-09-23 17:02:20,766 - RLController - INFO -   Last 8 values: [-10.        -10.        -10.        -10.        -10.         -2.1800404
 -10.        -10.       ]
2026-09-23 17:02:20,766 - RLController - INFO -   Action shape: (136,), min: -10.000000, max: 4.710963, mean: -9.247970
2026-09-23 17:02:20,766 - RLController - INFO -   B0 junction (indices 16-19) raw values: [ -9.564213 -10.       -10.       -10.      ]
2026-09-23 17:02:20,766 - RLController - INFO - Using CONTINUOUS DURATION-BASED mode
2026-09-23 17:02:20,766 - RLController - INFO -   Example: junction A0 -> durations [51, 13, 13, 13] (total: 90s)
2026-09-23 17:02:20,767 - RLController - INFO -   Example: junction A1 -> durations [24, 22, 22, 22] (total: 90s)
2026-09-23 17:02:20,767 - RLController - INFO -   Example: junction A2 -> durations [12, 12, 54, 12] (total: 90s)
2026-09-23 17:02:20,767 - RLController - INFO -   Example: junction A4 -> durations [60, 10, 10, 10] (total: 90s)
2026-09-23 17:02:20,767 - RLController - INFO -   Example: junction A5 -> durations [24, 22, 22, 22] (total: 90s)
2026-09-23 17:02:20,767 - RLController - INFO -   Example: junction B0 -> durations [24, 22, 22, 22] (total: 90s)
2026-09-23 17:02:20,767 - RLController - INFO -   Example: junction B1 -> durations [24, 22, 22, 22] (total: 90s)
2026-09-23 17:02:20,767 - RLController - INFO -   Example: junction B2 -> durations [24, 22, 22, 22] (total: 90s)
2026-09-23 17:02:20,767 - RLController - INFO -   Example: junction B4 -> durations [24, 22, 22, 22] (total: 90s)
2026-09-23 17:02:20,767 - RLController - INFO -   Example: junction B5 -> durations [60, 10, 10, 10] (total: 90s)
2026-09-23 17:02:20,767 - RLController - INFO -   Example: junction C0 -> durations [22, 22, 24, 22] (total: 90s)
2026-09-23 17:02:20,768 - RLController - INFO -   Example: junction C1 -> durations [24, 22, 22, 22] (total: 90s)
2026-09-23 17:02:20,768 - RLController - INFO -   Example: junction C2 -> durations [57, 13, 10, 10] (total: 90s)
2026-09-23 17:02:20,768 - RLController - INFO -   Example: junction C3 -> durations [60, 10, 10, 10] (total: 90s)
2026-09-23 17:02:20,768 - RLController - INFO -   Example: junction C4 -> durations [57, 11, 11, 11] (total: 90s)
2026-09-23 17:02:20,768 - RLController - INFO -   Example: junction C5 -> durations [57, 11, 11, 11] (total: 90s)
2026-09-23 17:02:20,768 - RLController - INFO -   Example: junction D0 -> durations [24, 22, 22, 22] (total: 90s)
2026-09-23 17:02:20,768 - RLController - INFO -   Example: junction D1 -> durations [21, 21, 27, 21] (total: 90s)
2026-09-23 17:02:20,768 - RLController - INFO -   Example: junction D2 -> durations [45, 15, 15, 15] (total: 90s)
2026-09-23 17:02:20,768 - RLController - INFO -   Example: junction D3 -> durations [24, 22, 22, 22] (total: 90s)
2026-09-23 17:02:20,768 - RLController - INFO -   Example: junction D4 -> durations [24, 22, 22, 22] (total: 90s)
2026-09-23 17:02:20,769 - RLController - INFO -   Example: junction D5 -> durations [13, 13, 51, 13] (total: 90s)
2026-09-23 17:02:20,769 - RLController - INFO -   Example: junction E0 -> durations [24, 22, 22, 22] (total: 90s)
2026-09-23 17:02:20,769 - RLController - INFO -   Example: junction E1 -> durations [24, 22, 22, 22] (total: 90s)
2026-09-23 17:02:20,769 - RLController - INFO -   Stored schedules for 34 junctions, cycle starts at step 2070
2026-09-23 17:02:22,321 - RLController - INFO - DIAGNOSTIC Step 2160 - Observation stats:
2026-09-23 17:02:22,321 - RLController - INFO -   Hash: 8261881925941777801, Min: 0.000000, Max: 1.000000, Mean: 0.409416, Std: 0.450654
2026-09-23 17:02:22,322 - RLController - INFO -   First 10: [1.  0.  0.  0.  0.  0.5 1.  0.  0.  0. ]
2026-09-23 17:02:22,322 - RLController - INFO -   Last 10: [0.         0.2        0.         0.08333334 0.42307693 0.00290664
 0.06581197 0.59056836 0.         0.3       ]
2026-09-23 17:02:22,325 - RLController - INFO - DIAGNOSTIC - Raw model action output:
2026-09-23 17:02:22,325 - RLController - INFO -   Action hash: 1470034797528882728
2026-09-23 17:02:22,325 - RLController - INFO -   First 8 values: [ -7.2443576 -10.        -10.        -10.        -10.        -10.
 -10.        -10.       ]
2026-09-23 17:02:22,326 - RLController - INFO -   Last 8 values: [-10.        -10.        -10.        -10.        -10.         -2.0614955
 -10.        -10.       ]
2026-09-23 17:02:22,326 - RLController - INFO -   Action shape: (136,), min: -10.000000, max: 5.301888, mean: -9.243642
2026-09-23 17:02:22,326 - RLController - INFO -   B0 junction (indices 16-19) raw values: [ -9.249577 -10.       -10.       -10.      ]
2026-09-23 17:02:22,326 - RLController - INFO - Using CONTINUOUS DURATION-BASED mode
2026-09-23 17:02:22,326 - RLController - INFO -   Example: junction A0 -> durations [51, 13, 13, 13] (total: 90s)
2026-09-23 17:02:22,326 - RLController - INFO -   Example: junction A1 -> durations [24, 22, 22, 22] (total: 90s)
2026-09-23 17:02:22,326 - RLController - INFO -   Example: junction A2 -> durations [12, 12, 54, 12] (total: 90s)
2026-09-23 17:02:22,326 - RLController - INFO -   Example: junction A4 -> durations [60, 10, 10, 10] (total: 90s)
2026-09-23 17:02:22,327 - RLController - INFO -   Example: junction A5 -> durations [24, 22, 22, 22] (total: 90s)
2026-09-23 17:02:22,327 - RLController - INFO -   Example: junction B0 -> durations [24, 22, 22, 22] (total: 90s)
2026-09-23 17:02:22,327 - RLController - INFO -   Example: junction B1 -> durations [24, 22, 22, 22] (total: 90s)
2026-09-23 17:02:22,327 - RLController - INFO -   Example: junction B2 -> durations [24, 22, 22, 22] (total: 90s)
2026-09-23 17:02:22,327 - RLController - INFO -   Example: junction B4 -> durations [24, 22, 22, 22] (total: 90s)
2026-09-23 17:02:22,327 - RLController - INFO -   Example: junction B5 -> durations [60, 10, 10, 10] (total: 90s)
2026-09-23 17:02:22,327 - RLController - INFO -   Example: junction C0 -> durations [22, 22, 24, 22] (total: 90s)
2026-09-23 17:02:22,327 - RLController - INFO -   Example: junction C1 -> durations [24, 22, 22, 22] (total: 90s)
2026-09-23 17:02:22,327 - RLController - INFO -   Example: junction C2 -> durations [57, 13, 10, 10] (total: 90s)
2026-09-23 17:02:22,327 - RLController - INFO -   Example: junction C3 -> durations [60, 10, 10, 10] (total: 90s)
2026-09-23 17:02:22,328 - RLController - INFO -   Example: junction C4 -> durations [57, 11, 11, 11] (total: 90s)
2026-09-23 17:02:22,328 - RLController - INFO -   Example: junction C5 -> durations [57, 11, 11, 11] (total: 90s)
2026-09-23 17:02:22,328 - RLController - INFO -   Example: junction D0 -> durations [24, 22, 22, 22] (total: 90s)
2026-09-23 17:02:22,328 - RLController - INFO -   Example: junction D1 -> durations [21, 21, 27, 21] (total: 90s)
2026-09-23 17:02:22,328 - RLController - INFO -   Example: junction D2 -> durations [45, 15, 15, 15] (total: 90s)
2026-09-23 17:02:22,328 - RLController - INFO -   Example: junction D3 -> durations [24, 22, 22, 22] (total: 90s)
2026-09-23 17:02:22,328 - RLController - INFO -   Example: junction D4 -> durations [24, 22, 22, 22] (total: 90s)
2026-09-23 17:02:22,328 - RLController - INFO -   Example: junction D5 -> durations [13, 13, 51, 13] (total: 90s)
2026-09-23 17:02:22,328 - RLController - INFO -   Example: junction E0 -> durations [24, 22, 22, 22] (total: 90s)
2026-09-23 17:02:22,328 - RLController - INFO -   Example: junction E1 -> durations [24, 22, 22, 22] (total: 90s)
2026-09-23 17:02:22,329 - RLController - INFO -   Stored schedules for 34 junctions, cycle starts at step 2160
2026-09-23 17:02:24,116 - RLController - INFO - DIAGNOSTIC Step 2250 - Observation stats:
2026-09-23 17:02:24,116 - RLController - INFO -   Hash: 3928314848360522000, Min: 0.000000, Max: 1.000000, Mean: 0.416667, Std: 0.452493
2026-09-23 17:02:24,117 - RLController - INFO -   First 10: [1.  0.  0.  0.  0.  0.5 1.  0.  0.  0. ]
2026-09-23 17:02:24,117 - RLController - INFO -   Last 10: [0.         0.2        0.         0.08333334 0.4636752  0.00311283
 0.0681624  0.55305785 0.         0.3       ]
2026-09-23 17:02:24,121 - RLController - INFO - DIAGNOSTIC - Raw model action output:
2026-09-23 17:02:24,121 - RLController - INFO -   Action hash: 3127114962339459096
2026-09-23 17:02:24,121 - RLController - INFO -   First 8 values: [ -7.4350867 -10.        -10.        -10.        -10.        -10.
 -10.        -10.       ]
2026-09-23 17:02:24,121 - RLController - INFO -   Last 8 values: [-10.        -10.        -10.        -10.        -10.         -1.7767365
 -10.        -10.       ]
2026-09-23 17:02:24,122 - RLController - INFO -   Action shape: (136,), min: -10.000000, max: 4.599801, mean: -9.242629
2026-09-23 17:02:24,122 - RLController - INFO -   B0 junction (indices 16-19) raw values: [ -9.780324 -10.       -10.       -10.      ]
2026-09-23 17:02:24,122 - RLController - INFO - Using CONTINUOUS DURATION-BASED mode
2026-09-23 17:02:24,122 - RLController - INFO -   Example: junction A0 -> durations [51, 13, 13, 13] (total: 90s)
2026-09-23 17:02:24,122 - RLController - INFO -   Example: junction A1 -> durations [24, 22, 22, 22] (total: 90s)
2026-09-23 17:02:24,123 - RLController - INFO -   Example: junction A2 -> durations [12, 12, 54, 12] (total: 90s)
2026-09-23 17:02:24,123 - RLController - INFO -   Example: junction A4 -> durations [60, 10, 10, 10] (total: 90s)
2026-09-23 17:02:24,123 - RLController - INFO -   Example: junction A5 -> durations [24, 22, 22, 22] (total: 90s)
2026-09-23 17:02:24,123 - RLController - INFO -   Example: junction B0 -> durations [24, 22, 22, 22] (total: 90s)
2026-09-23 17:02:24,123 - RLController - INFO -   Example: junction B1 -> durations [24, 22, 22, 22] (total: 90s)
2026-09-23 17:02:24,123 - RLController - INFO -   Example: junction B2 -> durations [24, 22, 22, 22] (total: 90s)
2026-09-23 17:02:24,124 - RLController - INFO -   Example: junction B4 -> durations [24, 22, 22, 22] (total: 90s)
2026-09-23 17:02:24,124 - RLController - INFO -   Example: junction B5 -> durations [60, 10, 10, 10] (total: 90s)
2026-09-23 17:02:24,124 - RLController - INFO -   Example: junction C0 -> durations [22, 22, 24, 22] (total: 90s)
2026-09-23 17:02:24,124 - RLController - INFO -   Example: junction C1 -> durations [24, 22, 22, 22] (total: 90s)
2026-09-23 17:02:24,124 - RLController - INFO -   Example: junction C2 -> durations [57, 13, 10, 10] (total: 90s)
2026-09-23 17:02:24,125 - RLController - INFO -   Example: junction C3 -> durations [60, 10, 10, 10] (total: 90s)
2026-09-23 17:02:24,125 - RLController - INFO -   Example: junction C4 -> durations [57, 11, 11, 11] (total: 90s)
2026-09-23 17:02:24,125 - RLController - INFO -   Example: junction C5 -> durations [57, 11, 11, 11] (total: 90s)
2026-09-23 17:02:24,125 - RLController - INFO -   Example: junction D0 -> durations [24, 22, 22, 22] (total: 90s)
2026-09-23 17:02:24,125 - RLController - INFO -   Example: junction D1 -> durations [21, 21, 27, 21] (total: 90s)
2026-09-23 17:02:24,125 - RLController - INFO -   Example: junction D2 -> durations [45, 15, 15, 15] (total: 90s)
2026-09-23 17:02:24,126 - RLController - INFO -   Example: junction D3 -> durations [24, 22, 22, 22] (total: 90s)
2026-09-23 17:02:24,126 - RLController - INFO -   Example: junction D4 -> durations [24, 22, 22, 22] (total: 90s)
2026-09-23 17:02:24,126 - RLController - INFO -   Example: junction D5 -> durations [13, 13, 51, 13] (total: 90s)
2026-09-23 17:02:24,126 - RLController - INFO -   Example: junction E0 -> durations [24, 22, 22, 22] (total: 90s)
2026-09-23 17:02:24,126 - RLController - INFO -   Example: junction E1 -> durations [24, 22, 22, 22] (total: 90s)
2026-09-23 17:02:24,127 - RLController - INFO -   Stored schedules for 34 junctions, cycle starts at step 2250
2026-09-23 17:02:26,186 - RLController - INFO - DIAGNOSTIC Step 2340 - Observation stats:
2026-09-23 17:02:26,186 - RLController - INFO -   Hash: -3045112925132642739, Min: 0.000000, Max: 1.000000, Mean: 0.409017, Std: 0.451309
2026-09-23 17:02:26,187 - RLController - INFO -   First 10: [0.2        1.         0.97333336 1.         0.06434712 0.10305344
 0.         1.         0.99333334 1.        ]
2026-09-23 17:02:26,187 - RLController - INFO -   Last 10: [0.         0.2        0.         0.08333334 0.42094016 0.00277711
 0.06811966 0.5919042  0.         0.3       ]
2026-09-23 17:02:26,194 - RLController - INFO - DIAGNOSTIC - Raw model action output:
2026-09-23 17:02:26,194 - RLController - INFO -   Action hash: -3152081179003619956
2026-09-23 17:02:26,194 - RLController - INFO -   First 8 values: [ -7.295901 -10.       -10.       -10.       -10.       -10.
 -10.       -10.      ]
2026-09-23 17:02:26,194 - RLController - INFO -   Last 8 values: [-10.       -10.       -10.       -10.       -10.        -3.694495
 -10.       -10.      ]
2026-09-23 17:02:26,195 - RLController - INFO -   Action shape: (136,), min: -10.000000, max: 4.868920, mean: -9.270134
2026-09-23 17:02:26,195 - RLController - INFO -   B0 junction (indices 16-19) raw values: [ -9.910298 -10.       -10.       -10.      ]
2026-09-23 17:02:26,195 - RLController - INFO - Using CONTINUOUS DURATION-BASED mode
2026-09-23 17:02:26,195 - RLController - INFO -   Example: junction A0 -> durations [51, 13, 13, 13] (total: 90s)
2026-09-23 17:02:26,195 - RLController - INFO -   Example: junction A1 -> durations [24, 22, 22, 22] (total: 90s)
2026-09-23 17:02:26,195 - RLController - INFO -   Example: junction A2 -> durations [12, 12, 54, 12] (total: 90s)
2026-09-23 17:02:26,195 - RLController - INFO -   Example: junction A4 -> durations [60, 10, 10, 10] (total: 90s)
2026-09-23 17:02:26,196 - RLController - INFO -   Example: junction A5 -> durations [24, 22, 22, 22] (total: 90s)
2026-09-23 17:02:26,196 - RLController - INFO -   Example: junction B0 -> durations [24, 22, 22, 22] (total: 90s)
2026-09-23 17:02:26,196 - RLController - INFO -   Example: junction B1 -> durations [24, 22, 22, 22] (total: 90s)
2026-09-23 17:02:26,196 - RLController - INFO -   Example: junction B2 -> durations [24, 22, 22, 22] (total: 90s)
2026-09-23 17:02:26,196 - RLController - INFO -   Example: junction B4 -> durations [24, 22, 22, 22] (total: 90s)
2026-09-23 17:02:26,196 - RLController - INFO -   Example: junction B5 -> durations [60, 10, 10, 10] (total: 90s)
2026-09-23 17:02:26,196 - RLController - INFO -   Example: junction C0 -> durations [22, 22, 24, 22] (total: 90s)
2026-09-23 17:02:26,196 - RLController - INFO -   Example: junction C1 -> durations [24, 22, 22, 22] (total: 90s)
2026-09-23 17:02:26,197 - RLController - INFO -   Example: junction C2 -> durations [57, 13, 10, 10] (total: 90s)
2026-09-23 17:02:26,197 - RLController - INFO -   Example: junction C3 -> durations [60, 10, 10, 10] (total: 90s)
2026-09-23 17:02:26,197 - RLController - INFO -   Example: junction C4 -> durations [57, 11, 11, 11] (total: 90s)
2026-09-23 17:02:26,197 - RLController - INFO -   Example: junction C5 -> durations [57, 11, 11, 11] (total: 90s)
2026-09-23 17:02:26,197 - RLController - INFO -   Example: junction D0 -> durations [24, 22, 22, 22] (total: 90s)
2026-09-23 17:02:26,197 - RLController - INFO -   Example: junction D1 -> durations [21, 21, 27, 21] (total: 90s)
2026-09-23 17:02:26,197 - RLController - INFO -   Example: junction D2 -> durations [45, 15, 15, 15] (total: 90s)
2026-09-23 17:02:26,198 - RLController - INFO -   Example: junction D3 -> durations [24, 22, 22, 22] (total: 90s)
2026-09-23 17:02:26,198 - RLController - INFO -   Example: junction D4 -> durations [24, 22, 22, 22] (total: 90s)
2026-09-23 17:02:26,198 - RLController - INFO -   Example: junction D5 -> durations [13, 13, 51, 13] (total: 90s)
2026-09-23 17:02:26,198 - RLController - INFO -   Example: junction E0 -> durations [24, 22, 22, 22] (total: 90s)
2026-09-23 17:02:26,198 - RLController - INFO -   Example: junction E1 -> durations [24, 22, 22, 22] (total: 90s)
2026-09-23 17:02:26,199 - RLController - INFO -   Stored schedules for 34 junctions, cycle starts at step 2340
2026-09-23 17:02:28,113 - RLController - INFO - DIAGNOSTIC Step 2430 - Observation stats:
2026-09-23 17:02:28,114 - RLController - INFO -   Hash: -1568297433299668648, Min: 0.000000, Max: 1.000000, Mean: 0.415991, Std: 0.452618
2026-09-23 17:02:28,114 - RLController - INFO -   First 10: [0.5        0.         0.9266667  1.         0.00541354 0.26217228
 0.         1.         0.99333334 1.        ]
2026-09-23 17:02:28,114 - RLController - INFO -   Last 10: [0.         0.2        0.         0.08333334 0.45726496 0.0030937
 0.0681624  0.56163055 0.         0.3       ]
2026-09-23 17:02:28,117 - RLController - INFO - DIAGNOSTIC - Raw model action output:
2026-09-23 17:02:28,117 - RLController - INFO -   Action hash: 5513928809725480618
2026-09-23 17:02:28,118 - RLController - INFO -   First 8 values: [ -7.464105 -10.       -10.       -10.       -10.       -10.
 -10.       -10.      ]
2026-09-23 17:02:28,118 - RLController - INFO -   Last 8 values: [-10.        -10.        -10.        -10.        -10.         -2.4829195
 -10.        -10.       ]
2026-09-23 17:02:28,118 - RLController - INFO -   Action shape: (136,), min: -10.000000, max: 5.343200, mean: -9.226691
2026-09-23 17:02:28,118 - RLController - INFO -   B0 junction (indices 16-19) raw values: [ -9.540471 -10.       -10.       -10.      ]
2026-09-23 17:02:28,118 - RLController - INFO - Using CONTINUOUS DURATION-BASED mode
2026-09-23 17:02:28,119 - RLController - INFO -   Example: junction A0 -> durations [51, 13, 13, 13] (total: 90s)
2026-09-23 17:02:28,119 - RLController - INFO -   Example: junction A1 -> durations [24, 22, 22, 22] (total: 90s)
2026-09-23 17:02:28,119 - RLController - INFO -   Example: junction A2 -> durations [12, 12, 54, 12] (total: 90s)
2026-09-23 17:02:28,119 - RLController - INFO -   Example: junction A4 -> durations [60, 10, 10, 10] (total: 90s)
2026-09-23 17:02:28,119 - RLController - INFO -   Example: junction A5 -> durations [24, 22, 22, 22] (total: 90s)
2026-09-23 17:02:28,119 - RLController - INFO -   Example: junction B0 -> durations [24, 22, 22, 22] (total: 90s)
2026-09-23 17:02:28,119 - RLController - INFO -   Example: junction B1 -> durations [24, 22, 22, 22] (total: 90s)
2026-09-23 17:02:28,120 - RLController - INFO -   Example: junction B2 -> durations [24, 22, 22, 22] (total: 90s)
2026-09-23 17:02:28,120 - RLController - INFO -   Example: junction B4 -> durations [24, 22, 22, 22] (total: 90s)
2026-09-23 17:02:28,120 - RLController - INFO -   Example: junction B5 -> durations [60, 10, 10, 10] (total: 90s)
2026-09-23 17:02:28,120 - RLController - INFO -   Example: junction C0 -> durations [22, 22, 24, 22] (total: 90s)
2026-09-23 17:02:28,120 - RLController - INFO -   Example: junction C1 -> durations [24, 22, 22, 22] (total: 90s)
2026-09-23 17:02:28,120 - RLController - INFO -   Example: junction C2 -> durations [57, 13, 10, 10] (total: 90s)
2026-09-23 17:02:28,120 - RLController - INFO -   Example: junction C3 -> durations [60, 10, 10, 10] (total: 90s)
2026-09-23 17:02:28,120 - RLController - INFO -   Example: junction C4 -> durations [57, 11, 11, 11] (total: 90s)
2026-09-23 17:02:28,121 - RLController - INFO -   Example: junction C5 -> durations [57, 11, 11, 11] (total: 90s)
2026-09-23 17:02:28,121 - RLController - INFO -   Example: junction D0 -> durations [24, 22, 22, 22] (total: 90s)
2026-09-23 17:02:28,121 - RLController - INFO -   Example: junction D1 -> durations [21, 21, 27, 21] (total: 90s)
2026-09-23 17:02:28,121 - RLController - INFO -   Example: junction D2 -> durations [45, 15, 15, 15] (total: 90s)
2026-09-23 17:02:28,121 - RLController - INFO -   Example: junction D3 -> durations [24, 22, 22, 22] (total: 90s)
2026-09-23 17:02:28,121 - RLController - INFO -   Example: junction D4 -> durations [24, 22, 22, 22] (total: 90s)
2026-09-23 17:02:28,121 - RLController - INFO -   Example: junction D5 -> durations [13, 13, 51, 13] (total: 90s)
2026-09-23 17:02:28,122 - RLController - INFO -   Example: junction E0 -> durations [24, 22, 22, 22] (total: 90s)
2026-09-23 17:02:28,122 - RLController - INFO -   Example: junction E1 -> durations [24, 22, 22, 22] (total: 90s)
2026-09-23 17:02:28,122 - RLController - INFO -   Stored schedules for 34 junctions, cycle starts at step 2430
2026-09-23 17:02:30,109 - RLController - INFO - DIAGNOSTIC Step 2520 - Observation stats:
2026-09-23 17:02:30,109 - RLController - INFO -   Hash: -8214643065027677517, Min: 0.000000, Max: 1.000000, Mean: 0.416588, Std: 0.451973
2026-09-23 17:02:30,109 - RLController - INFO -   First 10: [1.         0.         0.         0.         0.         0.5234657
 0.         1.         0.99333334 1.        ]
2026-09-23 17:02:30,109 - RLController - INFO -   Last 10: [0.         0.2        0.         0.08333334 0.46581197 0.00361526
 0.06910256 0.5576182  0.         0.3       ]
2026-09-23 17:02:30,113 - RLController - INFO - DIAGNOSTIC - Raw model action output:
2026-09-23 17:02:30,113 - RLController - INFO -   Action hash: 6040561213970939626
2026-09-23 17:02:30,113 - RLController - INFO -   First 8 values: [ -7.4779906 -10.        -10.        -10.        -10.        -10.
 -10.        -10.       ]
2026-09-23 17:02:30,113 - RLController - INFO -   Last 8 values: [-10.        -10.        -10.        -10.        -10.         -2.5038455
 -10.        -10.       ]
2026-09-23 17:02:30,114 - RLController - INFO -   Action shape: (136,), min: -10.000000, max: 5.293876, mean: -9.226785
2026-09-23 17:02:30,114 - RLController - INFO -   B0 junction (indices 16-19) raw values: [ -9.895584 -10.       -10.       -10.      ]
2026-09-23 17:02:30,114 - RLController - INFO - Using CONTINUOUS DURATION-BASED mode
2026-09-23 17:02:30,114 - RLController - INFO -   Example: junction A0 -> durations [51, 13, 13, 13] (total: 90s)
2026-09-23 17:02:30,114 - RLController - INFO -   Example: junction A1 -> durations [24, 22, 22, 22] (total: 90s)
2026-09-23 17:02:30,115 - RLController - INFO -   Example: junction A2 -> durations [12, 12, 54, 12] (total: 90s)
2026-09-23 17:02:30,115 - RLController - INFO -   Example: junction A4 -> durations [60, 10, 10, 10] (total: 90s)
2026-09-23 17:02:30,115 - RLController - INFO -   Example: junction A5 -> durations [24, 22, 22, 22] (total: 90s)
2026-09-23 17:02:30,115 - RLController - INFO -   Example: junction B0 -> durations [24, 22, 22, 22] (total: 90s)
2026-09-23 17:02:30,115 - RLController - INFO -   Example: junction B1 -> durations [24, 22, 22, 22] (total: 90s)
2026-09-23 17:02:30,115 - RLController - INFO -   Example: junction B2 -> durations [24, 22, 22, 22] (total: 90s)
2026-09-23 17:02:30,115 - RLController - INFO -   Example: junction B4 -> durations [24, 22, 22, 22] (total: 90s)
2026-09-23 17:02:30,115 - RLController - INFO -   Example: junction B5 -> durations [60, 10, 10, 10] (total: 90s)
2026-09-23 17:02:30,115 - RLController - INFO -   Example: junction C0 -> durations [22, 22, 24, 22] (total: 90s)
2026-09-23 17:02:30,116 - RLController - INFO -   Example: junction C1 -> durations [24, 22, 22, 22] (total: 90s)
2026-09-23 17:02:30,116 - RLController - INFO -   Example: junction C2 -> durations [57, 13, 10, 10] (total: 90s)
2026-09-23 17:02:30,116 - RLController - INFO -   Example: junction C3 -> durations [60, 10, 10, 10] (total: 90s)
2026-09-23 17:02:30,116 - RLController - INFO -   Example: junction C4 -> durations [57, 11, 11, 11] (total: 90s)
2026-09-23 17:02:30,116 - RLController - INFO -   Example: junction C5 -> durations [57, 11, 11, 11] (total: 90s)
2026-09-23 17:02:30,116 - RLController - INFO -   Example: junction D0 -> durations [24, 22, 22, 22] (total: 90s)
2026-09-23 17:02:30,116 - RLController - INFO -   Example: junction D1 -> durations [21, 21, 27, 21] (total: 90s)
2026-09-23 17:02:30,116 - RLController - INFO -   Example: junction D2 -> durations [45, 15, 15, 15] (total: 90s)
2026-09-23 17:02:30,116 - RLController - INFO -   Example: junction D3 -> durations [24, 22, 22, 22] (total: 90s)
2026-09-23 17:02:30,117 - RLController - INFO -   Example: junction D4 -> durations [24, 22, 22, 22] (total: 90s)
2026-09-23 17:02:30,117 - RLController - INFO -   Example: junction D5 -> durations [13, 13, 51, 13] (total: 90s)
2026-09-23 17:02:30,117 - RLController - INFO -   Example: junction E0 -> durations [24, 22, 22, 22] (total: 90s)
2026-09-23 17:02:30,117 - RLController - INFO -   Example: junction E1 -> durations [24, 22, 22, 22] (total: 90s)
2026-09-23 17:02:30,117 - RLController - INFO -   Stored schedules for 34 junctions, cycle starts at step 2520
2026-09-23 17:02:32,557 - RLController - INFO - DIAGNOSTIC Step 2610 - Observation stats:
2026-09-23 17:02:32,558 - RLController - INFO -   Hash: 5418404816975596572, Min: 0.000000, Max: 1.000000, Mean: 0.415819, Std: 0.452409
2026-09-23 17:02:32,558 - RLController - INFO -   First 10: [1.         0.         0.         0.         0.         0.5226481
 0.         1.         0.99333334 1.        ]
2026-09-23 17:02:32,558 - RLController - INFO -   Last 10: [0.         0.2        0.         0.08333334 0.4636752  0.00327156
 0.0691453  0.5529548  0.         0.3       ]
2026-09-23 17:02:32,561 - RLController - INFO - DIAGNOSTIC - Raw model action output:
2026-09-23 17:02:32,561 - RLController - INFO -   Action hash: -6912671361059379202
2026-09-23 17:02:32,562 - RLController - INFO -   First 8 values: [ -7.3356223 -10.        -10.        -10.        -10.        -10.
 -10.        -10.       ]
2026-09-23 17:02:32,562 - RLController - INFO -   Last 8 values: [-10.       -10.       -10.       -10.       -10.        -2.167286
 -10.       -10.      ]
2026-09-23 17:02:32,562 - RLController - INFO -   Action shape: (136,), min: -10.000000, max: 5.260636, mean: -9.237549
2026-09-23 17:02:32,562 - RLController - INFO -   B0 junction (indices 16-19) raw values: [ -9.703265 -10.       -10.       -10.      ]
2026-09-23 17:02:32,562 - RLController - INFO - Using CONTINUOUS DURATION-BASED mode
2026-09-23 17:02:32,562 - RLController - INFO -   Example: junction A0 -> durations [51, 13, 13, 13] (total: 90s)
2026-09-23 17:02:32,563 - RLController - INFO -   Example: junction A1 -> durations [24, 22, 22, 22] (total: 90s)
2026-09-23 17:02:32,563 - RLController - INFO -   Example: junction A2 -> durations [12, 12, 54, 12] (total: 90s)
2026-09-23 17:02:32,563 - RLController - INFO -   Example: junction A4 -> durations [60, 10, 10, 10] (total: 90s)
2026-09-23 17:02:32,563 - RLController - INFO -   Example: junction A5 -> durations [24, 22, 22, 22] (total: 90s)
2026-09-23 17:02:32,563 - RLController - INFO -   Example: junction B0 -> durations [24, 22, 22, 22] (total: 90s)
2026-09-23 17:02:32,563 - RLController - INFO -   Example: junction B1 -> durations [24, 22, 22, 22] (total: 90s)
2026-09-23 17:02:32,563 - RLController - INFO -   Example: junction B2 -> durations [24, 22, 22, 22] (total: 90s)
2026-09-23 17:02:32,563 - RLController - INFO -   Example: junction B4 -> durations [24, 22, 22, 22] (total: 90s)
2026-09-23 17:02:32,563 - RLController - INFO -   Example: junction B5 -> durations [60, 10, 10, 10] (total: 90s)
2026-09-23 17:02:32,564 - RLController - INFO -   Example: junction C0 -> durations [22, 22, 24, 22] (total: 90s)
2026-09-23 17:02:32,564 - RLController - INFO -   Example: junction C1 -> durations [24, 22, 22, 22] (total: 90s)
2026-09-23 17:02:32,564 - RLController - INFO -   Example: junction C2 -> durations [57, 13, 10, 10] (total: 90s)
2026-09-23 17:02:32,564 - RLController - INFO -   Example: junction C3 -> durations [60, 10, 10, 10] (total: 90s)
2026-09-23 17:02:32,564 - RLController - INFO -   Example: junction C4 -> durations [57, 11, 11, 11] (total: 90s)
2026-09-23 17:02:32,564 - RLController - INFO -   Example: junction C5 -> durations [57, 11, 11, 11] (total: 90s)
2026-09-23 17:02:32,564 - RLController - INFO -   Example: junction D0 -> durations [24, 22, 22, 22] (total: 90s)
2026-09-23 17:02:32,564 - RLController - INFO -   Example: junction D1 -> durations [21, 21, 27, 21] (total: 90s)
2026-09-23 17:02:32,564 - RLController - INFO -   Example: junction D2 -> durations [45, 15, 15, 15] (total: 90s)
2026-09-23 17:02:32,564 - RLController - INFO -   Example: junction D3 -> durations [24, 22, 22, 22] (total: 90s)
2026-09-23 17:02:32,565 - RLController - INFO -   Example: junction D4 -> durations [24, 22, 22, 22] (total: 90s)
2026-09-23 17:02:32,565 - RLController - INFO -   Example: junction D5 -> durations [13, 13, 51, 13] (total: 90s)
2026-09-23 17:02:32,565 - RLController - INFO -   Example: junction E0 -> durations [24, 22, 22, 22] (total: 90s)
2026-09-23 17:02:32,565 - RLController - INFO -   Example: junction E1 -> durations [24, 22, 22, 22] (total: 90s)
2026-09-23 17:02:32,565 - RLController - INFO -   Stored schedules for 34 junctions, cycle starts at step 2610
2026-09-23 17:02:34,411 - RLController - INFO - DIAGNOSTIC Step 2700 - Observation stats:
2026-09-23 17:02:34,411 - RLController - INFO -   Hash: 8685772154934361606, Min: 0.000000, Max: 1.000000, Mean: 0.417764, Std: 0.452474
2026-09-23 17:02:34,411 - RLController - INFO -   First 10: [1.         0.         0.         0.         0.         0.5226481
 0.         1.         0.99333334 1.        ]
2026-09-23 17:02:34,411 - RLController - INFO -   Last 10: [0.         0.2        0.         0.08333334 0.46153846 0.00360165
 0.0708547  0.55843985 0.         0.3       ]
2026-09-23 17:02:34,415 - RLController - INFO - DIAGNOSTIC - Raw model action output:
2026-09-23 17:02:34,415 - RLController - INFO -   Action hash: -2621752443295801304
2026-09-23 17:02:34,415 - RLController - INFO -   First 8 values: [ -7.016967 -10.       -10.       -10.       -10.       -10.
 -10.       -10.      ]
2026-09-23 17:02:34,415 - RLController - INFO -   Last 8 values: [-10.       -10.       -10.       -10.       -10.        -1.629216
 -10.       -10.      ]
2026-09-23 17:02:34,416 - RLController - INFO -   Action shape: (136,), min: -10.000000, max: 4.592646, mean: -9.235484
2026-09-23 17:02:34,416 - RLController - INFO -   B0 junction (indices 16-19) raw values: [ -9.579533 -10.       -10.       -10.      ]
2026-09-23 17:02:34,416 - RLController - INFO - Using CONTINUOUS DURATION-BASED mode
2026-09-23 17:02:34,416 - RLController - INFO -   Example: junction A0 -> durations [51, 13, 13, 13] (total: 90s)
2026-09-23 17:02:34,416 - RLController - INFO -   Example: junction A1 -> durations [24, 22, 22, 22] (total: 90s)
2026-09-23 17:02:34,416 - RLController - INFO -   Example: junction A2 -> durations [12, 12, 54, 12] (total: 90s)
2026-09-23 17:02:34,416 - RLController - INFO -   Example: junction A4 -> durations [60, 10, 10, 10] (total: 90s)
2026-09-23 17:02:34,416 - RLController - INFO -   Example: junction A5 -> durations [24, 22, 22, 22] (total: 90s)
2026-09-23 17:02:34,416 - RLController - INFO -   Example: junction B0 -> durations [24, 22, 22, 22] (total: 90s)
2026-09-23 17:02:34,417 - RLController - INFO -   Example: junction B1 -> durations [24, 22, 22, 22] (total: 90s)
2026-09-23 17:02:34,417 - RLController - INFO -   Example: junction B2 -> durations [24, 22, 22, 22] (total: 90s)
2026-09-23 17:02:34,417 - RLController - INFO -   Example: junction B4 -> durations [24, 22, 22, 22] (total: 90s)
2026-09-23 17:02:34,417 - RLController - INFO -   Example: junction B5 -> durations [60, 10, 10, 10] (total: 90s)
2026-09-23 17:02:34,417 - RLController - INFO -   Example: junction C0 -> durations [22, 22, 24, 22] (total: 90s)
2026-09-23 17:02:34,417 - RLController - INFO -   Example: junction C1 -> durations [24, 22, 22, 22] (total: 90s)
2026-09-23 17:02:34,417 - RLController - INFO -   Example: junction C2 -> durations [57, 13, 10, 10] (total: 90s)
2026-09-23 17:02:34,417 - RLController - INFO -   Example: junction C3 -> durations [60, 10, 10, 10] (total: 90s)
2026-09-23 17:02:34,417 - RLController - INFO -   Example: junction C4 -> durations [57, 11, 11, 11] (total: 90s)
2026-09-23 17:02:34,418 - RLController - INFO -   Example: junction C5 -> durations [57, 11, 11, 11] (total: 90s)
2026-09-23 17:02:34,418 - RLController - INFO -   Example: junction D0 -> durations [24, 22, 22, 22] (total: 90s)
2026-09-23 17:02:34,418 - RLController - INFO -   Example: junction D1 -> durations [21, 21, 27, 21] (total: 90s)
2026-09-23 17:02:34,418 - RLController - INFO -   Example: junction D2 -> durations [45, 15, 15, 15] (total: 90s)
2026-09-23 17:02:34,418 - RLController - INFO -   Example: junction D3 -> durations [24, 22, 22, 22] (total: 90s)
2026-09-23 17:02:34,418 - RLController - INFO -   Example: junction D4 -> durations [24, 22, 22, 22] (total: 90s)
2026-09-23 17:02:34,418 - RLController - INFO -   Example: junction D5 -> durations [13, 13, 51, 13] (total: 90s)
2026-09-23 17:02:34,418 - RLController - INFO -   Example: junction E0 -> durations [24, 22, 22, 22] (total: 90s)
2026-09-23 17:02:34,418 - RLController - INFO -   Example: junction E1 -> durations [24, 22, 22, 22] (total: 90s)
2026-09-23 17:02:34,419 - RLController - INFO -   Stored schedules for 34 junctions, cycle starts at step 2700
2026-09-23 17:02:36,452 - RLController - INFO - DIAGNOSTIC Step 2790 - Observation stats:
2026-09-23 17:02:36,452 - RLController - INFO -   Hash: 635191602330225755, Min: 0.000000, Max: 1.000000, Mean: 0.428151, Std: 0.454635
2026-09-23 17:02:36,452 - RLController - INFO -   First 10: [1.         0.         0.         0.         0.         0.5226481
 0.         1.         0.99333334 1.        ]
2026-09-23 17:02:36,453 - RLController - INFO -   Last 10: [0.         0.2        0.         0.08333334 0.48290598 0.00408791
 0.07149573 0.5384944  0.         0.3       ]
2026-09-23 17:02:36,456 - RLController - INFO - DIAGNOSTIC - Raw model action output:
2026-09-23 17:02:36,456 - RLController - INFO -   Action hash: 566142413386770007
2026-09-23 17:02:36,456 - RLController - INFO -   First 8 values: [ -7.2762065 -10.        -10.        -10.        -10.        -10.
 -10.        -10.       ]
2026-09-23 17:02:36,457 - RLController - INFO -   Last 8 values: [-10.        -10.        -10.        -10.        -10.         -1.5696871
 -10.        -10.       ]
2026-09-23 17:02:36,457 - RLController - INFO -   Action shape: (136,), min: -10.000000, max: 4.948547, mean: -9.264529
2026-09-23 17:02:36,457 - RLController - INFO -   B0 junction (indices 16-19) raw values: [ -9.90554 -10.      -10.      -10.     ]
2026-09-23 17:02:36,457 - RLController - INFO - Using CONTINUOUS DURATION-BASED mode
2026-09-23 17:02:36,457 - RLController - INFO -   Example: junction A0 -> durations [51, 13, 13, 13] (total: 90s)
2026-09-23 17:02:36,457 - RLController - INFO -   Example: junction A1 -> durations [24, 22, 22, 22] (total: 90s)
2026-09-23 17:02:36,458 - RLController - INFO -   Example: junction A2 -> durations [12, 12, 54, 12] (total: 90s)
2026-09-23 17:02:36,458 - RLController - INFO -   Example: junction A4 -> durations [60, 10, 10, 10] (total: 90s)
2026-09-23 17:02:36,458 - RLController - INFO -   Example: junction A5 -> durations [24, 22, 22, 22] (total: 90s)
2026-09-23 17:02:36,458 - RLController - INFO -   Example: junction B0 -> durations [24, 22, 22, 22] (total: 90s)
2026-09-23 17:02:36,458 - RLController - INFO -   Example: junction B1 -> durations [24, 22, 22, 22] (total: 90s)
2026-09-23 17:02:36,458 - RLController - INFO -   Example: junction B2 -> durations [24, 22, 22, 22] (total: 90s)
2026-09-23 17:02:36,458 - RLController - INFO -   Example: junction B4 -> durations [24, 22, 22, 22] (total: 90s)
2026-09-23 17:02:36,458 - RLController - INFO -   Example: junction B5 -> durations [60, 10, 10, 10] (total: 90s)
2026-09-23 17:02:36,459 - RLController - INFO -   Example: junction C0 -> durations [22, 22, 24, 22] (total: 90s)
2026-09-23 17:02:36,459 - RLController - INFO -   Example: junction C1 -> durations [24, 22, 22, 22] (total: 90s)
2026-09-23 17:02:36,459 - RLController - INFO -   Example: junction C2 -> durations [57, 13, 10, 10] (total: 90s)
2026-09-23 17:02:36,459 - RLController - INFO -   Example: junction C3 -> durations [60, 10, 10, 10] (total: 90s)
2026-09-23 17:02:36,459 - RLController - INFO -   Example: junction C4 -> durations [57, 11, 11, 11] (total: 90s)
2026-09-23 17:02:36,459 - RLController - INFO -   Example: junction C5 -> durations [57, 11, 11, 11] (total: 90s)
2026-09-23 17:02:36,459 - RLController - INFO -   Example: junction D0 -> durations [24, 22, 22, 22] (total: 90s)
2026-09-23 17:02:36,459 - RLController - INFO -   Example: junction D1 -> durations [21, 21, 27, 21] (total: 90s)
2026-09-23 17:02:36,460 - RLController - INFO -   Example: junction D2 -> durations [45, 15, 15, 15] (total: 90s)
2026-09-23 17:02:36,460 - RLController - INFO -   Example: junction D3 -> durations [24, 22, 22, 22] (total: 90s)
2026-09-23 17:02:36,460 - RLController - INFO -   Example: junction D4 -> durations [24, 22, 22, 22] (total: 90s)
2026-09-23 17:02:36,460 - RLController - INFO -   Example: junction D5 -> durations [13, 13, 51, 13] (total: 90s)
2026-09-23 17:02:36,460 - RLController - INFO -   Example: junction E0 -> durations [24, 22, 22, 22] (total: 90s)
2026-09-23 17:02:36,460 - RLController - INFO -   Example: junction E1 -> durations [24, 22, 22, 22] (total: 90s)
2026-09-23 17:02:36,461 - RLController - INFO -   Stored schedules for 34 junctions, cycle starts at step 2790
2026-09-23 17:02:38,485 - RLController - INFO - DIAGNOSTIC Step 2880 - Observation stats:
2026-09-23 17:02:38,485 - RLController - INFO -   Hash: 4296961270708853462, Min: 0.000000, Max: 1.000000, Mean: 0.420405, Std: 0.453927
2026-09-23 17:02:38,486 - RLController - INFO -   First 10: [1.         0.         0.         0.         0.         0.5226481
 0.         1.         0.99333334 1.        ]
2026-09-23 17:02:38,486 - RLController - INFO -   Last 10: [0.         0.2        0.         0.08333334 0.4636752  0.0033199
 0.07141025 0.55460995 0.         0.3       ]
2026-09-23 17:02:38,489 - RLController - INFO - DIAGNOSTIC - Raw model action output:
2026-09-23 17:02:38,490 - RLController - INFO -   Action hash: 4160769882455901929
2026-09-23 17:02:38,490 - RLController - INFO -   First 8 values: [ -7.022391 -10.       -10.       -10.       -10.       -10.
 -10.       -10.      ]
2026-09-23 17:02:38,490 - RLController - INFO -   Last 8 values: [-10.        -10.        -10.        -10.        -10.         -1.9919655
 -10.        -10.       ]
2026-09-23 17:02:38,490 - RLController - INFO -   Action shape: (136,), min: -10.000000, max: 5.050820, mean: -9.226517
2026-09-23 17:02:38,490 - RLController - INFO -   B0 junction (indices 16-19) raw values: [ -9.771753 -10.       -10.       -10.      ]
2026-09-23 17:02:38,490 - RLController - INFO - Using CONTINUOUS DURATION-BASED mode
2026-09-23 17:02:38,491 - RLController - INFO -   Example: junction A0 -> durations [51, 13, 13, 13] (total: 90s)
2026-09-23 17:02:38,491 - RLController - INFO -   Example: junction A1 -> durations [24, 22, 22, 22] (total: 90s)
2026-09-23 17:02:38,491 - RLController - INFO -   Example: junction A2 -> durations [12, 12, 54, 12] (total: 90s)
2026-09-23 17:02:38,491 - RLController - INFO -   Example: junction A4 -> durations [60, 10, 10, 10] (total: 90s)
2026-09-23 17:02:38,491 - RLController - INFO -   Example: junction A5 -> durations [24, 22, 22, 22] (total: 90s)
2026-09-23 17:02:38,491 - RLController - INFO -   Example: junction B0 -> durations [24, 22, 22, 22] (total: 90s)
2026-09-23 17:02:38,492 - RLController - INFO -   Example: junction B1 -> durations [24, 22, 22, 22] (total: 90s)
2026-09-23 17:02:38,492 - RLController - INFO -   Example: junction B2 -> durations [24, 22, 22, 22] (total: 90s)
2026-09-23 17:02:38,492 - RLController - INFO -   Example: junction B4 -> durations [24, 22, 22, 22] (total: 90s)
2026-09-23 17:02:38,492 - RLController - INFO -   Example: junction B5 -> durations [60, 10, 10, 10] (total: 90s)
2026-09-23 17:02:38,492 - RLController - INFO -   Example: junction C0 -> durations [22, 22, 24, 22] (total: 90s)
2026-09-23 17:02:38,492 - RLController - INFO -   Example: junction C1 -> durations [24, 22, 22, 22] (total: 90s)
2026-09-23 17:02:38,492 - RLController - INFO -   Example: junction C2 -> durations [57, 13, 10, 10] (total: 90s)
2026-09-23 17:02:38,492 - RLController - INFO -   Example: junction C3 -> durations [60, 10, 10, 10] (total: 90s)
2026-09-23 17:02:38,493 - RLController - INFO -   Example: junction C4 -> durations [57, 11, 11, 11] (total: 90s)
2026-09-23 17:02:38,493 - RLController - INFO -   Example: junction C5 -> durations [57, 11, 11, 11] (total: 90s)
2026-09-23 17:02:38,493 - RLController - INFO -   Example: junction D0 -> durations [24, 22, 22, 22] (total: 90s)
2026-09-23 17:02:38,493 - RLController - INFO -   Example: junction D1 -> durations [21, 21, 27, 21] (total: 90s)
2026-09-23 17:02:38,493 - RLController - INFO -   Example: junction D2 -> durations [45, 15, 15, 15] (total: 90s)
2026-09-23 17:02:38,493 - RLController - INFO -   Example: junction D3 -> durations [24, 22, 22, 22] (total: 90s)
2026-09-23 17:02:38,493 - RLController - INFO -   Example: junction D4 -> durations [24, 22, 22, 22] (total: 90s)
2026-09-23 17:02:38,493 - RLController - INFO -   Example: junction D5 -> durations [13, 13, 51, 13] (total: 90s)
2026-09-23 17:02:38,494 - RLController - INFO -   Example: junction E0 -> durations [24, 22, 22, 22] (total: 90s)
2026-09-23 17:02:38,494 - RLController - INFO -   Example: junction E1 -> durations [24, 22, 22, 22] (total: 90s)
2026-09-23 17:02:38,494 - RLController - INFO -   Stored schedules for 34 junctions, cycle starts at step 2880
2026-09-23 17:02:40,885 - RLController - INFO - DIAGNOSTIC Step 2970 - Observation stats:
2026-09-23 17:02:40,885 - RLController - INFO -   Hash: -2326036373115988542, Min: 0.000000, Max: 1.000000, Mean: 0.423252, Std: 0.453907
2026-09-23 17:02:40,886 - RLController - INFO -   First 10: [1.        0.        0.        0.        0.        0.5226481 1.
 0.        0.        0.       ]
2026-09-23 17:02:40,886 - RLController - INFO -   Last 10: [0.         0.2        0.         0.08333334 0.48504272 0.00351546
 0.07303419 0.53323466 0.         0.3       ]
2026-09-23 17:02:40,889 - RLController - INFO - DIAGNOSTIC - Raw model action output:
2026-09-23 17:02:40,889 - RLController - INFO -   Action hash: -8094378079102369495
2026-09-23 17:02:40,890 - RLController - INFO -   First 8 values: [ -7.2369084 -10.        -10.        -10.        -10.        -10.
 -10.        -10.       ]
2026-09-23 17:02:40,890 - RLController - INFO -   Last 8 values: [-10.        -10.        -10.        -10.        -10.         -1.8562117
 -10.        -10.       ]
2026-09-23 17:02:40,890 - RLController - INFO -   Action shape: (136,), min: -10.000000, max: 5.047864, mean: -9.246837
2026-09-23 17:02:40,890 - RLController - INFO -   B0 junction (indices 16-19) raw values: [ -9.788496 -10.       -10.       -10.      ]
2026-09-23 17:02:40,890 - RLController - INFO - Using CONTINUOUS DURATION-BASED mode
2026-09-23 17:02:40,891 - RLController - INFO -   Example: junction A0 -> durations [51, 13, 13, 13] (total: 90s)
2026-09-23 17:02:40,891 - RLController - INFO -   Example: junction A1 -> durations [24, 22, 22, 22] (total: 90s)
2026-09-23 17:02:40,891 - RLController - INFO -   Example: junction A2 -> durations [12, 12, 54, 12] (total: 90s)
2026-09-23 17:02:40,891 - RLController - INFO -   Example: junction A4 -> durations [60, 10, 10, 10] (total: 90s)
2026-09-23 17:02:40,891 - RLController - INFO -   Example: junction A5 -> durations [24, 22, 22, 22] (total: 90s)
2026-09-23 17:02:40,891 - RLController - INFO -   Example: junction B0 -> durations [24, 22, 22, 22] (total: 90s)
2026-09-23 17:02:40,891 - RLController - INFO -   Example: junction B1 -> durations [24, 22, 22, 22] (total: 90s)
2026-09-23 17:02:40,892 - RLController - INFO -   Example: junction B2 -> durations [24, 22, 22, 22] (total: 90s)
2026-09-23 17:02:40,892 - RLController - INFO -   Example: junction B4 -> durations [24, 22, 22, 22] (total: 90s)
2026-09-23 17:02:40,892 - RLController - INFO -   Example: junction B5 -> durations [60, 10, 10, 10] (total: 90s)
2026-09-23 17:02:40,892 - RLController - INFO -   Example: junction C0 -> durations [22, 22, 24, 22] (total: 90s)
2026-09-23 17:02:40,892 - RLController - INFO -   Example: junction C1 -> durations [24, 22, 22, 22] (total: 90s)
2026-09-23 17:02:40,892 - RLController - INFO -   Example: junction C2 -> durations [57, 13, 10, 10] (total: 90s)
2026-09-23 17:02:40,892 - RLController - INFO -   Example: junction C3 -> durations [60, 10, 10, 10] (total: 90s)
2026-09-23 17:02:40,893 - RLController - INFO -   Example: junction C4 -> durations [57, 11, 11, 11] (total: 90s)
2026-09-23 17:02:40,893 - RLController - INFO -   Example: junction C5 -> durations [57, 11, 11, 11] (total: 90s)
2026-09-23 17:02:40,893 - RLController - INFO -   Example: junction D0 -> durations [24, 22, 22, 22] (total: 90s)
2026-09-23 17:02:40,893 - RLController - INFO -   Example: junction D1 -> durations [21, 21, 27, 21] (total: 90s)
2026-09-23 17:02:40,893 - RLController - INFO -   Example: junction D2 -> durations [45, 15, 15, 15] (total: 90s)
2026-09-23 17:02:40,893 - RLController - INFO -   Example: junction D3 -> durations [24, 22, 22, 22] (total: 90s)
2026-09-23 17:02:40,894 - RLController - INFO -   Example: junction D4 -> durations [24, 22, 22, 22] (total: 90s)
2026-09-23 17:02:40,894 - RLController - INFO -   Example: junction D5 -> durations [13, 13, 51, 13] (total: 90s)
2026-09-23 17:02:40,894 - RLController - INFO -   Example: junction E0 -> durations [24, 22, 22, 22] (total: 90s)
2026-09-23 17:02:40,894 - RLController - INFO -   Example: junction E1 -> durations [24, 22, 22, 22] (total: 90s)
2026-09-23 17:02:40,895 - RLController - INFO -   Stored schedules for 34 junctions, cycle starts at step 2970
2026-09-23 17:02:43,097 - RLController - INFO - DIAGNOSTIC Step 3060 - Observation stats:
2026-09-23 17:02:43,097 - RLController - INFO -   Hash: -8783941199599768648, Min: 0.000000, Max: 1.000000, Mean: 0.424540, Std: 0.453820
2026-09-23 17:02:43,097 - RLController - INFO -   First 10: [1.        0.        0.        0.        0.        0.5226481 1.
 0.        0.        0.       ]
2026-09-23 17:02:43,098 - RLController - INFO -   Last 10: [0.         0.2        0.         0.08333334 0.4764957  0.00334789
 0.07346154 0.5429971  0.         0.3       ]
2026-09-23 17:02:43,101 - RLController - INFO - DIAGNOSTIC - Raw model action output:
2026-09-23 17:02:43,101 - RLController - INFO -   Action hash: 1267206893964691086
2026-09-23 17:02:43,102 - RLController - INFO -   First 8 values: [ -7.418633 -10.       -10.       -10.       -10.       -10.
 -10.       -10.      ]
2026-09-23 17:02:43,102 - RLController - INFO -   Last 8 values: [-10.       -10.       -10.       -10.       -10.        -1.939703
 -10.       -10.      ]
2026-09-23 17:02:43,102 - RLController - INFO -   Action shape: (136,), min: -10.000000, max: 5.749969, mean: -9.249379
2026-09-23 17:02:43,102 - RLController - INFO -   B0 junction (indices 16-19) raw values: [ -9.701242 -10.       -10.       -10.      ]
2026-09-23 17:02:43,102 - RLController - INFO - Using CONTINUOUS DURATION-BASED mode
2026-09-23 17:02:43,103 - RLController - INFO -   Example: junction A0 -> durations [51, 13, 13, 13] (total: 90s)
2026-09-23 17:02:43,103 - RLController - INFO -   Example: junction A1 -> durations [24, 22, 22, 22] (total: 90s)
2026-09-23 17:02:43,103 - RLController - INFO -   Example: junction A2 -> durations [12, 12, 54, 12] (total: 90s)
2026-09-23 17:02:43,103 - RLController - INFO -   Example: junction A4 -> durations [60, 10, 10, 10] (total: 90s)
2026-09-23 17:02:43,103 - RLController - INFO -   Example: junction A5 -> durations [24, 22, 22, 22] (total: 90s)
2026-09-23 17:02:43,103 - RLController - INFO -   Example: junction B0 -> durations [24, 22, 22, 22] (total: 90s)
2026-09-23 17:02:43,104 - RLController - INFO -   Example: junction B1 -> durations [24, 22, 22, 22] (total: 90s)
2026-09-23 17:02:43,104 - RLController - INFO -   Example: junction B2 -> durations [24, 22, 22, 22] (total: 90s)
2026-09-23 17:02:43,104 - RLController - INFO -   Example: junction B4 -> durations [24, 22, 22, 22] (total: 90s)
2026-09-23 17:02:43,104 - RLController - INFO -   Example: junction B5 -> durations [60, 10, 10, 10] (total: 90s)
2026-09-23 17:02:43,104 - RLController - INFO -   Example: junction C0 -> durations [22, 22, 24, 22] (total: 90s)
2026-09-23 17:02:43,104 - RLController - INFO -   Example: junction C1 -> durations [24, 22, 22, 22] (total: 90s)
2026-09-23 17:02:43,104 - RLController - INFO -   Example: junction C2 -> durations [57, 13, 10, 10] (total: 90s)
2026-09-23 17:02:43,105 - RLController - INFO -   Example: junction C3 -> durations [60, 10, 10, 10] (total: 90s)
2026-09-23 17:02:43,105 - RLController - INFO -   Example: junction C4 -> durations [57, 11, 11, 11] (total: 90s)
2026-09-23 17:02:43,105 - RLController - INFO -   Example: junction C5 -> durations [57, 11, 11, 11] (total: 90s)
2026-09-23 17:02:43,105 - RLController - INFO -   Example: junction D0 -> durations [24, 22, 22, 22] (total: 90s)
2026-09-23 17:02:43,105 - RLController - INFO -   Example: junction D1 -> durations [21, 21, 27, 21] (total: 90s)
2026-09-23 17:02:43,105 - RLController - INFO -   Example: junction D2 -> durations [45, 15, 15, 15] (total: 90s)
2026-09-23 17:02:43,105 - RLController - INFO -   Example: junction D3 -> durations [24, 22, 22, 22] (total: 90s)
2026-09-23 17:02:43,105 - RLController - INFO -   Example: junction D4 -> durations [24, 22, 22, 22] (total: 90s)
2026-09-23 17:02:43,106 - RLController - INFO -   Example: junction D5 -> durations [13, 13, 51, 13] (total: 90s)
2026-09-23 17:02:43,106 - RLController - INFO -   Example: junction E0 -> durations [24, 22, 22, 22] (total: 90s)
2026-09-23 17:02:43,106 - RLController - INFO -   Example: junction E1 -> durations [24, 22, 22, 22] (total: 90s)
2026-09-23 17:02:43,107 - RLController - INFO -   Stored schedules for 34 junctions, cycle starts at step 3060
2026-09-23 17:02:45,351 - RLController - INFO - DIAGNOSTIC Step 3150 - Observation stats:
2026-09-23 17:02:45,351 - RLController - INFO -   Hash: 6378501736497911765, Min: 0.000000, Max: 1.000000, Mean: 0.433036, Std: 0.455474
2026-09-23 17:02:45,352 - RLController - INFO -   First 10: [1.         0.         0.         0.         0.         0.5226481
 0.         1.         0.99333334 1.        ]
2026-09-23 17:02:45,352 - RLController - INFO -   Last 10: [0.         0.2        0.         0.08333334 0.48290598 0.00383183
 0.07358974 0.53832376 0.         0.3       ]
2026-09-23 17:02:45,355 - RLController - INFO - DIAGNOSTIC - Raw model action output:
2026-09-23 17:02:45,355 - RLController - INFO -   Action hash: 7600846900589251692
2026-09-23 17:02:45,355 - RLController - INFO -   First 8 values: [ -7.4762406 -10.        -10.        -10.        -10.        -10.
 -10.        -10.       ]
2026-09-23 17:02:45,355 - RLController - INFO -   Last 8 values: [-10.       -10.       -10.       -10.       -10.        -2.523679
 -10.       -10.      ]
2026-09-23 17:02:45,355 - RLController - INFO -   Action shape: (136,), min: -10.000000, max: 5.041009, mean: -9.285439
2026-09-23 17:02:45,356 - RLController - INFO -   B0 junction (indices 16-19) raw values: [ -9.743803 -10.       -10.       -10.      ]
2026-09-23 17:02:45,356 - RLController - INFO - Using CONTINUOUS DURATION-BASED mode
2026-09-23 17:02:45,356 - RLController - INFO -   Example: junction A0 -> durations [51, 13, 13, 13] (total: 90s)
2026-09-23 17:02:45,356 - RLController - INFO -   Example: junction A1 -> durations [24, 22, 22, 22] (total: 90s)
2026-09-23 17:02:45,356 - RLController - INFO -   Example: junction A2 -> durations [12, 12, 54, 12] (total: 90s)
2026-09-23 17:02:45,356 - RLController - INFO -   Example: junction A4 -> durations [60, 10, 10, 10] (total: 90s)
2026-09-23 17:02:45,356 - RLController - INFO -   Example: junction A5 -> durations [24, 22, 22, 22] (total: 90s)
2026-09-23 17:02:45,356 - RLController - INFO -   Example: junction B0 -> durations [24, 22, 22, 22] (total: 90s)
2026-09-23 17:02:45,356 - RLController - INFO -   Example: junction B1 -> durations [24, 22, 22, 22] (total: 90s)
2026-09-23 17:02:45,357 - RLController - INFO -   Example: junction B2 -> durations [24, 22, 22, 22] (total: 90s)
2026-09-23 17:02:45,357 - RLController - INFO -   Example: junction B4 -> durations [24, 22, 22, 22] (total: 90s)
2026-09-23 17:02:45,357 - RLController - INFO -   Example: junction B5 -> durations [60, 10, 10, 10] (total: 90s)
2026-09-23 17:02:45,357 - RLController - INFO -   Example: junction C0 -> durations [22, 22, 24, 22] (total: 90s)
2026-09-23 17:02:45,357 - RLController - INFO -   Example: junction C1 -> durations [24, 22, 22, 22] (total: 90s)
2026-09-23 17:02:45,357 - RLController - INFO -   Example: junction C2 -> durations [57, 13, 10, 10] (total: 90s)
2026-09-23 17:02:45,357 - RLController - INFO -   Example: junction C3 -> durations [60, 10, 10, 10] (total: 90s)
2026-09-23 17:02:45,357 - RLController - INFO -   Example: junction C4 -> durations [57, 11, 11, 11] (total: 90s)
2026-09-23 17:02:45,357 - RLController - INFO -   Example: junction C5 -> durations [57, 11, 11, 11] (total: 90s)
2026-09-23 17:02:45,357 - RLController - INFO -   Example: junction D0 -> durations [24, 22, 22, 22] (total: 90s)
2026-09-23 17:02:45,358 - RLController - INFO -   Example: junction D1 -> durations [21, 21, 27, 21] (total: 90s)
2026-09-23 17:02:45,358 - RLController - INFO -   Example: junction D2 -> durations [45, 15, 15, 15] (total: 90s)
2026-09-23 17:02:45,358 - RLController - INFO -   Example: junction D3 -> durations [24, 22, 22, 22] (total: 90s)
2026-09-23 17:02:45,358 - RLController - INFO -   Example: junction D4 -> durations [24, 22, 22, 22] (total: 90s)
2026-09-23 17:02:45,358 - RLController - INFO -   Example: junction D5 -> durations [13, 13, 51, 13] (total: 90s)
2026-09-23 17:02:45,358 - RLController - INFO -   Example: junction E0 -> durations [24, 22, 22, 22] (total: 90s)
2026-09-23 17:02:45,358 - RLController - INFO -   Example: junction E1 -> durations [24, 22, 22, 22] (total: 90s)
2026-09-23 17:02:45,359 - RLController - INFO -   Stored schedules for 34 junctions, cycle starts at step 3150
2026-09-23 17:02:47,496 - RLController - INFO - DIAGNOSTIC Step 3240 - Observation stats:
2026-09-23 17:02:47,497 - RLController - INFO -   Hash: 2395588315001391853, Min: 0.000000, Max: 1.000000, Mean: 0.434545, Std: 0.456346
2026-09-23 17:02:47,497 - RLController - INFO -   First 10: [1.        0.        0.        0.        0.        0.5226481 1.
 0.        0.        0.       ]
2026-09-23 17:02:47,497 - RLController - INFO -   Last 10: [0.         0.2        0.         0.08333334 0.4957265  0.00363413
 0.07247863 0.52748936 0.         0.3       ]
2026-09-23 17:02:47,501 - RLController - INFO - DIAGNOSTIC - Raw model action output:
2026-09-23 17:02:47,501 - RLController - INFO -   Action hash: -3026723501392264911
2026-09-23 17:02:47,501 - RLController - INFO -   First 8 values: [ -7.5889387 -10.        -10.        -10.        -10.        -10.
 -10.        -10.       ]
2026-09-23 17:02:47,501 - RLController - INFO -   Last 8 values: [-10.        -10.        -10.        -10.        -10.         -1.5367672
 -10.        -10.       ]
2026-09-23 17:02:47,501 - RLController - INFO -   Action shape: (136,), min: -10.000000, max: 4.596114, mean: -9.253433
2026-09-23 17:02:47,502 - RLController - INFO -   B0 junction (indices 16-19) raw values: [-10. -10. -10. -10.]
2026-09-23 17:02:47,502 - RLController - INFO - Using CONTINUOUS DURATION-BASED mode
2026-09-23 17:02:47,502 - RLController - INFO -   Example: junction A0 -> durations [51, 13, 13, 13] (total: 90s)
2026-09-23 17:02:47,502 - RLController - INFO -   Example: junction A1 -> durations [24, 22, 22, 22] (total: 90s)
2026-09-23 17:02:47,502 - RLController - INFO -   Example: junction A2 -> durations [12, 12, 54, 12] (total: 90s)
2026-09-23 17:02:47,502 - RLController - INFO -   Example: junction A4 -> durations [60, 10, 10, 10] (total: 90s)
2026-09-23 17:02:47,502 - RLController - INFO -   Example: junction A5 -> durations [24, 22, 22, 22] (total: 90s)
2026-09-23 17:02:47,502 - RLController - INFO -   Example: junction B0 -> durations [24, 22, 22, 22] (total: 90s)
2026-09-23 17:02:47,503 - RLController - INFO -   Example: junction B1 -> durations [24, 22, 22, 22] (total: 90s)
2026-09-23 17:02:47,503 - RLController - INFO -   Example: junction B2 -> durations [24, 22, 22, 22] (total: 90s)
2026-09-23 17:02:47,503 - RLController - INFO -   Example: junction B4 -> durations [24, 22, 22, 22] (total: 90s)
2026-09-23 17:02:47,503 - RLController - INFO -   Example: junction B5 -> durations [60, 10, 10, 10] (total: 90s)
2026-09-23 17:02:47,503 - RLController - INFO -   Example: junction C0 -> durations [22, 22, 24, 22] (total: 90s)
2026-09-23 17:02:47,503 - RLController - INFO -   Example: junction C1 -> durations [24, 22, 22, 22] (total: 90s)
2026-09-23 17:02:47,503 - RLController - INFO -   Example: junction C2 -> durations [57, 13, 10, 10] (total: 90s)
2026-09-23 17:02:47,503 - RLController - INFO -   Example: junction C3 -> durations [60, 10, 10, 10] (total: 90s)
2026-09-23 17:02:47,503 - RLController - INFO -   Example: junction C4 -> durations [57, 11, 11, 11] (total: 90s)
2026-09-23 17:02:47,504 - RLController - INFO -   Example: junction C5 -> durations [57, 11, 11, 11] (total: 90s)
2026-09-23 17:02:47,504 - RLController - INFO -   Example: junction D0 -> durations [24, 22, 22, 22] (total: 90s)
2026-09-23 17:02:47,504 - RLController - INFO -   Example: junction D1 -> durations [21, 21, 27, 21] (total: 90s)
2026-09-23 17:02:47,504 - RLController - INFO -   Example: junction D2 -> durations [45, 15, 15, 15] (total: 90s)
2026-09-23 17:02:47,504 - RLController - INFO -   Example: junction D3 -> durations [24, 22, 22, 22] (total: 90s)
2026-09-23 17:02:47,504 - RLController - INFO -   Example: junction D4 -> durations [24, 22, 22, 22] (total: 90s)
2026-09-23 17:02:47,504 - RLController - INFO -   Example: junction D5 -> durations [13, 13, 51, 13] (total: 90s)
2026-09-23 17:02:47,504 - RLController - INFO -   Example: junction E0 -> durations [24, 22, 22, 22] (total: 90s)
2026-09-23 17:02:47,504 - RLController - INFO -   Example: junction E1 -> durations [24, 22, 22, 22] (total: 90s)
2026-09-23 17:02:47,505 - RLController - INFO -   Stored schedules for 34 junctions, cycle starts at step 3240
2026-09-23 17:02:50,223 - RLController - INFO - DIAGNOSTIC Step 3330 - Observation stats:
2026-09-23 17:02:50,224 - RLController - INFO -   Hash: -7732474491535348044, Min: 0.000000, Max: 1.000000, Mean: 0.427173, Std: 0.454200
2026-09-23 17:02:50,224 - RLController - INFO -   First 10: [1.        0.        0.        0.        0.        0.5226481 1.
 0.        0.        0.       ]
2026-09-23 17:02:50,224 - RLController - INFO -   Last 10: [0.         0.2        0.         0.08333334 0.46581197 0.00345343
 0.0709829  0.54990965 0.         0.3       ]
2026-09-23 17:02:50,228 - RLController - INFO - DIAGNOSTIC - Raw model action output:
2026-09-23 17:02:50,228 - RLController - INFO -   Action hash: -7723425085657786841
2026-09-23 17:02:50,228 - RLController - INFO -   First 8 values: [ -7.5444365 -10.        -10.        -10.        -10.        -10.
 -10.        -10.       ]
2026-09-23 17:02:50,228 - RLController - INFO -   Last 8 values: [-10.        -10.        -10.        -10.        -10.         -1.9488623
 -10.        -10.       ]
2026-09-23 17:02:50,228 - RLController - INFO -   Action shape: (136,), min: -10.000000, max: 4.834679, mean: -9.277389
2026-09-23 17:02:50,229 - RLController - INFO -   B0 junction (indices 16-19) raw values: [-10. -10. -10. -10.]
2026-09-23 17:02:50,229 - RLController - INFO - Using CONTINUOUS DURATION-BASED mode
2026-09-23 17:02:50,229 - RLController - INFO -   Example: junction A0 -> durations [51, 13, 13, 13] (total: 90s)
2026-09-23 17:02:50,229 - RLController - INFO -   Example: junction A1 -> durations [24, 22, 22, 22] (total: 90s)
2026-09-23 17:02:50,229 - RLController - INFO -   Example: junction A2 -> durations [12, 12, 54, 12] (total: 90s)
2026-09-23 17:02:50,229 - RLController - INFO -   Example: junction A4 -> durations [60, 10, 10, 10] (total: 90s)
2026-09-23 17:02:50,230 - RLController - INFO -   Example: junction A5 -> durations [24, 22, 22, 22] (total: 90s)
2026-09-23 17:02:50,230 - RLController - INFO -   Example: junction B0 -> durations [24, 22, 22, 22] (total: 90s)
2026-09-23 17:02:50,230 - RLController - INFO -   Example: junction B1 -> durations [24, 22, 22, 22] (total: 90s)
2026-09-23 17:02:50,230 - RLController - INFO -   Example: junction B2 -> durations [24, 22, 22, 22] (total: 90s)
2026-09-23 17:02:50,230 - RLController - INFO -   Example: junction B4 -> durations [24, 22, 22, 22] (total: 90s)
2026-09-23 17:02:50,230 - RLController - INFO -   Example: junction B5 -> durations [60, 10, 10, 10] (total: 90s)
2026-09-23 17:02:50,230 - RLController - INFO -   Example: junction C0 -> durations [22, 22, 24, 22] (total: 90s)
2026-09-23 17:02:50,230 - RLController - INFO -   Example: junction C1 -> durations [24, 22, 22, 22] (total: 90s)
2026-09-23 17:02:50,231 - RLController - INFO -   Example: junction C2 -> durations [57, 13, 10, 10] (total: 90s)
2026-09-23 17:02:50,231 - RLController - INFO -   Example: junction C3 -> durations [60, 10, 10, 10] (total: 90s)
2026-09-23 17:02:50,231 - RLController - INFO -   Example: junction C4 -> durations [57, 11, 11, 11] (total: 90s)
2026-09-23 17:02:50,231 - RLController - INFO -   Example: junction C5 -> durations [57, 11, 11, 11] (total: 90s)
2026-09-23 17:02:50,231 - RLController - INFO -   Example: junction D0 -> durations [24, 22, 22, 22] (total: 90s)
2026-09-23 17:02:50,231 - RLController - INFO -   Example: junction D1 -> durations [21, 21, 27, 21] (total: 90s)
2026-09-23 17:02:50,231 - RLController - INFO -   Example: junction D2 -> durations [45, 15, 15, 15] (total: 90s)
2026-09-23 17:02:50,232 - RLController - INFO -   Example: junction D3 -> durations [24, 22, 22, 22] (total: 90s)
2026-09-23 17:02:50,232 - RLController - INFO -   Example: junction D4 -> durations [24, 22, 22, 22] (total: 90s)
2026-09-23 17:02:50,232 - RLController - INFO -   Example: junction D5 -> durations [13, 13, 51, 13] (total: 90s)
2026-09-23 17:02:50,232 - RLController - INFO -   Example: junction E0 -> durations [24, 22, 22, 22] (total: 90s)
2026-09-23 17:02:50,232 - RLController - INFO -   Example: junction E1 -> durations [24, 22, 22, 22] (total: 90s)
2026-09-23 17:02:50,233 - RLController - INFO -   Stored schedules for 34 junctions, cycle starts at step 3330
2026-09-23 17:02:52,168 - RLController - INFO - DIAGNOSTIC Step 3420 - Observation stats:
2026-09-23 17:02:52,168 - RLController - INFO -   Hash: 7654669399896183110, Min: 0.000000, Max: 1.000000, Mean: 0.428829, Std: 0.454814
2026-09-23 17:02:52,168 - RLController - INFO -   First 10: [1.        0.        0.        0.        0.        0.5226481 1.
 0.        0.        0.       ]
2026-09-23 17:02:52,168 - RLController - INFO -   Last 10: [0.         0.2        0.         0.08333334 0.4764957  0.00327876
 0.07247863 0.5395473  0.         0.3       ]
2026-09-23 17:02:52,172 - RLController - INFO - DIAGNOSTIC - Raw model action output:
2026-09-23 17:02:52,172 - RLController - INFO -   Action hash: 7151878143849078463
2026-09-23 17:02:52,172 - RLController - INFO -   First 8 values: [ -7.347465 -10.       -10.       -10.       -10.       -10.
 -10.       -10.      ]
2026-09-23 17:02:52,172 - RLController - INFO -   Last 8 values: [-10.       -10.       -10.       -10.       -10.        -2.864351
 -10.       -10.      ]
2026-09-23 17:02:52,172 - RLController - INFO -   Action shape: (136,), min: -10.000000, max: 5.064325, mean: -9.260751
2026-09-23 17:02:52,173 - RLController - INFO -   B0 junction (indices 16-19) raw values: [ -9.920761 -10.       -10.       -10.      ]
2026-09-23 17:02:52,173 - RLController - INFO - Using CONTINUOUS DURATION-BASED mode
2026-09-23 17:02:52,173 - RLController - INFO -   Example: junction A0 -> durations [51, 13, 13, 13] (total: 90s)
2026-09-23 17:02:52,173 - RLController - INFO -   Example: junction A1 -> durations [24, 22, 22, 22] (total: 90s)
2026-09-23 17:02:52,173 - RLController - INFO -   Example: junction A2 -> durations [12, 12, 54, 12] (total: 90s)
2026-09-23 17:02:52,173 - RLController - INFO -   Example: junction A4 -> durations [60, 10, 10, 10] (total: 90s)
2026-09-23 17:02:52,173 - RLController - INFO -   Example: junction A5 -> durations [24, 22, 22, 22] (total: 90s)
2026-09-23 17:02:52,173 - RLController - INFO -   Example: junction B0 -> durations [24, 22, 22, 22] (total: 90s)
2026-09-23 17:02:52,173 - RLController - INFO -   Example: junction B1 -> durations [24, 22, 22, 22] (total: 90s)
2026-09-23 17:02:52,174 - RLController - INFO -   Example: junction B2 -> durations [24, 22, 22, 22] (total: 90s)
2026-09-23 17:02:52,174 - RLController - INFO -   Example: junction B4 -> durations [24, 22, 22, 22] (total: 90s)
2026-09-23 17:02:52,174 - RLController - INFO -   Example: junction B5 -> durations [60, 10, 10, 10] (total: 90s)
2026-09-23 17:02:52,174 - RLController - INFO -   Example: junction C0 -> durations [22, 22, 24, 22] (total: 90s)
2026-09-23 17:02:52,174 - RLController - INFO -   Example: junction C1 -> durations [24, 22, 22, 22] (total: 90s)
2026-09-23 17:02:52,174 - RLController - INFO -   Example: junction C2 -> durations [57, 13, 10, 10] (total: 90s)
2026-09-23 17:02:52,174 - RLController - INFO -   Example: junction C3 -> durations [60, 10, 10, 10] (total: 90s)
2026-09-23 17:02:52,174 - RLController - INFO -   Example: junction C4 -> durations [57, 11, 11, 11] (total: 90s)
2026-09-23 17:02:52,174 - RLController - INFO -   Example: junction C5 -> durations [57, 11, 11, 11] (total: 90s)
2026-09-23 17:02:52,174 - RLController - INFO -   Example: junction D0 -> durations [24, 22, 22, 22] (total: 90s)
2026-09-23 17:02:52,175 - RLController - INFO -   Example: junction D1 -> durations [21, 21, 27, 21] (total: 90s)
2026-09-23 17:02:52,175 - RLController - INFO -   Example: junction D2 -> durations [45, 15, 15, 15] (total: 90s)
2026-09-23 17:02:52,175 - RLController - INFO -   Example: junction D3 -> durations [24, 22, 22, 22] (total: 90s)
2026-09-23 17:02:52,175 - RLController - INFO -   Example: junction D4 -> durations [24, 22, 22, 22] (total: 90s)
2026-09-23 17:02:52,175 - RLController - INFO -   Example: junction D5 -> durations [13, 13, 51, 13] (total: 90s)
2026-09-23 17:02:52,175 - RLController - INFO -   Example: junction E0 -> durations [24, 22, 22, 22] (total: 90s)
2026-09-23 17:02:52,175 - RLController - INFO -   Example: junction E1 -> durations [24, 22, 22, 22] (total: 90s)
2026-09-23 17:02:52,176 - RLController - INFO -   Stored schedules for 34 junctions, cycle starts at step 3420
2026-09-23 17:02:53,973 - RLController - INFO - DIAGNOSTIC Step 3510 - Observation stats:
2026-09-23 17:02:53,973 - RLController - INFO -   Hash: -6279662688139511360, Min: 0.000000, Max: 1.000000, Mean: 0.426009, Std: 0.454750
2026-09-23 17:02:53,974 - RLController - INFO -   First 10: [1.        0.        0.        0.        0.        0.5226481 1.
 0.        0.        0.       ]
2026-09-23 17:02:53,974 - RLController - INFO -   Last 10: [0.         0.2        0.         0.08333334 0.45299146 0.00285145
 0.07260684 0.5611118  0.         0.3       ]
2026-09-23 17:02:53,977 - RLController - INFO - DIAGNOSTIC - Raw model action output:
2026-09-23 17:02:53,977 - RLController - INFO -   Action hash: -1249752540503641215
2026-09-23 17:02:53,977 - RLController - INFO -   First 8 values: [ -7.297035 -10.       -10.       -10.       -10.       -10.
 -10.       -10.      ]
2026-09-23 17:02:53,977 - RLController - INFO -   Last 8 values: [-10.       -10.       -10.       -10.       -10.        -3.636556
 -10.       -10.      ]
2026-09-23 17:02:53,977 - RLController - INFO -   Action shape: (136,), min: -10.000000, max: 5.014175, mean: -9.263494
2026-09-23 17:02:53,978 - RLController - INFO -   B0 junction (indices 16-19) raw values: [-10. -10. -10. -10.]
2026-09-23 17:02:53,978 - RLController - INFO - Using CONTINUOUS DURATION-BASED mode
2026-09-23 17:02:53,978 - RLController - INFO -   Example: junction A0 -> durations [51, 13, 13, 13] (total: 90s)
2026-09-23 17:02:53,978 - RLController - INFO -   Example: junction A1 -> durations [24, 22, 22, 22] (total: 90s)
2026-09-23 17:02:53,978 - RLController - INFO -   Example: junction A2 -> durations [12, 12, 54, 12] (total: 90s)
2026-09-23 17:02:53,978 - RLController - INFO -   Example: junction A4 -> durations [60, 10, 10, 10] (total: 90s)
2026-09-23 17:02:53,978 - RLController - INFO -   Example: junction A5 -> durations [24, 22, 22, 22] (total: 90s)
2026-09-23 17:02:53,978 - RLController - INFO -   Example: junction B0 -> durations [24, 22, 22, 22] (total: 90s)
2026-09-23 17:02:53,978 - RLController - INFO -   Example: junction B1 -> durations [24, 22, 22, 22] (total: 90s)
2026-09-23 17:02:53,978 - RLController - INFO -   Example: junction B2 -> durations [24, 22, 22, 22] (total: 90s)
2026-09-23 17:02:53,979 - RLController - INFO -   Example: junction B4 -> durations [24, 22, 22, 22] (total: 90s)
2026-09-23 17:02:53,979 - RLController - INFO -   Example: junction B5 -> durations [60, 10, 10, 10] (total: 90s)
2026-09-23 17:02:53,979 - RLController - INFO -   Example: junction C0 -> durations [22, 22, 24, 22] (total: 90s)
2026-09-23 17:02:53,979 - RLController - INFO -   Example: junction C1 -> durations [24, 22, 22, 22] (total: 90s)
2026-09-23 17:02:53,979 - RLController - INFO -   Example: junction C2 -> durations [57, 13, 10, 10] (total: 90s)
2026-09-23 17:02:53,979 - RLController - INFO -   Example: junction C3 -> durations [60, 10, 10, 10] (total: 90s)
2026-09-23 17:02:53,979 - RLController - INFO -   Example: junction C4 -> durations [57, 11, 11, 11] (total: 90s)
2026-09-23 17:02:53,979 - RLController - INFO -   Example: junction C5 -> durations [57, 11, 11, 11] (total: 90s)
2026-09-23 17:02:53,979 - RLController - INFO -   Example: junction D0 -> durations [24, 22, 22, 22] (total: 90s)
2026-09-23 17:02:53,979 - RLController - INFO -   Example: junction D1 -> durations [21, 21, 27, 21] (total: 90s)
2026-09-23 17:02:53,979 - RLController - INFO -   Example: junction D2 -> durations [45, 15, 15, 15] (total: 90s)
2026-09-23 17:02:53,980 - RLController - INFO -   Example: junction D3 -> durations [24, 22, 22, 22] (total: 90s)
2026-09-23 17:02:53,980 - RLController - INFO -   Example: junction D4 -> durations [24, 22, 22, 22] (total: 90s)
2026-09-23 17:02:53,980 - RLController - INFO -   Example: junction D5 -> durations [13, 13, 51, 13] (total: 90s)
2026-09-23 17:02:53,980 - RLController - INFO -   Example: junction E0 -> durations [24, 22, 22, 22] (total: 90s)
2026-09-23 17:02:53,980 - RLController - INFO -   Example: junction E1 -> durations [24, 22, 22, 22] (total: 90s)
2026-09-23 17:02:53,981 - RLController - INFO -   Stored schedules for 34 junctions, cycle starts at step 3510
2026-09-23 17:02:56,437 - RLController - INFO - DIAGNOSTIC Step 3600 - Observation stats:
2026-09-23 17:02:56,437 - RLController - INFO -   Hash: 2633813432232721058, Min: 0.000000, Max: 1.000000, Mean: 0.427540, Std: 0.453318
2026-09-23 17:02:56,438 - RLController - INFO -   First 10: [1.        0.        0.        0.        0.        0.5226481 1.
 0.        0.        0.       ]
2026-09-23 17:02:56,438 - RLController - INFO -   Last 10: [0.         0.2        0.         0.08333334 0.47008547 0.00348681
 0.07294872 0.5506577  0.         0.3       ]
2026-09-23 17:02:56,442 - RLController - INFO - DIAGNOSTIC - Raw model action output:
2026-09-23 17:02:56,442 - RLController - INFO -   Action hash: -3988293767865738224
2026-09-23 17:02:56,442 - RLController - INFO -   First 8 values: [ -7.4177794 -10.        -10.        -10.        -10.        -10.
 -10.        -10.       ]
2026-09-23 17:02:56,442 - RLController - INFO -   Last 8 values: [-10.        -10.        -10.        -10.        -10.         -2.9006393
 -10.        -10.       ]
2026-09-23 17:02:56,443 - RLController - INFO -   Action shape: (136,), min: -10.000000, max: 5.151075, mean: -9.289451
2026-09-23 17:02:56,443 - RLController - INFO -   B0 junction (indices 16-19) raw values: [-10. -10. -10. -10.]
2026-09-23 17:02:56,443 - RLController - INFO - Using CONTINUOUS DURATION-BASED mode
2026-09-23 17:02:56,443 - RLController - INFO -   Example: junction A0 -> durations [51, 13, 13, 13] (total: 90s)
2026-09-23 17:02:56,443 - RLController - INFO -   Example: junction A1 -> durations [24, 22, 22, 22] (total: 90s)
2026-09-23 17:02:56,443 - RLController - INFO -   Example: junction A2 -> durations [12, 12, 54, 12] (total: 90s)
2026-09-23 17:02:56,443 - RLController - INFO -   Example: junction A4 -> durations [60, 10, 10, 10] (total: 90s)
2026-09-23 17:02:56,444 - RLController - INFO -   Example: junction A5 -> durations [24, 22, 22, 22] (total: 90s)
2026-09-23 17:02:56,444 - RLController - INFO -   Example: junction B0 -> durations [24, 22, 22, 22] (total: 90s)
2026-09-23 17:02:56,444 - RLController - INFO -   Example: junction B1 -> durations [24, 22, 22, 22] (total: 90s)
2026-09-23 17:02:56,444 - RLController - INFO -   Example: junction B2 -> durations [24, 22, 22, 22] (total: 90s)
2026-09-23 17:02:56,444 - RLController - INFO -   Example: junction B4 -> durations [24, 22, 22, 22] (total: 90s)
2026-09-23 17:02:56,444 - RLController - INFO -   Example: junction B5 -> durations [60, 10, 10, 10] (total: 90s)
2026-09-23 17:02:56,444 - RLController - INFO -   Example: junction C0 -> durations [22, 22, 24, 22] (total: 90s)
2026-09-23 17:02:56,445 - RLController - INFO -   Example: junction C1 -> durations [24, 22, 22, 22] (total: 90s)
2026-09-23 17:02:56,445 - RLController - INFO -   Example: junction C2 -> durations [57, 13, 10, 10] (total: 90s)
2026-09-23 17:02:56,445 - RLController - INFO -   Example: junction C3 -> durations [60, 10, 10, 10] (total: 90s)
2026-09-23 17:02:56,445 - RLController - INFO -   Example: junction C4 -> durations [57, 11, 11, 11] (total: 90s)
2026-09-23 17:02:56,445 - RLController - INFO -   Example: junction C5 -> durations [57, 11, 11, 11] (total: 90s)
2026-09-23 17:02:56,445 - RLController - INFO -   Example: junction D0 -> durations [24, 22, 22, 22] (total: 90s)
2026-09-23 17:02:56,445 - RLController - INFO -   Example: junction D1 -> durations [21, 21, 27, 21] (total: 90s)
2026-09-23 17:02:56,446 - RLController - INFO -   Example: junction D2 -> durations [45, 15, 15, 15] (total: 90s)
2026-09-23 17:02:56,446 - RLController - INFO -   Example: junction D3 -> durations [24, 22, 22, 22] (total: 90s)
2026-09-23 17:02:56,446 - RLController - INFO -   Example: junction D4 -> durations [24, 22, 22, 22] (total: 90s)
2026-09-23 17:02:56,446 - RLController - INFO -   Example: junction D5 -> durations [13, 13, 51, 13] (total: 90s)
2026-09-23 17:02:56,446 - RLController - INFO -   Example: junction E0 -> durations [24, 22, 22, 22] (total: 90s)
2026-09-23 17:02:56,446 - RLController - INFO -   Example: junction E1 -> durations [24, 22, 22, 22] (total: 90s)
2026-09-23 17:02:56,447 - RLController - INFO -   Stored schedules for 34 junctions, cycle starts at step 3600
2026-09-23 17:02:58,834 - RLController - INFO - DIAGNOSTIC Step 3690 - Observation stats:
2026-09-23 17:02:58,834 - RLController - INFO -   Hash: -6057682399376961771, Min: 0.000000, Max: 1.000000, Mean: 0.426892, Std: 0.453802
2026-09-23 17:02:58,835 - RLController - INFO -   First 10: [1.        0.        0.        0.        0.        0.5226481 1.
 0.        0.        0.       ]
2026-09-23 17:02:58,835 - RLController - INFO -   Last 10: [0.         0.2        0.         0.08333334 0.47435898 0.00374147
 0.07487179 0.5478956  0.         0.3       ]
2026-09-23 17:02:58,838 - RLController - INFO - DIAGNOSTIC - Raw model action output:
2026-09-23 17:02:58,838 - RLController - INFO -   Action hash: 8874321442550803941
2026-09-23 17:02:58,838 - RLController - INFO -   First 8 values: [ -7.116027 -10.       -10.       -10.       -10.       -10.
 -10.       -10.      ]
2026-09-23 17:02:58,838 - RLController - INFO -   Last 8 values: [-10.        -10.        -10.        -10.        -10.         -1.5970881
 -10.        -10.       ]
2026-09-23 17:02:58,838 - RLController - INFO -   Action shape: (136,), min: -10.000000, max: 6.354670, mean: -9.273724
2026-09-23 17:02:58,838 - RLController - INFO -   B0 junction (indices 16-19) raw values: [-10. -10. -10. -10.]
2026-09-23 17:02:58,838 - RLController - INFO - Using CONTINUOUS DURATION-BASED mode
2026-09-23 17:02:58,839 - RLController - INFO -   Example: junction A0 -> durations [51, 13, 13, 13] (total: 90s)
2026-09-23 17:02:58,839 - RLController - INFO -   Example: junction A1 -> durations [24, 22, 22, 22] (total: 90s)
2026-09-23 17:02:58,839 - RLController - INFO -   Example: junction A2 -> durations [12, 12, 54, 12] (total: 90s)
2026-09-23 17:02:58,839 - RLController - INFO -   Example: junction A4 -> durations [60, 10, 10, 10] (total: 90s)
2026-09-23 17:02:58,839 - RLController - INFO -   Example: junction A5 -> durations [24, 22, 22, 22] (total: 90s)
2026-09-23 17:02:58,839 - RLController - INFO -   Example: junction B0 -> durations [24, 22, 22, 22] (total: 90s)
2026-09-23 17:02:58,839 - RLController - INFO -   Example: junction B1 -> durations [24, 22, 22, 22] (total: 90s)
2026-09-23 17:02:58,839 - RLController - INFO -   Example: junction B2 -> durations [24, 22, 22, 22] (total: 90s)
2026-09-23 17:02:58,839 - RLController - INFO -   Example: junction B4 -> durations [24, 22, 22, 22] (total: 90s)
2026-09-23 17:02:58,840 - RLController - INFO -   Example: junction B5 -> durations [60, 10, 10, 10] (total: 90s)
2026-09-23 17:02:58,840 - RLController - INFO -   Example: junction C0 -> durations [22, 22, 24, 22] (total: 90s)
2026-09-23 17:02:58,840 - RLController - INFO -   Example: junction C1 -> durations [24, 22, 22, 22] (total: 90s)
2026-09-23 17:02:58,840 - RLController - INFO -   Example: junction C2 -> durations [57, 13, 10, 10] (total: 90s)
2026-09-23 17:02:58,840 - RLController - INFO -   Example: junction C3 -> durations [60, 10, 10, 10] (total: 90s)
2026-09-23 17:02:58,840 - RLController - INFO -   Example: junction C4 -> durations [57, 11, 11, 11] (total: 90s)
2026-09-23 17:02:58,840 - RLController - INFO -   Example: junction C5 -> durations [57, 11, 11, 11] (total: 90s)
2026-09-23 17:02:58,840 - RLController - INFO -   Example: junction D0 -> durations [24, 22, 22, 22] (total: 90s)
2026-09-23 17:02:58,840 - RLController - INFO -   Example: junction D1 -> durations [21, 21, 27, 21] (total: 90s)
2026-09-23 17:02:58,840 - RLController - INFO -   Example: junction D2 -> durations [45, 15, 15, 15] (total: 90s)
2026-09-23 17:02:58,841 - RLController - INFO -   Example: junction D3 -> durations [24, 22, 22, 22] (total: 90s)
2026-09-23 17:02:58,841 - RLController - INFO -   Example: junction D4 -> durations [24, 22, 22, 22] (total: 90s)
2026-09-23 17:02:58,841 - RLController - INFO -   Example: junction D5 -> durations [13, 13, 51, 13] (total: 90s)
2026-09-23 17:02:58,841 - RLController - INFO -   Example: junction E0 -> durations [24, 22, 22, 22] (total: 90s)
2026-09-23 17:02:58,841 - RLController - INFO -   Example: junction E1 -> durations [24, 22, 22, 22] (total: 90s)
2026-09-23 17:02:58,841 - RLController - INFO -   Stored schedules for 34 junctions, cycle starts at step 3690
2026-09-23 17:03:01,031 - RLController - INFO - DIAGNOSTIC Step 3780 - Observation stats:
2026-09-23 17:03:01,032 - RLController - INFO -   Hash: -6034049613483568554, Min: 0.000000, Max: 1.000000, Mean: 0.440626, Std: 0.455794
2026-09-23 17:03:01,032 - RLController - INFO -   First 10: [1.        0.        0.        0.        0.        0.5226481 1.
 0.        0.        0.       ]
2026-09-23 17:03:01,033 - RLController - INFO -   Last 10: [0.         0.2        0.         0.08333334 0.508547   0.004031
 0.07376068 0.5181019  0.         0.3       ]
2026-09-23 17:03:01,036 - RLController - INFO - DIAGNOSTIC - Raw model action output:
2026-09-23 17:03:01,036 - RLController - INFO -   Action hash: 7216539325157045389
2026-09-23 17:03:01,037 - RLController - INFO -   First 8 values: [ -7.5200834 -10.        -10.        -10.        -10.        -10.
 -10.        -10.       ]
2026-09-23 17:03:01,037 - RLController - INFO -   Last 8 values: [-10.        -10.        -10.        -10.        -10.         -2.4855263
 -10.        -10.       ]
2026-09-23 17:03:01,037 - RLController - INFO -   Action shape: (136,), min: -10.000000, max: 5.598297, mean: -9.287704
2026-09-23 17:03:01,037 - RLController - INFO -   B0 junction (indices 16-19) raw values: [-10. -10. -10. -10.]
2026-09-23 17:03:01,038 - RLController - INFO - Using CONTINUOUS DURATION-BASED mode
2026-09-23 17:03:01,038 - RLController - INFO -   Example: junction A0 -> durations [51, 13, 13, 13] (total: 90s)
2026-09-23 17:03:01,038 - RLController - INFO -   Example: junction A1 -> durations [24, 22, 22, 22] (total: 90s)
2026-09-23 17:03:01,038 - RLController - INFO -   Example: junction A2 -> durations [12, 12, 54, 12] (total: 90s)
2026-09-23 17:03:01,038 - RLController - INFO -   Example: junction A4 -> durations [60, 10, 10, 10] (total: 90s)
2026-09-23 17:03:01,038 - RLController - INFO -   Example: junction A5 -> durations [24, 22, 22, 22] (total: 90s)
2026-09-23 17:03:01,038 - RLController - INFO -   Example: junction B0 -> durations [24, 22, 22, 22] (total: 90s)
2026-09-23 17:03:01,039 - RLController - INFO -   Example: junction B1 -> durations [24, 22, 22, 22] (total: 90s)
2026-09-23 17:03:01,039 - RLController - INFO -   Example: junction B2 -> durations [24, 22, 22, 22] (total: 90s)
2026-09-23 17:03:01,039 - RLController - INFO -   Example: junction B4 -> durations [24, 22, 22, 22] (total: 90s)
2026-09-23 17:03:01,039 - RLController - INFO -   Example: junction B5 -> durations [60, 10, 10, 10] (total: 90s)
2026-09-23 17:03:01,039 - RLController - INFO -   Example: junction C0 -> durations [22, 22, 24, 22] (total: 90s)
2026-09-23 17:03:01,039 - RLController - INFO -   Example: junction C1 -> durations [24, 22, 22, 22] (total: 90s)
2026-09-23 17:03:01,039 - RLController - INFO -   Example: junction C2 -> durations [57, 13, 10, 10] (total: 90s)
2026-09-23 17:03:01,040 - RLController - INFO -   Example: junction C3 -> durations [60, 10, 10, 10] (total: 90s)
2026-09-23 17:03:01,040 - RLController - INFO -   Example: junction C4 -> durations [57, 11, 11, 11] (total: 90s)
2026-09-23 17:03:01,040 - RLController - INFO -   Example: junction C5 -> durations [57, 11, 11, 11] (total: 90s)
2026-09-23 17:03:01,040 - RLController - INFO -   Example: junction D0 -> durations [24, 22, 22, 22] (total: 90s)
2026-09-23 17:03:01,040 - RLController - INFO -   Example: junction D1 -> durations [21, 21, 27, 21] (total: 90s)
2026-09-23 17:03:01,040 - RLController - INFO -   Example: junction D2 -> durations [45, 15, 15, 15] (total: 90s)
2026-09-23 17:03:01,040 - RLController - INFO -   Example: junction D3 -> durations [24, 22, 22, 22] (total: 90s)
2026-09-23 17:03:01,041 - RLController - INFO -   Example: junction D4 -> durations [24, 22, 22, 22] (total: 90s)
2026-09-23 17:03:01,041 - RLController - INFO -   Example: junction D5 -> durations [13, 13, 51, 13] (total: 90s)
2026-09-23 17:03:01,041 - RLController - INFO -   Example: junction E0 -> durations [24, 22, 22, 22] (total: 90s)
2026-09-23 17:03:01,041 - RLController - INFO -   Example: junction E1 -> durations [24, 22, 22, 22] (total: 90s)
2026-09-23 17:03:01,042 - RLController - INFO -   Stored schedules for 34 junctions, cycle starts at step 3780
2026-09-23 17:03:03,339 - RLController - INFO - DIAGNOSTIC Step 3870 - Observation stats:
2026-09-23 17:03:03,339 - RLController - INFO -   Hash: -5559641802058078224, Min: 0.000000, Max: 1.000000, Mean: 0.434288, Std: 0.455569
2026-09-23 17:03:03,339 - RLController - INFO -   First 10: [1.         0.         0.         0.         0.         0.5226481
 0.         0.         0.99333334 1.        ]
2026-09-23 17:03:03,339 - RLController - INFO -   Last 10: [0.         0.2        0.         0.08333334 0.4764957  0.00325595
 0.07235043 0.5427822  0.         0.3       ]
2026-09-23 17:03:03,342 - RLController - INFO - DIAGNOSTIC - Raw model action output:
2026-09-23 17:03:03,343 - RLController - INFO -   Action hash: -5546160752538797146
2026-09-23 17:03:03,343 - RLController - INFO -   First 8 values: [ -7.1224823 -10.        -10.        -10.        -10.        -10.
 -10.        -10.       ]
2026-09-23 17:03:03,343 - RLController - INFO -   Last 8 values: [-10.        -10.        -10.        -10.        -10.         -1.8745682
 -10.        -10.       ]
2026-09-23 17:03:03,343 - RLController - INFO -   Action shape: (136,), min: -10.000000, max: 6.042767, mean: -9.261355
2026-09-23 17:03:03,343 - RLController - INFO -   B0 junction (indices 16-19) raw values: [ -9.673007 -10.       -10.       -10.      ]
2026-09-23 17:03:03,343 - RLController - INFO - Using CONTINUOUS DURATION-BASED mode
2026-09-23 17:03:03,344 - RLController - INFO -   Example: junction A0 -> durations [51, 13, 13, 13] (total: 90s)
2026-09-23 17:03:03,344 - RLController - INFO -   Example: junction A1 -> durations [24, 22, 22, 22] (total: 90s)
2026-09-23 17:03:03,344 - RLController - INFO -   Example: junction A2 -> durations [12, 12, 54, 12] (total: 90s)
2026-09-23 17:03:03,344 - RLController - INFO -   Example: junction A4 -> durations [60, 10, 10, 10] (total: 90s)
2026-09-23 17:03:03,344 - RLController - INFO -   Example: junction A5 -> durations [24, 22, 22, 22] (total: 90s)
2026-09-23 17:03:03,345 - RLController - INFO -   Example: junction B0 -> durations [24, 22, 22, 22] (total: 90s)
2026-09-23 17:03:03,345 - RLController - INFO -   Example: junction B1 -> durations [24, 22, 22, 22] (total: 90s)
2026-09-23 17:03:03,345 - RLController - INFO -   Example: junction B2 -> durations [24, 22, 22, 22] (total: 90s)
2026-09-23 17:03:03,345 - RLController - INFO -   Example: junction B4 -> durations [24, 22, 22, 22] (total: 90s)
2026-09-23 17:03:03,345 - RLController - INFO -   Example: junction B5 -> durations [60, 10, 10, 10] (total: 90s)
2026-09-23 17:03:03,345 - RLController - INFO -   Example: junction C0 -> durations [22, 22, 24, 22] (total: 90s)
2026-09-23 17:03:03,345 - RLController - INFO -   Example: junction C1 -> durations [24, 22, 22, 22] (total: 90s)
2026-09-23 17:03:03,346 - RLController - INFO -   Example: junction C2 -> durations [57, 13, 10, 10] (total: 90s)
2026-09-23 17:03:03,346 - RLController - INFO -   Example: junction C3 -> durations [60, 10, 10, 10] (total: 90s)
2026-09-23 17:03:03,346 - RLController - INFO -   Example: junction C4 -> durations [57, 11, 11, 11] (total: 90s)
2026-09-23 17:03:03,346 - RLController - INFO -   Example: junction C5 -> durations [57, 11, 11, 11] (total: 90s)
2026-09-23 17:03:03,346 - RLController - INFO -   Example: junction D0 -> durations [24, 22, 22, 22] (total: 90s)
2026-09-23 17:03:03,346 - RLController - INFO -   Example: junction D1 -> durations [21, 21, 27, 21] (total: 90s)
2026-09-23 17:03:03,346 - RLController - INFO -   Example: junction D2 -> durations [45, 15, 15, 15] (total: 90s)
2026-09-23 17:03:03,346 - RLController - INFO -   Example: junction D3 -> durations [24, 22, 22, 22] (total: 90s)
2026-09-23 17:03:03,347 - RLController - INFO -   Example: junction D4 -> durations [24, 22, 22, 22] (total: 90s)
2026-09-23 17:03:03,347 - RLController - INFO -   Example: junction D5 -> durations [13, 13, 51, 13] (total: 90s)
2026-09-23 17:03:03,347 - RLController - INFO -   Example: junction E0 -> durations [24, 22, 22, 22] (total: 90s)
2026-09-23 17:03:03,347 - RLController - INFO -   Example: junction E1 -> durations [24, 22, 22, 22] (total: 90s)
2026-09-23 17:03:03,348 - RLController - INFO -   Stored schedules for 34 junctions, cycle starts at step 3870
2026-09-23 17:03:05,268 - RLController - INFO - DIAGNOSTIC Step 3960 - Observation stats:
2026-09-23 17:03:05,268 - RLController - INFO -   Hash: -4531957371511008212, Min: 0.000000, Max: 1.000000, Mean: 0.434810, Std: 0.454609
2026-09-23 17:03:05,269 - RLController - INFO -   First 10: [1.        0.        0.        0.        0.        0.5226481 1.
 0.        0.        0.       ]
2026-09-23 17:03:05,269 - RLController - INFO -   Last 10: [0.         0.2        0.         0.08333334 0.48504272 0.00391883
 0.0741453  0.5428262  0.         0.3       ]
2026-09-23 17:03:05,272 - RLController - INFO - DIAGNOSTIC - Raw model action output:
2026-09-23 17:03:05,273 - RLController - INFO -   Action hash: 6847930474450177949
2026-09-23 17:03:05,273 - RLController - INFO -   First 8 values: [ -7.2390957 -10.        -10.        -10.        -10.        -10.
 -10.        -10.       ]
2026-09-23 17:03:05,273 - RLController - INFO -   Last 8 values: [-10.       -10.       -10.       -10.       -10.        -2.945997
 -10.       -10.      ]
2026-09-23 17:03:05,273 - RLController - INFO -   Action shape: (136,), min: -10.000000, max: 5.055390, mean: -9.273017
2026-09-23 17:03:05,273 - RLController - INFO -   B0 junction (indices 16-19) raw values: [ -9.8294325 -10.        -10.        -10.       ]
2026-09-23 17:03:05,273 - RLController - INFO - Using CONTINUOUS DURATION-BASED mode
2026-09-23 17:03:05,273 - RLController - INFO -   Example: junction A0 -> durations [51, 13, 13, 13] (total: 90s)
2026-09-23 17:03:05,274 - RLController - INFO -   Example: junction A1 -> durations [24, 22, 22, 22] (total: 90s)
2026-09-23 17:03:05,274 - RLController - INFO -   Example: junction A2 -> durations [12, 12, 54, 12] (total: 90s)
2026-09-23 17:03:05,274 - RLController - INFO -   Example: junction A4 -> durations [60, 10, 10, 10] (total: 90s)
2026-09-23 17:03:05,274 - RLController - INFO -   Example: junction A5 -> durations [24, 22, 22, 22] (total: 90s)
2026-09-23 17:03:05,274 - RLController - INFO -   Example: junction B0 -> durations [24, 22, 22, 22] (total: 90s)
2026-09-23 17:03:05,274 - RLController - INFO -   Example: junction B1 -> durations [24, 22, 22, 22] (total: 90s)
2026-09-23 17:03:05,274 - RLController - INFO -   Example: junction B2 -> durations [24, 22, 22, 22] (total: 90s)
2026-09-23 17:03:05,274 - RLController - INFO -   Example: junction B4 -> durations [24, 22, 22, 22] (total: 90s)
2026-09-23 17:03:05,274 - RLController - INFO -   Example: junction B5 -> durations [60, 10, 10, 10] (total: 90s)
2026-09-23 17:03:05,274 - RLController - INFO -   Example: junction C0 -> durations [22, 22, 24, 22] (total: 90s)
2026-09-23 17:03:05,275 - RLController - INFO -   Example: junction C1 -> durations [24, 22, 22, 22] (total: 90s)
2026-09-23 17:03:05,275 - RLController - INFO -   Example: junction C2 -> durations [57, 13, 10, 10] (total: 90s)
2026-09-23 17:03:05,275 - RLController - INFO -   Example: junction C3 -> durations [60, 10, 10, 10] (total: 90s)
2026-09-23 17:03:05,275 - RLController - INFO -   Example: junction C4 -> durations [57, 11, 11, 11] (total: 90s)
2026-09-23 17:03:05,275 - RLController - INFO -   Example: junction C5 -> durations [57, 11, 11, 11] (total: 90s)
2026-09-23 17:03:05,275 - RLController - INFO -   Example: junction D0 -> durations [24, 22, 22, 22] (total: 90s)
2026-09-23 17:03:05,275 - RLController - INFO -   Example: junction D1 -> durations [21, 21, 27, 21] (total: 90s)
2026-09-23 17:03:05,275 - RLController - INFO -   Example: junction D2 -> durations [45, 15, 15, 15] (total: 90s)
2026-09-23 17:03:05,275 - RLController - INFO -   Example: junction D3 -> durations [24, 22, 22, 22] (total: 90s)
2026-09-23 17:03:05,276 - RLController - INFO -   Example: junction D4 -> durations [24, 22, 22, 22] (total: 90s)
2026-09-23 17:03:05,276 - RLController - INFO -   Example: junction D5 -> durations [13, 13, 51, 13] (total: 90s)
2026-09-23 17:03:05,276 - RLController - INFO -   Example: junction E0 -> durations [24, 22, 22, 22] (total: 90s)
2026-09-23 17:03:05,276 - RLController - INFO -   Example: junction E1 -> durations [24, 22, 22, 22] (total: 90s)
2026-09-23 17:03:05,276 - RLController - INFO -   Stored schedules for 34 junctions, cycle starts at step 3960
2026-09-23 17:03:07,213 - RLController - INFO - DIAGNOSTIC Step 4050 - Observation stats:
2026-09-23 17:03:07,213 - RLController - INFO -   Hash: -2044007612685446228, Min: 0.000000, Max: 1.000000, Mean: 0.431969, Std: 0.456274
2026-09-23 17:03:07,213 - RLController - INFO -   First 10: [1.        0.        0.        0.        0.        0.5226481 1.
 0.        0.        0.       ]
2026-09-23 17:03:07,213 - RLController - INFO -   Last 10: [0.         0.2        0.         0.08333334 0.48504272 0.00395249
 0.07346154 0.5430007  0.         0.3       ]
2026-09-23 17:03:07,216 - RLController - INFO - DIAGNOSTIC - Raw model action output:
2026-09-23 17:03:07,216 - RLController - INFO -   Action hash: 5913126335056481037
2026-09-23 17:03:07,216 - RLController - INFO -   First 8 values: [ -7.6199775 -10.        -10.        -10.        -10.        -10.
 -10.        -10.       ]
2026-09-23 17:03:07,217 - RLController - INFO -   Last 8 values: [-10.        -10.        -10.        -10.        -10.         -3.6140974
 -10.        -10.       ]
2026-09-23 17:03:07,217 - RLController - INFO -   Action shape: (136,), min: -10.000000, max: 4.914338, mean: -9.284990
2026-09-23 17:03:07,217 - RLController - INFO -   B0 junction (indices 16-19) raw values: [-10. -10. -10. -10.]
2026-09-23 17:03:07,217 - RLController - INFO - Using CONTINUOUS DURATION-BASED mode
2026-09-23 17:03:07,217 - RLController - INFO -   Example: junction A0 -> durations [51, 13, 13, 13] (total: 90s)
2026-09-23 17:03:07,217 - RLController - INFO -   Example: junction A1 -> durations [24, 22, 22, 22] (total: 90s)
2026-09-23 17:03:07,217 - RLController - INFO -   Example: junction A2 -> durations [12, 12, 54, 12] (total: 90s)
2026-09-23 17:03:07,217 - RLController - INFO -   Example: junction A4 -> durations [60, 10, 10, 10] (total: 90s)
2026-09-23 17:03:07,218 - RLController - INFO -   Example: junction A5 -> durations [24, 22, 22, 22] (total: 90s)
2026-09-23 17:03:07,218 - RLController - INFO -   Example: junction B0 -> durations [24, 22, 22, 22] (total: 90s)
2026-09-23 17:03:07,218 - RLController - INFO -   Example: junction B1 -> durations [24, 22, 22, 22] (total: 90s)
2026-09-23 17:03:07,218 - RLController - INFO -   Example: junction B2 -> durations [24, 22, 22, 22] (total: 90s)
2026-09-23 17:03:07,218 - RLController - INFO -   Example: junction B4 -> durations [24, 22, 22, 22] (total: 90s)
2026-09-23 17:03:07,218 - RLController - INFO -   Example: junction B5 -> durations [60, 10, 10, 10] (total: 90s)
2026-09-23 17:03:07,218 - RLController - INFO -   Example: junction C0 -> durations [22, 22, 24, 22] (total: 90s)
2026-09-23 17:03:07,218 - RLController - INFO -   Example: junction C1 -> durations [24, 22, 22, 22] (total: 90s)
2026-09-23 17:03:07,218 - RLController - INFO -   Example: junction C2 -> durations [57, 13, 10, 10] (total: 90s)
2026-09-23 17:03:07,219 - RLController - INFO -   Example: junction C3 -> durations [60, 10, 10, 10] (total: 90s)
2026-09-23 17:03:07,219 - RLController - INFO -   Example: junction C4 -> durations [57, 11, 11, 11] (total: 90s)
2026-09-23 17:03:07,219 - RLController - INFO -   Example: junction C5 -> durations [57, 11, 11, 11] (total: 90s)
2026-09-23 17:03:07,219 - RLController - INFO -   Example: junction D0 -> durations [24, 22, 22, 22] (total: 90s)
2026-09-23 17:03:07,219 - RLController - INFO -   Example: junction D1 -> durations [21, 21, 27, 21] (total: 90s)
2026-09-23 17:03:07,219 - RLController - INFO -   Example: junction D2 -> durations [45, 15, 15, 15] (total: 90s)
2026-09-23 17:03:07,219 - RLController - INFO -   Example: junction D3 -> durations [24, 22, 22, 22] (total: 90s)
2026-09-23 17:03:07,219 - RLController - INFO -   Example: junction D4 -> durations [24, 22, 22, 22] (total: 90s)
2026-09-23 17:03:07,219 - RLController - INFO -   Example: junction D5 -> durations [13, 13, 51, 13] (total: 90s)
2026-09-23 17:03:07,219 - RLController - INFO -   Example: junction E0 -> durations [24, 22, 22, 22] (total: 90s)
2026-09-23 17:03:07,220 - RLController - INFO -   Example: junction E1 -> durations [24, 22, 22, 22] (total: 90s)
2026-09-23 17:03:07,220 - RLController - INFO -   Stored schedules for 34 junctions, cycle starts at step 4050
2026-09-23 17:03:09,556 - RLController - INFO - DIAGNOSTIC Step 4140 - Observation stats:
2026-09-23 17:03:09,556 - RLController - INFO -   Hash: 6220006616498207378, Min: 0.000000, Max: 1.000042, Mean: 0.432832, Std: 0.455321
2026-09-23 17:03:09,557 - RLController - INFO -   First 10: [1.        0.        0.        0.        0.        0.5226481 1.
 0.        0.        0.       ]
2026-09-23 17:03:09,558 - RLController - INFO -   Last 10: [0.         0.2        0.         0.08333334 0.4722222  0.00370742
 0.07380342 0.5498256  0.         0.3       ]
2026-09-23 17:03:09,563 - RLController - INFO - DIAGNOSTIC - Raw model action output:
2026-09-23 17:03:09,563 - RLController - INFO -   Action hash: -7379977726385376379
2026-09-23 17:03:09,563 - RLController - INFO -   First 8 values: [ -7.6843677 -10.        -10.        -10.        -10.        -10.
 -10.        -10.       ]
2026-09-23 17:03:09,563 - RLController - INFO -   Last 8 values: [-10.        -10.        -10.        -10.        -10.         -2.9807985
 -10.        -10.       ]
2026-09-23 17:03:09,564 - RLController - INFO -   Action shape: (136,), min: -10.000000, max: 5.211511, mean: -9.297277
2026-09-23 17:03:09,564 - RLController - INFO -   B0 junction (indices 16-19) raw values: [ -9.886414 -10.       -10.       -10.      ]
2026-09-23 17:03:09,564 - RLController - INFO - Using CONTINUOUS DURATION-BASED mode
2026-09-23 17:03:09,564 - RLController - INFO -   Example: junction A0 -> durations [51, 13, 13, 13] (total: 90s)
2026-09-23 17:03:09,564 - RLController - INFO -   Example: junction A1 -> durations [24, 22, 22, 22] (total: 90s)
2026-09-23 17:03:09,564 - RLController - INFO -   Example: junction A2 -> durations [12, 12, 54, 12] (total: 90s)
2026-09-23 17:03:09,564 - RLController - INFO -   Example: junction A4 -> durations [60, 10, 10, 10] (total: 90s)
2026-09-23 17:03:09,565 - RLController - INFO -   Example: junction A5 -> durations [24, 22, 22, 22] (total: 90s)
2026-09-23 17:03:09,565 - RLController - INFO -   Example: junction B0 -> durations [24, 22, 22, 22] (total: 90s)
2026-09-23 17:03:09,565 - RLController - INFO -   Example: junction B1 -> durations [24, 22, 22, 22] (total: 90s)
2026-09-23 17:03:09,565 - RLController - INFO -   Example: junction B2 -> durations [24, 22, 22, 22] (total: 90s)
2026-09-23 17:03:09,565 - RLController - INFO -   Example: junction B4 -> durations [24, 22, 22, 22] (total: 90s)
2026-09-23 17:03:09,565 - RLController - INFO -   Example: junction B5 -> durations [60, 10, 10, 10] (total: 90s)
2026-09-23 17:03:09,565 - RLController - INFO -   Example: junction C0 -> durations [22, 22, 24, 22] (total: 90s)
2026-09-23 17:03:09,566 - RLController - INFO -   Example: junction C1 -> durations [24, 22, 22, 22] (total: 90s)
2026-09-23 17:03:09,566 - RLController - INFO -   Example: junction C2 -> durations [57, 13, 10, 10] (total: 90s)
2026-09-23 17:03:09,566 - RLController - INFO -   Example: junction C3 -> durations [60, 10, 10, 10] (total: 90s)
2026-09-23 17:03:09,566 - RLController - INFO -   Example: junction C4 -> durations [57, 11, 11, 11] (total: 90s)
2026-09-23 17:03:09,566 - RLController - INFO -   Example: junction C5 -> durations [57, 11, 11, 11] (total: 90s)
2026-09-23 17:03:09,566 - RLController - INFO -   Example: junction D0 -> durations [24, 22, 22, 22] (total: 90s)
2026-09-23 17:03:09,566 - RLController - INFO -   Example: junction D1 -> durations [21, 21, 27, 21] (total: 90s)
2026-09-23 17:03:09,566 - RLController - INFO -   Example: junction D2 -> durations [45, 15, 15, 15] (total: 90s)
2026-09-23 17:03:09,567 - RLController - INFO -   Example: junction D3 -> durations [24, 22, 22, 22] (total: 90s)
2026-09-23 17:03:09,567 - RLController - INFO -   Example: junction D4 -> durations [24, 22, 22, 22] (total: 90s)
2026-09-23 17:03:09,567 - RLController - INFO -   Example: junction D5 -> durations [13, 13, 51, 13] (total: 90s)
2026-09-23 17:03:09,567 - RLController - INFO -   Example: junction E0 -> durations [24, 22, 22, 22] (total: 90s)
2026-09-23 17:03:09,567 - RLController - INFO -   Example: junction E1 -> durations [24, 22, 22, 22] (total: 90s)
2026-09-23 17:03:09,568 - RLController - INFO -   Stored schedules for 34 junctions, cycle starts at step 4140
2026-09-23 17:03:11,552 - RLController - INFO - DIAGNOSTIC Step 4230 - Observation stats:
2026-09-23 17:03:11,552 - RLController - INFO -   Hash: 5238695949276852947, Min: 0.000000, Max: 1.000000, Mean: 0.430891, Std: 0.453922
2026-09-23 17:03:11,552 - RLController - INFO -   First 10: [1.         0.         0.         0.         0.         0.5226481
 0.         0.         0.99333334 1.        ]
2026-09-23 17:03:11,553 - RLController - INFO -   Last 10: [0.         0.2        0.         0.08333334 0.4722222  0.00329448
 0.07611111 0.5459822  0.         0.3       ]
2026-09-23 17:03:11,555 - RLController - INFO - DIAGNOSTIC - Raw model action output:
2026-09-23 17:03:11,555 - RLController - INFO -   Action hash: -6751153847246100814
2026-09-23 17:03:11,556 - RLController - INFO -   First 8 values: [ -7.436828 -10.       -10.       -10.       -10.       -10.
 -10.       -10.      ]
2026-09-23 17:03:11,556 - RLController - INFO -   Last 8 values: [-10.        -10.        -10.        -10.        -10.         -2.2327826
 -10.        -10.       ]
2026-09-23 17:03:11,556 - RLController - INFO -   Action shape: (136,), min: -10.000000, max: 5.492860, mean: -9.296535
2026-09-23 17:03:11,556 - RLController - INFO -   B0 junction (indices 16-19) raw values: [ -9.493573 -10.       -10.       -10.      ]
2026-09-23 17:03:11,556 - RLController - INFO - Using CONTINUOUS DURATION-BASED mode
2026-09-23 17:03:11,556 - RLController - INFO -   Example: junction A0 -> durations [51, 13, 13, 13] (total: 90s)
2026-09-23 17:03:11,557 - RLController - INFO -   Example: junction A1 -> durations [24, 22, 22, 22] (total: 90s)
2026-09-23 17:03:11,557 - RLController - INFO -   Example: junction A2 -> durations [12, 12, 54, 12] (total: 90s)
2026-09-23 17:03:11,557 - RLController - INFO -   Example: junction A4 -> durations [60, 10, 10, 10] (total: 90s)
2026-09-23 17:03:11,557 - RLController - INFO -   Example: junction A5 -> durations [24, 22, 22, 22] (total: 90s)
2026-09-23 17:03:11,557 - RLController - INFO -   Example: junction B0 -> durations [24, 22, 22, 22] (total: 90s)
2026-09-23 17:03:11,557 - RLController - INFO -   Example: junction B1 -> durations [24, 22, 22, 22] (total: 90s)
2026-09-23 17:03:11,557 - RLController - INFO -   Example: junction B2 -> durations [24, 22, 22, 22] (total: 90s)
2026-09-23 17:03:11,557 - RLController - INFO -   Example: junction B4 -> durations [24, 22, 22, 22] (total: 90s)
2026-09-23 17:03:11,557 - RLController - INFO -   Example: junction B5 -> durations [60, 10, 10, 10] (total: 90s)
2026-09-23 17:03:11,557 - RLController - INFO -   Example: junction C0 -> durations [22, 22, 24, 22] (total: 90s)
2026-09-23 17:03:11,558 - RLController - INFO -   Example: junction C1 -> durations [24, 22, 22, 22] (total: 90s)
2026-09-23 17:03:11,558 - RLController - INFO -   Example: junction C2 -> durations [57, 13, 10, 10] (total: 90s)
2026-09-23 17:03:11,558 - RLController - INFO -   Example: junction C3 -> durations [60, 10, 10, 10] (total: 90s)
2026-09-23 17:03:11,558 - RLController - INFO -   Example: junction C4 -> durations [57, 11, 11, 11] (total: 90s)
2026-09-23 17:03:11,558 - RLController - INFO -   Example: junction C5 -> durations [57, 11, 11, 11] (total: 90s)
2026-09-23 17:03:11,558 - RLController - INFO -   Example: junction D0 -> durations [24, 22, 22, 22] (total: 90s)
2026-09-23 17:03:11,558 - RLController - INFO -   Example: junction D1 -> durations [21, 21, 27, 21] (total: 90s)
2026-09-23 17:03:11,558 - RLController - INFO -   Example: junction D2 -> durations [45, 15, 15, 15] (total: 90s)
2026-09-23 17:03:11,558 - RLController - INFO -   Example: junction D3 -> durations [24, 22, 22, 22] (total: 90s)
2026-09-23 17:03:11,558 - RLController - INFO -   Example: junction D4 -> durations [24, 22, 22, 22] (total: 90s)
2026-09-23 17:03:11,559 - RLController - INFO -   Example: junction D5 -> durations [13, 13, 51, 13] (total: 90s)
2026-09-23 17:03:11,559 - RLController - INFO -   Example: junction E0 -> durations [24, 22, 22, 22] (total: 90s)
2026-09-23 17:03:11,559 - RLController - INFO -   Example: junction E1 -> durations [24, 22, 22, 22] (total: 90s)
2026-09-23 17:03:11,559 - RLController - INFO -   Stored schedules for 34 junctions, cycle starts at step 4230
2026-09-23 17:03:13,832 - RLController - INFO - DIAGNOSTIC Step 4320 - Observation stats:
2026-09-23 17:03:13,832 - RLController - INFO -   Hash: 3608571471345921362, Min: 0.000000, Max: 1.000000, Mean: 0.430463, Std: 0.455991
2026-09-23 17:03:13,832 - RLController - INFO -   First 10: [1.        0.        0.        0.        0.        0.5226481 1.
 0.        0.        0.       ]
2026-09-23 17:03:13,832 - RLController - INFO -   Last 10: [0.         0.2        0.         0.08333334 0.4722222  0.0029208
 0.07628205 0.54290587 0.         0.3       ]
2026-09-23 17:03:13,836 - RLController - INFO - DIAGNOSTIC - Raw model action output:
2026-09-23 17:03:13,836 - RLController - INFO -   Action hash: 216183323503644234
2026-09-23 17:03:13,836 - RLController - INFO -   First 8 values: [ -7.4640813 -10.        -10.        -10.        -10.        -10.
 -10.        -10.       ]
2026-09-23 17:03:13,836 - RLController - INFO -   Last 8 values: [-10.        -10.        -10.        -10.        -10.         -1.8420827
 -10.        -10.       ]
2026-09-23 17:03:13,836 - RLController - INFO -   Action shape: (136,), min: -10.000000, max: 4.798084, mean: -9.290395
2026-09-23 17:03:13,836 - RLController - INFO -   B0 junction (indices 16-19) raw values: [ -9.730676 -10.       -10.       -10.      ]
2026-09-23 17:03:13,836 - RLController - INFO - Using CONTINUOUS DURATION-BASED mode
2026-09-23 17:03:13,837 - RLController - INFO -   Example: junction A0 -> durations [51, 13, 13, 13] (total: 90s)
2026-09-23 17:03:13,837 - RLController - INFO -   Example: junction A1 -> durations [24, 22, 22, 22] (total: 90s)
2026-09-23 17:03:13,837 - RLController - INFO -   Example: junction A2 -> durations [12, 12, 54, 12] (total: 90s)
2026-09-23 17:03:13,837 - RLController - INFO -   Example: junction A4 -> durations [60, 10, 10, 10] (total: 90s)
2026-09-23 17:03:13,837 - RLController - INFO -   Example: junction A5 -> durations [24, 22, 22, 22] (total: 90s)
2026-09-23 17:03:13,837 - RLController - INFO -   Example: junction B0 -> durations [24, 22, 22, 22] (total: 90s)
2026-09-23 17:03:13,837 - RLController - INFO -   Example: junction B1 -> durations [24, 22, 22, 22] (total: 90s)
2026-09-23 17:03:13,837 - RLController - INFO -   Example: junction B2 -> durations [24, 22, 22, 22] (total: 90s)
2026-09-23 17:03:13,837 - RLController - INFO -   Example: junction B4 -> durations [24, 22, 22, 22] (total: 90s)
2026-09-23 17:03:13,838 - RLController - INFO -   Example: junction B5 -> durations [60, 10, 10, 10] (total: 90s)
2026-09-23 17:03:13,838 - RLController - INFO -   Example: junction C0 -> durations [22, 22, 24, 22] (total: 90s)
2026-09-23 17:03:13,838 - RLController - INFO -   Example: junction C1 -> durations [24, 22, 22, 22] (total: 90s)
2026-09-23 17:03:13,838 - RLController - INFO -   Example: junction C2 -> durations [57, 13, 10, 10] (total: 90s)
2026-09-23 17:03:13,838 - RLController - INFO -   Example: junction C3 -> durations [60, 10, 10, 10] (total: 90s)
2026-09-23 17:03:13,838 - RLController - INFO -   Example: junction C4 -> durations [57, 11, 11, 11] (total: 90s)
2026-09-23 17:03:13,838 - RLController - INFO -   Example: junction C5 -> durations [57, 11, 11, 11] (total: 90s)
2026-09-23 17:03:13,838 - RLController - INFO -   Example: junction D0 -> durations [24, 22, 22, 22] (total: 90s)
2026-09-23 17:03:13,838 - RLController - INFO -   Example: junction D1 -> durations [21, 21, 27, 21] (total: 90s)
2026-09-23 17:03:13,838 - RLController - INFO -   Example: junction D2 -> durations [45, 15, 15, 15] (total: 90s)
2026-09-23 17:03:13,839 - RLController - INFO -   Example: junction D3 -> durations [24, 22, 22, 22] (total: 90s)
2026-09-23 17:03:13,839 - RLController - INFO -   Example: junction D4 -> durations [24, 22, 22, 22] (total: 90s)
2026-09-23 17:03:13,839 - RLController - INFO -   Example: junction D5 -> durations [13, 13, 51, 13] (total: 90s)
2026-09-23 17:03:13,839 - RLController - INFO -   Example: junction E0 -> durations [24, 22, 22, 22] (total: 90s)
2026-09-23 17:03:13,839 - RLController - INFO -   Example: junction E1 -> durations [24, 22, 22, 22] (total: 90s)
2026-09-23 17:03:13,840 - RLController - INFO -   Stored schedules for 34 junctions, cycle starts at step 4320
2026-09-23 17:03:15,850 - RLController - INFO - DIAGNOSTIC Step 4410 - Observation stats:
2026-09-23 17:03:15,850 - RLController - INFO -   Hash: -4960779514141300319, Min: 0.000000, Max: 1.000000, Mean: 0.429358, Std: 0.455984
2026-09-23 17:03:15,850 - RLController - INFO -   First 10: [1.        0.        0.        0.        0.        0.5226481 1.
 0.        0.        0.       ]
2026-09-23 17:03:15,850 - RLController - INFO -   Last 10: [0.         0.2        0.         0.08333334 0.4636752  0.00280983
 0.07658119 0.55173016 0.         0.3       ]
2026-09-23 17:03:15,854 - RLController - INFO - DIAGNOSTIC - Raw model action output:
2026-09-23 17:03:15,854 - RLController - INFO -   Action hash: 9058452638267563741
2026-09-23 17:03:15,854 - RLController - INFO -   First 8 values: [ -7.3999 -10.     -10.     -10.     -10.     -10.     -10.     -10.    ]
2026-09-23 17:03:15,855 - RLController - INFO -   Last 8 values: [-10.        -10.        -10.        -10.        -10.         -1.9301159
 -10.        -10.       ]
2026-09-23 17:03:15,855 - RLController - INFO -   Action shape: (136,), min: -10.000000, max: 4.897112, mean: -9.294770
2026-09-23 17:03:15,855 - RLController - INFO -   B0 junction (indices 16-19) raw values: [ -9.478329 -10.       -10.       -10.      ]
2026-09-23 17:03:15,855 - RLController - INFO - Using CONTINUOUS DURATION-BASED mode
2026-09-23 17:03:15,855 - RLController - INFO -   Example: junction A0 -> durations [51, 13, 13, 13] (total: 90s)
2026-09-23 17:03:15,855 - RLController - INFO -   Example: junction A1 -> durations [24, 22, 22, 22] (total: 90s)
2026-09-23 17:03:15,856 - RLController - INFO -   Example: junction A2 -> durations [12, 12, 54, 12] (total: 90s)
2026-09-23 17:03:15,856 - RLController - INFO -   Example: junction A4 -> durations [60, 10, 10, 10] (total: 90s)
2026-09-23 17:03:15,856 - RLController - INFO -   Example: junction A5 -> durations [24, 22, 22, 22] (total: 90s)
2026-09-23 17:03:15,856 - RLController - INFO -   Example: junction B0 -> durations [24, 22, 22, 22] (total: 90s)
2026-09-23 17:03:15,856 - RLController - INFO -   Example: junction B1 -> durations [24, 22, 22, 22] (total: 90s)
2026-09-23 17:03:15,856 - RLController - INFO -   Example: junction B2 -> durations [24, 22, 22, 22] (total: 90s)
2026-09-23 17:03:15,857 - RLController - INFO -   Example: junction B4 -> durations [24, 22, 22, 22] (total: 90s)
2026-09-23 17:03:15,857 - RLController - INFO -   Example: junction B5 -> durations [60, 10, 10, 10] (total: 90s)
2026-09-23 17:03:15,857 - RLController - INFO -   Example: junction C0 -> durations [22, 22, 24, 22] (total: 90s)
2026-09-23 17:03:15,857 - RLController - INFO -   Example: junction C1 -> durations [24, 22, 22, 22] (total: 90s)
2026-09-23 17:03:15,857 - RLController - INFO -   Example: junction C2 -> durations [57, 13, 10, 10] (total: 90s)
2026-09-23 17:03:15,857 - RLController - INFO -   Example: junction C3 -> durations [60, 10, 10, 10] (total: 90s)
2026-09-23 17:03:15,857 - RLController - INFO -   Example: junction C4 -> durations [57, 11, 11, 11] (total: 90s)
2026-09-23 17:03:15,858 - RLController - INFO -   Example: junction C5 -> durations [57, 11, 11, 11] (total: 90s)
2026-09-23 17:03:15,858 - RLController - INFO -   Example: junction D0 -> durations [24, 22, 22, 22] (total: 90s)
2026-09-23 17:03:15,858 - RLController - INFO -   Example: junction D1 -> durations [21, 21, 27, 21] (total: 90s)
2026-09-23 17:03:15,858 - RLController - INFO -   Example: junction D2 -> durations [45, 15, 15, 15] (total: 90s)
2026-09-23 17:03:15,858 - RLController - INFO -   Example: junction D3 -> durations [24, 22, 22, 22] (total: 90s)
2026-09-23 17:03:15,858 - RLController - INFO -   Example: junction D4 -> durations [24, 22, 22, 22] (total: 90s)
2026-09-23 17:03:15,859 - RLController - INFO -   Example: junction D5 -> durations [13, 13, 51, 13] (total: 90s)
2026-09-23 17:03:15,859 - RLController - INFO -   Example: junction E0 -> durations [24, 22, 22, 22] (total: 90s)
2026-09-23 17:03:15,859 - RLController - INFO -   Example: junction E1 -> durations [24, 22, 22, 22] (total: 90s)
2026-09-23 17:03:15,860 - RLController - INFO -   Stored schedules for 34 junctions, cycle starts at step 4410
2026-09-23 17:03:18,889 - RLController - INFO - DIAGNOSTIC Step 4500 - Observation stats:
2026-09-23 17:03:18,890 - RLController - INFO -   Hash: 8367462589181887550, Min: 0.000000, Max: 1.000000, Mean: 0.439298, Std: 0.455600
2026-09-23 17:03:18,890 - RLController - INFO -   First 10: [1.        0.        0.        0.        0.        0.5226481 1.
 0.        0.        0.       ]
2026-09-23 17:03:18,890 - RLController - INFO -   Last 10: [0.         0.2        0.         0.08333334 0.4957265  0.00293895
 0.07730769 0.51963824 0.         0.3       ]
2026-09-23 17:03:18,895 - RLController - INFO - DIAGNOSTIC - Raw model action output:
2026-09-23 17:03:18,896 - RLController - INFO -   Action hash: 7109984959771896626
2026-09-23 17:03:18,896 - RLController - INFO -   First 8 values: [ -7.375739 -10.       -10.       -10.       -10.       -10.
 -10.       -10.      ]
2026-09-23 17:03:18,896 - RLController - INFO -   Last 8 values: [-10.        -10.        -10.        -10.        -10.         -3.3824513
 -10.        -10.       ]
2026-09-23 17:03:18,896 - RLController - INFO -   Action shape: (136,), min: -10.000000, max: 4.218109, mean: -9.312308
2026-09-23 17:03:18,897 - RLController - INFO -   B0 junction (indices 16-19) raw values: [-10. -10. -10. -10.]
2026-09-23 17:03:18,897 - RLController - INFO - Using CONTINUOUS DURATION-BASED mode
2026-09-23 17:03:18,897 - RLController - INFO -   Example: junction A0 -> durations [51, 13, 13, 13] (total: 90s)
2026-09-23 17:03:18,897 - RLController - INFO -   Example: junction A1 -> durations [24, 22, 22, 22] (total: 90s)
2026-09-23 17:03:18,897 - RLController - INFO -   Example: junction A2 -> durations [12, 12, 54, 12] (total: 90s)
2026-09-23 17:03:18,897 - RLController - INFO -   Example: junction A4 -> durations [60, 10, 10, 10] (total: 90s)
2026-09-23 17:03:18,897 - RLController - INFO -   Example: junction A5 -> durations [24, 22, 22, 22] (total: 90s)
2026-09-23 17:03:18,897 - RLController - INFO -   Example: junction B0 -> durations [24, 22, 22, 22] (total: 90s)
2026-09-23 17:03:18,898 - RLController - INFO -   Example: junction B1 -> durations [24, 22, 22, 22] (total: 90s)
2026-09-23 17:03:18,898 - RLController - INFO -   Example: junction B2 -> durations [24, 22, 22, 22] (total: 90s)
2026-09-23 17:03:18,898 - RLController - INFO -   Example: junction B4 -> durations [24, 22, 22, 22] (total: 90s)
2026-09-23 17:03:18,898 - RLController - INFO -   Example: junction B5 -> durations [60, 10, 10, 10] (total: 90s)
2026-09-23 17:03:18,898 - RLController - INFO -   Example: junction C0 -> durations [22, 22, 24, 22] (total: 90s)
2026-09-23 17:03:18,898 - RLController - INFO -   Example: junction C1 -> durations [24, 22, 22, 22] (total: 90s)
2026-09-23 17:03:18,898 - RLController - INFO -   Example: junction C2 -> durations [57, 13, 10, 10] (total: 90s)
2026-09-23 17:03:18,899 - RLController - INFO -   Example: junction C3 -> durations [60, 10, 10, 10] (total: 90s)
2026-09-23 17:03:18,899 - RLController - INFO -   Example: junction C4 -> durations [57, 11, 11, 11] (total: 90s)
2026-09-23 17:03:18,899 - RLController - INFO -   Example: junction C5 -> durations [57, 11, 11, 11] (total: 90s)
2026-09-23 17:03:18,899 - RLController - INFO -   Example: junction D0 -> durations [24, 22, 22, 22] (total: 90s)
2026-09-23 17:03:18,899 - RLController - INFO -   Example: junction D1 -> durations [21, 21, 27, 21] (total: 90s)
2026-09-23 17:03:18,899 - RLController - INFO -   Example: junction D2 -> durations [45, 15, 15, 15] (total: 90s)
2026-09-23 17:03:18,899 - RLController - INFO -   Example: junction D3 -> durations [24, 22, 22, 22] (total: 90s)
2026-09-23 17:03:18,899 - RLController - INFO -   Example: junction D4 -> durations [24, 22, 22, 22] (total: 90s)
2026-09-23 17:03:18,900 - RLController - INFO -   Example: junction D5 -> durations [13, 13, 51, 13] (total: 90s)
2026-09-23 17:03:18,900 - RLController - INFO -   Example: junction E0 -> durations [24, 22, 22, 22] (total: 90s)
2026-09-23 17:03:18,900 - RLController - INFO -   Example: junction E1 -> durations [24, 22, 22, 22] (total: 90s)
2026-09-23 17:03:18,901 - RLController - INFO -   Stored schedules for 34 junctions, cycle starts at step 4500
2026-09-23 17:03:20,926 - RLController - INFO - DIAGNOSTIC Step 4590 - Observation stats:
2026-09-23 17:03:20,926 - RLController - INFO -   Hash: 7751868090277792231, Min: 0.000000, Max: 1.000000, Mean: 0.436912, Std: 0.455752
2026-09-23 17:03:20,926 - RLController - INFO -   First 10: [1.        0.        0.        0.        0.        0.5226481 1.
 0.        0.        0.       ]
2026-09-23 17:03:20,926 - RLController - INFO -   Last 10: [0.         0.2        0.         0.08333334 0.4871795  0.00340138
 0.07611111 0.5298761  0.         0.3       ]
2026-09-23 17:03:20,929 - RLController - INFO - DIAGNOSTIC - Raw model action output:
2026-09-23 17:03:20,930 - RLController - INFO -   Action hash: -1256774332630015784
2026-09-23 17:03:20,930 - RLController - INFO -   First 8 values: [ -7.567859 -10.       -10.       -10.       -10.       -10.
 -10.       -10.      ]
2026-09-23 17:03:20,930 - RLController - INFO -   Last 8 values: [-10.       -10.       -10.       -10.       -10.        -2.938917
 -10.       -10.      ]
2026-09-23 17:03:20,930 - RLController - INFO -   Action shape: (136,), min: -10.000000, max: 4.702475, mean: -9.285279
2026-09-23 17:03:20,930 - RLController - INFO -   B0 junction (indices 16-19) raw values: [-10. -10. -10. -10.]
2026-09-23 17:03:20,930 - RLController - INFO - Using CONTINUOUS DURATION-BASED mode
2026-09-23 17:03:20,930 - RLController - INFO -   Example: junction A0 -> durations [51, 13, 13, 13] (total: 90s)
2026-09-23 17:03:20,931 - RLController - INFO -   Example: junction A1 -> durations [24, 22, 22, 22] (total: 90s)
2026-09-23 17:03:20,931 - RLController - INFO -   Example: junction A2 -> durations [12, 12, 54, 12] (total: 90s)
2026-09-23 17:03:20,931 - RLController - INFO -   Example: junction A4 -> durations [60, 10, 10, 10] (total: 90s)
2026-09-23 17:03:20,931 - RLController - INFO -   Example: junction A5 -> durations [24, 22, 22, 22] (total: 90s)
2026-09-23 17:03:20,931 - RLController - INFO -   Example: junction B0 -> durations [24, 22, 22, 22] (total: 90s)
2026-09-23 17:03:20,931 - RLController - INFO -   Example: junction B1 -> durations [24, 22, 22, 22] (total: 90s)
2026-09-23 17:03:20,931 - RLController - INFO -   Example: junction B2 -> durations [24, 22, 22, 22] (total: 90s)
2026-09-23 17:03:20,931 - RLController - INFO -   Example: junction B4 -> durations [24, 22, 22, 22] (total: 90s)
2026-09-23 17:03:20,931 - RLController - INFO -   Example: junction B5 -> durations [60, 10, 10, 10] (total: 90s)
2026-09-23 17:03:20,931 - RLController - INFO -   Example: junction C0 -> durations [22, 22, 24, 22] (total: 90s)
2026-09-23 17:03:20,932 - RLController - INFO -   Example: junction C1 -> durations [24, 22, 22, 22] (total: 90s)
2026-09-23 17:03:20,932 - RLController - INFO -   Example: junction C2 -> durations [57, 13, 10, 10] (total: 90s)
2026-09-23 17:03:20,932 - RLController - INFO -   Example: junction C3 -> durations [60, 10, 10, 10] (total: 90s)
2026-09-23 17:03:20,932 - RLController - INFO -   Example: junction C4 -> durations [57, 11, 11, 11] (total: 90s)
2026-09-23 17:03:20,932 - RLController - INFO -   Example: junction C5 -> durations [57, 11, 11, 11] (total: 90s)
2026-09-23 17:03:20,932 - RLController - INFO -   Example: junction D0 -> durations [24, 22, 22, 22] (total: 90s)
2026-09-23 17:03:20,932 - RLController - INFO -   Example: junction D1 -> durations [21, 21, 27, 21] (total: 90s)
2026-09-23 17:03:20,932 - RLController - INFO -   Example: junction D2 -> durations [45, 15, 15, 15] (total: 90s)
2026-09-23 17:03:20,932 - RLController - INFO -   Example: junction D3 -> durations [24, 22, 22, 22] (total: 90s)
2026-09-23 17:03:20,933 - RLController - INFO -   Example: junction D4 -> durations [24, 22, 22, 22] (total: 90s)
2026-09-23 17:03:20,933 - RLController - INFO -   Example: junction D5 -> durations [13, 13, 51, 13] (total: 90s)
2026-09-23 17:03:20,933 - RLController - INFO -   Example: junction E0 -> durations [24, 22, 22, 22] (total: 90s)
2026-09-23 17:03:20,933 - RLController - INFO -   Example: junction E1 -> durations [24, 22, 22, 22] (total: 90s)
2026-09-23 17:03:20,933 - RLController - INFO -   Stored schedules for 34 junctions, cycle starts at step 4590
2026-09-23 17:03:22,932 - RLController - INFO - DIAGNOSTIC Step 4680 - Observation stats:
2026-09-23 17:03:22,933 - RLController - INFO -   Hash: 3265279974724214270, Min: 0.000000, Max: 1.000000, Mean: 0.442532, Std: 0.455499
2026-09-23 17:03:22,933 - RLController - INFO -   First 10: [1.        0.        0.        0.        0.        0.5226481 1.
 0.        0.        0.       ]
2026-09-23 17:03:22,934 - RLController - INFO -   Last 10: [0.         0.2        0.         0.08333334 0.50427353 0.00328427
 0.07709402 0.5122384  0.         0.3       ]
2026-09-23 17:03:22,936 - RLController - INFO - DIAGNOSTIC - Raw model action output:
2026-09-23 17:03:22,936 - RLController - INFO -   Action hash: 1974833365453392363
2026-09-23 17:03:22,937 - RLController - INFO -   First 8 values: [ -7.6696515 -10.        -10.        -10.        -10.        -10.
 -10.        -10.       ]
2026-09-23 17:03:22,937 - RLController - INFO -   Last 8 values: [-10.        -10.        -10.        -10.        -10.         -3.4395182
 -10.        -10.       ]
2026-09-23 17:03:22,937 - RLController - INFO -   Action shape: (136,), min: -10.000000, max: 4.703897, mean: -9.293319
2026-09-23 17:03:22,937 - RLController - INFO -   B0 junction (indices 16-19) raw values: [-10. -10. -10. -10.]
2026-09-23 17:03:22,937 - RLController - INFO - Using CONTINUOUS DURATION-BASED mode
2026-09-23 17:03:22,937 - RLController - INFO -   Example: junction A0 -> durations [51, 13, 13, 13] (total: 90s)
2026-09-23 17:03:22,937 - RLController - INFO -   Example: junction A1 -> durations [24, 22, 22, 22] (total: 90s)
2026-09-23 17:03:22,937 - RLController - INFO -   Example: junction A2 -> durations [12, 12, 54, 12] (total: 90s)
2026-09-23 17:03:22,938 - RLController - INFO -   Example: junction A4 -> durations [60, 10, 10, 10] (total: 90s)
2026-09-23 17:03:22,938 - RLController - INFO -   Example: junction A5 -> durations [24, 22, 22, 22] (total: 90s)
2026-09-23 17:03:22,938 - RLController - INFO -   Example: junction B0 -> durations [24, 22, 22, 22] (total: 90s)
2026-09-23 17:03:22,938 - RLController - INFO -   Example: junction B1 -> durations [24, 22, 22, 22] (total: 90s)
2026-09-23 17:03:22,938 - RLController - INFO -   Example: junction B2 -> durations [24, 22, 22, 22] (total: 90s)
2026-09-23 17:03:22,938 - RLController - INFO -   Example: junction B4 -> durations [24, 22, 22, 22] (total: 90s)
2026-09-23 17:03:22,938 - RLController - INFO -   Example: junction B5 -> durations [60, 10, 10, 10] (total: 90s)
2026-09-23 17:03:22,938 - RLController - INFO -   Example: junction C0 -> durations [22, 22, 24, 22] (total: 90s)
2026-09-23 17:03:22,938 - RLController - INFO -   Example: junction C1 -> durations [24, 22, 22, 22] (total: 90s)
2026-09-23 17:03:22,938 - RLController - INFO -   Example: junction C2 -> durations [57, 13, 10, 10] (total: 90s)
2026-09-23 17:03:22,939 - RLController - INFO -   Example: junction C3 -> durations [60, 10, 10, 10] (total: 90s)
2026-09-23 17:03:22,939 - RLController - INFO -   Example: junction C4 -> durations [57, 11, 11, 11] (total: 90s)
2026-09-23 17:03:22,939 - RLController - INFO -   Example: junction C5 -> durations [57, 11, 11, 11] (total: 90s)
2026-09-23 17:03:22,939 - RLController - INFO -   Example: junction D0 -> durations [24, 22, 22, 22] (total: 90s)
2026-09-23 17:03:22,939 - RLController - INFO -   Example: junction D1 -> durations [21, 21, 27, 21] (total: 90s)
2026-09-23 17:03:22,939 - RLController - INFO -   Example: junction D2 -> durations [45, 15, 15, 15] (total: 90s)
2026-09-23 17:03:22,939 - RLController - INFO -   Example: junction D3 -> durations [24, 22, 22, 22] (total: 90s)
2026-09-23 17:03:22,939 - RLController - INFO -   Example: junction D4 -> durations [24, 22, 22, 22] (total: 90s)
2026-09-23 17:03:22,939 - RLController - INFO -   Example: junction D5 -> durations [13, 13, 51, 13] (total: 90s)
2026-09-23 17:03:22,940 - RLController - INFO -   Example: junction E0 -> durations [24, 22, 22, 22] (total: 90s)
2026-09-23 17:03:22,940 - RLController - INFO -   Example: junction E1 -> durations [24, 22, 22, 22] (total: 90s)
2026-09-23 17:03:22,940 - RLController - INFO -   Stored schedules for 34 junctions, cycle starts at step 4680
2026-09-23 17:03:24,887 - RLController - INFO - DIAGNOSTIC Step 4770 - Observation stats:
2026-09-23 17:03:24,887 - RLController - INFO -   Hash: 8519193571970655628, Min: 0.000000, Max: 1.000000, Mean: 0.447454, Std: 0.458845
2026-09-23 17:03:24,887 - RLController - INFO -   First 10: [1.         0.         0.         0.         0.         0.5226481
 0.         1.         0.99333334 1.        ]
2026-09-23 17:03:24,887 - RLController - INFO -   Last 10: [0.         0.2        0.         0.08333334 0.52136755 0.00375251
 0.07692308 0.50633913 0.         0.3       ]
2026-09-23 17:03:24,891 - RLController - INFO - DIAGNOSTIC - Raw model action output:
2026-09-23 17:03:24,891 - RLController - INFO -   Action hash: -8926978571720524855
2026-09-23 17:03:24,891 - RLController - INFO -   First 8 values: [ -7.620633 -10.       -10.       -10.       -10.       -10.
 -10.       -10.      ]
2026-09-23 17:03:24,891 - RLController - INFO -   Last 8 values: [-10.        -10.        -10.        -10.        -10.         -4.0222235
 -10.        -10.       ]
2026-09-23 17:03:24,892 - RLController - INFO -   Action shape: (136,), min: -10.000000, max: 5.443123, mean: -9.274902
2026-09-23 17:03:24,892 - RLController - INFO -   B0 junction (indices 16-19) raw values: [-10. -10. -10. -10.]
2026-09-23 17:03:24,892 - RLController - INFO - Using CONTINUOUS DURATION-BASED mode
2026-09-23 17:03:24,892 - RLController - INFO -   Example: junction A0 -> durations [51, 13, 13, 13] (total: 90s)
2026-09-23 17:03:24,892 - RLController - INFO -   Example: junction A1 -> durations [24, 22, 22, 22] (total: 90s)
2026-09-23 17:03:24,892 - RLController - INFO -   Example: junction A2 -> durations [12, 12, 54, 12] (total: 90s)
2026-09-23 17:03:24,892 - RLController - INFO -   Example: junction A4 -> durations [60, 10, 10, 10] (total: 90s)
2026-09-23 17:03:24,892 - RLController - INFO -   Example: junction A5 -> durations [24, 22, 22, 22] (total: 90s)
2026-09-23 17:03:24,893 - RLController - INFO -   Example: junction B0 -> durations [24, 22, 22, 22] (total: 90s)
2026-09-23 17:03:24,893 - RLController - INFO -   Example: junction B1 -> durations [24, 22, 22, 22] (total: 90s)
2026-09-23 17:03:24,893 - RLController - INFO -   Example: junction B2 -> durations [24, 22, 22, 22] (total: 90s)
2026-09-23 17:03:24,893 - RLController - INFO -   Example: junction B4 -> durations [24, 22, 22, 22] (total: 90s)
2026-09-23 17:03:24,893 - RLController - INFO -   Example: junction B5 -> durations [60, 10, 10, 10] (total: 90s)
2026-09-23 17:03:24,893 - RLController - INFO -   Example: junction C0 -> durations [22, 22, 24, 22] (total: 90s)
2026-09-23 17:03:24,893 - RLController - INFO -   Example: junction C1 -> durations [24, 22, 22, 22] (total: 90s)
2026-09-23 17:03:24,893 - RLController - INFO -   Example: junction C2 -> durations [57, 13, 10, 10] (total: 90s)
2026-09-23 17:03:24,893 - RLController - INFO -   Example: junction C3 -> durations [60, 10, 10, 10] (total: 90s)
2026-09-23 17:03:24,894 - RLController - INFO -   Example: junction C4 -> durations [57, 11, 11, 11] (total: 90s)
2026-09-23 17:03:24,894 - RLController - INFO -   Example: junction C5 -> durations [57, 11, 11, 11] (total: 90s)
2026-09-23 17:03:24,894 - RLController - INFO -   Example: junction D0 -> durations [24, 22, 22, 22] (total: 90s)
2026-09-23 17:03:24,894 - RLController - INFO -   Example: junction D1 -> durations [21, 21, 27, 21] (total: 90s)
2026-09-23 17:03:24,894 - RLController - INFO -   Example: junction D2 -> durations [45, 15, 15, 15] (total: 90s)
2026-09-23 17:03:24,894 - RLController - INFO -   Example: junction D3 -> durations [24, 22, 22, 22] (total: 90s)
2026-09-23 17:03:24,894 - RLController - INFO -   Example: junction D4 -> durations [24, 22, 22, 22] (total: 90s)
2026-09-23 17:03:24,894 - RLController - INFO -   Example: junction D5 -> durations [13, 13, 51, 13] (total: 90s)
2026-09-23 17:03:24,894 - RLController - INFO -   Example: junction E0 -> durations [24, 22, 22, 22] (total: 90s)
2026-09-23 17:03:24,895 - RLController - INFO -   Example: junction E1 -> durations [24, 22, 22, 22] (total: 90s)
2026-09-23 17:03:24,895 - RLController - INFO -   Stored schedules for 34 junctions, cycle starts at step 4770
2026-09-23 17:03:26,890 - RLController - INFO - DIAGNOSTIC Step 4860 - Observation stats:
2026-09-23 17:03:26,890 - RLController - INFO -   Hash: -3083099727354998282, Min: 0.000000, Max: 1.000000, Mean: 0.447042, Std: 0.456196
2026-09-23 17:03:26,891 - RLController - INFO -   First 10: [1.         0.         0.         0.         0.         0.5226481
 0.         0.         0.99333334 1.        ]
2026-09-23 17:03:26,891 - RLController - INFO -   Last 10: [0.         0.2        0.         0.08333334 0.52991456 0.00327937
 0.07790598 0.4920525  0.         0.3       ]
2026-09-23 17:03:26,894 - RLController - INFO - DIAGNOSTIC - Raw model action output:
2026-09-23 17:03:26,894 - RLController - INFO -   Action hash: 6138445782498620072
2026-09-23 17:03:26,894 - RLController - INFO -   First 8 values: [ -7.4244227 -10.        -10.        -10.        -10.        -10.
 -10.        -10.       ]
2026-09-23 17:03:26,894 - RLController - INFO -   Last 8 values: [-10.        -10.        -10.        -10.        -10.         -2.9010568
 -10.        -10.       ]
2026-09-23 17:03:26,894 - RLController - INFO -   Action shape: (136,), min: -10.000000, max: 5.475331, mean: -9.286926
2026-09-23 17:03:26,894 - RLController - INFO -   B0 junction (indices 16-19) raw values: [-10. -10. -10. -10.]
2026-09-23 17:03:26,894 - RLController - INFO - Using CONTINUOUS DURATION-BASED mode
2026-09-23 17:03:26,895 - RLController - INFO -   Example: junction A0 -> durations [51, 13, 13, 13] (total: 90s)
2026-09-23 17:03:26,895 - RLController - INFO -   Example: junction A1 -> durations [24, 22, 22, 22] (total: 90s)
2026-09-23 17:03:26,895 - RLController - INFO -   Example: junction A2 -> durations [12, 12, 54, 12] (total: 90s)
2026-09-23 17:03:26,895 - RLController - INFO -   Example: junction A4 -> durations [60, 10, 10, 10] (total: 90s)
2026-09-23 17:03:26,895 - RLController - INFO -   Example: junction A5 -> durations [24, 22, 22, 22] (total: 90s)
2026-09-23 17:03:26,895 - RLController - INFO -   Example: junction B0 -> durations [24, 22, 22, 22] (total: 90s)
2026-09-23 17:03:26,895 - RLController - INFO -   Example: junction B1 -> durations [24, 22, 22, 22] (total: 90s)
2026-09-23 17:03:26,895 - RLController - INFO -   Example: junction B2 -> durations [24, 22, 22, 22] (total: 90s)
2026-09-23 17:03:26,895 - RLController - INFO -   Example: junction B4 -> durations [24, 22, 22, 22] (total: 90s)
2026-09-23 17:03:26,896 - RLController - INFO -   Example: junction B5 -> durations [60, 10, 10, 10] (total: 90s)
2026-09-23 17:03:26,896 - RLController - INFO -   Example: junction C0 -> durations [22, 22, 24, 22] (total: 90s)
2026-09-23 17:03:26,896 - RLController - INFO -   Example: junction C1 -> durations [24, 22, 22, 22] (total: 90s)
2026-09-23 17:03:26,896 - RLController - INFO -   Example: junction C2 -> durations [57, 13, 10, 10] (total: 90s)
2026-09-23 17:03:26,896 - RLController - INFO -   Example: junction C3 -> durations [60, 10, 10, 10] (total: 90s)
2026-09-23 17:03:26,896 - RLController - INFO -   Example: junction C4 -> durations [57, 11, 11, 11] (total: 90s)
2026-09-23 17:03:26,896 - RLController - INFO -   Example: junction C5 -> durations [57, 11, 11, 11] (total: 90s)
2026-09-23 17:03:26,896 - RLController - INFO -   Example: junction D0 -> durations [24, 22, 22, 22] (total: 90s)
2026-09-23 17:03:26,896 - RLController - INFO -   Example: junction D1 -> durations [21, 21, 27, 21] (total: 90s)
2026-09-23 17:03:26,896 - RLController - INFO -   Example: junction D2 -> durations [45, 15, 15, 15] (total: 90s)
2026-09-23 17:03:26,897 - RLController - INFO -   Example: junction D3 -> durations [24, 22, 22, 22] (total: 90s)
2026-09-23 17:03:26,897 - RLController - INFO -   Example: junction D4 -> durations [24, 22, 22, 22] (total: 90s)
2026-09-23 17:03:26,897 - RLController - INFO -   Example: junction D5 -> durations [13, 13, 51, 13] (total: 90s)
2026-09-23 17:03:26,897 - RLController - INFO -   Example: junction E0 -> durations [24, 22, 22, 22] (total: 90s)
2026-09-23 17:03:26,897 - RLController - INFO -   Example: junction E1 -> durations [24, 22, 22, 22] (total: 90s)
2026-09-23 17:03:26,898 - RLController - INFO -   Stored schedules for 34 junctions, cycle starts at step 4860
2026-09-23 17:03:29,286 - RLController - INFO - DIAGNOSTIC Step 4950 - Observation stats:
2026-09-23 17:03:29,286 - RLController - INFO -   Hash: -7361444128234814554, Min: 0.000000, Max: 1.000000, Mean: 0.439051, Std: 0.456066
2026-09-23 17:03:29,287 - RLController - INFO -   First 10: [1.         0.         0.         0.         0.         0.5226481
 0.         1.         0.99333334 1.        ]
2026-09-23 17:03:29,287 - RLController - INFO -   Last 10: [0.         0.2        0.         0.08333334 0.48504272 0.00327397
 0.07756411 0.5380353  0.         0.3       ]
2026-09-23 17:03:29,291 - RLController - INFO - DIAGNOSTIC - Raw model action output:
2026-09-23 17:03:29,291 - RLController - INFO -   Action hash: -2605397450541722769
2026-09-23 17:03:29,291 - RLController - INFO -   First 8 values: [ -7.5613647 -10.        -10.        -10.        -10.        -10.
 -10.        -10.       ]
2026-09-23 17:03:29,291 - RLController - INFO -   Last 8 values: [-10.        -10.        -10.        -10.        -10.         -2.0713322
 -10.        -10.       ]
2026-09-23 17:03:29,291 - RLController - INFO -   Action shape: (136,), min: -10.000000, max: 5.566665, mean: -9.300420
2026-09-23 17:03:29,291 - RLController - INFO -   B0 junction (indices 16-19) raw values: [-10. -10. -10. -10.]
2026-09-23 17:03:29,291 - RLController - INFO - Using CONTINUOUS DURATION-BASED mode
2026-09-23 17:03:29,292 - RLController - INFO -   Example: junction A0 -> durations [51, 13, 13, 13] (total: 90s)
2026-09-23 17:03:29,292 - RLController - INFO -   Example: junction A1 -> durations [24, 22, 22, 22] (total: 90s)
2026-09-23 17:03:29,292 - RLController - INFO -   Example: junction A2 -> durations [12, 12, 54, 12] (total: 90s)
2026-09-23 17:03:29,292 - RLController - INFO -   Example: junction A4 -> durations [60, 10, 10, 10] (total: 90s)
2026-09-23 17:03:29,292 - RLController - INFO -   Example: junction A5 -> durations [24, 22, 22, 22] (total: 90s)
2026-09-23 17:03:29,292 - RLController - INFO -   Example: junction B0 -> durations [24, 22, 22, 22] (total: 90s)
2026-09-23 17:03:29,292 - RLController - INFO -   Example: junction B1 -> durations [24, 22, 22, 22] (total: 90s)
2026-09-23 17:03:29,292 - RLController - INFO -   Example: junction B2 -> durations [24, 22, 22, 22] (total: 90s)
2026-09-23 17:03:29,292 - RLController - INFO -   Example: junction B4 -> durations [24, 22, 22, 22] (total: 90s)
2026-09-23 17:03:29,293 - RLController - INFO -   Example: junction B5 -> durations [60, 10, 10, 10] (total: 90s)
2026-09-23 17:03:29,293 - RLController - INFO -   Example: junction C0 -> durations [22, 22, 24, 22] (total: 90s)
2026-09-23 17:03:29,293 - RLController - INFO -   Example: junction C1 -> durations [24, 22, 22, 22] (total: 90s)
2026-09-23 17:03:29,293 - RLController - INFO -   Example: junction C2 -> durations [57, 13, 10, 10] (total: 90s)
2026-09-23 17:03:29,293 - RLController - INFO -   Example: junction C3 -> durations [60, 10, 10, 10] (total: 90s)
2026-09-23 17:03:29,293 - RLController - INFO -   Example: junction C4 -> durations [57, 11, 11, 11] (total: 90s)
2026-09-23 17:03:29,293 - RLController - INFO -   Example: junction C5 -> durations [57, 11, 11, 11] (total: 90s)
2026-09-23 17:03:29,293 - RLController - INFO -   Example: junction D0 -> durations [24, 22, 22, 22] (total: 90s)
2026-09-23 17:03:29,293 - RLController - INFO -   Example: junction D1 -> durations [21, 21, 27, 21] (total: 90s)
2026-09-23 17:03:29,294 - RLController - INFO -   Example: junction D2 -> durations [45, 15, 15, 15] (total: 90s)
2026-09-23 17:03:29,294 - RLController - INFO -   Example: junction D3 -> durations [24, 22, 22, 22] (total: 90s)
2026-09-23 17:03:29,294 - RLController - INFO -   Example: junction D4 -> durations [24, 22, 22, 22] (total: 90s)
2026-09-23 17:03:29,294 - RLController - INFO -   Example: junction D5 -> durations [13, 13, 51, 13] (total: 90s)
2026-09-23 17:03:29,294 - RLController - INFO -   Example: junction E0 -> durations [24, 22, 22, 22] (total: 90s)
2026-09-23 17:03:29,294 - RLController - INFO -   Example: junction E1 -> durations [24, 22, 22, 22] (total: 90s)
2026-09-23 17:03:29,295 - RLController - INFO -   Stored schedules for 34 junctions, cycle starts at step 4950
2026-09-23 17:03:31,349 - RLController - INFO - DIAGNOSTIC Step 5040 - Observation stats:
2026-09-23 17:03:31,349 - RLController - INFO -   Hash: 7246437916938896595, Min: 0.000000, Max: 1.000000, Mean: 0.440370, Std: 0.456085
2026-09-23 17:03:31,350 - RLController - INFO -   First 10: [1.        0.        0.        0.        0.        0.5084746 1.
 0.        0.        0.       ]
2026-09-23 17:03:31,350 - RLController - INFO -   Last 10: [0.         0.2        0.         0.08333334 0.48290598 0.00323111
 0.07816239 0.5332168  0.         0.3       ]
2026-09-23 17:03:31,353 - RLController - INFO - DIAGNOSTIC - Raw model action output:
2026-09-23 17:03:31,353 - RLController - INFO -   Action hash: 669361314310498674
2026-09-23 17:03:31,353 - RLController - INFO -   First 8 values: [ -7.4900923 -10.        -10.        -10.        -10.        -10.
 -10.        -10.       ]
2026-09-23 17:03:31,353 - RLController - INFO -   Last 8 values: [-10.       -10.       -10.       -10.       -10.        -2.182635
 -10.       -10.      ]
2026-09-23 17:03:31,353 - RLController - INFO -   Action shape: (136,), min: -10.000000, max: 5.367656, mean: -9.312328
2026-09-23 17:03:31,354 - RLController - INFO -   B0 junction (indices 16-19) raw values: [-10. -10. -10. -10.]
2026-09-23 17:03:31,354 - RLController - INFO - Using CONTINUOUS DURATION-BASED mode
2026-09-23 17:03:31,354 - RLController - INFO -   Example: junction A0 -> durations [51, 13, 13, 13] (total: 90s)
2026-09-23 17:03:31,354 - RLController - INFO -   Example: junction A1 -> durations [24, 22, 22, 22] (total: 90s)
2026-09-23 17:03:31,354 - RLController - INFO -   Example: junction A2 -> durations [12, 12, 54, 12] (total: 90s)
2026-09-23 17:03:31,354 - RLController - INFO -   Example: junction A4 -> durations [60, 10, 10, 10] (total: 90s)
2026-09-23 17:03:31,354 - RLController - INFO -   Example: junction A5 -> durations [24, 22, 22, 22] (total: 90s)
2026-09-23 17:03:31,354 - RLController - INFO -   Example: junction B0 -> durations [24, 22, 22, 22] (total: 90s)
2026-09-23 17:03:31,354 - RLController - INFO -   Example: junction B1 -> durations [24, 22, 22, 22] (total: 90s)
2026-09-23 17:03:31,354 - RLController - INFO -   Example: junction B2 -> durations [24, 22, 22, 22] (total: 90s)
2026-09-23 17:03:31,355 - RLController - INFO -   Example: junction B4 -> durations [24, 22, 22, 22] (total: 90s)
2026-09-23 17:03:31,355 - RLController - INFO -   Example: junction B5 -> durations [60, 10, 10, 10] (total: 90s)
2026-09-23 17:03:31,355 - RLController - INFO -   Example: junction C0 -> durations [22, 22, 24, 22] (total: 90s)
2026-09-23 17:03:31,355 - RLController - INFO -   Example: junction C1 -> durations [24, 22, 22, 22] (total: 90s)
2026-09-23 17:03:31,355 - RLController - INFO -   Example: junction C2 -> durations [57, 13, 10, 10] (total: 90s)
2026-09-23 17:03:31,355 - RLController - INFO -   Example: junction C3 -> durations [60, 10, 10, 10] (total: 90s)
2026-09-23 17:03:31,355 - RLController - INFO -   Example: junction C4 -> durations [57, 11, 11, 11] (total: 90s)
2026-09-23 17:03:31,355 - RLController - INFO -   Example: junction C5 -> durations [57, 11, 11, 11] (total: 90s)
2026-09-23 17:03:31,355 - RLController - INFO -   Example: junction D0 -> durations [24, 22, 22, 22] (total: 90s)
2026-09-23 17:03:31,355 - RLController - INFO -   Example: junction D1 -> durations [21, 21, 27, 21] (total: 90s)
2026-09-23 17:03:31,356 - RLController - INFO -   Example: junction D2 -> durations [45, 15, 15, 15] (total: 90s)
2026-09-23 17:03:31,356 - RLController - INFO -   Example: junction D3 -> durations [24, 22, 22, 22] (total: 90s)
2026-09-23 17:03:31,356 - RLController - INFO -   Example: junction D4 -> durations [24, 22, 22, 22] (total: 90s)
2026-09-23 17:03:31,356 - RLController - INFO -   Example: junction D5 -> durations [13, 13, 51, 13] (total: 90s)
2026-09-23 17:03:31,356 - RLController - INFO -   Example: junction E0 -> durations [24, 22, 22, 22] (total: 90s)
2026-09-23 17:03:31,356 - RLController - INFO -   Example: junction E1 -> durations [24, 22, 22, 22] (total: 90s)
2026-09-23 17:03:31,357 - RLController - INFO -   Stored schedules for 34 junctions, cycle starts at step 5040
2026-09-23 17:03:33,877 - RLController - INFO - DIAGNOSTIC Step 5130 - Observation stats:
2026-09-23 17:03:33,878 - RLController - INFO -   Hash: 506823465491344897, Min: 0.000000, Max: 1.000000, Mean: 0.436740, Std: 0.455399
2026-09-23 17:03:33,878 - RLController - INFO -   First 10: [1.  0.  0.  0.  0.  0.5 1.  0.  0.  0. ]
2026-09-23 17:03:33,879 - RLController - INFO -   Last 10: [0.         0.2        0.         0.08333334 0.47435898 0.00385853
 0.07841881 0.553276   0.         0.3       ]
2026-09-23 17:03:33,884 - RLController - INFO - DIAGNOSTIC - Raw model action output:
2026-09-23 17:03:33,884 - RLController - INFO -   Action hash: 3149426668750579444
2026-09-23 17:03:33,884 - RLController - INFO -   First 8 values: [ -7.5174265 -10.        -10.        -10.        -10.        -10.
 -10.        -10.       ]
2026-09-23 17:03:33,884 - RLController - INFO -   Last 8 values: [-10.        -10.        -10.        -10.        -10.         -2.4333694
 -10.        -10.       ]
2026-09-23 17:03:33,885 - RLController - INFO -   Action shape: (136,), min: -10.000000, max: 4.386501, mean: -9.288011
2026-09-23 17:03:33,885 - RLController - INFO -   B0 junction (indices 16-19) raw values: [-10. -10. -10. -10.]
2026-09-23 17:03:33,885 - RLController - INFO - Using CONTINUOUS DURATION-BASED mode
2026-09-23 17:03:33,885 - RLController - INFO -   Example: junction A0 -> durations [51, 13, 13, 13] (total: 90s)
2026-09-23 17:03:33,885 - RLController - INFO -   Example: junction A1 -> durations [24, 22, 22, 22] (total: 90s)
2026-09-23 17:03:33,885 - RLController - INFO -   Example: junction A2 -> durations [12, 12, 54, 12] (total: 90s)
2026-09-23 17:03:33,885 - RLController - INFO -   Example: junction A4 -> durations [60, 10, 10, 10] (total: 90s)
2026-09-23 17:03:33,885 - RLController - INFO -   Example: junction A5 -> durations [24, 22, 22, 22] (total: 90s)
2026-09-23 17:03:33,885 - RLController - INFO -   Example: junction B0 -> durations [24, 22, 22, 22] (total: 90s)
2026-09-23 17:03:33,886 - RLController - INFO -   Example: junction B1 -> durations [24, 22, 22, 22] (total: 90s)
2026-09-23 17:03:33,886 - RLController - INFO -   Example: junction B2 -> durations [24, 22, 22, 22] (total: 90s)
2026-09-23 17:03:33,886 - RLController - INFO -   Example: junction B4 -> durations [24, 22, 22, 22] (total: 90s)
2026-09-23 17:03:33,886 - RLController - INFO -   Example: junction B5 -> durations [60, 10, 10, 10] (total: 90s)
2026-09-23 17:03:33,886 - RLController - INFO -   Example: junction C0 -> durations [22, 22, 24, 22] (total: 90s)
2026-09-23 17:03:33,886 - RLController - INFO -   Example: junction C1 -> durations [24, 22, 22, 22] (total: 90s)
2026-09-23 17:03:33,886 - RLController - INFO -   Example: junction C2 -> durations [57, 13, 10, 10] (total: 90s)
2026-09-23 17:03:33,886 - RLController - INFO -   Example: junction C3 -> durations [60, 10, 10, 10] (total: 90s)
2026-09-23 17:03:33,886 - RLController - INFO -   Example: junction C4 -> durations [57, 11, 11, 11] (total: 90s)
2026-09-23 17:03:33,886 - RLController - INFO -   Example: junction C5 -> durations [57, 11, 11, 11] (total: 90s)
2026-09-23 17:03:33,887 - RLController - INFO -   Example: junction D0 -> durations [24, 22, 22, 22] (total: 90s)
2026-09-23 17:03:33,887 - RLController - INFO -   Example: junction D1 -> durations [21, 21, 27, 21] (total: 90s)
2026-09-23 17:03:33,887 - RLController - INFO -   Example: junction D2 -> durations [45, 15, 15, 15] (total: 90s)
2026-09-23 17:03:33,887 - RLController - INFO -   Example: junction D3 -> durations [24, 22, 22, 22] (total: 90s)
2026-09-23 17:03:33,887 - RLController - INFO -   Example: junction D4 -> durations [24, 22, 22, 22] (total: 90s)
2026-09-23 17:03:33,887 - RLController - INFO -   Example: junction D5 -> durations [13, 13, 51, 13] (total: 90s)
2026-09-23 17:03:33,887 - RLController - INFO -   Example: junction E0 -> durations [24, 22, 22, 22] (total: 90s)
2026-09-23 17:03:33,887 - RLController - INFO -   Example: junction E1 -> durations [24, 22, 22, 22] (total: 90s)
2026-09-23 17:03:33,888 - RLController - INFO -   Stored schedules for 34 junctions, cycle starts at step 5130
2026-09-23 17:03:36,406 - RLController - INFO - DIAGNOSTIC Step 5220 - Observation stats:
2026-09-23 17:03:36,406 - RLController - INFO -   Hash: -2848886921322593698, Min: 0.000000, Max: 1.000000, Mean: 0.445864, Std: 0.457465
2026-09-23 17:03:36,407 - RLController - INFO -   First 10: [1.  0.  0.  0.  0.  0.5 1.  0.  0.  0. ]
2026-09-23 17:03:36,407 - RLController - INFO -   Last 10: [0.         0.2        0.         0.08333334 0.50427353 0.00339273
 0.07991453 0.51294994 0.         0.3       ]
2026-09-23 17:03:36,410 - RLController - INFO - DIAGNOSTIC - Raw model action output:
2026-09-23 17:03:36,410 - RLController - INFO -   Action hash: 3329481886751267642
2026-09-23 17:03:36,410 - RLController - INFO -   First 8 values: [ -7.594667 -10.       -10.       -10.       -10.       -10.
 -10.       -10.      ]
2026-09-23 17:03:36,410 - RLController - INFO -   Last 8 values: [-10.        -10.        -10.        -10.        -10.         -3.0755713
 -10.        -10.       ]
2026-09-23 17:03:36,410 - RLController - INFO -   Action shape: (136,), min: -10.000000, max: 4.693200, mean: -9.252832
2026-09-23 17:03:36,410 - RLController - INFO -   B0 junction (indices 16-19) raw values: [-10. -10. -10. -10.]
2026-09-23 17:03:36,411 - RLController - INFO - Using CONTINUOUS DURATION-BASED mode
2026-09-23 17:03:36,411 - RLController - INFO -   Example: junction A0 -> durations [51, 13, 13, 13] (total: 90s)
2026-09-23 17:03:36,411 - RLController - INFO -   Example: junction A1 -> durations [24, 22, 22, 22] (total: 90s)
2026-09-23 17:03:36,411 - RLController - INFO -   Example: junction A2 -> durations [12, 12, 54, 12] (total: 90s)
2026-09-23 17:03:36,411 - RLController - INFO -   Example: junction A4 -> durations [60, 10, 10, 10] (total: 90s)
2026-09-23 17:03:36,411 - RLController - INFO -   Example: junction A5 -> durations [24, 22, 22, 22] (total: 90s)
2026-09-23 17:03:36,411 - RLController - INFO -   Example: junction B0 -> durations [24, 22, 22, 22] (total: 90s)
2026-09-23 17:03:36,411 - RLController - INFO -   Example: junction B1 -> durations [24, 22, 22, 22] (total: 90s)
2026-09-23 17:03:36,411 - RLController - INFO -   Example: junction B2 -> durations [24, 22, 22, 22] (total: 90s)
2026-09-23 17:03:36,412 - RLController - INFO -   Example: junction B4 -> durations [24, 22, 22, 22] (total: 90s)
2026-09-23 17:03:36,412 - RLController - INFO -   Example: junction B5 -> durations [60, 10, 10, 10] (total: 90s)
2026-09-23 17:03:36,412 - RLController - INFO -   Example: junction C0 -> durations [22, 22, 24, 22] (total: 90s)
2026-09-23 17:03:36,412 - RLController - INFO -   Example: junction C1 -> durations [24, 22, 22, 22] (total: 90s)
2026-09-23 17:03:36,412 - RLController - INFO -   Example: junction C2 -> durations [57, 13, 10, 10] (total: 90s)
2026-09-23 17:03:36,412 - RLController - INFO -   Example: junction C3 -> durations [60, 10, 10, 10] (total: 90s)
2026-09-23 17:03:36,412 - RLController - INFO -   Example: junction C4 -> durations [57, 11, 11, 11] (total: 90s)
2026-09-23 17:03:36,412 - RLController - INFO -   Example: junction C5 -> durations [57, 11, 11, 11] (total: 90s)
2026-09-23 17:03:36,412 - RLController - INFO -   Example: junction D0 -> durations [24, 22, 22, 22] (total: 90s)
2026-09-23 17:03:36,412 - RLController - INFO -   Example: junction D1 -> durations [21, 21, 27, 21] (total: 90s)
2026-09-23 17:03:36,413 - RLController - INFO -   Example: junction D2 -> durations [45, 15, 15, 15] (total: 90s)
2026-09-23 17:03:36,413 - RLController - INFO -   Example: junction D3 -> durations [24, 22, 22, 22] (total: 90s)
2026-09-23 17:03:36,413 - RLController - INFO -   Example: junction D4 -> durations [24, 22, 22, 22] (total: 90s)
2026-09-23 17:03:36,413 - RLController - INFO -   Example: junction D5 -> durations [13, 13, 51, 13] (total: 90s)
2026-09-23 17:03:36,413 - RLController - INFO -   Example: junction E0 -> durations [24, 22, 22, 22] (total: 90s)
2026-09-23 17:03:36,413 - RLController - INFO -   Example: junction E1 -> durations [24, 22, 22, 22] (total: 90s)
2026-09-23 17:03:36,414 - RLController - INFO -   Stored schedules for 34 junctions, cycle starts at step 5220
2026-09-23 17:03:38,527 - RLController - INFO - DIAGNOSTIC Step 5310 - Observation stats:
2026-09-23 17:03:38,528 - RLController - INFO -   Hash: -331050743398603292, Min: 0.000000, Max: 1.000000, Mean: 0.444532, Std: 0.458367
2026-09-23 17:03:38,528 - RLController - INFO -   First 10: [1.         0.         0.         0.         0.         0.5
 0.         0.         0.99333334 1.        ]
2026-09-23 17:03:38,528 - RLController - INFO -   Last 10: [0.         0.2        0.         0.08333334 0.50427353 0.00365537
 0.07978632 0.51774937 0.         0.3       ]
2026-09-23 17:03:38,532 - RLController - INFO - DIAGNOSTIC - Raw model action output:
2026-09-23 17:03:38,532 - RLController - INFO -   Action hash: -1545652000816583605
2026-09-23 17:03:38,532 - RLController - INFO -   First 8 values: [ -7.502561 -10.       -10.       -10.       -10.       -10.
 -10.       -10.      ]
2026-09-23 17:03:38,532 - RLController - INFO -   Last 8 values: [-10.        -10.        -10.        -10.        -10.         -2.6104286
 -10.        -10.       ]
2026-09-23 17:03:38,532 - RLController - INFO -   Action shape: (136,), min: -10.000000, max: 6.062593, mean: -9.257708
2026-09-23 17:03:38,533 - RLController - INFO -   B0 junction (indices 16-19) raw values: [ -9.878751 -10.       -10.       -10.      ]
2026-09-23 17:03:38,533 - RLController - INFO - Using CONTINUOUS DURATION-BASED mode
2026-09-23 17:03:38,533 - RLController - INFO -   Example: junction A0 -> durations [51, 13, 13, 13] (total: 90s)
2026-09-23 17:03:38,533 - RLController - INFO -   Example: junction A1 -> durations [24, 22, 22, 22] (total: 90s)
2026-09-23 17:03:38,533 - RLController - INFO -   Example: junction A2 -> durations [12, 12, 54, 12] (total: 90s)
2026-09-23 17:03:38,533 - RLController - INFO -   Example: junction A4 -> durations [60, 10, 10, 10] (total: 90s)
2026-09-23 17:03:38,533 - RLController - INFO -   Example: junction A5 -> durations [24, 22, 22, 22] (total: 90s)
2026-09-23 17:03:38,533 - RLController - INFO -   Example: junction B0 -> durations [24, 22, 22, 22] (total: 90s)
2026-09-23 17:03:38,533 - RLController - INFO -   Example: junction B1 -> durations [24, 22, 22, 22] (total: 90s)
2026-09-23 17:03:38,534 - RLController - INFO -   Example: junction B2 -> durations [24, 22, 22, 22] (total: 90s)
2026-09-23 17:03:38,534 - RLController - INFO -   Example: junction B4 -> durations [24, 22, 22, 22] (total: 90s)
2026-09-23 17:03:38,534 - RLController - INFO -   Example: junction B5 -> durations [60, 10, 10, 10] (total: 90s)
2026-09-23 17:03:38,534 - RLController - INFO -   Example: junction C0 -> durations [22, 22, 24, 22] (total: 90s)
2026-09-23 17:03:38,534 - RLController - INFO -   Example: junction C1 -> durations [24, 22, 22, 22] (total: 90s)
2026-09-23 17:03:38,534 - RLController - INFO -   Example: junction C2 -> durations [57, 13, 10, 10] (total: 90s)
2026-09-23 17:03:38,534 - RLController - INFO -   Example: junction C3 -> durations [60, 10, 10, 10] (total: 90s)
2026-09-23 17:03:38,534 - RLController - INFO -   Example: junction C4 -> durations [57, 11, 11, 11] (total: 90s)
2026-09-23 17:03:38,534 - RLController - INFO -   Example: junction C5 -> durations [57, 11, 11, 11] (total: 90s)
2026-09-23 17:03:38,535 - RLController - INFO -   Example: junction D0 -> durations [24, 22, 22, 22] (total: 90s)
2026-09-23 17:03:38,535 - RLController - INFO -   Example: junction D1 -> durations [21, 21, 27, 21] (total: 90s)
2026-09-23 17:03:38,535 - RLController - INFO -   Example: junction D2 -> durations [45, 15, 15, 15] (total: 90s)
2026-09-23 17:03:38,535 - RLController - INFO -   Example: junction D3 -> durations [24, 22, 22, 22] (total: 90s)
2026-09-23 17:03:38,535 - RLController - INFO -   Example: junction D4 -> durations [24, 22, 22, 22] (total: 90s)
2026-09-23 17:03:38,535 - RLController - INFO -   Example: junction D5 -> durations [13, 13, 51, 13] (total: 90s)
2026-09-23 17:03:38,535 - RLController - INFO -   Example: junction E0 -> durations [24, 22, 22, 22] (total: 90s)
2026-09-23 17:03:38,535 - RLController - INFO -   Example: junction E1 -> durations [24, 22, 22, 22] (total: 90s)
2026-09-23 17:03:38,536 - RLController - INFO -   Stored schedules for 34 junctions, cycle starts at step 5310
2026-09-23 17:03:41,109 - RLController - INFO - DIAGNOSTIC Step 5400 - Observation stats:
2026-09-23 17:03:41,109 - RLController - INFO -   Hash: -2407277454516608257, Min: 0.000000, Max: 1.000000, Mean: 0.436029, Std: 0.456712
2026-09-23 17:03:41,110 - RLController - INFO -   First 10: [1.         0.         0.         0.         0.         0.5
 0.         1.         0.99333334 1.        ]
2026-09-23 17:03:41,110 - RLController - INFO -   Last 10: [0.         0.2        0.         0.08333334 0.48076922 0.00373002
 0.07884616 0.5434938  0.         0.3       ]
2026-09-23 17:03:41,114 - RLController - INFO - DIAGNOSTIC - Raw model action output:
2026-09-23 17:03:41,114 - RLController - INFO -   Action hash: -4241514332714742690
2026-09-23 17:03:41,114 - RLController - INFO -   First 8 values: [ -7.374853 -10.       -10.       -10.       -10.       -10.
 -10.       -10.      ]
2026-09-23 17:03:41,115 - RLController - INFO -   Last 8 values: [-10.        -10.        -10.        -10.        -10.         -2.1239183
 -10.        -10.       ]
2026-09-23 17:03:41,115 - RLController - INFO -   Action shape: (136,), min: -10.000000, max: 6.125566, mean: -9.260995
2026-09-23 17:03:41,115 - RLController - INFO -   B0 junction (indices 16-19) raw values: [ -9.57422 -10.      -10.      -10.     ]
2026-09-23 17:03:41,115 - RLController - INFO - Using CONTINUOUS DURATION-BASED mode
2026-09-23 17:03:41,116 - RLController - INFO -   Example: junction A0 -> durations [51, 13, 13, 13] (total: 90s)
2026-09-23 17:03:41,116 - RLController - INFO -   Example: junction A1 -> durations [24, 22, 22, 22] (total: 90s)
2026-09-23 17:03:41,116 - RLController - INFO -   Example: junction A2 -> durations [12, 12, 54, 12] (total: 90s)
2026-09-23 17:03:41,116 - RLController - INFO -   Example: junction A4 -> durations [60, 10, 10, 10] (total: 90s)
2026-09-23 17:03:41,116 - RLController - INFO -   Example: junction A5 -> durations [24, 22, 22, 22] (total: 90s)
2026-09-23 17:03:41,117 - RLController - INFO -   Example: junction B0 -> durations [24, 22, 22, 22] (total: 90s)
2026-09-23 17:03:41,117 - RLController - INFO -   Example: junction B1 -> durations [24, 22, 22, 22] (total: 90s)
2026-09-23 17:03:41,117 - RLController - INFO -   Example: junction B2 -> durations [24, 22, 22, 22] (total: 90s)
2026-09-23 17:03:41,117 - RLController - INFO -   Example: junction B4 -> durations [24, 22, 22, 22] (total: 90s)
2026-09-23 17:03:41,117 - RLController - INFO -   Example: junction B5 -> durations [60, 10, 10, 10] (total: 90s)
2026-09-23 17:03:41,117 - RLController - INFO -   Example: junction C0 -> durations [22, 22, 24, 22] (total: 90s)
2026-09-23 17:03:41,118 - RLController - INFO -   Example: junction C1 -> durations [24, 22, 22, 22] (total: 90s)
2026-09-23 17:03:41,118 - RLController - INFO -   Example: junction C2 -> durations [57, 13, 10, 10] (total: 90s)
2026-09-23 17:03:41,118 - RLController - INFO -   Example: junction C3 -> durations [60, 10, 10, 10] (total: 90s)
2026-09-23 17:03:41,118 - RLController - INFO -   Example: junction C4 -> durations [57, 11, 11, 11] (total: 90s)
2026-09-23 17:03:41,118 - RLController - INFO -   Example: junction C5 -> durations [57, 11, 11, 11] (total: 90s)
2026-09-23 17:03:41,119 - RLController - INFO -   Example: junction D0 -> durations [24, 22, 22, 22] (total: 90s)
2026-09-23 17:03:41,119 - RLController - INFO -   Example: junction D1 -> durations [21, 21, 27, 21] (total: 90s)
2026-09-23 17:03:41,119 - RLController - INFO -   Example: junction D2 -> durations [45, 15, 15, 15] (total: 90s)
2026-09-23 17:03:41,119 - RLController - INFO -   Example: junction D3 -> durations [24, 22, 22, 22] (total: 90s)
2026-09-23 17:03:41,119 - RLController - INFO -   Example: junction D4 -> durations [24, 22, 22, 22] (total: 90s)
2026-09-23 17:03:41,120 - RLController - INFO -   Example: junction D5 -> durations [13, 13, 51, 13] (total: 90s)
2026-09-23 17:03:41,120 - RLController - INFO -   Example: junction E0 -> durations [24, 22, 22, 22] (total: 90s)
2026-09-23 17:03:41,120 - RLController - INFO -   Example: junction E1 -> durations [24, 22, 22, 22] (total: 90s)
2026-09-23 17:03:41,121 - RLController - INFO -   Stored schedules for 34 junctions, cycle starts at step 5400
2026-09-23 17:03:44,003 - RLController - INFO - DIAGNOSTIC Step 5490 - Observation stats:
2026-09-23 17:03:44,003 - RLController - INFO -   Hash: -4145967188307508934, Min: 0.000000, Max: 1.000000, Mean: 0.446282, Std: 0.456544
2026-09-23 17:03:44,003 - RLController - INFO -   First 10: [1.         0.         0.         0.         0.         0.5
 0.         1.         0.99333334 1.        ]
2026-09-23 17:03:44,004 - RLController - INFO -   Last 10: [0.         0.2        0.         0.08333334 0.51282054 0.00357609
 0.08111111 0.51162696 0.         0.3       ]
2026-09-23 17:03:44,013 - RLController - INFO - DIAGNOSTIC - Raw model action output:
2026-09-23 17:03:44,013 - RLController - INFO -   Action hash: 5378914023693978231
2026-09-23 17:03:44,013 - RLController - INFO -   First 8 values: [ -7.5362573 -10.        -10.        -10.        -10.        -10.
 -10.        -10.       ]
2026-09-23 17:03:44,014 - RLController - INFO -   Last 8 values: [-10.        -10.        -10.        -10.        -10.         -2.3660214
 -10.        -10.       ]
2026-09-23 17:03:44,014 - RLController - INFO -   Action shape: (136,), min: -10.000000, max: 5.497278, mean: -9.284415
2026-09-23 17:03:44,014 - RLController - INFO -   B0 junction (indices 16-19) raw values: [ -9.80396 -10.      -10.      -10.     ]
2026-09-23 17:03:44,014 - RLController - INFO - Using CONTINUOUS DURATION-BASED mode
2026-09-23 17:03:44,014 - RLController - INFO -   Example: junction A0 -> durations [51, 13, 13, 13] (total: 90s)
2026-09-23 17:03:44,014 - RLController - INFO -   Example: junction A1 -> durations [24, 22, 22, 22] (total: 90s)
2026-09-23 17:03:44,015 - RLController - INFO -   Example: junction A2 -> durations [12, 12, 54, 12] (total: 90s)
2026-09-23 17:03:44,015 - RLController - INFO -   Example: junction A4 -> durations [60, 10, 10, 10] (total: 90s)
2026-09-23 17:03:44,015 - RLController - INFO -   Example: junction A5 -> durations [24, 22, 22, 22] (total: 90s)
2026-09-23 17:03:44,015 - RLController - INFO -   Example: junction B0 -> durations [24, 22, 22, 22] (total: 90s)
2026-09-23 17:03:44,015 - RLController - INFO -   Example: junction B1 -> durations [24, 22, 22, 22] (total: 90s)
2026-09-23 17:03:44,016 - RLController - INFO -   Example: junction B2 -> durations [24, 22, 22, 22] (total: 90s)
2026-09-23 17:03:44,016 - RLController - INFO -   Example: junction B4 -> durations [24, 22, 22, 22] (total: 90s)
2026-09-23 17:03:44,016 - RLController - INFO -   Example: junction B5 -> durations [60, 10, 10, 10] (total: 90s)
2026-09-23 17:03:44,016 - RLController - INFO -   Example: junction C0 -> durations [22, 22, 24, 22] (total: 90s)
2026-09-23 17:03:44,016 - RLController - INFO -   Example: junction C1 -> durations [24, 22, 22, 22] (total: 90s)
2026-09-23 17:03:44,016 - RLController - INFO -   Example: junction C2 -> durations [57, 13, 10, 10] (total: 90s)
2026-09-23 17:03:44,016 - RLController - INFO -   Example: junction C3 -> durations [60, 10, 10, 10] (total: 90s)
2026-09-23 17:03:44,016 - RLController - INFO -   Example: junction C4 -> durations [57, 11, 11, 11] (total: 90s)
2026-09-23 17:03:44,017 - RLController - INFO -   Example: junction C5 -> durations [57, 11, 11, 11] (total: 90s)
2026-09-23 17:03:44,017 - RLController - INFO -   Example: junction D0 -> durations [24, 22, 22, 22] (total: 90s)
2026-09-23 17:03:44,017 - RLController - INFO -   Example: junction D1 -> durations [21, 21, 27, 21] (total: 90s)
2026-09-23 17:03:44,017 - RLController - INFO -   Example: junction D2 -> durations [45, 15, 15, 15] (total: 90s)
2026-09-23 17:03:44,017 - RLController - INFO -   Example: junction D3 -> durations [24, 22, 22, 22] (total: 90s)
2026-09-23 17:03:44,017 - RLController - INFO -   Example: junction D4 -> durations [24, 22, 22, 22] (total: 90s)
2026-09-23 17:03:44,017 - RLController - INFO -   Example: junction D5 -> durations [13, 13, 51, 13] (total: 90s)
2026-09-23 17:03:44,018 - RLController - INFO -   Example: junction E0 -> durations [24, 22, 22, 22] (total: 90s)
2026-09-23 17:03:44,018 - RLController - INFO -   Example: junction E1 -> durations [24, 22, 22, 22] (total: 90s)
2026-09-23 17:03:44,018 - RLController - INFO -   Stored schedules for 34 junctions, cycle starts at step 5490
2026-09-23 17:03:46,317 - RLController - INFO - DIAGNOSTIC Step 5580 - Observation stats:
2026-09-23 17:03:46,319 - RLController - INFO -   Hash: -1045439695816880720, Min: 0.000000, Max: 1.000000, Mean: 0.444524, Std: 0.458672
2026-09-23 17:03:46,319 - RLController - INFO -   First 10: [1.         0.         0.         0.         0.         0.5
 0.         1.         0.99333334 1.        ]
2026-09-23 17:03:46,319 - RLController - INFO -   Last 10: [0.         0.2        0.         0.08333334 0.508547   0.00334524
 0.08188034 0.51092535 0.         0.3       ]
2026-09-23 17:03:46,323 - RLController - INFO - DIAGNOSTIC - Raw model action output:
2026-09-23 17:03:46,323 - RLController - INFO -   Action hash: 8968726234627580845
2026-09-23 17:03:46,323 - RLController - INFO -   First 8 values: [ -7.228519 -10.       -10.       -10.       -10.       -10.
 -10.       -10.      ]
2026-09-23 17:03:46,323 - RLController - INFO -   Last 8 values: [-10.        -10.        -10.        -10.        -10.         -2.7163079
 -10.        -10.       ]
2026-09-23 17:03:46,323 - RLController - INFO -   Action shape: (136,), min: -10.000000, max: 5.796518, mean: -9.250698
2026-09-23 17:03:46,323 - RLController - INFO -   B0 junction (indices 16-19) raw values: [-10. -10. -10. -10.]
2026-09-23 17:03:46,323 - RLController - INFO - Using CONTINUOUS DURATION-BASED mode
2026-09-23 17:03:46,324 - RLController - INFO -   Example: junction A0 -> durations [51, 13, 13, 13] (total: 90s)
2026-09-23 17:03:46,324 - RLController - INFO -   Example: junction A1 -> durations [24, 22, 22, 22] (total: 90s)
2026-09-23 17:03:46,324 - RLController - INFO -   Example: junction A2 -> durations [12, 12, 54, 12] (total: 90s)
2026-09-23 17:03:46,324 - RLController - INFO -   Example: junction A4 -> durations [60, 10, 10, 10] (total: 90s)
2026-09-23 17:03:46,325 - RLController - INFO -   Example: junction A5 -> durations [24, 22, 22, 22] (total: 90s)
2026-09-23 17:03:46,325 - RLController - INFO -   Example: junction B0 -> durations [24, 22, 22, 22] (total: 90s)
2026-09-23 17:03:46,325 - RLController - INFO -   Example: junction B1 -> durations [24, 22, 22, 22] (total: 90s)
2026-09-23 17:03:46,325 - RLController - INFO -   Example: junction B2 -> durations [24, 22, 22, 22] (total: 90s)
2026-09-23 17:03:46,325 - RLController - INFO -   Example: junction B4 -> durations [24, 22, 22, 22] (total: 90s)
2026-09-23 17:03:46,325 - RLController - INFO -   Example: junction B5 -> durations [60, 10, 10, 10] (total: 90s)
2026-09-23 17:03:46,325 - RLController - INFO -   Example: junction C0 -> durations [22, 22, 24, 22] (total: 90s)
2026-09-23 17:03:46,325 - RLController - INFO -   Example: junction C1 -> durations [24, 22, 22, 22] (total: 90s)
2026-09-23 17:03:46,326 - RLController - INFO -   Example: junction C2 -> durations [57, 13, 10, 10] (total: 90s)
2026-09-23 17:03:46,326 - RLController - INFO -   Example: junction C3 -> durations [60, 10, 10, 10] (total: 90s)
2026-09-23 17:03:46,326 - RLController - INFO -   Example: junction C4 -> durations [57, 11, 11, 11] (total: 90s)
2026-09-23 17:03:46,326 - RLController - INFO -   Example: junction C5 -> durations [57, 11, 11, 11] (total: 90s)
2026-09-23 17:03:46,326 - RLController - INFO -   Example: junction D0 -> durations [24, 22, 22, 22] (total: 90s)
2026-09-23 17:03:46,326 - RLController - INFO -   Example: junction D1 -> durations [21, 21, 27, 21] (total: 90s)
2026-09-23 17:03:46,326 - RLController - INFO -   Example: junction D2 -> durations [45, 15, 15, 15] (total: 90s)
2026-09-23 17:03:46,326 - RLController - INFO -   Example: junction D3 -> durations [24, 22, 22, 22] (total: 90s)
2026-09-23 17:03:46,326 - RLController - INFO -   Example: junction D4 -> durations [24, 22, 22, 22] (total: 90s)
2026-09-23 17:03:46,326 - RLController - INFO -   Example: junction D5 -> durations [13, 13, 51, 13] (total: 90s)
2026-09-23 17:03:46,327 - RLController - INFO -   Example: junction E0 -> durations [24, 22, 22, 22] (total: 90s)
2026-09-23 17:03:46,327 - RLController - INFO -   Example: junction E1 -> durations [24, 22, 22, 22] (total: 90s)
2026-09-23 17:03:46,327 - RLController - INFO -   Stored schedules for 34 junctions, cycle starts at step 5580
2026-09-23 17:03:49,191 - RLController - INFO - DIAGNOSTIC Step 5670 - Observation stats:
2026-09-23 17:03:49,192 - RLController - INFO -   Hash: -3403151255798567150, Min: 0.000000, Max: 1.000000, Mean: 0.442558, Std: 0.457825
2026-09-23 17:03:49,192 - RLController - INFO -   First 10: [1.  0.  0.  0.  0.  0.5 1.  0.  0.  0. ]
2026-09-23 17:03:49,193 - RLController - INFO -   Last 10: [0.         0.2        0.         0.08333334 0.50213677 0.0036409
 0.08209401 0.51680416 0.         0.3       ]
2026-09-23 17:03:49,196 - RLController - INFO - DIAGNOSTIC - Raw model action output:
2026-09-23 17:03:49,196 - RLController - INFO -   Action hash: 5771214679944269057
2026-09-23 17:03:49,197 - RLController - INFO -   First 8 values: [ -7.566217 -10.       -10.       -10.       -10.       -10.
 -10.       -10.      ]
2026-09-23 17:03:49,197 - RLController - INFO -   Last 8 values: [-10.        -10.        -10.        -10.        -10.         -2.0927207
 -10.        -10.       ]
2026-09-23 17:03:49,197 - RLController - INFO -   Action shape: (136,), min: -10.000000, max: 4.617742, mean: -9.278722
2026-09-23 17:03:49,197 - RLController - INFO -   B0 junction (indices 16-19) raw values: [ -9.686178 -10.       -10.       -10.      ]
2026-09-23 17:03:49,198 - RLController - INFO - Using CONTINUOUS DURATION-BASED mode
2026-09-23 17:03:49,198 - RLController - INFO -   Example: junction A0 -> durations [51, 13, 13, 13] (total: 90s)
2026-09-23 17:03:49,198 - RLController - INFO -   Example: junction A1 -> durations [24, 22, 22, 22] (total: 90s)
2026-09-23 17:03:49,198 - RLController - INFO -   Example: junction A2 -> durations [12, 12, 54, 12] (total: 90s)
2026-09-23 17:03:49,198 - RLController - INFO -   Example: junction A4 -> durations [60, 10, 10, 10] (total: 90s)
2026-09-23 17:03:49,198 - RLController - INFO -   Example: junction A5 -> durations [24, 22, 22, 22] (total: 90s)
2026-09-23 17:03:49,198 - RLController - INFO -   Example: junction B0 -> durations [24, 22, 22, 22] (total: 90s)
2026-09-23 17:03:49,199 - RLController - INFO -   Example: junction B1 -> durations [24, 22, 22, 22] (total: 90s)
2026-09-23 17:03:49,199 - RLController - INFO -   Example: junction B2 -> durations [24, 22, 22, 22] (total: 90s)
2026-09-23 17:03:49,199 - RLController - INFO -   Example: junction B4 -> durations [24, 22, 22, 22] (total: 90s)
2026-09-23 17:03:49,199 - RLController - INFO -   Example: junction B5 -> durations [60, 10, 10, 10] (total: 90s)
2026-09-23 17:03:49,199 - RLController - INFO -   Example: junction C0 -> durations [22, 22, 24, 22] (total: 90s)
2026-09-23 17:03:49,199 - RLController - INFO -   Example: junction C1 -> durations [24, 22, 22, 22] (total: 90s)
2026-09-23 17:03:49,199 - RLController - INFO -   Example: junction C2 -> durations [57, 13, 10, 10] (total: 90s)
2026-09-23 17:03:49,200 - RLController - INFO -   Example: junction C3 -> durations [60, 10, 10, 10] (total: 90s)
2026-09-23 17:03:49,200 - RLController - INFO -   Example: junction C4 -> durations [57, 11, 11, 11] (total: 90s)
2026-09-23 17:03:49,200 - RLController - INFO -   Example: junction C5 -> durations [57, 11, 11, 11] (total: 90s)
2026-09-23 17:03:49,200 - RLController - INFO -   Example: junction D0 -> durations [24, 22, 22, 22] (total: 90s)
2026-09-23 17:03:49,200 - RLController - INFO -   Example: junction D1 -> durations [21, 21, 27, 21] (total: 90s)
2026-09-23 17:03:49,200 - RLController - INFO -   Example: junction D2 -> durations [45, 15, 15, 15] (total: 90s)
2026-09-23 17:03:49,200 - RLController - INFO -   Example: junction D3 -> durations [24, 22, 22, 22] (total: 90s)
2026-09-23 17:03:49,201 - RLController - INFO -   Example: junction D4 -> durations [24, 22, 22, 22] (total: 90s)
2026-09-23 17:03:49,201 - RLController - INFO -   Example: junction D5 -> durations [13, 13, 51, 13] (total: 90s)
2026-09-23 17:03:49,201 - RLController - INFO -   Example: junction E0 -> durations [24, 22, 22, 22] (total: 90s)
2026-09-23 17:03:49,201 - RLController - INFO -   Example: junction E1 -> durations [24, 22, 22, 22] (total: 90s)
2026-09-23 17:03:49,202 - RLController - INFO -   Stored schedules for 34 junctions, cycle starts at step 5670
2026-09-23 17:03:51,644 - RLController - INFO - DIAGNOSTIC Step 5760 - Observation stats:
2026-09-23 17:03:51,644 - RLController - INFO -   Hash: -8439948511610200205, Min: 0.000000, Max: 1.000000, Mean: 0.444280, Std: 0.458704
2026-09-23 17:03:51,644 - RLController - INFO -   First 10: [1.         0.         0.         0.         0.         0.5
 0.         0.         0.99333334 1.        ]
2026-09-23 17:03:51,645 - RLController - INFO -   Last 10: [0.         0.2        0.         0.08333334 0.50427353 0.00353129
 0.08128205 0.52356994 0.         0.3       ]
2026-09-23 17:03:51,648 - RLController - INFO - DIAGNOSTIC - Raw model action output:
2026-09-23 17:03:51,648 - RLController - INFO -   Action hash: 6581742205342372691
2026-09-23 17:03:51,649 - RLController - INFO -   First 8 values: [ -7.180465 -10.       -10.       -10.       -10.       -10.
 -10.       -10.      ]
2026-09-23 17:03:51,649 - RLController - INFO -   Last 8 values: [-10.        -10.        -10.        -10.        -10.         -2.5526462
 -10.        -10.       ]
2026-09-23 17:03:51,650 - RLController - INFO -   Action shape: (136,), min: -10.000000, max: 4.875668, mean: -9.251711
2026-09-23 17:03:51,650 - RLController - INFO -   B0 junction (indices 16-19) raw values: [ -9.982581 -10.       -10.       -10.      ]
2026-09-23 17:03:51,650 - RLController - INFO - Using CONTINUOUS DURATION-BASED mode
2026-09-23 17:03:51,650 - RLController - INFO -   Example: junction A0 -> durations [51, 13, 13, 13] (total: 90s)
2026-09-23 17:03:51,651 - RLController - INFO -   Example: junction A1 -> durations [24, 22, 22, 22] (total: 90s)
2026-09-23 17:03:51,651 - RLController - INFO -   Example: junction A2 -> durations [12, 12, 54, 12] (total: 90s)
2026-09-23 17:03:51,651 - RLController - INFO -   Example: junction A4 -> durations [60, 10, 10, 10] (total: 90s)
2026-09-23 17:03:51,651 - RLController - INFO -   Example: junction A5 -> durations [24, 22, 22, 22] (total: 90s)
2026-09-23 17:03:51,652 - RLController - INFO -   Example: junction B0 -> durations [24, 22, 22, 22] (total: 90s)
2026-09-23 17:03:51,652 - RLController - INFO -   Example: junction B1 -> durations [24, 22, 22, 22] (total: 90s)
2026-09-23 17:03:51,652 - RLController - INFO -   Example: junction B2 -> durations [24, 22, 22, 22] (total: 90s)
2026-09-23 17:03:51,652 - RLController - INFO -   Example: junction B4 -> durations [24, 22, 22, 22] (total: 90s)
2026-09-23 17:03:51,652 - RLController - INFO -   Example: junction B5 -> durations [60, 10, 10, 10] (total: 90s)
2026-09-23 17:03:51,653 - RLController - INFO -   Example: junction C0 -> durations [22, 22, 24, 22] (total: 90s)
2026-09-23 17:03:51,653 - RLController - INFO -   Example: junction C1 -> durations [24, 22, 22, 22] (total: 90s)
2026-09-23 17:03:51,653 - RLController - INFO -   Example: junction C2 -> durations [57, 13, 10, 10] (total: 90s)
2026-09-23 17:03:51,653 - RLController - INFO -   Example: junction C3 -> durations [60, 10, 10, 10] (total: 90s)
2026-09-23 17:03:51,654 - RLController - INFO -   Example: junction C4 -> durations [57, 11, 11, 11] (total: 90s)
2026-09-23 17:03:51,654 - RLController - INFO -   Example: junction C5 -> durations [57, 11, 11, 11] (total: 90s)
2026-09-23 17:03:51,654 - RLController - INFO -   Example: junction D0 -> durations [24, 22, 22, 22] (total: 90s)
2026-09-23 17:03:51,654 - RLController - INFO -   Example: junction D1 -> durations [21, 21, 27, 21] (total: 90s)
2026-09-23 17:03:51,654 - RLController - INFO -   Example: junction D2 -> durations [45, 15, 15, 15] (total: 90s)
2026-09-23 17:03:51,655 - RLController - INFO -   Example: junction D3 -> durations [24, 22, 22, 22] (total: 90s)
2026-09-23 17:03:51,655 - RLController - INFO -   Example: junction D4 -> durations [24, 22, 22, 22] (total: 90s)
2026-09-23 17:03:51,655 - RLController - INFO -   Example: junction D5 -> durations [13, 13, 51, 13] (total: 90s)
2026-09-23 17:03:51,655 - RLController - INFO -   Example: junction E0 -> durations [24, 22, 22, 22] (total: 90s)
2026-09-23 17:03:51,656 - RLController - INFO -   Example: junction E1 -> durations [24, 22, 22, 22] (total: 90s)
2026-09-23 17:03:51,657 - RLController - INFO -   Stored schedules for 34 junctions, cycle starts at step 5760
2026-09-23 17:03:54,089 - RLController - INFO - DIAGNOSTIC Step 5850 - Observation stats:
2026-09-23 17:03:54,089 - RLController - INFO -   Hash: -5385043607467616614, Min: 0.000000, Max: 1.000000, Mean: 0.442074, Std: 0.457034
2026-09-23 17:03:54,090 - RLController - INFO -   First 10: [1.  0.  0.  0.  0.  0.5 1.  0.  0.  0. ]
2026-09-23 17:03:54,090 - RLController - INFO -   Last 10: [0.         0.2        0.         0.08333334 0.4871795  0.00346764
 0.08145299 0.5384845  0.         0.3       ]
2026-09-23 17:03:54,094 - RLController - INFO - DIAGNOSTIC - Raw model action output:
2026-09-23 17:03:54,094 - RLController - INFO -   Action hash: -5986849806820676050
2026-09-23 17:03:54,094 - RLController - INFO -   First 8 values: [ -7.3723016 -10.        -10.        -10.        -10.        -10.
 -10.        -10.       ]
2026-09-23 17:03:54,095 - RLController - INFO -   Last 8 values: [-10.        -10.        -10.        -10.        -10.         -3.7336433
 -10.        -10.       ]
2026-09-23 17:03:54,095 - RLController - INFO -   Action shape: (136,), min: -10.000000, max: 5.538126, mean: -9.278618
2026-09-23 17:03:54,095 - RLController - INFO -   B0 junction (indices 16-19) raw values: [ -9.942944 -10.       -10.       -10.      ]
2026-09-23 17:03:54,095 - RLController - INFO - Using CONTINUOUS DURATION-BASED mode
2026-09-23 17:03:54,095 - RLController - INFO -   Example: junction A0 -> durations [51, 13, 13, 13] (total: 90s)
2026-09-23 17:03:54,095 - RLController - INFO -   Example: junction A1 -> durations [24, 22, 22, 22] (total: 90s)
2026-09-23 17:03:54,095 - RLController - INFO -   Example: junction A2 -> durations [12, 12, 54, 12] (total: 90s)
2026-09-23 17:03:54,096 - RLController - INFO -   Example: junction A4 -> durations [60, 10, 10, 10] (total: 90s)
2026-09-23 17:03:54,096 - RLController - INFO -   Example: junction A5 -> durations [24, 22, 22, 22] (total: 90s)
2026-09-23 17:03:54,096 - RLController - INFO -   Example: junction B0 -> durations [24, 22, 22, 22] (total: 90s)
2026-09-23 17:03:54,096 - RLController - INFO -   Example: junction B1 -> durations [24, 22, 22, 22] (total: 90s)
2026-09-23 17:03:54,096 - RLController - INFO -   Example: junction B2 -> durations [24, 22, 22, 22] (total: 90s)
2026-09-23 17:03:54,096 - RLController - INFO -   Example: junction B4 -> durations [24, 22, 22, 22] (total: 90s)
2026-09-23 17:03:54,096 - RLController - INFO -   Example: junction B5 -> durations [60, 10, 10, 10] (total: 90s)
2026-09-23 17:03:54,097 - RLController - INFO -   Example: junction C0 -> durations [22, 22, 24, 22] (total: 90s)
2026-09-23 17:03:54,097 - RLController - INFO -   Example: junction C1 -> durations [24, 22, 22, 22] (total: 90s)
2026-09-23 17:03:54,097 - RLController - INFO -   Example: junction C2 -> durations [57, 13, 10, 10] (total: 90s)
2026-09-23 17:03:54,097 - RLController - INFO -   Example: junction C3 -> durations [60, 10, 10, 10] (total: 90s)
2026-09-23 17:03:54,097 - RLController - INFO -   Example: junction C4 -> durations [57, 11, 11, 11] (total: 90s)
2026-09-23 17:03:54,097 - RLController - INFO -   Example: junction C5 -> durations [57, 11, 11, 11] (total: 90s)
2026-09-23 17:03:54,097 - RLController - INFO -   Example: junction D0 -> durations [24, 22, 22, 22] (total: 90s)
2026-09-23 17:03:54,098 - RLController - INFO -   Example: junction D1 -> durations [21, 21, 27, 21] (total: 90s)
2026-09-23 17:03:54,098 - RLController - INFO -   Example: junction D2 -> durations [45, 15, 15, 15] (total: 90s)
2026-09-23 17:03:54,098 - RLController - INFO -   Example: junction D3 -> durations [24, 22, 22, 22] (total: 90s)
2026-09-23 17:03:54,098 - RLController - INFO -   Example: junction D4 -> durations [24, 22, 22, 22] (total: 90s)
2026-09-23 17:03:54,098 - RLController - INFO -   Example: junction D5 -> durations [13, 13, 51, 13] (total: 90s)
2026-09-23 17:03:54,098 - RLController - INFO -   Example: junction E0 -> durations [24, 22, 22, 22] (total: 90s)
2026-09-23 17:03:54,098 - RLController - INFO -   Example: junction E1 -> durations [24, 22, 22, 22] (total: 90s)
2026-09-23 17:03:54,099 - RLController - INFO -   Stored schedules for 34 junctions, cycle starts at step 5850
2026-09-23 17:03:56,900 - RLController - INFO - DIAGNOSTIC Step 5940 - Observation stats:
2026-09-23 17:03:56,900 - RLController - INFO -   Hash: 6431965001465769029, Min: 0.000000, Max: 1.000000, Mean: 0.446160, Std: 0.457389
2026-09-23 17:03:56,901 - RLController - INFO -   First 10: [1.  0.  0.  0.  0.  0.5 1.  0.  0.  0. ]
2026-09-23 17:03:56,901 - RLController - INFO -   Last 10: [0.         0.2        0.         0.08333334 0.50641024 0.00401734
 0.08380342 0.51775485 0.         0.3       ]
2026-09-23 17:03:56,905 - RLController - INFO - DIAGNOSTIC - Raw model action output:
2026-09-23 17:03:56,905 - RLController - INFO -   Action hash: -7161398021490147009
2026-09-23 17:03:56,906 - RLController - INFO -   First 8 values: [ -7.320117 -10.       -10.       -10.       -10.       -10.
 -10.       -10.      ]
2026-09-23 17:03:56,906 - RLController - INFO -   Last 8 values: [-10.        -10.        -10.        -10.        -10.         -2.6588938
 -10.        -10.       ]
2026-09-23 17:03:56,906 - RLController - INFO -   Action shape: (136,), min: -10.000000, max: 5.454603, mean: -9.259515
2026-09-23 17:03:56,906 - RLController - INFO -   B0 junction (indices 16-19) raw values: [ -9.88393 -10.      -10.      -10.     ]
2026-09-23 17:03:56,906 - RLController - INFO - Using CONTINUOUS DURATION-BASED mode
2026-09-23 17:03:56,906 - RLController - INFO -   Example: junction A0 -> durations [51, 13, 13, 13] (total: 90s)
2026-09-23 17:03:56,907 - RLController - INFO -   Example: junction A1 -> durations [24, 22, 22, 22] (total: 90s)
2026-09-23 17:03:56,907 - RLController - INFO -   Example: junction A2 -> durations [12, 12, 54, 12] (total: 90s)
2026-09-23 17:03:56,907 - RLController - INFO -   Example: junction A4 -> durations [60, 10, 10, 10] (total: 90s)
2026-09-23 17:03:56,907 - RLController - INFO -   Example: junction A5 -> durations [24, 22, 22, 22] (total: 90s)
2026-09-23 17:03:56,907 - RLController - INFO -   Example: junction B0 -> durations [24, 22, 22, 22] (total: 90s)
2026-09-23 17:03:56,907 - RLController - INFO -   Example: junction B1 -> durations [24, 22, 22, 22] (total: 90s)
2026-09-23 17:03:56,907 - RLController - INFO -   Example: junction B2 -> durations [24, 22, 22, 22] (total: 90s)
2026-09-23 17:03:56,907 - RLController - INFO -   Example: junction B4 -> durations [24, 22, 22, 22] (total: 90s)
2026-09-23 17:03:56,908 - RLController - INFO -   Example: junction B5 -> durations [60, 10, 10, 10] (total: 90s)
2026-09-23 17:03:56,908 - RLController - INFO -   Example: junction C0 -> durations [22, 22, 24, 22] (total: 90s)
2026-09-23 17:03:56,908 - RLController - INFO -   Example: junction C1 -> durations [24, 22, 22, 22] (total: 90s)
2026-09-23 17:03:56,908 - RLController - INFO -   Example: junction C2 -> durations [57, 13, 10, 10] (total: 90s)
2026-09-23 17:03:56,908 - RLController - INFO -   Example: junction C3 -> durations [60, 10, 10, 10] (total: 90s)
2026-09-23 17:03:56,908 - RLController - INFO -   Example: junction C4 -> durations [57, 11, 11, 11] (total: 90s)
2026-09-23 17:03:56,908 - RLController - INFO -   Example: junction C5 -> durations [57, 11, 11, 11] (total: 90s)
2026-09-23 17:03:56,908 - RLController - INFO -   Example: junction D0 -> durations [24, 22, 22, 22] (total: 90s)
2026-09-23 17:03:56,909 - RLController - INFO -   Example: junction D1 -> durations [21, 21, 27, 21] (total: 90s)
2026-09-23 17:03:56,909 - RLController - INFO -   Example: junction D2 -> durations [45, 15, 15, 15] (total: 90s)
2026-09-23 17:03:56,909 - RLController - INFO -   Example: junction D3 -> durations [24, 22, 22, 22] (total: 90s)
2026-09-23 17:03:56,909 - RLController - INFO -   Example: junction D4 -> durations [24, 22, 22, 22] (total: 90s)
2026-09-23 17:03:56,909 - RLController - INFO -   Example: junction D5 -> durations [13, 13, 51, 13] (total: 90s)
2026-09-23 17:03:56,909 - RLController - INFO -   Example: junction E0 -> durations [24, 22, 22, 22] (total: 90s)
2026-09-23 17:03:56,909 - RLController - INFO -   Example: junction E1 -> durations [24, 22, 22, 22] (total: 90s)
2026-09-23 17:03:56,910 - RLController - INFO -   Stored schedules for 34 junctions, cycle starts at step 5940
2026-09-23 17:03:59,713 - RLController - INFO - DIAGNOSTIC Step 6030 - Observation stats:
2026-09-23 17:03:59,713 - RLController - INFO -   Hash: 6058215564832605980, Min: 0.000000, Max: 1.000000, Mean: 0.447179, Std: 0.457236
2026-09-23 17:03:59,714 - RLController - INFO -   First 10: [1.         0.         0.         0.         0.         0.5
 0.         0.         0.99333334 1.        ]
2026-09-23 17:03:59,714 - RLController - INFO -   Last 10: [0.         0.2        0.         0.08333334 0.53846157 0.00390822
 0.08572649 0.4905101  0.         0.3       ]
2026-09-23 17:03:59,718 - RLController - INFO - DIAGNOSTIC - Raw model action output:
2026-09-23 17:03:59,718 - RLController - INFO -   Action hash: -6133707963750554929
2026-09-23 17:03:59,718 - RLController - INFO -   First 8 values: [ -7.230039 -10.       -10.       -10.       -10.       -10.
 -10.       -10.      ]
2026-09-23 17:03:59,718 - RLController - INFO -   Last 8 values: [-10.        -10.        -10.        -10.        -10.         -2.5349262
 -10.        -10.       ]
2026-09-23 17:03:59,718 - RLController - INFO -   Action shape: (136,), min: -10.000000, max: 5.106850, mean: -9.273071
2026-09-23 17:03:59,719 - RLController - INFO -   B0 junction (indices 16-19) raw values: [-10. -10. -10. -10.]
2026-09-23 17:03:59,719 - RLController - INFO - Using CONTINUOUS DURATION-BASED mode
2026-09-23 17:03:59,719 - RLController - INFO -   Example: junction A0 -> durations [51, 13, 13, 13] (total: 90s)
2026-09-23 17:03:59,719 - RLController - INFO -   Example: junction A1 -> durations [24, 22, 22, 22] (total: 90s)
2026-09-23 17:03:59,719 - RLController - INFO -   Example: junction A2 -> durations [12, 12, 54, 12] (total: 90s)
2026-09-23 17:03:59,719 - RLController - INFO -   Example: junction A4 -> durations [60, 10, 10, 10] (total: 90s)
2026-09-23 17:03:59,719 - RLController - INFO -   Example: junction A5 -> durations [24, 22, 22, 22] (total: 90s)
2026-09-23 17:03:59,720 - RLController - INFO -   Example: junction B0 -> durations [24, 22, 22, 22] (total: 90s)
2026-09-23 17:03:59,720 - RLController - INFO -   Example: junction B1 -> durations [24, 22, 22, 22] (total: 90s)
2026-09-23 17:03:59,720 - RLController - INFO -   Example: junction B2 -> durations [24, 22, 22, 22] (total: 90s)
2026-09-23 17:03:59,720 - RLController - INFO -   Example: junction B4 -> durations [24, 22, 22, 22] (total: 90s)
2026-09-23 17:03:59,720 - RLController - INFO -   Example: junction B5 -> durations [60, 10, 10, 10] (total: 90s)
2026-09-23 17:03:59,720 - RLController - INFO -   Example: junction C0 -> durations [22, 22, 24, 22] (total: 90s)
2026-09-23 17:03:59,720 - RLController - INFO -   Example: junction C1 -> durations [24, 22, 22, 22] (total: 90s)
2026-09-23 17:03:59,720 - RLController - INFO -   Example: junction C2 -> durations [57, 13, 10, 10] (total: 90s)
2026-09-23 17:03:59,721 - RLController - INFO -   Example: junction C3 -> durations [60, 10, 10, 10] (total: 90s)
2026-09-23 17:03:59,721 - RLController - INFO -   Example: junction C4 -> durations [57, 11, 11, 11] (total: 90s)
2026-09-23 17:03:59,721 - RLController - INFO -   Example: junction C5 -> durations [57, 11, 11, 11] (total: 90s)
2026-09-23 17:03:59,721 - RLController - INFO -   Example: junction D0 -> durations [24, 22, 22, 22] (total: 90s)
2026-09-23 17:03:59,721 - RLController - INFO -   Example: junction D1 -> durations [21, 21, 27, 21] (total: 90s)
2026-09-23 17:03:59,721 - RLController - INFO -   Example: junction D2 -> durations [45, 15, 15, 15] (total: 90s)
2026-09-23 17:03:59,721 - RLController - INFO -   Example: junction D3 -> durations [24, 22, 22, 22] (total: 90s)
2026-09-23 17:03:59,721 - RLController - INFO -   Example: junction D4 -> durations [24, 22, 22, 22] (total: 90s)
2026-09-23 17:03:59,722 - RLController - INFO -   Example: junction D5 -> durations [13, 13, 51, 13] (total: 90s)
2026-09-23 17:03:59,722 - RLController - INFO -   Example: junction E0 -> durations [24, 22, 22, 22] (total: 90s)
2026-09-23 17:03:59,722 - RLController - INFO -   Example: junction E1 -> durations [24, 22, 22, 22] (total: 90s)
2026-09-23 17:03:59,723 - RLController - INFO -   Stored schedules for 34 junctions, cycle starts at step 6030
2026-09-23 17:04:02,671 - RLController - INFO - DIAGNOSTIC Step 6120 - Observation stats:
2026-09-23 17:04:02,672 - RLController - INFO -   Hash: 3198389414445851727, Min: 0.000000, Max: 1.000000, Mean: 0.440053, Std: 0.456250
2026-09-23 17:04:02,672 - RLController - INFO -   First 10: [1.         0.         0.         0.         0.         0.5
 0.         1.         0.99333334 1.        ]
2026-09-23 17:04:02,672 - RLController - INFO -   Last 10: [0.         0.2        0.         0.08333334 0.48290598 0.00387531
 0.08615384 0.5387904  0.         0.3       ]
2026-09-23 17:04:02,676 - RLController - INFO - DIAGNOSTIC - Raw model action output:
2026-09-23 17:04:02,676 - RLController - INFO -   Action hash: -3237593290827089781
2026-09-23 17:04:02,676 - RLController - INFO -   First 8 values: [ -7.375179 -10.       -10.       -10.       -10.       -10.
 -10.       -10.      ]
2026-09-23 17:04:02,676 - RLController - INFO -   Last 8 values: [-10.        -10.        -10.        -10.        -10.         -2.3137205
 -10.        -10.       ]
2026-09-23 17:04:02,677 - RLController - INFO -   Action shape: (136,), min: -10.000000, max: 5.176878, mean: -9.297670
2026-09-23 17:04:02,677 - RLController - INFO -   B0 junction (indices 16-19) raw values: [ -9.75422 -10.      -10.      -10.     ]
2026-09-23 17:04:02,677 - RLController - INFO - Using CONTINUOUS DURATION-BASED mode
2026-09-23 17:04:02,677 - RLController - INFO -   Example: junction A0 -> durations [51, 13, 13, 13] (total: 90s)
2026-09-23 17:04:02,677 - RLController - INFO -   Example: junction A1 -> durations [24, 22, 22, 22] (total: 90s)
2026-09-23 17:04:02,677 - RLController - INFO -   Example: junction A2 -> durations [12, 12, 54, 12] (total: 90s)
2026-09-23 17:04:02,677 - RLController - INFO -   Example: junction A4 -> durations [60, 10, 10, 10] (total: 90s)
2026-09-23 17:04:02,678 - RLController - INFO -   Example: junction A5 -> durations [24, 22, 22, 22] (total: 90s)
2026-09-23 17:04:02,678 - RLController - INFO -   Example: junction B0 -> durations [24, 22, 22, 22] (total: 90s)
2026-09-23 17:04:02,678 - RLController - INFO -   Example: junction B1 -> durations [24, 22, 22, 22] (total: 90s)
2026-09-23 17:04:02,678 - RLController - INFO -   Example: junction B2 -> durations [24, 22, 22, 22] (total: 90s)
2026-09-23 17:04:02,678 - RLController - INFO -   Example: junction B4 -> durations [24, 22, 22, 22] (total: 90s)
2026-09-23 17:04:02,678 - RLController - INFO -   Example: junction B5 -> durations [60, 10, 10, 10] (total: 90s)
2026-09-23 17:04:02,678 - RLController - INFO -   Example: junction C0 -> durations [22, 22, 24, 22] (total: 90s)
2026-09-23 17:04:02,679 - RLController - INFO -   Example: junction C1 -> durations [24, 22, 22, 22] (total: 90s)
2026-09-23 17:04:02,679 - RLController - INFO -   Example: junction C2 -> durations [57, 13, 10, 10] (total: 90s)
2026-09-23 17:04:02,679 - RLController - INFO -   Example: junction C3 -> durations [60, 10, 10, 10] (total: 90s)
2026-09-23 17:04:02,679 - RLController - INFO -   Example: junction C4 -> durations [57, 11, 11, 11] (total: 90s)
2026-09-23 17:04:02,679 - RLController - INFO -   Example: junction C5 -> durations [57, 11, 11, 11] (total: 90s)
2026-09-23 17:04:02,679 - RLController - INFO -   Example: junction D0 -> durations [24, 22, 22, 22] (total: 90s)
2026-09-23 17:04:02,679 - RLController - INFO -   Example: junction D1 -> durations [21, 21, 27, 21] (total: 90s)
2026-09-23 17:04:02,680 - RLController - INFO -   Example: junction D2 -> durations [45, 15, 15, 15] (total: 90s)
2026-09-23 17:04:02,680 - RLController - INFO -   Example: junction D3 -> durations [24, 22, 22, 22] (total: 90s)
2026-09-23 17:04:02,680 - RLController - INFO -   Example: junction D4 -> durations [24, 22, 22, 22] (total: 90s)
2026-09-23 17:04:02,680 - RLController - INFO -   Example: junction D5 -> durations [13, 13, 51, 13] (total: 90s)
2026-09-23 17:04:02,680 - RLController - INFO -   Example: junction E0 -> durations [24, 22, 22, 22] (total: 90s)
2026-09-23 17:04:02,680 - RLController - INFO -   Example: junction E1 -> durations [24, 22, 22, 22] (total: 90s)
2026-09-23 17:04:02,681 - RLController - INFO -   Stored schedules for 34 junctions, cycle starts at step 6120
2026-09-23 17:04:05,558 - RLController - INFO - DIAGNOSTIC Step 6210 - Observation stats:
2026-09-23 17:04:05,559 - RLController - INFO -   Hash: 8231527563412599457, Min: 0.000000, Max: 1.000000, Mean: 0.447277, Std: 0.457659
2026-09-23 17:04:05,559 - RLController - INFO -   First 10: [1.  0.  0.  0.  0.  0.5 1.  0.  0.  0. ]
2026-09-23 17:04:05,559 - RLController - INFO -   Last 10: [0.         0.2        0.         0.08333334 0.51282054 0.00358336
 0.08572649 0.5082509  0.         0.3       ]
2026-09-23 17:04:05,563 - RLController - INFO - DIAGNOSTIC - Raw model action output:
2026-09-23 17:04:05,563 - RLController - INFO -   Action hash: -8320381686654875609
2026-09-23 17:04:05,563 - RLController - INFO -   First 8 values: [ -7.503967 -10.       -10.       -10.       -10.       -10.
 -10.       -10.      ]
2026-09-23 17:04:05,564 - RLController - INFO -   Last 8 values: [-10.        -10.        -10.        -10.        -10.         -1.0422075
 -10.        -10.       ]
2026-09-23 17:04:05,564 - RLController - INFO -   Action shape: (136,), min: -10.000000, max: 5.434719, mean: -9.287724
2026-09-23 17:04:05,564 - RLController - INFO -   B0 junction (indices 16-19) raw values: [-10. -10. -10. -10.]
2026-09-23 17:04:05,564 - RLController - INFO - Using CONTINUOUS DURATION-BASED mode
2026-09-23 17:04:05,564 - RLController - INFO -   Example: junction A0 -> durations [51, 13, 13, 13] (total: 90s)
2026-09-23 17:04:05,565 - RLController - INFO -   Example: junction A1 -> durations [24, 22, 22, 22] (total: 90s)
2026-09-23 17:04:05,565 - RLController - INFO -   Example: junction A2 -> durations [12, 12, 54, 12] (total: 90s)
2026-09-23 17:04:05,565 - RLController - INFO -   Example: junction A4 -> durations [60, 10, 10, 10] (total: 90s)
2026-09-23 17:04:05,565 - RLController - INFO -   Example: junction A5 -> durations [24, 22, 22, 22] (total: 90s)
2026-09-23 17:04:05,565 - RLController - INFO -   Example: junction B0 -> durations [24, 22, 22, 22] (total: 90s)
2026-09-23 17:04:05,565 - RLController - INFO -   Example: junction B1 -> durations [24, 22, 22, 22] (total: 90s)
2026-09-23 17:04:05,565 - RLController - INFO -   Example: junction B2 -> durations [24, 22, 22, 22] (total: 90s)
2026-09-23 17:04:05,566 - RLController - INFO -   Example: junction B4 -> durations [24, 22, 22, 22] (total: 90s)
2026-09-23 17:04:05,566 - RLController - INFO -   Example: junction B5 -> durations [60, 10, 10, 10] (total: 90s)
2026-09-23 17:04:05,566 - RLController - INFO -   Example: junction C0 -> durations [22, 22, 24, 22] (total: 90s)
2026-09-23 17:04:05,566 - RLController - INFO -   Example: junction C1 -> durations [24, 22, 22, 22] (total: 90s)
2026-09-23 17:04:05,566 - RLController - INFO -   Example: junction C2 -> durations [57, 13, 10, 10] (total: 90s)
2026-09-23 17:04:05,566 - RLController - INFO -   Example: junction C3 -> durations [60, 10, 10, 10] (total: 90s)
2026-09-23 17:04:05,566 - RLController - INFO -   Example: junction C4 -> durations [57, 11, 11, 11] (total: 90s)
2026-09-23 17:04:05,566 - RLController - INFO -   Example: junction C5 -> durations [57, 11, 11, 11] (total: 90s)
2026-09-23 17:04:05,567 - RLController - INFO -   Example: junction D0 -> durations [24, 22, 22, 22] (total: 90s)
2026-09-23 17:04:05,567 - RLController - INFO -   Example: junction D1 -> durations [21, 21, 27, 21] (total: 90s)
2026-09-23 17:04:05,567 - RLController - INFO -   Example: junction D2 -> durations [45, 15, 15, 15] (total: 90s)
2026-09-23 17:04:05,567 - RLController - INFO -   Example: junction D3 -> durations [24, 22, 22, 22] (total: 90s)
2026-09-23 17:04:05,567 - RLController - INFO -   Example: junction D4 -> durations [24, 22, 22, 22] (total: 90s)
2026-09-23 17:04:05,567 - RLController - INFO -   Example: junction D5 -> durations [13, 13, 51, 13] (total: 90s)
2026-09-23 17:04:05,567 - RLController - INFO -   Example: junction E0 -> durations [24, 22, 22, 22] (total: 90s)
2026-09-23 17:04:05,567 - RLController - INFO -   Example: junction E1 -> durations [24, 22, 22, 22] (total: 90s)
2026-09-23 17:04:05,568 - RLController - INFO -   Stored schedules for 34 junctions, cycle starts at step 6210
2026-09-23 17:04:08,199 - RLController - INFO - DIAGNOSTIC Step 6300 - Observation stats:
2026-09-23 17:04:08,200 - RLController - INFO -   Hash: 4859800341796501644, Min: 0.000000, Max: 1.000000, Mean: 0.442670, Std: 0.457798
2026-09-23 17:04:08,200 - RLController - INFO -   First 10: [1.  0.  0.  0.  0.  0.5 1.  0.  0.  0. ]
2026-09-23 17:04:08,200 - RLController - INFO -   Last 10: [0.         0.2        0.         0.08333334 0.49786323 0.00323264
 0.08807693 0.5233939  0.         0.3       ]
2026-09-23 17:04:08,204 - RLController - INFO - DIAGNOSTIC - Raw model action output:
2026-09-23 17:04:08,204 - RLController - INFO -   Action hash: 5311835949665641993
2026-09-23 17:04:08,205 - RLController - INFO -   First 8 values: [ -7.5241685 -10.        -10.        -10.        -10.        -10.
 -10.        -10.       ]
2026-09-23 17:04:08,205 - RLController - INFO -   Last 8 values: [-10.        -10.        -10.        -10.        -10.         -2.6134503
 -10.        -10.       ]
2026-09-23 17:04:08,205 - RLController - INFO -   Action shape: (136,), min: -10.000000, max: 4.706398, mean: -9.280714
2026-09-23 17:04:08,205 - RLController - INFO -   B0 junction (indices 16-19) raw values: [-10. -10. -10. -10.]
2026-09-23 17:04:08,205 - RLController - INFO - Using CONTINUOUS DURATION-BASED mode
2026-09-23 17:04:08,205 - RLController - INFO -   Example: junction A0 -> durations [51, 13, 13, 13] (total: 90s)
2026-09-23 17:04:08,206 - RLController - INFO -   Example: junction A1 -> durations [24, 22, 22, 22] (total: 90s)
2026-09-23 17:04:08,206 - RLController - INFO -   Example: junction A2 -> durations [12, 12, 54, 12] (total: 90s)
2026-09-23 17:04:08,206 - RLController - INFO -   Example: junction A4 -> durations [60, 10, 10, 10] (total: 90s)
2026-09-23 17:04:08,206 - RLController - INFO -   Example: junction A5 -> durations [24, 22, 22, 22] (total: 90s)
2026-09-23 17:04:08,206 - RLController - INFO -   Example: junction B0 -> durations [24, 22, 22, 22] (total: 90s)
2026-09-23 17:04:08,206 - RLController - INFO -   Example: junction B1 -> durations [24, 22, 22, 22] (total: 90s)
2026-09-23 17:04:08,206 - RLController - INFO -   Example: junction B2 -> durations [24, 22, 22, 22] (total: 90s)
2026-09-23 17:04:08,207 - RLController - INFO -   Example: junction B4 -> durations [24, 22, 22, 22] (total: 90s)
2026-09-23 17:04:08,207 - RLController - INFO -   Example: junction B5 -> durations [60, 10, 10, 10] (total: 90s)
2026-09-23 17:04:08,207 - RLController - INFO -   Example: junction C0 -> durations [22, 22, 24, 22] (total: 90s)
2026-09-23 17:04:08,207 - RLController - INFO -   Example: junction C1 -> durations [24, 22, 22, 22] (total: 90s)
2026-09-23 17:04:08,207 - RLController - INFO -   Example: junction C2 -> durations [57, 13, 10, 10] (total: 90s)
2026-09-23 17:04:08,207 - RLController - INFO -   Example: junction C3 -> durations [60, 10, 10, 10] (total: 90s)
2026-09-23 17:04:08,207 - RLController - INFO -   Example: junction C4 -> durations [57, 11, 11, 11] (total: 90s)
2026-09-23 17:04:08,207 - RLController - INFO -   Example: junction C5 -> durations [57, 11, 11, 11] (total: 90s)
2026-09-23 17:04:08,208 - RLController - INFO -   Example: junction D0 -> durations [24, 22, 22, 22] (total: 90s)
2026-09-23 17:04:08,208 - RLController - INFO -   Example: junction D1 -> durations [21, 21, 27, 21] (total: 90s)
2026-09-23 17:04:08,208 - RLController - INFO -   Example: junction D2 -> durations [45, 15, 15, 15] (total: 90s)
2026-09-23 17:04:08,208 - RLController - INFO -   Example: junction D3 -> durations [24, 22, 22, 22] (total: 90s)
2026-09-23 17:04:08,208 - RLController - INFO -   Example: junction D4 -> durations [24, 22, 22, 22] (total: 90s)
2026-09-23 17:04:08,208 - RLController - INFO -   Example: junction D5 -> durations [13, 13, 51, 13] (total: 90s)
2026-09-23 17:04:08,208 - RLController - INFO -   Example: junction E0 -> durations [24, 22, 22, 22] (total: 90s)
2026-09-23 17:04:08,209 - RLController - INFO -   Example: junction E1 -> durations [24, 22, 22, 22] (total: 90s)
2026-09-23 17:04:08,209 - RLController - INFO -   Stored schedules for 34 junctions, cycle starts at step 6300
2026-09-23 17:04:11,090 - RLController - INFO - DIAGNOSTIC Step 6390 - Observation stats:
2026-09-23 17:04:11,090 - RLController - INFO -   Hash: -3573662980015703612, Min: 0.000000, Max: 1.000000, Mean: 0.451220, Std: 0.460434
2026-09-23 17:04:11,091 - RLController - INFO -   First 10: [0.11111111 1.         0.9866667  1.         0.14288566 0.05725191
 0.         1.         0.99333334 1.        ]
2026-09-23 17:04:11,091 - RLController - INFO -   Last 10: [0.         0.2        0.         0.08333334 0.52136755 0.00350333
 0.08910257 0.50387955 0.         0.3       ]
2026-09-23 17:04:11,095 - RLController - INFO - DIAGNOSTIC - Raw model action output:
2026-09-23 17:04:11,095 - RLController - INFO -   Action hash: 5277111095229714652
2026-09-23 17:04:11,095 - RLController - INFO -   First 8 values: [ -7.698508 -10.       -10.       -10.       -10.       -10.
 -10.       -10.      ]
2026-09-23 17:04:11,096 - RLController - INFO -   Last 8 values: [-10.        -10.        -10.        -10.        -10.         -1.2588851
 -10.        -10.       ]
2026-09-23 17:04:11,096 - RLController - INFO -   Action shape: (136,), min: -10.000000, max: 4.789843, mean: -9.265788
2026-09-23 17:04:11,096 - RLController - INFO -   B0 junction (indices 16-19) raw values: [-10. -10. -10. -10.]
2026-09-23 17:04:11,096 - RLController - INFO - Using CONTINUOUS DURATION-BASED mode
2026-09-23 17:04:11,096 - RLController - INFO -   Example: junction A0 -> durations [51, 13, 13, 13] (total: 90s)
2026-09-23 17:04:11,096 - RLController - INFO -   Example: junction A1 -> durations [24, 22, 22, 22] (total: 90s)
2026-09-23 17:04:11,097 - RLController - INFO -   Example: junction A2 -> durations [12, 12, 54, 12] (total: 90s)
2026-09-23 17:04:11,097 - RLController - INFO -   Example: junction A4 -> durations [60, 10, 10, 10] (total: 90s)
2026-09-23 17:04:11,097 - RLController - INFO -   Example: junction A5 -> durations [24, 22, 22, 22] (total: 90s)
2026-09-23 17:04:11,097 - RLController - INFO -   Example: junction B0 -> durations [24, 22, 22, 22] (total: 90s)
2026-09-23 17:04:11,097 - RLController - INFO -   Example: junction B1 -> durations [24, 22, 22, 22] (total: 90s)
2026-09-23 17:04:11,097 - RLController - INFO -   Example: junction B2 -> durations [24, 22, 22, 22] (total: 90s)
2026-09-23 17:04:11,098 - RLController - INFO -   Example: junction B4 -> durations [24, 22, 22, 22] (total: 90s)
2026-09-23 17:04:11,098 - RLController - INFO -   Example: junction B5 -> durations [60, 10, 10, 10] (total: 90s)
2026-09-23 17:04:11,098 - RLController - INFO -   Example: junction C0 -> durations [22, 22, 24, 22] (total: 90s)
2026-09-23 17:04:11,098 - RLController - INFO -   Example: junction C1 -> durations [24, 22, 22, 22] (total: 90s)
2026-09-23 17:04:11,098 - RLController - INFO -   Example: junction C2 -> durations [57, 13, 10, 10] (total: 90s)
2026-09-23 17:04:11,098 - RLController - INFO -   Example: junction C3 -> durations [60, 10, 10, 10] (total: 90s)
2026-09-23 17:04:11,099 - RLController - INFO -   Example: junction C4 -> durations [57, 11, 11, 11] (total: 90s)
2026-09-23 17:04:11,099 - RLController - INFO -   Example: junction C5 -> durations [57, 11, 11, 11] (total: 90s)
2026-09-23 17:04:11,099 - RLController - INFO -   Example: junction D0 -> durations [24, 22, 22, 22] (total: 90s)
2026-09-23 17:04:11,099 - RLController - INFO -   Example: junction D1 -> durations [21, 21, 27, 21] (total: 90s)
2026-09-23 17:04:11,099 - RLController - INFO -   Example: junction D2 -> durations [45, 15, 15, 15] (total: 90s)
2026-09-23 17:04:11,099 - RLController - INFO -   Example: junction D3 -> durations [24, 22, 22, 22] (total: 90s)
2026-09-23 17:04:11,100 - RLController - INFO -   Example: junction D4 -> durations [24, 22, 22, 22] (total: 90s)
2026-09-23 17:04:11,100 - RLController - INFO -   Example: junction D5 -> durations [13, 13, 51, 13] (total: 90s)
2026-09-23 17:04:11,100 - RLController - INFO -   Example: junction E0 -> durations [24, 22, 22, 22] (total: 90s)
2026-09-23 17:04:11,100 - RLController - INFO -   Example: junction E1 -> durations [24, 22, 22, 22] (total: 90s)
2026-09-23 17:04:11,101 - RLController - INFO -   Stored schedules for 34 junctions, cycle starts at step 6390
2026-09-23 17:04:13,821 - RLController - INFO - DIAGNOSTIC Step 6480 - Observation stats:
2026-09-23 17:04:13,821 - RLController - INFO -   Hash: -1764164338693868216, Min: 0.000000, Max: 1.000408, Mean: 0.449437, Std: 0.459137
2026-09-23 17:04:13,821 - RLController - INFO -   First 10: [1.         0.         0.         0.         0.         0.5152672
 0.         1.         0.99333334 1.        ]
2026-09-23 17:04:13,821 - RLController - INFO -   Last 10: [0.         0.2        0.         0.08333334 0.5192308  0.00320699
 0.08940171 0.49863088 0.         0.3       ]
2026-09-23 17:04:13,825 - RLController - INFO - DIAGNOSTIC - Raw model action output:
2026-09-23 17:04:13,825 - RLController - INFO -   Action hash: -6447573320752143709
2026-09-23 17:04:13,825 - RLController - INFO -   First 8 values: [ -7.369046 -10.       -10.       -10.       -10.       -10.
 -10.       -10.      ]
2026-09-23 17:04:13,826 - RLController - INFO -   Last 8 values: [-10.        -10.        -10.        -10.        -10.         -1.4897244
 -10.        -10.       ]
2026-09-23 17:04:13,826 - RLController - INFO -   Action shape: (136,), min: -10.000000, max: 5.830671, mean: -9.262605
2026-09-23 17:04:13,826 - RLController - INFO -   B0 junction (indices 16-19) raw values: [-10. -10. -10. -10.]
2026-09-23 17:04:13,826 - RLController - INFO - Using CONTINUOUS DURATION-BASED mode
2026-09-23 17:04:13,826 - RLController - INFO -   Example: junction A0 -> durations [51, 13, 13, 13] (total: 90s)
2026-09-23 17:04:13,826 - RLController - INFO -   Example: junction A1 -> durations [24, 22, 22, 22] (total: 90s)
2026-09-23 17:04:13,826 - RLController - INFO -   Example: junction A2 -> durations [12, 12, 54, 12] (total: 90s)
2026-09-23 17:04:13,827 - RLController - INFO -   Example: junction A4 -> durations [60, 10, 10, 10] (total: 90s)
2026-09-23 17:04:13,827 - RLController - INFO -   Example: junction A5 -> durations [24, 22, 22, 22] (total: 90s)
2026-09-23 17:04:13,827 - RLController - INFO -   Example: junction B0 -> durations [24, 22, 22, 22] (total: 90s)
2026-09-23 17:04:13,827 - RLController - INFO -   Example: junction B1 -> durations [24, 22, 22, 22] (total: 90s)
2026-09-23 17:04:13,827 - RLController - INFO -   Example: junction B2 -> durations [24, 22, 22, 22] (total: 90s)
2026-09-23 17:04:13,827 - RLController - INFO -   Example: junction B4 -> durations [24, 22, 22, 22] (total: 90s)
2026-09-23 17:04:13,827 - RLController - INFO -   Example: junction B5 -> durations [60, 10, 10, 10] (total: 90s)
2026-09-23 17:04:13,827 - RLController - INFO -   Example: junction C0 -> durations [22, 22, 24, 22] (total: 90s)
2026-09-23 17:04:13,828 - RLController - INFO -   Example: junction C1 -> durations [24, 22, 22, 22] (total: 90s)
2026-09-23 17:04:13,828 - RLController - INFO -   Example: junction C2 -> durations [57, 13, 10, 10] (total: 90s)
2026-09-23 17:04:13,828 - RLController - INFO -   Example: junction C3 -> durations [60, 10, 10, 10] (total: 90s)
2026-09-23 17:04:13,828 - RLController - INFO -   Example: junction C4 -> durations [57, 11, 11, 11] (total: 90s)
2026-09-23 17:04:13,828 - RLController - INFO -   Example: junction C5 -> durations [57, 11, 11, 11] (total: 90s)
2026-09-23 17:04:13,828 - RLController - INFO -   Example: junction D0 -> durations [24, 22, 22, 22] (total: 90s)
2026-09-23 17:04:13,828 - RLController - INFO -   Example: junction D1 -> durations [21, 21, 27, 21] (total: 90s)
2026-09-23 17:04:13,828 - RLController - INFO -   Example: junction D2 -> durations [45, 15, 15, 15] (total: 90s)
2026-09-23 17:04:13,829 - RLController - INFO -   Example: junction D3 -> durations [24, 22, 22, 22] (total: 90s)
2026-09-23 17:04:13,829 - RLController - INFO -   Example: junction D4 -> durations [24, 22, 22, 22] (total: 90s)
2026-09-23 17:04:13,829 - RLController - INFO -   Example: junction D5 -> durations [13, 13, 51, 13] (total: 90s)
2026-09-23 17:04:13,829 - RLController - INFO -   Example: junction E0 -> durations [24, 22, 22, 22] (total: 90s)
2026-09-23 17:04:13,829 - RLController - INFO -   Example: junction E1 -> durations [24, 22, 22, 22] (total: 90s)
2026-09-23 17:04:13,830 - RLController - INFO -   Stored schedules for 34 junctions, cycle starts at step 6480
2026-09-23 17:04:16,720 - RLController - INFO - DIAGNOSTIC Step 6570 - Observation stats:
2026-09-23 17:04:16,722 - RLController - INFO -   Hash: -143239868142691335, Min: 0.000000, Max: 1.000170, Mean: 0.456441, Std: 0.459559
2026-09-23 17:04:16,723 - RLController - INFO -   First 10: [1.         0.         0.         0.         0.         0.5152672
 0.         1.         0.99333334 1.        ]
2026-09-23 17:04:16,723 - RLController - INFO -   Last 10: [0.         0.2        0.         0.08333334 0.53205127 0.00284244
 0.08850428 0.48374835 0.         0.3       ]
2026-09-23 17:04:16,730 - RLController - INFO - DIAGNOSTIC - Raw model action output:
2026-09-23 17:04:16,730 - RLController - INFO -   Action hash: -3952218028706460340
2026-09-23 17:04:16,730 - RLController - INFO -   First 8 values: [ -7.4423766 -10.        -10.        -10.        -10.        -10.
 -10.        -10.       ]
2026-09-23 17:04:16,731 - RLController - INFO -   Last 8 values: [-10.        -10.        -10.        -10.        -10.         -3.5149548
 -10.        -10.       ]
2026-09-23 17:04:16,731 - RLController - INFO -   Action shape: (136,), min: -10.000000, max: 5.093918, mean: -9.272278
2026-09-23 17:04:16,731 - RLController - INFO -   B0 junction (indices 16-19) raw values: [-10. -10. -10. -10.]
2026-09-23 17:04:16,731 - RLController - INFO - Using CONTINUOUS DURATION-BASED mode
2026-09-23 17:04:16,731 - RLController - INFO -   Example: junction A0 -> durations [51, 13, 13, 13] (total: 90s)
2026-09-23 17:04:16,731 - RLController - INFO -   Example: junction A1 -> durations [24, 22, 22, 22] (total: 90s)
2026-09-23 17:04:16,732 - RLController - INFO -   Example: junction A2 -> durations [12, 12, 54, 12] (total: 90s)
2026-09-23 17:04:16,732 - RLController - INFO -   Example: junction A4 -> durations [60, 10, 10, 10] (total: 90s)
2026-09-23 17:04:16,732 - RLController - INFO -   Example: junction A5 -> durations [24, 22, 22, 22] (total: 90s)
2026-09-23 17:04:16,732 - RLController - INFO -   Example: junction B0 -> durations [24, 22, 22, 22] (total: 90s)
2026-09-23 17:04:16,732 - RLController - INFO -   Example: junction B1 -> durations [24, 22, 22, 22] (total: 90s)
2026-09-23 17:04:16,732 - RLController - INFO -   Example: junction B2 -> durations [24, 22, 22, 22] (total: 90s)
2026-09-23 17:04:16,732 - RLController - INFO -   Example: junction B4 -> durations [24, 22, 22, 22] (total: 90s)
2026-09-23 17:04:16,733 - RLController - INFO -   Example: junction B5 -> durations [60, 10, 10, 10] (total: 90s)
2026-09-23 17:04:16,733 - RLController - INFO -   Example: junction C0 -> durations [22, 22, 24, 22] (total: 90s)
2026-09-23 17:04:16,733 - RLController - INFO -   Example: junction C1 -> durations [24, 22, 22, 22] (total: 90s)
2026-09-23 17:04:16,733 - RLController - INFO -   Example: junction C2 -> durations [57, 13, 10, 10] (total: 90s)
2026-09-23 17:04:16,733 - RLController - INFO -   Example: junction C3 -> durations [60, 10, 10, 10] (total: 90s)
2026-09-23 17:04:16,733 - RLController - INFO -   Example: junction C4 -> durations [57, 11, 11, 11] (total: 90s)
2026-09-23 17:04:16,733 - RLController - INFO -   Example: junction C5 -> durations [57, 11, 11, 11] (total: 90s)
2026-09-23 17:04:16,733 - RLController - INFO -   Example: junction D0 -> durations [24, 22, 22, 22] (total: 90s)
2026-09-23 17:04:16,734 - RLController - INFO -   Example: junction D1 -> durations [21, 21, 27, 21] (total: 90s)
2026-09-23 17:04:16,734 - RLController - INFO -   Example: junction D2 -> durations [45, 15, 15, 15] (total: 90s)
2026-09-23 17:04:16,734 - RLController - INFO -   Example: junction D3 -> durations [24, 22, 22, 22] (total: 90s)
2026-09-23 17:04:16,734 - RLController - INFO -   Example: junction D4 -> durations [24, 22, 22, 22] (total: 90s)
2026-09-23 17:04:16,734 - RLController - INFO -   Example: junction D5 -> durations [13, 13, 51, 13] (total: 90s)
2026-09-23 17:04:16,734 - RLController - INFO -   Example: junction E0 -> durations [24, 22, 22, 22] (total: 90s)
2026-09-23 17:04:16,734 - RLController - INFO -   Example: junction E1 -> durations [24, 22, 22, 22] (total: 90s)
2026-09-23 17:04:16,735 - RLController - INFO -   Stored schedules for 34 junctions, cycle starts at step 6570
2026-09-23 17:04:19,491 - RLController - INFO - DIAGNOSTIC Step 6660 - Observation stats:
2026-09-23 17:04:19,491 - RLController - INFO -   Hash: 3476972920314174414, Min: 0.000000, Max: 1.000000, Mean: 0.453057, Std: 0.457260
2026-09-23 17:04:19,491 - RLController - INFO -   First 10: [1.0000000e+00 0.0000000e+00 0.0000000e+00 0.0000000e+00 0.0000000e+00
 5.1526719e-01 3.3556366e-06 1.0000000e+00 9.9333334e-01 1.0000000e+00]
2026-09-23 17:04:19,491 - RLController - INFO -   Last 10: [0.         0.2        0.         0.08333334 0.53205127 0.00405475
 0.08918803 0.49459976 0.         0.3       ]
2026-09-23 17:04:19,499 - RLController - INFO - DIAGNOSTIC - Raw model action output:
2026-09-23 17:04:19,499 - RLController - INFO -   Action hash: -4417272467679505613
2026-09-23 17:04:19,499 - RLController - INFO -   First 8 values: [ -7.5594287 -10.        -10.        -10.        -10.        -10.
 -10.        -10.       ]
2026-09-23 17:04:19,499 - RLController - INFO -   Last 8 values: [-10.       -10.       -10.       -10.       -10.        -2.241268
 -10.       -10.      ]
2026-09-23 17:04:19,500 - RLController - INFO -   Action shape: (136,), min: -10.000000, max: 5.324427, mean: -9.274796
2026-09-23 17:04:19,500 - RLController - INFO -   B0 junction (indices 16-19) raw values: [-10. -10. -10. -10.]
2026-09-23 17:04:19,500 - RLController - INFO - Using CONTINUOUS DURATION-BASED mode
2026-09-23 17:04:19,500 - RLController - INFO -   Example: junction A0 -> durations [51, 13, 13, 13] (total: 90s)
2026-09-23 17:04:19,500 - RLController - INFO -   Example: junction A1 -> durations [24, 22, 22, 22] (total: 90s)
2026-09-23 17:04:19,500 - RLController - INFO -   Example: junction A2 -> durations [12, 12, 54, 12] (total: 90s)
2026-09-23 17:04:19,500 - RLController - INFO -   Example: junction A4 -> durations [60, 10, 10, 10] (total: 90s)
2026-09-23 17:04:19,501 - RLController - INFO -   Example: junction A5 -> durations [24, 22, 22, 22] (total: 90s)
2026-09-23 17:04:19,501 - RLController - INFO -   Example: junction B0 -> durations [24, 22, 22, 22] (total: 90s)
2026-09-23 17:04:19,501 - RLController - INFO -   Example: junction B1 -> durations [24, 22, 22, 22] (total: 90s)
2026-09-23 17:04:19,501 - RLController - INFO -   Example: junction B2 -> durations [24, 22, 22, 22] (total: 90s)
2026-09-23 17:04:19,501 - RLController - INFO -   Example: junction B4 -> durations [24, 22, 22, 22] (total: 90s)
2026-09-23 17:04:19,501 - RLController - INFO -   Example: junction B5 -> durations [60, 10, 10, 10] (total: 90s)
2026-09-23 17:04:19,501 - RLController - INFO -   Example: junction C0 -> durations [22, 22, 24, 22] (total: 90s)
2026-09-23 17:04:19,502 - RLController - INFO -   Example: junction C1 -> durations [24, 22, 22, 22] (total: 90s)
2026-09-23 17:04:19,502 - RLController - INFO -   Example: junction C2 -> durations [57, 13, 10, 10] (total: 90s)
2026-09-23 17:04:19,502 - RLController - INFO -   Example: junction C3 -> durations [60, 10, 10, 10] (total: 90s)
2026-09-23 17:04:19,502 - RLController - INFO -   Example: junction C4 -> durations [57, 11, 11, 11] (total: 90s)
2026-09-23 17:04:19,502 - RLController - INFO -   Example: junction C5 -> durations [57, 11, 11, 11] (total: 90s)
2026-09-23 17:04:19,502 - RLController - INFO -   Example: junction D0 -> durations [24, 22, 22, 22] (total: 90s)
2026-09-23 17:04:19,502 - RLController - INFO -   Example: junction D1 -> durations [21, 21, 27, 21] (total: 90s)
2026-09-23 17:04:19,502 - RLController - INFO -   Example: junction D2 -> durations [45, 15, 15, 15] (total: 90s)
2026-09-23 17:04:19,503 - RLController - INFO -   Example: junction D3 -> durations [24, 22, 22, 22] (total: 90s)
2026-09-23 17:04:19,503 - RLController - INFO -   Example: junction D4 -> durations [24, 22, 22, 22] (total: 90s)
2026-09-23 17:04:19,503 - RLController - INFO -   Example: junction D5 -> durations [13, 13, 51, 13] (total: 90s)
2026-09-23 17:04:19,503 - RLController - INFO -   Example: junction E0 -> durations [24, 22, 22, 22] (total: 90s)
2026-09-23 17:04:19,503 - RLController - INFO -   Example: junction E1 -> durations [24, 22, 22, 22] (total: 90s)
2026-09-23 17:04:19,504 - RLController - INFO -   Stored schedules for 34 junctions, cycle starts at step 6660
2026-09-23 17:04:22,148 - RLController - INFO - DIAGNOSTIC Step 6750 - Observation stats:
2026-09-23 17:04:22,149 - RLController - INFO -   Hash: -3781088089315620099, Min: 0.000000, Max: 1.000131, Mean: 0.453781, Std: 0.458846
2026-09-23 17:04:22,149 - RLController - INFO -   First 10: [1.         0.         0.         0.         0.         0.5152672
 0.         1.         0.99333334 1.        ]
2026-09-23 17:04:22,150 - RLController - INFO -   Last 10: [0.         0.2        0.         0.08333334 0.5277778  0.00370362
 0.08863248 0.4973565  0.         0.3       ]
2026-09-23 17:04:22,153 - RLController - INFO - DIAGNOSTIC - Raw model action output:
2026-09-23 17:04:22,153 - RLController - INFO -   Action hash: -2374105767928261242
2026-09-23 17:04:22,154 - RLController - INFO -   First 8 values: [ -7.6889005 -10.        -10.        -10.        -10.        -10.
 -10.        -10.       ]
2026-09-23 17:04:22,154 - RLController - INFO -   Last 8 values: [-10.       -10.       -10.       -10.       -10.        -2.046572
 -10.       -10.      ]
2026-09-23 17:04:22,154 - RLController - INFO -   Action shape: (136,), min: -10.000000, max: 6.135001, mean: -9.290979
2026-09-23 17:04:22,154 - RLController - INFO -   B0 junction (indices 16-19) raw values: [ -9.945739 -10.       -10.       -10.      ]
2026-09-23 17:04:22,154 - RLController - INFO - Using CONTINUOUS DURATION-BASED mode
2026-09-23 17:04:22,154 - RLController - INFO -   Example: junction A0 -> durations [51, 13, 13, 13] (total: 90s)
2026-09-23 17:04:22,155 - RLController - INFO -   Example: junction A1 -> durations [24, 22, 22, 22] (total: 90s)
2026-09-23 17:04:22,155 - RLController - INFO -   Example: junction A2 -> durations [12, 12, 54, 12] (total: 90s)
2026-09-23 17:04:22,155 - RLController - INFO -   Example: junction A4 -> durations [60, 10, 10, 10] (total: 90s)
2026-09-23 17:04:22,155 - RLController - INFO -   Example: junction A5 -> durations [24, 22, 22, 22] (total: 90s)
2026-09-23 17:04:22,155 - RLController - INFO -   Example: junction B0 -> durations [24, 22, 22, 22] (total: 90s)
2026-09-23 17:04:22,155 - RLController - INFO -   Example: junction B1 -> durations [24, 22, 22, 22] (total: 90s)
2026-09-23 17:04:22,156 - RLController - INFO -   Example: junction B2 -> durations [24, 22, 22, 22] (total: 90s)
2026-09-23 17:04:22,156 - RLController - INFO -   Example: junction B4 -> durations [24, 22, 22, 22] (total: 90s)
2026-09-23 17:04:22,156 - RLController - INFO -   Example: junction B5 -> durations [60, 10, 10, 10] (total: 90s)
2026-09-23 17:04:22,156 - RLController - INFO -   Example: junction C0 -> durations [22, 22, 24, 22] (total: 90s)
2026-09-23 17:04:22,156 - RLController - INFO -   Example: junction C1 -> durations [24, 22, 22, 22] (total: 90s)
2026-09-23 17:04:22,156 - RLController - INFO -   Example: junction C2 -> durations [57, 13, 10, 10] (total: 90s)
2026-09-23 17:04:22,156 - RLController - INFO -   Example: junction C3 -> durations [60, 10, 10, 10] (total: 90s)
2026-09-23 17:04:22,156 - RLController - INFO -   Example: junction C4 -> durations [57, 11, 11, 11] (total: 90s)
2026-09-23 17:04:22,157 - RLController - INFO -   Example: junction C5 -> durations [57, 11, 11, 11] (total: 90s)
2026-09-23 17:04:22,157 - RLController - INFO -   Example: junction D0 -> durations [24, 22, 22, 22] (total: 90s)
2026-09-23 17:04:22,157 - RLController - INFO -   Example: junction D1 -> durations [21, 21, 27, 21] (total: 90s)
2026-09-23 17:04:22,157 - RLController - INFO -   Example: junction D2 -> durations [45, 15, 15, 15] (total: 90s)
2026-09-23 17:04:22,157 - RLController - INFO -   Example: junction D3 -> durations [24, 22, 22, 22] (total: 90s)
2026-09-23 17:04:22,157 - RLController - INFO -   Example: junction D4 -> durations [24, 22, 22, 22] (total: 90s)
2026-09-23 17:04:22,157 - RLController - INFO -   Example: junction D5 -> durations [13, 13, 51, 13] (total: 90s)
2026-09-23 17:04:22,157 - RLController - INFO -   Example: junction E0 -> durations [24, 22, 22, 22] (total: 90s)
2026-09-23 17:04:22,158 - RLController - INFO -   Example: junction E1 -> durations [24, 22, 22, 22] (total: 90s)
2026-09-23 17:04:22,158 - RLController - INFO -   Stored schedules for 34 junctions, cycle starts at step 6750
2026-09-23 17:04:24,848 - RLController - INFO - DIAGNOSTIC Step 6840 - Observation stats:
2026-09-23 17:04:24,848 - RLController - INFO -   Hash: -4397644138082741662, Min: 0.000000, Max: 1.000000, Mean: 0.451877, Std: 0.457342
2026-09-23 17:04:24,849 - RLController - INFO -   First 10: [1.         0.         0.         0.         0.         0.5152672
 0.         1.         0.99333334 1.        ]
2026-09-23 17:04:24,849 - RLController - INFO -   Last 10: [0.         0.2        0.         0.08333334 0.5192308  0.00374972
 0.08794872 0.5052232  0.         0.3       ]
2026-09-23 17:04:24,852 - RLController - INFO - DIAGNOSTIC - Raw model action output:
2026-09-23 17:04:24,852 - RLController - INFO -   Action hash: -8045826269001080065
2026-09-23 17:04:24,852 - RLController - INFO -   First 8 values: [ -7.5077558 -10.        -10.        -10.        -10.        -10.
 -10.        -10.       ]
2026-09-23 17:04:24,853 - RLController - INFO -   Last 8 values: [-10.        -10.        -10.        -10.        -10.         -3.1950305
 -10.        -10.       ]
2026-09-23 17:04:24,853 - RLController - INFO -   Action shape: (136,), min: -10.000000, max: 4.960571, mean: -9.272941
2026-09-23 17:04:24,853 - RLController - INFO -   B0 junction (indices 16-19) raw values: [-10. -10. -10. -10.]
2026-09-23 17:04:24,853 - RLController - INFO - Using CONTINUOUS DURATION-BASED mode
2026-09-23 17:04:24,853 - RLController - INFO -   Example: junction A0 -> durations [51, 13, 13, 13] (total: 90s)
2026-09-23 17:04:24,853 - RLController - INFO -   Example: junction A1 -> durations [24, 22, 22, 22] (total: 90s)
2026-09-23 17:04:24,853 - RLController - INFO -   Example: junction A2 -> durations [12, 12, 54, 12] (total: 90s)
2026-09-23 17:04:24,854 - RLController - INFO -   Example: junction A4 -> durations [60, 10, 10, 10] (total: 90s)
2026-09-23 17:04:24,854 - RLController - INFO -   Example: junction A5 -> durations [24, 22, 22, 22] (total: 90s)
2026-09-23 17:04:24,854 - RLController - INFO -   Example: junction B0 -> durations [24, 22, 22, 22] (total: 90s)
2026-09-23 17:04:24,854 - RLController - INFO -   Example: junction B1 -> durations [24, 22, 22, 22] (total: 90s)
2026-09-23 17:04:24,854 - RLController - INFO -   Example: junction B2 -> durations [24, 22, 22, 22] (total: 90s)
2026-09-23 17:04:24,854 - RLController - INFO -   Example: junction B4 -> durations [24, 22, 22, 22] (total: 90s)
2026-09-23 17:04:24,854 - RLController - INFO -   Example: junction B5 -> durations [60, 10, 10, 10] (total: 90s)
2026-09-23 17:04:24,855 - RLController - INFO -   Example: junction C0 -> durations [22, 22, 24, 22] (total: 90s)
2026-09-23 17:04:24,855 - RLController - INFO -   Example: junction C1 -> durations [24, 22, 22, 22] (total: 90s)
2026-09-23 17:04:24,855 - RLController - INFO -   Example: junction C2 -> durations [57, 13, 10, 10] (total: 90s)
2026-09-23 17:04:24,855 - RLController - INFO -   Example: junction C3 -> durations [60, 10, 10, 10] (total: 90s)
2026-09-23 17:04:24,855 - RLController - INFO -   Example: junction C4 -> durations [57, 11, 11, 11] (total: 90s)
2026-09-23 17:04:24,855 - RLController - INFO -   Example: junction C5 -> durations [57, 11, 11, 11] (total: 90s)
2026-09-23 17:04:24,855 - RLController - INFO -   Example: junction D0 -> durations [24, 22, 22, 22] (total: 90s)
2026-09-23 17:04:24,855 - RLController - INFO -   Example: junction D1 -> durations [21, 21, 27, 21] (total: 90s)
2026-09-23 17:04:24,856 - RLController - INFO -   Example: junction D2 -> durations [45, 15, 15, 15] (total: 90s)
2026-09-23 17:04:24,856 - RLController - INFO -   Example: junction D3 -> durations [24, 22, 22, 22] (total: 90s)
2026-09-23 17:04:24,856 - RLController - INFO -   Example: junction D4 -> durations [24, 22, 22, 22] (total: 90s)
2026-09-23 17:04:24,856 - RLController - INFO -   Example: junction D5 -> durations [13, 13, 51, 13] (total: 90s)
2026-09-23 17:04:24,856 - RLController - INFO -   Example: junction E0 -> durations [24, 22, 22, 22] (total: 90s)
2026-09-23 17:04:24,856 - RLController - INFO -   Example: junction E1 -> durations [24, 22, 22, 22] (total: 90s)
2026-09-23 17:04:24,857 - RLController - INFO -   Stored schedules for 34 junctions, cycle starts at step 6840
2026-09-23 17:04:27,677 - RLController - INFO - DIAGNOSTIC Step 6930 - Observation stats:
2026-09-23 17:04:27,677 - RLController - INFO -   Hash: -1054300369091744034, Min: 0.000000, Max: 1.000000, Mean: 0.452060, Std: 0.459188
2026-09-23 17:04:27,677 - RLController - INFO -   First 10: [1.         0.         0.         0.         0.         0.5152672
 0.         1.         0.99333334 1.        ]
2026-09-23 17:04:27,678 - RLController - INFO -   Last 10: [0.         0.2        0.         0.08333334 0.52136755 0.00310032
 0.0875641  0.493736   0.         0.3       ]
2026-09-23 17:04:27,681 - RLController - INFO - DIAGNOSTIC - Raw model action output:
2026-09-23 17:04:27,681 - RLController - INFO -   Action hash: 1511963862717017467
2026-09-23 17:04:27,682 - RLController - INFO -   First 8 values: [ -7.533541 -10.       -10.       -10.       -10.       -10.
 -10.       -10.      ]
2026-09-23 17:04:27,682 - RLController - INFO -   Last 8 values: [-10.        -10.        -10.        -10.        -10.         -2.8843768
 -10.        -10.       ]
2026-09-23 17:04:27,682 - RLController - INFO -   Action shape: (136,), min: -10.000000, max: 5.483618, mean: -9.282498
2026-09-23 17:04:27,683 - RLController - INFO -   B0 junction (indices 16-19) raw values: [-10. -10. -10. -10.]
2026-09-23 17:04:27,683 - RLController - INFO - Using CONTINUOUS DURATION-BASED mode
2026-09-23 17:04:27,683 - RLController - INFO -   Example: junction A0 -> durations [51, 13, 13, 13] (total: 90s)
2026-09-23 17:04:27,683 - RLController - INFO -   Example: junction A1 -> durations [24, 22, 22, 22] (total: 90s)
2026-09-23 17:04:27,684 - RLController - INFO -   Example: junction A2 -> durations [12, 12, 54, 12] (total: 90s)
2026-09-23 17:04:27,684 - RLController - INFO -   Example: junction A4 -> durations [60, 10, 10, 10] (total: 90s)
2026-09-23 17:04:27,684 - RLController - INFO -   Example: junction A5 -> durations [24, 22, 22, 22] (total: 90s)
2026-09-23 17:04:27,684 - RLController - INFO -   Example: junction B0 -> durations [24, 22, 22, 22] (total: 90s)
2026-09-23 17:04:27,685 - RLController - INFO -   Example: junction B1 -> durations [24, 22, 22, 22] (total: 90s)
2026-09-23 17:04:27,685 - RLController - INFO -   Example: junction B2 -> durations [24, 22, 22, 22] (total: 90s)
2026-09-23 17:04:27,685 - RLController - INFO -   Example: junction B4 -> durations [24, 22, 22, 22] (total: 90s)
2026-09-23 17:04:27,685 - RLController - INFO -   Example: junction B5 -> durations [60, 10, 10, 10] (total: 90s)
2026-09-23 17:04:27,685 - RLController - INFO -   Example: junction C0 -> durations [22, 22, 24, 22] (total: 90s)
2026-09-23 17:04:27,686 - RLController - INFO -   Example: junction C1 -> durations [24, 22, 22, 22] (total: 90s)
2026-09-23 17:04:27,686 - RLController - INFO -   Example: junction C2 -> durations [57, 13, 10, 10] (total: 90s)
2026-09-23 17:04:27,686 - RLController - INFO -   Example: junction C3 -> durations [60, 10, 10, 10] (total: 90s)
2026-09-23 17:04:27,687 - RLController - INFO -   Example: junction C4 -> durations [57, 11, 11, 11] (total: 90s)
2026-09-23 17:04:27,687 - RLController - INFO -   Example: junction C5 -> durations [57, 11, 11, 11] (total: 90s)
2026-09-23 17:04:27,687 - RLController - INFO -   Example: junction D0 -> durations [24, 22, 22, 22] (total: 90s)
2026-09-23 17:04:27,687 - RLController - INFO -   Example: junction D1 -> durations [21, 21, 27, 21] (total: 90s)
2026-09-23 17:04:27,688 - RLController - INFO -   Example: junction D2 -> durations [45, 15, 15, 15] (total: 90s)
2026-09-23 17:04:27,688 - RLController - INFO -   Example: junction D3 -> durations [24, 22, 22, 22] (total: 90s)
2026-09-23 17:04:27,688 - RLController - INFO -   Example: junction D4 -> durations [24, 22, 22, 22] (total: 90s)
2026-09-23 17:04:27,688 - RLController - INFO -   Example: junction D5 -> durations [13, 13, 51, 13] (total: 90s)
2026-09-23 17:04:27,688 - RLController - INFO -   Example: junction E0 -> durations [24, 22, 22, 22] (total: 90s)
2026-09-23 17:04:27,689 - RLController - INFO -   Example: junction E1 -> durations [24, 22, 22, 22] (total: 90s)
2026-09-23 17:04:27,690 - RLController - INFO -   Stored schedules for 34 junctions, cycle starts at step 6930
2026-09-23 17:04:30,892 - RLController - INFO - DIAGNOSTIC Step 7020 - Observation stats:
2026-09-23 17:04:30,892 - RLController - INFO -   Hash: -17162407036160028, Min: 0.000000, Max: 1.000000, Mean: 0.445771, Std: 0.456493
2026-09-23 17:04:30,893 - RLController - INFO -   First 10: [1.         0.         0.         0.         0.         0.5152672
 0.         1.         0.99333334 1.        ]
2026-09-23 17:04:30,893 - RLController - INFO -   Last 10: [0.         0.2        0.         0.08333334 0.5        0.00316198
 0.08675214 0.51070714 0.         0.3       ]
2026-09-23 17:04:30,897 - RLController - INFO - DIAGNOSTIC - Raw model action output:
2026-09-23 17:04:30,897 - RLController - INFO -   Action hash: 3952123120116074735
2026-09-23 17:04:30,897 - RLController - INFO -   First 8 values: [ -7.7644053 -10.        -10.        -10.        -10.        -10.
 -10.        -10.       ]
2026-09-23 17:04:30,897 - RLController - INFO -   Last 8 values: [-10.         -10.         -10.         -10.         -10.
  -0.99667233 -10.         -10.        ]
2026-09-23 17:04:30,898 - RLController - INFO -   Action shape: (136,), min: -10.000000, max: 5.566116, mean: -9.275234
2026-09-23 17:04:30,898 - RLController - INFO -   B0 junction (indices 16-19) raw values: [ -9.875869 -10.       -10.       -10.      ]
2026-09-23 17:04:30,898 - RLController - INFO - Using CONTINUOUS DURATION-BASED mode
2026-09-23 17:04:30,898 - RLController - INFO -   Example: junction A0 -> durations [51, 13, 13, 13] (total: 90s)
2026-09-23 17:04:30,898 - RLController - INFO -   Example: junction A1 -> durations [24, 22, 22, 22] (total: 90s)
2026-09-23 17:04:30,898 - RLController - INFO -   Example: junction A2 -> durations [12, 12, 54, 12] (total: 90s)
2026-09-23 17:04:30,898 - RLController - INFO -   Example: junction A4 -> durations [60, 10, 10, 10] (total: 90s)
2026-09-23 17:04:30,899 - RLController - INFO -   Example: junction A5 -> durations [24, 22, 22, 22] (total: 90s)
2026-09-23 17:04:30,899 - RLController - INFO -   Example: junction B0 -> durations [24, 22, 22, 22] (total: 90s)
2026-09-23 17:04:30,899 - RLController - INFO -   Example: junction B1 -> durations [24, 22, 22, 22] (total: 90s)
2026-09-23 17:04:30,899 - RLController - INFO -   Example: junction B2 -> durations [24, 22, 22, 22] (total: 90s)
2026-09-23 17:04:30,899 - RLController - INFO -   Example: junction B4 -> durations [24, 22, 22, 22] (total: 90s)
2026-09-23 17:04:30,899 - RLController - INFO -   Example: junction B5 -> durations [60, 10, 10, 10] (total: 90s)
2026-09-23 17:04:30,899 - RLController - INFO -   Example: junction C0 -> durations [22, 22, 24, 22] (total: 90s)
2026-09-23 17:04:30,899 - RLController - INFO -   Example: junction C1 -> durations [24, 22, 22, 22] (total: 90s)
2026-09-23 17:04:30,900 - RLController - INFO -   Example: junction C2 -> durations [57, 13, 10, 10] (total: 90s)
2026-09-23 17:04:30,900 - RLController - INFO -   Example: junction C3 -> durations [60, 10, 10, 10] (total: 90s)
2026-09-23 17:04:30,900 - RLController - INFO -   Example: junction C4 -> durations [57, 11, 11, 11] (total: 90s)
2026-09-23 17:04:30,900 - RLController - INFO -   Example: junction C5 -> durations [57, 11, 11, 11] (total: 90s)
2026-09-23 17:04:30,900 - RLController - INFO -   Example: junction D0 -> durations [24, 22, 22, 22] (total: 90s)
2026-09-23 17:04:30,900 - RLController - INFO -   Example: junction D1 -> durations [21, 21, 27, 21] (total: 90s)
2026-09-23 17:04:30,900 - RLController - INFO -   Example: junction D2 -> durations [45, 15, 15, 15] (total: 90s)
2026-09-23 17:04:30,901 - RLController - INFO -   Example: junction D3 -> durations [24, 22, 22, 22] (total: 90s)
2026-09-23 17:04:30,901 - RLController - INFO -   Example: junction D4 -> durations [24, 22, 22, 22] (total: 90s)
2026-09-23 17:04:30,901 - RLController - INFO -   Example: junction D5 -> durations [13, 13, 51, 13] (total: 90s)
2026-09-23 17:04:30,901 - RLController - INFO -   Example: junction E0 -> durations [24, 22, 22, 22] (total: 90s)
2026-09-23 17:04:30,901 - RLController - INFO -   Example: junction E1 -> durations [24, 22, 22, 22] (total: 90s)
2026-09-23 17:04:30,902 - RLController - INFO -   Stored schedules for 34 junctions, cycle starts at step 7020
2026-09-23 17:04:34,048 - RLController - INFO - DIAGNOSTIC Step 7110 - Observation stats:
2026-09-23 17:04:34,048 - RLController - INFO -   Hash: -3985804512806435608, Min: 0.000000, Max: 1.000000, Mean: 0.454266, Std: 0.457514
2026-09-23 17:04:34,048 - RLController - INFO -   First 10: [0.5        0.         0.9266667  1.         0.00541354 0.26213592
 0.         1.         0.99333334 1.        ]
2026-09-23 17:04:34,048 - RLController - INFO -   Last 10: [0.         0.2        0.         0.08333334 0.51495725 0.00350486
 0.08713675 0.5033087  0.         0.3       ]
2026-09-23 17:04:34,053 - RLController - INFO - DIAGNOSTIC - Raw model action output:
2026-09-23 17:04:34,053 - RLController - INFO -   Action hash: 718076214380503088
2026-09-23 17:04:34,053 - RLController - INFO -   First 8 values: [ -7.4566884 -10.        -10.        -10.        -10.        -10.
 -10.        -10.       ]
2026-09-23 17:04:34,053 - RLController - INFO -   Last 8 values: [-10.       -10.       -10.       -10.       -10.        -1.214704
 -10.       -10.      ]
2026-09-23 17:04:34,054 - RLController - INFO -   Action shape: (136,), min: -10.000000, max: 5.153763, mean: -9.308632
2026-09-23 17:04:34,054 - RLController - INFO -   B0 junction (indices 16-19) raw values: [-10. -10. -10. -10.]
2026-09-23 17:04:34,054 - RLController - INFO - Using CONTINUOUS DURATION-BASED mode
2026-09-23 17:04:34,054 - RLController - INFO -   Example: junction A0 -> durations [51, 13, 13, 13] (total: 90s)
2026-09-23 17:04:34,054 - RLController - INFO -   Example: junction A1 -> durations [24, 22, 22, 22] (total: 90s)
2026-09-23 17:04:34,054 - RLController - INFO -   Example: junction A2 -> durations [12, 12, 54, 12] (total: 90s)
2026-09-23 17:04:34,054 - RLController - INFO -   Example: junction A4 -> durations [60, 10, 10, 10] (total: 90s)
2026-09-23 17:04:34,055 - RLController - INFO -   Example: junction A5 -> durations [24, 22, 22, 22] (total: 90s)
2026-09-23 17:04:34,055 - RLController - INFO -   Example: junction B0 -> durations [24, 22, 22, 22] (total: 90s)
2026-09-23 17:04:34,055 - RLController - INFO -   Example: junction B1 -> durations [24, 22, 22, 22] (total: 90s)
2026-09-23 17:04:34,055 - RLController - INFO -   Example: junction B2 -> durations [24, 22, 22, 22] (total: 90s)
2026-09-23 17:04:34,055 - RLController - INFO -   Example: junction B4 -> durations [24, 22, 22, 22] (total: 90s)
2026-09-23 17:04:34,055 - RLController - INFO -   Example: junction B5 -> durations [60, 10, 10, 10] (total: 90s)
2026-09-23 17:04:34,055 - RLController - INFO -   Example: junction C0 -> durations [22, 22, 24, 22] (total: 90s)
2026-09-23 17:04:34,055 - RLController - INFO -   Example: junction C1 -> durations [24, 22, 22, 22] (total: 90s)
2026-09-23 17:04:34,056 - RLController - INFO -   Example: junction C2 -> durations [57, 13, 10, 10] (total: 90s)
2026-09-23 17:04:34,056 - RLController - INFO -   Example: junction C3 -> durations [60, 10, 10, 10] (total: 90s)
2026-09-23 17:04:34,056 - RLController - INFO -   Example: junction C4 -> durations [57, 11, 11, 11] (total: 90s)
2026-09-23 17:04:34,056 - RLController - INFO -   Example: junction C5 -> durations [57, 11, 11, 11] (total: 90s)
2026-09-23 17:04:34,056 - RLController - INFO -   Example: junction D0 -> durations [24, 22, 22, 22] (total: 90s)
2026-09-23 17:04:34,056 - RLController - INFO -   Example: junction D1 -> durations [21, 21, 27, 21] (total: 90s)
2026-09-23 17:04:34,056 - RLController - INFO -   Example: junction D2 -> durations [45, 15, 15, 15] (total: 90s)
2026-09-23 17:04:34,057 - RLController - INFO -   Example: junction D3 -> durations [24, 22, 22, 22] (total: 90s)
2026-09-23 17:04:34,057 - RLController - INFO -   Example: junction D4 -> durations [24, 22, 22, 22] (total: 90s)
2026-09-23 17:04:34,057 - RLController - INFO -   Example: junction D5 -> durations [13, 13, 51, 13] (total: 90s)
2026-09-23 17:04:34,057 - RLController - INFO -   Example: junction E0 -> durations [24, 22, 22, 22] (total: 90s)
2026-09-23 17:04:34,057 - RLController - INFO -   Example: junction E1 -> durations [24, 22, 22, 22] (total: 90s)
2026-09-23 17:04:34,058 - RLController - INFO -   Stored schedules for 34 junctions, cycle starts at step 7110
2026-09-23 17:04:37,261 - RLController - INFO - DIAGNOSTIC Step 7200 - Observation stats:
2026-09-23 17:04:37,262 - RLController - INFO -   Hash: 594972639519808190, Min: 0.000000, Max: 1.000000, Mean: 0.450919, Std: 0.458493
2026-09-23 17:04:37,262 - RLController - INFO -   First 10: [0.24364495 0.         0.96666664 1.         0.04675483 0.13120468
 0.         1.         0.99333334 1.        ]
2026-09-23 17:04:37,262 - RLController - INFO -   Last 10: [0.         0.2        0.         0.08333334 0.517094   0.0038422
 0.08811966 0.50834674 0.         0.3       ]
2026-09-23 17:04:37,266 - RLController - INFO - DIAGNOSTIC - Raw model action output:
2026-09-23 17:04:37,266 - RLController - INFO -   Action hash: -8194321597761424361
2026-09-23 17:04:37,266 - RLController - INFO -   First 8 values: [ -7.5396256 -10.        -10.        -10.        -10.        -10.
 -10.        -10.       ]
2026-09-23 17:04:37,267 - RLController - INFO -   Last 8 values: [-10.         -10.         -10.         -10.         -10.
   0.09265642 -10.         -10.        ]
2026-09-23 17:04:37,267 - RLController - INFO -   Action shape: (136,), min: -10.000000, max: 5.445934, mean: -9.282681
2026-09-23 17:04:37,267 - RLController - INFO -   B0 junction (indices 16-19) raw values: [-10. -10. -10. -10.]
2026-09-23 17:04:37,267 - RLController - INFO - Using CONTINUOUS DURATION-BASED mode
2026-09-23 17:04:37,267 - RLController - INFO -   Example: junction A0 -> durations [51, 13, 13, 13] (total: 90s)
2026-09-23 17:04:37,267 - RLController - INFO -   Example: junction A1 -> durations [24, 22, 22, 22] (total: 90s)
2026-09-23 17:04:37,267 - RLController - INFO -   Example: junction A2 -> durations [12, 12, 54, 12] (total: 90s)
2026-09-23 17:04:37,268 - RLController - INFO -   Example: junction A4 -> durations [60, 10, 10, 10] (total: 90s)
2026-09-23 17:04:37,268 - RLController - INFO -   Example: junction A5 -> durations [24, 22, 22, 22] (total: 90s)
2026-09-23 17:04:37,268 - RLController - INFO -   Example: junction B0 -> durations [24, 22, 22, 22] (total: 90s)
2026-09-23 17:04:37,268 - RLController - INFO -   Example: junction B1 -> durations [24, 22, 22, 22] (total: 90s)
2026-09-23 17:04:37,268 - RLController - INFO -   Example: junction B2 -> durations [24, 22, 22, 22] (total: 90s)
2026-09-23 17:04:37,268 - RLController - INFO -   Example: junction B4 -> durations [24, 22, 22, 22] (total: 90s)
2026-09-23 17:04:37,268 - RLController - INFO -   Example: junction B5 -> durations [60, 10, 10, 10] (total: 90s)
2026-09-23 17:04:37,268 - RLController - INFO -   Example: junction C0 -> durations [22, 22, 24, 22] (total: 90s)
2026-09-23 17:04:37,269 - RLController - INFO -   Example: junction C1 -> durations [24, 22, 22, 22] (total: 90s)
2026-09-23 17:04:37,269 - RLController - INFO -   Example: junction C2 -> durations [57, 13, 10, 10] (total: 90s)
2026-09-23 17:04:37,269 - RLController - INFO -   Example: junction C3 -> durations [60, 10, 10, 10] (total: 90s)
2026-09-23 17:04:37,269 - RLController - INFO -   Example: junction C4 -> durations [57, 11, 11, 11] (total: 90s)
2026-09-23 17:04:37,269 - RLController - INFO -   Example: junction C5 -> durations [57, 11, 11, 11] (total: 90s)
2026-09-23 17:04:37,269 - RLController - INFO -   Example: junction D0 -> durations [24, 22, 22, 22] (total: 90s)
2026-09-23 17:04:37,269 - RLController - INFO -   Example: junction D1 -> durations [21, 21, 27, 21] (total: 90s)
2026-09-23 17:04:37,270 - RLController - INFO -   Example: junction D2 -> durations [45, 15, 15, 15] (total: 90s)
2026-09-23 17:04:37,270 - RLController - INFO -   Example: junction D3 -> durations [24, 22, 22, 22] (total: 90s)
2026-09-23 17:04:37,270 - RLController - INFO -   Example: junction D4 -> durations [24, 22, 22, 22] (total: 90s)
2026-09-23 17:04:37,270 - RLController - INFO -   Example: junction D5 -> durations [13, 13, 51, 13] (total: 90s)
2026-09-23 17:04:37,270 - RLController - INFO -   Example: junction E0 -> durations [24, 22, 22, 22] (total: 90s)
2026-09-23 17:04:37,270 - RLController - INFO -   Example: junction E1 -> durations [24, 22, 22, 22] (total: 90s)
2026-09-23 17:04:37,271 - RLController - INFO -   Stored schedules for 34 junctions, cycle starts at step 7200
2026-09-23 17:04:40,398 - RLController - INFO - DIAGNOSTIC Step 7290 - Observation stats:
2026-09-23 17:04:40,398 - RLController - INFO -   Hash: 2003064821510428430, Min: 0.000000, Max: 1.000000, Mean: 0.451517, Std: 0.459496
2026-09-23 17:04:40,398 - RLController - INFO -   First 10: [7.7235833e-05 1.0000000e+00 9.9333334e-01 1.0000000e+00 1.0000000e+00
 4.3140746e-05 0.0000000e+00 1.0000000e+00 9.9333334e-01 1.0000000e+00]
2026-09-23 17:04:40,399 - RLController - INFO -   Last 10: [0.         0.2        0.         0.08333334 0.5106838  0.00327047
 0.08970086 0.504696   0.         0.3       ]
2026-09-23 17:04:40,403 - RLController - INFO - DIAGNOSTIC - Raw model action output:
2026-09-23 17:04:40,403 - RLController - INFO -   Action hash: -5362199810205990162
2026-09-23 17:04:40,404 - RLController - INFO -   First 8 values: [ -7.4870214 -10.        -10.        -10.        -10.        -10.
 -10.        -10.       ]
2026-09-23 17:04:40,404 - RLController - INFO -   Last 8 values: [-10.         -10.         -10.         -10.         -10.
  -0.34933683 -10.         -10.        ]
2026-09-23 17:04:40,404 - RLController - INFO -   Action shape: (136,), min: -10.000000, max: 5.395996, mean: -9.269341
2026-09-23 17:04:40,404 - RLController - INFO -   B0 junction (indices 16-19) raw values: [-10. -10. -10. -10.]
2026-09-23 17:04:40,404 - RLController - INFO - Using CONTINUOUS DURATION-BASED mode
2026-09-23 17:04:40,404 - RLController - INFO -   Example: junction A0 -> durations [51, 13, 13, 13] (total: 90s)
2026-09-23 17:04:40,405 - RLController - INFO -   Example: junction A1 -> durations [24, 22, 22, 22] (total: 90s)
2026-09-23 17:04:40,405 - RLController - INFO -   Example: junction A2 -> durations [12, 12, 54, 12] (total: 90s)
2026-09-23 17:04:40,405 - RLController - INFO -   Example: junction A4 -> durations [60, 10, 10, 10] (total: 90s)
2026-09-23 17:04:40,405 - RLController - INFO -   Example: junction A5 -> durations [24, 22, 22, 22] (total: 90s)
2026-09-23 17:04:40,405 - RLController - INFO -   Example: junction B0 -> durations [24, 22, 22, 22] (total: 90s)
2026-09-23 17:04:40,405 - RLController - INFO -   Example: junction B1 -> durations [24, 22, 22, 22] (total: 90s)
2026-09-23 17:04:40,405 - RLController - INFO -   Example: junction B2 -> durations [24, 22, 22, 22] (total: 90s)
2026-09-23 17:04:40,405 - RLController - INFO -   Example: junction B4 -> durations [24, 22, 22, 22] (total: 90s)
2026-09-23 17:04:40,406 - RLController - INFO -   Example: junction B5 -> durations [60, 10, 10, 10] (total: 90s)
2026-09-23 17:04:40,406 - RLController - INFO -   Example: junction C0 -> durations [22, 22, 24, 22] (total: 90s)
2026-09-23 17:04:40,406 - RLController - INFO -   Example: junction C1 -> durations [24, 22, 22, 22] (total: 90s)
2026-09-23 17:04:40,406 - RLController - INFO -   Example: junction C2 -> durations [57, 13, 10, 10] (total: 90s)
2026-09-23 17:04:40,406 - RLController - INFO -   Example: junction C3 -> durations [60, 10, 10, 10] (total: 90s)
2026-09-23 17:04:40,406 - RLController - INFO -   Example: junction C4 -> durations [57, 11, 11, 11] (total: 90s)
2026-09-23 17:04:40,406 - RLController - INFO -   Example: junction C5 -> durations [57, 11, 11, 11] (total: 90s)
2026-09-23 17:04:40,407 - RLController - INFO -   Example: junction D0 -> durations [24, 22, 22, 22] (total: 90s)
2026-09-23 17:04:40,407 - RLController - INFO -   Example: junction D1 -> durations [21, 21, 27, 21] (total: 90s)
2026-09-23 17:04:40,407 - RLController - INFO -   Example: junction D2 -> durations [45, 15, 15, 15] (total: 90s)
2026-09-23 17:04:40,407 - RLController - INFO -   Example: junction D3 -> durations [24, 22, 22, 22] (total: 90s)
2026-09-23 17:04:40,407 - RLController - INFO -   Example: junction D4 -> durations [24, 22, 22, 22] (total: 90s)
2026-09-23 17:04:40,407 - RLController - INFO -   Example: junction D5 -> durations [13, 13, 51, 13] (total: 90s)
2026-09-23 17:04:40,407 - RLController - INFO -   Example: junction E0 -> durations [24, 22, 22, 22] (total: 90s)
2026-09-23 17:04:40,407 - RLController - INFO -   Example: junction E1 -> durations [24, 22, 22, 22] (total: 90s)
2026-09-23 17:04:40,408 - RLController - INFO -   Stored schedules for 34 junctions, cycle starts at step 7290
2026-09-23 17:04:40,827 - RLController - WARNING - RL environment cleanup failed: 'TrafficControlEnv' object has no attribute 'reward_calculator'
2026-09-23 17:04:41,011 - TrafficSimulator - INFO - Simulation completed successfully!
2026-09-23 17:04:41,013 - TrafficSimulator - INFO - === SIMULATION COMPLETED ===
2026-09-23 17:04:41,013 - TrafficSimulator - INFO - Total simulation steps: 7300
2026-09-23 17:04:41,013 - TrafficSimulator - INFO - Vehicles loaded: 22000
2026-09-23 17:04:41,013 - TrafficSimulator - INFO - Vehicles inserted: 19402
2026-09-23 17:04:41,013 - TrafficSimulator - INFO - Vehicles still running: 2365
2026-09-23 17:04:41,014 - TrafficSimulator - INFO - Vehicles waiting: 2598
2026-09-23 17:04:41,014 - TrafficSimulator - INFO - Vehicles arrived: 17037
2026-09-23 17:04:41,014 - TrafficSimulator - INFO - Completion rate: 77.4%
2026-09-23 17:04:41,014 - TrafficSimulator - INFO - Insertion rate: 88.2%
2026-09-23 17:04:41,014 - TrafficSimulator - INFO - Average duration: 629.6s
2026-09-23 17:04:41,014 - TrafficSimulator - INFO - Average waiting time: 419.7s
2026-09-23 17:04:41,014 - TrafficSimulator - INFO - Average time loss: 511.9s
2026-09-23 17:04:41,014 - TrafficSimulator - INFO - Throughput: 8402 veh/h
2026-09-23 17:04:41,014 - TrafficSimulator - INFO - Trip statistics count: 17037
2026-09-23 17:04:41,014 - TrafficSimulator - INFO - Traffic control method: rl
