run_name: fixed_s06   controller: rl   started: 2026-09-24T09:45:36Z
src: /a/home/cc/tree/taucc/architec/efratbl/sumo-traffic-generator/paper_rl_vs_tm/app/src/__init__.py
python: Python 3.10.2
sumo: Eclipse SUMO sumo 1.25.0
numpy 1.24.4 torch 2.1.2+cpu sb3 2.1.0
model md5: 8b8d9f494260a1a1f6a24b2c4ef25667
sumo seed: 6
plan: results/plans/rl_modal.csv  md5: 95cd745b8429b508a1616c6cdd75e604
2026-09-24 12:45:48,504 - StandardPipeline - INFO - Prepared output directory: /a/home/cc/architec/efratbl/sumo-traffic-generator/paper_rl_vs_tm/results/runs/fixed_s06/workspace
2026-09-24 12:45:48,504 - StandardPipeline - INFO - --- Step 1: Network Generation ---
Success.
2026-09-24 12:45:49,336 - StandardPipeline - INFO - --- Step 2: Zone Generation ---
2026-09-24 12:45:51,567 - StandardPipeline - INFO - --- Step 3: Integrated Edge Splitting with Lane Assignment ---
Post-processing: 108 edges processed, 108 converted to multi-head
2026-09-24 12:46:21,015 - StandardPipeline - INFO - --- Step 4: Network Rebuild ---
2026-09-24 12:46:22,046 - StandardPipeline - INFO - --- Step 5: Edge Attractiveness Assignment ---
2026-09-24 12:48:07,785 - StandardPipeline - INFO - --- Step 6: Vehicle Route Generation ---
2026-09-24 12:48:25,372 - StandardPipeline - INFO - --- Step 7: SUMO Configuration Generation ---
2026-09-24 12:48:25,380 - StandardPipeline - INFO - --- Step 8: Dynamic Simulation ---
2026-09-24 12:48:25,380 - src.orchestration.simulator - INFO - Using TraCI simulator for rl (dynamic control)
2026-09-24 12:48:30,650 - RLController - INFO - PAPER_RL_VS_TM: loaded timing plan /a/home/cc/architec/efratbl/sumo-traffic-generator/paper_rl_vs_tm/results/plans/rl_modal.csv (34 rows)
 Retrying in 1 seconds
2026-09-24 12:48:34,361 - RLController - INFO - Creating RL environment...
[DIM CHECK] network_path='None'
[DIM CHECK] Using existing workspace network: /a/home/cc/architec/efratbl/sumo-traffic-generator/paper_rl_vs_tm/results/runs/fixed_s06/workspace/grid.net.xml
2026-09-24 12:48:34,362 - TrafficControlEnv - INFO - Using existing workspace network: /a/home/cc/architec/efratbl/sumo-traffic-generator/paper_rl_vs_tm/results/runs/fixed_s06/workspace/grid.net.xml
2026-09-24 12:48:34,472 - TrafficControlEnv - INFO - Parsed network dimensions from: /a/home/cc/architec/efratbl/sumo-traffic-generator/paper_rl_vs_tm/results/runs/fixed_s06/workspace/grid.net.xml
2026-09-24 12:48:34,472 - TrafficControlEnv - INFO -   Edges: 468
2026-09-24 12:48:34,472 - TrafficControlEnv - INFO -   Junctions: 34
2026-09-24 12:48:34,473 - RLController - INFO - RL environment created successfully
2026-09-24 12:48:34,473 - RLController - INFO - Observation space: (2882,)
2026-09-24 12:48:34,473 - RLController - INFO - Action space: (136,)
/a/home/cc/tree/taucc/architec/efratbl/sumo-traffic-generator/paper_rl_vs_tm/app/src/rl/controller.py:259: UserWarning: Call to deprecated function getAllProgramLogics, use getCompleteRedYellowGreenDefinition instead.
  complete_def = traci.trafficlight.getCompleteRedYellowGreenDefinition(tl_id)[
2026-09-24 12:48:34,698 - RLController - INFO - DIAGNOSTIC Step 0 - Observation stats:
2026-09-24 12:48:34,698 - RLController - INFO -   Hash: -6165813601164659100, Min: 0.000000, Max: 1.000080, Mean: 0.246374, Std: 0.378330
2026-09-24 12:48:34,698 - RLController - INFO -   First 10: [1.  0.  0.  0.  0.  0.5 1.  0.  0.  0. ]
2026-09-24 12:48:34,699 - RLController - INFO -   Last 10: [0.      0.1875  0.      0.25    0.      0.      0.      1.00008 0.
 0.3    ]
2026-09-24 12:48:34,705 - RLController - INFO - DIAGNOSTIC - Raw model action output:
2026-09-24 12:48:34,705 - RLController - INFO -   Action hash: 8177565498363016348
2026-09-24 12:48:34,705 - RLController - INFO -   First 8 values: [ -4.2462254 -10.         -8.615134  -10.        -10.        -10.
  -9.517142   -9.423127 ]
2026-09-24 12:48:34,706 - RLController - INFO -   Last 8 values: [ -9.937325  -10.         -7.9518666 -10.         -8.441892   -1.202461
  -9.473316  -10.       ]
2026-09-24 12:48:34,706 - RLController - INFO -   Action shape: (136,), min: -10.000000, max: 2.648499, mean: -8.256987
2026-09-24 12:48:34,706 - RLController - INFO -   B0 junction (indices 16-19) raw values: [ -7.3623834  -6.7744145  -7.927693  -10.       ]
2026-09-24 12:48:34,706 - RLController - INFO - Using CONTINUOUS DURATION-BASED mode
2026-09-24 12:48:34,708 - RLController - INFO -   Example: junction A0 -> durations [51, 13, 13, 13] (total: 90s)
2026-09-24 12:48:34,708 - RLController - INFO -   Example: junction A1 -> durations [24, 22, 22, 22] (total: 90s)
2026-09-24 12:48:34,708 - RLController - INFO -   Example: junction A2 -> durations [12, 12, 54, 12] (total: 90s)
2026-09-24 12:48:34,708 - RLController - INFO -   Example: junction A4 -> durations [60, 10, 10, 10] (total: 90s)
2026-09-24 12:48:34,708 - RLController - INFO -   Example: junction A5 -> durations [24, 22, 22, 22] (total: 90s)
2026-09-24 12:48:34,708 - RLController - INFO -   Example: junction B0 -> durations [24, 22, 22, 22] (total: 90s)
2026-09-24 12:48:34,708 - RLController - INFO -   Example: junction B1 -> durations [24, 22, 22, 22] (total: 90s)
2026-09-24 12:48:34,708 - RLController - INFO -   Example: junction B2 -> durations [24, 22, 22, 22] (total: 90s)
2026-09-24 12:48:34,708 - RLController - INFO -   Example: junction B4 -> durations [24, 22, 22, 22] (total: 90s)
2026-09-24 12:48:34,709 - RLController - INFO -   Example: junction B5 -> durations [60, 10, 10, 10] (total: 90s)
2026-09-24 12:48:34,709 - RLController - INFO -   Example: junction C0 -> durations [22, 22, 24, 22] (total: 90s)
2026-09-24 12:48:34,709 - RLController - INFO -   Example: junction C1 -> durations [24, 22, 22, 22] (total: 90s)
2026-09-24 12:48:34,709 - RLController - INFO -   Example: junction C2 -> durations [57, 13, 10, 10] (total: 90s)
2026-09-24 12:48:34,709 - RLController - INFO -   Example: junction C3 -> durations [60, 10, 10, 10] (total: 90s)
2026-09-24 12:48:34,709 - RLController - INFO -   Example: junction C4 -> durations [57, 11, 11, 11] (total: 90s)
2026-09-24 12:48:34,709 - RLController - INFO -   Example: junction C5 -> durations [57, 11, 11, 11] (total: 90s)
2026-09-24 12:48:34,709 - RLController - INFO -   Example: junction D0 -> durations [24, 22, 22, 22] (total: 90s)
2026-09-24 12:48:34,709 - RLController - INFO -   Example: junction D1 -> durations [21, 21, 27, 21] (total: 90s)
2026-09-24 12:48:34,709 - RLController - INFO -   Example: junction D2 -> durations [45, 15, 15, 15] (total: 90s)
2026-09-24 12:48:34,710 - RLController - INFO -   Example: junction D3 -> durations [24, 22, 22, 22] (total: 90s)
2026-09-24 12:48:34,710 - RLController - INFO -   Example: junction D4 -> durations [24, 22, 22, 22] (total: 90s)
2026-09-24 12:48:34,710 - RLController - INFO -   Example: junction D5 -> durations [13, 13, 51, 13] (total: 90s)
2026-09-24 12:48:34,710 - RLController - INFO -   Example: junction E0 -> durations [24, 22, 22, 22] (total: 90s)
2026-09-24 12:48:34,710 - RLController - INFO -   Example: junction E1 -> durations [24, 22, 22, 22] (total: 90s)
2026-09-24 12:48:34,710 - RLController - INFO -   Stored schedules for 34 junctions, cycle starts at step 0
2026-09-24 12:48:35,295 - RLController - INFO - DIAGNOSTIC Step 90 - Observation stats:
2026-09-24 12:48:35,295 - RLController - INFO -   Hash: 7763370539371349647, Min: 0.000000, Max: 1.000000, Mean: 0.295747, Std: 0.403565
2026-09-24 12:48:35,296 - RLController - INFO -   First 10: [1.  0.  0.  0.  0.  0.5 1.  0.  0.  0. ]
2026-09-24 12:48:35,296 - RLController - INFO -   Last 10: [0.0000000e+00 2.0000000e-01 0.0000000e+00 8.3333336e-02 1.4316240e-01
 7.7773951e-04 1.0512820e-02 8.5707700e-01 0.0000000e+00 3.0000001e-01]
2026-09-24 12:48:35,656 - RLController - INFO - DIAGNOSTIC - Raw model action output:
2026-09-24 12:48:35,735 - RLController - INFO -   Action hash: 6408478414012565870
2026-09-24 12:48:35,736 - RLController - INFO -   First 8 values: [ -5.59747 -10.      -10.      -10.      -10.      -10.      -10.
 -10.     ]
2026-09-24 12:48:35,736 - RLController - INFO -   Last 8 values: [-10.        -10.        -10.        -10.        -10.          0.3514326
 -10.        -10.       ]
2026-09-24 12:48:35,736 - RLController - INFO -   Action shape: (136,), min: -10.000000, max: 4.379753, mean: -8.870309
2026-09-24 12:48:35,736 - RLController - INFO -   B0 junction (indices 16-19) raw values: [ -8.632817  -8.834249 -10.       -10.      ]
2026-09-24 12:48:35,736 - RLController - INFO - Using CONTINUOUS DURATION-BASED mode
2026-09-24 12:48:35,737 - RLController - INFO -   Example: junction A0 -> durations [51, 13, 13, 13] (total: 90s)
2026-09-24 12:48:35,737 - RLController - INFO -   Example: junction A1 -> durations [24, 22, 22, 22] (total: 90s)
2026-09-24 12:48:35,737 - RLController - INFO -   Example: junction A2 -> durations [12, 12, 54, 12] (total: 90s)
2026-09-24 12:48:35,737 - RLController - INFO -   Example: junction A4 -> durations [60, 10, 10, 10] (total: 90s)
2026-09-24 12:48:35,737 - RLController - INFO -   Example: junction A5 -> durations [24, 22, 22, 22] (total: 90s)
2026-09-24 12:48:35,737 - RLController - INFO -   Example: junction B0 -> durations [24, 22, 22, 22] (total: 90s)
2026-09-24 12:48:35,737 - RLController - INFO -   Example: junction B1 -> durations [24, 22, 22, 22] (total: 90s)
2026-09-24 12:48:35,737 - RLController - INFO -   Example: junction B2 -> durations [24, 22, 22, 22] (total: 90s)
2026-09-24 12:48:35,737 - RLController - INFO -   Example: junction B4 -> durations [24, 22, 22, 22] (total: 90s)
2026-09-24 12:48:35,737 - RLController - INFO -   Example: junction B5 -> durations [60, 10, 10, 10] (total: 90s)
2026-09-24 12:48:35,738 - RLController - INFO -   Example: junction C0 -> durations [22, 22, 24, 22] (total: 90s)
2026-09-24 12:48:35,738 - RLController - INFO -   Example: junction C1 -> durations [24, 22, 22, 22] (total: 90s)
2026-09-24 12:48:35,738 - RLController - INFO -   Example: junction C2 -> durations [57, 13, 10, 10] (total: 90s)
2026-09-24 12:48:35,738 - RLController - INFO -   Example: junction C3 -> durations [60, 10, 10, 10] (total: 90s)
2026-09-24 12:48:35,738 - RLController - INFO -   Example: junction C4 -> durations [57, 11, 11, 11] (total: 90s)
2026-09-24 12:48:35,738 - RLController - INFO -   Example: junction C5 -> durations [57, 11, 11, 11] (total: 90s)
2026-09-24 12:48:35,738 - RLController - INFO -   Example: junction D0 -> durations [24, 22, 22, 22] (total: 90s)
2026-09-24 12:48:35,738 - RLController - INFO -   Example: junction D1 -> durations [21, 21, 27, 21] (total: 90s)
2026-09-24 12:48:35,738 - RLController - INFO -   Example: junction D2 -> durations [45, 15, 15, 15] (total: 90s)
2026-09-24 12:48:35,738 - RLController - INFO -   Example: junction D3 -> durations [24, 22, 22, 22] (total: 90s)
2026-09-24 12:48:35,739 - RLController - INFO -   Example: junction D4 -> durations [24, 22, 22, 22] (total: 90s)
2026-09-24 12:48:35,739 - RLController - INFO -   Example: junction D5 -> durations [13, 13, 51, 13] (total: 90s)
2026-09-24 12:48:35,739 - RLController - INFO -   Example: junction E0 -> durations [24, 22, 22, 22] (total: 90s)
2026-09-24 12:48:35,739 - RLController - INFO -   Example: junction E1 -> durations [24, 22, 22, 22] (total: 90s)
2026-09-24 12:48:35,739 - RLController - INFO -   Stored schedules for 34 junctions, cycle starts at step 90
2026-09-24 12:48:36,459 - RLController - INFO - DIAGNOSTIC Step 180 - Observation stats:
2026-09-24 12:48:36,460 - RLController - INFO -   Hash: -2391108039576574488, Min: 0.000000, Max: 1.000000, Mean: 0.324700, Std: 0.417815
2026-09-24 12:48:36,460 - RLController - INFO -   First 10: [1.  0.  0.  0.  0.  0.5 1.  0.  0.  0. ]
2026-09-24 12:48:36,460 - RLController - INFO -   Last 10: [0.         0.2        0.         0.08333334 0.21367522 0.00121132
 0.01905983 0.78304726 0.         0.3       ]
2026-09-24 12:48:36,464 - RLController - INFO - DIAGNOSTIC - Raw model action output:
2026-09-24 12:48:36,464 - RLController - INFO -   Action hash: 1662137641405779074
2026-09-24 12:48:36,465 - RLController - INFO -   First 8 values: [ -5.83328 -10.      -10.      -10.      -10.      -10.      -10.
 -10.     ]
2026-09-24 12:48:36,465 - RLController - INFO -   Last 8 values: [-10.         -10.         -10.         -10.         -10.
   0.11460929 -10.         -10.        ]
2026-09-24 12:48:36,465 - RLController - INFO -   Action shape: (136,), min: -10.000000, max: 5.202919, mean: -9.083337
2026-09-24 12:48:36,465 - RLController - INFO -   B0 junction (indices 16-19) raw values: [ -8.862249 -10.       -10.       -10.      ]
2026-09-24 12:48:36,465 - RLController - INFO - Using CONTINUOUS DURATION-BASED mode
2026-09-24 12:48:36,465 - RLController - INFO -   Example: junction A0 -> durations [51, 13, 13, 13] (total: 90s)
2026-09-24 12:48:36,465 - RLController - INFO -   Example: junction A1 -> durations [24, 22, 22, 22] (total: 90s)
2026-09-24 12:48:36,465 - RLController - INFO -   Example: junction A2 -> durations [12, 12, 54, 12] (total: 90s)
2026-09-24 12:48:36,466 - RLController - INFO -   Example: junction A4 -> durations [60, 10, 10, 10] (total: 90s)
2026-09-24 12:48:36,466 - RLController - INFO -   Example: junction A5 -> durations [24, 22, 22, 22] (total: 90s)
2026-09-24 12:48:36,466 - RLController - INFO -   Example: junction B0 -> durations [24, 22, 22, 22] (total: 90s)
2026-09-24 12:48:36,466 - RLController - INFO -   Example: junction B1 -> durations [24, 22, 22, 22] (total: 90s)
2026-09-24 12:48:36,466 - RLController - INFO -   Example: junction B2 -> durations [24, 22, 22, 22] (total: 90s)
2026-09-24 12:48:36,466 - RLController - INFO -   Example: junction B4 -> durations [24, 22, 22, 22] (total: 90s)
2026-09-24 12:48:36,466 - RLController - INFO -   Example: junction B5 -> durations [60, 10, 10, 10] (total: 90s)
2026-09-24 12:48:36,466 - RLController - INFO -   Example: junction C0 -> durations [22, 22, 24, 22] (total: 90s)
2026-09-24 12:48:36,466 - RLController - INFO -   Example: junction C1 -> durations [24, 22, 22, 22] (total: 90s)
2026-09-24 12:48:36,467 - RLController - INFO -   Example: junction C2 -> durations [57, 13, 10, 10] (total: 90s)
2026-09-24 12:48:36,467 - RLController - INFO -   Example: junction C3 -> durations [60, 10, 10, 10] (total: 90s)
2026-09-24 12:48:36,467 - RLController - INFO -   Example: junction C4 -> durations [57, 11, 11, 11] (total: 90s)
2026-09-24 12:48:36,467 - RLController - INFO -   Example: junction C5 -> durations [57, 11, 11, 11] (total: 90s)
2026-09-24 12:48:36,467 - RLController - INFO -   Example: junction D0 -> durations [24, 22, 22, 22] (total: 90s)
2026-09-24 12:48:36,467 - RLController - INFO -   Example: junction D1 -> durations [21, 21, 27, 21] (total: 90s)
2026-09-24 12:48:36,467 - RLController - INFO -   Example: junction D2 -> durations [45, 15, 15, 15] (total: 90s)
2026-09-24 12:48:36,468 - RLController - INFO -   Example: junction D3 -> durations [24, 22, 22, 22] (total: 90s)
2026-09-24 12:48:36,468 - RLController - INFO -   Example: junction D4 -> durations [24, 22, 22, 22] (total: 90s)
2026-09-24 12:48:36,468 - RLController - INFO -   Example: junction D5 -> durations [13, 13, 51, 13] (total: 90s)
2026-09-24 12:48:36,468 - RLController - INFO -   Example: junction E0 -> durations [24, 22, 22, 22] (total: 90s)
2026-09-24 12:48:36,468 - RLController - INFO -   Example: junction E1 -> durations [24, 22, 22, 22] (total: 90s)
2026-09-24 12:48:36,468 - RLController - INFO -   Stored schedules for 34 junctions, cycle starts at step 180
2026-09-24 12:48:37,460 - RLController - INFO - DIAGNOSTIC Step 270 - Observation stats:
2026-09-24 12:48:37,460 - RLController - INFO -   Hash: -5792493020729158288, Min: 0.000000, Max: 1.000000, Mean: 0.345163, Std: 0.426638
2026-09-24 12:48:37,460 - RLController - INFO -   First 10: [1.  0.  0.  0.  0.  0.5 1.  0.  0.  0. ]
2026-09-24 12:48:37,461 - RLController - INFO -   Last 10: [0.         0.2        0.         0.08333334 0.27136752 0.00153824
 0.0257265  0.73301363 0.         0.3       ]
2026-09-24 12:48:37,464 - RLController - INFO - DIAGNOSTIC - Raw model action output:
2026-09-24 12:48:37,464 - RLController - INFO -   Action hash: 8684456033128437157
2026-09-24 12:48:37,465 - RLController - INFO -   First 8 values: [ -6.4282126 -10.        -10.        -10.        -10.        -10.
 -10.        -10.       ]
2026-09-24 12:48:37,465 - RLController - INFO -   Last 8 values: [-10.        -10.        -10.        -10.        -10.          0.6825803
 -10.        -10.       ]
2026-09-24 12:48:37,465 - RLController - INFO -   Action shape: (136,), min: -10.000000, max: 5.388391, mean: -9.159943
2026-09-24 12:48:37,465 - RLController - INFO -   B0 junction (indices 16-19) raw values: [ -9.242786 -10.       -10.       -10.      ]
2026-09-24 12:48:37,465 - RLController - INFO - Using CONTINUOUS DURATION-BASED mode
2026-09-24 12:48:37,465 - RLController - INFO -   Example: junction A0 -> durations [51, 13, 13, 13] (total: 90s)
2026-09-24 12:48:37,466 - RLController - INFO -   Example: junction A1 -> durations [24, 22, 22, 22] (total: 90s)
2026-09-24 12:48:37,466 - RLController - INFO -   Example: junction A2 -> durations [12, 12, 54, 12] (total: 90s)
2026-09-24 12:48:37,466 - RLController - INFO -   Example: junction A4 -> durations [60, 10, 10, 10] (total: 90s)
2026-09-24 12:48:37,466 - RLController - INFO -   Example: junction A5 -> durations [24, 22, 22, 22] (total: 90s)
2026-09-24 12:48:37,466 - RLController - INFO -   Example: junction B0 -> durations [24, 22, 22, 22] (total: 90s)
2026-09-24 12:48:37,466 - RLController - INFO -   Example: junction B1 -> durations [24, 22, 22, 22] (total: 90s)
2026-09-24 12:48:37,466 - RLController - INFO -   Example: junction B2 -> durations [24, 22, 22, 22] (total: 90s)
2026-09-24 12:48:37,466 - RLController - INFO -   Example: junction B4 -> durations [24, 22, 22, 22] (total: 90s)
2026-09-24 12:48:37,466 - RLController - INFO -   Example: junction B5 -> durations [60, 10, 10, 10] (total: 90s)
2026-09-24 12:48:37,466 - RLController - INFO -   Example: junction C0 -> durations [22, 22, 24, 22] (total: 90s)
2026-09-24 12:48:37,467 - RLController - INFO -   Example: junction C1 -> durations [24, 22, 22, 22] (total: 90s)
2026-09-24 12:48:37,467 - RLController - INFO -   Example: junction C2 -> durations [57, 13, 10, 10] (total: 90s)
2026-09-24 12:48:37,467 - RLController - INFO -   Example: junction C3 -> durations [60, 10, 10, 10] (total: 90s)
2026-09-24 12:48:37,467 - RLController - INFO -   Example: junction C4 -> durations [57, 11, 11, 11] (total: 90s)
2026-09-24 12:48:37,467 - RLController - INFO -   Example: junction C5 -> durations [57, 11, 11, 11] (total: 90s)
2026-09-24 12:48:37,467 - RLController - INFO -   Example: junction D0 -> durations [24, 22, 22, 22] (total: 90s)
2026-09-24 12:48:37,467 - RLController - INFO -   Example: junction D1 -> durations [21, 21, 27, 21] (total: 90s)
2026-09-24 12:48:37,467 - RLController - INFO -   Example: junction D2 -> durations [45, 15, 15, 15] (total: 90s)
2026-09-24 12:48:37,467 - RLController - INFO -   Example: junction D3 -> durations [24, 22, 22, 22] (total: 90s)
2026-09-24 12:48:37,467 - RLController - INFO -   Example: junction D4 -> durations [24, 22, 22, 22] (total: 90s)
2026-09-24 12:48:37,468 - RLController - INFO -   Example: junction D5 -> durations [13, 13, 51, 13] (total: 90s)
2026-09-24 12:48:37,468 - RLController - INFO -   Example: junction E0 -> durations [24, 22, 22, 22] (total: 90s)
2026-09-24 12:48:37,468 - RLController - INFO -   Example: junction E1 -> durations [24, 22, 22, 22] (total: 90s)
2026-09-24 12:48:37,468 - RLController - INFO -   Stored schedules for 34 junctions, cycle starts at step 270
2026-09-24 12:48:38,444 - RLController - INFO - DIAGNOSTIC Step 360 - Observation stats:
2026-09-24 12:48:38,445 - RLController - INFO -   Hash: 684305402163131685, Min: 0.000000, Max: 1.000000, Mean: 0.355207, Std: 0.431940
2026-09-24 12:48:38,445 - RLController - INFO -   First 10: [1.  0.  0.  0.  0.  0.5 1.  0.  0.  0. ]
2026-09-24 12:48:38,445 - RLController - INFO -   Last 10: [0.         0.2        0.         0.08333334 0.28418803 0.00126784
 0.02970085 0.71424085 0.         0.3       ]
2026-09-24 12:48:38,450 - RLController - INFO - DIAGNOSTIC - Raw model action output:
2026-09-24 12:48:38,450 - RLController - INFO -   Action hash: -3611172302575508179
2026-09-24 12:48:38,450 - RLController - INFO -   First 8 values: [ -6.540189 -10.       -10.       -10.       -10.       -10.
 -10.       -10.      ]
2026-09-24 12:48:38,450 - RLController - INFO -   Last 8 values: [-10.        -10.        -10.        -10.        -10.          1.5973766
 -10.        -10.       ]
2026-09-24 12:48:38,450 - RLController - INFO -   Action shape: (136,), min: -10.000000, max: 5.594593, mean: -9.191937
2026-09-24 12:48:38,450 - RLController - INFO -   B0 junction (indices 16-19) raw values: [ -9.513461 -10.       -10.       -10.      ]
2026-09-24 12:48:38,451 - RLController - INFO - Using CONTINUOUS DURATION-BASED mode
2026-09-24 12:48:38,451 - RLController - INFO -   Example: junction A0 -> durations [51, 13, 13, 13] (total: 90s)
2026-09-24 12:48:38,451 - RLController - INFO -   Example: junction A1 -> durations [24, 22, 22, 22] (total: 90s)
2026-09-24 12:48:38,451 - RLController - INFO -   Example: junction A2 -> durations [12, 12, 54, 12] (total: 90s)
2026-09-24 12:48:38,451 - RLController - INFO -   Example: junction A4 -> durations [60, 10, 10, 10] (total: 90s)
2026-09-24 12:48:38,451 - RLController - INFO -   Example: junction A5 -> durations [24, 22, 22, 22] (total: 90s)
2026-09-24 12:48:38,451 - RLController - INFO -   Example: junction B0 -> durations [24, 22, 22, 22] (total: 90s)
2026-09-24 12:48:38,451 - RLController - INFO -   Example: junction B1 -> durations [24, 22, 22, 22] (total: 90s)
2026-09-24 12:48:38,451 - RLController - INFO -   Example: junction B2 -> durations [24, 22, 22, 22] (total: 90s)
2026-09-24 12:48:38,451 - RLController - INFO -   Example: junction B4 -> durations [24, 22, 22, 22] (total: 90s)
2026-09-24 12:48:38,452 - RLController - INFO -   Example: junction B5 -> durations [60, 10, 10, 10] (total: 90s)
2026-09-24 12:48:38,452 - RLController - INFO -   Example: junction C0 -> durations [22, 22, 24, 22] (total: 90s)
2026-09-24 12:48:38,452 - RLController - INFO -   Example: junction C1 -> durations [24, 22, 22, 22] (total: 90s)
2026-09-24 12:48:38,452 - RLController - INFO -   Example: junction C2 -> durations [57, 13, 10, 10] (total: 90s)
2026-09-24 12:48:38,452 - RLController - INFO -   Example: junction C3 -> durations [60, 10, 10, 10] (total: 90s)
2026-09-24 12:48:38,452 - RLController - INFO -   Example: junction C4 -> durations [57, 11, 11, 11] (total: 90s)
2026-09-24 12:48:38,452 - RLController - INFO -   Example: junction C5 -> durations [57, 11, 11, 11] (total: 90s)
2026-09-24 12:48:38,452 - RLController - INFO -   Example: junction D0 -> durations [24, 22, 22, 22] (total: 90s)
2026-09-24 12:48:38,452 - RLController - INFO -   Example: junction D1 -> durations [21, 21, 27, 21] (total: 90s)
2026-09-24 12:48:38,452 - RLController - INFO -   Example: junction D2 -> durations [45, 15, 15, 15] (total: 90s)
2026-09-24 12:48:38,453 - RLController - INFO -   Example: junction D3 -> durations [24, 22, 22, 22] (total: 90s)
2026-09-24 12:48:38,453 - RLController - INFO -   Example: junction D4 -> durations [24, 22, 22, 22] (total: 90s)
2026-09-24 12:48:38,453 - RLController - INFO -   Example: junction D5 -> durations [13, 13, 51, 13] (total: 90s)
2026-09-24 12:48:38,453 - RLController - INFO -   Example: junction E0 -> durations [24, 22, 22, 22] (total: 90s)
2026-09-24 12:48:38,453 - RLController - INFO -   Example: junction E1 -> durations [24, 22, 22, 22] (total: 90s)
2026-09-24 12:48:38,454 - RLController - INFO -   Stored schedules for 34 junctions, cycle starts at step 360
2026-09-24 12:48:39,673 - RLController - INFO - DIAGNOSTIC Step 450 - Observation stats:
2026-09-24 12:48:39,674 - RLController - INFO -   Hash: -6922114868629265900, Min: 0.000000, Max: 1.000000, Mean: 0.358867, Std: 0.432144
2026-09-24 12:48:39,674 - RLController - INFO -   First 10: [1.  0.  0.  0.  0.  0.5 1.  0.  0.  0. ]
2026-09-24 12:48:39,674 - RLController - INFO -   Last 10: [0.         0.2        0.         0.08333334 0.28418803 0.00189079
 0.03200855 0.7218644  0.         0.3       ]
2026-09-24 12:48:39,678 - RLController - INFO - DIAGNOSTIC - Raw model action output:
2026-09-24 12:48:39,678 - RLController - INFO -   Action hash: 8427347177468577102
2026-09-24 12:48:39,678 - RLController - INFO -   First 8 values: [ -6.794724 -10.       -10.       -10.       -10.       -10.
 -10.       -10.      ]
2026-09-24 12:48:39,679 - RLController - INFO -   Last 8 values: [-10.        -10.        -10.        -10.        -10.          0.9051278
 -10.        -10.       ]
2026-09-24 12:48:39,679 - RLController - INFO -   Action shape: (136,), min: -10.000000, max: 5.331823, mean: -9.215742
2026-09-24 12:48:39,679 - RLController - INFO -   B0 junction (indices 16-19) raw values: [ -9.477053 -10.       -10.       -10.      ]
2026-09-24 12:48:39,679 - RLController - INFO - Using CONTINUOUS DURATION-BASED mode
2026-09-24 12:48:39,680 - RLController - INFO -   Example: junction A0 -> durations [51, 13, 13, 13] (total: 90s)
2026-09-24 12:48:39,680 - RLController - INFO -   Example: junction A1 -> durations [24, 22, 22, 22] (total: 90s)
2026-09-24 12:48:39,680 - RLController - INFO -   Example: junction A2 -> durations [12, 12, 54, 12] (total: 90s)
2026-09-24 12:48:39,680 - RLController - INFO -   Example: junction A4 -> durations [60, 10, 10, 10] (total: 90s)
2026-09-24 12:48:39,681 - RLController - INFO -   Example: junction A5 -> durations [24, 22, 22, 22] (total: 90s)
2026-09-24 12:48:39,681 - RLController - INFO -   Example: junction B0 -> durations [24, 22, 22, 22] (total: 90s)
2026-09-24 12:48:39,681 - RLController - INFO -   Example: junction B1 -> durations [24, 22, 22, 22] (total: 90s)
2026-09-24 12:48:39,681 - RLController - INFO -   Example: junction B2 -> durations [24, 22, 22, 22] (total: 90s)
2026-09-24 12:48:39,682 - RLController - INFO -   Example: junction B4 -> durations [24, 22, 22, 22] (total: 90s)
2026-09-24 12:48:39,682 - RLController - INFO -   Example: junction B5 -> durations [60, 10, 10, 10] (total: 90s)
2026-09-24 12:48:39,682 - RLController - INFO -   Example: junction C0 -> durations [22, 22, 24, 22] (total: 90s)
2026-09-24 12:48:39,682 - RLController - INFO -   Example: junction C1 -> durations [24, 22, 22, 22] (total: 90s)
2026-09-24 12:48:39,682 - RLController - INFO -   Example: junction C2 -> durations [57, 13, 10, 10] (total: 90s)
2026-09-24 12:48:39,683 - RLController - INFO -   Example: junction C3 -> durations [60, 10, 10, 10] (total: 90s)
2026-09-24 12:48:39,683 - RLController - INFO -   Example: junction C4 -> durations [57, 11, 11, 11] (total: 90s)
2026-09-24 12:48:39,683 - RLController - INFO -   Example: junction C5 -> durations [57, 11, 11, 11] (total: 90s)
2026-09-24 12:48:39,683 - RLController - INFO -   Example: junction D0 -> durations [24, 22, 22, 22] (total: 90s)
2026-09-24 12:48:39,684 - RLController - INFO -   Example: junction D1 -> durations [21, 21, 27, 21] (total: 90s)
2026-09-24 12:48:39,684 - RLController - INFO -   Example: junction D2 -> durations [45, 15, 15, 15] (total: 90s)
2026-09-24 12:48:39,685 - RLController - INFO -   Example: junction D3 -> durations [24, 22, 22, 22] (total: 90s)
2026-09-24 12:48:39,685 - RLController - INFO -   Example: junction D4 -> durations [24, 22, 22, 22] (total: 90s)
2026-09-24 12:48:39,685 - RLController - INFO -   Example: junction D5 -> durations [13, 13, 51, 13] (total: 90s)
2026-09-24 12:48:39,685 - RLController - INFO -   Example: junction E0 -> durations [24, 22, 22, 22] (total: 90s)
2026-09-24 12:48:39,685 - RLController - INFO -   Example: junction E1 -> durations [24, 22, 22, 22] (total: 90s)
2026-09-24 12:48:39,686 - RLController - INFO -   Stored schedules for 34 junctions, cycle starts at step 450
2026-09-24 12:48:41,149 - RLController - INFO - DIAGNOSTIC Step 540 - Observation stats:
2026-09-24 12:48:41,149 - RLController - INFO -   Hash: 1401947184600721246, Min: 0.000000, Max: 1.000000, Mean: 0.365322, Std: 0.434096
2026-09-24 12:48:41,150 - RLController - INFO -   First 10: [1.  0.  0.  0.  0.  0.5 1.  0.  0.  0. ]
2026-09-24 12:48:41,150 - RLController - INFO -   Last 10: [0.         0.2        0.         0.08333334 0.30769232 0.00183707
 0.03504274 0.6942986  0.         0.3       ]
2026-09-24 12:48:41,156 - RLController - INFO - DIAGNOSTIC - Raw model action output:
2026-09-24 12:48:41,156 - RLController - INFO -   Action hash: 6842020255118118528
2026-09-24 12:48:41,156 - RLController - INFO -   First 8 values: [ -6.8935857 -10.        -10.        -10.        -10.        -10.
 -10.        -10.       ]
2026-09-24 12:48:41,157 - RLController - INFO -   Last 8 values: [-10.         -10.         -10.         -10.         -10.
   0.04999499 -10.         -10.        ]
2026-09-24 12:48:41,157 - RLController - INFO -   Action shape: (136,), min: -10.000000, max: 5.121684, mean: -9.216998
2026-09-24 12:48:41,157 - RLController - INFO -   B0 junction (indices 16-19) raw values: [ -9.618685 -10.       -10.       -10.      ]
2026-09-24 12:48:41,158 - RLController - INFO - Using CONTINUOUS DURATION-BASED mode
2026-09-24 12:48:41,158 - RLController - INFO -   Example: junction A0 -> durations [51, 13, 13, 13] (total: 90s)
2026-09-24 12:48:41,158 - RLController - INFO -   Example: junction A1 -> durations [24, 22, 22, 22] (total: 90s)
2026-09-24 12:48:41,158 - RLController - INFO -   Example: junction A2 -> durations [12, 12, 54, 12] (total: 90s)
2026-09-24 12:48:41,159 - RLController - INFO -   Example: junction A4 -> durations [60, 10, 10, 10] (total: 90s)
2026-09-24 12:48:41,159 - RLController - INFO -   Example: junction A5 -> durations [24, 22, 22, 22] (total: 90s)
2026-09-24 12:48:41,159 - RLController - INFO -   Example: junction B0 -> durations [24, 22, 22, 22] (total: 90s)
2026-09-24 12:48:41,159 - RLController - INFO -   Example: junction B1 -> durations [24, 22, 22, 22] (total: 90s)
2026-09-24 12:48:41,160 - RLController - INFO -   Example: junction B2 -> durations [24, 22, 22, 22] (total: 90s)
2026-09-24 12:48:41,160 - RLController - INFO -   Example: junction B4 -> durations [24, 22, 22, 22] (total: 90s)
2026-09-24 12:48:41,160 - RLController - INFO -   Example: junction B5 -> durations [60, 10, 10, 10] (total: 90s)
2026-09-24 12:48:41,160 - RLController - INFO -   Example: junction C0 -> durations [22, 22, 24, 22] (total: 90s)
2026-09-24 12:48:41,160 - RLController - INFO -   Example: junction C1 -> durations [24, 22, 22, 22] (total: 90s)
2026-09-24 12:48:41,160 - RLController - INFO -   Example: junction C2 -> durations [57, 13, 10, 10] (total: 90s)
2026-09-24 12:48:41,160 - RLController - INFO -   Example: junction C3 -> durations [60, 10, 10, 10] (total: 90s)
2026-09-24 12:48:41,161 - RLController - INFO -   Example: junction C4 -> durations [57, 11, 11, 11] (total: 90s)
2026-09-24 12:48:41,161 - RLController - INFO -   Example: junction C5 -> durations [57, 11, 11, 11] (total: 90s)
2026-09-24 12:48:41,161 - RLController - INFO -   Example: junction D0 -> durations [24, 22, 22, 22] (total: 90s)
2026-09-24 12:48:41,161 - RLController - INFO -   Example: junction D1 -> durations [21, 21, 27, 21] (total: 90s)
2026-09-24 12:48:41,161 - RLController - INFO -   Example: junction D2 -> durations [45, 15, 15, 15] (total: 90s)
2026-09-24 12:48:41,161 - RLController - INFO -   Example: junction D3 -> durations [24, 22, 22, 22] (total: 90s)
2026-09-24 12:48:41,161 - RLController - INFO -   Example: junction D4 -> durations [24, 22, 22, 22] (total: 90s)
2026-09-24 12:48:41,162 - RLController - INFO -   Example: junction D5 -> durations [13, 13, 51, 13] (total: 90s)
2026-09-24 12:48:41,162 - RLController - INFO -   Example: junction E0 -> durations [24, 22, 22, 22] (total: 90s)
2026-09-24 12:48:41,162 - RLController - INFO -   Example: junction E1 -> durations [24, 22, 22, 22] (total: 90s)
2026-09-24 12:48:41,163 - RLController - INFO -   Stored schedules for 34 junctions, cycle starts at step 540
2026-09-24 12:48:42,798 - RLController - INFO - DIAGNOSTIC Step 630 - Observation stats:
2026-09-24 12:48:42,799 - RLController - INFO -   Hash: -2427335231054531148, Min: 0.000000, Max: 1.000000, Mean: 0.376442, Std: 0.440157
2026-09-24 12:48:42,799 - RLController - INFO -   First 10: [1.  0.  0.  0.  0.  0.5 1.  0.  0.  0. ]
2026-09-24 12:48:42,800 - RLController - INFO -   Last 10: [0.         0.2        0.         0.08333334 0.33760685 0.00152423
 0.03833333 0.664097   0.         0.3       ]
2026-09-24 12:48:42,803 - RLController - INFO - DIAGNOSTIC - Raw model action output:
2026-09-24 12:48:42,803 - RLController - INFO -   Action hash: 4962664955193059017
2026-09-24 12:48:42,804 - RLController - INFO -   First 8 values: [ -7.3089623 -10.        -10.        -10.        -10.        -10.
 -10.        -10.       ]
2026-09-24 12:48:42,805 - RLController - INFO -   Last 8 values: [-10.         -10.         -10.         -10.         -10.
   0.45731285 -10.         -10.        ]
2026-09-24 12:48:42,805 - RLController - INFO -   Action shape: (136,), min: -10.000000, max: 5.323977, mean: -9.240112
2026-09-24 12:48:42,805 - RLController - INFO -   B0 junction (indices 16-19) raw values: [ -9.573045 -10.       -10.       -10.      ]
2026-09-24 12:48:42,805 - RLController - INFO - Using CONTINUOUS DURATION-BASED mode
2026-09-24 12:48:42,805 - RLController - INFO -   Example: junction A0 -> durations [51, 13, 13, 13] (total: 90s)
2026-09-24 12:48:42,805 - RLController - INFO -   Example: junction A1 -> durations [24, 22, 22, 22] (total: 90s)
2026-09-24 12:48:42,806 - RLController - INFO -   Example: junction A2 -> durations [12, 12, 54, 12] (total: 90s)
2026-09-24 12:48:42,806 - RLController - INFO -   Example: junction A4 -> durations [60, 10, 10, 10] (total: 90s)
2026-09-24 12:48:42,806 - RLController - INFO -   Example: junction A5 -> durations [24, 22, 22, 22] (total: 90s)
2026-09-24 12:48:42,806 - RLController - INFO -   Example: junction B0 -> durations [24, 22, 22, 22] (total: 90s)
2026-09-24 12:48:42,806 - RLController - INFO -   Example: junction B1 -> durations [24, 22, 22, 22] (total: 90s)
2026-09-24 12:48:42,806 - RLController - INFO -   Example: junction B2 -> durations [24, 22, 22, 22] (total: 90s)
2026-09-24 12:48:42,806 - RLController - INFO -   Example: junction B4 -> durations [24, 22, 22, 22] (total: 90s)
2026-09-24 12:48:42,807 - RLController - INFO -   Example: junction B5 -> durations [60, 10, 10, 10] (total: 90s)
2026-09-24 12:48:42,807 - RLController - INFO -   Example: junction C0 -> durations [22, 22, 24, 22] (total: 90s)
2026-09-24 12:48:42,807 - RLController - INFO -   Example: junction C1 -> durations [24, 22, 22, 22] (total: 90s)
2026-09-24 12:48:42,807 - RLController - INFO -   Example: junction C2 -> durations [57, 13, 10, 10] (total: 90s)
2026-09-24 12:48:42,807 - RLController - INFO -   Example: junction C3 -> durations [60, 10, 10, 10] (total: 90s)
2026-09-24 12:48:42,807 - RLController - INFO -   Example: junction C4 -> durations [57, 11, 11, 11] (total: 90s)
2026-09-24 12:48:42,807 - RLController - INFO -   Example: junction C5 -> durations [57, 11, 11, 11] (total: 90s)
2026-09-24 12:48:42,808 - RLController - INFO -   Example: junction D0 -> durations [24, 22, 22, 22] (total: 90s)
2026-09-24 12:48:42,808 - RLController - INFO -   Example: junction D1 -> durations [21, 21, 27, 21] (total: 90s)
2026-09-24 12:48:42,808 - RLController - INFO -   Example: junction D2 -> durations [45, 15, 15, 15] (total: 90s)
2026-09-24 12:48:42,808 - RLController - INFO -   Example: junction D3 -> durations [24, 22, 22, 22] (total: 90s)
2026-09-24 12:48:42,808 - RLController - INFO -   Example: junction D4 -> durations [24, 22, 22, 22] (total: 90s)
2026-09-24 12:48:42,808 - RLController - INFO -   Example: junction D5 -> durations [13, 13, 51, 13] (total: 90s)
2026-09-24 12:48:42,808 - RLController - INFO -   Example: junction E0 -> durations [24, 22, 22, 22] (total: 90s)
2026-09-24 12:48:42,809 - RLController - INFO -   Example: junction E1 -> durations [24, 22, 22, 22] (total: 90s)
2026-09-24 12:48:42,809 - RLController - INFO -   Stored schedules for 34 junctions, cycle starts at step 630
2026-09-24 12:48:44,547 - RLController - INFO - DIAGNOSTIC Step 720 - Observation stats:
2026-09-24 12:48:44,547 - RLController - INFO -   Hash: -4104810043510098413, Min: 0.000000, Max: 1.000000, Mean: 0.369395, Std: 0.437311
2026-09-24 12:48:44,547 - RLController - INFO -   First 10: [1.  0.  0.  0.  0.  0.5 1.  0.  0.  0. ]
2026-09-24 12:48:44,548 - RLController - INFO -   Last 10: [0.         0.2        0.         0.08333334 0.32905984 0.0025946
 0.03944444 0.68072945 0.         0.3       ]
2026-09-24 12:48:44,552 - RLController - INFO - DIAGNOSTIC - Raw model action output:
2026-09-24 12:48:44,552 - RLController - INFO -   Action hash: 7668265220314313869
2026-09-24 12:48:44,552 - RLController - INFO -   First 8 values: [ -6.5038705 -10.        -10.        -10.        -10.        -10.
 -10.        -10.       ]
2026-09-24 12:48:44,552 - RLController - INFO -   Last 8 values: [-10.         -10.         -10.         -10.         -10.
   0.39914206 -10.         -10.        ]
2026-09-24 12:48:44,552 - RLController - INFO -   Action shape: (136,), min: -10.000000, max: 5.613957, mean: -9.168245
2026-09-24 12:48:44,553 - RLController - INFO -   B0 junction (indices 16-19) raw values: [ -9.527757 -10.       -10.       -10.      ]
2026-09-24 12:48:44,553 - RLController - INFO - Using CONTINUOUS DURATION-BASED mode
2026-09-24 12:48:44,553 - RLController - INFO -   Example: junction A0 -> durations [51, 13, 13, 13] (total: 90s)
2026-09-24 12:48:44,553 - RLController - INFO -   Example: junction A1 -> durations [24, 22, 22, 22] (total: 90s)
2026-09-24 12:48:44,553 - RLController - INFO -   Example: junction A2 -> durations [12, 12, 54, 12] (total: 90s)
2026-09-24 12:48:44,553 - RLController - INFO -   Example: junction A4 -> durations [60, 10, 10, 10] (total: 90s)
2026-09-24 12:48:44,553 - RLController - INFO -   Example: junction A5 -> durations [24, 22, 22, 22] (total: 90s)
2026-09-24 12:48:44,554 - RLController - INFO -   Example: junction B0 -> durations [24, 22, 22, 22] (total: 90s)
2026-09-24 12:48:44,554 - RLController - INFO -   Example: junction B1 -> durations [24, 22, 22, 22] (total: 90s)
2026-09-24 12:48:44,554 - RLController - INFO -   Example: junction B2 -> durations [24, 22, 22, 22] (total: 90s)
2026-09-24 12:48:44,554 - RLController - INFO -   Example: junction B4 -> durations [24, 22, 22, 22] (total: 90s)
2026-09-24 12:48:44,554 - RLController - INFO -   Example: junction B5 -> durations [60, 10, 10, 10] (total: 90s)
2026-09-24 12:48:44,554 - RLController - INFO -   Example: junction C0 -> durations [22, 22, 24, 22] (total: 90s)
2026-09-24 12:48:44,554 - RLController - INFO -   Example: junction C1 -> durations [24, 22, 22, 22] (total: 90s)
2026-09-24 12:48:44,555 - RLController - INFO -   Example: junction C2 -> durations [57, 13, 10, 10] (total: 90s)
2026-09-24 12:48:44,555 - RLController - INFO -   Example: junction C3 -> durations [60, 10, 10, 10] (total: 90s)
2026-09-24 12:48:44,555 - RLController - INFO -   Example: junction C4 -> durations [57, 11, 11, 11] (total: 90s)
2026-09-24 12:48:44,555 - RLController - INFO -   Example: junction C5 -> durations [57, 11, 11, 11] (total: 90s)
2026-09-24 12:48:44,555 - RLController - INFO -   Example: junction D0 -> durations [24, 22, 22, 22] (total: 90s)
2026-09-24 12:48:44,555 - RLController - INFO -   Example: junction D1 -> durations [21, 21, 27, 21] (total: 90s)
2026-09-24 12:48:44,555 - RLController - INFO -   Example: junction D2 -> durations [45, 15, 15, 15] (total: 90s)
2026-09-24 12:48:44,556 - RLController - INFO -   Example: junction D3 -> durations [24, 22, 22, 22] (total: 90s)
2026-09-24 12:48:44,556 - RLController - INFO -   Example: junction D4 -> durations [24, 22, 22, 22] (total: 90s)
2026-09-24 12:48:44,556 - RLController - INFO -   Example: junction D5 -> durations [13, 13, 51, 13] (total: 90s)
2026-09-24 12:48:44,556 - RLController - INFO -   Example: junction E0 -> durations [24, 22, 22, 22] (total: 90s)
2026-09-24 12:48:44,556 - RLController - INFO -   Example: junction E1 -> durations [24, 22, 22, 22] (total: 90s)
2026-09-24 12:48:44,557 - RLController - INFO -   Stored schedules for 34 junctions, cycle starts at step 720
2026-09-24 12:48:46,526 - RLController - INFO - DIAGNOSTIC Step 810 - Observation stats:
2026-09-24 12:48:46,529 - RLController - INFO -   Hash: 3412656507643961892, Min: 0.000000, Max: 1.000000, Mean: 0.373397, Std: 0.439751
2026-09-24 12:48:46,529 - RLController - INFO -   First 10: [1.  0.  0.  0.  0.  0.5 1.  0.  0.  0. ]
2026-09-24 12:48:46,529 - RLController - INFO -   Last 10: [0.         0.2        0.         0.08333334 0.33547008 0.00190552
 0.04132479 0.6722277  0.         0.3       ]
2026-09-24 12:48:46,539 - RLController - INFO - DIAGNOSTIC - Raw model action output:
2026-09-24 12:48:46,539 - RLController - INFO -   Action hash: 8280155848588478487
2026-09-24 12:48:46,539 - RLController - INFO -   First 8 values: [ -6.5313354 -10.        -10.        -10.        -10.        -10.
 -10.        -10.       ]
2026-09-24 12:48:46,539 - RLController - INFO -   Last 8 values: [-10.        -10.        -10.        -10.        -10.          1.2872756
 -10.        -10.       ]
2026-09-24 12:48:46,540 - RLController - INFO -   Action shape: (136,), min: -10.000000, max: 5.712557, mean: -9.201826
2026-09-24 12:48:46,540 - RLController - INFO -   B0 junction (indices 16-19) raw values: [ -9.678575 -10.       -10.       -10.      ]
2026-09-24 12:48:46,540 - RLController - INFO - Using CONTINUOUS DURATION-BASED mode
2026-09-24 12:48:46,540 - RLController - INFO -   Example: junction A0 -> durations [51, 13, 13, 13] (total: 90s)
2026-09-24 12:48:46,540 - RLController - INFO -   Example: junction A1 -> durations [24, 22, 22, 22] (total: 90s)
2026-09-24 12:48:46,540 - RLController - INFO -   Example: junction A2 -> durations [12, 12, 54, 12] (total: 90s)
2026-09-24 12:48:46,540 - RLController - INFO -   Example: junction A4 -> durations [60, 10, 10, 10] (total: 90s)
2026-09-24 12:48:46,541 - RLController - INFO -   Example: junction A5 -> durations [24, 22, 22, 22] (total: 90s)
2026-09-24 12:48:46,541 - RLController - INFO -   Example: junction B0 -> durations [24, 22, 22, 22] (total: 90s)
2026-09-24 12:48:46,541 - RLController - INFO -   Example: junction B1 -> durations [24, 22, 22, 22] (total: 90s)
2026-09-24 12:48:46,541 - RLController - INFO -   Example: junction B2 -> durations [24, 22, 22, 22] (total: 90s)
2026-09-24 12:48:46,541 - RLController - INFO -   Example: junction B4 -> durations [24, 22, 22, 22] (total: 90s)
2026-09-24 12:48:46,541 - RLController - INFO -   Example: junction B5 -> durations [60, 10, 10, 10] (total: 90s)
2026-09-24 12:48:46,541 - RLController - INFO -   Example: junction C0 -> durations [22, 22, 24, 22] (total: 90s)
2026-09-24 12:48:46,541 - RLController - INFO -   Example: junction C1 -> durations [24, 22, 22, 22] (total: 90s)
2026-09-24 12:48:46,542 - RLController - INFO -   Example: junction C2 -> durations [57, 13, 10, 10] (total: 90s)
2026-09-24 12:48:46,542 - RLController - INFO -   Example: junction C3 -> durations [60, 10, 10, 10] (total: 90s)
2026-09-24 12:48:46,542 - RLController - INFO -   Example: junction C4 -> durations [57, 11, 11, 11] (total: 90s)
2026-09-24 12:48:46,542 - RLController - INFO -   Example: junction C5 -> durations [57, 11, 11, 11] (total: 90s)
2026-09-24 12:48:46,542 - RLController - INFO -   Example: junction D0 -> durations [24, 22, 22, 22] (total: 90s)
2026-09-24 12:48:46,542 - RLController - INFO -   Example: junction D1 -> durations [21, 21, 27, 21] (total: 90s)
2026-09-24 12:48:46,542 - RLController - INFO -   Example: junction D2 -> durations [45, 15, 15, 15] (total: 90s)
2026-09-24 12:48:46,543 - RLController - INFO -   Example: junction D3 -> durations [24, 22, 22, 22] (total: 90s)
2026-09-24 12:48:46,543 - RLController - INFO -   Example: junction D4 -> durations [24, 22, 22, 22] (total: 90s)
2026-09-24 12:48:46,543 - RLController - INFO -   Example: junction D5 -> durations [13, 13, 51, 13] (total: 90s)
2026-09-24 12:48:46,543 - RLController - INFO -   Example: junction E0 -> durations [24, 22, 22, 22] (total: 90s)
2026-09-24 12:48:46,543 - RLController - INFO -   Example: junction E1 -> durations [24, 22, 22, 22] (total: 90s)
2026-09-24 12:48:46,544 - RLController - INFO -   Stored schedules for 34 junctions, cycle starts at step 810
2026-09-24 12:48:48,027 - RLController - INFO - DIAGNOSTIC Step 900 - Observation stats:
2026-09-24 12:48:48,027 - RLController - INFO -   Hash: -3550119068904214774, Min: 0.000000, Max: 1.000000, Mean: 0.377936, Std: 0.439582
2026-09-24 12:48:48,027 - RLController - INFO -   First 10: [1.  0.  0.  0.  0.  0.5 1.  0.  0.  0. ]
2026-09-24 12:48:48,028 - RLController - INFO -   Last 10: [0.         0.2        0.         0.08333334 0.34188035 0.0020955
 0.04384615 0.6639067  0.         0.3       ]
2026-09-24 12:48:48,031 - RLController - INFO - DIAGNOSTIC - Raw model action output:
2026-09-24 12:48:48,031 - RLController - INFO -   Action hash: -8010280187365846174
2026-09-24 12:48:48,031 - RLController - INFO -   First 8 values: [ -6.919357 -10.       -10.       -10.       -10.       -10.
 -10.       -10.      ]
2026-09-24 12:48:48,032 - RLController - INFO -   Last 8 values: [-10.        -10.        -10.        -10.        -10.          0.6007057
 -10.        -10.       ]
2026-09-24 12:48:48,032 - RLController - INFO -   Action shape: (136,), min: -10.000000, max: 5.104279, mean: -9.224251
2026-09-24 12:48:48,032 - RLController - INFO -   B0 junction (indices 16-19) raw values: [ -9.609989 -10.       -10.       -10.      ]
2026-09-24 12:48:48,032 - RLController - INFO - Using CONTINUOUS DURATION-BASED mode
2026-09-24 12:48:48,032 - RLController - INFO -   Example: junction A0 -> durations [51, 13, 13, 13] (total: 90s)
2026-09-24 12:48:48,032 - RLController - INFO -   Example: junction A1 -> durations [24, 22, 22, 22] (total: 90s)
2026-09-24 12:48:48,032 - RLController - INFO -   Example: junction A2 -> durations [12, 12, 54, 12] (total: 90s)
2026-09-24 12:48:48,032 - RLController - INFO -   Example: junction A4 -> durations [60, 10, 10, 10] (total: 90s)
2026-09-24 12:48:48,032 - RLController - INFO -   Example: junction A5 -> durations [24, 22, 22, 22] (total: 90s)
2026-09-24 12:48:48,033 - RLController - INFO -   Example: junction B0 -> durations [24, 22, 22, 22] (total: 90s)
2026-09-24 12:48:48,033 - RLController - INFO -   Example: junction B1 -> durations [24, 22, 22, 22] (total: 90s)
2026-09-24 12:48:48,033 - RLController - INFO -   Example: junction B2 -> durations [24, 22, 22, 22] (total: 90s)
2026-09-24 12:48:48,033 - RLController - INFO -   Example: junction B4 -> durations [24, 22, 22, 22] (total: 90s)
2026-09-24 12:48:48,033 - RLController - INFO -   Example: junction B5 -> durations [60, 10, 10, 10] (total: 90s)
2026-09-24 12:48:48,033 - RLController - INFO -   Example: junction C0 -> durations [22, 22, 24, 22] (total: 90s)
2026-09-24 12:48:48,033 - RLController - INFO -   Example: junction C1 -> durations [24, 22, 22, 22] (total: 90s)
2026-09-24 12:48:48,033 - RLController - INFO -   Example: junction C2 -> durations [57, 13, 10, 10] (total: 90s)
2026-09-24 12:48:48,033 - RLController - INFO -   Example: junction C3 -> durations [60, 10, 10, 10] (total: 90s)
2026-09-24 12:48:48,034 - RLController - INFO -   Example: junction C4 -> durations [57, 11, 11, 11] (total: 90s)
2026-09-24 12:48:48,034 - RLController - INFO -   Example: junction C5 -> durations [57, 11, 11, 11] (total: 90s)
2026-09-24 12:48:48,034 - RLController - INFO -   Example: junction D0 -> durations [24, 22, 22, 22] (total: 90s)
2026-09-24 12:48:48,034 - RLController - INFO -   Example: junction D1 -> durations [21, 21, 27, 21] (total: 90s)
2026-09-24 12:48:48,034 - RLController - INFO -   Example: junction D2 -> durations [45, 15, 15, 15] (total: 90s)
2026-09-24 12:48:48,034 - RLController - INFO -   Example: junction D3 -> durations [24, 22, 22, 22] (total: 90s)
2026-09-24 12:48:48,034 - RLController - INFO -   Example: junction D4 -> durations [24, 22, 22, 22] (total: 90s)
2026-09-24 12:48:48,034 - RLController - INFO -   Example: junction D5 -> durations [13, 13, 51, 13] (total: 90s)
2026-09-24 12:48:48,034 - RLController - INFO -   Example: junction E0 -> durations [24, 22, 22, 22] (total: 90s)
2026-09-24 12:48:48,034 - RLController - INFO -   Example: junction E1 -> durations [24, 22, 22, 22] (total: 90s)
2026-09-24 12:48:48,035 - RLController - INFO -   Stored schedules for 34 junctions, cycle starts at step 900
2026-09-24 12:48:49,499 - RLController - INFO - DIAGNOSTIC Step 990 - Observation stats:
2026-09-24 12:48:49,499 - RLController - INFO -   Hash: 7744537085423018658, Min: 0.000000, Max: 1.000000, Mean: 0.380707, Std: 0.441499
2026-09-24 12:48:49,499 - RLController - INFO -   First 10: [1.  0.  0.  0.  0.  0.5 1.  0.  0.  0. ]
2026-09-24 12:48:49,499 - RLController - INFO -   Last 10: [0.         0.2        0.         0.08333334 0.33974358 0.00217906
 0.04491453 0.6647176  0.         0.3       ]
2026-09-24 12:48:49,503 - RLController - INFO - DIAGNOSTIC - Raw model action output:
2026-09-24 12:48:49,503 - RLController - INFO -   Action hash: -827667925221885358
2026-09-24 12:48:49,503 - RLController - INFO -   First 8 values: [ -6.8328815 -10.        -10.        -10.        -10.        -10.
 -10.        -10.       ]
2026-09-24 12:48:49,503 - RLController - INFO -   Last 8 values: [-10.         -10.         -10.         -10.         -10.
   0.16415887 -10.         -10.        ]
2026-09-24 12:48:49,503 - RLController - INFO -   Action shape: (136,), min: -10.000000, max: 4.653943, mean: -9.224576
2026-09-24 12:48:49,503 - RLController - INFO -   B0 junction (indices 16-19) raw values: [ -9.666828 -10.       -10.       -10.      ]
2026-09-24 12:48:49,503 - RLController - INFO - Using CONTINUOUS DURATION-BASED mode
2026-09-24 12:48:49,504 - RLController - INFO -   Example: junction A0 -> durations [51, 13, 13, 13] (total: 90s)
2026-09-24 12:48:49,504 - RLController - INFO -   Example: junction A1 -> durations [24, 22, 22, 22] (total: 90s)
2026-09-24 12:48:49,504 - RLController - INFO -   Example: junction A2 -> durations [12, 12, 54, 12] (total: 90s)
2026-09-24 12:48:49,504 - RLController - INFO -   Example: junction A4 -> durations [60, 10, 10, 10] (total: 90s)
2026-09-24 12:48:49,504 - RLController - INFO -   Example: junction A5 -> durations [24, 22, 22, 22] (total: 90s)
2026-09-24 12:48:49,504 - RLController - INFO -   Example: junction B0 -> durations [24, 22, 22, 22] (total: 90s)
2026-09-24 12:48:49,504 - RLController - INFO -   Example: junction B1 -> durations [24, 22, 22, 22] (total: 90s)
2026-09-24 12:48:49,505 - RLController - INFO -   Example: junction B2 -> durations [24, 22, 22, 22] (total: 90s)
2026-09-24 12:48:49,505 - RLController - INFO -   Example: junction B4 -> durations [24, 22, 22, 22] (total: 90s)
2026-09-24 12:48:49,505 - RLController - INFO -   Example: junction B5 -> durations [60, 10, 10, 10] (total: 90s)
2026-09-24 12:48:49,505 - RLController - INFO -   Example: junction C0 -> durations [22, 22, 24, 22] (total: 90s)
2026-09-24 12:48:49,505 - RLController - INFO -   Example: junction C1 -> durations [24, 22, 22, 22] (total: 90s)
2026-09-24 12:48:49,505 - RLController - INFO -   Example: junction C2 -> durations [57, 13, 10, 10] (total: 90s)
2026-09-24 12:48:49,505 - RLController - INFO -   Example: junction C3 -> durations [60, 10, 10, 10] (total: 90s)
2026-09-24 12:48:49,505 - RLController - INFO -   Example: junction C4 -> durations [57, 11, 11, 11] (total: 90s)
2026-09-24 12:48:49,505 - RLController - INFO -   Example: junction C5 -> durations [57, 11, 11, 11] (total: 90s)
2026-09-24 12:48:49,506 - RLController - INFO -   Example: junction D0 -> durations [24, 22, 22, 22] (total: 90s)
2026-09-24 12:48:49,506 - RLController - INFO -   Example: junction D1 -> durations [21, 21, 27, 21] (total: 90s)
2026-09-24 12:48:49,506 - RLController - INFO -   Example: junction D2 -> durations [45, 15, 15, 15] (total: 90s)
2026-09-24 12:48:49,506 - RLController - INFO -   Example: junction D3 -> durations [24, 22, 22, 22] (total: 90s)
2026-09-24 12:48:49,506 - RLController - INFO -   Example: junction D4 -> durations [24, 22, 22, 22] (total: 90s)
2026-09-24 12:48:49,506 - RLController - INFO -   Example: junction D5 -> durations [13, 13, 51, 13] (total: 90s)
2026-09-24 12:48:49,506 - RLController - INFO -   Example: junction E0 -> durations [24, 22, 22, 22] (total: 90s)
2026-09-24 12:48:49,506 - RLController - INFO -   Example: junction E1 -> durations [24, 22, 22, 22] (total: 90s)
2026-09-24 12:48:49,507 - RLController - INFO -   Stored schedules for 34 junctions, cycle starts at step 990
2026-09-24 12:48:51,233 - RLController - INFO - DIAGNOSTIC Step 1080 - Observation stats:
2026-09-24 12:48:51,234 - RLController - INFO -   Hash: -4441575973985780734, Min: 0.000000, Max: 1.000000, Mean: 0.381786, Std: 0.441001
2026-09-24 12:48:51,234 - RLController - INFO -   First 10: [1.  0.  0.  0.  0.  0.5 1.  0.  0.  0. ]
2026-09-24 12:48:51,235 - RLController - INFO -   Last 10: [0.         0.2        0.         0.08333334 0.34615386 0.00198691
 0.04688034 0.6555494  0.         0.3       ]
2026-09-24 12:48:51,242 - RLController - INFO - DIAGNOSTIC - Raw model action output:
2026-09-24 12:48:51,242 - RLController - INFO -   Action hash: 6990714540903578687
2026-09-24 12:48:51,242 - RLController - INFO -   First 8 values: [ -6.933427 -10.       -10.       -10.       -10.       -10.
 -10.       -10.      ]
2026-09-24 12:48:51,243 - RLController - INFO -   Last 8 values: [-10.         -10.         -10.         -10.         -10.
   0.13072185 -10.         -10.        ]
2026-09-24 12:48:51,243 - RLController - INFO -   Action shape: (136,), min: -10.000000, max: 4.888261, mean: -9.224537
2026-09-24 12:48:51,243 - RLController - INFO -   B0 junction (indices 16-19) raw values: [ -9.899113 -10.       -10.       -10.      ]
2026-09-24 12:48:51,243 - RLController - INFO - Using CONTINUOUS DURATION-BASED mode
2026-09-24 12:48:51,243 - RLController - INFO -   Example: junction A0 -> durations [51, 13, 13, 13] (total: 90s)
2026-09-24 12:48:51,243 - RLController - INFO -   Example: junction A1 -> durations [24, 22, 22, 22] (total: 90s)
2026-09-24 12:48:51,244 - RLController - INFO -   Example: junction A2 -> durations [12, 12, 54, 12] (total: 90s)
2026-09-24 12:48:51,244 - RLController - INFO -   Example: junction A4 -> durations [60, 10, 10, 10] (total: 90s)
2026-09-24 12:48:51,244 - RLController - INFO -   Example: junction A5 -> durations [24, 22, 22, 22] (total: 90s)
2026-09-24 12:48:51,244 - RLController - INFO -   Example: junction B0 -> durations [24, 22, 22, 22] (total: 90s)
2026-09-24 12:48:51,244 - RLController - INFO -   Example: junction B1 -> durations [24, 22, 22, 22] (total: 90s)
2026-09-24 12:48:51,244 - RLController - INFO -   Example: junction B2 -> durations [24, 22, 22, 22] (total: 90s)
2026-09-24 12:48:51,244 - RLController - INFO -   Example: junction B4 -> durations [24, 22, 22, 22] (total: 90s)
2026-09-24 12:48:51,244 - RLController - INFO -   Example: junction B5 -> durations [60, 10, 10, 10] (total: 90s)
2026-09-24 12:48:51,245 - RLController - INFO -   Example: junction C0 -> durations [22, 22, 24, 22] (total: 90s)
2026-09-24 12:48:51,245 - RLController - INFO -   Example: junction C1 -> durations [24, 22, 22, 22] (total: 90s)
2026-09-24 12:48:51,245 - RLController - INFO -   Example: junction C2 -> durations [57, 13, 10, 10] (total: 90s)
2026-09-24 12:48:51,245 - RLController - INFO -   Example: junction C3 -> durations [60, 10, 10, 10] (total: 90s)
2026-09-24 12:48:51,245 - RLController - INFO -   Example: junction C4 -> durations [57, 11, 11, 11] (total: 90s)
2026-09-24 12:48:51,245 - RLController - INFO -   Example: junction C5 -> durations [57, 11, 11, 11] (total: 90s)
2026-09-24 12:48:51,245 - RLController - INFO -   Example: junction D0 -> durations [24, 22, 22, 22] (total: 90s)
2026-09-24 12:48:51,246 - RLController - INFO -   Example: junction D1 -> durations [21, 21, 27, 21] (total: 90s)
2026-09-24 12:48:51,246 - RLController - INFO -   Example: junction D2 -> durations [45, 15, 15, 15] (total: 90s)
2026-09-24 12:48:51,246 - RLController - INFO -   Example: junction D3 -> durations [24, 22, 22, 22] (total: 90s)
2026-09-24 12:48:51,246 - RLController - INFO -   Example: junction D4 -> durations [24, 22, 22, 22] (total: 90s)
2026-09-24 12:48:51,246 - RLController - INFO -   Example: junction D5 -> durations [13, 13, 51, 13] (total: 90s)
2026-09-24 12:48:51,246 - RLController - INFO -   Example: junction E0 -> durations [24, 22, 22, 22] (total: 90s)
2026-09-24 12:48:51,246 - RLController - INFO -   Example: junction E1 -> durations [24, 22, 22, 22] (total: 90s)
2026-09-24 12:48:51,247 - RLController - INFO -   Stored schedules for 34 junctions, cycle starts at step 1080
2026-09-24 12:48:53,209 - RLController - INFO - DIAGNOSTIC Step 1170 - Observation stats:
2026-09-24 12:48:53,209 - RLController - INFO -   Hash: -2420308181539410429, Min: 0.000000, Max: 1.000000, Mean: 0.385377, Std: 0.443752
2026-09-24 12:48:53,209 - RLController - INFO -   First 10: [1.         0.         0.         0.         0.         0.5
 0.         0.         0.99333334 1.        ]
2026-09-24 12:48:53,209 - RLController - INFO -   Last 10: [0.         0.2        0.         0.08333334 0.36324787 0.00237983
 0.04991453 0.6421607  0.         0.3       ]
2026-09-24 12:48:53,213 - RLController - INFO - DIAGNOSTIC - Raw model action output:
2026-09-24 12:48:53,213 - RLController - INFO -   Action hash: 1696800116853359343
2026-09-24 12:48:53,213 - RLController - INFO -   First 8 values: [ -7.031456 -10.       -10.       -10.       -10.       -10.
 -10.       -10.      ]
2026-09-24 12:48:53,214 - RLController - INFO -   Last 8 values: [-10.         -10.         -10.         -10.         -10.
   0.22618227 -10.         -10.        ]
2026-09-24 12:48:53,214 - RLController - INFO -   Action shape: (136,), min: -10.000000, max: 5.500577, mean: -9.220286
2026-09-24 12:48:53,214 - RLController - INFO -   B0 junction (indices 16-19) raw values: [ -9.526154 -10.       -10.       -10.      ]
2026-09-24 12:48:53,214 - RLController - INFO - Using CONTINUOUS DURATION-BASED mode
2026-09-24 12:48:53,214 - RLController - INFO -   Example: junction A0 -> durations [51, 13, 13, 13] (total: 90s)
2026-09-24 12:48:53,214 - RLController - INFO -   Example: junction A1 -> durations [24, 22, 22, 22] (total: 90s)
2026-09-24 12:48:53,214 - RLController - INFO -   Example: junction A2 -> durations [12, 12, 54, 12] (total: 90s)
2026-09-24 12:48:53,215 - RLController - INFO -   Example: junction A4 -> durations [60, 10, 10, 10] (total: 90s)
2026-09-24 12:48:53,215 - RLController - INFO -   Example: junction A5 -> durations [24, 22, 22, 22] (total: 90s)
2026-09-24 12:48:53,215 - RLController - INFO -   Example: junction B0 -> durations [24, 22, 22, 22] (total: 90s)
2026-09-24 12:48:53,215 - RLController - INFO -   Example: junction B1 -> durations [24, 22, 22, 22] (total: 90s)
2026-09-24 12:48:53,215 - RLController - INFO -   Example: junction B2 -> durations [24, 22, 22, 22] (total: 90s)
2026-09-24 12:48:53,215 - RLController - INFO -   Example: junction B4 -> durations [24, 22, 22, 22] (total: 90s)
2026-09-24 12:48:53,215 - RLController - INFO -   Example: junction B5 -> durations [60, 10, 10, 10] (total: 90s)
2026-09-24 12:48:53,215 - RLController - INFO -   Example: junction C0 -> durations [22, 22, 24, 22] (total: 90s)
2026-09-24 12:48:53,215 - RLController - INFO -   Example: junction C1 -> durations [24, 22, 22, 22] (total: 90s)
2026-09-24 12:48:53,215 - RLController - INFO -   Example: junction C2 -> durations [57, 13, 10, 10] (total: 90s)
2026-09-24 12:48:53,216 - RLController - INFO -   Example: junction C3 -> durations [60, 10, 10, 10] (total: 90s)
2026-09-24 12:48:53,216 - RLController - INFO -   Example: junction C4 -> durations [57, 11, 11, 11] (total: 90s)
2026-09-24 12:48:53,216 - RLController - INFO -   Example: junction C5 -> durations [57, 11, 11, 11] (total: 90s)
2026-09-24 12:48:53,216 - RLController - INFO -   Example: junction D0 -> durations [24, 22, 22, 22] (total: 90s)
2026-09-24 12:48:53,216 - RLController - INFO -   Example: junction D1 -> durations [21, 21, 27, 21] (total: 90s)
2026-09-24 12:48:53,216 - RLController - INFO -   Example: junction D2 -> durations [45, 15, 15, 15] (total: 90s)
2026-09-24 12:48:53,216 - RLController - INFO -   Example: junction D3 -> durations [24, 22, 22, 22] (total: 90s)
2026-09-24 12:48:53,216 - RLController - INFO -   Example: junction D4 -> durations [24, 22, 22, 22] (total: 90s)
2026-09-24 12:48:53,216 - RLController - INFO -   Example: junction D5 -> durations [13, 13, 51, 13] (total: 90s)
2026-09-24 12:48:53,216 - RLController - INFO -   Example: junction E0 -> durations [24, 22, 22, 22] (total: 90s)
2026-09-24 12:48:53,217 - RLController - INFO -   Example: junction E1 -> durations [24, 22, 22, 22] (total: 90s)
2026-09-24 12:48:53,217 - RLController - INFO -   Stored schedules for 34 junctions, cycle starts at step 1170
2026-09-24 12:48:55,405 - RLController - INFO - DIAGNOSTIC Step 1260 - Observation stats:
2026-09-24 12:48:55,405 - RLController - INFO -   Hash: -4754178956801297809, Min: 0.000000, Max: 1.000000, Mean: 0.391766, Std: 0.445448
2026-09-24 12:48:55,405 - RLController - INFO -   First 10: [1.  0.  0.  0.  0.  0.5 1.  0.  0.  0. ]
2026-09-24 12:48:55,406 - RLController - INFO -   Last 10: [0.         0.2        0.         0.08333334 0.3846154  0.00256237
 0.05200855 0.62358767 0.         0.3       ]
2026-09-24 12:48:55,410 - RLController - INFO - DIAGNOSTIC - Raw model action output:
2026-09-24 12:48:55,410 - RLController - INFO -   Action hash: -52971906505835662
2026-09-24 12:48:55,411 - RLController - INFO -   First 8 values: [ -6.997727 -10.       -10.       -10.       -10.       -10.
 -10.       -10.      ]
2026-09-24 12:48:55,411 - RLController - INFO -   Last 8 values: [-10.        -10.        -10.        -10.        -10.         -1.0853455
 -10.        -10.       ]
2026-09-24 12:48:55,411 - RLController - INFO -   Action shape: (136,), min: -10.000000, max: 5.013383, mean: -9.213053
2026-09-24 12:48:55,411 - RLController - INFO -   B0 junction (indices 16-19) raw values: [ -9.117577 -10.       -10.       -10.      ]
2026-09-24 12:48:55,412 - RLController - INFO - Using CONTINUOUS DURATION-BASED mode
2026-09-24 12:48:55,412 - RLController - INFO -   Example: junction A0 -> durations [51, 13, 13, 13] (total: 90s)
2026-09-24 12:48:55,412 - RLController - INFO -   Example: junction A1 -> durations [24, 22, 22, 22] (total: 90s)
2026-09-24 12:48:55,412 - RLController - INFO -   Example: junction A2 -> durations [12, 12, 54, 12] (total: 90s)
2026-09-24 12:48:55,412 - RLController - INFO -   Example: junction A4 -> durations [60, 10, 10, 10] (total: 90s)
2026-09-24 12:48:55,412 - RLController - INFO -   Example: junction A5 -> durations [24, 22, 22, 22] (total: 90s)
2026-09-24 12:48:55,413 - RLController - INFO -   Example: junction B0 -> durations [24, 22, 22, 22] (total: 90s)
2026-09-24 12:48:55,413 - RLController - INFO -   Example: junction B1 -> durations [24, 22, 22, 22] (total: 90s)
2026-09-24 12:48:55,413 - RLController - INFO -   Example: junction B2 -> durations [24, 22, 22, 22] (total: 90s)
2026-09-24 12:48:55,413 - RLController - INFO -   Example: junction B4 -> durations [24, 22, 22, 22] (total: 90s)
2026-09-24 12:48:55,413 - RLController - INFO -   Example: junction B5 -> durations [60, 10, 10, 10] (total: 90s)
2026-09-24 12:48:55,414 - RLController - INFO -   Example: junction C0 -> durations [22, 22, 24, 22] (total: 90s)
2026-09-24 12:48:55,414 - RLController - INFO -   Example: junction C1 -> durations [24, 22, 22, 22] (total: 90s)
2026-09-24 12:48:55,414 - RLController - INFO -   Example: junction C2 -> durations [57, 13, 10, 10] (total: 90s)
2026-09-24 12:48:55,414 - RLController - INFO -   Example: junction C3 -> durations [60, 10, 10, 10] (total: 90s)
2026-09-24 12:48:55,414 - RLController - INFO -   Example: junction C4 -> durations [57, 11, 11, 11] (total: 90s)
2026-09-24 12:48:55,414 - RLController - INFO -   Example: junction C5 -> durations [57, 11, 11, 11] (total: 90s)
2026-09-24 12:48:55,415 - RLController - INFO -   Example: junction D0 -> durations [24, 22, 22, 22] (total: 90s)
2026-09-24 12:48:55,415 - RLController - INFO -   Example: junction D1 -> durations [21, 21, 27, 21] (total: 90s)
2026-09-24 12:48:55,415 - RLController - INFO -   Example: junction D2 -> durations [45, 15, 15, 15] (total: 90s)
2026-09-24 12:48:55,415 - RLController - INFO -   Example: junction D3 -> durations [24, 22, 22, 22] (total: 90s)
2026-09-24 12:48:55,415 - RLController - INFO -   Example: junction D4 -> durations [24, 22, 22, 22] (total: 90s)
2026-09-24 12:48:55,415 - RLController - INFO -   Example: junction D5 -> durations [13, 13, 51, 13] (total: 90s)
2026-09-24 12:48:55,416 - RLController - INFO -   Example: junction E0 -> durations [24, 22, 22, 22] (total: 90s)
2026-09-24 12:48:55,416 - RLController - INFO -   Example: junction E1 -> durations [24, 22, 22, 22] (total: 90s)
2026-09-24 12:48:55,417 - RLController - INFO -   Stored schedules for 34 junctions, cycle starts at step 1260
2026-09-24 12:48:57,419 - RLController - INFO - DIAGNOSTIC Step 1350 - Observation stats:
2026-09-24 12:48:57,419 - RLController - INFO -   Hash: -8738047183867411464, Min: 0.000000, Max: 1.000000, Mean: 0.391909, Std: 0.444568
2026-09-24 12:48:57,420 - RLController - INFO -   First 10: [1.  0.  0.  0.  0.  0.5 1.  0.  0.  0. ]
2026-09-24 12:48:57,420 - RLController - INFO -   Last 10: [0.         0.2        0.         0.08333334 0.3846154  0.0026711
 0.05431624 0.62265426 0.         0.3       ]
2026-09-24 12:48:57,424 - RLController - INFO - DIAGNOSTIC - Raw model action output:
2026-09-24 12:48:57,424 - RLController - INFO -   Action hash: 2733362669328709596
2026-09-24 12:48:57,424 - RLController - INFO -   First 8 values: [ -6.9960685 -10.        -10.        -10.        -10.        -10.
 -10.        -10.       ]
2026-09-24 12:48:57,424 - RLController - INFO -   Last 8 values: [-10.         -10.         -10.         -10.         -10.
  -0.52224606 -10.         -10.        ]
2026-09-24 12:48:57,424 - RLController - INFO -   Action shape: (136,), min: -10.000000, max: 5.313732, mean: -9.202651
2026-09-24 12:48:57,425 - RLController - INFO -   B0 junction (indices 16-19) raw values: [ -9.205502 -10.       -10.       -10.      ]
2026-09-24 12:48:57,425 - RLController - INFO - Using CONTINUOUS DURATION-BASED mode
2026-09-24 12:48:57,425 - RLController - INFO -   Example: junction A0 -> durations [51, 13, 13, 13] (total: 90s)
2026-09-24 12:48:57,425 - RLController - INFO -   Example: junction A1 -> durations [24, 22, 22, 22] (total: 90s)
2026-09-24 12:48:57,425 - RLController - INFO -   Example: junction A2 -> durations [12, 12, 54, 12] (total: 90s)
2026-09-24 12:48:57,426 - RLController - INFO -   Example: junction A4 -> durations [60, 10, 10, 10] (total: 90s)
2026-09-24 12:48:57,426 - RLController - INFO -   Example: junction A5 -> durations [24, 22, 22, 22] (total: 90s)
2026-09-24 12:48:57,426 - RLController - INFO -   Example: junction B0 -> durations [24, 22, 22, 22] (total: 90s)
2026-09-24 12:48:57,426 - RLController - INFO -   Example: junction B1 -> durations [24, 22, 22, 22] (total: 90s)
2026-09-24 12:48:57,426 - RLController - INFO -   Example: junction B2 -> durations [24, 22, 22, 22] (total: 90s)
2026-09-24 12:48:57,426 - RLController - INFO -   Example: junction B4 -> durations [24, 22, 22, 22] (total: 90s)
2026-09-24 12:48:57,426 - RLController - INFO -   Example: junction B5 -> durations [60, 10, 10, 10] (total: 90s)
2026-09-24 12:48:57,426 - RLController - INFO -   Example: junction C0 -> durations [22, 22, 24, 22] (total: 90s)
2026-09-24 12:48:57,427 - RLController - INFO -   Example: junction C1 -> durations [24, 22, 22, 22] (total: 90s)
2026-09-24 12:48:57,427 - RLController - INFO -   Example: junction C2 -> durations [57, 13, 10, 10] (total: 90s)
2026-09-24 12:48:57,427 - RLController - INFO -   Example: junction C3 -> durations [60, 10, 10, 10] (total: 90s)
2026-09-24 12:48:57,427 - RLController - INFO -   Example: junction C4 -> durations [57, 11, 11, 11] (total: 90s)
2026-09-24 12:48:57,427 - RLController - INFO -   Example: junction C5 -> durations [57, 11, 11, 11] (total: 90s)
2026-09-24 12:48:57,427 - RLController - INFO -   Example: junction D0 -> durations [24, 22, 22, 22] (total: 90s)
2026-09-24 12:48:57,428 - RLController - INFO -   Example: junction D1 -> durations [21, 21, 27, 21] (total: 90s)
2026-09-24 12:48:57,428 - RLController - INFO -   Example: junction D2 -> durations [45, 15, 15, 15] (total: 90s)
2026-09-24 12:48:57,428 - RLController - INFO -   Example: junction D3 -> durations [24, 22, 22, 22] (total: 90s)
2026-09-24 12:48:57,428 - RLController - INFO -   Example: junction D4 -> durations [24, 22, 22, 22] (total: 90s)
2026-09-24 12:48:57,428 - RLController - INFO -   Example: junction D5 -> durations [13, 13, 51, 13] (total: 90s)
2026-09-24 12:48:57,428 - RLController - INFO -   Example: junction E0 -> durations [24, 22, 22, 22] (total: 90s)
2026-09-24 12:48:57,428 - RLController - INFO -   Example: junction E1 -> durations [24, 22, 22, 22] (total: 90s)
2026-09-24 12:48:57,429 - RLController - INFO -   Stored schedules for 34 junctions, cycle starts at step 1350
2026-09-24 12:48:59,430 - RLController - INFO - DIAGNOSTIC Step 1440 - Observation stats:
2026-09-24 12:48:59,431 - RLController - INFO -   Hash: 8743533671464098741, Min: 0.000000, Max: 1.000000, Mean: 0.391711, Std: 0.445164
2026-09-24 12:48:59,431 - RLController - INFO -   First 10: [1.         0.         0.         0.         0.         0.5
 0.         0.         0.99333334 1.        ]
2026-09-24 12:48:59,431 - RLController - INFO -   Last 10: [0.         0.2        0.         0.08333334 0.3931624  0.00279237
 0.05623931 0.6233469  0.         0.3       ]
2026-09-24 12:48:59,435 - RLController - INFO - DIAGNOSTIC - Raw model action output:
2026-09-24 12:48:59,435 - RLController - INFO -   Action hash: -2300902735704168278
2026-09-24 12:48:59,436 - RLController - INFO -   First 8 values: [ -6.9806104 -10.        -10.        -10.        -10.        -10.
 -10.        -10.       ]
2026-09-24 12:48:59,436 - RLController - INFO -   Last 8 values: [-10.        -10.        -10.        -10.        -10.         -1.2219331
 -10.        -10.       ]
2026-09-24 12:48:59,436 - RLController - INFO -   Action shape: (136,), min: -10.000000, max: 5.506464, mean: -9.209188
2026-09-24 12:48:59,436 - RLController - INFO -   B0 junction (indices 16-19) raw values: [ -9.412535 -10.       -10.       -10.      ]
2026-09-24 12:48:59,436 - RLController - INFO - Using CONTINUOUS DURATION-BASED mode
2026-09-24 12:48:59,436 - RLController - INFO -   Example: junction A0 -> durations [51, 13, 13, 13] (total: 90s)
2026-09-24 12:48:59,437 - RLController - INFO -   Example: junction A1 -> durations [24, 22, 22, 22] (total: 90s)
2026-09-24 12:48:59,437 - RLController - INFO -   Example: junction A2 -> durations [12, 12, 54, 12] (total: 90s)
2026-09-24 12:48:59,437 - RLController - INFO -   Example: junction A4 -> durations [60, 10, 10, 10] (total: 90s)
2026-09-24 12:48:59,437 - RLController - INFO -   Example: junction A5 -> durations [24, 22, 22, 22] (total: 90s)
2026-09-24 12:48:59,437 - RLController - INFO -   Example: junction B0 -> durations [24, 22, 22, 22] (total: 90s)
2026-09-24 12:48:59,437 - RLController - INFO -   Example: junction B1 -> durations [24, 22, 22, 22] (total: 90s)
2026-09-24 12:48:59,437 - RLController - INFO -   Example: junction B2 -> durations [24, 22, 22, 22] (total: 90s)
2026-09-24 12:48:59,438 - RLController - INFO -   Example: junction B4 -> durations [24, 22, 22, 22] (total: 90s)
2026-09-24 12:48:59,438 - RLController - INFO -   Example: junction B5 -> durations [60, 10, 10, 10] (total: 90s)
2026-09-24 12:48:59,438 - RLController - INFO -   Example: junction C0 -> durations [22, 22, 24, 22] (total: 90s)
2026-09-24 12:48:59,438 - RLController - INFO -   Example: junction C1 -> durations [24, 22, 22, 22] (total: 90s)
2026-09-24 12:48:59,438 - RLController - INFO -   Example: junction C2 -> durations [57, 13, 10, 10] (total: 90s)
2026-09-24 12:48:59,438 - RLController - INFO -   Example: junction C3 -> durations [60, 10, 10, 10] (total: 90s)
2026-09-24 12:48:59,438 - RLController - INFO -   Example: junction C4 -> durations [57, 11, 11, 11] (total: 90s)
2026-09-24 12:48:59,438 - RLController - INFO -   Example: junction C5 -> durations [57, 11, 11, 11] (total: 90s)
2026-09-24 12:48:59,439 - RLController - INFO -   Example: junction D0 -> durations [24, 22, 22, 22] (total: 90s)
2026-09-24 12:48:59,439 - RLController - INFO -   Example: junction D1 -> durations [21, 21, 27, 21] (total: 90s)
2026-09-24 12:48:59,439 - RLController - INFO -   Example: junction D2 -> durations [45, 15, 15, 15] (total: 90s)
2026-09-24 12:48:59,439 - RLController - INFO -   Example: junction D3 -> durations [24, 22, 22, 22] (total: 90s)
2026-09-24 12:48:59,439 - RLController - INFO -   Example: junction D4 -> durations [24, 22, 22, 22] (total: 90s)
2026-09-24 12:48:59,439 - RLController - INFO -   Example: junction D5 -> durations [13, 13, 51, 13] (total: 90s)
2026-09-24 12:48:59,439 - RLController - INFO -   Example: junction E0 -> durations [24, 22, 22, 22] (total: 90s)
2026-09-24 12:48:59,440 - RLController - INFO -   Example: junction E1 -> durations [24, 22, 22, 22] (total: 90s)
2026-09-24 12:48:59,440 - RLController - INFO -   Stored schedules for 34 junctions, cycle starts at step 1440
2026-09-24 12:49:01,288 - RLController - INFO - DIAGNOSTIC Step 1530 - Observation stats:
2026-09-24 12:49:01,288 - RLController - INFO -   Hash: -8324039713266600976, Min: 0.000000, Max: 1.000000, Mean: 0.406267, Std: 0.450667
2026-09-24 12:49:01,288 - RLController - INFO -   First 10: [1.         0.         0.         0.         0.         0.5
 0.         1.         0.99333334 1.        ]
2026-09-24 12:49:01,288 - RLController - INFO -   Last 10: [0.         0.2        0.         0.08333334 0.42094016 0.00296594
 0.05803419 0.59342295 0.         0.3       ]
2026-09-24 12:49:01,292 - RLController - INFO - DIAGNOSTIC - Raw model action output:
2026-09-24 12:49:01,292 - RLController - INFO -   Action hash: -3574706819091636110
2026-09-24 12:49:01,292 - RLController - INFO -   First 8 values: [ -7.075928 -10.       -10.       -10.       -10.       -10.
 -10.       -10.      ]
2026-09-24 12:49:01,292 - RLController - INFO -   Last 8 values: [-10.        -10.        -10.        -10.        -10.         -1.4396043
 -10.        -10.       ]
2026-09-24 12:49:01,292 - RLController - INFO -   Action shape: (136,), min: -10.000000, max: 5.418122, mean: -9.242166
2026-09-24 12:49:01,292 - RLController - INFO -   B0 junction (indices 16-19) raw values: [ -9.91899 -10.      -10.      -10.     ]
2026-09-24 12:49:01,292 - RLController - INFO - Using CONTINUOUS DURATION-BASED mode
2026-09-24 12:49:01,293 - RLController - INFO -   Example: junction A0 -> durations [51, 13, 13, 13] (total: 90s)
2026-09-24 12:49:01,293 - RLController - INFO -   Example: junction A1 -> durations [24, 22, 22, 22] (total: 90s)
2026-09-24 12:49:01,293 - RLController - INFO -   Example: junction A2 -> durations [12, 12, 54, 12] (total: 90s)
2026-09-24 12:49:01,293 - RLController - INFO -   Example: junction A4 -> durations [60, 10, 10, 10] (total: 90s)
2026-09-24 12:49:01,293 - RLController - INFO -   Example: junction A5 -> durations [24, 22, 22, 22] (total: 90s)
2026-09-24 12:49:01,293 - RLController - INFO -   Example: junction B0 -> durations [24, 22, 22, 22] (total: 90s)
2026-09-24 12:49:01,293 - RLController - INFO -   Example: junction B1 -> durations [24, 22, 22, 22] (total: 90s)
2026-09-24 12:49:01,293 - RLController - INFO -   Example: junction B2 -> durations [24, 22, 22, 22] (total: 90s)
2026-09-24 12:49:01,293 - RLController - INFO -   Example: junction B4 -> durations [24, 22, 22, 22] (total: 90s)
2026-09-24 12:49:01,293 - RLController - INFO -   Example: junction B5 -> durations [60, 10, 10, 10] (total: 90s)
2026-09-24 12:49:01,294 - RLController - INFO -   Example: junction C0 -> durations [22, 22, 24, 22] (total: 90s)
2026-09-24 12:49:01,294 - RLController - INFO -   Example: junction C1 -> durations [24, 22, 22, 22] (total: 90s)
2026-09-24 12:49:01,294 - RLController - INFO -   Example: junction C2 -> durations [57, 13, 10, 10] (total: 90s)
2026-09-24 12:49:01,294 - RLController - INFO -   Example: junction C3 -> durations [60, 10, 10, 10] (total: 90s)
2026-09-24 12:49:01,294 - RLController - INFO -   Example: junction C4 -> durations [57, 11, 11, 11] (total: 90s)
2026-09-24 12:49:01,294 - RLController - INFO -   Example: junction C5 -> durations [57, 11, 11, 11] (total: 90s)
2026-09-24 12:49:01,294 - RLController - INFO -   Example: junction D0 -> durations [24, 22, 22, 22] (total: 90s)
2026-09-24 12:49:01,294 - RLController - INFO -   Example: junction D1 -> durations [21, 21, 27, 21] (total: 90s)
2026-09-24 12:49:01,294 - RLController - INFO -   Example: junction D2 -> durations [45, 15, 15, 15] (total: 90s)
2026-09-24 12:49:01,295 - RLController - INFO -   Example: junction D3 -> durations [24, 22, 22, 22] (total: 90s)
2026-09-24 12:49:01,295 - RLController - INFO -   Example: junction D4 -> durations [24, 22, 22, 22] (total: 90s)
2026-09-24 12:49:01,295 - RLController - INFO -   Example: junction D5 -> durations [13, 13, 51, 13] (total: 90s)
2026-09-24 12:49:01,295 - RLController - INFO -   Example: junction E0 -> durations [24, 22, 22, 22] (total: 90s)
2026-09-24 12:49:01,295 - RLController - INFO -   Example: junction E1 -> durations [24, 22, 22, 22] (total: 90s)
2026-09-24 12:49:01,296 - RLController - INFO -   Stored schedules for 34 junctions, cycle starts at step 1530
2026-09-24 12:49:03,383 - RLController - INFO - DIAGNOSTIC Step 1620 - Observation stats:
2026-09-24 12:49:03,384 - RLController - INFO -   Hash: -5682015822883534272, Min: 0.000000, Max: 1.000000, Mean: 0.402981, Std: 0.448198
2026-09-24 12:49:03,385 - RLController - INFO -   First 10: [1.  0.  0.  0.  0.  0.5 1.  0.  0.  0. ]
2026-09-24 12:49:03,385 - RLController - INFO -   Last 10: [0.         0.2        0.         0.08333334 0.42307693 0.00320957
 0.05799145 0.594377   0.         0.3       ]
2026-09-24 12:49:03,396 - RLController - INFO - DIAGNOSTIC - Raw model action output:
2026-09-24 12:49:03,396 - RLController - INFO -   Action hash: -7445451741761274972
2026-09-24 12:49:03,396 - RLController - INFO -   First 8 values: [ -7.053162 -10.       -10.       -10.       -10.       -10.
 -10.       -10.      ]
2026-09-24 12:49:03,396 - RLController - INFO -   Last 8 values: [-10.        -10.        -10.        -10.        -10.         -1.2924662
 -10.        -10.       ]
2026-09-24 12:49:03,397 - RLController - INFO -   Action shape: (136,), min: -10.000000, max: 4.798058, mean: -9.249336
2026-09-24 12:49:03,397 - RLController - INFO -   B0 junction (indices 16-19) raw values: [ -9.829771 -10.       -10.       -10.      ]
2026-09-24 12:49:03,397 - RLController - INFO - Using CONTINUOUS DURATION-BASED mode
2026-09-24 12:49:03,397 - RLController - INFO -   Example: junction A0 -> durations [51, 13, 13, 13] (total: 90s)
2026-09-24 12:49:03,397 - RLController - INFO -   Example: junction A1 -> durations [24, 22, 22, 22] (total: 90s)
2026-09-24 12:49:03,398 - RLController - INFO -   Example: junction A2 -> durations [12, 12, 54, 12] (total: 90s)
2026-09-24 12:49:03,398 - RLController - INFO -   Example: junction A4 -> durations [60, 10, 10, 10] (total: 90s)
2026-09-24 12:49:03,398 - RLController - INFO -   Example: junction A5 -> durations [24, 22, 22, 22] (total: 90s)
2026-09-24 12:49:03,398 - RLController - INFO -   Example: junction B0 -> durations [24, 22, 22, 22] (total: 90s)
2026-09-24 12:49:03,398 - RLController - INFO -   Example: junction B1 -> durations [24, 22, 22, 22] (total: 90s)
2026-09-24 12:49:03,399 - RLController - INFO -   Example: junction B2 -> durations [24, 22, 22, 22] (total: 90s)
2026-09-24 12:49:03,399 - RLController - INFO -   Example: junction B4 -> durations [24, 22, 22, 22] (total: 90s)
2026-09-24 12:49:03,399 - RLController - INFO -   Example: junction B5 -> durations [60, 10, 10, 10] (total: 90s)
2026-09-24 12:49:03,399 - RLController - INFO -   Example: junction C0 -> durations [22, 22, 24, 22] (total: 90s)
2026-09-24 12:49:03,399 - RLController - INFO -   Example: junction C1 -> durations [24, 22, 22, 22] (total: 90s)
2026-09-24 12:49:03,399 - RLController - INFO -   Example: junction C2 -> durations [57, 13, 10, 10] (total: 90s)
2026-09-24 12:49:03,399 - RLController - INFO -   Example: junction C3 -> durations [60, 10, 10, 10] (total: 90s)
2026-09-24 12:49:03,400 - RLController - INFO -   Example: junction C4 -> durations [57, 11, 11, 11] (total: 90s)
2026-09-24 12:49:03,400 - RLController - INFO -   Example: junction C5 -> durations [57, 11, 11, 11] (total: 90s)
2026-09-24 12:49:03,400 - RLController - INFO -   Example: junction D0 -> durations [24, 22, 22, 22] (total: 90s)
2026-09-24 12:49:03,400 - RLController - INFO -   Example: junction D1 -> durations [21, 21, 27, 21] (total: 90s)
2026-09-24 12:49:03,400 - RLController - INFO -   Example: junction D2 -> durations [45, 15, 15, 15] (total: 90s)
2026-09-24 12:49:03,400 - RLController - INFO -   Example: junction D3 -> durations [24, 22, 22, 22] (total: 90s)
2026-09-24 12:49:03,400 - RLController - INFO -   Example: junction D4 -> durations [24, 22, 22, 22] (total: 90s)
2026-09-24 12:49:03,401 - RLController - INFO -   Example: junction D5 -> durations [13, 13, 51, 13] (total: 90s)
2026-09-24 12:49:03,401 - RLController - INFO -   Example: junction E0 -> durations [24, 22, 22, 22] (total: 90s)
2026-09-24 12:49:03,401 - RLController - INFO -   Example: junction E1 -> durations [24, 22, 22, 22] (total: 90s)
2026-09-24 12:49:03,402 - RLController - INFO -   Stored schedules for 34 junctions, cycle starts at step 1620
2026-09-24 12:49:05,320 - RLController - INFO - DIAGNOSTIC Step 1710 - Observation stats:
2026-09-24 12:49:05,320 - RLController - INFO -   Hash: 6762998962303759778, Min: 0.000000, Max: 1.000000, Mean: 0.406767, Std: 0.446810
2026-09-24 12:49:05,320 - RLController - INFO -   First 10: [1.  0.  0.  0.  0.  0.5 1.  0.  0.  0. ]
2026-09-24 12:49:05,321 - RLController - INFO -   Last 10: [0.         0.2        0.         0.08333334 0.43803418 0.00391453
 0.05811966 0.5885906  0.         0.3       ]
2026-09-24 12:49:05,325 - RLController - INFO - DIAGNOSTIC - Raw model action output:
2026-09-24 12:49:05,325 - RLController - INFO -   Action hash: 5717771402083081367
2026-09-24 12:49:05,325 - RLController - INFO -   First 8 values: [ -7.197967 -10.       -10.       -10.       -10.       -10.
 -10.       -10.      ]
2026-09-24 12:49:05,326 - RLController - INFO -   Last 8 values: [-10.        -10.        -10.        -10.        -10.          0.7006219
 -10.        -10.       ]
2026-09-24 12:49:05,326 - RLController - INFO -   Action shape: (136,), min: -10.000000, max: 5.378893, mean: -9.259299
2026-09-24 12:49:05,326 - RLController - INFO -   B0 junction (indices 16-19) raw values: [ -9.998459 -10.       -10.       -10.      ]
2026-09-24 12:49:05,326 - RLController - INFO - Using CONTINUOUS DURATION-BASED mode
2026-09-24 12:49:05,326 - RLController - INFO -   Example: junction A0 -> durations [51, 13, 13, 13] (total: 90s)
2026-09-24 12:49:05,326 - RLController - INFO -   Example: junction A1 -> durations [24, 22, 22, 22] (total: 90s)
2026-09-24 12:49:05,326 - RLController - INFO -   Example: junction A2 -> durations [12, 12, 54, 12] (total: 90s)
2026-09-24 12:49:05,327 - RLController - INFO -   Example: junction A4 -> durations [60, 10, 10, 10] (total: 90s)
2026-09-24 12:49:05,327 - RLController - INFO -   Example: junction A5 -> durations [24, 22, 22, 22] (total: 90s)
2026-09-24 12:49:05,327 - RLController - INFO -   Example: junction B0 -> durations [24, 22, 22, 22] (total: 90s)
2026-09-24 12:49:05,327 - RLController - INFO -   Example: junction B1 -> durations [24, 22, 22, 22] (total: 90s)
2026-09-24 12:49:05,327 - RLController - INFO -   Example: junction B2 -> durations [24, 22, 22, 22] (total: 90s)
2026-09-24 12:49:05,327 - RLController - INFO -   Example: junction B4 -> durations [24, 22, 22, 22] (total: 90s)
2026-09-24 12:49:05,327 - RLController - INFO -   Example: junction B5 -> durations [60, 10, 10, 10] (total: 90s)
2026-09-24 12:49:05,328 - RLController - INFO -   Example: junction C0 -> durations [22, 22, 24, 22] (total: 90s)
2026-09-24 12:49:05,328 - RLController - INFO -   Example: junction C1 -> durations [24, 22, 22, 22] (total: 90s)
2026-09-24 12:49:05,328 - RLController - INFO -   Example: junction C2 -> durations [57, 13, 10, 10] (total: 90s)
2026-09-24 12:49:05,328 - RLController - INFO -   Example: junction C3 -> durations [60, 10, 10, 10] (total: 90s)
2026-09-24 12:49:05,328 - RLController - INFO -   Example: junction C4 -> durations [57, 11, 11, 11] (total: 90s)
2026-09-24 12:49:05,328 - RLController - INFO -   Example: junction C5 -> durations [57, 11, 11, 11] (total: 90s)
2026-09-24 12:49:05,328 - RLController - INFO -   Example: junction D0 -> durations [24, 22, 22, 22] (total: 90s)
2026-09-24 12:49:05,329 - RLController - INFO -   Example: junction D1 -> durations [21, 21, 27, 21] (total: 90s)
2026-09-24 12:49:05,329 - RLController - INFO -   Example: junction D2 -> durations [45, 15, 15, 15] (total: 90s)
2026-09-24 12:49:05,329 - RLController - INFO -   Example: junction D3 -> durations [24, 22, 22, 22] (total: 90s)
2026-09-24 12:49:05,329 - RLController - INFO -   Example: junction D4 -> durations [24, 22, 22, 22] (total: 90s)
2026-09-24 12:49:05,329 - RLController - INFO -   Example: junction D5 -> durations [13, 13, 51, 13] (total: 90s)
2026-09-24 12:49:05,329 - RLController - INFO -   Example: junction E0 -> durations [24, 22, 22, 22] (total: 90s)
2026-09-24 12:49:05,329 - RLController - INFO -   Example: junction E1 -> durations [24, 22, 22, 22] (total: 90s)
2026-09-24 12:49:05,330 - RLController - INFO -   Stored schedules for 34 junctions, cycle starts at step 1710
2026-09-24 12:49:07,574 - RLController - INFO - DIAGNOSTIC Step 1800 - Observation stats:
2026-09-24 12:49:07,599 - RLController - INFO -   Hash: -8947574005933843792, Min: 0.000000, Max: 1.000000, Mean: 0.400591, Std: 0.447101
2026-09-24 12:49:07,600 - RLController - INFO -   First 10: [0.32430506 0.         0.96       1.         0.02670165 0.1675434
 0.         1.         0.99333334 1.        ]
2026-09-24 12:49:07,600 - RLController - INFO -   Last 10: [0.         0.2        0.         0.08333334 0.41452992 0.00299392
 0.05752137 0.5986527  0.         0.3       ]
2026-09-24 12:49:07,606 - RLController - INFO - DIAGNOSTIC - Raw model action output:
2026-09-24 12:49:07,606 - RLController - INFO -   Action hash: -6606473573946655370
2026-09-24 12:49:07,606 - RLController - INFO -   First 8 values: [ -7.0102525 -10.        -10.        -10.        -10.        -10.
 -10.        -10.       ]
2026-09-24 12:49:07,606 - RLController - INFO -   Last 8 values: [-10.        -10.        -10.        -10.        -10.         -1.2505271
 -10.        -10.       ]
2026-09-24 12:49:07,606 - RLController - INFO -   Action shape: (136,), min: -10.000000, max: 5.228811, mean: -9.240664
2026-09-24 12:49:07,607 - RLController - INFO -   B0 junction (indices 16-19) raw values: [ -9.569579 -10.       -10.       -10.      ]
2026-09-24 12:49:07,607 - RLController - INFO - Using CONTINUOUS DURATION-BASED mode
2026-09-24 12:49:07,607 - RLController - INFO -   Example: junction A0 -> durations [51, 13, 13, 13] (total: 90s)
2026-09-24 12:49:07,607 - RLController - INFO -   Example: junction A1 -> durations [24, 22, 22, 22] (total: 90s)
2026-09-24 12:49:07,607 - RLController - INFO -   Example: junction A2 -> durations [12, 12, 54, 12] (total: 90s)
2026-09-24 12:49:07,607 - RLController - INFO -   Example: junction A4 -> durations [60, 10, 10, 10] (total: 90s)
2026-09-24 12:49:07,608 - RLController - INFO -   Example: junction A5 -> durations [24, 22, 22, 22] (total: 90s)
2026-09-24 12:49:07,608 - RLController - INFO -   Example: junction B0 -> durations [24, 22, 22, 22] (total: 90s)
2026-09-24 12:49:07,608 - RLController - INFO -   Example: junction B1 -> durations [24, 22, 22, 22] (total: 90s)
2026-09-24 12:49:07,608 - RLController - INFO -   Example: junction B2 -> durations [24, 22, 22, 22] (total: 90s)
2026-09-24 12:49:07,608 - RLController - INFO -   Example: junction B4 -> durations [24, 22, 22, 22] (total: 90s)
2026-09-24 12:49:07,608 - RLController - INFO -   Example: junction B5 -> durations [60, 10, 10, 10] (total: 90s)
2026-09-24 12:49:07,608 - RLController - INFO -   Example: junction C0 -> durations [22, 22, 24, 22] (total: 90s)
2026-09-24 12:49:07,609 - RLController - INFO -   Example: junction C1 -> durations [24, 22, 22, 22] (total: 90s)
2026-09-24 12:49:07,609 - RLController - INFO -   Example: junction C2 -> durations [57, 13, 10, 10] (total: 90s)
2026-09-24 12:49:07,609 - RLController - INFO -   Example: junction C3 -> durations [60, 10, 10, 10] (total: 90s)
2026-09-24 12:49:07,609 - RLController - INFO -   Example: junction C4 -> durations [57, 11, 11, 11] (total: 90s)
2026-09-24 12:49:07,609 - RLController - INFO -   Example: junction C5 -> durations [57, 11, 11, 11] (total: 90s)
2026-09-24 12:49:07,609 - RLController - INFO -   Example: junction D0 -> durations [24, 22, 22, 22] (total: 90s)
2026-09-24 12:49:07,609 - RLController - INFO -   Example: junction D1 -> durations [21, 21, 27, 21] (total: 90s)
2026-09-24 12:49:07,610 - RLController - INFO -   Example: junction D2 -> durations [45, 15, 15, 15] (total: 90s)
2026-09-24 12:49:07,610 - RLController - INFO -   Example: junction D3 -> durations [24, 22, 22, 22] (total: 90s)
2026-09-24 12:49:07,610 - RLController - INFO -   Example: junction D4 -> durations [24, 22, 22, 22] (total: 90s)
2026-09-24 12:49:07,610 - RLController - INFO -   Example: junction D5 -> durations [13, 13, 51, 13] (total: 90s)
2026-09-24 12:49:07,610 - RLController - INFO -   Example: junction E0 -> durations [24, 22, 22, 22] (total: 90s)
2026-09-24 12:49:07,610 - RLController - INFO -   Example: junction E1 -> durations [24, 22, 22, 22] (total: 90s)
2026-09-24 12:49:07,611 - RLController - INFO -   Stored schedules for 34 junctions, cycle starts at step 1800
2026-09-24 12:49:10,099 - RLController - INFO - DIAGNOSTIC Step 1890 - Observation stats:
2026-09-24 12:49:10,099 - RLController - INFO -   Hash: -8013098726156101373, Min: 0.000000, Max: 1.000000, Mean: 0.395433, Std: 0.445543
2026-09-24 12:49:10,100 - RLController - INFO -   First 10: [1.         0.         0.         0.         0.         0.51584333
 0.         1.         0.99333334 1.        ]
2026-09-24 12:49:10,100 - RLController - INFO -   Last 10: [0.         0.2        0.         0.08333334 0.4059829  0.0029824
 0.05974359 0.6090816  0.         0.3       ]
2026-09-24 12:49:10,106 - RLController - INFO - DIAGNOSTIC - Raw model action output:
2026-09-24 12:49:10,106 - RLController - INFO -   Action hash: 6916986333304236784
2026-09-24 12:49:10,106 - RLController - INFO -   First 8 values: [ -6.8930936 -10.        -10.        -10.        -10.        -10.
 -10.        -10.       ]
2026-09-24 12:49:10,106 - RLController - INFO -   Last 8 values: [-10.        -10.        -10.        -10.        -10.         -1.8200572
 -10.        -10.       ]
2026-09-24 12:49:10,106 - RLController - INFO -   Action shape: (136,), min: -10.000000, max: 5.360937, mean: -9.241615
2026-09-24 12:49:10,107 - RLController - INFO -   B0 junction (indices 16-19) raw values: [ -8.861794 -10.       -10.       -10.      ]
2026-09-24 12:49:10,107 - RLController - INFO - Using CONTINUOUS DURATION-BASED mode
2026-09-24 12:49:10,107 - RLController - INFO -   Example: junction A0 -> durations [51, 13, 13, 13] (total: 90s)
2026-09-24 12:49:10,107 - RLController - INFO -   Example: junction A1 -> durations [24, 22, 22, 22] (total: 90s)
2026-09-24 12:49:10,107 - RLController - INFO -   Example: junction A2 -> durations [12, 12, 54, 12] (total: 90s)
2026-09-24 12:49:10,107 - RLController - INFO -   Example: junction A4 -> durations [60, 10, 10, 10] (total: 90s)
2026-09-24 12:49:10,107 - RLController - INFO -   Example: junction A5 -> durations [24, 22, 22, 22] (total: 90s)
2026-09-24 12:49:10,107 - RLController - INFO -   Example: junction B0 -> durations [24, 22, 22, 22] (total: 90s)
2026-09-24 12:49:10,108 - RLController - INFO -   Example: junction B1 -> durations [24, 22, 22, 22] (total: 90s)
2026-09-24 12:49:10,108 - RLController - INFO -   Example: junction B2 -> durations [24, 22, 22, 22] (total: 90s)
2026-09-24 12:49:10,108 - RLController - INFO -   Example: junction B4 -> durations [24, 22, 22, 22] (total: 90s)
2026-09-24 12:49:10,108 - RLController - INFO -   Example: junction B5 -> durations [60, 10, 10, 10] (total: 90s)
2026-09-24 12:49:10,108 - RLController - INFO -   Example: junction C0 -> durations [22, 22, 24, 22] (total: 90s)
2026-09-24 12:49:10,108 - RLController - INFO -   Example: junction C1 -> durations [24, 22, 22, 22] (total: 90s)
2026-09-24 12:49:10,108 - RLController - INFO -   Example: junction C2 -> durations [57, 13, 10, 10] (total: 90s)
2026-09-24 12:49:10,109 - RLController - INFO -   Example: junction C3 -> durations [60, 10, 10, 10] (total: 90s)
2026-09-24 12:49:10,109 - RLController - INFO -   Example: junction C4 -> durations [57, 11, 11, 11] (total: 90s)
2026-09-24 12:49:10,109 - RLController - INFO -   Example: junction C5 -> durations [57, 11, 11, 11] (total: 90s)
2026-09-24 12:49:10,109 - RLController - INFO -   Example: junction D0 -> durations [24, 22, 22, 22] (total: 90s)
2026-09-24 12:49:10,109 - RLController - INFO -   Example: junction D1 -> durations [21, 21, 27, 21] (total: 90s)
2026-09-24 12:49:10,109 - RLController - INFO -   Example: junction D2 -> durations [45, 15, 15, 15] (total: 90s)
2026-09-24 12:49:10,109 - RLController - INFO -   Example: junction D3 -> durations [24, 22, 22, 22] (total: 90s)
2026-09-24 12:49:10,109 - RLController - INFO -   Example: junction D4 -> durations [24, 22, 22, 22] (total: 90s)
2026-09-24 12:49:10,110 - RLController - INFO -   Example: junction D5 -> durations [13, 13, 51, 13] (total: 90s)
2026-09-24 12:49:10,110 - RLController - INFO -   Example: junction E0 -> durations [24, 22, 22, 22] (total: 90s)
2026-09-24 12:49:10,110 - RLController - INFO -   Example: junction E1 -> durations [24, 22, 22, 22] (total: 90s)
2026-09-24 12:49:10,110 - RLController - INFO -   Stored schedules for 34 junctions, cycle starts at step 1890
2026-09-24 12:49:12,140 - RLController - INFO - DIAGNOSTIC Step 1980 - Observation stats:
2026-09-24 12:49:12,140 - RLController - INFO -   Hash: 1811638000859924392, Min: 0.000000, Max: 1.000179, Mean: 0.399071, Std: 0.445952
2026-09-24 12:49:12,141 - RLController - INFO -   First 10: [1.         0.         0.         0.         0.         0.5151336
 0.         1.         0.99333334 1.        ]
2026-09-24 12:49:12,141 - RLController - INFO -   Last 10: [0.         0.2        0.         0.08333334 0.4017094  0.00323404
 0.05948718 0.6110393  0.         0.3       ]
2026-09-24 12:49:12,151 - RLController - INFO - DIAGNOSTIC - Raw model action output:
2026-09-24 12:49:12,151 - RLController - INFO -   Action hash: -6103986448588809775
2026-09-24 12:49:12,152 - RLController - INFO -   First 8 values: [ -6.838914 -10.       -10.       -10.       -10.       -10.
 -10.       -10.      ]
2026-09-24 12:49:12,152 - RLController - INFO -   Last 8 values: [-10.         -10.         -10.         -10.         -10.
  -0.11525102 -10.         -10.        ]
2026-09-24 12:49:12,152 - RLController - INFO -   Action shape: (136,), min: -10.000000, max: 5.552704, mean: -9.232558
2026-09-24 12:49:12,152 - RLController - INFO -   B0 junction (indices 16-19) raw values: [ -9.285777 -10.       -10.       -10.      ]
2026-09-24 12:49:12,152 - RLController - INFO - Using CONTINUOUS DURATION-BASED mode
2026-09-24 12:49:12,152 - RLController - INFO -   Example: junction A0 -> durations [51, 13, 13, 13] (total: 90s)
2026-09-24 12:49:12,153 - RLController - INFO -   Example: junction A1 -> durations [24, 22, 22, 22] (total: 90s)
2026-09-24 12:49:12,153 - RLController - INFO -   Example: junction A2 -> durations [12, 12, 54, 12] (total: 90s)
2026-09-24 12:49:12,153 - RLController - INFO -   Example: junction A4 -> durations [60, 10, 10, 10] (total: 90s)
2026-09-24 12:49:12,153 - RLController - INFO -   Example: junction A5 -> durations [24, 22, 22, 22] (total: 90s)
2026-09-24 12:49:12,153 - RLController - INFO -   Example: junction B0 -> durations [24, 22, 22, 22] (total: 90s)
2026-09-24 12:49:12,153 - RLController - INFO -   Example: junction B1 -> durations [24, 22, 22, 22] (total: 90s)
2026-09-24 12:49:12,153 - RLController - INFO -   Example: junction B2 -> durations [24, 22, 22, 22] (total: 90s)
2026-09-24 12:49:12,153 - RLController - INFO -   Example: junction B4 -> durations [24, 22, 22, 22] (total: 90s)
2026-09-24 12:49:12,154 - RLController - INFO -   Example: junction B5 -> durations [60, 10, 10, 10] (total: 90s)
2026-09-24 12:49:12,154 - RLController - INFO -   Example: junction C0 -> durations [22, 22, 24, 22] (total: 90s)
2026-09-24 12:49:12,154 - RLController - INFO -   Example: junction C1 -> durations [24, 22, 22, 22] (total: 90s)
2026-09-24 12:49:12,154 - RLController - INFO -   Example: junction C2 -> durations [57, 13, 10, 10] (total: 90s)
2026-09-24 12:49:12,154 - RLController - INFO -   Example: junction C3 -> durations [60, 10, 10, 10] (total: 90s)
2026-09-24 12:49:12,154 - RLController - INFO -   Example: junction C4 -> durations [57, 11, 11, 11] (total: 90s)
2026-09-24 12:49:12,154 - RLController - INFO -   Example: junction C5 -> durations [57, 11, 11, 11] (total: 90s)
2026-09-24 12:49:12,155 - RLController - INFO -   Example: junction D0 -> durations [24, 22, 22, 22] (total: 90s)
2026-09-24 12:49:12,155 - RLController - INFO -   Example: junction D1 -> durations [21, 21, 27, 21] (total: 90s)
2026-09-24 12:49:12,155 - RLController - INFO -   Example: junction D2 -> durations [45, 15, 15, 15] (total: 90s)
2026-09-24 12:49:12,155 - RLController - INFO -   Example: junction D3 -> durations [24, 22, 22, 22] (total: 90s)
2026-09-24 12:49:12,155 - RLController - INFO -   Example: junction D4 -> durations [24, 22, 22, 22] (total: 90s)
2026-09-24 12:49:12,155 - RLController - INFO -   Example: junction D5 -> durations [13, 13, 51, 13] (total: 90s)
2026-09-24 12:49:12,156 - RLController - INFO -   Example: junction E0 -> durations [24, 22, 22, 22] (total: 90s)
2026-09-24 12:49:12,156 - RLController - INFO -   Example: junction E1 -> durations [24, 22, 22, 22] (total: 90s)
2026-09-24 12:49:12,156 - RLController - INFO -   Stored schedules for 34 junctions, cycle starts at step 1980
2026-09-24 12:49:14,285 - RLController - INFO - DIAGNOSTIC Step 2070 - Observation stats:
2026-09-24 12:49:14,285 - RLController - INFO -   Hash: 8522260526788265687, Min: 0.000000, Max: 1.000000, Mean: 0.405255, Std: 0.450967
2026-09-24 12:49:14,285 - RLController - INFO -   First 10: [1.         0.         0.         0.         0.         0.51448476
 0.         1.         0.99333334 1.        ]
2026-09-24 12:49:14,286 - RLController - INFO -   Last 10: [0.         0.2        0.         0.08333334 0.4017094  0.0022689
 0.05974359 0.5992499  0.         0.3       ]
2026-09-24 12:49:14,289 - RLController - INFO - DIAGNOSTIC - Raw model action output:
2026-09-24 12:49:14,289 - RLController - INFO -   Action hash: -3957927371372863855
2026-09-24 12:49:14,290 - RLController - INFO -   First 8 values: [ -7.2578025 -10.        -10.        -10.        -10.        -10.
 -10.        -10.       ]
2026-09-24 12:49:14,290 - RLController - INFO -   Last 8 values: [-10.        -10.        -10.        -10.        -10.         -2.0148351
 -10.        -10.       ]
2026-09-24 12:49:14,291 - RLController - INFO -   Action shape: (136,), min: -10.000000, max: 5.189041, mean: -9.230247
2026-09-24 12:49:14,291 - RLController - INFO -   B0 junction (indices 16-19) raw values: [ -9.308218 -10.       -10.       -10.      ]
2026-09-24 12:49:14,291 - RLController - INFO - Using CONTINUOUS DURATION-BASED mode
2026-09-24 12:49:14,291 - RLController - INFO -   Example: junction A0 -> durations [51, 13, 13, 13] (total: 90s)
2026-09-24 12:49:14,292 - RLController - INFO -   Example: junction A1 -> durations [24, 22, 22, 22] (total: 90s)
2026-09-24 12:49:14,292 - RLController - INFO -   Example: junction A2 -> durations [12, 12, 54, 12] (total: 90s)
2026-09-24 12:49:14,292 - RLController - INFO -   Example: junction A4 -> durations [60, 10, 10, 10] (total: 90s)
2026-09-24 12:49:14,292 - RLController - INFO -   Example: junction A5 -> durations [24, 22, 22, 22] (total: 90s)
2026-09-24 12:49:14,293 - RLController - INFO -   Example: junction B0 -> durations [24, 22, 22, 22] (total: 90s)
2026-09-24 12:49:14,293 - RLController - INFO -   Example: junction B1 -> durations [24, 22, 22, 22] (total: 90s)
2026-09-24 12:49:14,293 - RLController - INFO -   Example: junction B2 -> durations [24, 22, 22, 22] (total: 90s)
2026-09-24 12:49:14,293 - RLController - INFO -   Example: junction B4 -> durations [24, 22, 22, 22] (total: 90s)
2026-09-24 12:49:14,293 - RLController - INFO -   Example: junction B5 -> durations [60, 10, 10, 10] (total: 90s)
2026-09-24 12:49:14,294 - RLController - INFO -   Example: junction C0 -> durations [22, 22, 24, 22] (total: 90s)
2026-09-24 12:49:14,294 - RLController - INFO -   Example: junction C1 -> durations [24, 22, 22, 22] (total: 90s)
2026-09-24 12:49:14,294 - RLController - INFO -   Example: junction C2 -> durations [57, 13, 10, 10] (total: 90s)
2026-09-24 12:49:14,294 - RLController - INFO -   Example: junction C3 -> durations [60, 10, 10, 10] (total: 90s)
2026-09-24 12:49:14,295 - RLController - INFO -   Example: junction C4 -> durations [57, 11, 11, 11] (total: 90s)
2026-09-24 12:49:14,295 - RLController - INFO -   Example: junction C5 -> durations [57, 11, 11, 11] (total: 90s)
2026-09-24 12:49:14,295 - RLController - INFO -   Example: junction D0 -> durations [24, 22, 22, 22] (total: 90s)
2026-09-24 12:49:14,295 - RLController - INFO -   Example: junction D1 -> durations [21, 21, 27, 21] (total: 90s)
2026-09-24 12:49:14,296 - RLController - INFO -   Example: junction D2 -> durations [45, 15, 15, 15] (total: 90s)
2026-09-24 12:49:14,296 - RLController - INFO -   Example: junction D3 -> durations [24, 22, 22, 22] (total: 90s)
2026-09-24 12:49:14,296 - RLController - INFO -   Example: junction D4 -> durations [24, 22, 22, 22] (total: 90s)
2026-09-24 12:49:14,296 - RLController - INFO -   Example: junction D5 -> durations [13, 13, 51, 13] (total: 90s)
2026-09-24 12:49:14,296 - RLController - INFO -   Example: junction E0 -> durations [24, 22, 22, 22] (total: 90s)
2026-09-24 12:49:14,297 - RLController - INFO -   Example: junction E1 -> durations [24, 22, 22, 22] (total: 90s)
2026-09-24 12:49:14,298 - RLController - INFO -   Stored schedules for 34 junctions, cycle starts at step 2070
2026-09-24 12:49:16,352 - RLController - INFO - DIAGNOSTIC Step 2160 - Observation stats:
2026-09-24 12:49:16,352 - RLController - INFO -   Hash: -744604953427446025, Min: 0.000000, Max: 1.000000, Mean: 0.410285, Std: 0.449657
2026-09-24 12:49:16,352 - RLController - INFO -   First 10: [1.         0.         0.         0.         0.         0.5138893
 0.         1.         0.99333334 1.        ]
2026-09-24 12:49:16,352 - RLController - INFO -   Last 10: [0.         0.2        0.         0.08333334 0.44444445 0.00334287
 0.06179487 0.57870454 0.         0.3       ]
2026-09-24 12:49:16,513 - RLController - INFO - DIAGNOSTIC - Raw model action output:
2026-09-24 12:49:16,513 - RLController - INFO -   Action hash: -3775416656328471216
2026-09-24 12:49:16,514 - RLController - INFO -   First 8 values: [ -7.3595705 -10.        -10.        -10.        -10.        -10.
 -10.        -10.       ]
2026-09-24 12:49:16,514 - RLController - INFO -   Last 8 values: [-10.        -10.        -10.        -10.        -10.         -1.6005347
 -10.        -10.       ]
2026-09-24 12:49:16,514 - RLController - INFO -   Action shape: (136,), min: -10.000000, max: 4.675652, mean: -9.256509
2026-09-24 12:49:16,515 - RLController - INFO -   B0 junction (indices 16-19) raw values: [ -9.55018 -10.      -10.      -10.     ]
2026-09-24 12:49:16,515 - RLController - INFO - Using CONTINUOUS DURATION-BASED mode
2026-09-24 12:49:16,515 - RLController - INFO -   Example: junction A0 -> durations [51, 13, 13, 13] (total: 90s)
2026-09-24 12:49:16,515 - RLController - INFO -   Example: junction A1 -> durations [24, 22, 22, 22] (total: 90s)
2026-09-24 12:49:16,515 - RLController - INFO -   Example: junction A2 -> durations [12, 12, 54, 12] (total: 90s)
2026-09-24 12:49:16,515 - RLController - INFO -   Example: junction A4 -> durations [60, 10, 10, 10] (total: 90s)
2026-09-24 12:49:16,515 - RLController - INFO -   Example: junction A5 -> durations [24, 22, 22, 22] (total: 90s)
2026-09-24 12:49:16,516 - RLController - INFO -   Example: junction B0 -> durations [24, 22, 22, 22] (total: 90s)
2026-09-24 12:49:16,516 - RLController - INFO -   Example: junction B1 -> durations [24, 22, 22, 22] (total: 90s)
2026-09-24 12:49:16,516 - RLController - INFO -   Example: junction B2 -> durations [24, 22, 22, 22] (total: 90s)
2026-09-24 12:49:16,516 - RLController - INFO -   Example: junction B4 -> durations [24, 22, 22, 22] (total: 90s)
2026-09-24 12:49:16,516 - RLController - INFO -   Example: junction B5 -> durations [60, 10, 10, 10] (total: 90s)
2026-09-24 12:49:16,516 - RLController - INFO -   Example: junction C0 -> durations [22, 22, 24, 22] (total: 90s)
2026-09-24 12:49:16,516 - RLController - INFO -   Example: junction C1 -> durations [24, 22, 22, 22] (total: 90s)
2026-09-24 12:49:16,517 - RLController - INFO -   Example: junction C2 -> durations [57, 13, 10, 10] (total: 90s)
2026-09-24 12:49:16,517 - RLController - INFO -   Example: junction C3 -> durations [60, 10, 10, 10] (total: 90s)
2026-09-24 12:49:16,517 - RLController - INFO -   Example: junction C4 -> durations [57, 11, 11, 11] (total: 90s)
2026-09-24 12:49:16,517 - RLController - INFO -   Example: junction C5 -> durations [57, 11, 11, 11] (total: 90s)
2026-09-24 12:49:16,517 - RLController - INFO -   Example: junction D0 -> durations [24, 22, 22, 22] (total: 90s)
2026-09-24 12:49:16,517 - RLController - INFO -   Example: junction D1 -> durations [21, 21, 27, 21] (total: 90s)
2026-09-24 12:49:16,517 - RLController - INFO -   Example: junction D2 -> durations [45, 15, 15, 15] (total: 90s)
2026-09-24 12:49:16,517 - RLController - INFO -   Example: junction D3 -> durations [24, 22, 22, 22] (total: 90s)
2026-09-24 12:49:16,518 - RLController - INFO -   Example: junction D4 -> durations [24, 22, 22, 22] (total: 90s)
2026-09-24 12:49:16,518 - RLController - INFO -   Example: junction D5 -> durations [13, 13, 51, 13] (total: 90s)
2026-09-24 12:49:16,518 - RLController - INFO -   Example: junction E0 -> durations [24, 22, 22, 22] (total: 90s)
2026-09-24 12:49:16,518 - RLController - INFO -   Example: junction E1 -> durations [24, 22, 22, 22] (total: 90s)
2026-09-24 12:49:16,519 - RLController - INFO -   Stored schedules for 34 junctions, cycle starts at step 2160
2026-09-24 12:49:18,837 - RLController - INFO - DIAGNOSTIC Step 2250 - Observation stats:
2026-09-24 12:49:18,837 - RLController - INFO -   Hash: -7223784106155965228, Min: 0.000000, Max: 1.000000, Mean: 0.408801, Std: 0.449204
2026-09-24 12:49:18,838 - RLController - INFO -   First 10: [1.         0.         0.         0.         0.         0.51334083
 1.         0.         0.         0.        ]
2026-09-24 12:49:18,838 - RLController - INFO -   Last 10: [0.         0.2        0.         0.08333334 0.42094016 0.00297395
 0.06217949 0.59489673 0.         0.3       ]
2026-09-24 12:49:18,872 - RLController - INFO - DIAGNOSTIC - Raw model action output:
2026-09-24 12:49:18,872 - RLController - INFO -   Action hash: -889280790715940869
2026-09-24 12:49:18,872 - RLController - INFO -   First 8 values: [ -6.9738383 -10.        -10.        -10.        -10.        -10.
 -10.        -10.       ]
2026-09-24 12:49:18,872 - RLController - INFO -   Last 8 values: [-10.        -10.        -10.        -10.        -10.         -2.5063632
 -10.        -10.       ]
2026-09-24 12:49:18,872 - RLController - INFO -   Action shape: (136,), min: -10.000000, max: 4.824737, mean: -9.232939
2026-09-24 12:49:18,873 - RLController - INFO -   B0 junction (indices 16-19) raw values: [ -9.844188 -10.       -10.       -10.      ]
2026-09-24 12:49:18,873 - RLController - INFO - Using CONTINUOUS DURATION-BASED mode
2026-09-24 12:49:18,873 - RLController - INFO -   Example: junction A0 -> durations [51, 13, 13, 13] (total: 90s)
2026-09-24 12:49:18,873 - RLController - INFO -   Example: junction A1 -> durations [24, 22, 22, 22] (total: 90s)
2026-09-24 12:49:18,873 - RLController - INFO -   Example: junction A2 -> durations [12, 12, 54, 12] (total: 90s)
2026-09-24 12:49:18,874 - RLController - INFO -   Example: junction A4 -> durations [60, 10, 10, 10] (total: 90s)
2026-09-24 12:49:18,874 - RLController - INFO -   Example: junction A5 -> durations [24, 22, 22, 22] (total: 90s)
2026-09-24 12:49:18,874 - RLController - INFO -   Example: junction B0 -> durations [24, 22, 22, 22] (total: 90s)
2026-09-24 12:49:18,874 - RLController - INFO -   Example: junction B1 -> durations [24, 22, 22, 22] (total: 90s)
2026-09-24 12:49:18,874 - RLController - INFO -   Example: junction B2 -> durations [24, 22, 22, 22] (total: 90s)
2026-09-24 12:49:18,874 - RLController - INFO -   Example: junction B4 -> durations [24, 22, 22, 22] (total: 90s)
2026-09-24 12:49:18,874 - RLController - INFO -   Example: junction B5 -> durations [60, 10, 10, 10] (total: 90s)
2026-09-24 12:49:18,875 - RLController - INFO -   Example: junction C0 -> durations [22, 22, 24, 22] (total: 90s)
2026-09-24 12:49:18,875 - RLController - INFO -   Example: junction C1 -> durations [24, 22, 22, 22] (total: 90s)
2026-09-24 12:49:18,875 - RLController - INFO -   Example: junction C2 -> durations [57, 13, 10, 10] (total: 90s)
2026-09-24 12:49:18,875 - RLController - INFO -   Example: junction C3 -> durations [60, 10, 10, 10] (total: 90s)
2026-09-24 12:49:18,875 - RLController - INFO -   Example: junction C4 -> durations [57, 11, 11, 11] (total: 90s)
2026-09-24 12:49:18,875 - RLController - INFO -   Example: junction C5 -> durations [57, 11, 11, 11] (total: 90s)
2026-09-24 12:49:18,876 - RLController - INFO -   Example: junction D0 -> durations [24, 22, 22, 22] (total: 90s)
2026-09-24 12:49:18,876 - RLController - INFO -   Example: junction D1 -> durations [21, 21, 27, 21] (total: 90s)
2026-09-24 12:49:18,876 - RLController - INFO -   Example: junction D2 -> durations [45, 15, 15, 15] (total: 90s)
2026-09-24 12:49:18,876 - RLController - INFO -   Example: junction D3 -> durations [24, 22, 22, 22] (total: 90s)
2026-09-24 12:49:18,876 - RLController - INFO -   Example: junction D4 -> durations [24, 22, 22, 22] (total: 90s)
2026-09-24 12:49:18,876 - RLController - INFO -   Example: junction D5 -> durations [13, 13, 51, 13] (total: 90s)
2026-09-24 12:49:18,876 - RLController - INFO -   Example: junction E0 -> durations [24, 22, 22, 22] (total: 90s)
2026-09-24 12:49:18,877 - RLController - INFO -   Example: junction E1 -> durations [24, 22, 22, 22] (total: 90s)
2026-09-24 12:49:18,877 - RLController - INFO -   Stored schedules for 34 junctions, cycle starts at step 2250
2026-09-24 12:49:20,976 - RLController - INFO - DIAGNOSTIC Step 2340 - Observation stats:
2026-09-24 12:49:21,029 - RLController - INFO -   Hash: -4108022682485409779, Min: 0.000000, Max: 1.000000, Mean: 0.405010, Std: 0.449358
2026-09-24 12:49:21,029 - RLController - INFO -   First 10: [1.        0.        0.        0.        0.        0.5128341 1.
 0.        0.        0.       ]
2026-09-24 12:49:21,030 - RLController - INFO -   Last 10: [0.         0.2        0.         0.08333334 0.42307693 0.00305055
 0.06213675 0.59581614 0.         0.3       ]
2026-09-24 12:49:21,050 - RLController - INFO - DIAGNOSTIC - Raw model action output:
2026-09-24 12:49:21,050 - RLController - INFO -   Action hash: 4318502326658089364
2026-09-24 12:49:21,051 - RLController - INFO -   First 8 values: [ -7.3705697 -10.        -10.        -10.        -10.        -10.
 -10.        -10.       ]
2026-09-24 12:49:21,051 - RLController - INFO -   Last 8 values: [-10.        -10.        -10.        -10.        -10.         -1.0535777
 -10.        -10.       ]
2026-09-24 12:49:21,051 - RLController - INFO -   Action shape: (136,), min: -10.000000, max: 5.525070, mean: -9.224785
2026-09-24 12:49:21,051 - RLController - INFO -   B0 junction (indices 16-19) raw values: [ -9.239787 -10.       -10.       -10.      ]
2026-09-24 12:49:21,051 - RLController - INFO - Using CONTINUOUS DURATION-BASED mode
2026-09-24 12:49:21,051 - RLController - INFO -   Example: junction A0 -> durations [51, 13, 13, 13] (total: 90s)
2026-09-24 12:49:21,052 - RLController - INFO -   Example: junction A1 -> durations [24, 22, 22, 22] (total: 90s)
2026-09-24 12:49:21,052 - RLController - INFO -   Example: junction A2 -> durations [12, 12, 54, 12] (total: 90s)
2026-09-24 12:49:21,052 - RLController - INFO -   Example: junction A4 -> durations [60, 10, 10, 10] (total: 90s)
2026-09-24 12:49:21,052 - RLController - INFO -   Example: junction A5 -> durations [24, 22, 22, 22] (total: 90s)
2026-09-24 12:49:21,052 - RLController - INFO -   Example: junction B0 -> durations [24, 22, 22, 22] (total: 90s)
2026-09-24 12:49:21,052 - RLController - INFO -   Example: junction B1 -> durations [24, 22, 22, 22] (total: 90s)
2026-09-24 12:49:21,053 - RLController - INFO -   Example: junction B2 -> durations [24, 22, 22, 22] (total: 90s)
2026-09-24 12:49:21,053 - RLController - INFO -   Example: junction B4 -> durations [24, 22, 22, 22] (total: 90s)
2026-09-24 12:49:21,053 - RLController - INFO -   Example: junction B5 -> durations [60, 10, 10, 10] (total: 90s)
2026-09-24 12:49:21,053 - RLController - INFO -   Example: junction C0 -> durations [22, 22, 24, 22] (total: 90s)
2026-09-24 12:49:21,053 - RLController - INFO -   Example: junction C1 -> durations [24, 22, 22, 22] (total: 90s)
2026-09-24 12:49:21,053 - RLController - INFO -   Example: junction C2 -> durations [57, 13, 10, 10] (total: 90s)
2026-09-24 12:49:21,053 - RLController - INFO -   Example: junction C3 -> durations [60, 10, 10, 10] (total: 90s)
2026-09-24 12:49:21,054 - RLController - INFO -   Example: junction C4 -> durations [57, 11, 11, 11] (total: 90s)
2026-09-24 12:49:21,054 - RLController - INFO -   Example: junction C5 -> durations [57, 11, 11, 11] (total: 90s)
2026-09-24 12:49:21,054 - RLController - INFO -   Example: junction D0 -> durations [24, 22, 22, 22] (total: 90s)
2026-09-24 12:49:21,054 - RLController - INFO -   Example: junction D1 -> durations [21, 21, 27, 21] (total: 90s)
2026-09-24 12:49:21,054 - RLController - INFO -   Example: junction D2 -> durations [45, 15, 15, 15] (total: 90s)
2026-09-24 12:49:21,055 - RLController - INFO -   Example: junction D3 -> durations [24, 22, 22, 22] (total: 90s)
2026-09-24 12:49:21,055 - RLController - INFO -   Example: junction D4 -> durations [24, 22, 22, 22] (total: 90s)
2026-09-24 12:49:21,055 - RLController - INFO -   Example: junction D5 -> durations [13, 13, 51, 13] (total: 90s)
2026-09-24 12:49:21,055 - RLController - INFO -   Example: junction E0 -> durations [24, 22, 22, 22] (total: 90s)
2026-09-24 12:49:21,055 - RLController - INFO -   Example: junction E1 -> durations [24, 22, 22, 22] (total: 90s)
2026-09-24 12:49:21,056 - RLController - INFO -   Stored schedules for 34 junctions, cycle starts at step 2340
2026-09-24 12:49:23,382 - RLController - INFO - DIAGNOSTIC Step 2430 - Observation stats:
2026-09-24 12:49:23,382 - RLController - INFO -   Hash: -453859687987018015, Min: 0.000000, Max: 1.000000, Mean: 0.404787, Std: 0.449465
2026-09-24 12:49:23,383 - RLController - INFO -   First 10: [1.         0.         0.         0.         0.         0.5123643
 0.         0.         0.99333334 1.        ]
2026-09-24 12:49:23,383 - RLController - INFO -   Last 10: [0.         0.2        0.         0.08333334 0.41666666 0.00206416
 0.06388889 0.5923377  0.         0.3       ]
2026-09-24 12:49:23,439 - RLController - INFO - DIAGNOSTIC - Raw model action output:
2026-09-24 12:49:23,440 - RLController - INFO -   Action hash: 5793027481757809240
2026-09-24 12:49:23,440 - RLController - INFO -   First 8 values: [ -7.1839843 -10.        -10.        -10.        -10.        -10.
 -10.        -10.       ]
2026-09-24 12:49:23,440 - RLController - INFO -   Last 8 values: [-10.        -10.        -10.        -10.        -10.         -2.7803905
 -10.        -10.       ]
2026-09-24 12:49:23,440 - RLController - INFO -   Action shape: (136,), min: -10.000000, max: 4.354964, mean: -9.242304
2026-09-24 12:49:23,440 - RLController - INFO -   B0 junction (indices 16-19) raw values: [ -9.775579 -10.       -10.       -10.      ]
2026-09-24 12:49:23,440 - RLController - INFO - Using CONTINUOUS DURATION-BASED mode
2026-09-24 12:49:23,441 - RLController - INFO -   Example: junction A0 -> durations [51, 13, 13, 13] (total: 90s)
2026-09-24 12:49:23,441 - RLController - INFO -   Example: junction A1 -> durations [24, 22, 22, 22] (total: 90s)
2026-09-24 12:49:23,441 - RLController - INFO -   Example: junction A2 -> durations [12, 12, 54, 12] (total: 90s)
2026-09-24 12:49:23,441 - RLController - INFO -   Example: junction A4 -> durations [60, 10, 10, 10] (total: 90s)
2026-09-24 12:49:23,441 - RLController - INFO -   Example: junction A5 -> durations [24, 22, 22, 22] (total: 90s)
2026-09-24 12:49:23,441 - RLController - INFO -   Example: junction B0 -> durations [24, 22, 22, 22] (total: 90s)
2026-09-24 12:49:23,442 - RLController - INFO -   Example: junction B1 -> durations [24, 22, 22, 22] (total: 90s)
2026-09-24 12:49:23,442 - RLController - INFO -   Example: junction B2 -> durations [24, 22, 22, 22] (total: 90s)
2026-09-24 12:49:23,442 - RLController - INFO -   Example: junction B4 -> durations [24, 22, 22, 22] (total: 90s)
2026-09-24 12:49:23,442 - RLController - INFO -   Example: junction B5 -> durations [60, 10, 10, 10] (total: 90s)
2026-09-24 12:49:23,442 - RLController - INFO -   Example: junction C0 -> durations [22, 22, 24, 22] (total: 90s)
2026-09-24 12:49:23,442 - RLController - INFO -   Example: junction C1 -> durations [24, 22, 22, 22] (total: 90s)
2026-09-24 12:49:23,442 - RLController - INFO -   Example: junction C2 -> durations [57, 13, 10, 10] (total: 90s)
2026-09-24 12:49:23,442 - RLController - INFO -   Example: junction C3 -> durations [60, 10, 10, 10] (total: 90s)
2026-09-24 12:49:23,443 - RLController - INFO -   Example: junction C4 -> durations [57, 11, 11, 11] (total: 90s)
2026-09-24 12:49:23,443 - RLController - INFO -   Example: junction C5 -> durations [57, 11, 11, 11] (total: 90s)
2026-09-24 12:49:23,443 - RLController - INFO -   Example: junction D0 -> durations [24, 22, 22, 22] (total: 90s)
2026-09-24 12:49:23,443 - RLController - INFO -   Example: junction D1 -> durations [21, 21, 27, 21] (total: 90s)
2026-09-24 12:49:23,443 - RLController - INFO -   Example: junction D2 -> durations [45, 15, 15, 15] (total: 90s)
2026-09-24 12:49:23,443 - RLController - INFO -   Example: junction D3 -> durations [24, 22, 22, 22] (total: 90s)
2026-09-24 12:49:23,443 - RLController - INFO -   Example: junction D4 -> durations [24, 22, 22, 22] (total: 90s)
2026-09-24 12:49:23,443 - RLController - INFO -   Example: junction D5 -> durations [13, 13, 51, 13] (total: 90s)
2026-09-24 12:49:23,444 - RLController - INFO -   Example: junction E0 -> durations [24, 22, 22, 22] (total: 90s)
2026-09-24 12:49:23,444 - RLController - INFO -   Example: junction E1 -> durations [24, 22, 22, 22] (total: 90s)
2026-09-24 12:49:23,444 - RLController - INFO -   Stored schedules for 34 junctions, cycle starts at step 2430
2026-09-24 12:49:25,560 - RLController - INFO - DIAGNOSTIC Step 2520 - Observation stats:
2026-09-24 12:49:25,561 - RLController - INFO -   Hash: -7606605700272106519, Min: 0.000000, Max: 1.000000, Mean: 0.408696, Std: 0.450825
2026-09-24 12:49:25,561 - RLController - INFO -   First 10: [1.         0.         0.         0.         0.         0.51192784
 0.         1.         0.99333334 1.        ]
2026-09-24 12:49:25,561 - RLController - INFO -   Last 10: [0.         0.2        0.         0.08333334 0.43376067 0.00302115
 0.06346154 0.5826256  0.         0.3       ]
2026-09-24 12:49:25,610 - RLController - INFO - DIAGNOSTIC - Raw model action output:
2026-09-24 12:49:25,610 - RLController - INFO -   Action hash: -1197015917169589564
2026-09-24 12:49:25,610 - RLController - INFO -   First 8 values: [ -7.1664033 -10.        -10.        -10.        -10.        -10.
 -10.        -10.       ]
2026-09-24 12:49:25,610 - RLController - INFO -   Last 8 values: [-10.       -10.       -10.       -10.       -10.        -2.859662
 -10.       -10.      ]
2026-09-24 12:49:25,610 - RLController - INFO -   Action shape: (136,), min: -10.000000, max: 4.072289, mean: -9.259826
2026-09-24 12:49:25,611 - RLController - INFO -   B0 junction (indices 16-19) raw values: [ -9.8717165 -10.        -10.        -10.       ]
2026-09-24 12:49:25,611 - RLController - INFO - Using CONTINUOUS DURATION-BASED mode
2026-09-24 12:49:25,611 - RLController - INFO -   Example: junction A0 -> durations [51, 13, 13, 13] (total: 90s)
2026-09-24 12:49:25,611 - RLController - INFO -   Example: junction A1 -> durations [24, 22, 22, 22] (total: 90s)
2026-09-24 12:49:25,611 - RLController - INFO -   Example: junction A2 -> durations [12, 12, 54, 12] (total: 90s)
2026-09-24 12:49:25,611 - RLController - INFO -   Example: junction A4 -> durations [60, 10, 10, 10] (total: 90s)
2026-09-24 12:49:25,611 - RLController - INFO -   Example: junction A5 -> durations [24, 22, 22, 22] (total: 90s)
2026-09-24 12:49:25,612 - RLController - INFO -   Example: junction B0 -> durations [24, 22, 22, 22] (total: 90s)
2026-09-24 12:49:25,612 - RLController - INFO -   Example: junction B1 -> durations [24, 22, 22, 22] (total: 90s)
2026-09-24 12:49:25,612 - RLController - INFO -   Example: junction B2 -> durations [24, 22, 22, 22] (total: 90s)
2026-09-24 12:49:25,612 - RLController - INFO -   Example: junction B4 -> durations [24, 22, 22, 22] (total: 90s)
2026-09-24 12:49:25,612 - RLController - INFO -   Example: junction B5 -> durations [60, 10, 10, 10] (total: 90s)
2026-09-24 12:49:25,612 - RLController - INFO -   Example: junction C0 -> durations [22, 22, 24, 22] (total: 90s)
2026-09-24 12:49:25,612 - RLController - INFO -   Example: junction C1 -> durations [24, 22, 22, 22] (total: 90s)
2026-09-24 12:49:25,612 - RLController - INFO -   Example: junction C2 -> durations [57, 13, 10, 10] (total: 90s)
2026-09-24 12:49:25,613 - RLController - INFO -   Example: junction C3 -> durations [60, 10, 10, 10] (total: 90s)
2026-09-24 12:49:25,613 - RLController - INFO -   Example: junction C4 -> durations [57, 11, 11, 11] (total: 90s)
2026-09-24 12:49:25,613 - RLController - INFO -   Example: junction C5 -> durations [57, 11, 11, 11] (total: 90s)
2026-09-24 12:49:25,613 - RLController - INFO -   Example: junction D0 -> durations [24, 22, 22, 22] (total: 90s)
2026-09-24 12:49:25,613 - RLController - INFO -   Example: junction D1 -> durations [21, 21, 27, 21] (total: 90s)
2026-09-24 12:49:25,613 - RLController - INFO -   Example: junction D2 -> durations [45, 15, 15, 15] (total: 90s)
2026-09-24 12:49:25,613 - RLController - INFO -   Example: junction D3 -> durations [24, 22, 22, 22] (total: 90s)
2026-09-24 12:49:25,613 - RLController - INFO -   Example: junction D4 -> durations [24, 22, 22, 22] (total: 90s)
2026-09-24 12:49:25,613 - RLController - INFO -   Example: junction D5 -> durations [13, 13, 51, 13] (total: 90s)
2026-09-24 12:49:25,613 - RLController - INFO -   Example: junction E0 -> durations [24, 22, 22, 22] (total: 90s)
2026-09-24 12:49:25,614 - RLController - INFO -   Example: junction E1 -> durations [24, 22, 22, 22] (total: 90s)
2026-09-24 12:49:25,614 - RLController - INFO -   Stored schedules for 34 junctions, cycle starts at step 2520
2026-09-24 12:49:27,707 - RLController - INFO - DIAGNOSTIC Step 2610 - Observation stats:
2026-09-24 12:49:27,707 - RLController - INFO -   Hash: -2971748355967157339, Min: 0.000000, Max: 1.000000, Mean: 0.411462, Std: 0.451687
2026-09-24 12:49:27,707 - RLController - INFO -   First 10: [1.         0.         0.         0.         0.         0.5115211
 0.         1.         0.99333334 1.        ]
2026-09-24 12:49:27,708 - RLController - INFO -   Last 10: [0.         0.2        0.         0.08333334 0.42735043 0.00229753
 0.0641453  0.5831515  0.         0.3       ]
2026-09-24 12:49:27,711 - RLController - INFO - DIAGNOSTIC - Raw model action output:
2026-09-24 12:49:27,712 - RLController - INFO -   Action hash: -9091955362115245378
2026-09-24 12:49:27,712 - RLController - INFO -   First 8 values: [ -7.1673055 -10.        -10.        -10.        -10.        -10.
 -10.        -10.       ]
2026-09-24 12:49:27,712 - RLController - INFO -   Last 8 values: [-10.       -10.       -10.       -10.       -10.        -1.405855
 -10.       -10.      ]
2026-09-24 12:49:27,712 - RLController - INFO -   Action shape: (136,), min: -10.000000, max: 5.092978, mean: -9.251542
2026-09-24 12:49:27,713 - RLController - INFO -   B0 junction (indices 16-19) raw values: [ -9.859403 -10.       -10.       -10.      ]
2026-09-24 12:49:27,713 - RLController - INFO - Using CONTINUOUS DURATION-BASED mode
2026-09-24 12:49:27,713 - RLController - INFO -   Example: junction A0 -> durations [51, 13, 13, 13] (total: 90s)
2026-09-24 12:49:27,713 - RLController - INFO -   Example: junction A1 -> durations [24, 22, 22, 22] (total: 90s)
2026-09-24 12:49:27,713 - RLController - INFO -   Example: junction A2 -> durations [12, 12, 54, 12] (total: 90s)
2026-09-24 12:49:27,713 - RLController - INFO -   Example: junction A4 -> durations [60, 10, 10, 10] (total: 90s)
2026-09-24 12:49:27,713 - RLController - INFO -   Example: junction A5 -> durations [24, 22, 22, 22] (total: 90s)
2026-09-24 12:49:27,714 - RLController - INFO -   Example: junction B0 -> durations [24, 22, 22, 22] (total: 90s)
2026-09-24 12:49:27,714 - RLController - INFO -   Example: junction B1 -> durations [24, 22, 22, 22] (total: 90s)
2026-09-24 12:49:27,714 - RLController - INFO -   Example: junction B2 -> durations [24, 22, 22, 22] (total: 90s)
2026-09-24 12:49:27,714 - RLController - INFO -   Example: junction B4 -> durations [24, 22, 22, 22] (total: 90s)
2026-09-24 12:49:27,714 - RLController - INFO -   Example: junction B5 -> durations [60, 10, 10, 10] (total: 90s)
2026-09-24 12:49:27,714 - RLController - INFO -   Example: junction C0 -> durations [22, 22, 24, 22] (total: 90s)
2026-09-24 12:49:27,714 - RLController - INFO -   Example: junction C1 -> durations [24, 22, 22, 22] (total: 90s)
2026-09-24 12:49:27,715 - RLController - INFO -   Example: junction C2 -> durations [57, 13, 10, 10] (total: 90s)
2026-09-24 12:49:27,715 - RLController - INFO -   Example: junction C3 -> durations [60, 10, 10, 10] (total: 90s)
2026-09-24 12:49:27,715 - RLController - INFO -   Example: junction C4 -> durations [57, 11, 11, 11] (total: 90s)
2026-09-24 12:49:27,715 - RLController - INFO -   Example: junction C5 -> durations [57, 11, 11, 11] (total: 90s)
2026-09-24 12:49:27,715 - RLController - INFO -   Example: junction D0 -> durations [24, 22, 22, 22] (total: 90s)
2026-09-24 12:49:27,715 - RLController - INFO -   Example: junction D1 -> durations [21, 21, 27, 21] (total: 90s)
2026-09-24 12:49:27,715 - RLController - INFO -   Example: junction D2 -> durations [45, 15, 15, 15] (total: 90s)
2026-09-24 12:49:27,715 - RLController - INFO -   Example: junction D3 -> durations [24, 22, 22, 22] (total: 90s)
2026-09-24 12:49:27,716 - RLController - INFO -   Example: junction D4 -> durations [24, 22, 22, 22] (total: 90s)
2026-09-24 12:49:27,716 - RLController - INFO -   Example: junction D5 -> durations [13, 13, 51, 13] (total: 90s)
2026-09-24 12:49:27,716 - RLController - INFO -   Example: junction E0 -> durations [24, 22, 22, 22] (total: 90s)
2026-09-24 12:49:27,716 - RLController - INFO -   Example: junction E1 -> durations [24, 22, 22, 22] (total: 90s)
2026-09-24 12:49:27,717 - RLController - INFO -   Stored schedules for 34 junctions, cycle starts at step 2610
2026-09-24 12:49:29,878 - RLController - INFO - DIAGNOSTIC Step 2700 - Observation stats:
2026-09-24 12:49:29,878 - RLController - INFO -   Hash: -7531243275149165591, Min: 0.000000, Max: 1.000000, Mean: 0.412098, Std: 0.452737
2026-09-24 12:49:29,879 - RLController - INFO -   First 10: [1.        0.        0.        0.        0.        0.5115211 1.
 0.        0.        0.       ]
2026-09-24 12:49:29,879 - RLController - INFO -   Last 10: [0.         0.2        0.         0.08333334 0.42948717 0.00285032
 0.06440171 0.5805562  0.         0.3       ]
2026-09-24 12:49:29,893 - RLController - INFO - DIAGNOSTIC - Raw model action output:
2026-09-24 12:49:29,893 - RLController - INFO -   Action hash: -857946253740376065
2026-09-24 12:49:29,893 - RLController - INFO -   First 8 values: [ -6.938461 -10.       -10.       -10.       -10.       -10.
 -10.       -10.      ]
2026-09-24 12:49:29,894 - RLController - INFO -   Last 8 values: [-10.        -10.        -10.        -10.        -10.         -2.0779667
 -10.        -10.       ]
2026-09-24 12:49:29,894 - RLController - INFO -   Action shape: (136,), min: -10.000000, max: 4.338655, mean: -9.232687
2026-09-24 12:49:29,894 - RLController - INFO -   B0 junction (indices 16-19) raw values: [ -9.8120165 -10.        -10.        -10.       ]
2026-09-24 12:49:29,894 - RLController - INFO - Using CONTINUOUS DURATION-BASED mode
2026-09-24 12:49:29,894 - RLController - INFO -   Example: junction A0 -> durations [51, 13, 13, 13] (total: 90s)
2026-09-24 12:49:29,894 - RLController - INFO -   Example: junction A1 -> durations [24, 22, 22, 22] (total: 90s)
2026-09-24 12:49:29,895 - RLController - INFO -   Example: junction A2 -> durations [12, 12, 54, 12] (total: 90s)
2026-09-24 12:49:29,895 - RLController - INFO -   Example: junction A4 -> durations [60, 10, 10, 10] (total: 90s)
2026-09-24 12:49:29,895 - RLController - INFO -   Example: junction A5 -> durations [24, 22, 22, 22] (total: 90s)
2026-09-24 12:49:29,895 - RLController - INFO -   Example: junction B0 -> durations [24, 22, 22, 22] (total: 90s)
2026-09-24 12:49:29,895 - RLController - INFO -   Example: junction B1 -> durations [24, 22, 22, 22] (total: 90s)
2026-09-24 12:49:29,895 - RLController - INFO -   Example: junction B2 -> durations [24, 22, 22, 22] (total: 90s)
2026-09-24 12:49:29,895 - RLController - INFO -   Example: junction B4 -> durations [24, 22, 22, 22] (total: 90s)
2026-09-24 12:49:29,896 - RLController - INFO -   Example: junction B5 -> durations [60, 10, 10, 10] (total: 90s)
2026-09-24 12:49:29,896 - RLController - INFO -   Example: junction C0 -> durations [22, 22, 24, 22] (total: 90s)
2026-09-24 12:49:29,896 - RLController - INFO -   Example: junction C1 -> durations [24, 22, 22, 22] (total: 90s)
2026-09-24 12:49:29,896 - RLController - INFO -   Example: junction C2 -> durations [57, 13, 10, 10] (total: 90s)
2026-09-24 12:49:29,896 - RLController - INFO -   Example: junction C3 -> durations [60, 10, 10, 10] (total: 90s)
2026-09-24 12:49:29,896 - RLController - INFO -   Example: junction C4 -> durations [57, 11, 11, 11] (total: 90s)
2026-09-24 12:49:29,896 - RLController - INFO -   Example: junction C5 -> durations [57, 11, 11, 11] (total: 90s)
2026-09-24 12:49:29,896 - RLController - INFO -   Example: junction D0 -> durations [24, 22, 22, 22] (total: 90s)
2026-09-24 12:49:29,897 - RLController - INFO -   Example: junction D1 -> durations [21, 21, 27, 21] (total: 90s)
2026-09-24 12:49:29,897 - RLController - INFO -   Example: junction D2 -> durations [45, 15, 15, 15] (total: 90s)
2026-09-24 12:49:29,897 - RLController - INFO -   Example: junction D3 -> durations [24, 22, 22, 22] (total: 90s)
2026-09-24 12:49:29,897 - RLController - INFO -   Example: junction D4 -> durations [24, 22, 22, 22] (total: 90s)
2026-09-24 12:49:29,897 - RLController - INFO -   Example: junction D5 -> durations [13, 13, 51, 13] (total: 90s)
2026-09-24 12:49:29,897 - RLController - INFO -   Example: junction E0 -> durations [24, 22, 22, 22] (total: 90s)
2026-09-24 12:49:29,897 - RLController - INFO -   Example: junction E1 -> durations [24, 22, 22, 22] (total: 90s)
2026-09-24 12:49:29,898 - RLController - INFO -   Stored schedules for 34 junctions, cycle starts at step 2700
2026-09-24 12:49:32,364 - RLController - INFO - DIAGNOSTIC Step 2790 - Observation stats:
2026-09-24 12:49:32,364 - RLController - INFO -   Hash: -659054181664488358, Min: 0.000000, Max: 1.000116, Mean: 0.413632, Std: 0.451174
2026-09-24 12:49:32,365 - RLController - INFO -   First 10: [1.        0.        0.        0.        0.        0.5115211 1.
 0.        0.        0.       ]
2026-09-24 12:49:32,365 - RLController - INFO -   Last 10: [0.         0.2        0.         0.08333334 0.42307693 0.00295204
 0.06594017 0.59021837 0.         0.3       ]
2026-09-24 12:49:32,368 - RLController - INFO - DIAGNOSTIC - Raw model action output:
2026-09-24 12:49:32,368 - RLController - INFO -   Action hash: -446901018807098498
2026-09-24 12:49:32,369 - RLController - INFO -   First 8 values: [ -7.300606 -10.       -10.       -10.       -10.       -10.
 -10.       -10.      ]
2026-09-24 12:49:32,369 - RLController - INFO -   Last 8 values: [-10.       -10.       -10.       -10.       -10.        -1.598779
 -10.       -10.      ]
2026-09-24 12:49:32,369 - RLController - INFO -   Action shape: (136,), min: -10.000000, max: 5.591483, mean: -9.216917
2026-09-24 12:49:32,369 - RLController - INFO -   B0 junction (indices 16-19) raw values: [ -9.288323 -10.       -10.       -10.      ]
2026-09-24 12:49:32,369 - RLController - INFO - Using CONTINUOUS DURATION-BASED mode
2026-09-24 12:49:32,370 - RLController - INFO -   Example: junction A0 -> durations [51, 13, 13, 13] (total: 90s)
2026-09-24 12:49:32,370 - RLController - INFO -   Example: junction A1 -> durations [24, 22, 22, 22] (total: 90s)
2026-09-24 12:49:32,370 - RLController - INFO -   Example: junction A2 -> durations [12, 12, 54, 12] (total: 90s)
2026-09-24 12:49:32,370 - RLController - INFO -   Example: junction A4 -> durations [60, 10, 10, 10] (total: 90s)
2026-09-24 12:49:32,370 - RLController - INFO -   Example: junction A5 -> durations [24, 22, 22, 22] (total: 90s)
2026-09-24 12:49:32,370 - RLController - INFO -   Example: junction B0 -> durations [24, 22, 22, 22] (total: 90s)
2026-09-24 12:49:32,370 - RLController - INFO -   Example: junction B1 -> durations [24, 22, 22, 22] (total: 90s)
2026-09-24 12:49:32,371 - RLController - INFO -   Example: junction B2 -> durations [24, 22, 22, 22] (total: 90s)
2026-09-24 12:49:32,371 - RLController - INFO -   Example: junction B4 -> durations [24, 22, 22, 22] (total: 90s)
2026-09-24 12:49:32,371 - RLController - INFO -   Example: junction B5 -> durations [60, 10, 10, 10] (total: 90s)
2026-09-24 12:49:32,371 - RLController - INFO -   Example: junction C0 -> durations [22, 22, 24, 22] (total: 90s)
2026-09-24 12:49:32,371 - RLController - INFO -   Example: junction C1 -> durations [24, 22, 22, 22] (total: 90s)
2026-09-24 12:49:32,371 - RLController - INFO -   Example: junction C2 -> durations [57, 13, 10, 10] (total: 90s)
2026-09-24 12:49:32,371 - RLController - INFO -   Example: junction C3 -> durations [60, 10, 10, 10] (total: 90s)
2026-09-24 12:49:32,372 - RLController - INFO -   Example: junction C4 -> durations [57, 11, 11, 11] (total: 90s)
2026-09-24 12:49:32,372 - RLController - INFO -   Example: junction C5 -> durations [57, 11, 11, 11] (total: 90s)
2026-09-24 12:49:32,372 - RLController - INFO -   Example: junction D0 -> durations [24, 22, 22, 22] (total: 90s)
2026-09-24 12:49:32,372 - RLController - INFO -   Example: junction D1 -> durations [21, 21, 27, 21] (total: 90s)
2026-09-24 12:49:32,372 - RLController - INFO -   Example: junction D2 -> durations [45, 15, 15, 15] (total: 90s)
2026-09-24 12:49:32,372 - RLController - INFO -   Example: junction D3 -> durations [24, 22, 22, 22] (total: 90s)
2026-09-24 12:49:32,372 - RLController - INFO -   Example: junction D4 -> durations [24, 22, 22, 22] (total: 90s)
2026-09-24 12:49:32,372 - RLController - INFO -   Example: junction D5 -> durations [13, 13, 51, 13] (total: 90s)
2026-09-24 12:49:32,373 - RLController - INFO -   Example: junction E0 -> durations [24, 22, 22, 22] (total: 90s)
2026-09-24 12:49:32,373 - RLController - INFO -   Example: junction E1 -> durations [24, 22, 22, 22] (total: 90s)
2026-09-24 12:49:32,373 - RLController - INFO -   Stored schedules for 34 junctions, cycle starts at step 2790
2026-09-24 12:49:34,399 - RLController - INFO - DIAGNOSTIC Step 2880 - Observation stats:
2026-09-24 12:49:34,400 - RLController - INFO -   Hash: -8019676301765722422, Min: 0.000000, Max: 1.000000, Mean: 0.410879, Std: 0.451644
2026-09-24 12:49:34,400 - RLController - INFO -   First 10: [1.        0.        0.        0.        0.        0.5115211 1.
 0.        0.        0.       ]
2026-09-24 12:49:34,400 - RLController - INFO -   Last 10: [0.         0.2        0.         0.08333334 0.4059829  0.00264504
 0.06457265 0.6015404  0.         0.3       ]
2026-09-24 12:49:34,405 - RLController - INFO - DIAGNOSTIC - Raw model action output:
2026-09-24 12:49:34,406 - RLController - INFO -   Action hash: 3072970541683999069
2026-09-24 12:49:34,406 - RLController - INFO -   First 8 values: [ -7.173295 -10.       -10.       -10.       -10.       -10.
 -10.       -10.      ]
2026-09-24 12:49:34,406 - RLController - INFO -   Last 8 values: [-10.        -10.        -10.        -10.        -10.         -1.5471952
 -10.        -10.       ]
2026-09-24 12:49:34,406 - RLController - INFO -   Action shape: (136,), min: -10.000000, max: 5.253107, mean: -9.235105
2026-09-24 12:49:34,406 - RLController - INFO -   B0 junction (indices 16-19) raw values: [ -9.541306 -10.       -10.       -10.      ]
2026-09-24 12:49:34,406 - RLController - INFO - Using CONTINUOUS DURATION-BASED mode
2026-09-24 12:49:34,406 - RLController - INFO -   Example: junction A0 -> durations [51, 13, 13, 13] (total: 90s)
2026-09-24 12:49:34,407 - RLController - INFO -   Example: junction A1 -> durations [24, 22, 22, 22] (total: 90s)
2026-09-24 12:49:34,407 - RLController - INFO -   Example: junction A2 -> durations [12, 12, 54, 12] (total: 90s)
2026-09-24 12:49:34,407 - RLController - INFO -   Example: junction A4 -> durations [60, 10, 10, 10] (total: 90s)
2026-09-24 12:49:34,407 - RLController - INFO -   Example: junction A5 -> durations [24, 22, 22, 22] (total: 90s)
2026-09-24 12:49:34,407 - RLController - INFO -   Example: junction B0 -> durations [24, 22, 22, 22] (total: 90s)
2026-09-24 12:49:34,407 - RLController - INFO -   Example: junction B1 -> durations [24, 22, 22, 22] (total: 90s)
2026-09-24 12:49:34,407 - RLController - INFO -   Example: junction B2 -> durations [24, 22, 22, 22] (total: 90s)
2026-09-24 12:49:34,408 - RLController - INFO -   Example: junction B4 -> durations [24, 22, 22, 22] (total: 90s)
2026-09-24 12:49:34,408 - RLController - INFO -   Example: junction B5 -> durations [60, 10, 10, 10] (total: 90s)
2026-09-24 12:49:34,408 - RLController - INFO -   Example: junction C0 -> durations [22, 22, 24, 22] (total: 90s)
2026-09-24 12:49:34,408 - RLController - INFO -   Example: junction C1 -> durations [24, 22, 22, 22] (total: 90s)
2026-09-24 12:49:34,408 - RLController - INFO -   Example: junction C2 -> durations [57, 13, 10, 10] (total: 90s)
2026-09-24 12:49:34,408 - RLController - INFO -   Example: junction C3 -> durations [60, 10, 10, 10] (total: 90s)
2026-09-24 12:49:34,408 - RLController - INFO -   Example: junction C4 -> durations [57, 11, 11, 11] (total: 90s)
2026-09-24 12:49:34,408 - RLController - INFO -   Example: junction C5 -> durations [57, 11, 11, 11] (total: 90s)
2026-09-24 12:49:34,408 - RLController - INFO -   Example: junction D0 -> durations [24, 22, 22, 22] (total: 90s)
2026-09-24 12:49:34,408 - RLController - INFO -   Example: junction D1 -> durations [21, 21, 27, 21] (total: 90s)
2026-09-24 12:49:34,409 - RLController - INFO -   Example: junction D2 -> durations [45, 15, 15, 15] (total: 90s)
2026-09-24 12:49:34,409 - RLController - INFO -   Example: junction D3 -> durations [24, 22, 22, 22] (total: 90s)
2026-09-24 12:49:34,409 - RLController - INFO -   Example: junction D4 -> durations [24, 22, 22, 22] (total: 90s)
2026-09-24 12:49:34,409 - RLController - INFO -   Example: junction D5 -> durations [13, 13, 51, 13] (total: 90s)
2026-09-24 12:49:34,409 - RLController - INFO -   Example: junction E0 -> durations [24, 22, 22, 22] (total: 90s)
2026-09-24 12:49:34,409 - RLController - INFO -   Example: junction E1 -> durations [24, 22, 22, 22] (total: 90s)
2026-09-24 12:49:34,410 - RLController - INFO -   Stored schedules for 34 junctions, cycle starts at step 2880
2026-09-24 12:49:36,611 - RLController - INFO - DIAGNOSTIC Step 2970 - Observation stats:
2026-09-24 12:49:36,611 - RLController - INFO -   Hash: -7887897693050655776, Min: 0.000000, Max: 1.000000, Mean: 0.409663, Std: 0.452167
2026-09-24 12:49:36,612 - RLController - INFO -   First 10: [1.        0.        0.        0.        0.        0.5115211 1.
 0.        0.        0.       ]
2026-09-24 12:49:36,612 - RLController - INFO -   Last 10: [0.         0.2        0.         0.08333334 0.42094016 0.00284438
 0.06512821 0.59364915 0.         0.3       ]
2026-09-24 12:49:36,636 - RLController - INFO - DIAGNOSTIC - Raw model action output:
2026-09-24 12:49:36,636 - RLController - INFO -   Action hash: -415057948981067951
2026-09-24 12:49:36,636 - RLController - INFO -   First 8 values: [ -7.1041126 -10.        -10.        -10.        -10.        -10.
 -10.        -10.       ]
2026-09-24 12:49:36,636 - RLController - INFO -   Last 8 values: [-10.        -10.        -10.        -10.        -10.         -3.3519175
 -10.        -10.       ]
2026-09-24 12:49:36,637 - RLController - INFO -   Action shape: (136,), min: -10.000000, max: 4.625340, mean: -9.243065
2026-09-24 12:49:36,637 - RLController - INFO -   B0 junction (indices 16-19) raw values: [ -9.741232 -10.       -10.       -10.      ]
2026-09-24 12:49:36,637 - RLController - INFO - Using CONTINUOUS DURATION-BASED mode
2026-09-24 12:49:36,637 - RLController - INFO -   Example: junction A0 -> durations [51, 13, 13, 13] (total: 90s)
2026-09-24 12:49:36,637 - RLController - INFO -   Example: junction A1 -> durations [24, 22, 22, 22] (total: 90s)
2026-09-24 12:49:36,637 - RLController - INFO -   Example: junction A2 -> durations [12, 12, 54, 12] (total: 90s)
2026-09-24 12:49:36,637 - RLController - INFO -   Example: junction A4 -> durations [60, 10, 10, 10] (total: 90s)
2026-09-24 12:49:36,638 - RLController - INFO -   Example: junction A5 -> durations [24, 22, 22, 22] (total: 90s)
2026-09-24 12:49:36,638 - RLController - INFO -   Example: junction B0 -> durations [24, 22, 22, 22] (total: 90s)
2026-09-24 12:49:36,638 - RLController - INFO -   Example: junction B1 -> durations [24, 22, 22, 22] (total: 90s)
2026-09-24 12:49:36,638 - RLController - INFO -   Example: junction B2 -> durations [24, 22, 22, 22] (total: 90s)
2026-09-24 12:49:36,638 - RLController - INFO -   Example: junction B4 -> durations [24, 22, 22, 22] (total: 90s)
2026-09-24 12:49:36,638 - RLController - INFO -   Example: junction B5 -> durations [60, 10, 10, 10] (total: 90s)
2026-09-24 12:49:36,638 - RLController - INFO -   Example: junction C0 -> durations [22, 22, 24, 22] (total: 90s)
2026-09-24 12:49:36,638 - RLController - INFO -   Example: junction C1 -> durations [24, 22, 22, 22] (total: 90s)
2026-09-24 12:49:36,639 - RLController - INFO -   Example: junction C2 -> durations [57, 13, 10, 10] (total: 90s)
2026-09-24 12:49:36,639 - RLController - INFO -   Example: junction C3 -> durations [60, 10, 10, 10] (total: 90s)
2026-09-24 12:49:36,639 - RLController - INFO -   Example: junction C4 -> durations [57, 11, 11, 11] (total: 90s)
2026-09-24 12:49:36,639 - RLController - INFO -   Example: junction C5 -> durations [57, 11, 11, 11] (total: 90s)
2026-09-24 12:49:36,639 - RLController - INFO -   Example: junction D0 -> durations [24, 22, 22, 22] (total: 90s)
2026-09-24 12:49:36,639 - RLController - INFO -   Example: junction D1 -> durations [21, 21, 27, 21] (total: 90s)
2026-09-24 12:49:36,639 - RLController - INFO -   Example: junction D2 -> durations [45, 15, 15, 15] (total: 90s)
2026-09-24 12:49:36,639 - RLController - INFO -   Example: junction D3 -> durations [24, 22, 22, 22] (total: 90s)
2026-09-24 12:49:36,640 - RLController - INFO -   Example: junction D4 -> durations [24, 22, 22, 22] (total: 90s)
2026-09-24 12:49:36,640 - RLController - INFO -   Example: junction D5 -> durations [13, 13, 51, 13] (total: 90s)
2026-09-24 12:49:36,640 - RLController - INFO -   Example: junction E0 -> durations [24, 22, 22, 22] (total: 90s)
2026-09-24 12:49:36,640 - RLController - INFO -   Example: junction E1 -> durations [24, 22, 22, 22] (total: 90s)
2026-09-24 12:49:36,641 - RLController - INFO -   Stored schedules for 34 junctions, cycle starts at step 2970
2026-09-24 12:49:39,120 - RLController - INFO - DIAGNOSTIC Step 3060 - Observation stats:
2026-09-24 12:49:39,120 - RLController - INFO -   Hash: 3707517495755838406, Min: 0.000000, Max: 1.000000, Mean: 0.419508, Std: 0.452151
2026-09-24 12:49:39,121 - RLController - INFO -   First 10: [1.        0.        0.        0.        0.        0.5115211 1.
 0.        0.        0.       ]
2026-09-24 12:49:39,121 - RLController - INFO -   Last 10: [0.         0.2        0.         0.08333334 0.45299146 0.00306939
 0.06675214 0.56807774 0.         0.3       ]
2026-09-24 12:49:39,126 - RLController - INFO - DIAGNOSTIC - Raw model action output:
2026-09-24 12:49:39,126 - RLController - INFO -   Action hash: -6865153682189245771
2026-09-24 12:49:39,126 - RLController - INFO -   First 8 values: [ -7.1229863 -10.        -10.        -10.        -10.        -10.
 -10.        -10.       ]
2026-09-24 12:49:39,127 - RLController - INFO -   Last 8 values: [-10.        -10.        -10.        -10.        -10.         -1.9361515
 -10.        -10.       ]
2026-09-24 12:49:39,127 - RLController - INFO -   Action shape: (136,), min: -10.000000, max: 5.676674, mean: -9.241551
2026-09-24 12:49:39,127 - RLController - INFO -   B0 junction (indices 16-19) raw values: [ -9.749137 -10.       -10.       -10.      ]
2026-09-24 12:49:39,127 - RLController - INFO - Using CONTINUOUS DURATION-BASED mode
2026-09-24 12:49:39,128 - RLController - INFO -   Example: junction A0 -> durations [51, 13, 13, 13] (total: 90s)
2026-09-24 12:49:39,128 - RLController - INFO -   Example: junction A1 -> durations [24, 22, 22, 22] (total: 90s)
2026-09-24 12:49:39,128 - RLController - INFO -   Example: junction A2 -> durations [12, 12, 54, 12] (total: 90s)
2026-09-24 12:49:39,128 - RLController - INFO -   Example: junction A4 -> durations [60, 10, 10, 10] (total: 90s)
2026-09-24 12:49:39,128 - RLController - INFO -   Example: junction A5 -> durations [24, 22, 22, 22] (total: 90s)
2026-09-24 12:49:39,128 - RLController - INFO -   Example: junction B0 -> durations [24, 22, 22, 22] (total: 90s)
2026-09-24 12:49:39,129 - RLController - INFO -   Example: junction B1 -> durations [24, 22, 22, 22] (total: 90s)
2026-09-24 12:49:39,129 - RLController - INFO -   Example: junction B2 -> durations [24, 22, 22, 22] (total: 90s)
2026-09-24 12:49:39,129 - RLController - INFO -   Example: junction B4 -> durations [24, 22, 22, 22] (total: 90s)
2026-09-24 12:49:39,129 - RLController - INFO -   Example: junction B5 -> durations [60, 10, 10, 10] (total: 90s)
2026-09-24 12:49:39,129 - RLController - INFO -   Example: junction C0 -> durations [22, 22, 24, 22] (total: 90s)
2026-09-24 12:49:39,130 - RLController - INFO -   Example: junction C1 -> durations [24, 22, 22, 22] (total: 90s)
2026-09-24 12:49:39,130 - RLController - INFO -   Example: junction C2 -> durations [57, 13, 10, 10] (total: 90s)
2026-09-24 12:49:39,130 - RLController - INFO -   Example: junction C3 -> durations [60, 10, 10, 10] (total: 90s)
2026-09-24 12:49:39,130 - RLController - INFO -   Example: junction C4 -> durations [57, 11, 11, 11] (total: 90s)
2026-09-24 12:49:39,130 - RLController - INFO -   Example: junction C5 -> durations [57, 11, 11, 11] (total: 90s)
2026-09-24 12:49:39,130 - RLController - INFO -   Example: junction D0 -> durations [24, 22, 22, 22] (total: 90s)
2026-09-24 12:49:39,131 - RLController - INFO -   Example: junction D1 -> durations [21, 21, 27, 21] (total: 90s)
2026-09-24 12:49:39,131 - RLController - INFO -   Example: junction D2 -> durations [45, 15, 15, 15] (total: 90s)
2026-09-24 12:49:39,131 - RLController - INFO -   Example: junction D3 -> durations [24, 22, 22, 22] (total: 90s)
2026-09-24 12:49:39,131 - RLController - INFO -   Example: junction D4 -> durations [24, 22, 22, 22] (total: 90s)
2026-09-24 12:49:39,131 - RLController - INFO -   Example: junction D5 -> durations [13, 13, 51, 13] (total: 90s)
2026-09-24 12:49:39,131 - RLController - INFO -   Example: junction E0 -> durations [24, 22, 22, 22] (total: 90s)
2026-09-24 12:49:39,132 - RLController - INFO -   Example: junction E1 -> durations [24, 22, 22, 22] (total: 90s)
2026-09-24 12:49:39,132 - RLController - INFO -   Stored schedules for 34 junctions, cycle starts at step 3060
2026-09-24 12:49:41,494 - RLController - INFO - DIAGNOSTIC Step 3150 - Observation stats:
2026-09-24 12:49:41,494 - RLController - INFO -   Hash: -1045558373132071103, Min: 0.000000, Max: 1.000280, Mean: 0.419982, Std: 0.451865
2026-09-24 12:49:41,494 - RLController - INFO -   First 10: [1.         0.         0.         0.         0.         0.5115211
 0.         0.         0.99333334 1.        ]
2026-09-24 12:49:41,494 - RLController - INFO -   Last 10: [0.         0.2        0.         0.08333334 0.4679487  0.00396362
 0.0691453  0.5589847  0.         0.3       ]
2026-09-24 12:49:41,498 - RLController - INFO - DIAGNOSTIC - Raw model action output:
2026-09-24 12:49:41,498 - RLController - INFO -   Action hash: -6867932894299027328
2026-09-24 12:49:41,498 - RLController - INFO -   First 8 values: [ -7.098666 -10.       -10.       -10.       -10.       -10.
 -10.       -10.      ]
2026-09-24 12:49:41,498 - RLController - INFO -   Last 8 values: [-10.        -10.        -10.        -10.        -10.         -3.1111438
 -10.        -10.       ]
2026-09-24 12:49:41,498 - RLController - INFO -   Action shape: (136,), min: -10.000000, max: 5.393851, mean: -9.250471
2026-09-24 12:49:41,499 - RLController - INFO -   B0 junction (indices 16-19) raw values: [ -9.530327 -10.       -10.       -10.      ]
2026-09-24 12:49:41,499 - RLController - INFO - Using CONTINUOUS DURATION-BASED mode
2026-09-24 12:49:41,499 - RLController - INFO -   Example: junction A0 -> durations [51, 13, 13, 13] (total: 90s)
2026-09-24 12:49:41,499 - RLController - INFO -   Example: junction A1 -> durations [24, 22, 22, 22] (total: 90s)
2026-09-24 12:49:41,499 - RLController - INFO -   Example: junction A2 -> durations [12, 12, 54, 12] (total: 90s)
2026-09-24 12:49:41,499 - RLController - INFO -   Example: junction A4 -> durations [60, 10, 10, 10] (total: 90s)
2026-09-24 12:49:41,499 - RLController - INFO -   Example: junction A5 -> durations [24, 22, 22, 22] (total: 90s)
2026-09-24 12:49:41,500 - RLController - INFO -   Example: junction B0 -> durations [24, 22, 22, 22] (total: 90s)
2026-09-24 12:49:41,500 - RLController - INFO -   Example: junction B1 -> durations [24, 22, 22, 22] (total: 90s)
2026-09-24 12:49:41,500 - RLController - INFO -   Example: junction B2 -> durations [24, 22, 22, 22] (total: 90s)
2026-09-24 12:49:41,500 - RLController - INFO -   Example: junction B4 -> durations [24, 22, 22, 22] (total: 90s)
2026-09-24 12:49:41,500 - RLController - INFO -   Example: junction B5 -> durations [60, 10, 10, 10] (total: 90s)
2026-09-24 12:49:41,500 - RLController - INFO -   Example: junction C0 -> durations [22, 22, 24, 22] (total: 90s)
2026-09-24 12:49:41,500 - RLController - INFO -   Example: junction C1 -> durations [24, 22, 22, 22] (total: 90s)
2026-09-24 12:49:41,500 - RLController - INFO -   Example: junction C2 -> durations [57, 13, 10, 10] (total: 90s)
2026-09-24 12:49:41,501 - RLController - INFO -   Example: junction C3 -> durations [60, 10, 10, 10] (total: 90s)
2026-09-24 12:49:41,501 - RLController - INFO -   Example: junction C4 -> durations [57, 11, 11, 11] (total: 90s)
2026-09-24 12:49:41,501 - RLController - INFO -   Example: junction C5 -> durations [57, 11, 11, 11] (total: 90s)
2026-09-24 12:49:41,501 - RLController - INFO -   Example: junction D0 -> durations [24, 22, 22, 22] (total: 90s)
2026-09-24 12:49:41,501 - RLController - INFO -   Example: junction D1 -> durations [21, 21, 27, 21] (total: 90s)
2026-09-24 12:49:41,501 - RLController - INFO -   Example: junction D2 -> durations [45, 15, 15, 15] (total: 90s)
2026-09-24 12:49:41,501 - RLController - INFO -   Example: junction D3 -> durations [24, 22, 22, 22] (total: 90s)
2026-09-24 12:49:41,502 - RLController - INFO -   Example: junction D4 -> durations [24, 22, 22, 22] (total: 90s)
2026-09-24 12:49:41,502 - RLController - INFO -   Example: junction D5 -> durations [13, 13, 51, 13] (total: 90s)
2026-09-24 12:49:41,502 - RLController - INFO -   Example: junction E0 -> durations [24, 22, 22, 22] (total: 90s)
2026-09-24 12:49:41,502 - RLController - INFO -   Example: junction E1 -> durations [24, 22, 22, 22] (total: 90s)
2026-09-24 12:49:41,503 - RLController - INFO -   Stored schedules for 34 junctions, cycle starts at step 3150
2026-09-24 12:49:44,208 - RLController - INFO - DIAGNOSTIC Step 3240 - Observation stats:
2026-09-24 12:49:44,208 - RLController - INFO -   Hash: 2229981181891587377, Min: 0.000000, Max: 1.000000, Mean: 0.423187, Std: 0.454378
2026-09-24 12:49:44,209 - RLController - INFO -   First 10: [1.        0.        0.        0.        0.        0.5115211 1.
 0.        0.        0.       ]
2026-09-24 12:49:44,209 - RLController - INFO -   Last 10: [0.         0.2        0.         0.08333334 0.4551282  0.00312117
 0.06884615 0.5623916  0.         0.3       ]
2026-09-24 12:49:44,215 - RLController - INFO - DIAGNOSTIC - Raw model action output:
2026-09-24 12:49:44,215 - RLController - INFO -   Action hash: -1458527832321110082
2026-09-24 12:49:44,215 - RLController - INFO -   First 8 values: [ -7.188438 -10.       -10.       -10.       -10.       -10.
 -10.       -10.      ]
2026-09-24 12:49:44,216 - RLController - INFO -   Last 8 values: [-10.        -10.        -10.        -10.        -10.         -2.2287676
 -10.        -10.       ]
2026-09-24 12:49:44,216 - RLController - INFO -   Action shape: (136,), min: -10.000000, max: 4.851988, mean: -9.261184
2026-09-24 12:49:44,216 - RLController - INFO -   B0 junction (indices 16-19) raw values: [-10. -10. -10. -10.]
2026-09-24 12:49:44,216 - RLController - INFO - Using CONTINUOUS DURATION-BASED mode
2026-09-24 12:49:44,217 - RLController - INFO -   Example: junction A0 -> durations [51, 13, 13, 13] (total: 90s)
2026-09-24 12:49:44,217 - RLController - INFO -   Example: junction A1 -> durations [24, 22, 22, 22] (total: 90s)
2026-09-24 12:49:44,217 - RLController - INFO -   Example: junction A2 -> durations [12, 12, 54, 12] (total: 90s)
2026-09-24 12:49:44,217 - RLController - INFO -   Example: junction A4 -> durations [60, 10, 10, 10] (total: 90s)
2026-09-24 12:49:44,218 - RLController - INFO -   Example: junction A5 -> durations [24, 22, 22, 22] (total: 90s)
2026-09-24 12:49:44,218 - RLController - INFO -   Example: junction B0 -> durations [24, 22, 22, 22] (total: 90s)
2026-09-24 12:49:44,218 - RLController - INFO -   Example: junction B1 -> durations [24, 22, 22, 22] (total: 90s)
2026-09-24 12:49:44,218 - RLController - INFO -   Example: junction B2 -> durations [24, 22, 22, 22] (total: 90s)
2026-09-24 12:49:44,219 - RLController - INFO -   Example: junction B4 -> durations [24, 22, 22, 22] (total: 90s)
2026-09-24 12:49:44,219 - RLController - INFO -   Example: junction B5 -> durations [60, 10, 10, 10] (total: 90s)
2026-09-24 12:49:44,219 - RLController - INFO -   Example: junction C0 -> durations [22, 22, 24, 22] (total: 90s)
2026-09-24 12:49:44,219 - RLController - INFO -   Example: junction C1 -> durations [24, 22, 22, 22] (total: 90s)
2026-09-24 12:49:44,219 - RLController - INFO -   Example: junction C2 -> durations [57, 13, 10, 10] (total: 90s)
2026-09-24 12:49:44,220 - RLController - INFO -   Example: junction C3 -> durations [60, 10, 10, 10] (total: 90s)
2026-09-24 12:49:44,220 - RLController - INFO -   Example: junction C4 -> durations [57, 11, 11, 11] (total: 90s)
2026-09-24 12:49:44,220 - RLController - INFO -   Example: junction C5 -> durations [57, 11, 11, 11] (total: 90s)
2026-09-24 12:49:44,220 - RLController - INFO -   Example: junction D0 -> durations [24, 22, 22, 22] (total: 90s)
2026-09-24 12:49:44,221 - RLController - INFO -   Example: junction D1 -> durations [21, 21, 27, 21] (total: 90s)
2026-09-24 12:49:44,221 - RLController - INFO -   Example: junction D2 -> durations [45, 15, 15, 15] (total: 90s)
2026-09-24 12:49:44,221 - RLController - INFO -   Example: junction D3 -> durations [24, 22, 22, 22] (total: 90s)
2026-09-24 12:49:44,221 - RLController - INFO -   Example: junction D4 -> durations [24, 22, 22, 22] (total: 90s)
2026-09-24 12:49:44,222 - RLController - INFO -   Example: junction D5 -> durations [13, 13, 51, 13] (total: 90s)
2026-09-24 12:49:44,222 - RLController - INFO -   Example: junction E0 -> durations [24, 22, 22, 22] (total: 90s)
2026-09-24 12:49:44,222 - RLController - INFO -   Example: junction E1 -> durations [24, 22, 22, 22] (total: 90s)
2026-09-24 12:49:44,223 - RLController - INFO -   Stored schedules for 34 junctions, cycle starts at step 3240
2026-09-24 12:49:46,776 - RLController - INFO - DIAGNOSTIC Step 3330 - Observation stats:
2026-09-24 12:49:46,776 - RLController - INFO -   Hash: 835941794454621328, Min: 0.000000, Max: 1.000000, Mean: 0.420898, Std: 0.452109
2026-09-24 12:49:46,777 - RLController - INFO -   First 10: [1.        0.        0.        0.        0.        0.5115211 1.
 0.        0.        0.       ]
2026-09-24 12:49:46,777 - RLController - INFO -   Last 10: [0.         0.2        0.         0.08333334 0.42521366 0.00304904
 0.06747863 0.5845195  0.         0.3       ]
2026-09-24 12:49:46,781 - RLController - INFO - DIAGNOSTIC - Raw model action output:
2026-09-24 12:49:46,781 - RLController - INFO -   Action hash: -8489789911599812083
2026-09-24 12:49:46,781 - RLController - INFO -   First 8 values: [ -7.3921704 -10.        -10.        -10.        -10.        -10.
 -10.        -10.       ]
2026-09-24 12:49:46,781 - RLController - INFO -   Last 8 values: [-10.        -10.        -10.        -10.        -10.         -2.6124437
 -10.        -10.       ]
2026-09-24 12:49:46,781 - RLController - INFO -   Action shape: (136,), min: -10.000000, max: 4.673220, mean: -9.278324
2026-09-24 12:49:46,782 - RLController - INFO -   B0 junction (indices 16-19) raw values: [-10. -10. -10. -10.]
2026-09-24 12:49:46,782 - RLController - INFO - Using CONTINUOUS DURATION-BASED mode
2026-09-24 12:49:46,782 - RLController - INFO -   Example: junction A0 -> durations [51, 13, 13, 13] (total: 90s)
2026-09-24 12:49:46,782 - RLController - INFO -   Example: junction A1 -> durations [24, 22, 22, 22] (total: 90s)
2026-09-24 12:49:46,782 - RLController - INFO -   Example: junction A2 -> durations [12, 12, 54, 12] (total: 90s)
2026-09-24 12:49:46,782 - RLController - INFO -   Example: junction A4 -> durations [60, 10, 10, 10] (total: 90s)
2026-09-24 12:49:46,782 - RLController - INFO -   Example: junction A5 -> durations [24, 22, 22, 22] (total: 90s)
2026-09-24 12:49:46,783 - RLController - INFO -   Example: junction B0 -> durations [24, 22, 22, 22] (total: 90s)
2026-09-24 12:49:46,783 - RLController - INFO -   Example: junction B1 -> durations [24, 22, 22, 22] (total: 90s)
2026-09-24 12:49:46,783 - RLController - INFO -   Example: junction B2 -> durations [24, 22, 22, 22] (total: 90s)
2026-09-24 12:49:46,783 - RLController - INFO -   Example: junction B4 -> durations [24, 22, 22, 22] (total: 90s)
2026-09-24 12:49:46,783 - RLController - INFO -   Example: junction B5 -> durations [60, 10, 10, 10] (total: 90s)
2026-09-24 12:49:46,783 - RLController - INFO -   Example: junction C0 -> durations [22, 22, 24, 22] (total: 90s)
2026-09-24 12:49:46,783 - RLController - INFO -   Example: junction C1 -> durations [24, 22, 22, 22] (total: 90s)
2026-09-24 12:49:46,783 - RLController - INFO -   Example: junction C2 -> durations [57, 13, 10, 10] (total: 90s)
2026-09-24 12:49:46,784 - RLController - INFO -   Example: junction C3 -> durations [60, 10, 10, 10] (total: 90s)
2026-09-24 12:49:46,784 - RLController - INFO -   Example: junction C4 -> durations [57, 11, 11, 11] (total: 90s)
2026-09-24 12:49:46,784 - RLController - INFO -   Example: junction C5 -> durations [57, 11, 11, 11] (total: 90s)
2026-09-24 12:49:46,784 - RLController - INFO -   Example: junction D0 -> durations [24, 22, 22, 22] (total: 90s)
2026-09-24 12:49:46,784 - RLController - INFO -   Example: junction D1 -> durations [21, 21, 27, 21] (total: 90s)
2026-09-24 12:49:46,784 - RLController - INFO -   Example: junction D2 -> durations [45, 15, 15, 15] (total: 90s)
2026-09-24 12:49:46,784 - RLController - INFO -   Example: junction D3 -> durations [24, 22, 22, 22] (total: 90s)
2026-09-24 12:49:46,784 - RLController - INFO -   Example: junction D4 -> durations [24, 22, 22, 22] (total: 90s)
2026-09-24 12:49:46,785 - RLController - INFO -   Example: junction D5 -> durations [13, 13, 51, 13] (total: 90s)
2026-09-24 12:49:46,785 - RLController - INFO -   Example: junction E0 -> durations [24, 22, 22, 22] (total: 90s)
2026-09-24 12:49:46,785 - RLController - INFO -   Example: junction E1 -> durations [24, 22, 22, 22] (total: 90s)
2026-09-24 12:49:46,786 - RLController - INFO -   Stored schedules for 34 junctions, cycle starts at step 3330
2026-09-24 12:49:49,251 - RLController - INFO - DIAGNOSTIC Step 3420 - Observation stats:
2026-09-24 12:49:49,251 - RLController - INFO -   Hash: -7589847207219144242, Min: 0.000000, Max: 1.000000, Mean: 0.424699, Std: 0.454876
2026-09-24 12:49:49,251 - RLController - INFO -   First 10: [1.        0.        0.        0.        0.        0.5115211 1.
 0.        0.        0.       ]
2026-09-24 12:49:49,252 - RLController - INFO -   Last 10: [0.         0.2        0.         0.08333334 0.4636752  0.00258402
 0.07064103 0.54681367 0.         0.3       ]
2026-09-24 12:49:49,257 - RLController - INFO - DIAGNOSTIC - Raw model action output:
2026-09-24 12:49:49,257 - RLController - INFO -   Action hash: 147231959144845676
2026-09-24 12:49:49,257 - RLController - INFO -   First 8 values: [ -7.2885795 -10.        -10.        -10.        -10.        -10.
 -10.        -10.       ]
2026-09-24 12:49:49,257 - RLController - INFO -   Last 8 values: [-10.        -10.        -10.        -10.        -10.         -3.0447628
 -10.        -10.       ]
2026-09-24 12:49:49,257 - RLController - INFO -   Action shape: (136,), min: -10.000000, max: 4.707317, mean: -9.275601
2026-09-24 12:49:49,258 - RLController - INFO -   B0 junction (indices 16-19) raw values: [-10. -10. -10. -10.]
2026-09-24 12:49:49,258 - RLController - INFO - Using CONTINUOUS DURATION-BASED mode
2026-09-24 12:49:49,258 - RLController - INFO -   Example: junction A0 -> durations [51, 13, 13, 13] (total: 90s)
2026-09-24 12:49:49,258 - RLController - INFO -   Example: junction A1 -> durations [24, 22, 22, 22] (total: 90s)
2026-09-24 12:49:49,258 - RLController - INFO -   Example: junction A2 -> durations [12, 12, 54, 12] (total: 90s)
2026-09-24 12:49:49,258 - RLController - INFO -   Example: junction A4 -> durations [60, 10, 10, 10] (total: 90s)
2026-09-24 12:49:49,259 - RLController - INFO -   Example: junction A5 -> durations [24, 22, 22, 22] (total: 90s)
2026-09-24 12:49:49,259 - RLController - INFO -   Example: junction B0 -> durations [24, 22, 22, 22] (total: 90s)
2026-09-24 12:49:49,259 - RLController - INFO -   Example: junction B1 -> durations [24, 22, 22, 22] (total: 90s)
2026-09-24 12:49:49,259 - RLController - INFO -   Example: junction B2 -> durations [24, 22, 22, 22] (total: 90s)
2026-09-24 12:49:49,259 - RLController - INFO -   Example: junction B4 -> durations [24, 22, 22, 22] (total: 90s)
2026-09-24 12:49:49,259 - RLController - INFO -   Example: junction B5 -> durations [60, 10, 10, 10] (total: 90s)
2026-09-24 12:49:49,259 - RLController - INFO -   Example: junction C0 -> durations [22, 22, 24, 22] (total: 90s)
2026-09-24 12:49:49,260 - RLController - INFO -   Example: junction C1 -> durations [24, 22, 22, 22] (total: 90s)
2026-09-24 12:49:49,260 - RLController - INFO -   Example: junction C2 -> durations [57, 13, 10, 10] (total: 90s)
2026-09-24 12:49:49,260 - RLController - INFO -   Example: junction C3 -> durations [60, 10, 10, 10] (total: 90s)
2026-09-24 12:49:49,260 - RLController - INFO -   Example: junction C4 -> durations [57, 11, 11, 11] (total: 90s)
2026-09-24 12:49:49,260 - RLController - INFO -   Example: junction C5 -> durations [57, 11, 11, 11] (total: 90s)
2026-09-24 12:49:49,260 - RLController - INFO -   Example: junction D0 -> durations [24, 22, 22, 22] (total: 90s)
2026-09-24 12:49:49,260 - RLController - INFO -   Example: junction D1 -> durations [21, 21, 27, 21] (total: 90s)
2026-09-24 12:49:49,261 - RLController - INFO -   Example: junction D2 -> durations [45, 15, 15, 15] (total: 90s)
2026-09-24 12:49:49,261 - RLController - INFO -   Example: junction D3 -> durations [24, 22, 22, 22] (total: 90s)
2026-09-24 12:49:49,261 - RLController - INFO -   Example: junction D4 -> durations [24, 22, 22, 22] (total: 90s)
2026-09-24 12:49:49,261 - RLController - INFO -   Example: junction D5 -> durations [13, 13, 51, 13] (total: 90s)
2026-09-24 12:49:49,261 - RLController - INFO -   Example: junction E0 -> durations [24, 22, 22, 22] (total: 90s)
2026-09-24 12:49:49,261 - RLController - INFO -   Example: junction E1 -> durations [24, 22, 22, 22] (total: 90s)
2026-09-24 12:49:49,262 - RLController - INFO -   Stored schedules for 34 junctions, cycle starts at step 3420
2026-09-24 12:49:51,528 - RLController - INFO - DIAGNOSTIC Step 3510 - Observation stats:
2026-09-24 12:49:51,528 - RLController - INFO -   Hash: 2220294627967617663, Min: 0.000000, Max: 1.000000, Mean: 0.421238, Std: 0.453968
2026-09-24 12:49:51,528 - RLController - INFO -   First 10: [1.        0.        0.        0.        0.        0.5115211 1.
 0.        0.        0.       ]
2026-09-24 12:49:51,528 - RLController - INFO -   Last 10: [0.         0.2        0.         0.08333334 0.45299146 0.0032662
 0.07102564 0.56597614 0.         0.3       ]
2026-09-24 12:49:51,532 - RLController - INFO - DIAGNOSTIC - Raw model action output:
2026-09-24 12:49:51,532 - RLController - INFO -   Action hash: -4727566076348232754
2026-09-24 12:49:51,532 - RLController - INFO -   First 8 values: [ -7.027627 -10.       -10.       -10.       -10.       -10.
 -10.       -10.      ]
2026-09-24 12:49:51,532 - RLController - INFO -   Last 8 values: [-10.       -10.       -10.       -10.       -10.        -4.024669
 -10.       -10.      ]
2026-09-24 12:49:51,532 - RLController - INFO -   Action shape: (136,), min: -10.000000, max: 4.253994, mean: -9.264602
2026-09-24 12:49:51,533 - RLController - INFO -   B0 junction (indices 16-19) raw values: [ -9.951493 -10.       -10.       -10.      ]
2026-09-24 12:49:51,533 - RLController - INFO - Using CONTINUOUS DURATION-BASED mode
2026-09-24 12:49:51,533 - RLController - INFO -   Example: junction A0 -> durations [51, 13, 13, 13] (total: 90s)
2026-09-24 12:49:51,533 - RLController - INFO -   Example: junction A1 -> durations [24, 22, 22, 22] (total: 90s)
2026-09-24 12:49:51,533 - RLController - INFO -   Example: junction A2 -> durations [12, 12, 54, 12] (total: 90s)
2026-09-24 12:49:51,533 - RLController - INFO -   Example: junction A4 -> durations [60, 10, 10, 10] (total: 90s)
2026-09-24 12:49:51,533 - RLController - INFO -   Example: junction A5 -> durations [24, 22, 22, 22] (total: 90s)
2026-09-24 12:49:51,533 - RLController - INFO -   Example: junction B0 -> durations [24, 22, 22, 22] (total: 90s)
2026-09-24 12:49:51,534 - RLController - INFO -   Example: junction B1 -> durations [24, 22, 22, 22] (total: 90s)
2026-09-24 12:49:51,534 - RLController - INFO -   Example: junction B2 -> durations [24, 22, 22, 22] (total: 90s)
2026-09-24 12:49:51,534 - RLController - INFO -   Example: junction B4 -> durations [24, 22, 22, 22] (total: 90s)
2026-09-24 12:49:51,534 - RLController - INFO -   Example: junction B5 -> durations [60, 10, 10, 10] (total: 90s)
2026-09-24 12:49:51,534 - RLController - INFO -   Example: junction C0 -> durations [22, 22, 24, 22] (total: 90s)
2026-09-24 12:49:51,534 - RLController - INFO -   Example: junction C1 -> durations [24, 22, 22, 22] (total: 90s)
2026-09-24 12:49:51,534 - RLController - INFO -   Example: junction C2 -> durations [57, 13, 10, 10] (total: 90s)
2026-09-24 12:49:51,534 - RLController - INFO -   Example: junction C3 -> durations [60, 10, 10, 10] (total: 90s)
2026-09-24 12:49:51,534 - RLController - INFO -   Example: junction C4 -> durations [57, 11, 11, 11] (total: 90s)
2026-09-24 12:49:51,535 - RLController - INFO -   Example: junction C5 -> durations [57, 11, 11, 11] (total: 90s)
2026-09-24 12:49:51,535 - RLController - INFO -   Example: junction D0 -> durations [24, 22, 22, 22] (total: 90s)
2026-09-24 12:49:51,535 - RLController - INFO -   Example: junction D1 -> durations [21, 21, 27, 21] (total: 90s)
2026-09-24 12:49:51,535 - RLController - INFO -   Example: junction D2 -> durations [45, 15, 15, 15] (total: 90s)
2026-09-24 12:49:51,535 - RLController - INFO -   Example: junction D3 -> durations [24, 22, 22, 22] (total: 90s)
2026-09-24 12:49:51,535 - RLController - INFO -   Example: junction D4 -> durations [24, 22, 22, 22] (total: 90s)
2026-09-24 12:49:51,535 - RLController - INFO -   Example: junction D5 -> durations [13, 13, 51, 13] (total: 90s)
2026-09-24 12:49:51,535 - RLController - INFO -   Example: junction E0 -> durations [24, 22, 22, 22] (total: 90s)
2026-09-24 12:49:51,535 - RLController - INFO -   Example: junction E1 -> durations [24, 22, 22, 22] (total: 90s)
2026-09-24 12:49:51,536 - RLController - INFO -   Stored schedules for 34 junctions, cycle starts at step 3510
2026-09-24 12:49:53,896 - RLController - INFO - DIAGNOSTIC Step 3600 - Observation stats:
2026-09-24 12:49:53,896 - RLController - INFO -   Hash: -5080831430153496925, Min: 0.000000, Max: 1.000000, Mean: 0.423877, Std: 0.456192
2026-09-24 12:49:53,896 - RLController - INFO -   First 10: [1.        0.        0.        0.        0.        0.5115211 1.
 0.        0.        0.       ]
2026-09-24 12:49:53,896 - RLController - INFO -   Last 10: [0.         0.2        0.         0.08333334 0.46581197 0.00245928
 0.07064103 0.54577005 0.         0.3       ]
2026-09-24 12:49:53,900 - RLController - INFO - DIAGNOSTIC - Raw model action output:
2026-09-24 12:49:53,901 - RLController - INFO -   Action hash: -6533546653647299174
2026-09-24 12:49:53,901 - RLController - INFO -   First 8 values: [ -7.137234 -10.       -10.       -10.       -10.       -10.
 -10.       -10.      ]
2026-09-24 12:49:53,901 - RLController - INFO -   Last 8 values: [-10.       -10.       -10.       -10.       -10.        -2.173759
 -10.       -10.      ]
2026-09-24 12:49:53,901 - RLController - INFO -   Action shape: (136,), min: -10.000000, max: 5.283179, mean: -9.240758
2026-09-24 12:49:53,902 - RLController - INFO -   B0 junction (indices 16-19) raw values: [ -9.806542 -10.       -10.       -10.      ]
2026-09-24 12:49:53,902 - RLController - INFO - Using CONTINUOUS DURATION-BASED mode
2026-09-24 12:49:53,902 - RLController - INFO -   Example: junction A0 -> durations [51, 13, 13, 13] (total: 90s)
2026-09-24 12:49:53,902 - RLController - INFO -   Example: junction A1 -> durations [24, 22, 22, 22] (total: 90s)
2026-09-24 12:49:53,902 - RLController - INFO -   Example: junction A2 -> durations [12, 12, 54, 12] (total: 90s)
2026-09-24 12:49:53,902 - RLController - INFO -   Example: junction A4 -> durations [60, 10, 10, 10] (total: 90s)
2026-09-24 12:49:53,903 - RLController - INFO -   Example: junction A5 -> durations [24, 22, 22, 22] (total: 90s)
2026-09-24 12:49:53,903 - RLController - INFO -   Example: junction B0 -> durations [24, 22, 22, 22] (total: 90s)
2026-09-24 12:49:53,903 - RLController - INFO -   Example: junction B1 -> durations [24, 22, 22, 22] (total: 90s)
2026-09-24 12:49:53,903 - RLController - INFO -   Example: junction B2 -> durations [24, 22, 22, 22] (total: 90s)
2026-09-24 12:49:53,903 - RLController - INFO -   Example: junction B4 -> durations [24, 22, 22, 22] (total: 90s)
2026-09-24 12:49:53,903 - RLController - INFO -   Example: junction B5 -> durations [60, 10, 10, 10] (total: 90s)
2026-09-24 12:49:53,904 - RLController - INFO -   Example: junction C0 -> durations [22, 22, 24, 22] (total: 90s)
2026-09-24 12:49:53,904 - RLController - INFO -   Example: junction C1 -> durations [24, 22, 22, 22] (total: 90s)
2026-09-24 12:49:53,904 - RLController - INFO -   Example: junction C2 -> durations [57, 13, 10, 10] (total: 90s)
2026-09-24 12:49:53,904 - RLController - INFO -   Example: junction C3 -> durations [60, 10, 10, 10] (total: 90s)
2026-09-24 12:49:53,904 - RLController - INFO -   Example: junction C4 -> durations [57, 11, 11, 11] (total: 90s)
2026-09-24 12:49:53,904 - RLController - INFO -   Example: junction C5 -> durations [57, 11, 11, 11] (total: 90s)
2026-09-24 12:49:53,905 - RLController - INFO -   Example: junction D0 -> durations [24, 22, 22, 22] (total: 90s)
2026-09-24 12:49:53,905 - RLController - INFO -   Example: junction D1 -> durations [21, 21, 27, 21] (total: 90s)
2026-09-24 12:49:53,905 - RLController - INFO -   Example: junction D2 -> durations [45, 15, 15, 15] (total: 90s)
2026-09-24 12:49:53,905 - RLController - INFO -   Example: junction D3 -> durations [24, 22, 22, 22] (total: 90s)
2026-09-24 12:49:53,905 - RLController - INFO -   Example: junction D4 -> durations [24, 22, 22, 22] (total: 90s)
2026-09-24 12:49:53,905 - RLController - INFO -   Example: junction D5 -> durations [13, 13, 51, 13] (total: 90s)
2026-09-24 12:49:53,906 - RLController - INFO -   Example: junction E0 -> durations [24, 22, 22, 22] (total: 90s)
2026-09-24 12:49:53,906 - RLController - INFO -   Example: junction E1 -> durations [24, 22, 22, 22] (total: 90s)
2026-09-24 12:49:53,907 - RLController - INFO -   Stored schedules for 34 junctions, cycle starts at step 3600
2026-09-24 12:49:56,306 - RLController - INFO - DIAGNOSTIC Step 3690 - Observation stats:
2026-09-24 12:49:56,307 - RLController - INFO -   Hash: 451578299691663287, Min: 0.000000, Max: 1.000000, Mean: 0.417390, Std: 0.453559
2026-09-24 12:49:56,307 - RLController - INFO -   First 10: [1.        0.        0.        0.        0.        0.5115211 1.
 0.        0.        0.       ]
2026-09-24 12:49:56,307 - RLController - INFO -   Last 10: [0.         0.2        0.         0.08333334 0.44230768 0.00290906
 0.07064103 0.57097864 0.         0.3       ]
2026-09-24 12:49:56,311 - RLController - INFO - DIAGNOSTIC - Raw model action output:
2026-09-24 12:49:56,311 - RLController - INFO -   Action hash: -8458939632288435279
2026-09-24 12:49:56,311 - RLController - INFO -   First 8 values: [ -7.078083 -10.       -10.       -10.       -10.       -10.
 -10.       -10.      ]
2026-09-24 12:49:56,312 - RLController - INFO -   Last 8 values: [-10.        -10.        -10.        -10.        -10.         -2.9851816
 -10.        -10.       ]
2026-09-24 12:49:56,312 - RLController - INFO -   Action shape: (136,), min: -10.000000, max: 5.143446, mean: -9.253318
2026-09-24 12:49:56,312 - RLController - INFO -   B0 junction (indices 16-19) raw values: [ -9.77827 -10.      -10.      -10.     ]
2026-09-24 12:49:56,312 - RLController - INFO - Using CONTINUOUS DURATION-BASED mode
2026-09-24 12:49:56,312 - RLController - INFO -   Example: junction A0 -> durations [51, 13, 13, 13] (total: 90s)
2026-09-24 12:49:56,312 - RLController - INFO -   Example: junction A1 -> durations [24, 22, 22, 22] (total: 90s)
2026-09-24 12:49:56,313 - RLController - INFO -   Example: junction A2 -> durations [12, 12, 54, 12] (total: 90s)
2026-09-24 12:49:56,313 - RLController - INFO -   Example: junction A4 -> durations [60, 10, 10, 10] (total: 90s)
2026-09-24 12:49:56,313 - RLController - INFO -   Example: junction A5 -> durations [24, 22, 22, 22] (total: 90s)
2026-09-24 12:49:56,313 - RLController - INFO -   Example: junction B0 -> durations [24, 22, 22, 22] (total: 90s)
2026-09-24 12:49:56,313 - RLController - INFO -   Example: junction B1 -> durations [24, 22, 22, 22] (total: 90s)
2026-09-24 12:49:56,313 - RLController - INFO -   Example: junction B2 -> durations [24, 22, 22, 22] (total: 90s)
2026-09-24 12:49:56,314 - RLController - INFO -   Example: junction B4 -> durations [24, 22, 22, 22] (total: 90s)
2026-09-24 12:49:56,314 - RLController - INFO -   Example: junction B5 -> durations [60, 10, 10, 10] (total: 90s)
2026-09-24 12:49:56,314 - RLController - INFO -   Example: junction C0 -> durations [22, 22, 24, 22] (total: 90s)
2026-09-24 12:49:56,314 - RLController - INFO -   Example: junction C1 -> durations [24, 22, 22, 22] (total: 90s)
2026-09-24 12:49:56,314 - RLController - INFO -   Example: junction C2 -> durations [57, 13, 10, 10] (total: 90s)
2026-09-24 12:49:56,315 - RLController - INFO -   Example: junction C3 -> durations [60, 10, 10, 10] (total: 90s)
2026-09-24 12:49:56,315 - RLController - INFO -   Example: junction C4 -> durations [57, 11, 11, 11] (total: 90s)
2026-09-24 12:49:56,315 - RLController - INFO -   Example: junction C5 -> durations [57, 11, 11, 11] (total: 90s)
2026-09-24 12:49:56,315 - RLController - INFO -   Example: junction D0 -> durations [24, 22, 22, 22] (total: 90s)
2026-09-24 12:49:56,315 - RLController - INFO -   Example: junction D1 -> durations [21, 21, 27, 21] (total: 90s)
2026-09-24 12:49:56,315 - RLController - INFO -   Example: junction D2 -> durations [45, 15, 15, 15] (total: 90s)
2026-09-24 12:49:56,316 - RLController - INFO -   Example: junction D3 -> durations [24, 22, 22, 22] (total: 90s)
2026-09-24 12:49:56,316 - RLController - INFO -   Example: junction D4 -> durations [24, 22, 22, 22] (total: 90s)
2026-09-24 12:49:56,316 - RLController - INFO -   Example: junction D5 -> durations [13, 13, 51, 13] (total: 90s)
2026-09-24 12:49:56,316 - RLController - INFO -   Example: junction E0 -> durations [24, 22, 22, 22] (total: 90s)
2026-09-24 12:49:56,316 - RLController - INFO -   Example: junction E1 -> durations [24, 22, 22, 22] (total: 90s)
2026-09-24 12:49:56,317 - RLController - INFO -   Stored schedules for 34 junctions, cycle starts at step 3690
2026-09-24 12:49:58,584 - RLController - INFO - DIAGNOSTIC Step 3780 - Observation stats:
2026-09-24 12:49:58,584 - RLController - INFO -   Hash: 9027212111808432732, Min: 0.000000, Max: 1.000000, Mean: 0.423518, Std: 0.453535
2026-09-24 12:49:58,584 - RLController - INFO -   First 10: [1.        0.        0.        0.        0.        0.5115211 1.
 0.        0.        0.       ]
2026-09-24 12:49:58,585 - RLController - INFO -   Last 10: [0.         0.2        0.         0.08333334 0.45299146 0.00305989
 0.07051282 0.56241024 0.         0.3       ]
2026-09-24 12:49:58,588 - RLController - INFO - DIAGNOSTIC - Raw model action output:
2026-09-24 12:49:58,588 - RLController - INFO -   Action hash: -1131174769059650735
2026-09-24 12:49:58,589 - RLController - INFO -   First 8 values: [ -7.2236085 -10.        -10.        -10.        -10.        -10.
 -10.        -10.       ]
2026-09-24 12:49:58,589 - RLController - INFO -   Last 8 values: [-10.      -10.      -10.      -10.      -10.       -3.15434 -10.
 -10.     ]
2026-09-24 12:49:58,589 - RLController - INFO -   Action shape: (136,), min: -10.000000, max: 4.931426, mean: -9.275767
2026-09-24 12:49:58,589 - RLController - INFO -   B0 junction (indices 16-19) raw values: [ -9.91021 -10.      -10.      -10.     ]
2026-09-24 12:49:58,589 - RLController - INFO - Using CONTINUOUS DURATION-BASED mode
2026-09-24 12:49:58,589 - RLController - INFO -   Example: junction A0 -> durations [51, 13, 13, 13] (total: 90s)
2026-09-24 12:49:58,589 - RLController - INFO -   Example: junction A1 -> durations [24, 22, 22, 22] (total: 90s)
2026-09-24 12:49:58,590 - RLController - INFO -   Example: junction A2 -> durations [12, 12, 54, 12] (total: 90s)
2026-09-24 12:49:58,590 - RLController - INFO -   Example: junction A4 -> durations [60, 10, 10, 10] (total: 90s)
2026-09-24 12:49:58,590 - RLController - INFO -   Example: junction A5 -> durations [24, 22, 22, 22] (total: 90s)
2026-09-24 12:49:58,590 - RLController - INFO -   Example: junction B0 -> durations [24, 22, 22, 22] (total: 90s)
2026-09-24 12:49:58,590 - RLController - INFO -   Example: junction B1 -> durations [24, 22, 22, 22] (total: 90s)
2026-09-24 12:49:58,590 - RLController - INFO -   Example: junction B2 -> durations [24, 22, 22, 22] (total: 90s)
2026-09-24 12:49:58,590 - RLController - INFO -   Example: junction B4 -> durations [24, 22, 22, 22] (total: 90s)
2026-09-24 12:49:58,590 - RLController - INFO -   Example: junction B5 -> durations [60, 10, 10, 10] (total: 90s)
2026-09-24 12:49:58,590 - RLController - INFO -   Example: junction C0 -> durations [22, 22, 24, 22] (total: 90s)
2026-09-24 12:49:58,591 - RLController - INFO -   Example: junction C1 -> durations [24, 22, 22, 22] (total: 90s)
2026-09-24 12:49:58,591 - RLController - INFO -   Example: junction C2 -> durations [57, 13, 10, 10] (total: 90s)
2026-09-24 12:49:58,591 - RLController - INFO -   Example: junction C3 -> durations [60, 10, 10, 10] (total: 90s)
2026-09-24 12:49:58,591 - RLController - INFO -   Example: junction C4 -> durations [57, 11, 11, 11] (total: 90s)
2026-09-24 12:49:58,591 - RLController - INFO -   Example: junction C5 -> durations [57, 11, 11, 11] (total: 90s)
2026-09-24 12:49:58,591 - RLController - INFO -   Example: junction D0 -> durations [24, 22, 22, 22] (total: 90s)
2026-09-24 12:49:58,591 - RLController - INFO -   Example: junction D1 -> durations [21, 21, 27, 21] (total: 90s)
2026-09-24 12:49:58,591 - RLController - INFO -   Example: junction D2 -> durations [45, 15, 15, 15] (total: 90s)
2026-09-24 12:49:58,591 - RLController - INFO -   Example: junction D3 -> durations [24, 22, 22, 22] (total: 90s)
2026-09-24 12:49:58,592 - RLController - INFO -   Example: junction D4 -> durations [24, 22, 22, 22] (total: 90s)
2026-09-24 12:49:58,592 - RLController - INFO -   Example: junction D5 -> durations [13, 13, 51, 13] (total: 90s)
2026-09-24 12:49:58,592 - RLController - INFO -   Example: junction E0 -> durations [24, 22, 22, 22] (total: 90s)
2026-09-24 12:49:58,592 - RLController - INFO -   Example: junction E1 -> durations [24, 22, 22, 22] (total: 90s)
2026-09-24 12:49:58,592 - RLController - INFO -   Stored schedules for 34 junctions, cycle starts at step 3780
2026-09-24 12:50:00,760 - RLController - INFO - DIAGNOSTIC Step 3870 - Observation stats:
2026-09-24 12:50:00,761 - RLController - INFO -   Hash: -2087399391285072598, Min: 0.000000, Max: 1.000000, Mean: 0.428280, Std: 0.455751
2026-09-24 12:50:00,761 - RLController - INFO -   First 10: [1.         0.         0.         0.         0.         0.5115211
 0.         0.         0.99333334 1.        ]
2026-09-24 12:50:00,762 - RLController - INFO -   Last 10: [0.         0.2        0.         0.08333334 0.4594017  0.00282452
 0.06884615 0.55747557 0.         0.3       ]
2026-09-24 12:50:00,766 - RLController - INFO - DIAGNOSTIC - Raw model action output:
2026-09-24 12:50:00,766 - RLController - INFO -   Action hash: -4683992797243727862
2026-09-24 12:50:00,766 - RLController - INFO -   First 8 values: [ -7.3081737 -10.        -10.        -10.        -10.        -10.
 -10.        -10.       ]
2026-09-24 12:50:00,766 - RLController - INFO -   Last 8 values: [-10.        -10.        -10.        -10.        -10.         -3.2858174
 -10.        -10.       ]
2026-09-24 12:50:00,766 - RLController - INFO -   Action shape: (136,), min: -10.000000, max: 5.257623, mean: -9.274267
2026-09-24 12:50:00,767 - RLController - INFO -   B0 junction (indices 16-19) raw values: [-10. -10. -10. -10.]
2026-09-24 12:50:00,767 - RLController - INFO - Using CONTINUOUS DURATION-BASED mode
2026-09-24 12:50:00,767 - RLController - INFO -   Example: junction A0 -> durations [51, 13, 13, 13] (total: 90s)
2026-09-24 12:50:00,767 - RLController - INFO -   Example: junction A1 -> durations [24, 22, 22, 22] (total: 90s)
2026-09-24 12:50:00,767 - RLController - INFO -   Example: junction A2 -> durations [12, 12, 54, 12] (total: 90s)
2026-09-24 12:50:00,767 - RLController - INFO -   Example: junction A4 -> durations [60, 10, 10, 10] (total: 90s)
2026-09-24 12:50:00,767 - RLController - INFO -   Example: junction A5 -> durations [24, 22, 22, 22] (total: 90s)
2026-09-24 12:50:00,768 - RLController - INFO -   Example: junction B0 -> durations [24, 22, 22, 22] (total: 90s)
2026-09-24 12:50:00,768 - RLController - INFO -   Example: junction B1 -> durations [24, 22, 22, 22] (total: 90s)
2026-09-24 12:50:00,768 - RLController - INFO -   Example: junction B2 -> durations [24, 22, 22, 22] (total: 90s)
2026-09-24 12:50:00,768 - RLController - INFO -   Example: junction B4 -> durations [24, 22, 22, 22] (total: 90s)
2026-09-24 12:50:00,768 - RLController - INFO -   Example: junction B5 -> durations [60, 10, 10, 10] (total: 90s)
2026-09-24 12:50:00,768 - RLController - INFO -   Example: junction C0 -> durations [22, 22, 24, 22] (total: 90s)
2026-09-24 12:50:00,768 - RLController - INFO -   Example: junction C1 -> durations [24, 22, 22, 22] (total: 90s)
2026-09-24 12:50:00,768 - RLController - INFO -   Example: junction C2 -> durations [57, 13, 10, 10] (total: 90s)
2026-09-24 12:50:00,769 - RLController - INFO -   Example: junction C3 -> durations [60, 10, 10, 10] (total: 90s)
2026-09-24 12:50:00,769 - RLController - INFO -   Example: junction C4 -> durations [57, 11, 11, 11] (total: 90s)
2026-09-24 12:50:00,769 - RLController - INFO -   Example: junction C5 -> durations [57, 11, 11, 11] (total: 90s)
2026-09-24 12:50:00,769 - RLController - INFO -   Example: junction D0 -> durations [24, 22, 22, 22] (total: 90s)
2026-09-24 12:50:00,769 - RLController - INFO -   Example: junction D1 -> durations [21, 21, 27, 21] (total: 90s)
2026-09-24 12:50:00,769 - RLController - INFO -   Example: junction D2 -> durations [45, 15, 15, 15] (total: 90s)
2026-09-24 12:50:00,769 - RLController - INFO -   Example: junction D3 -> durations [24, 22, 22, 22] (total: 90s)
2026-09-24 12:50:00,769 - RLController - INFO -   Example: junction D4 -> durations [24, 22, 22, 22] (total: 90s)
2026-09-24 12:50:00,770 - RLController - INFO -   Example: junction D5 -> durations [13, 13, 51, 13] (total: 90s)
2026-09-24 12:50:00,770 - RLController - INFO -   Example: junction E0 -> durations [24, 22, 22, 22] (total: 90s)
2026-09-24 12:50:00,770 - RLController - INFO -   Example: junction E1 -> durations [24, 22, 22, 22] (total: 90s)
2026-09-24 12:50:00,771 - RLController - INFO -   Stored schedules for 34 junctions, cycle starts at step 3870
2026-09-24 12:50:03,404 - RLController - INFO - DIAGNOSTIC Step 3960 - Observation stats:
2026-09-24 12:50:03,405 - RLController - INFO -   Hash: 8774854633113189372, Min: 0.000000, Max: 1.000000, Mean: 0.423902, Std: 0.454402
2026-09-24 12:50:03,405 - RLController - INFO -   First 10: [1.         0.         0.         0.         0.         0.5115211
 0.         1.         0.99333334 1.        ]
2026-09-24 12:50:03,406 - RLController - INFO -   Last 10: [0.         0.2        0.         0.08333334 0.44871795 0.00283045
 0.0681624  0.5652245  0.         0.3       ]
2026-09-24 12:50:03,413 - RLController - INFO - DIAGNOSTIC - Raw model action output:
2026-09-24 12:50:03,413 - RLController - INFO -   Action hash: -8028697921541651314
2026-09-24 12:50:03,414 - RLController - INFO -   First 8 values: [ -7.1326313 -10.        -10.        -10.        -10.        -10.
 -10.        -10.       ]
2026-09-24 12:50:03,414 - RLController - INFO -   Last 8 values: [-10.        -10.        -10.        -10.        -10.         -1.5582836
 -10.        -10.       ]
2026-09-24 12:50:03,414 - RLController - INFO -   Action shape: (136,), min: -10.000000, max: 5.372378, mean: -9.264675
2026-09-24 12:50:03,414 - RLController - INFO -   B0 junction (indices 16-19) raw values: [-10. -10. -10. -10.]
2026-09-24 12:50:03,415 - RLController - INFO - Using CONTINUOUS DURATION-BASED mode
2026-09-24 12:50:03,415 - RLController - INFO -   Example: junction A0 -> durations [51, 13, 13, 13] (total: 90s)
2026-09-24 12:50:03,415 - RLController - INFO -   Example: junction A1 -> durations [24, 22, 22, 22] (total: 90s)
2026-09-24 12:50:03,415 - RLController - INFO -   Example: junction A2 -> durations [12, 12, 54, 12] (total: 90s)
2026-09-24 12:50:03,415 - RLController - INFO -   Example: junction A4 -> durations [60, 10, 10, 10] (total: 90s)
2026-09-24 12:50:03,415 - RLController - INFO -   Example: junction A5 -> durations [24, 22, 22, 22] (total: 90s)
2026-09-24 12:50:03,415 - RLController - INFO -   Example: junction B0 -> durations [24, 22, 22, 22] (total: 90s)
2026-09-24 12:50:03,416 - RLController - INFO -   Example: junction B1 -> durations [24, 22, 22, 22] (total: 90s)
2026-09-24 12:50:03,416 - RLController - INFO -   Example: junction B2 -> durations [24, 22, 22, 22] (total: 90s)
2026-09-24 12:50:03,416 - RLController - INFO -   Example: junction B4 -> durations [24, 22, 22, 22] (total: 90s)
2026-09-24 12:50:03,416 - RLController - INFO -   Example: junction B5 -> durations [60, 10, 10, 10] (total: 90s)
2026-09-24 12:50:03,416 - RLController - INFO -   Example: junction C0 -> durations [22, 22, 24, 22] (total: 90s)
2026-09-24 12:50:03,416 - RLController - INFO -   Example: junction C1 -> durations [24, 22, 22, 22] (total: 90s)
2026-09-24 12:50:03,416 - RLController - INFO -   Example: junction C2 -> durations [57, 13, 10, 10] (total: 90s)
2026-09-24 12:50:03,417 - RLController - INFO -   Example: junction C3 -> durations [60, 10, 10, 10] (total: 90s)
2026-09-24 12:50:03,417 - RLController - INFO -   Example: junction C4 -> durations [57, 11, 11, 11] (total: 90s)
2026-09-24 12:50:03,417 - RLController - INFO -   Example: junction C5 -> durations [57, 11, 11, 11] (total: 90s)
2026-09-24 12:50:03,417 - RLController - INFO -   Example: junction D0 -> durations [24, 22, 22, 22] (total: 90s)
2026-09-24 12:50:03,417 - RLController - INFO -   Example: junction D1 -> durations [21, 21, 27, 21] (total: 90s)
2026-09-24 12:50:03,417 - RLController - INFO -   Example: junction D2 -> durations [45, 15, 15, 15] (total: 90s)
2026-09-24 12:50:03,417 - RLController - INFO -   Example: junction D3 -> durations [24, 22, 22, 22] (total: 90s)
2026-09-24 12:50:03,418 - RLController - INFO -   Example: junction D4 -> durations [24, 22, 22, 22] (total: 90s)
2026-09-24 12:50:03,418 - RLController - INFO -   Example: junction D5 -> durations [13, 13, 51, 13] (total: 90s)
2026-09-24 12:50:03,418 - RLController - INFO -   Example: junction E0 -> durations [24, 22, 22, 22] (total: 90s)
2026-09-24 12:50:03,418 - RLController - INFO -   Example: junction E1 -> durations [24, 22, 22, 22] (total: 90s)
2026-09-24 12:50:03,419 - RLController - INFO -   Stored schedules for 34 junctions, cycle starts at step 3960
2026-09-24 12:50:05,839 - RLController - INFO - DIAGNOSTIC Step 4050 - Observation stats:
2026-09-24 12:50:05,839 - RLController - INFO -   Hash: 8408040549319559255, Min: 0.000000, Max: 1.000000, Mean: 0.423820, Std: 0.454538
2026-09-24 12:50:05,840 - RLController - INFO -   First 10: [1.         0.         0.         0.         0.         0.5115211
 0.         1.         0.99333334 1.        ]
2026-09-24 12:50:05,840 - RLController - INFO -   Last 10: [0.         0.2        0.         0.08333334 0.4594017  0.00275847
 0.07017094 0.55796045 0.         0.3       ]
2026-09-24 12:50:05,843 - RLController - INFO - DIAGNOSTIC - Raw model action output:
2026-09-24 12:50:05,843 - RLController - INFO -   Action hash: -8655971520233613832
2026-09-24 12:50:05,844 - RLController - INFO -   First 8 values: [ -7.174948 -10.       -10.       -10.       -10.       -10.
 -10.       -10.      ]
2026-09-24 12:50:05,844 - RLController - INFO -   Last 8 values: [-10.        -10.        -10.        -10.        -10.         -2.4712207
 -10.        -10.       ]
2026-09-24 12:50:05,844 - RLController - INFO -   Action shape: (136,), min: -10.000000, max: 5.749679, mean: -9.266684
2026-09-24 12:50:05,844 - RLController - INFO -   B0 junction (indices 16-19) raw values: [ -9.612149 -10.       -10.       -10.      ]
2026-09-24 12:50:05,844 - RLController - INFO - Using CONTINUOUS DURATION-BASED mode
2026-09-24 12:50:05,845 - RLController - INFO -   Example: junction A0 -> durations [51, 13, 13, 13] (total: 90s)
2026-09-24 12:50:05,845 - RLController - INFO -   Example: junction A1 -> durations [24, 22, 22, 22] (total: 90s)
2026-09-24 12:50:05,845 - RLController - INFO -   Example: junction A2 -> durations [12, 12, 54, 12] (total: 90s)
2026-09-24 12:50:05,845 - RLController - INFO -   Example: junction A4 -> durations [60, 10, 10, 10] (total: 90s)
2026-09-24 12:50:05,845 - RLController - INFO -   Example: junction A5 -> durations [24, 22, 22, 22] (total: 90s)
2026-09-24 12:50:05,845 - RLController - INFO -   Example: junction B0 -> durations [24, 22, 22, 22] (total: 90s)
2026-09-24 12:50:05,845 - RLController - INFO -   Example: junction B1 -> durations [24, 22, 22, 22] (total: 90s)
2026-09-24 12:50:05,846 - RLController - INFO -   Example: junction B2 -> durations [24, 22, 22, 22] (total: 90s)
2026-09-24 12:50:05,846 - RLController - INFO -   Example: junction B4 -> durations [24, 22, 22, 22] (total: 90s)
2026-09-24 12:50:05,846 - RLController - INFO -   Example: junction B5 -> durations [60, 10, 10, 10] (total: 90s)
2026-09-24 12:50:05,846 - RLController - INFO -   Example: junction C0 -> durations [22, 22, 24, 22] (total: 90s)
2026-09-24 12:50:05,846 - RLController - INFO -   Example: junction C1 -> durations [24, 22, 22, 22] (total: 90s)
2026-09-24 12:50:05,846 - RLController - INFO -   Example: junction C2 -> durations [57, 13, 10, 10] (total: 90s)
2026-09-24 12:50:05,847 - RLController - INFO -   Example: junction C3 -> durations [60, 10, 10, 10] (total: 90s)
2026-09-24 12:50:05,847 - RLController - INFO -   Example: junction C4 -> durations [57, 11, 11, 11] (total: 90s)
2026-09-24 12:50:05,847 - RLController - INFO -   Example: junction C5 -> durations [57, 11, 11, 11] (total: 90s)
2026-09-24 12:50:05,847 - RLController - INFO -   Example: junction D0 -> durations [24, 22, 22, 22] (total: 90s)
2026-09-24 12:50:05,847 - RLController - INFO -   Example: junction D1 -> durations [21, 21, 27, 21] (total: 90s)
2026-09-24 12:50:05,847 - RLController - INFO -   Example: junction D2 -> durations [45, 15, 15, 15] (total: 90s)
2026-09-24 12:50:05,847 - RLController - INFO -   Example: junction D3 -> durations [24, 22, 22, 22] (total: 90s)
2026-09-24 12:50:05,847 - RLController - INFO -   Example: junction D4 -> durations [24, 22, 22, 22] (total: 90s)
2026-09-24 12:50:05,848 - RLController - INFO -   Example: junction D5 -> durations [13, 13, 51, 13] (total: 90s)
2026-09-24 12:50:05,848 - RLController - INFO -   Example: junction E0 -> durations [24, 22, 22, 22] (total: 90s)
2026-09-24 12:50:05,848 - RLController - INFO -   Example: junction E1 -> durations [24, 22, 22, 22] (total: 90s)
2026-09-24 12:50:05,849 - RLController - INFO -   Stored schedules for 34 junctions, cycle starts at step 4050
2026-09-24 12:50:08,081 - RLController - INFO - DIAGNOSTIC Step 4140 - Observation stats:
2026-09-24 12:50:08,085 - RLController - INFO -   Hash: -508753443168619046, Min: 0.000000, Max: 1.000000, Mean: 0.427432, Std: 0.454310
2026-09-24 12:50:08,086 - RLController - INFO -   First 10: [1.         0.         0.         0.         0.         0.5115211
 0.         1.         0.99333334 1.        ]
2026-09-24 12:50:08,086 - RLController - INFO -   Last 10: [0.         0.2        0.         0.08333334 0.44871795 0.00319727
 0.06991453 0.56442887 0.         0.3       ]
2026-09-24 12:50:08,101 - RLController - INFO - DIAGNOSTIC - Raw model action output:
2026-09-24 12:50:08,101 - RLController - INFO -   Action hash: 7137515075306464690
2026-09-24 12:50:08,101 - RLController - INFO -   First 8 values: [ -7.262364 -10.       -10.       -10.       -10.       -10.
 -10.       -10.      ]
2026-09-24 12:50:08,102 - RLController - INFO -   Last 8 values: [-10.         -10.         -10.         -10.         -10.
  -0.99405307 -10.         -10.        ]
2026-09-24 12:50:08,102 - RLController - INFO -   Action shape: (136,), min: -10.000000, max: 5.806188, mean: -9.258200
2026-09-24 12:50:08,102 - RLController - INFO -   B0 junction (indices 16-19) raw values: [ -9.516867 -10.       -10.       -10.      ]
2026-09-24 12:50:08,102 - RLController - INFO - Using CONTINUOUS DURATION-BASED mode
2026-09-24 12:50:08,102 - RLController - INFO -   Example: junction A0 -> durations [51, 13, 13, 13] (total: 90s)
2026-09-24 12:50:08,102 - RLController - INFO -   Example: junction A1 -> durations [24, 22, 22, 22] (total: 90s)
2026-09-24 12:50:08,103 - RLController - INFO -   Example: junction A2 -> durations [12, 12, 54, 12] (total: 90s)
2026-09-24 12:50:08,103 - RLController - INFO -   Example: junction A4 -> durations [60, 10, 10, 10] (total: 90s)
2026-09-24 12:50:08,103 - RLController - INFO -   Example: junction A5 -> durations [24, 22, 22, 22] (total: 90s)
2026-09-24 12:50:08,103 - RLController - INFO -   Example: junction B0 -> durations [24, 22, 22, 22] (total: 90s)
2026-09-24 12:50:08,103 - RLController - INFO -   Example: junction B1 -> durations [24, 22, 22, 22] (total: 90s)
2026-09-24 12:50:08,103 - RLController - INFO -   Example: junction B2 -> durations [24, 22, 22, 22] (total: 90s)
2026-09-24 12:50:08,103 - RLController - INFO -   Example: junction B4 -> durations [24, 22, 22, 22] (total: 90s)
2026-09-24 12:50:08,103 - RLController - INFO -   Example: junction B5 -> durations [60, 10, 10, 10] (total: 90s)
2026-09-24 12:50:08,104 - RLController - INFO -   Example: junction C0 -> durations [22, 22, 24, 22] (total: 90s)
2026-09-24 12:50:08,104 - RLController - INFO -   Example: junction C1 -> durations [24, 22, 22, 22] (total: 90s)
2026-09-24 12:50:08,104 - RLController - INFO -   Example: junction C2 -> durations [57, 13, 10, 10] (total: 90s)
2026-09-24 12:50:08,104 - RLController - INFO -   Example: junction C3 -> durations [60, 10, 10, 10] (total: 90s)
2026-09-24 12:50:08,104 - RLController - INFO -   Example: junction C4 -> durations [57, 11, 11, 11] (total: 90s)
2026-09-24 12:50:08,104 - RLController - INFO -   Example: junction C5 -> durations [57, 11, 11, 11] (total: 90s)
2026-09-24 12:50:08,104 - RLController - INFO -   Example: junction D0 -> durations [24, 22, 22, 22] (total: 90s)
2026-09-24 12:50:08,105 - RLController - INFO -   Example: junction D1 -> durations [21, 21, 27, 21] (total: 90s)
2026-09-24 12:50:08,105 - RLController - INFO -   Example: junction D2 -> durations [45, 15, 15, 15] (total: 90s)
2026-09-24 12:50:08,105 - RLController - INFO -   Example: junction D3 -> durations [24, 22, 22, 22] (total: 90s)
2026-09-24 12:50:08,105 - RLController - INFO -   Example: junction D4 -> durations [24, 22, 22, 22] (total: 90s)
2026-09-24 12:50:08,105 - RLController - INFO -   Example: junction D5 -> durations [13, 13, 51, 13] (total: 90s)
2026-09-24 12:50:08,105 - RLController - INFO -   Example: junction E0 -> durations [24, 22, 22, 22] (total: 90s)
2026-09-24 12:50:08,105 - RLController - INFO -   Example: junction E1 -> durations [24, 22, 22, 22] (total: 90s)
2026-09-24 12:50:08,106 - RLController - INFO -   Stored schedules for 34 junctions, cycle starts at step 4140
2026-09-24 12:50:10,392 - RLController - INFO - DIAGNOSTIC Step 4230 - Observation stats:
2026-09-24 12:50:10,392 - RLController - INFO -   Hash: 7452118149627147610, Min: 0.000000, Max: 1.000000, Mean: 0.429055, Std: 0.454317
2026-09-24 12:50:10,392 - RLController - INFO -   First 10: [1.        0.        0.        0.        0.        0.5115211 1.
 0.        0.        0.       ]
2026-09-24 12:50:10,393 - RLController - INFO -   Last 10: [0.         0.2        0.         0.08333334 0.45726496 0.00283247
 0.07230769 0.5535255  0.         0.3       ]
2026-09-24 12:50:10,398 - RLController - INFO - DIAGNOSTIC - Raw model action output:
2026-09-24 12:50:10,398 - RLController - INFO -   Action hash: -2748859212267566041
2026-09-24 12:50:10,398 - RLController - INFO -   First 8 values: [ -7.418979 -10.       -10.       -10.       -10.       -10.
 -10.       -10.      ]
2026-09-24 12:50:10,398 - RLController - INFO -   Last 8 values: [-10.        -10.        -10.        -10.        -10.         -1.8028042
 -10.        -10.       ]
2026-09-24 12:50:10,399 - RLController - INFO -   Action shape: (136,), min: -10.000000, max: 5.124069, mean: -9.270210
2026-09-24 12:50:10,399 - RLController - INFO -   B0 junction (indices 16-19) raw values: [ -9.9319515 -10.        -10.        -10.       ]
2026-09-24 12:50:10,399 - RLController - INFO - Using CONTINUOUS DURATION-BASED mode
2026-09-24 12:50:10,399 - RLController - INFO -   Example: junction A0 -> durations [51, 13, 13, 13] (total: 90s)
2026-09-24 12:50:10,399 - RLController - INFO -   Example: junction A1 -> durations [24, 22, 22, 22] (total: 90s)
2026-09-24 12:50:10,399 - RLController - INFO -   Example: junction A2 -> durations [12, 12, 54, 12] (total: 90s)
2026-09-24 12:50:10,399 - RLController - INFO -   Example: junction A4 -> durations [60, 10, 10, 10] (total: 90s)
2026-09-24 12:50:10,400 - RLController - INFO -   Example: junction A5 -> durations [24, 22, 22, 22] (total: 90s)
2026-09-24 12:50:10,400 - RLController - INFO -   Example: junction B0 -> durations [24, 22, 22, 22] (total: 90s)
2026-09-24 12:50:10,400 - RLController - INFO -   Example: junction B1 -> durations [24, 22, 22, 22] (total: 90s)
2026-09-24 12:50:10,400 - RLController - INFO -   Example: junction B2 -> durations [24, 22, 22, 22] (total: 90s)
2026-09-24 12:50:10,400 - RLController - INFO -   Example: junction B4 -> durations [24, 22, 22, 22] (total: 90s)
2026-09-24 12:50:10,400 - RLController - INFO -   Example: junction B5 -> durations [60, 10, 10, 10] (total: 90s)
2026-09-24 12:50:10,401 - RLController - INFO -   Example: junction C0 -> durations [22, 22, 24, 22] (total: 90s)
2026-09-24 12:50:10,401 - RLController - INFO -   Example: junction C1 -> durations [24, 22, 22, 22] (total: 90s)
2026-09-24 12:50:10,401 - RLController - INFO -   Example: junction C2 -> durations [57, 13, 10, 10] (total: 90s)
2026-09-24 12:50:10,401 - RLController - INFO -   Example: junction C3 -> durations [60, 10, 10, 10] (total: 90s)
2026-09-24 12:50:10,401 - RLController - INFO -   Example: junction C4 -> durations [57, 11, 11, 11] (total: 90s)
2026-09-24 12:50:10,401 - RLController - INFO -   Example: junction C5 -> durations [57, 11, 11, 11] (total: 90s)
2026-09-24 12:50:10,401 - RLController - INFO -   Example: junction D0 -> durations [24, 22, 22, 22] (total: 90s)
2026-09-24 12:50:10,402 - RLController - INFO -   Example: junction D1 -> durations [21, 21, 27, 21] (total: 90s)
2026-09-24 12:50:10,402 - RLController - INFO -   Example: junction D2 -> durations [45, 15, 15, 15] (total: 90s)
2026-09-24 12:50:10,402 - RLController - INFO -   Example: junction D3 -> durations [24, 22, 22, 22] (total: 90s)
2026-09-24 12:50:10,402 - RLController - INFO -   Example: junction D4 -> durations [24, 22, 22, 22] (total: 90s)
2026-09-24 12:50:10,402 - RLController - INFO -   Example: junction D5 -> durations [13, 13, 51, 13] (total: 90s)
2026-09-24 12:50:10,402 - RLController - INFO -   Example: junction E0 -> durations [24, 22, 22, 22] (total: 90s)
2026-09-24 12:50:10,402 - RLController - INFO -   Example: junction E1 -> durations [24, 22, 22, 22] (total: 90s)
2026-09-24 12:50:10,403 - RLController - INFO -   Stored schedules for 34 junctions, cycle starts at step 4230
2026-09-24 12:50:13,109 - RLController - INFO - DIAGNOSTIC Step 4320 - Observation stats:
2026-09-24 12:50:13,110 - RLController - INFO -   Hash: -4115504635788858377, Min: 0.000000, Max: 1.000000, Mean: 0.423450, Std: 0.454884
2026-09-24 12:50:13,111 - RLController - INFO -   First 10: [1.         0.         0.         0.         0.         0.5115211
 0.         0.         0.99333334 1.        ]
2026-09-24 12:50:13,111 - RLController - INFO -   Last 10: [0.         0.2        0.         0.08333334 0.4679487  0.00312496
 0.07457265 0.54803896 0.         0.3       ]
2026-09-24 12:50:13,119 - RLController - INFO - DIAGNOSTIC - Raw model action output:
2026-09-24 12:50:13,119 - RLController - INFO -   Action hash: 4175118597272107430
2026-09-24 12:50:13,119 - RLController - INFO -   First 8 values: [ -7.351924 -10.       -10.       -10.       -10.       -10.
 -10.       -10.      ]
2026-09-24 12:50:13,119 - RLController - INFO -   Last 8 values: [-10.        -10.        -10.        -10.        -10.         -1.4842126
 -10.        -10.       ]
2026-09-24 12:50:13,120 - RLController - INFO -   Action shape: (136,), min: -10.000000, max: 4.801180, mean: -9.259403
2026-09-24 12:50:13,120 - RLController - INFO -   B0 junction (indices 16-19) raw values: [ -9.4733515 -10.        -10.        -10.       ]
2026-09-24 12:50:13,120 - RLController - INFO - Using CONTINUOUS DURATION-BASED mode
2026-09-24 12:50:13,120 - RLController - INFO -   Example: junction A0 -> durations [51, 13, 13, 13] (total: 90s)
2026-09-24 12:50:13,120 - RLController - INFO -   Example: junction A1 -> durations [24, 22, 22, 22] (total: 90s)
2026-09-24 12:50:13,120 - RLController - INFO -   Example: junction A2 -> durations [12, 12, 54, 12] (total: 90s)
2026-09-24 12:50:13,120 - RLController - INFO -   Example: junction A4 -> durations [60, 10, 10, 10] (total: 90s)
2026-09-24 12:50:13,121 - RLController - INFO -   Example: junction A5 -> durations [24, 22, 22, 22] (total: 90s)
2026-09-24 12:50:13,121 - RLController - INFO -   Example: junction B0 -> durations [24, 22, 22, 22] (total: 90s)
2026-09-24 12:50:13,121 - RLController - INFO -   Example: junction B1 -> durations [24, 22, 22, 22] (total: 90s)
2026-09-24 12:50:13,121 - RLController - INFO -   Example: junction B2 -> durations [24, 22, 22, 22] (total: 90s)
2026-09-24 12:50:13,121 - RLController - INFO -   Example: junction B4 -> durations [24, 22, 22, 22] (total: 90s)
2026-09-24 12:50:13,121 - RLController - INFO -   Example: junction B5 -> durations [60, 10, 10, 10] (total: 90s)
2026-09-24 12:50:13,121 - RLController - INFO -   Example: junction C0 -> durations [22, 22, 24, 22] (total: 90s)
2026-09-24 12:50:13,122 - RLController - INFO -   Example: junction C1 -> durations [24, 22, 22, 22] (total: 90s)
2026-09-24 12:50:13,122 - RLController - INFO -   Example: junction C2 -> durations [57, 13, 10, 10] (total: 90s)
2026-09-24 12:50:13,122 - RLController - INFO -   Example: junction C3 -> durations [60, 10, 10, 10] (total: 90s)
2026-09-24 12:50:13,122 - RLController - INFO -   Example: junction C4 -> durations [57, 11, 11, 11] (total: 90s)
2026-09-24 12:50:13,122 - RLController - INFO -   Example: junction C5 -> durations [57, 11, 11, 11] (total: 90s)
2026-09-24 12:50:13,122 - RLController - INFO -   Example: junction D0 -> durations [24, 22, 22, 22] (total: 90s)
2026-09-24 12:50:13,122 - RLController - INFO -   Example: junction D1 -> durations [21, 21, 27, 21] (total: 90s)
2026-09-24 12:50:13,122 - RLController - INFO -   Example: junction D2 -> durations [45, 15, 15, 15] (total: 90s)
2026-09-24 12:50:13,123 - RLController - INFO -   Example: junction D3 -> durations [24, 22, 22, 22] (total: 90s)
2026-09-24 12:50:13,123 - RLController - INFO -   Example: junction D4 -> durations [24, 22, 22, 22] (total: 90s)
2026-09-24 12:50:13,123 - RLController - INFO -   Example: junction D5 -> durations [13, 13, 51, 13] (total: 90s)
2026-09-24 12:50:13,123 - RLController - INFO -   Example: junction E0 -> durations [24, 22, 22, 22] (total: 90s)
2026-09-24 12:50:13,123 - RLController - INFO -   Example: junction E1 -> durations [24, 22, 22, 22] (total: 90s)
2026-09-24 12:50:13,124 - RLController - INFO -   Stored schedules for 34 junctions, cycle starts at step 4320
2026-09-24 12:50:15,668 - RLController - INFO - DIAGNOSTIC Step 4410 - Observation stats:
2026-09-24 12:50:15,668 - RLController - INFO -   Hash: -4799040241148087477, Min: 0.000000, Max: 1.000000, Mean: 0.427821, Std: 0.456749
2026-09-24 12:50:15,668 - RLController - INFO -   First 10: [1.         0.         0.         0.         0.         0.5115211
 0.         1.         0.99333334 1.        ]
2026-09-24 12:50:15,669 - RLController - INFO -   Last 10: [0.         0.2        0.         0.08333334 0.4679487  0.00297146
 0.075      0.55130076 0.         0.3       ]
2026-09-24 12:50:15,672 - RLController - INFO - DIAGNOSTIC - Raw model action output:
2026-09-24 12:50:15,672 - RLController - INFO -   Action hash: 8258145836087892330
2026-09-24 12:50:15,672 - RLController - INFO -   First 8 values: [ -7.339543 -10.       -10.       -10.       -10.       -10.
 -10.       -10.      ]
2026-09-24 12:50:15,673 - RLController - INFO -   Last 8 values: [-10.        -10.        -10.        -10.        -10.         -2.4237397
 -10.        -10.       ]
2026-09-24 12:50:15,673 - RLController - INFO -   Action shape: (136,), min: -10.000000, max: 5.345736, mean: -9.281901
2026-09-24 12:50:15,673 - RLController - INFO -   B0 junction (indices 16-19) raw values: [ -9.911141 -10.       -10.       -10.      ]
2026-09-24 12:50:15,673 - RLController - INFO - Using CONTINUOUS DURATION-BASED mode
2026-09-24 12:50:15,673 - RLController - INFO -   Example: junction A0 -> durations [51, 13, 13, 13] (total: 90s)
2026-09-24 12:50:15,673 - RLController - INFO -   Example: junction A1 -> durations [24, 22, 22, 22] (total: 90s)
2026-09-24 12:50:15,673 - RLController - INFO -   Example: junction A2 -> durations [12, 12, 54, 12] (total: 90s)
2026-09-24 12:50:15,674 - RLController - INFO -   Example: junction A4 -> durations [60, 10, 10, 10] (total: 90s)
2026-09-24 12:50:15,674 - RLController - INFO -   Example: junction A5 -> durations [24, 22, 22, 22] (total: 90s)
2026-09-24 12:50:15,674 - RLController - INFO -   Example: junction B0 -> durations [24, 22, 22, 22] (total: 90s)
2026-09-24 12:50:15,674 - RLController - INFO -   Example: junction B1 -> durations [24, 22, 22, 22] (total: 90s)
2026-09-24 12:50:15,674 - RLController - INFO -   Example: junction B2 -> durations [24, 22, 22, 22] (total: 90s)
2026-09-24 12:50:15,674 - RLController - INFO -   Example: junction B4 -> durations [24, 22, 22, 22] (total: 90s)
2026-09-24 12:50:15,674 - RLController - INFO -   Example: junction B5 -> durations [60, 10, 10, 10] (total: 90s)
2026-09-24 12:50:15,674 - RLController - INFO -   Example: junction C0 -> durations [22, 22, 24, 22] (total: 90s)
2026-09-24 12:50:15,675 - RLController - INFO -   Example: junction C1 -> durations [24, 22, 22, 22] (total: 90s)
2026-09-24 12:50:15,675 - RLController - INFO -   Example: junction C2 -> durations [57, 13, 10, 10] (total: 90s)
2026-09-24 12:50:15,675 - RLController - INFO -   Example: junction C3 -> durations [60, 10, 10, 10] (total: 90s)
2026-09-24 12:50:15,675 - RLController - INFO -   Example: junction C4 -> durations [57, 11, 11, 11] (total: 90s)
2026-09-24 12:50:15,675 - RLController - INFO -   Example: junction C5 -> durations [57, 11, 11, 11] (total: 90s)
2026-09-24 12:50:15,675 - RLController - INFO -   Example: junction D0 -> durations [24, 22, 22, 22] (total: 90s)
2026-09-24 12:50:15,675 - RLController - INFO -   Example: junction D1 -> durations [21, 21, 27, 21] (total: 90s)
2026-09-24 12:50:15,675 - RLController - INFO -   Example: junction D2 -> durations [45, 15, 15, 15] (total: 90s)
2026-09-24 12:50:15,676 - RLController - INFO -   Example: junction D3 -> durations [24, 22, 22, 22] (total: 90s)
2026-09-24 12:50:15,676 - RLController - INFO -   Example: junction D4 -> durations [24, 22, 22, 22] (total: 90s)
2026-09-24 12:50:15,676 - RLController - INFO -   Example: junction D5 -> durations [13, 13, 51, 13] (total: 90s)
2026-09-24 12:50:15,676 - RLController - INFO -   Example: junction E0 -> durations [24, 22, 22, 22] (total: 90s)
2026-09-24 12:50:15,676 - RLController - INFO -   Example: junction E1 -> durations [24, 22, 22, 22] (total: 90s)
2026-09-24 12:50:15,677 - RLController - INFO -   Stored schedules for 34 junctions, cycle starts at step 4410
2026-09-24 12:50:18,765 - RLController - INFO - DIAGNOSTIC Step 4500 - Observation stats:
2026-09-24 12:50:18,765 - RLController - INFO -   Hash: 4073421676869332093, Min: 0.000000, Max: 1.000000, Mean: 0.439627, Std: 0.456745
2026-09-24 12:50:18,766 - RLController - INFO -   First 10: [1.         0.         0.         0.         0.         0.5
 0.         1.         0.99333334 1.        ]
2026-09-24 12:50:18,766 - RLController - INFO -   Last 10: [0.         0.2        0.         0.08333334 0.50641024 0.00406917
 0.07388889 0.52085936 0.         0.3       ]
2026-09-24 12:50:18,770 - RLController - INFO - DIAGNOSTIC - Raw model action output:
2026-09-24 12:50:18,770 - RLController - INFO -   Action hash: 3297833715647404229
2026-09-24 12:50:18,770 - RLController - INFO -   First 8 values: [ -7.6376443 -10.        -10.        -10.        -10.        -10.
 -10.        -10.       ]
2026-09-24 12:50:18,770 - RLController - INFO -   Last 8 values: [-10.        -10.        -10.        -10.        -10.         -2.8804715
 -10.        -10.       ]
2026-09-24 12:50:18,771 - RLController - INFO -   Action shape: (136,), min: -10.000000, max: 4.853418, mean: -9.309392
2026-09-24 12:50:18,771 - RLController - INFO -   B0 junction (indices 16-19) raw values: [-10. -10. -10. -10.]
2026-09-24 12:50:18,771 - RLController - INFO - Using CONTINUOUS DURATION-BASED mode
2026-09-24 12:50:18,771 - RLController - INFO -   Example: junction A0 -> durations [51, 13, 13, 13] (total: 90s)
2026-09-24 12:50:18,771 - RLController - INFO -   Example: junction A1 -> durations [24, 22, 22, 22] (total: 90s)
2026-09-24 12:50:18,771 - RLController - INFO -   Example: junction A2 -> durations [12, 12, 54, 12] (total: 90s)
2026-09-24 12:50:18,771 - RLController - INFO -   Example: junction A4 -> durations [60, 10, 10, 10] (total: 90s)
2026-09-24 12:50:18,772 - RLController - INFO -   Example: junction A5 -> durations [24, 22, 22, 22] (total: 90s)
2026-09-24 12:50:18,772 - RLController - INFO -   Example: junction B0 -> durations [24, 22, 22, 22] (total: 90s)
2026-09-24 12:50:18,772 - RLController - INFO -   Example: junction B1 -> durations [24, 22, 22, 22] (total: 90s)
2026-09-24 12:50:18,772 - RLController - INFO -   Example: junction B2 -> durations [24, 22, 22, 22] (total: 90s)
2026-09-24 12:50:18,772 - RLController - INFO -   Example: junction B4 -> durations [24, 22, 22, 22] (total: 90s)
2026-09-24 12:50:18,772 - RLController - INFO -   Example: junction B5 -> durations [60, 10, 10, 10] (total: 90s)
2026-09-24 12:50:18,772 - RLController - INFO -   Example: junction C0 -> durations [22, 22, 24, 22] (total: 90s)
2026-09-24 12:50:18,773 - RLController - INFO -   Example: junction C1 -> durations [24, 22, 22, 22] (total: 90s)
2026-09-24 12:50:18,773 - RLController - INFO -   Example: junction C2 -> durations [57, 13, 10, 10] (total: 90s)
2026-09-24 12:50:18,773 - RLController - INFO -   Example: junction C3 -> durations [60, 10, 10, 10] (total: 90s)
2026-09-24 12:50:18,773 - RLController - INFO -   Example: junction C4 -> durations [57, 11, 11, 11] (total: 90s)
2026-09-24 12:50:18,773 - RLController - INFO -   Example: junction C5 -> durations [57, 11, 11, 11] (total: 90s)
2026-09-24 12:50:18,773 - RLController - INFO -   Example: junction D0 -> durations [24, 22, 22, 22] (total: 90s)
2026-09-24 12:50:18,773 - RLController - INFO -   Example: junction D1 -> durations [21, 21, 27, 21] (total: 90s)
2026-09-24 12:50:18,774 - RLController - INFO -   Example: junction D2 -> durations [45, 15, 15, 15] (total: 90s)
2026-09-24 12:50:18,774 - RLController - INFO -   Example: junction D3 -> durations [24, 22, 22, 22] (total: 90s)
2026-09-24 12:50:18,774 - RLController - INFO -   Example: junction D4 -> durations [24, 22, 22, 22] (total: 90s)
2026-09-24 12:50:18,774 - RLController - INFO -   Example: junction D5 -> durations [13, 13, 51, 13] (total: 90s)
2026-09-24 12:50:18,774 - RLController - INFO -   Example: junction E0 -> durations [24, 22, 22, 22] (total: 90s)
2026-09-24 12:50:18,774 - RLController - INFO -   Example: junction E1 -> durations [24, 22, 22, 22] (total: 90s)
2026-09-24 12:50:18,775 - RLController - INFO -   Stored schedules for 34 junctions, cycle starts at step 4500
2026-09-24 12:50:21,324 - RLController - INFO - DIAGNOSTIC Step 4590 - Observation stats:
2026-09-24 12:50:21,324 - RLController - INFO -   Hash: 2027532145824423001, Min: 0.000000, Max: 1.000161, Mean: 0.434839, Std: 0.454982
2026-09-24 12:50:21,325 - RLController - INFO -   First 10: [1.  0.  0.  0.  0.  0.5 1.  0.  0.  0. ]
2026-09-24 12:50:21,325 - RLController - INFO -   Last 10: [0.         0.2        0.         0.08333334 0.4871795  0.00406036
 0.07564103 0.53650194 0.         0.3       ]
2026-09-24 12:50:21,329 - RLController - INFO - DIAGNOSTIC - Raw model action output:
2026-09-24 12:50:21,329 - RLController - INFO -   Action hash: -4313592927270430657
2026-09-24 12:50:21,329 - RLController - INFO -   First 8 values: [ -7.4220963 -10.        -10.        -10.        -10.        -10.
 -10.        -10.       ]
2026-09-24 12:50:21,329 - RLController - INFO -   Last 8 values: [-10.        -10.        -10.        -10.        -10.         -1.3493483
 -10.        -10.       ]
2026-09-24 12:50:21,329 - RLController - INFO -   Action shape: (136,), min: -10.000000, max: 4.949250, mean: -9.249440
2026-09-24 12:50:21,329 - RLController - INFO -   B0 junction (indices 16-19) raw values: [ -9.678984 -10.       -10.       -10.      ]
2026-09-24 12:50:21,330 - RLController - INFO - Using CONTINUOUS DURATION-BASED mode
2026-09-24 12:50:21,330 - RLController - INFO -   Example: junction A0 -> durations [51, 13, 13, 13] (total: 90s)
2026-09-24 12:50:21,330 - RLController - INFO -   Example: junction A1 -> durations [24, 22, 22, 22] (total: 90s)
2026-09-24 12:50:21,330 - RLController - INFO -   Example: junction A2 -> durations [12, 12, 54, 12] (total: 90s)
2026-09-24 12:50:21,330 - RLController - INFO -   Example: junction A4 -> durations [60, 10, 10, 10] (total: 90s)
2026-09-24 12:50:21,330 - RLController - INFO -   Example: junction A5 -> durations [24, 22, 22, 22] (total: 90s)
2026-09-24 12:50:21,330 - RLController - INFO -   Example: junction B0 -> durations [24, 22, 22, 22] (total: 90s)
2026-09-24 12:50:21,331 - RLController - INFO -   Example: junction B1 -> durations [24, 22, 22, 22] (total: 90s)
2026-09-24 12:50:21,331 - RLController - INFO -   Example: junction B2 -> durations [24, 22, 22, 22] (total: 90s)
2026-09-24 12:50:21,331 - RLController - INFO -   Example: junction B4 -> durations [24, 22, 22, 22] (total: 90s)
2026-09-24 12:50:21,331 - RLController - INFO -   Example: junction B5 -> durations [60, 10, 10, 10] (total: 90s)
2026-09-24 12:50:21,331 - RLController - INFO -   Example: junction C0 -> durations [22, 22, 24, 22] (total: 90s)
2026-09-24 12:50:21,331 - RLController - INFO -   Example: junction C1 -> durations [24, 22, 22, 22] (total: 90s)
2026-09-24 12:50:21,331 - RLController - INFO -   Example: junction C2 -> durations [57, 13, 10, 10] (total: 90s)
2026-09-24 12:50:21,331 - RLController - INFO -   Example: junction C3 -> durations [60, 10, 10, 10] (total: 90s)
2026-09-24 12:50:21,332 - RLController - INFO -   Example: junction C4 -> durations [57, 11, 11, 11] (total: 90s)
2026-09-24 12:50:21,332 - RLController - INFO -   Example: junction C5 -> durations [57, 11, 11, 11] (total: 90s)
2026-09-24 12:50:21,332 - RLController - INFO -   Example: junction D0 -> durations [24, 22, 22, 22] (total: 90s)
2026-09-24 12:50:21,332 - RLController - INFO -   Example: junction D1 -> durations [21, 21, 27, 21] (total: 90s)
2026-09-24 12:50:21,332 - RLController - INFO -   Example: junction D2 -> durations [45, 15, 15, 15] (total: 90s)
2026-09-24 12:50:21,332 - RLController - INFO -   Example: junction D3 -> durations [24, 22, 22, 22] (total: 90s)
2026-09-24 12:50:21,332 - RLController - INFO -   Example: junction D4 -> durations [24, 22, 22, 22] (total: 90s)
2026-09-24 12:50:21,332 - RLController - INFO -   Example: junction D5 -> durations [13, 13, 51, 13] (total: 90s)
2026-09-24 12:50:21,333 - RLController - INFO -   Example: junction E0 -> durations [24, 22, 22, 22] (total: 90s)
2026-09-24 12:50:21,333 - RLController - INFO -   Example: junction E1 -> durations [24, 22, 22, 22] (total: 90s)
2026-09-24 12:50:21,333 - RLController - INFO -   Stored schedules for 34 junctions, cycle starts at step 4590
2026-09-24 12:50:24,106 - RLController - INFO - DIAGNOSTIC Step 4680 - Observation stats:
2026-09-24 12:50:24,106 - RLController - INFO -   Hash: -2865023781516473782, Min: 0.000000, Max: 1.000000, Mean: 0.422900, Std: 0.453276
2026-09-24 12:50:24,106 - RLController - INFO -   First 10: [1.  0.  0.  0.  0.  0.5 1.  0.  0.  0. ]
2026-09-24 12:50:24,107 - RLController - INFO -   Last 10: [0.         0.2        0.         0.08333334 0.44871795 0.0030696
 0.07384615 0.5628955  0.         0.3       ]
2026-09-24 12:50:24,110 - RLController - INFO - DIAGNOSTIC - Raw model action output:
2026-09-24 12:50:24,110 - RLController - INFO -   Action hash: 2364634816562524293
2026-09-24 12:50:24,110 - RLController - INFO -   First 8 values: [ -7.4762383 -10.        -10.        -10.        -10.        -10.
 -10.        -10.       ]
2026-09-24 12:50:24,110 - RLController - INFO -   Last 8 values: [-10.        -10.        -10.        -10.        -10.         -2.2082589
 -10.        -10.       ]
2026-09-24 12:50:24,110 - RLController - INFO -   Action shape: (136,), min: -10.000000, max: 5.461812, mean: -9.256165
2026-09-24 12:50:24,111 - RLController - INFO -   B0 junction (indices 16-19) raw values: [ -9.671912 -10.       -10.       -10.      ]
2026-09-24 12:50:24,111 - RLController - INFO - Using CONTINUOUS DURATION-BASED mode
2026-09-24 12:50:24,111 - RLController - INFO -   Example: junction A0 -> durations [51, 13, 13, 13] (total: 90s)
2026-09-24 12:50:24,111 - RLController - INFO -   Example: junction A1 -> durations [24, 22, 22, 22] (total: 90s)
2026-09-24 12:50:24,111 - RLController - INFO -   Example: junction A2 -> durations [12, 12, 54, 12] (total: 90s)
2026-09-24 12:50:24,111 - RLController - INFO -   Example: junction A4 -> durations [60, 10, 10, 10] (total: 90s)
2026-09-24 12:50:24,111 - RLController - INFO -   Example: junction A5 -> durations [24, 22, 22, 22] (total: 90s)
2026-09-24 12:50:24,112 - RLController - INFO -   Example: junction B0 -> durations [24, 22, 22, 22] (total: 90s)
2026-09-24 12:50:24,112 - RLController - INFO -   Example: junction B1 -> durations [24, 22, 22, 22] (total: 90s)
2026-09-24 12:50:24,112 - RLController - INFO -   Example: junction B2 -> durations [24, 22, 22, 22] (total: 90s)
2026-09-24 12:50:24,112 - RLController - INFO -   Example: junction B4 -> durations [24, 22, 22, 22] (total: 90s)
2026-09-24 12:50:24,112 - RLController - INFO -   Example: junction B5 -> durations [60, 10, 10, 10] (total: 90s)
2026-09-24 12:50:24,112 - RLController - INFO -   Example: junction C0 -> durations [22, 22, 24, 22] (total: 90s)
2026-09-24 12:50:24,112 - RLController - INFO -   Example: junction C1 -> durations [24, 22, 22, 22] (total: 90s)
2026-09-24 12:50:24,112 - RLController - INFO -   Example: junction C2 -> durations [57, 13, 10, 10] (total: 90s)
2026-09-24 12:50:24,113 - RLController - INFO -   Example: junction C3 -> durations [60, 10, 10, 10] (total: 90s)
2026-09-24 12:50:24,113 - RLController - INFO -   Example: junction C4 -> durations [57, 11, 11, 11] (total: 90s)
2026-09-24 12:50:24,113 - RLController - INFO -   Example: junction C5 -> durations [57, 11, 11, 11] (total: 90s)
2026-09-24 12:50:24,113 - RLController - INFO -   Example: junction D0 -> durations [24, 22, 22, 22] (total: 90s)
2026-09-24 12:50:24,113 - RLController - INFO -   Example: junction D1 -> durations [21, 21, 27, 21] (total: 90s)
2026-09-24 12:50:24,113 - RLController - INFO -   Example: junction D2 -> durations [45, 15, 15, 15] (total: 90s)
2026-09-24 12:50:24,113 - RLController - INFO -   Example: junction D3 -> durations [24, 22, 22, 22] (total: 90s)
2026-09-24 12:50:24,113 - RLController - INFO -   Example: junction D4 -> durations [24, 22, 22, 22] (total: 90s)
2026-09-24 12:50:24,114 - RLController - INFO -   Example: junction D5 -> durations [13, 13, 51, 13] (total: 90s)
2026-09-24 12:50:24,114 - RLController - INFO -   Example: junction E0 -> durations [24, 22, 22, 22] (total: 90s)
2026-09-24 12:50:24,114 - RLController - INFO -   Example: junction E1 -> durations [24, 22, 22, 22] (total: 90s)
2026-09-24 12:50:24,115 - RLController - INFO -   Stored schedules for 34 junctions, cycle starts at step 4680
2026-09-24 12:50:26,944 - RLController - INFO - DIAGNOSTIC Step 4770 - Observation stats:
2026-09-24 12:50:26,944 - RLController - INFO -   Hash: -4578246035621063434, Min: 0.000000, Max: 1.000000, Mean: 0.434238, Std: 0.454839
2026-09-24 12:50:26,944 - RLController - INFO -   First 10: [1.  0.  0.  0.  0.  0.5 1.  0.  0.  0. ]
2026-09-24 12:50:26,945 - RLController - INFO -   Last 10: [0.         0.2        0.         0.08333334 0.48504272 0.00353711
 0.07495727 0.53958243 0.         0.3       ]
2026-09-24 12:50:26,948 - RLController - INFO - DIAGNOSTIC - Raw model action output:
2026-09-24 12:50:26,948 - RLController - INFO -   Action hash: 531617526251900148
2026-09-24 12:50:26,949 - RLController - INFO -   First 8 values: [ -7.7685413 -10.        -10.        -10.        -10.        -10.
 -10.        -10.       ]
2026-09-24 12:50:26,949 - RLController - INFO -   Last 8 values: [-10.        -10.        -10.        -10.        -10.         -3.6731927
 -10.        -10.       ]
2026-09-24 12:50:26,949 - RLController - INFO -   Action shape: (136,), min: -10.000000, max: 4.628946, mean: -9.277832
2026-09-24 12:50:26,949 - RLController - INFO -   B0 junction (indices 16-19) raw values: [-10. -10. -10. -10.]
2026-09-24 12:50:26,949 - RLController - INFO - Using CONTINUOUS DURATION-BASED mode
2026-09-24 12:50:26,950 - RLController - INFO -   Example: junction A0 -> durations [51, 13, 13, 13] (total: 90s)
2026-09-24 12:50:26,950 - RLController - INFO -   Example: junction A1 -> durations [24, 22, 22, 22] (total: 90s)
2026-09-24 12:50:26,950 - RLController - INFO -   Example: junction A2 -> durations [12, 12, 54, 12] (total: 90s)
2026-09-24 12:50:26,950 - RLController - INFO -   Example: junction A4 -> durations [60, 10, 10, 10] (total: 90s)
2026-09-24 12:50:26,950 - RLController - INFO -   Example: junction A5 -> durations [24, 22, 22, 22] (total: 90s)
2026-09-24 12:50:26,950 - RLController - INFO -   Example: junction B0 -> durations [24, 22, 22, 22] (total: 90s)
2026-09-24 12:50:26,950 - RLController - INFO -   Example: junction B1 -> durations [24, 22, 22, 22] (total: 90s)
2026-09-24 12:50:26,951 - RLController - INFO -   Example: junction B2 -> durations [24, 22, 22, 22] (total: 90s)
2026-09-24 12:50:26,951 - RLController - INFO -   Example: junction B4 -> durations [24, 22, 22, 22] (total: 90s)
2026-09-24 12:50:26,951 - RLController - INFO -   Example: junction B5 -> durations [60, 10, 10, 10] (total: 90s)
2026-09-24 12:50:26,951 - RLController - INFO -   Example: junction C0 -> durations [22, 22, 24, 22] (total: 90s)
2026-09-24 12:50:26,951 - RLController - INFO -   Example: junction C1 -> durations [24, 22, 22, 22] (total: 90s)
2026-09-24 12:50:26,951 - RLController - INFO -   Example: junction C2 -> durations [57, 13, 10, 10] (total: 90s)
2026-09-24 12:50:26,951 - RLController - INFO -   Example: junction C3 -> durations [60, 10, 10, 10] (total: 90s)
2026-09-24 12:50:26,952 - RLController - INFO -   Example: junction C4 -> durations [57, 11, 11, 11] (total: 90s)
2026-09-24 12:50:26,952 - RLController - INFO -   Example: junction C5 -> durations [57, 11, 11, 11] (total: 90s)
2026-09-24 12:50:26,952 - RLController - INFO -   Example: junction D0 -> durations [24, 22, 22, 22] (total: 90s)
2026-09-24 12:50:26,952 - RLController - INFO -   Example: junction D1 -> durations [21, 21, 27, 21] (total: 90s)
2026-09-24 12:50:26,952 - RLController - INFO -   Example: junction D2 -> durations [45, 15, 15, 15] (total: 90s)
2026-09-24 12:50:26,952 - RLController - INFO -   Example: junction D3 -> durations [24, 22, 22, 22] (total: 90s)
2026-09-24 12:50:26,952 - RLController - INFO -   Example: junction D4 -> durations [24, 22, 22, 22] (total: 90s)
2026-09-24 12:50:26,953 - RLController - INFO -   Example: junction D5 -> durations [13, 13, 51, 13] (total: 90s)
2026-09-24 12:50:26,953 - RLController - INFO -   Example: junction E0 -> durations [24, 22, 22, 22] (total: 90s)
2026-09-24 12:50:26,953 - RLController - INFO -   Example: junction E1 -> durations [24, 22, 22, 22] (total: 90s)
2026-09-24 12:50:26,954 - RLController - INFO -   Stored schedules for 34 junctions, cycle starts at step 4770
2026-09-24 12:50:29,719 - RLController - INFO - DIAGNOSTIC Step 4860 - Observation stats:
2026-09-24 12:50:29,720 - RLController - INFO -   Hash: -4240921059155881691, Min: 0.000000, Max: 1.000000, Mean: 0.431440, Std: 0.455107
2026-09-24 12:50:29,720 - RLController - INFO -   First 10: [1.0000000e+00 0.0000000e+00 0.0000000e+00 0.0000000e+00 0.0000000e+00
 5.0000000e-01 2.8193210e-05 0.0000000e+00 9.9333334e-01 1.0000000e+00]
2026-09-24 12:50:29,721 - RLController - INFO -   Last 10: [0.         0.2        0.         0.08333334 0.4722222  0.00326949
 0.07576923 0.5452904  0.         0.3       ]
2026-09-24 12:50:29,725 - RLController - INFO - DIAGNOSTIC - Raw model action output:
2026-09-24 12:50:29,725 - RLController - INFO -   Action hash: 7191795818065940904
2026-09-24 12:50:29,725 - RLController - INFO -   First 8 values: [ -7.4383388 -10.        -10.        -10.        -10.        -10.
 -10.        -10.       ]
2026-09-24 12:50:29,725 - RLController - INFO -   Last 8 values: [-10.        -10.        -10.        -10.        -10.         -2.5694559
 -10.        -10.       ]
2026-09-24 12:50:29,725 - RLController - INFO -   Action shape: (136,), min: -10.000000, max: 5.435642, mean: -9.283984
2026-09-24 12:50:29,726 - RLController - INFO -   B0 junction (indices 16-19) raw values: [-10. -10. -10. -10.]
2026-09-24 12:50:29,726 - RLController - INFO - Using CONTINUOUS DURATION-BASED mode
2026-09-24 12:50:29,726 - RLController - INFO -   Example: junction A0 -> durations [51, 13, 13, 13] (total: 90s)
2026-09-24 12:50:29,726 - RLController - INFO -   Example: junction A1 -> durations [24, 22, 22, 22] (total: 90s)
2026-09-24 12:50:29,726 - RLController - INFO -   Example: junction A2 -> durations [12, 12, 54, 12] (total: 90s)
2026-09-24 12:50:29,726 - RLController - INFO -   Example: junction A4 -> durations [60, 10, 10, 10] (total: 90s)
2026-09-24 12:50:29,727 - RLController - INFO -   Example: junction A5 -> durations [24, 22, 22, 22] (total: 90s)
2026-09-24 12:50:29,727 - RLController - INFO -   Example: junction B0 -> durations [24, 22, 22, 22] (total: 90s)
2026-09-24 12:50:29,727 - RLController - INFO -   Example: junction B1 -> durations [24, 22, 22, 22] (total: 90s)
2026-09-24 12:50:29,727 - RLController - INFO -   Example: junction B2 -> durations [24, 22, 22, 22] (total: 90s)
2026-09-24 12:50:29,727 - RLController - INFO -   Example: junction B4 -> durations [24, 22, 22, 22] (total: 90s)
2026-09-24 12:50:29,727 - RLController - INFO -   Example: junction B5 -> durations [60, 10, 10, 10] (total: 90s)
2026-09-24 12:50:29,727 - RLController - INFO -   Example: junction C0 -> durations [22, 22, 24, 22] (total: 90s)
2026-09-24 12:50:29,727 - RLController - INFO -   Example: junction C1 -> durations [24, 22, 22, 22] (total: 90s)
2026-09-24 12:50:29,728 - RLController - INFO -   Example: junction C2 -> durations [57, 13, 10, 10] (total: 90s)
2026-09-24 12:50:29,728 - RLController - INFO -   Example: junction C3 -> durations [60, 10, 10, 10] (total: 90s)
2026-09-24 12:50:29,728 - RLController - INFO -   Example: junction C4 -> durations [57, 11, 11, 11] (total: 90s)
2026-09-24 12:50:29,728 - RLController - INFO -   Example: junction C5 -> durations [57, 11, 11, 11] (total: 90s)
2026-09-24 12:50:29,728 - RLController - INFO -   Example: junction D0 -> durations [24, 22, 22, 22] (total: 90s)
2026-09-24 12:50:29,728 - RLController - INFO -   Example: junction D1 -> durations [21, 21, 27, 21] (total: 90s)
2026-09-24 12:50:29,728 - RLController - INFO -   Example: junction D2 -> durations [45, 15, 15, 15] (total: 90s)
2026-09-24 12:50:29,729 - RLController - INFO -   Example: junction D3 -> durations [24, 22, 22, 22] (total: 90s)
2026-09-24 12:50:29,729 - RLController - INFO -   Example: junction D4 -> durations [24, 22, 22, 22] (total: 90s)
2026-09-24 12:50:29,729 - RLController - INFO -   Example: junction D5 -> durations [13, 13, 51, 13] (total: 90s)
2026-09-24 12:50:29,729 - RLController - INFO -   Example: junction E0 -> durations [24, 22, 22, 22] (total: 90s)
2026-09-24 12:50:29,729 - RLController - INFO -   Example: junction E1 -> durations [24, 22, 22, 22] (total: 90s)
2026-09-24 12:50:29,730 - RLController - INFO -   Stored schedules for 34 junctions, cycle starts at step 4860
2026-09-24 12:50:32,375 - RLController - INFO - DIAGNOSTIC Step 4950 - Observation stats:
2026-09-24 12:50:32,375 - RLController - INFO -   Hash: 44894481307250658, Min: 0.000000, Max: 1.000000, Mean: 0.432866, Std: 0.455943
2026-09-24 12:50:32,375 - RLController - INFO -   First 10: [1.         0.         0.         0.         0.         0.5
 0.         1.         0.99333334 1.        ]
2026-09-24 12:50:32,376 - RLController - INFO -   Last 10: [0.         0.2        0.         0.08333334 0.46153846 0.00323787
 0.07769231 0.55424803 0.         0.3       ]
2026-09-24 12:50:32,382 - RLController - INFO - DIAGNOSTIC - Raw model action output:
2026-09-24 12:50:32,382 - RLController - INFO -   Action hash: 692256805974821533
2026-09-24 12:50:32,383 - RLController - INFO -   First 8 values: [ -7.2592764 -10.        -10.        -10.        -10.        -10.
 -10.        -10.       ]
2026-09-24 12:50:32,383 - RLController - INFO -   Last 8 values: [-10.        -10.        -10.        -10.        -10.         -1.3730206
 -10.        -10.       ]
2026-09-24 12:50:32,383 - RLController - INFO -   Action shape: (136,), min: -10.000000, max: 5.223334, mean: -9.290455
2026-09-24 12:50:32,383 - RLController - INFO -   B0 junction (indices 16-19) raw values: [ -9.821483 -10.       -10.       -10.      ]
2026-09-24 12:50:32,383 - RLController - INFO - Using CONTINUOUS DURATION-BASED mode
2026-09-24 12:50:32,384 - RLController - INFO -   Example: junction A0 -> durations [51, 13, 13, 13] (total: 90s)
2026-09-24 12:50:32,384 - RLController - INFO -   Example: junction A1 -> durations [24, 22, 22, 22] (total: 90s)
2026-09-24 12:50:32,384 - RLController - INFO -   Example: junction A2 -> durations [12, 12, 54, 12] (total: 90s)
2026-09-24 12:50:32,384 - RLController - INFO -   Example: junction A4 -> durations [60, 10, 10, 10] (total: 90s)
2026-09-24 12:50:32,384 - RLController - INFO -   Example: junction A5 -> durations [24, 22, 22, 22] (total: 90s)
2026-09-24 12:50:32,385 - RLController - INFO -   Example: junction B0 -> durations [24, 22, 22, 22] (total: 90s)
2026-09-24 12:50:32,385 - RLController - INFO -   Example: junction B1 -> durations [24, 22, 22, 22] (total: 90s)
2026-09-24 12:50:32,385 - RLController - INFO -   Example: junction B2 -> durations [24, 22, 22, 22] (total: 90s)
2026-09-24 12:50:32,385 - RLController - INFO -   Example: junction B4 -> durations [24, 22, 22, 22] (total: 90s)
2026-09-24 12:50:32,385 - RLController - INFO -   Example: junction B5 -> durations [60, 10, 10, 10] (total: 90s)
2026-09-24 12:50:32,385 - RLController - INFO -   Example: junction C0 -> durations [22, 22, 24, 22] (total: 90s)
2026-09-24 12:50:32,385 - RLController - INFO -   Example: junction C1 -> durations [24, 22, 22, 22] (total: 90s)
2026-09-24 12:50:32,385 - RLController - INFO -   Example: junction C2 -> durations [57, 13, 10, 10] (total: 90s)
2026-09-24 12:50:32,386 - RLController - INFO -   Example: junction C3 -> durations [60, 10, 10, 10] (total: 90s)
2026-09-24 12:50:32,386 - RLController - INFO -   Example: junction C4 -> durations [57, 11, 11, 11] (total: 90s)
2026-09-24 12:50:32,386 - RLController - INFO -   Example: junction C5 -> durations [57, 11, 11, 11] (total: 90s)
2026-09-24 12:50:32,386 - RLController - INFO -   Example: junction D0 -> durations [24, 22, 22, 22] (total: 90s)
2026-09-24 12:50:32,386 - RLController - INFO -   Example: junction D1 -> durations [21, 21, 27, 21] (total: 90s)
2026-09-24 12:50:32,386 - RLController - INFO -   Example: junction D2 -> durations [45, 15, 15, 15] (total: 90s)
2026-09-24 12:50:32,386 - RLController - INFO -   Example: junction D3 -> durations [24, 22, 22, 22] (total: 90s)
2026-09-24 12:50:32,386 - RLController - INFO -   Example: junction D4 -> durations [24, 22, 22, 22] (total: 90s)
2026-09-24 12:50:32,387 - RLController - INFO -   Example: junction D5 -> durations [13, 13, 51, 13] (total: 90s)
2026-09-24 12:50:32,387 - RLController - INFO -   Example: junction E0 -> durations [24, 22, 22, 22] (total: 90s)
2026-09-24 12:50:32,387 - RLController - INFO -   Example: junction E1 -> durations [24, 22, 22, 22] (total: 90s)
2026-09-24 12:50:32,388 - RLController - INFO -   Stored schedules for 34 junctions, cycle starts at step 4950
2026-09-24 12:50:35,196 - RLController - INFO - DIAGNOSTIC Step 5040 - Observation stats:
2026-09-24 12:50:35,196 - RLController - INFO -   Hash: 5528670728088462694, Min: 0.000000, Max: 1.000000, Mean: 0.432362, Std: 0.455394
2026-09-24 12:50:35,196 - RLController - INFO -   First 10: [1.  0.  0.  0.  0.  0.5 1.  0.  0.  0. ]
2026-09-24 12:50:35,196 - RLController - INFO -   Last 10: [0.         0.2        0.         0.08333334 0.47008547 0.00372131
 0.07692308 0.54912245 0.         0.3       ]
2026-09-24 12:50:35,201 - RLController - INFO - DIAGNOSTIC - Raw model action output:
2026-09-24 12:50:35,201 - RLController - INFO -   Action hash: 5763688835095332706
2026-09-24 12:50:35,201 - RLController - INFO -   First 8 values: [ -7.322374 -10.       -10.       -10.       -10.       -10.
 -10.       -10.      ]
2026-09-24 12:50:35,201 - RLController - INFO -   Last 8 values: [-10.        -10.        -10.        -10.        -10.         -2.7385328
 -10.        -10.       ]
2026-09-24 12:50:35,201 - RLController - INFO -   Action shape: (136,), min: -10.000000, max: 4.998979, mean: -9.275247
2026-09-24 12:50:35,202 - RLController - INFO -   B0 junction (indices 16-19) raw values: [-10. -10. -10. -10.]
2026-09-24 12:50:35,202 - RLController - INFO - Using CONTINUOUS DURATION-BASED mode
2026-09-24 12:50:35,202 - RLController - INFO -   Example: junction A0 -> durations [51, 13, 13, 13] (total: 90s)
2026-09-24 12:50:35,202 - RLController - INFO -   Example: junction A1 -> durations [24, 22, 22, 22] (total: 90s)
2026-09-24 12:50:35,202 - RLController - INFO -   Example: junction A2 -> durations [12, 12, 54, 12] (total: 90s)
2026-09-24 12:50:35,202 - RLController - INFO -   Example: junction A4 -> durations [60, 10, 10, 10] (total: 90s)
2026-09-24 12:50:35,202 - RLController - INFO -   Example: junction A5 -> durations [24, 22, 22, 22] (total: 90s)
2026-09-24 12:50:35,202 - RLController - INFO -   Example: junction B0 -> durations [24, 22, 22, 22] (total: 90s)
2026-09-24 12:50:35,203 - RLController - INFO -   Example: junction B1 -> durations [24, 22, 22, 22] (total: 90s)
2026-09-24 12:50:35,203 - RLController - INFO -   Example: junction B2 -> durations [24, 22, 22, 22] (total: 90s)
2026-09-24 12:50:35,203 - RLController - INFO -   Example: junction B4 -> durations [24, 22, 22, 22] (total: 90s)
2026-09-24 12:50:35,203 - RLController - INFO -   Example: junction B5 -> durations [60, 10, 10, 10] (total: 90s)
2026-09-24 12:50:35,203 - RLController - INFO -   Example: junction C0 -> durations [22, 22, 24, 22] (total: 90s)
2026-09-24 12:50:35,203 - RLController - INFO -   Example: junction C1 -> durations [24, 22, 22, 22] (total: 90s)
2026-09-24 12:50:35,203 - RLController - INFO -   Example: junction C2 -> durations [57, 13, 10, 10] (total: 90s)
2026-09-24 12:50:35,203 - RLController - INFO -   Example: junction C3 -> durations [60, 10, 10, 10] (total: 90s)
2026-09-24 12:50:35,204 - RLController - INFO -   Example: junction C4 -> durations [57, 11, 11, 11] (total: 90s)
2026-09-24 12:50:35,204 - RLController - INFO -   Example: junction C5 -> durations [57, 11, 11, 11] (total: 90s)
2026-09-24 12:50:35,204 - RLController - INFO -   Example: junction D0 -> durations [24, 22, 22, 22] (total: 90s)
2026-09-24 12:50:35,204 - RLController - INFO -   Example: junction D1 -> durations [21, 21, 27, 21] (total: 90s)
2026-09-24 12:50:35,204 - RLController - INFO -   Example: junction D2 -> durations [45, 15, 15, 15] (total: 90s)
2026-09-24 12:50:35,204 - RLController - INFO -   Example: junction D3 -> durations [24, 22, 22, 22] (total: 90s)
2026-09-24 12:50:35,204 - RLController - INFO -   Example: junction D4 -> durations [24, 22, 22, 22] (total: 90s)
2026-09-24 12:50:35,204 - RLController - INFO -   Example: junction D5 -> durations [13, 13, 51, 13] (total: 90s)
2026-09-24 12:50:35,205 - RLController - INFO -   Example: junction E0 -> durations [24, 22, 22, 22] (total: 90s)
2026-09-24 12:50:35,205 - RLController - INFO -   Example: junction E1 -> durations [24, 22, 22, 22] (total: 90s)
2026-09-24 12:50:35,205 - RLController - INFO -   Stored schedules for 34 junctions, cycle starts at step 5040
2026-09-24 12:50:38,140 - RLController - INFO - DIAGNOSTIC Step 5130 - Observation stats:
2026-09-24 12:50:38,140 - RLController - INFO -   Hash: -6748309988235136577, Min: 0.000000, Max: 1.000000, Mean: 0.437986, Std: 0.454614
2026-09-24 12:50:38,140 - RLController - INFO -   First 10: [1.  0.  0.  0.  0.  0.5 1.  0.  0.  0. ]
2026-09-24 12:50:38,140 - RLController - INFO -   Last 10: [0.         0.2        0.         0.08333334 0.48504272 0.00326496
 0.07824786 0.536814   0.         0.3       ]
2026-09-24 12:50:38,144 - RLController - INFO - DIAGNOSTIC - Raw model action output:
2026-09-24 12:50:38,144 - RLController - INFO -   Action hash: -5623280897793155125
2026-09-24 12:50:38,145 - RLController - INFO -   First 8 values: [ -7.5221243 -10.        -10.        -10.        -10.        -10.
 -10.        -10.       ]
2026-09-24 12:50:38,145 - RLController - INFO -   Last 8 values: [-10.       -10.       -10.       -10.       -10.        -1.961977
 -10.       -10.      ]
2026-09-24 12:50:38,145 - RLController - INFO -   Action shape: (136,), min: -10.000000, max: 5.676697, mean: -9.246492
2026-09-24 12:50:38,145 - RLController - INFO -   B0 junction (indices 16-19) raw values: [ -9.573577 -10.       -10.       -10.      ]
2026-09-24 12:50:38,145 - RLController - INFO - Using CONTINUOUS DURATION-BASED mode
2026-09-24 12:50:38,146 - RLController - INFO -   Example: junction A0 -> durations [51, 13, 13, 13] (total: 90s)
2026-09-24 12:50:38,146 - RLController - INFO -   Example: junction A1 -> durations [24, 22, 22, 22] (total: 90s)
2026-09-24 12:50:38,146 - RLController - INFO -   Example: junction A2 -> durations [12, 12, 54, 12] (total: 90s)
2026-09-24 12:50:38,146 - RLController - INFO -   Example: junction A4 -> durations [60, 10, 10, 10] (total: 90s)
2026-09-24 12:50:38,146 - RLController - INFO -   Example: junction A5 -> durations [24, 22, 22, 22] (total: 90s)
2026-09-24 12:50:38,146 - RLController - INFO -   Example: junction B0 -> durations [24, 22, 22, 22] (total: 90s)
2026-09-24 12:50:38,146 - RLController - INFO -   Example: junction B1 -> durations [24, 22, 22, 22] (total: 90s)
2026-09-24 12:50:38,147 - RLController - INFO -   Example: junction B2 -> durations [24, 22, 22, 22] (total: 90s)
2026-09-24 12:50:38,147 - RLController - INFO -   Example: junction B4 -> durations [24, 22, 22, 22] (total: 90s)
2026-09-24 12:50:38,147 - RLController - INFO -   Example: junction B5 -> durations [60, 10, 10, 10] (total: 90s)
2026-09-24 12:50:38,147 - RLController - INFO -   Example: junction C0 -> durations [22, 22, 24, 22] (total: 90s)
2026-09-24 12:50:38,147 - RLController - INFO -   Example: junction C1 -> durations [24, 22, 22, 22] (total: 90s)
2026-09-24 12:50:38,147 - RLController - INFO -   Example: junction C2 -> durations [57, 13, 10, 10] (total: 90s)
2026-09-24 12:50:38,147 - RLController - INFO -   Example: junction C3 -> durations [60, 10, 10, 10] (total: 90s)
2026-09-24 12:50:38,147 - RLController - INFO -   Example: junction C4 -> durations [57, 11, 11, 11] (total: 90s)
2026-09-24 12:50:38,147 - RLController - INFO -   Example: junction C5 -> durations [57, 11, 11, 11] (total: 90s)
2026-09-24 12:50:38,148 - RLController - INFO -   Example: junction D0 -> durations [24, 22, 22, 22] (total: 90s)
2026-09-24 12:50:38,148 - RLController - INFO -   Example: junction D1 -> durations [21, 21, 27, 21] (total: 90s)
2026-09-24 12:50:38,148 - RLController - INFO -   Example: junction D2 -> durations [45, 15, 15, 15] (total: 90s)
2026-09-24 12:50:38,148 - RLController - INFO -   Example: junction D3 -> durations [24, 22, 22, 22] (total: 90s)
2026-09-24 12:50:38,148 - RLController - INFO -   Example: junction D4 -> durations [24, 22, 22, 22] (total: 90s)
2026-09-24 12:50:38,148 - RLController - INFO -   Example: junction D5 -> durations [13, 13, 51, 13] (total: 90s)
2026-09-24 12:50:38,148 - RLController - INFO -   Example: junction E0 -> durations [24, 22, 22, 22] (total: 90s)
2026-09-24 12:50:38,149 - RLController - INFO -   Example: junction E1 -> durations [24, 22, 22, 22] (total: 90s)
2026-09-24 12:50:38,149 - RLController - INFO -   Stored schedules for 34 junctions, cycle starts at step 5130
2026-09-24 12:50:40,887 - RLController - INFO - DIAGNOSTIC Step 5220 - Observation stats:
2026-09-24 12:50:40,888 - RLController - INFO -   Hash: 5227420253141874307, Min: 0.000000, Max: 1.000000, Mean: 0.439749, Std: 0.454946
2026-09-24 12:50:40,889 - RLController - INFO -   First 10: [1.  0.  0.  0.  0.  0.5 1.  0.  0.  0. ]
2026-09-24 12:50:40,889 - RLController - INFO -   Last 10: [0.         0.2        0.         0.08333334 0.48931623 0.00352027
 0.07782051 0.52825814 0.         0.3       ]
2026-09-24 12:50:40,893 - RLController - INFO - DIAGNOSTIC - Raw model action output:
2026-09-24 12:50:40,893 - RLController - INFO -   Action hash: 4570792402662103556
2026-09-24 12:50:40,893 - RLController - INFO -   First 8 values: [ -7.416179 -10.       -10.       -10.       -10.       -10.
 -10.       -10.      ]
2026-09-24 12:50:40,893 - RLController - INFO -   Last 8 values: [-10.        -10.        -10.        -10.        -10.         -2.5461943
 -10.        -10.       ]
2026-09-24 12:50:40,893 - RLController - INFO -   Action shape: (136,), min: -10.000000, max: 5.934529, mean: -9.264866
2026-09-24 12:50:40,893 - RLController - INFO -   B0 junction (indices 16-19) raw values: [ -9.443516 -10.       -10.       -10.      ]
2026-09-24 12:50:40,894 - RLController - INFO - Using CONTINUOUS DURATION-BASED mode
2026-09-24 12:50:40,894 - RLController - INFO -   Example: junction A0 -> durations [51, 13, 13, 13] (total: 90s)
2026-09-24 12:50:40,894 - RLController - INFO -   Example: junction A1 -> durations [24, 22, 22, 22] (total: 90s)
2026-09-24 12:50:40,894 - RLController - INFO -   Example: junction A2 -> durations [12, 12, 54, 12] (total: 90s)
2026-09-24 12:50:40,894 - RLController - INFO -   Example: junction A4 -> durations [60, 10, 10, 10] (total: 90s)
2026-09-24 12:50:40,894 - RLController - INFO -   Example: junction A5 -> durations [24, 22, 22, 22] (total: 90s)
2026-09-24 12:50:40,894 - RLController - INFO -   Example: junction B0 -> durations [24, 22, 22, 22] (total: 90s)
2026-09-24 12:50:40,895 - RLController - INFO -   Example: junction B1 -> durations [24, 22, 22, 22] (total: 90s)
2026-09-24 12:50:40,895 - RLController - INFO -   Example: junction B2 -> durations [24, 22, 22, 22] (total: 90s)
2026-09-24 12:50:40,895 - RLController - INFO -   Example: junction B4 -> durations [24, 22, 22, 22] (total: 90s)
2026-09-24 12:50:40,895 - RLController - INFO -   Example: junction B5 -> durations [60, 10, 10, 10] (total: 90s)
2026-09-24 12:50:40,895 - RLController - INFO -   Example: junction C0 -> durations [22, 22, 24, 22] (total: 90s)
2026-09-24 12:50:40,895 - RLController - INFO -   Example: junction C1 -> durations [24, 22, 22, 22] (total: 90s)
2026-09-24 12:50:40,895 - RLController - INFO -   Example: junction C2 -> durations [57, 13, 10, 10] (total: 90s)
2026-09-24 12:50:40,895 - RLController - INFO -   Example: junction C3 -> durations [60, 10, 10, 10] (total: 90s)
2026-09-24 12:50:40,896 - RLController - INFO -   Example: junction C4 -> durations [57, 11, 11, 11] (total: 90s)
2026-09-24 12:50:40,896 - RLController - INFO -   Example: junction C5 -> durations [57, 11, 11, 11] (total: 90s)
2026-09-24 12:50:40,896 - RLController - INFO -   Example: junction D0 -> durations [24, 22, 22, 22] (total: 90s)
2026-09-24 12:50:40,896 - RLController - INFO -   Example: junction D1 -> durations [21, 21, 27, 21] (total: 90s)
2026-09-24 12:50:40,896 - RLController - INFO -   Example: junction D2 -> durations [45, 15, 15, 15] (total: 90s)
2026-09-24 12:50:40,896 - RLController - INFO -   Example: junction D3 -> durations [24, 22, 22, 22] (total: 90s)
2026-09-24 12:50:40,896 - RLController - INFO -   Example: junction D4 -> durations [24, 22, 22, 22] (total: 90s)
2026-09-24 12:50:40,896 - RLController - INFO -   Example: junction D5 -> durations [13, 13, 51, 13] (total: 90s)
2026-09-24 12:50:40,897 - RLController - INFO -   Example: junction E0 -> durations [24, 22, 22, 22] (total: 90s)
2026-09-24 12:50:40,897 - RLController - INFO -   Example: junction E1 -> durations [24, 22, 22, 22] (total: 90s)
2026-09-24 12:50:40,897 - RLController - INFO -   Stored schedules for 34 junctions, cycle starts at step 5220
2026-09-24 12:50:43,699 - RLController - INFO - DIAGNOSTIC Step 5310 - Observation stats:
2026-09-24 12:50:43,700 - RLController - INFO -   Hash: -2732829533052084300, Min: 0.000000, Max: 1.000000, Mean: 0.437740, Std: 0.454987
2026-09-24 12:50:43,700 - RLController - INFO -   First 10: [1.  0.  0.  0.  0.  0.5 1.  0.  0.  0. ]
2026-09-24 12:50:43,700 - RLController - INFO -   Last 10: [0.         0.2        0.         0.08333334 0.48504272 0.00285393
 0.07692308 0.5251959  0.         0.3       ]
2026-09-24 12:50:43,704 - RLController - INFO - DIAGNOSTIC - Raw model action output:
2026-09-24 12:50:43,704 - RLController - INFO -   Action hash: 7648233254620438311
2026-09-24 12:50:43,705 - RLController - INFO -   First 8 values: [ -7.4202867 -10.        -10.        -10.        -10.        -10.
 -10.        -10.       ]
2026-09-24 12:50:43,705 - RLController - INFO -   Last 8 values: [-10.        -10.        -10.        -10.        -10.         -1.8406031
 -10.        -10.       ]
2026-09-24 12:50:43,705 - RLController - INFO -   Action shape: (136,), min: -10.000000, max: 4.878034, mean: -9.260553
2026-09-24 12:50:43,705 - RLController - INFO -   B0 junction (indices 16-19) raw values: [-10. -10. -10. -10.]
2026-09-24 12:50:43,705 - RLController - INFO - Using CONTINUOUS DURATION-BASED mode
2026-09-24 12:50:43,705 - RLController - INFO -   Example: junction A0 -> durations [51, 13, 13, 13] (total: 90s)
2026-09-24 12:50:43,705 - RLController - INFO -   Example: junction A1 -> durations [24, 22, 22, 22] (total: 90s)
2026-09-24 12:50:43,706 - RLController - INFO -   Example: junction A2 -> durations [12, 12, 54, 12] (total: 90s)
2026-09-24 12:50:43,706 - RLController - INFO -   Example: junction A4 -> durations [60, 10, 10, 10] (total: 90s)
2026-09-24 12:50:43,706 - RLController - INFO -   Example: junction A5 -> durations [24, 22, 22, 22] (total: 90s)
2026-09-24 12:50:43,706 - RLController - INFO -   Example: junction B0 -> durations [24, 22, 22, 22] (total: 90s)
2026-09-24 12:50:43,706 - RLController - INFO -   Example: junction B1 -> durations [24, 22, 22, 22] (total: 90s)
2026-09-24 12:50:43,706 - RLController - INFO -   Example: junction B2 -> durations [24, 22, 22, 22] (total: 90s)
2026-09-24 12:50:43,706 - RLController - INFO -   Example: junction B4 -> durations [24, 22, 22, 22] (total: 90s)
2026-09-24 12:50:43,707 - RLController - INFO -   Example: junction B5 -> durations [60, 10, 10, 10] (total: 90s)
2026-09-24 12:50:43,707 - RLController - INFO -   Example: junction C0 -> durations [22, 22, 24, 22] (total: 90s)
2026-09-24 12:50:43,707 - RLController - INFO -   Example: junction C1 -> durations [24, 22, 22, 22] (total: 90s)
2026-09-24 12:50:43,707 - RLController - INFO -   Example: junction C2 -> durations [57, 13, 10, 10] (total: 90s)
2026-09-24 12:50:43,707 - RLController - INFO -   Example: junction C3 -> durations [60, 10, 10, 10] (total: 90s)
2026-09-24 12:50:43,707 - RLController - INFO -   Example: junction C4 -> durations [57, 11, 11, 11] (total: 90s)
2026-09-24 12:50:43,707 - RLController - INFO -   Example: junction C5 -> durations [57, 11, 11, 11] (total: 90s)
2026-09-24 12:50:43,707 - RLController - INFO -   Example: junction D0 -> durations [24, 22, 22, 22] (total: 90s)
2026-09-24 12:50:43,708 - RLController - INFO -   Example: junction D1 -> durations [21, 21, 27, 21] (total: 90s)
2026-09-24 12:50:43,708 - RLController - INFO -   Example: junction D2 -> durations [45, 15, 15, 15] (total: 90s)
2026-09-24 12:50:43,708 - RLController - INFO -   Example: junction D3 -> durations [24, 22, 22, 22] (total: 90s)
2026-09-24 12:50:43,708 - RLController - INFO -   Example: junction D4 -> durations [24, 22, 22, 22] (total: 90s)
2026-09-24 12:50:43,708 - RLController - INFO -   Example: junction D5 -> durations [13, 13, 51, 13] (total: 90s)
2026-09-24 12:50:43,708 - RLController - INFO -   Example: junction E0 -> durations [24, 22, 22, 22] (total: 90s)
2026-09-24 12:50:43,708 - RLController - INFO -   Example: junction E1 -> durations [24, 22, 22, 22] (total: 90s)
2026-09-24 12:50:43,709 - RLController - INFO -   Stored schedules for 34 junctions, cycle starts at step 5310
2026-09-24 12:50:46,392 - RLController - INFO - DIAGNOSTIC Step 5400 - Observation stats:
2026-09-24 12:50:46,392 - RLController - INFO -   Hash: 5632657738860724766, Min: 0.000000, Max: 1.000000, Mean: 0.440742, Std: 0.457347
2026-09-24 12:50:46,393 - RLController - INFO -   First 10: [1.  0.  0.  0.  0.  0.5 1.  0.  0.  0. ]
2026-09-24 12:50:46,393 - RLController - INFO -   Last 10: [0.         0.2        0.         0.08333334 0.4764957  0.00317539
 0.07576923 0.5378083  0.         0.3       ]
2026-09-24 12:50:46,397 - RLController - INFO - DIAGNOSTIC - Raw model action output:
2026-09-24 12:50:46,397 - RLController - INFO -   Action hash: -8310991709764643205
2026-09-24 12:50:46,397 - RLController - INFO -   First 8 values: [ -7.178598 -10.       -10.       -10.       -10.       -10.
 -10.       -10.      ]
2026-09-24 12:50:46,398 - RLController - INFO -   Last 8 values: [-10.        -10.        -10.        -10.        -10.         -1.9580321
 -10.        -10.       ]
2026-09-24 12:50:46,398 - RLController - INFO -   Action shape: (136,), min: -10.000000, max: 5.436589, mean: -9.269190
2026-09-24 12:50:46,398 - RLController - INFO -   B0 junction (indices 16-19) raw values: [-10. -10. -10. -10.]
2026-09-24 12:50:46,398 - RLController - INFO - Using CONTINUOUS DURATION-BASED mode
2026-09-24 12:50:46,398 - RLController - INFO -   Example: junction A0 -> durations [51, 13, 13, 13] (total: 90s)
2026-09-24 12:50:46,398 - RLController - INFO -   Example: junction A1 -> durations [24, 22, 22, 22] (total: 90s)
2026-09-24 12:50:46,399 - RLController - INFO -   Example: junction A2 -> durations [12, 12, 54, 12] (total: 90s)
2026-09-24 12:50:46,399 - RLController - INFO -   Example: junction A4 -> durations [60, 10, 10, 10] (total: 90s)
2026-09-24 12:50:46,399 - RLController - INFO -   Example: junction A5 -> durations [24, 22, 22, 22] (total: 90s)
2026-09-24 12:50:46,399 - RLController - INFO -   Example: junction B0 -> durations [24, 22, 22, 22] (total: 90s)
2026-09-24 12:50:46,399 - RLController - INFO -   Example: junction B1 -> durations [24, 22, 22, 22] (total: 90s)
2026-09-24 12:50:46,399 - RLController - INFO -   Example: junction B2 -> durations [24, 22, 22, 22] (total: 90s)
2026-09-24 12:50:46,399 - RLController - INFO -   Example: junction B4 -> durations [24, 22, 22, 22] (total: 90s)
2026-09-24 12:50:46,399 - RLController - INFO -   Example: junction B5 -> durations [60, 10, 10, 10] (total: 90s)
2026-09-24 12:50:46,400 - RLController - INFO -   Example: junction C0 -> durations [22, 22, 24, 22] (total: 90s)
2026-09-24 12:50:46,400 - RLController - INFO -   Example: junction C1 -> durations [24, 22, 22, 22] (total: 90s)
2026-09-24 12:50:46,400 - RLController - INFO -   Example: junction C2 -> durations [57, 13, 10, 10] (total: 90s)
2026-09-24 12:50:46,400 - RLController - INFO -   Example: junction C3 -> durations [60, 10, 10, 10] (total: 90s)
2026-09-24 12:50:46,400 - RLController - INFO -   Example: junction C4 -> durations [57, 11, 11, 11] (total: 90s)
2026-09-24 12:50:46,400 - RLController - INFO -   Example: junction C5 -> durations [57, 11, 11, 11] (total: 90s)
2026-09-24 12:50:46,400 - RLController - INFO -   Example: junction D0 -> durations [24, 22, 22, 22] (total: 90s)
2026-09-24 12:50:46,400 - RLController - INFO -   Example: junction D1 -> durations [21, 21, 27, 21] (total: 90s)
2026-09-24 12:50:46,401 - RLController - INFO -   Example: junction D2 -> durations [45, 15, 15, 15] (total: 90s)
2026-09-24 12:50:46,401 - RLController - INFO -   Example: junction D3 -> durations [24, 22, 22, 22] (total: 90s)
2026-09-24 12:50:46,401 - RLController - INFO -   Example: junction D4 -> durations [24, 22, 22, 22] (total: 90s)
2026-09-24 12:50:46,401 - RLController - INFO -   Example: junction D5 -> durations [13, 13, 51, 13] (total: 90s)
2026-09-24 12:50:46,401 - RLController - INFO -   Example: junction E0 -> durations [24, 22, 22, 22] (total: 90s)
2026-09-24 12:50:46,401 - RLController - INFO -   Example: junction E1 -> durations [24, 22, 22, 22] (total: 90s)
2026-09-24 12:50:46,402 - RLController - INFO -   Stored schedules for 34 junctions, cycle starts at step 5400
2026-09-24 12:50:49,420 - RLController - INFO - DIAGNOSTIC Step 5490 - Observation stats:
2026-09-24 12:50:49,421 - RLController - INFO -   Hash: 4395080765125160675, Min: 0.000000, Max: 1.000000, Mean: 0.434709, Std: 0.455407
2026-09-24 12:50:49,422 - RLController - INFO -   First 10: [1.  0.  0.  0.  0.  0.5 1.  0.  0.  0. ]
2026-09-24 12:50:49,422 - RLController - INFO -   Last 10: [0.         0.2        0.         0.08333334 0.4508547  0.00296466
 0.07376068 0.56157845 0.         0.3       ]
2026-09-24 12:50:49,429 - RLController - INFO - DIAGNOSTIC - Raw model action output:
2026-09-24 12:50:49,429 - RLController - INFO -   Action hash: -4664832234442995421
2026-09-24 12:50:49,429 - RLController - INFO -   First 8 values: [ -7.60089 -10.      -10.      -10.      -10.      -10.      -10.
 -10.     ]
2026-09-24 12:50:49,429 - RLController - INFO -   Last 8 values: [-10.        -10.        -10.        -10.        -10.         -2.1635344
 -10.        -10.       ]
2026-09-24 12:50:49,429 - RLController - INFO -   Action shape: (136,), min: -10.000000, max: 5.276824, mean: -9.283852
2026-09-24 12:50:49,429 - RLController - INFO -   B0 junction (indices 16-19) raw values: [ -9.816683 -10.       -10.       -10.      ]
2026-09-24 12:50:49,430 - RLController - INFO - Using CONTINUOUS DURATION-BASED mode
2026-09-24 12:50:49,430 - RLController - INFO -   Example: junction A0 -> durations [51, 13, 13, 13] (total: 90s)
2026-09-24 12:50:49,430 - RLController - INFO -   Example: junction A1 -> durations [24, 22, 22, 22] (total: 90s)
2026-09-24 12:50:49,430 - RLController - INFO -   Example: junction A2 -> durations [12, 12, 54, 12] (total: 90s)
2026-09-24 12:50:49,430 - RLController - INFO -   Example: junction A4 -> durations [60, 10, 10, 10] (total: 90s)
2026-09-24 12:50:49,430 - RLController - INFO -   Example: junction A5 -> durations [24, 22, 22, 22] (total: 90s)
2026-09-24 12:50:49,430 - RLController - INFO -   Example: junction B0 -> durations [24, 22, 22, 22] (total: 90s)
2026-09-24 12:50:49,431 - RLController - INFO -   Example: junction B1 -> durations [24, 22, 22, 22] (total: 90s)
2026-09-24 12:50:49,431 - RLController - INFO -   Example: junction B2 -> durations [24, 22, 22, 22] (total: 90s)
2026-09-24 12:50:49,431 - RLController - INFO -   Example: junction B4 -> durations [24, 22, 22, 22] (total: 90s)
2026-09-24 12:50:49,431 - RLController - INFO -   Example: junction B5 -> durations [60, 10, 10, 10] (total: 90s)
2026-09-24 12:50:49,431 - RLController - INFO -   Example: junction C0 -> durations [22, 22, 24, 22] (total: 90s)
2026-09-24 12:50:49,431 - RLController - INFO -   Example: junction C1 -> durations [24, 22, 22, 22] (total: 90s)
2026-09-24 12:50:49,431 - RLController - INFO -   Example: junction C2 -> durations [57, 13, 10, 10] (total: 90s)
2026-09-24 12:50:49,431 - RLController - INFO -   Example: junction C3 -> durations [60, 10, 10, 10] (total: 90s)
2026-09-24 12:50:49,432 - RLController - INFO -   Example: junction C4 -> durations [57, 11, 11, 11] (total: 90s)
2026-09-24 12:50:49,432 - RLController - INFO -   Example: junction C5 -> durations [57, 11, 11, 11] (total: 90s)
2026-09-24 12:50:49,432 - RLController - INFO -   Example: junction D0 -> durations [24, 22, 22, 22] (total: 90s)
2026-09-24 12:50:49,432 - RLController - INFO -   Example: junction D1 -> durations [21, 21, 27, 21] (total: 90s)
2026-09-24 12:50:49,432 - RLController - INFO -   Example: junction D2 -> durations [45, 15, 15, 15] (total: 90s)
2026-09-24 12:50:49,432 - RLController - INFO -   Example: junction D3 -> durations [24, 22, 22, 22] (total: 90s)
2026-09-24 12:50:49,432 - RLController - INFO -   Example: junction D4 -> durations [24, 22, 22, 22] (total: 90s)
2026-09-24 12:50:49,433 - RLController - INFO -   Example: junction D5 -> durations [13, 13, 51, 13] (total: 90s)
2026-09-24 12:50:49,433 - RLController - INFO -   Example: junction E0 -> durations [24, 22, 22, 22] (total: 90s)
2026-09-24 12:50:49,433 - RLController - INFO -   Example: junction E1 -> durations [24, 22, 22, 22] (total: 90s)
2026-09-24 12:50:49,433 - RLController - INFO -   Stored schedules for 34 junctions, cycle starts at step 5490
2026-09-24 12:50:52,510 - RLController - INFO - DIAGNOSTIC Step 5580 - Observation stats:
2026-09-24 12:50:52,510 - RLController - INFO -   Hash: 504693818111261803, Min: 0.000000, Max: 1.000000, Mean: 0.435102, Std: 0.456260
2026-09-24 12:50:52,511 - RLController - INFO -   First 10: [1.         0.         0.         0.         0.         0.5
 0.         1.         0.99333334 1.        ]
2026-09-24 12:50:52,511 - RLController - INFO -   Last 10: [0.         0.2        0.         0.08333334 0.4764957  0.00329532
 0.07598291 0.5406405  0.         0.3       ]
2026-09-24 12:50:52,515 - RLController - INFO - DIAGNOSTIC - Raw model action output:
2026-09-24 12:50:52,516 - RLController - INFO -   Action hash: -8781622658750038205
2026-09-24 12:50:52,516 - RLController - INFO -   First 8 values: [ -7.245025 -10.       -10.       -10.       -10.       -10.
 -10.       -10.      ]
2026-09-24 12:50:52,516 - RLController - INFO -   Last 8 values: [-10.        -10.        -10.        -10.        -10.         -2.7710497
 -10.        -10.       ]
2026-09-24 12:50:52,516 - RLController - INFO -   Action shape: (136,), min: -10.000000, max: 4.653623, mean: -9.277879
2026-09-24 12:50:52,516 - RLController - INFO -   B0 junction (indices 16-19) raw values: [-10. -10. -10. -10.]
2026-09-24 12:50:52,517 - RLController - INFO - Using CONTINUOUS DURATION-BASED mode
2026-09-24 12:50:52,517 - RLController - INFO -   Example: junction A0 -> durations [51, 13, 13, 13] (total: 90s)
2026-09-24 12:50:52,517 - RLController - INFO -   Example: junction A1 -> durations [24, 22, 22, 22] (total: 90s)
2026-09-24 12:50:52,517 - RLController - INFO -   Example: junction A2 -> durations [12, 12, 54, 12] (total: 90s)
2026-09-24 12:50:52,517 - RLController - INFO -   Example: junction A4 -> durations [60, 10, 10, 10] (total: 90s)
2026-09-24 12:50:52,517 - RLController - INFO -   Example: junction A5 -> durations [24, 22, 22, 22] (total: 90s)
2026-09-24 12:50:52,517 - RLController - INFO -   Example: junction B0 -> durations [24, 22, 22, 22] (total: 90s)
2026-09-24 12:50:52,518 - RLController - INFO -   Example: junction B1 -> durations [24, 22, 22, 22] (total: 90s)
2026-09-24 12:50:52,518 - RLController - INFO -   Example: junction B2 -> durations [24, 22, 22, 22] (total: 90s)
2026-09-24 12:50:52,518 - RLController - INFO -   Example: junction B4 -> durations [24, 22, 22, 22] (total: 90s)
2026-09-24 12:50:52,518 - RLController - INFO -   Example: junction B5 -> durations [60, 10, 10, 10] (total: 90s)
2026-09-24 12:50:52,518 - RLController - INFO -   Example: junction C0 -> durations [22, 22, 24, 22] (total: 90s)
2026-09-24 12:50:52,518 - RLController - INFO -   Example: junction C1 -> durations [24, 22, 22, 22] (total: 90s)
2026-09-24 12:50:52,518 - RLController - INFO -   Example: junction C2 -> durations [57, 13, 10, 10] (total: 90s)
2026-09-24 12:50:52,519 - RLController - INFO -   Example: junction C3 -> durations [60, 10, 10, 10] (total: 90s)
2026-09-24 12:50:52,519 - RLController - INFO -   Example: junction C4 -> durations [57, 11, 11, 11] (total: 90s)
2026-09-24 12:50:52,519 - RLController - INFO -   Example: junction C5 -> durations [57, 11, 11, 11] (total: 90s)
2026-09-24 12:50:52,519 - RLController - INFO -   Example: junction D0 -> durations [24, 22, 22, 22] (total: 90s)
2026-09-24 12:50:52,519 - RLController - INFO -   Example: junction D1 -> durations [21, 21, 27, 21] (total: 90s)
2026-09-24 12:50:52,519 - RLController - INFO -   Example: junction D2 -> durations [45, 15, 15, 15] (total: 90s)
2026-09-24 12:50:52,519 - RLController - INFO -   Example: junction D3 -> durations [24, 22, 22, 22] (total: 90s)
2026-09-24 12:50:52,520 - RLController - INFO -   Example: junction D4 -> durations [24, 22, 22, 22] (total: 90s)
2026-09-24 12:50:52,520 - RLController - INFO -   Example: junction D5 -> durations [13, 13, 51, 13] (total: 90s)
2026-09-24 12:50:52,520 - RLController - INFO -   Example: junction E0 -> durations [24, 22, 22, 22] (total: 90s)
2026-09-24 12:50:52,520 - RLController - INFO -   Example: junction E1 -> durations [24, 22, 22, 22] (total: 90s)
2026-09-24 12:50:52,521 - RLController - INFO -   Stored schedules for 34 junctions, cycle starts at step 5580
2026-09-24 12:50:55,628 - RLController - INFO - DIAGNOSTIC Step 5670 - Observation stats:
2026-09-24 12:50:55,628 - RLController - INFO -   Hash: -322284198116054012, Min: 0.000000, Max: 1.000000, Mean: 0.438329, Std: 0.455024
2026-09-24 12:50:55,628 - RLController - INFO -   First 10: [1.         0.         0.         0.         0.         0.5
 0.         1.         0.99333334 1.        ]
2026-09-24 12:50:55,629 - RLController - INFO -   Last 10: [0.         0.2        0.         0.08333334 0.4871795  0.003417
 0.07525641 0.5375324  0.         0.3       ]
2026-09-24 12:50:55,634 - RLController - INFO - DIAGNOSTIC - Raw model action output:
2026-09-24 12:50:55,634 - RLController - INFO -   Action hash: 2496027569390120536
2026-09-24 12:50:55,634 - RLController - INFO -   First 8 values: [ -7.3866563 -10.        -10.        -10.        -10.        -10.
 -10.        -10.       ]
2026-09-24 12:50:55,635 - RLController - INFO -   Last 8 values: [-10.        -10.        -10.        -10.        -10.         -1.6846726
 -10.        -10.       ]
2026-09-24 12:50:55,635 - RLController - INFO -   Action shape: (136,), min: -10.000000, max: 5.417706, mean: -9.262448
2026-09-24 12:50:55,635 - RLController - INFO -   B0 junction (indices 16-19) raw values: [ -9.991588 -10.       -10.       -10.      ]
2026-09-24 12:50:55,635 - RLController - INFO - Using CONTINUOUS DURATION-BASED mode
2026-09-24 12:50:55,635 - RLController - INFO -   Example: junction A0 -> durations [51, 13, 13, 13] (total: 90s)
2026-09-24 12:50:55,635 - RLController - INFO -   Example: junction A1 -> durations [24, 22, 22, 22] (total: 90s)
2026-09-24 12:50:55,636 - RLController - INFO -   Example: junction A2 -> durations [12, 12, 54, 12] (total: 90s)
2026-09-24 12:50:55,636 - RLController - INFO -   Example: junction A4 -> durations [60, 10, 10, 10] (total: 90s)
2026-09-24 12:50:55,636 - RLController - INFO -   Example: junction A5 -> durations [24, 22, 22, 22] (total: 90s)
2026-09-24 12:50:55,636 - RLController - INFO -   Example: junction B0 -> durations [24, 22, 22, 22] (total: 90s)
2026-09-24 12:50:55,636 - RLController - INFO -   Example: junction B1 -> durations [24, 22, 22, 22] (total: 90s)
2026-09-24 12:50:55,636 - RLController - INFO -   Example: junction B2 -> durations [24, 22, 22, 22] (total: 90s)
2026-09-24 12:50:55,636 - RLController - INFO -   Example: junction B4 -> durations [24, 22, 22, 22] (total: 90s)
2026-09-24 12:50:55,636 - RLController - INFO -   Example: junction B5 -> durations [60, 10, 10, 10] (total: 90s)
2026-09-24 12:50:55,637 - RLController - INFO -   Example: junction C0 -> durations [22, 22, 24, 22] (total: 90s)
2026-09-24 12:50:55,637 - RLController - INFO -   Example: junction C1 -> durations [24, 22, 22, 22] (total: 90s)
2026-09-24 12:50:55,637 - RLController - INFO -   Example: junction C2 -> durations [57, 13, 10, 10] (total: 90s)
2026-09-24 12:50:55,637 - RLController - INFO -   Example: junction C3 -> durations [60, 10, 10, 10] (total: 90s)
2026-09-24 12:50:55,637 - RLController - INFO -   Example: junction C4 -> durations [57, 11, 11, 11] (total: 90s)
2026-09-24 12:50:55,637 - RLController - INFO -   Example: junction C5 -> durations [57, 11, 11, 11] (total: 90s)
2026-09-24 12:50:55,637 - RLController - INFO -   Example: junction D0 -> durations [24, 22, 22, 22] (total: 90s)
2026-09-24 12:50:55,637 - RLController - INFO -   Example: junction D1 -> durations [21, 21, 27, 21] (total: 90s)
2026-09-24 12:50:55,638 - RLController - INFO -   Example: junction D2 -> durations [45, 15, 15, 15] (total: 90s)
2026-09-24 12:50:55,638 - RLController - INFO -   Example: junction D3 -> durations [24, 22, 22, 22] (total: 90s)
2026-09-24 12:50:55,638 - RLController - INFO -   Example: junction D4 -> durations [24, 22, 22, 22] (total: 90s)
2026-09-24 12:50:55,638 - RLController - INFO -   Example: junction D5 -> durations [13, 13, 51, 13] (total: 90s)
2026-09-24 12:50:55,638 - RLController - INFO -   Example: junction E0 -> durations [24, 22, 22, 22] (total: 90s)
2026-09-24 12:50:55,638 - RLController - INFO -   Example: junction E1 -> durations [24, 22, 22, 22] (total: 90s)
2026-09-24 12:50:55,639 - RLController - INFO -   Stored schedules for 34 junctions, cycle starts at step 5670
2026-09-24 12:50:58,417 - RLController - INFO - DIAGNOSTIC Step 5760 - Observation stats:
2026-09-24 12:50:58,418 - RLController - INFO -   Hash: -3091532013001514399, Min: 0.000000, Max: 1.000189, Mean: 0.439652, Std: 0.456903
2026-09-24 12:50:58,418 - RLController - INFO -   First 10: [1.         0.         0.         0.         0.         0.5
 0.         1.         0.99333334 1.        ]
2026-09-24 12:50:58,418 - RLController - INFO -   Last 10: [0.         0.2        0.         0.08333334 0.48076922 0.00275276
 0.07679487 0.53383154 0.         0.3       ]
2026-09-24 12:50:58,423 - RLController - INFO - DIAGNOSTIC - Raw model action output:
2026-09-24 12:50:58,424 - RLController - INFO -   Action hash: 2879114546771083486
2026-09-24 12:50:58,424 - RLController - INFO -   First 8 values: [ -7.166772 -10.       -10.       -10.       -10.       -10.
 -10.       -10.      ]
2026-09-24 12:50:58,424 - RLController - INFO -   Last 8 values: [-10.        -10.        -10.        -10.        -10.         -2.0624967
 -10.        -10.       ]
2026-09-24 12:50:58,424 - RLController - INFO -   Action shape: (136,), min: -10.000000, max: 5.671740, mean: -9.252968
2026-09-24 12:50:58,425 - RLController - INFO -   B0 junction (indices 16-19) raw values: [ -9.999691 -10.       -10.       -10.      ]
2026-09-24 12:50:58,425 - RLController - INFO - Using CONTINUOUS DURATION-BASED mode
2026-09-24 12:50:58,425 - RLController - INFO -   Example: junction A0 -> durations [51, 13, 13, 13] (total: 90s)
2026-09-24 12:50:58,425 - RLController - INFO -   Example: junction A1 -> durations [24, 22, 22, 22] (total: 90s)
2026-09-24 12:50:58,425 - RLController - INFO -   Example: junction A2 -> durations [12, 12, 54, 12] (total: 90s)
2026-09-24 12:50:58,425 - RLController - INFO -   Example: junction A4 -> durations [60, 10, 10, 10] (total: 90s)
2026-09-24 12:50:58,425 - RLController - INFO -   Example: junction A5 -> durations [24, 22, 22, 22] (total: 90s)
2026-09-24 12:50:58,425 - RLController - INFO -   Example: junction B0 -> durations [24, 22, 22, 22] (total: 90s)
2026-09-24 12:50:58,426 - RLController - INFO -   Example: junction B1 -> durations [24, 22, 22, 22] (total: 90s)
2026-09-24 12:50:58,426 - RLController - INFO -   Example: junction B2 -> durations [24, 22, 22, 22] (total: 90s)
2026-09-24 12:50:58,426 - RLController - INFO -   Example: junction B4 -> durations [24, 22, 22, 22] (total: 90s)
2026-09-24 12:50:58,426 - RLController - INFO -   Example: junction B5 -> durations [60, 10, 10, 10] (total: 90s)
2026-09-24 12:50:58,426 - RLController - INFO -   Example: junction C0 -> durations [22, 22, 24, 22] (total: 90s)
2026-09-24 12:50:58,426 - RLController - INFO -   Example: junction C1 -> durations [24, 22, 22, 22] (total: 90s)
2026-09-24 12:50:58,426 - RLController - INFO -   Example: junction C2 -> durations [57, 13, 10, 10] (total: 90s)
2026-09-24 12:50:58,426 - RLController - INFO -   Example: junction C3 -> durations [60, 10, 10, 10] (total: 90s)
2026-09-24 12:50:58,427 - RLController - INFO -   Example: junction C4 -> durations [57, 11, 11, 11] (total: 90s)
2026-09-24 12:50:58,427 - RLController - INFO -   Example: junction C5 -> durations [57, 11, 11, 11] (total: 90s)
2026-09-24 12:50:58,427 - RLController - INFO -   Example: junction D0 -> durations [24, 22, 22, 22] (total: 90s)
2026-09-24 12:50:58,427 - RLController - INFO -   Example: junction D1 -> durations [21, 21, 27, 21] (total: 90s)
2026-09-24 12:50:58,427 - RLController - INFO -   Example: junction D2 -> durations [45, 15, 15, 15] (total: 90s)
2026-09-24 12:50:58,427 - RLController - INFO -   Example: junction D3 -> durations [24, 22, 22, 22] (total: 90s)
2026-09-24 12:50:58,427 - RLController - INFO -   Example: junction D4 -> durations [24, 22, 22, 22] (total: 90s)
2026-09-24 12:50:58,427 - RLController - INFO -   Example: junction D5 -> durations [13, 13, 51, 13] (total: 90s)
2026-09-24 12:50:58,428 - RLController - INFO -   Example: junction E0 -> durations [24, 22, 22, 22] (total: 90s)
2026-09-24 12:50:58,428 - RLController - INFO -   Example: junction E1 -> durations [24, 22, 22, 22] (total: 90s)
2026-09-24 12:50:58,429 - RLController - INFO -   Stored schedules for 34 junctions, cycle starts at step 5760
2026-09-24 12:51:01,309 - RLController - INFO - DIAGNOSTIC Step 5850 - Observation stats:
2026-09-24 12:51:01,309 - RLController - INFO -   Hash: -6952182154002905471, Min: 0.000000, Max: 1.000000, Mean: 0.433004, Std: 0.455263
2026-09-24 12:51:01,310 - RLController - INFO -   First 10: [1.  0.  0.  0.  0.  0.5 1.  0.  0.  0. ]
2026-09-24 12:51:01,310 - RLController - INFO -   Last 10: [0.         0.2        0.         0.08333334 0.46153846 0.00267699
 0.07713675 0.55014557 0.         0.3       ]
2026-09-24 12:51:01,314 - RLController - INFO - DIAGNOSTIC - Raw model action output:
2026-09-24 12:51:01,314 - RLController - INFO -   Action hash: -1365989321459248789
2026-09-24 12:51:01,314 - RLController - INFO -   First 8 values: [ -7.1364465 -10.        -10.        -10.        -10.        -10.
 -10.        -10.       ]
2026-09-24 12:51:01,314 - RLController - INFO -   Last 8 values: [-10.        -10.        -10.        -10.        -10.         -2.0795128
 -10.        -10.       ]
2026-09-24 12:51:01,314 - RLController - INFO -   Action shape: (136,), min: -10.000000, max: 5.437372, mean: -9.244654
2026-09-24 12:51:01,314 - RLController - INFO -   B0 junction (indices 16-19) raw values: [ -9.937699 -10.       -10.       -10.      ]
2026-09-24 12:51:01,315 - RLController - INFO - Using CONTINUOUS DURATION-BASED mode
2026-09-24 12:51:01,315 - RLController - INFO -   Example: junction A0 -> durations [51, 13, 13, 13] (total: 90s)
2026-09-24 12:51:01,315 - RLController - INFO -   Example: junction A1 -> durations [24, 22, 22, 22] (total: 90s)
2026-09-24 12:51:01,315 - RLController - INFO -   Example: junction A2 -> durations [12, 12, 54, 12] (total: 90s)
2026-09-24 12:51:01,315 - RLController - INFO -   Example: junction A4 -> durations [60, 10, 10, 10] (total: 90s)
2026-09-24 12:51:01,315 - RLController - INFO -   Example: junction A5 -> durations [24, 22, 22, 22] (total: 90s)
2026-09-24 12:51:01,315 - RLController - INFO -   Example: junction B0 -> durations [24, 22, 22, 22] (total: 90s)
2026-09-24 12:51:01,315 - RLController - INFO -   Example: junction B1 -> durations [24, 22, 22, 22] (total: 90s)
2026-09-24 12:51:01,315 - RLController - INFO -   Example: junction B2 -> durations [24, 22, 22, 22] (total: 90s)
2026-09-24 12:51:01,316 - RLController - INFO -   Example: junction B4 -> durations [24, 22, 22, 22] (total: 90s)
2026-09-24 12:51:01,316 - RLController - INFO -   Example: junction B5 -> durations [60, 10, 10, 10] (total: 90s)
2026-09-24 12:51:01,316 - RLController - INFO -   Example: junction C0 -> durations [22, 22, 24, 22] (total: 90s)
2026-09-24 12:51:01,316 - RLController - INFO -   Example: junction C1 -> durations [24, 22, 22, 22] (total: 90s)
2026-09-24 12:51:01,316 - RLController - INFO -   Example: junction C2 -> durations [57, 13, 10, 10] (total: 90s)
2026-09-24 12:51:01,316 - RLController - INFO -   Example: junction C3 -> durations [60, 10, 10, 10] (total: 90s)
2026-09-24 12:51:01,316 - RLController - INFO -   Example: junction C4 -> durations [57, 11, 11, 11] (total: 90s)
2026-09-24 12:51:01,316 - RLController - INFO -   Example: junction C5 -> durations [57, 11, 11, 11] (total: 90s)
2026-09-24 12:51:01,316 - RLController - INFO -   Example: junction D0 -> durations [24, 22, 22, 22] (total: 90s)
2026-09-24 12:51:01,317 - RLController - INFO -   Example: junction D1 -> durations [21, 21, 27, 21] (total: 90s)
2026-09-24 12:51:01,317 - RLController - INFO -   Example: junction D2 -> durations [45, 15, 15, 15] (total: 90s)
2026-09-24 12:51:01,317 - RLController - INFO -   Example: junction D3 -> durations [24, 22, 22, 22] (total: 90s)
2026-09-24 12:51:01,317 - RLController - INFO -   Example: junction D4 -> durations [24, 22, 22, 22] (total: 90s)
2026-09-24 12:51:01,317 - RLController - INFO -   Example: junction D5 -> durations [13, 13, 51, 13] (total: 90s)
2026-09-24 12:51:01,317 - RLController - INFO -   Example: junction E0 -> durations [24, 22, 22, 22] (total: 90s)
2026-09-24 12:51:01,317 - RLController - INFO -   Example: junction E1 -> durations [24, 22, 22, 22] (total: 90s)
2026-09-24 12:51:01,318 - RLController - INFO -   Stored schedules for 34 junctions, cycle starts at step 5850
2026-09-24 12:51:04,592 - RLController - INFO - DIAGNOSTIC Step 5940 - Observation stats:
2026-09-24 12:51:04,593 - RLController - INFO -   Hash: -343831055969704098, Min: 0.000000, Max: 1.000000, Mean: 0.434517, Std: 0.455829
2026-09-24 12:51:04,593 - RLController - INFO -   First 10: [1.  0.  0.  0.  0.  0.5 1.  0.  0.  0. ]
2026-09-24 12:51:04,593 - RLController - INFO -   Last 10: [0.         0.2        0.         0.08333334 0.47435898 0.00304356
 0.07867521 0.5454351  0.         0.3       ]
2026-09-24 12:51:04,599 - RLController - INFO - DIAGNOSTIC - Raw model action output:
2026-09-24 12:51:04,599 - RLController - INFO -   Action hash: 1850402766855392716
2026-09-24 12:51:04,599 - RLController - INFO -   First 8 values: [ -7.068559 -10.       -10.       -10.       -10.       -10.
 -10.       -10.      ]
2026-09-24 12:51:04,599 - RLController - INFO -   Last 8 values: [-10.        -10.        -10.        -10.        -10.         -2.2683566
 -10.        -10.       ]
2026-09-24 12:51:04,599 - RLController - INFO -   Action shape: (136,), min: -10.000000, max: 5.031996, mean: -9.268052
2026-09-24 12:51:04,600 - RLController - INFO -   B0 junction (indices 16-19) raw values: [ -9.383077 -10.       -10.       -10.      ]
2026-09-24 12:51:04,600 - RLController - INFO - Using CONTINUOUS DURATION-BASED mode
2026-09-24 12:51:04,600 - RLController - INFO -   Example: junction A0 -> durations [51, 13, 13, 13] (total: 90s)
2026-09-24 12:51:04,600 - RLController - INFO -   Example: junction A1 -> durations [24, 22, 22, 22] (total: 90s)
2026-09-24 12:51:04,600 - RLController - INFO -   Example: junction A2 -> durations [12, 12, 54, 12] (total: 90s)
2026-09-24 12:51:04,600 - RLController - INFO -   Example: junction A4 -> durations [60, 10, 10, 10] (total: 90s)
2026-09-24 12:51:04,600 - RLController - INFO -   Example: junction A5 -> durations [24, 22, 22, 22] (total: 90s)
2026-09-24 12:51:04,601 - RLController - INFO -   Example: junction B0 -> durations [24, 22, 22, 22] (total: 90s)
2026-09-24 12:51:04,601 - RLController - INFO -   Example: junction B1 -> durations [24, 22, 22, 22] (total: 90s)
2026-09-24 12:51:04,601 - RLController - INFO -   Example: junction B2 -> durations [24, 22, 22, 22] (total: 90s)
2026-09-24 12:51:04,601 - RLController - INFO -   Example: junction B4 -> durations [24, 22, 22, 22] (total: 90s)
2026-09-24 12:51:04,601 - RLController - INFO -   Example: junction B5 -> durations [60, 10, 10, 10] (total: 90s)
2026-09-24 12:51:04,601 - RLController - INFO -   Example: junction C0 -> durations [22, 22, 24, 22] (total: 90s)
2026-09-24 12:51:04,601 - RLController - INFO -   Example: junction C1 -> durations [24, 22, 22, 22] (total: 90s)
2026-09-24 12:51:04,602 - RLController - INFO -   Example: junction C2 -> durations [57, 13, 10, 10] (total: 90s)
2026-09-24 12:51:04,602 - RLController - INFO -   Example: junction C3 -> durations [60, 10, 10, 10] (total: 90s)
2026-09-24 12:51:04,602 - RLController - INFO -   Example: junction C4 -> durations [57, 11, 11, 11] (total: 90s)
2026-09-24 12:51:04,602 - RLController - INFO -   Example: junction C5 -> durations [57, 11, 11, 11] (total: 90s)
2026-09-24 12:51:04,602 - RLController - INFO -   Example: junction D0 -> durations [24, 22, 22, 22] (total: 90s)
2026-09-24 12:51:04,602 - RLController - INFO -   Example: junction D1 -> durations [21, 21, 27, 21] (total: 90s)
2026-09-24 12:51:04,602 - RLController - INFO -   Example: junction D2 -> durations [45, 15, 15, 15] (total: 90s)
2026-09-24 12:51:04,602 - RLController - INFO -   Example: junction D3 -> durations [24, 22, 22, 22] (total: 90s)
2026-09-24 12:51:04,603 - RLController - INFO -   Example: junction D4 -> durations [24, 22, 22, 22] (total: 90s)
2026-09-24 12:51:04,603 - RLController - INFO -   Example: junction D5 -> durations [13, 13, 51, 13] (total: 90s)
2026-09-24 12:51:04,603 - RLController - INFO -   Example: junction E0 -> durations [24, 22, 22, 22] (total: 90s)
2026-09-24 12:51:04,603 - RLController - INFO -   Example: junction E1 -> durations [24, 22, 22, 22] (total: 90s)
2026-09-24 12:51:04,604 - RLController - INFO -   Stored schedules for 34 junctions, cycle starts at step 5940
2026-09-24 12:51:07,697 - RLController - INFO - DIAGNOSTIC Step 6030 - Observation stats:
2026-09-24 12:51:07,697 - RLController - INFO -   Hash: -5448027946937725555, Min: 0.000000, Max: 1.000000, Mean: 0.436381, Std: 0.454472
2026-09-24 12:51:07,697 - RLController - INFO -   First 10: [1.         0.         0.         0.         0.         0.5
 0.         0.         0.99333334 1.        ]
2026-09-24 12:51:07,697 - RLController - INFO -   Last 10: [0.         0.2        0.         0.08333334 0.47863248 0.00325891
 0.08004273 0.53980154 0.         0.3       ]
2026-09-24 12:51:07,701 - RLController - INFO - DIAGNOSTIC - Raw model action output:
2026-09-24 12:51:07,701 - RLController - INFO -   Action hash: 5807877506615572862
2026-09-24 12:51:07,701 - RLController - INFO -   First 8 values: [ -7.435783 -10.       -10.       -10.       -10.       -10.
 -10.       -10.      ]
2026-09-24 12:51:07,702 - RLController - INFO -   Last 8 values: [-10.        -10.        -10.        -10.        -10.         -1.8912194
 -10.        -10.       ]
2026-09-24 12:51:07,702 - RLController - INFO -   Action shape: (136,), min: -10.000000, max: 5.073273, mean: -9.281101
2026-09-24 12:51:07,702 - RLController - INFO -   B0 junction (indices 16-19) raw values: [-10. -10. -10. -10.]
2026-09-24 12:51:07,702 - RLController - INFO - Using CONTINUOUS DURATION-BASED mode
2026-09-24 12:51:07,702 - RLController - INFO -   Example: junction A0 -> durations [51, 13, 13, 13] (total: 90s)
2026-09-24 12:51:07,702 - RLController - INFO -   Example: junction A1 -> durations [24, 22, 22, 22] (total: 90s)
2026-09-24 12:51:07,703 - RLController - INFO -   Example: junction A2 -> durations [12, 12, 54, 12] (total: 90s)
2026-09-24 12:51:07,703 - RLController - INFO -   Example: junction A4 -> durations [60, 10, 10, 10] (total: 90s)
2026-09-24 12:51:07,703 - RLController - INFO -   Example: junction A5 -> durations [24, 22, 22, 22] (total: 90s)
2026-09-24 12:51:07,703 - RLController - INFO -   Example: junction B0 -> durations [24, 22, 22, 22] (total: 90s)
2026-09-24 12:51:07,703 - RLController - INFO -   Example: junction B1 -> durations [24, 22, 22, 22] (total: 90s)
2026-09-24 12:51:07,703 - RLController - INFO -   Example: junction B2 -> durations [24, 22, 22, 22] (total: 90s)
2026-09-24 12:51:07,703 - RLController - INFO -   Example: junction B4 -> durations [24, 22, 22, 22] (total: 90s)
2026-09-24 12:51:07,703 - RLController - INFO -   Example: junction B5 -> durations [60, 10, 10, 10] (total: 90s)
2026-09-24 12:51:07,704 - RLController - INFO -   Example: junction C0 -> durations [22, 22, 24, 22] (total: 90s)
2026-09-24 12:51:07,704 - RLController - INFO -   Example: junction C1 -> durations [24, 22, 22, 22] (total: 90s)
2026-09-24 12:51:07,704 - RLController - INFO -   Example: junction C2 -> durations [57, 13, 10, 10] (total: 90s)
2026-09-24 12:51:07,704 - RLController - INFO -   Example: junction C3 -> durations [60, 10, 10, 10] (total: 90s)
2026-09-24 12:51:07,704 - RLController - INFO -   Example: junction C4 -> durations [57, 11, 11, 11] (total: 90s)
2026-09-24 12:51:07,704 - RLController - INFO -   Example: junction C5 -> durations [57, 11, 11, 11] (total: 90s)
2026-09-24 12:51:07,704 - RLController - INFO -   Example: junction D0 -> durations [24, 22, 22, 22] (total: 90s)
2026-09-24 12:51:07,705 - RLController - INFO -   Example: junction D1 -> durations [21, 21, 27, 21] (total: 90s)
2026-09-24 12:51:07,705 - RLController - INFO -   Example: junction D2 -> durations [45, 15, 15, 15] (total: 90s)
2026-09-24 12:51:07,705 - RLController - INFO -   Example: junction D3 -> durations [24, 22, 22, 22] (total: 90s)
2026-09-24 12:51:07,705 - RLController - INFO -   Example: junction D4 -> durations [24, 22, 22, 22] (total: 90s)
2026-09-24 12:51:07,705 - RLController - INFO -   Example: junction D5 -> durations [13, 13, 51, 13] (total: 90s)
2026-09-24 12:51:07,705 - RLController - INFO -   Example: junction E0 -> durations [24, 22, 22, 22] (total: 90s)
2026-09-24 12:51:07,705 - RLController - INFO -   Example: junction E1 -> durations [24, 22, 22, 22] (total: 90s)
2026-09-24 12:51:07,706 - RLController - INFO -   Stored schedules for 34 junctions, cycle starts at step 6030
2026-09-24 12:51:10,792 - RLController - INFO - DIAGNOSTIC Step 6120 - Observation stats:
2026-09-24 12:51:10,793 - RLController - INFO -   Hash: 5158428859623057026, Min: 0.000000, Max: 1.000000, Mean: 0.441594, Std: 0.457738
2026-09-24 12:51:10,793 - RLController - INFO -   First 10: [1.         0.         0.         0.         0.         0.5
 0.         1.         0.99333334 1.        ]
2026-09-24 12:51:10,793 - RLController - INFO -   Last 10: [0.         0.2        0.         0.08333334 0.48931623 0.00304731
 0.08047009 0.5227565  0.         0.3       ]
2026-09-24 12:51:10,798 - RLController - INFO - DIAGNOSTIC - Raw model action output:
2026-09-24 12:51:10,799 - RLController - INFO -   Action hash: 440816216714910752
2026-09-24 12:51:10,799 - RLController - INFO -   First 8 values: [ -7.3824677 -10.        -10.        -10.        -10.        -10.
 -10.        -10.       ]
2026-09-24 12:51:10,799 - RLController - INFO -   Last 8 values: [-10.        -10.        -10.        -10.        -10.         -2.7938707
 -10.        -10.       ]
2026-09-24 12:51:10,799 - RLController - INFO -   Action shape: (136,), min: -10.000000, max: 4.788877, mean: -9.291879
2026-09-24 12:51:10,799 - RLController - INFO -   B0 junction (indices 16-19) raw values: [ -9.955094 -10.       -10.       -10.      ]
2026-09-24 12:51:10,800 - RLController - INFO - Using CONTINUOUS DURATION-BASED mode
2026-09-24 12:51:10,800 - RLController - INFO -   Example: junction A0 -> durations [51, 13, 13, 13] (total: 90s)
2026-09-24 12:51:10,800 - RLController - INFO -   Example: junction A1 -> durations [24, 22, 22, 22] (total: 90s)
2026-09-24 12:51:10,800 - RLController - INFO -   Example: junction A2 -> durations [12, 12, 54, 12] (total: 90s)
2026-09-24 12:51:10,800 - RLController - INFO -   Example: junction A4 -> durations [60, 10, 10, 10] (total: 90s)
2026-09-24 12:51:10,800 - RLController - INFO -   Example: junction A5 -> durations [24, 22, 22, 22] (total: 90s)
2026-09-24 12:51:10,800 - RLController - INFO -   Example: junction B0 -> durations [24, 22, 22, 22] (total: 90s)
2026-09-24 12:51:10,801 - RLController - INFO -   Example: junction B1 -> durations [24, 22, 22, 22] (total: 90s)
2026-09-24 12:51:10,801 - RLController - INFO -   Example: junction B2 -> durations [24, 22, 22, 22] (total: 90s)
2026-09-24 12:51:10,801 - RLController - INFO -   Example: junction B4 -> durations [24, 22, 22, 22] (total: 90s)
2026-09-24 12:51:10,801 - RLController - INFO -   Example: junction B5 -> durations [60, 10, 10, 10] (total: 90s)
2026-09-24 12:51:10,801 - RLController - INFO -   Example: junction C0 -> durations [22, 22, 24, 22] (total: 90s)
2026-09-24 12:51:10,801 - RLController - INFO -   Example: junction C1 -> durations [24, 22, 22, 22] (total: 90s)
2026-09-24 12:51:10,801 - RLController - INFO -   Example: junction C2 -> durations [57, 13, 10, 10] (total: 90s)
2026-09-24 12:51:10,801 - RLController - INFO -   Example: junction C3 -> durations [60, 10, 10, 10] (total: 90s)
2026-09-24 12:51:10,802 - RLController - INFO -   Example: junction C4 -> durations [57, 11, 11, 11] (total: 90s)
2026-09-24 12:51:10,802 - RLController - INFO -   Example: junction C5 -> durations [57, 11, 11, 11] (total: 90s)
2026-09-24 12:51:10,802 - RLController - INFO -   Example: junction D0 -> durations [24, 22, 22, 22] (total: 90s)
2026-09-24 12:51:10,802 - RLController - INFO -   Example: junction D1 -> durations [21, 21, 27, 21] (total: 90s)
2026-09-24 12:51:10,802 - RLController - INFO -   Example: junction D2 -> durations [45, 15, 15, 15] (total: 90s)
2026-09-24 12:51:10,802 - RLController - INFO -   Example: junction D3 -> durations [24, 22, 22, 22] (total: 90s)
2026-09-24 12:51:10,802 - RLController - INFO -   Example: junction D4 -> durations [24, 22, 22, 22] (total: 90s)
2026-09-24 12:51:10,802 - RLController - INFO -   Example: junction D5 -> durations [13, 13, 51, 13] (total: 90s)
2026-09-24 12:51:10,803 - RLController - INFO -   Example: junction E0 -> durations [24, 22, 22, 22] (total: 90s)
2026-09-24 12:51:10,803 - RLController - INFO -   Example: junction E1 -> durations [24, 22, 22, 22] (total: 90s)
2026-09-24 12:51:10,803 - RLController - INFO -   Stored schedules for 34 junctions, cycle starts at step 6120
2026-09-24 12:51:13,792 - RLController - INFO - DIAGNOSTIC Step 6210 - Observation stats:
2026-09-24 12:51:13,792 - RLController - INFO -   Hash: -2095972119184682630, Min: 0.000000, Max: 1.000000, Mean: 0.438070, Std: 0.456974
2026-09-24 12:51:13,792 - RLController - INFO -   First 10: [1.         0.         0.         0.         0.         0.5
 0.         1.         0.99333334 1.        ]
2026-09-24 12:51:13,793 - RLController - INFO -   Last 10: [0.         0.2        0.         0.08333334 0.49358973 0.00344374
 0.08047009 0.52588177 0.         0.3       ]
2026-09-24 12:51:13,796 - RLController - INFO - DIAGNOSTIC - Raw model action output:
2026-09-24 12:51:13,796 - RLController - INFO -   Action hash: 265878335361483013
2026-09-24 12:51:13,797 - RLController - INFO -   First 8 values: [ -7.2492614 -10.        -10.        -10.        -10.        -10.
 -10.        -10.       ]
2026-09-24 12:51:13,797 - RLController - INFO -   Last 8 values: [-10.        -10.        -10.        -10.        -10.         -2.7021477
 -10.        -10.       ]
2026-09-24 12:51:13,797 - RLController - INFO -   Action shape: (136,), min: -10.000000, max: 5.315529, mean: -9.252174
2026-09-24 12:51:13,797 - RLController - INFO -   B0 junction (indices 16-19) raw values: [ -9.823553 -10.       -10.       -10.      ]
2026-09-24 12:51:13,797 - RLController - INFO - Using CONTINUOUS DURATION-BASED mode
2026-09-24 12:51:13,797 - RLController - INFO -   Example: junction A0 -> durations [51, 13, 13, 13] (total: 90s)
2026-09-24 12:51:13,798 - RLController - INFO -   Example: junction A1 -> durations [24, 22, 22, 22] (total: 90s)
2026-09-24 12:51:13,798 - RLController - INFO -   Example: junction A2 -> durations [12, 12, 54, 12] (total: 90s)
2026-09-24 12:51:13,798 - RLController - INFO -   Example: junction A4 -> durations [60, 10, 10, 10] (total: 90s)
2026-09-24 12:51:13,798 - RLController - INFO -   Example: junction A5 -> durations [24, 22, 22, 22] (total: 90s)
2026-09-24 12:51:13,798 - RLController - INFO -   Example: junction B0 -> durations [24, 22, 22, 22] (total: 90s)
2026-09-24 12:51:13,798 - RLController - INFO -   Example: junction B1 -> durations [24, 22, 22, 22] (total: 90s)
2026-09-24 12:51:13,798 - RLController - INFO -   Example: junction B2 -> durations [24, 22, 22, 22] (total: 90s)
2026-09-24 12:51:13,798 - RLController - INFO -   Example: junction B4 -> durations [24, 22, 22, 22] (total: 90s)
2026-09-24 12:51:13,799 - RLController - INFO -   Example: junction B5 -> durations [60, 10, 10, 10] (total: 90s)
2026-09-24 12:51:13,799 - RLController - INFO -   Example: junction C0 -> durations [22, 22, 24, 22] (total: 90s)
2026-09-24 12:51:13,799 - RLController - INFO -   Example: junction C1 -> durations [24, 22, 22, 22] (total: 90s)
2026-09-24 12:51:13,799 - RLController - INFO -   Example: junction C2 -> durations [57, 13, 10, 10] (total: 90s)
2026-09-24 12:51:13,799 - RLController - INFO -   Example: junction C3 -> durations [60, 10, 10, 10] (total: 90s)
2026-09-24 12:51:13,799 - RLController - INFO -   Example: junction C4 -> durations [57, 11, 11, 11] (total: 90s)
2026-09-24 12:51:13,799 - RLController - INFO -   Example: junction C5 -> durations [57, 11, 11, 11] (total: 90s)
2026-09-24 12:51:13,799 - RLController - INFO -   Example: junction D0 -> durations [24, 22, 22, 22] (total: 90s)
2026-09-24 12:51:13,800 - RLController - INFO -   Example: junction D1 -> durations [21, 21, 27, 21] (total: 90s)
2026-09-24 12:51:13,800 - RLController - INFO -   Example: junction D2 -> durations [45, 15, 15, 15] (total: 90s)
2026-09-24 12:51:13,800 - RLController - INFO -   Example: junction D3 -> durations [24, 22, 22, 22] (total: 90s)
2026-09-24 12:51:13,800 - RLController - INFO -   Example: junction D4 -> durations [24, 22, 22, 22] (total: 90s)
2026-09-24 12:51:13,800 - RLController - INFO -   Example: junction D5 -> durations [13, 13, 51, 13] (total: 90s)
2026-09-24 12:51:13,800 - RLController - INFO -   Example: junction E0 -> durations [24, 22, 22, 22] (total: 90s)
2026-09-24 12:51:13,800 - RLController - INFO -   Example: junction E1 -> durations [24, 22, 22, 22] (total: 90s)
2026-09-24 12:51:13,801 - RLController - INFO -   Stored schedules for 34 junctions, cycle starts at step 6210
2026-09-24 12:51:16,846 - RLController - INFO - DIAGNOSTIC Step 6300 - Observation stats:
2026-09-24 12:51:16,847 - RLController - INFO -   Hash: 4501750969860527361, Min: 0.000000, Max: 1.000000, Mean: 0.439922, Std: 0.456109
2026-09-24 12:51:16,847 - RLController - INFO -   First 10: [1.         0.         0.         0.         0.         0.5
 0.         1.         0.99333334 1.        ]
2026-09-24 12:51:16,847 - RLController - INFO -   Last 10: [0.         0.2        0.         0.08333334 0.50213677 0.00380556
 0.08179487 0.52398044 0.         0.3       ]
2026-09-24 12:51:16,851 - RLController - INFO - DIAGNOSTIC - Raw model action output:
2026-09-24 12:51:16,851 - RLController - INFO -   Action hash: 976972163694844870
2026-09-24 12:51:16,851 - RLController - INFO -   First 8 values: [ -7.471527 -10.       -10.       -10.       -10.       -10.
 -10.       -10.      ]
2026-09-24 12:51:16,852 - RLController - INFO -   Last 8 values: [-10.       -10.       -10.       -10.       -10.        -2.352475
 -10.       -10.      ]
2026-09-24 12:51:16,852 - RLController - INFO -   Action shape: (136,), min: -10.000000, max: 5.393256, mean: -9.259079
2026-09-24 12:51:16,852 - RLController - INFO -   B0 junction (indices 16-19) raw values: [ -9.891315 -10.       -10.       -10.      ]
2026-09-24 12:51:16,852 - RLController - INFO - Using CONTINUOUS DURATION-BASED mode
2026-09-24 12:51:16,852 - RLController - INFO -   Example: junction A0 -> durations [51, 13, 13, 13] (total: 90s)
2026-09-24 12:51:16,852 - RLController - INFO -   Example: junction A1 -> durations [24, 22, 22, 22] (total: 90s)
2026-09-24 12:51:16,853 - RLController - INFO -   Example: junction A2 -> durations [12, 12, 54, 12] (total: 90s)
2026-09-24 12:51:16,853 - RLController - INFO -   Example: junction A4 -> durations [60, 10, 10, 10] (total: 90s)
2026-09-24 12:51:16,853 - RLController - INFO -   Example: junction A5 -> durations [24, 22, 22, 22] (total: 90s)
2026-09-24 12:51:16,853 - RLController - INFO -   Example: junction B0 -> durations [24, 22, 22, 22] (total: 90s)
2026-09-24 12:51:16,853 - RLController - INFO -   Example: junction B1 -> durations [24, 22, 22, 22] (total: 90s)
2026-09-24 12:51:16,853 - RLController - INFO -   Example: junction B2 -> durations [24, 22, 22, 22] (total: 90s)
2026-09-24 12:51:16,853 - RLController - INFO -   Example: junction B4 -> durations [24, 22, 22, 22] (total: 90s)
2026-09-24 12:51:16,854 - RLController - INFO -   Example: junction B5 -> durations [60, 10, 10, 10] (total: 90s)
2026-09-24 12:51:16,854 - RLController - INFO -   Example: junction C0 -> durations [22, 22, 24, 22] (total: 90s)
2026-09-24 12:51:16,854 - RLController - INFO -   Example: junction C1 -> durations [24, 22, 22, 22] (total: 90s)
2026-09-24 12:51:16,854 - RLController - INFO -   Example: junction C2 -> durations [57, 13, 10, 10] (total: 90s)
2026-09-24 12:51:16,854 - RLController - INFO -   Example: junction C3 -> durations [60, 10, 10, 10] (total: 90s)
2026-09-24 12:51:16,854 - RLController - INFO -   Example: junction C4 -> durations [57, 11, 11, 11] (total: 90s)
2026-09-24 12:51:16,854 - RLController - INFO -   Example: junction C5 -> durations [57, 11, 11, 11] (total: 90s)
2026-09-24 12:51:16,854 - RLController - INFO -   Example: junction D0 -> durations [24, 22, 22, 22] (total: 90s)
2026-09-24 12:51:16,855 - RLController - INFO -   Example: junction D1 -> durations [21, 21, 27, 21] (total: 90s)
2026-09-24 12:51:16,855 - RLController - INFO -   Example: junction D2 -> durations [45, 15, 15, 15] (total: 90s)
2026-09-24 12:51:16,855 - RLController - INFO -   Example: junction D3 -> durations [24, 22, 22, 22] (total: 90s)
2026-09-24 12:51:16,855 - RLController - INFO -   Example: junction D4 -> durations [24, 22, 22, 22] (total: 90s)
2026-09-24 12:51:16,855 - RLController - INFO -   Example: junction D5 -> durations [13, 13, 51, 13] (total: 90s)
2026-09-24 12:51:16,855 - RLController - INFO -   Example: junction E0 -> durations [24, 22, 22, 22] (total: 90s)
2026-09-24 12:51:16,855 - RLController - INFO -   Example: junction E1 -> durations [24, 22, 22, 22] (total: 90s)
2026-09-24 12:51:16,856 - RLController - INFO -   Stored schedules for 34 junctions, cycle starts at step 6300
2026-09-24 12:51:20,023 - RLController - INFO - DIAGNOSTIC Step 6390 - Observation stats:
2026-09-24 12:51:20,023 - RLController - INFO -   Hash: 5322664224425491243, Min: 0.000000, Max: 1.000000, Mean: 0.444806, Std: 0.456294
2026-09-24 12:51:20,024 - RLController - INFO -   First 10: [1.         0.         0.         0.         0.         0.5
 0.         1.         0.99333334 1.        ]
2026-09-24 12:51:20,024 - RLController - INFO -   Last 10: [0.         0.2        0.         0.08333334 0.51495725 0.0036659
 0.08162393 0.5117123  0.         0.3       ]
2026-09-24 12:51:20,027 - RLController - INFO - DIAGNOSTIC - Raw model action output:
2026-09-24 12:51:20,028 - RLController - INFO -   Action hash: 1491271039666976111
2026-09-24 12:51:20,028 - RLController - INFO -   First 8 values: [ -7.74317 -10.      -10.      -10.      -10.      -10.      -10.
 -10.     ]
2026-09-24 12:51:20,028 - RLController - INFO -   Last 8 values: [-10.        -10.        -10.        -10.        -10.         -1.4770658
 -10.        -10.       ]
2026-09-24 12:51:20,028 - RLController - INFO -   Action shape: (136,), min: -10.000000, max: 5.096248, mean: -9.286511
2026-09-24 12:51:20,028 - RLController - INFO -   B0 junction (indices 16-19) raw values: [-10. -10. -10. -10.]
2026-09-24 12:51:20,029 - RLController - INFO - Using CONTINUOUS DURATION-BASED mode
2026-09-24 12:51:20,029 - RLController - INFO -   Example: junction A0 -> durations [51, 13, 13, 13] (total: 90s)
2026-09-24 12:51:20,029 - RLController - INFO -   Example: junction A1 -> durations [24, 22, 22, 22] (total: 90s)
2026-09-24 12:51:20,029 - RLController - INFO -   Example: junction A2 -> durations [12, 12, 54, 12] (total: 90s)
2026-09-24 12:51:20,029 - RLController - INFO -   Example: junction A4 -> durations [60, 10, 10, 10] (total: 90s)
2026-09-24 12:51:20,029 - RLController - INFO -   Example: junction A5 -> durations [24, 22, 22, 22] (total: 90s)
2026-09-24 12:51:20,029 - RLController - INFO -   Example: junction B0 -> durations [24, 22, 22, 22] (total: 90s)
2026-09-24 12:51:20,030 - RLController - INFO -   Example: junction B1 -> durations [24, 22, 22, 22] (total: 90s)
2026-09-24 12:51:20,030 - RLController - INFO -   Example: junction B2 -> durations [24, 22, 22, 22] (total: 90s)
2026-09-24 12:51:20,030 - RLController - INFO -   Example: junction B4 -> durations [24, 22, 22, 22] (total: 90s)
2026-09-24 12:51:20,030 - RLController - INFO -   Example: junction B5 -> durations [60, 10, 10, 10] (total: 90s)
2026-09-24 12:51:20,030 - RLController - INFO -   Example: junction C0 -> durations [22, 22, 24, 22] (total: 90s)
2026-09-24 12:51:20,030 - RLController - INFO -   Example: junction C1 -> durations [24, 22, 22, 22] (total: 90s)
2026-09-24 12:51:20,030 - RLController - INFO -   Example: junction C2 -> durations [57, 13, 10, 10] (total: 90s)
2026-09-24 12:51:20,030 - RLController - INFO -   Example: junction C3 -> durations [60, 10, 10, 10] (total: 90s)
2026-09-24 12:51:20,031 - RLController - INFO -   Example: junction C4 -> durations [57, 11, 11, 11] (total: 90s)
2026-09-24 12:51:20,031 - RLController - INFO -   Example: junction C5 -> durations [57, 11, 11, 11] (total: 90s)
2026-09-24 12:51:20,031 - RLController - INFO -   Example: junction D0 -> durations [24, 22, 22, 22] (total: 90s)
2026-09-24 12:51:20,031 - RLController - INFO -   Example: junction D1 -> durations [21, 21, 27, 21] (total: 90s)
2026-09-24 12:51:20,031 - RLController - INFO -   Example: junction D2 -> durations [45, 15, 15, 15] (total: 90s)
2026-09-24 12:51:20,031 - RLController - INFO -   Example: junction D3 -> durations [24, 22, 22, 22] (total: 90s)
2026-09-24 12:51:20,032 - RLController - INFO -   Example: junction D4 -> durations [24, 22, 22, 22] (total: 90s)
2026-09-24 12:51:20,032 - RLController - INFO -   Example: junction D5 -> durations [13, 13, 51, 13] (total: 90s)
2026-09-24 12:51:20,032 - RLController - INFO -   Example: junction E0 -> durations [24, 22, 22, 22] (total: 90s)
2026-09-24 12:51:20,032 - RLController - INFO -   Example: junction E1 -> durations [24, 22, 22, 22] (total: 90s)
2026-09-24 12:51:20,033 - RLController - INFO -   Stored schedules for 34 junctions, cycle starts at step 6390
2026-09-24 12:51:23,168 - RLController - INFO - DIAGNOSTIC Step 6480 - Observation stats:
2026-09-24 12:51:23,169 - RLController - INFO -   Hash: -4024981987345327057, Min: 0.000000, Max: 1.000000, Mean: 0.448654, Std: 0.457223
2026-09-24 12:51:23,169 - RLController - INFO -   First 10: [1.         0.         0.         0.         0.         0.5
 0.         1.         0.99333334 1.        ]
2026-09-24 12:51:23,170 - RLController - INFO -   Last 10: [0.         0.2        0.         0.08333334 0.51282054 0.00368485
 0.08294871 0.5121699  0.         0.3       ]
2026-09-24 12:51:23,174 - RLController - INFO - DIAGNOSTIC - Raw model action output:
2026-09-24 12:51:23,174 - RLController - INFO -   Action hash: -6339172806587249093
2026-09-24 12:51:23,175 - RLController - INFO -   First 8 values: [ -7.4734397 -10.        -10.        -10.        -10.        -10.
 -10.        -10.       ]
2026-09-24 12:51:23,175 - RLController - INFO -   Last 8 values: [-10.        -10.        -10.        -10.        -10.         -2.3820093
 -10.        -10.       ]
2026-09-24 12:51:23,175 - RLController - INFO -   Action shape: (136,), min: -10.000000, max: 4.736051, mean: -9.276670
2026-09-24 12:51:23,175 - RLController - INFO -   B0 junction (indices 16-19) raw values: [-10. -10. -10. -10.]
2026-09-24 12:51:23,175 - RLController - INFO - Using CONTINUOUS DURATION-BASED mode
2026-09-24 12:51:23,175 - RLController - INFO -   Example: junction A0 -> durations [51, 13, 13, 13] (total: 90s)
2026-09-24 12:51:23,176 - RLController - INFO -   Example: junction A1 -> durations [24, 22, 22, 22] (total: 90s)
2026-09-24 12:51:23,176 - RLController - INFO -   Example: junction A2 -> durations [12, 12, 54, 12] (total: 90s)
2026-09-24 12:51:23,176 - RLController - INFO -   Example: junction A4 -> durations [60, 10, 10, 10] (total: 90s)
2026-09-24 12:51:23,176 - RLController - INFO -   Example: junction A5 -> durations [24, 22, 22, 22] (total: 90s)
2026-09-24 12:51:23,176 - RLController - INFO -   Example: junction B0 -> durations [24, 22, 22, 22] (total: 90s)
2026-09-24 12:51:23,176 - RLController - INFO -   Example: junction B1 -> durations [24, 22, 22, 22] (total: 90s)
2026-09-24 12:51:23,176 - RLController - INFO -   Example: junction B2 -> durations [24, 22, 22, 22] (total: 90s)
2026-09-24 12:51:23,177 - RLController - INFO -   Example: junction B4 -> durations [24, 22, 22, 22] (total: 90s)
2026-09-24 12:51:23,177 - RLController - INFO -   Example: junction B5 -> durations [60, 10, 10, 10] (total: 90s)
2026-09-24 12:51:23,177 - RLController - INFO -   Example: junction C0 -> durations [22, 22, 24, 22] (total: 90s)
2026-09-24 12:51:23,177 - RLController - INFO -   Example: junction C1 -> durations [24, 22, 22, 22] (total: 90s)
2026-09-24 12:51:23,177 - RLController - INFO -   Example: junction C2 -> durations [57, 13, 10, 10] (total: 90s)
2026-09-24 12:51:23,177 - RLController - INFO -   Example: junction C3 -> durations [60, 10, 10, 10] (total: 90s)
2026-09-24 12:51:23,177 - RLController - INFO -   Example: junction C4 -> durations [57, 11, 11, 11] (total: 90s)
2026-09-24 12:51:23,177 - RLController - INFO -   Example: junction C5 -> durations [57, 11, 11, 11] (total: 90s)
2026-09-24 12:51:23,178 - RLController - INFO -   Example: junction D0 -> durations [24, 22, 22, 22] (total: 90s)
2026-09-24 12:51:23,178 - RLController - INFO -   Example: junction D1 -> durations [21, 21, 27, 21] (total: 90s)
2026-09-24 12:51:23,178 - RLController - INFO -   Example: junction D2 -> durations [45, 15, 15, 15] (total: 90s)
2026-09-24 12:51:23,178 - RLController - INFO -   Example: junction D3 -> durations [24, 22, 22, 22] (total: 90s)
2026-09-24 12:51:23,178 - RLController - INFO -   Example: junction D4 -> durations [24, 22, 22, 22] (total: 90s)
2026-09-24 12:51:23,178 - RLController - INFO -   Example: junction D5 -> durations [13, 13, 51, 13] (total: 90s)
2026-09-24 12:51:23,178 - RLController - INFO -   Example: junction E0 -> durations [24, 22, 22, 22] (total: 90s)
2026-09-24 12:51:23,178 - RLController - INFO -   Example: junction E1 -> durations [24, 22, 22, 22] (total: 90s)
2026-09-24 12:51:23,179 - RLController - INFO -   Stored schedules for 34 junctions, cycle starts at step 6480
2026-09-24 12:51:26,538 - RLController - INFO - DIAGNOSTIC Step 6570 - Observation stats:
2026-09-24 12:51:26,564 - RLController - INFO -   Hash: 1380131703089569705, Min: 0.000000, Max: 1.000000, Mean: 0.445275, Std: 0.456344
2026-09-24 12:51:26,564 - RLController - INFO -   First 10: [1.  0.  0.  0.  0.  0.5 1.  0.  0.  0. ]
2026-09-24 12:51:26,565 - RLController - INFO -   Last 10: [0.         0.2        0.         0.08333334 0.5192308  0.00379706
 0.08294871 0.50393003 0.         0.3       ]
2026-09-24 12:51:26,570 - RLController - INFO - DIAGNOSTIC - Raw model action output:
2026-09-24 12:51:26,570 - RLController - INFO -   Action hash: -7097208009783182603
2026-09-24 12:51:26,571 - RLController - INFO -   First 8 values: [ -7.275884 -10.       -10.       -10.       -10.       -10.
 -10.       -10.      ]
2026-09-24 12:51:26,571 - RLController - INFO -   Last 8 values: [-10.        -10.        -10.        -10.        -10.         -2.0517042
 -10.        -10.       ]
2026-09-24 12:51:26,571 - RLController - INFO -   Action shape: (136,), min: -10.000000, max: 4.741057, mean: -9.287024
2026-09-24 12:51:26,571 - RLController - INFO -   B0 junction (indices 16-19) raw values: [ -9.651002 -10.       -10.       -10.      ]
2026-09-24 12:51:26,571 - RLController - INFO - Using CONTINUOUS DURATION-BASED mode
2026-09-24 12:51:26,572 - RLController - INFO -   Example: junction A0 -> durations [51, 13, 13, 13] (total: 90s)
2026-09-24 12:51:26,572 - RLController - INFO -   Example: junction A1 -> durations [24, 22, 22, 22] (total: 90s)
2026-09-24 12:51:26,572 - RLController - INFO -   Example: junction A2 -> durations [12, 12, 54, 12] (total: 90s)
2026-09-24 12:51:26,572 - RLController - INFO -   Example: junction A4 -> durations [60, 10, 10, 10] (total: 90s)
2026-09-24 12:51:26,572 - RLController - INFO -   Example: junction A5 -> durations [24, 22, 22, 22] (total: 90s)
2026-09-24 12:51:26,572 - RLController - INFO -   Example: junction B0 -> durations [24, 22, 22, 22] (total: 90s)
2026-09-24 12:51:26,572 - RLController - INFO -   Example: junction B1 -> durations [24, 22, 22, 22] (total: 90s)
2026-09-24 12:51:26,573 - RLController - INFO -   Example: junction B2 -> durations [24, 22, 22, 22] (total: 90s)
2026-09-24 12:51:26,573 - RLController - INFO -   Example: junction B4 -> durations [24, 22, 22, 22] (total: 90s)
2026-09-24 12:51:26,573 - RLController - INFO -   Example: junction B5 -> durations [60, 10, 10, 10] (total: 90s)
2026-09-24 12:51:26,573 - RLController - INFO -   Example: junction C0 -> durations [22, 22, 24, 22] (total: 90s)
2026-09-24 12:51:26,573 - RLController - INFO -   Example: junction C1 -> durations [24, 22, 22, 22] (total: 90s)
2026-09-24 12:51:26,573 - RLController - INFO -   Example: junction C2 -> durations [57, 13, 10, 10] (total: 90s)
2026-09-24 12:51:26,573 - RLController - INFO -   Example: junction C3 -> durations [60, 10, 10, 10] (total: 90s)
2026-09-24 12:51:26,573 - RLController - INFO -   Example: junction C4 -> durations [57, 11, 11, 11] (total: 90s)
2026-09-24 12:51:26,574 - RLController - INFO -   Example: junction C5 -> durations [57, 11, 11, 11] (total: 90s)
2026-09-24 12:51:26,574 - RLController - INFO -   Example: junction D0 -> durations [24, 22, 22, 22] (total: 90s)
2026-09-24 12:51:26,574 - RLController - INFO -   Example: junction D1 -> durations [21, 21, 27, 21] (total: 90s)
2026-09-24 12:51:26,574 - RLController - INFO -   Example: junction D2 -> durations [45, 15, 15, 15] (total: 90s)
2026-09-24 12:51:26,574 - RLController - INFO -   Example: junction D3 -> durations [24, 22, 22, 22] (total: 90s)
2026-09-24 12:51:26,574 - RLController - INFO -   Example: junction D4 -> durations [24, 22, 22, 22] (total: 90s)
2026-09-24 12:51:26,574 - RLController - INFO -   Example: junction D5 -> durations [13, 13, 51, 13] (total: 90s)
2026-09-24 12:51:26,575 - RLController - INFO -   Example: junction E0 -> durations [24, 22, 22, 22] (total: 90s)
2026-09-24 12:51:26,575 - RLController - INFO -   Example: junction E1 -> durations [24, 22, 22, 22] (total: 90s)
2026-09-24 12:51:26,575 - RLController - INFO -   Stored schedules for 34 junctions, cycle starts at step 6570
2026-09-24 12:51:29,706 - RLController - INFO - DIAGNOSTIC Step 6660 - Observation stats:
2026-09-24 12:51:29,706 - RLController - INFO -   Hash: -2814061981955005209, Min: 0.000000, Max: 1.000000, Mean: 0.447283, Std: 0.455730
2026-09-24 12:51:29,707 - RLController - INFO -   First 10: [1.  0.  0.  0.  0.  0.5 1.  0.  0.  0. ]
2026-09-24 12:51:29,707 - RLController - INFO -   Last 10: [0.         0.2        0.         0.08333334 0.50641024 0.0037748
 0.08038461 0.5156317  0.         0.3       ]
2026-09-24 12:51:29,712 - RLController - INFO - DIAGNOSTIC - Raw model action output:
2026-09-24 12:51:29,712 - RLController - INFO -   Action hash: 675595165998671922
2026-09-24 12:51:29,712 - RLController - INFO -   First 8 values: [ -7.6406918 -10.        -10.        -10.        -10.        -10.
 -10.        -10.       ]
2026-09-24 12:51:29,712 - RLController - INFO -   Last 8 values: [-10.        -10.        -10.        -10.        -10.         -2.3557198
 -10.        -10.       ]
2026-09-24 12:51:29,712 - RLController - INFO -   Action shape: (136,), min: -10.000000, max: 5.584476, mean: -9.296257
2026-09-24 12:51:29,713 - RLController - INFO -   B0 junction (indices 16-19) raw values: [-10. -10. -10. -10.]
2026-09-24 12:51:29,713 - RLController - INFO - Using CONTINUOUS DURATION-BASED mode
2026-09-24 12:51:29,713 - RLController - INFO -   Example: junction A0 -> durations [51, 13, 13, 13] (total: 90s)
2026-09-24 12:51:29,713 - RLController - INFO -   Example: junction A1 -> durations [24, 22, 22, 22] (total: 90s)
2026-09-24 12:51:29,713 - RLController - INFO -   Example: junction A2 -> durations [12, 12, 54, 12] (total: 90s)
2026-09-24 12:51:29,713 - RLController - INFO -   Example: junction A4 -> durations [60, 10, 10, 10] (total: 90s)
2026-09-24 12:51:29,713 - RLController - INFO -   Example: junction A5 -> durations [24, 22, 22, 22] (total: 90s)
2026-09-24 12:51:29,713 - RLController - INFO -   Example: junction B0 -> durations [24, 22, 22, 22] (total: 90s)
2026-09-24 12:51:29,714 - RLController - INFO -   Example: junction B1 -> durations [24, 22, 22, 22] (total: 90s)
2026-09-24 12:51:29,714 - RLController - INFO -   Example: junction B2 -> durations [24, 22, 22, 22] (total: 90s)
2026-09-24 12:51:29,714 - RLController - INFO -   Example: junction B4 -> durations [24, 22, 22, 22] (total: 90s)
2026-09-24 12:51:29,714 - RLController - INFO -   Example: junction B5 -> durations [60, 10, 10, 10] (total: 90s)
2026-09-24 12:51:29,714 - RLController - INFO -   Example: junction C0 -> durations [22, 22, 24, 22] (total: 90s)
2026-09-24 12:51:29,714 - RLController - INFO -   Example: junction C1 -> durations [24, 22, 22, 22] (total: 90s)
2026-09-24 12:51:29,714 - RLController - INFO -   Example: junction C2 -> durations [57, 13, 10, 10] (total: 90s)
2026-09-24 12:51:29,714 - RLController - INFO -   Example: junction C3 -> durations [60, 10, 10, 10] (total: 90s)
2026-09-24 12:51:29,715 - RLController - INFO -   Example: junction C4 -> durations [57, 11, 11, 11] (total: 90s)
2026-09-24 12:51:29,715 - RLController - INFO -   Example: junction C5 -> durations [57, 11, 11, 11] (total: 90s)
2026-09-24 12:51:29,715 - RLController - INFO -   Example: junction D0 -> durations [24, 22, 22, 22] (total: 90s)
2026-09-24 12:51:29,715 - RLController - INFO -   Example: junction D1 -> durations [21, 21, 27, 21] (total: 90s)
2026-09-24 12:51:29,715 - RLController - INFO -   Example: junction D2 -> durations [45, 15, 15, 15] (total: 90s)
2026-09-24 12:51:29,715 - RLController - INFO -   Example: junction D3 -> durations [24, 22, 22, 22] (total: 90s)
2026-09-24 12:51:29,715 - RLController - INFO -   Example: junction D4 -> durations [24, 22, 22, 22] (total: 90s)
2026-09-24 12:51:29,715 - RLController - INFO -   Example: junction D5 -> durations [13, 13, 51, 13] (total: 90s)
2026-09-24 12:51:29,716 - RLController - INFO -   Example: junction E0 -> durations [24, 22, 22, 22] (total: 90s)
2026-09-24 12:51:29,716 - RLController - INFO -   Example: junction E1 -> durations [24, 22, 22, 22] (total: 90s)
2026-09-24 12:51:29,716 - RLController - INFO -   Stored schedules for 34 junctions, cycle starts at step 6660
2026-09-24 12:51:32,945 - RLController - INFO - DIAGNOSTIC Step 6750 - Observation stats:
2026-09-24 12:51:32,945 - RLController - INFO -   Hash: 2277531182994584155, Min: 0.000000, Max: 1.000186, Mean: 0.439387, Std: 0.453959
2026-09-24 12:51:32,946 - RLController - INFO -   First 10: [1.  0.  0.  0.  0.  0.5 1.  0.  0.  0. ]
2026-09-24 12:51:32,946 - RLController - INFO -   Last 10: [0.         0.2        0.         0.08333334 0.48076922 0.00304525
 0.08055556 0.53917634 0.         0.3       ]
2026-09-24 12:51:32,954 - RLController - INFO - DIAGNOSTIC - Raw model action output:
2026-09-24 12:51:32,954 - RLController - INFO -   Action hash: 2037145993938444795
2026-09-24 12:51:32,954 - RLController - INFO -   First 8 values: [ -7.3602567 -10.        -10.        -10.        -10.        -10.
 -10.        -10.       ]
2026-09-24 12:51:32,955 - RLController - INFO -   Last 8 values: [-10.       -10.       -10.       -10.       -10.        -2.686856
 -10.       -10.      ]
2026-09-24 12:51:32,955 - RLController - INFO -   Action shape: (136,), min: -10.000000, max: 5.073041, mean: -9.290235
2026-09-24 12:51:32,955 - RLController - INFO -   B0 junction (indices 16-19) raw values: [ -9.736907 -10.       -10.       -10.      ]
2026-09-24 12:51:32,955 - RLController - INFO - Using CONTINUOUS DURATION-BASED mode
2026-09-24 12:51:32,955 - RLController - INFO -   Example: junction A0 -> durations [51, 13, 13, 13] (total: 90s)
2026-09-24 12:51:32,955 - RLController - INFO -   Example: junction A1 -> durations [24, 22, 22, 22] (total: 90s)
2026-09-24 12:51:32,955 - RLController - INFO -   Example: junction A2 -> durations [12, 12, 54, 12] (total: 90s)
2026-09-24 12:51:32,955 - RLController - INFO -   Example: junction A4 -> durations [60, 10, 10, 10] (total: 90s)
2026-09-24 12:51:32,956 - RLController - INFO -   Example: junction A5 -> durations [24, 22, 22, 22] (total: 90s)
2026-09-24 12:51:32,956 - RLController - INFO -   Example: junction B0 -> durations [24, 22, 22, 22] (total: 90s)
2026-09-24 12:51:32,956 - RLController - INFO -   Example: junction B1 -> durations [24, 22, 22, 22] (total: 90s)
2026-09-24 12:51:32,956 - RLController - INFO -   Example: junction B2 -> durations [24, 22, 22, 22] (total: 90s)
2026-09-24 12:51:32,956 - RLController - INFO -   Example: junction B4 -> durations [24, 22, 22, 22] (total: 90s)
2026-09-24 12:51:32,956 - RLController - INFO -   Example: junction B5 -> durations [60, 10, 10, 10] (total: 90s)
2026-09-24 12:51:32,956 - RLController - INFO -   Example: junction C0 -> durations [22, 22, 24, 22] (total: 90s)
2026-09-24 12:51:32,957 - RLController - INFO -   Example: junction C1 -> durations [24, 22, 22, 22] (total: 90s)
2026-09-24 12:51:32,957 - RLController - INFO -   Example: junction C2 -> durations [57, 13, 10, 10] (total: 90s)
2026-09-24 12:51:32,957 - RLController - INFO -   Example: junction C3 -> durations [60, 10, 10, 10] (total: 90s)
2026-09-24 12:51:32,957 - RLController - INFO -   Example: junction C4 -> durations [57, 11, 11, 11] (total: 90s)
2026-09-24 12:51:32,957 - RLController - INFO -   Example: junction C5 -> durations [57, 11, 11, 11] (total: 90s)
2026-09-24 12:51:32,957 - RLController - INFO -   Example: junction D0 -> durations [24, 22, 22, 22] (total: 90s)
2026-09-24 12:51:32,957 - RLController - INFO -   Example: junction D1 -> durations [21, 21, 27, 21] (total: 90s)
2026-09-24 12:51:32,957 - RLController - INFO -   Example: junction D2 -> durations [45, 15, 15, 15] (total: 90s)
2026-09-24 12:51:32,958 - RLController - INFO -   Example: junction D3 -> durations [24, 22, 22, 22] (total: 90s)
2026-09-24 12:51:32,958 - RLController - INFO -   Example: junction D4 -> durations [24, 22, 22, 22] (total: 90s)
2026-09-24 12:51:32,958 - RLController - INFO -   Example: junction D5 -> durations [13, 13, 51, 13] (total: 90s)
2026-09-24 12:51:32,958 - RLController - INFO -   Example: junction E0 -> durations [24, 22, 22, 22] (total: 90s)
2026-09-24 12:51:32,958 - RLController - INFO -   Example: junction E1 -> durations [24, 22, 22, 22] (total: 90s)
2026-09-24 12:51:32,959 - RLController - INFO -   Stored schedules for 34 junctions, cycle starts at step 6750
2026-09-24 12:51:36,126 - RLController - INFO - DIAGNOSTIC Step 6840 - Observation stats:
2026-09-24 12:51:36,126 - RLController - INFO -   Hash: 6219509643870120274, Min: 0.000000, Max: 1.000000, Mean: 0.437269, Std: 0.453130
2026-09-24 12:51:36,127 - RLController - INFO -   First 10: [1.  0.  0.  0.  0.  0.5 1.  0.  0.  0. ]
2026-09-24 12:51:36,127 - RLController - INFO -   Last 10: [0.         0.2        0.         0.08333334 0.4722222  0.00312491
 0.08055556 0.5492342  0.         0.3       ]
2026-09-24 12:51:36,132 - RLController - INFO - DIAGNOSTIC - Raw model action output:
2026-09-24 12:51:36,132 - RLController - INFO -   Action hash: -4130454510687762495
2026-09-24 12:51:36,133 - RLController - INFO -   First 8 values: [ -7.3450937 -10.        -10.        -10.        -10.        -10.
 -10.        -10.       ]
2026-09-24 12:51:36,133 - RLController - INFO -   Last 8 values: [-10.        -10.        -10.        -10.        -10.         -3.3455513
 -10.        -10.       ]
2026-09-24 12:51:36,133 - RLController - INFO -   Action shape: (136,), min: -10.000000, max: 5.380289, mean: -9.271111
2026-09-24 12:51:36,133 - RLController - INFO -   B0 junction (indices 16-19) raw values: [ -9.552224 -10.       -10.       -10.      ]
2026-09-24 12:51:36,133 - RLController - INFO - Using CONTINUOUS DURATION-BASED mode
2026-09-24 12:51:36,133 - RLController - INFO -   Example: junction A0 -> durations [51, 13, 13, 13] (total: 90s)
2026-09-24 12:51:36,134 - RLController - INFO -   Example: junction A1 -> durations [24, 22, 22, 22] (total: 90s)
2026-09-24 12:51:36,134 - RLController - INFO -   Example: junction A2 -> durations [12, 12, 54, 12] (total: 90s)
2026-09-24 12:51:36,134 - RLController - INFO -   Example: junction A4 -> durations [60, 10, 10, 10] (total: 90s)
2026-09-24 12:51:36,134 - RLController - INFO -   Example: junction A5 -> durations [24, 22, 22, 22] (total: 90s)
2026-09-24 12:51:36,134 - RLController - INFO -   Example: junction B0 -> durations [24, 22, 22, 22] (total: 90s)
2026-09-24 12:51:36,134 - RLController - INFO -   Example: junction B1 -> durations [24, 22, 22, 22] (total: 90s)
2026-09-24 12:51:36,134 - RLController - INFO -   Example: junction B2 -> durations [24, 22, 22, 22] (total: 90s)
2026-09-24 12:51:36,135 - RLController - INFO -   Example: junction B4 -> durations [24, 22, 22, 22] (total: 90s)
2026-09-24 12:51:36,135 - RLController - INFO -   Example: junction B5 -> durations [60, 10, 10, 10] (total: 90s)
2026-09-24 12:51:36,135 - RLController - INFO -   Example: junction C0 -> durations [22, 22, 24, 22] (total: 90s)
2026-09-24 12:51:36,135 - RLController - INFO -   Example: junction C1 -> durations [24, 22, 22, 22] (total: 90s)
2026-09-24 12:51:36,135 - RLController - INFO -   Example: junction C2 -> durations [57, 13, 10, 10] (total: 90s)
2026-09-24 12:51:36,135 - RLController - INFO -   Example: junction C3 -> durations [60, 10, 10, 10] (total: 90s)
2026-09-24 12:51:36,135 - RLController - INFO -   Example: junction C4 -> durations [57, 11, 11, 11] (total: 90s)
2026-09-24 12:51:36,135 - RLController - INFO -   Example: junction C5 -> durations [57, 11, 11, 11] (total: 90s)
2026-09-24 12:51:36,136 - RLController - INFO -   Example: junction D0 -> durations [24, 22, 22, 22] (total: 90s)
2026-09-24 12:51:36,136 - RLController - INFO -   Example: junction D1 -> durations [21, 21, 27, 21] (total: 90s)
2026-09-24 12:51:36,136 - RLController - INFO -   Example: junction D2 -> durations [45, 15, 15, 15] (total: 90s)
2026-09-24 12:51:36,136 - RLController - INFO -   Example: junction D3 -> durations [24, 22, 22, 22] (total: 90s)
2026-09-24 12:51:36,136 - RLController - INFO -   Example: junction D4 -> durations [24, 22, 22, 22] (total: 90s)
2026-09-24 12:51:36,136 - RLController - INFO -   Example: junction D5 -> durations [13, 13, 51, 13] (total: 90s)
2026-09-24 12:51:36,136 - RLController - INFO -   Example: junction E0 -> durations [24, 22, 22, 22] (total: 90s)
2026-09-24 12:51:36,136 - RLController - INFO -   Example: junction E1 -> durations [24, 22, 22, 22] (total: 90s)
2026-09-24 12:51:36,137 - RLController - INFO -   Stored schedules for 34 junctions, cycle starts at step 6840
2026-09-24 12:51:39,380 - RLController - INFO - DIAGNOSTIC Step 6930 - Observation stats:
2026-09-24 12:51:39,380 - RLController - INFO -   Hash: -1545792269310273205, Min: 0.000000, Max: 1.000000, Mean: 0.443883, Std: 0.456878
2026-09-24 12:51:39,380 - RLController - INFO -   First 10: [1.  0.  0.  0.  0.  0.5 1.  0.  0.  0. ]
2026-09-24 12:51:39,381 - RLController - INFO -   Last 10: [0.         0.2        0.         0.08333334 0.49358973 0.00332769
 0.08055556 0.5263677  0.         0.3       ]
2026-09-24 12:51:39,385 - RLController - INFO - DIAGNOSTIC - Raw model action output:
2026-09-24 12:51:39,385 - RLController - INFO -   Action hash: -1605336534804283356
2026-09-24 12:51:39,385 - RLController - INFO -   First 8 values: [ -7.392014 -10.       -10.       -10.       -10.       -10.
 -10.       -10.      ]
2026-09-24 12:51:39,385 - RLController - INFO -   Last 8 values: [-10.       -10.       -10.       -10.       -10.        -1.439914
 -10.       -10.      ]
2026-09-24 12:51:39,385 - RLController - INFO -   Action shape: (136,), min: -10.000000, max: 4.605523, mean: -9.274158
2026-09-24 12:51:39,386 - RLController - INFO -   B0 junction (indices 16-19) raw values: [ -9.586922 -10.       -10.       -10.      ]
2026-09-24 12:51:39,386 - RLController - INFO - Using CONTINUOUS DURATION-BASED mode
2026-09-24 12:51:39,386 - RLController - INFO -   Example: junction A0 -> durations [51, 13, 13, 13] (total: 90s)
2026-09-24 12:51:39,386 - RLController - INFO -   Example: junction A1 -> durations [24, 22, 22, 22] (total: 90s)
2026-09-24 12:51:39,386 - RLController - INFO -   Example: junction A2 -> durations [12, 12, 54, 12] (total: 90s)
2026-09-24 12:51:39,386 - RLController - INFO -   Example: junction A4 -> durations [60, 10, 10, 10] (total: 90s)
2026-09-24 12:51:39,386 - RLController - INFO -   Example: junction A5 -> durations [24, 22, 22, 22] (total: 90s)
2026-09-24 12:51:39,386 - RLController - INFO -   Example: junction B0 -> durations [24, 22, 22, 22] (total: 90s)
2026-09-24 12:51:39,387 - RLController - INFO -   Example: junction B1 -> durations [24, 22, 22, 22] (total: 90s)
2026-09-24 12:51:39,387 - RLController - INFO -   Example: junction B2 -> durations [24, 22, 22, 22] (total: 90s)
2026-09-24 12:51:39,387 - RLController - INFO -   Example: junction B4 -> durations [24, 22, 22, 22] (total: 90s)
2026-09-24 12:51:39,387 - RLController - INFO -   Example: junction B5 -> durations [60, 10, 10, 10] (total: 90s)
2026-09-24 12:51:39,387 - RLController - INFO -   Example: junction C0 -> durations [22, 22, 24, 22] (total: 90s)
2026-09-24 12:51:39,387 - RLController - INFO -   Example: junction C1 -> durations [24, 22, 22, 22] (total: 90s)
2026-09-24 12:51:39,387 - RLController - INFO -   Example: junction C2 -> durations [57, 13, 10, 10] (total: 90s)
2026-09-24 12:51:39,387 - RLController - INFO -   Example: junction C3 -> durations [60, 10, 10, 10] (total: 90s)
2026-09-24 12:51:39,388 - RLController - INFO -   Example: junction C4 -> durations [57, 11, 11, 11] (total: 90s)
2026-09-24 12:51:39,388 - RLController - INFO -   Example: junction C5 -> durations [57, 11, 11, 11] (total: 90s)
2026-09-24 12:51:39,388 - RLController - INFO -   Example: junction D0 -> durations [24, 22, 22, 22] (total: 90s)
2026-09-24 12:51:39,388 - RLController - INFO -   Example: junction D1 -> durations [21, 21, 27, 21] (total: 90s)
2026-09-24 12:51:39,388 - RLController - INFO -   Example: junction D2 -> durations [45, 15, 15, 15] (total: 90s)
2026-09-24 12:51:39,388 - RLController - INFO -   Example: junction D3 -> durations [24, 22, 22, 22] (total: 90s)
2026-09-24 12:51:39,388 - RLController - INFO -   Example: junction D4 -> durations [24, 22, 22, 22] (total: 90s)
2026-09-24 12:51:39,388 - RLController - INFO -   Example: junction D5 -> durations [13, 13, 51, 13] (total: 90s)
2026-09-24 12:51:39,389 - RLController - INFO -   Example: junction E0 -> durations [24, 22, 22, 22] (total: 90s)
2026-09-24 12:51:39,389 - RLController - INFO -   Example: junction E1 -> durations [24, 22, 22, 22] (total: 90s)
2026-09-24 12:51:39,389 - RLController - INFO -   Stored schedules for 34 junctions, cycle starts at step 6930
2026-09-24 12:51:42,652 - RLController - INFO - DIAGNOSTIC Step 7020 - Observation stats:
2026-09-24 12:51:42,652 - RLController - INFO -   Hash: -7329938797966440127, Min: 0.000000, Max: 1.000000, Mean: 0.438641, Std: 0.455640
2026-09-24 12:51:42,653 - RLController - INFO -   First 10: [1.  0.  0.  0.  0.  0.5 1.  0.  0.  0. ]
2026-09-24 12:51:42,653 - RLController - INFO -   Last 10: [0.         0.2        0.         0.08333334 0.48290598 0.00300076
 0.08209401 0.5312431  0.         0.3       ]
2026-09-24 12:51:42,659 - RLController - INFO - DIAGNOSTIC - Raw model action output:
2026-09-24 12:51:42,659 - RLController - INFO -   Action hash: -1337332615071290038
2026-09-24 12:51:42,659 - RLController - INFO -   First 8 values: [ -7.2573647 -10.        -10.        -10.        -10.        -10.
 -10.        -10.       ]
2026-09-24 12:51:42,659 - RLController - INFO -   Last 8 values: [-10.      -10.      -10.      -10.      -10.       -1.99803 -10.
 -10.     ]
2026-09-24 12:51:42,659 - RLController - INFO -   Action shape: (136,), min: -10.000000, max: 5.725160, mean: -9.268658
2026-09-24 12:51:42,660 - RLController - INFO -   B0 junction (indices 16-19) raw values: [ -9.550464 -10.       -10.       -10.      ]
2026-09-24 12:51:42,660 - RLController - INFO - Using CONTINUOUS DURATION-BASED mode
2026-09-24 12:51:42,660 - RLController - INFO -   Example: junction A0 -> durations [51, 13, 13, 13] (total: 90s)
2026-09-24 12:51:42,660 - RLController - INFO -   Example: junction A1 -> durations [24, 22, 22, 22] (total: 90s)
2026-09-24 12:51:42,660 - RLController - INFO -   Example: junction A2 -> durations [12, 12, 54, 12] (total: 90s)
2026-09-24 12:51:42,660 - RLController - INFO -   Example: junction A4 -> durations [60, 10, 10, 10] (total: 90s)
2026-09-24 12:51:42,661 - RLController - INFO -   Example: junction A5 -> durations [24, 22, 22, 22] (total: 90s)
2026-09-24 12:51:42,661 - RLController - INFO -   Example: junction B0 -> durations [24, 22, 22, 22] (total: 90s)
2026-09-24 12:51:42,661 - RLController - INFO -   Example: junction B1 -> durations [24, 22, 22, 22] (total: 90s)
2026-09-24 12:51:42,661 - RLController - INFO -   Example: junction B2 -> durations [24, 22, 22, 22] (total: 90s)
2026-09-24 12:51:42,661 - RLController - INFO -   Example: junction B4 -> durations [24, 22, 22, 22] (total: 90s)
2026-09-24 12:51:42,661 - RLController - INFO -   Example: junction B5 -> durations [60, 10, 10, 10] (total: 90s)
2026-09-24 12:51:42,661 - RLController - INFO -   Example: junction C0 -> durations [22, 22, 24, 22] (total: 90s)
2026-09-24 12:51:42,661 - RLController - INFO -   Example: junction C1 -> durations [24, 22, 22, 22] (total: 90s)
2026-09-24 12:51:42,662 - RLController - INFO -   Example: junction C2 -> durations [57, 13, 10, 10] (total: 90s)
2026-09-24 12:51:42,662 - RLController - INFO -   Example: junction C3 -> durations [60, 10, 10, 10] (total: 90s)
2026-09-24 12:51:42,662 - RLController - INFO -   Example: junction C4 -> durations [57, 11, 11, 11] (total: 90s)
2026-09-24 12:51:42,662 - RLController - INFO -   Example: junction C5 -> durations [57, 11, 11, 11] (total: 90s)
2026-09-24 12:51:42,662 - RLController - INFO -   Example: junction D0 -> durations [24, 22, 22, 22] (total: 90s)
2026-09-24 12:51:42,662 - RLController - INFO -   Example: junction D1 -> durations [21, 21, 27, 21] (total: 90s)
2026-09-24 12:51:42,662 - RLController - INFO -   Example: junction D2 -> durations [45, 15, 15, 15] (total: 90s)
2026-09-24 12:51:42,662 - RLController - INFO -   Example: junction D3 -> durations [24, 22, 22, 22] (total: 90s)
2026-09-24 12:51:42,663 - RLController - INFO -   Example: junction D4 -> durations [24, 22, 22, 22] (total: 90s)
2026-09-24 12:51:42,663 - RLController - INFO -   Example: junction D5 -> durations [13, 13, 51, 13] (total: 90s)
2026-09-24 12:51:42,663 - RLController - INFO -   Example: junction E0 -> durations [24, 22, 22, 22] (total: 90s)
2026-09-24 12:51:42,663 - RLController - INFO -   Example: junction E1 -> durations [24, 22, 22, 22] (total: 90s)
2026-09-24 12:51:42,664 - RLController - INFO -   Stored schedules for 34 junctions, cycle starts at step 7020
2026-09-24 12:51:46,026 - RLController - INFO - DIAGNOSTIC Step 7110 - Observation stats:
2026-09-24 12:51:46,027 - RLController - INFO -   Hash: 6384256253824876591, Min: 0.000000, Max: 1.000000, Mean: 0.441443, Std: 0.456253
2026-09-24 12:51:46,027 - RLController - INFO -   First 10: [1.         0.         0.         0.         0.         0.5
 0.         0.         0.99333334 1.        ]
2026-09-24 12:51:46,027 - RLController - INFO -   Last 10: [0.         0.2        0.         0.08333334 0.50213677 0.00362067
 0.08311966 0.52189493 0.         0.3       ]
2026-09-24 12:51:46,032 - RLController - INFO - DIAGNOSTIC - Raw model action output:
2026-09-24 12:51:46,032 - RLController - INFO -   Action hash: 8533439837746675250
2026-09-24 12:51:46,032 - RLController - INFO -   First 8 values: [ -7.2426867 -10.        -10.        -10.        -10.        -10.
 -10.        -10.       ]
2026-09-24 12:51:46,032 - RLController - INFO -   Last 8 values: [-10.        -10.        -10.        -10.        -10.         -2.2031052
 -10.        -10.       ]
2026-09-24 12:51:46,032 - RLController - INFO -   Action shape: (136,), min: -10.000000, max: 5.640711, mean: -9.296903
2026-09-24 12:51:46,032 - RLController - INFO -   B0 junction (indices 16-19) raw values: [-10. -10. -10. -10.]
2026-09-24 12:51:46,033 - RLController - INFO - Using CONTINUOUS DURATION-BASED mode
2026-09-24 12:51:46,033 - RLController - INFO -   Example: junction A0 -> durations [51, 13, 13, 13] (total: 90s)
2026-09-24 12:51:46,033 - RLController - INFO -   Example: junction A1 -> durations [24, 22, 22, 22] (total: 90s)
2026-09-24 12:51:46,033 - RLController - INFO -   Example: junction A2 -> durations [12, 12, 54, 12] (total: 90s)
2026-09-24 12:51:46,033 - RLController - INFO -   Example: junction A4 -> durations [60, 10, 10, 10] (total: 90s)
2026-09-24 12:51:46,033 - RLController - INFO -   Example: junction A5 -> durations [24, 22, 22, 22] (total: 90s)
2026-09-24 12:51:46,033 - RLController - INFO -   Example: junction B0 -> durations [24, 22, 22, 22] (total: 90s)
2026-09-24 12:51:46,034 - RLController - INFO -   Example: junction B1 -> durations [24, 22, 22, 22] (total: 90s)
2026-09-24 12:51:46,034 - RLController - INFO -   Example: junction B2 -> durations [24, 22, 22, 22] (total: 90s)
2026-09-24 12:51:46,034 - RLController - INFO -   Example: junction B4 -> durations [24, 22, 22, 22] (total: 90s)
2026-09-24 12:51:46,034 - RLController - INFO -   Example: junction B5 -> durations [60, 10, 10, 10] (total: 90s)
2026-09-24 12:51:46,034 - RLController - INFO -   Example: junction C0 -> durations [22, 22, 24, 22] (total: 90s)
2026-09-24 12:51:46,034 - RLController - INFO -   Example: junction C1 -> durations [24, 22, 22, 22] (total: 90s)
2026-09-24 12:51:46,034 - RLController - INFO -   Example: junction C2 -> durations [57, 13, 10, 10] (total: 90s)
2026-09-24 12:51:46,034 - RLController - INFO -   Example: junction C3 -> durations [60, 10, 10, 10] (total: 90s)
2026-09-24 12:51:46,035 - RLController - INFO -   Example: junction C4 -> durations [57, 11, 11, 11] (total: 90s)
2026-09-24 12:51:46,035 - RLController - INFO -   Example: junction C5 -> durations [57, 11, 11, 11] (total: 90s)
2026-09-24 12:51:46,035 - RLController - INFO -   Example: junction D0 -> durations [24, 22, 22, 22] (total: 90s)
2026-09-24 12:51:46,035 - RLController - INFO -   Example: junction D1 -> durations [21, 21, 27, 21] (total: 90s)
2026-09-24 12:51:46,035 - RLController - INFO -   Example: junction D2 -> durations [45, 15, 15, 15] (total: 90s)
2026-09-24 12:51:46,035 - RLController - INFO -   Example: junction D3 -> durations [24, 22, 22, 22] (total: 90s)
2026-09-24 12:51:46,035 - RLController - INFO -   Example: junction D4 -> durations [24, 22, 22, 22] (total: 90s)
2026-09-24 12:51:46,035 - RLController - INFO -   Example: junction D5 -> durations [13, 13, 51, 13] (total: 90s)
2026-09-24 12:51:46,036 - RLController - INFO -   Example: junction E0 -> durations [24, 22, 22, 22] (total: 90s)
2026-09-24 12:51:46,036 - RLController - INFO -   Example: junction E1 -> durations [24, 22, 22, 22] (total: 90s)
2026-09-24 12:51:46,037 - RLController - INFO -   Stored schedules for 34 junctions, cycle starts at step 7110
2026-09-24 12:51:49,188 - RLController - INFO - DIAGNOSTIC Step 7200 - Observation stats:
2026-09-24 12:51:49,190 - RLController - INFO -   Hash: 942316116753170567, Min: 0.000000, Max: 1.000000, Mean: 0.438443, Std: 0.456147
2026-09-24 12:51:49,190 - RLController - INFO -   First 10: [1.  0.  0.  0.  0.  0.5 1.  0.  0.  0. ]
2026-09-24 12:51:49,190 - RLController - INFO -   Last 10: [0.         0.2        0.         0.08333334 0.48290598 0.00346826
 0.08405983 0.53611934 0.         0.3       ]
2026-09-24 12:51:49,195 - RLController - INFO - DIAGNOSTIC - Raw model action output:
2026-09-24 12:51:49,196 - RLController - INFO -   Action hash: 8630724986064871884
2026-09-24 12:51:49,196 - RLController - INFO -   First 8 values: [ -7.2736664 -10.        -10.        -10.        -10.        -10.
 -10.        -10.       ]
2026-09-24 12:51:49,196 - RLController - INFO -   Last 8 values: [-10.        -10.        -10.        -10.        -10.         -2.4155428
 -10.        -10.       ]
2026-09-24 12:51:49,196 - RLController - INFO -   Action shape: (136,), min: -10.000000, max: 6.150345, mean: -9.267251
2026-09-24 12:51:49,196 - RLController - INFO -   B0 junction (indices 16-19) raw values: [ -9.76672 -10.      -10.      -10.     ]
2026-09-24 12:51:49,197 - RLController - INFO - Using CONTINUOUS DURATION-BASED mode
2026-09-24 12:51:49,197 - RLController - INFO -   Example: junction A0 -> durations [51, 13, 13, 13] (total: 90s)
2026-09-24 12:51:49,197 - RLController - INFO -   Example: junction A1 -> durations [24, 22, 22, 22] (total: 90s)
2026-09-24 12:51:49,197 - RLController - INFO -   Example: junction A2 -> durations [12, 12, 54, 12] (total: 90s)
2026-09-24 12:51:49,197 - RLController - INFO -   Example: junction A4 -> durations [60, 10, 10, 10] (total: 90s)
2026-09-24 12:51:49,197 - RLController - INFO -   Example: junction A5 -> durations [24, 22, 22, 22] (total: 90s)
2026-09-24 12:51:49,197 - RLController - INFO -   Example: junction B0 -> durations [24, 22, 22, 22] (total: 90s)
2026-09-24 12:51:49,198 - RLController - INFO -   Example: junction B1 -> durations [24, 22, 22, 22] (total: 90s)
2026-09-24 12:51:49,198 - RLController - INFO -   Example: junction B2 -> durations [24, 22, 22, 22] (total: 90s)
2026-09-24 12:51:49,198 - RLController - INFO -   Example: junction B4 -> durations [24, 22, 22, 22] (total: 90s)
2026-09-24 12:51:49,198 - RLController - INFO -   Example: junction B5 -> durations [60, 10, 10, 10] (total: 90s)
2026-09-24 12:51:49,198 - RLController - INFO -   Example: junction C0 -> durations [22, 22, 24, 22] (total: 90s)
2026-09-24 12:51:49,198 - RLController - INFO -   Example: junction C1 -> durations [24, 22, 22, 22] (total: 90s)
2026-09-24 12:51:49,198 - RLController - INFO -   Example: junction C2 -> durations [57, 13, 10, 10] (total: 90s)
2026-09-24 12:51:49,198 - RLController - INFO -   Example: junction C3 -> durations [60, 10, 10, 10] (total: 90s)
2026-09-24 12:51:49,199 - RLController - INFO -   Example: junction C4 -> durations [57, 11, 11, 11] (total: 90s)
2026-09-24 12:51:49,199 - RLController - INFO -   Example: junction C5 -> durations [57, 11, 11, 11] (total: 90s)
2026-09-24 12:51:49,199 - RLController - INFO -   Example: junction D0 -> durations [24, 22, 22, 22] (total: 90s)
2026-09-24 12:51:49,199 - RLController - INFO -   Example: junction D1 -> durations [21, 21, 27, 21] (total: 90s)
2026-09-24 12:51:49,199 - RLController - INFO -   Example: junction D2 -> durations [45, 15, 15, 15] (total: 90s)
2026-09-24 12:51:49,199 - RLController - INFO -   Example: junction D3 -> durations [24, 22, 22, 22] (total: 90s)
2026-09-24 12:51:49,199 - RLController - INFO -   Example: junction D4 -> durations [24, 22, 22, 22] (total: 90s)
2026-09-24 12:51:49,199 - RLController - INFO -   Example: junction D5 -> durations [13, 13, 51, 13] (total: 90s)
2026-09-24 12:51:49,200 - RLController - INFO -   Example: junction E0 -> durations [24, 22, 22, 22] (total: 90s)
2026-09-24 12:51:49,200 - RLController - INFO -   Example: junction E1 -> durations [24, 22, 22, 22] (total: 90s)
2026-09-24 12:51:49,200 - RLController - INFO -   Stored schedules for 34 junctions, cycle starts at step 7200
2026-09-24 12:51:52,644 - RLController - INFO - DIAGNOSTIC Step 7290 - Observation stats:
2026-09-24 12:51:52,645 - RLController - INFO -   Hash: -2835423173754590654, Min: 0.000000, Max: 1.000000, Mean: 0.447940, Std: 0.456915
2026-09-24 12:51:52,645 - RLController - INFO -   First 10: [1.         0.         0.         0.         0.         0.5
 0.00165689 0.         0.99333334 1.        ]
2026-09-24 12:51:52,645 - RLController - INFO -   Last 10: [0.         0.2        0.         0.08333334 0.5277778  0.00390503
 0.08688034 0.49409404 0.         0.3       ]
2026-09-24 12:51:52,649 - RLController - INFO - DIAGNOSTIC - Raw model action output:
2026-09-24 12:51:52,649 - RLController - INFO -   Action hash: 3655905203404692417
2026-09-24 12:51:52,649 - RLController - INFO -   First 8 values: [ -7.2928157 -10.        -10.        -10.        -10.        -10.
 -10.        -10.       ]
2026-09-24 12:51:52,650 - RLController - INFO -   Last 8 values: [-10.        -10.        -10.        -10.        -10.         -2.7554336
 -10.        -10.       ]
2026-09-24 12:51:52,650 - RLController - INFO -   Action shape: (136,), min: -10.000000, max: 5.760096, mean: -9.259220
2026-09-24 12:51:52,650 - RLController - INFO -   B0 junction (indices 16-19) raw values: [ -9.614896 -10.       -10.       -10.      ]
2026-09-24 12:51:52,650 - RLController - INFO - Using CONTINUOUS DURATION-BASED mode
2026-09-24 12:51:52,650 - RLController - INFO -   Example: junction A0 -> durations [51, 13, 13, 13] (total: 90s)
2026-09-24 12:51:52,650 - RLController - INFO -   Example: junction A1 -> durations [24, 22, 22, 22] (total: 90s)
2026-09-24 12:51:52,650 - RLController - INFO -   Example: junction A2 -> durations [12, 12, 54, 12] (total: 90s)
2026-09-24 12:51:52,651 - RLController - INFO -   Example: junction A4 -> durations [60, 10, 10, 10] (total: 90s)
2026-09-24 12:51:52,651 - RLController - INFO -   Example: junction A5 -> durations [24, 22, 22, 22] (total: 90s)
2026-09-24 12:51:52,651 - RLController - INFO -   Example: junction B0 -> durations [24, 22, 22, 22] (total: 90s)
2026-09-24 12:51:52,651 - RLController - INFO -   Example: junction B1 -> durations [24, 22, 22, 22] (total: 90s)
2026-09-24 12:51:52,651 - RLController - INFO -   Example: junction B2 -> durations [24, 22, 22, 22] (total: 90s)
2026-09-24 12:51:52,651 - RLController - INFO -   Example: junction B4 -> durations [24, 22, 22, 22] (total: 90s)
2026-09-24 12:51:52,651 - RLController - INFO -   Example: junction B5 -> durations [60, 10, 10, 10] (total: 90s)
2026-09-24 12:51:52,652 - RLController - INFO -   Example: junction C0 -> durations [22, 22, 24, 22] (total: 90s)
2026-09-24 12:51:52,652 - RLController - INFO -   Example: junction C1 -> durations [24, 22, 22, 22] (total: 90s)
2026-09-24 12:51:52,652 - RLController - INFO -   Example: junction C2 -> durations [57, 13, 10, 10] (total: 90s)
2026-09-24 12:51:52,652 - RLController - INFO -   Example: junction C3 -> durations [60, 10, 10, 10] (total: 90s)
2026-09-24 12:51:52,652 - RLController - INFO -   Example: junction C4 -> durations [57, 11, 11, 11] (total: 90s)
2026-09-24 12:51:52,652 - RLController - INFO -   Example: junction C5 -> durations [57, 11, 11, 11] (total: 90s)
2026-09-24 12:51:52,652 - RLController - INFO -   Example: junction D0 -> durations [24, 22, 22, 22] (total: 90s)
2026-09-24 12:51:52,652 - RLController - INFO -   Example: junction D1 -> durations [21, 21, 27, 21] (total: 90s)
2026-09-24 12:51:52,652 - RLController - INFO -   Example: junction D2 -> durations [45, 15, 15, 15] (total: 90s)
2026-09-24 12:51:52,653 - RLController - INFO -   Example: junction D3 -> durations [24, 22, 22, 22] (total: 90s)
2026-09-24 12:51:52,653 - RLController - INFO -   Example: junction D4 -> durations [24, 22, 22, 22] (total: 90s)
2026-09-24 12:51:52,653 - RLController - INFO -   Example: junction D5 -> durations [13, 13, 51, 13] (total: 90s)
2026-09-24 12:51:52,653 - RLController - INFO -   Example: junction E0 -> durations [24, 22, 22, 22] (total: 90s)
2026-09-24 12:51:52,653 - RLController - INFO -   Example: junction E1 -> durations [24, 22, 22, 22] (total: 90s)
2026-09-24 12:51:52,654 - RLController - INFO -   Stored schedules for 34 junctions, cycle starts at step 7290
2026-09-24 12:51:53,016 - RLController - WARNING - RL environment cleanup failed: 'TrafficControlEnv' object has no attribute 'reward_calculator'
2026-09-24 12:51:53,361 - TrafficSimulator - INFO - Simulation completed successfully!
2026-09-24 12:51:53,363 - TrafficSimulator - INFO - === SIMULATION COMPLETED ===
2026-09-24 12:51:53,363 - TrafficSimulator - INFO - Total simulation steps: 7300
2026-09-24 12:51:53,363 - TrafficSimulator - INFO - Vehicles loaded: 22000
2026-09-24 12:51:53,363 - TrafficSimulator - INFO - Vehicles inserted: 19610
2026-09-24 12:51:53,363 - TrafficSimulator - INFO - Vehicles still running: 2290
2026-09-24 12:51:53,363 - TrafficSimulator - INFO - Vehicles waiting: 2390
2026-09-24 12:51:53,363 - TrafficSimulator - INFO - Vehicles arrived: 17320
2026-09-24 12:51:53,363 - TrafficSimulator - INFO - Completion rate: 78.7%
2026-09-24 12:51:53,363 - TrafficSimulator - INFO - Insertion rate: 89.1%
2026-09-24 12:51:53,363 - TrafficSimulator - INFO - Average duration: 592.8s
2026-09-24 12:51:53,363 - TrafficSimulator - INFO - Average waiting time: 391.5s
2026-09-24 12:51:53,363 - TrafficSimulator - INFO - Average time loss: 477.6s
2026-09-24 12:51:53,363 - TrafficSimulator - INFO - Throughput: 8541 veh/h
2026-09-24 12:51:53,363 - TrafficSimulator - INFO - Trip statistics count: 17320
2026-09-24 12:51:53,363 - TrafficSimulator - INFO - Traffic control method: rl
