run_name: rl_s23423   controller: rl   started: 2026-09-23T19:29:34Z
src: /a/home/cc/tree/taucc/architec/efratbl/sumo-traffic-generator/paper_rl_vs_tm/app/src/__init__.py
python: Python 3.10.2
sumo: Eclipse SUMO sumo 1.25.0
numpy 1.24.4 torch 2.1.2+cpu sb3 2.1.0
model md5: 8b8d9f494260a1a1f6a24b2c4ef25667
sumo seed: 23423
2026-09-23 22:29:53,935 - StandardPipeline - INFO - Prepared output directory: /a/home/cc/architec/efratbl/sumo-traffic-generator/paper_rl_vs_tm/results/runs/rl_s23423/workspace
2026-09-23 22:29:53,935 - StandardPipeline - INFO - --- Step 1: Network Generation ---
Success.
2026-09-23 22:29:55,708 - StandardPipeline - INFO - --- Step 2: Zone Generation ---
2026-09-23 22:29:58,891 - StandardPipeline - INFO - --- Step 3: Integrated Edge Splitting with Lane Assignment ---
Post-processing: 108 edges processed, 108 converted to multi-head
2026-09-23 22:30:30,700 - StandardPipeline - INFO - --- Step 4: Network Rebuild ---
2026-09-23 22:30:31,839 - StandardPipeline - INFO - --- Step 5: Edge Attractiveness Assignment ---
2026-09-23 22:32:26,277 - StandardPipeline - INFO - --- Step 6: Vehicle Route Generation ---
2026-09-23 22:32:46,701 - StandardPipeline - INFO - --- Step 7: SUMO Configuration Generation ---
2026-09-23 22:32:46,706 - StandardPipeline - INFO - --- Step 8: Dynamic Simulation ---
2026-09-23 22:32:46,707 - src.orchestration.simulator - INFO - Using TraCI simulator for rl (dynamic control)
 Retrying in 1 seconds
2026-09-23 22:32:52,326 - RLController - INFO - Creating RL environment...
[DIM CHECK] network_path='None'
[DIM CHECK] Using existing workspace network: /a/home/cc/architec/efratbl/sumo-traffic-generator/paper_rl_vs_tm/results/runs/rl_s23423/workspace/grid.net.xml
2026-09-23 22:32:52,326 - TrafficControlEnv - INFO - Using existing workspace network: /a/home/cc/architec/efratbl/sumo-traffic-generator/paper_rl_vs_tm/results/runs/rl_s23423/workspace/grid.net.xml
2026-09-23 22:32:52,468 - TrafficControlEnv - INFO - Parsed network dimensions from: /a/home/cc/architec/efratbl/sumo-traffic-generator/paper_rl_vs_tm/results/runs/rl_s23423/workspace/grid.net.xml
2026-09-23 22:32:52,468 - TrafficControlEnv - INFO -   Edges: 468
2026-09-23 22:32:52,468 - TrafficControlEnv - INFO -   Junctions: 34
2026-09-23 22:32:52,470 - RLController - INFO - RL environment created successfully
2026-09-23 22:32:52,470 - RLController - INFO - Observation space: (2882,)
2026-09-23 22:32:52,470 - RLController - INFO - Action space: (136,)
/a/home/cc/tree/taucc/architec/efratbl/sumo-traffic-generator/paper_rl_vs_tm/app/src/rl/controller.py:259: UserWarning: Call to deprecated function getAllProgramLogics, use getCompleteRedYellowGreenDefinition instead.
  complete_def = traci.trafficlight.getCompleteRedYellowGreenDefinition(tl_id)[
2026-09-23 22:32:52,730 - RLController - INFO - DIAGNOSTIC Step 0 - Observation stats:
2026-09-23 22:32:52,730 - RLController - INFO -   Hash: 5394072334346872222, Min: 0.000000, Max: 1.000080, Mean: 0.246374, Std: 0.378330
2026-09-23 22:32:52,730 - RLController - INFO -   First 10: [1.  0.  0.  0.  0.  0.5 1.  0.  0.  0. ]
2026-09-23 22:32:52,731 - RLController - INFO -   Last 10: [0.      0.1875  0.      0.25    0.      0.      0.      1.00008 0.
 0.3    ]
2026-09-23 22:32:52,737 - RLController - INFO - DIAGNOSTIC - Raw model action output:
2026-09-23 22:32:52,737 - RLController - INFO -   Action hash: 5967152696951744263
2026-09-23 22:32:52,737 - RLController - INFO -   First 8 values: [ -4.2462254 -10.         -8.615134  -10.        -10.        -10.
  -9.517142   -9.423127 ]
2026-09-23 22:32:52,737 - RLController - INFO -   Last 8 values: [ -9.937325  -10.         -7.9518666 -10.         -8.441892   -1.202461
  -9.473316  -10.       ]
2026-09-23 22:32:52,737 - RLController - INFO -   Action shape: (136,), min: -10.000000, max: 2.648499, mean: -8.256987
2026-09-23 22:32:52,737 - RLController - INFO -   B0 junction (indices 16-19) raw values: [ -7.3623834  -6.7744145  -7.927693  -10.       ]
2026-09-23 22:32:52,738 - RLController - INFO - Using CONTINUOUS DURATION-BASED mode
2026-09-23 22:32:52,738 - RLController - INFO -   Example: junction A0 -> durations [59, 10, 11, 10] (total: 90s)
2026-09-23 22:32:52,739 - RLController - INFO -   Example: junction A1 -> durations [19, 19, 25, 27] (total: 90s)
2026-09-23 22:32:52,739 - RLController - INFO -   Example: junction A2 -> durations [10, 12, 58, 10] (total: 90s)
2026-09-23 22:32:52,739 - RLController - INFO -   Example: junction A4 -> durations [60, 10, 10, 10] (total: 90s)
2026-09-23 22:32:52,739 - RLController - INFO -   Example: junction A5 -> durations [25, 36, 18, 11] (total: 90s)
2026-09-23 22:32:52,739 - RLController - INFO -   Example: junction B0 -> durations [12, 12, 46, 20] (total: 90s)
2026-09-23 22:32:52,739 - RLController - INFO -   Example: junction B1 -> durations [14, 54, 11, 11] (total: 90s)
2026-09-23 22:32:52,739 - RLController - INFO -   Example: junction B2 -> durations [12, 12, 54, 12] (total: 90s)
2026-09-23 22:32:52,739 - RLController - INFO -   Example: junction B4 -> durations [15, 23, 37, 15] (total: 90s)
2026-09-23 22:32:52,740 - RLController - INFO -   Example: junction B5 -> durations [60, 10, 10, 10] (total: 90s)
2026-09-23 22:32:52,740 - RLController - INFO -   Example: junction C0 -> durations [11, 14, 47, 18] (total: 90s)
2026-09-23 22:32:52,740 - RLController - INFO -   Example: junction C1 -> durations [27, 13, 30, 20] (total: 90s)
2026-09-23 22:32:52,740 - RLController - INFO -   Example: junction C2 -> durations [54, 16, 10, 10] (total: 90s)
2026-09-23 22:32:52,740 - RLController - INFO -   Example: junction C3 -> durations [59, 11, 10, 10] (total: 90s)
2026-09-23 22:32:52,740 - RLController - INFO -   Example: junction C4 -> durations [36, 10, 34, 10] (total: 90s)
2026-09-23 22:32:52,740 - RLController - INFO -   Example: junction C5 -> durations [50, 10, 10, 20] (total: 90s)
2026-09-23 22:32:52,740 - RLController - INFO -   Example: junction D0 -> durations [19, 28, 31, 12] (total: 90s)
2026-09-23 22:32:52,740 - RLController - INFO -   Example: junction D1 -> durations [11, 13, 47, 19] (total: 90s)
2026-09-23 22:32:52,741 - RLController - INFO -   Example: junction D2 -> durations [57, 11, 11, 11] (total: 90s)
2026-09-23 22:32:52,741 - RLController - INFO -   Example: junction D3 -> durations [22, 12, 44, 12] (total: 90s)
2026-09-23 22:32:52,741 - RLController - INFO -   Example: junction D4 -> durations [12, 25, 42, 11] (total: 90s)
2026-09-23 22:32:52,741 - RLController - INFO -   Example: junction D5 -> durations [11, 10, 58, 11] (total: 90s)
2026-09-23 22:32:52,741 - RLController - INFO -   Example: junction E0 -> durations [11, 11, 12, 56] (total: 90s)
2026-09-23 22:32:52,741 - RLController - INFO -   Example: junction E1 -> durations [34, 11, 34, 11] (total: 90s)
2026-09-23 22:32:52,742 - RLController - INFO -   Stored schedules for 34 junctions, cycle starts at step 0
2026-09-23 22:32:53,410 - RLController - INFO - DIAGNOSTIC Step 90 - Observation stats:
2026-09-23 22:32:53,410 - RLController - INFO -   Hash: 1639152628933027396, Min: 0.000000, Max: 1.000000, Mean: 0.295715, Std: 0.403485
2026-09-23 22:32:53,411 - RLController - INFO -   First 10: [1.  0.  0.  0.  0.  0.5 1.  0.  0.  0. ]
2026-09-23 22:32:53,411 - RLController - INFO -   Last 10: [0.0000000e+00 1.2500000e-01 0.0000000e+00 8.3333336e-02 1.3888890e-01
 6.7027792e-04 1.0598291e-02 8.5779220e-01 0.0000000e+00 3.0000001e-01]
2026-09-23 22:32:53,419 - RLController - INFO - DIAGNOSTIC - Raw model action output:
2026-09-23 22:32:53,420 - RLController - INFO -   Action hash: 704504722082442954
2026-09-23 22:32:53,420 - RLController - INFO -   First 8 values: [ -5.6058917 -10.        -10.        -10.        -10.        -10.
 -10.        -10.       ]
2026-09-23 22:32:53,420 - RLController - INFO -   Last 8 values: [-10.         -10.         -10.         -10.         -10.
   0.07760052 -10.         -10.        ]
2026-09-23 22:32:53,420 - RLController - INFO -   Action shape: (136,), min: -10.000000, max: 4.178472, mean: -8.861959
2026-09-23 22:32:53,420 - RLController - INFO -   B0 junction (indices 16-19) raw values: [ -8.353627  -8.849373 -10.       -10.      ]
2026-09-23 22:32:53,421 - RLController - INFO - Using CONTINUOUS DURATION-BASED mode
2026-09-23 22:32:53,421 - RLController - INFO -   Example: junction A0 -> durations [57, 11, 11, 11] (total: 90s)
2026-09-23 22:32:53,421 - RLController - INFO -   Example: junction A1 -> durations [24, 22, 22, 22] (total: 90s)
2026-09-23 22:32:53,421 - RLController - INFO -   Example: junction A2 -> durations [10, 12, 58, 10] (total: 90s)
2026-09-23 22:32:53,421 - RLController - INFO -   Example: junction A4 -> durations [59, 11, 10, 10] (total: 90s)
2026-09-23 22:32:53,421 - RLController - INFO -   Example: junction A5 -> durations [35, 25, 15, 15] (total: 90s)
2026-09-23 22:32:53,421 - RLController - INFO -   Example: junction B0 -> durations [17, 17, 39, 17] (total: 90s)
2026-09-23 22:32:53,422 - RLController - INFO -   Example: junction B1 -> durations [12, 54, 12, 12] (total: 90s)
2026-09-23 22:32:53,422 - RLController - INFO -   Example: junction B2 -> durations [20, 20, 30, 20] (total: 90s)
2026-09-23 22:32:53,422 - RLController - INFO -   Example: junction B4 -> durations [24, 22, 22, 22] (total: 90s)
2026-09-23 22:32:53,422 - RLController - INFO -   Example: junction B5 -> durations [60, 10, 10, 10] (total: 90s)
2026-09-23 22:32:53,422 - RLController - INFO -   Example: junction C0 -> durations [13, 13, 46, 18] (total: 90s)
2026-09-23 22:32:53,422 - RLController - INFO -   Example: junction C1 -> durations [27, 21, 21, 21] (total: 90s)
2026-09-23 22:32:53,422 - RLController - INFO -   Example: junction C2 -> durations [55, 15, 10, 10] (total: 90s)
2026-09-23 22:32:53,422 - RLController - INFO -   Example: junction C3 -> durations [60, 10, 10, 10] (total: 90s)
2026-09-23 22:32:53,422 - RLController - INFO -   Example: junction C4 -> durations [47, 11, 21, 11] (total: 90s)
2026-09-23 22:32:53,423 - RLController - INFO -   Example: junction C5 -> durations [55, 10, 10, 15] (total: 90s)
2026-09-23 22:32:53,423 - RLController - INFO -   Example: junction D0 -> durations [17, 24, 32, 17] (total: 90s)
2026-09-23 22:32:53,423 - RLController - INFO -   Example: junction D1 -> durations [12, 12, 51, 15] (total: 90s)
2026-09-23 22:32:53,423 - RLController - INFO -   Example: junction D2 -> durations [57, 11, 11, 11] (total: 90s)
2026-09-23 22:32:53,423 - RLController - INFO -   Example: junction D3 -> durations [18, 18, 36, 18] (total: 90s)
2026-09-23 22:32:53,423 - RLController - INFO -   Example: junction D4 -> durations [15, 28, 32, 15] (total: 90s)
2026-09-23 22:32:53,424 - RLController - INFO -   Example: junction D5 -> durations [11, 11, 57, 11] (total: 90s)
2026-09-23 22:32:53,424 - RLController - INFO -   Example: junction E0 -> durations [14, 14, 14, 48] (total: 90s)
2026-09-23 22:32:53,424 - RLController - INFO -   Example: junction E1 -> durations [34, 12, 32, 12] (total: 90s)
2026-09-23 22:32:53,424 - RLController - INFO -   Stored schedules for 34 junctions, cycle starts at step 90
2026-09-23 22:32:54,253 - RLController - INFO - DIAGNOSTIC Step 180 - Observation stats:
2026-09-23 22:32:54,253 - RLController - INFO -   Hash: 8140619426626022775, Min: 0.000000, Max: 1.000109, Mean: 0.327320, Std: 0.419915
2026-09-23 22:32:54,254 - RLController - INFO -   First 10: [1.  0.  0.  0.  0.  0.5 1.  0.  0.  0. ]
2026-09-23 22:32:54,254 - RLController - INFO -   Last 10: [0.         0.2        0.         0.08333334 0.23504274 0.00111704
 0.01901709 0.76747936 0.         0.3       ]
2026-09-23 22:32:54,257 - RLController - INFO - DIAGNOSTIC - Raw model action output:
2026-09-23 22:32:54,258 - RLController - INFO -   Action hash: -1893987960264426368
2026-09-23 22:32:54,258 - RLController - INFO -   First 8 values: [ -6.096831 -10.       -10.       -10.       -10.       -10.
 -10.       -10.      ]
2026-09-23 22:32:54,258 - RLController - INFO -   Last 8 values: [-10.        -10.        -10.        -10.        -10.         -0.1746976
 -10.        -10.       ]
2026-09-23 22:32:54,258 - RLController - INFO -   Action shape: (136,), min: -10.000000, max: 4.413618, mean: -9.112105
2026-09-23 22:32:54,258 - RLController - INFO -   B0 junction (indices 16-19) raw values: [ -9.225276 -10.       -10.       -10.      ]
2026-09-23 22:32:54,258 - RLController - INFO - Using CONTINUOUS DURATION-BASED mode
2026-09-23 22:32:54,259 - RLController - INFO -   Example: junction A0 -> durations [57, 11, 11, 11] (total: 90s)
2026-09-23 22:32:54,259 - RLController - INFO -   Example: junction A1 -> durations [24, 22, 22, 22] (total: 90s)
2026-09-23 22:32:54,259 - RLController - INFO -   Example: junction A2 -> durations [11, 11, 57, 11] (total: 90s)
2026-09-23 22:32:54,259 - RLController - INFO -   Example: junction A4 -> durations [59, 11, 10, 10] (total: 90s)
2026-09-23 22:32:54,259 - RLController - INFO -   Example: junction A5 -> durations [30, 20, 20, 20] (total: 90s)
2026-09-23 22:32:54,259 - RLController - INFO -   Example: junction B0 -> durations [24, 22, 22, 22] (total: 90s)
2026-09-23 22:32:54,259 - RLController - INFO -   Example: junction B1 -> durations [15, 45, 15, 15] (total: 90s)
2026-09-23 22:32:54,259 - RLController - INFO -   Example: junction B2 -> durations [24, 22, 22, 22] (total: 90s)
2026-09-23 22:32:54,260 - RLController - INFO -   Example: junction B4 -> durations [24, 22, 22, 22] (total: 90s)
2026-09-23 22:32:54,260 - RLController - INFO -   Example: junction B5 -> durations [60, 10, 10, 10] (total: 90s)
2026-09-23 22:32:54,260 - RLController - INFO -   Example: junction C0 -> durations [16, 16, 42, 16] (total: 90s)
2026-09-23 22:32:54,260 - RLController - INFO -   Example: junction C1 -> durations [24, 22, 22, 22] (total: 90s)
2026-09-23 22:32:54,260 - RLController - INFO -   Example: junction C2 -> durations [56, 14, 10, 10] (total: 90s)
2026-09-23 22:32:54,260 - RLController - INFO -   Example: junction C3 -> durations [60, 10, 10, 10] (total: 90s)
2026-09-23 22:32:54,260 - RLController - INFO -   Example: junction C4 -> durations [53, 11, 15, 11] (total: 90s)
2026-09-23 22:32:54,260 - RLController - INFO -   Example: junction C5 -> durations [57, 11, 11, 11] (total: 90s)
2026-09-23 22:32:54,260 - RLController - INFO -   Example: junction D0 -> durations [22, 22, 24, 22] (total: 90s)
2026-09-23 22:32:54,261 - RLController - INFO -   Example: junction D1 -> durations [14, 14, 48, 14] (total: 90s)
2026-09-23 22:32:54,261 - RLController - INFO -   Example: junction D2 -> durations [51, 13, 13, 13] (total: 90s)
2026-09-23 22:32:54,261 - RLController - INFO -   Example: junction D3 -> durations [22, 22, 24, 22] (total: 90s)
2026-09-23 22:32:54,261 - RLController - INFO -   Example: junction D4 -> durations [22, 22, 24, 22] (total: 90s)
2026-09-23 22:32:54,261 - RLController - INFO -   Example: junction D5 -> durations [11, 11, 57, 11] (total: 90s)
2026-09-23 22:32:54,261 - RLController - INFO -   Example: junction E0 -> durations [19, 19, 19, 33] (total: 90s)
2026-09-23 22:32:54,261 - RLController - INFO -   Example: junction E1 -> durations [28, 16, 30, 16] (total: 90s)
2026-09-23 22:32:54,262 - RLController - INFO -   Stored schedules for 34 junctions, cycle starts at step 180
2026-09-23 22:32:55,537 - RLController - INFO - DIAGNOSTIC Step 270 - Observation stats:
2026-09-23 22:32:55,537 - RLController - INFO -   Hash: -1131176390719897716, Min: 0.000000, Max: 1.000000, Mean: 0.341981, Std: 0.424150
2026-09-23 22:32:55,538 - RLController - INFO -   First 10: [1.  0.  0.  0.  0.  0.5 1.  0.  0.  0. ]
2026-09-23 22:32:55,538 - RLController - INFO -   Last 10: [0.         0.2        0.         0.08333334 0.258547   0.00166573
 0.02542735 0.7482956  0.         0.3       ]
2026-09-23 22:32:55,543 - RLController - INFO - DIAGNOSTIC - Raw model action output:
2026-09-23 22:32:55,543 - RLController - INFO -   Action hash: 3936365746872787223
2026-09-23 22:32:55,543 - RLController - INFO -   First 8 values: [ -6.311063 -10.       -10.       -10.       -10.       -10.
 -10.       -10.      ]
2026-09-23 22:32:55,543 - RLController - INFO -   Last 8 values: [-10.         -10.         -10.         -10.         -10.
   0.58913213 -10.         -10.        ]
2026-09-23 22:32:55,543 - RLController - INFO -   Action shape: (136,), min: -10.000000, max: 5.233298, mean: -9.156077
2026-09-23 22:32:55,544 - RLController - INFO -   B0 junction (indices 16-19) raw values: [ -9.184835 -10.       -10.       -10.      ]
2026-09-23 22:32:55,544 - RLController - INFO - Using CONTINUOUS DURATION-BASED mode
2026-09-23 22:32:55,544 - RLController - INFO -   Example: junction A0 -> durations [57, 11, 11, 11] (total: 90s)
2026-09-23 22:32:55,544 - RLController - INFO -   Example: junction A1 -> durations [24, 22, 22, 22] (total: 90s)
2026-09-23 22:32:55,544 - RLController - INFO -   Example: junction A2 -> durations [10, 10, 60, 10] (total: 90s)
2026-09-23 22:32:55,545 - RLController - INFO -   Example: junction A4 -> durations [60, 10, 10, 10] (total: 90s)
2026-09-23 22:32:55,545 - RLController - INFO -   Example: junction A5 -> durations [30, 20, 20, 20] (total: 90s)
2026-09-23 22:32:55,545 - RLController - INFO -   Example: junction B0 -> durations [24, 22, 22, 22] (total: 90s)
2026-09-23 22:32:55,545 - RLController - INFO -   Example: junction B1 -> durations [16, 42, 16, 16] (total: 90s)
2026-09-23 22:32:55,545 - RLController - INFO -   Example: junction B2 -> durations [24, 22, 22, 22] (total: 90s)
2026-09-23 22:32:55,545 - RLController - INFO -   Example: junction B4 -> durations [24, 22, 22, 22] (total: 90s)
2026-09-23 22:32:55,545 - RLController - INFO -   Example: junction B5 -> durations [60, 10, 10, 10] (total: 90s)
2026-09-23 22:32:55,546 - RLController - INFO -   Example: junction C0 -> durations [18, 18, 36, 18] (total: 90s)
2026-09-23 22:32:55,546 - RLController - INFO -   Example: junction C1 -> durations [24, 22, 22, 22] (total: 90s)
2026-09-23 22:32:55,546 - RLController - INFO -   Example: junction C2 -> durations [58, 12, 10, 10] (total: 90s)
2026-09-23 22:32:55,546 - RLController - INFO -   Example: junction C3 -> durations [60, 10, 10, 10] (total: 90s)
2026-09-23 22:32:55,546 - RLController - INFO -   Example: junction C4 -> durations [55, 11, 13, 11] (total: 90s)
2026-09-23 22:32:55,546 - RLController - INFO -   Example: junction C5 -> durations [57, 11, 11, 11] (total: 90s)
2026-09-23 22:32:55,546 - RLController - INFO -   Example: junction D0 -> durations [22, 22, 24, 22] (total: 90s)
2026-09-23 22:32:55,546 - RLController - INFO -   Example: junction D1 -> durations [16, 16, 42, 16] (total: 90s)
2026-09-23 22:32:55,547 - RLController - INFO -   Example: junction D2 -> durations [48, 14, 14, 14] (total: 90s)
2026-09-23 22:32:55,547 - RLController - INFO -   Example: junction D3 -> durations [24, 22, 22, 22] (total: 90s)
2026-09-23 22:32:55,547 - RLController - INFO -   Example: junction D4 -> durations [24, 22, 22, 22] (total: 90s)
2026-09-23 22:32:55,547 - RLController - INFO -   Example: junction D5 -> durations [12, 12, 54, 12] (total: 90s)
2026-09-23 22:32:55,547 - RLController - INFO -   Example: junction E0 -> durations [21, 21, 21, 27] (total: 90s)
2026-09-23 22:32:55,547 - RLController - INFO -   Example: junction E1 -> durations [26, 17, 30, 17] (total: 90s)
2026-09-23 22:32:55,548 - RLController - INFO -   Stored schedules for 34 junctions, cycle starts at step 270
2026-09-23 22:32:57,025 - RLController - INFO - DIAGNOSTIC Step 360 - Observation stats:
2026-09-23 22:32:57,025 - RLController - INFO -   Hash: 8129932052771884966, Min: 0.000000, Max: 1.000000, Mean: 0.354051, Std: 0.430796
2026-09-23 22:32:57,026 - RLController - INFO -   First 10: [1.  0.  0.  0.  0.  0.5 1.  0.  0.  0. ]
2026-09-23 22:32:57,026 - RLController - INFO -   Last 10: [0.         0.2        0.         0.08333334 0.28846154 0.0019484
 0.02978632 0.72430533 0.         0.3       ]
2026-09-23 22:32:57,036 - RLController - INFO - DIAGNOSTIC - Raw model action output:
2026-09-23 22:32:57,036 - RLController - INFO -   Action hash: 3772167706336417042
2026-09-23 22:32:57,036 - RLController - INFO -   First 8 values: [ -6.6031623 -10.        -10.        -10.        -10.        -10.
 -10.        -10.       ]
2026-09-23 22:32:57,037 - RLController - INFO -   Last 8 values: [-10.        -10.        -10.        -10.        -10.          1.3029797
 -10.        -10.       ]
2026-09-23 22:32:57,037 - RLController - INFO -   Action shape: (136,), min: -10.000000, max: 5.514774, mean: -9.209429
2026-09-23 22:32:57,037 - RLController - INFO -   B0 junction (indices 16-19) raw values: [ -9.313895 -10.       -10.       -10.      ]
2026-09-23 22:32:57,037 - RLController - INFO - Using CONTINUOUS DURATION-BASED mode
2026-09-23 22:32:57,038 - RLController - INFO -   Example: junction A0 -> durations [54, 12, 12, 12] (total: 90s)
2026-09-23 22:32:57,038 - RLController - INFO -   Example: junction A1 -> durations [24, 22, 22, 22] (total: 90s)
2026-09-23 22:32:57,038 - RLController - INFO -   Example: junction A2 -> durations [11, 11, 57, 11] (total: 90s)
2026-09-23 22:32:57,038 - RLController - INFO -   Example: junction A4 -> durations [60, 10, 10, 10] (total: 90s)
2026-09-23 22:32:57,038 - RLController - INFO -   Example: junction A5 -> durations [30, 20, 20, 20] (total: 90s)
2026-09-23 22:32:57,038 - RLController - INFO -   Example: junction B0 -> durations [24, 22, 22, 22] (total: 90s)
2026-09-23 22:32:57,038 - RLController - INFO -   Example: junction B1 -> durations [20, 30, 20, 20] (total: 90s)
2026-09-23 22:32:57,039 - RLController - INFO -   Example: junction B2 -> durations [24, 22, 22, 22] (total: 90s)
2026-09-23 22:32:57,039 - RLController - INFO -   Example: junction B4 -> durations [24, 22, 22, 22] (total: 90s)
2026-09-23 22:32:57,039 - RLController - INFO -   Example: junction B5 -> durations [60, 10, 10, 10] (total: 90s)
2026-09-23 22:32:57,039 - RLController - INFO -   Example: junction C0 -> durations [20, 20, 30, 20] (total: 90s)
2026-09-23 22:32:57,039 - RLController - INFO -   Example: junction C1 -> durations [24, 22, 22, 22] (total: 90s)
2026-09-23 22:32:57,039 - RLController - INFO -   Example: junction C2 -> durations [58, 12, 10, 10] (total: 90s)
2026-09-23 22:32:57,039 - RLController - INFO -   Example: junction C3 -> durations [60, 10, 10, 10] (total: 90s)
2026-09-23 22:32:57,039 - RLController - INFO -   Example: junction C4 -> durations [57, 11, 11, 11] (total: 90s)
2026-09-23 22:32:57,040 - RLController - INFO -   Example: junction C5 -> durations [57, 11, 11, 11] (total: 90s)
2026-09-23 22:32:57,040 - RLController - INFO -   Example: junction D0 -> durations [24, 22, 22, 22] (total: 90s)
2026-09-23 22:32:57,040 - RLController - INFO -   Example: junction D1 -> durations [18, 18, 36, 18] (total: 90s)
2026-09-23 22:32:57,040 - RLController - INFO -   Example: junction D2 -> durations [45, 15, 15, 15] (total: 90s)
2026-09-23 22:32:57,040 - RLController - INFO -   Example: junction D3 -> durations [24, 22, 22, 22] (total: 90s)
2026-09-23 22:32:57,040 - RLController - INFO -   Example: junction D4 -> durations [24, 22, 22, 22] (total: 90s)
2026-09-23 22:32:57,040 - RLController - INFO -   Example: junction D5 -> durations [13, 13, 51, 13] (total: 90s)
2026-09-23 22:32:57,040 - RLController - INFO -   Example: junction E0 -> durations [22, 22, 22, 24] (total: 90s)
2026-09-23 22:32:57,040 - RLController - INFO -   Example: junction E1 -> durations [22, 21, 26, 21] (total: 90s)
2026-09-23 22:32:57,041 - RLController - INFO -   Stored schedules for 34 junctions, cycle starts at step 360
2026-09-23 22:32:58,524 - RLController - INFO - DIAGNOSTIC Step 450 - Observation stats:
2026-09-23 22:32:58,524 - RLController - INFO -   Hash: -6934536291565813020, Min: 0.000000, Max: 1.000000, Mean: 0.367040, Std: 0.436733
2026-09-23 22:32:58,525 - RLController - INFO -   First 10: [1.  0.  0.  0.  0.  0.5 1.  0.  0.  0. ]
2026-09-23 22:32:58,525 - RLController - INFO -   Last 10: [0.         0.2        0.         0.08333334 0.30769232 0.00144264
 0.0325641  0.69068384 0.         0.3       ]
2026-09-23 22:32:58,529 - RLController - INFO - DIAGNOSTIC - Raw model action output:
2026-09-23 22:32:58,529 - RLController - INFO -   Action hash: 6092271325531322791
2026-09-23 22:32:58,529 - RLController - INFO -   First 8 values: [ -6.651501 -10.       -10.       -10.       -10.       -10.
 -10.       -10.      ]
2026-09-23 22:32:58,529 - RLController - INFO -   Last 8 values: [-10.        -10.        -10.        -10.        -10.          1.3731384
 -10.        -10.       ]
2026-09-23 22:32:58,529 - RLController - INFO -   Action shape: (136,), min: -10.000000, max: 5.529825, mean: -9.218394
2026-09-23 22:32:58,530 - RLController - INFO -   B0 junction (indices 16-19) raw values: [ -9.501927 -10.       -10.       -10.      ]
2026-09-23 22:32:58,530 - RLController - INFO - Using CONTINUOUS DURATION-BASED mode
2026-09-23 22:32:58,530 - RLController - INFO -   Example: junction A0 -> durations [54, 12, 12, 12] (total: 90s)
2026-09-23 22:32:58,530 - RLController - INFO -   Example: junction A1 -> durations [24, 22, 22, 22] (total: 90s)
2026-09-23 22:32:58,530 - RLController - INFO -   Example: junction A2 -> durations [11, 11, 57, 11] (total: 90s)
2026-09-23 22:32:58,530 - RLController - INFO -   Example: junction A4 -> durations [60, 10, 10, 10] (total: 90s)
2026-09-23 22:32:58,531 - RLController - INFO -   Example: junction A5 -> durations [27, 21, 21, 21] (total: 90s)
2026-09-23 22:32:58,531 - RLController - INFO -   Example: junction B0 -> durations [24, 22, 22, 22] (total: 90s)
2026-09-23 22:32:58,531 - RLController - INFO -   Example: junction B1 -> durations [20, 30, 20, 20] (total: 90s)
2026-09-23 22:32:58,531 - RLController - INFO -   Example: junction B2 -> durations [24, 22, 22, 22] (total: 90s)
2026-09-23 22:32:58,531 - RLController - INFO -   Example: junction B4 -> durations [24, 22, 22, 22] (total: 90s)
2026-09-23 22:32:58,531 - RLController - INFO -   Example: junction B5 -> durations [60, 10, 10, 10] (total: 90s)
2026-09-23 22:32:58,531 - RLController - INFO -   Example: junction C0 -> durations [20, 20, 30, 20] (total: 90s)
2026-09-23 22:32:58,532 - RLController - INFO -   Example: junction C1 -> durations [24, 22, 22, 22] (total: 90s)
2026-09-23 22:32:58,532 - RLController - INFO -   Example: junction C2 -> durations [58, 12, 10, 10] (total: 90s)
2026-09-23 22:32:58,532 - RLController - INFO -   Example: junction C3 -> durations [60, 10, 10, 10] (total: 90s)
2026-09-23 22:32:58,532 - RLController - INFO -   Example: junction C4 -> durations [57, 11, 11, 11] (total: 90s)
2026-09-23 22:32:58,532 - RLController - INFO -   Example: junction C5 -> durations [57, 11, 11, 11] (total: 90s)
2026-09-23 22:32:58,532 - RLController - INFO -   Example: junction D0 -> durations [24, 22, 22, 22] (total: 90s)
2026-09-23 22:32:58,532 - RLController - INFO -   Example: junction D1 -> durations [19, 19, 33, 19] (total: 90s)
2026-09-23 22:32:58,532 - RLController - INFO -   Example: junction D2 -> durations [45, 15, 15, 15] (total: 90s)
2026-09-23 22:32:58,533 - RLController - INFO -   Example: junction D3 -> durations [24, 22, 22, 22] (total: 90s)
2026-09-23 22:32:58,533 - RLController - INFO -   Example: junction D4 -> durations [24, 22, 22, 22] (total: 90s)
2026-09-23 22:32:58,533 - RLController - INFO -   Example: junction D5 -> durations [12, 12, 54, 12] (total: 90s)
2026-09-23 22:32:58,533 - RLController - INFO -   Example: junction E0 -> durations [24, 22, 22, 22] (total: 90s)
2026-09-23 22:32:58,533 - RLController - INFO -   Example: junction E1 -> durations [22, 22, 24, 22] (total: 90s)
2026-09-23 22:32:58,534 - RLController - INFO -   Stored schedules for 34 junctions, cycle starts at step 450
2026-09-23 22:32:59,966 - RLController - INFO - DIAGNOSTIC Step 540 - Observation stats:
2026-09-23 22:32:59,967 - RLController - INFO -   Hash: 6011347878300346914, Min: 0.000000, Max: 1.000000, Mean: 0.364798, Std: 0.433810
2026-09-23 22:32:59,967 - RLController - INFO -   First 10: [1.  0.  0.  0.  0.  0.5 1.  0.  0.  0. ]
2026-09-23 22:32:59,967 - RLController - INFO -   Last 10: [0.         0.2        0.         0.08333334 0.30341882 0.00196133
 0.03547009 0.70258105 0.         0.3       ]
2026-09-23 22:32:59,971 - RLController - INFO - DIAGNOSTIC - Raw model action output:
2026-09-23 22:32:59,972 - RLController - INFO -   Action hash: 8510259237703419345
2026-09-23 22:32:59,972 - RLController - INFO -   First 8 values: [ -6.96027 -10.      -10.      -10.      -10.      -10.      -10.
 -10.     ]
2026-09-23 22:32:59,972 - RLController - INFO -   Last 8 values: [-10.        -10.        -10.        -10.        -10.          0.7329696
 -10.        -10.       ]
2026-09-23 22:32:59,972 - RLController - INFO -   Action shape: (136,), min: -10.000000, max: 5.351626, mean: -9.220785
2026-09-23 22:32:59,972 - RLController - INFO -   B0 junction (indices 16-19) raw values: [ -9.677841 -10.       -10.       -10.      ]
2026-09-23 22:32:59,972 - RLController - INFO - Using CONTINUOUS DURATION-BASED mode
2026-09-23 22:32:59,973 - RLController - INFO -   Example: junction A0 -> durations [54, 12, 12, 12] (total: 90s)
2026-09-23 22:32:59,973 - RLController - INFO -   Example: junction A1 -> durations [24, 22, 22, 22] (total: 90s)
2026-09-23 22:32:59,973 - RLController - INFO -   Example: junction A2 -> durations [11, 11, 57, 11] (total: 90s)
2026-09-23 22:32:59,973 - RLController - INFO -   Example: junction A4 -> durations [60, 10, 10, 10] (total: 90s)
2026-09-23 22:32:59,973 - RLController - INFO -   Example: junction A5 -> durations [27, 21, 21, 21] (total: 90s)
2026-09-23 22:32:59,973 - RLController - INFO -   Example: junction B0 -> durations [24, 22, 22, 22] (total: 90s)
2026-09-23 22:32:59,973 - RLController - INFO -   Example: junction B1 -> durations [20, 30, 20, 20] (total: 90s)
2026-09-23 22:32:59,974 - RLController - INFO -   Example: junction B2 -> durations [24, 22, 22, 22] (total: 90s)
2026-09-23 22:32:59,974 - RLController - INFO -   Example: junction B4 -> durations [24, 22, 22, 22] (total: 90s)
2026-09-23 22:32:59,974 - RLController - INFO -   Example: junction B5 -> durations [60, 10, 10, 10] (total: 90s)
2026-09-23 22:32:59,974 - RLController - INFO -   Example: junction C0 -> durations [20, 20, 30, 20] (total: 90s)
2026-09-23 22:32:59,974 - RLController - INFO -   Example: junction C1 -> durations [24, 22, 22, 22] (total: 90s)
2026-09-23 22:32:59,974 - RLController - INFO -   Example: junction C2 -> durations [58, 12, 10, 10] (total: 90s)
2026-09-23 22:32:59,974 - RLController - INFO -   Example: junction C3 -> durations [60, 10, 10, 10] (total: 90s)
2026-09-23 22:32:59,974 - RLController - INFO -   Example: junction C4 -> durations [60, 10, 10, 10] (total: 90s)
2026-09-23 22:32:59,974 - RLController - INFO -   Example: junction C5 -> durations [57, 11, 11, 11] (total: 90s)
2026-09-23 22:32:59,975 - RLController - INFO -   Example: junction D0 -> durations [24, 22, 22, 22] (total: 90s)
2026-09-23 22:32:59,975 - RLController - INFO -   Example: junction D1 -> durations [18, 18, 36, 18] (total: 90s)
2026-09-23 22:32:59,975 - RLController - INFO -   Example: junction D2 -> durations [45, 15, 15, 15] (total: 90s)
2026-09-23 22:32:59,975 - RLController - INFO -   Example: junction D3 -> durations [24, 22, 22, 22] (total: 90s)
2026-09-23 22:32:59,975 - RLController - INFO -   Example: junction D4 -> durations [24, 22, 22, 22] (total: 90s)
2026-09-23 22:32:59,975 - RLController - INFO -   Example: junction D5 -> durations [12, 12, 54, 12] (total: 90s)
2026-09-23 22:32:59,975 - RLController - INFO -   Example: junction E0 -> durations [24, 22, 22, 22] (total: 90s)
2026-09-23 22:32:59,975 - RLController - INFO -   Example: junction E1 -> durations [24, 22, 22, 22] (total: 90s)
2026-09-23 22:32:59,976 - RLController - INFO -   Stored schedules for 34 junctions, cycle starts at step 540
2026-09-23 22:33:01,593 - RLController - INFO - DIAGNOSTIC Step 630 - Observation stats:
2026-09-23 22:33:01,593 - RLController - INFO -   Hash: -2800844144151027889, Min: 0.000000, Max: 1.000000, Mean: 0.372228, Std: 0.438155
2026-09-23 22:33:01,593 - RLController - INFO -   First 10: [1.  0.  0.  0.  0.  0.5 1.  0.  0.  0. ]
2026-09-23 22:33:01,594 - RLController - INFO -   Last 10: [0.         0.2        0.         0.08333334 0.32264957 0.00152979
 0.03807692 0.6749252  0.         0.3       ]
2026-09-23 22:33:01,597 - RLController - INFO - DIAGNOSTIC - Raw model action output:
2026-09-23 22:33:01,597 - RLController - INFO -   Action hash: -7487636162840107834
2026-09-23 22:33:01,597 - RLController - INFO -   First 8 values: [ -7.2843623 -10.        -10.        -10.        -10.        -10.
 -10.        -10.       ]
2026-09-23 22:33:01,597 - RLController - INFO -   Last 8 values: [-10.       -10.       -10.       -10.       -10.         0.407563
 -10.       -10.      ]
2026-09-23 22:33:01,598 - RLController - INFO -   Action shape: (136,), min: -10.000000, max: 5.237299, mean: -9.246560
2026-09-23 22:33:01,598 - RLController - INFO -   B0 junction (indices 16-19) raw values: [ -9.961667 -10.       -10.       -10.      ]
2026-09-23 22:33:01,598 - RLController - INFO - Using CONTINUOUS DURATION-BASED mode
2026-09-23 22:33:01,598 - RLController - INFO -   Example: junction A0 -> durations [51, 13, 13, 13] (total: 90s)
2026-09-23 22:33:01,598 - RLController - INFO -   Example: junction A1 -> durations [24, 22, 22, 22] (total: 90s)
2026-09-23 22:33:01,598 - RLController - INFO -   Example: junction A2 -> durations [11, 11, 57, 11] (total: 90s)
2026-09-23 22:33:01,598 - RLController - INFO -   Example: junction A4 -> durations [60, 10, 10, 10] (total: 90s)
2026-09-23 22:33:01,599 - RLController - INFO -   Example: junction A5 -> durations [24, 22, 22, 22] (total: 90s)
2026-09-23 22:33:01,599 - RLController - INFO -   Example: junction B0 -> durations [24, 22, 22, 22] (total: 90s)
2026-09-23 22:33:01,599 - RLController - INFO -   Example: junction B1 -> durations [21, 27, 21, 21] (total: 90s)
2026-09-23 22:33:01,599 - RLController - INFO -   Example: junction B2 -> durations [24, 22, 22, 22] (total: 90s)
2026-09-23 22:33:01,599 - RLController - INFO -   Example: junction B4 -> durations [24, 22, 22, 22] (total: 90s)
2026-09-23 22:33:01,599 - RLController - INFO -   Example: junction B5 -> durations [60, 10, 10, 10] (total: 90s)
2026-09-23 22:33:01,599 - RLController - INFO -   Example: junction C0 -> durations [20, 20, 30, 20] (total: 90s)
2026-09-23 22:33:01,599 - RLController - INFO -   Example: junction C1 -> durations [24, 22, 22, 22] (total: 90s)
2026-09-23 22:33:01,600 - RLController - INFO -   Example: junction C2 -> durations [58, 12, 10, 10] (total: 90s)
2026-09-23 22:33:01,600 - RLController - INFO -   Example: junction C3 -> durations [57, 11, 11, 11] (total: 90s)
2026-09-23 22:33:01,600 - RLController - INFO -   Example: junction C4 -> durations [57, 11, 11, 11] (total: 90s)
2026-09-23 22:33:01,600 - RLController - INFO -   Example: junction C5 -> durations [57, 11, 11, 11] (total: 90s)
2026-09-23 22:33:01,600 - RLController - INFO -   Example: junction D0 -> durations [24, 22, 22, 22] (total: 90s)
2026-09-23 22:33:01,600 - RLController - INFO -   Example: junction D1 -> durations [19, 19, 33, 19] (total: 90s)
2026-09-23 22:33:01,601 - RLController - INFO -   Example: junction D2 -> durations [45, 15, 15, 15] (total: 90s)
2026-09-23 22:33:01,601 - RLController - INFO -   Example: junction D3 -> durations [24, 22, 22, 22] (total: 90s)
2026-09-23 22:33:01,601 - RLController - INFO -   Example: junction D4 -> durations [24, 22, 22, 22] (total: 90s)
2026-09-23 22:33:01,601 - RLController - INFO -   Example: junction D5 -> durations [13, 13, 51, 13] (total: 90s)
2026-09-23 22:33:01,601 - RLController - INFO -   Example: junction E0 -> durations [24, 22, 22, 22] (total: 90s)
2026-09-23 22:33:01,601 - RLController - INFO -   Example: junction E1 -> durations [24, 22, 22, 22] (total: 90s)
2026-09-23 22:33:01,602 - RLController - INFO -   Stored schedules for 34 junctions, cycle starts at step 630
2026-09-23 22:33:03,110 - RLController - INFO - DIAGNOSTIC Step 720 - Observation stats:
2026-09-23 22:33:03,111 - RLController - INFO -   Hash: -8104866171073714136, Min: 0.000000, Max: 1.000000, Mean: 0.371258, Std: 0.437532
2026-09-23 22:33:03,111 - RLController - INFO -   First 10: [1.  0.  0.  0.  0.  0.5 1.  0.  0.  0. ]
2026-09-23 22:33:03,111 - RLController - INFO -   Last 10: [0.         0.2        0.         0.08333334 0.31837606 0.0019734
 0.04004274 0.67960477 0.         0.3       ]
2026-09-23 22:33:03,114 - RLController - INFO - DIAGNOSTIC - Raw model action output:
2026-09-23 22:33:03,114 - RLController - INFO -   Action hash: 1555032077806362652
2026-09-23 22:33:03,114 - RLController - INFO -   First 8 values: [ -7.0507674 -10.        -10.        -10.        -10.        -10.
 -10.        -10.       ]
2026-09-23 22:33:03,115 - RLController - INFO -   Last 8 values: [-10.       -10.       -10.       -10.       -10.         0.626797
 -10.       -10.      ]
2026-09-23 22:33:03,115 - RLController - INFO -   Action shape: (136,), min: -10.000000, max: 5.695594, mean: -9.209053
2026-09-23 22:33:03,115 - RLController - INFO -   B0 junction (indices 16-19) raw values: [ -9.325227 -10.       -10.       -10.      ]
2026-09-23 22:33:03,115 - RLController - INFO - Using CONTINUOUS DURATION-BASED mode
2026-09-23 22:33:03,115 - RLController - INFO -   Example: junction A0 -> durations [54, 12, 12, 12] (total: 90s)
2026-09-23 22:33:03,115 - RLController - INFO -   Example: junction A1 -> durations [24, 22, 22, 22] (total: 90s)
2026-09-23 22:33:03,115 - RLController - INFO -   Example: junction A2 -> durations [11, 11, 57, 11] (total: 90s)
2026-09-23 22:33:03,116 - RLController - INFO -   Example: junction A4 -> durations [60, 10, 10, 10] (total: 90s)
2026-09-23 22:33:03,116 - RLController - INFO -   Example: junction A5 -> durations [30, 20, 20, 20] (total: 90s)
2026-09-23 22:33:03,116 - RLController - INFO -   Example: junction B0 -> durations [24, 22, 22, 22] (total: 90s)
2026-09-23 22:33:03,116 - RLController - INFO -   Example: junction B1 -> durations [20, 30, 20, 20] (total: 90s)
2026-09-23 22:33:03,116 - RLController - INFO -   Example: junction B2 -> durations [24, 22, 22, 22] (total: 90s)
2026-09-23 22:33:03,116 - RLController - INFO -   Example: junction B4 -> durations [24, 22, 22, 22] (total: 90s)
2026-09-23 22:33:03,116 - RLController - INFO -   Example: junction B5 -> durations [60, 10, 10, 10] (total: 90s)
2026-09-23 22:33:03,116 - RLController - INFO -   Example: junction C0 -> durations [20, 20, 30, 20] (total: 90s)
2026-09-23 22:33:03,117 - RLController - INFO -   Example: junction C1 -> durations [24, 22, 22, 22] (total: 90s)
2026-09-23 22:33:03,117 - RLController - INFO -   Example: junction C2 -> durations [59, 11, 10, 10] (total: 90s)
2026-09-23 22:33:03,117 - RLController - INFO -   Example: junction C3 -> durations [60, 10, 10, 10] (total: 90s)
2026-09-23 22:33:03,117 - RLController - INFO -   Example: junction C4 -> durations [59, 10, 11, 10] (total: 90s)
2026-09-23 22:33:03,117 - RLController - INFO -   Example: junction C5 -> durations [57, 11, 11, 11] (total: 90s)
2026-09-23 22:33:03,117 - RLController - INFO -   Example: junction D0 -> durations [24, 22, 22, 22] (total: 90s)
2026-09-23 22:33:03,117 - RLController - INFO -   Example: junction D1 -> durations [18, 18, 36, 18] (total: 90s)
2026-09-23 22:33:03,117 - RLController - INFO -   Example: junction D2 -> durations [45, 15, 15, 15] (total: 90s)
2026-09-23 22:33:03,117 - RLController - INFO -   Example: junction D3 -> durations [24, 22, 22, 22] (total: 90s)
2026-09-23 22:33:03,118 - RLController - INFO -   Example: junction D4 -> durations [24, 22, 22, 22] (total: 90s)
2026-09-23 22:33:03,118 - RLController - INFO -   Example: junction D5 -> durations [12, 12, 54, 12] (total: 90s)
2026-09-23 22:33:03,118 - RLController - INFO -   Example: junction E0 -> durations [24, 22, 22, 22] (total: 90s)
2026-09-23 22:33:03,118 - RLController - INFO -   Example: junction E1 -> durations [22, 22, 24, 22] (total: 90s)
2026-09-23 22:33:03,119 - RLController - INFO -   Stored schedules for 34 junctions, cycle starts at step 720
2026-09-23 22:33:04,829 - RLController - INFO - DIAGNOSTIC Step 810 - Observation stats:
2026-09-23 22:33:04,830 - RLController - INFO -   Hash: -3201058303441487088, Min: 0.000000, Max: 1.000000, Mean: 0.371876, Std: 0.438375
2026-09-23 22:33:04,830 - RLController - INFO -   First 10: [1.  0.  0.  0.  0.  0.5 1.  0.  0.  0. ]
2026-09-23 22:33:04,831 - RLController - INFO -   Last 10: [0.         0.2        0.         0.08333334 0.33547008 0.00271457
 0.04205128 0.6746074  0.         0.3       ]
2026-09-23 22:33:04,835 - RLController - INFO - DIAGNOSTIC - Raw model action output:
2026-09-23 22:33:04,835 - RLController - INFO -   Action hash: -4977917686688207442
2026-09-23 22:33:04,835 - RLController - INFO -   First 8 values: [ -6.8014674 -10.        -10.        -10.        -10.        -10.
 -10.        -10.       ]
2026-09-23 22:33:04,835 - RLController - INFO -   Last 8 values: [-10.       -10.       -10.       -10.       -10.        -0.298485
 -10.       -10.      ]
2026-09-23 22:33:04,835 - RLController - INFO -   Action shape: (136,), min: -10.000000, max: 5.469765, mean: -9.212655
2026-09-23 22:33:04,836 - RLController - INFO -   B0 junction (indices 16-19) raw values: [ -9.488619 -10.       -10.       -10.      ]
2026-09-23 22:33:04,836 - RLController - INFO - Using CONTINUOUS DURATION-BASED mode
2026-09-23 22:33:04,836 - RLController - INFO -   Example: junction A0 -> durations [54, 12, 12, 12] (total: 90s)
2026-09-23 22:33:04,836 - RLController - INFO -   Example: junction A1 -> durations [24, 22, 22, 22] (total: 90s)
2026-09-23 22:33:04,836 - RLController - INFO -   Example: junction A2 -> durations [11, 11, 57, 11] (total: 90s)
2026-09-23 22:33:04,836 - RLController - INFO -   Example: junction A4 -> durations [60, 10, 10, 10] (total: 90s)
2026-09-23 22:33:04,836 - RLController - INFO -   Example: junction A5 -> durations [27, 21, 21, 21] (total: 90s)
2026-09-23 22:33:04,837 - RLController - INFO -   Example: junction B0 -> durations [24, 22, 22, 22] (total: 90s)
2026-09-23 22:33:04,837 - RLController - INFO -   Example: junction B1 -> durations [19, 33, 19, 19] (total: 90s)
2026-09-23 22:33:04,837 - RLController - INFO -   Example: junction B2 -> durations [24, 22, 22, 22] (total: 90s)
2026-09-23 22:33:04,837 - RLController - INFO -   Example: junction B4 -> durations [24, 22, 22, 22] (total: 90s)
2026-09-23 22:33:04,837 - RLController - INFO -   Example: junction B5 -> durations [60, 10, 10, 10] (total: 90s)
2026-09-23 22:33:04,837 - RLController - INFO -   Example: junction C0 -> durations [21, 21, 27, 21] (total: 90s)
2026-09-23 22:33:04,837 - RLController - INFO -   Example: junction C1 -> durations [24, 22, 22, 22] (total: 90s)
2026-09-23 22:33:04,837 - RLController - INFO -   Example: junction C2 -> durations [58, 12, 10, 10] (total: 90s)
2026-09-23 22:33:04,837 - RLController - INFO -   Example: junction C3 -> durations [60, 10, 10, 10] (total: 90s)
2026-09-23 22:33:04,838 - RLController - INFO -   Example: junction C4 -> durations [59, 10, 11, 10] (total: 90s)
2026-09-23 22:33:04,838 - RLController - INFO -   Example: junction C5 -> durations [57, 11, 11, 11] (total: 90s)
2026-09-23 22:33:04,838 - RLController - INFO -   Example: junction D0 -> durations [24, 22, 22, 22] (total: 90s)
2026-09-23 22:33:04,838 - RLController - INFO -   Example: junction D1 -> durations [19, 19, 33, 19] (total: 90s)
2026-09-23 22:33:04,838 - RLController - INFO -   Example: junction D2 -> durations [48, 14, 14, 14] (total: 90s)
2026-09-23 22:33:04,838 - RLController - INFO -   Example: junction D3 -> durations [24, 22, 22, 22] (total: 90s)
2026-09-23 22:33:04,838 - RLController - INFO -   Example: junction D4 -> durations [24, 22, 22, 22] (total: 90s)
2026-09-23 22:33:04,838 - RLController - INFO -   Example: junction D5 -> durations [12, 12, 54, 12] (total: 90s)
2026-09-23 22:33:04,839 - RLController - INFO -   Example: junction E0 -> durations [24, 22, 22, 22] (total: 90s)
2026-09-23 22:33:04,839 - RLController - INFO -   Example: junction E1 -> durations [24, 22, 22, 22] (total: 90s)
2026-09-23 22:33:04,839 - RLController - INFO -   Stored schedules for 34 junctions, cycle starts at step 810
2026-09-23 22:33:06,539 - RLController - INFO - DIAGNOSTIC Step 900 - Observation stats:
2026-09-23 22:33:06,540 - RLController - INFO -   Hash: 2586716685672130235, Min: 0.000000, Max: 1.000000, Mean: 0.381003, Std: 0.440973
2026-09-23 22:33:06,540 - RLController - INFO -   First 10: [1.  0.  0.  0.  0.  0.5 1.  0.  0.  0. ]
2026-09-23 22:33:06,540 - RLController - INFO -   Last 10: [0.         0.2        0.         0.08333334 0.36324787 0.00264941
 0.0442735  0.6470663  0.         0.3       ]
2026-09-23 22:33:06,544 - RLController - INFO - DIAGNOSTIC - Raw model action output:
2026-09-23 22:33:06,544 - RLController - INFO -   Action hash: -7345516871721581580
2026-09-23 22:33:06,544 - RLController - INFO -   First 8 values: [ -6.919152 -10.       -10.       -10.       -10.       -10.
 -10.       -10.      ]
2026-09-23 22:33:06,544 - RLController - INFO -   Last 8 values: [-10.         -10.         -10.         -10.         -10.
   0.84918505 -10.         -10.        ]
2026-09-23 22:33:06,544 - RLController - INFO -   Action shape: (136,), min: -10.000000, max: 4.886262, mean: -9.215075
2026-09-23 22:33:06,545 - RLController - INFO -   B0 junction (indices 16-19) raw values: [ -9.857517 -10.       -10.       -10.      ]
2026-09-23 22:33:06,545 - RLController - INFO - Using CONTINUOUS DURATION-BASED mode
2026-09-23 22:33:06,545 - RLController - INFO -   Example: junction A0 -> durations [54, 12, 12, 12] (total: 90s)
2026-09-23 22:33:06,545 - RLController - INFO -   Example: junction A1 -> durations [24, 22, 22, 22] (total: 90s)
2026-09-23 22:33:06,545 - RLController - INFO -   Example: junction A2 -> durations [11, 11, 57, 11] (total: 90s)
2026-09-23 22:33:06,545 - RLController - INFO -   Example: junction A4 -> durations [60, 10, 10, 10] (total: 90s)
2026-09-23 22:33:06,545 - RLController - INFO -   Example: junction A5 -> durations [24, 22, 22, 22] (total: 90s)
2026-09-23 22:33:06,546 - RLController - INFO -   Example: junction B0 -> durations [24, 22, 22, 22] (total: 90s)
2026-09-23 22:33:06,546 - RLController - INFO -   Example: junction B1 -> durations [18, 36, 18, 18] (total: 90s)
2026-09-23 22:33:06,546 - RLController - INFO -   Example: junction B2 -> durations [24, 22, 22, 22] (total: 90s)
2026-09-23 22:33:06,546 - RLController - INFO -   Example: junction B4 -> durations [24, 22, 22, 22] (total: 90s)
2026-09-23 22:33:06,546 - RLController - INFO -   Example: junction B5 -> durations [60, 10, 10, 10] (total: 90s)
2026-09-23 22:33:06,546 - RLController - INFO -   Example: junction C0 -> durations [21, 21, 27, 21] (total: 90s)
2026-09-23 22:33:06,547 - RLController - INFO -   Example: junction C1 -> durations [24, 22, 22, 22] (total: 90s)
2026-09-23 22:33:06,547 - RLController - INFO -   Example: junction C2 -> durations [56, 14, 10, 10] (total: 90s)
2026-09-23 22:33:06,547 - RLController - INFO -   Example: junction C3 -> durations [60, 10, 10, 10] (total: 90s)
2026-09-23 22:33:06,547 - RLController - INFO -   Example: junction C4 -> durations [57, 11, 11, 11] (total: 90s)
2026-09-23 22:33:06,547 - RLController - INFO -   Example: junction C5 -> durations [57, 11, 11, 11] (total: 90s)
2026-09-23 22:33:06,547 - RLController - INFO -   Example: junction D0 -> durations [24, 22, 22, 22] (total: 90s)
2026-09-23 22:33:06,547 - RLController - INFO -   Example: junction D1 -> durations [19, 19, 33, 19] (total: 90s)
2026-09-23 22:33:06,548 - RLController - INFO -   Example: junction D2 -> durations [45, 15, 15, 15] (total: 90s)
2026-09-23 22:33:06,548 - RLController - INFO -   Example: junction D3 -> durations [24, 22, 22, 22] (total: 90s)
2026-09-23 22:33:06,548 - RLController - INFO -   Example: junction D4 -> durations [24, 22, 22, 22] (total: 90s)
2026-09-23 22:33:06,548 - RLController - INFO -   Example: junction D5 -> durations [13, 13, 51, 13] (total: 90s)
2026-09-23 22:33:06,548 - RLController - INFO -   Example: junction E0 -> durations [24, 22, 22, 22] (total: 90s)
2026-09-23 22:33:06,548 - RLController - INFO -   Example: junction E1 -> durations [22, 22, 24, 22] (total: 90s)
2026-09-23 22:33:06,549 - RLController - INFO -   Stored schedules for 34 junctions, cycle starts at step 900
2026-09-23 22:33:08,557 - RLController - INFO - DIAGNOSTIC Step 990 - Observation stats:
2026-09-23 22:33:08,557 - RLController - INFO -   Hash: -8851518761712584699, Min: 0.000000, Max: 1.000000, Mean: 0.383330, Std: 0.443100
2026-09-23 22:33:08,557 - RLController - INFO -   First 10: [1.  0.  0.  0.  0.  0.5 1.  0.  0.  0. ]
2026-09-23 22:33:08,558 - RLController - INFO -   Last 10: [0.         0.2        0.         0.08333334 0.35470086 0.00205162
 0.0474359  0.64756966 0.         0.3       ]
2026-09-23 22:33:08,562 - RLController - INFO - DIAGNOSTIC - Raw model action output:
2026-09-23 22:33:08,563 - RLController - INFO -   Action hash: 2972035101653864793
2026-09-23 22:33:08,563 - RLController - INFO -   First 8 values: [ -6.834432 -10.       -10.       -10.       -10.       -10.
 -10.       -10.      ]
2026-09-23 22:33:08,563 - RLController - INFO -   Last 8 values: [-10.         -10.         -10.         -10.         -10.
  -0.29570362 -10.         -10.        ]
2026-09-23 22:33:08,563 - RLController - INFO -   Action shape: (136,), min: -10.000000, max: 5.183466, mean: -9.216603
2026-09-23 22:33:08,563 - RLController - INFO -   B0 junction (indices 16-19) raw values: [ -9.561883 -10.       -10.       -10.      ]
2026-09-23 22:33:08,563 - RLController - INFO - Using CONTINUOUS DURATION-BASED mode
2026-09-23 22:33:08,564 - RLController - INFO -   Example: junction A0 -> durations [54, 12, 12, 12] (total: 90s)
2026-09-23 22:33:08,564 - RLController - INFO -   Example: junction A1 -> durations [24, 22, 22, 22] (total: 90s)
2026-09-23 22:33:08,564 - RLController - INFO -   Example: junction A2 -> durations [11, 11, 57, 11] (total: 90s)
2026-09-23 22:33:08,564 - RLController - INFO -   Example: junction A4 -> durations [60, 10, 10, 10] (total: 90s)
2026-09-23 22:33:08,564 - RLController - INFO -   Example: junction A5 -> durations [27, 21, 21, 21] (total: 90s)
2026-09-23 22:33:08,564 - RLController - INFO -   Example: junction B0 -> durations [24, 22, 22, 22] (total: 90s)
2026-09-23 22:33:08,565 - RLController - INFO -   Example: junction B1 -> durations [19, 33, 19, 19] (total: 90s)
2026-09-23 22:33:08,565 - RLController - INFO -   Example: junction B2 -> durations [24, 22, 22, 22] (total: 90s)
2026-09-23 22:33:08,565 - RLController - INFO -   Example: junction B4 -> durations [24, 22, 22, 22] (total: 90s)
2026-09-23 22:33:08,565 - RLController - INFO -   Example: junction B5 -> durations [60, 10, 10, 10] (total: 90s)
2026-09-23 22:33:08,565 - RLController - INFO -   Example: junction C0 -> durations [19, 19, 33, 19] (total: 90s)
2026-09-23 22:33:08,565 - RLController - INFO -   Example: junction C1 -> durations [24, 22, 22, 22] (total: 90s)
2026-09-23 22:33:08,565 - RLController - INFO -   Example: junction C2 -> durations [57, 13, 10, 10] (total: 90s)
2026-09-23 22:33:08,565 - RLController - INFO -   Example: junction C3 -> durations [60, 10, 10, 10] (total: 90s)
2026-09-23 22:33:08,566 - RLController - INFO -   Example: junction C4 -> durations [57, 11, 11, 11] (total: 90s)
2026-09-23 22:33:08,566 - RLController - INFO -   Example: junction C5 -> durations [57, 11, 11, 11] (total: 90s)
2026-09-23 22:33:08,566 - RLController - INFO -   Example: junction D0 -> durations [24, 22, 22, 22] (total: 90s)
2026-09-23 22:33:08,566 - RLController - INFO -   Example: junction D1 -> durations [19, 19, 33, 19] (total: 90s)
2026-09-23 22:33:08,566 - RLController - INFO -   Example: junction D2 -> durations [45, 15, 15, 15] (total: 90s)
2026-09-23 22:33:08,566 - RLController - INFO -   Example: junction D3 -> durations [24, 22, 22, 22] (total: 90s)
2026-09-23 22:33:08,566 - RLController - INFO -   Example: junction D4 -> durations [24, 22, 22, 22] (total: 90s)
2026-09-23 22:33:08,566 - RLController - INFO -   Example: junction D5 -> durations [12, 12, 54, 12] (total: 90s)
2026-09-23 22:33:08,566 - RLController - INFO -   Example: junction E0 -> durations [24, 22, 22, 22] (total: 90s)
2026-09-23 22:33:08,567 - RLController - INFO -   Example: junction E1 -> durations [24, 22, 22, 22] (total: 90s)
2026-09-23 22:33:08,567 - RLController - INFO -   Stored schedules for 34 junctions, cycle starts at step 990
2026-09-23 22:33:10,470 - RLController - INFO - DIAGNOSTIC Step 1080 - Observation stats:
2026-09-23 22:33:10,470 - RLController - INFO -   Hash: 1876035690139690494, Min: 0.000000, Max: 1.000000, Mean: 0.387035, Std: 0.442471
2026-09-23 22:33:10,471 - RLController - INFO -   First 10: [1.  0.  0.  0.  0.  0.5 1.  0.  0.  0. ]
2026-09-23 22:33:10,471 - RLController - INFO -   Last 10: [0.         0.2        0.         0.08333334 0.36752138 0.00252599
 0.04863248 0.6403144  0.         0.3       ]
2026-09-23 22:33:10,475 - RLController - INFO - DIAGNOSTIC - Raw model action output:
2026-09-23 22:33:10,475 - RLController - INFO -   Action hash: 8077679655849597973
2026-09-23 22:33:10,475 - RLController - INFO -   First 8 values: [ -6.9406896 -10.        -10.        -10.        -10.        -10.
 -10.        -10.       ]
2026-09-23 22:33:10,476 - RLController - INFO -   Last 8 values: [-10.        -10.        -10.        -10.        -10.         -0.2575135
 -10.        -10.       ]
2026-09-23 22:33:10,476 - RLController - INFO -   Action shape: (136,), min: -10.000000, max: 4.493181, mean: -9.222427
2026-09-23 22:33:10,476 - RLController - INFO -   B0 junction (indices 16-19) raw values: [ -9.537143 -10.       -10.       -10.      ]
2026-09-23 22:33:10,476 - RLController - INFO - Using CONTINUOUS DURATION-BASED mode
2026-09-23 22:33:10,476 - RLController - INFO -   Example: junction A0 -> durations [54, 12, 12, 12] (total: 90s)
2026-09-23 22:33:10,476 - RLController - INFO -   Example: junction A1 -> durations [24, 22, 22, 22] (total: 90s)
2026-09-23 22:33:10,476 - RLController - INFO -   Example: junction A2 -> durations [11, 11, 57, 11] (total: 90s)
2026-09-23 22:33:10,477 - RLController - INFO -   Example: junction A4 -> durations [60, 10, 10, 10] (total: 90s)
2026-09-23 22:33:10,477 - RLController - INFO -   Example: junction A5 -> durations [27, 21, 21, 21] (total: 90s)
2026-09-23 22:33:10,477 - RLController - INFO -   Example: junction B0 -> durations [24, 22, 22, 22] (total: 90s)
2026-09-23 22:33:10,477 - RLController - INFO -   Example: junction B1 -> durations [21, 27, 21, 21] (total: 90s)
2026-09-23 22:33:10,477 - RLController - INFO -   Example: junction B2 -> durations [24, 22, 22, 22] (total: 90s)
2026-09-23 22:33:10,477 - RLController - INFO -   Example: junction B4 -> durations [24, 22, 22, 22] (total: 90s)
2026-09-23 22:33:10,477 - RLController - INFO -   Example: junction B5 -> durations [60, 10, 10, 10] (total: 90s)
2026-09-23 22:33:10,477 - RLController - INFO -   Example: junction C0 -> durations [20, 20, 30, 20] (total: 90s)
2026-09-23 22:33:10,477 - RLController - INFO -   Example: junction C1 -> durations [24, 22, 22, 22] (total: 90s)
2026-09-23 22:33:10,478 - RLController - INFO -   Example: junction C2 -> durations [58, 12, 10, 10] (total: 90s)
2026-09-23 22:33:10,478 - RLController - INFO -   Example: junction C3 -> durations [60, 10, 10, 10] (total: 90s)
2026-09-23 22:33:10,478 - RLController - INFO -   Example: junction C4 -> durations [60, 10, 10, 10] (total: 90s)
2026-09-23 22:33:10,478 - RLController - INFO -   Example: junction C5 -> durations [57, 11, 11, 11] (total: 90s)
2026-09-23 22:33:10,478 - RLController - INFO -   Example: junction D0 -> durations [22, 22, 24, 22] (total: 90s)
2026-09-23 22:33:10,478 - RLController - INFO -   Example: junction D1 -> durations [19, 19, 33, 19] (total: 90s)
2026-09-23 22:33:10,478 - RLController - INFO -   Example: junction D2 -> durations [48, 14, 14, 14] (total: 90s)
2026-09-23 22:33:10,478 - RLController - INFO -   Example: junction D3 -> durations [24, 22, 22, 22] (total: 90s)
2026-09-23 22:33:10,479 - RLController - INFO -   Example: junction D4 -> durations [24, 22, 22, 22] (total: 90s)
2026-09-23 22:33:10,479 - RLController - INFO -   Example: junction D5 -> durations [13, 13, 51, 13] (total: 90s)
2026-09-23 22:33:10,479 - RLController - INFO -   Example: junction E0 -> durations [24, 22, 22, 22] (total: 90s)
2026-09-23 22:33:10,479 - RLController - INFO -   Example: junction E1 -> durations [24, 22, 22, 22] (total: 90s)
2026-09-23 22:33:10,479 - RLController - INFO -   Stored schedules for 34 junctions, cycle starts at step 1080
2026-09-23 22:33:12,374 - RLController - INFO - DIAGNOSTIC Step 1170 - Observation stats:
2026-09-23 22:33:12,376 - RLController - INFO -   Hash: -8809368370055761106, Min: 0.000000, Max: 1.000000, Mean: 0.385562, Std: 0.442674
2026-09-23 22:33:12,376 - RLController - INFO -   First 10: [1.  0.  0.  0.  0.  0.5 1.  0.  0.  0. ]
2026-09-23 22:33:12,376 - RLController - INFO -   Last 10: [0.         0.2        0.         0.08333334 0.37179488 0.00263567
 0.0507265  0.6351814  0.         0.3       ]
2026-09-23 22:33:12,380 - RLController - INFO - DIAGNOSTIC - Raw model action output:
2026-09-23 22:33:12,380 - RLController - INFO -   Action hash: 4102957286153659009
2026-09-23 22:33:12,381 - RLController - INFO -   First 8 values: [ -7.2337666 -10.        -10.        -10.        -10.        -10.
 -10.        -10.       ]
2026-09-23 22:33:12,381 - RLController - INFO -   Last 8 values: [-10.         -10.         -10.         -10.         -10.
  -0.22175093 -10.         -10.        ]
2026-09-23 22:33:12,381 - RLController - INFO -   Action shape: (136,), min: -10.000000, max: 5.494879, mean: -9.226460
2026-09-23 22:33:12,381 - RLController - INFO -   B0 junction (indices 16-19) raw values: [ -9.683942 -10.       -10.       -10.      ]
2026-09-23 22:33:12,381 - RLController - INFO - Using CONTINUOUS DURATION-BASED mode
2026-09-23 22:33:12,382 - RLController - INFO -   Example: junction A0 -> durations [51, 13, 13, 13] (total: 90s)
2026-09-23 22:33:12,382 - RLController - INFO -   Example: junction A1 -> durations [24, 22, 22, 22] (total: 90s)
2026-09-23 22:33:12,382 - RLController - INFO -   Example: junction A2 -> durations [11, 11, 57, 11] (total: 90s)
2026-09-23 22:33:12,382 - RLController - INFO -   Example: junction A4 -> durations [60, 10, 10, 10] (total: 90s)
2026-09-23 22:33:12,382 - RLController - INFO -   Example: junction A5 -> durations [27, 21, 21, 21] (total: 90s)
2026-09-23 22:33:12,382 - RLController - INFO -   Example: junction B0 -> durations [24, 22, 22, 22] (total: 90s)
2026-09-23 22:33:12,382 - RLController - INFO -   Example: junction B1 -> durations [21, 27, 21, 21] (total: 90s)
2026-09-23 22:33:12,382 - RLController - INFO -   Example: junction B2 -> durations [24, 22, 22, 22] (total: 90s)
2026-09-23 22:33:12,383 - RLController - INFO -   Example: junction B4 -> durations [24, 22, 22, 22] (total: 90s)
2026-09-23 22:33:12,383 - RLController - INFO -   Example: junction B5 -> durations [60, 10, 10, 10] (total: 90s)
2026-09-23 22:33:12,383 - RLController - INFO -   Example: junction C0 -> durations [21, 21, 27, 21] (total: 90s)
2026-09-23 22:33:12,383 - RLController - INFO -   Example: junction C1 -> durations [24, 22, 22, 22] (total: 90s)
2026-09-23 22:33:12,383 - RLController - INFO -   Example: junction C2 -> durations [58, 12, 10, 10] (total: 90s)
2026-09-23 22:33:12,383 - RLController - INFO -   Example: junction C3 -> durations [60, 10, 10, 10] (total: 90s)
2026-09-23 22:33:12,383 - RLController - INFO -   Example: junction C4 -> durations [57, 11, 11, 11] (total: 90s)
2026-09-23 22:33:12,383 - RLController - INFO -   Example: junction C5 -> durations [57, 11, 11, 11] (total: 90s)
2026-09-23 22:33:12,384 - RLController - INFO -   Example: junction D0 -> durations [24, 22, 22, 22] (total: 90s)
2026-09-23 22:33:12,384 - RLController - INFO -   Example: junction D1 -> durations [20, 20, 30, 20] (total: 90s)
2026-09-23 22:33:12,384 - RLController - INFO -   Example: junction D2 -> durations [48, 14, 14, 14] (total: 90s)
2026-09-23 22:33:12,384 - RLController - INFO -   Example: junction D3 -> durations [24, 22, 22, 22] (total: 90s)
2026-09-23 22:33:12,385 - RLController - INFO -   Example: junction D4 -> durations [24, 22, 22, 22] (total: 90s)
2026-09-23 22:33:12,385 - RLController - INFO -   Example: junction D5 -> durations [13, 13, 51, 13] (total: 90s)
2026-09-23 22:33:12,385 - RLController - INFO -   Example: junction E0 -> durations [24, 22, 22, 22] (total: 90s)
2026-09-23 22:33:12,385 - RLController - INFO -   Example: junction E1 -> durations [24, 22, 22, 22] (total: 90s)
2026-09-23 22:33:12,386 - RLController - INFO -   Stored schedules for 34 junctions, cycle starts at step 1170
2026-09-23 22:33:14,450 - RLController - INFO - DIAGNOSTIC Step 1260 - Observation stats:
2026-09-23 22:33:14,450 - RLController - INFO -   Hash: 4035241326833999495, Min: 0.000000, Max: 1.000000, Mean: 0.393324, Std: 0.444225
2026-09-23 22:33:14,451 - RLController - INFO -   First 10: [1.  0.  0.  0.  0.  0.5 1.  0.  0.  0. ]
2026-09-23 22:33:14,451 - RLController - INFO -   Last 10: [0.         0.2        0.         0.08333334 0.39957264 0.0033657
 0.05213675 0.6198567  0.         0.3       ]
2026-09-23 22:33:14,455 - RLController - INFO - DIAGNOSTIC - Raw model action output:
2026-09-23 22:33:14,455 - RLController - INFO -   Action hash: -4646831345777918688
2026-09-23 22:33:14,455 - RLController - INFO -   First 8 values: [ -7.2863 -10.     -10.     -10.     -10.     -10.     -10.     -10.    ]
2026-09-23 22:33:14,456 - RLController - INFO -   Last 8 values: [-10.         -10.         -10.         -10.         -10.
  -0.78967994 -10.         -10.        ]
2026-09-23 22:33:14,456 - RLController - INFO -   Action shape: (136,), min: -10.000000, max: 5.214696, mean: -9.226096
2026-09-23 22:33:14,456 - RLController - INFO -   B0 junction (indices 16-19) raw values: [ -9.4948635 -10.        -10.        -10.       ]
2026-09-23 22:33:14,456 - RLController - INFO - Using CONTINUOUS DURATION-BASED mode
2026-09-23 22:33:14,456 - RLController - INFO -   Example: junction A0 -> durations [51, 13, 13, 13] (total: 90s)
2026-09-23 22:33:14,457 - RLController - INFO -   Example: junction A1 -> durations [24, 22, 22, 22] (total: 90s)
2026-09-23 22:33:14,457 - RLController - INFO -   Example: junction A2 -> durations [11, 11, 57, 11] (total: 90s)
2026-09-23 22:33:14,457 - RLController - INFO -   Example: junction A4 -> durations [60, 10, 10, 10] (total: 90s)
2026-09-23 22:33:14,457 - RLController - INFO -   Example: junction A5 -> durations [27, 21, 21, 21] (total: 90s)
2026-09-23 22:33:14,457 - RLController - INFO -   Example: junction B0 -> durations [24, 22, 22, 22] (total: 90s)
2026-09-23 22:33:14,457 - RLController - INFO -   Example: junction B1 -> durations [22, 24, 22, 22] (total: 90s)
2026-09-23 22:33:14,457 - RLController - INFO -   Example: junction B2 -> durations [24, 22, 22, 22] (total: 90s)
2026-09-23 22:33:14,457 - RLController - INFO -   Example: junction B4 -> durations [24, 22, 22, 22] (total: 90s)
2026-09-23 22:33:14,458 - RLController - INFO -   Example: junction B5 -> durations [60, 10, 10, 10] (total: 90s)
2026-09-23 22:33:14,458 - RLController - INFO -   Example: junction C0 -> durations [20, 20, 30, 20] (total: 90s)
2026-09-23 22:33:14,458 - RLController - INFO -   Example: junction C1 -> durations [24, 22, 22, 22] (total: 90s)
2026-09-23 22:33:14,458 - RLController - INFO -   Example: junction C2 -> durations [58, 12, 10, 10] (total: 90s)
2026-09-23 22:33:14,458 - RLController - INFO -   Example: junction C3 -> durations [60, 10, 10, 10] (total: 90s)
2026-09-23 22:33:14,458 - RLController - INFO -   Example: junction C4 -> durations [60, 10, 10, 10] (total: 90s)
2026-09-23 22:33:14,458 - RLController - INFO -   Example: junction C5 -> durations [57, 11, 11, 11] (total: 90s)
2026-09-23 22:33:14,458 - RLController - INFO -   Example: junction D0 -> durations [24, 22, 22, 22] (total: 90s)
2026-09-23 22:33:14,459 - RLController - INFO -   Example: junction D1 -> durations [19, 19, 33, 19] (total: 90s)
2026-09-23 22:33:14,459 - RLController - INFO -   Example: junction D2 -> durations [48, 14, 14, 14] (total: 90s)
2026-09-23 22:33:14,459 - RLController - INFO -   Example: junction D3 -> durations [24, 22, 22, 22] (total: 90s)
2026-09-23 22:33:14,459 - RLController - INFO -   Example: junction D4 -> durations [24, 22, 22, 22] (total: 90s)
2026-09-23 22:33:14,459 - RLController - INFO -   Example: junction D5 -> durations [13, 13, 51, 13] (total: 90s)
2026-09-23 22:33:14,459 - RLController - INFO -   Example: junction E0 -> durations [24, 22, 22, 22] (total: 90s)
2026-09-23 22:33:14,459 - RLController - INFO -   Example: junction E1 -> durations [24, 22, 22, 22] (total: 90s)
2026-09-23 22:33:14,460 - RLController - INFO -   Stored schedules for 34 junctions, cycle starts at step 1260
2026-09-23 22:33:16,864 - RLController - INFO - DIAGNOSTIC Step 1350 - Observation stats:
2026-09-23 22:33:16,864 - RLController - INFO -   Hash: -3575175031211830280, Min: 0.000000, Max: 1.000000, Mean: 0.388113, Std: 0.443842
2026-09-23 22:33:16,865 - RLController - INFO -   First 10: [1.  0.  0.  0.  0.  0.5 1.  0.  0.  0. ]
2026-09-23 22:33:16,865 - RLController - INFO -   Last 10: [0.         0.2        0.         0.08333334 0.37179488 0.00297465
 0.05303419 0.6416743  0.         0.3       ]
2026-09-23 22:33:16,869 - RLController - INFO - DIAGNOSTIC - Raw model action output:
2026-09-23 22:33:16,869 - RLController - INFO -   Action hash: -1451246750628744039
2026-09-23 22:33:16,869 - RLController - INFO -   First 8 values: [ -7.111912 -10.       -10.       -10.       -10.       -10.
 -10.       -10.      ]
2026-09-23 22:33:16,869 - RLController - INFO -   Last 8 values: [-10.        -10.        -10.        -10.        -10.         -1.2866361
 -10.        -10.       ]
2026-09-23 22:33:16,869 - RLController - INFO -   Action shape: (136,), min: -10.000000, max: 4.910670, mean: -9.206446
2026-09-23 22:33:16,870 - RLController - INFO -   B0 junction (indices 16-19) raw values: [ -9.094081 -10.       -10.       -10.      ]
2026-09-23 22:33:16,870 - RLController - INFO - Using CONTINUOUS DURATION-BASED mode
2026-09-23 22:33:16,870 - RLController - INFO -   Example: junction A0 -> durations [54, 12, 12, 12] (total: 90s)
2026-09-23 22:33:16,870 - RLController - INFO -   Example: junction A1 -> durations [24, 22, 22, 22] (total: 90s)
2026-09-23 22:33:16,870 - RLController - INFO -   Example: junction A2 -> durations [11, 11, 57, 11] (total: 90s)
2026-09-23 22:33:16,870 - RLController - INFO -   Example: junction A4 -> durations [60, 10, 10, 10] (total: 90s)
2026-09-23 22:33:16,870 - RLController - INFO -   Example: junction A5 -> durations [33, 19, 19, 19] (total: 90s)
2026-09-23 22:33:16,870 - RLController - INFO -   Example: junction B0 -> durations [24, 22, 22, 22] (total: 90s)
2026-09-23 22:33:16,871 - RLController - INFO -   Example: junction B1 -> durations [21, 27, 21, 21] (total: 90s)
2026-09-23 22:33:16,871 - RLController - INFO -   Example: junction B2 -> durations [24, 22, 22, 22] (total: 90s)
2026-09-23 22:33:16,871 - RLController - INFO -   Example: junction B4 -> durations [24, 22, 22, 22] (total: 90s)
2026-09-23 22:33:16,871 - RLController - INFO -   Example: junction B5 -> durations [60, 10, 10, 10] (total: 90s)
2026-09-23 22:33:16,871 - RLController - INFO -   Example: junction C0 -> durations [20, 20, 30, 20] (total: 90s)
2026-09-23 22:33:16,871 - RLController - INFO -   Example: junction C1 -> durations [24, 22, 22, 22] (total: 90s)
2026-09-23 22:33:16,871 - RLController - INFO -   Example: junction C2 -> durations [58, 12, 10, 10] (total: 90s)
2026-09-23 22:33:16,871 - RLController - INFO -   Example: junction C3 -> durations [60, 10, 10, 10] (total: 90s)
2026-09-23 22:33:16,871 - RLController - INFO -   Example: junction C4 -> durations [60, 10, 10, 10] (total: 90s)
2026-09-23 22:33:16,872 - RLController - INFO -   Example: junction C5 -> durations [57, 11, 11, 11] (total: 90s)
2026-09-23 22:33:16,872 - RLController - INFO -   Example: junction D0 -> durations [24, 22, 22, 22] (total: 90s)
2026-09-23 22:33:16,872 - RLController - INFO -   Example: junction D1 -> durations [18, 18, 36, 18] (total: 90s)
2026-09-23 22:33:16,872 - RLController - INFO -   Example: junction D2 -> durations [51, 13, 13, 13] (total: 90s)
2026-09-23 22:33:16,872 - RLController - INFO -   Example: junction D3 -> durations [24, 22, 22, 22] (total: 90s)
2026-09-23 22:33:16,872 - RLController - INFO -   Example: junction D4 -> durations [24, 22, 22, 22] (total: 90s)
2026-09-23 22:33:16,872 - RLController - INFO -   Example: junction D5 -> durations [12, 12, 54, 12] (total: 90s)
2026-09-23 22:33:16,872 - RLController - INFO -   Example: junction E0 -> durations [24, 22, 22, 22] (total: 90s)
2026-09-23 22:33:16,873 - RLController - INFO -   Example: junction E1 -> durations [24, 22, 22, 22] (total: 90s)
2026-09-23 22:33:16,873 - RLController - INFO -   Stored schedules for 34 junctions, cycle starts at step 1350
2026-09-23 22:33:19,114 - RLController - INFO - DIAGNOSTIC Step 1440 - Observation stats:
2026-09-23 22:33:19,114 - RLController - INFO -   Hash: -2583302029654137161, Min: 0.000000, Max: 1.000000, Mean: 0.391997, Std: 0.445462
2026-09-23 22:33:19,114 - RLController - INFO -   First 10: [1.  0.  0.  0.  0.  0.5 1.  0.  0.  0. ]
2026-09-23 22:33:19,115 - RLController - INFO -   Last 10: [0.         0.2        0.         0.08333334 0.40384614 0.00330962
 0.05611111 0.6165377  0.         0.3       ]
2026-09-23 22:33:19,118 - RLController - INFO - DIAGNOSTIC - Raw model action output:
2026-09-23 22:33:19,118 - RLController - INFO -   Action hash: -5671794828770727376
2026-09-23 22:33:19,119 - RLController - INFO -   First 8 values: [ -7.044925 -10.       -10.       -10.       -10.       -10.
 -10.       -10.      ]
2026-09-23 22:33:19,119 - RLController - INFO -   Last 8 values: [-10.        -10.        -10.        -10.        -10.         -1.3415327
 -10.        -10.       ]
2026-09-23 22:33:19,119 - RLController - INFO -   Action shape: (136,), min: -10.000000, max: 4.274399, mean: -9.246311
2026-09-23 22:33:19,119 - RLController - INFO -   B0 junction (indices 16-19) raw values: [ -9.51191 -10.      -10.      -10.     ]
2026-09-23 22:33:19,119 - RLController - INFO - Using CONTINUOUS DURATION-BASED mode
2026-09-23 22:33:19,119 - RLController - INFO -   Example: junction A0 -> durations [54, 12, 12, 12] (total: 90s)
2026-09-23 22:33:19,120 - RLController - INFO -   Example: junction A1 -> durations [24, 22, 22, 22] (total: 90s)
2026-09-23 22:33:19,120 - RLController - INFO -   Example: junction A2 -> durations [11, 11, 57, 11] (total: 90s)
2026-09-23 22:33:19,120 - RLController - INFO -   Example: junction A4 -> durations [60, 10, 10, 10] (total: 90s)
2026-09-23 22:33:19,120 - RLController - INFO -   Example: junction A5 -> durations [27, 21, 21, 21] (total: 90s)
2026-09-23 22:33:19,120 - RLController - INFO -   Example: junction B0 -> durations [24, 22, 22, 22] (total: 90s)
2026-09-23 22:33:19,120 - RLController - INFO -   Example: junction B1 -> durations [22, 24, 22, 22] (total: 90s)
2026-09-23 22:33:19,120 - RLController - INFO -   Example: junction B2 -> durations [24, 22, 22, 22] (total: 90s)
2026-09-23 22:33:19,120 - RLController - INFO -   Example: junction B4 -> durations [24, 22, 22, 22] (total: 90s)
2026-09-23 22:33:19,121 - RLController - INFO -   Example: junction B5 -> durations [60, 10, 10, 10] (total: 90s)
2026-09-23 22:33:19,121 - RLController - INFO -   Example: junction C0 -> durations [20, 20, 30, 20] (total: 90s)
2026-09-23 22:33:19,121 - RLController - INFO -   Example: junction C1 -> durations [24, 22, 22, 22] (total: 90s)
2026-09-23 22:33:19,121 - RLController - INFO -   Example: junction C2 -> durations [58, 12, 10, 10] (total: 90s)
2026-09-23 22:33:19,121 - RLController - INFO -   Example: junction C3 -> durations [59, 11, 10, 10] (total: 90s)
2026-09-23 22:33:19,121 - RLController - INFO -   Example: junction C4 -> durations [60, 10, 10, 10] (total: 90s)
2026-09-23 22:33:19,121 - RLController - INFO -   Example: junction C5 -> durations [57, 11, 11, 11] (total: 90s)
2026-09-23 22:33:19,121 - RLController - INFO -   Example: junction D0 -> durations [22, 22, 24, 22] (total: 90s)
2026-09-23 22:33:19,122 - RLController - INFO -   Example: junction D1 -> durations [19, 19, 33, 19] (total: 90s)
2026-09-23 22:33:19,122 - RLController - INFO -   Example: junction D2 -> durations [45, 15, 15, 15] (total: 90s)
2026-09-23 22:33:19,122 - RLController - INFO -   Example: junction D3 -> durations [24, 22, 22, 22] (total: 90s)
2026-09-23 22:33:19,122 - RLController - INFO -   Example: junction D4 -> durations [24, 22, 22, 22] (total: 90s)
2026-09-23 22:33:19,122 - RLController - INFO -   Example: junction D5 -> durations [13, 13, 51, 13] (total: 90s)
2026-09-23 22:33:19,122 - RLController - INFO -   Example: junction E0 -> durations [24, 22, 22, 22] (total: 90s)
2026-09-23 22:33:19,122 - RLController - INFO -   Example: junction E1 -> durations [24, 22, 22, 22] (total: 90s)
2026-09-23 22:33:19,123 - RLController - INFO -   Stored schedules for 34 junctions, cycle starts at step 1440
2026-09-23 22:33:21,279 - RLController - INFO - DIAGNOSTIC Step 1530 - Observation stats:
2026-09-23 22:33:21,279 - RLController - INFO -   Hash: -309339008290599227, Min: 0.000000, Max: 1.000000, Mean: 0.394657, Std: 0.445614
2026-09-23 22:33:21,279 - RLController - INFO -   First 10: [1.  0.  0.  0.  0.  0.5 1.  0.  0.  0. ]
2026-09-23 22:33:21,280 - RLController - INFO -   Last 10: [0.         0.2        0.         0.08333334 0.3974359  0.00280818
 0.0574359  0.6162204  0.         0.3       ]
2026-09-23 22:33:21,283 - RLController - INFO - DIAGNOSTIC - Raw model action output:
2026-09-23 22:33:21,283 - RLController - INFO -   Action hash: 221688569275317004
2026-09-23 22:33:21,283 - RLController - INFO -   First 8 values: [ -7.1897616 -10.        -10.        -10.        -10.        -10.
 -10.        -10.       ]
2026-09-23 22:33:21,283 - RLController - INFO -   Last 8 values: [-10.        -10.        -10.        -10.        -10.         -1.2521877
 -10.        -10.       ]
2026-09-23 22:33:21,284 - RLController - INFO -   Action shape: (136,), min: -10.000000, max: 5.427067, mean: -9.233463
2026-09-23 22:33:21,284 - RLController - INFO -   B0 junction (indices 16-19) raw values: [ -9.348457 -10.       -10.       -10.      ]
2026-09-23 22:33:21,284 - RLController - INFO - Using CONTINUOUS DURATION-BASED mode
2026-09-23 22:33:21,285 - RLController - INFO -   Example: junction A0 -> durations [51, 13, 13, 13] (total: 90s)
2026-09-23 22:33:21,285 - RLController - INFO -   Example: junction A1 -> durations [24, 22, 22, 22] (total: 90s)
2026-09-23 22:33:21,285 - RLController - INFO -   Example: junction A2 -> durations [11, 11, 57, 11] (total: 90s)
2026-09-23 22:33:21,285 - RLController - INFO -   Example: junction A4 -> durations [60, 10, 10, 10] (total: 90s)
2026-09-23 22:33:21,285 - RLController - INFO -   Example: junction A5 -> durations [30, 20, 20, 20] (total: 90s)
2026-09-23 22:33:21,285 - RLController - INFO -   Example: junction B0 -> durations [24, 22, 22, 22] (total: 90s)
2026-09-23 22:33:21,285 - RLController - INFO -   Example: junction B1 -> durations [21, 27, 21, 21] (total: 90s)
2026-09-23 22:33:21,285 - RLController - INFO -   Example: junction B2 -> durations [24, 22, 22, 22] (total: 90s)
2026-09-23 22:33:21,286 - RLController - INFO -   Example: junction B4 -> durations [24, 22, 22, 22] (total: 90s)
2026-09-23 22:33:21,286 - RLController - INFO -   Example: junction B5 -> durations [60, 10, 10, 10] (total: 90s)
2026-09-23 22:33:21,286 - RLController - INFO -   Example: junction C0 -> durations [21, 21, 27, 21] (total: 90s)
2026-09-23 22:33:21,286 - RLController - INFO -   Example: junction C1 -> durations [24, 22, 22, 22] (total: 90s)
2026-09-23 22:33:21,286 - RLController - INFO -   Example: junction C2 -> durations [57, 13, 10, 10] (total: 90s)
2026-09-23 22:33:21,286 - RLController - INFO -   Example: junction C3 -> durations [60, 10, 10, 10] (total: 90s)
2026-09-23 22:33:21,286 - RLController - INFO -   Example: junction C4 -> durations [60, 10, 10, 10] (total: 90s)
2026-09-23 22:33:21,286 - RLController - INFO -   Example: junction C5 -> durations [57, 11, 11, 11] (total: 90s)
2026-09-23 22:33:21,286 - RLController - INFO -   Example: junction D0 -> durations [24, 22, 22, 22] (total: 90s)
2026-09-23 22:33:21,287 - RLController - INFO -   Example: junction D1 -> durations [20, 20, 30, 20] (total: 90s)
2026-09-23 22:33:21,287 - RLController - INFO -   Example: junction D2 -> durations [48, 14, 14, 14] (total: 90s)
2026-09-23 22:33:21,287 - RLController - INFO -   Example: junction D3 -> durations [24, 22, 22, 22] (total: 90s)
2026-09-23 22:33:21,287 - RLController - INFO -   Example: junction D4 -> durations [24, 22, 22, 22] (total: 90s)
2026-09-23 22:33:21,287 - RLController - INFO -   Example: junction D5 -> durations [12, 12, 54, 12] (total: 90s)
2026-09-23 22:33:21,287 - RLController - INFO -   Example: junction E0 -> durations [24, 22, 22, 22] (total: 90s)
2026-09-23 22:33:21,287 - RLController - INFO -   Example: junction E1 -> durations [24, 22, 22, 22] (total: 90s)
2026-09-23 22:33:21,288 - RLController - INFO -   Stored schedules for 34 junctions, cycle starts at step 1530
2026-09-23 22:33:23,655 - RLController - INFO - DIAGNOSTIC Step 1620 - Observation stats:
2026-09-23 22:33:23,655 - RLController - INFO -   Hash: -1080946477626663294, Min: 0.000000, Max: 1.000000, Mean: 0.401518, Std: 0.446621
2026-09-23 22:33:23,656 - RLController - INFO -   First 10: [1.  0.  0.  0.  0.  0.5 1.  0.  0.  0. ]
2026-09-23 22:33:23,656 - RLController - INFO -   Last 10: [0.         0.2        0.         0.08333334 0.42094016 0.00266678
 0.05777778 0.58864635 0.         0.3       ]
2026-09-23 22:33:23,661 - RLController - INFO - DIAGNOSTIC - Raw model action output:
2026-09-23 22:33:23,661 - RLController - INFO -   Action hash: -1338208387270970875
2026-09-23 22:33:23,661 - RLController - INFO -   First 8 values: [ -7.3506007 -10.        -10.        -10.        -10.        -10.
 -10.        -10.       ]
2026-09-23 22:33:23,662 - RLController - INFO -   Last 8 values: [-10.         -10.         -10.         -10.         -10.
  -0.40565583 -10.         -10.        ]
2026-09-23 22:33:23,662 - RLController - INFO -   Action shape: (136,), min: -10.000000, max: 5.443903, mean: -9.261288
2026-09-23 22:33:23,662 - RLController - INFO -   B0 junction (indices 16-19) raw values: [ -9.393146 -10.       -10.       -10.      ]
2026-09-23 22:33:23,662 - RLController - INFO - Using CONTINUOUS DURATION-BASED mode
2026-09-23 22:33:23,662 - RLController - INFO -   Example: junction A0 -> durations [51, 13, 13, 13] (total: 90s)
2026-09-23 22:33:23,662 - RLController - INFO -   Example: junction A1 -> durations [24, 22, 22, 22] (total: 90s)
2026-09-23 22:33:23,662 - RLController - INFO -   Example: junction A2 -> durations [11, 11, 57, 11] (total: 90s)
2026-09-23 22:33:23,663 - RLController - INFO -   Example: junction A4 -> durations [60, 10, 10, 10] (total: 90s)
2026-09-23 22:33:23,663 - RLController - INFO -   Example: junction A5 -> durations [30, 20, 20, 20] (total: 90s)
2026-09-23 22:33:23,663 - RLController - INFO -   Example: junction B0 -> durations [24, 22, 22, 22] (total: 90s)
2026-09-23 22:33:23,663 - RLController - INFO -   Example: junction B1 -> durations [24, 22, 22, 22] (total: 90s)
2026-09-23 22:33:23,663 - RLController - INFO -   Example: junction B2 -> durations [24, 22, 22, 22] (total: 90s)
2026-09-23 22:33:23,663 - RLController - INFO -   Example: junction B4 -> durations [24, 22, 22, 22] (total: 90s)
2026-09-23 22:33:23,663 - RLController - INFO -   Example: junction B5 -> durations [60, 10, 10, 10] (total: 90s)
2026-09-23 22:33:23,663 - RLController - INFO -   Example: junction C0 -> durations [22, 22, 24, 22] (total: 90s)
2026-09-23 22:33:23,664 - RLController - INFO -   Example: junction C1 -> durations [24, 22, 22, 22] (total: 90s)
2026-09-23 22:33:23,664 - RLController - INFO -   Example: junction C2 -> durations [58, 12, 10, 10] (total: 90s)
2026-09-23 22:33:23,664 - RLController - INFO -   Example: junction C3 -> durations [60, 10, 10, 10] (total: 90s)
2026-09-23 22:33:23,664 - RLController - INFO -   Example: junction C4 -> durations [60, 10, 10, 10] (total: 90s)
2026-09-23 22:33:23,664 - RLController - INFO -   Example: junction C5 -> durations [57, 11, 11, 11] (total: 90s)
2026-09-23 22:33:23,665 - RLController - INFO -   Example: junction D0 -> durations [24, 22, 22, 22] (total: 90s)
2026-09-23 22:33:23,665 - RLController - INFO -   Example: junction D1 -> durations [21, 21, 27, 21] (total: 90s)
2026-09-23 22:33:23,665 - RLController - INFO -   Example: junction D2 -> durations [45, 15, 15, 15] (total: 90s)
2026-09-23 22:33:23,665 - RLController - INFO -   Example: junction D3 -> durations [24, 22, 22, 22] (total: 90s)
2026-09-23 22:33:23,665 - RLController - INFO -   Example: junction D4 -> durations [24, 22, 22, 22] (total: 90s)
2026-09-23 22:33:23,665 - RLController - INFO -   Example: junction D5 -> durations [12, 12, 54, 12] (total: 90s)
2026-09-23 22:33:23,665 - RLController - INFO -   Example: junction E0 -> durations [24, 22, 22, 22] (total: 90s)
2026-09-23 22:33:23,666 - RLController - INFO -   Example: junction E1 -> durations [24, 22, 22, 22] (total: 90s)
2026-09-23 22:33:23,666 - RLController - INFO -   Stored schedules for 34 junctions, cycle starts at step 1620
2026-09-23 22:33:26,064 - RLController - INFO - DIAGNOSTIC Step 1710 - Observation stats:
2026-09-23 22:33:26,100 - RLController - INFO -   Hash: 5587970233198795150, Min: 0.000000, Max: 1.000000, Mean: 0.406761, Std: 0.447986
2026-09-23 22:33:26,101 - RLController - INFO -   First 10: [1.         0.         0.         0.         0.         0.5
 0.         1.         0.99333334 1.        ]
2026-09-23 22:33:26,101 - RLController - INFO -   Last 10: [0.         0.2        0.         0.08333334 0.42094016 0.00293704
 0.05935897 0.59427595 0.         0.3       ]
2026-09-23 22:33:26,105 - RLController - INFO - DIAGNOSTIC - Raw model action output:
2026-09-23 22:33:26,105 - RLController - INFO -   Action hash: -2196431249555589321
2026-09-23 22:33:26,105 - RLController - INFO -   First 8 values: [ -7.360559 -10.       -10.       -10.       -10.       -10.
 -10.       -10.      ]
2026-09-23 22:33:26,106 - RLController - INFO -   Last 8 values: [-10.         -10.         -10.         -10.         -10.
  -0.24633498 -10.         -10.        ]
2026-09-23 22:33:26,106 - RLController - INFO -   Action shape: (136,), min: -10.000000, max: 5.823158, mean: -9.245119
2026-09-23 22:33:26,106 - RLController - INFO -   B0 junction (indices 16-19) raw values: [ -9.492007 -10.       -10.       -10.      ]
2026-09-23 22:33:26,106 - RLController - INFO - Using CONTINUOUS DURATION-BASED mode
2026-09-23 22:33:26,106 - RLController - INFO -   Example: junction A0 -> durations [51, 13, 13, 13] (total: 90s)
2026-09-23 22:33:26,106 - RLController - INFO -   Example: junction A1 -> durations [24, 22, 22, 22] (total: 90s)
2026-09-23 22:33:26,106 - RLController - INFO -   Example: junction A2 -> durations [11, 11, 57, 11] (total: 90s)
2026-09-23 22:33:26,107 - RLController - INFO -   Example: junction A4 -> durations [60, 10, 10, 10] (total: 90s)
2026-09-23 22:33:26,107 - RLController - INFO -   Example: junction A5 -> durations [27, 21, 21, 21] (total: 90s)
2026-09-23 22:33:26,107 - RLController - INFO -   Example: junction B0 -> durations [24, 22, 22, 22] (total: 90s)
2026-09-23 22:33:26,107 - RLController - INFO -   Example: junction B1 -> durations [24, 22, 22, 22] (total: 90s)
2026-09-23 22:33:26,107 - RLController - INFO -   Example: junction B2 -> durations [24, 22, 22, 22] (total: 90s)
2026-09-23 22:33:26,107 - RLController - INFO -   Example: junction B4 -> durations [24, 22, 22, 22] (total: 90s)
2026-09-23 22:33:26,108 - RLController - INFO -   Example: junction B5 -> durations [60, 10, 10, 10] (total: 90s)
2026-09-23 22:33:26,108 - RLController - INFO -   Example: junction C0 -> durations [22, 22, 24, 22] (total: 90s)
2026-09-23 22:33:26,108 - RLController - INFO -   Example: junction C1 -> durations [24, 22, 22, 22] (total: 90s)
2026-09-23 22:33:26,108 - RLController - INFO -   Example: junction C2 -> durations [58, 12, 10, 10] (total: 90s)
2026-09-23 22:33:26,108 - RLController - INFO -   Example: junction C3 -> durations [60, 10, 10, 10] (total: 90s)
2026-09-23 22:33:26,108 - RLController - INFO -   Example: junction C4 -> durations [60, 10, 10, 10] (total: 90s)
2026-09-23 22:33:26,108 - RLController - INFO -   Example: junction C5 -> durations [57, 11, 11, 11] (total: 90s)
2026-09-23 22:33:26,108 - RLController - INFO -   Example: junction D0 -> durations [24, 22, 22, 22] (total: 90s)
2026-09-23 22:33:26,109 - RLController - INFO -   Example: junction D1 -> durations [21, 21, 27, 21] (total: 90s)
2026-09-23 22:33:26,109 - RLController - INFO -   Example: junction D2 -> durations [45, 15, 15, 15] (total: 90s)
2026-09-23 22:33:26,109 - RLController - INFO -   Example: junction D3 -> durations [24, 22, 22, 22] (total: 90s)
2026-09-23 22:33:26,109 - RLController - INFO -   Example: junction D4 -> durations [24, 22, 22, 22] (total: 90s)
2026-09-23 22:33:26,109 - RLController - INFO -   Example: junction D5 -> durations [13, 13, 51, 13] (total: 90s)
2026-09-23 22:33:26,109 - RLController - INFO -   Example: junction E0 -> durations [24, 22, 22, 22] (total: 90s)
2026-09-23 22:33:26,109 - RLController - INFO -   Example: junction E1 -> durations [24, 22, 22, 22] (total: 90s)
2026-09-23 22:33:26,110 - RLController - INFO -   Stored schedules for 34 junctions, cycle starts at step 1710
2026-09-23 22:33:28,441 - RLController - INFO - DIAGNOSTIC Step 1800 - Observation stats:
2026-09-23 22:33:28,441 - RLController - INFO -   Hash: 4405365485689505845, Min: 0.000000, Max: 1.000000, Mean: 0.406891, Std: 0.450611
2026-09-23 22:33:28,441 - RLController - INFO -   First 10: [1.         0.         0.         0.         0.         0.5
 0.         1.         0.99333334 1.        ]
2026-09-23 22:33:28,442 - RLController - INFO -   Last 10: [0.         0.2        0.         0.08333334 0.42948717 0.00293774
 0.05858975 0.58534175 0.         0.3       ]
2026-09-23 22:33:28,445 - RLController - INFO - DIAGNOSTIC - Raw model action output:
2026-09-23 22:33:28,446 - RLController - INFO -   Action hash: -3315744489978203421
2026-09-23 22:33:28,446 - RLController - INFO -   First 8 values: [ -7.1387773 -10.        -10.        -10.        -10.        -10.
 -10.        -10.       ]
2026-09-23 22:33:28,446 - RLController - INFO -   Last 8 values: [-10.       -10.       -10.       -10.       -10.        -1.926456
 -10.       -10.      ]
2026-09-23 22:33:28,446 - RLController - INFO -   Action shape: (136,), min: -10.000000, max: 4.924588, mean: -9.257088
2026-09-23 22:33:28,446 - RLController - INFO -   B0 junction (indices 16-19) raw values: [ -9.71059 -10.      -10.      -10.     ]
2026-09-23 22:33:28,446 - RLController - INFO - Using CONTINUOUS DURATION-BASED mode
2026-09-23 22:33:28,447 - RLController - INFO -   Example: junction A0 -> durations [54, 12, 12, 12] (total: 90s)
2026-09-23 22:33:28,447 - RLController - INFO -   Example: junction A1 -> durations [24, 22, 22, 22] (total: 90s)
2026-09-23 22:33:28,447 - RLController - INFO -   Example: junction A2 -> durations [11, 11, 57, 11] (total: 90s)
2026-09-23 22:33:28,447 - RLController - INFO -   Example: junction A4 -> durations [60, 10, 10, 10] (total: 90s)
2026-09-23 22:33:28,447 - RLController - INFO -   Example: junction A5 -> durations [24, 22, 22, 22] (total: 90s)
2026-09-23 22:33:28,447 - RLController - INFO -   Example: junction B0 -> durations [24, 22, 22, 22] (total: 90s)
2026-09-23 22:33:28,447 - RLController - INFO -   Example: junction B1 -> durations [24, 22, 22, 22] (total: 90s)
2026-09-23 22:33:28,447 - RLController - INFO -   Example: junction B2 -> durations [24, 22, 22, 22] (total: 90s)
2026-09-23 22:33:28,448 - RLController - INFO -   Example: junction B4 -> durations [24, 22, 22, 22] (total: 90s)
2026-09-23 22:33:28,448 - RLController - INFO -   Example: junction B5 -> durations [60, 10, 10, 10] (total: 90s)
2026-09-23 22:33:28,448 - RLController - INFO -   Example: junction C0 -> durations [20, 20, 30, 20] (total: 90s)
2026-09-23 22:33:28,448 - RLController - INFO -   Example: junction C1 -> durations [24, 22, 22, 22] (total: 90s)
2026-09-23 22:33:28,448 - RLController - INFO -   Example: junction C2 -> durations [57, 13, 10, 10] (total: 90s)
2026-09-23 22:33:28,448 - RLController - INFO -   Example: junction C3 -> durations [60, 10, 10, 10] (total: 90s)
2026-09-23 22:33:28,448 - RLController - INFO -   Example: junction C4 -> durations [57, 11, 11, 11] (total: 90s)
2026-09-23 22:33:28,448 - RLController - INFO -   Example: junction C5 -> durations [57, 11, 11, 11] (total: 90s)
2026-09-23 22:33:28,448 - RLController - INFO -   Example: junction D0 -> durations [24, 22, 22, 22] (total: 90s)
2026-09-23 22:33:28,449 - RLController - INFO -   Example: junction D1 -> durations [20, 20, 30, 20] (total: 90s)
2026-09-23 22:33:28,449 - RLController - INFO -   Example: junction D2 -> durations [48, 14, 14, 14] (total: 90s)
2026-09-23 22:33:28,449 - RLController - INFO -   Example: junction D3 -> durations [24, 22, 22, 22] (total: 90s)
2026-09-23 22:33:28,449 - RLController - INFO -   Example: junction D4 -> durations [24, 22, 22, 22] (total: 90s)
2026-09-23 22:33:28,449 - RLController - INFO -   Example: junction D5 -> durations [13, 13, 51, 13] (total: 90s)
2026-09-23 22:33:28,449 - RLController - INFO -   Example: junction E0 -> durations [24, 22, 22, 22] (total: 90s)
2026-09-23 22:33:28,449 - RLController - INFO -   Example: junction E1 -> durations [24, 22, 22, 22] (total: 90s)
2026-09-23 22:33:28,450 - RLController - INFO -   Stored schedules for 34 junctions, cycle starts at step 1800
2026-09-23 22:33:31,059 - RLController - INFO - DIAGNOSTIC Step 1890 - Observation stats:
2026-09-23 22:33:31,059 - RLController - INFO -   Hash: 8259924658793344290, Min: 0.000000, Max: 1.000000, Mean: 0.399447, Std: 0.447081
2026-09-23 22:33:31,060 - RLController - INFO -   First 10: [1.  0.  0.  0.  0.  0.5 1.  0.  0.  0. ]
2026-09-23 22:33:31,060 - RLController - INFO -   Last 10: [0.         0.2        0.         0.08333334 0.41452992 0.0032633
 0.05918803 0.6016021  0.         0.3       ]
2026-09-23 22:33:31,064 - RLController - INFO - DIAGNOSTIC - Raw model action output:
2026-09-23 22:33:31,064 - RLController - INFO -   Action hash: -928113156501854813
2026-09-23 22:33:31,064 - RLController - INFO -   First 8 values: [ -6.77725 -10.      -10.      -10.      -10.      -10.      -10.
 -10.     ]
2026-09-23 22:33:31,065 - RLController - INFO -   Last 8 values: [-10.        -10.        -10.        -10.        -10.         -1.7425988
 -10.        -10.       ]
2026-09-23 22:33:31,065 - RLController - INFO -   Action shape: (136,), min: -10.000000, max: 4.860808, mean: -9.229613
2026-09-23 22:33:31,065 - RLController - INFO -   B0 junction (indices 16-19) raw values: [ -9.707618 -10.       -10.       -10.      ]
2026-09-23 22:33:31,065 - RLController - INFO - Using CONTINUOUS DURATION-BASED mode
2026-09-23 22:33:31,065 - RLController - INFO -   Example: junction A0 -> durations [54, 12, 12, 12] (total: 90s)
2026-09-23 22:33:31,065 - RLController - INFO -   Example: junction A1 -> durations [24, 22, 22, 22] (total: 90s)
2026-09-23 22:33:31,066 - RLController - INFO -   Example: junction A2 -> durations [12, 12, 54, 12] (total: 90s)
2026-09-23 22:33:31,066 - RLController - INFO -   Example: junction A4 -> durations [60, 10, 10, 10] (total: 90s)
2026-09-23 22:33:31,066 - RLController - INFO -   Example: junction A5 -> durations [24, 22, 22, 22] (total: 90s)
2026-09-23 22:33:31,066 - RLController - INFO -   Example: junction B0 -> durations [24, 22, 22, 22] (total: 90s)
2026-09-23 22:33:31,066 - RLController - INFO -   Example: junction B1 -> durations [22, 24, 22, 22] (total: 90s)
2026-09-23 22:33:31,066 - RLController - INFO -   Example: junction B2 -> durations [24, 22, 22, 22] (total: 90s)
2026-09-23 22:33:31,066 - RLController - INFO -   Example: junction B4 -> durations [24, 22, 22, 22] (total: 90s)
2026-09-23 22:33:31,066 - RLController - INFO -   Example: junction B5 -> durations [60, 10, 10, 10] (total: 90s)
2026-09-23 22:33:31,066 - RLController - INFO -   Example: junction C0 -> durations [20, 20, 30, 20] (total: 90s)
2026-09-23 22:33:31,067 - RLController - INFO -   Example: junction C1 -> durations [24, 22, 22, 22] (total: 90s)
2026-09-23 22:33:31,067 - RLController - INFO -   Example: junction C2 -> durations [57, 13, 10, 10] (total: 90s)
2026-09-23 22:33:31,067 - RLController - INFO -   Example: junction C3 -> durations [60, 10, 10, 10] (total: 90s)
2026-09-23 22:33:31,067 - RLController - INFO -   Example: junction C4 -> durations [60, 10, 10, 10] (total: 90s)
2026-09-23 22:33:31,067 - RLController - INFO -   Example: junction C5 -> durations [57, 11, 11, 11] (total: 90s)
2026-09-23 22:33:31,067 - RLController - INFO -   Example: junction D0 -> durations [22, 22, 24, 22] (total: 90s)
2026-09-23 22:33:31,067 - RLController - INFO -   Example: junction D1 -> durations [19, 19, 33, 19] (total: 90s)
2026-09-23 22:33:31,068 - RLController - INFO -   Example: junction D2 -> durations [48, 14, 14, 14] (total: 90s)
2026-09-23 22:33:31,068 - RLController - INFO -   Example: junction D3 -> durations [24, 22, 22, 22] (total: 90s)
2026-09-23 22:33:31,068 - RLController - INFO -   Example: junction D4 -> durations [24, 22, 22, 22] (total: 90s)
2026-09-23 22:33:31,068 - RLController - INFO -   Example: junction D5 -> durations [13, 13, 51, 13] (total: 90s)
2026-09-23 22:33:31,068 - RLController - INFO -   Example: junction E0 -> durations [24, 22, 22, 22] (total: 90s)
2026-09-23 22:33:31,068 - RLController - INFO -   Example: junction E1 -> durations [24, 22, 22, 22] (total: 90s)
2026-09-23 22:33:31,069 - RLController - INFO -   Stored schedules for 34 junctions, cycle starts at step 1890
2026-09-23 22:33:33,536 - RLController - INFO - DIAGNOSTIC Step 1980 - Observation stats:
2026-09-23 22:33:33,537 - RLController - INFO -   Hash: 7017579880098909654, Min: 0.000000, Max: 1.000000, Mean: 0.400272, Std: 0.447800
2026-09-23 22:33:33,537 - RLController - INFO -   First 10: [1.         0.         0.         0.         0.         0.5
 0.         0.         0.99333334 1.        ]
2026-09-23 22:33:33,537 - RLController - INFO -   Last 10: [0.         0.2        0.         0.08333334 0.40811965 0.003056
 0.05965812 0.6043086  0.         0.3       ]
2026-09-23 22:33:33,540 - RLController - INFO - DIAGNOSTIC - Raw model action output:
2026-09-23 22:33:33,540 - RLController - INFO -   Action hash: 6650332960859028220
2026-09-23 22:33:33,540 - RLController - INFO -   First 8 values: [ -6.8726716 -10.        -10.        -10.        -10.        -10.
 -10.        -10.       ]
2026-09-23 22:33:33,541 - RLController - INFO -   Last 8 values: [-10.        -10.        -10.        -10.        -10.         -0.3387141
 -10.        -10.       ]
2026-09-23 22:33:33,541 - RLController - INFO -   Action shape: (136,), min: -10.000000, max: 5.880025, mean: -9.239610
2026-09-23 22:33:33,541 - RLController - INFO -   B0 junction (indices 16-19) raw values: [ -9.456288 -10.       -10.       -10.      ]
2026-09-23 22:33:33,541 - RLController - INFO - Using CONTINUOUS DURATION-BASED mode
2026-09-23 22:33:33,541 - RLController - INFO -   Example: junction A0 -> durations [54, 12, 12, 12] (total: 90s)
2026-09-23 22:33:33,541 - RLController - INFO -   Example: junction A1 -> durations [24, 22, 22, 22] (total: 90s)
2026-09-23 22:33:33,541 - RLController - INFO -   Example: junction A2 -> durations [11, 11, 57, 11] (total: 90s)
2026-09-23 22:33:33,542 - RLController - INFO -   Example: junction A4 -> durations [60, 10, 10, 10] (total: 90s)
2026-09-23 22:33:33,542 - RLController - INFO -   Example: junction A5 -> durations [27, 21, 21, 21] (total: 90s)
2026-09-23 22:33:33,542 - RLController - INFO -   Example: junction B0 -> durations [24, 22, 22, 22] (total: 90s)
2026-09-23 22:33:33,542 - RLController - INFO -   Example: junction B1 -> durations [24, 22, 22, 22] (total: 90s)
2026-09-23 22:33:33,542 - RLController - INFO -   Example: junction B2 -> durations [24, 22, 22, 22] (total: 90s)
2026-09-23 22:33:33,542 - RLController - INFO -   Example: junction B4 -> durations [24, 22, 22, 22] (total: 90s)
2026-09-23 22:33:33,543 - RLController - INFO -   Example: junction B5 -> durations [60, 10, 10, 10] (total: 90s)
2026-09-23 22:33:33,543 - RLController - INFO -   Example: junction C0 -> durations [20, 20, 30, 20] (total: 90s)
2026-09-23 22:33:33,543 - RLController - INFO -   Example: junction C1 -> durations [24, 22, 22, 22] (total: 90s)
2026-09-23 22:33:33,543 - RLController - INFO -   Example: junction C2 -> durations [58, 12, 10, 10] (total: 90s)
2026-09-23 22:33:33,543 - RLController - INFO -   Example: junction C3 -> durations [60, 10, 10, 10] (total: 90s)
2026-09-23 22:33:33,543 - RLController - INFO -   Example: junction C4 -> durations [60, 10, 10, 10] (total: 90s)
2026-09-23 22:33:33,543 - RLController - INFO -   Example: junction C5 -> durations [57, 11, 11, 11] (total: 90s)
2026-09-23 22:33:33,543 - RLController - INFO -   Example: junction D0 -> durations [24, 22, 22, 22] (total: 90s)
2026-09-23 22:33:33,543 - RLController - INFO -   Example: junction D1 -> durations [20, 20, 30, 20] (total: 90s)
2026-09-23 22:33:33,544 - RLController - INFO -   Example: junction D2 -> durations [45, 15, 15, 15] (total: 90s)
2026-09-23 22:33:33,544 - RLController - INFO -   Example: junction D3 -> durations [24, 22, 22, 22] (total: 90s)
2026-09-23 22:33:33,544 - RLController - INFO -   Example: junction D4 -> durations [24, 22, 22, 22] (total: 90s)
2026-09-23 22:33:33,544 - RLController - INFO -   Example: junction D5 -> durations [13, 13, 51, 13] (total: 90s)
2026-09-23 22:33:33,544 - RLController - INFO -   Example: junction E0 -> durations [24, 22, 22, 22] (total: 90s)
2026-09-23 22:33:33,545 - RLController - INFO -   Example: junction E1 -> durations [24, 22, 22, 22] (total: 90s)
2026-09-23 22:33:33,545 - RLController - INFO -   Stored schedules for 34 junctions, cycle starts at step 1980
2026-09-23 22:33:36,252 - RLController - INFO - DIAGNOSTIC Step 2070 - Observation stats:
2026-09-23 22:33:36,253 - RLController - INFO -   Hash: -1277020327068589663, Min: 0.000000, Max: 1.000000, Mean: 0.412752, Std: 0.451298
2026-09-23 22:33:36,253 - RLController - INFO -   First 10: [1.         0.         0.         0.         0.         0.5
 0.         1.         0.99333334 1.        ]
2026-09-23 22:33:36,253 - RLController - INFO -   Last 10: [0.         0.2        0.         0.08333334 0.4508547  0.00271362
 0.06119658 0.5561964  0.         0.3       ]
2026-09-23 22:33:36,256 - RLController - INFO - DIAGNOSTIC - Raw model action output:
2026-09-23 22:33:36,256 - RLController - INFO -   Action hash: 1417517106717927308
2026-09-23 22:33:36,257 - RLController - INFO -   First 8 values: [ -7.2499 -10.     -10.     -10.     -10.     -10.     -10.     -10.    ]
2026-09-23 22:33:36,257 - RLController - INFO -   Last 8 values: [-10.        -10.        -10.        -10.        -10.         -0.9445569
 -10.        -10.       ]
2026-09-23 22:33:36,257 - RLController - INFO -   Action shape: (136,), min: -10.000000, max: 4.741491, mean: -9.254966
2026-09-23 22:33:36,257 - RLController - INFO -   B0 junction (indices 16-19) raw values: [ -9.90224 -10.      -10.      -10.     ]
2026-09-23 22:33:36,257 - RLController - INFO - Using CONTINUOUS DURATION-BASED mode
2026-09-23 22:33:36,257 - RLController - INFO -   Example: junction A0 -> durations [51, 13, 13, 13] (total: 90s)
2026-09-23 22:33:36,257 - RLController - INFO -   Example: junction A1 -> durations [24, 22, 22, 22] (total: 90s)
2026-09-23 22:33:36,258 - RLController - INFO -   Example: junction A2 -> durations [11, 11, 57, 11] (total: 90s)
2026-09-23 22:33:36,258 - RLController - INFO -   Example: junction A4 -> durations [60, 10, 10, 10] (total: 90s)
2026-09-23 22:33:36,258 - RLController - INFO -   Example: junction A5 -> durations [24, 22, 22, 22] (total: 90s)
2026-09-23 22:33:36,258 - RLController - INFO -   Example: junction B0 -> durations [24, 22, 22, 22] (total: 90s)
2026-09-23 22:33:36,258 - RLController - INFO -   Example: junction B1 -> durations [24, 22, 22, 22] (total: 90s)
2026-09-23 22:33:36,258 - RLController - INFO -   Example: junction B2 -> durations [24, 22, 22, 22] (total: 90s)
2026-09-23 22:33:36,258 - RLController - INFO -   Example: junction B4 -> durations [24, 22, 22, 22] (total: 90s)
2026-09-23 22:33:36,258 - RLController - INFO -   Example: junction B5 -> durations [60, 10, 10, 10] (total: 90s)
2026-09-23 22:33:36,259 - RLController - INFO -   Example: junction C0 -> durations [22, 22, 24, 22] (total: 90s)
2026-09-23 22:33:36,259 - RLController - INFO -   Example: junction C1 -> durations [24, 22, 22, 22] (total: 90s)
2026-09-23 22:33:36,259 - RLController - INFO -   Example: junction C2 -> durations [58, 12, 10, 10] (total: 90s)
2026-09-23 22:33:36,259 - RLController - INFO -   Example: junction C3 -> durations [60, 10, 10, 10] (total: 90s)
2026-09-23 22:33:36,259 - RLController - INFO -   Example: junction C4 -> durations [60, 10, 10, 10] (total: 90s)
2026-09-23 22:33:36,259 - RLController - INFO -   Example: junction C5 -> durations [57, 11, 11, 11] (total: 90s)
2026-09-23 22:33:36,259 - RLController - INFO -   Example: junction D0 -> durations [24, 22, 22, 22] (total: 90s)
2026-09-23 22:33:36,259 - RLController - INFO -   Example: junction D1 -> durations [21, 21, 27, 21] (total: 90s)
2026-09-23 22:33:36,259 - RLController - INFO -   Example: junction D2 -> durations [48, 14, 14, 14] (total: 90s)
2026-09-23 22:33:36,260 - RLController - INFO -   Example: junction D3 -> durations [24, 22, 22, 22] (total: 90s)
2026-09-23 22:33:36,260 - RLController - INFO -   Example: junction D4 -> durations [24, 22, 22, 22] (total: 90s)
2026-09-23 22:33:36,260 - RLController - INFO -   Example: junction D5 -> durations [12, 12, 54, 12] (total: 90s)
2026-09-23 22:33:36,260 - RLController - INFO -   Example: junction E0 -> durations [24, 22, 22, 22] (total: 90s)
2026-09-23 22:33:36,260 - RLController - INFO -   Example: junction E1 -> durations [24, 22, 22, 22] (total: 90s)
2026-09-23 22:33:36,261 - RLController - INFO -   Stored schedules for 34 junctions, cycle starts at step 2070
2026-09-23 22:33:38,775 - RLController - INFO - DIAGNOSTIC Step 2160 - Observation stats:
2026-09-23 22:33:38,775 - RLController - INFO -   Hash: -2903543121657516949, Min: 0.000000, Max: 1.000000, Mean: 0.408470, Std: 0.450545
2026-09-23 22:33:38,776 - RLController - INFO -   First 10: [1.         0.         0.         0.         0.         0.5
 0.         1.         0.99333334 1.        ]
2026-09-23 22:33:38,776 - RLController - INFO -   Last 10: [0.         0.2        0.         0.08333334 0.42948717 0.00321896
 0.06183761 0.59435934 0.         0.3       ]
2026-09-23 22:33:38,788 - RLController - INFO - DIAGNOSTIC - Raw model action output:
2026-09-23 22:33:38,789 - RLController - INFO -   Action hash: 2766007600499541972
2026-09-23 22:33:38,789 - RLController - INFO -   First 8 values: [ -7.3750286 -10.        -10.        -10.        -10.        -10.
 -10.        -10.       ]
2026-09-23 22:33:38,789 - RLController - INFO -   Last 8 values: [-10.        -10.        -10.        -10.        -10.         -1.9423063
 -10.        -10.       ]
2026-09-23 22:33:38,790 - RLController - INFO -   Action shape: (136,), min: -10.000000, max: 4.636665, mean: -9.271645
2026-09-23 22:33:38,790 - RLController - INFO -   B0 junction (indices 16-19) raw values: [ -9.754595 -10.       -10.       -10.      ]
2026-09-23 22:33:38,790 - RLController - INFO - Using CONTINUOUS DURATION-BASED mode
2026-09-23 22:33:38,790 - RLController - INFO -   Example: junction A0 -> durations [51, 13, 13, 13] (total: 90s)
2026-09-23 22:33:38,790 - RLController - INFO -   Example: junction A1 -> durations [24, 22, 22, 22] (total: 90s)
2026-09-23 22:33:38,790 - RLController - INFO -   Example: junction A2 -> durations [11, 11, 57, 11] (total: 90s)
2026-09-23 22:33:38,791 - RLController - INFO -   Example: junction A4 -> durations [60, 10, 10, 10] (total: 90s)
2026-09-23 22:33:38,791 - RLController - INFO -   Example: junction A5 -> durations [24, 22, 22, 22] (total: 90s)
2026-09-23 22:33:38,791 - RLController - INFO -   Example: junction B0 -> durations [24, 22, 22, 22] (total: 90s)
2026-09-23 22:33:38,791 - RLController - INFO -   Example: junction B1 -> durations [24, 22, 22, 22] (total: 90s)
2026-09-23 22:33:38,791 - RLController - INFO -   Example: junction B2 -> durations [24, 22, 22, 22] (total: 90s)
2026-09-23 22:33:38,791 - RLController - INFO -   Example: junction B4 -> durations [24, 22, 22, 22] (total: 90s)
2026-09-23 22:33:38,791 - RLController - INFO -   Example: junction B5 -> durations [60, 10, 10, 10] (total: 90s)
2026-09-23 22:33:38,791 - RLController - INFO -   Example: junction C0 -> durations [22, 22, 24, 22] (total: 90s)
2026-09-23 22:33:38,792 - RLController - INFO -   Example: junction C1 -> durations [24, 22, 22, 22] (total: 90s)
2026-09-23 22:33:38,792 - RLController - INFO -   Example: junction C2 -> durations [56, 14, 10, 10] (total: 90s)
2026-09-23 22:33:38,792 - RLController - INFO -   Example: junction C3 -> durations [60, 10, 10, 10] (total: 90s)
2026-09-23 22:33:38,792 - RLController - INFO -   Example: junction C4 -> durations [57, 11, 11, 11] (total: 90s)
2026-09-23 22:33:38,792 - RLController - INFO -   Example: junction C5 -> durations [57, 11, 11, 11] (total: 90s)
2026-09-23 22:33:38,792 - RLController - INFO -   Example: junction D0 -> durations [24, 22, 22, 22] (total: 90s)
2026-09-23 22:33:38,792 - RLController - INFO -   Example: junction D1 -> durations [20, 20, 30, 20] (total: 90s)
2026-09-23 22:33:38,793 - RLController - INFO -   Example: junction D2 -> durations [45, 15, 15, 15] (total: 90s)
2026-09-23 22:33:38,793 - RLController - INFO -   Example: junction D3 -> durations [24, 22, 22, 22] (total: 90s)
2026-09-23 22:33:38,793 - RLController - INFO -   Example: junction D4 -> durations [24, 22, 22, 22] (total: 90s)
2026-09-23 22:33:38,793 - RLController - INFO -   Example: junction D5 -> durations [12, 12, 54, 12] (total: 90s)
2026-09-23 22:33:38,793 - RLController - INFO -   Example: junction E0 -> durations [24, 22, 22, 22] (total: 90s)
2026-09-23 22:33:38,793 - RLController - INFO -   Example: junction E1 -> durations [24, 22, 22, 22] (total: 90s)
2026-09-23 22:33:38,794 - RLController - INFO -   Stored schedules for 34 junctions, cycle starts at step 2160
2026-09-23 22:33:41,374 - RLController - INFO - DIAGNOSTIC Step 2250 - Observation stats:
2026-09-23 22:33:41,375 - RLController - INFO -   Hash: 4152075757822942299, Min: 0.000000, Max: 1.000000, Mean: 0.406550, Std: 0.448991
2026-09-23 22:33:41,375 - RLController - INFO -   First 10: [1.  0.  0.  0.  0.  0.5 1.  0.  0.  0. ]
2026-09-23 22:33:41,375 - RLController - INFO -   Last 10: [0.         0.2        0.         0.08333334 0.42521366 0.00314688
 0.06320513 0.58976233 0.         0.3       ]
2026-09-23 22:33:41,380 - RLController - INFO - DIAGNOSTIC - Raw model action output:
2026-09-23 22:33:41,380 - RLController - INFO -   Action hash: -3869547898921408516
2026-09-23 22:33:41,380 - RLController - INFO -   First 8 values: [ -7.154021 -10.       -10.       -10.       -10.       -10.
 -10.       -10.      ]
2026-09-23 22:33:41,380 - RLController - INFO -   Last 8 values: [-10.        -10.        -10.        -10.        -10.         -1.5876229
 -10.        -10.       ]
2026-09-23 22:33:41,380 - RLController - INFO -   Action shape: (136,), min: -10.000000, max: 4.787747, mean: -9.228151
2026-09-23 22:33:41,381 - RLController - INFO -   B0 junction (indices 16-19) raw values: [ -9.46088 -10.      -10.      -10.     ]
2026-09-23 22:33:41,381 - RLController - INFO - Using CONTINUOUS DURATION-BASED mode
2026-09-23 22:33:41,381 - RLController - INFO -   Example: junction A0 -> durations [54, 12, 12, 12] (total: 90s)
2026-09-23 22:33:41,381 - RLController - INFO -   Example: junction A1 -> durations [24, 22, 22, 22] (total: 90s)
2026-09-23 22:33:41,381 - RLController - INFO -   Example: junction A2 -> durations [11, 11, 57, 11] (total: 90s)
2026-09-23 22:33:41,381 - RLController - INFO -   Example: junction A4 -> durations [60, 10, 10, 10] (total: 90s)
2026-09-23 22:33:41,381 - RLController - INFO -   Example: junction A5 -> durations [27, 21, 21, 21] (total: 90s)
2026-09-23 22:33:41,382 - RLController - INFO -   Example: junction B0 -> durations [24, 22, 22, 22] (total: 90s)
2026-09-23 22:33:41,382 - RLController - INFO -   Example: junction B1 -> durations [22, 24, 22, 22] (total: 90s)
2026-09-23 22:33:41,382 - RLController - INFO -   Example: junction B2 -> durations [24, 22, 22, 22] (total: 90s)
2026-09-23 22:33:41,382 - RLController - INFO -   Example: junction B4 -> durations [24, 22, 22, 22] (total: 90s)
2026-09-23 22:33:41,382 - RLController - INFO -   Example: junction B5 -> durations [60, 10, 10, 10] (total: 90s)
2026-09-23 22:33:41,382 - RLController - INFO -   Example: junction C0 -> durations [21, 21, 27, 21] (total: 90s)
2026-09-23 22:33:41,382 - RLController - INFO -   Example: junction C1 -> durations [24, 22, 22, 22] (total: 90s)
2026-09-23 22:33:41,382 - RLController - INFO -   Example: junction C2 -> durations [57, 13, 10, 10] (total: 90s)
2026-09-23 22:33:41,383 - RLController - INFO -   Example: junction C3 -> durations [60, 10, 10, 10] (total: 90s)
2026-09-23 22:33:41,383 - RLController - INFO -   Example: junction C4 -> durations [60, 10, 10, 10] (total: 90s)
2026-09-23 22:33:41,383 - RLController - INFO -   Example: junction C5 -> durations [57, 11, 11, 11] (total: 90s)
2026-09-23 22:33:41,383 - RLController - INFO -   Example: junction D0 -> durations [24, 22, 22, 22] (total: 90s)
2026-09-23 22:33:41,383 - RLController - INFO -   Example: junction D1 -> durations [20, 20, 30, 20] (total: 90s)
2026-09-23 22:33:41,383 - RLController - INFO -   Example: junction D2 -> durations [48, 14, 14, 14] (total: 90s)
2026-09-23 22:33:41,383 - RLController - INFO -   Example: junction D3 -> durations [24, 22, 22, 22] (total: 90s)
2026-09-23 22:33:41,383 - RLController - INFO -   Example: junction D4 -> durations [24, 22, 22, 22] (total: 90s)
2026-09-23 22:33:41,383 - RLController - INFO -   Example: junction D5 -> durations [13, 13, 51, 13] (total: 90s)
2026-09-23 22:33:41,384 - RLController - INFO -   Example: junction E0 -> durations [24, 22, 22, 22] (total: 90s)
2026-09-23 22:33:41,384 - RLController - INFO -   Example: junction E1 -> durations [24, 22, 22, 22] (total: 90s)
2026-09-23 22:33:41,385 - RLController - INFO -   Stored schedules for 34 junctions, cycle starts at step 2250
2026-09-23 22:33:43,940 - RLController - INFO - DIAGNOSTIC Step 2340 - Observation stats:
2026-09-23 22:33:43,940 - RLController - INFO -   Hash: -955503071607047397, Min: 0.000000, Max: 1.000000, Mean: 0.404384, Std: 0.449129
2026-09-23 22:33:43,941 - RLController - INFO -   First 10: [1.         0.         0.         0.         0.         0.5
 0.         0.         0.99333334 1.        ]
2026-09-23 22:33:43,941 - RLController - INFO -   Last 10: [0.         0.2        0.         0.08333334 0.41025642 0.00262706
 0.06269231 0.59970313 0.         0.3       ]
2026-09-23 22:33:43,944 - RLController - INFO - DIAGNOSTIC - Raw model action output:
2026-09-23 22:33:43,944 - RLController - INFO -   Action hash: 2155935921467302459
2026-09-23 22:33:43,944 - RLController - INFO -   First 8 values: [ -7.219524 -10.       -10.       -10.       -10.       -10.
 -10.       -10.      ]
2026-09-23 22:33:43,944 - RLController - INFO -   Last 8 values: [-10.       -10.       -10.       -10.       -10.        -2.162145
 -10.       -10.      ]
2026-09-23 22:33:43,945 - RLController - INFO -   Action shape: (136,), min: -10.000000, max: 5.022511, mean: -9.254278
2026-09-23 22:33:43,945 - RLController - INFO -   B0 junction (indices 16-19) raw values: [ -9.401253 -10.       -10.       -10.      ]
2026-09-23 22:33:43,945 - RLController - INFO - Using CONTINUOUS DURATION-BASED mode
2026-09-23 22:33:43,945 - RLController - INFO -   Example: junction A0 -> durations [51, 13, 13, 13] (total: 90s)
2026-09-23 22:33:43,945 - RLController - INFO -   Example: junction A1 -> durations [24, 22, 22, 22] (total: 90s)
2026-09-23 22:33:43,945 - RLController - INFO -   Example: junction A2 -> durations [11, 11, 57, 11] (total: 90s)
2026-09-23 22:33:43,945 - RLController - INFO -   Example: junction A4 -> durations [60, 10, 10, 10] (total: 90s)
2026-09-23 22:33:43,945 - RLController - INFO -   Example: junction A5 -> durations [30, 20, 20, 20] (total: 90s)
2026-09-23 22:33:43,946 - RLController - INFO -   Example: junction B0 -> durations [24, 22, 22, 22] (total: 90s)
2026-09-23 22:33:43,946 - RLController - INFO -   Example: junction B1 -> durations [21, 27, 21, 21] (total: 90s)
2026-09-23 22:33:43,946 - RLController - INFO -   Example: junction B2 -> durations [24, 22, 22, 22] (total: 90s)
2026-09-23 22:33:43,946 - RLController - INFO -   Example: junction B4 -> durations [24, 22, 22, 22] (total: 90s)
2026-09-23 22:33:43,946 - RLController - INFO -   Example: junction B5 -> durations [60, 10, 10, 10] (total: 90s)
2026-09-23 22:33:43,946 - RLController - INFO -   Example: junction C0 -> durations [21, 21, 27, 21] (total: 90s)
2026-09-23 22:33:43,946 - RLController - INFO -   Example: junction C1 -> durations [24, 22, 22, 22] (total: 90s)
2026-09-23 22:33:43,946 - RLController - INFO -   Example: junction C2 -> durations [58, 12, 10, 10] (total: 90s)
2026-09-23 22:33:43,947 - RLController - INFO -   Example: junction C3 -> durations [60, 10, 10, 10] (total: 90s)
2026-09-23 22:33:43,947 - RLController - INFO -   Example: junction C4 -> durations [60, 10, 10, 10] (total: 90s)
2026-09-23 22:33:43,947 - RLController - INFO -   Example: junction C5 -> durations [57, 11, 11, 11] (total: 90s)
2026-09-23 22:33:43,947 - RLController - INFO -   Example: junction D0 -> durations [24, 22, 22, 22] (total: 90s)
2026-09-23 22:33:43,947 - RLController - INFO -   Example: junction D1 -> durations [19, 19, 33, 19] (total: 90s)
2026-09-23 22:33:43,947 - RLController - INFO -   Example: junction D2 -> durations [45, 15, 15, 15] (total: 90s)
2026-09-23 22:33:43,947 - RLController - INFO -   Example: junction D3 -> durations [24, 22, 22, 22] (total: 90s)
2026-09-23 22:33:43,947 - RLController - INFO -   Example: junction D4 -> durations [24, 22, 22, 22] (total: 90s)
2026-09-23 22:33:43,947 - RLController - INFO -   Example: junction D5 -> durations [13, 13, 51, 13] (total: 90s)
2026-09-23 22:33:43,948 - RLController - INFO -   Example: junction E0 -> durations [24, 22, 22, 22] (total: 90s)
2026-09-23 22:33:43,948 - RLController - INFO -   Example: junction E1 -> durations [24, 22, 22, 22] (total: 90s)
2026-09-23 22:33:43,948 - RLController - INFO -   Stored schedules for 34 junctions, cycle starts at step 2340
2026-09-23 22:33:46,726 - RLController - INFO - DIAGNOSTIC Step 2430 - Observation stats:
2026-09-23 22:33:46,727 - RLController - INFO -   Hash: -803093914287438426, Min: 0.000000, Max: 1.000000, Mean: 0.409334, Std: 0.450313
2026-09-23 22:33:46,727 - RLController - INFO -   First 10: [1.         0.         0.         0.         0.         0.5
 0.         1.         0.99333334 1.        ]
2026-09-23 22:33:46,727 - RLController - INFO -   Last 10: [0.         0.2        0.         0.08333334 0.43376067 0.00258935
 0.06354701 0.5813741  0.         0.3       ]
2026-09-23 22:33:46,730 - RLController - INFO - DIAGNOSTIC - Raw model action output:
2026-09-23 22:33:46,730 - RLController - INFO -   Action hash: 3968079676476613086
2026-09-23 22:33:46,731 - RLController - INFO -   First 8 values: [ -7.1333466 -10.        -10.        -10.        -10.        -10.
 -10.        -10.       ]
2026-09-23 22:33:46,731 - RLController - INFO -   Last 8 values: [-10.        -10.        -10.        -10.        -10.         -1.7829058
 -10.        -10.       ]
2026-09-23 22:33:46,731 - RLController - INFO -   Action shape: (136,), min: -10.000000, max: 5.094661, mean: -9.249085
2026-09-23 22:33:46,731 - RLController - INFO -   B0 junction (indices 16-19) raw values: [ -9.522872 -10.       -10.       -10.      ]
2026-09-23 22:33:46,731 - RLController - INFO - Using CONTINUOUS DURATION-BASED mode
2026-09-23 22:33:46,732 - RLController - INFO -   Example: junction A0 -> durations [54, 12, 12, 12] (total: 90s)
2026-09-23 22:33:46,732 - RLController - INFO -   Example: junction A1 -> durations [24, 22, 22, 22] (total: 90s)
2026-09-23 22:33:46,732 - RLController - INFO -   Example: junction A2 -> durations [11, 11, 57, 11] (total: 90s)
2026-09-23 22:33:46,732 - RLController - INFO -   Example: junction A4 -> durations [60, 10, 10, 10] (total: 90s)
2026-09-23 22:33:46,732 - RLController - INFO -   Example: junction A5 -> durations [27, 21, 21, 21] (total: 90s)
2026-09-23 22:33:46,732 - RLController - INFO -   Example: junction B0 -> durations [24, 22, 22, 22] (total: 90s)
2026-09-23 22:33:46,732 - RLController - INFO -   Example: junction B1 -> durations [21, 27, 21, 21] (total: 90s)
2026-09-23 22:33:46,732 - RLController - INFO -   Example: junction B2 -> durations [24, 22, 22, 22] (total: 90s)
2026-09-23 22:33:46,732 - RLController - INFO -   Example: junction B4 -> durations [24, 22, 22, 22] (total: 90s)
2026-09-23 22:33:46,733 - RLController - INFO -   Example: junction B5 -> durations [60, 10, 10, 10] (total: 90s)
2026-09-23 22:33:46,733 - RLController - INFO -   Example: junction C0 -> durations [22, 22, 24, 22] (total: 90s)
2026-09-23 22:33:46,733 - RLController - INFO -   Example: junction C1 -> durations [24, 22, 22, 22] (total: 90s)
2026-09-23 22:33:46,733 - RLController - INFO -   Example: junction C2 -> durations [57, 13, 10, 10] (total: 90s)
2026-09-23 22:33:46,733 - RLController - INFO -   Example: junction C3 -> durations [60, 10, 10, 10] (total: 90s)
2026-09-23 22:33:46,733 - RLController - INFO -   Example: junction C4 -> durations [60, 10, 10, 10] (total: 90s)
2026-09-23 22:33:46,733 - RLController - INFO -   Example: junction C5 -> durations [57, 11, 11, 11] (total: 90s)
2026-09-23 22:33:46,734 - RLController - INFO -   Example: junction D0 -> durations [24, 22, 22, 22] (total: 90s)
2026-09-23 22:33:46,734 - RLController - INFO -   Example: junction D1 -> durations [20, 20, 30, 20] (total: 90s)
2026-09-23 22:33:46,734 - RLController - INFO -   Example: junction D2 -> durations [45, 15, 15, 15] (total: 90s)
2026-09-23 22:33:46,734 - RLController - INFO -   Example: junction D3 -> durations [24, 22, 22, 22] (total: 90s)
2026-09-23 22:33:46,734 - RLController - INFO -   Example: junction D4 -> durations [24, 22, 22, 22] (total: 90s)
2026-09-23 22:33:46,734 - RLController - INFO -   Example: junction D5 -> durations [13, 13, 51, 13] (total: 90s)
2026-09-23 22:33:46,734 - RLController - INFO -   Example: junction E0 -> durations [24, 22, 22, 22] (total: 90s)
2026-09-23 22:33:46,734 - RLController - INFO -   Example: junction E1 -> durations [24, 22, 22, 22] (total: 90s)
2026-09-23 22:33:46,735 - RLController - INFO -   Stored schedules for 34 junctions, cycle starts at step 2430
2026-09-23 22:33:49,503 - RLController - INFO - DIAGNOSTIC Step 2520 - Observation stats:
2026-09-23 22:33:49,503 - RLController - INFO -   Hash: 2211698996924460591, Min: 0.000000, Max: 1.000000, Mean: 0.404198, Std: 0.449843
2026-09-23 22:33:49,503 - RLController - INFO -   First 10: [1.  0.  0.  0.  0.  0.5 1.  0.  0.  0. ]
2026-09-23 22:33:49,504 - RLController - INFO -   Last 10: [0.         0.2        0.         0.08333334 0.41880342 0.00280947
 0.06286325 0.5978397  0.         0.3       ]
2026-09-23 22:33:49,509 - RLController - INFO - DIAGNOSTIC - Raw model action output:
2026-09-23 22:33:49,509 - RLController - INFO -   Action hash: -3594048032669591819
2026-09-23 22:33:49,509 - RLController - INFO -   First 8 values: [ -6.8836923 -10.        -10.        -10.        -10.        -10.
 -10.        -10.       ]
2026-09-23 22:33:49,510 - RLController - INFO -   Last 8 values: [-10.        -10.        -10.        -10.        -10.         -2.3014696
 -10.        -10.       ]
2026-09-23 22:33:49,510 - RLController - INFO -   Action shape: (136,), min: -10.000000, max: 4.437297, mean: -9.242336
2026-09-23 22:33:49,510 - RLController - INFO -   B0 junction (indices 16-19) raw values: [ -9.607784 -10.       -10.       -10.      ]
2026-09-23 22:33:49,510 - RLController - INFO - Using CONTINUOUS DURATION-BASED mode
2026-09-23 22:33:49,510 - RLController - INFO -   Example: junction A0 -> durations [54, 12, 12, 12] (total: 90s)
2026-09-23 22:33:49,510 - RLController - INFO -   Example: junction A1 -> durations [24, 22, 22, 22] (total: 90s)
2026-09-23 22:33:49,511 - RLController - INFO -   Example: junction A2 -> durations [11, 11, 57, 11] (total: 90s)
2026-09-23 22:33:49,511 - RLController - INFO -   Example: junction A4 -> durations [60, 10, 10, 10] (total: 90s)
2026-09-23 22:33:49,511 - RLController - INFO -   Example: junction A5 -> durations [27, 21, 21, 21] (total: 90s)
2026-09-23 22:33:49,511 - RLController - INFO -   Example: junction B0 -> durations [24, 22, 22, 22] (total: 90s)
2026-09-23 22:33:49,512 - RLController - INFO -   Example: junction B1 -> durations [21, 27, 21, 21] (total: 90s)
2026-09-23 22:33:49,512 - RLController - INFO -   Example: junction B2 -> durations [24, 22, 22, 22] (total: 90s)
2026-09-23 22:33:49,512 - RLController - INFO -   Example: junction B4 -> durations [24, 22, 22, 22] (total: 90s)
2026-09-23 22:33:49,512 - RLController - INFO -   Example: junction B5 -> durations [60, 10, 10, 10] (total: 90s)
2026-09-23 22:33:49,513 - RLController - INFO -   Example: junction C0 -> durations [22, 22, 24, 22] (total: 90s)
2026-09-23 22:33:49,513 - RLController - INFO -   Example: junction C1 -> durations [24, 22, 22, 22] (total: 90s)
2026-09-23 22:33:49,513 - RLController - INFO -   Example: junction C2 -> durations [57, 13, 10, 10] (total: 90s)
2026-09-23 22:33:49,514 - RLController - INFO -   Example: junction C3 -> durations [60, 10, 10, 10] (total: 90s)
2026-09-23 22:33:49,514 - RLController - INFO -   Example: junction C4 -> durations [60, 10, 10, 10] (total: 90s)
2026-09-23 22:33:49,514 - RLController - INFO -   Example: junction C5 -> durations [57, 11, 11, 11] (total: 90s)
2026-09-23 22:33:49,514 - RLController - INFO -   Example: junction D0 -> durations [24, 22, 22, 22] (total: 90s)
2026-09-23 22:33:49,514 - RLController - INFO -   Example: junction D1 -> durations [20, 20, 30, 20] (total: 90s)
2026-09-23 22:33:49,515 - RLController - INFO -   Example: junction D2 -> durations [48, 14, 14, 14] (total: 90s)
2026-09-23 22:33:49,515 - RLController - INFO -   Example: junction D3 -> durations [24, 22, 22, 22] (total: 90s)
2026-09-23 22:33:49,515 - RLController - INFO -   Example: junction D4 -> durations [24, 22, 22, 22] (total: 90s)
2026-09-23 22:33:49,515 - RLController - INFO -   Example: junction D5 -> durations [13, 13, 51, 13] (total: 90s)
2026-09-23 22:33:49,516 - RLController - INFO -   Example: junction E0 -> durations [24, 22, 22, 22] (total: 90s)
2026-09-23 22:33:49,516 - RLController - INFO -   Example: junction E1 -> durations [24, 22, 22, 22] (total: 90s)
2026-09-23 22:33:49,517 - RLController - INFO -   Stored schedules for 34 junctions, cycle starts at step 2520
2026-09-23 22:33:52,328 - RLController - INFO - DIAGNOSTIC Step 2610 - Observation stats:
2026-09-23 22:33:52,328 - RLController - INFO -   Hash: -7009836307907596575, Min: 0.000000, Max: 1.000000, Mean: 0.408159, Std: 0.451304
2026-09-23 22:33:52,329 - RLController - INFO -   First 10: [1.  0.  0.  0.  0.  0.5 1.  0.  0.  0. ]
2026-09-23 22:33:52,329 - RLController - INFO -   Last 10: [0.         0.2        0.         0.08333334 0.43162394 0.00305368
 0.06542735 0.58826476 0.         0.3       ]
2026-09-23 22:33:52,334 - RLController - INFO - DIAGNOSTIC - Raw model action output:
2026-09-23 22:33:52,334 - RLController - INFO -   Action hash: 3065682653406814362
2026-09-23 22:33:52,334 - RLController - INFO -   First 8 values: [ -7.308601 -10.       -10.       -10.       -10.       -10.
 -10.       -10.      ]
2026-09-23 22:33:52,334 - RLController - INFO -   Last 8 values: [-10.        -10.        -10.        -10.        -10.         -1.0321708
 -10.        -10.       ]
2026-09-23 22:33:52,335 - RLController - INFO -   Action shape: (136,), min: -10.000000, max: 5.581677, mean: -9.231555
2026-09-23 22:33:52,335 - RLController - INFO -   B0 junction (indices 16-19) raw values: [ -9.452937 -10.       -10.       -10.      ]
2026-09-23 22:33:52,335 - RLController - INFO - Using CONTINUOUS DURATION-BASED mode
2026-09-23 22:33:52,335 - RLController - INFO -   Example: junction A0 -> durations [51, 13, 13, 13] (total: 90s)
2026-09-23 22:33:52,335 - RLController - INFO -   Example: junction A1 -> durations [24, 22, 22, 22] (total: 90s)
2026-09-23 22:33:52,335 - RLController - INFO -   Example: junction A2 -> durations [11, 11, 57, 11] (total: 90s)
2026-09-23 22:33:52,335 - RLController - INFO -   Example: junction A4 -> durations [60, 10, 10, 10] (total: 90s)
2026-09-23 22:33:52,336 - RLController - INFO -   Example: junction A5 -> durations [27, 21, 21, 21] (total: 90s)
2026-09-23 22:33:52,336 - RLController - INFO -   Example: junction B0 -> durations [24, 22, 22, 22] (total: 90s)
2026-09-23 22:33:52,336 - RLController - INFO -   Example: junction B1 -> durations [24, 22, 22, 22] (total: 90s)
2026-09-23 22:33:52,336 - RLController - INFO -   Example: junction B2 -> durations [24, 22, 22, 22] (total: 90s)
2026-09-23 22:33:52,336 - RLController - INFO -   Example: junction B4 -> durations [24, 22, 22, 22] (total: 90s)
2026-09-23 22:33:52,336 - RLController - INFO -   Example: junction B5 -> durations [60, 10, 10, 10] (total: 90s)
2026-09-23 22:33:52,336 - RLController - INFO -   Example: junction C0 -> durations [21, 21, 27, 21] (total: 90s)
2026-09-23 22:33:52,336 - RLController - INFO -   Example: junction C1 -> durations [24, 22, 22, 22] (total: 90s)
2026-09-23 22:33:52,337 - RLController - INFO -   Example: junction C2 -> durations [57, 13, 10, 10] (total: 90s)
2026-09-23 22:33:52,337 - RLController - INFO -   Example: junction C3 -> durations [60, 10, 10, 10] (total: 90s)
2026-09-23 22:33:52,337 - RLController - INFO -   Example: junction C4 -> durations [60, 10, 10, 10] (total: 90s)
2026-09-23 22:33:52,337 - RLController - INFO -   Example: junction C5 -> durations [57, 11, 11, 11] (total: 90s)
2026-09-23 22:33:52,337 - RLController - INFO -   Example: junction D0 -> durations [24, 22, 22, 22] (total: 90s)
2026-09-23 22:33:52,337 - RLController - INFO -   Example: junction D1 -> durations [21, 21, 27, 21] (total: 90s)
2026-09-23 22:33:52,337 - RLController - INFO -   Example: junction D2 -> durations [48, 14, 14, 14] (total: 90s)
2026-09-23 22:33:52,337 - RLController - INFO -   Example: junction D3 -> durations [24, 22, 22, 22] (total: 90s)
2026-09-23 22:33:52,338 - RLController - INFO -   Example: junction D4 -> durations [24, 22, 22, 22] (total: 90s)
2026-09-23 22:33:52,338 - RLController - INFO -   Example: junction D5 -> durations [12, 12, 54, 12] (total: 90s)
2026-09-23 22:33:52,338 - RLController - INFO -   Example: junction E0 -> durations [24, 22, 22, 22] (total: 90s)
2026-09-23 22:33:52,338 - RLController - INFO -   Example: junction E1 -> durations [24, 22, 22, 22] (total: 90s)
2026-09-23 22:33:52,339 - RLController - INFO -   Stored schedules for 34 junctions, cycle starts at step 2610
2026-09-23 22:33:55,135 - RLController - INFO - DIAGNOSTIC Step 2700 - Observation stats:
2026-09-23 22:33:55,135 - RLController - INFO -   Hash: 7052786825007743590, Min: 0.000000, Max: 1.000000, Mean: 0.408792, Std: 0.451234
2026-09-23 22:33:55,135 - RLController - INFO -   First 10: [1.         0.         0.         0.         0.         0.5
 0.         1.         0.99333334 1.        ]
2026-09-23 22:33:55,135 - RLController - INFO -   Last 10: [0.         0.2        0.         0.08333334 0.42948717 0.00262841
 0.06628205 0.58393407 0.         0.3       ]
2026-09-23 22:33:55,138 - RLController - INFO - DIAGNOSTIC - Raw model action output:
2026-09-23 22:33:55,138 - RLController - INFO -   Action hash: 2067707513625768156
2026-09-23 22:33:55,139 - RLController - INFO -   First 8 values: [ -7.300598 -10.       -10.       -10.       -10.       -10.
 -10.       -10.      ]
2026-09-23 22:33:55,139 - RLController - INFO -   Last 8 values: [-10.        -10.        -10.        -10.        -10.         -1.4413545
 -10.        -10.       ]
2026-09-23 22:33:55,139 - RLController - INFO -   Action shape: (136,), min: -10.000000, max: 5.111394, mean: -9.241349
2026-09-23 22:33:55,139 - RLController - INFO -   B0 junction (indices 16-19) raw values: [ -9.645197 -10.       -10.       -10.      ]
2026-09-23 22:33:55,139 - RLController - INFO - Using CONTINUOUS DURATION-BASED mode
2026-09-23 22:33:55,139 - RLController - INFO -   Example: junction A0 -> durations [51, 13, 13, 13] (total: 90s)
2026-09-23 22:33:55,140 - RLController - INFO -   Example: junction A1 -> durations [24, 22, 22, 22] (total: 90s)
2026-09-23 22:33:55,140 - RLController - INFO -   Example: junction A2 -> durations [11, 11, 57, 11] (total: 90s)
2026-09-23 22:33:55,140 - RLController - INFO -   Example: junction A4 -> durations [60, 10, 10, 10] (total: 90s)
2026-09-23 22:33:55,140 - RLController - INFO -   Example: junction A5 -> durations [27, 21, 21, 21] (total: 90s)
2026-09-23 22:33:55,140 - RLController - INFO -   Example: junction B0 -> durations [24, 22, 22, 22] (total: 90s)
2026-09-23 22:33:55,140 - RLController - INFO -   Example: junction B1 -> durations [24, 22, 22, 22] (total: 90s)
2026-09-23 22:33:55,140 - RLController - INFO -   Example: junction B2 -> durations [24, 22, 22, 22] (total: 90s)
2026-09-23 22:33:55,140 - RLController - INFO -   Example: junction B4 -> durations [24, 22, 22, 22] (total: 90s)
2026-09-23 22:33:55,141 - RLController - INFO -   Example: junction B5 -> durations [60, 10, 10, 10] (total: 90s)
2026-09-23 22:33:55,141 - RLController - INFO -   Example: junction C0 -> durations [21, 21, 27, 21] (total: 90s)
2026-09-23 22:33:55,141 - RLController - INFO -   Example: junction C1 -> durations [24, 22, 22, 22] (total: 90s)
2026-09-23 22:33:55,141 - RLController - INFO -   Example: junction C2 -> durations [56, 14, 10, 10] (total: 90s)
2026-09-23 22:33:55,141 - RLController - INFO -   Example: junction C3 -> durations [60, 10, 10, 10] (total: 90s)
2026-09-23 22:33:55,141 - RLController - INFO -   Example: junction C4 -> durations [60, 10, 10, 10] (total: 90s)
2026-09-23 22:33:55,141 - RLController - INFO -   Example: junction C5 -> durations [57, 11, 11, 11] (total: 90s)
2026-09-23 22:33:55,141 - RLController - INFO -   Example: junction D0 -> durations [24, 22, 22, 22] (total: 90s)
2026-09-23 22:33:55,142 - RLController - INFO -   Example: junction D1 -> durations [20, 20, 30, 20] (total: 90s)
2026-09-23 22:33:55,142 - RLController - INFO -   Example: junction D2 -> durations [48, 14, 14, 14] (total: 90s)
2026-09-23 22:33:55,142 - RLController - INFO -   Example: junction D3 -> durations [24, 22, 22, 22] (total: 90s)
2026-09-23 22:33:55,142 - RLController - INFO -   Example: junction D4 -> durations [24, 22, 22, 22] (total: 90s)
2026-09-23 22:33:55,142 - RLController - INFO -   Example: junction D5 -> durations [12, 12, 54, 12] (total: 90s)
2026-09-23 22:33:55,142 - RLController - INFO -   Example: junction E0 -> durations [24, 22, 22, 22] (total: 90s)
2026-09-23 22:33:55,142 - RLController - INFO -   Example: junction E1 -> durations [24, 22, 22, 22] (total: 90s)
2026-09-23 22:33:55,143 - RLController - INFO -   Stored schedules for 34 junctions, cycle starts at step 2700
2026-09-23 22:33:58,101 - RLController - INFO - DIAGNOSTIC Step 2790 - Observation stats:
2026-09-23 22:33:58,101 - RLController - INFO -   Hash: -336156166616468943, Min: 0.000000, Max: 1.000000, Mean: 0.417740, Std: 0.451056
2026-09-23 22:33:58,101 - RLController - INFO -   First 10: [1.         0.         0.         0.         0.         0.5
 0.         1.         0.99333334 1.        ]
2026-09-23 22:33:58,102 - RLController - INFO -   Last 10: [0.         0.2        0.         0.08333334 0.44230768 0.00310245
 0.06713675 0.57283086 0.         0.3       ]
2026-09-23 22:33:58,106 - RLController - INFO - DIAGNOSTIC - Raw model action output:
2026-09-23 22:33:58,106 - RLController - INFO -   Action hash: 1739025845758175228
2026-09-23 22:33:58,107 - RLController - INFO -   First 8 values: [ -7.1934457 -10.        -10.        -10.        -10.        -10.
 -10.        -10.       ]
2026-09-23 22:33:58,107 - RLController - INFO -   Last 8 values: [-10.        -10.        -10.        -10.        -10.         -2.0048454
 -10.        -10.       ]
2026-09-23 22:33:58,107 - RLController - INFO -   Action shape: (136,), min: -10.000000, max: 5.287094, mean: -9.235610
2026-09-23 22:33:58,107 - RLController - INFO -   B0 junction (indices 16-19) raw values: [ -9.434869 -10.       -10.       -10.      ]
2026-09-23 22:33:58,107 - RLController - INFO - Using CONTINUOUS DURATION-BASED mode
2026-09-23 22:33:58,108 - RLController - INFO -   Example: junction A0 -> durations [51, 13, 13, 13] (total: 90s)
2026-09-23 22:33:58,108 - RLController - INFO -   Example: junction A1 -> durations [24, 22, 22, 22] (total: 90s)
2026-09-23 22:33:58,108 - RLController - INFO -   Example: junction A2 -> durations [11, 11, 57, 11] (total: 90s)
2026-09-23 22:33:58,108 - RLController - INFO -   Example: junction A4 -> durations [60, 10, 10, 10] (total: 90s)
2026-09-23 22:33:58,108 - RLController - INFO -   Example: junction A5 -> durations [27, 21, 21, 21] (total: 90s)
2026-09-23 22:33:58,108 - RLController - INFO -   Example: junction B0 -> durations [24, 22, 22, 22] (total: 90s)
2026-09-23 22:33:58,108 - RLController - INFO -   Example: junction B1 -> durations [22, 24, 22, 22] (total: 90s)
2026-09-23 22:33:58,109 - RLController - INFO -   Example: junction B2 -> durations [24, 22, 22, 22] (total: 90s)
2026-09-23 22:33:58,109 - RLController - INFO -   Example: junction B4 -> durations [24, 22, 22, 22] (total: 90s)
2026-09-23 22:33:58,109 - RLController - INFO -   Example: junction B5 -> durations [60, 10, 10, 10] (total: 90s)
2026-09-23 22:33:58,109 - RLController - INFO -   Example: junction C0 -> durations [21, 21, 27, 21] (total: 90s)
2026-09-23 22:33:58,109 - RLController - INFO -   Example: junction C1 -> durations [24, 22, 22, 22] (total: 90s)
2026-09-23 22:33:58,109 - RLController - INFO -   Example: junction C2 -> durations [57, 13, 10, 10] (total: 90s)
2026-09-23 22:33:58,109 - RLController - INFO -   Example: junction C3 -> durations [60, 10, 10, 10] (total: 90s)
2026-09-23 22:33:58,109 - RLController - INFO -   Example: junction C4 -> durations [60, 10, 10, 10] (total: 90s)
2026-09-23 22:33:58,110 - RLController - INFO -   Example: junction C5 -> durations [57, 11, 11, 11] (total: 90s)
2026-09-23 22:33:58,110 - RLController - INFO -   Example: junction D0 -> durations [24, 22, 22, 22] (total: 90s)
2026-09-23 22:33:58,110 - RLController - INFO -   Example: junction D1 -> durations [20, 20, 30, 20] (total: 90s)
2026-09-23 22:33:58,110 - RLController - INFO -   Example: junction D2 -> durations [48, 14, 14, 14] (total: 90s)
2026-09-23 22:33:58,110 - RLController - INFO -   Example: junction D3 -> durations [24, 22, 22, 22] (total: 90s)
2026-09-23 22:33:58,110 - RLController - INFO -   Example: junction D4 -> durations [24, 22, 22, 22] (total: 90s)
2026-09-23 22:33:58,110 - RLController - INFO -   Example: junction D5 -> durations [12, 12, 54, 12] (total: 90s)
2026-09-23 22:33:58,110 - RLController - INFO -   Example: junction E0 -> durations [24, 22, 22, 22] (total: 90s)
2026-09-23 22:33:58,111 - RLController - INFO -   Example: junction E1 -> durations [24, 22, 22, 22] (total: 90s)
2026-09-23 22:33:58,111 - RLController - INFO -   Stored schedules for 34 junctions, cycle starts at step 2790
2026-09-23 22:34:01,303 - RLController - INFO - DIAGNOSTIC Step 2880 - Observation stats:
2026-09-23 22:34:01,304 - RLController - INFO -   Hash: -9035137899404261570, Min: 0.000000, Max: 1.000000, Mean: 0.418348, Std: 0.453252
2026-09-23 22:34:01,304 - RLController - INFO -   First 10: [1.         0.         0.         0.         0.         0.5
 0.         1.         0.99333334 1.        ]
2026-09-23 22:34:01,304 - RLController - INFO -   Last 10: [0.         0.2        0.         0.08333334 0.44230768 0.00296856
 0.06811966 0.5729111  0.         0.3       ]
2026-09-23 22:34:01,308 - RLController - INFO - DIAGNOSTIC - Raw model action output:
2026-09-23 22:34:01,308 - RLController - INFO -   Action hash: -6778492028196557498
2026-09-23 22:34:01,308 - RLController - INFO -   First 8 values: [ -7.6127653 -10.        -10.        -10.        -10.        -10.
 -10.        -10.       ]
2026-09-23 22:34:01,309 - RLController - INFO -   Last 8 values: [-10.        -10.        -10.        -10.        -10.         -2.3868873
 -10.        -10.       ]
2026-09-23 22:34:01,309 - RLController - INFO -   Action shape: (136,), min: -10.000000, max: 4.808937, mean: -9.279628
2026-09-23 22:34:01,309 - RLController - INFO -   B0 junction (indices 16-19) raw values: [ -9.814828 -10.       -10.       -10.      ]
2026-09-23 22:34:01,309 - RLController - INFO - Using CONTINUOUS DURATION-BASED mode
2026-09-23 22:34:01,309 - RLController - INFO -   Example: junction A0 -> durations [48, 14, 14, 14] (total: 90s)
2026-09-23 22:34:01,310 - RLController - INFO -   Example: junction A1 -> durations [24, 22, 22, 22] (total: 90s)
2026-09-23 22:34:01,310 - RLController - INFO -   Example: junction A2 -> durations [11, 11, 57, 11] (total: 90s)
2026-09-23 22:34:01,310 - RLController - INFO -   Example: junction A4 -> durations [60, 10, 10, 10] (total: 90s)
2026-09-23 22:34:01,310 - RLController - INFO -   Example: junction A5 -> durations [24, 22, 22, 22] (total: 90s)
2026-09-23 22:34:01,310 - RLController - INFO -   Example: junction B0 -> durations [24, 22, 22, 22] (total: 90s)
2026-09-23 22:34:01,310 - RLController - INFO -   Example: junction B1 -> durations [24, 22, 22, 22] (total: 90s)
2026-09-23 22:34:01,310 - RLController - INFO -   Example: junction B2 -> durations [24, 22, 22, 22] (total: 90s)
2026-09-23 22:34:01,311 - RLController - INFO -   Example: junction B4 -> durations [24, 22, 22, 22] (total: 90s)
2026-09-23 22:34:01,311 - RLController - INFO -   Example: junction B5 -> durations [60, 10, 10, 10] (total: 90s)
2026-09-23 22:34:01,311 - RLController - INFO -   Example: junction C0 -> durations [22, 22, 24, 22] (total: 90s)
2026-09-23 22:34:01,311 - RLController - INFO -   Example: junction C1 -> durations [24, 22, 22, 22] (total: 90s)
2026-09-23 22:34:01,311 - RLController - INFO -   Example: junction C2 -> durations [58, 12, 10, 10] (total: 90s)
2026-09-23 22:34:01,311 - RLController - INFO -   Example: junction C3 -> durations [60, 10, 10, 10] (total: 90s)
2026-09-23 22:34:01,311 - RLController - INFO -   Example: junction C4 -> durations [60, 10, 10, 10] (total: 90s)
2026-09-23 22:34:01,311 - RLController - INFO -   Example: junction C5 -> durations [57, 11, 11, 11] (total: 90s)
2026-09-23 22:34:01,311 - RLController - INFO -   Example: junction D0 -> durations [24, 22, 22, 22] (total: 90s)
2026-09-23 22:34:01,312 - RLController - INFO -   Example: junction D1 -> durations [21, 21, 27, 21] (total: 90s)
2026-09-23 22:34:01,312 - RLController - INFO -   Example: junction D2 -> durations [45, 15, 15, 15] (total: 90s)
2026-09-23 22:34:01,312 - RLController - INFO -   Example: junction D3 -> durations [24, 22, 22, 22] (total: 90s)
2026-09-23 22:34:01,312 - RLController - INFO -   Example: junction D4 -> durations [24, 22, 22, 22] (total: 90s)
2026-09-23 22:34:01,312 - RLController - INFO -   Example: junction D5 -> durations [14, 14, 48, 14] (total: 90s)
2026-09-23 22:34:01,312 - RLController - INFO -   Example: junction E0 -> durations [24, 22, 22, 22] (total: 90s)
2026-09-23 22:34:01,312 - RLController - INFO -   Example: junction E1 -> durations [24, 22, 22, 22] (total: 90s)
2026-09-23 22:34:01,313 - RLController - INFO -   Stored schedules for 34 junctions, cycle starts at step 2880
2026-09-23 22:34:04,330 - RLController - INFO - DIAGNOSTIC Step 2970 - Observation stats:
2026-09-23 22:34:04,330 - RLController - INFO -   Hash: -3708517871111565425, Min: 0.000000, Max: 1.000000, Mean: 0.410770, Std: 0.450850
2026-09-23 22:34:04,331 - RLController - INFO -   First 10: [1.  0.  0.  0.  0.  0.5 1.  0.  0.  0. ]
2026-09-23 22:34:04,331 - RLController - INFO -   Last 10: [0.         0.2        0.         0.08333334 0.42948717 0.00314602
 0.0673077  0.58735055 0.         0.3       ]
2026-09-23 22:34:04,336 - RLController - INFO - DIAGNOSTIC - Raw model action output:
2026-09-23 22:34:04,336 - RLController - INFO -   Action hash: 4826497658285206587
2026-09-23 22:34:04,336 - RLController - INFO -   First 8 values: [ -7.0563855 -10.        -10.        -10.        -10.        -10.
 -10.        -10.       ]
2026-09-23 22:34:04,337 - RLController - INFO -   Last 8 values: [-10.        -10.        -10.        -10.        -10.         -2.2497418
 -10.        -10.       ]
2026-09-23 22:34:04,337 - RLController - INFO -   Action shape: (136,), min: -10.000000, max: 4.999599, mean: -9.244087
2026-09-23 22:34:04,337 - RLController - INFO -   B0 junction (indices 16-19) raw values: [ -9.977969 -10.       -10.       -10.      ]
2026-09-23 22:34:04,337 - RLController - INFO - Using CONTINUOUS DURATION-BASED mode
2026-09-23 22:34:04,337 - RLController - INFO -   Example: junction A0 -> durations [54, 12, 12, 12] (total: 90s)
2026-09-23 22:34:04,337 - RLController - INFO -   Example: junction A1 -> durations [24, 22, 22, 22] (total: 90s)
2026-09-23 22:34:04,337 - RLController - INFO -   Example: junction A2 -> durations [12, 12, 54, 12] (total: 90s)
2026-09-23 22:34:04,337 - RLController - INFO -   Example: junction A4 -> durations [60, 10, 10, 10] (total: 90s)
2026-09-23 22:34:04,338 - RLController - INFO -   Example: junction A5 -> durations [24, 22, 22, 22] (total: 90s)
2026-09-23 22:34:04,338 - RLController - INFO -   Example: junction B0 -> durations [24, 22, 22, 22] (total: 90s)
2026-09-23 22:34:04,338 - RLController - INFO -   Example: junction B1 -> durations [22, 24, 22, 22] (total: 90s)
2026-09-23 22:34:04,338 - RLController - INFO -   Example: junction B2 -> durations [24, 22, 22, 22] (total: 90s)
2026-09-23 22:34:04,338 - RLController - INFO -   Example: junction B4 -> durations [24, 22, 22, 22] (total: 90s)
2026-09-23 22:34:04,338 - RLController - INFO -   Example: junction B5 -> durations [60, 10, 10, 10] (total: 90s)
2026-09-23 22:34:04,338 - RLController - INFO -   Example: junction C0 -> durations [20, 20, 30, 20] (total: 90s)
2026-09-23 22:34:04,338 - RLController - INFO -   Example: junction C1 -> durations [24, 22, 22, 22] (total: 90s)
2026-09-23 22:34:04,339 - RLController - INFO -   Example: junction C2 -> durations [55, 15, 10, 10] (total: 90s)
2026-09-23 22:34:04,339 - RLController - INFO -   Example: junction C3 -> durations [60, 10, 10, 10] (total: 90s)
2026-09-23 22:34:04,339 - RLController - INFO -   Example: junction C4 -> durations [57, 11, 11, 11] (total: 90s)
2026-09-23 22:34:04,339 - RLController - INFO -   Example: junction C5 -> durations [57, 11, 11, 11] (total: 90s)
2026-09-23 22:34:04,339 - RLController - INFO -   Example: junction D0 -> durations [24, 22, 22, 22] (total: 90s)
2026-09-23 22:34:04,339 - RLController - INFO -   Example: junction D1 -> durations [19, 19, 33, 19] (total: 90s)
2026-09-23 22:34:04,339 - RLController - INFO -   Example: junction D2 -> durations [51, 13, 13, 13] (total: 90s)
2026-09-23 22:34:04,340 - RLController - INFO -   Example: junction D3 -> durations [24, 22, 22, 22] (total: 90s)
2026-09-23 22:34:04,340 - RLController - INFO -   Example: junction D4 -> durations [24, 22, 22, 22] (total: 90s)
2026-09-23 22:34:04,340 - RLController - INFO -   Example: junction D5 -> durations [13, 13, 51, 13] (total: 90s)
2026-09-23 22:34:04,340 - RLController - INFO -   Example: junction E0 -> durations [24, 22, 22, 22] (total: 90s)
2026-09-23 22:34:04,340 - RLController - INFO -   Example: junction E1 -> durations [24, 22, 22, 22] (total: 90s)
2026-09-23 22:34:04,341 - RLController - INFO -   Stored schedules for 34 junctions, cycle starts at step 2970
2026-09-23 22:34:07,380 - RLController - INFO - DIAGNOSTIC Step 3060 - Observation stats:
2026-09-23 22:34:07,380 - RLController - INFO -   Hash: 9201746578043561586, Min: 0.000000, Max: 1.000218, Mean: 0.420476, Std: 0.455097
2026-09-23 22:34:07,381 - RLController - INFO -   First 10: [1.         0.         0.         0.         0.         0.5
 0.         0.         0.99333334 1.        ]
2026-09-23 22:34:07,381 - RLController - INFO -   Last 10: [0.         0.2        0.         0.08333334 0.4508547  0.00236653
 0.06880342 0.5595311  0.         0.3       ]
2026-09-23 22:34:07,385 - RLController - INFO - DIAGNOSTIC - Raw model action output:
2026-09-23 22:34:07,385 - RLController - INFO -   Action hash: -5386965933584110101
2026-09-23 22:34:07,386 - RLController - INFO -   First 8 values: [ -7.3924384 -10.        -10.        -10.        -10.        -10.
 -10.        -10.       ]
2026-09-23 22:34:07,386 - RLController - INFO -   Last 8 values: [-10.        -10.        -10.        -10.        -10.         -1.2172041
 -10.        -10.       ]
2026-09-23 22:34:07,386 - RLController - INFO -   Action shape: (136,), min: -10.000000, max: 4.951819, mean: -9.253088
2026-09-23 22:34:07,386 - RLController - INFO -   B0 junction (indices 16-19) raw values: [-10. -10. -10. -10.]
2026-09-23 22:34:07,386 - RLController - INFO - Using CONTINUOUS DURATION-BASED mode
2026-09-23 22:34:07,386 - RLController - INFO -   Example: junction A0 -> durations [51, 13, 13, 13] (total: 90s)
2026-09-23 22:34:07,387 - RLController - INFO -   Example: junction A1 -> durations [24, 22, 22, 22] (total: 90s)
2026-09-23 22:34:07,387 - RLController - INFO -   Example: junction A2 -> durations [12, 12, 54, 12] (total: 90s)
2026-09-23 22:34:07,387 - RLController - INFO -   Example: junction A4 -> durations [60, 10, 10, 10] (total: 90s)
2026-09-23 22:34:07,387 - RLController - INFO -   Example: junction A5 -> durations [24, 22, 22, 22] (total: 90s)
2026-09-23 22:34:07,387 - RLController - INFO -   Example: junction B0 -> durations [24, 22, 22, 22] (total: 90s)
2026-09-23 22:34:07,387 - RLController - INFO -   Example: junction B1 -> durations [24, 22, 22, 22] (total: 90s)
2026-09-23 22:34:07,387 - RLController - INFO -   Example: junction B2 -> durations [24, 22, 22, 22] (total: 90s)
2026-09-23 22:34:07,387 - RLController - INFO -   Example: junction B4 -> durations [24, 22, 22, 22] (total: 90s)
2026-09-23 22:34:07,388 - RLController - INFO -   Example: junction B5 -> durations [60, 10, 10, 10] (total: 90s)
2026-09-23 22:34:07,388 - RLController - INFO -   Example: junction C0 -> durations [22, 22, 24, 22] (total: 90s)
2026-09-23 22:34:07,388 - RLController - INFO -   Example: junction C1 -> durations [24, 22, 22, 22] (total: 90s)
2026-09-23 22:34:07,388 - RLController - INFO -   Example: junction C2 -> durations [56, 14, 10, 10] (total: 90s)
2026-09-23 22:34:07,388 - RLController - INFO -   Example: junction C3 -> durations [60, 10, 10, 10] (total: 90s)
2026-09-23 22:34:07,388 - RLController - INFO -   Example: junction C4 -> durations [57, 11, 11, 11] (total: 90s)
2026-09-23 22:34:07,388 - RLController - INFO -   Example: junction C5 -> durations [57, 11, 11, 11] (total: 90s)
2026-09-23 22:34:07,388 - RLController - INFO -   Example: junction D0 -> durations [24, 22, 22, 22] (total: 90s)
2026-09-23 22:34:07,388 - RLController - INFO -   Example: junction D1 -> durations [21, 21, 27, 21] (total: 90s)
2026-09-23 22:34:07,389 - RLController - INFO -   Example: junction D2 -> durations [45, 15, 15, 15] (total: 90s)
2026-09-23 22:34:07,389 - RLController - INFO -   Example: junction D3 -> durations [24, 22, 22, 22] (total: 90s)
2026-09-23 22:34:07,389 - RLController - INFO -   Example: junction D4 -> durations [24, 22, 22, 22] (total: 90s)
2026-09-23 22:34:07,389 - RLController - INFO -   Example: junction D5 -> durations [12, 12, 54, 12] (total: 90s)
2026-09-23 22:34:07,389 - RLController - INFO -   Example: junction E0 -> durations [24, 22, 22, 22] (total: 90s)
2026-09-23 22:34:07,389 - RLController - INFO -   Example: junction E1 -> durations [24, 22, 22, 22] (total: 90s)
2026-09-23 22:34:07,390 - RLController - INFO -   Stored schedules for 34 junctions, cycle starts at step 3060
2026-09-23 22:34:10,457 - RLController - INFO - DIAGNOSTIC Step 3150 - Observation stats:
2026-09-23 22:34:10,457 - RLController - INFO -   Hash: -3865299923035687027, Min: 0.000000, Max: 1.000000, Mean: 0.416794, Std: 0.453124
2026-09-23 22:34:10,458 - RLController - INFO -   First 10: [1.         0.         0.         0.         0.         0.5
 0.         1.         0.99333334 1.        ]
2026-09-23 22:34:10,458 - RLController - INFO -   Last 10: [0.         0.2        0.         0.08333334 0.44230768 0.00311349
 0.0691453  0.57368475 0.         0.3       ]
2026-09-23 22:34:10,462 - RLController - INFO - DIAGNOSTIC - Raw model action output:
2026-09-23 22:34:10,462 - RLController - INFO -   Action hash: 310853535132424014
2026-09-23 22:34:10,462 - RLController - INFO -   First 8 values: [ -7.0193686 -10.        -10.        -10.        -10.        -10.
 -10.        -10.       ]
2026-09-23 22:34:10,463 - RLController - INFO -   Last 8 values: [-10.        -10.        -10.        -10.        -10.         -1.4564853
 -10.        -10.       ]
2026-09-23 22:34:10,463 - RLController - INFO -   Action shape: (136,), min: -10.000000, max: 5.721004, mean: -9.237524
2026-09-23 22:34:10,463 - RLController - INFO -   B0 junction (indices 16-19) raw values: [ -9.757525 -10.       -10.       -10.      ]
2026-09-23 22:34:10,463 - RLController - INFO - Using CONTINUOUS DURATION-BASED mode
2026-09-23 22:34:10,463 - RLController - INFO -   Example: junction A0 -> durations [54, 12, 12, 12] (total: 90s)
2026-09-23 22:34:10,463 - RLController - INFO -   Example: junction A1 -> durations [24, 22, 22, 22] (total: 90s)
2026-09-23 22:34:10,464 - RLController - INFO -   Example: junction A2 -> durations [12, 12, 54, 12] (total: 90s)
2026-09-23 22:34:10,464 - RLController - INFO -   Example: junction A4 -> durations [60, 10, 10, 10] (total: 90s)
2026-09-23 22:34:10,465 - RLController - INFO -   Example: junction A5 -> durations [24, 22, 22, 22] (total: 90s)
2026-09-23 22:34:10,465 - RLController - INFO -   Example: junction B0 -> durations [24, 22, 22, 22] (total: 90s)
2026-09-23 22:34:10,465 - RLController - INFO -   Example: junction B1 -> durations [24, 22, 22, 22] (total: 90s)
2026-09-23 22:34:10,465 - RLController - INFO -   Example: junction B2 -> durations [24, 22, 22, 22] (total: 90s)
2026-09-23 22:34:10,465 - RLController - INFO -   Example: junction B4 -> durations [24, 22, 22, 22] (total: 90s)
2026-09-23 22:34:10,465 - RLController - INFO -   Example: junction B5 -> durations [60, 10, 10, 10] (total: 90s)
2026-09-23 22:34:10,465 - RLController - INFO -   Example: junction C0 -> durations [21, 21, 27, 21] (total: 90s)
2026-09-23 22:34:10,465 - RLController - INFO -   Example: junction C1 -> durations [24, 22, 22, 22] (total: 90s)
2026-09-23 22:34:10,466 - RLController - INFO -   Example: junction C2 -> durations [57, 13, 10, 10] (total: 90s)
2026-09-23 22:34:10,466 - RLController - INFO -   Example: junction C3 -> durations [60, 10, 10, 10] (total: 90s)
2026-09-23 22:34:10,466 - RLController - INFO -   Example: junction C4 -> durations [57, 11, 11, 11] (total: 90s)
2026-09-23 22:34:10,466 - RLController - INFO -   Example: junction C5 -> durations [57, 11, 11, 11] (total: 90s)
2026-09-23 22:34:10,466 - RLController - INFO -   Example: junction D0 -> durations [24, 22, 22, 22] (total: 90s)
2026-09-23 22:34:10,466 - RLController - INFO -   Example: junction D1 -> durations [20, 20, 30, 20] (total: 90s)
2026-09-23 22:34:10,467 - RLController - INFO -   Example: junction D2 -> durations [45, 15, 15, 15] (total: 90s)
2026-09-23 22:34:10,467 - RLController - INFO -   Example: junction D3 -> durations [24, 22, 22, 22] (total: 90s)
2026-09-23 22:34:10,467 - RLController - INFO -   Example: junction D4 -> durations [24, 22, 22, 22] (total: 90s)
2026-09-23 22:34:10,467 - RLController - INFO -   Example: junction D5 -> durations [12, 12, 54, 12] (total: 90s)
2026-09-23 22:34:10,467 - RLController - INFO -   Example: junction E0 -> durations [24, 22, 22, 22] (total: 90s)
2026-09-23 22:34:10,467 - RLController - INFO -   Example: junction E1 -> durations [24, 22, 22, 22] (total: 90s)
2026-09-23 22:34:10,468 - RLController - INFO -   Stored schedules for 34 junctions, cycle starts at step 3150
2026-09-23 22:34:13,509 - RLController - INFO - DIAGNOSTIC Step 3240 - Observation stats:
2026-09-23 22:34:13,510 - RLController - INFO -   Hash: 234560563233894916, Min: 0.000000, Max: 1.000000, Mean: 0.423582, Std: 0.454244
2026-09-23 22:34:13,510 - RLController - INFO -   First 10: [1.  0.  0.  0.  0.  0.5 1.  0.  0.  0. ]
2026-09-23 22:34:13,510 - RLController - INFO -   Last 10: [0.         0.2        0.         0.08333334 0.4679487  0.00346145
 0.0698718  0.5504967  0.         0.3       ]
2026-09-23 22:34:13,515 - RLController - INFO - DIAGNOSTIC - Raw model action output:
2026-09-23 22:34:13,515 - RLController - INFO -   Action hash: 3844396308047829945
2026-09-23 22:34:13,515 - RLController - INFO -   First 8 values: [ -7.3537974 -10.        -10.        -10.        -10.        -10.
 -10.        -10.       ]
2026-09-23 22:34:13,515 - RLController - INFO -   Last 8 values: [-10.       -10.       -10.       -10.       -10.        -2.073673
 -10.       -10.      ]
2026-09-23 22:34:13,516 - RLController - INFO -   Action shape: (136,), min: -10.000000, max: 5.759065, mean: -9.256313
2026-09-23 22:34:13,516 - RLController - INFO -   B0 junction (indices 16-19) raw values: [ -9.951191 -10.       -10.       -10.      ]
2026-09-23 22:34:13,516 - RLController - INFO - Using CONTINUOUS DURATION-BASED mode
2026-09-23 22:34:13,516 - RLController - INFO -   Example: junction A0 -> durations [51, 13, 13, 13] (total: 90s)
2026-09-23 22:34:13,516 - RLController - INFO -   Example: junction A1 -> durations [24, 22, 22, 22] (total: 90s)
2026-09-23 22:34:13,516 - RLController - INFO -   Example: junction A2 -> durations [12, 12, 54, 12] (total: 90s)
2026-09-23 22:34:13,516 - RLController - INFO -   Example: junction A4 -> durations [60, 10, 10, 10] (total: 90s)
2026-09-23 22:34:13,517 - RLController - INFO -   Example: junction A5 -> durations [24, 22, 22, 22] (total: 90s)
2026-09-23 22:34:13,517 - RLController - INFO -   Example: junction B0 -> durations [24, 22, 22, 22] (total: 90s)
2026-09-23 22:34:13,517 - RLController - INFO -   Example: junction B1 -> durations [24, 22, 22, 22] (total: 90s)
2026-09-23 22:34:13,517 - RLController - INFO -   Example: junction B2 -> durations [24, 22, 22, 22] (total: 90s)
2026-09-23 22:34:13,517 - RLController - INFO -   Example: junction B4 -> durations [24, 22, 22, 22] (total: 90s)
2026-09-23 22:34:13,517 - RLController - INFO -   Example: junction B5 -> durations [60, 10, 10, 10] (total: 90s)
2026-09-23 22:34:13,517 - RLController - INFO -   Example: junction C0 -> durations [21, 21, 27, 21] (total: 90s)
2026-09-23 22:34:13,517 - RLController - INFO -   Example: junction C1 -> durations [24, 22, 22, 22] (total: 90s)
2026-09-23 22:34:13,517 - RLController - INFO -   Example: junction C2 -> durations [57, 13, 10, 10] (total: 90s)
2026-09-23 22:34:13,518 - RLController - INFO -   Example: junction C3 -> durations [60, 10, 10, 10] (total: 90s)
2026-09-23 22:34:13,518 - RLController - INFO -   Example: junction C4 -> durations [60, 10, 10, 10] (total: 90s)
2026-09-23 22:34:13,518 - RLController - INFO -   Example: junction C5 -> durations [57, 11, 11, 11] (total: 90s)
2026-09-23 22:34:13,518 - RLController - INFO -   Example: junction D0 -> durations [24, 22, 22, 22] (total: 90s)
2026-09-23 22:34:13,518 - RLController - INFO -   Example: junction D1 -> durations [20, 20, 30, 20] (total: 90s)
2026-09-23 22:34:13,518 - RLController - INFO -   Example: junction D2 -> durations [45, 15, 15, 15] (total: 90s)
2026-09-23 22:34:13,519 - RLController - INFO -   Example: junction D3 -> durations [24, 22, 22, 22] (total: 90s)
2026-09-23 22:34:13,519 - RLController - INFO -   Example: junction D4 -> durations [24, 22, 22, 22] (total: 90s)
2026-09-23 22:34:13,519 - RLController - INFO -   Example: junction D5 -> durations [13, 13, 51, 13] (total: 90s)
2026-09-23 22:34:13,519 - RLController - INFO -   Example: junction E0 -> durations [24, 22, 22, 22] (total: 90s)
2026-09-23 22:34:13,519 - RLController - INFO -   Example: junction E1 -> durations [24, 22, 22, 22] (total: 90s)
2026-09-23 22:34:13,520 - RLController - INFO -   Stored schedules for 34 junctions, cycle starts at step 3240
2026-09-23 22:34:16,497 - RLController - INFO - DIAGNOSTIC Step 3330 - Observation stats:
2026-09-23 22:34:16,497 - RLController - INFO -   Hash: 2898651728186167417, Min: 0.000000, Max: 1.000000, Mean: 0.423927, Std: 0.453800
2026-09-23 22:34:16,498 - RLController - INFO -   First 10: [1.  0.  0.  0.  0.  0.5 1.  0.  0.  0. ]
2026-09-23 22:34:16,498 - RLController - INFO -   Last 10: [0.         0.2        0.         0.08333334 0.45726496 0.00322566
 0.06931624 0.5647589  0.         0.3       ]
2026-09-23 22:34:16,502 - RLController - INFO - DIAGNOSTIC - Raw model action output:
2026-09-23 22:34:16,502 - RLController - INFO -   Action hash: -3627691437579502064
2026-09-23 22:34:16,502 - RLController - INFO -   First 8 values: [ -7.1303525 -10.        -10.        -10.        -10.        -10.
 -10.        -10.       ]
2026-09-23 22:34:16,503 - RLController - INFO -   Last 8 values: [-10.        -10.        -10.        -10.        -10.         -2.9002225
 -10.        -10.       ]
2026-09-23 22:34:16,503 - RLController - INFO -   Action shape: (136,), min: -10.000000, max: 4.959491, mean: -9.249532
2026-09-23 22:34:16,503 - RLController - INFO -   B0 junction (indices 16-19) raw values: [ -9.544363 -10.       -10.       -10.      ]
2026-09-23 22:34:16,503 - RLController - INFO - Using CONTINUOUS DURATION-BASED mode
2026-09-23 22:34:16,503 - RLController - INFO -   Example: junction A0 -> durations [54, 12, 12, 12] (total: 90s)
2026-09-23 22:34:16,504 - RLController - INFO -   Example: junction A1 -> durations [24, 22, 22, 22] (total: 90s)
2026-09-23 22:34:16,504 - RLController - INFO -   Example: junction A2 -> durations [11, 11, 57, 11] (total: 90s)
2026-09-23 22:34:16,504 - RLController - INFO -   Example: junction A4 -> durations [60, 10, 10, 10] (total: 90s)
2026-09-23 22:34:16,504 - RLController - INFO -   Example: junction A5 -> durations [27, 21, 21, 21] (total: 90s)
2026-09-23 22:34:16,505 - RLController - INFO -   Example: junction B0 -> durations [24, 22, 22, 22] (total: 90s)
2026-09-23 22:34:16,505 - RLController - INFO -   Example: junction B1 -> durations [22, 24, 22, 22] (total: 90s)
2026-09-23 22:34:16,505 - RLController - INFO -   Example: junction B2 -> durations [24, 22, 22, 22] (total: 90s)
2026-09-23 22:34:16,505 - RLController - INFO -   Example: junction B4 -> durations [24, 22, 22, 22] (total: 90s)
2026-09-23 22:34:16,505 - RLController - INFO -   Example: junction B5 -> durations [60, 10, 10, 10] (total: 90s)
2026-09-23 22:34:16,505 - RLController - INFO -   Example: junction C0 -> durations [20, 20, 30, 20] (total: 90s)
2026-09-23 22:34:16,506 - RLController - INFO -   Example: junction C1 -> durations [24, 22, 22, 22] (total: 90s)
2026-09-23 22:34:16,506 - RLController - INFO -   Example: junction C2 -> durations [57, 13, 10, 10] (total: 90s)
2026-09-23 22:34:16,506 - RLController - INFO -   Example: junction C3 -> durations [60, 10, 10, 10] (total: 90s)
2026-09-23 22:34:16,506 - RLController - INFO -   Example: junction C4 -> durations [60, 10, 10, 10] (total: 90s)
2026-09-23 22:34:16,506 - RLController - INFO -   Example: junction C5 -> durations [57, 11, 11, 11] (total: 90s)
2026-09-23 22:34:16,506 - RLController - INFO -   Example: junction D0 -> durations [24, 22, 22, 22] (total: 90s)
2026-09-23 22:34:16,507 - RLController - INFO -   Example: junction D1 -> durations [20, 20, 30, 20] (total: 90s)
2026-09-23 22:34:16,507 - RLController - INFO -   Example: junction D2 -> durations [48, 14, 14, 14] (total: 90s)
2026-09-23 22:34:16,507 - RLController - INFO -   Example: junction D3 -> durations [24, 22, 22, 22] (total: 90s)
2026-09-23 22:34:16,507 - RLController - INFO -   Example: junction D4 -> durations [24, 22, 22, 22] (total: 90s)
2026-09-23 22:34:16,507 - RLController - INFO -   Example: junction D5 -> durations [12, 12, 54, 12] (total: 90s)
2026-09-23 22:34:16,507 - RLController - INFO -   Example: junction E0 -> durations [24, 22, 22, 22] (total: 90s)
2026-09-23 22:34:16,508 - RLController - INFO -   Example: junction E1 -> durations [24, 22, 22, 22] (total: 90s)
2026-09-23 22:34:16,509 - RLController - INFO -   Stored schedules for 34 junctions, cycle starts at step 3330
2026-09-23 22:34:19,767 - RLController - INFO - DIAGNOSTIC Step 3420 - Observation stats:
2026-09-23 22:34:19,767 - RLController - INFO -   Hash: 8830844193918059089, Min: 0.000000, Max: 1.000000, Mean: 0.425003, Std: 0.453304
2026-09-23 22:34:19,768 - RLController - INFO -   First 10: [1.  0.  0.  0.  0.  0.5 1.  0.  0.  0. ]
2026-09-23 22:34:19,768 - RLController - INFO -   Last 10: [0.         0.2        0.         0.08333334 0.4508547  0.00253956
 0.07128205 0.55902654 0.         0.3       ]
2026-09-23 22:34:19,774 - RLController - INFO - DIAGNOSTIC - Raw model action output:
2026-09-23 22:34:19,774 - RLController - INFO -   Action hash: -2795190747210836468
2026-09-23 22:34:19,774 - RLController - INFO -   First 8 values: [ -7.3583684 -10.        -10.        -10.        -10.        -10.
 -10.        -10.       ]
2026-09-23 22:34:19,774 - RLController - INFO -   Last 8 values: [-10.        -10.        -10.        -10.        -10.         -2.8283496
 -10.        -10.       ]
2026-09-23 22:34:19,774 - RLController - INFO -   Action shape: (136,), min: -10.000000, max: 5.186415, mean: -9.285468
2026-09-23 22:34:19,774 - RLController - INFO -   B0 junction (indices 16-19) raw values: [ -9.944117 -10.       -10.       -10.      ]
2026-09-23 22:34:19,775 - RLController - INFO - Using CONTINUOUS DURATION-BASED mode
2026-09-23 22:34:19,775 - RLController - INFO -   Example: junction A0 -> durations [51, 13, 13, 13] (total: 90s)
2026-09-23 22:34:19,775 - RLController - INFO -   Example: junction A1 -> durations [24, 22, 22, 22] (total: 90s)
2026-09-23 22:34:19,775 - RLController - INFO -   Example: junction A2 -> durations [12, 12, 54, 12] (total: 90s)
2026-09-23 22:34:19,775 - RLController - INFO -   Example: junction A4 -> durations [60, 10, 10, 10] (total: 90s)
2026-09-23 22:34:19,775 - RLController - INFO -   Example: junction A5 -> durations [24, 22, 22, 22] (total: 90s)
2026-09-23 22:34:19,775 - RLController - INFO -   Example: junction B0 -> durations [24, 22, 22, 22] (total: 90s)
2026-09-23 22:34:19,775 - RLController - INFO -   Example: junction B1 -> durations [24, 22, 22, 22] (total: 90s)
2026-09-23 22:34:19,776 - RLController - INFO -   Example: junction B2 -> durations [24, 22, 22, 22] (total: 90s)
2026-09-23 22:34:19,776 - RLController - INFO -   Example: junction B4 -> durations [24, 22, 22, 22] (total: 90s)
2026-09-23 22:34:19,776 - RLController - INFO -   Example: junction B5 -> durations [60, 10, 10, 10] (total: 90s)
2026-09-23 22:34:19,776 - RLController - INFO -   Example: junction C0 -> durations [22, 22, 24, 22] (total: 90s)
2026-09-23 22:34:19,776 - RLController - INFO -   Example: junction C1 -> durations [24, 22, 22, 22] (total: 90s)
2026-09-23 22:34:19,776 - RLController - INFO -   Example: junction C2 -> durations [56, 14, 10, 10] (total: 90s)
2026-09-23 22:34:19,776 - RLController - INFO -   Example: junction C3 -> durations [60, 10, 10, 10] (total: 90s)
2026-09-23 22:34:19,776 - RLController - INFO -   Example: junction C4 -> durations [57, 11, 11, 11] (total: 90s)
2026-09-23 22:34:19,777 - RLController - INFO -   Example: junction C5 -> durations [57, 11, 11, 11] (total: 90s)
2026-09-23 22:34:19,777 - RLController - INFO -   Example: junction D0 -> durations [24, 22, 22, 22] (total: 90s)
2026-09-23 22:34:19,777 - RLController - INFO -   Example: junction D1 -> durations [21, 21, 27, 21] (total: 90s)
2026-09-23 22:34:19,777 - RLController - INFO -   Example: junction D2 -> durations [42, 16, 16, 16] (total: 90s)
2026-09-23 22:34:19,777 - RLController - INFO -   Example: junction D3 -> durations [24, 22, 22, 22] (total: 90s)
2026-09-23 22:34:19,777 - RLController - INFO -   Example: junction D4 -> durations [24, 22, 22, 22] (total: 90s)
2026-09-23 22:34:19,777 - RLController - INFO -   Example: junction D5 -> durations [13, 13, 51, 13] (total: 90s)
2026-09-23 22:34:19,777 - RLController - INFO -   Example: junction E0 -> durations [24, 22, 22, 22] (total: 90s)
2026-09-23 22:34:19,777 - RLController - INFO -   Example: junction E1 -> durations [24, 22, 22, 22] (total: 90s)
2026-09-23 22:34:19,778 - RLController - INFO -   Stored schedules for 34 junctions, cycle starts at step 3420
2026-09-23 22:34:22,661 - RLController - INFO - DIAGNOSTIC Step 3510 - Observation stats:
2026-09-23 22:34:22,662 - RLController - INFO -   Hash: 4123904058005147260, Min: 0.000000, Max: 1.000000, Mean: 0.421570, Std: 0.451902
2026-09-23 22:34:22,662 - RLController - INFO -   First 10: [1.  0.  0.  0.  0.  0.5 1.  0.  0.  0. ]
2026-09-23 22:34:22,662 - RLController - INFO -   Last 10: [0.         0.2        0.         0.08333334 0.45299146 0.0032893
 0.07042735 0.5652797  0.         0.3       ]
2026-09-23 22:34:22,668 - RLController - INFO - DIAGNOSTIC - Raw model action output:
2026-09-23 22:34:22,668 - RLController - INFO -   Action hash: -2965987608678055459
2026-09-23 22:34:22,668 - RLController - INFO -   First 8 values: [ -7.1813927 -10.        -10.        -10.        -10.        -10.
 -10.        -10.       ]
2026-09-23 22:34:22,668 - RLController - INFO -   Last 8 values: [-10.        -10.        -10.        -10.        -10.         -2.9577932
 -10.        -10.       ]
2026-09-23 22:34:22,668 - RLController - INFO -   Action shape: (136,), min: -10.000000, max: 5.245751, mean: -9.265114
2026-09-23 22:34:22,668 - RLController - INFO -   B0 junction (indices 16-19) raw values: [ -9.899024 -10.       -10.       -10.      ]
2026-09-23 22:34:22,669 - RLController - INFO - Using CONTINUOUS DURATION-BASED mode
2026-09-23 22:34:22,669 - RLController - INFO -   Example: junction A0 -> durations [51, 13, 13, 13] (total: 90s)
2026-09-23 22:34:22,669 - RLController - INFO -   Example: junction A1 -> durations [24, 22, 22, 22] (total: 90s)
2026-09-23 22:34:22,669 - RLController - INFO -   Example: junction A2 -> durations [12, 12, 54, 12] (total: 90s)
2026-09-23 22:34:22,669 - RLController - INFO -   Example: junction A4 -> durations [60, 10, 10, 10] (total: 90s)
2026-09-23 22:34:22,669 - RLController - INFO -   Example: junction A5 -> durations [24, 22, 22, 22] (total: 90s)
2026-09-23 22:34:22,669 - RLController - INFO -   Example: junction B0 -> durations [24, 22, 22, 22] (total: 90s)
2026-09-23 22:34:22,670 - RLController - INFO -   Example: junction B1 -> durations [24, 22, 22, 22] (total: 90s)
2026-09-23 22:34:22,670 - RLController - INFO -   Example: junction B2 -> durations [24, 22, 22, 22] (total: 90s)
2026-09-23 22:34:22,670 - RLController - INFO -   Example: junction B4 -> durations [24, 22, 22, 22] (total: 90s)
2026-09-23 22:34:22,670 - RLController - INFO -   Example: junction B5 -> durations [60, 10, 10, 10] (total: 90s)
2026-09-23 22:34:22,670 - RLController - INFO -   Example: junction C0 -> durations [20, 20, 30, 20] (total: 90s)
2026-09-23 22:34:22,670 - RLController - INFO -   Example: junction C1 -> durations [24, 22, 22, 22] (total: 90s)
2026-09-23 22:34:22,670 - RLController - INFO -   Example: junction C2 -> durations [57, 13, 10, 10] (total: 90s)
2026-09-23 22:34:22,671 - RLController - INFO -   Example: junction C3 -> durations [60, 10, 10, 10] (total: 90s)
2026-09-23 22:34:22,671 - RLController - INFO -   Example: junction C4 -> durations [57, 11, 11, 11] (total: 90s)
2026-09-23 22:34:22,671 - RLController - INFO -   Example: junction C5 -> durations [57, 11, 11, 11] (total: 90s)
2026-09-23 22:34:22,671 - RLController - INFO -   Example: junction D0 -> durations [24, 22, 22, 22] (total: 90s)
2026-09-23 22:34:22,671 - RLController - INFO -   Example: junction D1 -> durations [20, 20, 30, 20] (total: 90s)
2026-09-23 22:34:22,671 - RLController - INFO -   Example: junction D2 -> durations [48, 14, 14, 14] (total: 90s)
2026-09-23 22:34:22,671 - RLController - INFO -   Example: junction D3 -> durations [24, 22, 22, 22] (total: 90s)
2026-09-23 22:34:22,671 - RLController - INFO -   Example: junction D4 -> durations [24, 22, 22, 22] (total: 90s)
2026-09-23 22:34:22,672 - RLController - INFO -   Example: junction D5 -> durations [12, 12, 54, 12] (total: 90s)
2026-09-23 22:34:22,672 - RLController - INFO -   Example: junction E0 -> durations [24, 22, 22, 22] (total: 90s)
2026-09-23 22:34:22,672 - RLController - INFO -   Example: junction E1 -> durations [24, 22, 22, 22] (total: 90s)
2026-09-23 22:34:22,672 - RLController - INFO -   Stored schedules for 34 junctions, cycle starts at step 3510
2026-09-23 22:34:25,875 - RLController - INFO - DIAGNOSTIC Step 3600 - Observation stats:
2026-09-23 22:34:25,875 - RLController - INFO -   Hash: -6382024614096707799, Min: 0.000000, Max: 1.000000, Mean: 0.425827, Std: 0.453326
2026-09-23 22:34:25,875 - RLController - INFO -   First 10: [1.         0.         0.         0.         0.         0.5
 0.         0.         0.99333334 1.        ]
2026-09-23 22:34:25,876 - RLController - INFO -   Last 10: [0.         0.2        0.         0.08333334 0.4679487  0.00315002
 0.06995726 0.5558047  0.         0.3       ]
2026-09-23 22:34:25,880 - RLController - INFO - DIAGNOSTIC - Raw model action output:
2026-09-23 22:34:25,880 - RLController - INFO -   Action hash: 8205205019521531842
2026-09-23 22:34:25,880 - RLController - INFO -   First 8 values: [ -7.4648685 -10.        -10.        -10.        -10.        -10.
 -10.        -10.       ]
2026-09-23 22:34:25,881 - RLController - INFO -   Last 8 values: [-10.       -10.       -10.       -10.       -10.        -2.267638
 -10.       -10.      ]
2026-09-23 22:34:25,881 - RLController - INFO -   Action shape: (136,), min: -10.000000, max: 5.390533, mean: -9.270578
2026-09-23 22:34:25,881 - RLController - INFO -   B0 junction (indices 16-19) raw values: [ -9.570824 -10.       -10.       -10.      ]
2026-09-23 22:34:25,881 - RLController - INFO - Using CONTINUOUS DURATION-BASED mode
2026-09-23 22:34:25,881 - RLController - INFO -   Example: junction A0 -> durations [51, 13, 13, 13] (total: 90s)
2026-09-23 22:34:25,882 - RLController - INFO -   Example: junction A1 -> durations [24, 22, 22, 22] (total: 90s)
2026-09-23 22:34:25,882 - RLController - INFO -   Example: junction A2 -> durations [12, 12, 54, 12] (total: 90s)
2026-09-23 22:34:25,882 - RLController - INFO -   Example: junction A4 -> durations [60, 10, 10, 10] (total: 90s)
2026-09-23 22:34:25,882 - RLController - INFO -   Example: junction A5 -> durations [27, 21, 21, 21] (total: 90s)
2026-09-23 22:34:25,882 - RLController - INFO -   Example: junction B0 -> durations [24, 22, 22, 22] (total: 90s)
2026-09-23 22:34:25,882 - RLController - INFO -   Example: junction B1 -> durations [24, 22, 22, 22] (total: 90s)
2026-09-23 22:34:25,882 - RLController - INFO -   Example: junction B2 -> durations [24, 22, 22, 22] (total: 90s)
2026-09-23 22:34:25,882 - RLController - INFO -   Example: junction B4 -> durations [24, 22, 22, 22] (total: 90s)
2026-09-23 22:34:25,882 - RLController - INFO -   Example: junction B5 -> durations [60, 10, 10, 10] (total: 90s)
2026-09-23 22:34:25,883 - RLController - INFO -   Example: junction C0 -> durations [21, 21, 27, 21] (total: 90s)
2026-09-23 22:34:25,883 - RLController - INFO -   Example: junction C1 -> durations [24, 22, 22, 22] (total: 90s)
2026-09-23 22:34:25,883 - RLController - INFO -   Example: junction C2 -> durations [58, 12, 10, 10] (total: 90s)
2026-09-23 22:34:25,883 - RLController - INFO -   Example: junction C3 -> durations [60, 10, 10, 10] (total: 90s)
2026-09-23 22:34:25,883 - RLController - INFO -   Example: junction C4 -> durations [57, 11, 11, 11] (total: 90s)
2026-09-23 22:34:25,883 - RLController - INFO -   Example: junction C5 -> durations [57, 11, 11, 11] (total: 90s)
2026-09-23 22:34:25,883 - RLController - INFO -   Example: junction D0 -> durations [24, 22, 22, 22] (total: 90s)
2026-09-23 22:34:25,883 - RLController - INFO -   Example: junction D1 -> durations [21, 21, 27, 21] (total: 90s)
2026-09-23 22:34:25,883 - RLController - INFO -   Example: junction D2 -> durations [48, 14, 14, 14] (total: 90s)
2026-09-23 22:34:25,884 - RLController - INFO -   Example: junction D3 -> durations [24, 22, 22, 22] (total: 90s)
2026-09-23 22:34:25,884 - RLController - INFO -   Example: junction D4 -> durations [24, 22, 22, 22] (total: 90s)
2026-09-23 22:34:25,884 - RLController - INFO -   Example: junction D5 -> durations [13, 13, 51, 13] (total: 90s)
2026-09-23 22:34:25,884 - RLController - INFO -   Example: junction E0 -> durations [24, 22, 22, 22] (total: 90s)
2026-09-23 22:34:25,885 - RLController - INFO -   Example: junction E1 -> durations [24, 22, 22, 22] (total: 90s)
2026-09-23 22:34:25,885 - RLController - INFO -   Stored schedules for 34 junctions, cycle starts at step 3600
2026-09-23 22:34:29,043 - RLController - INFO - DIAGNOSTIC Step 3690 - Observation stats:
2026-09-23 22:34:29,043 - RLController - INFO -   Hash: 1297771820731146890, Min: 0.000000, Max: 1.000000, Mean: 0.425904, Std: 0.453260
2026-09-23 22:34:29,044 - RLController - INFO -   First 10: [1.         0.         0.         0.         0.         0.5
 0.         1.         0.99333334 1.        ]
2026-09-23 22:34:29,044 - RLController - INFO -   Last 10: [0.         0.2        0.         0.08333334 0.4508547  0.0028837
 0.07055555 0.5618503  0.         0.3       ]
2026-09-23 22:34:29,049 - RLController - INFO - DIAGNOSTIC - Raw model action output:
2026-09-23 22:34:29,049 - RLController - INFO -   Action hash: 6836733864951790473
2026-09-23 22:34:29,050 - RLController - INFO -   First 8 values: [ -7.252545 -10.       -10.       -10.       -10.       -10.
 -10.       -10.      ]
2026-09-23 22:34:29,050 - RLController - INFO -   Last 8 values: [-10.       -10.       -10.       -10.       -10.        -3.319832
 -10.       -10.      ]
2026-09-23 22:34:29,050 - RLController - INFO -   Action shape: (136,), min: -10.000000, max: 5.147111, mean: -9.290565
2026-09-23 22:34:29,050 - RLController - INFO -   B0 junction (indices 16-19) raw values: [ -9.897105 -10.       -10.       -10.      ]
2026-09-23 22:34:29,050 - RLController - INFO - Using CONTINUOUS DURATION-BASED mode
2026-09-23 22:34:29,050 - RLController - INFO -   Example: junction A0 -> durations [51, 13, 13, 13] (total: 90s)
2026-09-23 22:34:29,051 - RLController - INFO -   Example: junction A1 -> durations [24, 22, 22, 22] (total: 90s)
2026-09-23 22:34:29,051 - RLController - INFO -   Example: junction A2 -> durations [12, 12, 54, 12] (total: 90s)
2026-09-23 22:34:29,051 - RLController - INFO -   Example: junction A4 -> durations [60, 10, 10, 10] (total: 90s)
2026-09-23 22:34:29,051 - RLController - INFO -   Example: junction A5 -> durations [24, 22, 22, 22] (total: 90s)
2026-09-23 22:34:29,051 - RLController - INFO -   Example: junction B0 -> durations [24, 22, 22, 22] (total: 90s)
2026-09-23 22:34:29,051 - RLController - INFO -   Example: junction B1 -> durations [24, 22, 22, 22] (total: 90s)
2026-09-23 22:34:29,051 - RLController - INFO -   Example: junction B2 -> durations [24, 22, 22, 22] (total: 90s)
2026-09-23 22:34:29,052 - RLController - INFO -   Example: junction B4 -> durations [24, 22, 22, 22] (total: 90s)
2026-09-23 22:34:29,052 - RLController - INFO -   Example: junction B5 -> durations [60, 10, 10, 10] (total: 90s)
2026-09-23 22:34:29,052 - RLController - INFO -   Example: junction C0 -> durations [22, 22, 24, 22] (total: 90s)
2026-09-23 22:34:29,052 - RLController - INFO -   Example: junction C1 -> durations [24, 22, 22, 22] (total: 90s)
2026-09-23 22:34:29,052 - RLController - INFO -   Example: junction C2 -> durations [57, 13, 10, 10] (total: 90s)
2026-09-23 22:34:29,052 - RLController - INFO -   Example: junction C3 -> durations [60, 10, 10, 10] (total: 90s)
2026-09-23 22:34:29,052 - RLController - INFO -   Example: junction C4 -> durations [57, 11, 11, 11] (total: 90s)
2026-09-23 22:34:29,052 - RLController - INFO -   Example: junction C5 -> durations [57, 11, 11, 11] (total: 90s)
2026-09-23 22:34:29,053 - RLController - INFO -   Example: junction D0 -> durations [24, 22, 22, 22] (total: 90s)
2026-09-23 22:34:29,053 - RLController - INFO -   Example: junction D1 -> durations [21, 21, 27, 21] (total: 90s)
2026-09-23 22:34:29,053 - RLController - INFO -   Example: junction D2 -> durations [48, 14, 14, 14] (total: 90s)
2026-09-23 22:34:29,053 - RLController - INFO -   Example: junction D3 -> durations [24, 22, 22, 22] (total: 90s)
2026-09-23 22:34:29,053 - RLController - INFO -   Example: junction D4 -> durations [24, 22, 22, 22] (total: 90s)
2026-09-23 22:34:29,053 - RLController - INFO -   Example: junction D5 -> durations [13, 13, 51, 13] (total: 90s)
2026-09-23 22:34:29,053 - RLController - INFO -   Example: junction E0 -> durations [24, 22, 22, 22] (total: 90s)
2026-09-23 22:34:29,053 - RLController - INFO -   Example: junction E1 -> durations [24, 22, 22, 22] (total: 90s)
2026-09-23 22:34:29,054 - RLController - INFO -   Stored schedules for 34 junctions, cycle starts at step 3690
2026-09-23 22:34:32,201 - RLController - INFO - DIAGNOSTIC Step 3780 - Observation stats:
2026-09-23 22:34:32,201 - RLController - INFO -   Hash: -6142985513898882960, Min: 0.000000, Max: 1.000000, Mean: 0.424396, Std: 0.452923
2026-09-23 22:34:32,202 - RLController - INFO -   First 10: [1.  0.  0.  0.  0.  0.5 1.  0.  0.  0. ]
2026-09-23 22:34:32,202 - RLController - INFO -   Last 10: [0.         0.2        0.         0.08333334 0.44658118 0.00323111
 0.06880342 0.5720194  0.         0.3       ]
2026-09-23 22:34:32,212 - RLController - INFO - DIAGNOSTIC - Raw model action output:
2026-09-23 22:34:32,212 - RLController - INFO -   Action hash: 5841398347538094989
2026-09-23 22:34:32,212 - RLController - INFO -   First 8 values: [ -7.1389585 -10.        -10.        -10.        -10.        -10.
 -10.        -10.       ]
2026-09-23 22:34:32,213 - RLController - INFO -   Last 8 values: [-10.       -10.       -10.       -10.       -10.        -2.337845
 -10.       -10.      ]
2026-09-23 22:34:32,213 - RLController - INFO -   Action shape: (136,), min: -10.000000, max: 5.663764, mean: -9.284449
2026-09-23 22:34:32,213 - RLController - INFO -   B0 junction (indices 16-19) raw values: [ -9.580498 -10.       -10.       -10.      ]
2026-09-23 22:34:32,213 - RLController - INFO - Using CONTINUOUS DURATION-BASED mode
2026-09-23 22:34:32,213 - RLController - INFO -   Example: junction A0 -> durations [54, 12, 12, 12] (total: 90s)
2026-09-23 22:34:32,213 - RLController - INFO -   Example: junction A1 -> durations [24, 22, 22, 22] (total: 90s)
2026-09-23 22:34:32,214 - RLController - INFO -   Example: junction A2 -> durations [12, 12, 54, 12] (total: 90s)
2026-09-23 22:34:32,214 - RLController - INFO -   Example: junction A4 -> durations [60, 10, 10, 10] (total: 90s)
2026-09-23 22:34:32,214 - RLController - INFO -   Example: junction A5 -> durations [27, 21, 21, 21] (total: 90s)
2026-09-23 22:34:32,214 - RLController - INFO -   Example: junction B0 -> durations [24, 22, 22, 22] (total: 90s)
2026-09-23 22:34:32,214 - RLController - INFO -   Example: junction B1 -> durations [24, 22, 22, 22] (total: 90s)
2026-09-23 22:34:32,214 - RLController - INFO -   Example: junction B2 -> durations [24, 22, 22, 22] (total: 90s)
2026-09-23 22:34:32,214 - RLController - INFO -   Example: junction B4 -> durations [24, 22, 22, 22] (total: 90s)
2026-09-23 22:34:32,214 - RLController - INFO -   Example: junction B5 -> durations [60, 10, 10, 10] (total: 90s)
2026-09-23 22:34:32,215 - RLController - INFO -   Example: junction C0 -> durations [22, 22, 24, 22] (total: 90s)
2026-09-23 22:34:32,215 - RLController - INFO -   Example: junction C1 -> durations [24, 22, 22, 22] (total: 90s)
2026-09-23 22:34:32,215 - RLController - INFO -   Example: junction C2 -> durations [58, 12, 10, 10] (total: 90s)
2026-09-23 22:34:32,215 - RLController - INFO -   Example: junction C3 -> durations [60, 10, 10, 10] (total: 90s)
2026-09-23 22:34:32,215 - RLController - INFO -   Example: junction C4 -> durations [57, 11, 11, 11] (total: 90s)
2026-09-23 22:34:32,215 - RLController - INFO -   Example: junction C5 -> durations [57, 11, 11, 11] (total: 90s)
2026-09-23 22:34:32,215 - RLController - INFO -   Example: junction D0 -> durations [24, 22, 22, 22] (total: 90s)
2026-09-23 22:34:32,216 - RLController - INFO -   Example: junction D1 -> durations [21, 21, 27, 21] (total: 90s)
2026-09-23 22:34:32,216 - RLController - INFO -   Example: junction D2 -> durations [45, 15, 15, 15] (total: 90s)
2026-09-23 22:34:32,216 - RLController - INFO -   Example: junction D3 -> durations [24, 22, 22, 22] (total: 90s)
2026-09-23 22:34:32,216 - RLController - INFO -   Example: junction D4 -> durations [24, 22, 22, 22] (total: 90s)
2026-09-23 22:34:32,216 - RLController - INFO -   Example: junction D5 -> durations [13, 13, 51, 13] (total: 90s)
2026-09-23 22:34:32,216 - RLController - INFO -   Example: junction E0 -> durations [24, 22, 22, 22] (total: 90s)
2026-09-23 22:34:32,216 - RLController - INFO -   Example: junction E1 -> durations [24, 22, 22, 22] (total: 90s)
2026-09-23 22:34:32,217 - RLController - INFO -   Stored schedules for 34 junctions, cycle starts at step 3780
2026-09-23 22:34:35,448 - RLController - INFO - DIAGNOSTIC Step 3870 - Observation stats:
2026-09-23 22:34:35,449 - RLController - INFO -   Hash: -3142909164099909876, Min: 0.000000, Max: 1.000000, Mean: 0.434467, Std: 0.455903
2026-09-23 22:34:35,449 - RLController - INFO -   First 10: [1.         0.         0.         0.         0.         0.5
 0.         1.         0.99333334 1.        ]
2026-09-23 22:34:35,450 - RLController - INFO -   Last 10: [0.         0.2        0.         0.08333334 0.47863248 0.00268784
 0.06897436 0.5346024  0.         0.3       ]
2026-09-23 22:34:35,453 - RLController - INFO - DIAGNOSTIC - Raw model action output:
2026-09-23 22:34:35,453 - RLController - INFO -   Action hash: -280626019420025718
2026-09-23 22:34:35,454 - RLController - INFO -   First 8 values: [ -7.2082114 -10.        -10.        -10.        -10.        -10.
 -10.        -10.       ]
2026-09-23 22:34:35,454 - RLController - INFO -   Last 8 values: [-10.        -10.        -10.        -10.        -10.         -2.3579986
 -10.        -10.       ]
2026-09-23 22:34:35,454 - RLController - INFO -   Action shape: (136,), min: -10.000000, max: 5.215898, mean: -9.286373
2026-09-23 22:34:35,454 - RLController - INFO -   B0 junction (indices 16-19) raw values: [ -9.860861 -10.       -10.       -10.      ]
2026-09-23 22:34:35,454 - RLController - INFO - Using CONTINUOUS DURATION-BASED mode
2026-09-23 22:34:35,454 - RLController - INFO -   Example: junction A0 -> durations [51, 13, 13, 13] (total: 90s)
2026-09-23 22:34:35,455 - RLController - INFO -   Example: junction A1 -> durations [24, 22, 22, 22] (total: 90s)
2026-09-23 22:34:35,455 - RLController - INFO -   Example: junction A2 -> durations [12, 12, 54, 12] (total: 90s)
2026-09-23 22:34:35,455 - RLController - INFO -   Example: junction A4 -> durations [60, 10, 10, 10] (total: 90s)
2026-09-23 22:34:35,455 - RLController - INFO -   Example: junction A5 -> durations [24, 22, 22, 22] (total: 90s)
2026-09-23 22:34:35,455 - RLController - INFO -   Example: junction B0 -> durations [24, 22, 22, 22] (total: 90s)
2026-09-23 22:34:35,455 - RLController - INFO -   Example: junction B1 -> durations [24, 22, 22, 22] (total: 90s)
2026-09-23 22:34:35,455 - RLController - INFO -   Example: junction B2 -> durations [24, 22, 22, 22] (total: 90s)
2026-09-23 22:34:35,456 - RLController - INFO -   Example: junction B4 -> durations [24, 22, 22, 22] (total: 90s)
2026-09-23 22:34:35,456 - RLController - INFO -   Example: junction B5 -> durations [60, 10, 10, 10] (total: 90s)
2026-09-23 22:34:35,456 - RLController - INFO -   Example: junction C0 -> durations [22, 22, 24, 22] (total: 90s)
2026-09-23 22:34:35,456 - RLController - INFO -   Example: junction C1 -> durations [24, 22, 22, 22] (total: 90s)
2026-09-23 22:34:35,456 - RLController - INFO -   Example: junction C2 -> durations [54, 16, 10, 10] (total: 90s)
2026-09-23 22:34:35,456 - RLController - INFO -   Example: junction C3 -> durations [60, 10, 10, 10] (total: 90s)
2026-09-23 22:34:35,456 - RLController - INFO -   Example: junction C4 -> durations [57, 11, 11, 11] (total: 90s)
2026-09-23 22:34:35,456 - RLController - INFO -   Example: junction C5 -> durations [57, 11, 11, 11] (total: 90s)
2026-09-23 22:34:35,456 - RLController - INFO -   Example: junction D0 -> durations [24, 22, 22, 22] (total: 90s)
2026-09-23 22:34:35,457 - RLController - INFO -   Example: junction D1 -> durations [21, 21, 27, 21] (total: 90s)
2026-09-23 22:34:35,457 - RLController - INFO -   Example: junction D2 -> durations [42, 16, 16, 16] (total: 90s)
2026-09-23 22:34:35,457 - RLController - INFO -   Example: junction D3 -> durations [24, 22, 22, 22] (total: 90s)
2026-09-23 22:34:35,457 - RLController - INFO -   Example: junction D4 -> durations [24, 22, 22, 22] (total: 90s)
2026-09-23 22:34:35,457 - RLController - INFO -   Example: junction D5 -> durations [13, 13, 51, 13] (total: 90s)
2026-09-23 22:34:35,457 - RLController - INFO -   Example: junction E0 -> durations [24, 22, 22, 22] (total: 90s)
2026-09-23 22:34:35,457 - RLController - INFO -   Example: junction E1 -> durations [24, 22, 22, 22] (total: 90s)
2026-09-23 22:34:35,458 - RLController - INFO -   Stored schedules for 34 junctions, cycle starts at step 3870
2026-09-23 22:34:38,331 - RLController - INFO - DIAGNOSTIC Step 3960 - Observation stats:
2026-09-23 22:34:38,331 - RLController - INFO -   Hash: -4979804205633596066, Min: 0.000000, Max: 1.000000, Mean: 0.422520, Std: 0.452784
2026-09-23 22:34:38,331 - RLController - INFO -   First 10: [1.  0.  0.  0.  0.  0.5 1.  0.  0.  0. ]
2026-09-23 22:34:38,332 - RLController - INFO -   Last 10: [0.         0.2        0.         0.08333334 0.43162394 0.0027592
 0.06811966 0.5839631  0.         0.3       ]
2026-09-23 22:34:38,336 - RLController - INFO - DIAGNOSTIC - Raw model action output:
2026-09-23 22:34:38,336 - RLController - INFO -   Action hash: 6251703964791747374
2026-09-23 22:34:38,336 - RLController - INFO -   First 8 values: [ -7.1369424 -10.        -10.        -10.        -10.        -10.
 -10.        -10.       ]
2026-09-23 22:34:38,337 - RLController - INFO -   Last 8 values: [-10.        -10.        -10.        -10.        -10.         -2.7005055
 -10.        -10.       ]
2026-09-23 22:34:38,337 - RLController - INFO -   Action shape: (136,), min: -10.000000, max: 4.977072, mean: -9.291883
2026-09-23 22:34:38,337 - RLController - INFO -   B0 junction (indices 16-19) raw values: [ -9.702132 -10.       -10.       -10.      ]
2026-09-23 22:34:38,337 - RLController - INFO - Using CONTINUOUS DURATION-BASED mode
2026-09-23 22:34:38,337 - RLController - INFO -   Example: junction A0 -> durations [54, 12, 12, 12] (total: 90s)
2026-09-23 22:34:38,337 - RLController - INFO -   Example: junction A1 -> durations [24, 22, 22, 22] (total: 90s)
2026-09-23 22:34:38,338 - RLController - INFO -   Example: junction A2 -> durations [12, 12, 54, 12] (total: 90s)
2026-09-23 22:34:38,338 - RLController - INFO -   Example: junction A4 -> durations [60, 10, 10, 10] (total: 90s)
2026-09-23 22:34:38,338 - RLController - INFO -   Example: junction A5 -> durations [24, 22, 22, 22] (total: 90s)
2026-09-23 22:34:38,338 - RLController - INFO -   Example: junction B0 -> durations [24, 22, 22, 22] (total: 90s)
2026-09-23 22:34:38,338 - RLController - INFO -   Example: junction B1 -> durations [24, 22, 22, 22] (total: 90s)
2026-09-23 22:34:38,338 - RLController - INFO -   Example: junction B2 -> durations [24, 22, 22, 22] (total: 90s)
2026-09-23 22:34:38,338 - RLController - INFO -   Example: junction B4 -> durations [24, 22, 22, 22] (total: 90s)
2026-09-23 22:34:38,338 - RLController - INFO -   Example: junction B5 -> durations [60, 10, 10, 10] (total: 90s)
2026-09-23 22:34:38,338 - RLController - INFO -   Example: junction C0 -> durations [22, 22, 24, 22] (total: 90s)
2026-09-23 22:34:38,339 - RLController - INFO -   Example: junction C1 -> durations [24, 22, 22, 22] (total: 90s)
2026-09-23 22:34:38,339 - RLController - INFO -   Example: junction C2 -> durations [56, 14, 10, 10] (total: 90s)
2026-09-23 22:34:38,339 - RLController - INFO -   Example: junction C3 -> durations [60, 10, 10, 10] (total: 90s)
2026-09-23 22:34:38,339 - RLController - INFO -   Example: junction C4 -> durations [57, 11, 11, 11] (total: 90s)
2026-09-23 22:34:38,339 - RLController - INFO -   Example: junction C5 -> durations [57, 11, 11, 11] (total: 90s)
2026-09-23 22:34:38,339 - RLController - INFO -   Example: junction D0 -> durations [24, 22, 22, 22] (total: 90s)
2026-09-23 22:34:38,339 - RLController - INFO -   Example: junction D1 -> durations [20, 20, 30, 20] (total: 90s)
2026-09-23 22:34:38,340 - RLController - INFO -   Example: junction D2 -> durations [45, 15, 15, 15] (total: 90s)
2026-09-23 22:34:38,340 - RLController - INFO -   Example: junction D3 -> durations [24, 22, 22, 22] (total: 90s)
2026-09-23 22:34:38,340 - RLController - INFO -   Example: junction D4 -> durations [24, 22, 22, 22] (total: 90s)
2026-09-23 22:34:38,340 - RLController - INFO -   Example: junction D5 -> durations [13, 13, 51, 13] (total: 90s)
2026-09-23 22:34:38,340 - RLController - INFO -   Example: junction E0 -> durations [24, 22, 22, 22] (total: 90s)
2026-09-23 22:34:38,340 - RLController - INFO -   Example: junction E1 -> durations [24, 22, 22, 22] (total: 90s)
2026-09-23 22:34:38,341 - RLController - INFO -   Stored schedules for 34 junctions, cycle starts at step 3960
2026-09-23 22:34:41,363 - RLController - INFO - DIAGNOSTIC Step 4050 - Observation stats:
2026-09-23 22:34:41,363 - RLController - INFO -   Hash: -2946802530616593540, Min: 0.000000, Max: 1.000000, Mean: 0.421825, Std: 0.452221
2026-09-23 22:34:41,363 - RLController - INFO -   First 10: [1.  0.  0.  0.  0.  0.5 1.  0.  0.  0. ]
2026-09-23 22:34:41,363 - RLController - INFO -   Last 10: [0.         0.2        0.         0.08333334 0.43162394 0.0025515
 0.06837607 0.5762708  0.         0.3       ]
2026-09-23 22:34:41,367 - RLController - INFO - DIAGNOSTIC - Raw model action output:
2026-09-23 22:34:41,367 - RLController - INFO -   Action hash: 4279187317557503002
2026-09-23 22:34:41,368 - RLController - INFO -   First 8 values: [ -7.445016 -10.       -10.       -10.       -10.       -10.
 -10.       -10.      ]
2026-09-23 22:34:41,368 - RLController - INFO -   Last 8 values: [-10.        -10.        -10.        -10.        -10.         -2.7463033
 -10.        -10.       ]
2026-09-23 22:34:41,368 - RLController - INFO -   Action shape: (136,), min: -10.000000, max: 5.405581, mean: -9.305023
2026-09-23 22:34:41,368 - RLController - INFO -   B0 junction (indices 16-19) raw values: [-10. -10. -10. -10.]
2026-09-23 22:34:41,368 - RLController - INFO - Using CONTINUOUS DURATION-BASED mode
2026-09-23 22:34:41,368 - RLController - INFO -   Example: junction A0 -> durations [51, 13, 13, 13] (total: 90s)
2026-09-23 22:34:41,369 - RLController - INFO -   Example: junction A1 -> durations [24, 22, 22, 22] (total: 90s)
2026-09-23 22:34:41,369 - RLController - INFO -   Example: junction A2 -> durations [12, 12, 54, 12] (total: 90s)
2026-09-23 22:34:41,369 - RLController - INFO -   Example: junction A4 -> durations [60, 10, 10, 10] (total: 90s)
2026-09-23 22:34:41,369 - RLController - INFO -   Example: junction A5 -> durations [24, 22, 22, 22] (total: 90s)
2026-09-23 22:34:41,369 - RLController - INFO -   Example: junction B0 -> durations [24, 22, 22, 22] (total: 90s)
2026-09-23 22:34:41,369 - RLController - INFO -   Example: junction B1 -> durations [24, 22, 22, 22] (total: 90s)
2026-09-23 22:34:41,369 - RLController - INFO -   Example: junction B2 -> durations [24, 22, 22, 22] (total: 90s)
2026-09-23 22:34:41,369 - RLController - INFO -   Example: junction B4 -> durations [24, 22, 22, 22] (total: 90s)
2026-09-23 22:34:41,370 - RLController - INFO -   Example: junction B5 -> durations [60, 10, 10, 10] (total: 90s)
2026-09-23 22:34:41,370 - RLController - INFO -   Example: junction C0 -> durations [22, 22, 24, 22] (total: 90s)
2026-09-23 22:34:41,370 - RLController - INFO -   Example: junction C1 -> durations [24, 22, 22, 22] (total: 90s)
2026-09-23 22:34:41,370 - RLController - INFO -   Example: junction C2 -> durations [57, 13, 10, 10] (total: 90s)
2026-09-23 22:34:41,370 - RLController - INFO -   Example: junction C3 -> durations [60, 10, 10, 10] (total: 90s)
2026-09-23 22:34:41,370 - RLController - INFO -   Example: junction C4 -> durations [57, 11, 11, 11] (total: 90s)
2026-09-23 22:34:41,370 - RLController - INFO -   Example: junction C5 -> durations [57, 11, 11, 11] (total: 90s)
2026-09-23 22:34:41,370 - RLController - INFO -   Example: junction D0 -> durations [24, 22, 22, 22] (total: 90s)
2026-09-23 22:34:41,371 - RLController - INFO -   Example: junction D1 -> durations [21, 21, 27, 21] (total: 90s)
2026-09-23 22:34:41,371 - RLController - INFO -   Example: junction D2 -> durations [45, 15, 15, 15] (total: 90s)
2026-09-23 22:34:41,371 - RLController - INFO -   Example: junction D3 -> durations [24, 22, 22, 22] (total: 90s)
2026-09-23 22:34:41,371 - RLController - INFO -   Example: junction D4 -> durations [24, 22, 22, 22] (total: 90s)
2026-09-23 22:34:41,371 - RLController - INFO -   Example: junction D5 -> durations [13, 13, 51, 13] (total: 90s)
2026-09-23 22:34:41,371 - RLController - INFO -   Example: junction E0 -> durations [24, 22, 22, 22] (total: 90s)
2026-09-23 22:34:41,371 - RLController - INFO -   Example: junction E1 -> durations [24, 22, 22, 22] (total: 90s)
2026-09-23 22:34:41,372 - RLController - INFO -   Stored schedules for 34 junctions, cycle starts at step 4050
2026-09-23 22:34:44,665 - RLController - INFO - DIAGNOSTIC Step 4140 - Observation stats:
2026-09-23 22:34:44,665 - RLController - INFO -   Hash: 4637870171183427419, Min: 0.000000, Max: 1.000000, Mean: 0.424359, Std: 0.454615
2026-09-23 22:34:44,665 - RLController - INFO -   First 10: [1.  0.  0.  0.  0.  0.5 1.  0.  0.  0. ]
2026-09-23 22:34:44,666 - RLController - INFO -   Last 10: [0.         0.2        0.         0.08333334 0.43376067 0.0023132
 0.06970085 0.5714299  0.         0.3       ]
2026-09-23 22:34:44,670 - RLController - INFO - DIAGNOSTIC - Raw model action output:
2026-09-23 22:34:44,670 - RLController - INFO -   Action hash: -9162972374561145791
2026-09-23 22:34:44,670 - RLController - INFO -   First 8 values: [ -7.3151298 -10.        -10.        -10.        -10.        -10.
 -10.        -10.       ]
2026-09-23 22:34:44,671 - RLController - INFO -   Last 8 values: [-10.        -10.        -10.        -10.        -10.         -2.4124582
 -10.        -10.       ]
2026-09-23 22:34:44,671 - RLController - INFO -   Action shape: (136,), min: -10.000000, max: 5.644713, mean: -9.297011
2026-09-23 22:34:44,671 - RLController - INFO -   B0 junction (indices 16-19) raw values: [-10. -10. -10. -10.]
2026-09-23 22:34:44,671 - RLController - INFO - Using CONTINUOUS DURATION-BASED mode
2026-09-23 22:34:44,671 - RLController - INFO -   Example: junction A0 -> durations [51, 13, 13, 13] (total: 90s)
2026-09-23 22:34:44,671 - RLController - INFO -   Example: junction A1 -> durations [24, 22, 22, 22] (total: 90s)
2026-09-23 22:34:44,672 - RLController - INFO -   Example: junction A2 -> durations [12, 12, 54, 12] (total: 90s)
2026-09-23 22:34:44,672 - RLController - INFO -   Example: junction A4 -> durations [60, 10, 10, 10] (total: 90s)
2026-09-23 22:34:44,672 - RLController - INFO -   Example: junction A5 -> durations [24, 22, 22, 22] (total: 90s)
2026-09-23 22:34:44,672 - RLController - INFO -   Example: junction B0 -> durations [24, 22, 22, 22] (total: 90s)
2026-09-23 22:34:44,672 - RLController - INFO -   Example: junction B1 -> durations [24, 22, 22, 22] (total: 90s)
2026-09-23 22:34:44,672 - RLController - INFO -   Example: junction B2 -> durations [24, 22, 22, 22] (total: 90s)
2026-09-23 22:34:44,673 - RLController - INFO -   Example: junction B4 -> durations [24, 22, 22, 22] (total: 90s)
2026-09-23 22:34:44,673 - RLController - INFO -   Example: junction B5 -> durations [60, 10, 10, 10] (total: 90s)
2026-09-23 22:34:44,673 - RLController - INFO -   Example: junction C0 -> durations [22, 22, 24, 22] (total: 90s)
2026-09-23 22:34:44,673 - RLController - INFO -   Example: junction C1 -> durations [24, 22, 22, 22] (total: 90s)
2026-09-23 22:34:44,673 - RLController - INFO -   Example: junction C2 -> durations [57, 13, 10, 10] (total: 90s)
2026-09-23 22:34:44,673 - RLController - INFO -   Example: junction C3 -> durations [60, 10, 10, 10] (total: 90s)
2026-09-23 22:34:44,673 - RLController - INFO -   Example: junction C4 -> durations [57, 11, 11, 11] (total: 90s)
2026-09-23 22:34:44,673 - RLController - INFO -   Example: junction C5 -> durations [57, 11, 11, 11] (total: 90s)
2026-09-23 22:34:44,674 - RLController - INFO -   Example: junction D0 -> durations [24, 22, 22, 22] (total: 90s)
2026-09-23 22:34:44,674 - RLController - INFO -   Example: junction D1 -> durations [21, 21, 27, 21] (total: 90s)
2026-09-23 22:34:44,674 - RLController - INFO -   Example: junction D2 -> durations [42, 16, 16, 16] (total: 90s)
2026-09-23 22:34:44,674 - RLController - INFO -   Example: junction D3 -> durations [24, 22, 22, 22] (total: 90s)
2026-09-23 22:34:44,674 - RLController - INFO -   Example: junction D4 -> durations [24, 22, 22, 22] (total: 90s)
2026-09-23 22:34:44,674 - RLController - INFO -   Example: junction D5 -> durations [13, 13, 51, 13] (total: 90s)
2026-09-23 22:34:44,674 - RLController - INFO -   Example: junction E0 -> durations [24, 22, 22, 22] (total: 90s)
2026-09-23 22:34:44,674 - RLController - INFO -   Example: junction E1 -> durations [24, 22, 22, 22] (total: 90s)
2026-09-23 22:34:44,675 - RLController - INFO -   Stored schedules for 34 junctions, cycle starts at step 4140
2026-09-23 22:34:47,874 - RLController - INFO - DIAGNOSTIC Step 4230 - Observation stats:
2026-09-23 22:34:47,874 - RLController - INFO -   Hash: 3057957957804187717, Min: 0.000000, Max: 1.000000, Mean: 0.422135, Std: 0.452476
2026-09-23 22:34:47,875 - RLController - INFO -   First 10: [1.  0.  0.  0.  0.  0.5 1.  0.  0.  0. ]
2026-09-23 22:34:47,875 - RLController - INFO -   Last 10: [0.         0.2        0.         0.08333334 0.42948717 0.00248287
 0.06970085 0.5787182  0.         0.3       ]
2026-09-23 22:34:47,878 - RLController - INFO - DIAGNOSTIC - Raw model action output:
2026-09-23 22:34:47,878 - RLController - INFO -   Action hash: -6712777841138092372
2026-09-23 22:34:47,878 - RLController - INFO -   First 8 values: [ -6.994003 -10.       -10.       -10.       -10.       -10.
 -10.       -10.      ]
2026-09-23 22:34:47,878 - RLController - INFO -   Last 8 values: [-10.       -10.       -10.       -10.       -10.        -1.378057
 -10.       -10.      ]
2026-09-23 22:34:47,879 - RLController - INFO -   Action shape: (136,), min: -10.000000, max: 5.276670, mean: -9.253134
2026-09-23 22:34:47,879 - RLController - INFO -   B0 junction (indices 16-19) raw values: [ -9.937729 -10.       -10.       -10.      ]
2026-09-23 22:34:47,879 - RLController - INFO - Using CONTINUOUS DURATION-BASED mode
2026-09-23 22:34:47,879 - RLController - INFO -   Example: junction A0 -> durations [54, 12, 12, 12] (total: 90s)
2026-09-23 22:34:47,879 - RLController - INFO -   Example: junction A1 -> durations [24, 22, 22, 22] (total: 90s)
2026-09-23 22:34:47,879 - RLController - INFO -   Example: junction A2 -> durations [12, 12, 54, 12] (total: 90s)
2026-09-23 22:34:47,879 - RLController - INFO -   Example: junction A4 -> durations [60, 10, 10, 10] (total: 90s)
2026-09-23 22:34:47,880 - RLController - INFO -   Example: junction A5 -> durations [24, 22, 22, 22] (total: 90s)
2026-09-23 22:34:47,880 - RLController - INFO -   Example: junction B0 -> durations [24, 22, 22, 22] (total: 90s)
2026-09-23 22:34:47,880 - RLController - INFO -   Example: junction B1 -> durations [24, 22, 22, 22] (total: 90s)
2026-09-23 22:34:47,880 - RLController - INFO -   Example: junction B2 -> durations [24, 22, 22, 22] (total: 90s)
2026-09-23 22:34:47,880 - RLController - INFO -   Example: junction B4 -> durations [24, 22, 22, 22] (total: 90s)
2026-09-23 22:34:47,880 - RLController - INFO -   Example: junction B5 -> durations [60, 10, 10, 10] (total: 90s)
2026-09-23 22:34:47,880 - RLController - INFO -   Example: junction C0 -> durations [21, 21, 27, 21] (total: 90s)
2026-09-23 22:34:47,881 - RLController - INFO -   Example: junction C1 -> durations [24, 22, 22, 22] (total: 90s)
2026-09-23 22:34:47,881 - RLController - INFO -   Example: junction C2 -> durations [54, 16, 10, 10] (total: 90s)
2026-09-23 22:34:47,881 - RLController - INFO -   Example: junction C3 -> durations [60, 10, 10, 10] (total: 90s)
2026-09-23 22:34:47,881 - RLController - INFO -   Example: junction C4 -> durations [57, 11, 11, 11] (total: 90s)
2026-09-23 22:34:47,881 - RLController - INFO -   Example: junction C5 -> durations [57, 11, 11, 11] (total: 90s)
2026-09-23 22:34:47,881 - RLController - INFO -   Example: junction D0 -> durations [24, 22, 22, 22] (total: 90s)
2026-09-23 22:34:47,881 - RLController - INFO -   Example: junction D1 -> durations [20, 20, 30, 20] (total: 90s)
2026-09-23 22:34:47,881 - RLController - INFO -   Example: junction D2 -> durations [48, 14, 14, 14] (total: 90s)
2026-09-23 22:34:47,881 - RLController - INFO -   Example: junction D3 -> durations [24, 22, 22, 22] (total: 90s)
2026-09-23 22:34:47,882 - RLController - INFO -   Example: junction D4 -> durations [24, 22, 22, 22] (total: 90s)
2026-09-23 22:34:47,882 - RLController - INFO -   Example: junction D5 -> durations [12, 12, 54, 12] (total: 90s)
2026-09-23 22:34:47,882 - RLController - INFO -   Example: junction E0 -> durations [24, 22, 22, 22] (total: 90s)
2026-09-23 22:34:47,882 - RLController - INFO -   Example: junction E1 -> durations [24, 22, 22, 22] (total: 90s)
2026-09-23 22:34:47,883 - RLController - INFO -   Stored schedules for 34 junctions, cycle starts at step 4230
2026-09-23 22:34:51,104 - RLController - INFO - DIAGNOSTIC Step 4320 - Observation stats:
2026-09-23 22:34:51,105 - RLController - INFO -   Hash: -1187098090402040259, Min: 0.000000, Max: 1.000180, Mean: 0.429828, Std: 0.455773
2026-09-23 22:34:51,105 - RLController - INFO -   First 10: [1.  0.  0.  0.  0.  0.5 1.  0.  0.  0. ]
2026-09-23 22:34:51,106 - RLController - INFO -   Last 10: [0.         0.2        0.         0.08333334 0.47435898 0.00328687
 0.07042735 0.5442608  0.         0.3       ]
2026-09-23 22:34:51,111 - RLController - INFO - DIAGNOSTIC - Raw model action output:
2026-09-23 22:34:51,111 - RLController - INFO -   Action hash: -3844461065722177368
2026-09-23 22:34:51,112 - RLController - INFO -   First 8 values: [ -7.0171676 -10.        -10.        -10.        -10.        -10.
 -10.        -10.       ]
2026-09-23 22:34:51,112 - RLController - INFO -   Last 8 values: [-10.        -10.        -10.        -10.        -10.         -1.3792799
 -10.        -10.       ]
2026-09-23 22:34:51,112 - RLController - INFO -   Action shape: (136,), min: -10.000000, max: 5.109636, mean: -9.260731
2026-09-23 22:34:51,112 - RLController - INFO -   B0 junction (indices 16-19) raw values: [ -9.585521 -10.       -10.       -10.      ]
2026-09-23 22:34:51,112 - RLController - INFO - Using CONTINUOUS DURATION-BASED mode
2026-09-23 22:34:51,113 - RLController - INFO -   Example: junction A0 -> durations [54, 12, 12, 12] (total: 90s)
2026-09-23 22:34:51,113 - RLController - INFO -   Example: junction A1 -> durations [24, 22, 22, 22] (total: 90s)
2026-09-23 22:34:51,113 - RLController - INFO -   Example: junction A2 -> durations [12, 12, 54, 12] (total: 90s)
2026-09-23 22:34:51,113 - RLController - INFO -   Example: junction A4 -> durations [60, 10, 10, 10] (total: 90s)
2026-09-23 22:34:51,113 - RLController - INFO -   Example: junction A5 -> durations [27, 21, 21, 21] (total: 90s)
2026-09-23 22:34:51,113 - RLController - INFO -   Example: junction B0 -> durations [24, 22, 22, 22] (total: 90s)
2026-09-23 22:34:51,113 - RLController - INFO -   Example: junction B1 -> durations [24, 22, 22, 22] (total: 90s)
2026-09-23 22:34:51,114 - RLController - INFO -   Example: junction B2 -> durations [24, 22, 22, 22] (total: 90s)
2026-09-23 22:34:51,114 - RLController - INFO -   Example: junction B4 -> durations [24, 22, 22, 22] (total: 90s)
2026-09-23 22:34:51,114 - RLController - INFO -   Example: junction B5 -> durations [60, 10, 10, 10] (total: 90s)
2026-09-23 22:34:51,114 - RLController - INFO -   Example: junction C0 -> durations [20, 20, 30, 20] (total: 90s)
2026-09-23 22:34:51,114 - RLController - INFO -   Example: junction C1 -> durations [24, 22, 22, 22] (total: 90s)
2026-09-23 22:34:51,114 - RLController - INFO -   Example: junction C2 -> durations [57, 13, 10, 10] (total: 90s)
2026-09-23 22:34:51,115 - RLController - INFO -   Example: junction C3 -> durations [60, 10, 10, 10] (total: 90s)
2026-09-23 22:34:51,115 - RLController - INFO -   Example: junction C4 -> durations [57, 11, 11, 11] (total: 90s)
2026-09-23 22:34:51,115 - RLController - INFO -   Example: junction C5 -> durations [57, 11, 11, 11] (total: 90s)
2026-09-23 22:34:51,115 - RLController - INFO -   Example: junction D0 -> durations [24, 22, 22, 22] (total: 90s)
2026-09-23 22:34:51,115 - RLController - INFO -   Example: junction D1 -> durations [20, 20, 30, 20] (total: 90s)
2026-09-23 22:34:51,116 - RLController - INFO -   Example: junction D2 -> durations [48, 14, 14, 14] (total: 90s)
2026-09-23 22:34:51,116 - RLController - INFO -   Example: junction D3 -> durations [24, 22, 22, 22] (total: 90s)
2026-09-23 22:34:51,116 - RLController - INFO -   Example: junction D4 -> durations [24, 22, 22, 22] (total: 90s)
2026-09-23 22:34:51,116 - RLController - INFO -   Example: junction D5 -> durations [13, 13, 51, 13] (total: 90s)
2026-09-23 22:34:51,116 - RLController - INFO -   Example: junction E0 -> durations [24, 22, 22, 22] (total: 90s)
2026-09-23 22:34:51,116 - RLController - INFO -   Example: junction E1 -> durations [24, 22, 22, 22] (total: 90s)
2026-09-23 22:34:51,117 - RLController - INFO -   Stored schedules for 34 junctions, cycle starts at step 4320
2026-09-23 22:34:54,363 - RLController - INFO - DIAGNOSTIC Step 4410 - Observation stats:
2026-09-23 22:34:54,363 - RLController - INFO -   Hash: 5359246761523319475, Min: 0.000000, Max: 1.000000, Mean: 0.430981, Std: 0.454735
2026-09-23 22:34:54,364 - RLController - INFO -   First 10: [1.         0.         0.         0.         0.         0.5
 0.         1.         0.99333334 1.        ]
2026-09-23 22:34:54,364 - RLController - INFO -   Last 10: [0.         0.2        0.         0.08333334 0.4679487  0.00313856
 0.07094017 0.5541938  0.         0.3       ]
2026-09-23 22:34:54,369 - RLController - INFO - DIAGNOSTIC - Raw model action output:
2026-09-23 22:34:54,369 - RLController - INFO -   Action hash: 2579853273969346123
2026-09-23 22:34:54,369 - RLController - INFO -   First 8 values: [ -7.368641 -10.       -10.       -10.       -10.       -10.
 -10.       -10.      ]
2026-09-23 22:34:54,369 - RLController - INFO -   Last 8 values: [-10.        -10.        -10.        -10.        -10.         -1.3556492
 -10.        -10.       ]
2026-09-23 22:34:54,369 - RLController - INFO -   Action shape: (136,), min: -10.000000, max: 5.444478, mean: -9.276436
2026-09-23 22:34:54,370 - RLController - INFO -   B0 junction (indices 16-19) raw values: [ -9.954999 -10.       -10.       -10.      ]
2026-09-23 22:34:54,370 - RLController - INFO - Using CONTINUOUS DURATION-BASED mode
2026-09-23 22:34:54,370 - RLController - INFO -   Example: junction A0 -> durations [51, 13, 13, 13] (total: 90s)
2026-09-23 22:34:54,370 - RLController - INFO -   Example: junction A1 -> durations [24, 22, 22, 22] (total: 90s)
2026-09-23 22:34:54,370 - RLController - INFO -   Example: junction A2 -> durations [12, 12, 54, 12] (total: 90s)
2026-09-23 22:34:54,370 - RLController - INFO -   Example: junction A4 -> durations [60, 10, 10, 10] (total: 90s)
2026-09-23 22:34:54,370 - RLController - INFO -   Example: junction A5 -> durations [24, 22, 22, 22] (total: 90s)
2026-09-23 22:34:54,370 - RLController - INFO -   Example: junction B0 -> durations [24, 22, 22, 22] (total: 90s)
2026-09-23 22:34:54,371 - RLController - INFO -   Example: junction B1 -> durations [24, 22, 22, 22] (total: 90s)
2026-09-23 22:34:54,371 - RLController - INFO -   Example: junction B2 -> durations [24, 22, 22, 22] (total: 90s)
2026-09-23 22:34:54,371 - RLController - INFO -   Example: junction B4 -> durations [24, 22, 22, 22] (total: 90s)
2026-09-23 22:34:54,371 - RLController - INFO -   Example: junction B5 -> durations [60, 10, 10, 10] (total: 90s)
2026-09-23 22:34:54,371 - RLController - INFO -   Example: junction C0 -> durations [22, 22, 24, 22] (total: 90s)
2026-09-23 22:34:54,371 - RLController - INFO -   Example: junction C1 -> durations [24, 22, 22, 22] (total: 90s)
2026-09-23 22:34:54,371 - RLController - INFO -   Example: junction C2 -> durations [56, 14, 10, 10] (total: 90s)
2026-09-23 22:34:54,371 - RLController - INFO -   Example: junction C3 -> durations [60, 10, 10, 10] (total: 90s)
2026-09-23 22:34:54,372 - RLController - INFO -   Example: junction C4 -> durations [57, 11, 11, 11] (total: 90s)
2026-09-23 22:34:54,372 - RLController - INFO -   Example: junction C5 -> durations [57, 11, 11, 11] (total: 90s)
2026-09-23 22:34:54,372 - RLController - INFO -   Example: junction D0 -> durations [24, 22, 22, 22] (total: 90s)
2026-09-23 22:34:54,372 - RLController - INFO -   Example: junction D1 -> durations [21, 21, 27, 21] (total: 90s)
2026-09-23 22:34:54,372 - RLController - INFO -   Example: junction D2 -> durations [45, 15, 15, 15] (total: 90s)
2026-09-23 22:34:54,372 - RLController - INFO -   Example: junction D3 -> durations [24, 22, 22, 22] (total: 90s)
2026-09-23 22:34:54,372 - RLController - INFO -   Example: junction D4 -> durations [24, 22, 22, 22] (total: 90s)
2026-09-23 22:34:54,372 - RLController - INFO -   Example: junction D5 -> durations [13, 13, 51, 13] (total: 90s)
2026-09-23 22:34:54,372 - RLController - INFO -   Example: junction E0 -> durations [24, 22, 22, 22] (total: 90s)
2026-09-23 22:34:54,373 - RLController - INFO -   Example: junction E1 -> durations [24, 22, 22, 22] (total: 90s)
2026-09-23 22:34:54,373 - RLController - INFO -   Stored schedules for 34 junctions, cycle starts at step 4410
2026-09-23 22:34:57,666 - RLController - INFO - DIAGNOSTIC Step 4500 - Observation stats:
2026-09-23 22:34:57,666 - RLController - INFO -   Hash: 5492352270318860243, Min: 0.000000, Max: 1.000000, Mean: 0.429586, Std: 0.454763
2026-09-23 22:34:57,667 - RLController - INFO -   First 10: [0.125      1.         0.9866667  1.         0.12325526 0.06437768
 0.         1.         0.99333334 1.        ]
2026-09-23 22:34:57,667 - RLController - INFO -   Last 10: [0.         0.2        0.         0.08333334 0.4636752  0.00288646
 0.07055555 0.5482294  0.         0.3       ]
2026-09-23 22:34:57,672 - RLController - INFO - DIAGNOSTIC - Raw model action output:
2026-09-23 22:34:57,672 - RLController - INFO -   Action hash: -6504901707534539477
2026-09-23 22:34:57,673 - RLController - INFO -   First 8 values: [ -7.412319 -10.       -10.       -10.       -10.       -10.
 -10.       -10.      ]
2026-09-23 22:34:57,673 - RLController - INFO -   Last 8 values: [-10.        -10.        -10.        -10.        -10.         -1.1343634
 -10.        -10.       ]
2026-09-23 22:34:57,673 - RLController - INFO -   Action shape: (136,), min: -10.000000, max: 4.929440, mean: -9.292441
2026-09-23 22:34:57,673 - RLController - INFO -   B0 junction (indices 16-19) raw values: [-10. -10. -10. -10.]
2026-09-23 22:34:57,673 - RLController - INFO - Using CONTINUOUS DURATION-BASED mode
2026-09-23 22:34:57,674 - RLController - INFO -   Example: junction A0 -> durations [51, 13, 13, 13] (total: 90s)
2026-09-23 22:34:57,674 - RLController - INFO -   Example: junction A1 -> durations [24, 22, 22, 22] (total: 90s)
2026-09-23 22:34:57,674 - RLController - INFO -   Example: junction A2 -> durations [12, 12, 54, 12] (total: 90s)
2026-09-23 22:34:57,674 - RLController - INFO -   Example: junction A4 -> durations [60, 10, 10, 10] (total: 90s)
2026-09-23 22:34:57,674 - RLController - INFO -   Example: junction A5 -> durations [24, 22, 22, 22] (total: 90s)
2026-09-23 22:34:57,674 - RLController - INFO -   Example: junction B0 -> durations [24, 22, 22, 22] (total: 90s)
2026-09-23 22:34:57,675 - RLController - INFO -   Example: junction B1 -> durations [24, 22, 22, 22] (total: 90s)
2026-09-23 22:34:57,675 - RLController - INFO -   Example: junction B2 -> durations [24, 22, 22, 22] (total: 90s)
2026-09-23 22:34:57,675 - RLController - INFO -   Example: junction B4 -> durations [24, 22, 22, 22] (total: 90s)
2026-09-23 22:34:57,675 - RLController - INFO -   Example: junction B5 -> durations [60, 10, 10, 10] (total: 90s)
2026-09-23 22:34:57,675 - RLController - INFO -   Example: junction C0 -> durations [22, 22, 24, 22] (total: 90s)
2026-09-23 22:34:57,675 - RLController - INFO -   Example: junction C1 -> durations [24, 22, 22, 22] (total: 90s)
2026-09-23 22:34:57,675 - RLController - INFO -   Example: junction C2 -> durations [58, 12, 10, 10] (total: 90s)
2026-09-23 22:34:57,676 - RLController - INFO -   Example: junction C3 -> durations [60, 10, 10, 10] (total: 90s)
2026-09-23 22:34:57,676 - RLController - INFO -   Example: junction C4 -> durations [60, 10, 10, 10] (total: 90s)
2026-09-23 22:34:57,676 - RLController - INFO -   Example: junction C5 -> durations [57, 11, 11, 11] (total: 90s)
2026-09-23 22:34:57,676 - RLController - INFO -   Example: junction D0 -> durations [24, 22, 22, 22] (total: 90s)
2026-09-23 22:34:57,676 - RLController - INFO -   Example: junction D1 -> durations [22, 22, 24, 22] (total: 90s)
2026-09-23 22:34:57,676 - RLController - INFO -   Example: junction D2 -> durations [45, 15, 15, 15] (total: 90s)
2026-09-23 22:34:57,676 - RLController - INFO -   Example: junction D3 -> durations [24, 22, 22, 22] (total: 90s)
2026-09-23 22:34:57,677 - RLController - INFO -   Example: junction D4 -> durations [24, 22, 22, 22] (total: 90s)
2026-09-23 22:34:57,677 - RLController - INFO -   Example: junction D5 -> durations [13, 13, 51, 13] (total: 90s)
2026-09-23 22:34:57,677 - RLController - INFO -   Example: junction E0 -> durations [24, 22, 22, 22] (total: 90s)
2026-09-23 22:34:57,677 - RLController - INFO -   Example: junction E1 -> durations [24, 22, 22, 22] (total: 90s)
2026-09-23 22:34:57,678 - RLController - INFO -   Stored schedules for 34 junctions, cycle starts at step 4500
2026-09-23 22:35:00,801 - RLController - INFO - DIAGNOSTIC Step 4590 - Observation stats:
2026-09-23 22:35:00,802 - RLController - INFO -   Hash: -930104099320562021, Min: 0.000000, Max: 1.000000, Mean: 0.426613, Std: 0.453590
2026-09-23 22:35:00,802 - RLController - INFO -   First 10: [1.         0.         0.         0.         0.         0.51502144
 0.         1.         0.99333334 1.        ]
2026-09-23 22:35:00,802 - RLController - INFO -   Last 10: [0.         0.2        0.         0.08333334 0.44444445 0.00301002
 0.07149573 0.571287   0.         0.3       ]
2026-09-23 22:35:00,807 - RLController - INFO - DIAGNOSTIC - Raw model action output:
2026-09-23 22:35:00,808 - RLController - INFO -   Action hash: 4723216344306151720
2026-09-23 22:35:00,808 - RLController - INFO -   First 8 values: [ -7.141327 -10.       -10.       -10.       -10.       -10.
 -10.       -10.      ]
2026-09-23 22:35:00,808 - RLController - INFO -   Last 8 values: [-10.        -10.        -10.        -10.        -10.         -1.1111615
 -10.        -10.       ]
2026-09-23 22:35:00,808 - RLController - INFO -   Action shape: (136,), min: -10.000000, max: 5.509264, mean: -9.281547
2026-09-23 22:35:00,808 - RLController - INFO -   B0 junction (indices 16-19) raw values: [ -9.4798975 -10.        -10.        -10.       ]
2026-09-23 22:35:00,808 - RLController - INFO - Using CONTINUOUS DURATION-BASED mode
2026-09-23 22:35:00,809 - RLController - INFO -   Example: junction A0 -> durations [54, 12, 12, 12] (total: 90s)
2026-09-23 22:35:00,809 - RLController - INFO -   Example: junction A1 -> durations [24, 22, 22, 22] (total: 90s)
2026-09-23 22:35:00,809 - RLController - INFO -   Example: junction A2 -> durations [11, 11, 57, 11] (total: 90s)
2026-09-23 22:35:00,809 - RLController - INFO -   Example: junction A4 -> durations [60, 10, 10, 10] (total: 90s)
2026-09-23 22:35:00,809 - RLController - INFO -   Example: junction A5 -> durations [27, 21, 21, 21] (total: 90s)
2026-09-23 22:35:00,809 - RLController - INFO -   Example: junction B0 -> durations [24, 22, 22, 22] (total: 90s)
2026-09-23 22:35:00,810 - RLController - INFO -   Example: junction B1 -> durations [24, 22, 22, 22] (total: 90s)
2026-09-23 22:35:00,810 - RLController - INFO -   Example: junction B2 -> durations [24, 22, 22, 22] (total: 90s)
2026-09-23 22:35:00,810 - RLController - INFO -   Example: junction B4 -> durations [24, 22, 22, 22] (total: 90s)
2026-09-23 22:35:00,810 - RLController - INFO -   Example: junction B5 -> durations [60, 10, 10, 10] (total: 90s)
2026-09-23 22:35:00,810 - RLController - INFO -   Example: junction C0 -> durations [22, 22, 24, 22] (total: 90s)
2026-09-23 22:35:00,810 - RLController - INFO -   Example: junction C1 -> durations [24, 22, 22, 22] (total: 90s)
2026-09-23 22:35:00,810 - RLController - INFO -   Example: junction C2 -> durations [57, 13, 10, 10] (total: 90s)
2026-09-23 22:35:00,810 - RLController - INFO -   Example: junction C3 -> durations [60, 10, 10, 10] (total: 90s)
2026-09-23 22:35:00,810 - RLController - INFO -   Example: junction C4 -> durations [57, 11, 11, 11] (total: 90s)
2026-09-23 22:35:00,811 - RLController - INFO -   Example: junction C5 -> durations [57, 11, 11, 11] (total: 90s)
2026-09-23 22:35:00,811 - RLController - INFO -   Example: junction D0 -> durations [24, 22, 22, 22] (total: 90s)
2026-09-23 22:35:00,811 - RLController - INFO -   Example: junction D1 -> durations [21, 21, 27, 21] (total: 90s)
2026-09-23 22:35:00,811 - RLController - INFO -   Example: junction D2 -> durations [42, 16, 16, 16] (total: 90s)
2026-09-23 22:35:00,811 - RLController - INFO -   Example: junction D3 -> durations [24, 22, 22, 22] (total: 90s)
2026-09-23 22:35:00,811 - RLController - INFO -   Example: junction D4 -> durations [24, 22, 22, 22] (total: 90s)
2026-09-23 22:35:00,811 - RLController - INFO -   Example: junction D5 -> durations [13, 13, 51, 13] (total: 90s)
2026-09-23 22:35:00,811 - RLController - INFO -   Example: junction E0 -> durations [24, 22, 22, 22] (total: 90s)
2026-09-23 22:35:00,812 - RLController - INFO -   Example: junction E1 -> durations [24, 22, 22, 22] (total: 90s)
2026-09-23 22:35:00,812 - RLController - INFO -   Stored schedules for 34 junctions, cycle starts at step 4590
2026-09-23 22:35:04,635 - RLController - INFO - DIAGNOSTIC Step 4680 - Observation stats:
2026-09-23 22:35:04,636 - RLController - INFO -   Hash: -2085240209223486965, Min: 0.000000, Max: 1.000000, Mean: 0.426998, Std: 0.452421
2026-09-23 22:35:04,636 - RLController - INFO -   First 10: [1.         0.         0.         0.         0.         0.51502144
 0.         1.         0.99333334 1.        ]
2026-09-23 22:35:04,636 - RLController - INFO -   Last 10: [0.         0.2        0.         0.08333334 0.45299146 0.00265953
 0.0734188  0.5633072  0.         0.3       ]
2026-09-23 22:35:04,641 - RLController - INFO - DIAGNOSTIC - Raw model action output:
2026-09-23 22:35:04,641 - RLController - INFO -   Action hash: -8284192497846071370
2026-09-23 22:35:04,642 - RLController - INFO -   First 8 values: [ -7.2127953 -10.        -10.        -10.        -10.        -10.
 -10.        -10.       ]
2026-09-23 22:35:04,642 - RLController - INFO -   Last 8 values: [-10.         -10.         -10.         -10.         -10.
  -0.91651934 -10.         -10.        ]
2026-09-23 22:35:04,642 - RLController - INFO -   Action shape: (136,), min: -10.000000, max: 5.155724, mean: -9.297817
2026-09-23 22:35:04,642 - RLController - INFO -   B0 junction (indices 16-19) raw values: [ -9.743441 -10.       -10.       -10.      ]
2026-09-23 22:35:04,642 - RLController - INFO - Using CONTINUOUS DURATION-BASED mode
2026-09-23 22:35:04,642 - RLController - INFO -   Example: junction A0 -> durations [51, 13, 13, 13] (total: 90s)
2026-09-23 22:35:04,643 - RLController - INFO -   Example: junction A1 -> durations [24, 22, 22, 22] (total: 90s)
2026-09-23 22:35:04,643 - RLController - INFO -   Example: junction A2 -> durations [12, 12, 54, 12] (total: 90s)
2026-09-23 22:35:04,643 - RLController - INFO -   Example: junction A4 -> durations [60, 10, 10, 10] (total: 90s)
2026-09-23 22:35:04,643 - RLController - INFO -   Example: junction A5 -> durations [24, 22, 22, 22] (total: 90s)
2026-09-23 22:35:04,643 - RLController - INFO -   Example: junction B0 -> durations [24, 22, 22, 22] (total: 90s)
2026-09-23 22:35:04,643 - RLController - INFO -   Example: junction B1 -> durations [24, 22, 22, 22] (total: 90s)
2026-09-23 22:35:04,643 - RLController - INFO -   Example: junction B2 -> durations [24, 22, 22, 22] (total: 90s)
2026-09-23 22:35:04,643 - RLController - INFO -   Example: junction B4 -> durations [24, 22, 22, 22] (total: 90s)
2026-09-23 22:35:04,644 - RLController - INFO -   Example: junction B5 -> durations [60, 10, 10, 10] (total: 90s)
2026-09-23 22:35:04,644 - RLController - INFO -   Example: junction C0 -> durations [22, 22, 24, 22] (total: 90s)
2026-09-23 22:35:04,644 - RLController - INFO -   Example: junction C1 -> durations [24, 22, 22, 22] (total: 90s)
2026-09-23 22:35:04,645 - RLController - INFO -   Example: junction C2 -> durations [57, 13, 10, 10] (total: 90s)
2026-09-23 22:35:04,645 - RLController - INFO -   Example: junction C3 -> durations [60, 10, 10, 10] (total: 90s)
2026-09-23 22:35:04,645 - RLController - INFO -   Example: junction C4 -> durations [57, 11, 11, 11] (total: 90s)
2026-09-23 22:35:04,645 - RLController - INFO -   Example: junction C5 -> durations [57, 11, 11, 11] (total: 90s)
2026-09-23 22:35:04,645 - RLController - INFO -   Example: junction D0 -> durations [24, 22, 22, 22] (total: 90s)
2026-09-23 22:35:04,645 - RLController - INFO -   Example: junction D1 -> durations [21, 21, 27, 21] (total: 90s)
2026-09-23 22:35:04,645 - RLController - INFO -   Example: junction D2 -> durations [42, 16, 16, 16] (total: 90s)
2026-09-23 22:35:04,646 - RLController - INFO -   Example: junction D3 -> durations [24, 22, 22, 22] (total: 90s)
2026-09-23 22:35:04,646 - RLController - INFO -   Example: junction D4 -> durations [24, 22, 22, 22] (total: 90s)
2026-09-23 22:35:04,646 - RLController - INFO -   Example: junction D5 -> durations [13, 13, 51, 13] (total: 90s)
2026-09-23 22:35:04,646 - RLController - INFO -   Example: junction E0 -> durations [24, 22, 22, 22] (total: 90s)
2026-09-23 22:35:04,646 - RLController - INFO -   Example: junction E1 -> durations [24, 22, 22, 22] (total: 90s)
2026-09-23 22:35:04,647 - RLController - INFO -   Stored schedules for 34 junctions, cycle starts at step 4680
2026-09-23 22:35:07,930 - RLController - INFO - DIAGNOSTIC Step 4770 - Observation stats:
2026-09-23 22:35:07,930 - RLController - INFO -   Hash: -1052478256086615567, Min: 0.000000, Max: 1.000000, Mean: 0.431721, Std: 0.453935
2026-09-23 22:35:07,930 - RLController - INFO -   First 10: [1.         0.         0.         0.         0.         0.51502144
 0.         1.         0.99333334 1.        ]
2026-09-23 22:35:07,931 - RLController - INFO -   Last 10: [0.         0.2        0.         0.08333334 0.46153846 0.00331576
 0.07299145 0.5550334  0.         0.3       ]
2026-09-23 22:35:07,935 - RLController - INFO - DIAGNOSTIC - Raw model action output:
2026-09-23 22:35:07,935 - RLController - INFO -   Action hash: -7587931892231248348
2026-09-23 22:35:07,936 - RLController - INFO -   First 8 values: [ -7.3345475 -10.        -10.        -10.        -10.        -10.
 -10.        -10.       ]
2026-09-23 22:35:07,936 - RLController - INFO -   Last 8 values: [-10.         -10.         -10.         -10.         -10.
  -0.86469764 -10.         -10.        ]
2026-09-23 22:35:07,936 - RLController - INFO -   Action shape: (136,), min: -10.000000, max: 5.084008, mean: -9.270616
2026-09-23 22:35:07,936 - RLController - INFO -   B0 junction (indices 16-19) raw values: [-10. -10. -10. -10.]
2026-09-23 22:35:07,936 - RLController - INFO - Using CONTINUOUS DURATION-BASED mode
2026-09-23 22:35:07,937 - RLController - INFO -   Example: junction A0 -> durations [51, 13, 13, 13] (total: 90s)
2026-09-23 22:35:07,937 - RLController - INFO -   Example: junction A1 -> durations [24, 22, 22, 22] (total: 90s)
2026-09-23 22:35:07,937 - RLController - INFO -   Example: junction A2 -> durations [12, 12, 54, 12] (total: 90s)
2026-09-23 22:35:07,937 - RLController - INFO -   Example: junction A4 -> durations [60, 10, 10, 10] (total: 90s)
2026-09-23 22:35:07,937 - RLController - INFO -   Example: junction A5 -> durations [24, 22, 22, 22] (total: 90s)
2026-09-23 22:35:07,937 - RLController - INFO -   Example: junction B0 -> durations [24, 22, 22, 22] (total: 90s)
2026-09-23 22:35:07,937 - RLController - INFO -   Example: junction B1 -> durations [24, 22, 22, 22] (total: 90s)
2026-09-23 22:35:07,937 - RLController - INFO -   Example: junction B2 -> durations [24, 22, 22, 22] (total: 90s)
2026-09-23 22:35:07,938 - RLController - INFO -   Example: junction B4 -> durations [24, 22, 22, 22] (total: 90s)
2026-09-23 22:35:07,938 - RLController - INFO -   Example: junction B5 -> durations [60, 10, 10, 10] (total: 90s)
2026-09-23 22:35:07,938 - RLController - INFO -   Example: junction C0 -> durations [21, 21, 27, 21] (total: 90s)
2026-09-23 22:35:07,938 - RLController - INFO -   Example: junction C1 -> durations [24, 22, 22, 22] (total: 90s)
2026-09-23 22:35:07,938 - RLController - INFO -   Example: junction C2 -> durations [55, 15, 10, 10] (total: 90s)
2026-09-23 22:35:07,938 - RLController - INFO -   Example: junction C3 -> durations [60, 10, 10, 10] (total: 90s)
2026-09-23 22:35:07,938 - RLController - INFO -   Example: junction C4 -> durations [57, 11, 11, 11] (total: 90s)
2026-09-23 22:35:07,938 - RLController - INFO -   Example: junction C5 -> durations [57, 11, 11, 11] (total: 90s)
2026-09-23 22:35:07,938 - RLController - INFO -   Example: junction D0 -> durations [24, 22, 22, 22] (total: 90s)
2026-09-23 22:35:07,939 - RLController - INFO -   Example: junction D1 -> durations [21, 21, 27, 21] (total: 90s)
2026-09-23 22:35:07,939 - RLController - INFO -   Example: junction D2 -> durations [48, 14, 14, 14] (total: 90s)
2026-09-23 22:35:07,939 - RLController - INFO -   Example: junction D3 -> durations [24, 22, 22, 22] (total: 90s)
2026-09-23 22:35:07,939 - RLController - INFO -   Example: junction D4 -> durations [24, 22, 22, 22] (total: 90s)
2026-09-23 22:35:07,939 - RLController - INFO -   Example: junction D5 -> durations [13, 13, 51, 13] (total: 90s)
2026-09-23 22:35:07,939 - RLController - INFO -   Example: junction E0 -> durations [24, 22, 22, 22] (total: 90s)
2026-09-23 22:35:07,939 - RLController - INFO -   Example: junction E1 -> durations [24, 22, 22, 22] (total: 90s)
2026-09-23 22:35:07,940 - RLController - INFO -   Stored schedules for 34 junctions, cycle starts at step 4770
2026-09-23 22:35:11,363 - RLController - INFO - DIAGNOSTIC Step 4860 - Observation stats:
2026-09-23 22:35:11,390 - RLController - INFO -   Hash: 5868292946621844104, Min: 0.000000, Max: 1.000000, Mean: 0.432814, Std: 0.453981
2026-09-23 22:35:11,391 - RLController - INFO -   First 10: [1.         0.         0.         0.         0.         0.51502144
 0.         1.         0.99333334 1.        ]
2026-09-23 22:35:11,391 - RLController - INFO -   Last 10: [0.         0.2        0.         0.08333334 0.47863248 0.00311534
 0.0732906  0.53935516 0.         0.3       ]
2026-09-23 22:35:11,395 - RLController - INFO - DIAGNOSTIC - Raw model action output:
2026-09-23 22:35:11,396 - RLController - INFO -   Action hash: -8870421138208761073
2026-09-23 22:35:11,396 - RLController - INFO -   First 8 values: [ -7.3344398 -10.        -10.        -10.        -10.        -10.
 -10.        -10.       ]
2026-09-23 22:35:11,396 - RLController - INFO -   Last 8 values: [-10.        -10.        -10.        -10.        -10.         -2.2519295
 -10.        -10.       ]
2026-09-23 22:35:11,396 - RLController - INFO -   Action shape: (136,), min: -10.000000, max: 5.520232, mean: -9.275524
2026-09-23 22:35:11,396 - RLController - INFO -   B0 junction (indices 16-19) raw values: [ -9.445875 -10.       -10.       -10.      ]
2026-09-23 22:35:11,396 - RLController - INFO - Using CONTINUOUS DURATION-BASED mode
2026-09-23 22:35:11,397 - RLController - INFO -   Example: junction A0 -> durations [51, 13, 13, 13] (total: 90s)
2026-09-23 22:35:11,397 - RLController - INFO -   Example: junction A1 -> durations [24, 22, 22, 22] (total: 90s)
2026-09-23 22:35:11,397 - RLController - INFO -   Example: junction A2 -> durations [12, 12, 54, 12] (total: 90s)
2026-09-23 22:35:11,397 - RLController - INFO -   Example: junction A4 -> durations [60, 10, 10, 10] (total: 90s)
2026-09-23 22:35:11,397 - RLController - INFO -   Example: junction A5 -> durations [27, 21, 21, 21] (total: 90s)
2026-09-23 22:35:11,397 - RLController - INFO -   Example: junction B0 -> durations [24, 22, 22, 22] (total: 90s)
2026-09-23 22:35:11,398 - RLController - INFO -   Example: junction B1 -> durations [24, 22, 22, 22] (total: 90s)
2026-09-23 22:35:11,398 - RLController - INFO -   Example: junction B2 -> durations [24, 22, 22, 22] (total: 90s)
2026-09-23 22:35:11,398 - RLController - INFO -   Example: junction B4 -> durations [24, 22, 22, 22] (total: 90s)
2026-09-23 22:35:11,398 - RLController - INFO -   Example: junction B5 -> durations [60, 10, 10, 10] (total: 90s)
2026-09-23 22:35:11,398 - RLController - INFO -   Example: junction C0 -> durations [22, 22, 24, 22] (total: 90s)
2026-09-23 22:35:11,398 - RLController - INFO -   Example: junction C1 -> durations [24, 22, 22, 22] (total: 90s)
2026-09-23 22:35:11,398 - RLController - INFO -   Example: junction C2 -> durations [57, 13, 10, 10] (total: 90s)
2026-09-23 22:35:11,398 - RLController - INFO -   Example: junction C3 -> durations [60, 10, 10, 10] (total: 90s)
2026-09-23 22:35:11,399 - RLController - INFO -   Example: junction C4 -> durations [57, 11, 11, 11] (total: 90s)
2026-09-23 22:35:11,399 - RLController - INFO -   Example: junction C5 -> durations [57, 11, 11, 11] (total: 90s)
2026-09-23 22:35:11,399 - RLController - INFO -   Example: junction D0 -> durations [24, 22, 22, 22] (total: 90s)
2026-09-23 22:35:11,399 - RLController - INFO -   Example: junction D1 -> durations [21, 21, 27, 21] (total: 90s)
2026-09-23 22:35:11,399 - RLController - INFO -   Example: junction D2 -> durations [45, 15, 15, 15] (total: 90s)
2026-09-23 22:35:11,399 - RLController - INFO -   Example: junction D3 -> durations [24, 22, 22, 22] (total: 90s)
2026-09-23 22:35:11,399 - RLController - INFO -   Example: junction D4 -> durations [24, 22, 22, 22] (total: 90s)
2026-09-23 22:35:11,399 - RLController - INFO -   Example: junction D5 -> durations [14, 14, 48, 14] (total: 90s)
2026-09-23 22:35:11,400 - RLController - INFO -   Example: junction E0 -> durations [24, 22, 22, 22] (total: 90s)
2026-09-23 22:35:11,400 - RLController - INFO -   Example: junction E1 -> durations [24, 22, 22, 22] (total: 90s)
2026-09-23 22:35:11,400 - RLController - INFO -   Stored schedules for 34 junctions, cycle starts at step 4860
2026-09-23 22:35:14,784 - RLController - INFO - DIAGNOSTIC Step 4950 - Observation stats:
2026-09-23 22:35:14,784 - RLController - INFO -   Hash: -591977699145472331, Min: 0.000000, Max: 1.000000, Mean: 0.431873, Std: 0.454662
2026-09-23 22:35:14,785 - RLController - INFO -   First 10: [0.16666667 1.         0.98       1.         0.08398599 0.08836524
 0.         1.         0.99333334 1.        ]
2026-09-23 22:35:14,785 - RLController - INFO -   Last 10: [0.         0.2        0.         0.08333334 0.46581197 0.00278576
 0.07380342 0.5478161  0.         0.3       ]
2026-09-23 22:35:14,790 - RLController - INFO - DIAGNOSTIC - Raw model action output:
2026-09-23 22:35:14,790 - RLController - INFO -   Action hash: 3496055597216971899
2026-09-23 22:35:14,791 - RLController - INFO -   First 8 values: [ -7.384331 -10.       -10.       -10.       -10.       -10.
 -10.       -10.      ]
2026-09-23 22:35:14,791 - RLController - INFO -   Last 8 values: [-10.        -10.        -10.        -10.        -10.         -2.9019306
 -10.        -10.       ]
2026-09-23 22:35:14,791 - RLController - INFO -   Action shape: (136,), min: -10.000000, max: 5.286763, mean: -9.283491
2026-09-23 22:35:14,791 - RLController - INFO -   B0 junction (indices 16-19) raw values: [-10. -10. -10. -10.]
2026-09-23 22:35:14,791 - RLController - INFO - Using CONTINUOUS DURATION-BASED mode
2026-09-23 22:35:14,791 - RLController - INFO -   Example: junction A0 -> durations [51, 13, 13, 13] (total: 90s)
2026-09-23 22:35:14,792 - RLController - INFO -   Example: junction A1 -> durations [24, 22, 22, 22] (total: 90s)
2026-09-23 22:35:14,792 - RLController - INFO -   Example: junction A2 -> durations [12, 12, 54, 12] (total: 90s)
2026-09-23 22:35:14,792 - RLController - INFO -   Example: junction A4 -> durations [60, 10, 10, 10] (total: 90s)
2026-09-23 22:35:14,792 - RLController - INFO -   Example: junction A5 -> durations [24, 22, 22, 22] (total: 90s)
2026-09-23 22:35:14,792 - RLController - INFO -   Example: junction B0 -> durations [24, 22, 22, 22] (total: 90s)
2026-09-23 22:35:14,792 - RLController - INFO -   Example: junction B1 -> durations [24, 22, 22, 22] (total: 90s)
2026-09-23 22:35:14,792 - RLController - INFO -   Example: junction B2 -> durations [24, 22, 22, 22] (total: 90s)
2026-09-23 22:35:14,793 - RLController - INFO -   Example: junction B4 -> durations [24, 22, 22, 22] (total: 90s)
2026-09-23 22:35:14,793 - RLController - INFO -   Example: junction B5 -> durations [60, 10, 10, 10] (total: 90s)
2026-09-23 22:35:14,793 - RLController - INFO -   Example: junction C0 -> durations [21, 21, 27, 21] (total: 90s)
2026-09-23 22:35:14,793 - RLController - INFO -   Example: junction C1 -> durations [24, 22, 22, 22] (total: 90s)
2026-09-23 22:35:14,793 - RLController - INFO -   Example: junction C2 -> durations [58, 12, 10, 10] (total: 90s)
2026-09-23 22:35:14,793 - RLController - INFO -   Example: junction C3 -> durations [60, 10, 10, 10] (total: 90s)
2026-09-23 22:35:14,793 - RLController - INFO -   Example: junction C4 -> durations [57, 11, 11, 11] (total: 90s)
2026-09-23 22:35:14,793 - RLController - INFO -   Example: junction C5 -> durations [57, 11, 11, 11] (total: 90s)
2026-09-23 22:35:14,794 - RLController - INFO -   Example: junction D0 -> durations [24, 22, 22, 22] (total: 90s)
2026-09-23 22:35:14,794 - RLController - INFO -   Example: junction D1 -> durations [21, 21, 27, 21] (total: 90s)
2026-09-23 22:35:14,794 - RLController - INFO -   Example: junction D2 -> durations [45, 15, 15, 15] (total: 90s)
2026-09-23 22:35:14,794 - RLController - INFO -   Example: junction D3 -> durations [24, 22, 22, 22] (total: 90s)
2026-09-23 22:35:14,794 - RLController - INFO -   Example: junction D4 -> durations [24, 22, 22, 22] (total: 90s)
2026-09-23 22:35:14,794 - RLController - INFO -   Example: junction D5 -> durations [13, 13, 51, 13] (total: 90s)
2026-09-23 22:35:14,794 - RLController - INFO -   Example: junction E0 -> durations [24, 22, 22, 22] (total: 90s)
2026-09-23 22:35:14,795 - RLController - INFO -   Example: junction E1 -> durations [24, 22, 22, 22] (total: 90s)
2026-09-23 22:35:14,795 - RLController - INFO -   Stored schedules for 34 junctions, cycle starts at step 4950
2026-09-23 22:35:18,426 - RLController - INFO - DIAGNOSTIC Step 5040 - Observation stats:
2026-09-23 22:35:18,426 - RLController - INFO -   Hash: -8160371170300024455, Min: 0.000000, Max: 1.000000, Mean: 0.432563, Std: 0.453959
2026-09-23 22:35:18,427 - RLController - INFO -   First 10: [1.         0.         0.         0.         0.         0.5301915
 0.         1.         0.99333334 1.        ]
2026-09-23 22:35:18,427 - RLController - INFO -   Last 10: [0.         0.2        0.         0.08333334 0.47435898 0.00340187
 0.07384615 0.5467696  0.         0.3       ]
2026-09-23 22:35:18,431 - RLController - INFO - DIAGNOSTIC - Raw model action output:
2026-09-23 22:35:18,431 - RLController - INFO -   Action hash: -4293555725362897303
2026-09-23 22:35:18,432 - RLController - INFO -   First 8 values: [ -7.312811 -10.       -10.       -10.       -10.       -10.
 -10.       -10.      ]
2026-09-23 22:35:18,432 - RLController - INFO -   Last 8 values: [-10.        -10.        -10.        -10.        -10.         -2.5096252
 -10.        -10.       ]
2026-09-23 22:35:18,432 - RLController - INFO -   Action shape: (136,), min: -10.000000, max: 5.199309, mean: -9.279405
2026-09-23 22:35:18,432 - RLController - INFO -   B0 junction (indices 16-19) raw values: [ -9.934873 -10.       -10.       -10.      ]
2026-09-23 22:35:18,432 - RLController - INFO - Using CONTINUOUS DURATION-BASED mode
2026-09-23 22:35:18,433 - RLController - INFO -   Example: junction A0 -> durations [51, 13, 13, 13] (total: 90s)
2026-09-23 22:35:18,433 - RLController - INFO -   Example: junction A1 -> durations [24, 22, 22, 22] (total: 90s)
2026-09-23 22:35:18,433 - RLController - INFO -   Example: junction A2 -> durations [12, 12, 54, 12] (total: 90s)
2026-09-23 22:35:18,433 - RLController - INFO -   Example: junction A4 -> durations [60, 10, 10, 10] (total: 90s)
2026-09-23 22:35:18,433 - RLController - INFO -   Example: junction A5 -> durations [24, 22, 22, 22] (total: 90s)
2026-09-23 22:35:18,433 - RLController - INFO -   Example: junction B0 -> durations [24, 22, 22, 22] (total: 90s)
2026-09-23 22:35:18,433 - RLController - INFO -   Example: junction B1 -> durations [24, 22, 22, 22] (total: 90s)
2026-09-23 22:35:18,433 - RLController - INFO -   Example: junction B2 -> durations [24, 22, 22, 22] (total: 90s)
2026-09-23 22:35:18,434 - RLController - INFO -   Example: junction B4 -> durations [24, 22, 22, 22] (total: 90s)
2026-09-23 22:35:18,434 - RLController - INFO -   Example: junction B5 -> durations [60, 10, 10, 10] (total: 90s)
2026-09-23 22:35:18,434 - RLController - INFO -   Example: junction C0 -> durations [22, 22, 24, 22] (total: 90s)
2026-09-23 22:35:18,434 - RLController - INFO -   Example: junction C1 -> durations [24, 22, 22, 22] (total: 90s)
2026-09-23 22:35:18,434 - RLController - INFO -   Example: junction C2 -> durations [55, 15, 10, 10] (total: 90s)
2026-09-23 22:35:18,434 - RLController - INFO -   Example: junction C3 -> durations [60, 10, 10, 10] (total: 90s)
2026-09-23 22:35:18,434 - RLController - INFO -   Example: junction C4 -> durations [57, 11, 11, 11] (total: 90s)
2026-09-23 22:35:18,434 - RLController - INFO -   Example: junction C5 -> durations [57, 11, 11, 11] (total: 90s)
2026-09-23 22:35:18,434 - RLController - INFO -   Example: junction D0 -> durations [24, 22, 22, 22] (total: 90s)
2026-09-23 22:35:18,435 - RLController - INFO -   Example: junction D1 -> durations [21, 21, 27, 21] (total: 90s)
2026-09-23 22:35:18,435 - RLController - INFO -   Example: junction D2 -> durations [48, 14, 14, 14] (total: 90s)
2026-09-23 22:35:18,435 - RLController - INFO -   Example: junction D3 -> durations [24, 22, 22, 22] (total: 90s)
2026-09-23 22:35:18,435 - RLController - INFO -   Example: junction D4 -> durations [24, 22, 22, 22] (total: 90s)
2026-09-23 22:35:18,435 - RLController - INFO -   Example: junction D5 -> durations [13, 13, 51, 13] (total: 90s)
2026-09-23 22:35:18,435 - RLController - INFO -   Example: junction E0 -> durations [24, 22, 22, 22] (total: 90s)
2026-09-23 22:35:18,435 - RLController - INFO -   Example: junction E1 -> durations [24, 22, 22, 22] (total: 90s)
2026-09-23 22:35:18,436 - RLController - INFO -   Stored schedules for 34 junctions, cycle starts at step 5040
2026-09-23 22:35:21,800 - RLController - INFO - DIAGNOSTIC Step 5130 - Observation stats:
2026-09-23 22:35:21,800 - RLController - INFO -   Hash: 5404846403499413178, Min: 0.000000, Max: 1.000000, Mean: 0.428006, Std: 0.453584
2026-09-23 22:35:21,801 - RLController - INFO -   First 10: [1.         0.         0.         0.         0.         0.5301915
 0.         1.         0.99333334 1.        ]
2026-09-23 22:35:21,801 - RLController - INFO -   Last 10: [0.         0.2        0.         0.08333334 0.4679487  0.00342803
 0.07226495 0.55334336 0.         0.3       ]
2026-09-23 22:35:21,806 - RLController - INFO - DIAGNOSTIC - Raw model action output:
2026-09-23 22:35:21,806 - RLController - INFO -   Action hash: 1422434270307762145
2026-09-23 22:35:21,807 - RLController - INFO -   First 8 values: [ -7.5580773 -10.        -10.        -10.        -10.        -10.
 -10.        -10.       ]
2026-09-23 22:35:21,807 - RLController - INFO -   Last 8 values: [-10.        -10.        -10.        -10.        -10.         -1.4506376
 -10.        -10.       ]
2026-09-23 22:35:21,807 - RLController - INFO -   Action shape: (136,), min: -10.000000, max: 5.646478, mean: -9.257560
2026-09-23 22:35:21,807 - RLController - INFO -   B0 junction (indices 16-19) raw values: [ -9.7097435 -10.        -10.        -10.       ]
2026-09-23 22:35:21,807 - RLController - INFO - Using CONTINUOUS DURATION-BASED mode
2026-09-23 22:35:21,807 - RLController - INFO -   Example: junction A0 -> durations [51, 13, 13, 13] (total: 90s)
2026-09-23 22:35:21,808 - RLController - INFO -   Example: junction A1 -> durations [24, 22, 22, 22] (total: 90s)
2026-09-23 22:35:21,808 - RLController - INFO -   Example: junction A2 -> durations [12, 12, 54, 12] (total: 90s)
2026-09-23 22:35:21,808 - RLController - INFO -   Example: junction A4 -> durations [60, 10, 10, 10] (total: 90s)
2026-09-23 22:35:21,808 - RLController - INFO -   Example: junction A5 -> durations [24, 22, 22, 22] (total: 90s)
2026-09-23 22:35:21,808 - RLController - INFO -   Example: junction B0 -> durations [24, 22, 22, 22] (total: 90s)
2026-09-23 22:35:21,808 - RLController - INFO -   Example: junction B1 -> durations [24, 22, 22, 22] (total: 90s)
2026-09-23 22:35:21,808 - RLController - INFO -   Example: junction B2 -> durations [24, 22, 22, 22] (total: 90s)
2026-09-23 22:35:21,809 - RLController - INFO -   Example: junction B4 -> durations [24, 22, 22, 22] (total: 90s)
2026-09-23 22:35:21,809 - RLController - INFO -   Example: junction B5 -> durations [60, 10, 10, 10] (total: 90s)
2026-09-23 22:35:21,809 - RLController - INFO -   Example: junction C0 -> durations [22, 22, 24, 22] (total: 90s)
2026-09-23 22:35:21,809 - RLController - INFO -   Example: junction C1 -> durations [24, 22, 22, 22] (total: 90s)
2026-09-23 22:35:21,809 - RLController - INFO -   Example: junction C2 -> durations [57, 13, 10, 10] (total: 90s)
2026-09-23 22:35:21,809 - RLController - INFO -   Example: junction C3 -> durations [60, 10, 10, 10] (total: 90s)
2026-09-23 22:35:21,809 - RLController - INFO -   Example: junction C4 -> durations [57, 11, 11, 11] (total: 90s)
2026-09-23 22:35:21,809 - RLController - INFO -   Example: junction C5 -> durations [57, 11, 11, 11] (total: 90s)
2026-09-23 22:35:21,810 - RLController - INFO -   Example: junction D0 -> durations [24, 22, 22, 22] (total: 90s)
2026-09-23 22:35:21,810 - RLController - INFO -   Example: junction D1 -> durations [21, 21, 27, 21] (total: 90s)
2026-09-23 22:35:21,810 - RLController - INFO -   Example: junction D2 -> durations [48, 14, 14, 14] (total: 90s)
2026-09-23 22:35:21,810 - RLController - INFO -   Example: junction D3 -> durations [24, 22, 22, 22] (total: 90s)
2026-09-23 22:35:21,810 - RLController - INFO -   Example: junction D4 -> durations [24, 22, 22, 22] (total: 90s)
2026-09-23 22:35:21,810 - RLController - INFO -   Example: junction D5 -> durations [13, 13, 51, 13] (total: 90s)
2026-09-23 22:35:21,811 - RLController - INFO -   Example: junction E0 -> durations [24, 22, 22, 22] (total: 90s)
2026-09-23 22:35:21,811 - RLController - INFO -   Example: junction E1 -> durations [24, 22, 22, 22] (total: 90s)
2026-09-23 22:35:21,811 - RLController - INFO -   Stored schedules for 34 junctions, cycle starts at step 5130
2026-09-23 22:35:25,207 - RLController - INFO - DIAGNOSTIC Step 5220 - Observation stats:
2026-09-23 22:35:25,208 - RLController - INFO -   Hash: -4789968722825620141, Min: 0.000000, Max: 1.000000, Mean: 0.434055, Std: 0.455536
2026-09-23 22:35:25,209 - RLController - INFO -   First 10: [1.         0.         0.         0.         0.         0.5301915
 0.         1.         0.99333334 1.        ]
2026-09-23 22:35:25,209 - RLController - INFO -   Last 10: [0.         0.2        0.         0.08333334 0.4722222  0.00276195
 0.07324786 0.5418446  0.         0.3       ]
2026-09-23 22:35:25,214 - RLController - INFO - DIAGNOSTIC - Raw model action output:
2026-09-23 22:35:25,214 - RLController - INFO -   Action hash: 3152080274473398700
2026-09-23 22:35:25,214 - RLController - INFO -   First 8 values: [ -7.5164466 -10.        -10.        -10.        -10.        -10.
 -10.        -10.       ]
2026-09-23 22:35:25,214 - RLController - INFO -   Last 8 values: [-10.        -10.        -10.        -10.        -10.         -1.0904858
 -10.        -10.       ]
2026-09-23 22:35:25,215 - RLController - INFO -   Action shape: (136,), min: -10.000000, max: 5.175522, mean: -9.260801
2026-09-23 22:35:25,215 - RLController - INFO -   B0 junction (indices 16-19) raw values: [ -9.593311 -10.       -10.       -10.      ]
2026-09-23 22:35:25,215 - RLController - INFO - Using CONTINUOUS DURATION-BASED mode
2026-09-23 22:35:25,215 - RLController - INFO -   Example: junction A0 -> durations [51, 13, 13, 13] (total: 90s)
2026-09-23 22:35:25,215 - RLController - INFO -   Example: junction A1 -> durations [24, 22, 22, 22] (total: 90s)
2026-09-23 22:35:25,215 - RLController - INFO -   Example: junction A2 -> durations [11, 11, 57, 11] (total: 90s)
2026-09-23 22:35:25,215 - RLController - INFO -   Example: junction A4 -> durations [60, 10, 10, 10] (total: 90s)
2026-09-23 22:35:25,216 - RLController - INFO -   Example: junction A5 -> durations [27, 21, 21, 21] (total: 90s)
2026-09-23 22:35:25,216 - RLController - INFO -   Example: junction B0 -> durations [24, 22, 22, 22] (total: 90s)
2026-09-23 22:35:25,216 - RLController - INFO -   Example: junction B1 -> durations [24, 22, 22, 22] (total: 90s)
2026-09-23 22:35:25,216 - RLController - INFO -   Example: junction B2 -> durations [24, 22, 22, 22] (total: 90s)
2026-09-23 22:35:25,216 - RLController - INFO -   Example: junction B4 -> durations [24, 22, 22, 22] (total: 90s)
2026-09-23 22:35:25,216 - RLController - INFO -   Example: junction B5 -> durations [60, 10, 10, 10] (total: 90s)
2026-09-23 22:35:25,216 - RLController - INFO -   Example: junction C0 -> durations [24, 22, 22, 22] (total: 90s)
2026-09-23 22:35:25,216 - RLController - INFO -   Example: junction C1 -> durations [24, 22, 22, 22] (total: 90s)
2026-09-23 22:35:25,217 - RLController - INFO -   Example: junction C2 -> durations [56, 14, 10, 10] (total: 90s)
2026-09-23 22:35:25,217 - RLController - INFO -   Example: junction C3 -> durations [60, 10, 10, 10] (total: 90s)
2026-09-23 22:35:25,217 - RLController - INFO -   Example: junction C4 -> durations [57, 11, 11, 11] (total: 90s)
2026-09-23 22:35:25,217 - RLController - INFO -   Example: junction C5 -> durations [57, 11, 11, 11] (total: 90s)
2026-09-23 22:35:25,217 - RLController - INFO -   Example: junction D0 -> durations [24, 22, 22, 22] (total: 90s)
2026-09-23 22:35:25,217 - RLController - INFO -   Example: junction D1 -> durations [21, 21, 27, 21] (total: 90s)
2026-09-23 22:35:25,217 - RLController - INFO -   Example: junction D2 -> durations [48, 14, 14, 14] (total: 90s)
2026-09-23 22:35:25,217 - RLController - INFO -   Example: junction D3 -> durations [24, 22, 22, 22] (total: 90s)
2026-09-23 22:35:25,217 - RLController - INFO -   Example: junction D4 -> durations [24, 22, 22, 22] (total: 90s)
2026-09-23 22:35:25,218 - RLController - INFO -   Example: junction D5 -> durations [13, 13, 51, 13] (total: 90s)
2026-09-23 22:35:25,218 - RLController - INFO -   Example: junction E0 -> durations [24, 22, 22, 22] (total: 90s)
2026-09-23 22:35:25,218 - RLController - INFO -   Example: junction E1 -> durations [24, 22, 22, 22] (total: 90s)
2026-09-23 22:35:25,218 - RLController - INFO -   Stored schedules for 34 junctions, cycle starts at step 5220
2026-09-23 22:35:28,600 - RLController - INFO - DIAGNOSTIC Step 5310 - Observation stats:
2026-09-23 22:35:28,601 - RLController - INFO -   Hash: 6784812664095175307, Min: 0.000000, Max: 1.000000, Mean: 0.427279, Std: 0.453807
2026-09-23 22:35:28,601 - RLController - INFO -   First 10: [1.        0.        0.        0.        0.        0.5301915 1.
 0.        0.        0.       ]
2026-09-23 22:35:28,601 - RLController - INFO -   Last 10: [0.         0.2        0.         0.08333334 0.44871795 0.00280441
 0.07444444 0.5630231  0.         0.3       ]
2026-09-23 22:35:28,606 - RLController - INFO - DIAGNOSTIC - Raw model action output:
2026-09-23 22:35:28,606 - RLController - INFO -   Action hash: 2872077301035083951
2026-09-23 22:35:28,606 - RLController - INFO -   First 8 values: [ -7.250194 -10.       -10.       -10.       -10.       -10.
 -10.       -10.      ]
2026-09-23 22:35:28,606 - RLController - INFO -   Last 8 values: [-10.        -10.        -10.        -10.        -10.         -1.4505522
 -10.        -10.       ]
2026-09-23 22:35:28,606 - RLController - INFO -   Action shape: (136,), min: -10.000000, max: 5.253576, mean: -9.268163
2026-09-23 22:35:28,607 - RLController - INFO -   B0 junction (indices 16-19) raw values: [ -9.66039 -10.      -10.      -10.     ]
2026-09-23 22:35:28,607 - RLController - INFO - Using CONTINUOUS DURATION-BASED mode
2026-09-23 22:35:28,607 - RLController - INFO -   Example: junction A0 -> durations [51, 13, 13, 13] (total: 90s)
2026-09-23 22:35:28,607 - RLController - INFO -   Example: junction A1 -> durations [24, 22, 22, 22] (total: 90s)
2026-09-23 22:35:28,607 - RLController - INFO -   Example: junction A2 -> durations [11, 11, 57, 11] (total: 90s)
2026-09-23 22:35:28,607 - RLController - INFO -   Example: junction A4 -> durations [60, 10, 10, 10] (total: 90s)
2026-09-23 22:35:28,607 - RLController - INFO -   Example: junction A5 -> durations [27, 21, 21, 21] (total: 90s)
2026-09-23 22:35:28,608 - RLController - INFO -   Example: junction B0 -> durations [24, 22, 22, 22] (total: 90s)
2026-09-23 22:35:28,608 - RLController - INFO -   Example: junction B1 -> durations [24, 22, 22, 22] (total: 90s)
2026-09-23 22:35:28,608 - RLController - INFO -   Example: junction B2 -> durations [24, 22, 22, 22] (total: 90s)
2026-09-23 22:35:28,608 - RLController - INFO -   Example: junction B4 -> durations [24, 22, 22, 22] (total: 90s)
2026-09-23 22:35:28,608 - RLController - INFO -   Example: junction B5 -> durations [60, 10, 10, 10] (total: 90s)
2026-09-23 22:35:28,608 - RLController - INFO -   Example: junction C0 -> durations [21, 21, 27, 21] (total: 90s)
2026-09-23 22:35:28,608 - RLController - INFO -   Example: junction C1 -> durations [24, 22, 22, 22] (total: 90s)
2026-09-23 22:35:28,608 - RLController - INFO -   Example: junction C2 -> durations [56, 14, 10, 10] (total: 90s)
2026-09-23 22:35:28,609 - RLController - INFO -   Example: junction C3 -> durations [60, 10, 10, 10] (total: 90s)
2026-09-23 22:35:28,609 - RLController - INFO -   Example: junction C4 -> durations [57, 11, 11, 11] (total: 90s)
2026-09-23 22:35:28,609 - RLController - INFO -   Example: junction C5 -> durations [57, 11, 11, 11] (total: 90s)
2026-09-23 22:35:28,609 - RLController - INFO -   Example: junction D0 -> durations [24, 22, 22, 22] (total: 90s)
2026-09-23 22:35:28,609 - RLController - INFO -   Example: junction D1 -> durations [21, 21, 27, 21] (total: 90s)
2026-09-23 22:35:28,609 - RLController - INFO -   Example: junction D2 -> durations [51, 13, 13, 13] (total: 90s)
2026-09-23 22:35:28,609 - RLController - INFO -   Example: junction D3 -> durations [24, 22, 22, 22] (total: 90s)
2026-09-23 22:35:28,609 - RLController - INFO -   Example: junction D4 -> durations [24, 22, 22, 22] (total: 90s)
2026-09-23 22:35:28,609 - RLController - INFO -   Example: junction D5 -> durations [12, 12, 54, 12] (total: 90s)
2026-09-23 22:35:28,610 - RLController - INFO -   Example: junction E0 -> durations [24, 22, 22, 22] (total: 90s)
2026-09-23 22:35:28,610 - RLController - INFO -   Example: junction E1 -> durations [24, 22, 22, 22] (total: 90s)
2026-09-23 22:35:28,610 - RLController - INFO -   Stored schedules for 34 junctions, cycle starts at step 5310
2026-09-23 22:35:32,004 - RLController - INFO - DIAGNOSTIC Step 5400 - Observation stats:
2026-09-23 22:35:32,005 - RLController - INFO -   Hash: 3369634967636395310, Min: 0.000000, Max: 1.000000, Mean: 0.428731, Std: 0.453838
2026-09-23 22:35:32,006 - RLController - INFO -   First 10: [1.        0.        0.        0.        0.        0.5301915 1.
 0.        0.        0.       ]
2026-09-23 22:35:32,006 - RLController - INFO -   Last 10: [0.         0.2        0.         0.08333334 0.4508547  0.00263676
 0.07474359 0.5607326  0.         0.3       ]
2026-09-23 22:35:32,014 - RLController - INFO - DIAGNOSTIC - Raw model action output:
2026-09-23 22:35:32,014 - RLController - INFO -   Action hash: -8238382712993087838
2026-09-23 22:35:32,014 - RLController - INFO -   First 8 values: [ -7.405611 -10.       -10.       -10.       -10.       -10.
 -10.       -10.      ]
2026-09-23 22:35:32,014 - RLController - INFO -   Last 8 values: [-10.        -10.        -10.        -10.        -10.         -2.1766746
 -10.        -10.       ]
2026-09-23 22:35:32,015 - RLController - INFO -   Action shape: (136,), min: -10.000000, max: 5.768299, mean: -9.298324
2026-09-23 22:35:32,015 - RLController - INFO -   B0 junction (indices 16-19) raw values: [ -9.809178 -10.       -10.       -10.      ]
2026-09-23 22:35:32,015 - RLController - INFO - Using CONTINUOUS DURATION-BASED mode
2026-09-23 22:35:32,015 - RLController - INFO -   Example: junction A0 -> durations [51, 13, 13, 13] (total: 90s)
2026-09-23 22:35:32,015 - RLController - INFO -   Example: junction A1 -> durations [24, 22, 22, 22] (total: 90s)
2026-09-23 22:35:32,015 - RLController - INFO -   Example: junction A2 -> durations [12, 12, 54, 12] (total: 90s)
2026-09-23 22:35:32,015 - RLController - INFO -   Example: junction A4 -> durations [60, 10, 10, 10] (total: 90s)
2026-09-23 22:35:32,015 - RLController - INFO -   Example: junction A5 -> durations [24, 22, 22, 22] (total: 90s)
2026-09-23 22:35:32,016 - RLController - INFO -   Example: junction B0 -> durations [24, 22, 22, 22] (total: 90s)
2026-09-23 22:35:32,016 - RLController - INFO -   Example: junction B1 -> durations [24, 22, 22, 22] (total: 90s)
2026-09-23 22:35:32,016 - RLController - INFO -   Example: junction B2 -> durations [24, 22, 22, 22] (total: 90s)
2026-09-23 22:35:32,016 - RLController - INFO -   Example: junction B4 -> durations [24, 22, 22, 22] (total: 90s)
2026-09-23 22:35:32,016 - RLController - INFO -   Example: junction B5 -> durations [60, 10, 10, 10] (total: 90s)
2026-09-23 22:35:32,016 - RLController - INFO -   Example: junction C0 -> durations [21, 21, 27, 21] (total: 90s)
2026-09-23 22:35:32,016 - RLController - INFO -   Example: junction C1 -> durations [24, 22, 22, 22] (total: 90s)
2026-09-23 22:35:32,016 - RLController - INFO -   Example: junction C2 -> durations [57, 13, 10, 10] (total: 90s)
2026-09-23 22:35:32,017 - RLController - INFO -   Example: junction C3 -> durations [60, 10, 10, 10] (total: 90s)
2026-09-23 22:35:32,017 - RLController - INFO -   Example: junction C4 -> durations [57, 11, 11, 11] (total: 90s)
2026-09-23 22:35:32,017 - RLController - INFO -   Example: junction C5 -> durations [57, 11, 11, 11] (total: 90s)
2026-09-23 22:35:32,017 - RLController - INFO -   Example: junction D0 -> durations [24, 22, 22, 22] (total: 90s)
2026-09-23 22:35:32,017 - RLController - INFO -   Example: junction D1 -> durations [22, 22, 24, 22] (total: 90s)
2026-09-23 22:35:32,017 - RLController - INFO -   Example: junction D2 -> durations [48, 14, 14, 14] (total: 90s)
2026-09-23 22:35:32,017 - RLController - INFO -   Example: junction D3 -> durations [24, 22, 22, 22] (total: 90s)
2026-09-23 22:35:32,017 - RLController - INFO -   Example: junction D4 -> durations [24, 22, 22, 22] (total: 90s)
2026-09-23 22:35:32,017 - RLController - INFO -   Example: junction D5 -> durations [13, 13, 51, 13] (total: 90s)
2026-09-23 22:35:32,018 - RLController - INFO -   Example: junction E0 -> durations [24, 22, 22, 22] (total: 90s)
2026-09-23 22:35:32,018 - RLController - INFO -   Example: junction E1 -> durations [24, 22, 22, 22] (total: 90s)
2026-09-23 22:35:32,018 - RLController - INFO -   Stored schedules for 34 junctions, cycle starts at step 5400
2026-09-23 22:35:35,549 - RLController - INFO - DIAGNOSTIC Step 5490 - Observation stats:
2026-09-23 22:35:35,550 - RLController - INFO -   Hash: -8366966257307708346, Min: 0.000000, Max: 1.000000, Mean: 0.431619, Std: 0.454196
2026-09-23 22:35:35,550 - RLController - INFO -   First 10: [1.        0.        0.        0.        0.        0.5301915 1.
 0.        0.        0.       ]
2026-09-23 22:35:35,550 - RLController - INFO -   Last 10: [0.         0.2        0.         0.08333334 0.45726496 0.00285271
 0.07303419 0.5583407  0.         0.3       ]
2026-09-23 22:35:35,555 - RLController - INFO - DIAGNOSTIC - Raw model action output:
2026-09-23 22:35:35,555 - RLController - INFO -   Action hash: 6473989880385379592
2026-09-23 22:35:35,555 - RLController - INFO -   First 8 values: [ -7.36297 -10.      -10.      -10.      -10.      -10.      -10.
 -10.     ]
2026-09-23 22:35:35,556 - RLController - INFO -   Last 8 values: [-10.        -10.        -10.        -10.        -10.         -1.0671189
 -10.        -10.       ]
2026-09-23 22:35:35,556 - RLController - INFO -   Action shape: (136,), min: -10.000000, max: 6.080008, mean: -9.308187
2026-09-23 22:35:35,556 - RLController - INFO -   B0 junction (indices 16-19) raw values: [ -9.777517 -10.       -10.       -10.      ]
2026-09-23 22:35:35,556 - RLController - INFO - Using CONTINUOUS DURATION-BASED mode
2026-09-23 22:35:35,556 - RLController - INFO -   Example: junction A0 -> durations [51, 13, 13, 13] (total: 90s)
2026-09-23 22:35:35,557 - RLController - INFO -   Example: junction A1 -> durations [24, 22, 22, 22] (total: 90s)
2026-09-23 22:35:35,557 - RLController - INFO -   Example: junction A2 -> durations [11, 11, 57, 11] (total: 90s)
2026-09-23 22:35:35,557 - RLController - INFO -   Example: junction A4 -> durations [60, 10, 10, 10] (total: 90s)
2026-09-23 22:35:35,557 - RLController - INFO -   Example: junction A5 -> durations [24, 22, 22, 22] (total: 90s)
2026-09-23 22:35:35,557 - RLController - INFO -   Example: junction B0 -> durations [24, 22, 22, 22] (total: 90s)
2026-09-23 22:35:35,557 - RLController - INFO -   Example: junction B1 -> durations [24, 22, 22, 22] (total: 90s)
2026-09-23 22:35:35,557 - RLController - INFO -   Example: junction B2 -> durations [24, 22, 22, 22] (total: 90s)
2026-09-23 22:35:35,557 - RLController - INFO -   Example: junction B4 -> durations [24, 22, 22, 22] (total: 90s)
2026-09-23 22:35:35,558 - RLController - INFO -   Example: junction B5 -> durations [60, 10, 10, 10] (total: 90s)
2026-09-23 22:35:35,558 - RLController - INFO -   Example: junction C0 -> durations [22, 22, 24, 22] (total: 90s)
2026-09-23 22:35:35,558 - RLController - INFO -   Example: junction C1 -> durations [24, 22, 22, 22] (total: 90s)
2026-09-23 22:35:35,558 - RLController - INFO -   Example: junction C2 -> durations [56, 14, 10, 10] (total: 90s)
2026-09-23 22:35:35,558 - RLController - INFO -   Example: junction C3 -> durations [60, 10, 10, 10] (total: 90s)
2026-09-23 22:35:35,558 - RLController - INFO -   Example: junction C4 -> durations [57, 11, 11, 11] (total: 90s)
2026-09-23 22:35:35,559 - RLController - INFO -   Example: junction C5 -> durations [57, 11, 11, 11] (total: 90s)
2026-09-23 22:35:35,559 - RLController - INFO -   Example: junction D0 -> durations [24, 22, 22, 22] (total: 90s)
2026-09-23 22:35:35,559 - RLController - INFO -   Example: junction D1 -> durations [22, 22, 24, 22] (total: 90s)
2026-09-23 22:35:35,559 - RLController - INFO -   Example: junction D2 -> durations [45, 15, 15, 15] (total: 90s)
2026-09-23 22:35:35,559 - RLController - INFO -   Example: junction D3 -> durations [24, 22, 22, 22] (total: 90s)
2026-09-23 22:35:35,559 - RLController - INFO -   Example: junction D4 -> durations [24, 22, 22, 22] (total: 90s)
2026-09-23 22:35:35,559 - RLController - INFO -   Example: junction D5 -> durations [13, 13, 51, 13] (total: 90s)
2026-09-23 22:35:35,560 - RLController - INFO -   Example: junction E0 -> durations [24, 22, 22, 22] (total: 90s)
2026-09-23 22:35:35,560 - RLController - INFO -   Example: junction E1 -> durations [24, 22, 22, 22] (total: 90s)
2026-09-23 22:35:35,560 - RLController - INFO -   Stored schedules for 34 junctions, cycle starts at step 5490
2026-09-23 22:35:38,940 - RLController - INFO - DIAGNOSTIC Step 5580 - Observation stats:
2026-09-23 22:35:38,940 - RLController - INFO -   Hash: -6019508450105773527, Min: 0.000000, Max: 1.000000, Mean: 0.429358, Std: 0.456296
2026-09-23 22:35:38,941 - RLController - INFO -   First 10: [1.        0.        0.        0.        0.        0.5301915 1.
 0.        0.        0.       ]
2026-09-23 22:35:38,941 - RLController - INFO -   Last 10: [0.         0.2        0.         0.08333334 0.44871795 0.00276351
 0.07230769 0.56334615 0.         0.3       ]
2026-09-23 22:35:38,949 - RLController - INFO - DIAGNOSTIC - Raw model action output:
2026-09-23 22:35:38,949 - RLController - INFO -   Action hash: 8199113959211365281
2026-09-23 22:35:38,949 - RLController - INFO -   First 8 values: [ -7.248836 -10.       -10.       -10.       -10.       -10.
 -10.       -10.      ]
2026-09-23 22:35:38,950 - RLController - INFO -   Last 8 values: [-10.        -10.        -10.        -10.        -10.         -1.7294776
 -10.        -10.       ]
2026-09-23 22:35:38,950 - RLController - INFO -   Action shape: (136,), min: -10.000000, max: 5.012648, mean: -9.265174
2026-09-23 22:35:38,950 - RLController - INFO -   B0 junction (indices 16-19) raw values: [ -9.648444 -10.       -10.       -10.      ]
2026-09-23 22:35:38,950 - RLController - INFO - Using CONTINUOUS DURATION-BASED mode
2026-09-23 22:35:38,951 - RLController - INFO -   Example: junction A0 -> durations [51, 13, 13, 13] (total: 90s)
2026-09-23 22:35:38,951 - RLController - INFO -   Example: junction A1 -> durations [24, 22, 22, 22] (total: 90s)
2026-09-23 22:35:38,951 - RLController - INFO -   Example: junction A2 -> durations [12, 12, 54, 12] (total: 90s)
2026-09-23 22:35:38,951 - RLController - INFO -   Example: junction A4 -> durations [60, 10, 10, 10] (total: 90s)
2026-09-23 22:35:38,951 - RLController - INFO -   Example: junction A5 -> durations [27, 21, 21, 21] (total: 90s)
2026-09-23 22:35:38,952 - RLController - INFO -   Example: junction B0 -> durations [24, 22, 22, 22] (total: 90s)
2026-09-23 22:35:38,952 - RLController - INFO -   Example: junction B1 -> durations [24, 22, 22, 22] (total: 90s)
2026-09-23 22:35:38,952 - RLController - INFO -   Example: junction B2 -> durations [24, 22, 22, 22] (total: 90s)
2026-09-23 22:35:38,953 - RLController - INFO -   Example: junction B4 -> durations [24, 22, 22, 22] (total: 90s)
2026-09-23 22:35:38,953 - RLController - INFO -   Example: junction B5 -> durations [60, 10, 10, 10] (total: 90s)
2026-09-23 22:35:38,953 - RLController - INFO -   Example: junction C0 -> durations [21, 21, 27, 21] (total: 90s)
2026-09-23 22:35:38,953 - RLController - INFO -   Example: junction C1 -> durations [24, 22, 22, 22] (total: 90s)
2026-09-23 22:35:38,953 - RLController - INFO -   Example: junction C2 -> durations [57, 13, 10, 10] (total: 90s)
2026-09-23 22:35:38,953 - RLController - INFO -   Example: junction C3 -> durations [60, 10, 10, 10] (total: 90s)
2026-09-23 22:35:38,953 - RLController - INFO -   Example: junction C4 -> durations [57, 11, 11, 11] (total: 90s)
2026-09-23 22:35:38,954 - RLController - INFO -   Example: junction C5 -> durations [57, 11, 11, 11] (total: 90s)
2026-09-23 22:35:38,954 - RLController - INFO -   Example: junction D0 -> durations [24, 22, 22, 22] (total: 90s)
2026-09-23 22:35:38,954 - RLController - INFO -   Example: junction D1 -> durations [20, 20, 30, 20] (total: 90s)
2026-09-23 22:35:38,954 - RLController - INFO -   Example: junction D2 -> durations [51, 13, 13, 13] (total: 90s)
2026-09-23 22:35:38,954 - RLController - INFO -   Example: junction D3 -> durations [24, 22, 22, 22] (total: 90s)
2026-09-23 22:35:38,955 - RLController - INFO -   Example: junction D4 -> durations [24, 22, 22, 22] (total: 90s)
2026-09-23 22:35:38,955 - RLController - INFO -   Example: junction D5 -> durations [12, 12, 54, 12] (total: 90s)
2026-09-23 22:35:38,955 - RLController - INFO -   Example: junction E0 -> durations [24, 22, 22, 22] (total: 90s)
2026-09-23 22:35:38,955 - RLController - INFO -   Example: junction E1 -> durations [24, 22, 22, 22] (total: 90s)
2026-09-23 22:35:38,956 - RLController - INFO -   Stored schedules for 34 junctions, cycle starts at step 5580
2026-09-23 22:35:42,619 - RLController - INFO - DIAGNOSTIC Step 5670 - Observation stats:
2026-09-23 22:35:42,619 - RLController - INFO -   Hash: -7850067649624876270, Min: 0.000000, Max: 1.000000, Mean: 0.430698, Std: 0.457060
2026-09-23 22:35:42,619 - RLController - INFO -   First 10: [1.        0.        0.        0.        0.        0.5301915 1.
 0.        0.        0.       ]
2026-09-23 22:35:42,619 - RLController - INFO -   Last 10: [0.         0.2        0.         0.08333334 0.45299146 0.00284531
 0.07162393 0.56243414 0.         0.3       ]
2026-09-23 22:35:42,625 - RLController - INFO - DIAGNOSTIC - Raw model action output:
2026-09-23 22:35:42,625 - RLController - INFO -   Action hash: -4609451677837781914
2026-09-23 22:35:42,626 - RLController - INFO -   First 8 values: [ -7.5396843 -10.        -10.        -10.        -10.        -10.
 -10.        -10.       ]
2026-09-23 22:35:42,626 - RLController - INFO -   Last 8 values: [-10.       -10.       -10.       -10.       -10.        -1.893925
 -10.       -10.      ]
2026-09-23 22:35:42,626 - RLController - INFO -   Action shape: (136,), min: -10.000000, max: 5.722226, mean: -9.261543
2026-09-23 22:35:42,626 - RLController - INFO -   B0 junction (indices 16-19) raw values: [ -9.613571 -10.       -10.       -10.      ]
2026-09-23 22:35:42,627 - RLController - INFO - Using CONTINUOUS DURATION-BASED mode
2026-09-23 22:35:42,627 - RLController - INFO -   Example: junction A0 -> durations [51, 13, 13, 13] (total: 90s)
2026-09-23 22:35:42,627 - RLController - INFO -   Example: junction A1 -> durations [24, 22, 22, 22] (total: 90s)
2026-09-23 22:35:42,627 - RLController - INFO -   Example: junction A2 -> durations [12, 12, 54, 12] (total: 90s)
2026-09-23 22:35:42,627 - RLController - INFO -   Example: junction A4 -> durations [60, 10, 10, 10] (total: 90s)
2026-09-23 22:35:42,627 - RLController - INFO -   Example: junction A5 -> durations [27, 21, 21, 21] (total: 90s)
2026-09-23 22:35:42,628 - RLController - INFO -   Example: junction B0 -> durations [24, 22, 22, 22] (total: 90s)
2026-09-23 22:35:42,628 - RLController - INFO -   Example: junction B1 -> durations [22, 24, 22, 22] (total: 90s)
2026-09-23 22:35:42,628 - RLController - INFO -   Example: junction B2 -> durations [24, 22, 22, 22] (total: 90s)
2026-09-23 22:35:42,628 - RLController - INFO -   Example: junction B4 -> durations [24, 22, 22, 22] (total: 90s)
2026-09-23 22:35:42,628 - RLController - INFO -   Example: junction B5 -> durations [60, 10, 10, 10] (total: 90s)
2026-09-23 22:35:42,629 - RLController - INFO -   Example: junction C0 -> durations [22, 22, 24, 22] (total: 90s)
2026-09-23 22:35:42,629 - RLController - INFO -   Example: junction C1 -> durations [24, 22, 22, 22] (total: 90s)
2026-09-23 22:35:42,629 - RLController - INFO -   Example: junction C2 -> durations [57, 13, 10, 10] (total: 90s)
2026-09-23 22:35:42,629 - RLController - INFO -   Example: junction C3 -> durations [60, 10, 10, 10] (total: 90s)
2026-09-23 22:35:42,629 - RLController - INFO -   Example: junction C4 -> durations [57, 11, 11, 11] (total: 90s)
2026-09-23 22:35:42,630 - RLController - INFO -   Example: junction C5 -> durations [57, 11, 11, 11] (total: 90s)
2026-09-23 22:35:42,630 - RLController - INFO -   Example: junction D0 -> durations [24, 22, 22, 22] (total: 90s)
2026-09-23 22:35:42,630 - RLController - INFO -   Example: junction D1 -> durations [21, 21, 27, 21] (total: 90s)
2026-09-23 22:35:42,630 - RLController - INFO -   Example: junction D2 -> durations [51, 13, 13, 13] (total: 90s)
2026-09-23 22:35:42,630 - RLController - INFO -   Example: junction D3 -> durations [24, 22, 22, 22] (total: 90s)
2026-09-23 22:35:42,630 - RLController - INFO -   Example: junction D4 -> durations [24, 22, 22, 22] (total: 90s)
2026-09-23 22:35:42,631 - RLController - INFO -   Example: junction D5 -> durations [12, 12, 54, 12] (total: 90s)
2026-09-23 22:35:42,631 - RLController - INFO -   Example: junction E0 -> durations [24, 22, 22, 22] (total: 90s)
2026-09-23 22:35:42,631 - RLController - INFO -   Example: junction E1 -> durations [24, 22, 22, 22] (total: 90s)
2026-09-23 22:35:42,632 - RLController - INFO -   Stored schedules for 34 junctions, cycle starts at step 5670
2026-09-23 22:35:45,963 - RLController - INFO - DIAGNOSTIC Step 5760 - Observation stats:
2026-09-23 22:35:45,964 - RLController - INFO -   Hash: 7989851878094300055, Min: 0.000000, Max: 1.000000, Mean: 0.427488, Std: 0.454490
2026-09-23 22:35:45,965 - RLController - INFO -   First 10: [1.        0.        0.        0.        0.        0.5301915 1.
 0.        0.        0.       ]
2026-09-23 22:35:45,965 - RLController - INFO -   Last 10: [0.         0.2        0.         0.08333334 0.44230768 0.00294491
 0.06978633 0.5762514  0.         0.3       ]
2026-09-23 22:35:45,970 - RLController - INFO - DIAGNOSTIC - Raw model action output:
2026-09-23 22:35:45,970 - RLController - INFO -   Action hash: 6500102646283222069
2026-09-23 22:35:45,970 - RLController - INFO -   First 8 values: [ -7.3021207 -10.        -10.        -10.        -10.        -10.
 -10.        -10.       ]
2026-09-23 22:35:45,971 - RLController - INFO -   Last 8 values: [-10.        -10.        -10.        -10.        -10.         -1.4679377
 -10.        -10.       ]
2026-09-23 22:35:45,971 - RLController - INFO -   Action shape: (136,), min: -10.000000, max: 5.779497, mean: -9.265796
2026-09-23 22:35:45,971 - RLController - INFO -   B0 junction (indices 16-19) raw values: [ -9.2673435 -10.        -10.        -10.       ]
2026-09-23 22:35:45,971 - RLController - INFO - Using CONTINUOUS DURATION-BASED mode
2026-09-23 22:35:45,971 - RLController - INFO -   Example: junction A0 -> durations [51, 13, 13, 13] (total: 90s)
2026-09-23 22:35:45,971 - RLController - INFO -   Example: junction A1 -> durations [24, 22, 22, 22] (total: 90s)
2026-09-23 22:35:45,971 - RLController - INFO -   Example: junction A2 -> durations [11, 11, 57, 11] (total: 90s)
2026-09-23 22:35:45,972 - RLController - INFO -   Example: junction A4 -> durations [60, 10, 10, 10] (total: 90s)
2026-09-23 22:35:45,972 - RLController - INFO -   Example: junction A5 -> durations [30, 20, 20, 20] (total: 90s)
2026-09-23 22:35:45,972 - RLController - INFO -   Example: junction B0 -> durations [24, 22, 22, 22] (total: 90s)
2026-09-23 22:35:45,972 - RLController - INFO -   Example: junction B1 -> durations [24, 22, 22, 22] (total: 90s)
2026-09-23 22:35:45,972 - RLController - INFO -   Example: junction B2 -> durations [24, 22, 22, 22] (total: 90s)
2026-09-23 22:35:45,972 - RLController - INFO -   Example: junction B4 -> durations [24, 22, 22, 22] (total: 90s)
2026-09-23 22:35:45,972 - RLController - INFO -   Example: junction B5 -> durations [60, 10, 10, 10] (total: 90s)
2026-09-23 22:35:45,972 - RLController - INFO -   Example: junction C0 -> durations [21, 21, 27, 21] (total: 90s)
2026-09-23 22:35:45,972 - RLController - INFO -   Example: junction C1 -> durations [24, 22, 22, 22] (total: 90s)
2026-09-23 22:35:45,973 - RLController - INFO -   Example: junction C2 -> durations [58, 12, 10, 10] (total: 90s)
2026-09-23 22:35:45,973 - RLController - INFO -   Example: junction C3 -> durations [60, 10, 10, 10] (total: 90s)
2026-09-23 22:35:45,973 - RLController - INFO -   Example: junction C4 -> durations [57, 11, 11, 11] (total: 90s)
2026-09-23 22:35:45,973 - RLController - INFO -   Example: junction C5 -> durations [57, 11, 11, 11] (total: 90s)
2026-09-23 22:35:45,973 - RLController - INFO -   Example: junction D0 -> durations [24, 22, 22, 22] (total: 90s)
2026-09-23 22:35:45,973 - RLController - INFO -   Example: junction D1 -> durations [21, 21, 27, 21] (total: 90s)
2026-09-23 22:35:45,973 - RLController - INFO -   Example: junction D2 -> durations [45, 15, 15, 15] (total: 90s)
2026-09-23 22:35:45,973 - RLController - INFO -   Example: junction D3 -> durations [24, 22, 22, 22] (total: 90s)
2026-09-23 22:35:45,974 - RLController - INFO -   Example: junction D4 -> durations [24, 22, 22, 22] (total: 90s)
2026-09-23 22:35:45,974 - RLController - INFO -   Example: junction D5 -> durations [13, 13, 51, 13] (total: 90s)
2026-09-23 22:35:45,974 - RLController - INFO -   Example: junction E0 -> durations [24, 22, 22, 22] (total: 90s)
2026-09-23 22:35:45,974 - RLController - INFO -   Example: junction E1 -> durations [24, 22, 22, 22] (total: 90s)
2026-09-23 22:35:45,974 - RLController - INFO -   Stored schedules for 34 junctions, cycle starts at step 5760
2026-09-23 22:35:49,349 - RLController - INFO - DIAGNOSTIC Step 5850 - Observation stats:
2026-09-23 22:35:49,349 - RLController - INFO -   Hash: -6290787647211141462, Min: 0.000000, Max: 1.000000, Mean: 0.423135, Std: 0.453133
2026-09-23 22:35:49,349 - RLController - INFO -   First 10: [1.         0.         0.         0.         0.         0.5301915
 0.         1.         0.99333334 1.        ]
2026-09-23 22:35:49,349 - RLController - INFO -   Last 10: [0.         0.2        0.         0.08333334 0.44658118 0.00347301
 0.07102564 0.57517624 0.         0.3       ]
2026-09-23 22:35:49,352 - RLController - INFO - DIAGNOSTIC - Raw model action output:
2026-09-23 22:35:49,352 - RLController - INFO -   Action hash: -6393284939755976232
2026-09-23 22:35:49,353 - RLController - INFO -   First 8 values: [ -7.242656 -10.       -10.       -10.       -10.       -10.
 -10.       -10.      ]
2026-09-23 22:35:49,353 - RLController - INFO -   Last 8 values: [-10.        -10.        -10.        -10.        -10.         -1.8649471
 -10.        -10.       ]
2026-09-23 22:35:49,353 - RLController - INFO -   Action shape: (136,), min: -10.000000, max: 5.588237, mean: -9.258864
2026-09-23 22:35:49,353 - RLController - INFO -   B0 junction (indices 16-19) raw values: [ -9.477066 -10.       -10.       -10.      ]
2026-09-23 22:35:49,353 - RLController - INFO - Using CONTINUOUS DURATION-BASED mode
2026-09-23 22:35:49,354 - RLController - INFO -   Example: junction A0 -> durations [51, 13, 13, 13] (total: 90s)
2026-09-23 22:35:49,354 - RLController - INFO -   Example: junction A1 -> durations [24, 22, 22, 22] (total: 90s)
2026-09-23 22:35:49,354 - RLController - INFO -   Example: junction A2 -> durations [11, 11, 57, 11] (total: 90s)
2026-09-23 22:35:49,354 - RLController - INFO -   Example: junction A4 -> durations [60, 10, 10, 10] (total: 90s)
2026-09-23 22:35:49,354 - RLController - INFO -   Example: junction A5 -> durations [27, 21, 21, 21] (total: 90s)
2026-09-23 22:35:49,354 - RLController - INFO -   Example: junction B0 -> durations [24, 22, 22, 22] (total: 90s)
2026-09-23 22:35:49,354 - RLController - INFO -   Example: junction B1 -> durations [24, 22, 22, 22] (total: 90s)
2026-09-23 22:35:49,354 - RLController - INFO -   Example: junction B2 -> durations [24, 22, 22, 22] (total: 90s)
2026-09-23 22:35:49,354 - RLController - INFO -   Example: junction B4 -> durations [24, 22, 22, 22] (total: 90s)
2026-09-23 22:35:49,355 - RLController - INFO -   Example: junction B5 -> durations [60, 10, 10, 10] (total: 90s)
2026-09-23 22:35:49,355 - RLController - INFO -   Example: junction C0 -> durations [22, 22, 24, 22] (total: 90s)
2026-09-23 22:35:49,355 - RLController - INFO -   Example: junction C1 -> durations [24, 22, 22, 22] (total: 90s)
2026-09-23 22:35:49,355 - RLController - INFO -   Example: junction C2 -> durations [58, 12, 10, 10] (total: 90s)
2026-09-23 22:35:49,355 - RLController - INFO -   Example: junction C3 -> durations [60, 10, 10, 10] (total: 90s)
2026-09-23 22:35:49,355 - RLController - INFO -   Example: junction C4 -> durations [60, 10, 10, 10] (total: 90s)
2026-09-23 22:35:49,355 - RLController - INFO -   Example: junction C5 -> durations [57, 11, 11, 11] (total: 90s)
2026-09-23 22:35:49,355 - RLController - INFO -   Example: junction D0 -> durations [24, 22, 22, 22] (total: 90s)
2026-09-23 22:35:49,356 - RLController - INFO -   Example: junction D1 -> durations [21, 21, 27, 21] (total: 90s)
2026-09-23 22:35:49,356 - RLController - INFO -   Example: junction D2 -> durations [48, 14, 14, 14] (total: 90s)
2026-09-23 22:35:49,356 - RLController - INFO -   Example: junction D3 -> durations [24, 22, 22, 22] (total: 90s)
2026-09-23 22:35:49,356 - RLController - INFO -   Example: junction D4 -> durations [24, 22, 22, 22] (total: 90s)
2026-09-23 22:35:49,356 - RLController - INFO -   Example: junction D5 -> durations [13, 13, 51, 13] (total: 90s)
2026-09-23 22:35:49,356 - RLController - INFO -   Example: junction E0 -> durations [24, 22, 22, 22] (total: 90s)
2026-09-23 22:35:49,356 - RLController - INFO -   Example: junction E1 -> durations [24, 22, 22, 22] (total: 90s)
2026-09-23 22:35:49,357 - RLController - INFO -   Stored schedules for 34 junctions, cycle starts at step 5850
2026-09-23 22:35:52,667 - RLController - INFO - DIAGNOSTIC Step 5940 - Observation stats:
2026-09-23 22:35:52,667 - RLController - INFO -   Hash: -7511628709263177282, Min: 0.000000, Max: 1.000000, Mean: 0.428194, Std: 0.453150
2026-09-23 22:35:52,667 - RLController - INFO -   First 10: [1.         0.         0.         0.         0.         0.5301915
 0.         1.         0.99333334 1.        ]
2026-09-23 22:35:52,668 - RLController - INFO -   Last 10: [0.         0.2        0.         0.08333334 0.44017094 0.00284115
 0.07235043 0.57096434 0.         0.3       ]
2026-09-23 22:35:52,671 - RLController - INFO - DIAGNOSTIC - Raw model action output:
2026-09-23 22:35:52,671 - RLController - INFO -   Action hash: -4521801610578790940
2026-09-23 22:35:52,672 - RLController - INFO -   First 8 values: [ -7.1702476 -10.        -10.        -10.        -10.        -10.
 -10.        -10.       ]
2026-09-23 22:35:52,672 - RLController - INFO -   Last 8 values: [-10.         -10.         -10.         -10.         -10.
  -0.98157233 -10.         -10.        ]
2026-09-23 22:35:52,672 - RLController - INFO -   Action shape: (136,), min: -10.000000, max: 4.868713, mean: -9.260961
2026-09-23 22:35:52,672 - RLController - INFO -   B0 junction (indices 16-19) raw values: [ -9.636802 -10.       -10.       -10.      ]
2026-09-23 22:35:52,672 - RLController - INFO - Using CONTINUOUS DURATION-BASED mode
2026-09-23 22:35:52,672 - RLController - INFO -   Example: junction A0 -> durations [51, 13, 13, 13] (total: 90s)
2026-09-23 22:35:52,673 - RLController - INFO -   Example: junction A1 -> durations [24, 22, 22, 22] (total: 90s)
2026-09-23 22:35:52,673 - RLController - INFO -   Example: junction A2 -> durations [11, 11, 57, 11] (total: 90s)
2026-09-23 22:35:52,673 - RLController - INFO -   Example: junction A4 -> durations [60, 10, 10, 10] (total: 90s)
2026-09-23 22:35:52,673 - RLController - INFO -   Example: junction A5 -> durations [27, 21, 21, 21] (total: 90s)
2026-09-23 22:35:52,673 - RLController - INFO -   Example: junction B0 -> durations [24, 22, 22, 22] (total: 90s)
2026-09-23 22:35:52,673 - RLController - INFO -   Example: junction B1 -> durations [24, 22, 22, 22] (total: 90s)
2026-09-23 22:35:52,674 - RLController - INFO -   Example: junction B2 -> durations [24, 22, 22, 22] (total: 90s)
2026-09-23 22:35:52,674 - RLController - INFO -   Example: junction B4 -> durations [24, 22, 22, 22] (total: 90s)
2026-09-23 22:35:52,674 - RLController - INFO -   Example: junction B5 -> durations [60, 10, 10, 10] (total: 90s)
2026-09-23 22:35:52,674 - RLController - INFO -   Example: junction C0 -> durations [22, 22, 24, 22] (total: 90s)
2026-09-23 22:35:52,674 - RLController - INFO -   Example: junction C1 -> durations [24, 22, 22, 22] (total: 90s)
2026-09-23 22:35:52,674 - RLController - INFO -   Example: junction C2 -> durations [58, 12, 10, 10] (total: 90s)
2026-09-23 22:35:52,674 - RLController - INFO -   Example: junction C3 -> durations [60, 10, 10, 10] (total: 90s)
2026-09-23 22:35:52,674 - RLController - INFO -   Example: junction C4 -> durations [57, 11, 11, 11] (total: 90s)
2026-09-23 22:35:52,675 - RLController - INFO -   Example: junction C5 -> durations [57, 11, 11, 11] (total: 90s)
2026-09-23 22:35:52,675 - RLController - INFO -   Example: junction D0 -> durations [24, 22, 22, 22] (total: 90s)
2026-09-23 22:35:52,675 - RLController - INFO -   Example: junction D1 -> durations [21, 21, 27, 21] (total: 90s)
2026-09-23 22:35:52,675 - RLController - INFO -   Example: junction D2 -> durations [48, 14, 14, 14] (total: 90s)
2026-09-23 22:35:52,675 - RLController - INFO -   Example: junction D3 -> durations [24, 22, 22, 22] (total: 90s)
2026-09-23 22:35:52,675 - RLController - INFO -   Example: junction D4 -> durations [24, 22, 22, 22] (total: 90s)
2026-09-23 22:35:52,675 - RLController - INFO -   Example: junction D5 -> durations [13, 13, 51, 13] (total: 90s)
2026-09-23 22:35:52,675 - RLController - INFO -   Example: junction E0 -> durations [24, 22, 22, 22] (total: 90s)
2026-09-23 22:35:52,676 - RLController - INFO -   Example: junction E1 -> durations [24, 22, 22, 22] (total: 90s)
2026-09-23 22:35:52,676 - RLController - INFO -   Stored schedules for 34 junctions, cycle starts at step 5940
2026-09-23 22:35:56,348 - RLController - INFO - DIAGNOSTIC Step 6030 - Observation stats:
2026-09-23 22:35:56,349 - RLController - INFO -   Hash: -4689122525909375427, Min: 0.000000, Max: 1.000000, Mean: 0.434426, Std: 0.454597
2026-09-23 22:35:56,349 - RLController - INFO -   First 10: [1.        0.        0.        0.        0.        0.5301915 1.
 0.        0.        0.       ]
2026-09-23 22:35:56,350 - RLController - INFO -   Last 10: [0.         0.2        0.         0.08333334 0.47863248 0.00284133
 0.07376068 0.539986   0.         0.3       ]
2026-09-23 22:35:56,355 - RLController - INFO - DIAGNOSTIC - Raw model action output:
2026-09-23 22:35:56,356 - RLController - INFO -   Action hash: -1301860932639173044
2026-09-23 22:35:56,356 - RLController - INFO -   First 8 values: [ -7.445102 -10.       -10.       -10.       -10.       -10.
 -10.       -10.      ]
2026-09-23 22:35:56,356 - RLController - INFO -   Last 8 values: [-10.        -10.        -10.        -10.        -10.         -0.9597816
 -10.        -10.       ]
2026-09-23 22:35:56,356 - RLController - INFO -   Action shape: (136,), min: -10.000000, max: 5.734779, mean: -9.287099
2026-09-23 22:35:56,357 - RLController - INFO -   B0 junction (indices 16-19) raw values: [ -9.814853 -10.       -10.       -10.      ]
2026-09-23 22:35:56,357 - RLController - INFO - Using CONTINUOUS DURATION-BASED mode
2026-09-23 22:35:56,357 - RLController - INFO -   Example: junction A0 -> durations [51, 13, 13, 13] (total: 90s)
2026-09-23 22:35:56,357 - RLController - INFO -   Example: junction A1 -> durations [24, 22, 22, 22] (total: 90s)
2026-09-23 22:35:56,358 - RLController - INFO -   Example: junction A2 -> durations [12, 12, 54, 12] (total: 90s)
2026-09-23 22:35:56,358 - RLController - INFO -   Example: junction A4 -> durations [60, 10, 10, 10] (total: 90s)
2026-09-23 22:35:56,358 - RLController - INFO -   Example: junction A5 -> durations [24, 22, 22, 22] (total: 90s)
2026-09-23 22:35:56,358 - RLController - INFO -   Example: junction B0 -> durations [24, 22, 22, 22] (total: 90s)
2026-09-23 22:35:56,358 - RLController - INFO -   Example: junction B1 -> durations [24, 22, 22, 22] (total: 90s)
2026-09-23 22:35:56,358 - RLController - INFO -   Example: junction B2 -> durations [24, 22, 22, 22] (total: 90s)
2026-09-23 22:35:56,359 - RLController - INFO -   Example: junction B4 -> durations [24, 22, 22, 22] (total: 90s)
2026-09-23 22:35:56,359 - RLController - INFO -   Example: junction B5 -> durations [60, 10, 10, 10] (total: 90s)
2026-09-23 22:35:56,359 - RLController - INFO -   Example: junction C0 -> durations [24, 22, 22, 22] (total: 90s)
2026-09-23 22:35:56,359 - RLController - INFO -   Example: junction C1 -> durations [24, 22, 22, 22] (total: 90s)
2026-09-23 22:35:56,359 - RLController - INFO -   Example: junction C2 -> durations [55, 15, 10, 10] (total: 90s)
2026-09-23 22:35:56,359 - RLController - INFO -   Example: junction C3 -> durations [60, 10, 10, 10] (total: 90s)
2026-09-23 22:35:56,360 - RLController - INFO -   Example: junction C4 -> durations [57, 11, 11, 11] (total: 90s)
2026-09-23 22:35:56,360 - RLController - INFO -   Example: junction C5 -> durations [57, 11, 11, 11] (total: 90s)
2026-09-23 22:35:56,360 - RLController - INFO -   Example: junction D0 -> durations [24, 22, 22, 22] (total: 90s)
2026-09-23 22:35:56,360 - RLController - INFO -   Example: junction D1 -> durations [21, 21, 27, 21] (total: 90s)
2026-09-23 22:35:56,360 - RLController - INFO -   Example: junction D2 -> durations [42, 16, 16, 16] (total: 90s)
2026-09-23 22:35:56,361 - RLController - INFO -   Example: junction D3 -> durations [24, 22, 22, 22] (total: 90s)
2026-09-23 22:35:56,361 - RLController - INFO -   Example: junction D4 -> durations [24, 22, 22, 22] (total: 90s)
2026-09-23 22:35:56,361 - RLController - INFO -   Example: junction D5 -> durations [13, 13, 51, 13] (total: 90s)
2026-09-23 22:35:56,361 - RLController - INFO -   Example: junction E0 -> durations [24, 22, 22, 22] (total: 90s)
2026-09-23 22:35:56,361 - RLController - INFO -   Example: junction E1 -> durations [24, 22, 22, 22] (total: 90s)
2026-09-23 22:35:56,363 - RLController - INFO -   Stored schedules for 34 junctions, cycle starts at step 6030
2026-09-23 22:35:59,891 - RLController - INFO - DIAGNOSTIC Step 6120 - Observation stats:
2026-09-23 22:35:59,891 - RLController - INFO -   Hash: -2574309610666331960, Min: 0.000000, Max: 1.000000, Mean: 0.432237, Std: 0.456202
2026-09-23 22:35:59,891 - RLController - INFO -   First 10: [1.         0.         0.         0.         0.         0.5301915
 0.         1.         0.99333334 1.        ]
2026-09-23 22:35:59,892 - RLController - INFO -   Last 10: [0.         0.2        0.         0.08333334 0.46581197 0.0028698
 0.07277778 0.5474562  0.         0.3       ]
2026-09-23 22:35:59,895 - RLController - INFO - DIAGNOSTIC - Raw model action output:
2026-09-23 22:35:59,895 - RLController - INFO -   Action hash: 7108783830686716991
2026-09-23 22:35:59,896 - RLController - INFO -   First 8 values: [ -7.2946787 -10.        -10.        -10.        -10.        -10.
 -10.        -10.       ]
2026-09-23 22:35:59,896 - RLController - INFO -   Last 8 values: [-10.        -10.        -10.        -10.        -10.         -1.4230702
 -10.        -10.       ]
2026-09-23 22:35:59,896 - RLController - INFO -   Action shape: (136,), min: -10.000000, max: 5.629080, mean: -9.266370
2026-09-23 22:35:59,896 - RLController - INFO -   B0 junction (indices 16-19) raw values: [ -9.602277 -10.       -10.       -10.      ]
2026-09-23 22:35:59,896 - RLController - INFO - Using CONTINUOUS DURATION-BASED mode
2026-09-23 22:35:59,897 - RLController - INFO -   Example: junction A0 -> durations [51, 13, 13, 13] (total: 90s)
2026-09-23 22:35:59,897 - RLController - INFO -   Example: junction A1 -> durations [24, 22, 22, 22] (total: 90s)
2026-09-23 22:35:59,897 - RLController - INFO -   Example: junction A2 -> durations [11, 11, 57, 11] (total: 90s)
2026-09-23 22:35:59,897 - RLController - INFO -   Example: junction A4 -> durations [60, 10, 10, 10] (total: 90s)
2026-09-23 22:35:59,897 - RLController - INFO -   Example: junction A5 -> durations [27, 21, 21, 21] (total: 90s)
2026-09-23 22:35:59,897 - RLController - INFO -   Example: junction B0 -> durations [24, 22, 22, 22] (total: 90s)
2026-09-23 22:35:59,897 - RLController - INFO -   Example: junction B1 -> durations [24, 22, 22, 22] (total: 90s)
2026-09-23 22:35:59,898 - RLController - INFO -   Example: junction B2 -> durations [24, 22, 22, 22] (total: 90s)
2026-09-23 22:35:59,898 - RLController - INFO -   Example: junction B4 -> durations [24, 22, 22, 22] (total: 90s)
2026-09-23 22:35:59,898 - RLController - INFO -   Example: junction B5 -> durations [60, 10, 10, 10] (total: 90s)
2026-09-23 22:35:59,898 - RLController - INFO -   Example: junction C0 -> durations [22, 22, 24, 22] (total: 90s)
2026-09-23 22:35:59,898 - RLController - INFO -   Example: junction C1 -> durations [24, 22, 22, 22] (total: 90s)
2026-09-23 22:35:59,898 - RLController - INFO -   Example: junction C2 -> durations [57, 13, 10, 10] (total: 90s)
2026-09-23 22:35:59,898 - RLController - INFO -   Example: junction C3 -> durations [60, 10, 10, 10] (total: 90s)
2026-09-23 22:35:59,898 - RLController - INFO -   Example: junction C4 -> durations [57, 11, 11, 11] (total: 90s)
2026-09-23 22:35:59,899 - RLController - INFO -   Example: junction C5 -> durations [57, 11, 11, 11] (total: 90s)
2026-09-23 22:35:59,899 - RLController - INFO -   Example: junction D0 -> durations [24, 22, 22, 22] (total: 90s)
2026-09-23 22:35:59,899 - RLController - INFO -   Example: junction D1 -> durations [21, 21, 27, 21] (total: 90s)
2026-09-23 22:35:59,899 - RLController - INFO -   Example: junction D2 -> durations [45, 15, 15, 15] (total: 90s)
2026-09-23 22:35:59,899 - RLController - INFO -   Example: junction D3 -> durations [24, 22, 22, 22] (total: 90s)
2026-09-23 22:35:59,899 - RLController - INFO -   Example: junction D4 -> durations [24, 22, 22, 22] (total: 90s)
2026-09-23 22:35:59,899 - RLController - INFO -   Example: junction D5 -> durations [13, 13, 51, 13] (total: 90s)
2026-09-23 22:35:59,899 - RLController - INFO -   Example: junction E0 -> durations [24, 22, 22, 22] (total: 90s)
2026-09-23 22:35:59,900 - RLController - INFO -   Example: junction E1 -> durations [24, 22, 22, 22] (total: 90s)
2026-09-23 22:35:59,900 - RLController - INFO -   Stored schedules for 34 junctions, cycle starts at step 6120
2026-09-23 22:36:03,644 - RLController - INFO - DIAGNOSTIC Step 6210 - Observation stats:
2026-09-23 22:36:03,644 - RLController - INFO -   Hash: 9063937028575400291, Min: 0.000000, Max: 1.000000, Mean: 0.432673, Std: 0.453944
2026-09-23 22:36:03,644 - RLController - INFO -   First 10: [1.         0.         0.         0.         0.         0.5301915
 0.         1.         0.99333334 1.        ]
2026-09-23 22:36:03,644 - RLController - INFO -   Last 10: [0.         0.2        0.         0.08333334 0.4679487  0.00249735
 0.07358974 0.53900397 0.         0.3       ]
2026-09-23 22:36:03,648 - RLController - INFO - DIAGNOSTIC - Raw model action output:
2026-09-23 22:36:03,648 - RLController - INFO -   Action hash: -2647516194716755741
2026-09-23 22:36:03,648 - RLController - INFO -   First 8 values: [ -7.3924627 -10.        -10.        -10.        -10.        -10.
 -10.        -10.       ]
2026-09-23 22:36:03,648 - RLController - INFO -   Last 8 values: [-10.        -10.        -10.        -10.        -10.         -3.4585865
 -10.        -10.       ]
2026-09-23 22:36:03,648 - RLController - INFO -   Action shape: (136,), min: -10.000000, max: 5.044699, mean: -9.270638
2026-09-23 22:36:03,649 - RLController - INFO -   B0 junction (indices 16-19) raw values: [ -9.87212 -10.      -10.      -10.     ]
2026-09-23 22:36:03,649 - RLController - INFO - Using CONTINUOUS DURATION-BASED mode
2026-09-23 22:36:03,649 - RLController - INFO -   Example: junction A0 -> durations [51, 13, 13, 13] (total: 90s)
2026-09-23 22:36:03,649 - RLController - INFO -   Example: junction A1 -> durations [24, 22, 22, 22] (total: 90s)
2026-09-23 22:36:03,649 - RLController - INFO -   Example: junction A2 -> durations [12, 12, 54, 12] (total: 90s)
2026-09-23 22:36:03,649 - RLController - INFO -   Example: junction A4 -> durations [60, 10, 10, 10] (total: 90s)
2026-09-23 22:36:03,649 - RLController - INFO -   Example: junction A5 -> durations [24, 22, 22, 22] (total: 90s)
2026-09-23 22:36:03,650 - RLController - INFO -   Example: junction B0 -> durations [24, 22, 22, 22] (total: 90s)
2026-09-23 22:36:03,650 - RLController - INFO -   Example: junction B1 -> durations [24, 22, 22, 22] (total: 90s)
2026-09-23 22:36:03,650 - RLController - INFO -   Example: junction B2 -> durations [24, 22, 22, 22] (total: 90s)
2026-09-23 22:36:03,650 - RLController - INFO -   Example: junction B4 -> durations [24, 22, 22, 22] (total: 90s)
2026-09-23 22:36:03,650 - RLController - INFO -   Example: junction B5 -> durations [60, 10, 10, 10] (total: 90s)
2026-09-23 22:36:03,650 - RLController - INFO -   Example: junction C0 -> durations [19, 19, 33, 19] (total: 90s)
2026-09-23 22:36:03,650 - RLController - INFO -   Example: junction C1 -> durations [24, 22, 22, 22] (total: 90s)
2026-09-23 22:36:03,650 - RLController - INFO -   Example: junction C2 -> durations [58, 12, 10, 10] (total: 90s)
2026-09-23 22:36:03,651 - RLController - INFO -   Example: junction C3 -> durations [60, 10, 10, 10] (total: 90s)
2026-09-23 22:36:03,651 - RLController - INFO -   Example: junction C4 -> durations [60, 10, 10, 10] (total: 90s)
2026-09-23 22:36:03,651 - RLController - INFO -   Example: junction C5 -> durations [57, 11, 11, 11] (total: 90s)
2026-09-23 22:36:03,651 - RLController - INFO -   Example: junction D0 -> durations [24, 22, 22, 22] (total: 90s)
2026-09-23 22:36:03,651 - RLController - INFO -   Example: junction D1 -> durations [20, 20, 30, 20] (total: 90s)
2026-09-23 22:36:03,651 - RLController - INFO -   Example: junction D2 -> durations [51, 13, 13, 13] (total: 90s)
2026-09-23 22:36:03,651 - RLController - INFO -   Example: junction D3 -> durations [24, 22, 22, 22] (total: 90s)
2026-09-23 22:36:03,652 - RLController - INFO -   Example: junction D4 -> durations [24, 22, 22, 22] (total: 90s)
2026-09-23 22:36:03,652 - RLController - INFO -   Example: junction D5 -> durations [12, 12, 54, 12] (total: 90s)
2026-09-23 22:36:03,652 - RLController - INFO -   Example: junction E0 -> durations [24, 22, 22, 22] (total: 90s)
2026-09-23 22:36:03,652 - RLController - INFO -   Example: junction E1 -> durations [24, 22, 22, 22] (total: 90s)
2026-09-23 22:36:03,653 - RLController - INFO -   Stored schedules for 34 junctions, cycle starts at step 6210
2026-09-23 22:36:07,321 - RLController - INFO - DIAGNOSTIC Step 6300 - Observation stats:
2026-09-23 22:36:07,321 - RLController - INFO -   Hash: 2474252466436998188, Min: 0.000000, Max: 1.000000, Mean: 0.435991, Std: 0.455751
2026-09-23 22:36:07,322 - RLController - INFO -   First 10: [1.         0.         0.         0.         0.         0.5301915
 0.         0.         0.99333334 1.        ]
2026-09-23 22:36:07,322 - RLController - INFO -   Last 10: [0.         0.2        0.         0.08333334 0.48504272 0.00346997
 0.07290598 0.5373602  0.         0.3       ]
2026-09-23 22:36:07,326 - RLController - INFO - DIAGNOSTIC - Raw model action output:
2026-09-23 22:36:07,326 - RLController - INFO -   Action hash: 1611399623558845072
2026-09-23 22:36:07,327 - RLController - INFO -   First 8 values: [ -7.6430154 -10.        -10.        -10.        -10.        -10.
 -10.        -10.       ]
2026-09-23 22:36:07,327 - RLController - INFO -   Last 8 values: [-10.        -10.        -10.        -10.        -10.         -3.0111034
 -10.        -10.       ]
2026-09-23 22:36:07,327 - RLController - INFO -   Action shape: (136,), min: -10.000000, max: 5.056968, mean: -9.281860
2026-09-23 22:36:07,327 - RLController - INFO -   B0 junction (indices 16-19) raw values: [-10. -10. -10. -10.]
2026-09-23 22:36:07,328 - RLController - INFO - Using CONTINUOUS DURATION-BASED mode
2026-09-23 22:36:07,328 - RLController - INFO -   Example: junction A0 -> durations [48, 14, 14, 14] (total: 90s)
2026-09-23 22:36:07,328 - RLController - INFO -   Example: junction A1 -> durations [24, 22, 22, 22] (total: 90s)
2026-09-23 22:36:07,328 - RLController - INFO -   Example: junction A2 -> durations [12, 12, 54, 12] (total: 90s)
2026-09-23 22:36:07,328 - RLController - INFO -   Example: junction A4 -> durations [60, 10, 10, 10] (total: 90s)
2026-09-23 22:36:07,329 - RLController - INFO -   Example: junction A5 -> durations [24, 22, 22, 22] (total: 90s)
2026-09-23 22:36:07,329 - RLController - INFO -   Example: junction B0 -> durations [24, 22, 22, 22] (total: 90s)
2026-09-23 22:36:07,329 - RLController - INFO -   Example: junction B1 -> durations [24, 22, 22, 22] (total: 90s)
2026-09-23 22:36:07,329 - RLController - INFO -   Example: junction B2 -> durations [24, 22, 22, 22] (total: 90s)
2026-09-23 22:36:07,329 - RLController - INFO -   Example: junction B4 -> durations [24, 22, 22, 22] (total: 90s)
2026-09-23 22:36:07,329 - RLController - INFO -   Example: junction B5 -> durations [60, 10, 10, 10] (total: 90s)
2026-09-23 22:36:07,330 - RLController - INFO -   Example: junction C0 -> durations [22, 22, 24, 22] (total: 90s)
2026-09-23 22:36:07,330 - RLController - INFO -   Example: junction C1 -> durations [24, 22, 22, 22] (total: 90s)
2026-09-23 22:36:07,330 - RLController - INFO -   Example: junction C2 -> durations [56, 14, 10, 10] (total: 90s)
2026-09-23 22:36:07,330 - RLController - INFO -   Example: junction C3 -> durations [60, 10, 10, 10] (total: 90s)
2026-09-23 22:36:07,330 - RLController - INFO -   Example: junction C4 -> durations [60, 10, 10, 10] (total: 90s)
2026-09-23 22:36:07,330 - RLController - INFO -   Example: junction C5 -> durations [57, 11, 11, 11] (total: 90s)
2026-09-23 22:36:07,331 - RLController - INFO -   Example: junction D0 -> durations [24, 22, 22, 22] (total: 90s)
2026-09-23 22:36:07,331 - RLController - INFO -   Example: junction D1 -> durations [21, 21, 27, 21] (total: 90s)
2026-09-23 22:36:07,331 - RLController - INFO -   Example: junction D2 -> durations [45, 15, 15, 15] (total: 90s)
2026-09-23 22:36:07,331 - RLController - INFO -   Example: junction D3 -> durations [24, 22, 22, 22] (total: 90s)
2026-09-23 22:36:07,331 - RLController - INFO -   Example: junction D4 -> durations [24, 22, 22, 22] (total: 90s)
2026-09-23 22:36:07,331 - RLController - INFO -   Example: junction D5 -> durations [13, 13, 51, 13] (total: 90s)
2026-09-23 22:36:07,332 - RLController - INFO -   Example: junction E0 -> durations [24, 22, 22, 22] (total: 90s)
2026-09-23 22:36:07,332 - RLController - INFO -   Example: junction E1 -> durations [24, 22, 22, 22] (total: 90s)
2026-09-23 22:36:07,333 - RLController - INFO -   Stored schedules for 34 junctions, cycle starts at step 6300
2026-09-23 22:36:10,831 - RLController - INFO - DIAGNOSTIC Step 6390 - Observation stats:
2026-09-23 22:36:10,831 - RLController - INFO -   Hash: 3591256924235477877, Min: 0.000000, Max: 1.000000, Mean: 0.436399, Std: 0.455582
2026-09-23 22:36:10,832 - RLController - INFO -   First 10: [1.         0.         0.         0.         0.         0.5301915
 0.         1.         0.99333334 1.        ]
2026-09-23 22:36:10,832 - RLController - INFO -   Last 10: [0.         0.2        0.         0.08333334 0.4722222  0.00250236
 0.0725641  0.5430856  0.         0.3       ]
2026-09-23 22:36:10,837 - RLController - INFO - DIAGNOSTIC - Raw model action output:
2026-09-23 22:36:10,837 - RLController - INFO -   Action hash: 8345940219392106887
2026-09-23 22:36:10,837 - RLController - INFO -   First 8 values: [ -7.456474 -10.       -10.       -10.       -10.       -10.
 -10.       -10.      ]
2026-09-23 22:36:10,837 - RLController - INFO -   Last 8 values: [-10.        -10.        -10.        -10.        -10.         -2.1858642
 -10.        -10.       ]
2026-09-23 22:36:10,838 - RLController - INFO -   Action shape: (136,), min: -10.000000, max: 4.785969, mean: -9.305839
2026-09-23 22:36:10,838 - RLController - INFO -   B0 junction (indices 16-19) raw values: [ -9.867688 -10.       -10.       -10.      ]
2026-09-23 22:36:10,838 - RLController - INFO - Using CONTINUOUS DURATION-BASED mode
2026-09-23 22:36:10,838 - RLController - INFO -   Example: junction A0 -> durations [51, 13, 13, 13] (total: 90s)
2026-09-23 22:36:10,838 - RLController - INFO -   Example: junction A1 -> durations [24, 22, 22, 22] (total: 90s)
2026-09-23 22:36:10,838 - RLController - INFO -   Example: junction A2 -> durations [12, 12, 54, 12] (total: 90s)
2026-09-23 22:36:10,838 - RLController - INFO -   Example: junction A4 -> durations [60, 10, 10, 10] (total: 90s)
2026-09-23 22:36:10,839 - RLController - INFO -   Example: junction A5 -> durations [24, 22, 22, 22] (total: 90s)
2026-09-23 22:36:10,839 - RLController - INFO -   Example: junction B0 -> durations [24, 22, 22, 22] (total: 90s)
2026-09-23 22:36:10,839 - RLController - INFO -   Example: junction B1 -> durations [24, 22, 22, 22] (total: 90s)
2026-09-23 22:36:10,839 - RLController - INFO -   Example: junction B2 -> durations [24, 22, 22, 22] (total: 90s)
2026-09-23 22:36:10,839 - RLController - INFO -   Example: junction B4 -> durations [24, 22, 22, 22] (total: 90s)
2026-09-23 22:36:10,839 - RLController - INFO -   Example: junction B5 -> durations [60, 10, 10, 10] (total: 90s)
2026-09-23 22:36:10,839 - RLController - INFO -   Example: junction C0 -> durations [22, 22, 24, 22] (total: 90s)
2026-09-23 22:36:10,839 - RLController - INFO -   Example: junction C1 -> durations [24, 22, 22, 22] (total: 90s)
2026-09-23 22:36:10,840 - RLController - INFO -   Example: junction C2 -> durations [57, 13, 10, 10] (total: 90s)
2026-09-23 22:36:10,840 - RLController - INFO -   Example: junction C3 -> durations [60, 10, 10, 10] (total: 90s)
2026-09-23 22:36:10,840 - RLController - INFO -   Example: junction C4 -> durations [57, 11, 11, 11] (total: 90s)
2026-09-23 22:36:10,840 - RLController - INFO -   Example: junction C5 -> durations [57, 11, 11, 11] (total: 90s)
2026-09-23 22:36:10,840 - RLController - INFO -   Example: junction D0 -> durations [24, 22, 22, 22] (total: 90s)
2026-09-23 22:36:10,840 - RLController - INFO -   Example: junction D1 -> durations [22, 22, 24, 22] (total: 90s)
2026-09-23 22:36:10,840 - RLController - INFO -   Example: junction D2 -> durations [45, 15, 15, 15] (total: 90s)
2026-09-23 22:36:10,840 - RLController - INFO -   Example: junction D3 -> durations [24, 22, 22, 22] (total: 90s)
2026-09-23 22:36:10,840 - RLController - INFO -   Example: junction D4 -> durations [24, 22, 22, 22] (total: 90s)
2026-09-23 22:36:10,841 - RLController - INFO -   Example: junction D5 -> durations [13, 13, 51, 13] (total: 90s)
2026-09-23 22:36:10,841 - RLController - INFO -   Example: junction E0 -> durations [24, 22, 22, 22] (total: 90s)
2026-09-23 22:36:10,841 - RLController - INFO -   Example: junction E1 -> durations [24, 22, 22, 22] (total: 90s)
2026-09-23 22:36:10,841 - RLController - INFO -   Stored schedules for 34 junctions, cycle starts at step 6390
2026-09-23 22:36:14,592 - RLController - INFO - DIAGNOSTIC Step 6480 - Observation stats:
2026-09-23 22:36:14,592 - RLController - INFO -   Hash: -6163065399333022152, Min: 0.000000, Max: 1.000000, Mean: 0.428708, Std: 0.453474
2026-09-23 22:36:14,592 - RLController - INFO -   First 10: [1.        0.        0.        0.        0.        0.5301915 1.
 0.        0.        0.       ]
2026-09-23 22:36:14,593 - RLController - INFO -   Last 10: [0.         0.2        0.         0.08333334 0.44658118 0.00261124
 0.07431624 0.5667939  0.         0.3       ]
2026-09-23 22:36:14,598 - RLController - INFO - DIAGNOSTIC - Raw model action output:
2026-09-23 22:36:14,598 - RLController - INFO -   Action hash: -2243265864644587678
2026-09-23 22:36:14,598 - RLController - INFO -   First 8 values: [ -7.1361012 -10.        -10.        -10.        -10.        -10.
 -10.        -10.       ]
2026-09-23 22:36:14,599 - RLController - INFO -   Last 8 values: [-10.        -10.        -10.        -10.        -10.         -1.1697264
 -10.        -10.       ]
2026-09-23 22:36:14,599 - RLController - INFO -   Action shape: (136,), min: -10.000000, max: 4.854205, mean: -9.260051
2026-09-23 22:36:14,599 - RLController - INFO -   B0 junction (indices 16-19) raw values: [ -9.684518 -10.       -10.       -10.      ]
2026-09-23 22:36:14,599 - RLController - INFO - Using CONTINUOUS DURATION-BASED mode
2026-09-23 22:36:14,599 - RLController - INFO -   Example: junction A0 -> durations [54, 12, 12, 12] (total: 90s)
2026-09-23 22:36:14,599 - RLController - INFO -   Example: junction A1 -> durations [24, 22, 22, 22] (total: 90s)
2026-09-23 22:36:14,600 - RLController - INFO -   Example: junction A2 -> durations [12, 12, 54, 12] (total: 90s)
2026-09-23 22:36:14,600 - RLController - INFO -   Example: junction A4 -> durations [60, 10, 10, 10] (total: 90s)
2026-09-23 22:36:14,600 - RLController - INFO -   Example: junction A5 -> durations [27, 21, 21, 21] (total: 90s)
2026-09-23 22:36:14,600 - RLController - INFO -   Example: junction B0 -> durations [24, 22, 22, 22] (total: 90s)
2026-09-23 22:36:14,600 - RLController - INFO -   Example: junction B1 -> durations [24, 22, 22, 22] (total: 90s)
2026-09-23 22:36:14,600 - RLController - INFO -   Example: junction B2 -> durations [24, 22, 22, 22] (total: 90s)
2026-09-23 22:36:14,600 - RLController - INFO -   Example: junction B4 -> durations [24, 22, 22, 22] (total: 90s)
2026-09-23 22:36:14,600 - RLController - INFO -   Example: junction B5 -> durations [60, 10, 10, 10] (total: 90s)
2026-09-23 22:36:14,601 - RLController - INFO -   Example: junction C0 -> durations [20, 20, 30, 20] (total: 90s)
2026-09-23 22:36:14,601 - RLController - INFO -   Example: junction C1 -> durations [24, 22, 22, 22] (total: 90s)
2026-09-23 22:36:14,601 - RLController - INFO -   Example: junction C2 -> durations [56, 14, 10, 10] (total: 90s)
2026-09-23 22:36:14,601 - RLController - INFO -   Example: junction C3 -> durations [60, 10, 10, 10] (total: 90s)
2026-09-23 22:36:14,601 - RLController - INFO -   Example: junction C4 -> durations [57, 11, 11, 11] (total: 90s)
2026-09-23 22:36:14,601 - RLController - INFO -   Example: junction C5 -> durations [57, 11, 11, 11] (total: 90s)
2026-09-23 22:36:14,601 - RLController - INFO -   Example: junction D0 -> durations [24, 22, 22, 22] (total: 90s)
2026-09-23 22:36:14,601 - RLController - INFO -   Example: junction D1 -> durations [21, 21, 27, 21] (total: 90s)
2026-09-23 22:36:14,602 - RLController - INFO -   Example: junction D2 -> durations [48, 14, 14, 14] (total: 90s)
2026-09-23 22:36:14,602 - RLController - INFO -   Example: junction D3 -> durations [24, 22, 22, 22] (total: 90s)
2026-09-23 22:36:14,602 - RLController - INFO -   Example: junction D4 -> durations [24, 22, 22, 22] (total: 90s)
2026-09-23 22:36:14,602 - RLController - INFO -   Example: junction D5 -> durations [13, 13, 51, 13] (total: 90s)
2026-09-23 22:36:14,602 - RLController - INFO -   Example: junction E0 -> durations [24, 22, 22, 22] (total: 90s)
2026-09-23 22:36:14,602 - RLController - INFO -   Example: junction E1 -> durations [24, 22, 22, 22] (total: 90s)
2026-09-23 22:36:14,603 - RLController - INFO -   Stored schedules for 34 junctions, cycle starts at step 6480
2026-09-23 22:36:18,043 - RLController - INFO - DIAGNOSTIC Step 6570 - Observation stats:
2026-09-23 22:36:18,043 - RLController - INFO -   Hash: -950918605277734114, Min: 0.000000, Max: 1.000000, Mean: 0.430589, Std: 0.454370
2026-09-23 22:36:18,043 - RLController - INFO -   First 10: [1.        0.        0.        0.        0.        0.5301915 1.
 0.        0.        0.       ]
2026-09-23 22:36:18,043 - RLController - INFO -   Last 10: [0.         0.2        0.         0.08333334 0.4722222  0.00352804
 0.07380342 0.54650366 0.         0.3       ]
2026-09-23 22:36:18,047 - RLController - INFO - DIAGNOSTIC - Raw model action output:
2026-09-23 22:36:18,047 - RLController - INFO -   Action hash: 6330308607414804565
2026-09-23 22:36:18,048 - RLController - INFO -   First 8 values: [ -7.1533494 -10.        -10.        -10.        -10.        -10.
 -10.        -10.       ]
2026-09-23 22:36:18,048 - RLController - INFO -   Last 8 values: [-10.        -10.        -10.        -10.        -10.         -2.4675643
 -10.        -10.       ]
2026-09-23 22:36:18,048 - RLController - INFO -   Action shape: (136,), min: -10.000000, max: 4.807242, mean: -9.285212
2026-09-23 22:36:18,048 - RLController - INFO -   B0 junction (indices 16-19) raw values: [ -9.798105 -10.       -10.       -10.      ]
2026-09-23 22:36:18,048 - RLController - INFO - Using CONTINUOUS DURATION-BASED mode
2026-09-23 22:36:18,048 - RLController - INFO -   Example: junction A0 -> durations [54, 12, 12, 12] (total: 90s)
2026-09-23 22:36:18,049 - RLController - INFO -   Example: junction A1 -> durations [24, 22, 22, 22] (total: 90s)
2026-09-23 22:36:18,049 - RLController - INFO -   Example: junction A2 -> durations [12, 12, 54, 12] (total: 90s)
2026-09-23 22:36:18,049 - RLController - INFO -   Example: junction A4 -> durations [60, 10, 10, 10] (total: 90s)
2026-09-23 22:36:18,049 - RLController - INFO -   Example: junction A5 -> durations [24, 22, 22, 22] (total: 90s)
2026-09-23 22:36:18,049 - RLController - INFO -   Example: junction B0 -> durations [24, 22, 22, 22] (total: 90s)
2026-09-23 22:36:18,049 - RLController - INFO -   Example: junction B1 -> durations [24, 22, 22, 22] (total: 90s)
2026-09-23 22:36:18,049 - RLController - INFO -   Example: junction B2 -> durations [24, 22, 22, 22] (total: 90s)
2026-09-23 22:36:18,049 - RLController - INFO -   Example: junction B4 -> durations [24, 22, 22, 22] (total: 90s)
2026-09-23 22:36:18,050 - RLController - INFO -   Example: junction B5 -> durations [60, 10, 10, 10] (total: 90s)
2026-09-23 22:36:18,050 - RLController - INFO -   Example: junction C0 -> durations [20, 20, 30, 20] (total: 90s)
2026-09-23 22:36:18,050 - RLController - INFO -   Example: junction C1 -> durations [24, 22, 22, 22] (total: 90s)
2026-09-23 22:36:18,050 - RLController - INFO -   Example: junction C2 -> durations [58, 12, 10, 10] (total: 90s)
2026-09-23 22:36:18,050 - RLController - INFO -   Example: junction C3 -> durations [60, 10, 10, 10] (total: 90s)
2026-09-23 22:36:18,050 - RLController - INFO -   Example: junction C4 -> durations [57, 11, 11, 11] (total: 90s)
2026-09-23 22:36:18,050 - RLController - INFO -   Example: junction C5 -> durations [57, 11, 11, 11] (total: 90s)
2026-09-23 22:36:18,050 - RLController - INFO -   Example: junction D0 -> durations [24, 22, 22, 22] (total: 90s)
2026-09-23 22:36:18,050 - RLController - INFO -   Example: junction D1 -> durations [20, 20, 30, 20] (total: 90s)
2026-09-23 22:36:18,051 - RLController - INFO -   Example: junction D2 -> durations [45, 15, 15, 15] (total: 90s)
2026-09-23 22:36:18,051 - RLController - INFO -   Example: junction D3 -> durations [24, 22, 22, 22] (total: 90s)
2026-09-23 22:36:18,051 - RLController - INFO -   Example: junction D4 -> durations [24, 22, 22, 22] (total: 90s)
2026-09-23 22:36:18,051 - RLController - INFO -   Example: junction D5 -> durations [12, 12, 54, 12] (total: 90s)
2026-09-23 22:36:18,051 - RLController - INFO -   Example: junction E0 -> durations [24, 22, 22, 22] (total: 90s)
2026-09-23 22:36:18,051 - RLController - INFO -   Example: junction E1 -> durations [24, 22, 22, 22] (total: 90s)
2026-09-23 22:36:18,052 - RLController - INFO -   Stored schedules for 34 junctions, cycle starts at step 6570
2026-09-23 22:36:21,820 - RLController - INFO - DIAGNOSTIC Step 6660 - Observation stats:
2026-09-23 22:36:21,821 - RLController - INFO -   Hash: 2586813917534578799, Min: 0.000000, Max: 1.000000, Mean: 0.430453, Std: 0.454318
2026-09-23 22:36:21,821 - RLController - INFO -   First 10: [1.        0.        0.        0.        0.        0.5301915 1.
 0.        0.        0.       ]
2026-09-23 22:36:21,821 - RLController - INFO -   Last 10: [0.         0.2        0.         0.08333334 0.4508547  0.00246921
 0.07508547 0.556164   0.         0.3       ]
2026-09-23 22:36:21,826 - RLController - INFO - DIAGNOSTIC - Raw model action output:
2026-09-23 22:36:21,826 - RLController - INFO -   Action hash: 5804432254776459914
2026-09-23 22:36:21,826 - RLController - INFO -   First 8 values: [ -7.3809366 -10.        -10.        -10.        -10.        -10.
 -10.        -10.       ]
2026-09-23 22:36:21,826 - RLController - INFO -   Last 8 values: [-10.         -10.         -10.         -10.         -10.
  -0.84936446 -10.         -10.        ]
2026-09-23 22:36:21,827 - RLController - INFO -   Action shape: (136,), min: -10.000000, max: 5.562059, mean: -9.306077
2026-09-23 22:36:21,827 - RLController - INFO -   B0 junction (indices 16-19) raw values: [-10. -10. -10. -10.]
2026-09-23 22:36:21,827 - RLController - INFO - Using CONTINUOUS DURATION-BASED mode
2026-09-23 22:36:21,827 - RLController - INFO -   Example: junction A0 -> durations [51, 13, 13, 13] (total: 90s)
2026-09-23 22:36:21,827 - RLController - INFO -   Example: junction A1 -> durations [24, 22, 22, 22] (total: 90s)
2026-09-23 22:36:21,827 - RLController - INFO -   Example: junction A2 -> durations [12, 12, 54, 12] (total: 90s)
2026-09-23 22:36:21,827 - RLController - INFO -   Example: junction A4 -> durations [60, 10, 10, 10] (total: 90s)
2026-09-23 22:36:21,828 - RLController - INFO -   Example: junction A5 -> durations [24, 22, 22, 22] (total: 90s)
2026-09-23 22:36:21,828 - RLController - INFO -   Example: junction B0 -> durations [24, 22, 22, 22] (total: 90s)
2026-09-23 22:36:21,828 - RLController - INFO -   Example: junction B1 -> durations [24, 22, 22, 22] (total: 90s)
2026-09-23 22:36:21,828 - RLController - INFO -   Example: junction B2 -> durations [24, 22, 22, 22] (total: 90s)
2026-09-23 22:36:21,828 - RLController - INFO -   Example: junction B4 -> durations [24, 22, 22, 22] (total: 90s)
2026-09-23 22:36:21,828 - RLController - INFO -   Example: junction B5 -> durations [60, 10, 10, 10] (total: 90s)
2026-09-23 22:36:21,829 - RLController - INFO -   Example: junction C0 -> durations [21, 21, 27, 21] (total: 90s)
2026-09-23 22:36:21,829 - RLController - INFO -   Example: junction C1 -> durations [24, 22, 22, 22] (total: 90s)
2026-09-23 22:36:21,829 - RLController - INFO -   Example: junction C2 -> durations [58, 12, 10, 10] (total: 90s)
2026-09-23 22:36:21,829 - RLController - INFO -   Example: junction C3 -> durations [60, 10, 10, 10] (total: 90s)
2026-09-23 22:36:21,829 - RLController - INFO -   Example: junction C4 -> durations [57, 11, 11, 11] (total: 90s)
2026-09-23 22:36:21,829 - RLController - INFO -   Example: junction C5 -> durations [57, 11, 11, 11] (total: 90s)
2026-09-23 22:36:21,829 - RLController - INFO -   Example: junction D0 -> durations [24, 22, 22, 22] (total: 90s)
2026-09-23 22:36:21,829 - RLController - INFO -   Example: junction D1 -> durations [22, 22, 24, 22] (total: 90s)
2026-09-23 22:36:21,830 - RLController - INFO -   Example: junction D2 -> durations [45, 15, 15, 15] (total: 90s)
2026-09-23 22:36:21,830 - RLController - INFO -   Example: junction D3 -> durations [24, 22, 22, 22] (total: 90s)
2026-09-23 22:36:21,830 - RLController - INFO -   Example: junction D4 -> durations [24, 22, 22, 22] (total: 90s)
2026-09-23 22:36:21,830 - RLController - INFO -   Example: junction D5 -> durations [13, 13, 51, 13] (total: 90s)
2026-09-23 22:36:21,830 - RLController - INFO -   Example: junction E0 -> durations [24, 22, 22, 22] (total: 90s)
2026-09-23 22:36:21,830 - RLController - INFO -   Example: junction E1 -> durations [24, 22, 22, 22] (total: 90s)
2026-09-23 22:36:21,831 - RLController - INFO -   Stored schedules for 34 junctions, cycle starts at step 6660
2026-09-23 22:36:25,445 - RLController - INFO - DIAGNOSTIC Step 6750 - Observation stats:
2026-09-23 22:36:25,445 - RLController - INFO -   Hash: -2246905496503313458, Min: 0.000000, Max: 1.000000, Mean: 0.428726, Std: 0.453653
2026-09-23 22:36:25,445 - RLController - INFO -   First 10: [1.        0.        0.        0.        0.        0.5301915 1.
 0.        0.        0.       ]
2026-09-23 22:36:25,445 - RLController - INFO -   Last 10: [0.         0.2        0.         0.08333334 0.43589744 0.00257101
 0.07611111 0.5737625  0.         0.3       ]
2026-09-23 22:36:25,449 - RLController - INFO - DIAGNOSTIC - Raw model action output:
2026-09-23 22:36:25,449 - RLController - INFO -   Action hash: 6477915306647639788
2026-09-23 22:36:25,449 - RLController - INFO -   First 8 values: [ -7.2077055 -10.        -10.        -10.        -10.        -10.
 -10.        -10.       ]
2026-09-23 22:36:25,449 - RLController - INFO -   Last 8 values: [-10.        -10.        -10.        -10.        -10.         -1.2188756
 -10.        -10.       ]
2026-09-23 22:36:25,450 - RLController - INFO -   Action shape: (136,), min: -10.000000, max: 5.109410, mean: -9.309020
2026-09-23 22:36:25,450 - RLController - INFO -   B0 junction (indices 16-19) raw values: [ -9.715992 -10.       -10.       -10.      ]
2026-09-23 22:36:25,450 - RLController - INFO - Using CONTINUOUS DURATION-BASED mode
2026-09-23 22:36:25,450 - RLController - INFO -   Example: junction A0 -> durations [51, 13, 13, 13] (total: 90s)
2026-09-23 22:36:25,450 - RLController - INFO -   Example: junction A1 -> durations [24, 22, 22, 22] (total: 90s)
2026-09-23 22:36:25,450 - RLController - INFO -   Example: junction A2 -> durations [12, 12, 54, 12] (total: 90s)
2026-09-23 22:36:25,450 - RLController - INFO -   Example: junction A4 -> durations [60, 10, 10, 10] (total: 90s)
2026-09-23 22:36:25,451 - RLController - INFO -   Example: junction A5 -> durations [24, 22, 22, 22] (total: 90s)
2026-09-23 22:36:25,451 - RLController - INFO -   Example: junction B0 -> durations [24, 22, 22, 22] (total: 90s)
2026-09-23 22:36:25,451 - RLController - INFO -   Example: junction B1 -> durations [24, 22, 22, 22] (total: 90s)
2026-09-23 22:36:25,451 - RLController - INFO -   Example: junction B2 -> durations [24, 22, 22, 22] (total: 90s)
2026-09-23 22:36:25,451 - RLController - INFO -   Example: junction B4 -> durations [24, 22, 22, 22] (total: 90s)
2026-09-23 22:36:25,451 - RLController - INFO -   Example: junction B5 -> durations [60, 10, 10, 10] (total: 90s)
2026-09-23 22:36:25,451 - RLController - INFO -   Example: junction C0 -> durations [21, 21, 27, 21] (total: 90s)
2026-09-23 22:36:25,451 - RLController - INFO -   Example: junction C1 -> durations [24, 22, 22, 22] (total: 90s)
2026-09-23 22:36:25,452 - RLController - INFO -   Example: junction C2 -> durations [57, 13, 10, 10] (total: 90s)
2026-09-23 22:36:25,452 - RLController - INFO -   Example: junction C3 -> durations [60, 10, 10, 10] (total: 90s)
2026-09-23 22:36:25,452 - RLController - INFO -   Example: junction C4 -> durations [57, 11, 11, 11] (total: 90s)
2026-09-23 22:36:25,452 - RLController - INFO -   Example: junction C5 -> durations [57, 11, 11, 11] (total: 90s)
2026-09-23 22:36:25,452 - RLController - INFO -   Example: junction D0 -> durations [24, 22, 22, 22] (total: 90s)
2026-09-23 22:36:25,452 - RLController - INFO -   Example: junction D1 -> durations [21, 21, 27, 21] (total: 90s)
2026-09-23 22:36:25,452 - RLController - INFO -   Example: junction D2 -> durations [45, 15, 15, 15] (total: 90s)
2026-09-23 22:36:25,452 - RLController - INFO -   Example: junction D3 -> durations [24, 22, 22, 22] (total: 90s)
2026-09-23 22:36:25,453 - RLController - INFO -   Example: junction D4 -> durations [24, 22, 22, 22] (total: 90s)
2026-09-23 22:36:25,453 - RLController - INFO -   Example: junction D5 -> durations [13, 13, 51, 13] (total: 90s)
2026-09-23 22:36:25,453 - RLController - INFO -   Example: junction E0 -> durations [24, 22, 22, 22] (total: 90s)
2026-09-23 22:36:25,453 - RLController - INFO -   Example: junction E1 -> durations [24, 22, 22, 22] (total: 90s)
2026-09-23 22:36:25,454 - RLController - INFO -   Stored schedules for 34 junctions, cycle starts at step 6750
2026-09-23 22:36:29,289 - RLController - INFO - DIAGNOSTIC Step 6840 - Observation stats:
2026-09-23 22:36:29,289 - RLController - INFO -   Hash: 3565535688747773869, Min: 0.000000, Max: 1.000000, Mean: 0.427365, Std: 0.453295
2026-09-23 22:36:29,290 - RLController - INFO -   First 10: [1.         0.         0.         0.         0.         0.5301915
 0.         0.         0.99333334 1.        ]
2026-09-23 22:36:29,290 - RLController - INFO -   Last 10: [0.         0.2        0.         0.08333334 0.4551282  0.00336373
 0.07598291 0.56524765 0.         0.3       ]
2026-09-23 22:36:29,295 - RLController - INFO - DIAGNOSTIC - Raw model action output:
2026-09-23 22:36:29,295 - RLController - INFO -   Action hash: -8360384594198421004
2026-09-23 22:36:29,295 - RLController - INFO -   First 8 values: [ -7.305705 -10.       -10.       -10.       -10.       -10.
 -10.       -10.      ]
2026-09-23 22:36:29,295 - RLController - INFO -   Last 8 values: [-10.        -10.        -10.        -10.        -10.         -1.9913914
 -10.        -10.       ]
2026-09-23 22:36:29,295 - RLController - INFO -   Action shape: (136,), min: -10.000000, max: 5.194850, mean: -9.296475
2026-09-23 22:36:29,296 - RLController - INFO -   B0 junction (indices 16-19) raw values: [ -9.47606 -10.      -10.      -10.     ]
2026-09-23 22:36:29,296 - RLController - INFO - Using CONTINUOUS DURATION-BASED mode
2026-09-23 22:36:29,296 - RLController - INFO -   Example: junction A0 -> durations [51, 13, 13, 13] (total: 90s)
2026-09-23 22:36:29,296 - RLController - INFO -   Example: junction A1 -> durations [24, 22, 22, 22] (total: 90s)
2026-09-23 22:36:29,296 - RLController - INFO -   Example: junction A2 -> durations [12, 12, 54, 12] (total: 90s)
2026-09-23 22:36:29,296 - RLController - INFO -   Example: junction A4 -> durations [60, 10, 10, 10] (total: 90s)
2026-09-23 22:36:29,296 - RLController - INFO -   Example: junction A5 -> durations [27, 21, 21, 21] (total: 90s)
2026-09-23 22:36:29,296 - RLController - INFO -   Example: junction B0 -> durations [24, 22, 22, 22] (total: 90s)
2026-09-23 22:36:29,297 - RLController - INFO -   Example: junction B1 -> durations [24, 22, 22, 22] (total: 90s)
2026-09-23 22:36:29,297 - RLController - INFO -   Example: junction B2 -> durations [24, 22, 22, 22] (total: 90s)
2026-09-23 22:36:29,297 - RLController - INFO -   Example: junction B4 -> durations [24, 22, 22, 22] (total: 90s)
2026-09-23 22:36:29,297 - RLController - INFO -   Example: junction B5 -> durations [60, 10, 10, 10] (total: 90s)
2026-09-23 22:36:29,297 - RLController - INFO -   Example: junction C0 -> durations [21, 21, 27, 21] (total: 90s)
2026-09-23 22:36:29,297 - RLController - INFO -   Example: junction C1 -> durations [24, 22, 22, 22] (total: 90s)
2026-09-23 22:36:29,297 - RLController - INFO -   Example: junction C2 -> durations [58, 12, 10, 10] (total: 90s)
2026-09-23 22:36:29,298 - RLController - INFO -   Example: junction C3 -> durations [60, 10, 10, 10] (total: 90s)
2026-09-23 22:36:29,298 - RLController - INFO -   Example: junction C4 -> durations [57, 11, 11, 11] (total: 90s)
2026-09-23 22:36:29,298 - RLController - INFO -   Example: junction C5 -> durations [57, 11, 11, 11] (total: 90s)
2026-09-23 22:36:29,298 - RLController - INFO -   Example: junction D0 -> durations [24, 22, 22, 22] (total: 90s)
2026-09-23 22:36:29,298 - RLController - INFO -   Example: junction D1 -> durations [21, 21, 27, 21] (total: 90s)
2026-09-23 22:36:29,298 - RLController - INFO -   Example: junction D2 -> durations [45, 15, 15, 15] (total: 90s)
2026-09-23 22:36:29,298 - RLController - INFO -   Example: junction D3 -> durations [24, 22, 22, 22] (total: 90s)
2026-09-23 22:36:29,298 - RLController - INFO -   Example: junction D4 -> durations [24, 22, 22, 22] (total: 90s)
2026-09-23 22:36:29,298 - RLController - INFO -   Example: junction D5 -> durations [13, 13, 51, 13] (total: 90s)
2026-09-23 22:36:29,299 - RLController - INFO -   Example: junction E0 -> durations [24, 22, 22, 22] (total: 90s)
2026-09-23 22:36:29,299 - RLController - INFO -   Example: junction E1 -> durations [24, 22, 22, 22] (total: 90s)
2026-09-23 22:36:29,300 - RLController - INFO -   Stored schedules for 34 junctions, cycle starts at step 6840
2026-09-23 22:36:32,987 - RLController - INFO - DIAGNOSTIC Step 6930 - Observation stats:
2026-09-23 22:36:32,988 - RLController - INFO -   Hash: 683198815599337748, Min: 0.000000, Max: 1.000000, Mean: 0.429847, Std: 0.451689
2026-09-23 22:36:32,988 - RLController - INFO -   First 10: [1.         0.         0.         0.         0.         0.5301915
 0.         1.         0.99333334 1.        ]
2026-09-23 22:36:32,989 - RLController - INFO -   Last 10: [0.         0.2        0.         0.08333334 0.4508547  0.0035298
 0.07726496 0.5673339  0.         0.3       ]
2026-09-23 22:36:32,994 - RLController - INFO - DIAGNOSTIC - Raw model action output:
2026-09-23 22:36:32,994 - RLController - INFO -   Action hash: -2267633708162456430
2026-09-23 22:36:32,994 - RLController - INFO -   First 8 values: [ -7.292929 -10.       -10.       -10.       -10.       -10.
 -10.       -10.      ]
2026-09-23 22:36:32,994 - RLController - INFO -   Last 8 values: [-10.        -10.        -10.        -10.        -10.         -3.3767235
 -10.        -10.       ]
2026-09-23 22:36:32,994 - RLController - INFO -   Action shape: (136,), min: -10.000000, max: 4.726336, mean: -9.295819
2026-09-23 22:36:32,995 - RLController - INFO -   B0 junction (indices 16-19) raw values: [ -9.726472 -10.       -10.       -10.      ]
2026-09-23 22:36:32,995 - RLController - INFO - Using CONTINUOUS DURATION-BASED mode
2026-09-23 22:36:32,995 - RLController - INFO -   Example: junction A0 -> durations [51, 13, 13, 13] (total: 90s)
2026-09-23 22:36:32,995 - RLController - INFO -   Example: junction A1 -> durations [24, 22, 22, 22] (total: 90s)
2026-09-23 22:36:32,995 - RLController - INFO -   Example: junction A2 -> durations [12, 12, 54, 12] (total: 90s)
2026-09-23 22:36:32,995 - RLController - INFO -   Example: junction A4 -> durations [60, 10, 10, 10] (total: 90s)
2026-09-23 22:36:32,995 - RLController - INFO -   Example: junction A5 -> durations [24, 22, 22, 22] (total: 90s)
2026-09-23 22:36:32,995 - RLController - INFO -   Example: junction B0 -> durations [24, 22, 22, 22] (total: 90s)
2026-09-23 22:36:32,996 - RLController - INFO -   Example: junction B1 -> durations [24, 22, 22, 22] (total: 90s)
2026-09-23 22:36:32,996 - RLController - INFO -   Example: junction B2 -> durations [24, 22, 22, 22] (total: 90s)
2026-09-23 22:36:32,996 - RLController - INFO -   Example: junction B4 -> durations [24, 22, 22, 22] (total: 90s)
2026-09-23 22:36:32,996 - RLController - INFO -   Example: junction B5 -> durations [60, 10, 10, 10] (total: 90s)
2026-09-23 22:36:32,996 - RLController - INFO -   Example: junction C0 -> durations [21, 21, 27, 21] (total: 90s)
2026-09-23 22:36:32,996 - RLController - INFO -   Example: junction C1 -> durations [24, 22, 22, 22] (total: 90s)
2026-09-23 22:36:32,996 - RLController - INFO -   Example: junction C2 -> durations [57, 13, 10, 10] (total: 90s)
2026-09-23 22:36:32,996 - RLController - INFO -   Example: junction C3 -> durations [60, 10, 10, 10] (total: 90s)
2026-09-23 22:36:32,997 - RLController - INFO -   Example: junction C4 -> durations [57, 11, 11, 11] (total: 90s)
2026-09-23 22:36:32,997 - RLController - INFO -   Example: junction C5 -> durations [57, 11, 11, 11] (total: 90s)
2026-09-23 22:36:32,997 - RLController - INFO -   Example: junction D0 -> durations [24, 22, 22, 22] (total: 90s)
2026-09-23 22:36:32,997 - RLController - INFO -   Example: junction D1 -> durations [20, 20, 30, 20] (total: 90s)
2026-09-23 22:36:32,997 - RLController - INFO -   Example: junction D2 -> durations [45, 15, 15, 15] (total: 90s)
2026-09-23 22:36:32,997 - RLController - INFO -   Example: junction D3 -> durations [24, 22, 22, 22] (total: 90s)
2026-09-23 22:36:32,997 - RLController - INFO -   Example: junction D4 -> durations [24, 22, 22, 22] (total: 90s)
2026-09-23 22:36:32,998 - RLController - INFO -   Example: junction D5 -> durations [13, 13, 51, 13] (total: 90s)
2026-09-23 22:36:32,998 - RLController - INFO -   Example: junction E0 -> durations [24, 22, 22, 22] (total: 90s)
2026-09-23 22:36:32,998 - RLController - INFO -   Example: junction E1 -> durations [24, 22, 22, 22] (total: 90s)
2026-09-23 22:36:32,998 - RLController - INFO -   Stored schedules for 34 junctions, cycle starts at step 6930
2026-09-23 22:36:36,835 - RLController - INFO - DIAGNOSTIC Step 7020 - Observation stats:
2026-09-23 22:36:36,836 - RLController - INFO -   Hash: 7089709981647588885, Min: 0.000000, Max: 1.000000, Mean: 0.434233, Std: 0.452601
2026-09-23 22:36:36,836 - RLController - INFO -   First 10: [1.         0.         0.         0.         0.         0.5301915
 0.         1.         0.99333334 1.        ]
2026-09-23 22:36:36,836 - RLController - INFO -   Last 10: [0.         0.2        0.         0.08333334 0.4722222  0.00337911
 0.07837607 0.54505277 0.         0.3       ]
2026-09-23 22:36:36,841 - RLController - INFO - DIAGNOSTIC - Raw model action output:
2026-09-23 22:36:36,841 - RLController - INFO -   Action hash: 5621320304474795787
2026-09-23 22:36:36,841 - RLController - INFO -   First 8 values: [ -7.261962 -10.       -10.       -10.       -10.       -10.
 -10.       -10.      ]
2026-09-23 22:36:36,841 - RLController - INFO -   Last 8 values: [-10.        -10.        -10.        -10.        -10.         -3.2439344
 -10.        -10.       ]
2026-09-23 22:36:36,841 - RLController - INFO -   Action shape: (136,), min: -10.000000, max: 4.234811, mean: -9.315426
2026-09-23 22:36:36,842 - RLController - INFO -   B0 junction (indices 16-19) raw values: [ -9.874522 -10.       -10.       -10.      ]
2026-09-23 22:36:36,842 - RLController - INFO - Using CONTINUOUS DURATION-BASED mode
2026-09-23 22:36:36,842 - RLController - INFO -   Example: junction A0 -> durations [51, 13, 13, 13] (total: 90s)
2026-09-23 22:36:36,842 - RLController - INFO -   Example: junction A1 -> durations [24, 22, 22, 22] (total: 90s)
2026-09-23 22:36:36,842 - RLController - INFO -   Example: junction A2 -> durations [12, 12, 54, 12] (total: 90s)
2026-09-23 22:36:36,842 - RLController - INFO -   Example: junction A4 -> durations [60, 10, 10, 10] (total: 90s)
2026-09-23 22:36:36,842 - RLController - INFO -   Example: junction A5 -> durations [24, 22, 22, 22] (total: 90s)
2026-09-23 22:36:36,842 - RLController - INFO -   Example: junction B0 -> durations [24, 22, 22, 22] (total: 90s)
2026-09-23 22:36:36,843 - RLController - INFO -   Example: junction B1 -> durations [24, 22, 22, 22] (total: 90s)
2026-09-23 22:36:36,843 - RLController - INFO -   Example: junction B2 -> durations [24, 22, 22, 22] (total: 90s)
2026-09-23 22:36:36,843 - RLController - INFO -   Example: junction B4 -> durations [24, 22, 22, 22] (total: 90s)
2026-09-23 22:36:36,843 - RLController - INFO -   Example: junction B5 -> durations [60, 10, 10, 10] (total: 90s)
2026-09-23 22:36:36,843 - RLController - INFO -   Example: junction C0 -> durations [20, 20, 30, 20] (total: 90s)
2026-09-23 22:36:36,843 - RLController - INFO -   Example: junction C1 -> durations [24, 22, 22, 22] (total: 90s)
2026-09-23 22:36:36,843 - RLController - INFO -   Example: junction C2 -> durations [57, 13, 10, 10] (total: 90s)
2026-09-23 22:36:36,843 - RLController - INFO -   Example: junction C3 -> durations [60, 10, 10, 10] (total: 90s)
2026-09-23 22:36:36,843 - RLController - INFO -   Example: junction C4 -> durations [57, 11, 11, 11] (total: 90s)
2026-09-23 22:36:36,844 - RLController - INFO -   Example: junction C5 -> durations [57, 11, 11, 11] (total: 90s)
2026-09-23 22:36:36,844 - RLController - INFO -   Example: junction D0 -> durations [24, 22, 22, 22] (total: 90s)
2026-09-23 22:36:36,844 - RLController - INFO -   Example: junction D1 -> durations [22, 22, 24, 22] (total: 90s)
2026-09-23 22:36:36,845 - RLController - INFO -   Example: junction D2 -> durations [45, 15, 15, 15] (total: 90s)
2026-09-23 22:36:36,845 - RLController - INFO -   Example: junction D3 -> durations [24, 22, 22, 22] (total: 90s)
2026-09-23 22:36:36,845 - RLController - INFO -   Example: junction D4 -> durations [24, 22, 22, 22] (total: 90s)
2026-09-23 22:36:36,845 - RLController - INFO -   Example: junction D5 -> durations [13, 13, 51, 13] (total: 90s)
2026-09-23 22:36:36,845 - RLController - INFO -   Example: junction E0 -> durations [24, 22, 22, 22] (total: 90s)
2026-09-23 22:36:36,845 - RLController - INFO -   Example: junction E1 -> durations [24, 22, 22, 22] (total: 90s)
2026-09-23 22:36:36,846 - RLController - INFO -   Stored schedules for 34 junctions, cycle starts at step 7020
2026-09-23 22:36:40,988 - RLController - INFO - DIAGNOSTIC Step 7110 - Observation stats:
2026-09-23 22:36:40,988 - RLController - INFO -   Hash: -8073970269401806232, Min: 0.000000, Max: 1.000000, Mean: 0.430960, Std: 0.454203
2026-09-23 22:36:40,989 - RLController - INFO -   First 10: [1.         0.         0.         0.         0.         0.5301915
 0.         1.         0.99333334 1.        ]
2026-09-23 22:36:40,989 - RLController - INFO -   Last 10: [0.         0.2        0.         0.08333334 0.47008547 0.00292055
 0.07910256 0.54539526 0.         0.3       ]
2026-09-23 22:36:41,000 - RLController - INFO - DIAGNOSTIC - Raw model action output:
2026-09-23 22:36:41,000 - RLController - INFO -   Action hash: 5723708923592685011
2026-09-23 22:36:41,000 - RLController - INFO -   First 8 values: [ -6.998093 -10.       -10.       -10.       -10.       -10.
 -10.       -10.      ]
2026-09-23 22:36:41,000 - RLController - INFO -   Last 8 values: [-10.        -10.        -10.        -10.        -10.         -1.3622372
 -10.        -10.       ]
2026-09-23 22:36:41,001 - RLController - INFO -   Action shape: (136,), min: -10.000000, max: 4.967684, mean: -9.265365
2026-09-23 22:36:41,001 - RLController - INFO -   B0 junction (indices 16-19) raw values: [-10. -10. -10. -10.]
2026-09-23 22:36:41,001 - RLController - INFO - Using CONTINUOUS DURATION-BASED mode
2026-09-23 22:36:41,001 - RLController - INFO -   Example: junction A0 -> durations [54, 12, 12, 12] (total: 90s)
2026-09-23 22:36:41,001 - RLController - INFO -   Example: junction A1 -> durations [24, 22, 22, 22] (total: 90s)
2026-09-23 22:36:41,001 - RLController - INFO -   Example: junction A2 -> durations [12, 12, 54, 12] (total: 90s)
2026-09-23 22:36:41,002 - RLController - INFO -   Example: junction A4 -> durations [60, 10, 10, 10] (total: 90s)
2026-09-23 22:36:41,002 - RLController - INFO -   Example: junction A5 -> durations [24, 22, 22, 22] (total: 90s)
2026-09-23 22:36:41,002 - RLController - INFO -   Example: junction B0 -> durations [24, 22, 22, 22] (total: 90s)
2026-09-23 22:36:41,002 - RLController - INFO -   Example: junction B1 -> durations [24, 22, 22, 22] (total: 90s)
2026-09-23 22:36:41,002 - RLController - INFO -   Example: junction B2 -> durations [24, 22, 22, 22] (total: 90s)
2026-09-23 22:36:41,002 - RLController - INFO -   Example: junction B4 -> durations [24, 22, 22, 22] (total: 90s)
2026-09-23 22:36:41,002 - RLController - INFO -   Example: junction B5 -> durations [60, 10, 10, 10] (total: 90s)
2026-09-23 22:36:41,002 - RLController - INFO -   Example: junction C0 -> durations [21, 21, 27, 21] (total: 90s)
2026-09-23 22:36:41,003 - RLController - INFO -   Example: junction C1 -> durations [24, 22, 22, 22] (total: 90s)
2026-09-23 22:36:41,003 - RLController - INFO -   Example: junction C2 -> durations [56, 14, 10, 10] (total: 90s)
2026-09-23 22:36:41,003 - RLController - INFO -   Example: junction C3 -> durations [60, 10, 10, 10] (total: 90s)
2026-09-23 22:36:41,003 - RLController - INFO -   Example: junction C4 -> durations [57, 11, 11, 11] (total: 90s)
2026-09-23 22:36:41,003 - RLController - INFO -   Example: junction C5 -> durations [57, 11, 11, 11] (total: 90s)
2026-09-23 22:36:41,003 - RLController - INFO -   Example: junction D0 -> durations [24, 22, 22, 22] (total: 90s)
2026-09-23 22:36:41,003 - RLController - INFO -   Example: junction D1 -> durations [21, 21, 27, 21] (total: 90s)
2026-09-23 22:36:41,003 - RLController - INFO -   Example: junction D2 -> durations [48, 14, 14, 14] (total: 90s)
2026-09-23 22:36:41,003 - RLController - INFO -   Example: junction D3 -> durations [24, 22, 22, 22] (total: 90s)
2026-09-23 22:36:41,004 - RLController - INFO -   Example: junction D4 -> durations [24, 22, 22, 22] (total: 90s)
2026-09-23 22:36:41,004 - RLController - INFO -   Example: junction D5 -> durations [13, 13, 51, 13] (total: 90s)
2026-09-23 22:36:41,004 - RLController - INFO -   Example: junction E0 -> durations [24, 22, 22, 22] (total: 90s)
2026-09-23 22:36:41,005 - RLController - INFO -   Example: junction E1 -> durations [24, 22, 22, 22] (total: 90s)
2026-09-23 22:36:41,005 - RLController - INFO -   Stored schedules for 34 junctions, cycle starts at step 7110
2026-09-23 22:36:44,815 - RLController - INFO - DIAGNOSTIC Step 7200 - Observation stats:
2026-09-23 22:36:44,815 - RLController - INFO -   Hash: -6337320779901039768, Min: 0.000000, Max: 1.000000, Mean: 0.436795, Std: 0.455157
2026-09-23 22:36:44,816 - RLController - INFO -   First 10: [1.         0.         0.         0.         0.         0.51428574
 1.         0.         0.         0.        ]
2026-09-23 22:36:44,816 - RLController - INFO -   Last 10: [0.         0.2        0.         0.08333334 0.4722222  0.00299127
 0.08038461 0.5449988  0.         0.3       ]
2026-09-23 22:36:44,821 - RLController - INFO - DIAGNOSTIC - Raw model action output:
2026-09-23 22:36:44,821 - RLController - INFO -   Action hash: -1655705163747160236
2026-09-23 22:36:44,821 - RLController - INFO -   First 8 values: [ -7.2868705 -10.        -10.        -10.        -10.        -10.
 -10.        -10.       ]
2026-09-23 22:36:44,822 - RLController - INFO -   Last 8 values: [-10.        -10.        -10.        -10.        -10.         -2.4897077
 -10.        -10.       ]
2026-09-23 22:36:44,822 - RLController - INFO -   Action shape: (136,), min: -10.000000, max: 5.229711, mean: -9.281408
2026-09-23 22:36:44,822 - RLController - INFO -   B0 junction (indices 16-19) raw values: [-10. -10. -10. -10.]
2026-09-23 22:36:44,822 - RLController - INFO - Using CONTINUOUS DURATION-BASED mode
2026-09-23 22:36:44,822 - RLController - INFO -   Example: junction A0 -> durations [51, 13, 13, 13] (total: 90s)
2026-09-23 22:36:44,822 - RLController - INFO -   Example: junction A1 -> durations [24, 22, 22, 22] (total: 90s)
2026-09-23 22:36:44,822 - RLController - INFO -   Example: junction A2 -> durations [12, 12, 54, 12] (total: 90s)
2026-09-23 22:36:44,823 - RLController - INFO -   Example: junction A4 -> durations [60, 10, 10, 10] (total: 90s)
2026-09-23 22:36:44,823 - RLController - INFO -   Example: junction A5 -> durations [24, 22, 22, 22] (total: 90s)
2026-09-23 22:36:44,823 - RLController - INFO -   Example: junction B0 -> durations [24, 22, 22, 22] (total: 90s)
2026-09-23 22:36:44,823 - RLController - INFO -   Example: junction B1 -> durations [24, 22, 22, 22] (total: 90s)
2026-09-23 22:36:44,823 - RLController - INFO -   Example: junction B2 -> durations [24, 22, 22, 22] (total: 90s)
2026-09-23 22:36:44,823 - RLController - INFO -   Example: junction B4 -> durations [24, 22, 22, 22] (total: 90s)
2026-09-23 22:36:44,823 - RLController - INFO -   Example: junction B5 -> durations [60, 10, 10, 10] (total: 90s)
2026-09-23 22:36:44,823 - RLController - INFO -   Example: junction C0 -> durations [21, 21, 27, 21] (total: 90s)
2026-09-23 22:36:44,823 - RLController - INFO -   Example: junction C1 -> durations [24, 22, 22, 22] (total: 90s)
2026-09-23 22:36:44,824 - RLController - INFO -   Example: junction C2 -> durations [54, 16, 10, 10] (total: 90s)
2026-09-23 22:36:44,824 - RLController - INFO -   Example: junction C3 -> durations [60, 10, 10, 10] (total: 90s)
2026-09-23 22:36:44,824 - RLController - INFO -   Example: junction C4 -> durations [57, 11, 11, 11] (total: 90s)
2026-09-23 22:36:44,824 - RLController - INFO -   Example: junction C5 -> durations [57, 11, 11, 11] (total: 90s)
2026-09-23 22:36:44,824 - RLController - INFO -   Example: junction D0 -> durations [24, 22, 22, 22] (total: 90s)
2026-09-23 22:36:44,825 - RLController - INFO -   Example: junction D1 -> durations [21, 21, 27, 21] (total: 90s)
2026-09-23 22:36:44,825 - RLController - INFO -   Example: junction D2 -> durations [48, 14, 14, 14] (total: 90s)
2026-09-23 22:36:44,825 - RLController - INFO -   Example: junction D3 -> durations [24, 22, 22, 22] (total: 90s)
2026-09-23 22:36:44,825 - RLController - INFO -   Example: junction D4 -> durations [24, 22, 22, 22] (total: 90s)
2026-09-23 22:36:44,825 - RLController - INFO -   Example: junction D5 -> durations [13, 13, 51, 13] (total: 90s)
2026-09-23 22:36:44,825 - RLController - INFO -   Example: junction E0 -> durations [24, 22, 22, 22] (total: 90s)
2026-09-23 22:36:44,825 - RLController - INFO -   Example: junction E1 -> durations [24, 22, 22, 22] (total: 90s)
2026-09-23 22:36:44,826 - RLController - INFO -   Stored schedules for 34 junctions, cycle starts at step 7200
2026-09-23 22:36:49,005 - RLController - INFO - DIAGNOSTIC Step 7290 - Observation stats:
2026-09-23 22:36:49,005 - RLController - INFO -   Hash: 4803510980251549840, Min: 0.000000, Max: 1.000000, Mean: 0.446968, Std: 0.458904
2026-09-23 22:36:49,006 - RLController - INFO -   First 10: [1.         0.         0.         0.         0.         0.51428574
 0.         1.         0.99333334 1.        ]
2026-09-23 22:36:49,006 - RLController - INFO -   Last 10: [0.         0.2        0.         0.08333334 0.50427353 0.00329213
 0.08196581 0.5125029  0.         0.3       ]
2026-09-23 22:36:49,011 - RLController - INFO - DIAGNOSTIC - Raw model action output:
2026-09-23 22:36:49,011 - RLController - INFO -   Action hash: -2219864132819576507
2026-09-23 22:36:49,011 - RLController - INFO -   First 8 values: [ -7.0581937 -10.        -10.        -10.        -10.        -10.
 -10.        -10.       ]
2026-09-23 22:36:49,011 - RLController - INFO -   Last 8 values: [-10.         -10.         -10.         -10.         -10.
  -0.96339554 -10.         -10.        ]
2026-09-23 22:36:49,011 - RLController - INFO -   Action shape: (136,), min: -10.000000, max: 5.704288, mean: -9.261656
2026-09-23 22:36:49,012 - RLController - INFO -   B0 junction (indices 16-19) raw values: [-10. -10. -10. -10.]
2026-09-23 22:36:49,012 - RLController - INFO - Using CONTINUOUS DURATION-BASED mode
2026-09-23 22:36:49,012 - RLController - INFO -   Example: junction A0 -> durations [54, 12, 12, 12] (total: 90s)
2026-09-23 22:36:49,012 - RLController - INFO -   Example: junction A1 -> durations [24, 22, 22, 22] (total: 90s)
2026-09-23 22:36:49,012 - RLController - INFO -   Example: junction A2 -> durations [12, 12, 54, 12] (total: 90s)
2026-09-23 22:36:49,012 - RLController - INFO -   Example: junction A4 -> durations [60, 10, 10, 10] (total: 90s)
2026-09-23 22:36:49,013 - RLController - INFO -   Example: junction A5 -> durations [24, 22, 22, 22] (total: 90s)
2026-09-23 22:36:49,013 - RLController - INFO -   Example: junction B0 -> durations [24, 22, 22, 22] (total: 90s)
2026-09-23 22:36:49,013 - RLController - INFO -   Example: junction B1 -> durations [24, 22, 22, 22] (total: 90s)
2026-09-23 22:36:49,013 - RLController - INFO -   Example: junction B2 -> durations [24, 22, 22, 22] (total: 90s)
2026-09-23 22:36:49,013 - RLController - INFO -   Example: junction B4 -> durations [24, 22, 22, 22] (total: 90s)
2026-09-23 22:36:49,013 - RLController - INFO -   Example: junction B5 -> durations [60, 10, 10, 10] (total: 90s)
2026-09-23 22:36:49,013 - RLController - INFO -   Example: junction C0 -> durations [24, 22, 22, 22] (total: 90s)
2026-09-23 22:36:49,013 - RLController - INFO -   Example: junction C1 -> durations [24, 22, 22, 22] (total: 90s)
2026-09-23 22:36:49,013 - RLController - INFO -   Example: junction C2 -> durations [55, 15, 10, 10] (total: 90s)
2026-09-23 22:36:49,014 - RLController - INFO -   Example: junction C3 -> durations [60, 10, 10, 10] (total: 90s)
2026-09-23 22:36:49,014 - RLController - INFO -   Example: junction C4 -> durations [57, 11, 11, 11] (total: 90s)
2026-09-23 22:36:49,014 - RLController - INFO -   Example: junction C5 -> durations [57, 11, 11, 11] (total: 90s)
2026-09-23 22:36:49,014 - RLController - INFO -   Example: junction D0 -> durations [24, 22, 22, 22] (total: 90s)
2026-09-23 22:36:49,014 - RLController - INFO -   Example: junction D1 -> durations [21, 21, 27, 21] (total: 90s)
2026-09-23 22:36:49,014 - RLController - INFO -   Example: junction D2 -> durations [48, 14, 14, 14] (total: 90s)
2026-09-23 22:36:49,014 - RLController - INFO -   Example: junction D3 -> durations [24, 22, 22, 22] (total: 90s)
2026-09-23 22:36:49,014 - RLController - INFO -   Example: junction D4 -> durations [24, 22, 22, 22] (total: 90s)
2026-09-23 22:36:49,015 - RLController - INFO -   Example: junction D5 -> durations [13, 13, 51, 13] (total: 90s)
2026-09-23 22:36:49,015 - RLController - INFO -   Example: junction E0 -> durations [24, 22, 22, 22] (total: 90s)
2026-09-23 22:36:49,015 - RLController - INFO -   Example: junction E1 -> durations [24, 22, 22, 22] (total: 90s)
2026-09-23 22:36:49,015 - RLController - INFO -   Stored schedules for 34 junctions, cycle starts at step 7290
2026-09-23 22:36:49,438 - RLController - WARNING - RL environment cleanup failed: 'TrafficControlEnv' object has no attribute 'reward_calculator'
2026-09-23 22:36:49,803 - TrafficSimulator - INFO - Simulation completed successfully!
2026-09-23 22:36:49,806 - TrafficSimulator - INFO - === SIMULATION COMPLETED ===
2026-09-23 22:36:49,806 - TrafficSimulator - INFO - Total simulation steps: 7300
2026-09-23 22:36:49,806 - TrafficSimulator - INFO - Vehicles loaded: 22000
2026-09-23 22:36:49,806 - TrafficSimulator - INFO - Vehicles inserted: 19726
2026-09-23 22:36:49,807 - TrafficSimulator - INFO - Vehicles still running: 2165
2026-09-23 22:36:49,807 - TrafficSimulator - INFO - Vehicles waiting: 2274
2026-09-23 22:36:49,807 - TrafficSimulator - INFO - Vehicles arrived: 17561
2026-09-23 22:36:49,807 - TrafficSimulator - INFO - Completion rate: 79.8%
2026-09-23 22:36:49,807 - TrafficSimulator - INFO - Insertion rate: 89.7%
2026-09-23 22:36:49,807 - TrafficSimulator - INFO - Average duration: 577.5s
2026-09-23 22:36:49,807 - TrafficSimulator - INFO - Average waiting time: 380.9s
2026-09-23 22:36:49,807 - TrafficSimulator - INFO - Average time loss: 463.0s
2026-09-23 22:36:49,807 - TrafficSimulator - INFO - Throughput: 8660 veh/h
2026-09-23 22:36:49,807 - TrafficSimulator - INFO - Trip statistics count: 17561
2026-09-23 22:36:49,807 - TrafficSimulator - INFO - Traffic control method: rl
