run_name: fixed_s05   controller: rl   started: 2026-09-24T09:20:45Z
src: /a/home/cc/tree/taucc/architec/efratbl/sumo-traffic-generator/paper_rl_vs_tm/app/src/__init__.py
python: Python 3.10.2
sumo: Eclipse SUMO sumo 1.25.0
numpy 1.24.4 torch 2.1.2+cpu sb3 2.1.0
model md5: 8b8d9f494260a1a1f6a24b2c4ef25667
sumo seed: 5
plan: results/plans/rl_modal.csv  md5: 95cd745b8429b508a1616c6cdd75e604
2026-09-24 12:21:01,475 - StandardPipeline - INFO - Prepared output directory: /a/home/cc/architec/efratbl/sumo-traffic-generator/paper_rl_vs_tm/results/runs/fixed_s05/workspace
2026-09-24 12:21:01,475 - StandardPipeline - INFO - --- Step 1: Network Generation ---
Success.
2026-09-24 12:21:02,963 - StandardPipeline - INFO - --- Step 2: Zone Generation ---
2026-09-24 12:21:05,025 - StandardPipeline - INFO - --- Step 3: Integrated Edge Splitting with Lane Assignment ---
Post-processing: 108 edges processed, 108 converted to multi-head
2026-09-24 12:21:35,197 - StandardPipeline - INFO - --- Step 4: Network Rebuild ---
2026-09-24 12:21:36,878 - StandardPipeline - INFO - --- Step 5: Edge Attractiveness Assignment ---
2026-09-24 12:23:16,295 - StandardPipeline - INFO - --- Step 6: Vehicle Route Generation ---
2026-09-24 12:23:33,668 - StandardPipeline - INFO - --- Step 7: SUMO Configuration Generation ---
2026-09-24 12:23:33,676 - StandardPipeline - INFO - --- Step 8: Dynamic Simulation ---
2026-09-24 12:23:33,676 - src.orchestration.simulator - INFO - Using TraCI simulator for rl (dynamic control)
2026-09-24 12:23:40,146 - RLController - INFO - PAPER_RL_VS_TM: loaded timing plan /a/home/cc/architec/efratbl/sumo-traffic-generator/paper_rl_vs_tm/results/plans/rl_modal.csv (34 rows)
 Retrying in 1 seconds
2026-09-24 12:23:44,666 - RLController - INFO - Creating RL environment...
[DIM CHECK] network_path='None'
[DIM CHECK] Using existing workspace network: /a/home/cc/architec/efratbl/sumo-traffic-generator/paper_rl_vs_tm/results/runs/fixed_s05/workspace/grid.net.xml
2026-09-24 12:23:44,667 - TrafficControlEnv - INFO - Using existing workspace network: /a/home/cc/architec/efratbl/sumo-traffic-generator/paper_rl_vs_tm/results/runs/fixed_s05/workspace/grid.net.xml
2026-09-24 12:23:44,806 - TrafficControlEnv - INFO - Parsed network dimensions from: /a/home/cc/architec/efratbl/sumo-traffic-generator/paper_rl_vs_tm/results/runs/fixed_s05/workspace/grid.net.xml
2026-09-24 12:23:44,807 - TrafficControlEnv - INFO -   Edges: 468
2026-09-24 12:23:44,807 - TrafficControlEnv - INFO -   Junctions: 34
2026-09-24 12:23:44,808 - RLController - INFO - RL environment created successfully
2026-09-24 12:23:44,808 - RLController - INFO - Observation space: (2882,)
2026-09-24 12:23:44,808 - RLController - INFO - Action space: (136,)
/a/home/cc/tree/taucc/architec/efratbl/sumo-traffic-generator/paper_rl_vs_tm/app/src/rl/controller.py:259: UserWarning: Call to deprecated function getAllProgramLogics, use getCompleteRedYellowGreenDefinition instead.
  complete_def = traci.trafficlight.getCompleteRedYellowGreenDefinition(tl_id)[
2026-09-24 12:23:45,075 - RLController - INFO - DIAGNOSTIC Step 0 - Observation stats:
2026-09-24 12:23:45,075 - RLController - INFO -   Hash: 1342678403503933573, Min: 0.000000, Max: 1.000080, Mean: 0.246374, Std: 0.378330
2026-09-24 12:23:45,075 - RLController - INFO -   First 10: [1.  0.  0.  0.  0.  0.5 1.  0.  0.  0. ]
2026-09-24 12:23:45,075 - RLController - INFO -   Last 10: [0.      0.1875  0.      0.25    0.      0.      0.      1.00008 0.
 0.3    ]
2026-09-24 12:23:45,082 - RLController - INFO - DIAGNOSTIC - Raw model action output:
2026-09-24 12:23:45,082 - RLController - INFO -   Action hash: 8653260790626644091
2026-09-24 12:23:45,082 - RLController - INFO -   First 8 values: [ -4.2462254 -10.         -8.615134  -10.        -10.        -10.
  -9.517142   -9.423127 ]
2026-09-24 12:23:45,083 - RLController - INFO -   Last 8 values: [ -9.937325  -10.         -7.9518666 -10.         -8.441892   -1.202461
  -9.473316  -10.       ]
2026-09-24 12:23:45,083 - RLController - INFO -   Action shape: (136,), min: -10.000000, max: 2.648499, mean: -8.256987
2026-09-24 12:23:45,083 - RLController - INFO -   B0 junction (indices 16-19) raw values: [ -7.3623834  -6.7744145  -7.927693  -10.       ]
2026-09-24 12:23:45,083 - RLController - INFO - Using CONTINUOUS DURATION-BASED mode
2026-09-24 12:23:45,086 - RLController - INFO -   Example: junction A0 -> durations [51, 13, 13, 13] (total: 90s)
2026-09-24 12:23:45,086 - RLController - INFO -   Example: junction A1 -> durations [24, 22, 22, 22] (total: 90s)
2026-09-24 12:23:45,086 - RLController - INFO -   Example: junction A2 -> durations [12, 12, 54, 12] (total: 90s)
2026-09-24 12:23:45,086 - RLController - INFO -   Example: junction A4 -> durations [60, 10, 10, 10] (total: 90s)
2026-09-24 12:23:45,086 - RLController - INFO -   Example: junction A5 -> durations [24, 22, 22, 22] (total: 90s)
2026-09-24 12:23:45,086 - RLController - INFO -   Example: junction B0 -> durations [24, 22, 22, 22] (total: 90s)
2026-09-24 12:23:45,087 - RLController - INFO -   Example: junction B1 -> durations [24, 22, 22, 22] (total: 90s)
2026-09-24 12:23:45,087 - RLController - INFO -   Example: junction B2 -> durations [24, 22, 22, 22] (total: 90s)
2026-09-24 12:23:45,087 - RLController - INFO -   Example: junction B4 -> durations [24, 22, 22, 22] (total: 90s)
2026-09-24 12:23:45,087 - RLController - INFO -   Example: junction B5 -> durations [60, 10, 10, 10] (total: 90s)
2026-09-24 12:23:45,087 - RLController - INFO -   Example: junction C0 -> durations [22, 22, 24, 22] (total: 90s)
2026-09-24 12:23:45,087 - RLController - INFO -   Example: junction C1 -> durations [24, 22, 22, 22] (total: 90s)
2026-09-24 12:23:45,087 - RLController - INFO -   Example: junction C2 -> durations [57, 13, 10, 10] (total: 90s)
2026-09-24 12:23:45,087 - RLController - INFO -   Example: junction C3 -> durations [60, 10, 10, 10] (total: 90s)
2026-09-24 12:23:45,088 - RLController - INFO -   Example: junction C4 -> durations [57, 11, 11, 11] (total: 90s)
2026-09-24 12:23:45,088 - RLController - INFO -   Example: junction C5 -> durations [57, 11, 11, 11] (total: 90s)
2026-09-24 12:23:45,088 - RLController - INFO -   Example: junction D0 -> durations [24, 22, 22, 22] (total: 90s)
2026-09-24 12:23:45,088 - RLController - INFO -   Example: junction D1 -> durations [21, 21, 27, 21] (total: 90s)
2026-09-24 12:23:45,088 - RLController - INFO -   Example: junction D2 -> durations [45, 15, 15, 15] (total: 90s)
2026-09-24 12:23:45,088 - RLController - INFO -   Example: junction D3 -> durations [24, 22, 22, 22] (total: 90s)
2026-09-24 12:23:45,088 - RLController - INFO -   Example: junction D4 -> durations [24, 22, 22, 22] (total: 90s)
2026-09-24 12:23:45,088 - RLController - INFO -   Example: junction D5 -> durations [13, 13, 51, 13] (total: 90s)
2026-09-24 12:23:45,089 - RLController - INFO -   Example: junction E0 -> durations [24, 22, 22, 22] (total: 90s)
2026-09-24 12:23:45,089 - RLController - INFO -   Example: junction E1 -> durations [24, 22, 22, 22] (total: 90s)
2026-09-24 12:23:45,089 - RLController - INFO -   Stored schedules for 34 junctions, cycle starts at step 0
2026-09-24 12:23:45,726 - RLController - INFO - DIAGNOSTIC Step 90 - Observation stats:
2026-09-24 12:23:45,727 - RLController - INFO -   Hash: 1790864465606046450, Min: 0.000000, Max: 1.000582, Mean: 0.296894, Std: 0.404457
2026-09-24 12:23:45,728 - RLController - INFO -   First 10: [1.  0.  0.  0.  0.  0.5 1.  0.  0.  0. ]
2026-09-24 12:23:45,728 - RLController - INFO -   Last 10: [0.0000000e+00 2.0000000e-01 0.0000000e+00 8.3333336e-02 1.4529915e-01
 7.0947874e-04 1.0555555e-02 8.5383731e-01 0.0000000e+00 3.0000001e-01]
2026-09-24 12:23:45,731 - RLController - INFO - DIAGNOSTIC - Raw model action output:
2026-09-24 12:23:45,731 - RLController - INFO -   Action hash: -2845517497013587357
2026-09-24 12:23:45,732 - RLController - INFO -   First 8 values: [ -5.5485735 -10.        -10.        -10.        -10.        -10.
 -10.        -10.       ]
2026-09-24 12:23:45,732 - RLController - INFO -   Last 8 values: [-10.         -10.         -10.         -10.         -10.
   0.18623523 -10.         -10.        ]
2026-09-24 12:23:45,732 - RLController - INFO -   Action shape: (136,), min: -10.000000, max: 4.246940, mean: -8.866084
2026-09-24 12:23:45,732 - RLController - INFO -   B0 junction (indices 16-19) raw values: [ -8.617446  -8.920705 -10.       -10.      ]
2026-09-24 12:23:45,732 - RLController - INFO - Using CONTINUOUS DURATION-BASED mode
2026-09-24 12:23:45,733 - RLController - INFO -   Example: junction A0 -> durations [51, 13, 13, 13] (total: 90s)
2026-09-24 12:23:45,733 - RLController - INFO -   Example: junction A1 -> durations [24, 22, 22, 22] (total: 90s)
2026-09-24 12:23:45,733 - RLController - INFO -   Example: junction A2 -> durations [12, 12, 54, 12] (total: 90s)
2026-09-24 12:23:45,733 - RLController - INFO -   Example: junction A4 -> durations [60, 10, 10, 10] (total: 90s)
2026-09-24 12:23:45,733 - RLController - INFO -   Example: junction A5 -> durations [24, 22, 22, 22] (total: 90s)
2026-09-24 12:23:45,733 - RLController - INFO -   Example: junction B0 -> durations [24, 22, 22, 22] (total: 90s)
2026-09-24 12:23:45,733 - RLController - INFO -   Example: junction B1 -> durations [24, 22, 22, 22] (total: 90s)
2026-09-24 12:23:45,733 - RLController - INFO -   Example: junction B2 -> durations [24, 22, 22, 22] (total: 90s)
2026-09-24 12:23:45,734 - RLController - INFO -   Example: junction B4 -> durations [24, 22, 22, 22] (total: 90s)
2026-09-24 12:23:45,734 - RLController - INFO -   Example: junction B5 -> durations [60, 10, 10, 10] (total: 90s)
2026-09-24 12:23:45,734 - RLController - INFO -   Example: junction C0 -> durations [22, 22, 24, 22] (total: 90s)
2026-09-24 12:23:45,734 - RLController - INFO -   Example: junction C1 -> durations [24, 22, 22, 22] (total: 90s)
2026-09-24 12:23:45,734 - RLController - INFO -   Example: junction C2 -> durations [57, 13, 10, 10] (total: 90s)
2026-09-24 12:23:45,734 - RLController - INFO -   Example: junction C3 -> durations [60, 10, 10, 10] (total: 90s)
2026-09-24 12:23:45,734 - RLController - INFO -   Example: junction C4 -> durations [57, 11, 11, 11] (total: 90s)
2026-09-24 12:23:45,734 - RLController - INFO -   Example: junction C5 -> durations [57, 11, 11, 11] (total: 90s)
2026-09-24 12:23:45,735 - RLController - INFO -   Example: junction D0 -> durations [24, 22, 22, 22] (total: 90s)
2026-09-24 12:23:45,735 - RLController - INFO -   Example: junction D1 -> durations [21, 21, 27, 21] (total: 90s)
2026-09-24 12:23:45,735 - RLController - INFO -   Example: junction D2 -> durations [45, 15, 15, 15] (total: 90s)
2026-09-24 12:23:45,735 - RLController - INFO -   Example: junction D3 -> durations [24, 22, 22, 22] (total: 90s)
2026-09-24 12:23:45,735 - RLController - INFO -   Example: junction D4 -> durations [24, 22, 22, 22] (total: 90s)
2026-09-24 12:23:45,735 - RLController - INFO -   Example: junction D5 -> durations [13, 13, 51, 13] (total: 90s)
2026-09-24 12:23:45,735 - RLController - INFO -   Example: junction E0 -> durations [24, 22, 22, 22] (total: 90s)
2026-09-24 12:23:45,735 - RLController - INFO -   Example: junction E1 -> durations [24, 22, 22, 22] (total: 90s)
2026-09-24 12:23:45,736 - RLController - INFO -   Stored schedules for 34 junctions, cycle starts at step 90
2026-09-24 12:23:46,656 - RLController - INFO - DIAGNOSTIC Step 180 - Observation stats:
2026-09-24 12:23:46,656 - RLController - INFO -   Hash: 6382024168485087832, Min: 0.000000, Max: 1.000167, Mean: 0.323677, Std: 0.417500
2026-09-24 12:23:46,657 - RLController - INFO -   First 10: [1.  0.  0.  0.  0.  0.5 1.  0.  0.  0. ]
2026-09-24 12:23:46,657 - RLController - INFO -   Last 10: [0.         0.2        0.         0.08333334 0.21367522 0.00115888
 0.01867521 0.78688484 0.         0.3       ]
2026-09-24 12:23:46,668 - RLController - INFO - DIAGNOSTIC - Raw model action output:
2026-09-24 12:23:46,668 - RLController - INFO -   Action hash: -3685471448863672126
2026-09-24 12:23:46,668 - RLController - INFO -   First 8 values: [ -5.855679 -10.       -10.       -10.       -10.       -10.
 -10.       -10.      ]
2026-09-24 12:23:46,669 - RLController - INFO -   Last 8 values: [-10.         -10.         -10.         -10.         -10.
   0.01333479 -10.         -10.        ]
2026-09-24 12:23:46,669 - RLController - INFO -   Action shape: (136,), min: -10.000000, max: 5.031314, mean: -9.073508
2026-09-24 12:23:46,670 - RLController - INFO -   B0 junction (indices 16-19) raw values: [ -9.057532 -10.       -10.       -10.      ]
2026-09-24 12:23:46,670 - RLController - INFO - Using CONTINUOUS DURATION-BASED mode
2026-09-24 12:23:46,670 - RLController - INFO -   Example: junction A0 -> durations [51, 13, 13, 13] (total: 90s)
2026-09-24 12:23:46,670 - RLController - INFO -   Example: junction A1 -> durations [24, 22, 22, 22] (total: 90s)
2026-09-24 12:23:46,670 - RLController - INFO -   Example: junction A2 -> durations [12, 12, 54, 12] (total: 90s)
2026-09-24 12:23:46,671 - RLController - INFO -   Example: junction A4 -> durations [60, 10, 10, 10] (total: 90s)
2026-09-24 12:23:46,671 - RLController - INFO -   Example: junction A5 -> durations [24, 22, 22, 22] (total: 90s)
2026-09-24 12:23:46,671 - RLController - INFO -   Example: junction B0 -> durations [24, 22, 22, 22] (total: 90s)
2026-09-24 12:23:46,671 - RLController - INFO -   Example: junction B1 -> durations [24, 22, 22, 22] (total: 90s)
2026-09-24 12:23:46,672 - RLController - INFO -   Example: junction B2 -> durations [24, 22, 22, 22] (total: 90s)
2026-09-24 12:23:46,672 - RLController - INFO -   Example: junction B4 -> durations [24, 22, 22, 22] (total: 90s)
2026-09-24 12:23:46,672 - RLController - INFO -   Example: junction B5 -> durations [60, 10, 10, 10] (total: 90s)
2026-09-24 12:23:46,672 - RLController - INFO -   Example: junction C0 -> durations [22, 22, 24, 22] (total: 90s)
2026-09-24 12:23:46,673 - RLController - INFO -   Example: junction C1 -> durations [24, 22, 22, 22] (total: 90s)
2026-09-24 12:23:46,673 - RLController - INFO -   Example: junction C2 -> durations [57, 13, 10, 10] (total: 90s)
2026-09-24 12:23:46,673 - RLController - INFO -   Example: junction C3 -> durations [60, 10, 10, 10] (total: 90s)
2026-09-24 12:23:46,673 - RLController - INFO -   Example: junction C4 -> durations [57, 11, 11, 11] (total: 90s)
2026-09-24 12:23:46,673 - RLController - INFO -   Example: junction C5 -> durations [57, 11, 11, 11] (total: 90s)
2026-09-24 12:23:46,674 - RLController - INFO -   Example: junction D0 -> durations [24, 22, 22, 22] (total: 90s)
2026-09-24 12:23:46,674 - RLController - INFO -   Example: junction D1 -> durations [21, 21, 27, 21] (total: 90s)
2026-09-24 12:23:46,674 - RLController - INFO -   Example: junction D2 -> durations [45, 15, 15, 15] (total: 90s)
2026-09-24 12:23:46,674 - RLController - INFO -   Example: junction D3 -> durations [24, 22, 22, 22] (total: 90s)
2026-09-24 12:23:46,674 - RLController - INFO -   Example: junction D4 -> durations [24, 22, 22, 22] (total: 90s)
2026-09-24 12:23:46,675 - RLController - INFO -   Example: junction D5 -> durations [13, 13, 51, 13] (total: 90s)
2026-09-24 12:23:46,675 - RLController - INFO -   Example: junction E0 -> durations [24, 22, 22, 22] (total: 90s)
2026-09-24 12:23:46,675 - RLController - INFO -   Example: junction E1 -> durations [24, 22, 22, 22] (total: 90s)
2026-09-24 12:23:46,676 - RLController - INFO -   Stored schedules for 34 junctions, cycle starts at step 180
2026-09-24 12:23:47,932 - RLController - INFO - DIAGNOSTIC Step 270 - Observation stats:
2026-09-24 12:23:47,933 - RLController - INFO -   Hash: -8512243531203925855, Min: 0.000000, Max: 1.000000, Mean: 0.343176, Std: 0.425344
2026-09-24 12:23:47,934 - RLController - INFO -   First 10: [1.  0.  0.  0.  0.  0.5 1.  0.  0.  0. ]
2026-09-24 12:23:47,934 - RLController - INFO -   Last 10: [0.         0.2        0.         0.08333334 0.2542735  0.00113879
 0.02555555 0.74450564 0.         0.3       ]
2026-09-24 12:23:47,938 - RLController - INFO - DIAGNOSTIC - Raw model action output:
2026-09-24 12:23:47,938 - RLController - INFO -   Action hash: 1360865667202506983
2026-09-24 12:23:47,938 - RLController - INFO -   First 8 values: [ -6.3263445 -10.        -10.        -10.        -10.        -10.
 -10.        -10.       ]
2026-09-24 12:23:47,938 - RLController - INFO -   Last 8 values: [-10.         -10.         -10.         -10.         -10.
   0.76538116 -10.         -10.        ]
2026-09-24 12:23:47,938 - RLController - INFO -   Action shape: (136,), min: -10.000000, max: 5.408681, mean: -9.156034
2026-09-24 12:23:47,939 - RLController - INFO -   B0 junction (indices 16-19) raw values: [ -9.3158045 -10.        -10.        -10.       ]
2026-09-24 12:23:47,939 - RLController - INFO - Using CONTINUOUS DURATION-BASED mode
2026-09-24 12:23:47,939 - RLController - INFO -   Example: junction A0 -> durations [51, 13, 13, 13] (total: 90s)
2026-09-24 12:23:47,939 - RLController - INFO -   Example: junction A1 -> durations [24, 22, 22, 22] (total: 90s)
2026-09-24 12:23:47,939 - RLController - INFO -   Example: junction A2 -> durations [12, 12, 54, 12] (total: 90s)
2026-09-24 12:23:47,939 - RLController - INFO -   Example: junction A4 -> durations [60, 10, 10, 10] (total: 90s)
2026-09-24 12:23:47,939 - RLController - INFO -   Example: junction A5 -> durations [24, 22, 22, 22] (total: 90s)
2026-09-24 12:23:47,940 - RLController - INFO -   Example: junction B0 -> durations [24, 22, 22, 22] (total: 90s)
2026-09-24 12:23:47,940 - RLController - INFO -   Example: junction B1 -> durations [24, 22, 22, 22] (total: 90s)
2026-09-24 12:23:47,940 - RLController - INFO -   Example: junction B2 -> durations [24, 22, 22, 22] (total: 90s)
2026-09-24 12:23:47,940 - RLController - INFO -   Example: junction B4 -> durations [24, 22, 22, 22] (total: 90s)
2026-09-24 12:23:47,940 - RLController - INFO -   Example: junction B5 -> durations [60, 10, 10, 10] (total: 90s)
2026-09-24 12:23:47,940 - RLController - INFO -   Example: junction C0 -> durations [22, 22, 24, 22] (total: 90s)
2026-09-24 12:23:47,940 - RLController - INFO -   Example: junction C1 -> durations [24, 22, 22, 22] (total: 90s)
2026-09-24 12:23:47,941 - RLController - INFO -   Example: junction C2 -> durations [57, 13, 10, 10] (total: 90s)
2026-09-24 12:23:47,941 - RLController - INFO -   Example: junction C3 -> durations [60, 10, 10, 10] (total: 90s)
2026-09-24 12:23:47,941 - RLController - INFO -   Example: junction C4 -> durations [57, 11, 11, 11] (total: 90s)
2026-09-24 12:23:47,941 - RLController - INFO -   Example: junction C5 -> durations [57, 11, 11, 11] (total: 90s)
2026-09-24 12:23:47,941 - RLController - INFO -   Example: junction D0 -> durations [24, 22, 22, 22] (total: 90s)
2026-09-24 12:23:47,941 - RLController - INFO -   Example: junction D1 -> durations [21, 21, 27, 21] (total: 90s)
2026-09-24 12:23:47,942 - RLController - INFO -   Example: junction D2 -> durations [45, 15, 15, 15] (total: 90s)
2026-09-24 12:23:47,942 - RLController - INFO -   Example: junction D3 -> durations [24, 22, 22, 22] (total: 90s)
2026-09-24 12:23:47,942 - RLController - INFO -   Example: junction D4 -> durations [24, 22, 22, 22] (total: 90s)
2026-09-24 12:23:47,942 - RLController - INFO -   Example: junction D5 -> durations [13, 13, 51, 13] (total: 90s)
2026-09-24 12:23:47,942 - RLController - INFO -   Example: junction E0 -> durations [24, 22, 22, 22] (total: 90s)
2026-09-24 12:23:47,942 - RLController - INFO -   Example: junction E1 -> durations [24, 22, 22, 22] (total: 90s)
2026-09-24 12:23:47,943 - RLController - INFO -   Stored schedules for 34 junctions, cycle starts at step 270
2026-09-24 12:23:49,289 - RLController - INFO - DIAGNOSTIC Step 360 - Observation stats:
2026-09-24 12:23:49,289 - RLController - INFO -   Hash: 5307777994621584331, Min: 0.000000, Max: 1.000000, Mean: 0.352309, Std: 0.431855
2026-09-24 12:23:49,289 - RLController - INFO -   First 10: [1.  0.  0.  0.  0.  0.5 1.  0.  0.  0. ]
2026-09-24 12:23:49,290 - RLController - INFO -   Last 10: [0.         0.2        0.         0.08333334 0.26923078 0.00111425
 0.02910256 0.7277151  0.         0.3       ]
2026-09-24 12:23:49,294 - RLController - INFO - DIAGNOSTIC - Raw model action output:
2026-09-24 12:23:49,295 - RLController - INFO -   Action hash: -3521763793250235919
2026-09-24 12:23:49,295 - RLController - INFO -   First 8 values: [ -6.469552 -10.       -10.       -10.       -10.       -10.
 -10.       -10.      ]
2026-09-24 12:23:49,295 - RLController - INFO -   Last 8 values: [-10.        -10.        -10.        -10.        -10.          1.4674337
 -10.        -10.       ]
2026-09-24 12:23:49,295 - RLController - INFO -   Action shape: (136,), min: -10.000000, max: 5.776052, mean: -9.208153
2026-09-24 12:23:49,296 - RLController - INFO -   B0 junction (indices 16-19) raw values: [ -9.440449 -10.       -10.       -10.      ]
2026-09-24 12:23:49,296 - RLController - INFO - Using CONTINUOUS DURATION-BASED mode
2026-09-24 12:23:49,296 - RLController - INFO -   Example: junction A0 -> durations [51, 13, 13, 13] (total: 90s)
2026-09-24 12:23:49,296 - RLController - INFO -   Example: junction A1 -> durations [24, 22, 22, 22] (total: 90s)
2026-09-24 12:23:49,296 - RLController - INFO -   Example: junction A2 -> durations [12, 12, 54, 12] (total: 90s)
2026-09-24 12:23:49,296 - RLController - INFO -   Example: junction A4 -> durations [60, 10, 10, 10] (total: 90s)
2026-09-24 12:23:49,296 - RLController - INFO -   Example: junction A5 -> durations [24, 22, 22, 22] (total: 90s)
2026-09-24 12:23:49,297 - RLController - INFO -   Example: junction B0 -> durations [24, 22, 22, 22] (total: 90s)
2026-09-24 12:23:49,297 - RLController - INFO -   Example: junction B1 -> durations [24, 22, 22, 22] (total: 90s)
2026-09-24 12:23:49,297 - RLController - INFO -   Example: junction B2 -> durations [24, 22, 22, 22] (total: 90s)
2026-09-24 12:23:49,297 - RLController - INFO -   Example: junction B4 -> durations [24, 22, 22, 22] (total: 90s)
2026-09-24 12:23:49,297 - RLController - INFO -   Example: junction B5 -> durations [60, 10, 10, 10] (total: 90s)
2026-09-24 12:23:49,297 - RLController - INFO -   Example: junction C0 -> durations [22, 22, 24, 22] (total: 90s)
2026-09-24 12:23:49,297 - RLController - INFO -   Example: junction C1 -> durations [24, 22, 22, 22] (total: 90s)
2026-09-24 12:23:49,297 - RLController - INFO -   Example: junction C2 -> durations [57, 13, 10, 10] (total: 90s)
2026-09-24 12:23:49,298 - RLController - INFO -   Example: junction C3 -> durations [60, 10, 10, 10] (total: 90s)
2026-09-24 12:23:49,298 - RLController - INFO -   Example: junction C4 -> durations [57, 11, 11, 11] (total: 90s)
2026-09-24 12:23:49,298 - RLController - INFO -   Example: junction C5 -> durations [57, 11, 11, 11] (total: 90s)
2026-09-24 12:23:49,298 - RLController - INFO -   Example: junction D0 -> durations [24, 22, 22, 22] (total: 90s)
2026-09-24 12:23:49,298 - RLController - INFO -   Example: junction D1 -> durations [21, 21, 27, 21] (total: 90s)
2026-09-24 12:23:49,298 - RLController - INFO -   Example: junction D2 -> durations [45, 15, 15, 15] (total: 90s)
2026-09-24 12:23:49,299 - RLController - INFO -   Example: junction D3 -> durations [24, 22, 22, 22] (total: 90s)
2026-09-24 12:23:49,299 - RLController - INFO -   Example: junction D4 -> durations [24, 22, 22, 22] (total: 90s)
2026-09-24 12:23:49,299 - RLController - INFO -   Example: junction D5 -> durations [13, 13, 51, 13] (total: 90s)
2026-09-24 12:23:49,299 - RLController - INFO -   Example: junction E0 -> durations [24, 22, 22, 22] (total: 90s)
2026-09-24 12:23:49,299 - RLController - INFO -   Example: junction E1 -> durations [24, 22, 22, 22] (total: 90s)
2026-09-24 12:23:49,300 - RLController - INFO -   Stored schedules for 34 junctions, cycle starts at step 360
2026-09-24 12:23:50,659 - RLController - INFO - DIAGNOSTIC Step 450 - Observation stats:
2026-09-24 12:23:50,659 - RLController - INFO -   Hash: 7847819926286387659, Min: 0.000000, Max: 1.000000, Mean: 0.357898, Std: 0.431643
2026-09-24 12:23:50,660 - RLController - INFO -   First 10: [1.  0.  0.  0.  0.  0.5 1.  0.  0.  0. ]
2026-09-24 12:23:50,660 - RLController - INFO -   Last 10: [0.         0.2        0.         0.08333334 0.2863248  0.00158493
 0.03149573 0.7143993  0.         0.3       ]
2026-09-24 12:23:50,677 - RLController - INFO - DIAGNOSTIC - Raw model action output:
2026-09-24 12:23:50,677 - RLController - INFO -   Action hash: -9066474222560855330
2026-09-24 12:23:50,678 - RLController - INFO -   First 8 values: [ -6.7655644 -10.        -10.        -10.        -10.        -10.
 -10.        -10.       ]
2026-09-24 12:23:50,678 - RLController - INFO -   Last 8 values: [-10.        -10.        -10.        -10.        -10.          1.1995356
 -10.        -10.       ]
2026-09-24 12:23:50,678 - RLController - INFO -   Action shape: (136,), min: -10.000000, max: 5.434487, mean: -9.199357
2026-09-24 12:23:50,678 - RLController - INFO -   B0 junction (indices 16-19) raw values: [ -9.566503 -10.       -10.       -10.      ]
2026-09-24 12:23:50,678 - RLController - INFO - Using CONTINUOUS DURATION-BASED mode
2026-09-24 12:23:50,679 - RLController - INFO -   Example: junction A0 -> durations [51, 13, 13, 13] (total: 90s)
2026-09-24 12:23:50,679 - RLController - INFO -   Example: junction A1 -> durations [24, 22, 22, 22] (total: 90s)
2026-09-24 12:23:50,679 - RLController - INFO -   Example: junction A2 -> durations [12, 12, 54, 12] (total: 90s)
2026-09-24 12:23:50,679 - RLController - INFO -   Example: junction A4 -> durations [60, 10, 10, 10] (total: 90s)
2026-09-24 12:23:50,679 - RLController - INFO -   Example: junction A5 -> durations [24, 22, 22, 22] (total: 90s)
2026-09-24 12:23:50,679 - RLController - INFO -   Example: junction B0 -> durations [24, 22, 22, 22] (total: 90s)
2026-09-24 12:23:50,679 - RLController - INFO -   Example: junction B1 -> durations [24, 22, 22, 22] (total: 90s)
2026-09-24 12:23:50,680 - RLController - INFO -   Example: junction B2 -> durations [24, 22, 22, 22] (total: 90s)
2026-09-24 12:23:50,680 - RLController - INFO -   Example: junction B4 -> durations [24, 22, 22, 22] (total: 90s)
2026-09-24 12:23:50,680 - RLController - INFO -   Example: junction B5 -> durations [60, 10, 10, 10] (total: 90s)
2026-09-24 12:23:50,680 - RLController - INFO -   Example: junction C0 -> durations [22, 22, 24, 22] (total: 90s)
2026-09-24 12:23:50,680 - RLController - INFO -   Example: junction C1 -> durations [24, 22, 22, 22] (total: 90s)
2026-09-24 12:23:50,680 - RLController - INFO -   Example: junction C2 -> durations [57, 13, 10, 10] (total: 90s)
2026-09-24 12:23:50,680 - RLController - INFO -   Example: junction C3 -> durations [60, 10, 10, 10] (total: 90s)
2026-09-24 12:23:50,680 - RLController - INFO -   Example: junction C4 -> durations [57, 11, 11, 11] (total: 90s)
2026-09-24 12:23:50,681 - RLController - INFO -   Example: junction C5 -> durations [57, 11, 11, 11] (total: 90s)
2026-09-24 12:23:50,681 - RLController - INFO -   Example: junction D0 -> durations [24, 22, 22, 22] (total: 90s)
2026-09-24 12:23:50,681 - RLController - INFO -   Example: junction D1 -> durations [21, 21, 27, 21] (total: 90s)
2026-09-24 12:23:50,681 - RLController - INFO -   Example: junction D2 -> durations [45, 15, 15, 15] (total: 90s)
2026-09-24 12:23:50,681 - RLController - INFO -   Example: junction D3 -> durations [24, 22, 22, 22] (total: 90s)
2026-09-24 12:23:50,681 - RLController - INFO -   Example: junction D4 -> durations [24, 22, 22, 22] (total: 90s)
2026-09-24 12:23:50,681 - RLController - INFO -   Example: junction D5 -> durations [13, 13, 51, 13] (total: 90s)
2026-09-24 12:23:50,682 - RLController - INFO -   Example: junction E0 -> durations [24, 22, 22, 22] (total: 90s)
2026-09-24 12:23:50,682 - RLController - INFO -   Example: junction E1 -> durations [24, 22, 22, 22] (total: 90s)
2026-09-24 12:23:50,682 - RLController - INFO -   Stored schedules for 34 junctions, cycle starts at step 450
2026-09-24 12:23:51,846 - RLController - INFO - DIAGNOSTIC Step 540 - Observation stats:
2026-09-24 12:23:51,847 - RLController - INFO -   Hash: 8128130040661120489, Min: 0.000000, Max: 1.000356, Mean: 0.365918, Std: 0.434552
2026-09-24 12:23:51,847 - RLController - INFO -   First 10: [1.  0.  0.  0.  0.  0.5 1.  0.  0.  0. ]
2026-09-24 12:23:51,847 - RLController - INFO -   Last 10: [0.         0.2        0.         0.08333334 0.32478634 0.00244461
 0.03423077 0.69119    0.         0.3       ]
2026-09-24 12:23:51,851 - RLController - INFO - DIAGNOSTIC - Raw model action output:
2026-09-24 12:23:51,851 - RLController - INFO -   Action hash: 6619636498682431652
2026-09-24 12:23:51,851 - RLController - INFO -   First 8 values: [ -6.76769 -10.      -10.      -10.      -10.      -10.      -10.
 -10.     ]
2026-09-24 12:23:51,851 - RLController - INFO -   Last 8 values: [-10.         -10.         -10.         -10.         -10.
   0.60404474 -10.         -10.        ]
2026-09-24 12:23:51,851 - RLController - INFO -   Action shape: (136,), min: -10.000000, max: 5.501041, mean: -9.198112
2026-09-24 12:23:51,852 - RLController - INFO -   B0 junction (indices 16-19) raw values: [ -9.348978 -10.       -10.       -10.      ]
2026-09-24 12:23:51,852 - RLController - INFO - Using CONTINUOUS DURATION-BASED mode
2026-09-24 12:23:51,852 - RLController - INFO -   Example: junction A0 -> durations [51, 13, 13, 13] (total: 90s)
2026-09-24 12:23:51,852 - RLController - INFO -   Example: junction A1 -> durations [24, 22, 22, 22] (total: 90s)
2026-09-24 12:23:51,852 - RLController - INFO -   Example: junction A2 -> durations [12, 12, 54, 12] (total: 90s)
2026-09-24 12:23:51,852 - RLController - INFO -   Example: junction A4 -> durations [60, 10, 10, 10] (total: 90s)
2026-09-24 12:23:51,852 - RLController - INFO -   Example: junction A5 -> durations [24, 22, 22, 22] (total: 90s)
2026-09-24 12:23:51,852 - RLController - INFO -   Example: junction B0 -> durations [24, 22, 22, 22] (total: 90s)
2026-09-24 12:23:51,853 - RLController - INFO -   Example: junction B1 -> durations [24, 22, 22, 22] (total: 90s)
2026-09-24 12:23:51,853 - RLController - INFO -   Example: junction B2 -> durations [24, 22, 22, 22] (total: 90s)
2026-09-24 12:23:51,853 - RLController - INFO -   Example: junction B4 -> durations [24, 22, 22, 22] (total: 90s)
2026-09-24 12:23:51,853 - RLController - INFO -   Example: junction B5 -> durations [60, 10, 10, 10] (total: 90s)
2026-09-24 12:23:51,853 - RLController - INFO -   Example: junction C0 -> durations [22, 22, 24, 22] (total: 90s)
2026-09-24 12:23:51,853 - RLController - INFO -   Example: junction C1 -> durations [24, 22, 22, 22] (total: 90s)
2026-09-24 12:23:51,853 - RLController - INFO -   Example: junction C2 -> durations [57, 13, 10, 10] (total: 90s)
2026-09-24 12:23:51,853 - RLController - INFO -   Example: junction C3 -> durations [60, 10, 10, 10] (total: 90s)
2026-09-24 12:23:51,853 - RLController - INFO -   Example: junction C4 -> durations [57, 11, 11, 11] (total: 90s)
2026-09-24 12:23:51,854 - RLController - INFO -   Example: junction C5 -> durations [57, 11, 11, 11] (total: 90s)
2026-09-24 12:23:51,854 - RLController - INFO -   Example: junction D0 -> durations [24, 22, 22, 22] (total: 90s)
2026-09-24 12:23:51,854 - RLController - INFO -   Example: junction D1 -> durations [21, 21, 27, 21] (total: 90s)
2026-09-24 12:23:51,854 - RLController - INFO -   Example: junction D2 -> durations [45, 15, 15, 15] (total: 90s)
2026-09-24 12:23:51,854 - RLController - INFO -   Example: junction D3 -> durations [24, 22, 22, 22] (total: 90s)
2026-09-24 12:23:51,854 - RLController - INFO -   Example: junction D4 -> durations [24, 22, 22, 22] (total: 90s)
2026-09-24 12:23:51,854 - RLController - INFO -   Example: junction D5 -> durations [13, 13, 51, 13] (total: 90s)
2026-09-24 12:23:51,854 - RLController - INFO -   Example: junction E0 -> durations [24, 22, 22, 22] (total: 90s)
2026-09-24 12:23:51,854 - RLController - INFO -   Example: junction E1 -> durations [24, 22, 22, 22] (total: 90s)
2026-09-24 12:23:51,855 - RLController - INFO -   Stored schedules for 34 junctions, cycle starts at step 540
2026-09-24 12:23:53,124 - RLController - INFO - DIAGNOSTIC Step 630 - Observation stats:
2026-09-24 12:23:53,125 - RLController - INFO -   Hash: 9072320069025819995, Min: 0.000000, Max: 1.000000, Mean: 0.367527, Std: 0.435863
2026-09-24 12:23:53,125 - RLController - INFO -   First 10: [1.  0.  0.  0.  0.  0.5 1.  0.  0.  0. ]
2026-09-24 12:23:53,126 - RLController - INFO -   Last 10: [0.         0.2        0.         0.08333334 0.30555555 0.00180311
 0.03709402 0.6964168  0.         0.3       ]
2026-09-24 12:23:53,131 - RLController - INFO - DIAGNOSTIC - Raw model action output:
2026-09-24 12:23:53,131 - RLController - INFO -   Action hash: 8582767428870357028
2026-09-24 12:23:53,131 - RLController - INFO -   First 8 values: [ -7.0293508 -10.        -10.        -10.        -10.        -10.
 -10.        -10.       ]
2026-09-24 12:23:53,131 - RLController - INFO -   Last 8 values: [-10.        -10.        -10.        -10.        -10.          0.6617268
 -10.        -10.       ]
2026-09-24 12:23:53,132 - RLController - INFO -   Action shape: (136,), min: -10.000000, max: 5.185929, mean: -9.234878
2026-09-24 12:23:53,132 - RLController - INFO -   B0 junction (indices 16-19) raw values: [ -9.848788 -10.       -10.       -10.      ]
2026-09-24 12:23:53,132 - RLController - INFO - Using CONTINUOUS DURATION-BASED mode
2026-09-24 12:23:53,132 - RLController - INFO -   Example: junction A0 -> durations [51, 13, 13, 13] (total: 90s)
2026-09-24 12:23:53,132 - RLController - INFO -   Example: junction A1 -> durations [24, 22, 22, 22] (total: 90s)
2026-09-24 12:23:53,132 - RLController - INFO -   Example: junction A2 -> durations [12, 12, 54, 12] (total: 90s)
2026-09-24 12:23:53,133 - RLController - INFO -   Example: junction A4 -> durations [60, 10, 10, 10] (total: 90s)
2026-09-24 12:23:53,133 - RLController - INFO -   Example: junction A5 -> durations [24, 22, 22, 22] (total: 90s)
2026-09-24 12:23:53,133 - RLController - INFO -   Example: junction B0 -> durations [24, 22, 22, 22] (total: 90s)
2026-09-24 12:23:53,133 - RLController - INFO -   Example: junction B1 -> durations [24, 22, 22, 22] (total: 90s)
2026-09-24 12:23:53,133 - RLController - INFO -   Example: junction B2 -> durations [24, 22, 22, 22] (total: 90s)
2026-09-24 12:23:53,133 - RLController - INFO -   Example: junction B4 -> durations [24, 22, 22, 22] (total: 90s)
2026-09-24 12:23:53,133 - RLController - INFO -   Example: junction B5 -> durations [60, 10, 10, 10] (total: 90s)
2026-09-24 12:23:53,133 - RLController - INFO -   Example: junction C0 -> durations [22, 22, 24, 22] (total: 90s)
2026-09-24 12:23:53,134 - RLController - INFO -   Example: junction C1 -> durations [24, 22, 22, 22] (total: 90s)
2026-09-24 12:23:53,134 - RLController - INFO -   Example: junction C2 -> durations [57, 13, 10, 10] (total: 90s)
2026-09-24 12:23:53,134 - RLController - INFO -   Example: junction C3 -> durations [60, 10, 10, 10] (total: 90s)
2026-09-24 12:23:53,134 - RLController - INFO -   Example: junction C4 -> durations [57, 11, 11, 11] (total: 90s)
2026-09-24 12:23:53,134 - RLController - INFO -   Example: junction C5 -> durations [57, 11, 11, 11] (total: 90s)
2026-09-24 12:23:53,134 - RLController - INFO -   Example: junction D0 -> durations [24, 22, 22, 22] (total: 90s)
2026-09-24 12:23:53,134 - RLController - INFO -   Example: junction D1 -> durations [21, 21, 27, 21] (total: 90s)
2026-09-24 12:23:53,134 - RLController - INFO -   Example: junction D2 -> durations [45, 15, 15, 15] (total: 90s)
2026-09-24 12:23:53,135 - RLController - INFO -   Example: junction D3 -> durations [24, 22, 22, 22] (total: 90s)
2026-09-24 12:23:53,135 - RLController - INFO -   Example: junction D4 -> durations [24, 22, 22, 22] (total: 90s)
2026-09-24 12:23:53,135 - RLController - INFO -   Example: junction D5 -> durations [13, 13, 51, 13] (total: 90s)
2026-09-24 12:23:53,135 - RLController - INFO -   Example: junction E0 -> durations [24, 22, 22, 22] (total: 90s)
2026-09-24 12:23:53,135 - RLController - INFO -   Example: junction E1 -> durations [24, 22, 22, 22] (total: 90s)
2026-09-24 12:23:53,136 - RLController - INFO -   Stored schedules for 34 junctions, cycle starts at step 630
2026-09-24 12:23:54,397 - RLController - INFO - DIAGNOSTIC Step 720 - Observation stats:
2026-09-24 12:23:54,397 - RLController - INFO -   Hash: -8836042293983414553, Min: 0.000000, Max: 1.000000, Mean: 0.361470, Std: 0.433369
2026-09-24 12:23:54,397 - RLController - INFO -   First 10: [1.  0.  0.  0.  0.  0.5 1.  0.  0.  0. ]
2026-09-24 12:23:54,398 - RLController - INFO -   Last 10: [0.         0.2        0.         0.08333334 0.2905983  0.00158922
 0.03876068 0.7058013  0.         0.3       ]
2026-09-24 12:23:54,402 - RLController - INFO - DIAGNOSTIC - Raw model action output:
2026-09-24 12:23:54,402 - RLController - INFO -   Action hash: 1580241702788062336
2026-09-24 12:23:54,402 - RLController - INFO -   First 8 values: [ -6.5459294 -10.        -10.        -10.        -10.        -10.
 -10.        -10.       ]
2026-09-24 12:23:54,402 - RLController - INFO -   Last 8 values: [-10.        -10.        -10.        -10.        -10.          0.2212966
 -10.        -10.       ]
2026-09-24 12:23:54,403 - RLController - INFO -   Action shape: (136,), min: -10.000000, max: 5.546569, mean: -9.172010
2026-09-24 12:23:54,403 - RLController - INFO -   B0 junction (indices 16-19) raw values: [ -9.384204 -10.       -10.       -10.      ]
2026-09-24 12:23:54,403 - RLController - INFO - Using CONTINUOUS DURATION-BASED mode
2026-09-24 12:23:54,403 - RLController - INFO -   Example: junction A0 -> durations [51, 13, 13, 13] (total: 90s)
2026-09-24 12:23:54,403 - RLController - INFO -   Example: junction A1 -> durations [24, 22, 22, 22] (total: 90s)
2026-09-24 12:23:54,403 - RLController - INFO -   Example: junction A2 -> durations [12, 12, 54, 12] (total: 90s)
2026-09-24 12:23:54,403 - RLController - INFO -   Example: junction A4 -> durations [60, 10, 10, 10] (total: 90s)
2026-09-24 12:23:54,403 - RLController - INFO -   Example: junction A5 -> durations [24, 22, 22, 22] (total: 90s)
2026-09-24 12:23:54,404 - RLController - INFO -   Example: junction B0 -> durations [24, 22, 22, 22] (total: 90s)
2026-09-24 12:23:54,404 - RLController - INFO -   Example: junction B1 -> durations [24, 22, 22, 22] (total: 90s)
2026-09-24 12:23:54,404 - RLController - INFO -   Example: junction B2 -> durations [24, 22, 22, 22] (total: 90s)
2026-09-24 12:23:54,404 - RLController - INFO -   Example: junction B4 -> durations [24, 22, 22, 22] (total: 90s)
2026-09-24 12:23:54,404 - RLController - INFO -   Example: junction B5 -> durations [60, 10, 10, 10] (total: 90s)
2026-09-24 12:23:54,404 - RLController - INFO -   Example: junction C0 -> durations [22, 22, 24, 22] (total: 90s)
2026-09-24 12:23:54,404 - RLController - INFO -   Example: junction C1 -> durations [24, 22, 22, 22] (total: 90s)
2026-09-24 12:23:54,404 - RLController - INFO -   Example: junction C2 -> durations [57, 13, 10, 10] (total: 90s)
2026-09-24 12:23:54,404 - RLController - INFO -   Example: junction C3 -> durations [60, 10, 10, 10] (total: 90s)
2026-09-24 12:23:54,405 - RLController - INFO -   Example: junction C4 -> durations [57, 11, 11, 11] (total: 90s)
2026-09-24 12:23:54,405 - RLController - INFO -   Example: junction C5 -> durations [57, 11, 11, 11] (total: 90s)
2026-09-24 12:23:54,405 - RLController - INFO -   Example: junction D0 -> durations [24, 22, 22, 22] (total: 90s)
2026-09-24 12:23:54,405 - RLController - INFO -   Example: junction D1 -> durations [21, 21, 27, 21] (total: 90s)
2026-09-24 12:23:54,405 - RLController - INFO -   Example: junction D2 -> durations [45, 15, 15, 15] (total: 90s)
2026-09-24 12:23:54,405 - RLController - INFO -   Example: junction D3 -> durations [24, 22, 22, 22] (total: 90s)
2026-09-24 12:23:54,405 - RLController - INFO -   Example: junction D4 -> durations [24, 22, 22, 22] (total: 90s)
2026-09-24 12:23:54,405 - RLController - INFO -   Example: junction D5 -> durations [13, 13, 51, 13] (total: 90s)
2026-09-24 12:23:54,405 - RLController - INFO -   Example: junction E0 -> durations [24, 22, 22, 22] (total: 90s)
2026-09-24 12:23:54,405 - RLController - INFO -   Example: junction E1 -> durations [24, 22, 22, 22] (total: 90s)
2026-09-24 12:23:54,406 - RLController - INFO -   Stored schedules for 34 junctions, cycle starts at step 720
2026-09-24 12:23:56,019 - RLController - INFO - DIAGNOSTIC Step 810 - Observation stats:
2026-09-24 12:23:56,020 - RLController - INFO -   Hash: -128805652361437151, Min: 0.000000, Max: 1.000000, Mean: 0.371913, Std: 0.439182
2026-09-24 12:23:56,020 - RLController - INFO -   First 10: [1.  0.  0.  0.  0.  0.5 1.  0.  0.  0. ]
2026-09-24 12:23:56,020 - RLController - INFO -   Last 10: [0.         0.2        0.         0.08333334 0.33547008 0.00245807
 0.0408547  0.67506784 0.         0.3       ]
2026-09-24 12:23:56,024 - RLController - INFO - DIAGNOSTIC - Raw model action output:
2026-09-24 12:23:56,024 - RLController - INFO -   Action hash: -9031015988831163142
2026-09-24 12:23:56,025 - RLController - INFO -   First 8 values: [ -6.7047157 -10.        -10.        -10.        -10.        -10.
 -10.        -10.       ]
2026-09-24 12:23:56,025 - RLController - INFO -   Last 8 values: [-10.        -10.        -10.        -10.        -10.          0.3769863
 -10.        -10.       ]
2026-09-24 12:23:56,025 - RLController - INFO -   Action shape: (136,), min: -10.000000, max: 5.279621, mean: -9.201303
2026-09-24 12:23:56,025 - RLController - INFO -   B0 junction (indices 16-19) raw values: [ -9.586228 -10.       -10.       -10.      ]
2026-09-24 12:23:56,025 - RLController - INFO - Using CONTINUOUS DURATION-BASED mode
2026-09-24 12:23:56,025 - RLController - INFO -   Example: junction A0 -> durations [51, 13, 13, 13] (total: 90s)
2026-09-24 12:23:56,026 - RLController - INFO -   Example: junction A1 -> durations [24, 22, 22, 22] (total: 90s)
2026-09-24 12:23:56,026 - RLController - INFO -   Example: junction A2 -> durations [12, 12, 54, 12] (total: 90s)
2026-09-24 12:23:56,026 - RLController - INFO -   Example: junction A4 -> durations [60, 10, 10, 10] (total: 90s)
2026-09-24 12:23:56,026 - RLController - INFO -   Example: junction A5 -> durations [24, 22, 22, 22] (total: 90s)
2026-09-24 12:23:56,026 - RLController - INFO -   Example: junction B0 -> durations [24, 22, 22, 22] (total: 90s)
2026-09-24 12:23:56,026 - RLController - INFO -   Example: junction B1 -> durations [24, 22, 22, 22] (total: 90s)
2026-09-24 12:23:56,026 - RLController - INFO -   Example: junction B2 -> durations [24, 22, 22, 22] (total: 90s)
2026-09-24 12:23:56,027 - RLController - INFO -   Example: junction B4 -> durations [24, 22, 22, 22] (total: 90s)
2026-09-24 12:23:56,027 - RLController - INFO -   Example: junction B5 -> durations [60, 10, 10, 10] (total: 90s)
2026-09-24 12:23:56,027 - RLController - INFO -   Example: junction C0 -> durations [22, 22, 24, 22] (total: 90s)
2026-09-24 12:23:56,027 - RLController - INFO -   Example: junction C1 -> durations [24, 22, 22, 22] (total: 90s)
2026-09-24 12:23:56,027 - RLController - INFO -   Example: junction C2 -> durations [57, 13, 10, 10] (total: 90s)
2026-09-24 12:23:56,027 - RLController - INFO -   Example: junction C3 -> durations [60, 10, 10, 10] (total: 90s)
2026-09-24 12:23:56,027 - RLController - INFO -   Example: junction C4 -> durations [57, 11, 11, 11] (total: 90s)
2026-09-24 12:23:56,027 - RLController - INFO -   Example: junction C5 -> durations [57, 11, 11, 11] (total: 90s)
2026-09-24 12:23:56,028 - RLController - INFO -   Example: junction D0 -> durations [24, 22, 22, 22] (total: 90s)
2026-09-24 12:23:56,028 - RLController - INFO -   Example: junction D1 -> durations [21, 21, 27, 21] (total: 90s)
2026-09-24 12:23:56,028 - RLController - INFO -   Example: junction D2 -> durations [45, 15, 15, 15] (total: 90s)
2026-09-24 12:23:56,028 - RLController - INFO -   Example: junction D3 -> durations [24, 22, 22, 22] (total: 90s)
2026-09-24 12:23:56,028 - RLController - INFO -   Example: junction D4 -> durations [24, 22, 22, 22] (total: 90s)
2026-09-24 12:23:56,028 - RLController - INFO -   Example: junction D5 -> durations [13, 13, 51, 13] (total: 90s)
2026-09-24 12:23:56,028 - RLController - INFO -   Example: junction E0 -> durations [24, 22, 22, 22] (total: 90s)
2026-09-24 12:23:56,029 - RLController - INFO -   Example: junction E1 -> durations [24, 22, 22, 22] (total: 90s)
2026-09-24 12:23:56,029 - RLController - INFO -   Stored schedules for 34 junctions, cycle starts at step 810
2026-09-24 12:23:57,691 - RLController - INFO - DIAGNOSTIC Step 900 - Observation stats:
2026-09-24 12:23:57,692 - RLController - INFO -   Hash: 4823133365368582832, Min: 0.000000, Max: 1.000000, Mean: 0.372377, Std: 0.437914
2026-09-24 12:23:57,692 - RLController - INFO -   First 10: [1.  0.  0.  0.  0.  0.5 1.  0.  0.  0. ]
2026-09-24 12:23:57,693 - RLController - INFO -   Last 10: [0.         0.2        0.         0.08333334 0.32478634 0.00244698
 0.0432906  0.6819879  0.         0.3       ]
2026-09-24 12:23:57,698 - RLController - INFO - DIAGNOSTIC - Raw model action output:
2026-09-24 12:23:57,698 - RLController - INFO -   Action hash: 471283556184403047
2026-09-24 12:23:57,698 - RLController - INFO -   First 8 values: [ -6.7026477 -10.        -10.        -10.        -10.        -10.
 -10.        -10.       ]
2026-09-24 12:23:57,698 - RLController - INFO -   Last 8 values: [-10.        -10.        -10.        -10.        -10.          1.0734382
 -10.        -10.       ]
2026-09-24 12:23:57,699 - RLController - INFO -   Action shape: (136,), min: -10.000000, max: 5.478289, mean: -9.217206
2026-09-24 12:23:57,699 - RLController - INFO -   B0 junction (indices 16-19) raw values: [ -9.487299 -10.       -10.       -10.      ]
2026-09-24 12:23:57,699 - RLController - INFO - Using CONTINUOUS DURATION-BASED mode
2026-09-24 12:23:57,699 - RLController - INFO -   Example: junction A0 -> durations [51, 13, 13, 13] (total: 90s)
2026-09-24 12:23:57,699 - RLController - INFO -   Example: junction A1 -> durations [24, 22, 22, 22] (total: 90s)
2026-09-24 12:23:57,699 - RLController - INFO -   Example: junction A2 -> durations [12, 12, 54, 12] (total: 90s)
2026-09-24 12:23:57,699 - RLController - INFO -   Example: junction A4 -> durations [60, 10, 10, 10] (total: 90s)
2026-09-24 12:23:57,700 - RLController - INFO -   Example: junction A5 -> durations [24, 22, 22, 22] (total: 90s)
2026-09-24 12:23:57,700 - RLController - INFO -   Example: junction B0 -> durations [24, 22, 22, 22] (total: 90s)
2026-09-24 12:23:57,700 - RLController - INFO -   Example: junction B1 -> durations [24, 22, 22, 22] (total: 90s)
2026-09-24 12:23:57,700 - RLController - INFO -   Example: junction B2 -> durations [24, 22, 22, 22] (total: 90s)
2026-09-24 12:23:57,700 - RLController - INFO -   Example: junction B4 -> durations [24, 22, 22, 22] (total: 90s)
2026-09-24 12:23:57,700 - RLController - INFO -   Example: junction B5 -> durations [60, 10, 10, 10] (total: 90s)
2026-09-24 12:23:57,700 - RLController - INFO -   Example: junction C0 -> durations [22, 22, 24, 22] (total: 90s)
2026-09-24 12:23:57,701 - RLController - INFO -   Example: junction C1 -> durations [24, 22, 22, 22] (total: 90s)
2026-09-24 12:23:57,701 - RLController - INFO -   Example: junction C2 -> durations [57, 13, 10, 10] (total: 90s)
2026-09-24 12:23:57,701 - RLController - INFO -   Example: junction C3 -> durations [60, 10, 10, 10] (total: 90s)
2026-09-24 12:23:57,701 - RLController - INFO -   Example: junction C4 -> durations [57, 11, 11, 11] (total: 90s)
2026-09-24 12:23:57,701 - RLController - INFO -   Example: junction C5 -> durations [57, 11, 11, 11] (total: 90s)
2026-09-24 12:23:57,701 - RLController - INFO -   Example: junction D0 -> durations [24, 22, 22, 22] (total: 90s)
2026-09-24 12:23:57,701 - RLController - INFO -   Example: junction D1 -> durations [21, 21, 27, 21] (total: 90s)
2026-09-24 12:23:57,701 - RLController - INFO -   Example: junction D2 -> durations [45, 15, 15, 15] (total: 90s)
2026-09-24 12:23:57,702 - RLController - INFO -   Example: junction D3 -> durations [24, 22, 22, 22] (total: 90s)
2026-09-24 12:23:57,702 - RLController - INFO -   Example: junction D4 -> durations [24, 22, 22, 22] (total: 90s)
2026-09-24 12:23:57,702 - RLController - INFO -   Example: junction D5 -> durations [13, 13, 51, 13] (total: 90s)
2026-09-24 12:23:57,702 - RLController - INFO -   Example: junction E0 -> durations [24, 22, 22, 22] (total: 90s)
2026-09-24 12:23:57,702 - RLController - INFO -   Example: junction E1 -> durations [24, 22, 22, 22] (total: 90s)
2026-09-24 12:23:57,703 - RLController - INFO -   Stored schedules for 34 junctions, cycle starts at step 900
2026-09-24 12:23:59,553 - RLController - INFO - DIAGNOSTIC Step 990 - Observation stats:
2026-09-24 12:23:59,553 - RLController - INFO -   Hash: 5431168937731752178, Min: 0.000000, Max: 1.000000, Mean: 0.376760, Std: 0.438701
2026-09-24 12:23:59,553 - RLController - INFO -   First 10: [1.  0.  0.  0.  0.  0.5 1.  0.  0.  0. ]
2026-09-24 12:23:59,554 - RLController - INFO -   Last 10: [0.         0.2        0.         0.08333334 0.34188035 0.00261148
 0.0457265  0.6692397  0.         0.3       ]
2026-09-24 12:23:59,557 - RLController - INFO - DIAGNOSTIC - Raw model action output:
2026-09-24 12:23:59,557 - RLController - INFO -   Action hash: -4352413311618259418
2026-09-24 12:23:59,557 - RLController - INFO -   First 8 values: [ -6.641282 -10.       -10.       -10.       -10.       -10.
 -10.       -10.      ]
2026-09-24 12:23:59,558 - RLController - INFO -   Last 8 values: [-10.        -10.        -10.        -10.        -10.          0.6472474
 -10.        -10.       ]
2026-09-24 12:23:59,558 - RLController - INFO -   Action shape: (136,), min: -10.000000, max: 5.107133, mean: -9.207414
2026-09-24 12:23:59,558 - RLController - INFO -   B0 junction (indices 16-19) raw values: [ -9.345808 -10.       -10.       -10.      ]
2026-09-24 12:23:59,558 - RLController - INFO - Using CONTINUOUS DURATION-BASED mode
2026-09-24 12:23:59,558 - RLController - INFO -   Example: junction A0 -> durations [51, 13, 13, 13] (total: 90s)
2026-09-24 12:23:59,558 - RLController - INFO -   Example: junction A1 -> durations [24, 22, 22, 22] (total: 90s)
2026-09-24 12:23:59,558 - RLController - INFO -   Example: junction A2 -> durations [12, 12, 54, 12] (total: 90s)
2026-09-24 12:23:59,559 - RLController - INFO -   Example: junction A4 -> durations [60, 10, 10, 10] (total: 90s)
2026-09-24 12:23:59,559 - RLController - INFO -   Example: junction A5 -> durations [24, 22, 22, 22] (total: 90s)
2026-09-24 12:23:59,559 - RLController - INFO -   Example: junction B0 -> durations [24, 22, 22, 22] (total: 90s)
2026-09-24 12:23:59,559 - RLController - INFO -   Example: junction B1 -> durations [24, 22, 22, 22] (total: 90s)
2026-09-24 12:23:59,559 - RLController - INFO -   Example: junction B2 -> durations [24, 22, 22, 22] (total: 90s)
2026-09-24 12:23:59,559 - RLController - INFO -   Example: junction B4 -> durations [24, 22, 22, 22] (total: 90s)
2026-09-24 12:23:59,559 - RLController - INFO -   Example: junction B5 -> durations [60, 10, 10, 10] (total: 90s)
2026-09-24 12:23:59,560 - RLController - INFO -   Example: junction C0 -> durations [22, 22, 24, 22] (total: 90s)
2026-09-24 12:23:59,560 - RLController - INFO -   Example: junction C1 -> durations [24, 22, 22, 22] (total: 90s)
2026-09-24 12:23:59,560 - RLController - INFO -   Example: junction C2 -> durations [57, 13, 10, 10] (total: 90s)
2026-09-24 12:23:59,560 - RLController - INFO -   Example: junction C3 -> durations [60, 10, 10, 10] (total: 90s)
2026-09-24 12:23:59,560 - RLController - INFO -   Example: junction C4 -> durations [57, 11, 11, 11] (total: 90s)
2026-09-24 12:23:59,560 - RLController - INFO -   Example: junction C5 -> durations [57, 11, 11, 11] (total: 90s)
2026-09-24 12:23:59,560 - RLController - INFO -   Example: junction D0 -> durations [24, 22, 22, 22] (total: 90s)
2026-09-24 12:23:59,560 - RLController - INFO -   Example: junction D1 -> durations [21, 21, 27, 21] (total: 90s)
2026-09-24 12:23:59,561 - RLController - INFO -   Example: junction D2 -> durations [45, 15, 15, 15] (total: 90s)
2026-09-24 12:23:59,561 - RLController - INFO -   Example: junction D3 -> durations [24, 22, 22, 22] (total: 90s)
2026-09-24 12:23:59,561 - RLController - INFO -   Example: junction D4 -> durations [24, 22, 22, 22] (total: 90s)
2026-09-24 12:23:59,561 - RLController - INFO -   Example: junction D5 -> durations [13, 13, 51, 13] (total: 90s)
2026-09-24 12:23:59,561 - RLController - INFO -   Example: junction E0 -> durations [24, 22, 22, 22] (total: 90s)
2026-09-24 12:23:59,561 - RLController - INFO -   Example: junction E1 -> durations [24, 22, 22, 22] (total: 90s)
2026-09-24 12:23:59,562 - RLController - INFO -   Stored schedules for 34 junctions, cycle starts at step 990
2026-09-24 12:24:01,653 - RLController - INFO - DIAGNOSTIC Step 1080 - Observation stats:
2026-09-24 12:24:01,653 - RLController - INFO -   Hash: 3718990669960791765, Min: 0.000000, Max: 1.000000, Mean: 0.383753, Std: 0.442421
2026-09-24 12:24:01,653 - RLController - INFO -   First 10: [1.  0.  0.  0.  0.  0.5 1.  0.  0.  0. ]
2026-09-24 12:24:01,653 - RLController - INFO -   Last 10: [0.         0.2        0.         0.08333334 0.35897437 0.00207155
 0.04730769 0.64910924 0.         0.3       ]
2026-09-24 12:24:01,667 - RLController - INFO - DIAGNOSTIC - Raw model action output:
2026-09-24 12:24:01,667 - RLController - INFO -   Action hash: 1003379688373860407
2026-09-24 12:24:01,667 - RLController - INFO -   First 8 values: [ -6.8591404 -10.        -10.        -10.        -10.        -10.
 -10.        -10.       ]
2026-09-24 12:24:01,668 - RLController - INFO -   Last 8 values: [-10.         -10.         -10.         -10.         -10.
  -0.35898492 -10.         -10.        ]
2026-09-24 12:24:01,668 - RLController - INFO -   Action shape: (136,), min: -10.000000, max: 4.918992, mean: -9.221796
2026-09-24 12:24:01,668 - RLController - INFO -   B0 junction (indices 16-19) raw values: [ -9.763497 -10.       -10.       -10.      ]
2026-09-24 12:24:01,668 - RLController - INFO - Using CONTINUOUS DURATION-BASED mode
2026-09-24 12:24:01,668 - RLController - INFO -   Example: junction A0 -> durations [51, 13, 13, 13] (total: 90s)
2026-09-24 12:24:01,669 - RLController - INFO -   Example: junction A1 -> durations [24, 22, 22, 22] (total: 90s)
2026-09-24 12:24:01,669 - RLController - INFO -   Example: junction A2 -> durations [12, 12, 54, 12] (total: 90s)
2026-09-24 12:24:01,669 - RLController - INFO -   Example: junction A4 -> durations [60, 10, 10, 10] (total: 90s)
2026-09-24 12:24:01,669 - RLController - INFO -   Example: junction A5 -> durations [24, 22, 22, 22] (total: 90s)
2026-09-24 12:24:01,669 - RLController - INFO -   Example: junction B0 -> durations [24, 22, 22, 22] (total: 90s)
2026-09-24 12:24:01,669 - RLController - INFO -   Example: junction B1 -> durations [24, 22, 22, 22] (total: 90s)
2026-09-24 12:24:01,670 - RLController - INFO -   Example: junction B2 -> durations [24, 22, 22, 22] (total: 90s)
2026-09-24 12:24:01,670 - RLController - INFO -   Example: junction B4 -> durations [24, 22, 22, 22] (total: 90s)
2026-09-24 12:24:01,670 - RLController - INFO -   Example: junction B5 -> durations [60, 10, 10, 10] (total: 90s)
2026-09-24 12:24:01,670 - RLController - INFO -   Example: junction C0 -> durations [22, 22, 24, 22] (total: 90s)
2026-09-24 12:24:01,670 - RLController - INFO -   Example: junction C1 -> durations [24, 22, 22, 22] (total: 90s)
2026-09-24 12:24:01,670 - RLController - INFO -   Example: junction C2 -> durations [57, 13, 10, 10] (total: 90s)
2026-09-24 12:24:01,670 - RLController - INFO -   Example: junction C3 -> durations [60, 10, 10, 10] (total: 90s)
2026-09-24 12:24:01,671 - RLController - INFO -   Example: junction C4 -> durations [57, 11, 11, 11] (total: 90s)
2026-09-24 12:24:01,671 - RLController - INFO -   Example: junction C5 -> durations [57, 11, 11, 11] (total: 90s)
2026-09-24 12:24:01,671 - RLController - INFO -   Example: junction D0 -> durations [24, 22, 22, 22] (total: 90s)
2026-09-24 12:24:01,671 - RLController - INFO -   Example: junction D1 -> durations [21, 21, 27, 21] (total: 90s)
2026-09-24 12:24:01,671 - RLController - INFO -   Example: junction D2 -> durations [45, 15, 15, 15] (total: 90s)
2026-09-24 12:24:01,671 - RLController - INFO -   Example: junction D3 -> durations [24, 22, 22, 22] (total: 90s)
2026-09-24 12:24:01,671 - RLController - INFO -   Example: junction D4 -> durations [24, 22, 22, 22] (total: 90s)
2026-09-24 12:24:01,672 - RLController - INFO -   Example: junction D5 -> durations [13, 13, 51, 13] (total: 90s)
2026-09-24 12:24:01,672 - RLController - INFO -   Example: junction E0 -> durations [24, 22, 22, 22] (total: 90s)
2026-09-24 12:24:01,672 - RLController - INFO -   Example: junction E1 -> durations [24, 22, 22, 22] (total: 90s)
2026-09-24 12:24:01,673 - RLController - INFO -   Stored schedules for 34 junctions, cycle starts at step 1080
2026-09-24 12:24:03,708 - RLController - INFO - DIAGNOSTIC Step 1170 - Observation stats:
2026-09-24 12:24:03,709 - RLController - INFO -   Hash: -1027039918931991628, Min: 0.000000, Max: 1.000000, Mean: 0.384096, Std: 0.443732
2026-09-24 12:24:03,709 - RLController - INFO -   First 10: [1.  0.  0.  0.  0.  0.5 1.  0.  0.  0. ]
2026-09-24 12:24:03,710 - RLController - INFO -   Last 10: [0.         0.2        0.         0.08333334 0.35897437 0.00228374
 0.04730769 0.646014   0.         0.3       ]
2026-09-24 12:24:03,713 - RLController - INFO - DIAGNOSTIC - Raw model action output:
2026-09-24 12:24:03,713 - RLController - INFO -   Action hash: -216741419664645466
2026-09-24 12:24:03,713 - RLController - INFO -   First 8 values: [ -6.889589 -10.       -10.       -10.       -10.       -10.
 -10.       -10.      ]
2026-09-24 12:24:03,713 - RLController - INFO -   Last 8 values: [-10.         -10.         -10.         -10.         -10.
  -0.58747286 -10.         -10.        ]
2026-09-24 12:24:03,713 - RLController - INFO -   Action shape: (136,), min: -10.000000, max: 5.013140, mean: -9.193518
2026-09-24 12:24:03,714 - RLController - INFO -   B0 junction (indices 16-19) raw values: [ -9.769952 -10.       -10.       -10.      ]
2026-09-24 12:24:03,714 - RLController - INFO - Using CONTINUOUS DURATION-BASED mode
2026-09-24 12:24:03,714 - RLController - INFO -   Example: junction A0 -> durations [51, 13, 13, 13] (total: 90s)
2026-09-24 12:24:03,714 - RLController - INFO -   Example: junction A1 -> durations [24, 22, 22, 22] (total: 90s)
2026-09-24 12:24:03,714 - RLController - INFO -   Example: junction A2 -> durations [12, 12, 54, 12] (total: 90s)
2026-09-24 12:24:03,714 - RLController - INFO -   Example: junction A4 -> durations [60, 10, 10, 10] (total: 90s)
2026-09-24 12:24:03,714 - RLController - INFO -   Example: junction A5 -> durations [24, 22, 22, 22] (total: 90s)
2026-09-24 12:24:03,715 - RLController - INFO -   Example: junction B0 -> durations [24, 22, 22, 22] (total: 90s)
2026-09-24 12:24:03,715 - RLController - INFO -   Example: junction B1 -> durations [24, 22, 22, 22] (total: 90s)
2026-09-24 12:24:03,715 - RLController - INFO -   Example: junction B2 -> durations [24, 22, 22, 22] (total: 90s)
2026-09-24 12:24:03,715 - RLController - INFO -   Example: junction B4 -> durations [24, 22, 22, 22] (total: 90s)
2026-09-24 12:24:03,715 - RLController - INFO -   Example: junction B5 -> durations [60, 10, 10, 10] (total: 90s)
2026-09-24 12:24:03,715 - RLController - INFO -   Example: junction C0 -> durations [22, 22, 24, 22] (total: 90s)
2026-09-24 12:24:03,715 - RLController - INFO -   Example: junction C1 -> durations [24, 22, 22, 22] (total: 90s)
2026-09-24 12:24:03,716 - RLController - INFO -   Example: junction C2 -> durations [57, 13, 10, 10] (total: 90s)
2026-09-24 12:24:03,716 - RLController - INFO -   Example: junction C3 -> durations [60, 10, 10, 10] (total: 90s)
2026-09-24 12:24:03,716 - RLController - INFO -   Example: junction C4 -> durations [57, 11, 11, 11] (total: 90s)
2026-09-24 12:24:03,716 - RLController - INFO -   Example: junction C5 -> durations [57, 11, 11, 11] (total: 90s)
2026-09-24 12:24:03,716 - RLController - INFO -   Example: junction D0 -> durations [24, 22, 22, 22] (total: 90s)
2026-09-24 12:24:03,716 - RLController - INFO -   Example: junction D1 -> durations [21, 21, 27, 21] (total: 90s)
2026-09-24 12:24:03,716 - RLController - INFO -   Example: junction D2 -> durations [45, 15, 15, 15] (total: 90s)
2026-09-24 12:24:03,716 - RLController - INFO -   Example: junction D3 -> durations [24, 22, 22, 22] (total: 90s)
2026-09-24 12:24:03,717 - RLController - INFO -   Example: junction D4 -> durations [24, 22, 22, 22] (total: 90s)
2026-09-24 12:24:03,717 - RLController - INFO -   Example: junction D5 -> durations [13, 13, 51, 13] (total: 90s)
2026-09-24 12:24:03,717 - RLController - INFO -   Example: junction E0 -> durations [24, 22, 22, 22] (total: 90s)
2026-09-24 12:24:03,717 - RLController - INFO -   Example: junction E1 -> durations [24, 22, 22, 22] (total: 90s)
2026-09-24 12:24:03,718 - RLController - INFO -   Stored schedules for 34 junctions, cycle starts at step 1170
2026-09-24 12:24:05,769 - RLController - INFO - DIAGNOSTIC Step 1260 - Observation stats:
2026-09-24 12:24:05,769 - RLController - INFO -   Hash: -7202011396744209556, Min: 0.000000, Max: 1.000000, Mean: 0.386744, Std: 0.443044
2026-09-24 12:24:05,770 - RLController - INFO -   First 10: [1.  0.  0.  0.  0.  0.5 1.  0.  0.  0. ]
2026-09-24 12:24:05,770 - RLController - INFO -   Last 10: [0.         0.2        0.         0.08333334 0.38247862 0.00272695
 0.05076923 0.6267928  0.         0.3       ]
2026-09-24 12:24:05,779 - RLController - INFO - DIAGNOSTIC - Raw model action output:
2026-09-24 12:24:05,779 - RLController - INFO -   Action hash: -4632732468968987239
2026-09-24 12:24:05,779 - RLController - INFO -   First 8 values: [ -6.908289 -10.       -10.       -10.       -10.       -10.
 -10.       -10.      ]
2026-09-24 12:24:05,780 - RLController - INFO -   Last 8 values: [-10.         -10.         -10.         -10.         -10.
  -0.52471656 -10.         -10.        ]
2026-09-24 12:24:05,780 - RLController - INFO -   Action shape: (136,), min: -10.000000, max: 5.392263, mean: -9.216640
2026-09-24 12:24:05,780 - RLController - INFO -   B0 junction (indices 16-19) raw values: [ -9.998849 -10.       -10.       -10.      ]
2026-09-24 12:24:05,780 - RLController - INFO - Using CONTINUOUS DURATION-BASED mode
2026-09-24 12:24:05,780 - RLController - INFO -   Example: junction A0 -> durations [51, 13, 13, 13] (total: 90s)
2026-09-24 12:24:05,780 - RLController - INFO -   Example: junction A1 -> durations [24, 22, 22, 22] (total: 90s)
2026-09-24 12:24:05,780 - RLController - INFO -   Example: junction A2 -> durations [12, 12, 54, 12] (total: 90s)
2026-09-24 12:24:05,781 - RLController - INFO -   Example: junction A4 -> durations [60, 10, 10, 10] (total: 90s)
2026-09-24 12:24:05,781 - RLController - INFO -   Example: junction A5 -> durations [24, 22, 22, 22] (total: 90s)
2026-09-24 12:24:05,781 - RLController - INFO -   Example: junction B0 -> durations [24, 22, 22, 22] (total: 90s)
2026-09-24 12:24:05,781 - RLController - INFO -   Example: junction B1 -> durations [24, 22, 22, 22] (total: 90s)
2026-09-24 12:24:05,781 - RLController - INFO -   Example: junction B2 -> durations [24, 22, 22, 22] (total: 90s)
2026-09-24 12:24:05,781 - RLController - INFO -   Example: junction B4 -> durations [24, 22, 22, 22] (total: 90s)
2026-09-24 12:24:05,781 - RLController - INFO -   Example: junction B5 -> durations [60, 10, 10, 10] (total: 90s)
2026-09-24 12:24:05,781 - RLController - INFO -   Example: junction C0 -> durations [22, 22, 24, 22] (total: 90s)
2026-09-24 12:24:05,782 - RLController - INFO -   Example: junction C1 -> durations [24, 22, 22, 22] (total: 90s)
2026-09-24 12:24:05,782 - RLController - INFO -   Example: junction C2 -> durations [57, 13, 10, 10] (total: 90s)
2026-09-24 12:24:05,782 - RLController - INFO -   Example: junction C3 -> durations [60, 10, 10, 10] (total: 90s)
2026-09-24 12:24:05,782 - RLController - INFO -   Example: junction C4 -> durations [57, 11, 11, 11] (total: 90s)
2026-09-24 12:24:05,782 - RLController - INFO -   Example: junction C5 -> durations [57, 11, 11, 11] (total: 90s)
2026-09-24 12:24:05,782 - RLController - INFO -   Example: junction D0 -> durations [24, 22, 22, 22] (total: 90s)
2026-09-24 12:24:05,783 - RLController - INFO -   Example: junction D1 -> durations [21, 21, 27, 21] (total: 90s)
2026-09-24 12:24:05,783 - RLController - INFO -   Example: junction D2 -> durations [45, 15, 15, 15] (total: 90s)
2026-09-24 12:24:05,783 - RLController - INFO -   Example: junction D3 -> durations [24, 22, 22, 22] (total: 90s)
2026-09-24 12:24:05,783 - RLController - INFO -   Example: junction D4 -> durations [24, 22, 22, 22] (total: 90s)
2026-09-24 12:24:05,783 - RLController - INFO -   Example: junction D5 -> durations [13, 13, 51, 13] (total: 90s)
2026-09-24 12:24:05,783 - RLController - INFO -   Example: junction E0 -> durations [24, 22, 22, 22] (total: 90s)
2026-09-24 12:24:05,783 - RLController - INFO -   Example: junction E1 -> durations [24, 22, 22, 22] (total: 90s)
2026-09-24 12:24:05,784 - RLController - INFO -   Stored schedules for 34 junctions, cycle starts at step 1260
2026-09-24 12:24:07,538 - RLController - INFO - DIAGNOSTIC Step 1350 - Observation stats:
2026-09-24 12:24:07,538 - RLController - INFO -   Hash: 167812153555148859, Min: 0.000000, Max: 1.000000, Mean: 0.389905, Std: 0.444686
2026-09-24 12:24:07,538 - RLController - INFO -   First 10: [1.         0.         0.         0.         0.         0.5
 0.         0.         0.99333334 1.        ]
2026-09-24 12:24:07,539 - RLController - INFO -   Last 10: [0.         0.2        0.         0.08333334 0.39102563 0.00254998
 0.05264957 0.6125423  0.         0.3       ]
2026-09-24 12:24:07,542 - RLController - INFO - DIAGNOSTIC - Raw model action output:
2026-09-24 12:24:07,542 - RLController - INFO -   Action hash: -5160766007335356309
2026-09-24 12:24:07,542 - RLController - INFO -   First 8 values: [ -6.6891685 -10.        -10.        -10.        -10.        -10.
 -10.        -10.       ]
2026-09-24 12:24:07,542 - RLController - INFO -   Last 8 values: [-10.        -10.        -10.        -10.        -10.         -1.2997997
 -10.        -10.       ]
2026-09-24 12:24:07,542 - RLController - INFO -   Action shape: (136,), min: -10.000000, max: 5.858155, mean: -9.197886
2026-09-24 12:24:07,543 - RLController - INFO -   B0 junction (indices 16-19) raw values: [ -9.515475 -10.       -10.       -10.      ]
2026-09-24 12:24:07,543 - RLController - INFO - Using CONTINUOUS DURATION-BASED mode
2026-09-24 12:24:07,543 - RLController - INFO -   Example: junction A0 -> durations [51, 13, 13, 13] (total: 90s)
2026-09-24 12:24:07,543 - RLController - INFO -   Example: junction A1 -> durations [24, 22, 22, 22] (total: 90s)
2026-09-24 12:24:07,543 - RLController - INFO -   Example: junction A2 -> durations [12, 12, 54, 12] (total: 90s)
2026-09-24 12:24:07,543 - RLController - INFO -   Example: junction A4 -> durations [60, 10, 10, 10] (total: 90s)
2026-09-24 12:24:07,543 - RLController - INFO -   Example: junction A5 -> durations [24, 22, 22, 22] (total: 90s)
2026-09-24 12:24:07,544 - RLController - INFO -   Example: junction B0 -> durations [24, 22, 22, 22] (total: 90s)
2026-09-24 12:24:07,544 - RLController - INFO -   Example: junction B1 -> durations [24, 22, 22, 22] (total: 90s)
2026-09-24 12:24:07,544 - RLController - INFO -   Example: junction B2 -> durations [24, 22, 22, 22] (total: 90s)
2026-09-24 12:24:07,544 - RLController - INFO -   Example: junction B4 -> durations [24, 22, 22, 22] (total: 90s)
2026-09-24 12:24:07,544 - RLController - INFO -   Example: junction B5 -> durations [60, 10, 10, 10] (total: 90s)
2026-09-24 12:24:07,544 - RLController - INFO -   Example: junction C0 -> durations [22, 22, 24, 22] (total: 90s)
2026-09-24 12:24:07,544 - RLController - INFO -   Example: junction C1 -> durations [24, 22, 22, 22] (total: 90s)
2026-09-24 12:24:07,545 - RLController - INFO -   Example: junction C2 -> durations [57, 13, 10, 10] (total: 90s)
2026-09-24 12:24:07,545 - RLController - INFO -   Example: junction C3 -> durations [60, 10, 10, 10] (total: 90s)
2026-09-24 12:24:07,545 - RLController - INFO -   Example: junction C4 -> durations [57, 11, 11, 11] (total: 90s)
2026-09-24 12:24:07,545 - RLController - INFO -   Example: junction C5 -> durations [57, 11, 11, 11] (total: 90s)
2026-09-24 12:24:07,545 - RLController - INFO -   Example: junction D0 -> durations [24, 22, 22, 22] (total: 90s)
2026-09-24 12:24:07,545 - RLController - INFO -   Example: junction D1 -> durations [21, 21, 27, 21] (total: 90s)
2026-09-24 12:24:07,546 - RLController - INFO -   Example: junction D2 -> durations [45, 15, 15, 15] (total: 90s)
2026-09-24 12:24:07,546 - RLController - INFO -   Example: junction D3 -> durations [24, 22, 22, 22] (total: 90s)
2026-09-24 12:24:07,546 - RLController - INFO -   Example: junction D4 -> durations [24, 22, 22, 22] (total: 90s)
2026-09-24 12:24:07,546 - RLController - INFO -   Example: junction D5 -> durations [13, 13, 51, 13] (total: 90s)
2026-09-24 12:24:07,546 - RLController - INFO -   Example: junction E0 -> durations [24, 22, 22, 22] (total: 90s)
2026-09-24 12:24:07,546 - RLController - INFO -   Example: junction E1 -> durations [24, 22, 22, 22] (total: 90s)
2026-09-24 12:24:07,547 - RLController - INFO -   Stored schedules for 34 junctions, cycle starts at step 1350
2026-09-24 12:24:09,390 - RLController - INFO - DIAGNOSTIC Step 1440 - Observation stats:
2026-09-24 12:24:09,390 - RLController - INFO -   Hash: -2549248994634885491, Min: 0.000000, Max: 1.000000, Mean: 0.396597, Std: 0.446038
2026-09-24 12:24:09,390 - RLController - INFO -   First 10: [1.         0.         0.         0.         0.         0.5
 0.         1.         0.99333334 1.        ]
2026-09-24 12:24:09,391 - RLController - INFO -   Last 10: [0.         0.2        0.         0.08333334 0.40384614 0.00316752
 0.05653846 0.6121888  0.         0.3       ]
2026-09-24 12:24:09,396 - RLController - INFO - DIAGNOSTIC - Raw model action output:
2026-09-24 12:24:09,396 - RLController - INFO -   Action hash: -1556170690477768320
2026-09-24 12:24:09,396 - RLController - INFO -   First 8 values: [ -7.1291504 -10.        -10.        -10.        -10.        -10.
 -10.        -10.       ]
2026-09-24 12:24:09,396 - RLController - INFO -   Last 8 values: [-10.        -10.        -10.        -10.        -10.         -0.5422637
 -10.        -10.       ]
2026-09-24 12:24:09,396 - RLController - INFO -   Action shape: (136,), min: -10.000000, max: 5.116653, mean: -9.260909
2026-09-24 12:24:09,397 - RLController - INFO -   B0 junction (indices 16-19) raw values: [ -9.6445265 -10.        -10.        -10.       ]
2026-09-24 12:24:09,397 - RLController - INFO - Using CONTINUOUS DURATION-BASED mode
2026-09-24 12:24:09,397 - RLController - INFO -   Example: junction A0 -> durations [51, 13, 13, 13] (total: 90s)
2026-09-24 12:24:09,397 - RLController - INFO -   Example: junction A1 -> durations [24, 22, 22, 22] (total: 90s)
2026-09-24 12:24:09,397 - RLController - INFO -   Example: junction A2 -> durations [12, 12, 54, 12] (total: 90s)
2026-09-24 12:24:09,397 - RLController - INFO -   Example: junction A4 -> durations [60, 10, 10, 10] (total: 90s)
2026-09-24 12:24:09,397 - RLController - INFO -   Example: junction A5 -> durations [24, 22, 22, 22] (total: 90s)
2026-09-24 12:24:09,398 - RLController - INFO -   Example: junction B0 -> durations [24, 22, 22, 22] (total: 90s)
2026-09-24 12:24:09,398 - RLController - INFO -   Example: junction B1 -> durations [24, 22, 22, 22] (total: 90s)
2026-09-24 12:24:09,398 - RLController - INFO -   Example: junction B2 -> durations [24, 22, 22, 22] (total: 90s)
2026-09-24 12:24:09,398 - RLController - INFO -   Example: junction B4 -> durations [24, 22, 22, 22] (total: 90s)
2026-09-24 12:24:09,398 - RLController - INFO -   Example: junction B5 -> durations [60, 10, 10, 10] (total: 90s)
2026-09-24 12:24:09,398 - RLController - INFO -   Example: junction C0 -> durations [22, 22, 24, 22] (total: 90s)
2026-09-24 12:24:09,398 - RLController - INFO -   Example: junction C1 -> durations [24, 22, 22, 22] (total: 90s)
2026-09-24 12:24:09,398 - RLController - INFO -   Example: junction C2 -> durations [57, 13, 10, 10] (total: 90s)
2026-09-24 12:24:09,399 - RLController - INFO -   Example: junction C3 -> durations [60, 10, 10, 10] (total: 90s)
2026-09-24 12:24:09,399 - RLController - INFO -   Example: junction C4 -> durations [57, 11, 11, 11] (total: 90s)
2026-09-24 12:24:09,399 - RLController - INFO -   Example: junction C5 -> durations [57, 11, 11, 11] (total: 90s)
2026-09-24 12:24:09,399 - RLController - INFO -   Example: junction D0 -> durations [24, 22, 22, 22] (total: 90s)
2026-09-24 12:24:09,399 - RLController - INFO -   Example: junction D1 -> durations [21, 21, 27, 21] (total: 90s)
2026-09-24 12:24:09,399 - RLController - INFO -   Example: junction D2 -> durations [45, 15, 15, 15] (total: 90s)
2026-09-24 12:24:09,399 - RLController - INFO -   Example: junction D3 -> durations [24, 22, 22, 22] (total: 90s)
2026-09-24 12:24:09,400 - RLController - INFO -   Example: junction D4 -> durations [24, 22, 22, 22] (total: 90s)
2026-09-24 12:24:09,400 - RLController - INFO -   Example: junction D5 -> durations [13, 13, 51, 13] (total: 90s)
2026-09-24 12:24:09,400 - RLController - INFO -   Example: junction E0 -> durations [24, 22, 22, 22] (total: 90s)
2026-09-24 12:24:09,400 - RLController - INFO -   Example: junction E1 -> durations [24, 22, 22, 22] (total: 90s)
2026-09-24 12:24:09,401 - RLController - INFO -   Stored schedules for 34 junctions, cycle starts at step 1440
2026-09-24 12:24:10,952 - RLController - INFO - DIAGNOSTIC Step 1530 - Observation stats:
2026-09-24 12:24:10,953 - RLController - INFO -   Hash: -2918223573563903499, Min: 0.000000, Max: 1.000000, Mean: 0.393880, Std: 0.446952
2026-09-24 12:24:10,953 - RLController - INFO -   First 10: [1.  0.  0.  0.  0.  0.5 1.  0.  0.  0. ]
2026-09-24 12:24:10,953 - RLController - INFO -   Last 10: [0.         0.2        0.         0.08333334 0.40811965 0.00320104
 0.05764957 0.6101245  0.         0.3       ]
2026-09-24 12:24:10,958 - RLController - INFO - DIAGNOSTIC - Raw model action output:
2026-09-24 12:24:10,958 - RLController - INFO -   Action hash: -8745904034847369107
2026-09-24 12:24:10,958 - RLController - INFO -   First 8 values: [ -7.1844926 -10.        -10.        -10.        -10.        -10.
 -10.        -10.       ]
2026-09-24 12:24:10,959 - RLController - INFO -   Last 8 values: [-10.        -10.        -10.        -10.        -10.         -1.0454962
 -10.        -10.       ]
2026-09-24 12:24:10,959 - RLController - INFO -   Action shape: (136,), min: -10.000000, max: 4.974687, mean: -9.232424
2026-09-24 12:24:10,959 - RLController - INFO -   B0 junction (indices 16-19) raw values: [ -9.246412 -10.       -10.       -10.      ]
2026-09-24 12:24:10,959 - RLController - INFO - Using CONTINUOUS DURATION-BASED mode
2026-09-24 12:24:10,959 - RLController - INFO -   Example: junction A0 -> durations [51, 13, 13, 13] (total: 90s)
2026-09-24 12:24:10,959 - RLController - INFO -   Example: junction A1 -> durations [24, 22, 22, 22] (total: 90s)
2026-09-24 12:24:10,959 - RLController - INFO -   Example: junction A2 -> durations [12, 12, 54, 12] (total: 90s)
2026-09-24 12:24:10,959 - RLController - INFO -   Example: junction A4 -> durations [60, 10, 10, 10] (total: 90s)
2026-09-24 12:24:10,960 - RLController - INFO -   Example: junction A5 -> durations [24, 22, 22, 22] (total: 90s)
2026-09-24 12:24:10,960 - RLController - INFO -   Example: junction B0 -> durations [24, 22, 22, 22] (total: 90s)
2026-09-24 12:24:10,960 - RLController - INFO -   Example: junction B1 -> durations [24, 22, 22, 22] (total: 90s)
2026-09-24 12:24:10,960 - RLController - INFO -   Example: junction B2 -> durations [24, 22, 22, 22] (total: 90s)
2026-09-24 12:24:10,960 - RLController - INFO -   Example: junction B4 -> durations [24, 22, 22, 22] (total: 90s)
2026-09-24 12:24:10,960 - RLController - INFO -   Example: junction B5 -> durations [60, 10, 10, 10] (total: 90s)
2026-09-24 12:24:10,960 - RLController - INFO -   Example: junction C0 -> durations [22, 22, 24, 22] (total: 90s)
2026-09-24 12:24:10,960 - RLController - INFO -   Example: junction C1 -> durations [24, 22, 22, 22] (total: 90s)
2026-09-24 12:24:10,960 - RLController - INFO -   Example: junction C2 -> durations [57, 13, 10, 10] (total: 90s)
2026-09-24 12:24:10,960 - RLController - INFO -   Example: junction C3 -> durations [60, 10, 10, 10] (total: 90s)
2026-09-24 12:24:10,961 - RLController - INFO -   Example: junction C4 -> durations [57, 11, 11, 11] (total: 90s)
2026-09-24 12:24:10,961 - RLController - INFO -   Example: junction C5 -> durations [57, 11, 11, 11] (total: 90s)
2026-09-24 12:24:10,961 - RLController - INFO -   Example: junction D0 -> durations [24, 22, 22, 22] (total: 90s)
2026-09-24 12:24:10,961 - RLController - INFO -   Example: junction D1 -> durations [21, 21, 27, 21] (total: 90s)
2026-09-24 12:24:10,961 - RLController - INFO -   Example: junction D2 -> durations [45, 15, 15, 15] (total: 90s)
2026-09-24 12:24:10,961 - RLController - INFO -   Example: junction D3 -> durations [24, 22, 22, 22] (total: 90s)
2026-09-24 12:24:10,961 - RLController - INFO -   Example: junction D4 -> durations [24, 22, 22, 22] (total: 90s)
2026-09-24 12:24:10,961 - RLController - INFO -   Example: junction D5 -> durations [13, 13, 51, 13] (total: 90s)
2026-09-24 12:24:10,961 - RLController - INFO -   Example: junction E0 -> durations [24, 22, 22, 22] (total: 90s)
2026-09-24 12:24:10,961 - RLController - INFO -   Example: junction E1 -> durations [24, 22, 22, 22] (total: 90s)
2026-09-24 12:24:10,962 - RLController - INFO -   Stored schedules for 34 junctions, cycle starts at step 1530
2026-09-24 12:24:12,942 - RLController - INFO - DIAGNOSTIC Step 1620 - Observation stats:
2026-09-24 12:24:12,942 - RLController - INFO -   Hash: 769346109443264237, Min: 0.000000, Max: 1.000427, Mean: 0.397257, Std: 0.447432
2026-09-24 12:24:12,943 - RLController - INFO -   First 10: [1.  0.  0.  0.  0.  0.5 1.  0.  0.  0. ]
2026-09-24 12:24:12,943 - RLController - INFO -   Last 10: [0.         0.2        0.         0.08333334 0.40384614 0.00278477
 0.05803419 0.6105804  0.         0.3       ]
2026-09-24 12:24:12,947 - RLController - INFO - DIAGNOSTIC - Raw model action output:
2026-09-24 12:24:12,947 - RLController - INFO -   Action hash: -2487388184262364291
2026-09-24 12:24:12,948 - RLController - INFO -   First 8 values: [ -7.2080503 -10.        -10.        -10.        -10.        -10.
 -10.        -10.       ]
2026-09-24 12:24:12,948 - RLController - INFO -   Last 8 values: [-10.        -10.        -10.        -10.        -10.         -1.4403474
 -10.        -10.       ]
2026-09-24 12:24:12,948 - RLController - INFO -   Action shape: (136,), min: -10.000000, max: 5.246460, mean: -9.234336
2026-09-24 12:24:12,948 - RLController - INFO -   B0 junction (indices 16-19) raw values: [ -9.74455 -10.      -10.      -10.     ]
2026-09-24 12:24:12,948 - RLController - INFO - Using CONTINUOUS DURATION-BASED mode
2026-09-24 12:24:12,948 - RLController - INFO -   Example: junction A0 -> durations [51, 13, 13, 13] (total: 90s)
2026-09-24 12:24:12,948 - RLController - INFO -   Example: junction A1 -> durations [24, 22, 22, 22] (total: 90s)
2026-09-24 12:24:12,949 - RLController - INFO -   Example: junction A2 -> durations [12, 12, 54, 12] (total: 90s)
2026-09-24 12:24:12,949 - RLController - INFO -   Example: junction A4 -> durations [60, 10, 10, 10] (total: 90s)
2026-09-24 12:24:12,949 - RLController - INFO -   Example: junction A5 -> durations [24, 22, 22, 22] (total: 90s)
2026-09-24 12:24:12,949 - RLController - INFO -   Example: junction B0 -> durations [24, 22, 22, 22] (total: 90s)
2026-09-24 12:24:12,949 - RLController - INFO -   Example: junction B1 -> durations [24, 22, 22, 22] (total: 90s)
2026-09-24 12:24:12,949 - RLController - INFO -   Example: junction B2 -> durations [24, 22, 22, 22] (total: 90s)
2026-09-24 12:24:12,949 - RLController - INFO -   Example: junction B4 -> durations [24, 22, 22, 22] (total: 90s)
2026-09-24 12:24:12,950 - RLController - INFO -   Example: junction B5 -> durations [60, 10, 10, 10] (total: 90s)
2026-09-24 12:24:12,950 - RLController - INFO -   Example: junction C0 -> durations [22, 22, 24, 22] (total: 90s)
2026-09-24 12:24:12,950 - RLController - INFO -   Example: junction C1 -> durations [24, 22, 22, 22] (total: 90s)
2026-09-24 12:24:12,950 - RLController - INFO -   Example: junction C2 -> durations [57, 13, 10, 10] (total: 90s)
2026-09-24 12:24:12,950 - RLController - INFO -   Example: junction C3 -> durations [60, 10, 10, 10] (total: 90s)
2026-09-24 12:24:12,950 - RLController - INFO -   Example: junction C4 -> durations [57, 11, 11, 11] (total: 90s)
2026-09-24 12:24:12,950 - RLController - INFO -   Example: junction C5 -> durations [57, 11, 11, 11] (total: 90s)
2026-09-24 12:24:12,950 - RLController - INFO -   Example: junction D0 -> durations [24, 22, 22, 22] (total: 90s)
2026-09-24 12:24:12,951 - RLController - INFO -   Example: junction D1 -> durations [21, 21, 27, 21] (total: 90s)
2026-09-24 12:24:12,951 - RLController - INFO -   Example: junction D2 -> durations [45, 15, 15, 15] (total: 90s)
2026-09-24 12:24:12,951 - RLController - INFO -   Example: junction D3 -> durations [24, 22, 22, 22] (total: 90s)
2026-09-24 12:24:12,951 - RLController - INFO -   Example: junction D4 -> durations [24, 22, 22, 22] (total: 90s)
2026-09-24 12:24:12,951 - RLController - INFO -   Example: junction D5 -> durations [13, 13, 51, 13] (total: 90s)
2026-09-24 12:24:12,951 - RLController - INFO -   Example: junction E0 -> durations [24, 22, 22, 22] (total: 90s)
2026-09-24 12:24:12,951 - RLController - INFO -   Example: junction E1 -> durations [24, 22, 22, 22] (total: 90s)
2026-09-24 12:24:12,952 - RLController - INFO -   Stored schedules for 34 junctions, cycle starts at step 1620
2026-09-24 12:24:14,958 - RLController - INFO - DIAGNOSTIC Step 1710 - Observation stats:
2026-09-24 12:24:14,958 - RLController - INFO -   Hash: -4358134848237149799, Min: 0.000000, Max: 1.000000, Mean: 0.406635, Std: 0.450375
2026-09-24 12:24:14,958 - RLController - INFO -   First 10: [1.         0.         0.         0.         0.         0.5
 0.         1.         0.99333334 1.        ]
2026-09-24 12:24:14,958 - RLController - INFO -   Last 10: [0.         0.2        0.         0.08333334 0.44017094 0.00331858
 0.05940171 0.5764563  0.         0.3       ]
2026-09-24 12:24:14,962 - RLController - INFO - DIAGNOSTIC - Raw model action output:
2026-09-24 12:24:14,962 - RLController - INFO -   Action hash: 6760112178114785855
2026-09-24 12:24:14,962 - RLController - INFO -   First 8 values: [ -7.298098 -10.       -10.       -10.       -10.       -10.
 -10.       -10.      ]
2026-09-24 12:24:14,963 - RLController - INFO -   Last 8 values: [-10.        -10.        -10.        -10.        -10.         -1.9914935
 -10.        -10.       ]
2026-09-24 12:24:14,963 - RLController - INFO -   Action shape: (136,), min: -10.000000, max: 5.025982, mean: -9.236228
2026-09-24 12:24:14,963 - RLController - INFO -   B0 junction (indices 16-19) raw values: [ -9.924983 -10.       -10.       -10.      ]
2026-09-24 12:24:14,963 - RLController - INFO - Using CONTINUOUS DURATION-BASED mode
2026-09-24 12:24:14,963 - RLController - INFO -   Example: junction A0 -> durations [51, 13, 13, 13] (total: 90s)
2026-09-24 12:24:14,963 - RLController - INFO -   Example: junction A1 -> durations [24, 22, 22, 22] (total: 90s)
2026-09-24 12:24:14,963 - RLController - INFO -   Example: junction A2 -> durations [12, 12, 54, 12] (total: 90s)
2026-09-24 12:24:14,964 - RLController - INFO -   Example: junction A4 -> durations [60, 10, 10, 10] (total: 90s)
2026-09-24 12:24:14,964 - RLController - INFO -   Example: junction A5 -> durations [24, 22, 22, 22] (total: 90s)
2026-09-24 12:24:14,964 - RLController - INFO -   Example: junction B0 -> durations [24, 22, 22, 22] (total: 90s)
2026-09-24 12:24:14,964 - RLController - INFO -   Example: junction B1 -> durations [24, 22, 22, 22] (total: 90s)
2026-09-24 12:24:14,964 - RLController - INFO -   Example: junction B2 -> durations [24, 22, 22, 22] (total: 90s)
2026-09-24 12:24:14,964 - RLController - INFO -   Example: junction B4 -> durations [24, 22, 22, 22] (total: 90s)
2026-09-24 12:24:14,965 - RLController - INFO -   Example: junction B5 -> durations [60, 10, 10, 10] (total: 90s)
2026-09-24 12:24:14,965 - RLController - INFO -   Example: junction C0 -> durations [22, 22, 24, 22] (total: 90s)
2026-09-24 12:24:14,965 - RLController - INFO -   Example: junction C1 -> durations [24, 22, 22, 22] (total: 90s)
2026-09-24 12:24:14,965 - RLController - INFO -   Example: junction C2 -> durations [57, 13, 10, 10] (total: 90s)
2026-09-24 12:24:14,965 - RLController - INFO -   Example: junction C3 -> durations [60, 10, 10, 10] (total: 90s)
2026-09-24 12:24:14,965 - RLController - INFO -   Example: junction C4 -> durations [57, 11, 11, 11] (total: 90s)
2026-09-24 12:24:14,965 - RLController - INFO -   Example: junction C5 -> durations [57, 11, 11, 11] (total: 90s)
2026-09-24 12:24:14,965 - RLController - INFO -   Example: junction D0 -> durations [24, 22, 22, 22] (total: 90s)
2026-09-24 12:24:14,966 - RLController - INFO -   Example: junction D1 -> durations [21, 21, 27, 21] (total: 90s)
2026-09-24 12:24:14,966 - RLController - INFO -   Example: junction D2 -> durations [45, 15, 15, 15] (total: 90s)
2026-09-24 12:24:14,966 - RLController - INFO -   Example: junction D3 -> durations [24, 22, 22, 22] (total: 90s)
2026-09-24 12:24:14,966 - RLController - INFO -   Example: junction D4 -> durations [24, 22, 22, 22] (total: 90s)
2026-09-24 12:24:14,966 - RLController - INFO -   Example: junction D5 -> durations [13, 13, 51, 13] (total: 90s)
2026-09-24 12:24:14,966 - RLController - INFO -   Example: junction E0 -> durations [24, 22, 22, 22] (total: 90s)
2026-09-24 12:24:14,966 - RLController - INFO -   Example: junction E1 -> durations [24, 22, 22, 22] (total: 90s)
2026-09-24 12:24:14,967 - RLController - INFO -   Stored schedules for 34 junctions, cycle starts at step 1710
2026-09-24 12:24:17,001 - RLController - INFO - DIAGNOSTIC Step 1800 - Observation stats:
2026-09-24 12:24:17,003 - RLController - INFO -   Hash: 7444248781905402538, Min: 0.000000, Max: 1.000000, Mean: 0.401317, Std: 0.447934
2026-09-24 12:24:17,003 - RLController - INFO -   First 10: [1.         0.         0.         0.         0.         0.5
 0.         1.         0.99333334 1.        ]
2026-09-24 12:24:17,003 - RLController - INFO -   Last 10: [0.         0.2        0.         0.08333334 0.41452992 0.0029487
 0.05948718 0.5994403  0.         0.3       ]
2026-09-24 12:24:17,011 - RLController - INFO - DIAGNOSTIC - Raw model action output:
2026-09-24 12:24:17,011 - RLController - INFO -   Action hash: 7654411615256865435
2026-09-24 12:24:17,011 - RLController - INFO -   First 8 values: [ -7.0483937 -10.        -10.        -10.        -10.        -10.
 -10.        -10.       ]
2026-09-24 12:24:17,011 - RLController - INFO -   Last 8 values: [-10.        -10.        -10.        -10.        -10.         -2.9849994
 -10.        -10.       ]
2026-09-24 12:24:17,011 - RLController - INFO -   Action shape: (136,), min: -10.000000, max: 5.117664, mean: -9.242757
2026-09-24 12:24:17,012 - RLController - INFO -   B0 junction (indices 16-19) raw values: [ -9.7692795 -10.        -10.        -10.       ]
2026-09-24 12:24:17,012 - RLController - INFO - Using CONTINUOUS DURATION-BASED mode
2026-09-24 12:24:17,012 - RLController - INFO -   Example: junction A0 -> durations [51, 13, 13, 13] (total: 90s)
2026-09-24 12:24:17,012 - RLController - INFO -   Example: junction A1 -> durations [24, 22, 22, 22] (total: 90s)
2026-09-24 12:24:17,012 - RLController - INFO -   Example: junction A2 -> durations [12, 12, 54, 12] (total: 90s)
2026-09-24 12:24:17,012 - RLController - INFO -   Example: junction A4 -> durations [60, 10, 10, 10] (total: 90s)
2026-09-24 12:24:17,012 - RLController - INFO -   Example: junction A5 -> durations [24, 22, 22, 22] (total: 90s)
2026-09-24 12:24:17,012 - RLController - INFO -   Example: junction B0 -> durations [24, 22, 22, 22] (total: 90s)
2026-09-24 12:24:17,012 - RLController - INFO -   Example: junction B1 -> durations [24, 22, 22, 22] (total: 90s)
2026-09-24 12:24:17,013 - RLController - INFO -   Example: junction B2 -> durations [24, 22, 22, 22] (total: 90s)
2026-09-24 12:24:17,013 - RLController - INFO -   Example: junction B4 -> durations [24, 22, 22, 22] (total: 90s)
2026-09-24 12:24:17,013 - RLController - INFO -   Example: junction B5 -> durations [60, 10, 10, 10] (total: 90s)
2026-09-24 12:24:17,013 - RLController - INFO -   Example: junction C0 -> durations [22, 22, 24, 22] (total: 90s)
2026-09-24 12:24:17,013 - RLController - INFO -   Example: junction C1 -> durations [24, 22, 22, 22] (total: 90s)
2026-09-24 12:24:17,013 - RLController - INFO -   Example: junction C2 -> durations [57, 13, 10, 10] (total: 90s)
2026-09-24 12:24:17,013 - RLController - INFO -   Example: junction C3 -> durations [60, 10, 10, 10] (total: 90s)
2026-09-24 12:24:17,013 - RLController - INFO -   Example: junction C4 -> durations [57, 11, 11, 11] (total: 90s)
2026-09-24 12:24:17,013 - RLController - INFO -   Example: junction C5 -> durations [57, 11, 11, 11] (total: 90s)
2026-09-24 12:24:17,013 - RLController - INFO -   Example: junction D0 -> durations [24, 22, 22, 22] (total: 90s)
2026-09-24 12:24:17,014 - RLController - INFO -   Example: junction D1 -> durations [21, 21, 27, 21] (total: 90s)
2026-09-24 12:24:17,014 - RLController - INFO -   Example: junction D2 -> durations [45, 15, 15, 15] (total: 90s)
2026-09-24 12:24:17,014 - RLController - INFO -   Example: junction D3 -> durations [24, 22, 22, 22] (total: 90s)
2026-09-24 12:24:17,014 - RLController - INFO -   Example: junction D4 -> durations [24, 22, 22, 22] (total: 90s)
2026-09-24 12:24:17,014 - RLController - INFO -   Example: junction D5 -> durations [13, 13, 51, 13] (total: 90s)
2026-09-24 12:24:17,014 - RLController - INFO -   Example: junction E0 -> durations [24, 22, 22, 22] (total: 90s)
2026-09-24 12:24:17,014 - RLController - INFO -   Example: junction E1 -> durations [24, 22, 22, 22] (total: 90s)
2026-09-24 12:24:17,015 - RLController - INFO -   Stored schedules for 34 junctions, cycle starts at step 1800
2026-09-24 12:24:18,968 - RLController - INFO - DIAGNOSTIC Step 1890 - Observation stats:
2026-09-24 12:24:18,968 - RLController - INFO -   Hash: 2814013621871218277, Min: 0.000000, Max: 1.000000, Mean: 0.403298, Std: 0.449165
2026-09-24 12:24:18,969 - RLController - INFO -   First 10: [1.         0.         0.         0.         0.         0.5
 0.         1.         0.99333334 1.        ]
2026-09-24 12:24:18,969 - RLController - INFO -   Last 10: [0.         0.2        0.         0.08333334 0.41666666 0.00259115
 0.0615812  0.5949376  0.         0.3       ]
2026-09-24 12:24:18,973 - RLController - INFO - DIAGNOSTIC - Raw model action output:
2026-09-24 12:24:18,973 - RLController - INFO -   Action hash: -651298535229250011
2026-09-24 12:24:18,973 - RLController - INFO -   First 8 values: [ -7.352468 -10.       -10.       -10.       -10.       -10.
 -10.       -10.      ]
2026-09-24 12:24:18,974 - RLController - INFO -   Last 8 values: [-10.        -10.        -10.        -10.        -10.         -1.6947081
 -10.        -10.       ]
2026-09-24 12:24:18,974 - RLController - INFO -   Action shape: (136,), min: -10.000000, max: 4.991250, mean: -9.250588
2026-09-24 12:24:18,974 - RLController - INFO -   B0 junction (indices 16-19) raw values: [ -9.568656 -10.       -10.       -10.      ]
2026-09-24 12:24:18,974 - RLController - INFO - Using CONTINUOUS DURATION-BASED mode
2026-09-24 12:24:18,974 - RLController - INFO -   Example: junction A0 -> durations [51, 13, 13, 13] (total: 90s)
2026-09-24 12:24:18,974 - RLController - INFO -   Example: junction A1 -> durations [24, 22, 22, 22] (total: 90s)
2026-09-24 12:24:18,975 - RLController - INFO -   Example: junction A2 -> durations [12, 12, 54, 12] (total: 90s)
2026-09-24 12:24:18,975 - RLController - INFO -   Example: junction A4 -> durations [60, 10, 10, 10] (total: 90s)
2026-09-24 12:24:18,975 - RLController - INFO -   Example: junction A5 -> durations [24, 22, 22, 22] (total: 90s)
2026-09-24 12:24:18,975 - RLController - INFO -   Example: junction B0 -> durations [24, 22, 22, 22] (total: 90s)
2026-09-24 12:24:18,975 - RLController - INFO -   Example: junction B1 -> durations [24, 22, 22, 22] (total: 90s)
2026-09-24 12:24:18,975 - RLController - INFO -   Example: junction B2 -> durations [24, 22, 22, 22] (total: 90s)
2026-09-24 12:24:18,975 - RLController - INFO -   Example: junction B4 -> durations [24, 22, 22, 22] (total: 90s)
2026-09-24 12:24:18,976 - RLController - INFO -   Example: junction B5 -> durations [60, 10, 10, 10] (total: 90s)
2026-09-24 12:24:18,976 - RLController - INFO -   Example: junction C0 -> durations [22, 22, 24, 22] (total: 90s)
2026-09-24 12:24:18,976 - RLController - INFO -   Example: junction C1 -> durations [24, 22, 22, 22] (total: 90s)
2026-09-24 12:24:18,976 - RLController - INFO -   Example: junction C2 -> durations [57, 13, 10, 10] (total: 90s)
2026-09-24 12:24:18,976 - RLController - INFO -   Example: junction C3 -> durations [60, 10, 10, 10] (total: 90s)
2026-09-24 12:24:18,976 - RLController - INFO -   Example: junction C4 -> durations [57, 11, 11, 11] (total: 90s)
2026-09-24 12:24:18,976 - RLController - INFO -   Example: junction C5 -> durations [57, 11, 11, 11] (total: 90s)
2026-09-24 12:24:18,976 - RLController - INFO -   Example: junction D0 -> durations [24, 22, 22, 22] (total: 90s)
2026-09-24 12:24:18,977 - RLController - INFO -   Example: junction D1 -> durations [21, 21, 27, 21] (total: 90s)
2026-09-24 12:24:18,977 - RLController - INFO -   Example: junction D2 -> durations [45, 15, 15, 15] (total: 90s)
2026-09-24 12:24:18,977 - RLController - INFO -   Example: junction D3 -> durations [24, 22, 22, 22] (total: 90s)
2026-09-24 12:24:18,977 - RLController - INFO -   Example: junction D4 -> durations [24, 22, 22, 22] (total: 90s)
2026-09-24 12:24:18,977 - RLController - INFO -   Example: junction D5 -> durations [13, 13, 51, 13] (total: 90s)
2026-09-24 12:24:18,977 - RLController - INFO -   Example: junction E0 -> durations [24, 22, 22, 22] (total: 90s)
2026-09-24 12:24:18,977 - RLController - INFO -   Example: junction E1 -> durations [24, 22, 22, 22] (total: 90s)
2026-09-24 12:24:18,978 - RLController - INFO -   Stored schedules for 34 junctions, cycle starts at step 1890
2026-09-24 12:24:20,827 - RLController - INFO - DIAGNOSTIC Step 1980 - Observation stats:
2026-09-24 12:24:20,828 - RLController - INFO -   Hash: 3858076060603305938, Min: 0.000000, Max: 1.000000, Mean: 0.408746, Std: 0.449772
2026-09-24 12:24:20,828 - RLController - INFO -   First 10: [1.         0.         0.         0.         0.         0.5
 0.         1.         0.99333334 1.        ]
2026-09-24 12:24:20,828 - RLController - INFO -   Last 10: [0.         0.2        0.         0.08333334 0.42307693 0.00310539
 0.06235043 0.5928195  0.         0.3       ]
2026-09-24 12:24:20,855 - RLController - INFO - DIAGNOSTIC - Raw model action output:
2026-09-24 12:24:20,855 - RLController - INFO -   Action hash: -7335699406640694640
2026-09-24 12:24:20,855 - RLController - INFO -   First 8 values: [ -7.2456136 -10.        -10.        -10.        -10.        -10.
 -10.        -10.       ]
2026-09-24 12:24:20,855 - RLController - INFO -   Last 8 values: [-10.         -10.         -10.         -10.         -10.
  -0.46361992 -10.         -10.        ]
2026-09-24 12:24:20,855 - RLController - INFO -   Action shape: (136,), min: -10.000000, max: 5.078357, mean: -9.235332
2026-09-24 12:24:20,856 - RLController - INFO -   B0 junction (indices 16-19) raw values: [ -9.364431 -10.       -10.       -10.      ]
2026-09-24 12:24:20,856 - RLController - INFO - Using CONTINUOUS DURATION-BASED mode
2026-09-24 12:24:20,856 - RLController - INFO -   Example: junction A0 -> durations [51, 13, 13, 13] (total: 90s)
2026-09-24 12:24:20,856 - RLController - INFO -   Example: junction A1 -> durations [24, 22, 22, 22] (total: 90s)
2026-09-24 12:24:20,856 - RLController - INFO -   Example: junction A2 -> durations [12, 12, 54, 12] (total: 90s)
2026-09-24 12:24:20,856 - RLController - INFO -   Example: junction A4 -> durations [60, 10, 10, 10] (total: 90s)
2026-09-24 12:24:20,856 - RLController - INFO -   Example: junction A5 -> durations [24, 22, 22, 22] (total: 90s)
2026-09-24 12:24:20,857 - RLController - INFO -   Example: junction B0 -> durations [24, 22, 22, 22] (total: 90s)
2026-09-24 12:24:20,857 - RLController - INFO -   Example: junction B1 -> durations [24, 22, 22, 22] (total: 90s)
2026-09-24 12:24:20,857 - RLController - INFO -   Example: junction B2 -> durations [24, 22, 22, 22] (total: 90s)
2026-09-24 12:24:20,857 - RLController - INFO -   Example: junction B4 -> durations [24, 22, 22, 22] (total: 90s)
2026-09-24 12:24:20,857 - RLController - INFO -   Example: junction B5 -> durations [60, 10, 10, 10] (total: 90s)
2026-09-24 12:24:20,857 - RLController - INFO -   Example: junction C0 -> durations [22, 22, 24, 22] (total: 90s)
2026-09-24 12:24:20,857 - RLController - INFO -   Example: junction C1 -> durations [24, 22, 22, 22] (total: 90s)
2026-09-24 12:24:20,858 - RLController - INFO -   Example: junction C2 -> durations [57, 13, 10, 10] (total: 90s)
2026-09-24 12:24:20,858 - RLController - INFO -   Example: junction C3 -> durations [60, 10, 10, 10] (total: 90s)
2026-09-24 12:24:20,858 - RLController - INFO -   Example: junction C4 -> durations [57, 11, 11, 11] (total: 90s)
2026-09-24 12:24:20,858 - RLController - INFO -   Example: junction C5 -> durations [57, 11, 11, 11] (total: 90s)
2026-09-24 12:24:20,858 - RLController - INFO -   Example: junction D0 -> durations [24, 22, 22, 22] (total: 90s)
2026-09-24 12:24:20,858 - RLController - INFO -   Example: junction D1 -> durations [21, 21, 27, 21] (total: 90s)
2026-09-24 12:24:20,858 - RLController - INFO -   Example: junction D2 -> durations [45, 15, 15, 15] (total: 90s)
2026-09-24 12:24:20,859 - RLController - INFO -   Example: junction D3 -> durations [24, 22, 22, 22] (total: 90s)
2026-09-24 12:24:20,859 - RLController - INFO -   Example: junction D4 -> durations [24, 22, 22, 22] (total: 90s)
2026-09-24 12:24:20,859 - RLController - INFO -   Example: junction D5 -> durations [13, 13, 51, 13] (total: 90s)
2026-09-24 12:24:20,859 - RLController - INFO -   Example: junction E0 -> durations [24, 22, 22, 22] (total: 90s)
2026-09-24 12:24:20,859 - RLController - INFO -   Example: junction E1 -> durations [24, 22, 22, 22] (total: 90s)
2026-09-24 12:24:20,860 - RLController - INFO -   Stored schedules for 34 junctions, cycle starts at step 1980
2026-09-24 12:24:23,214 - RLController - INFO - DIAGNOSTIC Step 2070 - Observation stats:
2026-09-24 12:24:23,214 - RLController - INFO -   Hash: -5911923844181743457, Min: 0.000000, Max: 1.000000, Mean: 0.404964, Std: 0.450100
2026-09-24 12:24:23,214 - RLController - INFO -   First 10: [1.  0.  0.  0.  0.  0.5 1.  0.  0.  0. ]
2026-09-24 12:24:23,214 - RLController - INFO -   Last 10: [0.         0.2        0.         0.08333334 0.42948717 0.00242233
 0.06512821 0.57858825 0.         0.3       ]
2026-09-24 12:24:23,229 - RLController - INFO - DIAGNOSTIC - Raw model action output:
2026-09-24 12:24:23,229 - RLController - INFO -   Action hash: -20806096974260990
2026-09-24 12:24:23,229 - RLController - INFO -   First 8 values: [ -7.2447376 -10.        -10.        -10.        -10.        -10.
 -10.        -10.       ]
2026-09-24 12:24:23,230 - RLController - INFO -   Last 8 values: [-10.        -10.        -10.        -10.        -10.         -2.4720852
 -10.        -10.       ]
2026-09-24 12:24:23,230 - RLController - INFO -   Action shape: (136,), min: -10.000000, max: 5.065073, mean: -9.248621
2026-09-24 12:24:23,230 - RLController - INFO -   B0 junction (indices 16-19) raw values: [ -9.437291 -10.       -10.       -10.      ]
2026-09-24 12:24:23,230 - RLController - INFO - Using CONTINUOUS DURATION-BASED mode
2026-09-24 12:24:23,230 - RLController - INFO -   Example: junction A0 -> durations [51, 13, 13, 13] (total: 90s)
2026-09-24 12:24:23,230 - RLController - INFO -   Example: junction A1 -> durations [24, 22, 22, 22] (total: 90s)
2026-09-24 12:24:23,230 - RLController - INFO -   Example: junction A2 -> durations [12, 12, 54, 12] (total: 90s)
2026-09-24 12:24:23,231 - RLController - INFO -   Example: junction A4 -> durations [60, 10, 10, 10] (total: 90s)
2026-09-24 12:24:23,231 - RLController - INFO -   Example: junction A5 -> durations [24, 22, 22, 22] (total: 90s)
2026-09-24 12:24:23,231 - RLController - INFO -   Example: junction B0 -> durations [24, 22, 22, 22] (total: 90s)
2026-09-24 12:24:23,231 - RLController - INFO -   Example: junction B1 -> durations [24, 22, 22, 22] (total: 90s)
2026-09-24 12:24:23,231 - RLController - INFO -   Example: junction B2 -> durations [24, 22, 22, 22] (total: 90s)
2026-09-24 12:24:23,231 - RLController - INFO -   Example: junction B4 -> durations [24, 22, 22, 22] (total: 90s)
2026-09-24 12:24:23,231 - RLController - INFO -   Example: junction B5 -> durations [60, 10, 10, 10] (total: 90s)
2026-09-24 12:24:23,232 - RLController - INFO -   Example: junction C0 -> durations [22, 22, 24, 22] (total: 90s)
2026-09-24 12:24:23,232 - RLController - INFO -   Example: junction C1 -> durations [24, 22, 22, 22] (total: 90s)
2026-09-24 12:24:23,232 - RLController - INFO -   Example: junction C2 -> durations [57, 13, 10, 10] (total: 90s)
2026-09-24 12:24:23,232 - RLController - INFO -   Example: junction C3 -> durations [60, 10, 10, 10] (total: 90s)
2026-09-24 12:24:23,232 - RLController - INFO -   Example: junction C4 -> durations [57, 11, 11, 11] (total: 90s)
2026-09-24 12:24:23,232 - RLController - INFO -   Example: junction C5 -> durations [57, 11, 11, 11] (total: 90s)
2026-09-24 12:24:23,232 - RLController - INFO -   Example: junction D0 -> durations [24, 22, 22, 22] (total: 90s)
2026-09-24 12:24:23,232 - RLController - INFO -   Example: junction D1 -> durations [21, 21, 27, 21] (total: 90s)
2026-09-24 12:24:23,233 - RLController - INFO -   Example: junction D2 -> durations [45, 15, 15, 15] (total: 90s)
2026-09-24 12:24:23,233 - RLController - INFO -   Example: junction D3 -> durations [24, 22, 22, 22] (total: 90s)
2026-09-24 12:24:23,233 - RLController - INFO -   Example: junction D4 -> durations [24, 22, 22, 22] (total: 90s)
2026-09-24 12:24:23,233 - RLController - INFO -   Example: junction D5 -> durations [13, 13, 51, 13] (total: 90s)
2026-09-24 12:24:23,233 - RLController - INFO -   Example: junction E0 -> durations [24, 22, 22, 22] (total: 90s)
2026-09-24 12:24:23,233 - RLController - INFO -   Example: junction E1 -> durations [24, 22, 22, 22] (total: 90s)
2026-09-24 12:24:23,234 - RLController - INFO -   Stored schedules for 34 junctions, cycle starts at step 2070
2026-09-24 12:24:24,989 - RLController - INFO - DIAGNOSTIC Step 2160 - Observation stats:
2026-09-24 12:24:24,989 - RLController - INFO -   Hash: -1694805821801266052, Min: 0.000000, Max: 1.000000, Mean: 0.410654, Std: 0.451198
2026-09-24 12:24:24,989 - RLController - INFO -   First 10: [1.  0.  0.  0.  0.  0.5 1.  0.  0.  0. ]
2026-09-24 12:24:24,989 - RLController - INFO -   Last 10: [0.         0.2        0.         0.08333334 0.44230768 0.00327503
 0.06623932 0.5714111  0.         0.3       ]
2026-09-24 12:24:24,993 - RLController - INFO - DIAGNOSTIC - Raw model action output:
2026-09-24 12:24:24,993 - RLController - INFO -   Action hash: 215287520944323937
2026-09-24 12:24:24,994 - RLController - INFO -   First 8 values: [ -7.1581254 -10.        -10.        -10.        -10.        -10.
 -10.        -10.       ]
2026-09-24 12:24:24,994 - RLController - INFO -   Last 8 values: [-10.        -10.        -10.        -10.        -10.         -1.7948334
 -10.        -10.       ]
2026-09-24 12:24:24,994 - RLController - INFO -   Action shape: (136,), min: -10.000000, max: 5.617221, mean: -9.245637
2026-09-24 12:24:24,994 - RLController - INFO -   B0 junction (indices 16-19) raw values: [ -9.452872 -10.       -10.       -10.      ]
2026-09-24 12:24:24,994 - RLController - INFO - Using CONTINUOUS DURATION-BASED mode
2026-09-24 12:24:24,994 - RLController - INFO -   Example: junction A0 -> durations [51, 13, 13, 13] (total: 90s)
2026-09-24 12:24:24,994 - RLController - INFO -   Example: junction A1 -> durations [24, 22, 22, 22] (total: 90s)
2026-09-24 12:24:24,995 - RLController - INFO -   Example: junction A2 -> durations [12, 12, 54, 12] (total: 90s)
2026-09-24 12:24:24,995 - RLController - INFO -   Example: junction A4 -> durations [60, 10, 10, 10] (total: 90s)
2026-09-24 12:24:24,995 - RLController - INFO -   Example: junction A5 -> durations [24, 22, 22, 22] (total: 90s)
2026-09-24 12:24:24,995 - RLController - INFO -   Example: junction B0 -> durations [24, 22, 22, 22] (total: 90s)
2026-09-24 12:24:24,995 - RLController - INFO -   Example: junction B1 -> durations [24, 22, 22, 22] (total: 90s)
2026-09-24 12:24:24,995 - RLController - INFO -   Example: junction B2 -> durations [24, 22, 22, 22] (total: 90s)
2026-09-24 12:24:24,995 - RLController - INFO -   Example: junction B4 -> durations [24, 22, 22, 22] (total: 90s)
2026-09-24 12:24:24,995 - RLController - INFO -   Example: junction B5 -> durations [60, 10, 10, 10] (total: 90s)
2026-09-24 12:24:24,995 - RLController - INFO -   Example: junction C0 -> durations [22, 22, 24, 22] (total: 90s)
2026-09-24 12:24:24,996 - RLController - INFO -   Example: junction C1 -> durations [24, 22, 22, 22] (total: 90s)
2026-09-24 12:24:24,996 - RLController - INFO -   Example: junction C2 -> durations [57, 13, 10, 10] (total: 90s)
2026-09-24 12:24:24,996 - RLController - INFO -   Example: junction C3 -> durations [60, 10, 10, 10] (total: 90s)
2026-09-24 12:24:24,996 - RLController - INFO -   Example: junction C4 -> durations [57, 11, 11, 11] (total: 90s)
2026-09-24 12:24:24,996 - RLController - INFO -   Example: junction C5 -> durations [57, 11, 11, 11] (total: 90s)
2026-09-24 12:24:24,996 - RLController - INFO -   Example: junction D0 -> durations [24, 22, 22, 22] (total: 90s)
2026-09-24 12:24:24,996 - RLController - INFO -   Example: junction D1 -> durations [21, 21, 27, 21] (total: 90s)
2026-09-24 12:24:24,996 - RLController - INFO -   Example: junction D2 -> durations [45, 15, 15, 15] (total: 90s)
2026-09-24 12:24:24,996 - RLController - INFO -   Example: junction D3 -> durations [24, 22, 22, 22] (total: 90s)
2026-09-24 12:24:24,996 - RLController - INFO -   Example: junction D4 -> durations [24, 22, 22, 22] (total: 90s)
2026-09-24 12:24:24,997 - RLController - INFO -   Example: junction D5 -> durations [13, 13, 51, 13] (total: 90s)
2026-09-24 12:24:24,997 - RLController - INFO -   Example: junction E0 -> durations [24, 22, 22, 22] (total: 90s)
2026-09-24 12:24:24,997 - RLController - INFO -   Example: junction E1 -> durations [24, 22, 22, 22] (total: 90s)
2026-09-24 12:24:24,997 - RLController - INFO -   Stored schedules for 34 junctions, cycle starts at step 2160
2026-09-24 12:24:27,358 - RLController - INFO - DIAGNOSTIC Step 2250 - Observation stats:
2026-09-24 12:24:27,359 - RLController - INFO -   Hash: 1202035265784641785, Min: 0.000000, Max: 1.000000, Mean: 0.414403, Std: 0.451567
2026-09-24 12:24:27,360 - RLController - INFO -   First 10: [1.  0.  0.  0.  0.  0.5 1.  0.  0.  0. ]
2026-09-24 12:24:27,360 - RLController - INFO -   Last 10: [0.         0.2        0.         0.08333334 0.44444445 0.00329074
 0.06645299 0.5685506  0.         0.3       ]
2026-09-24 12:24:27,378 - RLController - INFO - DIAGNOSTIC - Raw model action output:
2026-09-24 12:24:27,378 - RLController - INFO -   Action hash: -6352206113479468951
2026-09-24 12:24:27,378 - RLController - INFO -   First 8 values: [ -7.26504 -10.      -10.      -10.      -10.      -10.      -10.
 -10.     ]
2026-09-24 12:24:27,379 - RLController - INFO -   Last 8 values: [-10.        -10.        -10.        -10.        -10.         -2.8936033
 -10.        -10.       ]
2026-09-24 12:24:27,379 - RLController - INFO -   Action shape: (136,), min: -10.000000, max: 4.800028, mean: -9.251052
2026-09-24 12:24:27,379 - RLController - INFO -   B0 junction (indices 16-19) raw values: [ -9.772767 -10.       -10.       -10.      ]
2026-09-24 12:24:27,379 - RLController - INFO - Using CONTINUOUS DURATION-BASED mode
2026-09-24 12:24:27,379 - RLController - INFO -   Example: junction A0 -> durations [51, 13, 13, 13] (total: 90s)
2026-09-24 12:24:27,379 - RLController - INFO -   Example: junction A1 -> durations [24, 22, 22, 22] (total: 90s)
2026-09-24 12:24:27,379 - RLController - INFO -   Example: junction A2 -> durations [12, 12, 54, 12] (total: 90s)
2026-09-24 12:24:27,380 - RLController - INFO -   Example: junction A4 -> durations [60, 10, 10, 10] (total: 90s)
2026-09-24 12:24:27,380 - RLController - INFO -   Example: junction A5 -> durations [24, 22, 22, 22] (total: 90s)
2026-09-24 12:24:27,380 - RLController - INFO -   Example: junction B0 -> durations [24, 22, 22, 22] (total: 90s)
2026-09-24 12:24:27,380 - RLController - INFO -   Example: junction B1 -> durations [24, 22, 22, 22] (total: 90s)
2026-09-24 12:24:27,380 - RLController - INFO -   Example: junction B2 -> durations [24, 22, 22, 22] (total: 90s)
2026-09-24 12:24:27,380 - RLController - INFO -   Example: junction B4 -> durations [24, 22, 22, 22] (total: 90s)
2026-09-24 12:24:27,380 - RLController - INFO -   Example: junction B5 -> durations [60, 10, 10, 10] (total: 90s)
2026-09-24 12:24:27,381 - RLController - INFO -   Example: junction C0 -> durations [22, 22, 24, 22] (total: 90s)
2026-09-24 12:24:27,381 - RLController - INFO -   Example: junction C1 -> durations [24, 22, 22, 22] (total: 90s)
2026-09-24 12:24:27,381 - RLController - INFO -   Example: junction C2 -> durations [57, 13, 10, 10] (total: 90s)
2026-09-24 12:24:27,381 - RLController - INFO -   Example: junction C3 -> durations [60, 10, 10, 10] (total: 90s)
2026-09-24 12:24:27,381 - RLController - INFO -   Example: junction C4 -> durations [57, 11, 11, 11] (total: 90s)
2026-09-24 12:24:27,381 - RLController - INFO -   Example: junction C5 -> durations [57, 11, 11, 11] (total: 90s)
2026-09-24 12:24:27,381 - RLController - INFO -   Example: junction D0 -> durations [24, 22, 22, 22] (total: 90s)
2026-09-24 12:24:27,381 - RLController - INFO -   Example: junction D1 -> durations [21, 21, 27, 21] (total: 90s)
2026-09-24 12:24:27,382 - RLController - INFO -   Example: junction D2 -> durations [45, 15, 15, 15] (total: 90s)
2026-09-24 12:24:27,382 - RLController - INFO -   Example: junction D3 -> durations [24, 22, 22, 22] (total: 90s)
2026-09-24 12:24:27,382 - RLController - INFO -   Example: junction D4 -> durations [24, 22, 22, 22] (total: 90s)
2026-09-24 12:24:27,382 - RLController - INFO -   Example: junction D5 -> durations [13, 13, 51, 13] (total: 90s)
2026-09-24 12:24:27,382 - RLController - INFO -   Example: junction E0 -> durations [24, 22, 22, 22] (total: 90s)
2026-09-24 12:24:27,382 - RLController - INFO -   Example: junction E1 -> durations [24, 22, 22, 22] (total: 90s)
2026-09-24 12:24:27,383 - RLController - INFO -   Stored schedules for 34 junctions, cycle starts at step 2250
2026-09-24 12:24:29,250 - RLController - INFO - DIAGNOSTIC Step 2340 - Observation stats:
2026-09-24 12:24:29,250 - RLController - INFO -   Hash: -6220269340378743526, Min: 0.000000, Max: 1.000000, Mean: 0.406425, Std: 0.449000
2026-09-24 12:24:29,250 - RLController - INFO -   First 10: [1.  0.  0.  0.  0.  0.5 1.  0.  0.  0. ]
2026-09-24 12:24:29,250 - RLController - INFO -   Last 10: [0.         0.2        0.         0.08333334 0.43162394 0.0029804
 0.06606837 0.5830591  0.         0.3       ]
2026-09-24 12:24:29,254 - RLController - INFO - DIAGNOSTIC - Raw model action output:
2026-09-24 12:24:29,254 - RLController - INFO -   Action hash: -1105143495855777102
2026-09-24 12:24:29,254 - RLController - INFO -   First 8 values: [ -7.316933 -10.       -10.       -10.       -10.       -10.
 -10.       -10.      ]
2026-09-24 12:24:29,255 - RLController - INFO -   Last 8 values: [-10.        -10.        -10.        -10.        -10.         -2.9953952
 -10.        -10.       ]
2026-09-24 12:24:29,255 - RLController - INFO -   Action shape: (136,), min: -10.000000, max: 4.546871, mean: -9.246283
2026-09-24 12:24:29,255 - RLController - INFO -   B0 junction (indices 16-19) raw values: [ -9.411766 -10.       -10.       -10.      ]
2026-09-24 12:24:29,255 - RLController - INFO - Using CONTINUOUS DURATION-BASED mode
2026-09-24 12:24:29,255 - RLController - INFO -   Example: junction A0 -> durations [51, 13, 13, 13] (total: 90s)
2026-09-24 12:24:29,255 - RLController - INFO -   Example: junction A1 -> durations [24, 22, 22, 22] (total: 90s)
2026-09-24 12:24:29,255 - RLController - INFO -   Example: junction A2 -> durations [12, 12, 54, 12] (total: 90s)
2026-09-24 12:24:29,255 - RLController - INFO -   Example: junction A4 -> durations [60, 10, 10, 10] (total: 90s)
2026-09-24 12:24:29,255 - RLController - INFO -   Example: junction A5 -> durations [24, 22, 22, 22] (total: 90s)
2026-09-24 12:24:29,256 - RLController - INFO -   Example: junction B0 -> durations [24, 22, 22, 22] (total: 90s)
2026-09-24 12:24:29,256 - RLController - INFO -   Example: junction B1 -> durations [24, 22, 22, 22] (total: 90s)
2026-09-24 12:24:29,256 - RLController - INFO -   Example: junction B2 -> durations [24, 22, 22, 22] (total: 90s)
2026-09-24 12:24:29,256 - RLController - INFO -   Example: junction B4 -> durations [24, 22, 22, 22] (total: 90s)
2026-09-24 12:24:29,256 - RLController - INFO -   Example: junction B5 -> durations [60, 10, 10, 10] (total: 90s)
2026-09-24 12:24:29,256 - RLController - INFO -   Example: junction C0 -> durations [22, 22, 24, 22] (total: 90s)
2026-09-24 12:24:29,256 - RLController - INFO -   Example: junction C1 -> durations [24, 22, 22, 22] (total: 90s)
2026-09-24 12:24:29,256 - RLController - INFO -   Example: junction C2 -> durations [57, 13, 10, 10] (total: 90s)
2026-09-24 12:24:29,256 - RLController - INFO -   Example: junction C3 -> durations [60, 10, 10, 10] (total: 90s)
2026-09-24 12:24:29,257 - RLController - INFO -   Example: junction C4 -> durations [57, 11, 11, 11] (total: 90s)
2026-09-24 12:24:29,257 - RLController - INFO -   Example: junction C5 -> durations [57, 11, 11, 11] (total: 90s)
2026-09-24 12:24:29,257 - RLController - INFO -   Example: junction D0 -> durations [24, 22, 22, 22] (total: 90s)
2026-09-24 12:24:29,257 - RLController - INFO -   Example: junction D1 -> durations [21, 21, 27, 21] (total: 90s)
2026-09-24 12:24:29,257 - RLController - INFO -   Example: junction D2 -> durations [45, 15, 15, 15] (total: 90s)
2026-09-24 12:24:29,257 - RLController - INFO -   Example: junction D3 -> durations [24, 22, 22, 22] (total: 90s)
2026-09-24 12:24:29,257 - RLController - INFO -   Example: junction D4 -> durations [24, 22, 22, 22] (total: 90s)
2026-09-24 12:24:29,257 - RLController - INFO -   Example: junction D5 -> durations [13, 13, 51, 13] (total: 90s)
2026-09-24 12:24:29,257 - RLController - INFO -   Example: junction E0 -> durations [24, 22, 22, 22] (total: 90s)
2026-09-24 12:24:29,257 - RLController - INFO -   Example: junction E1 -> durations [24, 22, 22, 22] (total: 90s)
2026-09-24 12:24:29,258 - RLController - INFO -   Stored schedules for 34 junctions, cycle starts at step 2340
2026-09-24 12:24:31,114 - RLController - INFO - DIAGNOSTIC Step 2430 - Observation stats:
2026-09-24 12:24:31,115 - RLController - INFO -   Hash: -2449193015657062208, Min: 0.000000, Max: 1.000000, Mean: 0.421804, Std: 0.453398
2026-09-24 12:24:31,115 - RLController - INFO -   First 10: [1.         0.         0.         0.         0.         0.5
 0.         0.         0.99333334 1.        ]
2026-09-24 12:24:31,116 - RLController - INFO -   Last 10: [0.         0.2        0.         0.08333334 0.4636752  0.00256067
 0.06884615 0.5471145  0.         0.3       ]
2026-09-24 12:24:31,121 - RLController - INFO - DIAGNOSTIC - Raw model action output:
2026-09-24 12:24:31,121 - RLController - INFO -   Action hash: -7193111150762053129
2026-09-24 12:24:31,121 - RLController - INFO -   First 8 values: [ -7.44234 -10.      -10.      -10.      -10.      -10.      -10.
 -10.     ]
2026-09-24 12:24:31,121 - RLController - INFO -   Last 8 values: [-10.        -10.        -10.        -10.        -10.         -3.2938788
 -10.        -10.       ]
2026-09-24 12:24:31,122 - RLController - INFO -   Action shape: (136,), min: -10.000000, max: 4.794516, mean: -9.250627
2026-09-24 12:24:31,122 - RLController - INFO -   B0 junction (indices 16-19) raw values: [ -9.6968565 -10.        -10.        -10.       ]
2026-09-24 12:24:31,122 - RLController - INFO - Using CONTINUOUS DURATION-BASED mode
2026-09-24 12:24:31,122 - RLController - INFO -   Example: junction A0 -> durations [51, 13, 13, 13] (total: 90s)
2026-09-24 12:24:31,122 - RLController - INFO -   Example: junction A1 -> durations [24, 22, 22, 22] (total: 90s)
2026-09-24 12:24:31,122 - RLController - INFO -   Example: junction A2 -> durations [12, 12, 54, 12] (total: 90s)
2026-09-24 12:24:31,122 - RLController - INFO -   Example: junction A4 -> durations [60, 10, 10, 10] (total: 90s)
2026-09-24 12:24:31,123 - RLController - INFO -   Example: junction A5 -> durations [24, 22, 22, 22] (total: 90s)
2026-09-24 12:24:31,123 - RLController - INFO -   Example: junction B0 -> durations [24, 22, 22, 22] (total: 90s)
2026-09-24 12:24:31,123 - RLController - INFO -   Example: junction B1 -> durations [24, 22, 22, 22] (total: 90s)
2026-09-24 12:24:31,123 - RLController - INFO -   Example: junction B2 -> durations [24, 22, 22, 22] (total: 90s)
2026-09-24 12:24:31,123 - RLController - INFO -   Example: junction B4 -> durations [24, 22, 22, 22] (total: 90s)
2026-09-24 12:24:31,123 - RLController - INFO -   Example: junction B5 -> durations [60, 10, 10, 10] (total: 90s)
2026-09-24 12:24:31,123 - RLController - INFO -   Example: junction C0 -> durations [22, 22, 24, 22] (total: 90s)
2026-09-24 12:24:31,124 - RLController - INFO -   Example: junction C1 -> durations [24, 22, 22, 22] (total: 90s)
2026-09-24 12:24:31,124 - RLController - INFO -   Example: junction C2 -> durations [57, 13, 10, 10] (total: 90s)
2026-09-24 12:24:31,124 - RLController - INFO -   Example: junction C3 -> durations [60, 10, 10, 10] (total: 90s)
2026-09-24 12:24:31,124 - RLController - INFO -   Example: junction C4 -> durations [57, 11, 11, 11] (total: 90s)
2026-09-24 12:24:31,124 - RLController - INFO -   Example: junction C5 -> durations [57, 11, 11, 11] (total: 90s)
2026-09-24 12:24:31,124 - RLController - INFO -   Example: junction D0 -> durations [24, 22, 22, 22] (total: 90s)
2026-09-24 12:24:31,124 - RLController - INFO -   Example: junction D1 -> durations [21, 21, 27, 21] (total: 90s)
2026-09-24 12:24:31,124 - RLController - INFO -   Example: junction D2 -> durations [45, 15, 15, 15] (total: 90s)
2026-09-24 12:24:31,125 - RLController - INFO -   Example: junction D3 -> durations [24, 22, 22, 22] (total: 90s)
2026-09-24 12:24:31,125 - RLController - INFO -   Example: junction D4 -> durations [24, 22, 22, 22] (total: 90s)
2026-09-24 12:24:31,125 - RLController - INFO -   Example: junction D5 -> durations [13, 13, 51, 13] (total: 90s)
2026-09-24 12:24:31,125 - RLController - INFO -   Example: junction E0 -> durations [24, 22, 22, 22] (total: 90s)
2026-09-24 12:24:31,125 - RLController - INFO -   Example: junction E1 -> durations [24, 22, 22, 22] (total: 90s)
2026-09-24 12:24:31,126 - RLController - INFO -   Stored schedules for 34 junctions, cycle starts at step 2430
2026-09-24 12:24:33,420 - RLController - INFO - DIAGNOSTIC Step 2520 - Observation stats:
2026-09-24 12:24:33,421 - RLController - INFO -   Hash: -6730802012597147994, Min: 0.000000, Max: 1.000000, Mean: 0.417584, Std: 0.451382
2026-09-24 12:24:33,421 - RLController - INFO -   First 10: [1.  0.  0.  0.  0.  0.5 1.  0.  0.  0. ]
2026-09-24 12:24:33,421 - RLController - INFO -   Last 10: [0.         0.2        0.         0.08333334 0.4594017  0.00338151
 0.06606837 0.5648611  0.         0.3       ]
2026-09-24 12:24:33,425 - RLController - INFO - DIAGNOSTIC - Raw model action output:
2026-09-24 12:24:33,425 - RLController - INFO -   Action hash: -1826875947818786424
2026-09-24 12:24:33,425 - RLController - INFO -   First 8 values: [ -7.031676 -10.       -10.       -10.       -10.       -10.
 -10.       -10.      ]
2026-09-24 12:24:33,425 - RLController - INFO -   Last 8 values: [-10.        -10.        -10.        -10.        -10.         -1.4421408
 -10.        -10.       ]
2026-09-24 12:24:33,425 - RLController - INFO -   Action shape: (136,), min: -10.000000, max: 5.321792, mean: -9.222699
2026-09-24 12:24:33,426 - RLController - INFO -   B0 junction (indices 16-19) raw values: [ -9.76089 -10.      -10.      -10.     ]
2026-09-24 12:24:33,426 - RLController - INFO - Using CONTINUOUS DURATION-BASED mode
2026-09-24 12:24:33,426 - RLController - INFO -   Example: junction A0 -> durations [51, 13, 13, 13] (total: 90s)
2026-09-24 12:24:33,426 - RLController - INFO -   Example: junction A1 -> durations [24, 22, 22, 22] (total: 90s)
2026-09-24 12:24:33,426 - RLController - INFO -   Example: junction A2 -> durations [12, 12, 54, 12] (total: 90s)
2026-09-24 12:24:33,426 - RLController - INFO -   Example: junction A4 -> durations [60, 10, 10, 10] (total: 90s)
2026-09-24 12:24:33,426 - RLController - INFO -   Example: junction A5 -> durations [24, 22, 22, 22] (total: 90s)
2026-09-24 12:24:33,426 - RLController - INFO -   Example: junction B0 -> durations [24, 22, 22, 22] (total: 90s)
2026-09-24 12:24:33,427 - RLController - INFO -   Example: junction B1 -> durations [24, 22, 22, 22] (total: 90s)
2026-09-24 12:24:33,427 - RLController - INFO -   Example: junction B2 -> durations [24, 22, 22, 22] (total: 90s)
2026-09-24 12:24:33,427 - RLController - INFO -   Example: junction B4 -> durations [24, 22, 22, 22] (total: 90s)
2026-09-24 12:24:33,427 - RLController - INFO -   Example: junction B5 -> durations [60, 10, 10, 10] (total: 90s)
2026-09-24 12:24:33,427 - RLController - INFO -   Example: junction C0 -> durations [22, 22, 24, 22] (total: 90s)
2026-09-24 12:24:33,427 - RLController - INFO -   Example: junction C1 -> durations [24, 22, 22, 22] (total: 90s)
2026-09-24 12:24:33,427 - RLController - INFO -   Example: junction C2 -> durations [57, 13, 10, 10] (total: 90s)
2026-09-24 12:24:33,427 - RLController - INFO -   Example: junction C3 -> durations [60, 10, 10, 10] (total: 90s)
2026-09-24 12:24:33,427 - RLController - INFO -   Example: junction C4 -> durations [57, 11, 11, 11] (total: 90s)
2026-09-24 12:24:33,428 - RLController - INFO -   Example: junction C5 -> durations [57, 11, 11, 11] (total: 90s)
2026-09-24 12:24:33,428 - RLController - INFO -   Example: junction D0 -> durations [24, 22, 22, 22] (total: 90s)
2026-09-24 12:24:33,428 - RLController - INFO -   Example: junction D1 -> durations [21, 21, 27, 21] (total: 90s)
2026-09-24 12:24:33,428 - RLController - INFO -   Example: junction D2 -> durations [45, 15, 15, 15] (total: 90s)
2026-09-24 12:24:33,428 - RLController - INFO -   Example: junction D3 -> durations [24, 22, 22, 22] (total: 90s)
2026-09-24 12:24:33,428 - RLController - INFO -   Example: junction D4 -> durations [24, 22, 22, 22] (total: 90s)
2026-09-24 12:24:33,428 - RLController - INFO -   Example: junction D5 -> durations [13, 13, 51, 13] (total: 90s)
2026-09-24 12:24:33,428 - RLController - INFO -   Example: junction E0 -> durations [24, 22, 22, 22] (total: 90s)
2026-09-24 12:24:33,428 - RLController - INFO -   Example: junction E1 -> durations [24, 22, 22, 22] (total: 90s)
2026-09-24 12:24:33,429 - RLController - INFO -   Stored schedules for 34 junctions, cycle starts at step 2520
2026-09-24 12:24:36,009 - RLController - INFO - DIAGNOSTIC Step 2610 - Observation stats:
2026-09-24 12:24:36,009 - RLController - INFO -   Hash: 5462810310280917673, Min: 0.000000, Max: 1.000000, Mean: 0.414352, Std: 0.451690
2026-09-24 12:24:36,009 - RLController - INFO -   First 10: [1.         0.         0.         0.         0.         0.5
 0.         1.         0.99333334 1.        ]
2026-09-24 12:24:36,010 - RLController - INFO -   Last 10: [0.         0.2        0.         0.08333334 0.45299146 0.00281841
 0.06799145 0.55801404 0.         0.3       ]
2026-09-24 12:24:36,013 - RLController - INFO - DIAGNOSTIC - Raw model action output:
2026-09-24 12:24:36,013 - RLController - INFO -   Action hash: 119266667406717237
2026-09-24 12:24:36,013 - RLController - INFO -   First 8 values: [ -7.138275 -10.       -10.       -10.       -10.       -10.
 -10.       -10.      ]
2026-09-24 12:24:36,014 - RLController - INFO -   Last 8 values: [-10.         -10.         -10.         -10.         -10.
  -0.17365189 -10.         -10.        ]
2026-09-24 12:24:36,014 - RLController - INFO -   Action shape: (136,), min: -10.000000, max: 4.858396, mean: -9.250616
2026-09-24 12:24:36,014 - RLController - INFO -   B0 junction (indices 16-19) raw values: [ -9.703239 -10.       -10.       -10.      ]
2026-09-24 12:24:36,014 - RLController - INFO - Using CONTINUOUS DURATION-BASED mode
2026-09-24 12:24:36,014 - RLController - INFO -   Example: junction A0 -> durations [51, 13, 13, 13] (total: 90s)
2026-09-24 12:24:36,014 - RLController - INFO -   Example: junction A1 -> durations [24, 22, 22, 22] (total: 90s)
2026-09-24 12:24:36,015 - RLController - INFO -   Example: junction A2 -> durations [12, 12, 54, 12] (total: 90s)
2026-09-24 12:24:36,015 - RLController - INFO -   Example: junction A4 -> durations [60, 10, 10, 10] (total: 90s)
2026-09-24 12:24:36,015 - RLController - INFO -   Example: junction A5 -> durations [24, 22, 22, 22] (total: 90s)
2026-09-24 12:24:36,015 - RLController - INFO -   Example: junction B0 -> durations [24, 22, 22, 22] (total: 90s)
2026-09-24 12:24:36,015 - RLController - INFO -   Example: junction B1 -> durations [24, 22, 22, 22] (total: 90s)
2026-09-24 12:24:36,015 - RLController - INFO -   Example: junction B2 -> durations [24, 22, 22, 22] (total: 90s)
2026-09-24 12:24:36,015 - RLController - INFO -   Example: junction B4 -> durations [24, 22, 22, 22] (total: 90s)
2026-09-24 12:24:36,016 - RLController - INFO -   Example: junction B5 -> durations [60, 10, 10, 10] (total: 90s)
2026-09-24 12:24:36,016 - RLController - INFO -   Example: junction C0 -> durations [22, 22, 24, 22] (total: 90s)
2026-09-24 12:24:36,016 - RLController - INFO -   Example: junction C1 -> durations [24, 22, 22, 22] (total: 90s)
2026-09-24 12:24:36,016 - RLController - INFO -   Example: junction C2 -> durations [57, 13, 10, 10] (total: 90s)
2026-09-24 12:24:36,016 - RLController - INFO -   Example: junction C3 -> durations [60, 10, 10, 10] (total: 90s)
2026-09-24 12:24:36,016 - RLController - INFO -   Example: junction C4 -> durations [57, 11, 11, 11] (total: 90s)
2026-09-24 12:24:36,016 - RLController - INFO -   Example: junction C5 -> durations [57, 11, 11, 11] (total: 90s)
2026-09-24 12:24:36,017 - RLController - INFO -   Example: junction D0 -> durations [24, 22, 22, 22] (total: 90s)
2026-09-24 12:24:36,017 - RLController - INFO -   Example: junction D1 -> durations [21, 21, 27, 21] (total: 90s)
2026-09-24 12:24:36,017 - RLController - INFO -   Example: junction D2 -> durations [45, 15, 15, 15] (total: 90s)
2026-09-24 12:24:36,017 - RLController - INFO -   Example: junction D3 -> durations [24, 22, 22, 22] (total: 90s)
2026-09-24 12:24:36,017 - RLController - INFO -   Example: junction D4 -> durations [24, 22, 22, 22] (total: 90s)
2026-09-24 12:24:36,017 - RLController - INFO -   Example: junction D5 -> durations [13, 13, 51, 13] (total: 90s)
2026-09-24 12:24:36,017 - RLController - INFO -   Example: junction E0 -> durations [24, 22, 22, 22] (total: 90s)
2026-09-24 12:24:36,018 - RLController - INFO -   Example: junction E1 -> durations [24, 22, 22, 22] (total: 90s)
2026-09-24 12:24:36,018 - RLController - INFO -   Stored schedules for 34 junctions, cycle starts at step 2610
2026-09-24 12:24:38,876 - RLController - INFO - DIAGNOSTIC Step 2700 - Observation stats:
2026-09-24 12:24:38,877 - RLController - INFO -   Hash: 3391293196592106482, Min: 0.000000, Max: 1.000000, Mean: 0.414619, Std: 0.451461
2026-09-24 12:24:38,877 - RLController - INFO -   First 10: [1.  0.  0.  0.  0.  0.5 1.  0.  0.  0. ]
2026-09-24 12:24:38,878 - RLController - INFO -   Last 10: [0.         0.2        0.         0.08333334 0.44871795 0.00312812
 0.0673077  0.569133   0.         0.3       ]
2026-09-24 12:24:38,883 - RLController - INFO - DIAGNOSTIC - Raw model action output:
2026-09-24 12:24:38,883 - RLController - INFO -   Action hash: 7612379417916286372
2026-09-24 12:24:38,883 - RLController - INFO -   First 8 values: [ -7.415175 -10.       -10.       -10.       -10.       -10.
 -10.       -10.      ]
2026-09-24 12:24:38,883 - RLController - INFO -   Last 8 values: [-10.        -10.        -10.        -10.        -10.         -1.1633747
 -10.        -10.       ]
2026-09-24 12:24:38,883 - RLController - INFO -   Action shape: (136,), min: -10.000000, max: 5.342021, mean: -9.258358
2026-09-24 12:24:38,883 - RLController - INFO -   B0 junction (indices 16-19) raw values: [ -9.5975275 -10.        -10.        -10.       ]
2026-09-24 12:24:38,884 - RLController - INFO - Using CONTINUOUS DURATION-BASED mode
2026-09-24 12:24:38,884 - RLController - INFO -   Example: junction A0 -> durations [51, 13, 13, 13] (total: 90s)
2026-09-24 12:24:38,884 - RLController - INFO -   Example: junction A1 -> durations [24, 22, 22, 22] (total: 90s)
2026-09-24 12:24:38,884 - RLController - INFO -   Example: junction A2 -> durations [12, 12, 54, 12] (total: 90s)
2026-09-24 12:24:38,884 - RLController - INFO -   Example: junction A4 -> durations [60, 10, 10, 10] (total: 90s)
2026-09-24 12:24:38,884 - RLController - INFO -   Example: junction A5 -> durations [24, 22, 22, 22] (total: 90s)
2026-09-24 12:24:38,884 - RLController - INFO -   Example: junction B0 -> durations [24, 22, 22, 22] (total: 90s)
2026-09-24 12:24:38,885 - RLController - INFO -   Example: junction B1 -> durations [24, 22, 22, 22] (total: 90s)
2026-09-24 12:24:38,885 - RLController - INFO -   Example: junction B2 -> durations [24, 22, 22, 22] (total: 90s)
2026-09-24 12:24:38,885 - RLController - INFO -   Example: junction B4 -> durations [24, 22, 22, 22] (total: 90s)
2026-09-24 12:24:38,885 - RLController - INFO -   Example: junction B5 -> durations [60, 10, 10, 10] (total: 90s)
2026-09-24 12:24:38,885 - RLController - INFO -   Example: junction C0 -> durations [22, 22, 24, 22] (total: 90s)
2026-09-24 12:24:38,885 - RLController - INFO -   Example: junction C1 -> durations [24, 22, 22, 22] (total: 90s)
2026-09-24 12:24:38,885 - RLController - INFO -   Example: junction C2 -> durations [57, 13, 10, 10] (total: 90s)
2026-09-24 12:24:38,885 - RLController - INFO -   Example: junction C3 -> durations [60, 10, 10, 10] (total: 90s)
2026-09-24 12:24:38,886 - RLController - INFO -   Example: junction C4 -> durations [57, 11, 11, 11] (total: 90s)
2026-09-24 12:24:38,886 - RLController - INFO -   Example: junction C5 -> durations [57, 11, 11, 11] (total: 90s)
2026-09-24 12:24:38,886 - RLController - INFO -   Example: junction D0 -> durations [24, 22, 22, 22] (total: 90s)
2026-09-24 12:24:38,886 - RLController - INFO -   Example: junction D1 -> durations [21, 21, 27, 21] (total: 90s)
2026-09-24 12:24:38,886 - RLController - INFO -   Example: junction D2 -> durations [45, 15, 15, 15] (total: 90s)
2026-09-24 12:24:38,886 - RLController - INFO -   Example: junction D3 -> durations [24, 22, 22, 22] (total: 90s)
2026-09-24 12:24:38,886 - RLController - INFO -   Example: junction D4 -> durations [24, 22, 22, 22] (total: 90s)
2026-09-24 12:24:38,886 - RLController - INFO -   Example: junction D5 -> durations [13, 13, 51, 13] (total: 90s)
2026-09-24 12:24:38,887 - RLController - INFO -   Example: junction E0 -> durations [24, 22, 22, 22] (total: 90s)
2026-09-24 12:24:38,887 - RLController - INFO -   Example: junction E1 -> durations [24, 22, 22, 22] (total: 90s)
2026-09-24 12:24:38,887 - RLController - INFO -   Stored schedules for 34 junctions, cycle starts at step 2700
2026-09-24 12:24:41,403 - RLController - INFO - DIAGNOSTIC Step 2790 - Observation stats:
2026-09-24 12:24:41,403 - RLController - INFO -   Hash: -8661523799277778319, Min: 0.000000, Max: 1.000000, Mean: 0.416346, Std: 0.452524
2026-09-24 12:24:41,404 - RLController - INFO -   First 10: [1.  0.  0.  0.  0.  0.5 1.  0.  0.  0. ]
2026-09-24 12:24:41,404 - RLController - INFO -   Last 10: [0.         0.2        0.         0.08333334 0.44444445 0.00344114
 0.06777778 0.57579565 0.         0.3       ]
2026-09-24 12:24:41,410 - RLController - INFO - DIAGNOSTIC - Raw model action output:
2026-09-24 12:24:41,410 - RLController - INFO -   Action hash: -4766527441153768899
2026-09-24 12:24:41,410 - RLController - INFO -   First 8 values: [ -7.23222 -10.      -10.      -10.      -10.      -10.      -10.
 -10.     ]
2026-09-24 12:24:41,410 - RLController - INFO -   Last 8 values: [-10.        -10.        -10.        -10.        -10.         -0.5738732
 -10.        -10.       ]
2026-09-24 12:24:41,411 - RLController - INFO -   Action shape: (136,), min: -10.000000, max: 4.964799, mean: -9.249085
2026-09-24 12:24:41,411 - RLController - INFO -   B0 junction (indices 16-19) raw values: [ -9.968509 -10.       -10.       -10.      ]
2026-09-24 12:24:41,411 - RLController - INFO - Using CONTINUOUS DURATION-BASED mode
2026-09-24 12:24:41,411 - RLController - INFO -   Example: junction A0 -> durations [51, 13, 13, 13] (total: 90s)
2026-09-24 12:24:41,411 - RLController - INFO -   Example: junction A1 -> durations [24, 22, 22, 22] (total: 90s)
2026-09-24 12:24:41,411 - RLController - INFO -   Example: junction A2 -> durations [12, 12, 54, 12] (total: 90s)
2026-09-24 12:24:41,412 - RLController - INFO -   Example: junction A4 -> durations [60, 10, 10, 10] (total: 90s)
2026-09-24 12:24:41,412 - RLController - INFO -   Example: junction A5 -> durations [24, 22, 22, 22] (total: 90s)
2026-09-24 12:24:41,412 - RLController - INFO -   Example: junction B0 -> durations [24, 22, 22, 22] (total: 90s)
2026-09-24 12:24:41,412 - RLController - INFO -   Example: junction B1 -> durations [24, 22, 22, 22] (total: 90s)
2026-09-24 12:24:41,412 - RLController - INFO -   Example: junction B2 -> durations [24, 22, 22, 22] (total: 90s)
2026-09-24 12:24:41,412 - RLController - INFO -   Example: junction B4 -> durations [24, 22, 22, 22] (total: 90s)
2026-09-24 12:24:41,412 - RLController - INFO -   Example: junction B5 -> durations [60, 10, 10, 10] (total: 90s)
2026-09-24 12:24:41,413 - RLController - INFO -   Example: junction C0 -> durations [22, 22, 24, 22] (total: 90s)
2026-09-24 12:24:41,413 - RLController - INFO -   Example: junction C1 -> durations [24, 22, 22, 22] (total: 90s)
2026-09-24 12:24:41,413 - RLController - INFO -   Example: junction C2 -> durations [57, 13, 10, 10] (total: 90s)
2026-09-24 12:24:41,413 - RLController - INFO -   Example: junction C3 -> durations [60, 10, 10, 10] (total: 90s)
2026-09-24 12:24:41,413 - RLController - INFO -   Example: junction C4 -> durations [57, 11, 11, 11] (total: 90s)
2026-09-24 12:24:41,413 - RLController - INFO -   Example: junction C5 -> durations [57, 11, 11, 11] (total: 90s)
2026-09-24 12:24:41,413 - RLController - INFO -   Example: junction D0 -> durations [24, 22, 22, 22] (total: 90s)
2026-09-24 12:24:41,414 - RLController - INFO -   Example: junction D1 -> durations [21, 21, 27, 21] (total: 90s)
2026-09-24 12:24:41,414 - RLController - INFO -   Example: junction D2 -> durations [45, 15, 15, 15] (total: 90s)
2026-09-24 12:24:41,414 - RLController - INFO -   Example: junction D3 -> durations [24, 22, 22, 22] (total: 90s)
2026-09-24 12:24:41,414 - RLController - INFO -   Example: junction D4 -> durations [24, 22, 22, 22] (total: 90s)
2026-09-24 12:24:41,414 - RLController - INFO -   Example: junction D5 -> durations [13, 13, 51, 13] (total: 90s)
2026-09-24 12:24:41,414 - RLController - INFO -   Example: junction E0 -> durations [24, 22, 22, 22] (total: 90s)
2026-09-24 12:24:41,414 - RLController - INFO -   Example: junction E1 -> durations [24, 22, 22, 22] (total: 90s)
2026-09-24 12:24:41,415 - RLController - INFO -   Stored schedules for 34 junctions, cycle starts at step 2790
2026-09-24 12:24:44,358 - RLController - INFO - DIAGNOSTIC Step 2880 - Observation stats:
2026-09-24 12:24:44,359 - RLController - INFO -   Hash: 1508301849343242926, Min: 0.000000, Max: 1.000000, Mean: 0.416439, Std: 0.453009
2026-09-24 12:24:44,359 - RLController - INFO -   First 10: [1.  0.  0.  0.  0.  0.5 1.  0.  0.  0. ]
2026-09-24 12:24:44,359 - RLController - INFO -   Last 10: [0.         0.2        0.         0.08333334 0.43803418 0.00313548
 0.0691453  0.5756204  0.         0.3       ]
2026-09-24 12:24:44,365 - RLController - INFO - DIAGNOSTIC - Raw model action output:
2026-09-24 12:24:44,365 - RLController - INFO -   Action hash: -4092688960815808479
2026-09-24 12:24:44,366 - RLController - INFO -   First 8 values: [ -7.1961207 -10.        -10.        -10.        -10.        -10.
 -10.        -10.       ]
2026-09-24 12:24:44,366 - RLController - INFO -   Last 8 values: [-10.       -10.       -10.       -10.       -10.        -2.238117
 -10.       -10.      ]
2026-09-24 12:24:44,366 - RLController - INFO -   Action shape: (136,), min: -10.000000, max: 5.000155, mean: -9.230343
2026-09-24 12:24:44,366 - RLController - INFO -   B0 junction (indices 16-19) raw values: [ -9.706246 -10.       -10.       -10.      ]
2026-09-24 12:24:44,366 - RLController - INFO - Using CONTINUOUS DURATION-BASED mode
2026-09-24 12:24:44,367 - RLController - INFO -   Example: junction A0 -> durations [51, 13, 13, 13] (total: 90s)
2026-09-24 12:24:44,367 - RLController - INFO -   Example: junction A1 -> durations [24, 22, 22, 22] (total: 90s)
2026-09-24 12:24:44,367 - RLController - INFO -   Example: junction A2 -> durations [12, 12, 54, 12] (total: 90s)
2026-09-24 12:24:44,367 - RLController - INFO -   Example: junction A4 -> durations [60, 10, 10, 10] (total: 90s)
2026-09-24 12:24:44,367 - RLController - INFO -   Example: junction A5 -> durations [24, 22, 22, 22] (total: 90s)
2026-09-24 12:24:44,367 - RLController - INFO -   Example: junction B0 -> durations [24, 22, 22, 22] (total: 90s)
2026-09-24 12:24:44,368 - RLController - INFO -   Example: junction B1 -> durations [24, 22, 22, 22] (total: 90s)
2026-09-24 12:24:44,368 - RLController - INFO -   Example: junction B2 -> durations [24, 22, 22, 22] (total: 90s)
2026-09-24 12:24:44,368 - RLController - INFO -   Example: junction B4 -> durations [24, 22, 22, 22] (total: 90s)
2026-09-24 12:24:44,368 - RLController - INFO -   Example: junction B5 -> durations [60, 10, 10, 10] (total: 90s)
2026-09-24 12:24:44,368 - RLController - INFO -   Example: junction C0 -> durations [22, 22, 24, 22] (total: 90s)
2026-09-24 12:24:44,369 - RLController - INFO -   Example: junction C1 -> durations [24, 22, 22, 22] (total: 90s)
2026-09-24 12:24:44,369 - RLController - INFO -   Example: junction C2 -> durations [57, 13, 10, 10] (total: 90s)
2026-09-24 12:24:44,369 - RLController - INFO -   Example: junction C3 -> durations [60, 10, 10, 10] (total: 90s)
2026-09-24 12:24:44,369 - RLController - INFO -   Example: junction C4 -> durations [57, 11, 11, 11] (total: 90s)
2026-09-24 12:24:44,369 - RLController - INFO -   Example: junction C5 -> durations [57, 11, 11, 11] (total: 90s)
2026-09-24 12:24:44,369 - RLController - INFO -   Example: junction D0 -> durations [24, 22, 22, 22] (total: 90s)
2026-09-24 12:24:44,369 - RLController - INFO -   Example: junction D1 -> durations [21, 21, 27, 21] (total: 90s)
2026-09-24 12:24:44,370 - RLController - INFO -   Example: junction D2 -> durations [45, 15, 15, 15] (total: 90s)
2026-09-24 12:24:44,370 - RLController - INFO -   Example: junction D3 -> durations [24, 22, 22, 22] (total: 90s)
2026-09-24 12:24:44,370 - RLController - INFO -   Example: junction D4 -> durations [24, 22, 22, 22] (total: 90s)
2026-09-24 12:24:44,370 - RLController - INFO -   Example: junction D5 -> durations [13, 13, 51, 13] (total: 90s)
2026-09-24 12:24:44,370 - RLController - INFO -   Example: junction E0 -> durations [24, 22, 22, 22] (total: 90s)
2026-09-24 12:24:44,370 - RLController - INFO -   Example: junction E1 -> durations [24, 22, 22, 22] (total: 90s)
2026-09-24 12:24:44,371 - RLController - INFO -   Stored schedules for 34 junctions, cycle starts at step 2880
2026-09-24 12:24:46,879 - RLController - INFO - DIAGNOSTIC Step 2970 - Observation stats:
2026-09-24 12:24:46,879 - RLController - INFO -   Hash: -4600221837510975051, Min: 0.000000, Max: 1.000000, Mean: 0.414152, Std: 0.452784
2026-09-24 12:24:46,880 - RLController - INFO -   First 10: [1.  0.  0.  0.  0.  0.5 1.  0.  0.  0. ]
2026-09-24 12:24:46,880 - RLController - INFO -   Last 10: [0.         0.2        0.         0.08333334 0.43589744 0.00322068
 0.07059829 0.5865389  0.         0.3       ]
2026-09-24 12:24:46,885 - RLController - INFO - DIAGNOSTIC - Raw model action output:
2026-09-24 12:24:46,885 - RLController - INFO -   Action hash: -6017409752767254326
2026-09-24 12:24:46,885 - RLController - INFO -   First 8 values: [ -7.29297 -10.      -10.      -10.      -10.      -10.      -10.
 -10.     ]
2026-09-24 12:24:46,886 - RLController - INFO -   Last 8 values: [-10.        -10.        -10.        -10.        -10.         -3.1195195
 -10.        -10.       ]
2026-09-24 12:24:46,886 - RLController - INFO -   Action shape: (136,), min: -10.000000, max: 5.379013, mean: -9.246513
2026-09-24 12:24:46,886 - RLController - INFO -   B0 junction (indices 16-19) raw values: [ -9.64664 -10.      -10.      -10.     ]
2026-09-24 12:24:46,886 - RLController - INFO - Using CONTINUOUS DURATION-BASED mode
2026-09-24 12:24:46,886 - RLController - INFO -   Example: junction A0 -> durations [51, 13, 13, 13] (total: 90s)
2026-09-24 12:24:46,887 - RLController - INFO -   Example: junction A1 -> durations [24, 22, 22, 22] (total: 90s)
2026-09-24 12:24:46,887 - RLController - INFO -   Example: junction A2 -> durations [12, 12, 54, 12] (total: 90s)
2026-09-24 12:24:46,887 - RLController - INFO -   Example: junction A4 -> durations [60, 10, 10, 10] (total: 90s)
2026-09-24 12:24:46,887 - RLController - INFO -   Example: junction A5 -> durations [24, 22, 22, 22] (total: 90s)
2026-09-24 12:24:46,887 - RLController - INFO -   Example: junction B0 -> durations [24, 22, 22, 22] (total: 90s)
2026-09-24 12:24:46,887 - RLController - INFO -   Example: junction B1 -> durations [24, 22, 22, 22] (total: 90s)
2026-09-24 12:24:46,887 - RLController - INFO -   Example: junction B2 -> durations [24, 22, 22, 22] (total: 90s)
2026-09-24 12:24:46,888 - RLController - INFO -   Example: junction B4 -> durations [24, 22, 22, 22] (total: 90s)
2026-09-24 12:24:46,888 - RLController - INFO -   Example: junction B5 -> durations [60, 10, 10, 10] (total: 90s)
2026-09-24 12:24:46,888 - RLController - INFO -   Example: junction C0 -> durations [22, 22, 24, 22] (total: 90s)
2026-09-24 12:24:46,888 - RLController - INFO -   Example: junction C1 -> durations [24, 22, 22, 22] (total: 90s)
2026-09-24 12:24:46,888 - RLController - INFO -   Example: junction C2 -> durations [57, 13, 10, 10] (total: 90s)
2026-09-24 12:24:46,888 - RLController - INFO -   Example: junction C3 -> durations [60, 10, 10, 10] (total: 90s)
2026-09-24 12:24:46,888 - RLController - INFO -   Example: junction C4 -> durations [57, 11, 11, 11] (total: 90s)
2026-09-24 12:24:46,889 - RLController - INFO -   Example: junction C5 -> durations [57, 11, 11, 11] (total: 90s)
2026-09-24 12:24:46,889 - RLController - INFO -   Example: junction D0 -> durations [24, 22, 22, 22] (total: 90s)
2026-09-24 12:24:46,889 - RLController - INFO -   Example: junction D1 -> durations [21, 21, 27, 21] (total: 90s)
2026-09-24 12:24:46,889 - RLController - INFO -   Example: junction D2 -> durations [45, 15, 15, 15] (total: 90s)
2026-09-24 12:24:46,889 - RLController - INFO -   Example: junction D3 -> durations [24, 22, 22, 22] (total: 90s)
2026-09-24 12:24:46,889 - RLController - INFO -   Example: junction D4 -> durations [24, 22, 22, 22] (total: 90s)
2026-09-24 12:24:46,890 - RLController - INFO -   Example: junction D5 -> durations [13, 13, 51, 13] (total: 90s)
2026-09-24 12:24:46,890 - RLController - INFO -   Example: junction E0 -> durations [24, 22, 22, 22] (total: 90s)
2026-09-24 12:24:46,890 - RLController - INFO -   Example: junction E1 -> durations [24, 22, 22, 22] (total: 90s)
2026-09-24 12:24:46,891 - RLController - INFO -   Stored schedules for 34 junctions, cycle starts at step 2970
2026-09-24 12:24:49,466 - RLController - INFO - DIAGNOSTIC Step 3060 - Observation stats:
2026-09-24 12:24:49,466 - RLController - INFO -   Hash: 5202852061225712624, Min: 0.000000, Max: 1.000000, Mean: 0.421918, Std: 0.454419
2026-09-24 12:24:49,466 - RLController - INFO -   First 10: [1.  0.  0.  0.  0.  0.5 1.  0.  0.  0. ]
2026-09-24 12:24:49,466 - RLController - INFO -   Last 10: [0.         0.2        0.         0.08333334 0.45299146 0.00334126
 0.06991453 0.5702145  0.         0.3       ]
2026-09-24 12:24:49,470 - RLController - INFO - DIAGNOSTIC - Raw model action output:
2026-09-24 12:24:49,470 - RLController - INFO -   Action hash: 29523594012302681
2026-09-24 12:24:49,471 - RLController - INFO -   First 8 values: [ -7.442671 -10.       -10.       -10.       -10.       -10.
 -10.       -10.      ]
2026-09-24 12:24:49,471 - RLController - INFO -   Last 8 values: [-10.        -10.        -10.        -10.        -10.         -3.2483938
 -10.        -10.       ]
2026-09-24 12:24:49,471 - RLController - INFO -   Action shape: (136,), min: -10.000000, max: 5.278956, mean: -9.295858
2026-09-24 12:24:49,471 - RLController - INFO -   B0 junction (indices 16-19) raw values: [-10. -10. -10. -10.]
2026-09-24 12:24:49,471 - RLController - INFO - Using CONTINUOUS DURATION-BASED mode
2026-09-24 12:24:49,471 - RLController - INFO -   Example: junction A0 -> durations [51, 13, 13, 13] (total: 90s)
2026-09-24 12:24:49,471 - RLController - INFO -   Example: junction A1 -> durations [24, 22, 22, 22] (total: 90s)
2026-09-24 12:24:49,471 - RLController - INFO -   Example: junction A2 -> durations [12, 12, 54, 12] (total: 90s)
2026-09-24 12:24:49,472 - RLController - INFO -   Example: junction A4 -> durations [60, 10, 10, 10] (total: 90s)
2026-09-24 12:24:49,472 - RLController - INFO -   Example: junction A5 -> durations [24, 22, 22, 22] (total: 90s)
2026-09-24 12:24:49,472 - RLController - INFO -   Example: junction B0 -> durations [24, 22, 22, 22] (total: 90s)
2026-09-24 12:24:49,472 - RLController - INFO -   Example: junction B1 -> durations [24, 22, 22, 22] (total: 90s)
2026-09-24 12:24:49,472 - RLController - INFO -   Example: junction B2 -> durations [24, 22, 22, 22] (total: 90s)
2026-09-24 12:24:49,472 - RLController - INFO -   Example: junction B4 -> durations [24, 22, 22, 22] (total: 90s)
2026-09-24 12:24:49,472 - RLController - INFO -   Example: junction B5 -> durations [60, 10, 10, 10] (total: 90s)
2026-09-24 12:24:49,472 - RLController - INFO -   Example: junction C0 -> durations [22, 22, 24, 22] (total: 90s)
2026-09-24 12:24:49,472 - RLController - INFO -   Example: junction C1 -> durations [24, 22, 22, 22] (total: 90s)
2026-09-24 12:24:49,473 - RLController - INFO -   Example: junction C2 -> durations [57, 13, 10, 10] (total: 90s)
2026-09-24 12:24:49,473 - RLController - INFO -   Example: junction C3 -> durations [60, 10, 10, 10] (total: 90s)
2026-09-24 12:24:49,473 - RLController - INFO -   Example: junction C4 -> durations [57, 11, 11, 11] (total: 90s)
2026-09-24 12:24:49,473 - RLController - INFO -   Example: junction C5 -> durations [57, 11, 11, 11] (total: 90s)
2026-09-24 12:24:49,473 - RLController - INFO -   Example: junction D0 -> durations [24, 22, 22, 22] (total: 90s)
2026-09-24 12:24:49,473 - RLController - INFO -   Example: junction D1 -> durations [21, 21, 27, 21] (total: 90s)
2026-09-24 12:24:49,473 - RLController - INFO -   Example: junction D2 -> durations [45, 15, 15, 15] (total: 90s)
2026-09-24 12:24:49,473 - RLController - INFO -   Example: junction D3 -> durations [24, 22, 22, 22] (total: 90s)
2026-09-24 12:24:49,473 - RLController - INFO -   Example: junction D4 -> durations [24, 22, 22, 22] (total: 90s)
2026-09-24 12:24:49,473 - RLController - INFO -   Example: junction D5 -> durations [13, 13, 51, 13] (total: 90s)
2026-09-24 12:24:49,474 - RLController - INFO -   Example: junction E0 -> durations [24, 22, 22, 22] (total: 90s)
2026-09-24 12:24:49,474 - RLController - INFO -   Example: junction E1 -> durations [24, 22, 22, 22] (total: 90s)
2026-09-24 12:24:49,474 - RLController - INFO -   Stored schedules for 34 junctions, cycle starts at step 3060
2026-09-24 12:24:51,757 - RLController - INFO - DIAGNOSTIC Step 3150 - Observation stats:
2026-09-24 12:24:51,758 - RLController - INFO -   Hash: -8419957617737866383, Min: 0.000000, Max: 1.000000, Mean: 0.424555, Std: 0.453125
2026-09-24 12:24:51,758 - RLController - INFO -   First 10: [1.  0.  0.  0.  0.  0.5 1.  0.  0.  0. ]
2026-09-24 12:24:51,759 - RLController - INFO -   Last 10: [0.         0.2        0.         0.08333334 0.46153846 0.00307439
 0.07136752 0.55454946 0.         0.3       ]
2026-09-24 12:24:51,762 - RLController - INFO - DIAGNOSTIC - Raw model action output:
2026-09-24 12:24:51,762 - RLController - INFO -   Action hash: 2028995456358177950
2026-09-24 12:24:51,762 - RLController - INFO -   First 8 values: [ -7.2201204 -10.        -10.        -10.        -10.        -10.
 -10.        -10.       ]
2026-09-24 12:24:51,762 - RLController - INFO -   Last 8 values: [-10.       -10.       -10.       -10.       -10.        -2.531506
 -10.       -10.      ]
2026-09-24 12:24:51,762 - RLController - INFO -   Action shape: (136,), min: -10.000000, max: 5.115857, mean: -9.264011
2026-09-24 12:24:51,763 - RLController - INFO -   B0 junction (indices 16-19) raw values: [-10. -10. -10. -10.]
2026-09-24 12:24:51,763 - RLController - INFO - Using CONTINUOUS DURATION-BASED mode
2026-09-24 12:24:51,763 - RLController - INFO -   Example: junction A0 -> durations [51, 13, 13, 13] (total: 90s)
2026-09-24 12:24:51,763 - RLController - INFO -   Example: junction A1 -> durations [24, 22, 22, 22] (total: 90s)
2026-09-24 12:24:51,763 - RLController - INFO -   Example: junction A2 -> durations [12, 12, 54, 12] (total: 90s)
2026-09-24 12:24:51,763 - RLController - INFO -   Example: junction A4 -> durations [60, 10, 10, 10] (total: 90s)
2026-09-24 12:24:51,763 - RLController - INFO -   Example: junction A5 -> durations [24, 22, 22, 22] (total: 90s)
2026-09-24 12:24:51,763 - RLController - INFO -   Example: junction B0 -> durations [24, 22, 22, 22] (total: 90s)
2026-09-24 12:24:51,763 - RLController - INFO -   Example: junction B1 -> durations [24, 22, 22, 22] (total: 90s)
2026-09-24 12:24:51,764 - RLController - INFO -   Example: junction B2 -> durations [24, 22, 22, 22] (total: 90s)
2026-09-24 12:24:51,764 - RLController - INFO -   Example: junction B4 -> durations [24, 22, 22, 22] (total: 90s)
2026-09-24 12:24:51,764 - RLController - INFO -   Example: junction B5 -> durations [60, 10, 10, 10] (total: 90s)
2026-09-24 12:24:51,764 - RLController - INFO -   Example: junction C0 -> durations [22, 22, 24, 22] (total: 90s)
2026-09-24 12:24:51,764 - RLController - INFO -   Example: junction C1 -> durations [24, 22, 22, 22] (total: 90s)
2026-09-24 12:24:51,764 - RLController - INFO -   Example: junction C2 -> durations [57, 13, 10, 10] (total: 90s)
2026-09-24 12:24:51,764 - RLController - INFO -   Example: junction C3 -> durations [60, 10, 10, 10] (total: 90s)
2026-09-24 12:24:51,764 - RLController - INFO -   Example: junction C4 -> durations [57, 11, 11, 11] (total: 90s)
2026-09-24 12:24:51,764 - RLController - INFO -   Example: junction C5 -> durations [57, 11, 11, 11] (total: 90s)
2026-09-24 12:24:51,764 - RLController - INFO -   Example: junction D0 -> durations [24, 22, 22, 22] (total: 90s)
2026-09-24 12:24:51,765 - RLController - INFO -   Example: junction D1 -> durations [21, 21, 27, 21] (total: 90s)
2026-09-24 12:24:51,765 - RLController - INFO -   Example: junction D2 -> durations [45, 15, 15, 15] (total: 90s)
2026-09-24 12:24:51,765 - RLController - INFO -   Example: junction D3 -> durations [24, 22, 22, 22] (total: 90s)
2026-09-24 12:24:51,765 - RLController - INFO -   Example: junction D4 -> durations [24, 22, 22, 22] (total: 90s)
2026-09-24 12:24:51,765 - RLController - INFO -   Example: junction D5 -> durations [13, 13, 51, 13] (total: 90s)
2026-09-24 12:24:51,765 - RLController - INFO -   Example: junction E0 -> durations [24, 22, 22, 22] (total: 90s)
2026-09-24 12:24:51,765 - RLController - INFO -   Example: junction E1 -> durations [24, 22, 22, 22] (total: 90s)
2026-09-24 12:24:51,766 - RLController - INFO -   Stored schedules for 34 junctions, cycle starts at step 3150
2026-09-24 12:24:54,039 - RLController - INFO - DIAGNOSTIC Step 3240 - Observation stats:
2026-09-24 12:24:54,039 - RLController - INFO -   Hash: -984710678881097635, Min: 0.000000, Max: 1.000000, Mean: 0.428940, Std: 0.455854
2026-09-24 12:24:54,039 - RLController - INFO -   First 10: [1.         0.         0.         0.         0.         0.5
 0.         0.         0.99333334 1.        ]
2026-09-24 12:24:54,039 - RLController - INFO -   Last 10: [0.         0.2        0.         0.08333334 0.47863248 0.002897
 0.0726923  0.536747   0.         0.3       ]
2026-09-24 12:24:54,043 - RLController - INFO - DIAGNOSTIC - Raw model action output:
2026-09-24 12:24:54,043 - RLController - INFO -   Action hash: 2766604625698594863
2026-09-24 12:24:54,043 - RLController - INFO -   First 8 values: [ -7.1219373 -10.        -10.        -10.        -10.        -10.
 -10.        -10.       ]
2026-09-24 12:24:54,043 - RLController - INFO -   Last 8 values: [-10.        -10.        -10.        -10.        -10.         -1.3715181
 -10.        -10.       ]
2026-09-24 12:24:54,043 - RLController - INFO -   Action shape: (136,), min: -10.000000, max: 5.329294, mean: -9.275513
2026-09-24 12:24:54,044 - RLController - INFO -   B0 junction (indices 16-19) raw values: [-10. -10. -10. -10.]
2026-09-24 12:24:54,044 - RLController - INFO - Using CONTINUOUS DURATION-BASED mode
2026-09-24 12:24:54,044 - RLController - INFO -   Example: junction A0 -> durations [51, 13, 13, 13] (total: 90s)
2026-09-24 12:24:54,044 - RLController - INFO -   Example: junction A1 -> durations [24, 22, 22, 22] (total: 90s)
2026-09-24 12:24:54,045 - RLController - INFO -   Example: junction A2 -> durations [12, 12, 54, 12] (total: 90s)
2026-09-24 12:24:54,045 - RLController - INFO -   Example: junction A4 -> durations [60, 10, 10, 10] (total: 90s)
2026-09-24 12:24:54,045 - RLController - INFO -   Example: junction A5 -> durations [24, 22, 22, 22] (total: 90s)
2026-09-24 12:24:54,045 - RLController - INFO -   Example: junction B0 -> durations [24, 22, 22, 22] (total: 90s)
2026-09-24 12:24:54,045 - RLController - INFO -   Example: junction B1 -> durations [24, 22, 22, 22] (total: 90s)
2026-09-24 12:24:54,045 - RLController - INFO -   Example: junction B2 -> durations [24, 22, 22, 22] (total: 90s)
2026-09-24 12:24:54,045 - RLController - INFO -   Example: junction B4 -> durations [24, 22, 22, 22] (total: 90s)
2026-09-24 12:24:54,046 - RLController - INFO -   Example: junction B5 -> durations [60, 10, 10, 10] (total: 90s)
2026-09-24 12:24:54,046 - RLController - INFO -   Example: junction C0 -> durations [22, 22, 24, 22] (total: 90s)
2026-09-24 12:24:54,046 - RLController - INFO -   Example: junction C1 -> durations [24, 22, 22, 22] (total: 90s)
2026-09-24 12:24:54,046 - RLController - INFO -   Example: junction C2 -> durations [57, 13, 10, 10] (total: 90s)
2026-09-24 12:24:54,046 - RLController - INFO -   Example: junction C3 -> durations [60, 10, 10, 10] (total: 90s)
2026-09-24 12:24:54,046 - RLController - INFO -   Example: junction C4 -> durations [57, 11, 11, 11] (total: 90s)
2026-09-24 12:24:54,046 - RLController - INFO -   Example: junction C5 -> durations [57, 11, 11, 11] (total: 90s)
2026-09-24 12:24:54,046 - RLController - INFO -   Example: junction D0 -> durations [24, 22, 22, 22] (total: 90s)
2026-09-24 12:24:54,047 - RLController - INFO -   Example: junction D1 -> durations [21, 21, 27, 21] (total: 90s)
2026-09-24 12:24:54,047 - RLController - INFO -   Example: junction D2 -> durations [45, 15, 15, 15] (total: 90s)
2026-09-24 12:24:54,047 - RLController - INFO -   Example: junction D3 -> durations [24, 22, 22, 22] (total: 90s)
2026-09-24 12:24:54,047 - RLController - INFO -   Example: junction D4 -> durations [24, 22, 22, 22] (total: 90s)
2026-09-24 12:24:54,047 - RLController - INFO -   Example: junction D5 -> durations [13, 13, 51, 13] (total: 90s)
2026-09-24 12:24:54,047 - RLController - INFO -   Example: junction E0 -> durations [24, 22, 22, 22] (total: 90s)
2026-09-24 12:24:54,047 - RLController - INFO -   Example: junction E1 -> durations [24, 22, 22, 22] (total: 90s)
2026-09-24 12:24:54,048 - RLController - INFO -   Stored schedules for 34 junctions, cycle starts at step 3240
2026-09-24 12:24:56,180 - RLController - INFO - DIAGNOSTIC Step 3330 - Observation stats:
2026-09-24 12:24:56,181 - RLController - INFO -   Hash: -3621304565919700395, Min: 0.000000, Max: 1.000000, Mean: 0.424190, Std: 0.455052
2026-09-24 12:24:56,181 - RLController - INFO -   First 10: [1.  0.  0.  0.  0.  0.5 1.  0.  0.  0. ]
2026-09-24 12:24:56,181 - RLController - INFO -   Last 10: [0.         0.2        0.         0.08333334 0.4636752  0.00323506
 0.07068376 0.5499406  0.         0.3       ]
2026-09-24 12:24:56,187 - RLController - INFO - DIAGNOSTIC - Raw model action output:
2026-09-24 12:24:56,187 - RLController - INFO -   Action hash: 8170840183127622567
2026-09-24 12:24:56,187 - RLController - INFO -   First 8 values: [ -7.104899 -10.       -10.       -10.       -10.       -10.
 -10.       -10.      ]
2026-09-24 12:24:56,188 - RLController - INFO -   Last 8 values: [-10.        -10.        -10.        -10.        -10.         -2.2288744
 -10.        -10.       ]
2026-09-24 12:24:56,188 - RLController - INFO -   Action shape: (136,), min: -10.000000, max: 4.509027, mean: -9.246906
2026-09-24 12:24:56,188 - RLController - INFO -   B0 junction (indices 16-19) raw values: [-10. -10. -10. -10.]
2026-09-24 12:24:56,188 - RLController - INFO - Using CONTINUOUS DURATION-BASED mode
2026-09-24 12:24:56,188 - RLController - INFO -   Example: junction A0 -> durations [51, 13, 13, 13] (total: 90s)
2026-09-24 12:24:56,188 - RLController - INFO -   Example: junction A1 -> durations [24, 22, 22, 22] (total: 90s)
2026-09-24 12:24:56,188 - RLController - INFO -   Example: junction A2 -> durations [12, 12, 54, 12] (total: 90s)
2026-09-24 12:24:56,189 - RLController - INFO -   Example: junction A4 -> durations [60, 10, 10, 10] (total: 90s)
2026-09-24 12:24:56,189 - RLController - INFO -   Example: junction A5 -> durations [24, 22, 22, 22] (total: 90s)
2026-09-24 12:24:56,189 - RLController - INFO -   Example: junction B0 -> durations [24, 22, 22, 22] (total: 90s)
2026-09-24 12:24:56,189 - RLController - INFO -   Example: junction B1 -> durations [24, 22, 22, 22] (total: 90s)
2026-09-24 12:24:56,189 - RLController - INFO -   Example: junction B2 -> durations [24, 22, 22, 22] (total: 90s)
2026-09-24 12:24:56,189 - RLController - INFO -   Example: junction B4 -> durations [24, 22, 22, 22] (total: 90s)
2026-09-24 12:24:56,189 - RLController - INFO -   Example: junction B5 -> durations [60, 10, 10, 10] (total: 90s)
2026-09-24 12:24:56,189 - RLController - INFO -   Example: junction C0 -> durations [22, 22, 24, 22] (total: 90s)
2026-09-24 12:24:56,189 - RLController - INFO -   Example: junction C1 -> durations [24, 22, 22, 22] (total: 90s)
2026-09-24 12:24:56,189 - RLController - INFO -   Example: junction C2 -> durations [57, 13, 10, 10] (total: 90s)
2026-09-24 12:24:56,190 - RLController - INFO -   Example: junction C3 -> durations [60, 10, 10, 10] (total: 90s)
2026-09-24 12:24:56,190 - RLController - INFO -   Example: junction C4 -> durations [57, 11, 11, 11] (total: 90s)
2026-09-24 12:24:56,190 - RLController - INFO -   Example: junction C5 -> durations [57, 11, 11, 11] (total: 90s)
2026-09-24 12:24:56,190 - RLController - INFO -   Example: junction D0 -> durations [24, 22, 22, 22] (total: 90s)
2026-09-24 12:24:56,190 - RLController - INFO -   Example: junction D1 -> durations [21, 21, 27, 21] (total: 90s)
2026-09-24 12:24:56,190 - RLController - INFO -   Example: junction D2 -> durations [45, 15, 15, 15] (total: 90s)
2026-09-24 12:24:56,190 - RLController - INFO -   Example: junction D3 -> durations [24, 22, 22, 22] (total: 90s)
2026-09-24 12:24:56,190 - RLController - INFO -   Example: junction D4 -> durations [24, 22, 22, 22] (total: 90s)
2026-09-24 12:24:56,190 - RLController - INFO -   Example: junction D5 -> durations [13, 13, 51, 13] (total: 90s)
2026-09-24 12:24:56,191 - RLController - INFO -   Example: junction E0 -> durations [24, 22, 22, 22] (total: 90s)
2026-09-24 12:24:56,191 - RLController - INFO -   Example: junction E1 -> durations [24, 22, 22, 22] (total: 90s)
2026-09-24 12:24:56,191 - RLController - INFO -   Stored schedules for 34 junctions, cycle starts at step 3330
2026-09-24 12:24:58,739 - RLController - INFO - DIAGNOSTIC Step 3420 - Observation stats:
2026-09-24 12:24:58,740 - RLController - INFO -   Hash: 5915495120046109862, Min: 0.000000, Max: 1.000231, Mean: 0.421660, Std: 0.454434
2026-09-24 12:24:58,740 - RLController - INFO -   First 10: [1.  0.  0.  0.  0.  0.5 1.  0.  0.  0. ]
2026-09-24 12:24:58,740 - RLController - INFO -   Last 10: [0.         0.2        0.         0.08333334 0.44230768 0.0029168
 0.07055555 0.5755329  0.         0.3       ]
2026-09-24 12:24:58,744 - RLController - INFO - DIAGNOSTIC - Raw model action output:
2026-09-24 12:24:58,744 - RLController - INFO -   Action hash: -2738542203131130535
2026-09-24 12:24:58,745 - RLController - INFO -   First 8 values: [ -7.2814307 -10.        -10.        -10.        -10.        -10.
 -10.        -10.       ]
2026-09-24 12:24:58,745 - RLController - INFO -   Last 8 values: [-10.        -10.        -10.        -10.        -10.         -1.9485779
 -10.        -10.       ]
2026-09-24 12:24:58,745 - RLController - INFO -   Action shape: (136,), min: -10.000000, max: 5.047800, mean: -9.258075
2026-09-24 12:24:58,745 - RLController - INFO -   B0 junction (indices 16-19) raw values: [ -9.715383 -10.       -10.       -10.      ]
2026-09-24 12:24:58,745 - RLController - INFO - Using CONTINUOUS DURATION-BASED mode
2026-09-24 12:24:58,746 - RLController - INFO -   Example: junction A0 -> durations [51, 13, 13, 13] (total: 90s)
2026-09-24 12:24:58,746 - RLController - INFO -   Example: junction A1 -> durations [24, 22, 22, 22] (total: 90s)
2026-09-24 12:24:58,746 - RLController - INFO -   Example: junction A2 -> durations [12, 12, 54, 12] (total: 90s)
2026-09-24 12:24:58,746 - RLController - INFO -   Example: junction A4 -> durations [60, 10, 10, 10] (total: 90s)
2026-09-24 12:24:58,746 - RLController - INFO -   Example: junction A5 -> durations [24, 22, 22, 22] (total: 90s)
2026-09-24 12:24:58,746 - RLController - INFO -   Example: junction B0 -> durations [24, 22, 22, 22] (total: 90s)
2026-09-24 12:24:58,746 - RLController - INFO -   Example: junction B1 -> durations [24, 22, 22, 22] (total: 90s)
2026-09-24 12:24:58,746 - RLController - INFO -   Example: junction B2 -> durations [24, 22, 22, 22] (total: 90s)
2026-09-24 12:24:58,746 - RLController - INFO -   Example: junction B4 -> durations [24, 22, 22, 22] (total: 90s)
2026-09-24 12:24:58,747 - RLController - INFO -   Example: junction B5 -> durations [60, 10, 10, 10] (total: 90s)
2026-09-24 12:24:58,747 - RLController - INFO -   Example: junction C0 -> durations [22, 22, 24, 22] (total: 90s)
2026-09-24 12:24:58,747 - RLController - INFO -   Example: junction C1 -> durations [24, 22, 22, 22] (total: 90s)
2026-09-24 12:24:58,747 - RLController - INFO -   Example: junction C2 -> durations [57, 13, 10, 10] (total: 90s)
2026-09-24 12:24:58,747 - RLController - INFO -   Example: junction C3 -> durations [60, 10, 10, 10] (total: 90s)
2026-09-24 12:24:58,747 - RLController - INFO -   Example: junction C4 -> durations [57, 11, 11, 11] (total: 90s)
2026-09-24 12:24:58,747 - RLController - INFO -   Example: junction C5 -> durations [57, 11, 11, 11] (total: 90s)
2026-09-24 12:24:58,747 - RLController - INFO -   Example: junction D0 -> durations [24, 22, 22, 22] (total: 90s)
2026-09-24 12:24:58,747 - RLController - INFO -   Example: junction D1 -> durations [21, 21, 27, 21] (total: 90s)
2026-09-24 12:24:58,748 - RLController - INFO -   Example: junction D2 -> durations [45, 15, 15, 15] (total: 90s)
2026-09-24 12:24:58,748 - RLController - INFO -   Example: junction D3 -> durations [24, 22, 22, 22] (total: 90s)
2026-09-24 12:24:58,748 - RLController - INFO -   Example: junction D4 -> durations [24, 22, 22, 22] (total: 90s)
2026-09-24 12:24:58,748 - RLController - INFO -   Example: junction D5 -> durations [13, 13, 51, 13] (total: 90s)
2026-09-24 12:24:58,748 - RLController - INFO -   Example: junction E0 -> durations [24, 22, 22, 22] (total: 90s)
2026-09-24 12:24:58,748 - RLController - INFO -   Example: junction E1 -> durations [24, 22, 22, 22] (total: 90s)
2026-09-24 12:24:58,749 - RLController - INFO -   Stored schedules for 34 junctions, cycle starts at step 3420
2026-09-24 12:25:01,065 - RLController - INFO - DIAGNOSTIC Step 3510 - Observation stats:
2026-09-24 12:25:01,065 - RLController - INFO -   Hash: 9128269478925735424, Min: 0.000000, Max: 1.000000, Mean: 0.423577, Std: 0.454500
2026-09-24 12:25:01,065 - RLController - INFO -   First 10: [1.  0.  0.  0.  0.  0.5 1.  0.  0.  0. ]
2026-09-24 12:25:01,065 - RLController - INFO -   Last 10: [0.         0.2        0.         0.08333334 0.4508547  0.00302655
 0.0715812  0.5628522  0.         0.3       ]
2026-09-24 12:25:01,071 - RLController - INFO - DIAGNOSTIC - Raw model action output:
2026-09-24 12:25:01,071 - RLController - INFO -   Action hash: 4577313323576356844
2026-09-24 12:25:01,072 - RLController - INFO -   First 8 values: [ -7.325643 -10.       -10.       -10.       -10.       -10.
 -10.       -10.      ]
2026-09-24 12:25:01,072 - RLController - INFO -   Last 8 values: [-10.        -10.        -10.        -10.        -10.         -2.6256812
 -10.        -10.       ]
2026-09-24 12:25:01,072 - RLController - INFO -   Action shape: (136,), min: -10.000000, max: 4.704065, mean: -9.243060
2026-09-24 12:25:01,072 - RLController - INFO -   B0 junction (indices 16-19) raw values: [-10. -10. -10. -10.]
2026-09-24 12:25:01,072 - RLController - INFO - Using CONTINUOUS DURATION-BASED mode
2026-09-24 12:25:01,072 - RLController - INFO -   Example: junction A0 -> durations [51, 13, 13, 13] (total: 90s)
2026-09-24 12:25:01,072 - RLController - INFO -   Example: junction A1 -> durations [24, 22, 22, 22] (total: 90s)
2026-09-24 12:25:01,072 - RLController - INFO -   Example: junction A2 -> durations [12, 12, 54, 12] (total: 90s)
2026-09-24 12:25:01,073 - RLController - INFO -   Example: junction A4 -> durations [60, 10, 10, 10] (total: 90s)
2026-09-24 12:25:01,073 - RLController - INFO -   Example: junction A5 -> durations [24, 22, 22, 22] (total: 90s)
2026-09-24 12:25:01,073 - RLController - INFO -   Example: junction B0 -> durations [24, 22, 22, 22] (total: 90s)
2026-09-24 12:25:01,073 - RLController - INFO -   Example: junction B1 -> durations [24, 22, 22, 22] (total: 90s)
2026-09-24 12:25:01,073 - RLController - INFO -   Example: junction B2 -> durations [24, 22, 22, 22] (total: 90s)
2026-09-24 12:25:01,073 - RLController - INFO -   Example: junction B4 -> durations [24, 22, 22, 22] (total: 90s)
2026-09-24 12:25:01,073 - RLController - INFO -   Example: junction B5 -> durations [60, 10, 10, 10] (total: 90s)
2026-09-24 12:25:01,074 - RLController - INFO -   Example: junction C0 -> durations [22, 22, 24, 22] (total: 90s)
2026-09-24 12:25:01,074 - RLController - INFO -   Example: junction C1 -> durations [24, 22, 22, 22] (total: 90s)
2026-09-24 12:25:01,074 - RLController - INFO -   Example: junction C2 -> durations [57, 13, 10, 10] (total: 90s)
2026-09-24 12:25:01,074 - RLController - INFO -   Example: junction C3 -> durations [60, 10, 10, 10] (total: 90s)
2026-09-24 12:25:01,074 - RLController - INFO -   Example: junction C4 -> durations [57, 11, 11, 11] (total: 90s)
2026-09-24 12:25:01,074 - RLController - INFO -   Example: junction C5 -> durations [57, 11, 11, 11] (total: 90s)
2026-09-24 12:25:01,074 - RLController - INFO -   Example: junction D0 -> durations [24, 22, 22, 22] (total: 90s)
2026-09-24 12:25:01,074 - RLController - INFO -   Example: junction D1 -> durations [21, 21, 27, 21] (total: 90s)
2026-09-24 12:25:01,074 - RLController - INFO -   Example: junction D2 -> durations [45, 15, 15, 15] (total: 90s)
2026-09-24 12:25:01,074 - RLController - INFO -   Example: junction D3 -> durations [24, 22, 22, 22] (total: 90s)
2026-09-24 12:25:01,074 - RLController - INFO -   Example: junction D4 -> durations [24, 22, 22, 22] (total: 90s)
2026-09-24 12:25:01,075 - RLController - INFO -   Example: junction D5 -> durations [13, 13, 51, 13] (total: 90s)
2026-09-24 12:25:01,075 - RLController - INFO -   Example: junction E0 -> durations [24, 22, 22, 22] (total: 90s)
2026-09-24 12:25:01,075 - RLController - INFO -   Example: junction E1 -> durations [24, 22, 22, 22] (total: 90s)
2026-09-24 12:25:01,076 - RLController - INFO -   Stored schedules for 34 junctions, cycle starts at step 3510
2026-09-24 12:25:03,800 - RLController - INFO - DIAGNOSTIC Step 3600 - Observation stats:
2026-09-24 12:25:03,800 - RLController - INFO -   Hash: -1345961003503880817, Min: 0.000000, Max: 1.000000, Mean: 0.435959, Std: 0.457702
2026-09-24 12:25:03,800 - RLController - INFO -   First 10: [1.  0.  0.  0.  0.  0.5 1.  0.  0.  0. ]
2026-09-24 12:25:03,800 - RLController - INFO -   Last 10: [0.         0.2        0.         0.08333334 0.49358973 0.00338843
 0.07320513 0.5296623  0.         0.3       ]
2026-09-24 12:25:03,804 - RLController - INFO - DIAGNOSTIC - Raw model action output:
2026-09-24 12:25:03,804 - RLController - INFO -   Action hash: -6722526360292821062
2026-09-24 12:25:03,805 - RLController - INFO -   First 8 values: [ -7.4046264 -10.        -10.        -10.        -10.        -10.
 -10.        -10.       ]
2026-09-24 12:25:03,805 - RLController - INFO -   Last 8 values: [-10.      -10.      -10.      -10.      -10.       -2.29962 -10.
 -10.     ]
2026-09-24 12:25:03,805 - RLController - INFO -   Action shape: (136,), min: -10.000000, max: 4.951746, mean: -9.262211
2026-09-24 12:25:03,805 - RLController - INFO -   B0 junction (indices 16-19) raw values: [-10. -10. -10. -10.]
2026-09-24 12:25:03,805 - RLController - INFO - Using CONTINUOUS DURATION-BASED mode
2026-09-24 12:25:03,805 - RLController - INFO -   Example: junction A0 -> durations [51, 13, 13, 13] (total: 90s)
2026-09-24 12:25:03,806 - RLController - INFO -   Example: junction A1 -> durations [24, 22, 22, 22] (total: 90s)
2026-09-24 12:25:03,806 - RLController - INFO -   Example: junction A2 -> durations [12, 12, 54, 12] (total: 90s)
2026-09-24 12:25:03,806 - RLController - INFO -   Example: junction A4 -> durations [60, 10, 10, 10] (total: 90s)
2026-09-24 12:25:03,806 - RLController - INFO -   Example: junction A5 -> durations [24, 22, 22, 22] (total: 90s)
2026-09-24 12:25:03,806 - RLController - INFO -   Example: junction B0 -> durations [24, 22, 22, 22] (total: 90s)
2026-09-24 12:25:03,806 - RLController - INFO -   Example: junction B1 -> durations [24, 22, 22, 22] (total: 90s)
2026-09-24 12:25:03,806 - RLController - INFO -   Example: junction B2 -> durations [24, 22, 22, 22] (total: 90s)
2026-09-24 12:25:03,807 - RLController - INFO -   Example: junction B4 -> durations [24, 22, 22, 22] (total: 90s)
2026-09-24 12:25:03,807 - RLController - INFO -   Example: junction B5 -> durations [60, 10, 10, 10] (total: 90s)
2026-09-24 12:25:03,807 - RLController - INFO -   Example: junction C0 -> durations [22, 22, 24, 22] (total: 90s)
2026-09-24 12:25:03,807 - RLController - INFO -   Example: junction C1 -> durations [24, 22, 22, 22] (total: 90s)
2026-09-24 12:25:03,807 - RLController - INFO -   Example: junction C2 -> durations [57, 13, 10, 10] (total: 90s)
2026-09-24 12:25:03,807 - RLController - INFO -   Example: junction C3 -> durations [60, 10, 10, 10] (total: 90s)
2026-09-24 12:25:03,807 - RLController - INFO -   Example: junction C4 -> durations [57, 11, 11, 11] (total: 90s)
2026-09-24 12:25:03,808 - RLController - INFO -   Example: junction C5 -> durations [57, 11, 11, 11] (total: 90s)
2026-09-24 12:25:03,808 - RLController - INFO -   Example: junction D0 -> durations [24, 22, 22, 22] (total: 90s)
2026-09-24 12:25:03,808 - RLController - INFO -   Example: junction D1 -> durations [21, 21, 27, 21] (total: 90s)
2026-09-24 12:25:03,808 - RLController - INFO -   Example: junction D2 -> durations [45, 15, 15, 15] (total: 90s)
2026-09-24 12:25:03,808 - RLController - INFO -   Example: junction D3 -> durations [24, 22, 22, 22] (total: 90s)
2026-09-24 12:25:03,809 - RLController - INFO -   Example: junction D4 -> durations [24, 22, 22, 22] (total: 90s)
2026-09-24 12:25:03,809 - RLController - INFO -   Example: junction D5 -> durations [13, 13, 51, 13] (total: 90s)
2026-09-24 12:25:03,809 - RLController - INFO -   Example: junction E0 -> durations [24, 22, 22, 22] (total: 90s)
2026-09-24 12:25:03,809 - RLController - INFO -   Example: junction E1 -> durations [24, 22, 22, 22] (total: 90s)
2026-09-24 12:25:03,810 - RLController - INFO -   Stored schedules for 34 junctions, cycle starts at step 3600
2026-09-24 12:25:06,614 - RLController - INFO - DIAGNOSTIC Step 3690 - Observation stats:
2026-09-24 12:25:06,615 - RLController - INFO -   Hash: 2826869652164589755, Min: 0.000000, Max: 1.000000, Mean: 0.425123, Std: 0.455614
2026-09-24 12:25:06,615 - RLController - INFO -   First 10: [1.  0.  0.  0.  0.  0.5 1.  0.  0.  0. ]
2026-09-24 12:25:06,615 - RLController - INFO -   Last 10: [0.         0.2        0.         0.08333334 0.4508547  0.00351824
 0.07376068 0.5681572  0.         0.3       ]
2026-09-24 12:25:06,619 - RLController - INFO - DIAGNOSTIC - Raw model action output:
2026-09-24 12:25:06,620 - RLController - INFO -   Action hash: 8781372279494366114
2026-09-24 12:25:06,620 - RLController - INFO -   First 8 values: [ -7.353861 -10.       -10.       -10.       -10.       -10.
 -10.       -10.      ]
2026-09-24 12:25:06,620 - RLController - INFO -   Last 8 values: [-10.        -10.        -10.        -10.        -10.         -1.6863959
 -10.        -10.       ]
2026-09-24 12:25:06,620 - RLController - INFO -   Action shape: (136,), min: -10.000000, max: 5.827379, mean: -9.249743
2026-09-24 12:25:06,620 - RLController - INFO -   B0 junction (indices 16-19) raw values: [ -9.375254 -10.       -10.       -10.      ]
2026-09-24 12:25:06,620 - RLController - INFO - Using CONTINUOUS DURATION-BASED mode
2026-09-24 12:25:06,621 - RLController - INFO -   Example: junction A0 -> durations [51, 13, 13, 13] (total: 90s)
2026-09-24 12:25:06,621 - RLController - INFO -   Example: junction A1 -> durations [24, 22, 22, 22] (total: 90s)
2026-09-24 12:25:06,621 - RLController - INFO -   Example: junction A2 -> durations [12, 12, 54, 12] (total: 90s)
2026-09-24 12:25:06,621 - RLController - INFO -   Example: junction A4 -> durations [60, 10, 10, 10] (total: 90s)
2026-09-24 12:25:06,621 - RLController - INFO -   Example: junction A5 -> durations [24, 22, 22, 22] (total: 90s)
2026-09-24 12:25:06,621 - RLController - INFO -   Example: junction B0 -> durations [24, 22, 22, 22] (total: 90s)
2026-09-24 12:25:06,621 - RLController - INFO -   Example: junction B1 -> durations [24, 22, 22, 22] (total: 90s)
2026-09-24 12:25:06,622 - RLController - INFO -   Example: junction B2 -> durations [24, 22, 22, 22] (total: 90s)
2026-09-24 12:25:06,622 - RLController - INFO -   Example: junction B4 -> durations [24, 22, 22, 22] (total: 90s)
2026-09-24 12:25:06,622 - RLController - INFO -   Example: junction B5 -> durations [60, 10, 10, 10] (total: 90s)
2026-09-24 12:25:06,622 - RLController - INFO -   Example: junction C0 -> durations [22, 22, 24, 22] (total: 90s)
2026-09-24 12:25:06,622 - RLController - INFO -   Example: junction C1 -> durations [24, 22, 22, 22] (total: 90s)
2026-09-24 12:25:06,622 - RLController - INFO -   Example: junction C2 -> durations [57, 13, 10, 10] (total: 90s)
2026-09-24 12:25:06,622 - RLController - INFO -   Example: junction C3 -> durations [60, 10, 10, 10] (total: 90s)
2026-09-24 12:25:06,622 - RLController - INFO -   Example: junction C4 -> durations [57, 11, 11, 11] (total: 90s)
2026-09-24 12:25:06,623 - RLController - INFO -   Example: junction C5 -> durations [57, 11, 11, 11] (total: 90s)
2026-09-24 12:25:06,623 - RLController - INFO -   Example: junction D0 -> durations [24, 22, 22, 22] (total: 90s)
2026-09-24 12:25:06,623 - RLController - INFO -   Example: junction D1 -> durations [21, 21, 27, 21] (total: 90s)
2026-09-24 12:25:06,623 - RLController - INFO -   Example: junction D2 -> durations [45, 15, 15, 15] (total: 90s)
2026-09-24 12:25:06,623 - RLController - INFO -   Example: junction D3 -> durations [24, 22, 22, 22] (total: 90s)
2026-09-24 12:25:06,623 - RLController - INFO -   Example: junction D4 -> durations [24, 22, 22, 22] (total: 90s)
2026-09-24 12:25:06,623 - RLController - INFO -   Example: junction D5 -> durations [13, 13, 51, 13] (total: 90s)
2026-09-24 12:25:06,623 - RLController - INFO -   Example: junction E0 -> durations [24, 22, 22, 22] (total: 90s)
2026-09-24 12:25:06,624 - RLController - INFO -   Example: junction E1 -> durations [24, 22, 22, 22] (total: 90s)
2026-09-24 12:25:06,625 - RLController - INFO -   Stored schedules for 34 junctions, cycle starts at step 3690
2026-09-24 12:25:09,353 - RLController - INFO - DIAGNOSTIC Step 3780 - Observation stats:
2026-09-24 12:25:09,353 - RLController - INFO -   Hash: 1473555347980865240, Min: 0.000000, Max: 1.000000, Mean: 0.430810, Std: 0.456639
2026-09-24 12:25:09,354 - RLController - INFO -   First 10: [1.  0.  0.  0.  0.  0.5 1.  0.  0.  0. ]
2026-09-24 12:25:09,354 - RLController - INFO -   Last 10: [0.         0.2        0.         0.08333334 0.47435898 0.00286955
 0.07662393 0.54409593 0.         0.3       ]
2026-09-24 12:25:09,358 - RLController - INFO - DIAGNOSTIC - Raw model action output:
2026-09-24 12:25:09,358 - RLController - INFO -   Action hash: 3838262969570356809
2026-09-24 12:25:09,358 - RLController - INFO -   First 8 values: [ -7.3871055 -10.        -10.        -10.        -10.        -10.
 -10.        -10.       ]
2026-09-24 12:25:09,359 - RLController - INFO -   Last 8 values: [-10.        -10.        -10.        -10.        -10.         -2.3178594
 -10.        -10.       ]
2026-09-24 12:25:09,359 - RLController - INFO -   Action shape: (136,), min: -10.000000, max: 5.464864, mean: -9.265697
2026-09-24 12:25:09,359 - RLController - INFO -   B0 junction (indices 16-19) raw values: [-10. -10. -10. -10.]
2026-09-24 12:25:09,359 - RLController - INFO - Using CONTINUOUS DURATION-BASED mode
2026-09-24 12:25:09,359 - RLController - INFO -   Example: junction A0 -> durations [51, 13, 13, 13] (total: 90s)
2026-09-24 12:25:09,359 - RLController - INFO -   Example: junction A1 -> durations [24, 22, 22, 22] (total: 90s)
2026-09-24 12:25:09,359 - RLController - INFO -   Example: junction A2 -> durations [12, 12, 54, 12] (total: 90s)
2026-09-24 12:25:09,360 - RLController - INFO -   Example: junction A4 -> durations [60, 10, 10, 10] (total: 90s)
2026-09-24 12:25:09,360 - RLController - INFO -   Example: junction A5 -> durations [24, 22, 22, 22] (total: 90s)
2026-09-24 12:25:09,360 - RLController - INFO -   Example: junction B0 -> durations [24, 22, 22, 22] (total: 90s)
2026-09-24 12:25:09,360 - RLController - INFO -   Example: junction B1 -> durations [24, 22, 22, 22] (total: 90s)
2026-09-24 12:25:09,360 - RLController - INFO -   Example: junction B2 -> durations [24, 22, 22, 22] (total: 90s)
2026-09-24 12:25:09,360 - RLController - INFO -   Example: junction B4 -> durations [24, 22, 22, 22] (total: 90s)
2026-09-24 12:25:09,360 - RLController - INFO -   Example: junction B5 -> durations [60, 10, 10, 10] (total: 90s)
2026-09-24 12:25:09,361 - RLController - INFO -   Example: junction C0 -> durations [22, 22, 24, 22] (total: 90s)
2026-09-24 12:25:09,361 - RLController - INFO -   Example: junction C1 -> durations [24, 22, 22, 22] (total: 90s)
2026-09-24 12:25:09,361 - RLController - INFO -   Example: junction C2 -> durations [57, 13, 10, 10] (total: 90s)
2026-09-24 12:25:09,361 - RLController - INFO -   Example: junction C3 -> durations [60, 10, 10, 10] (total: 90s)
2026-09-24 12:25:09,361 - RLController - INFO -   Example: junction C4 -> durations [57, 11, 11, 11] (total: 90s)
2026-09-24 12:25:09,361 - RLController - INFO -   Example: junction C5 -> durations [57, 11, 11, 11] (total: 90s)
2026-09-24 12:25:09,361 - RLController - INFO -   Example: junction D0 -> durations [24, 22, 22, 22] (total: 90s)
2026-09-24 12:25:09,361 - RLController - INFO -   Example: junction D1 -> durations [21, 21, 27, 21] (total: 90s)
2026-09-24 12:25:09,362 - RLController - INFO -   Example: junction D2 -> durations [45, 15, 15, 15] (total: 90s)
2026-09-24 12:25:09,362 - RLController - INFO -   Example: junction D3 -> durations [24, 22, 22, 22] (total: 90s)
2026-09-24 12:25:09,362 - RLController - INFO -   Example: junction D4 -> durations [24, 22, 22, 22] (total: 90s)
2026-09-24 12:25:09,362 - RLController - INFO -   Example: junction D5 -> durations [13, 13, 51, 13] (total: 90s)
2026-09-24 12:25:09,362 - RLController - INFO -   Example: junction E0 -> durations [24, 22, 22, 22] (total: 90s)
2026-09-24 12:25:09,362 - RLController - INFO -   Example: junction E1 -> durations [24, 22, 22, 22] (total: 90s)
2026-09-24 12:25:09,363 - RLController - INFO -   Stored schedules for 34 junctions, cycle starts at step 3780
2026-09-24 12:25:12,140 - RLController - INFO - DIAGNOSTIC Step 3870 - Observation stats:
2026-09-24 12:25:12,140 - RLController - INFO -   Hash: 5112255936433463837, Min: 0.000000, Max: 1.000000, Mean: 0.429722, Std: 0.456590
2026-09-24 12:25:12,140 - RLController - INFO -   First 10: [1.         0.         0.         0.         0.         0.5
 0.         0.         0.99333334 1.        ]
2026-09-24 12:25:12,141 - RLController - INFO -   Last 10: [0.         0.2        0.         0.08333334 0.48290598 0.0026931
 0.07632478 0.53014255 0.         0.3       ]
2026-09-24 12:25:12,146 - RLController - INFO - DIAGNOSTIC - Raw model action output:
2026-09-24 12:25:12,146 - RLController - INFO -   Action hash: -561701587567593805
2026-09-24 12:25:12,146 - RLController - INFO -   First 8 values: [ -7.508833 -10.       -10.       -10.       -10.       -10.
 -10.       -10.      ]
2026-09-24 12:25:12,147 - RLController - INFO -   Last 8 values: [-10.        -10.        -10.        -10.        -10.         -2.5813453
 -10.        -10.       ]
2026-09-24 12:25:12,147 - RLController - INFO -   Action shape: (136,), min: -10.000000, max: 5.820280, mean: -9.254228
2026-09-24 12:25:12,147 - RLController - INFO -   B0 junction (indices 16-19) raw values: [ -9.895396 -10.       -10.       -10.      ]
2026-09-24 12:25:12,147 - RLController - INFO - Using CONTINUOUS DURATION-BASED mode
2026-09-24 12:25:12,147 - RLController - INFO -   Example: junction A0 -> durations [51, 13, 13, 13] (total: 90s)
2026-09-24 12:25:12,147 - RLController - INFO -   Example: junction A1 -> durations [24, 22, 22, 22] (total: 90s)
2026-09-24 12:25:12,148 - RLController - INFO -   Example: junction A2 -> durations [12, 12, 54, 12] (total: 90s)
2026-09-24 12:25:12,148 - RLController - INFO -   Example: junction A4 -> durations [60, 10, 10, 10] (total: 90s)
2026-09-24 12:25:12,148 - RLController - INFO -   Example: junction A5 -> durations [24, 22, 22, 22] (total: 90s)
2026-09-24 12:25:12,148 - RLController - INFO -   Example: junction B0 -> durations [24, 22, 22, 22] (total: 90s)
2026-09-24 12:25:12,148 - RLController - INFO -   Example: junction B1 -> durations [24, 22, 22, 22] (total: 90s)
2026-09-24 12:25:12,148 - RLController - INFO -   Example: junction B2 -> durations [24, 22, 22, 22] (total: 90s)
2026-09-24 12:25:12,148 - RLController - INFO -   Example: junction B4 -> durations [24, 22, 22, 22] (total: 90s)
2026-09-24 12:25:12,148 - RLController - INFO -   Example: junction B5 -> durations [60, 10, 10, 10] (total: 90s)
2026-09-24 12:25:12,149 - RLController - INFO -   Example: junction C0 -> durations [22, 22, 24, 22] (total: 90s)
2026-09-24 12:25:12,149 - RLController - INFO -   Example: junction C1 -> durations [24, 22, 22, 22] (total: 90s)
2026-09-24 12:25:12,149 - RLController - INFO -   Example: junction C2 -> durations [57, 13, 10, 10] (total: 90s)
2026-09-24 12:25:12,149 - RLController - INFO -   Example: junction C3 -> durations [60, 10, 10, 10] (total: 90s)
2026-09-24 12:25:12,149 - RLController - INFO -   Example: junction C4 -> durations [57, 11, 11, 11] (total: 90s)
2026-09-24 12:25:12,149 - RLController - INFO -   Example: junction C5 -> durations [57, 11, 11, 11] (total: 90s)
2026-09-24 12:25:12,149 - RLController - INFO -   Example: junction D0 -> durations [24, 22, 22, 22] (total: 90s)
2026-09-24 12:25:12,149 - RLController - INFO -   Example: junction D1 -> durations [21, 21, 27, 21] (total: 90s)
2026-09-24 12:25:12,150 - RLController - INFO -   Example: junction D2 -> durations [45, 15, 15, 15] (total: 90s)
2026-09-24 12:25:12,150 - RLController - INFO -   Example: junction D3 -> durations [24, 22, 22, 22] (total: 90s)
2026-09-24 12:25:12,150 - RLController - INFO -   Example: junction D4 -> durations [24, 22, 22, 22] (total: 90s)
2026-09-24 12:25:12,150 - RLController - INFO -   Example: junction D5 -> durations [13, 13, 51, 13] (total: 90s)
2026-09-24 12:25:12,150 - RLController - INFO -   Example: junction E0 -> durations [24, 22, 22, 22] (total: 90s)
2026-09-24 12:25:12,150 - RLController - INFO -   Example: junction E1 -> durations [24, 22, 22, 22] (total: 90s)
2026-09-24 12:25:12,151 - RLController - INFO -   Stored schedules for 34 junctions, cycle starts at step 3870
2026-09-24 12:25:14,779 - RLController - INFO - DIAGNOSTIC Step 3960 - Observation stats:
2026-09-24 12:25:14,780 - RLController - INFO -   Hash: 4878030634952315597, Min: 0.000000, Max: 1.000000, Mean: 0.431900, Std: 0.454709
2026-09-24 12:25:14,781 - RLController - INFO -   First 10: [1.         0.         0.         0.         0.         0.5
 0.         1.         0.99333334 1.        ]
2026-09-24 12:25:14,781 - RLController - INFO -   Last 10: [0.         0.2        0.         0.08333334 0.49358973 0.00352735
 0.07709402 0.5249689  0.         0.3       ]
2026-09-24 12:25:14,785 - RLController - INFO - DIAGNOSTIC - Raw model action output:
2026-09-24 12:25:14,785 - RLController - INFO -   Action hash: 498222275178541669
2026-09-24 12:25:14,785 - RLController - INFO -   First 8 values: [ -7.2756267 -10.        -10.        -10.        -10.        -10.
 -10.        -10.       ]
2026-09-24 12:25:14,785 - RLController - INFO -   Last 8 values: [-10.        -10.        -10.        -10.        -10.         -3.6184146
 -10.        -10.       ]
2026-09-24 12:25:14,785 - RLController - INFO -   Action shape: (136,), min: -10.000000, max: 4.884492, mean: -9.248940
2026-09-24 12:25:14,786 - RLController - INFO -   B0 junction (indices 16-19) raw values: [ -9.5674095 -10.        -10.        -10.       ]
2026-09-24 12:25:14,786 - RLController - INFO - Using CONTINUOUS DURATION-BASED mode
2026-09-24 12:25:14,786 - RLController - INFO -   Example: junction A0 -> durations [51, 13, 13, 13] (total: 90s)
2026-09-24 12:25:14,786 - RLController - INFO -   Example: junction A1 -> durations [24, 22, 22, 22] (total: 90s)
2026-09-24 12:25:14,786 - RLController - INFO -   Example: junction A2 -> durations [12, 12, 54, 12] (total: 90s)
2026-09-24 12:25:14,786 - RLController - INFO -   Example: junction A4 -> durations [60, 10, 10, 10] (total: 90s)
2026-09-24 12:25:14,786 - RLController - INFO -   Example: junction A5 -> durations [24, 22, 22, 22] (total: 90s)
2026-09-24 12:25:14,786 - RLController - INFO -   Example: junction B0 -> durations [24, 22, 22, 22] (total: 90s)
2026-09-24 12:25:14,786 - RLController - INFO -   Example: junction B1 -> durations [24, 22, 22, 22] (total: 90s)
2026-09-24 12:25:14,786 - RLController - INFO -   Example: junction B2 -> durations [24, 22, 22, 22] (total: 90s)
2026-09-24 12:25:14,787 - RLController - INFO -   Example: junction B4 -> durations [24, 22, 22, 22] (total: 90s)
2026-09-24 12:25:14,787 - RLController - INFO -   Example: junction B5 -> durations [60, 10, 10, 10] (total: 90s)
2026-09-24 12:25:14,787 - RLController - INFO -   Example: junction C0 -> durations [22, 22, 24, 22] (total: 90s)
2026-09-24 12:25:14,787 - RLController - INFO -   Example: junction C1 -> durations [24, 22, 22, 22] (total: 90s)
2026-09-24 12:25:14,787 - RLController - INFO -   Example: junction C2 -> durations [57, 13, 10, 10] (total: 90s)
2026-09-24 12:25:14,787 - RLController - INFO -   Example: junction C3 -> durations [60, 10, 10, 10] (total: 90s)
2026-09-24 12:25:14,787 - RLController - INFO -   Example: junction C4 -> durations [57, 11, 11, 11] (total: 90s)
2026-09-24 12:25:14,787 - RLController - INFO -   Example: junction C5 -> durations [57, 11, 11, 11] (total: 90s)
2026-09-24 12:25:14,787 - RLController - INFO -   Example: junction D0 -> durations [24, 22, 22, 22] (total: 90s)
2026-09-24 12:25:14,788 - RLController - INFO -   Example: junction D1 -> durations [21, 21, 27, 21] (total: 90s)
2026-09-24 12:25:14,788 - RLController - INFO -   Example: junction D2 -> durations [45, 15, 15, 15] (total: 90s)
2026-09-24 12:25:14,788 - RLController - INFO -   Example: junction D3 -> durations [24, 22, 22, 22] (total: 90s)
2026-09-24 12:25:14,788 - RLController - INFO -   Example: junction D4 -> durations [24, 22, 22, 22] (total: 90s)
2026-09-24 12:25:14,788 - RLController - INFO -   Example: junction D5 -> durations [13, 13, 51, 13] (total: 90s)
2026-09-24 12:25:14,788 - RLController - INFO -   Example: junction E0 -> durations [24, 22, 22, 22] (total: 90s)
2026-09-24 12:25:14,788 - RLController - INFO -   Example: junction E1 -> durations [24, 22, 22, 22] (total: 90s)
2026-09-24 12:25:14,789 - RLController - INFO -   Stored schedules for 34 junctions, cycle starts at step 3960
2026-09-24 12:25:17,210 - RLController - INFO - DIAGNOSTIC Step 4050 - Observation stats:
2026-09-24 12:25:17,210 - RLController - INFO -   Hash: -4635153559673462861, Min: 0.000000, Max: 1.000000, Mean: 0.432627, Std: 0.455485
2026-09-24 12:25:17,211 - RLController - INFO -   First 10: [1.         0.         0.         0.         0.         0.5
 0.         1.         0.99333334 1.        ]
2026-09-24 12:25:17,211 - RLController - INFO -   Last 10: [0.         0.2        0.         0.08333334 0.48290598 0.00392884
 0.07632478 0.5413938  0.         0.3       ]
2026-09-24 12:25:17,217 - RLController - INFO - DIAGNOSTIC - Raw model action output:
2026-09-24 12:25:17,217 - RLController - INFO -   Action hash: 1973497892206851398
2026-09-24 12:25:17,217 - RLController - INFO -   First 8 values: [ -7.2321734 -10.        -10.        -10.        -10.        -10.
 -10.        -10.       ]
2026-09-24 12:25:17,217 - RLController - INFO -   Last 8 values: [-10.        -10.        -10.        -10.        -10.         -3.9913504
 -10.        -10.       ]
2026-09-24 12:25:17,218 - RLController - INFO -   Action shape: (136,), min: -10.000000, max: 5.622642, mean: -9.261300
2026-09-24 12:25:17,218 - RLController - INFO -   B0 junction (indices 16-19) raw values: [-10. -10. -10. -10.]
2026-09-24 12:25:17,218 - RLController - INFO - Using CONTINUOUS DURATION-BASED mode
2026-09-24 12:25:17,218 - RLController - INFO -   Example: junction A0 -> durations [51, 13, 13, 13] (total: 90s)
2026-09-24 12:25:17,218 - RLController - INFO -   Example: junction A1 -> durations [24, 22, 22, 22] (total: 90s)
2026-09-24 12:25:17,218 - RLController - INFO -   Example: junction A2 -> durations [12, 12, 54, 12] (total: 90s)
2026-09-24 12:25:17,218 - RLController - INFO -   Example: junction A4 -> durations [60, 10, 10, 10] (total: 90s)
2026-09-24 12:25:17,218 - RLController - INFO -   Example: junction A5 -> durations [24, 22, 22, 22] (total: 90s)
2026-09-24 12:25:17,218 - RLController - INFO -   Example: junction B0 -> durations [24, 22, 22, 22] (total: 90s)
2026-09-24 12:25:17,219 - RLController - INFO -   Example: junction B1 -> durations [24, 22, 22, 22] (total: 90s)
2026-09-24 12:25:17,219 - RLController - INFO -   Example: junction B2 -> durations [24, 22, 22, 22] (total: 90s)
2026-09-24 12:25:17,219 - RLController - INFO -   Example: junction B4 -> durations [24, 22, 22, 22] (total: 90s)
2026-09-24 12:25:17,219 - RLController - INFO -   Example: junction B5 -> durations [60, 10, 10, 10] (total: 90s)
2026-09-24 12:25:17,219 - RLController - INFO -   Example: junction C0 -> durations [22, 22, 24, 22] (total: 90s)
2026-09-24 12:25:17,220 - RLController - INFO -   Example: junction C1 -> durations [24, 22, 22, 22] (total: 90s)
2026-09-24 12:25:17,220 - RLController - INFO -   Example: junction C2 -> durations [57, 13, 10, 10] (total: 90s)
2026-09-24 12:25:17,220 - RLController - INFO -   Example: junction C3 -> durations [60, 10, 10, 10] (total: 90s)
2026-09-24 12:25:17,220 - RLController - INFO -   Example: junction C4 -> durations [57, 11, 11, 11] (total: 90s)
2026-09-24 12:25:17,220 - RLController - INFO -   Example: junction C5 -> durations [57, 11, 11, 11] (total: 90s)
2026-09-24 12:25:17,220 - RLController - INFO -   Example: junction D0 -> durations [24, 22, 22, 22] (total: 90s)
2026-09-24 12:25:17,220 - RLController - INFO -   Example: junction D1 -> durations [21, 21, 27, 21] (total: 90s)
2026-09-24 12:25:17,220 - RLController - INFO -   Example: junction D2 -> durations [45, 15, 15, 15] (total: 90s)
2026-09-24 12:25:17,221 - RLController - INFO -   Example: junction D3 -> durations [24, 22, 22, 22] (total: 90s)
2026-09-24 12:25:17,221 - RLController - INFO -   Example: junction D4 -> durations [24, 22, 22, 22] (total: 90s)
2026-09-24 12:25:17,221 - RLController - INFO -   Example: junction D5 -> durations [13, 13, 51, 13] (total: 90s)
2026-09-24 12:25:17,221 - RLController - INFO -   Example: junction E0 -> durations [24, 22, 22, 22] (total: 90s)
2026-09-24 12:25:17,221 - RLController - INFO -   Example: junction E1 -> durations [24, 22, 22, 22] (total: 90s)
2026-09-24 12:25:17,221 - RLController - INFO -   Stored schedules for 34 junctions, cycle starts at step 4050
2026-09-24 12:25:19,607 - RLController - INFO - DIAGNOSTIC Step 4140 - Observation stats:
2026-09-24 12:25:19,607 - RLController - INFO -   Hash: 5409606956339101295, Min: 0.000000, Max: 1.000000, Mean: 0.438004, Std: 0.457677
2026-09-24 12:25:19,608 - RLController - INFO -   First 10: [1.         0.         0.         0.         0.         0.5
 0.         0.         0.99333334 1.        ]
2026-09-24 12:25:19,608 - RLController - INFO -   Last 10: [0.         0.2        0.         0.08333334 0.48290598 0.00278245
 0.07641026 0.52600384 0.         0.3       ]
2026-09-24 12:25:19,612 - RLController - INFO - DIAGNOSTIC - Raw model action output:
2026-09-24 12:25:19,612 - RLController - INFO -   Action hash: -5785387531471917946
2026-09-24 12:25:19,612 - RLController - INFO -   First 8 values: [ -7.465358 -10.       -10.       -10.       -10.       -10.
 -10.       -10.      ]
2026-09-24 12:25:19,612 - RLController - INFO -   Last 8 values: [-10.        -10.        -10.        -10.        -10.         -3.4782126
 -10.        -10.       ]
2026-09-24 12:25:19,612 - RLController - INFO -   Action shape: (136,), min: -10.000000, max: 4.682430, mean: -9.300223
2026-09-24 12:25:19,612 - RLController - INFO -   B0 junction (indices 16-19) raw values: [-10. -10. -10. -10.]
2026-09-24 12:25:19,613 - RLController - INFO - Using CONTINUOUS DURATION-BASED mode
2026-09-24 12:25:19,613 - RLController - INFO -   Example: junction A0 -> durations [51, 13, 13, 13] (total: 90s)
2026-09-24 12:25:19,613 - RLController - INFO -   Example: junction A1 -> durations [24, 22, 22, 22] (total: 90s)
2026-09-24 12:25:19,613 - RLController - INFO -   Example: junction A2 -> durations [12, 12, 54, 12] (total: 90s)
2026-09-24 12:25:19,613 - RLController - INFO -   Example: junction A4 -> durations [60, 10, 10, 10] (total: 90s)
2026-09-24 12:25:19,613 - RLController - INFO -   Example: junction A5 -> durations [24, 22, 22, 22] (total: 90s)
2026-09-24 12:25:19,613 - RLController - INFO -   Example: junction B0 -> durations [24, 22, 22, 22] (total: 90s)
2026-09-24 12:25:19,613 - RLController - INFO -   Example: junction B1 -> durations [24, 22, 22, 22] (total: 90s)
2026-09-24 12:25:19,613 - RLController - INFO -   Example: junction B2 -> durations [24, 22, 22, 22] (total: 90s)
2026-09-24 12:25:19,614 - RLController - INFO -   Example: junction B4 -> durations [24, 22, 22, 22] (total: 90s)
2026-09-24 12:25:19,614 - RLController - INFO -   Example: junction B5 -> durations [60, 10, 10, 10] (total: 90s)
2026-09-24 12:25:19,614 - RLController - INFO -   Example: junction C0 -> durations [22, 22, 24, 22] (total: 90s)
2026-09-24 12:25:19,614 - RLController - INFO -   Example: junction C1 -> durations [24, 22, 22, 22] (total: 90s)
2026-09-24 12:25:19,614 - RLController - INFO -   Example: junction C2 -> durations [57, 13, 10, 10] (total: 90s)
2026-09-24 12:25:19,614 - RLController - INFO -   Example: junction C3 -> durations [60, 10, 10, 10] (total: 90s)
2026-09-24 12:25:19,614 - RLController - INFO -   Example: junction C4 -> durations [57, 11, 11, 11] (total: 90s)
2026-09-24 12:25:19,614 - RLController - INFO -   Example: junction C5 -> durations [57, 11, 11, 11] (total: 90s)
2026-09-24 12:25:19,614 - RLController - INFO -   Example: junction D0 -> durations [24, 22, 22, 22] (total: 90s)
2026-09-24 12:25:19,615 - RLController - INFO -   Example: junction D1 -> durations [21, 21, 27, 21] (total: 90s)
2026-09-24 12:25:19,615 - RLController - INFO -   Example: junction D2 -> durations [45, 15, 15, 15] (total: 90s)
2026-09-24 12:25:19,615 - RLController - INFO -   Example: junction D3 -> durations [24, 22, 22, 22] (total: 90s)
2026-09-24 12:25:19,615 - RLController - INFO -   Example: junction D4 -> durations [24, 22, 22, 22] (total: 90s)
2026-09-24 12:25:19,615 - RLController - INFO -   Example: junction D5 -> durations [13, 13, 51, 13] (total: 90s)
2026-09-24 12:25:19,615 - RLController - INFO -   Example: junction E0 -> durations [24, 22, 22, 22] (total: 90s)
2026-09-24 12:25:19,615 - RLController - INFO -   Example: junction E1 -> durations [24, 22, 22, 22] (total: 90s)
2026-09-24 12:25:19,616 - RLController - INFO -   Stored schedules for 34 junctions, cycle starts at step 4140
2026-09-24 12:25:22,190 - RLController - INFO - DIAGNOSTIC Step 4230 - Observation stats:
2026-09-24 12:25:22,191 - RLController - INFO -   Hash: -3756816798792078607, Min: 0.000000, Max: 1.000000, Mean: 0.437941, Std: 0.456896
2026-09-24 12:25:22,191 - RLController - INFO -   First 10: [1.  0.  0.  0.  0.  0.5 1.  0.  0.  0. ]
2026-09-24 12:25:22,191 - RLController - INFO -   Last 10: [0.         0.2        0.         0.08333334 0.48290598 0.00262816
 0.07645299 0.5338294  0.         0.3       ]
2026-09-24 12:25:22,196 - RLController - INFO - DIAGNOSTIC - Raw model action output:
2026-09-24 12:25:22,196 - RLController - INFO -   Action hash: -3365376843066870347
2026-09-24 12:25:22,197 - RLController - INFO -   First 8 values: [ -7.604069 -10.       -10.       -10.       -10.       -10.
 -10.       -10.      ]
2026-09-24 12:25:22,197 - RLController - INFO -   Last 8 values: [-10.        -10.        -10.        -10.        -10.         -1.1966107
 -10.        -10.       ]
2026-09-24 12:25:22,197 - RLController - INFO -   Action shape: (136,), min: -10.000000, max: 5.090163, mean: -9.291860
2026-09-24 12:25:22,197 - RLController - INFO -   B0 junction (indices 16-19) raw values: [ -9.945068 -10.       -10.       -10.      ]
2026-09-24 12:25:22,197 - RLController - INFO - Using CONTINUOUS DURATION-BASED mode
2026-09-24 12:25:22,197 - RLController - INFO -   Example: junction A0 -> durations [51, 13, 13, 13] (total: 90s)
2026-09-24 12:25:22,198 - RLController - INFO -   Example: junction A1 -> durations [24, 22, 22, 22] (total: 90s)
2026-09-24 12:25:22,198 - RLController - INFO -   Example: junction A2 -> durations [12, 12, 54, 12] (total: 90s)
2026-09-24 12:25:22,198 - RLController - INFO -   Example: junction A4 -> durations [60, 10, 10, 10] (total: 90s)
2026-09-24 12:25:22,198 - RLController - INFO -   Example: junction A5 -> durations [24, 22, 22, 22] (total: 90s)
2026-09-24 12:25:22,198 - RLController - INFO -   Example: junction B0 -> durations [24, 22, 22, 22] (total: 90s)
2026-09-24 12:25:22,198 - RLController - INFO -   Example: junction B1 -> durations [24, 22, 22, 22] (total: 90s)
2026-09-24 12:25:22,198 - RLController - INFO -   Example: junction B2 -> durations [24, 22, 22, 22] (total: 90s)
2026-09-24 12:25:22,198 - RLController - INFO -   Example: junction B4 -> durations [24, 22, 22, 22] (total: 90s)
2026-09-24 12:25:22,199 - RLController - INFO -   Example: junction B5 -> durations [60, 10, 10, 10] (total: 90s)
2026-09-24 12:25:22,199 - RLController - INFO -   Example: junction C0 -> durations [22, 22, 24, 22] (total: 90s)
2026-09-24 12:25:22,199 - RLController - INFO -   Example: junction C1 -> durations [24, 22, 22, 22] (total: 90s)
2026-09-24 12:25:22,199 - RLController - INFO -   Example: junction C2 -> durations [57, 13, 10, 10] (total: 90s)
2026-09-24 12:25:22,199 - RLController - INFO -   Example: junction C3 -> durations [60, 10, 10, 10] (total: 90s)
2026-09-24 12:25:22,199 - RLController - INFO -   Example: junction C4 -> durations [57, 11, 11, 11] (total: 90s)
2026-09-24 12:25:22,199 - RLController - INFO -   Example: junction C5 -> durations [57, 11, 11, 11] (total: 90s)
2026-09-24 12:25:22,199 - RLController - INFO -   Example: junction D0 -> durations [24, 22, 22, 22] (total: 90s)
2026-09-24 12:25:22,200 - RLController - INFO -   Example: junction D1 -> durations [21, 21, 27, 21] (total: 90s)
2026-09-24 12:25:22,200 - RLController - INFO -   Example: junction D2 -> durations [45, 15, 15, 15] (total: 90s)
2026-09-24 12:25:22,200 - RLController - INFO -   Example: junction D3 -> durations [24, 22, 22, 22] (total: 90s)
2026-09-24 12:25:22,200 - RLController - INFO -   Example: junction D4 -> durations [24, 22, 22, 22] (total: 90s)
2026-09-24 12:25:22,200 - RLController - INFO -   Example: junction D5 -> durations [13, 13, 51, 13] (total: 90s)
2026-09-24 12:25:22,200 - RLController - INFO -   Example: junction E0 -> durations [24, 22, 22, 22] (total: 90s)
2026-09-24 12:25:22,200 - RLController - INFO -   Example: junction E1 -> durations [24, 22, 22, 22] (total: 90s)
2026-09-24 12:25:22,201 - RLController - INFO -   Stored schedules for 34 junctions, cycle starts at step 4230
2026-09-24 12:25:24,826 - RLController - INFO - DIAGNOSTIC Step 4320 - Observation stats:
2026-09-24 12:25:24,826 - RLController - INFO -   Hash: 1202671624792979822, Min: 0.000000, Max: 1.000000, Mean: 0.439618, Std: 0.458392
2026-09-24 12:25:24,826 - RLController - INFO -   First 10: [1.  0.  0.  0.  0.  0.5 1.  0.  0.  0. ]
2026-09-24 12:25:24,826 - RLController - INFO -   Last 10: [0.         0.2        0.         0.08333334 0.48931623 0.00289034
 0.07790598 0.5255955  0.         0.3       ]
2026-09-24 12:25:24,831 - RLController - INFO - DIAGNOSTIC - Raw model action output:
2026-09-24 12:25:24,831 - RLController - INFO -   Action hash: 5654850842814753829
2026-09-24 12:25:24,831 - RLController - INFO -   First 8 values: [ -7.722169 -10.       -10.       -10.       -10.       -10.
 -10.       -10.      ]
2026-09-24 12:25:24,831 - RLController - INFO -   Last 8 values: [-10.       -10.       -10.       -10.       -10.        -2.690758
 -10.       -10.      ]
2026-09-24 12:25:24,831 - RLController - INFO -   Action shape: (136,), min: -10.000000, max: 4.995493, mean: -9.285242
2026-09-24 12:25:24,832 - RLController - INFO -   B0 junction (indices 16-19) raw values: [ -9.87168 -10.      -10.      -10.     ]
2026-09-24 12:25:24,832 - RLController - INFO - Using CONTINUOUS DURATION-BASED mode
2026-09-24 12:25:24,832 - RLController - INFO -   Example: junction A0 -> durations [51, 13, 13, 13] (total: 90s)
2026-09-24 12:25:24,832 - RLController - INFO -   Example: junction A1 -> durations [24, 22, 22, 22] (total: 90s)
2026-09-24 12:25:24,832 - RLController - INFO -   Example: junction A2 -> durations [12, 12, 54, 12] (total: 90s)
2026-09-24 12:25:24,832 - RLController - INFO -   Example: junction A4 -> durations [60, 10, 10, 10] (total: 90s)
2026-09-24 12:25:24,832 - RLController - INFO -   Example: junction A5 -> durations [24, 22, 22, 22] (total: 90s)
2026-09-24 12:25:24,833 - RLController - INFO -   Example: junction B0 -> durations [24, 22, 22, 22] (total: 90s)
2026-09-24 12:25:24,833 - RLController - INFO -   Example: junction B1 -> durations [24, 22, 22, 22] (total: 90s)
2026-09-24 12:25:24,833 - RLController - INFO -   Example: junction B2 -> durations [24, 22, 22, 22] (total: 90s)
2026-09-24 12:25:24,833 - RLController - INFO -   Example: junction B4 -> durations [24, 22, 22, 22] (total: 90s)
2026-09-24 12:25:24,833 - RLController - INFO -   Example: junction B5 -> durations [60, 10, 10, 10] (total: 90s)
2026-09-24 12:25:24,833 - RLController - INFO -   Example: junction C0 -> durations [22, 22, 24, 22] (total: 90s)
2026-09-24 12:25:24,833 - RLController - INFO -   Example: junction C1 -> durations [24, 22, 22, 22] (total: 90s)
2026-09-24 12:25:24,834 - RLController - INFO -   Example: junction C2 -> durations [57, 13, 10, 10] (total: 90s)
2026-09-24 12:25:24,834 - RLController - INFO -   Example: junction C3 -> durations [60, 10, 10, 10] (total: 90s)
2026-09-24 12:25:24,834 - RLController - INFO -   Example: junction C4 -> durations [57, 11, 11, 11] (total: 90s)
2026-09-24 12:25:24,834 - RLController - INFO -   Example: junction C5 -> durations [57, 11, 11, 11] (total: 90s)
2026-09-24 12:25:24,834 - RLController - INFO -   Example: junction D0 -> durations [24, 22, 22, 22] (total: 90s)
2026-09-24 12:25:24,834 - RLController - INFO -   Example: junction D1 -> durations [21, 21, 27, 21] (total: 90s)
2026-09-24 12:25:24,834 - RLController - INFO -   Example: junction D2 -> durations [45, 15, 15, 15] (total: 90s)
2026-09-24 12:25:24,834 - RLController - INFO -   Example: junction D3 -> durations [24, 22, 22, 22] (total: 90s)
2026-09-24 12:25:24,835 - RLController - INFO -   Example: junction D4 -> durations [24, 22, 22, 22] (total: 90s)
2026-09-24 12:25:24,835 - RLController - INFO -   Example: junction D5 -> durations [13, 13, 51, 13] (total: 90s)
2026-09-24 12:25:24,835 - RLController - INFO -   Example: junction E0 -> durations [24, 22, 22, 22] (total: 90s)
2026-09-24 12:25:24,835 - RLController - INFO -   Example: junction E1 -> durations [24, 22, 22, 22] (total: 90s)
2026-09-24 12:25:24,836 - RLController - INFO -   Stored schedules for 34 junctions, cycle starts at step 4320
2026-09-24 12:25:27,498 - RLController - INFO - DIAGNOSTIC Step 4410 - Observation stats:
2026-09-24 12:25:27,498 - RLController - INFO -   Hash: 5181588688662495951, Min: 0.000000, Max: 1.000000, Mean: 0.440952, Std: 0.457696
2026-09-24 12:25:27,498 - RLController - INFO -   First 10: [1.         0.         0.         0.         0.         0.5
 0.         1.         0.99333334 1.        ]
2026-09-24 12:25:27,498 - RLController - INFO -   Last 10: [0.         0.2        0.         0.08333334 0.491453   0.00341711
 0.08025641 0.52833235 0.         0.3       ]
2026-09-24 12:25:27,505 - RLController - INFO - DIAGNOSTIC - Raw model action output:
2026-09-24 12:25:27,505 - RLController - INFO -   Action hash: 3611111157913507993
2026-09-24 12:25:27,505 - RLController - INFO -   First 8 values: [ -7.8314486 -10.        -10.        -10.        -10.        -10.
 -10.        -10.       ]
2026-09-24 12:25:27,505 - RLController - INFO -   Last 8 values: [-10.        -10.        -10.        -10.        -10.         -2.9292676
 -10.        -10.       ]
2026-09-24 12:25:27,506 - RLController - INFO -   Action shape: (136,), min: -10.000000, max: 5.155992, mean: -9.277896
2026-09-24 12:25:27,506 - RLController - INFO -   B0 junction (indices 16-19) raw values: [ -9.80175 -10.      -10.      -10.     ]
2026-09-24 12:25:27,506 - RLController - INFO - Using CONTINUOUS DURATION-BASED mode
2026-09-24 12:25:27,506 - RLController - INFO -   Example: junction A0 -> durations [51, 13, 13, 13] (total: 90s)
2026-09-24 12:25:27,506 - RLController - INFO -   Example: junction A1 -> durations [24, 22, 22, 22] (total: 90s)
2026-09-24 12:25:27,506 - RLController - INFO -   Example: junction A2 -> durations [12, 12, 54, 12] (total: 90s)
2026-09-24 12:25:27,506 - RLController - INFO -   Example: junction A4 -> durations [60, 10, 10, 10] (total: 90s)
2026-09-24 12:25:27,507 - RLController - INFO -   Example: junction A5 -> durations [24, 22, 22, 22] (total: 90s)
2026-09-24 12:25:27,507 - RLController - INFO -   Example: junction B0 -> durations [24, 22, 22, 22] (total: 90s)
2026-09-24 12:25:27,507 - RLController - INFO -   Example: junction B1 -> durations [24, 22, 22, 22] (total: 90s)
2026-09-24 12:25:27,507 - RLController - INFO -   Example: junction B2 -> durations [24, 22, 22, 22] (total: 90s)
2026-09-24 12:25:27,507 - RLController - INFO -   Example: junction B4 -> durations [24, 22, 22, 22] (total: 90s)
2026-09-24 12:25:27,507 - RLController - INFO -   Example: junction B5 -> durations [60, 10, 10, 10] (total: 90s)
2026-09-24 12:25:27,507 - RLController - INFO -   Example: junction C0 -> durations [22, 22, 24, 22] (total: 90s)
2026-09-24 12:25:27,507 - RLController - INFO -   Example: junction C1 -> durations [24, 22, 22, 22] (total: 90s)
2026-09-24 12:25:27,508 - RLController - INFO -   Example: junction C2 -> durations [57, 13, 10, 10] (total: 90s)
2026-09-24 12:25:27,508 - RLController - INFO -   Example: junction C3 -> durations [60, 10, 10, 10] (total: 90s)
2026-09-24 12:25:27,508 - RLController - INFO -   Example: junction C4 -> durations [57, 11, 11, 11] (total: 90s)
2026-09-24 12:25:27,508 - RLController - INFO -   Example: junction C5 -> durations [57, 11, 11, 11] (total: 90s)
2026-09-24 12:25:27,508 - RLController - INFO -   Example: junction D0 -> durations [24, 22, 22, 22] (total: 90s)
2026-09-24 12:25:27,508 - RLController - INFO -   Example: junction D1 -> durations [21, 21, 27, 21] (total: 90s)
2026-09-24 12:25:27,508 - RLController - INFO -   Example: junction D2 -> durations [45, 15, 15, 15] (total: 90s)
2026-09-24 12:25:27,508 - RLController - INFO -   Example: junction D3 -> durations [24, 22, 22, 22] (total: 90s)
2026-09-24 12:25:27,509 - RLController - INFO -   Example: junction D4 -> durations [24, 22, 22, 22] (total: 90s)
2026-09-24 12:25:27,509 - RLController - INFO -   Example: junction D5 -> durations [13, 13, 51, 13] (total: 90s)
2026-09-24 12:25:27,509 - RLController - INFO -   Example: junction E0 -> durations [24, 22, 22, 22] (total: 90s)
2026-09-24 12:25:27,509 - RLController - INFO -   Example: junction E1 -> durations [24, 22, 22, 22] (total: 90s)
2026-09-24 12:25:27,510 - RLController - INFO -   Stored schedules for 34 junctions, cycle starts at step 4410
2026-09-24 12:25:30,317 - RLController - INFO - DIAGNOSTIC Step 4500 - Observation stats:
2026-09-24 12:25:30,317 - RLController - INFO -   Hash: -6402153910970406801, Min: 0.000000, Max: 1.000000, Mean: 0.442845, Std: 0.458869
2026-09-24 12:25:30,318 - RLController - INFO -   First 10: [1.0000000e+00 0.0000000e+00 0.0000000e+00 0.0000000e+00 0.0000000e+00
 5.0000000e-01 6.3580974e-06 1.0000000e+00 9.9333334e-01 1.0000000e+00]
2026-09-24 12:25:30,318 - RLController - INFO -   Last 10: [0.         0.2        0.         0.08333334 0.4957265  0.00295294
 0.07944445 0.51535577 0.         0.3       ]
2026-09-24 12:25:30,322 - RLController - INFO - DIAGNOSTIC - Raw model action output:
2026-09-24 12:25:30,322 - RLController - INFO -   Action hash: 5881721450523316384
2026-09-24 12:25:30,322 - RLController - INFO -   First 8 values: [ -7.4665885 -10.        -10.        -10.        -10.        -10.
 -10.        -10.       ]
2026-09-24 12:25:30,322 - RLController - INFO -   Last 8 values: [-10.        -10.        -10.        -10.        -10.         -3.0261748
 -10.        -10.       ]
2026-09-24 12:25:30,322 - RLController - INFO -   Action shape: (136,), min: -10.000000, max: 5.696872, mean: -9.268060
2026-09-24 12:25:30,322 - RLController - INFO -   B0 junction (indices 16-19) raw values: [ -9.633152 -10.       -10.       -10.      ]
2026-09-24 12:25:30,323 - RLController - INFO - Using CONTINUOUS DURATION-BASED mode
2026-09-24 12:25:30,323 - RLController - INFO -   Example: junction A0 -> durations [51, 13, 13, 13] (total: 90s)
2026-09-24 12:25:30,323 - RLController - INFO -   Example: junction A1 -> durations [24, 22, 22, 22] (total: 90s)
2026-09-24 12:25:30,323 - RLController - INFO -   Example: junction A2 -> durations [12, 12, 54, 12] (total: 90s)
2026-09-24 12:25:30,323 - RLController - INFO -   Example: junction A4 -> durations [60, 10, 10, 10] (total: 90s)
2026-09-24 12:25:30,323 - RLController - INFO -   Example: junction A5 -> durations [24, 22, 22, 22] (total: 90s)
2026-09-24 12:25:30,323 - RLController - INFO -   Example: junction B0 -> durations [24, 22, 22, 22] (total: 90s)
2026-09-24 12:25:30,324 - RLController - INFO -   Example: junction B1 -> durations [24, 22, 22, 22] (total: 90s)
2026-09-24 12:25:30,324 - RLController - INFO -   Example: junction B2 -> durations [24, 22, 22, 22] (total: 90s)
2026-09-24 12:25:30,324 - RLController - INFO -   Example: junction B4 -> durations [24, 22, 22, 22] (total: 90s)
2026-09-24 12:25:30,324 - RLController - INFO -   Example: junction B5 -> durations [60, 10, 10, 10] (total: 90s)
2026-09-24 12:25:30,324 - RLController - INFO -   Example: junction C0 -> durations [22, 22, 24, 22] (total: 90s)
2026-09-24 12:25:30,324 - RLController - INFO -   Example: junction C1 -> durations [24, 22, 22, 22] (total: 90s)
2026-09-24 12:25:30,324 - RLController - INFO -   Example: junction C2 -> durations [57, 13, 10, 10] (total: 90s)
2026-09-24 12:25:30,324 - RLController - INFO -   Example: junction C3 -> durations [60, 10, 10, 10] (total: 90s)
2026-09-24 12:25:30,325 - RLController - INFO -   Example: junction C4 -> durations [57, 11, 11, 11] (total: 90s)
2026-09-24 12:25:30,325 - RLController - INFO -   Example: junction C5 -> durations [57, 11, 11, 11] (total: 90s)
2026-09-24 12:25:30,325 - RLController - INFO -   Example: junction D0 -> durations [24, 22, 22, 22] (total: 90s)
2026-09-24 12:25:30,325 - RLController - INFO -   Example: junction D1 -> durations [21, 21, 27, 21] (total: 90s)
2026-09-24 12:25:30,325 - RLController - INFO -   Example: junction D2 -> durations [45, 15, 15, 15] (total: 90s)
2026-09-24 12:25:30,325 - RLController - INFO -   Example: junction D3 -> durations [24, 22, 22, 22] (total: 90s)
2026-09-24 12:25:30,325 - RLController - INFO -   Example: junction D4 -> durations [24, 22, 22, 22] (total: 90s)
2026-09-24 12:25:30,325 - RLController - INFO -   Example: junction D5 -> durations [13, 13, 51, 13] (total: 90s)
2026-09-24 12:25:30,326 - RLController - INFO -   Example: junction E0 -> durations [24, 22, 22, 22] (total: 90s)
2026-09-24 12:25:30,326 - RLController - INFO -   Example: junction E1 -> durations [24, 22, 22, 22] (total: 90s)
2026-09-24 12:25:30,326 - RLController - INFO -   Stored schedules for 34 junctions, cycle starts at step 4500
2026-09-24 12:25:33,069 - RLController - INFO - DIAGNOSTIC Step 4590 - Observation stats:
2026-09-24 12:25:33,069 - RLController - INFO -   Hash: -2130654418211522894, Min: 0.000000, Max: 1.000000, Mean: 0.435476, Std: 0.456024
2026-09-24 12:25:33,069 - RLController - INFO -   First 10: [1.         0.         0.         0.         0.         0.5
 0.         1.         0.99333334 1.        ]
2026-09-24 12:25:33,070 - RLController - INFO -   Last 10: [0.         0.2        0.         0.08333334 0.48290598 0.00367039
 0.07957265 0.5398371  0.         0.3       ]
2026-09-24 12:25:33,078 - RLController - INFO - DIAGNOSTIC - Raw model action output:
2026-09-24 12:25:33,078 - RLController - INFO -   Action hash: -8745393336128128784
2026-09-24 12:25:33,079 - RLController - INFO -   First 8 values: [ -7.3526034 -10.        -10.        -10.        -10.        -10.
 -10.        -10.       ]
2026-09-24 12:25:33,079 - RLController - INFO -   Last 8 values: [-10.        -10.        -10.        -10.        -10.         -1.7772186
 -10.        -10.       ]
2026-09-24 12:25:33,079 - RLController - INFO -   Action shape: (136,), min: -10.000000, max: 5.101424, mean: -9.290062
2026-09-24 12:25:33,079 - RLController - INFO -   B0 junction (indices 16-19) raw values: [ -9.669539 -10.       -10.       -10.      ]
2026-09-24 12:25:33,079 - RLController - INFO - Using CONTINUOUS DURATION-BASED mode
2026-09-24 12:25:33,079 - RLController - INFO -   Example: junction A0 -> durations [51, 13, 13, 13] (total: 90s)
2026-09-24 12:25:33,080 - RLController - INFO -   Example: junction A1 -> durations [24, 22, 22, 22] (total: 90s)
2026-09-24 12:25:33,080 - RLController - INFO -   Example: junction A2 -> durations [12, 12, 54, 12] (total: 90s)
2026-09-24 12:25:33,080 - RLController - INFO -   Example: junction A4 -> durations [60, 10, 10, 10] (total: 90s)
2026-09-24 12:25:33,080 - RLController - INFO -   Example: junction A5 -> durations [24, 22, 22, 22] (total: 90s)
2026-09-24 12:25:33,080 - RLController - INFO -   Example: junction B0 -> durations [24, 22, 22, 22] (total: 90s)
2026-09-24 12:25:33,080 - RLController - INFO -   Example: junction B1 -> durations [24, 22, 22, 22] (total: 90s)
2026-09-24 12:25:33,080 - RLController - INFO -   Example: junction B2 -> durations [24, 22, 22, 22] (total: 90s)
2026-09-24 12:25:33,080 - RLController - INFO -   Example: junction B4 -> durations [24, 22, 22, 22] (total: 90s)
2026-09-24 12:25:33,081 - RLController - INFO -   Example: junction B5 -> durations [60, 10, 10, 10] (total: 90s)
2026-09-24 12:25:33,081 - RLController - INFO -   Example: junction C0 -> durations [22, 22, 24, 22] (total: 90s)
2026-09-24 12:25:33,081 - RLController - INFO -   Example: junction C1 -> durations [24, 22, 22, 22] (total: 90s)
2026-09-24 12:25:33,081 - RLController - INFO -   Example: junction C2 -> durations [57, 13, 10, 10] (total: 90s)
2026-09-24 12:25:33,081 - RLController - INFO -   Example: junction C3 -> durations [60, 10, 10, 10] (total: 90s)
2026-09-24 12:25:33,081 - RLController - INFO -   Example: junction C4 -> durations [57, 11, 11, 11] (total: 90s)
2026-09-24 12:25:33,081 - RLController - INFO -   Example: junction C5 -> durations [57, 11, 11, 11] (total: 90s)
2026-09-24 12:25:33,081 - RLController - INFO -   Example: junction D0 -> durations [24, 22, 22, 22] (total: 90s)
2026-09-24 12:25:33,082 - RLController - INFO -   Example: junction D1 -> durations [21, 21, 27, 21] (total: 90s)
2026-09-24 12:25:33,082 - RLController - INFO -   Example: junction D2 -> durations [45, 15, 15, 15] (total: 90s)
2026-09-24 12:25:33,082 - RLController - INFO -   Example: junction D3 -> durations [24, 22, 22, 22] (total: 90s)
2026-09-24 12:25:33,082 - RLController - INFO -   Example: junction D4 -> durations [24, 22, 22, 22] (total: 90s)
2026-09-24 12:25:33,082 - RLController - INFO -   Example: junction D5 -> durations [13, 13, 51, 13] (total: 90s)
2026-09-24 12:25:33,082 - RLController - INFO -   Example: junction E0 -> durations [24, 22, 22, 22] (total: 90s)
2026-09-24 12:25:33,082 - RLController - INFO -   Example: junction E1 -> durations [24, 22, 22, 22] (total: 90s)
2026-09-24 12:25:33,083 - RLController - INFO -   Stored schedules for 34 junctions, cycle starts at step 4590
2026-09-24 12:25:35,978 - RLController - INFO - DIAGNOSTIC Step 4680 - Observation stats:
2026-09-24 12:25:35,979 - RLController - INFO -   Hash: 6839170250458055217, Min: 0.000000, Max: 1.000000, Mean: 0.439162, Std: 0.456205
2026-09-24 12:25:35,979 - RLController - INFO -   First 10: [1.         0.         0.         0.         0.         0.5
 0.         1.         0.99333334 1.        ]
2026-09-24 12:25:35,979 - RLController - INFO -   Last 10: [0.         0.2        0.         0.08333334 0.4957265  0.00396731
 0.08       0.5286707  0.         0.3       ]
2026-09-24 12:25:35,983 - RLController - INFO - DIAGNOSTIC - Raw model action output:
2026-09-24 12:25:35,983 - RLController - INFO -   Action hash: -838899097187107518
2026-09-24 12:25:35,983 - RLController - INFO -   First 8 values: [ -7.5573077 -10.        -10.        -10.        -10.        -10.
 -10.        -10.       ]
2026-09-24 12:25:35,983 - RLController - INFO -   Last 8 values: [-10.        -10.        -10.        -10.        -10.         -1.8269756
 -10.        -10.       ]
2026-09-24 12:25:35,983 - RLController - INFO -   Action shape: (136,), min: -10.000000, max: 5.469717, mean: -9.265997
2026-09-24 12:25:35,984 - RLController - INFO -   B0 junction (indices 16-19) raw values: [ -9.781158 -10.       -10.       -10.      ]
2026-09-24 12:25:35,984 - RLController - INFO - Using CONTINUOUS DURATION-BASED mode
2026-09-24 12:25:35,984 - RLController - INFO -   Example: junction A0 -> durations [51, 13, 13, 13] (total: 90s)
2026-09-24 12:25:35,984 - RLController - INFO -   Example: junction A1 -> durations [24, 22, 22, 22] (total: 90s)
2026-09-24 12:25:35,985 - RLController - INFO -   Example: junction A2 -> durations [12, 12, 54, 12] (total: 90s)
2026-09-24 12:25:35,985 - RLController - INFO -   Example: junction A4 -> durations [60, 10, 10, 10] (total: 90s)
2026-09-24 12:25:35,985 - RLController - INFO -   Example: junction A5 -> durations [24, 22, 22, 22] (total: 90s)
2026-09-24 12:25:35,985 - RLController - INFO -   Example: junction B0 -> durations [24, 22, 22, 22] (total: 90s)
2026-09-24 12:25:35,985 - RLController - INFO -   Example: junction B1 -> durations [24, 22, 22, 22] (total: 90s)
2026-09-24 12:25:35,985 - RLController - INFO -   Example: junction B2 -> durations [24, 22, 22, 22] (total: 90s)
2026-09-24 12:25:35,985 - RLController - INFO -   Example: junction B4 -> durations [24, 22, 22, 22] (total: 90s)
2026-09-24 12:25:35,985 - RLController - INFO -   Example: junction B5 -> durations [60, 10, 10, 10] (total: 90s)
2026-09-24 12:25:35,986 - RLController - INFO -   Example: junction C0 -> durations [22, 22, 24, 22] (total: 90s)
2026-09-24 12:25:35,986 - RLController - INFO -   Example: junction C1 -> durations [24, 22, 22, 22] (total: 90s)
2026-09-24 12:25:35,986 - RLController - INFO -   Example: junction C2 -> durations [57, 13, 10, 10] (total: 90s)
2026-09-24 12:25:35,986 - RLController - INFO -   Example: junction C3 -> durations [60, 10, 10, 10] (total: 90s)
2026-09-24 12:25:35,986 - RLController - INFO -   Example: junction C4 -> durations [57, 11, 11, 11] (total: 90s)
2026-09-24 12:25:35,986 - RLController - INFO -   Example: junction C5 -> durations [57, 11, 11, 11] (total: 90s)
2026-09-24 12:25:35,986 - RLController - INFO -   Example: junction D0 -> durations [24, 22, 22, 22] (total: 90s)
2026-09-24 12:25:35,986 - RLController - INFO -   Example: junction D1 -> durations [21, 21, 27, 21] (total: 90s)
2026-09-24 12:25:35,987 - RLController - INFO -   Example: junction D2 -> durations [45, 15, 15, 15] (total: 90s)
2026-09-24 12:25:35,987 - RLController - INFO -   Example: junction D3 -> durations [24, 22, 22, 22] (total: 90s)
2026-09-24 12:25:35,987 - RLController - INFO -   Example: junction D4 -> durations [24, 22, 22, 22] (total: 90s)
2026-09-24 12:25:35,987 - RLController - INFO -   Example: junction D5 -> durations [13, 13, 51, 13] (total: 90s)
2026-09-24 12:25:35,987 - RLController - INFO -   Example: junction E0 -> durations [24, 22, 22, 22] (total: 90s)
2026-09-24 12:25:35,987 - RLController - INFO -   Example: junction E1 -> durations [24, 22, 22, 22] (total: 90s)
2026-09-24 12:25:35,988 - RLController - INFO -   Stored schedules for 34 junctions, cycle starts at step 4680
2026-09-24 12:25:38,743 - RLController - INFO - DIAGNOSTIC Step 4770 - Observation stats:
2026-09-24 12:25:38,743 - RLController - INFO -   Hash: 5163305214078793436, Min: 0.000000, Max: 1.000000, Mean: 0.432179, Std: 0.456780
2026-09-24 12:25:38,743 - RLController - INFO -   First 10: [1.         0.         0.         0.         0.         0.5
 0.         1.         0.99333334 1.        ]
2026-09-24 12:25:38,744 - RLController - INFO -   Last 10: [0.         0.2        0.         0.08333334 0.45726496 0.00315386
 0.08012821 0.55767703 0.         0.3       ]
2026-09-24 12:25:38,749 - RLController - INFO - DIAGNOSTIC - Raw model action output:
2026-09-24 12:25:38,749 - RLController - INFO -   Action hash: -4803226591607892406
2026-09-24 12:25:38,749 - RLController - INFO -   First 8 values: [ -7.3454237 -10.        -10.        -10.        -10.        -10.
 -10.        -10.       ]
2026-09-24 12:25:38,750 - RLController - INFO -   Last 8 values: [-10.        -10.        -10.        -10.        -10.         -2.6708477
 -10.        -10.       ]
2026-09-24 12:25:38,750 - RLController - INFO -   Action shape: (136,), min: -10.000000, max: 5.308651, mean: -9.289547
2026-09-24 12:25:38,750 - RLController - INFO -   B0 junction (indices 16-19) raw values: [-10. -10. -10. -10.]
2026-09-24 12:25:38,750 - RLController - INFO - Using CONTINUOUS DURATION-BASED mode
2026-09-24 12:25:38,750 - RLController - INFO -   Example: junction A0 -> durations [51, 13, 13, 13] (total: 90s)
2026-09-24 12:25:38,750 - RLController - INFO -   Example: junction A1 -> durations [24, 22, 22, 22] (total: 90s)
2026-09-24 12:25:38,751 - RLController - INFO -   Example: junction A2 -> durations [12, 12, 54, 12] (total: 90s)
2026-09-24 12:25:38,751 - RLController - INFO -   Example: junction A4 -> durations [60, 10, 10, 10] (total: 90s)
2026-09-24 12:25:38,751 - RLController - INFO -   Example: junction A5 -> durations [24, 22, 22, 22] (total: 90s)
2026-09-24 12:25:38,751 - RLController - INFO -   Example: junction B0 -> durations [24, 22, 22, 22] (total: 90s)
2026-09-24 12:25:38,751 - RLController - INFO -   Example: junction B1 -> durations [24, 22, 22, 22] (total: 90s)
2026-09-24 12:25:38,751 - RLController - INFO -   Example: junction B2 -> durations [24, 22, 22, 22] (total: 90s)
2026-09-24 12:25:38,751 - RLController - INFO -   Example: junction B4 -> durations [24, 22, 22, 22] (total: 90s)
2026-09-24 12:25:38,752 - RLController - INFO -   Example: junction B5 -> durations [60, 10, 10, 10] (total: 90s)
2026-09-24 12:25:38,752 - RLController - INFO -   Example: junction C0 -> durations [22, 22, 24, 22] (total: 90s)
2026-09-24 12:25:38,752 - RLController - INFO -   Example: junction C1 -> durations [24, 22, 22, 22] (total: 90s)
2026-09-24 12:25:38,752 - RLController - INFO -   Example: junction C2 -> durations [57, 13, 10, 10] (total: 90s)
2026-09-24 12:25:38,752 - RLController - INFO -   Example: junction C3 -> durations [60, 10, 10, 10] (total: 90s)
2026-09-24 12:25:38,752 - RLController - INFO -   Example: junction C4 -> durations [57, 11, 11, 11] (total: 90s)
2026-09-24 12:25:38,752 - RLController - INFO -   Example: junction C5 -> durations [57, 11, 11, 11] (total: 90s)
2026-09-24 12:25:38,752 - RLController - INFO -   Example: junction D0 -> durations [24, 22, 22, 22] (total: 90s)
2026-09-24 12:25:38,752 - RLController - INFO -   Example: junction D1 -> durations [21, 21, 27, 21] (total: 90s)
2026-09-24 12:25:38,753 - RLController - INFO -   Example: junction D2 -> durations [45, 15, 15, 15] (total: 90s)
2026-09-24 12:25:38,753 - RLController - INFO -   Example: junction D3 -> durations [24, 22, 22, 22] (total: 90s)
2026-09-24 12:25:38,753 - RLController - INFO -   Example: junction D4 -> durations [24, 22, 22, 22] (total: 90s)
2026-09-24 12:25:38,753 - RLController - INFO -   Example: junction D5 -> durations [13, 13, 51, 13] (total: 90s)
2026-09-24 12:25:38,753 - RLController - INFO -   Example: junction E0 -> durations [24, 22, 22, 22] (total: 90s)
2026-09-24 12:25:38,753 - RLController - INFO -   Example: junction E1 -> durations [24, 22, 22, 22] (total: 90s)
2026-09-24 12:25:38,754 - RLController - INFO -   Stored schedules for 34 junctions, cycle starts at step 4770
2026-09-24 12:25:41,627 - RLController - INFO - DIAGNOSTIC Step 4860 - Observation stats:
2026-09-24 12:25:41,627 - RLController - INFO -   Hash: 7322136097168414568, Min: 0.000000, Max: 1.000000, Mean: 0.439214, Std: 0.456420
2026-09-24 12:25:41,627 - RLController - INFO -   First 10: [1.         0.         0.         0.         0.         0.5
 0.         1.         0.99333334 1.        ]
2026-09-24 12:25:41,628 - RLController - INFO -   Last 10: [0.         0.2        0.         0.08333334 0.4957265  0.00323094
 0.07974359 0.5273602  0.         0.3       ]
2026-09-24 12:25:41,632 - RLController - INFO - DIAGNOSTIC - Raw model action output:
2026-09-24 12:25:41,632 - RLController - INFO -   Action hash: -1971532125594711816
2026-09-24 12:25:41,632 - RLController - INFO -   First 8 values: [ -7.553622 -10.       -10.       -10.       -10.       -10.
 -10.       -10.      ]
2026-09-24 12:25:41,632 - RLController - INFO -   Last 8 values: [-10.        -10.        -10.        -10.        -10.         -2.4904206
 -10.        -10.       ]
2026-09-24 12:25:41,633 - RLController - INFO -   Action shape: (136,), min: -10.000000, max: 4.983477, mean: -9.288111
2026-09-24 12:25:41,633 - RLController - INFO -   B0 junction (indices 16-19) raw values: [-10. -10. -10. -10.]
2026-09-24 12:25:41,633 - RLController - INFO - Using CONTINUOUS DURATION-BASED mode
2026-09-24 12:25:41,633 - RLController - INFO -   Example: junction A0 -> durations [51, 13, 13, 13] (total: 90s)
2026-09-24 12:25:41,633 - RLController - INFO -   Example: junction A1 -> durations [24, 22, 22, 22] (total: 90s)
2026-09-24 12:25:41,633 - RLController - INFO -   Example: junction A2 -> durations [12, 12, 54, 12] (total: 90s)
2026-09-24 12:25:41,633 - RLController - INFO -   Example: junction A4 -> durations [60, 10, 10, 10] (total: 90s)
2026-09-24 12:25:41,634 - RLController - INFO -   Example: junction A5 -> durations [24, 22, 22, 22] (total: 90s)
2026-09-24 12:25:41,634 - RLController - INFO -   Example: junction B0 -> durations [24, 22, 22, 22] (total: 90s)
2026-09-24 12:25:41,634 - RLController - INFO -   Example: junction B1 -> durations [24, 22, 22, 22] (total: 90s)
2026-09-24 12:25:41,634 - RLController - INFO -   Example: junction B2 -> durations [24, 22, 22, 22] (total: 90s)
2026-09-24 12:25:41,634 - RLController - INFO -   Example: junction B4 -> durations [24, 22, 22, 22] (total: 90s)
2026-09-24 12:25:41,634 - RLController - INFO -   Example: junction B5 -> durations [60, 10, 10, 10] (total: 90s)
2026-09-24 12:25:41,634 - RLController - INFO -   Example: junction C0 -> durations [22, 22, 24, 22] (total: 90s)
2026-09-24 12:25:41,634 - RLController - INFO -   Example: junction C1 -> durations [24, 22, 22, 22] (total: 90s)
2026-09-24 12:25:41,635 - RLController - INFO -   Example: junction C2 -> durations [57, 13, 10, 10] (total: 90s)
2026-09-24 12:25:41,635 - RLController - INFO -   Example: junction C3 -> durations [60, 10, 10, 10] (total: 90s)
2026-09-24 12:25:41,635 - RLController - INFO -   Example: junction C4 -> durations [57, 11, 11, 11] (total: 90s)
2026-09-24 12:25:41,635 - RLController - INFO -   Example: junction C5 -> durations [57, 11, 11, 11] (total: 90s)
2026-09-24 12:25:41,635 - RLController - INFO -   Example: junction D0 -> durations [24, 22, 22, 22] (total: 90s)
2026-09-24 12:25:41,635 - RLController - INFO -   Example: junction D1 -> durations [21, 21, 27, 21] (total: 90s)
2026-09-24 12:25:41,635 - RLController - INFO -   Example: junction D2 -> durations [45, 15, 15, 15] (total: 90s)
2026-09-24 12:25:41,635 - RLController - INFO -   Example: junction D3 -> durations [24, 22, 22, 22] (total: 90s)
2026-09-24 12:25:41,636 - RLController - INFO -   Example: junction D4 -> durations [24, 22, 22, 22] (total: 90s)
2026-09-24 12:25:41,636 - RLController - INFO -   Example: junction D5 -> durations [13, 13, 51, 13] (total: 90s)
2026-09-24 12:25:41,636 - RLController - INFO -   Example: junction E0 -> durations [24, 22, 22, 22] (total: 90s)
2026-09-24 12:25:41,636 - RLController - INFO -   Example: junction E1 -> durations [24, 22, 22, 22] (total: 90s)
2026-09-24 12:25:41,637 - RLController - INFO -   Stored schedules for 34 junctions, cycle starts at step 4860
2026-09-24 12:25:44,425 - RLController - INFO - DIAGNOSTIC Step 4950 - Observation stats:
2026-09-24 12:25:44,426 - RLController - INFO -   Hash: 9044065095355794048, Min: 0.000000, Max: 1.000000, Mean: 0.438951, Std: 0.455934
2026-09-24 12:25:44,426 - RLController - INFO -   First 10: [1.         0.         0.         0.         0.         0.5
 0.         1.         0.99333334 1.        ]
2026-09-24 12:25:44,426 - RLController - INFO -   Last 10: [0.         0.2        0.         0.08333334 0.47863248 0.00346954
 0.07871795 0.54050034 0.         0.3       ]
2026-09-24 12:25:44,431 - RLController - INFO - DIAGNOSTIC - Raw model action output:
2026-09-24 12:25:44,431 - RLController - INFO -   Action hash: 8529026756369444122
2026-09-24 12:25:44,432 - RLController - INFO -   First 8 values: [ -7.480046 -10.       -10.       -10.       -10.       -10.
 -10.       -10.      ]
2026-09-24 12:25:44,432 - RLController - INFO -   Last 8 values: [-10.        -10.        -10.        -10.        -10.         -2.0185263
 -10.        -10.       ]
2026-09-24 12:25:44,432 - RLController - INFO -   Action shape: (136,), min: -10.000000, max: 4.971533, mean: -9.305569
2026-09-24 12:25:44,432 - RLController - INFO -   B0 junction (indices 16-19) raw values: [ -9.902771 -10.       -10.       -10.      ]
2026-09-24 12:25:44,432 - RLController - INFO - Using CONTINUOUS DURATION-BASED mode
2026-09-24 12:25:44,432 - RLController - INFO -   Example: junction A0 -> durations [51, 13, 13, 13] (total: 90s)
2026-09-24 12:25:44,433 - RLController - INFO -   Example: junction A1 -> durations [24, 22, 22, 22] (total: 90s)
2026-09-24 12:25:44,433 - RLController - INFO -   Example: junction A2 -> durations [12, 12, 54, 12] (total: 90s)
2026-09-24 12:25:44,433 - RLController - INFO -   Example: junction A4 -> durations [60, 10, 10, 10] (total: 90s)
2026-09-24 12:25:44,433 - RLController - INFO -   Example: junction A5 -> durations [24, 22, 22, 22] (total: 90s)
2026-09-24 12:25:44,433 - RLController - INFO -   Example: junction B0 -> durations [24, 22, 22, 22] (total: 90s)
2026-09-24 12:25:44,433 - RLController - INFO -   Example: junction B1 -> durations [24, 22, 22, 22] (total: 90s)
2026-09-24 12:25:44,433 - RLController - INFO -   Example: junction B2 -> durations [24, 22, 22, 22] (total: 90s)
2026-09-24 12:25:44,433 - RLController - INFO -   Example: junction B4 -> durations [24, 22, 22, 22] (total: 90s)
2026-09-24 12:25:44,434 - RLController - INFO -   Example: junction B5 -> durations [60, 10, 10, 10] (total: 90s)
2026-09-24 12:25:44,434 - RLController - INFO -   Example: junction C0 -> durations [22, 22, 24, 22] (total: 90s)
2026-09-24 12:25:44,434 - RLController - INFO -   Example: junction C1 -> durations [24, 22, 22, 22] (total: 90s)
2026-09-24 12:25:44,434 - RLController - INFO -   Example: junction C2 -> durations [57, 13, 10, 10] (total: 90s)
2026-09-24 12:25:44,434 - RLController - INFO -   Example: junction C3 -> durations [60, 10, 10, 10] (total: 90s)
2026-09-24 12:25:44,434 - RLController - INFO -   Example: junction C4 -> durations [57, 11, 11, 11] (total: 90s)
2026-09-24 12:25:44,434 - RLController - INFO -   Example: junction C5 -> durations [57, 11, 11, 11] (total: 90s)
2026-09-24 12:25:44,434 - RLController - INFO -   Example: junction D0 -> durations [24, 22, 22, 22] (total: 90s)
2026-09-24 12:25:44,435 - RLController - INFO -   Example: junction D1 -> durations [21, 21, 27, 21] (total: 90s)
2026-09-24 12:25:44,435 - RLController - INFO -   Example: junction D2 -> durations [45, 15, 15, 15] (total: 90s)
2026-09-24 12:25:44,435 - RLController - INFO -   Example: junction D3 -> durations [24, 22, 22, 22] (total: 90s)
2026-09-24 12:25:44,435 - RLController - INFO -   Example: junction D4 -> durations [24, 22, 22, 22] (total: 90s)
2026-09-24 12:25:44,435 - RLController - INFO -   Example: junction D5 -> durations [13, 13, 51, 13] (total: 90s)
2026-09-24 12:25:44,435 - RLController - INFO -   Example: junction E0 -> durations [24, 22, 22, 22] (total: 90s)
2026-09-24 12:25:44,435 - RLController - INFO -   Example: junction E1 -> durations [24, 22, 22, 22] (total: 90s)
2026-09-24 12:25:44,436 - RLController - INFO -   Stored schedules for 34 junctions, cycle starts at step 4950
2026-09-24 12:25:47,485 - RLController - INFO - DIAGNOSTIC Step 5040 - Observation stats:
2026-09-24 12:25:47,746 - RLController - INFO -   Hash: 5618304373815234700, Min: 0.000000, Max: 1.000064, Mean: 0.441307, Std: 0.457336
2026-09-24 12:25:47,747 - RLController - INFO -   First 10: [1.  0.  0.  0.  0.  0.5 1.  0.  0.  0. ]
2026-09-24 12:25:47,747 - RLController - INFO -   Last 10: [0.         0.2        0.         0.08333334 0.50213677 0.00324154
 0.08012821 0.5175383  0.         0.3       ]
2026-09-24 12:25:47,803 - RLController - INFO - DIAGNOSTIC - Raw model action output:
2026-09-24 12:25:47,803 - RLController - INFO -   Action hash: 382689184984542087
2026-09-24 12:25:47,803 - RLController - INFO -   First 8 values: [ -7.4308763 -10.        -10.        -10.        -10.        -10.
 -10.        -10.       ]
2026-09-24 12:25:47,803 - RLController - INFO -   Last 8 values: [-10.        -10.        -10.        -10.        -10.         -1.5238297
 -10.        -10.       ]
2026-09-24 12:25:47,804 - RLController - INFO -   Action shape: (136,), min: -10.000000, max: 5.877279, mean: -9.282363
2026-09-24 12:25:47,804 - RLController - INFO -   B0 junction (indices 16-19) raw values: [-10. -10. -10. -10.]
2026-09-24 12:25:47,804 - RLController - INFO - Using CONTINUOUS DURATION-BASED mode
2026-09-24 12:25:47,804 - RLController - INFO -   Example: junction A0 -> durations [51, 13, 13, 13] (total: 90s)
2026-09-24 12:25:47,805 - RLController - INFO -   Example: junction A1 -> durations [24, 22, 22, 22] (total: 90s)
2026-09-24 12:25:47,805 - RLController - INFO -   Example: junction A2 -> durations [12, 12, 54, 12] (total: 90s)
2026-09-24 12:25:47,805 - RLController - INFO -   Example: junction A4 -> durations [60, 10, 10, 10] (total: 90s)
2026-09-24 12:25:47,805 - RLController - INFO -   Example: junction A5 -> durations [24, 22, 22, 22] (total: 90s)
2026-09-24 12:25:47,805 - RLController - INFO -   Example: junction B0 -> durations [24, 22, 22, 22] (total: 90s)
2026-09-24 12:25:47,806 - RLController - INFO -   Example: junction B1 -> durations [24, 22, 22, 22] (total: 90s)
2026-09-24 12:25:47,806 - RLController - INFO -   Example: junction B2 -> durations [24, 22, 22, 22] (total: 90s)
2026-09-24 12:25:47,806 - RLController - INFO -   Example: junction B4 -> durations [24, 22, 22, 22] (total: 90s)
2026-09-24 12:25:47,806 - RLController - INFO -   Example: junction B5 -> durations [60, 10, 10, 10] (total: 90s)
2026-09-24 12:25:47,806 - RLController - INFO -   Example: junction C0 -> durations [22, 22, 24, 22] (total: 90s)
2026-09-24 12:25:47,806 - RLController - INFO -   Example: junction C1 -> durations [24, 22, 22, 22] (total: 90s)
2026-09-24 12:25:47,806 - RLController - INFO -   Example: junction C2 -> durations [57, 13, 10, 10] (total: 90s)
2026-09-24 12:25:47,807 - RLController - INFO -   Example: junction C3 -> durations [60, 10, 10, 10] (total: 90s)
2026-09-24 12:25:47,807 - RLController - INFO -   Example: junction C4 -> durations [57, 11, 11, 11] (total: 90s)
2026-09-24 12:25:47,807 - RLController - INFO -   Example: junction C5 -> durations [57, 11, 11, 11] (total: 90s)
2026-09-24 12:25:47,807 - RLController - INFO -   Example: junction D0 -> durations [24, 22, 22, 22] (total: 90s)
2026-09-24 12:25:47,807 - RLController - INFO -   Example: junction D1 -> durations [21, 21, 27, 21] (total: 90s)
2026-09-24 12:25:47,807 - RLController - INFO -   Example: junction D2 -> durations [45, 15, 15, 15] (total: 90s)
2026-09-24 12:25:47,808 - RLController - INFO -   Example: junction D3 -> durations [24, 22, 22, 22] (total: 90s)
2026-09-24 12:25:47,808 - RLController - INFO -   Example: junction D4 -> durations [24, 22, 22, 22] (total: 90s)
2026-09-24 12:25:47,808 - RLController - INFO -   Example: junction D5 -> durations [13, 13, 51, 13] (total: 90s)
2026-09-24 12:25:47,808 - RLController - INFO -   Example: junction E0 -> durations [24, 22, 22, 22] (total: 90s)
2026-09-24 12:25:47,808 - RLController - INFO -   Example: junction E1 -> durations [24, 22, 22, 22] (total: 90s)
2026-09-24 12:25:47,809 - RLController - INFO -   Stored schedules for 34 junctions, cycle starts at step 5040
2026-09-24 12:25:50,978 - RLController - INFO - DIAGNOSTIC Step 5130 - Observation stats:
2026-09-24 12:25:50,979 - RLController - INFO -   Hash: -5579107904641544195, Min: 0.000000, Max: 1.000000, Mean: 0.441945, Std: 0.455903
2026-09-24 12:25:50,979 - RLController - INFO -   First 10: [1.         0.         0.         0.         0.         0.5
 0.         0.         0.99333334 1.        ]
2026-09-24 12:25:50,980 - RLController - INFO -   Last 10: [0.         0.2        0.         0.08333334 0.49786323 0.00311199
 0.0817094  0.51594937 0.         0.3       ]
2026-09-24 12:25:50,985 - RLController - INFO - DIAGNOSTIC - Raw model action output:
2026-09-24 12:25:50,985 - RLController - INFO -   Action hash: -5084128259690383820
2026-09-24 12:25:50,985 - RLController - INFO -   First 8 values: [ -7.5402026 -10.        -10.        -10.        -10.        -10.
 -10.        -10.       ]
2026-09-24 12:25:50,985 - RLController - INFO -   Last 8 values: [-10.        -10.        -10.        -10.        -10.         -3.2499182
 -10.        -10.       ]
2026-09-24 12:25:50,986 - RLController - INFO -   Action shape: (136,), min: -10.000000, max: 5.170675, mean: -9.258218
2026-09-24 12:25:50,986 - RLController - INFO -   B0 junction (indices 16-19) raw values: [ -9.936421 -10.       -10.       -10.      ]
2026-09-24 12:25:50,986 - RLController - INFO - Using CONTINUOUS DURATION-BASED mode
2026-09-24 12:25:50,986 - RLController - INFO -   Example: junction A0 -> durations [51, 13, 13, 13] (total: 90s)
2026-09-24 12:25:50,986 - RLController - INFO -   Example: junction A1 -> durations [24, 22, 22, 22] (total: 90s)
2026-09-24 12:25:50,986 - RLController - INFO -   Example: junction A2 -> durations [12, 12, 54, 12] (total: 90s)
2026-09-24 12:25:50,986 - RLController - INFO -   Example: junction A4 -> durations [60, 10, 10, 10] (total: 90s)
2026-09-24 12:25:50,987 - RLController - INFO -   Example: junction A5 -> durations [24, 22, 22, 22] (total: 90s)
2026-09-24 12:25:50,987 - RLController - INFO -   Example: junction B0 -> durations [24, 22, 22, 22] (total: 90s)
2026-09-24 12:25:50,987 - RLController - INFO -   Example: junction B1 -> durations [24, 22, 22, 22] (total: 90s)
2026-09-24 12:25:50,987 - RLController - INFO -   Example: junction B2 -> durations [24, 22, 22, 22] (total: 90s)
2026-09-24 12:25:50,987 - RLController - INFO -   Example: junction B4 -> durations [24, 22, 22, 22] (total: 90s)
2026-09-24 12:25:50,987 - RLController - INFO -   Example: junction B5 -> durations [60, 10, 10, 10] (total: 90s)
2026-09-24 12:25:50,987 - RLController - INFO -   Example: junction C0 -> durations [22, 22, 24, 22] (total: 90s)
2026-09-24 12:25:50,987 - RLController - INFO -   Example: junction C1 -> durations [24, 22, 22, 22] (total: 90s)
2026-09-24 12:25:50,988 - RLController - INFO -   Example: junction C2 -> durations [57, 13, 10, 10] (total: 90s)
2026-09-24 12:25:50,988 - RLController - INFO -   Example: junction C3 -> durations [60, 10, 10, 10] (total: 90s)
2026-09-24 12:25:50,988 - RLController - INFO -   Example: junction C4 -> durations [57, 11, 11, 11] (total: 90s)
2026-09-24 12:25:50,988 - RLController - INFO -   Example: junction C5 -> durations [57, 11, 11, 11] (total: 90s)
2026-09-24 12:25:50,988 - RLController - INFO -   Example: junction D0 -> durations [24, 22, 22, 22] (total: 90s)
2026-09-24 12:25:50,988 - RLController - INFO -   Example: junction D1 -> durations [21, 21, 27, 21] (total: 90s)
2026-09-24 12:25:50,988 - RLController - INFO -   Example: junction D2 -> durations [45, 15, 15, 15] (total: 90s)
2026-09-24 12:25:50,989 - RLController - INFO -   Example: junction D3 -> durations [24, 22, 22, 22] (total: 90s)
2026-09-24 12:25:50,989 - RLController - INFO -   Example: junction D4 -> durations [24, 22, 22, 22] (total: 90s)
2026-09-24 12:25:50,989 - RLController - INFO -   Example: junction D5 -> durations [13, 13, 51, 13] (total: 90s)
2026-09-24 12:25:50,989 - RLController - INFO -   Example: junction E0 -> durations [24, 22, 22, 22] (total: 90s)
2026-09-24 12:25:50,989 - RLController - INFO -   Example: junction E1 -> durations [24, 22, 22, 22] (total: 90s)
2026-09-24 12:25:50,990 - RLController - INFO -   Stored schedules for 34 junctions, cycle starts at step 5130
2026-09-24 12:25:54,177 - RLController - INFO - DIAGNOSTIC Step 5220 - Observation stats:
2026-09-24 12:25:54,177 - RLController - INFO -   Hash: -2538784030112775678, Min: 0.000000, Max: 1.000000, Mean: 0.442473, Std: 0.458302
2026-09-24 12:25:54,178 - RLController - INFO -   First 10: [1.  0.  0.  0.  0.  0.5 1.  0.  0.  0. ]
2026-09-24 12:25:54,178 - RLController - INFO -   Last 10: [0.         0.2        0.         0.08333334 0.4957265  0.00324987
 0.08196581 0.51733434 0.         0.3       ]
2026-09-24 12:25:54,184 - RLController - INFO - DIAGNOSTIC - Raw model action output:
2026-09-24 12:25:54,184 - RLController - INFO -   Action hash: -5929435114636919782
2026-09-24 12:25:54,184 - RLController - INFO -   First 8 values: [ -7.4634123 -10.        -10.        -10.        -10.        -10.
 -10.        -10.       ]
2026-09-24 12:25:54,184 - RLController - INFO -   Last 8 values: [-10.        -10.        -10.        -10.        -10.         -1.6862423
 -10.        -10.       ]
2026-09-24 12:25:54,185 - RLController - INFO -   Action shape: (136,), min: -10.000000, max: 5.680192, mean: -9.256227
2026-09-24 12:25:54,185 - RLController - INFO -   B0 junction (indices 16-19) raw values: [ -9.710277 -10.       -10.       -10.      ]
2026-09-24 12:25:54,185 - RLController - INFO - Using CONTINUOUS DURATION-BASED mode
2026-09-24 12:25:54,185 - RLController - INFO -   Example: junction A0 -> durations [51, 13, 13, 13] (total: 90s)
2026-09-24 12:25:54,185 - RLController - INFO -   Example: junction A1 -> durations [24, 22, 22, 22] (total: 90s)
2026-09-24 12:25:54,185 - RLController - INFO -   Example: junction A2 -> durations [12, 12, 54, 12] (total: 90s)
2026-09-24 12:25:54,186 - RLController - INFO -   Example: junction A4 -> durations [60, 10, 10, 10] (total: 90s)
2026-09-24 12:25:54,186 - RLController - INFO -   Example: junction A5 -> durations [24, 22, 22, 22] (total: 90s)
2026-09-24 12:25:54,186 - RLController - INFO -   Example: junction B0 -> durations [24, 22, 22, 22] (total: 90s)
2026-09-24 12:25:54,186 - RLController - INFO -   Example: junction B1 -> durations [24, 22, 22, 22] (total: 90s)
2026-09-24 12:25:54,186 - RLController - INFO -   Example: junction B2 -> durations [24, 22, 22, 22] (total: 90s)
2026-09-24 12:25:54,186 - RLController - INFO -   Example: junction B4 -> durations [24, 22, 22, 22] (total: 90s)
2026-09-24 12:25:54,187 - RLController - INFO -   Example: junction B5 -> durations [60, 10, 10, 10] (total: 90s)
2026-09-24 12:25:54,187 - RLController - INFO -   Example: junction C0 -> durations [22, 22, 24, 22] (total: 90s)
2026-09-24 12:25:54,187 - RLController - INFO -   Example: junction C1 -> durations [24, 22, 22, 22] (total: 90s)
2026-09-24 12:25:54,187 - RLController - INFO -   Example: junction C2 -> durations [57, 13, 10, 10] (total: 90s)
2026-09-24 12:25:54,187 - RLController - INFO -   Example: junction C3 -> durations [60, 10, 10, 10] (total: 90s)
2026-09-24 12:25:54,187 - RLController - INFO -   Example: junction C4 -> durations [57, 11, 11, 11] (total: 90s)
2026-09-24 12:25:54,187 - RLController - INFO -   Example: junction C5 -> durations [57, 11, 11, 11] (total: 90s)
2026-09-24 12:25:54,188 - RLController - INFO -   Example: junction D0 -> durations [24, 22, 22, 22] (total: 90s)
2026-09-24 12:25:54,188 - RLController - INFO -   Example: junction D1 -> durations [21, 21, 27, 21] (total: 90s)
2026-09-24 12:25:54,188 - RLController - INFO -   Example: junction D2 -> durations [45, 15, 15, 15] (total: 90s)
2026-09-24 12:25:54,188 - RLController - INFO -   Example: junction D3 -> durations [24, 22, 22, 22] (total: 90s)
2026-09-24 12:25:54,188 - RLController - INFO -   Example: junction D4 -> durations [24, 22, 22, 22] (total: 90s)
2026-09-24 12:25:54,188 - RLController - INFO -   Example: junction D5 -> durations [13, 13, 51, 13] (total: 90s)
2026-09-24 12:25:54,188 - RLController - INFO -   Example: junction E0 -> durations [24, 22, 22, 22] (total: 90s)
2026-09-24 12:25:54,189 - RLController - INFO -   Example: junction E1 -> durations [24, 22, 22, 22] (total: 90s)
2026-09-24 12:25:54,189 - RLController - INFO -   Stored schedules for 34 junctions, cycle starts at step 5220
2026-09-24 12:25:57,222 - RLController - INFO - DIAGNOSTIC Step 5310 - Observation stats:
2026-09-24 12:25:57,222 - RLController - INFO -   Hash: 1440007652776082876, Min: 0.000000, Max: 1.000000, Mean: 0.441740, Std: 0.456884
2026-09-24 12:25:57,223 - RLController - INFO -   First 10: [1.  0.  0.  0.  0.  0.5 1.  0.  0.  0. ]
2026-09-24 12:25:57,223 - RLController - INFO -   Last 10: [0.         0.2        0.         0.08333334 0.50641024 0.00384145
 0.08277778 0.5165482  0.         0.3       ]
2026-09-24 12:25:57,227 - RLController - INFO - DIAGNOSTIC - Raw model action output:
2026-09-24 12:25:57,227 - RLController - INFO -   Action hash: 4173065136649645946
2026-09-24 12:25:57,227 - RLController - INFO -   First 8 values: [ -7.584046 -10.       -10.       -10.       -10.       -10.
 -10.       -10.      ]
2026-09-24 12:25:57,228 - RLController - INFO -   Last 8 values: [-10.        -10.        -10.        -10.        -10.         -3.3100693
 -10.        -10.       ]
2026-09-24 12:25:57,228 - RLController - INFO -   Action shape: (136,), min: -10.000000, max: 5.362446, mean: -9.304956
2026-09-24 12:25:57,228 - RLController - INFO -   B0 junction (indices 16-19) raw values: [-10. -10. -10. -10.]
2026-09-24 12:25:57,228 - RLController - INFO - Using CONTINUOUS DURATION-BASED mode
2026-09-24 12:25:57,228 - RLController - INFO -   Example: junction A0 -> durations [51, 13, 13, 13] (total: 90s)
2026-09-24 12:25:57,228 - RLController - INFO -   Example: junction A1 -> durations [24, 22, 22, 22] (total: 90s)
2026-09-24 12:25:57,228 - RLController - INFO -   Example: junction A2 -> durations [12, 12, 54, 12] (total: 90s)
2026-09-24 12:25:57,229 - RLController - INFO -   Example: junction A4 -> durations [60, 10, 10, 10] (total: 90s)
2026-09-24 12:25:57,229 - RLController - INFO -   Example: junction A5 -> durations [24, 22, 22, 22] (total: 90s)
2026-09-24 12:25:57,229 - RLController - INFO -   Example: junction B0 -> durations [24, 22, 22, 22] (total: 90s)
2026-09-24 12:25:57,229 - RLController - INFO -   Example: junction B1 -> durations [24, 22, 22, 22] (total: 90s)
2026-09-24 12:25:57,229 - RLController - INFO -   Example: junction B2 -> durations [24, 22, 22, 22] (total: 90s)
2026-09-24 12:25:57,229 - RLController - INFO -   Example: junction B4 -> durations [24, 22, 22, 22] (total: 90s)
2026-09-24 12:25:57,229 - RLController - INFO -   Example: junction B5 -> durations [60, 10, 10, 10] (total: 90s)
2026-09-24 12:25:57,229 - RLController - INFO -   Example: junction C0 -> durations [22, 22, 24, 22] (total: 90s)
2026-09-24 12:25:57,230 - RLController - INFO -   Example: junction C1 -> durations [24, 22, 22, 22] (total: 90s)
2026-09-24 12:25:57,230 - RLController - INFO -   Example: junction C2 -> durations [57, 13, 10, 10] (total: 90s)
2026-09-24 12:25:57,230 - RLController - INFO -   Example: junction C3 -> durations [60, 10, 10, 10] (total: 90s)
2026-09-24 12:25:57,230 - RLController - INFO -   Example: junction C4 -> durations [57, 11, 11, 11] (total: 90s)
2026-09-24 12:25:57,230 - RLController - INFO -   Example: junction C5 -> durations [57, 11, 11, 11] (total: 90s)
2026-09-24 12:25:57,230 - RLController - INFO -   Example: junction D0 -> durations [24, 22, 22, 22] (total: 90s)
2026-09-24 12:25:57,230 - RLController - INFO -   Example: junction D1 -> durations [21, 21, 27, 21] (total: 90s)
2026-09-24 12:25:57,230 - RLController - INFO -   Example: junction D2 -> durations [45, 15, 15, 15] (total: 90s)
2026-09-24 12:25:57,231 - RLController - INFO -   Example: junction D3 -> durations [24, 22, 22, 22] (total: 90s)
2026-09-24 12:25:57,231 - RLController - INFO -   Example: junction D4 -> durations [24, 22, 22, 22] (total: 90s)
2026-09-24 12:25:57,231 - RLController - INFO -   Example: junction D5 -> durations [13, 13, 51, 13] (total: 90s)
2026-09-24 12:25:57,231 - RLController - INFO -   Example: junction E0 -> durations [24, 22, 22, 22] (total: 90s)
2026-09-24 12:25:57,231 - RLController - INFO -   Example: junction E1 -> durations [24, 22, 22, 22] (total: 90s)
2026-09-24 12:25:57,232 - RLController - INFO -   Stored schedules for 34 junctions, cycle starts at step 5310
2026-09-24 12:26:00,454 - RLController - INFO - DIAGNOSTIC Step 5400 - Observation stats:
2026-09-24 12:26:00,454 - RLController - INFO -   Hash: -5875184062931517913, Min: 0.000000, Max: 1.000000, Mean: 0.436527, Std: 0.457086
2026-09-24 12:26:00,454 - RLController - INFO -   First 10: [1.  0.  0.  0.  0.  0.5 1.  0.  0.  0. ]
2026-09-24 12:26:00,455 - RLController - INFO -   Last 10: [0.         0.2        0.         0.08333334 0.48931623 0.00334445
 0.08363248 0.52874273 0.         0.3       ]
2026-09-24 12:26:00,459 - RLController - INFO - DIAGNOSTIC - Raw model action output:
2026-09-24 12:26:00,459 - RLController - INFO -   Action hash: -8103767844380024845
2026-09-24 12:26:00,459 - RLController - INFO -   First 8 values: [ -7.677961 -10.       -10.       -10.       -10.       -10.
 -10.       -10.      ]
2026-09-24 12:26:00,459 - RLController - INFO -   Last 8 values: [-10.       -10.       -10.       -10.       -10.        -3.519307
 -10.       -10.      ]
2026-09-24 12:26:00,459 - RLController - INFO -   Action shape: (136,), min: -10.000000, max: 5.842997, mean: -9.287120
2026-09-24 12:26:00,460 - RLController - INFO -   B0 junction (indices 16-19) raw values: [-10. -10. -10. -10.]
2026-09-24 12:26:00,460 - RLController - INFO - Using CONTINUOUS DURATION-BASED mode
2026-09-24 12:26:00,460 - RLController - INFO -   Example: junction A0 -> durations [51, 13, 13, 13] (total: 90s)
2026-09-24 12:26:00,460 - RLController - INFO -   Example: junction A1 -> durations [24, 22, 22, 22] (total: 90s)
2026-09-24 12:26:00,460 - RLController - INFO -   Example: junction A2 -> durations [12, 12, 54, 12] (total: 90s)
2026-09-24 12:26:00,460 - RLController - INFO -   Example: junction A4 -> durations [60, 10, 10, 10] (total: 90s)
2026-09-24 12:26:00,460 - RLController - INFO -   Example: junction A5 -> durations [24, 22, 22, 22] (total: 90s)
2026-09-24 12:26:00,461 - RLController - INFO -   Example: junction B0 -> durations [24, 22, 22, 22] (total: 90s)
2026-09-24 12:26:00,461 - RLController - INFO -   Example: junction B1 -> durations [24, 22, 22, 22] (total: 90s)
2026-09-24 12:26:00,461 - RLController - INFO -   Example: junction B2 -> durations [24, 22, 22, 22] (total: 90s)
2026-09-24 12:26:00,461 - RLController - INFO -   Example: junction B4 -> durations [24, 22, 22, 22] (total: 90s)
2026-09-24 12:26:00,461 - RLController - INFO -   Example: junction B5 -> durations [60, 10, 10, 10] (total: 90s)
2026-09-24 12:26:00,461 - RLController - INFO -   Example: junction C0 -> durations [22, 22, 24, 22] (total: 90s)
2026-09-24 12:26:00,461 - RLController - INFO -   Example: junction C1 -> durations [24, 22, 22, 22] (total: 90s)
2026-09-24 12:26:00,461 - RLController - INFO -   Example: junction C2 -> durations [57, 13, 10, 10] (total: 90s)
2026-09-24 12:26:00,462 - RLController - INFO -   Example: junction C3 -> durations [60, 10, 10, 10] (total: 90s)
2026-09-24 12:26:00,462 - RLController - INFO -   Example: junction C4 -> durations [57, 11, 11, 11] (total: 90s)
2026-09-24 12:26:00,462 - RLController - INFO -   Example: junction C5 -> durations [57, 11, 11, 11] (total: 90s)
2026-09-24 12:26:00,462 - RLController - INFO -   Example: junction D0 -> durations [24, 22, 22, 22] (total: 90s)
2026-09-24 12:26:00,462 - RLController - INFO -   Example: junction D1 -> durations [21, 21, 27, 21] (total: 90s)
2026-09-24 12:26:00,462 - RLController - INFO -   Example: junction D2 -> durations [45, 15, 15, 15] (total: 90s)
2026-09-24 12:26:00,462 - RLController - INFO -   Example: junction D3 -> durations [24, 22, 22, 22] (total: 90s)
2026-09-24 12:26:00,462 - RLController - INFO -   Example: junction D4 -> durations [24, 22, 22, 22] (total: 90s)
2026-09-24 12:26:00,463 - RLController - INFO -   Example: junction D5 -> durations [13, 13, 51, 13] (total: 90s)
2026-09-24 12:26:00,463 - RLController - INFO -   Example: junction E0 -> durations [24, 22, 22, 22] (total: 90s)
2026-09-24 12:26:00,463 - RLController - INFO -   Example: junction E1 -> durations [24, 22, 22, 22] (total: 90s)
2026-09-24 12:26:00,464 - RLController - INFO -   Stored schedules for 34 junctions, cycle starts at step 5400
2026-09-24 12:26:04,207 - RLController - INFO - DIAGNOSTIC Step 5490 - Observation stats:
2026-09-24 12:26:04,207 - RLController - INFO -   Hash: -1881152928223224288, Min: 0.000000, Max: 1.000000, Mean: 0.435761, Std: 0.457557
2026-09-24 12:26:04,207 - RLController - INFO -   First 10: [1.         0.         0.         0.         0.         0.5
 0.         1.         0.99333334 1.        ]
2026-09-24 12:26:04,208 - RLController - INFO -   Last 10: [0.         0.2        0.         0.08333334 0.48290598 0.00324881
 0.08457265 0.5371006  0.         0.3       ]
2026-09-24 12:26:04,213 - RLController - INFO - DIAGNOSTIC - Raw model action output:
2026-09-24 12:26:04,213 - RLController - INFO -   Action hash: 8117518866127146701
2026-09-24 12:26:04,213 - RLController - INFO -   First 8 values: [ -7.308841 -10.       -10.       -10.       -10.       -10.
 -10.       -10.      ]
2026-09-24 12:26:04,213 - RLController - INFO -   Last 8 values: [-10.        -10.        -10.        -10.        -10.         -2.1736546
 -10.        -10.       ]
2026-09-24 12:26:04,213 - RLController - INFO -   Action shape: (136,), min: -10.000000, max: 5.697906, mean: -9.280266
2026-09-24 12:26:04,214 - RLController - INFO -   B0 junction (indices 16-19) raw values: [ -9.637299 -10.       -10.       -10.      ]
2026-09-24 12:26:04,214 - RLController - INFO - Using CONTINUOUS DURATION-BASED mode
2026-09-24 12:26:04,214 - RLController - INFO -   Example: junction A0 -> durations [51, 13, 13, 13] (total: 90s)
2026-09-24 12:26:04,214 - RLController - INFO -   Example: junction A1 -> durations [24, 22, 22, 22] (total: 90s)
2026-09-24 12:26:04,214 - RLController - INFO -   Example: junction A2 -> durations [12, 12, 54, 12] (total: 90s)
2026-09-24 12:26:04,214 - RLController - INFO -   Example: junction A4 -> durations [60, 10, 10, 10] (total: 90s)
2026-09-24 12:26:04,214 - RLController - INFO -   Example: junction A5 -> durations [24, 22, 22, 22] (total: 90s)
2026-09-24 12:26:04,214 - RLController - INFO -   Example: junction B0 -> durations [24, 22, 22, 22] (total: 90s)
2026-09-24 12:26:04,215 - RLController - INFO -   Example: junction B1 -> durations [24, 22, 22, 22] (total: 90s)
2026-09-24 12:26:04,215 - RLController - INFO -   Example: junction B2 -> durations [24, 22, 22, 22] (total: 90s)
2026-09-24 12:26:04,215 - RLController - INFO -   Example: junction B4 -> durations [24, 22, 22, 22] (total: 90s)
2026-09-24 12:26:04,215 - RLController - INFO -   Example: junction B5 -> durations [60, 10, 10, 10] (total: 90s)
2026-09-24 12:26:04,215 - RLController - INFO -   Example: junction C0 -> durations [22, 22, 24, 22] (total: 90s)
2026-09-24 12:26:04,215 - RLController - INFO -   Example: junction C1 -> durations [24, 22, 22, 22] (total: 90s)
2026-09-24 12:26:04,215 - RLController - INFO -   Example: junction C2 -> durations [57, 13, 10, 10] (total: 90s)
2026-09-24 12:26:04,215 - RLController - INFO -   Example: junction C3 -> durations [60, 10, 10, 10] (total: 90s)
2026-09-24 12:26:04,216 - RLController - INFO -   Example: junction C4 -> durations [57, 11, 11, 11] (total: 90s)
2026-09-24 12:26:04,216 - RLController - INFO -   Example: junction C5 -> durations [57, 11, 11, 11] (total: 90s)
2026-09-24 12:26:04,216 - RLController - INFO -   Example: junction D0 -> durations [24, 22, 22, 22] (total: 90s)
2026-09-24 12:26:04,216 - RLController - INFO -   Example: junction D1 -> durations [21, 21, 27, 21] (total: 90s)
2026-09-24 12:26:04,216 - RLController - INFO -   Example: junction D2 -> durations [45, 15, 15, 15] (total: 90s)
2026-09-24 12:26:04,216 - RLController - INFO -   Example: junction D3 -> durations [24, 22, 22, 22] (total: 90s)
2026-09-24 12:26:04,216 - RLController - INFO -   Example: junction D4 -> durations [24, 22, 22, 22] (total: 90s)
2026-09-24 12:26:04,217 - RLController - INFO -   Example: junction D5 -> durations [13, 13, 51, 13] (total: 90s)
2026-09-24 12:26:04,217 - RLController - INFO -   Example: junction E0 -> durations [24, 22, 22, 22] (total: 90s)
2026-09-24 12:26:04,217 - RLController - INFO -   Example: junction E1 -> durations [24, 22, 22, 22] (total: 90s)
2026-09-24 12:26:04,217 - RLController - INFO -   Stored schedules for 34 junctions, cycle starts at step 5490
2026-09-24 12:26:07,552 - RLController - INFO - DIAGNOSTIC Step 5580 - Observation stats:
2026-09-24 12:26:07,677 - RLController - INFO -   Hash: 2801587156249978499, Min: 0.000000, Max: 1.000000, Mean: 0.443611, Std: 0.457391
2026-09-24 12:26:07,979 - RLController - INFO -   First 10: [1.         0.         0.         0.         0.         0.5
 0.         1.         0.99333334 1.        ]
2026-09-24 12:26:07,980 - RLController - INFO -   Last 10: [0.         0.2        0.         0.08333334 0.52350426 0.00299378
 0.08602564 0.4966652  0.         0.3       ]
2026-09-24 12:26:08,110 - RLController - INFO - DIAGNOSTIC - Raw model action output:
2026-09-24 12:26:08,110 - RLController - INFO -   Action hash: 5261678506344935735
2026-09-24 12:26:08,110 - RLController - INFO -   First 8 values: [ -7.526292 -10.       -10.       -10.       -10.       -10.
 -10.       -10.      ]
2026-09-24 12:26:08,110 - RLController - INFO -   Last 8 values: [-10.        -10.        -10.        -10.        -10.         -1.6469629
 -10.        -10.       ]
2026-09-24 12:26:08,111 - RLController - INFO -   Action shape: (136,), min: -10.000000, max: 5.343588, mean: -9.275162
2026-09-24 12:26:08,111 - RLController - INFO -   B0 junction (indices 16-19) raw values: [ -9.80449 -10.      -10.      -10.     ]
2026-09-24 12:26:08,111 - RLController - INFO - Using CONTINUOUS DURATION-BASED mode
2026-09-24 12:26:08,111 - RLController - INFO -   Example: junction A0 -> durations [51, 13, 13, 13] (total: 90s)
2026-09-24 12:26:08,111 - RLController - INFO -   Example: junction A1 -> durations [24, 22, 22, 22] (total: 90s)
2026-09-24 12:26:08,112 - RLController - INFO -   Example: junction A2 -> durations [12, 12, 54, 12] (total: 90s)
2026-09-24 12:26:08,112 - RLController - INFO -   Example: junction A4 -> durations [60, 10, 10, 10] (total: 90s)
2026-09-24 12:26:08,112 - RLController - INFO -   Example: junction A5 -> durations [24, 22, 22, 22] (total: 90s)
2026-09-24 12:26:08,112 - RLController - INFO -   Example: junction B0 -> durations [24, 22, 22, 22] (total: 90s)
2026-09-24 12:26:08,112 - RLController - INFO -   Example: junction B1 -> durations [24, 22, 22, 22] (total: 90s)
2026-09-24 12:26:08,113 - RLController - INFO -   Example: junction B2 -> durations [24, 22, 22, 22] (total: 90s)
2026-09-24 12:26:08,113 - RLController - INFO -   Example: junction B4 -> durations [24, 22, 22, 22] (total: 90s)
2026-09-24 12:26:08,113 - RLController - INFO -   Example: junction B5 -> durations [60, 10, 10, 10] (total: 90s)
2026-09-24 12:26:08,113 - RLController - INFO -   Example: junction C0 -> durations [22, 22, 24, 22] (total: 90s)
2026-09-24 12:26:08,113 - RLController - INFO -   Example: junction C1 -> durations [24, 22, 22, 22] (total: 90s)
2026-09-24 12:26:08,113 - RLController - INFO -   Example: junction C2 -> durations [57, 13, 10, 10] (total: 90s)
2026-09-24 12:26:08,114 - RLController - INFO -   Example: junction C3 -> durations [60, 10, 10, 10] (total: 90s)
2026-09-24 12:26:08,114 - RLController - INFO -   Example: junction C4 -> durations [57, 11, 11, 11] (total: 90s)
2026-09-24 12:26:08,114 - RLController - INFO -   Example: junction C5 -> durations [57, 11, 11, 11] (total: 90s)
2026-09-24 12:26:08,114 - RLController - INFO -   Example: junction D0 -> durations [24, 22, 22, 22] (total: 90s)
2026-09-24 12:26:08,114 - RLController - INFO -   Example: junction D1 -> durations [21, 21, 27, 21] (total: 90s)
2026-09-24 12:26:08,114 - RLController - INFO -   Example: junction D2 -> durations [45, 15, 15, 15] (total: 90s)
2026-09-24 12:26:08,115 - RLController - INFO -   Example: junction D3 -> durations [24, 22, 22, 22] (total: 90s)
2026-09-24 12:26:08,115 - RLController - INFO -   Example: junction D4 -> durations [24, 22, 22, 22] (total: 90s)
2026-09-24 12:26:08,115 - RLController - INFO -   Example: junction D5 -> durations [13, 13, 51, 13] (total: 90s)
2026-09-24 12:26:08,115 - RLController - INFO -   Example: junction E0 -> durations [24, 22, 22, 22] (total: 90s)
2026-09-24 12:26:08,115 - RLController - INFO -   Example: junction E1 -> durations [24, 22, 22, 22] (total: 90s)
2026-09-24 12:26:08,116 - RLController - INFO -   Stored schedules for 34 junctions, cycle starts at step 5580
2026-09-24 12:26:11,553 - RLController - INFO - DIAGNOSTIC Step 5670 - Observation stats:
2026-09-24 12:26:11,554 - RLController - INFO -   Hash: 7367518542802324589, Min: 0.000000, Max: 1.000000, Mean: 0.447862, Std: 0.457602
2026-09-24 12:26:11,554 - RLController - INFO -   First 10: [1.0000000e+00 0.0000000e+00 0.0000000e+00 0.0000000e+00 0.0000000e+00
 5.0000000e-01 5.9855988e-06 1.0000000e+00 9.9333334e-01 1.0000000e+00]
2026-09-24 12:26:11,554 - RLController - INFO -   Last 10: [0.         0.2        0.         0.08333334 0.51495725 0.00395725
 0.08799145 0.50865364 0.         0.3       ]
2026-09-24 12:26:11,558 - RLController - INFO - DIAGNOSTIC - Raw model action output:
2026-09-24 12:26:11,558 - RLController - INFO -   Action hash: -2049713480871369523
2026-09-24 12:26:11,559 - RLController - INFO -   First 8 values: [ -7.2854333 -10.        -10.        -10.        -10.        -10.
 -10.        -10.       ]
2026-09-24 12:26:11,559 - RLController - INFO -   Last 8 values: [-10.        -10.        -10.        -10.        -10.         -2.7108195
 -10.        -10.       ]
2026-09-24 12:26:11,559 - RLController - INFO -   Action shape: (136,), min: -10.000000, max: 5.555551, mean: -9.268553
2026-09-24 12:26:11,559 - RLController - INFO -   B0 junction (indices 16-19) raw values: [-10. -10. -10. -10.]
2026-09-24 12:26:11,559 - RLController - INFO - Using CONTINUOUS DURATION-BASED mode
2026-09-24 12:26:11,559 - RLController - INFO -   Example: junction A0 -> durations [51, 13, 13, 13] (total: 90s)
2026-09-24 12:26:11,560 - RLController - INFO -   Example: junction A1 -> durations [24, 22, 22, 22] (total: 90s)
2026-09-24 12:26:11,560 - RLController - INFO -   Example: junction A2 -> durations [12, 12, 54, 12] (total: 90s)
2026-09-24 12:26:11,560 - RLController - INFO -   Example: junction A4 -> durations [60, 10, 10, 10] (total: 90s)
2026-09-24 12:26:11,560 - RLController - INFO -   Example: junction A5 -> durations [24, 22, 22, 22] (total: 90s)
2026-09-24 12:26:11,560 - RLController - INFO -   Example: junction B0 -> durations [24, 22, 22, 22] (total: 90s)
2026-09-24 12:26:11,560 - RLController - INFO -   Example: junction B1 -> durations [24, 22, 22, 22] (total: 90s)
2026-09-24 12:26:11,561 - RLController - INFO -   Example: junction B2 -> durations [24, 22, 22, 22] (total: 90s)
2026-09-24 12:26:11,561 - RLController - INFO -   Example: junction B4 -> durations [24, 22, 22, 22] (total: 90s)
2026-09-24 12:26:11,561 - RLController - INFO -   Example: junction B5 -> durations [60, 10, 10, 10] (total: 90s)
2026-09-24 12:26:11,561 - RLController - INFO -   Example: junction C0 -> durations [22, 22, 24, 22] (total: 90s)
2026-09-24 12:26:11,561 - RLController - INFO -   Example: junction C1 -> durations [24, 22, 22, 22] (total: 90s)
2026-09-24 12:26:11,561 - RLController - INFO -   Example: junction C2 -> durations [57, 13, 10, 10] (total: 90s)
2026-09-24 12:26:11,561 - RLController - INFO -   Example: junction C3 -> durations [60, 10, 10, 10] (total: 90s)
2026-09-24 12:26:11,562 - RLController - INFO -   Example: junction C4 -> durations [57, 11, 11, 11] (total: 90s)
2026-09-24 12:26:11,562 - RLController - INFO -   Example: junction C5 -> durations [57, 11, 11, 11] (total: 90s)
2026-09-24 12:26:11,562 - RLController - INFO -   Example: junction D0 -> durations [24, 22, 22, 22] (total: 90s)
2026-09-24 12:26:11,562 - RLController - INFO -   Example: junction D1 -> durations [21, 21, 27, 21] (total: 90s)
2026-09-24 12:26:11,562 - RLController - INFO -   Example: junction D2 -> durations [45, 15, 15, 15] (total: 90s)
2026-09-24 12:26:11,562 - RLController - INFO -   Example: junction D3 -> durations [24, 22, 22, 22] (total: 90s)
2026-09-24 12:26:11,562 - RLController - INFO -   Example: junction D4 -> durations [24, 22, 22, 22] (total: 90s)
2026-09-24 12:26:11,562 - RLController - INFO -   Example: junction D5 -> durations [13, 13, 51, 13] (total: 90s)
2026-09-24 12:26:11,563 - RLController - INFO -   Example: junction E0 -> durations [24, 22, 22, 22] (total: 90s)
2026-09-24 12:26:11,563 - RLController - INFO -   Example: junction E1 -> durations [24, 22, 22, 22] (total: 90s)
2026-09-24 12:26:11,563 - RLController - INFO -   Stored schedules for 34 junctions, cycle starts at step 5670
2026-09-24 12:26:14,731 - RLController - INFO - DIAGNOSTIC Step 5760 - Observation stats:
2026-09-24 12:26:14,731 - RLController - INFO -   Hash: -1448040850579146158, Min: 0.000000, Max: 1.000000, Mean: 0.446995, Std: 0.458336
2026-09-24 12:26:14,731 - RLController - INFO -   First 10: [0.2        1.         0.97333336 1.         0.06434712 0.10273973
 0.         1.         0.99333334 1.        ]
2026-09-24 12:26:14,732 - RLController - INFO -   Last 10: [0.         0.2        0.         0.08333334 0.51282054 0.00280774
 0.08594017 0.5035062  0.         0.3       ]
2026-09-24 12:26:14,745 - RLController - INFO - DIAGNOSTIC - Raw model action output:
2026-09-24 12:26:14,745 - RLController - INFO -   Action hash: -4430034246665030557
2026-09-24 12:26:14,746 - RLController - INFO -   First 8 values: [ -7.5953903 -10.        -10.        -10.        -10.        -10.
 -10.        -10.       ]
2026-09-24 12:26:14,746 - RLController - INFO -   Last 8 values: [-10.        -10.        -10.        -10.        -10.         -1.5151246
 -10.        -10.       ]
2026-09-24 12:26:14,746 - RLController - INFO -   Action shape: (136,), min: -10.000000, max: 5.028147, mean: -9.275026
2026-09-24 12:26:14,746 - RLController - INFO -   B0 junction (indices 16-19) raw values: [-10. -10. -10. -10.]
2026-09-24 12:26:14,746 - RLController - INFO - Using CONTINUOUS DURATION-BASED mode
2026-09-24 12:26:14,747 - RLController - INFO -   Example: junction A0 -> durations [51, 13, 13, 13] (total: 90s)
2026-09-24 12:26:14,747 - RLController - INFO -   Example: junction A1 -> durations [24, 22, 22, 22] (total: 90s)
2026-09-24 12:26:14,747 - RLController - INFO -   Example: junction A2 -> durations [12, 12, 54, 12] (total: 90s)
2026-09-24 12:26:14,747 - RLController - INFO -   Example: junction A4 -> durations [60, 10, 10, 10] (total: 90s)
2026-09-24 12:26:14,747 - RLController - INFO -   Example: junction A5 -> durations [24, 22, 22, 22] (total: 90s)
2026-09-24 12:26:14,747 - RLController - INFO -   Example: junction B0 -> durations [24, 22, 22, 22] (total: 90s)
2026-09-24 12:26:14,747 - RLController - INFO -   Example: junction B1 -> durations [24, 22, 22, 22] (total: 90s)
2026-09-24 12:26:14,747 - RLController - INFO -   Example: junction B2 -> durations [24, 22, 22, 22] (total: 90s)
2026-09-24 12:26:14,748 - RLController - INFO -   Example: junction B4 -> durations [24, 22, 22, 22] (total: 90s)
2026-09-24 12:26:14,748 - RLController - INFO -   Example: junction B5 -> durations [60, 10, 10, 10] (total: 90s)
2026-09-24 12:26:14,748 - RLController - INFO -   Example: junction C0 -> durations [22, 22, 24, 22] (total: 90s)
2026-09-24 12:26:14,748 - RLController - INFO -   Example: junction C1 -> durations [24, 22, 22, 22] (total: 90s)
2026-09-24 12:26:14,748 - RLController - INFO -   Example: junction C2 -> durations [57, 13, 10, 10] (total: 90s)
2026-09-24 12:26:14,748 - RLController - INFO -   Example: junction C3 -> durations [60, 10, 10, 10] (total: 90s)
2026-09-24 12:26:14,748 - RLController - INFO -   Example: junction C4 -> durations [57, 11, 11, 11] (total: 90s)
2026-09-24 12:26:14,748 - RLController - INFO -   Example: junction C5 -> durations [57, 11, 11, 11] (total: 90s)
2026-09-24 12:26:14,749 - RLController - INFO -   Example: junction D0 -> durations [24, 22, 22, 22] (total: 90s)
2026-09-24 12:26:14,749 - RLController - INFO -   Example: junction D1 -> durations [21, 21, 27, 21] (total: 90s)
2026-09-24 12:26:14,749 - RLController - INFO -   Example: junction D2 -> durations [45, 15, 15, 15] (total: 90s)
2026-09-24 12:26:14,749 - RLController - INFO -   Example: junction D3 -> durations [24, 22, 22, 22] (total: 90s)
2026-09-24 12:26:14,749 - RLController - INFO -   Example: junction D4 -> durations [24, 22, 22, 22] (total: 90s)
2026-09-24 12:26:14,749 - RLController - INFO -   Example: junction D5 -> durations [13, 13, 51, 13] (total: 90s)
2026-09-24 12:26:14,749 - RLController - INFO -   Example: junction E0 -> durations [24, 22, 22, 22] (total: 90s)
2026-09-24 12:26:14,750 - RLController - INFO -   Example: junction E1 -> durations [24, 22, 22, 22] (total: 90s)
2026-09-24 12:26:14,750 - RLController - INFO -   Stored schedules for 34 junctions, cycle starts at step 5760
2026-09-24 12:26:17,848 - RLController - INFO - DIAGNOSTIC Step 5850 - Observation stats:
2026-09-24 12:26:17,854 - RLController - INFO -   Hash: 1391485781027498055, Min: 0.000000, Max: 1.000000, Mean: 0.442354, Std: 0.458233
2026-09-24 12:26:17,855 - RLController - INFO -   First 10: [1.         0.         0.         0.         0.         0.51369864
 0.         1.         0.99333334 1.        ]
2026-09-24 12:26:17,855 - RLController - INFO -   Last 10: [0.         0.2        0.         0.08333334 0.5        0.00324365
 0.08534188 0.5181696  0.         0.3       ]
2026-09-24 12:26:17,877 - RLController - INFO - DIAGNOSTIC - Raw model action output:
2026-09-24 12:26:17,877 - RLController - INFO -   Action hash: -8520189126125605733
2026-09-24 12:26:17,877 - RLController - INFO -   First 8 values: [ -7.368695 -10.       -10.       -10.       -10.       -10.
 -10.       -10.      ]
2026-09-24 12:26:17,878 - RLController - INFO -   Last 8 values: [-10.        -10.        -10.        -10.        -10.         -0.7661001
 -10.        -10.       ]
2026-09-24 12:26:17,878 - RLController - INFO -   Action shape: (136,), min: -10.000000, max: 4.838505, mean: -9.274158
2026-09-24 12:26:17,878 - RLController - INFO -   B0 junction (indices 16-19) raw values: [-10. -10. -10. -10.]
2026-09-24 12:26:17,878 - RLController - INFO - Using CONTINUOUS DURATION-BASED mode
2026-09-24 12:26:17,878 - RLController - INFO -   Example: junction A0 -> durations [51, 13, 13, 13] (total: 90s)
2026-09-24 12:26:17,878 - RLController - INFO -   Example: junction A1 -> durations [24, 22, 22, 22] (total: 90s)
2026-09-24 12:26:17,878 - RLController - INFO -   Example: junction A2 -> durations [12, 12, 54, 12] (total: 90s)
2026-09-24 12:26:17,879 - RLController - INFO -   Example: junction A4 -> durations [60, 10, 10, 10] (total: 90s)
2026-09-24 12:26:17,879 - RLController - INFO -   Example: junction A5 -> durations [24, 22, 22, 22] (total: 90s)
2026-09-24 12:26:17,879 - RLController - INFO -   Example: junction B0 -> durations [24, 22, 22, 22] (total: 90s)
2026-09-24 12:26:17,879 - RLController - INFO -   Example: junction B1 -> durations [24, 22, 22, 22] (total: 90s)
2026-09-24 12:26:17,879 - RLController - INFO -   Example: junction B2 -> durations [24, 22, 22, 22] (total: 90s)
2026-09-24 12:26:17,879 - RLController - INFO -   Example: junction B4 -> durations [24, 22, 22, 22] (total: 90s)
2026-09-24 12:26:17,879 - RLController - INFO -   Example: junction B5 -> durations [60, 10, 10, 10] (total: 90s)
2026-09-24 12:26:17,879 - RLController - INFO -   Example: junction C0 -> durations [22, 22, 24, 22] (total: 90s)
2026-09-24 12:26:17,880 - RLController - INFO -   Example: junction C1 -> durations [24, 22, 22, 22] (total: 90s)
2026-09-24 12:26:17,880 - RLController - INFO -   Example: junction C2 -> durations [57, 13, 10, 10] (total: 90s)
2026-09-24 12:26:17,880 - RLController - INFO -   Example: junction C3 -> durations [60, 10, 10, 10] (total: 90s)
2026-09-24 12:26:17,880 - RLController - INFO -   Example: junction C4 -> durations [57, 11, 11, 11] (total: 90s)
2026-09-24 12:26:17,880 - RLController - INFO -   Example: junction C5 -> durations [57, 11, 11, 11] (total: 90s)
2026-09-24 12:26:17,880 - RLController - INFO -   Example: junction D0 -> durations [24, 22, 22, 22] (total: 90s)
2026-09-24 12:26:17,880 - RLController - INFO -   Example: junction D1 -> durations [21, 21, 27, 21] (total: 90s)
2026-09-24 12:26:17,880 - RLController - INFO -   Example: junction D2 -> durations [45, 15, 15, 15] (total: 90s)
2026-09-24 12:26:17,881 - RLController - INFO -   Example: junction D3 -> durations [24, 22, 22, 22] (total: 90s)
2026-09-24 12:26:17,881 - RLController - INFO -   Example: junction D4 -> durations [24, 22, 22, 22] (total: 90s)
2026-09-24 12:26:17,881 - RLController - INFO -   Example: junction D5 -> durations [13, 13, 51, 13] (total: 90s)
2026-09-24 12:26:17,881 - RLController - INFO -   Example: junction E0 -> durations [24, 22, 22, 22] (total: 90s)
2026-09-24 12:26:17,881 - RLController - INFO -   Example: junction E1 -> durations [24, 22, 22, 22] (total: 90s)
2026-09-24 12:26:17,882 - RLController - INFO -   Stored schedules for 34 junctions, cycle starts at step 5850
2026-09-24 12:26:21,229 - RLController - INFO - DIAGNOSTIC Step 5940 - Observation stats:
2026-09-24 12:26:21,229 - RLController - INFO -   Hash: -4874682243629395420, Min: 0.000000, Max: 1.000000, Mean: 0.440979, Std: 0.455757
2026-09-24 12:26:21,229 - RLController - INFO -   First 10: [1.         0.         0.         0.         0.         0.51369864
 0.         1.         0.99333334 1.        ]
2026-09-24 12:26:21,230 - RLController - INFO -   Last 10: [0.         0.2        0.         0.08333334 0.48504272 0.00372521
 0.08388889 0.53860766 0.         0.3       ]
2026-09-24 12:26:21,243 - RLController - INFO - DIAGNOSTIC - Raw model action output:
2026-09-24 12:26:21,243 - RLController - INFO -   Action hash: 5176988851894265243
2026-09-24 12:26:21,243 - RLController - INFO -   First 8 values: [ -7.2010446 -10.        -10.        -10.        -10.        -10.
 -10.        -10.       ]
2026-09-24 12:26:21,243 - RLController - INFO -   Last 8 values: [-10.        -10.        -10.        -10.        -10.         -0.4020631
 -10.        -10.       ]
2026-09-24 12:26:21,243 - RLController - INFO -   Action shape: (136,), min: -10.000000, max: 4.911123, mean: -9.242387
2026-09-24 12:26:21,244 - RLController - INFO -   B0 junction (indices 16-19) raw values: [ -9.84756 -10.      -10.      -10.     ]
2026-09-24 12:26:21,244 - RLController - INFO - Using CONTINUOUS DURATION-BASED mode
2026-09-24 12:26:21,244 - RLController - INFO -   Example: junction A0 -> durations [51, 13, 13, 13] (total: 90s)
2026-09-24 12:26:21,244 - RLController - INFO -   Example: junction A1 -> durations [24, 22, 22, 22] (total: 90s)
2026-09-24 12:26:21,245 - RLController - INFO -   Example: junction A2 -> durations [12, 12, 54, 12] (total: 90s)
2026-09-24 12:26:21,245 - RLController - INFO -   Example: junction A4 -> durations [60, 10, 10, 10] (total: 90s)
2026-09-24 12:26:21,245 - RLController - INFO -   Example: junction A5 -> durations [24, 22, 22, 22] (total: 90s)
2026-09-24 12:26:21,245 - RLController - INFO -   Example: junction B0 -> durations [24, 22, 22, 22] (total: 90s)
2026-09-24 12:26:21,245 - RLController - INFO -   Example: junction B1 -> durations [24, 22, 22, 22] (total: 90s)
2026-09-24 12:26:21,245 - RLController - INFO -   Example: junction B2 -> durations [24, 22, 22, 22] (total: 90s)
2026-09-24 12:26:21,245 - RLController - INFO -   Example: junction B4 -> durations [24, 22, 22, 22] (total: 90s)
2026-09-24 12:26:21,246 - RLController - INFO -   Example: junction B5 -> durations [60, 10, 10, 10] (total: 90s)
2026-09-24 12:26:21,246 - RLController - INFO -   Example: junction C0 -> durations [22, 22, 24, 22] (total: 90s)
2026-09-24 12:26:21,246 - RLController - INFO -   Example: junction C1 -> durations [24, 22, 22, 22] (total: 90s)
2026-09-24 12:26:21,246 - RLController - INFO -   Example: junction C2 -> durations [57, 13, 10, 10] (total: 90s)
2026-09-24 12:26:21,246 - RLController - INFO -   Example: junction C3 -> durations [60, 10, 10, 10] (total: 90s)
2026-09-24 12:26:21,246 - RLController - INFO -   Example: junction C4 -> durations [57, 11, 11, 11] (total: 90s)
2026-09-24 12:26:21,246 - RLController - INFO -   Example: junction C5 -> durations [57, 11, 11, 11] (total: 90s)
2026-09-24 12:26:21,246 - RLController - INFO -   Example: junction D0 -> durations [24, 22, 22, 22] (total: 90s)
2026-09-24 12:26:21,247 - RLController - INFO -   Example: junction D1 -> durations [21, 21, 27, 21] (total: 90s)
2026-09-24 12:26:21,247 - RLController - INFO -   Example: junction D2 -> durations [45, 15, 15, 15] (total: 90s)
2026-09-24 12:26:21,247 - RLController - INFO -   Example: junction D3 -> durations [24, 22, 22, 22] (total: 90s)
2026-09-24 12:26:21,247 - RLController - INFO -   Example: junction D4 -> durations [24, 22, 22, 22] (total: 90s)
2026-09-24 12:26:21,247 - RLController - INFO -   Example: junction D5 -> durations [13, 13, 51, 13] (total: 90s)
2026-09-24 12:26:21,247 - RLController - INFO -   Example: junction E0 -> durations [24, 22, 22, 22] (total: 90s)
2026-09-24 12:26:21,247 - RLController - INFO -   Example: junction E1 -> durations [24, 22, 22, 22] (total: 90s)
2026-09-24 12:26:21,248 - RLController - INFO -   Stored schedules for 34 junctions, cycle starts at step 5940
2026-09-24 12:26:24,824 - RLController - INFO - DIAGNOSTIC Step 6030 - Observation stats:
2026-09-24 12:26:24,824 - RLController - INFO -   Hash: -5475744012458700254, Min: 0.000000, Max: 1.000000, Mean: 0.451540, Std: 0.456427
2026-09-24 12:26:24,825 - RLController - INFO -   First 10: [1.         0.         0.         0.         0.         0.51369864
 0.         1.         0.99333334 1.        ]
2026-09-24 12:26:24,825 - RLController - INFO -   Last 10: [0.         0.2        0.         0.08333334 0.5405983  0.00375943
 0.08534188 0.48145685 0.         0.3       ]
2026-09-24 12:26:24,830 - RLController - INFO - DIAGNOSTIC - Raw model action output:
2026-09-24 12:26:24,831 - RLController - INFO -   Action hash: -1432761366653960103
2026-09-24 12:26:24,831 - RLController - INFO -   First 8 values: [ -7.1906915 -10.        -10.        -10.        -10.        -10.
 -10.        -10.       ]
2026-09-24 12:26:24,831 - RLController - INFO -   Last 8 values: [-10.        -10.        -10.        -10.        -10.         -1.9073856
 -10.        -10.       ]
2026-09-24 12:26:24,831 - RLController - INFO -   Action shape: (136,), min: -10.000000, max: 5.680854, mean: -9.239748
2026-09-24 12:26:24,832 - RLController - INFO -   B0 junction (indices 16-19) raw values: [-10. -10. -10. -10.]
2026-09-24 12:26:24,832 - RLController - INFO - Using CONTINUOUS DURATION-BASED mode
2026-09-24 12:26:24,832 - RLController - INFO -   Example: junction A0 -> durations [51, 13, 13, 13] (total: 90s)
2026-09-24 12:26:24,832 - RLController - INFO -   Example: junction A1 -> durations [24, 22, 22, 22] (total: 90s)
2026-09-24 12:26:24,832 - RLController - INFO -   Example: junction A2 -> durations [12, 12, 54, 12] (total: 90s)
2026-09-24 12:26:24,832 - RLController - INFO -   Example: junction A4 -> durations [60, 10, 10, 10] (total: 90s)
2026-09-24 12:26:24,832 - RLController - INFO -   Example: junction A5 -> durations [24, 22, 22, 22] (total: 90s)
2026-09-24 12:26:24,833 - RLController - INFO -   Example: junction B0 -> durations [24, 22, 22, 22] (total: 90s)
2026-09-24 12:26:24,833 - RLController - INFO -   Example: junction B1 -> durations [24, 22, 22, 22] (total: 90s)
2026-09-24 12:26:24,833 - RLController - INFO -   Example: junction B2 -> durations [24, 22, 22, 22] (total: 90s)
2026-09-24 12:26:24,833 - RLController - INFO -   Example: junction B4 -> durations [24, 22, 22, 22] (total: 90s)
2026-09-24 12:26:24,833 - RLController - INFO -   Example: junction B5 -> durations [60, 10, 10, 10] (total: 90s)
2026-09-24 12:26:24,833 - RLController - INFO -   Example: junction C0 -> durations [22, 22, 24, 22] (total: 90s)
2026-09-24 12:26:24,833 - RLController - INFO -   Example: junction C1 -> durations [24, 22, 22, 22] (total: 90s)
2026-09-24 12:26:24,833 - RLController - INFO -   Example: junction C2 -> durations [57, 13, 10, 10] (total: 90s)
2026-09-24 12:26:24,834 - RLController - INFO -   Example: junction C3 -> durations [60, 10, 10, 10] (total: 90s)
2026-09-24 12:26:24,834 - RLController - INFO -   Example: junction C4 -> durations [57, 11, 11, 11] (total: 90s)
2026-09-24 12:26:24,834 - RLController - INFO -   Example: junction C5 -> durations [57, 11, 11, 11] (total: 90s)
2026-09-24 12:26:24,834 - RLController - INFO -   Example: junction D0 -> durations [24, 22, 22, 22] (total: 90s)
2026-09-24 12:26:24,834 - RLController - INFO -   Example: junction D1 -> durations [21, 21, 27, 21] (total: 90s)
2026-09-24 12:26:24,834 - RLController - INFO -   Example: junction D2 -> durations [45, 15, 15, 15] (total: 90s)
2026-09-24 12:26:24,834 - RLController - INFO -   Example: junction D3 -> durations [24, 22, 22, 22] (total: 90s)
2026-09-24 12:26:24,835 - RLController - INFO -   Example: junction D4 -> durations [24, 22, 22, 22] (total: 90s)
2026-09-24 12:26:24,835 - RLController - INFO -   Example: junction D5 -> durations [13, 13, 51, 13] (total: 90s)
2026-09-24 12:26:24,835 - RLController - INFO -   Example: junction E0 -> durations [24, 22, 22, 22] (total: 90s)
2026-09-24 12:26:24,835 - RLController - INFO -   Example: junction E1 -> durations [24, 22, 22, 22] (total: 90s)
2026-09-24 12:26:24,836 - RLController - INFO -   Stored schedules for 34 junctions, cycle starts at step 6030
2026-09-24 12:26:28,089 - RLController - INFO - DIAGNOSTIC Step 6120 - Observation stats:
2026-09-24 12:26:28,090 - RLController - INFO -   Hash: 3420833574708739931, Min: 0.000000, Max: 1.000036, Mean: 0.444405, Std: 0.454622
2026-09-24 12:26:28,090 - RLController - INFO -   First 10: [0.5        0.         0.9266667  1.         0.00541354 0.26132405
 0.         1.         0.99333334 1.        ]
2026-09-24 12:26:28,091 - RLController - INFO -   Last 10: [0.         0.2        0.         0.08333334 0.51282054 0.00389481
 0.0875641  0.5171649  0.         0.3       ]
2026-09-24 12:26:28,096 - RLController - INFO - DIAGNOSTIC - Raw model action output:
2026-09-24 12:26:28,096 - RLController - INFO -   Action hash: 2750670625695573680
2026-09-24 12:26:28,097 - RLController - INFO -   First 8 values: [ -7.0025434 -10.        -10.        -10.        -10.        -10.
 -10.        -10.       ]
2026-09-24 12:26:28,097 - RLController - INFO -   Last 8 values: [-10.        -10.        -10.        -10.        -10.         -2.2679033
 -10.        -10.       ]
2026-09-24 12:26:28,097 - RLController - INFO -   Action shape: (136,), min: -10.000000, max: 5.075914, mean: -9.263523
2026-09-24 12:26:28,097 - RLController - INFO -   B0 junction (indices 16-19) raw values: [ -9.68639 -10.      -10.      -10.     ]
2026-09-24 12:26:28,097 - RLController - INFO - Using CONTINUOUS DURATION-BASED mode
2026-09-24 12:26:28,098 - RLController - INFO -   Example: junction A0 -> durations [51, 13, 13, 13] (total: 90s)
2026-09-24 12:26:28,098 - RLController - INFO -   Example: junction A1 -> durations [24, 22, 22, 22] (total: 90s)
2026-09-24 12:26:28,098 - RLController - INFO -   Example: junction A2 -> durations [12, 12, 54, 12] (total: 90s)
2026-09-24 12:26:28,098 - RLController - INFO -   Example: junction A4 -> durations [60, 10, 10, 10] (total: 90s)
2026-09-24 12:26:28,098 - RLController - INFO -   Example: junction A5 -> durations [24, 22, 22, 22] (total: 90s)
2026-09-24 12:26:28,098 - RLController - INFO -   Example: junction B0 -> durations [24, 22, 22, 22] (total: 90s)
2026-09-24 12:26:28,099 - RLController - INFO -   Example: junction B1 -> durations [24, 22, 22, 22] (total: 90s)
2026-09-24 12:26:28,099 - RLController - INFO -   Example: junction B2 -> durations [24, 22, 22, 22] (total: 90s)
2026-09-24 12:26:28,099 - RLController - INFO -   Example: junction B4 -> durations [24, 22, 22, 22] (total: 90s)
2026-09-24 12:26:28,099 - RLController - INFO -   Example: junction B5 -> durations [60, 10, 10, 10] (total: 90s)
2026-09-24 12:26:28,099 - RLController - INFO -   Example: junction C0 -> durations [22, 22, 24, 22] (total: 90s)
2026-09-24 12:26:28,099 - RLController - INFO -   Example: junction C1 -> durations [24, 22, 22, 22] (total: 90s)
2026-09-24 12:26:28,100 - RLController - INFO -   Example: junction C2 -> durations [57, 13, 10, 10] (total: 90s)
2026-09-24 12:26:28,100 - RLController - INFO -   Example: junction C3 -> durations [60, 10, 10, 10] (total: 90s)
2026-09-24 12:26:28,100 - RLController - INFO -   Example: junction C4 -> durations [57, 11, 11, 11] (total: 90s)
2026-09-24 12:26:28,100 - RLController - INFO -   Example: junction C5 -> durations [57, 11, 11, 11] (total: 90s)
2026-09-24 12:26:28,100 - RLController - INFO -   Example: junction D0 -> durations [24, 22, 22, 22] (total: 90s)
2026-09-24 12:26:28,100 - RLController - INFO -   Example: junction D1 -> durations [21, 21, 27, 21] (total: 90s)
2026-09-24 12:26:28,100 - RLController - INFO -   Example: junction D2 -> durations [45, 15, 15, 15] (total: 90s)
2026-09-24 12:26:28,101 - RLController - INFO -   Example: junction D3 -> durations [24, 22, 22, 22] (total: 90s)
2026-09-24 12:26:28,101 - RLController - INFO -   Example: junction D4 -> durations [24, 22, 22, 22] (total: 90s)
2026-09-24 12:26:28,101 - RLController - INFO -   Example: junction D5 -> durations [13, 13, 51, 13] (total: 90s)
2026-09-24 12:26:28,101 - RLController - INFO -   Example: junction E0 -> durations [24, 22, 22, 22] (total: 90s)
2026-09-24 12:26:28,102 - RLController - INFO -   Example: junction E1 -> durations [24, 22, 22, 22] (total: 90s)
2026-09-24 12:26:28,102 - RLController - INFO -   Stored schedules for 34 junctions, cycle starts at step 6120
2026-09-24 12:26:31,642 - RLController - INFO - DIAGNOSTIC Step 6210 - Observation stats:
2026-09-24 12:26:31,643 - RLController - INFO -   Hash: -3786441855112705749, Min: 0.000000, Max: 1.000000, Mean: 0.453806, Std: 0.458402
2026-09-24 12:26:31,643 - RLController - INFO -   First 10: [0.5        1.         0.9266667  1.         0.00541354 0.26595744
 0.         1.         0.99333334 1.        ]
2026-09-24 12:26:31,644 - RLController - INFO -   Last 10: [0.         0.2        0.         0.08333334 0.5277778  0.00350975
 0.08739316 0.4963981  0.         0.3       ]
2026-09-24 12:26:31,649 - RLController - INFO - DIAGNOSTIC - Raw model action output:
2026-09-24 12:26:31,649 - RLController - INFO -   Action hash: -8180682349811176541
2026-09-24 12:26:31,649 - RLController - INFO -   First 8 values: [ -7.621404 -10.       -10.       -10.       -10.       -10.
 -10.       -10.      ]
2026-09-24 12:26:31,649 - RLController - INFO -   Last 8 values: [-10.        -10.        -10.        -10.        -10.         -2.7195418
 -10.        -10.       ]
2026-09-24 12:26:31,650 - RLController - INFO -   Action shape: (136,), min: -10.000000, max: 5.375150, mean: -9.297612
2026-09-24 12:26:31,650 - RLController - INFO -   B0 junction (indices 16-19) raw values: [-10. -10. -10. -10.]
2026-09-24 12:26:31,650 - RLController - INFO - Using CONTINUOUS DURATION-BASED mode
2026-09-24 12:26:31,650 - RLController - INFO -   Example: junction A0 -> durations [51, 13, 13, 13] (total: 90s)
2026-09-24 12:26:31,650 - RLController - INFO -   Example: junction A1 -> durations [24, 22, 22, 22] (total: 90s)
2026-09-24 12:26:31,651 - RLController - INFO -   Example: junction A2 -> durations [12, 12, 54, 12] (total: 90s)
2026-09-24 12:26:31,651 - RLController - INFO -   Example: junction A4 -> durations [60, 10, 10, 10] (total: 90s)
2026-09-24 12:26:31,651 - RLController - INFO -   Example: junction A5 -> durations [24, 22, 22, 22] (total: 90s)
2026-09-24 12:26:31,651 - RLController - INFO -   Example: junction B0 -> durations [24, 22, 22, 22] (total: 90s)
2026-09-24 12:26:31,651 - RLController - INFO -   Example: junction B1 -> durations [24, 22, 22, 22] (total: 90s)
2026-09-24 12:26:31,651 - RLController - INFO -   Example: junction B2 -> durations [24, 22, 22, 22] (total: 90s)
2026-09-24 12:26:31,651 - RLController - INFO -   Example: junction B4 -> durations [24, 22, 22, 22] (total: 90s)
2026-09-24 12:26:31,651 - RLController - INFO -   Example: junction B5 -> durations [60, 10, 10, 10] (total: 90s)
2026-09-24 12:26:31,652 - RLController - INFO -   Example: junction C0 -> durations [22, 22, 24, 22] (total: 90s)
2026-09-24 12:26:31,652 - RLController - INFO -   Example: junction C1 -> durations [24, 22, 22, 22] (total: 90s)
2026-09-24 12:26:31,652 - RLController - INFO -   Example: junction C2 -> durations [57, 13, 10, 10] (total: 90s)
2026-09-24 12:26:31,652 - RLController - INFO -   Example: junction C3 -> durations [60, 10, 10, 10] (total: 90s)
2026-09-24 12:26:31,652 - RLController - INFO -   Example: junction C4 -> durations [57, 11, 11, 11] (total: 90s)
2026-09-24 12:26:31,652 - RLController - INFO -   Example: junction C5 -> durations [57, 11, 11, 11] (total: 90s)
2026-09-24 12:26:31,652 - RLController - INFO -   Example: junction D0 -> durations [24, 22, 22, 22] (total: 90s)
2026-09-24 12:26:31,653 - RLController - INFO -   Example: junction D1 -> durations [21, 21, 27, 21] (total: 90s)
2026-09-24 12:26:31,653 - RLController - INFO -   Example: junction D2 -> durations [45, 15, 15, 15] (total: 90s)
2026-09-24 12:26:31,653 - RLController - INFO -   Example: junction D3 -> durations [24, 22, 22, 22] (total: 90s)
2026-09-24 12:26:31,653 - RLController - INFO -   Example: junction D4 -> durations [24, 22, 22, 22] (total: 90s)
2026-09-24 12:26:31,653 - RLController - INFO -   Example: junction D5 -> durations [13, 13, 51, 13] (total: 90s)
2026-09-24 12:26:31,653 - RLController - INFO -   Example: junction E0 -> durations [24, 22, 22, 22] (total: 90s)
2026-09-24 12:26:31,654 - RLController - INFO -   Example: junction E1 -> durations [24, 22, 22, 22] (total: 90s)
2026-09-24 12:26:31,654 - RLController - INFO -   Stored schedules for 34 junctions, cycle starts at step 6210
2026-09-24 12:26:35,098 - RLController - INFO - DIAGNOSTIC Step 6300 - Observation stats:
2026-09-24 12:26:35,098 - RLController - INFO -   Hash: 5378491680490523914, Min: 0.000000, Max: 1.000000, Mean: 0.456312, Std: 0.459964
2026-09-24 12:26:35,099 - RLController - INFO -   First 10: [1.         0.         0.         0.         0.         0.5319149
 0.         1.         0.99333334 1.        ]
2026-09-24 12:26:35,099 - RLController - INFO -   Last 10: [0.         0.2        0.         0.08333334 0.53205127 0.00352691
 0.08773504 0.48916367 0.         0.3       ]
2026-09-24 12:26:35,104 - RLController - INFO - DIAGNOSTIC - Raw model action output:
2026-09-24 12:26:35,104 - RLController - INFO -   Action hash: 3962825921095001593
2026-09-24 12:26:35,104 - RLController - INFO -   First 8 values: [ -7.303915 -10.       -10.       -10.       -10.       -10.
 -10.       -10.      ]
2026-09-24 12:26:35,104 - RLController - INFO -   Last 8 values: [-10.        -10.        -10.        -10.        -10.         -1.5087306
 -10.        -10.       ]
2026-09-24 12:26:35,104 - RLController - INFO -   Action shape: (136,), min: -10.000000, max: 5.440329, mean: -9.285413
2026-09-24 12:26:35,105 - RLController - INFO -   B0 junction (indices 16-19) raw values: [-10. -10. -10. -10.]
2026-09-24 12:26:35,105 - RLController - INFO - Using CONTINUOUS DURATION-BASED mode
2026-09-24 12:26:35,105 - RLController - INFO -   Example: junction A0 -> durations [51, 13, 13, 13] (total: 90s)
2026-09-24 12:26:35,105 - RLController - INFO -   Example: junction A1 -> durations [24, 22, 22, 22] (total: 90s)
2026-09-24 12:26:35,105 - RLController - INFO -   Example: junction A2 -> durations [12, 12, 54, 12] (total: 90s)
2026-09-24 12:26:35,105 - RLController - INFO -   Example: junction A4 -> durations [60, 10, 10, 10] (total: 90s)
2026-09-24 12:26:35,105 - RLController - INFO -   Example: junction A5 -> durations [24, 22, 22, 22] (total: 90s)
2026-09-24 12:26:35,105 - RLController - INFO -   Example: junction B0 -> durations [24, 22, 22, 22] (total: 90s)
2026-09-24 12:26:35,106 - RLController - INFO -   Example: junction B1 -> durations [24, 22, 22, 22] (total: 90s)
2026-09-24 12:26:35,106 - RLController - INFO -   Example: junction B2 -> durations [24, 22, 22, 22] (total: 90s)
2026-09-24 12:26:35,106 - RLController - INFO -   Example: junction B4 -> durations [24, 22, 22, 22] (total: 90s)
2026-09-24 12:26:35,106 - RLController - INFO -   Example: junction B5 -> durations [60, 10, 10, 10] (total: 90s)
2026-09-24 12:26:35,106 - RLController - INFO -   Example: junction C0 -> durations [22, 22, 24, 22] (total: 90s)
2026-09-24 12:26:35,106 - RLController - INFO -   Example: junction C1 -> durations [24, 22, 22, 22] (total: 90s)
2026-09-24 12:26:35,107 - RLController - INFO -   Example: junction C2 -> durations [57, 13, 10, 10] (total: 90s)
2026-09-24 12:26:35,107 - RLController - INFO -   Example: junction C3 -> durations [60, 10, 10, 10] (total: 90s)
2026-09-24 12:26:35,107 - RLController - INFO -   Example: junction C4 -> durations [57, 11, 11, 11] (total: 90s)
2026-09-24 12:26:35,107 - RLController - INFO -   Example: junction C5 -> durations [57, 11, 11, 11] (total: 90s)
2026-09-24 12:26:35,107 - RLController - INFO -   Example: junction D0 -> durations [24, 22, 22, 22] (total: 90s)
2026-09-24 12:26:35,107 - RLController - INFO -   Example: junction D1 -> durations [21, 21, 27, 21] (total: 90s)
2026-09-24 12:26:35,107 - RLController - INFO -   Example: junction D2 -> durations [45, 15, 15, 15] (total: 90s)
2026-09-24 12:26:35,107 - RLController - INFO -   Example: junction D3 -> durations [24, 22, 22, 22] (total: 90s)
2026-09-24 12:26:35,108 - RLController - INFO -   Example: junction D4 -> durations [24, 22, 22, 22] (total: 90s)
2026-09-24 12:26:35,108 - RLController - INFO -   Example: junction D5 -> durations [13, 13, 51, 13] (total: 90s)
2026-09-24 12:26:35,108 - RLController - INFO -   Example: junction E0 -> durations [24, 22, 22, 22] (total: 90s)
2026-09-24 12:26:35,108 - RLController - INFO -   Example: junction E1 -> durations [24, 22, 22, 22] (total: 90s)
2026-09-24 12:26:35,109 - RLController - INFO -   Stored schedules for 34 junctions, cycle starts at step 6300
2026-09-24 12:26:38,828 - RLController - INFO - DIAGNOSTIC Step 6390 - Observation stats:
2026-09-24 12:26:38,842 - RLController - INFO -   Hash: -6553153120978448776, Min: 0.000000, Max: 1.000000, Mean: 0.452579, Std: 0.458985
2026-09-24 12:26:38,842 - RLController - INFO -   First 10: [1.         0.         0.         0.         0.         0.5319149
 0.         1.         0.99333334 1.        ]
2026-09-24 12:26:38,843 - RLController - INFO -   Last 10: [0.         0.2        0.         0.08333334 0.53205127 0.00360008
 0.09081197 0.49179038 0.         0.3       ]
2026-09-24 12:26:38,859 - RLController - INFO - DIAGNOSTIC - Raw model action output:
2026-09-24 12:26:38,859 - RLController - INFO -   Action hash: -289905008969059213
2026-09-24 12:26:38,859 - RLController - INFO -   First 8 values: [ -7.394012 -10.       -10.       -10.       -10.       -10.
 -10.       -10.      ]
2026-09-24 12:26:38,860 - RLController - INFO -   Last 8 values: [-10.        -10.        -10.        -10.        -10.         -3.0348437
 -10.        -10.       ]
2026-09-24 12:26:38,860 - RLController - INFO -   Action shape: (136,), min: -10.000000, max: 5.381723, mean: -9.285982
2026-09-24 12:26:38,860 - RLController - INFO -   B0 junction (indices 16-19) raw values: [-10. -10. -10. -10.]
2026-09-24 12:26:38,860 - RLController - INFO - Using CONTINUOUS DURATION-BASED mode
2026-09-24 12:26:38,860 - RLController - INFO -   Example: junction A0 -> durations [51, 13, 13, 13] (total: 90s)
2026-09-24 12:26:38,860 - RLController - INFO -   Example: junction A1 -> durations [24, 22, 22, 22] (total: 90s)
2026-09-24 12:26:38,861 - RLController - INFO -   Example: junction A2 -> durations [12, 12, 54, 12] (total: 90s)
2026-09-24 12:26:38,861 - RLController - INFO -   Example: junction A4 -> durations [60, 10, 10, 10] (total: 90s)
2026-09-24 12:26:38,861 - RLController - INFO -   Example: junction A5 -> durations [24, 22, 22, 22] (total: 90s)
2026-09-24 12:26:38,861 - RLController - INFO -   Example: junction B0 -> durations [24, 22, 22, 22] (total: 90s)
2026-09-24 12:26:38,861 - RLController - INFO -   Example: junction B1 -> durations [24, 22, 22, 22] (total: 90s)
2026-09-24 12:26:38,861 - RLController - INFO -   Example: junction B2 -> durations [24, 22, 22, 22] (total: 90s)
2026-09-24 12:26:38,861 - RLController - INFO -   Example: junction B4 -> durations [24, 22, 22, 22] (total: 90s)
2026-09-24 12:26:38,861 - RLController - INFO -   Example: junction B5 -> durations [60, 10, 10, 10] (total: 90s)
2026-09-24 12:26:38,862 - RLController - INFO -   Example: junction C0 -> durations [22, 22, 24, 22] (total: 90s)
2026-09-24 12:26:38,862 - RLController - INFO -   Example: junction C1 -> durations [24, 22, 22, 22] (total: 90s)
2026-09-24 12:26:38,862 - RLController - INFO -   Example: junction C2 -> durations [57, 13, 10, 10] (total: 90s)
2026-09-24 12:26:38,862 - RLController - INFO -   Example: junction C3 -> durations [60, 10, 10, 10] (total: 90s)
2026-09-24 12:26:38,862 - RLController - INFO -   Example: junction C4 -> durations [57, 11, 11, 11] (total: 90s)
2026-09-24 12:26:38,862 - RLController - INFO -   Example: junction C5 -> durations [57, 11, 11, 11] (total: 90s)
2026-09-24 12:26:38,862 - RLController - INFO -   Example: junction D0 -> durations [24, 22, 22, 22] (total: 90s)
2026-09-24 12:26:38,862 - RLController - INFO -   Example: junction D1 -> durations [21, 21, 27, 21] (total: 90s)
2026-09-24 12:26:38,863 - RLController - INFO -   Example: junction D2 -> durations [45, 15, 15, 15] (total: 90s)
2026-09-24 12:26:38,863 - RLController - INFO -   Example: junction D3 -> durations [24, 22, 22, 22] (total: 90s)
2026-09-24 12:26:38,863 - RLController - INFO -   Example: junction D4 -> durations [24, 22, 22, 22] (total: 90s)
2026-09-24 12:26:38,863 - RLController - INFO -   Example: junction D5 -> durations [13, 13, 51, 13] (total: 90s)
2026-09-24 12:26:38,863 - RLController - INFO -   Example: junction E0 -> durations [24, 22, 22, 22] (total: 90s)
2026-09-24 12:26:38,863 - RLController - INFO -   Example: junction E1 -> durations [24, 22, 22, 22] (total: 90s)
2026-09-24 12:26:38,864 - RLController - INFO -   Stored schedules for 34 junctions, cycle starts at step 6390
2026-09-24 12:26:42,363 - RLController - INFO - DIAGNOSTIC Step 6480 - Observation stats:
2026-09-24 12:26:42,363 - RLController - INFO -   Hash: -1651244502208329426, Min: 0.000000, Max: 1.000000, Mean: 0.460571, Std: 0.459272
2026-09-24 12:26:42,364 - RLController - INFO -   First 10: [1.         0.         0.         0.         0.         0.5319149
 0.         1.         0.99333334 1.        ]
2026-09-24 12:26:42,364 - RLController - INFO -   Last 10: [0.         0.2        0.         0.08333334 0.55982906 0.00384852
 0.09012821 0.46210217 0.         0.3       ]
2026-09-24 12:26:42,370 - RLController - INFO - DIAGNOSTIC - Raw model action output:
2026-09-24 12:26:42,370 - RLController - INFO -   Action hash: -4165368376748583664
2026-09-24 12:26:42,370 - RLController - INFO -   First 8 values: [ -7.5950837 -10.        -10.        -10.        -10.        -10.
 -10.        -10.       ]
2026-09-24 12:26:42,370 - RLController - INFO -   Last 8 values: [-10.        -10.        -10.        -10.        -10.         -2.5376174
 -10.        -10.       ]
2026-09-24 12:26:42,370 - RLController - INFO -   Action shape: (136,), min: -10.000000, max: 5.319716, mean: -9.265526
2026-09-24 12:26:42,371 - RLController - INFO -   B0 junction (indices 16-19) raw values: [-10. -10. -10. -10.]
2026-09-24 12:26:42,371 - RLController - INFO - Using CONTINUOUS DURATION-BASED mode
2026-09-24 12:26:42,371 - RLController - INFO -   Example: junction A0 -> durations [51, 13, 13, 13] (total: 90s)
2026-09-24 12:26:42,371 - RLController - INFO -   Example: junction A1 -> durations [24, 22, 22, 22] (total: 90s)
2026-09-24 12:26:42,371 - RLController - INFO -   Example: junction A2 -> durations [12, 12, 54, 12] (total: 90s)
2026-09-24 12:26:42,371 - RLController - INFO -   Example: junction A4 -> durations [60, 10, 10, 10] (total: 90s)
2026-09-24 12:26:42,371 - RLController - INFO -   Example: junction A5 -> durations [24, 22, 22, 22] (total: 90s)
2026-09-24 12:26:42,371 - RLController - INFO -   Example: junction B0 -> durations [24, 22, 22, 22] (total: 90s)
2026-09-24 12:26:42,372 - RLController - INFO -   Example: junction B1 -> durations [24, 22, 22, 22] (total: 90s)
2026-09-24 12:26:42,372 - RLController - INFO -   Example: junction B2 -> durations [24, 22, 22, 22] (total: 90s)
2026-09-24 12:26:42,372 - RLController - INFO -   Example: junction B4 -> durations [24, 22, 22, 22] (total: 90s)
2026-09-24 12:26:42,372 - RLController - INFO -   Example: junction B5 -> durations [60, 10, 10, 10] (total: 90s)
2026-09-24 12:26:42,372 - RLController - INFO -   Example: junction C0 -> durations [22, 22, 24, 22] (total: 90s)
2026-09-24 12:26:42,372 - RLController - INFO -   Example: junction C1 -> durations [24, 22, 22, 22] (total: 90s)
2026-09-24 12:26:42,372 - RLController - INFO -   Example: junction C2 -> durations [57, 13, 10, 10] (total: 90s)
2026-09-24 12:26:42,373 - RLController - INFO -   Example: junction C3 -> durations [60, 10, 10, 10] (total: 90s)
2026-09-24 12:26:42,373 - RLController - INFO -   Example: junction C4 -> durations [57, 11, 11, 11] (total: 90s)
2026-09-24 12:26:42,373 - RLController - INFO -   Example: junction C5 -> durations [57, 11, 11, 11] (total: 90s)
2026-09-24 12:26:42,373 - RLController - INFO -   Example: junction D0 -> durations [24, 22, 22, 22] (total: 90s)
2026-09-24 12:26:42,373 - RLController - INFO -   Example: junction D1 -> durations [21, 21, 27, 21] (total: 90s)
2026-09-24 12:26:42,373 - RLController - INFO -   Example: junction D2 -> durations [45, 15, 15, 15] (total: 90s)
2026-09-24 12:26:42,373 - RLController - INFO -   Example: junction D3 -> durations [24, 22, 22, 22] (total: 90s)
2026-09-24 12:26:42,373 - RLController - INFO -   Example: junction D4 -> durations [24, 22, 22, 22] (total: 90s)
2026-09-24 12:26:42,374 - RLController - INFO -   Example: junction D5 -> durations [13, 13, 51, 13] (total: 90s)
2026-09-24 12:26:42,374 - RLController - INFO -   Example: junction E0 -> durations [24, 22, 22, 22] (total: 90s)
2026-09-24 12:26:42,374 - RLController - INFO -   Example: junction E1 -> durations [24, 22, 22, 22] (total: 90s)
2026-09-24 12:26:42,374 - RLController - INFO -   Stored schedules for 34 junctions, cycle starts at step 6480
2026-09-24 12:26:45,696 - RLController - INFO - DIAGNOSTIC Step 6570 - Observation stats:
2026-09-24 12:26:45,696 - RLController - INFO -   Hash: -8440354838764628890, Min: 0.000000, Max: 1.000000, Mean: 0.450865, Std: 0.456244
2026-09-24 12:26:45,697 - RLController - INFO -   First 10: [1.         0.         0.         0.         0.         0.5319149
 0.         1.         0.99333334 1.        ]
2026-09-24 12:26:45,697 - RLController - INFO -   Last 10: [0.         0.2        0.         0.08333334 0.52991456 0.0041573
 0.08957265 0.4966779  0.         0.3       ]
2026-09-24 12:26:45,702 - RLController - INFO - DIAGNOSTIC - Raw model action output:
2026-09-24 12:26:45,702 - RLController - INFO -   Action hash: 5715248568023608501
2026-09-24 12:26:45,702 - RLController - INFO -   First 8 values: [ -7.2551317 -10.        -10.        -10.        -10.        -10.
 -10.        -10.       ]
2026-09-24 12:26:45,702 - RLController - INFO -   Last 8 values: [-10.        -10.        -10.        -10.        -10.         -3.0501716
 -10.        -10.       ]
2026-09-24 12:26:45,702 - RLController - INFO -   Action shape: (136,), min: -10.000000, max: 5.067447, mean: -9.281331
2026-09-24 12:26:45,703 - RLController - INFO -   B0 junction (indices 16-19) raw values: [-10. -10. -10. -10.]
2026-09-24 12:26:45,703 - RLController - INFO - Using CONTINUOUS DURATION-BASED mode
2026-09-24 12:26:45,703 - RLController - INFO -   Example: junction A0 -> durations [51, 13, 13, 13] (total: 90s)
2026-09-24 12:26:45,703 - RLController - INFO -   Example: junction A1 -> durations [24, 22, 22, 22] (total: 90s)
2026-09-24 12:26:45,703 - RLController - INFO -   Example: junction A2 -> durations [12, 12, 54, 12] (total: 90s)
2026-09-24 12:26:45,703 - RLController - INFO -   Example: junction A4 -> durations [60, 10, 10, 10] (total: 90s)
2026-09-24 12:26:45,703 - RLController - INFO -   Example: junction A5 -> durations [24, 22, 22, 22] (total: 90s)
2026-09-24 12:26:45,703 - RLController - INFO -   Example: junction B0 -> durations [24, 22, 22, 22] (total: 90s)
2026-09-24 12:26:45,704 - RLController - INFO -   Example: junction B1 -> durations [24, 22, 22, 22] (total: 90s)
2026-09-24 12:26:45,704 - RLController - INFO -   Example: junction B2 -> durations [24, 22, 22, 22] (total: 90s)
2026-09-24 12:26:45,704 - RLController - INFO -   Example: junction B4 -> durations [24, 22, 22, 22] (total: 90s)
2026-09-24 12:26:45,704 - RLController - INFO -   Example: junction B5 -> durations [60, 10, 10, 10] (total: 90s)
2026-09-24 12:26:45,704 - RLController - INFO -   Example: junction C0 -> durations [22, 22, 24, 22] (total: 90s)
2026-09-24 12:26:45,704 - RLController - INFO -   Example: junction C1 -> durations [24, 22, 22, 22] (total: 90s)
2026-09-24 12:26:45,704 - RLController - INFO -   Example: junction C2 -> durations [57, 13, 10, 10] (total: 90s)
2026-09-24 12:26:45,705 - RLController - INFO -   Example: junction C3 -> durations [60, 10, 10, 10] (total: 90s)
2026-09-24 12:26:45,705 - RLController - INFO -   Example: junction C4 -> durations [57, 11, 11, 11] (total: 90s)
2026-09-24 12:26:45,705 - RLController - INFO -   Example: junction C5 -> durations [57, 11, 11, 11] (total: 90s)
2026-09-24 12:26:45,705 - RLController - INFO -   Example: junction D0 -> durations [24, 22, 22, 22] (total: 90s)
2026-09-24 12:26:45,705 - RLController - INFO -   Example: junction D1 -> durations [21, 21, 27, 21] (total: 90s)
2026-09-24 12:26:45,705 - RLController - INFO -   Example: junction D2 -> durations [45, 15, 15, 15] (total: 90s)
2026-09-24 12:26:45,706 - RLController - INFO -   Example: junction D3 -> durations [24, 22, 22, 22] (total: 90s)
2026-09-24 12:26:45,706 - RLController - INFO -   Example: junction D4 -> durations [24, 22, 22, 22] (total: 90s)
2026-09-24 12:26:45,706 - RLController - INFO -   Example: junction D5 -> durations [13, 13, 51, 13] (total: 90s)
2026-09-24 12:26:45,706 - RLController - INFO -   Example: junction E0 -> durations [24, 22, 22, 22] (total: 90s)
2026-09-24 12:26:45,706 - RLController - INFO -   Example: junction E1 -> durations [24, 22, 22, 22] (total: 90s)
2026-09-24 12:26:45,707 - RLController - INFO -   Stored schedules for 34 junctions, cycle starts at step 6570
2026-09-24 12:26:49,367 - RLController - INFO - DIAGNOSTIC Step 6660 - Observation stats:
2026-09-24 12:26:49,368 - RLController - INFO -   Hash: -8227306176970362850, Min: 0.000000, Max: 1.000000, Mean: 0.453053, Std: 0.458683
2026-09-24 12:26:49,368 - RLController - INFO -   First 10: [1.         0.         0.         0.         0.         0.5319149
 0.         1.         0.99333334 1.        ]
2026-09-24 12:26:49,369 - RLController - INFO -   Last 10: [0.         0.2        0.         0.08333334 0.53418803 0.00316252
 0.09025641 0.48505926 0.         0.3       ]
2026-09-24 12:26:49,375 - RLController - INFO - DIAGNOSTIC - Raw model action output:
2026-09-24 12:26:49,375 - RLController - INFO -   Action hash: 6784341884277413201
2026-09-24 12:26:49,375 - RLController - INFO -   First 8 values: [ -7.5290914 -10.        -10.        -10.        -10.        -10.
 -10.        -10.       ]
2026-09-24 12:26:49,376 - RLController - INFO -   Last 8 values: [-10.        -10.        -10.        -10.        -10.         -1.1491334
 -10.        -10.       ]
2026-09-24 12:26:49,376 - RLController - INFO -   Action shape: (136,), min: -10.000000, max: 5.238373, mean: -9.285891
2026-09-24 12:26:49,376 - RLController - INFO -   B0 junction (indices 16-19) raw values: [ -9.687622 -10.       -10.       -10.      ]
2026-09-24 12:26:49,376 - RLController - INFO - Using CONTINUOUS DURATION-BASED mode
2026-09-24 12:26:49,376 - RLController - INFO -   Example: junction A0 -> durations [51, 13, 13, 13] (total: 90s)
2026-09-24 12:26:49,376 - RLController - INFO -   Example: junction A1 -> durations [24, 22, 22, 22] (total: 90s)
2026-09-24 12:26:49,376 - RLController - INFO -   Example: junction A2 -> durations [12, 12, 54, 12] (total: 90s)
2026-09-24 12:26:49,377 - RLController - INFO -   Example: junction A4 -> durations [60, 10, 10, 10] (total: 90s)
2026-09-24 12:26:49,377 - RLController - INFO -   Example: junction A5 -> durations [24, 22, 22, 22] (total: 90s)
2026-09-24 12:26:49,377 - RLController - INFO -   Example: junction B0 -> durations [24, 22, 22, 22] (total: 90s)
2026-09-24 12:26:49,377 - RLController - INFO -   Example: junction B1 -> durations [24, 22, 22, 22] (total: 90s)
2026-09-24 12:26:49,377 - RLController - INFO -   Example: junction B2 -> durations [24, 22, 22, 22] (total: 90s)
2026-09-24 12:26:49,377 - RLController - INFO -   Example: junction B4 -> durations [24, 22, 22, 22] (total: 90s)
2026-09-24 12:26:49,377 - RLController - INFO -   Example: junction B5 -> durations [60, 10, 10, 10] (total: 90s)
2026-09-24 12:26:49,378 - RLController - INFO -   Example: junction C0 -> durations [22, 22, 24, 22] (total: 90s)
2026-09-24 12:26:49,378 - RLController - INFO -   Example: junction C1 -> durations [24, 22, 22, 22] (total: 90s)
2026-09-24 12:26:49,378 - RLController - INFO -   Example: junction C2 -> durations [57, 13, 10, 10] (total: 90s)
2026-09-24 12:26:49,378 - RLController - INFO -   Example: junction C3 -> durations [60, 10, 10, 10] (total: 90s)
2026-09-24 12:26:49,378 - RLController - INFO -   Example: junction C4 -> durations [57, 11, 11, 11] (total: 90s)
2026-09-24 12:26:49,378 - RLController - INFO -   Example: junction C5 -> durations [57, 11, 11, 11] (total: 90s)
2026-09-24 12:26:49,378 - RLController - INFO -   Example: junction D0 -> durations [24, 22, 22, 22] (total: 90s)
2026-09-24 12:26:49,378 - RLController - INFO -   Example: junction D1 -> durations [21, 21, 27, 21] (total: 90s)
2026-09-24 12:26:49,379 - RLController - INFO -   Example: junction D2 -> durations [45, 15, 15, 15] (total: 90s)
2026-09-24 12:26:49,379 - RLController - INFO -   Example: junction D3 -> durations [24, 22, 22, 22] (total: 90s)
2026-09-24 12:26:49,379 - RLController - INFO -   Example: junction D4 -> durations [24, 22, 22, 22] (total: 90s)
2026-09-24 12:26:49,379 - RLController - INFO -   Example: junction D5 -> durations [13, 13, 51, 13] (total: 90s)
2026-09-24 12:26:49,379 - RLController - INFO -   Example: junction E0 -> durations [24, 22, 22, 22] (total: 90s)
2026-09-24 12:26:49,379 - RLController - INFO -   Example: junction E1 -> durations [24, 22, 22, 22] (total: 90s)
2026-09-24 12:26:49,380 - RLController - INFO -   Stored schedules for 34 junctions, cycle starts at step 6660
2026-09-24 12:26:53,534 - RLController - INFO - DIAGNOSTIC Step 6750 - Observation stats:
2026-09-24 12:26:53,544 - RLController - INFO -   Hash: -7187045625117860144, Min: 0.000000, Max: 1.000000, Mean: 0.452019, Std: 0.458357
2026-09-24 12:26:53,545 - RLController - INFO -   First 10: [1.         0.         0.         0.         0.         0.5319149
 0.         1.         0.99333334 1.        ]
2026-09-24 12:26:53,545 - RLController - INFO -   Last 10: [0.         0.2        0.         0.08333334 0.517094   0.00351123
 0.09051282 0.50617623 0.         0.3       ]
2026-09-24 12:26:53,549 - RLController - INFO - DIAGNOSTIC - Raw model action output:
2026-09-24 12:26:53,549 - RLController - INFO -   Action hash: 6893399197237659470
2026-09-24 12:26:53,550 - RLController - INFO -   First 8 values: [ -7.586122 -10.       -10.       -10.       -10.       -10.
 -10.       -10.      ]
2026-09-24 12:26:53,550 - RLController - INFO -   Last 8 values: [-10.       -10.       -10.       -10.       -10.        -1.535393
 -10.       -10.      ]
2026-09-24 12:26:53,550 - RLController - INFO -   Action shape: (136,), min: -10.000000, max: 5.840263, mean: -9.278797
2026-09-24 12:26:53,550 - RLController - INFO -   B0 junction (indices 16-19) raw values: [ -9.354188 -10.       -10.       -10.      ]
2026-09-24 12:26:53,550 - RLController - INFO - Using CONTINUOUS DURATION-BASED mode
2026-09-24 12:26:53,551 - RLController - INFO -   Example: junction A0 -> durations [51, 13, 13, 13] (total: 90s)
2026-09-24 12:26:53,551 - RLController - INFO -   Example: junction A1 -> durations [24, 22, 22, 22] (total: 90s)
2026-09-24 12:26:53,551 - RLController - INFO -   Example: junction A2 -> durations [12, 12, 54, 12] (total: 90s)
2026-09-24 12:26:53,551 - RLController - INFO -   Example: junction A4 -> durations [60, 10, 10, 10] (total: 90s)
2026-09-24 12:26:53,551 - RLController - INFO -   Example: junction A5 -> durations [24, 22, 22, 22] (total: 90s)
2026-09-24 12:26:53,551 - RLController - INFO -   Example: junction B0 -> durations [24, 22, 22, 22] (total: 90s)
2026-09-24 12:26:53,551 - RLController - INFO -   Example: junction B1 -> durations [24, 22, 22, 22] (total: 90s)
2026-09-24 12:26:53,552 - RLController - INFO -   Example: junction B2 -> durations [24, 22, 22, 22] (total: 90s)
2026-09-24 12:26:53,552 - RLController - INFO -   Example: junction B4 -> durations [24, 22, 22, 22] (total: 90s)
2026-09-24 12:26:53,552 - RLController - INFO -   Example: junction B5 -> durations [60, 10, 10, 10] (total: 90s)
2026-09-24 12:26:53,552 - RLController - INFO -   Example: junction C0 -> durations [22, 22, 24, 22] (total: 90s)
2026-09-24 12:26:53,552 - RLController - INFO -   Example: junction C1 -> durations [24, 22, 22, 22] (total: 90s)
2026-09-24 12:26:53,552 - RLController - INFO -   Example: junction C2 -> durations [57, 13, 10, 10] (total: 90s)
2026-09-24 12:26:53,552 - RLController - INFO -   Example: junction C3 -> durations [60, 10, 10, 10] (total: 90s)
2026-09-24 12:26:53,552 - RLController - INFO -   Example: junction C4 -> durations [57, 11, 11, 11] (total: 90s)
2026-09-24 12:26:53,553 - RLController - INFO -   Example: junction C5 -> durations [57, 11, 11, 11] (total: 90s)
2026-09-24 12:26:53,553 - RLController - INFO -   Example: junction D0 -> durations [24, 22, 22, 22] (total: 90s)
2026-09-24 12:26:53,553 - RLController - INFO -   Example: junction D1 -> durations [21, 21, 27, 21] (total: 90s)
2026-09-24 12:26:53,553 - RLController - INFO -   Example: junction D2 -> durations [45, 15, 15, 15] (total: 90s)
2026-09-24 12:26:53,553 - RLController - INFO -   Example: junction D3 -> durations [24, 22, 22, 22] (total: 90s)
2026-09-24 12:26:53,553 - RLController - INFO -   Example: junction D4 -> durations [24, 22, 22, 22] (total: 90s)
2026-09-24 12:26:53,553 - RLController - INFO -   Example: junction D5 -> durations [13, 13, 51, 13] (total: 90s)
2026-09-24 12:26:53,554 - RLController - INFO -   Example: junction E0 -> durations [24, 22, 22, 22] (total: 90s)
2026-09-24 12:26:53,554 - RLController - INFO -   Example: junction E1 -> durations [24, 22, 22, 22] (total: 90s)
2026-09-24 12:26:53,554 - RLController - INFO -   Stored schedules for 34 junctions, cycle starts at step 6750
2026-09-24 12:26:57,545 - RLController - INFO - DIAGNOSTIC Step 6840 - Observation stats:
2026-09-24 12:26:57,546 - RLController - INFO -   Hash: 1565884785019585440, Min: 0.000000, Max: 1.000000, Mean: 0.443742, Std: 0.455988
2026-09-24 12:26:57,546 - RLController - INFO -   First 10: [1.        0.        0.        0.        0.        0.5319149 1.
 0.        0.        0.       ]
2026-09-24 12:26:57,547 - RLController - INFO -   Last 10: [0.         0.2        0.         0.08333334 0.50641024 0.00396673
 0.08931624 0.5166679  0.         0.3       ]
2026-09-24 12:26:57,552 - RLController - INFO - DIAGNOSTIC - Raw model action output:
2026-09-24 12:26:57,552 - RLController - INFO -   Action hash: 7490946288295524379
2026-09-24 12:26:57,552 - RLController - INFO -   First 8 values: [ -7.305166 -10.       -10.       -10.       -10.       -10.
 -10.       -10.      ]
2026-09-24 12:26:57,552 - RLController - INFO -   Last 8 values: [-10.        -10.        -10.        -10.        -10.         -2.8013203
 -10.        -10.       ]
2026-09-24 12:26:57,552 - RLController - INFO -   Action shape: (136,), min: -10.000000, max: 5.620814, mean: -9.289371
2026-09-24 12:26:57,553 - RLController - INFO -   B0 junction (indices 16-19) raw values: [ -9.923727 -10.       -10.       -10.      ]
2026-09-24 12:26:57,553 - RLController - INFO - Using CONTINUOUS DURATION-BASED mode
2026-09-24 12:26:57,553 - RLController - INFO -   Example: junction A0 -> durations [51, 13, 13, 13] (total: 90s)
2026-09-24 12:26:57,553 - RLController - INFO -   Example: junction A1 -> durations [24, 22, 22, 22] (total: 90s)
2026-09-24 12:26:57,553 - RLController - INFO -   Example: junction A2 -> durations [12, 12, 54, 12] (total: 90s)
2026-09-24 12:26:57,553 - RLController - INFO -   Example: junction A4 -> durations [60, 10, 10, 10] (total: 90s)
2026-09-24 12:26:57,553 - RLController - INFO -   Example: junction A5 -> durations [24, 22, 22, 22] (total: 90s)
2026-09-24 12:26:57,554 - RLController - INFO -   Example: junction B0 -> durations [24, 22, 22, 22] (total: 90s)
2026-09-24 12:26:57,554 - RLController - INFO -   Example: junction B1 -> durations [24, 22, 22, 22] (total: 90s)
2026-09-24 12:26:57,554 - RLController - INFO -   Example: junction B2 -> durations [24, 22, 22, 22] (total: 90s)
2026-09-24 12:26:57,554 - RLController - INFO -   Example: junction B4 -> durations [24, 22, 22, 22] (total: 90s)
2026-09-24 12:26:57,554 - RLController - INFO -   Example: junction B5 -> durations [60, 10, 10, 10] (total: 90s)
2026-09-24 12:26:57,554 - RLController - INFO -   Example: junction C0 -> durations [22, 22, 24, 22] (total: 90s)
2026-09-24 12:26:57,555 - RLController - INFO -   Example: junction C1 -> durations [24, 22, 22, 22] (total: 90s)
2026-09-24 12:26:57,555 - RLController - INFO -   Example: junction C2 -> durations [57, 13, 10, 10] (total: 90s)
2026-09-24 12:26:57,555 - RLController - INFO -   Example: junction C3 -> durations [60, 10, 10, 10] (total: 90s)
2026-09-24 12:26:57,555 - RLController - INFO -   Example: junction C4 -> durations [57, 11, 11, 11] (total: 90s)
2026-09-24 12:26:57,555 - RLController - INFO -   Example: junction C5 -> durations [57, 11, 11, 11] (total: 90s)
2026-09-24 12:26:57,555 - RLController - INFO -   Example: junction D0 -> durations [24, 22, 22, 22] (total: 90s)
2026-09-24 12:26:57,556 - RLController - INFO -   Example: junction D1 -> durations [21, 21, 27, 21] (total: 90s)
2026-09-24 12:26:57,556 - RLController - INFO -   Example: junction D2 -> durations [45, 15, 15, 15] (total: 90s)
2026-09-24 12:26:57,556 - RLController - INFO -   Example: junction D3 -> durations [24, 22, 22, 22] (total: 90s)
2026-09-24 12:26:57,556 - RLController - INFO -   Example: junction D4 -> durations [24, 22, 22, 22] (total: 90s)
2026-09-24 12:26:57,556 - RLController - INFO -   Example: junction D5 -> durations [13, 13, 51, 13] (total: 90s)
2026-09-24 12:26:57,556 - RLController - INFO -   Example: junction E0 -> durations [24, 22, 22, 22] (total: 90s)
2026-09-24 12:26:57,556 - RLController - INFO -   Example: junction E1 -> durations [24, 22, 22, 22] (total: 90s)
2026-09-24 12:26:57,557 - RLController - INFO -   Stored schedules for 34 junctions, cycle starts at step 6840
2026-09-24 12:27:00,973 - RLController - INFO - DIAGNOSTIC Step 6930 - Observation stats:
2026-09-24 12:27:00,973 - RLController - INFO -   Hash: -3401580092207582537, Min: 0.000000, Max: 1.000000, Mean: 0.451043, Std: 0.456897
2026-09-24 12:27:00,973 - RLController - INFO -   First 10: [1.         0.         0.         0.         0.         0.5319149
 0.         0.         0.99333334 1.        ]
2026-09-24 12:27:00,973 - RLController - INFO -   Last 10: [0.         0.2        0.         0.08333334 0.51282054 0.00380462
 0.08760684 0.5077037  0.         0.3       ]
2026-09-24 12:27:00,977 - RLController - INFO - DIAGNOSTIC - Raw model action output:
2026-09-24 12:27:00,977 - RLController - INFO -   Action hash: 4361244487699087239
2026-09-24 12:27:00,977 - RLController - INFO -   First 8 values: [ -7.511001 -10.       -10.       -10.       -10.       -10.
 -10.       -10.      ]
2026-09-24 12:27:00,978 - RLController - INFO -   Last 8 values: [-10.        -10.        -10.        -10.        -10.         -2.2491825
 -10.        -10.       ]
2026-09-24 12:27:00,978 - RLController - INFO -   Action shape: (136,), min: -10.000000, max: 5.353408, mean: -9.315552
2026-09-24 12:27:00,978 - RLController - INFO -   B0 junction (indices 16-19) raw values: [-10. -10. -10. -10.]
2026-09-24 12:27:00,978 - RLController - INFO - Using CONTINUOUS DURATION-BASED mode
2026-09-24 12:27:00,978 - RLController - INFO -   Example: junction A0 -> durations [51, 13, 13, 13] (total: 90s)
2026-09-24 12:27:00,978 - RLController - INFO -   Example: junction A1 -> durations [24, 22, 22, 22] (total: 90s)
2026-09-24 12:27:00,978 - RLController - INFO -   Example: junction A2 -> durations [12, 12, 54, 12] (total: 90s)
2026-09-24 12:27:00,979 - RLController - INFO -   Example: junction A4 -> durations [60, 10, 10, 10] (total: 90s)
2026-09-24 12:27:00,979 - RLController - INFO -   Example: junction A5 -> durations [24, 22, 22, 22] (total: 90s)
2026-09-24 12:27:00,979 - RLController - INFO -   Example: junction B0 -> durations [24, 22, 22, 22] (total: 90s)
2026-09-24 12:27:00,979 - RLController - INFO -   Example: junction B1 -> durations [24, 22, 22, 22] (total: 90s)
2026-09-24 12:27:00,979 - RLController - INFO -   Example: junction B2 -> durations [24, 22, 22, 22] (total: 90s)
2026-09-24 12:27:00,979 - RLController - INFO -   Example: junction B4 -> durations [24, 22, 22, 22] (total: 90s)
2026-09-24 12:27:00,979 - RLController - INFO -   Example: junction B5 -> durations [60, 10, 10, 10] (total: 90s)
2026-09-24 12:27:00,979 - RLController - INFO -   Example: junction C0 -> durations [22, 22, 24, 22] (total: 90s)
2026-09-24 12:27:00,979 - RLController - INFO -   Example: junction C1 -> durations [24, 22, 22, 22] (total: 90s)
2026-09-24 12:27:00,980 - RLController - INFO -   Example: junction C2 -> durations [57, 13, 10, 10] (total: 90s)
2026-09-24 12:27:00,980 - RLController - INFO -   Example: junction C3 -> durations [60, 10, 10, 10] (total: 90s)
2026-09-24 12:27:00,980 - RLController - INFO -   Example: junction C4 -> durations [57, 11, 11, 11] (total: 90s)
2026-09-24 12:27:00,980 - RLController - INFO -   Example: junction C5 -> durations [57, 11, 11, 11] (total: 90s)
2026-09-24 12:27:00,980 - RLController - INFO -   Example: junction D0 -> durations [24, 22, 22, 22] (total: 90s)
2026-09-24 12:27:00,980 - RLController - INFO -   Example: junction D1 -> durations [21, 21, 27, 21] (total: 90s)
2026-09-24 12:27:00,980 - RLController - INFO -   Example: junction D2 -> durations [45, 15, 15, 15] (total: 90s)
2026-09-24 12:27:00,980 - RLController - INFO -   Example: junction D3 -> durations [24, 22, 22, 22] (total: 90s)
2026-09-24 12:27:00,980 - RLController - INFO -   Example: junction D4 -> durations [24, 22, 22, 22] (total: 90s)
2026-09-24 12:27:00,980 - RLController - INFO -   Example: junction D5 -> durations [13, 13, 51, 13] (total: 90s)
2026-09-24 12:27:00,981 - RLController - INFO -   Example: junction E0 -> durations [24, 22, 22, 22] (total: 90s)
2026-09-24 12:27:00,981 - RLController - INFO -   Example: junction E1 -> durations [24, 22, 22, 22] (total: 90s)
2026-09-24 12:27:00,982 - RLController - INFO -   Stored schedules for 34 junctions, cycle starts at step 6930
2026-09-24 12:27:04,298 - RLController - INFO - DIAGNOSTIC Step 7020 - Observation stats:
2026-09-24 12:27:04,304 - RLController - INFO -   Hash: -2661991050496062327, Min: 0.000000, Max: 1.000000, Mean: 0.448351, Std: 0.457463
2026-09-24 12:27:04,304 - RLController - INFO -   First 10: [1.         0.         0.         0.         0.         0.5319149
 0.         0.         0.99333334 1.        ]
2026-09-24 12:27:04,305 - RLController - INFO -   Last 10: [0.         0.2        0.         0.08333334 0.525641   0.00435129
 0.08645299 0.50404316 0.         0.3       ]
2026-09-24 12:27:04,321 - RLController - INFO - DIAGNOSTIC - Raw model action output:
2026-09-24 12:27:04,321 - RLController - INFO -   Action hash: 4635278119422807800
2026-09-24 12:27:04,321 - RLController - INFO -   First 8 values: [ -7.280551 -10.       -10.       -10.       -10.       -10.
 -10.       -10.      ]
2026-09-24 12:27:04,321 - RLController - INFO -   Last 8 values: [-10.       -10.       -10.       -10.       -10.        -2.207719
 -10.       -10.      ]
2026-09-24 12:27:04,321 - RLController - INFO -   Action shape: (136,), min: -10.000000, max: 5.422297, mean: -9.317499
2026-09-24 12:27:04,322 - RLController - INFO -   B0 junction (indices 16-19) raw values: [ -9.998483 -10.       -10.       -10.      ]
2026-09-24 12:27:04,322 - RLController - INFO - Using CONTINUOUS DURATION-BASED mode
2026-09-24 12:27:04,322 - RLController - INFO -   Example: junction A0 -> durations [51, 13, 13, 13] (total: 90s)
2026-09-24 12:27:04,322 - RLController - INFO -   Example: junction A1 -> durations [24, 22, 22, 22] (total: 90s)
2026-09-24 12:27:04,322 - RLController - INFO -   Example: junction A2 -> durations [12, 12, 54, 12] (total: 90s)
2026-09-24 12:27:04,322 - RLController - INFO -   Example: junction A4 -> durations [60, 10, 10, 10] (total: 90s)
2026-09-24 12:27:04,322 - RLController - INFO -   Example: junction A5 -> durations [24, 22, 22, 22] (total: 90s)
2026-09-24 12:27:04,323 - RLController - INFO -   Example: junction B0 -> durations [24, 22, 22, 22] (total: 90s)
2026-09-24 12:27:04,323 - RLController - INFO -   Example: junction B1 -> durations [24, 22, 22, 22] (total: 90s)
2026-09-24 12:27:04,323 - RLController - INFO -   Example: junction B2 -> durations [24, 22, 22, 22] (total: 90s)
2026-09-24 12:27:04,323 - RLController - INFO -   Example: junction B4 -> durations [24, 22, 22, 22] (total: 90s)
2026-09-24 12:27:04,323 - RLController - INFO -   Example: junction B5 -> durations [60, 10, 10, 10] (total: 90s)
2026-09-24 12:27:04,323 - RLController - INFO -   Example: junction C0 -> durations [22, 22, 24, 22] (total: 90s)
2026-09-24 12:27:04,323 - RLController - INFO -   Example: junction C1 -> durations [24, 22, 22, 22] (total: 90s)
2026-09-24 12:27:04,324 - RLController - INFO -   Example: junction C2 -> durations [57, 13, 10, 10] (total: 90s)
2026-09-24 12:27:04,324 - RLController - INFO -   Example: junction C3 -> durations [60, 10, 10, 10] (total: 90s)
2026-09-24 12:27:04,324 - RLController - INFO -   Example: junction C4 -> durations [57, 11, 11, 11] (total: 90s)
2026-09-24 12:27:04,324 - RLController - INFO -   Example: junction C5 -> durations [57, 11, 11, 11] (total: 90s)
2026-09-24 12:27:04,324 - RLController - INFO -   Example: junction D0 -> durations [24, 22, 22, 22] (total: 90s)
2026-09-24 12:27:04,324 - RLController - INFO -   Example: junction D1 -> durations [21, 21, 27, 21] (total: 90s)
2026-09-24 12:27:04,325 - RLController - INFO -   Example: junction D2 -> durations [45, 15, 15, 15] (total: 90s)
2026-09-24 12:27:04,325 - RLController - INFO -   Example: junction D3 -> durations [24, 22, 22, 22] (total: 90s)
2026-09-24 12:27:04,325 - RLController - INFO -   Example: junction D4 -> durations [24, 22, 22, 22] (total: 90s)
2026-09-24 12:27:04,325 - RLController - INFO -   Example: junction D5 -> durations [13, 13, 51, 13] (total: 90s)
2026-09-24 12:27:04,325 - RLController - INFO -   Example: junction E0 -> durations [24, 22, 22, 22] (total: 90s)
2026-09-24 12:27:04,325 - RLController - INFO -   Example: junction E1 -> durations [24, 22, 22, 22] (total: 90s)
2026-09-24 12:27:04,326 - RLController - INFO -   Stored schedules for 34 junctions, cycle starts at step 7020
2026-09-24 12:27:08,159 - RLController - INFO - DIAGNOSTIC Step 7110 - Observation stats:
2026-09-24 12:27:08,159 - RLController - INFO -   Hash: 328468627861008163, Min: 0.000000, Max: 1.000000, Mean: 0.445805, Std: 0.457374
2026-09-24 12:27:08,159 - RLController - INFO -   First 10: [1.         0.         0.         0.         0.         0.5319149
 0.         1.         0.99333334 1.        ]
2026-09-24 12:27:08,160 - RLController - INFO -   Last 10: [0.         0.2        0.         0.08333334 0.508547   0.00425406
 0.08615384 0.51938385 0.         0.3       ]
2026-09-24 12:27:08,398 - RLController - INFO - DIAGNOSTIC - Raw model action output:
2026-09-24 12:27:08,398 - RLController - INFO -   Action hash: -5329144017380057988
2026-09-24 12:27:08,399 - RLController - INFO -   First 8 values: [ -6.9807725 -10.        -10.        -10.        -10.        -10.
 -10.        -10.       ]
2026-09-24 12:27:08,399 - RLController - INFO -   Last 8 values: [-10.        -10.        -10.        -10.        -10.         -4.7435107
 -10.        -10.       ]
2026-09-24 12:27:08,399 - RLController - INFO -   Action shape: (136,), min: -10.000000, max: 4.362578, mean: -9.296035
2026-09-24 12:27:08,400 - RLController - INFO -   B0 junction (indices 16-19) raw values: [-10. -10. -10. -10.]
2026-09-24 12:27:08,400 - RLController - INFO - Using CONTINUOUS DURATION-BASED mode
2026-09-24 12:27:08,400 - RLController - INFO -   Example: junction A0 -> durations [51, 13, 13, 13] (total: 90s)
2026-09-24 12:27:08,400 - RLController - INFO -   Example: junction A1 -> durations [24, 22, 22, 22] (total: 90s)
2026-09-24 12:27:08,400 - RLController - INFO -   Example: junction A2 -> durations [12, 12, 54, 12] (total: 90s)
2026-09-24 12:27:08,400 - RLController - INFO -   Example: junction A4 -> durations [60, 10, 10, 10] (total: 90s)
2026-09-24 12:27:08,401 - RLController - INFO -   Example: junction A5 -> durations [24, 22, 22, 22] (total: 90s)
2026-09-24 12:27:08,401 - RLController - INFO -   Example: junction B0 -> durations [24, 22, 22, 22] (total: 90s)
2026-09-24 12:27:08,401 - RLController - INFO -   Example: junction B1 -> durations [24, 22, 22, 22] (total: 90s)
2026-09-24 12:27:08,401 - RLController - INFO -   Example: junction B2 -> durations [24, 22, 22, 22] (total: 90s)
2026-09-24 12:27:08,401 - RLController - INFO -   Example: junction B4 -> durations [24, 22, 22, 22] (total: 90s)
2026-09-24 12:27:08,401 - RLController - INFO -   Example: junction B5 -> durations [60, 10, 10, 10] (total: 90s)
2026-09-24 12:27:08,402 - RLController - INFO -   Example: junction C0 -> durations [22, 22, 24, 22] (total: 90s)
2026-09-24 12:27:08,402 - RLController - INFO -   Example: junction C1 -> durations [24, 22, 22, 22] (total: 90s)
2026-09-24 12:27:08,402 - RLController - INFO -   Example: junction C2 -> durations [57, 13, 10, 10] (total: 90s)
2026-09-24 12:27:08,402 - RLController - INFO -   Example: junction C3 -> durations [60, 10, 10, 10] (total: 90s)
2026-09-24 12:27:08,402 - RLController - INFO -   Example: junction C4 -> durations [57, 11, 11, 11] (total: 90s)
2026-09-24 12:27:08,402 - RLController - INFO -   Example: junction C5 -> durations [57, 11, 11, 11] (total: 90s)
2026-09-24 12:27:08,403 - RLController - INFO -   Example: junction D0 -> durations [24, 22, 22, 22] (total: 90s)
2026-09-24 12:27:08,403 - RLController - INFO -   Example: junction D1 -> durations [21, 21, 27, 21] (total: 90s)
2026-09-24 12:27:08,403 - RLController - INFO -   Example: junction D2 -> durations [45, 15, 15, 15] (total: 90s)
2026-09-24 12:27:08,403 - RLController - INFO -   Example: junction D3 -> durations [24, 22, 22, 22] (total: 90s)
2026-09-24 12:27:08,403 - RLController - INFO -   Example: junction D4 -> durations [24, 22, 22, 22] (total: 90s)
2026-09-24 12:27:08,403 - RLController - INFO -   Example: junction D5 -> durations [13, 13, 51, 13] (total: 90s)
2026-09-24 12:27:08,404 - RLController - INFO -   Example: junction E0 -> durations [24, 22, 22, 22] (total: 90s)
2026-09-24 12:27:08,404 - RLController - INFO -   Example: junction E1 -> durations [24, 22, 22, 22] (total: 90s)
2026-09-24 12:27:08,405 - RLController - INFO -   Stored schedules for 34 junctions, cycle starts at step 7110
2026-09-24 12:27:11,905 - RLController - INFO - DIAGNOSTIC Step 7200 - Observation stats:
2026-09-24 12:27:11,906 - RLController - INFO -   Hash: 8366237847707900894, Min: 0.000000, Max: 1.000000, Mean: 0.444072, Std: 0.455422
2026-09-24 12:27:11,906 - RLController - INFO -   First 10: [1.         0.         0.         0.         0.         0.5319149
 0.         1.         0.99333334 1.        ]
2026-09-24 12:27:11,906 - RLController - INFO -   Last 10: [0.         0.2        0.         0.08333334 0.50213677 0.00377967
 0.08700854 0.5169764  0.         0.3       ]
2026-09-24 12:27:11,911 - RLController - INFO - DIAGNOSTIC - Raw model action output:
2026-09-24 12:27:11,911 - RLController - INFO -   Action hash: 3073735340641302030
2026-09-24 12:27:11,911 - RLController - INFO -   First 8 values: [ -7.102465 -10.       -10.       -10.       -10.       -10.
 -10.       -10.      ]
2026-09-24 12:27:11,912 - RLController - INFO -   Last 8 values: [-10.        -10.        -10.        -10.        -10.         -2.9868484
 -10.        -10.       ]
2026-09-24 12:27:11,912 - RLController - INFO -   Action shape: (136,), min: -10.000000, max: 5.178294, mean: -9.290114
2026-09-24 12:27:11,912 - RLController - INFO -   B0 junction (indices 16-19) raw values: [-10. -10. -10. -10.]
2026-09-24 12:27:11,912 - RLController - INFO - Using CONTINUOUS DURATION-BASED mode
2026-09-24 12:27:11,912 - RLController - INFO -   Example: junction A0 -> durations [51, 13, 13, 13] (total: 90s)
2026-09-24 12:27:11,912 - RLController - INFO -   Example: junction A1 -> durations [24, 22, 22, 22] (total: 90s)
2026-09-24 12:27:11,912 - RLController - INFO -   Example: junction A2 -> durations [12, 12, 54, 12] (total: 90s)
2026-09-24 12:27:11,913 - RLController - INFO -   Example: junction A4 -> durations [60, 10, 10, 10] (total: 90s)
2026-09-24 12:27:11,913 - RLController - INFO -   Example: junction A5 -> durations [24, 22, 22, 22] (total: 90s)
2026-09-24 12:27:11,913 - RLController - INFO -   Example: junction B0 -> durations [24, 22, 22, 22] (total: 90s)
2026-09-24 12:27:11,913 - RLController - INFO -   Example: junction B1 -> durations [24, 22, 22, 22] (total: 90s)
2026-09-24 12:27:11,913 - RLController - INFO -   Example: junction B2 -> durations [24, 22, 22, 22] (total: 90s)
2026-09-24 12:27:11,913 - RLController - INFO -   Example: junction B4 -> durations [24, 22, 22, 22] (total: 90s)
2026-09-24 12:27:11,913 - RLController - INFO -   Example: junction B5 -> durations [60, 10, 10, 10] (total: 90s)
2026-09-24 12:27:11,913 - RLController - INFO -   Example: junction C0 -> durations [22, 22, 24, 22] (total: 90s)
2026-09-24 12:27:11,914 - RLController - INFO -   Example: junction C1 -> durations [24, 22, 22, 22] (total: 90s)
2026-09-24 12:27:11,914 - RLController - INFO -   Example: junction C2 -> durations [57, 13, 10, 10] (total: 90s)
2026-09-24 12:27:11,914 - RLController - INFO -   Example: junction C3 -> durations [60, 10, 10, 10] (total: 90s)
2026-09-24 12:27:11,914 - RLController - INFO -   Example: junction C4 -> durations [57, 11, 11, 11] (total: 90s)
2026-09-24 12:27:11,914 - RLController - INFO -   Example: junction C5 -> durations [57, 11, 11, 11] (total: 90s)
2026-09-24 12:27:11,914 - RLController - INFO -   Example: junction D0 -> durations [24, 22, 22, 22] (total: 90s)
2026-09-24 12:27:11,914 - RLController - INFO -   Example: junction D1 -> durations [21, 21, 27, 21] (total: 90s)
2026-09-24 12:27:11,914 - RLController - INFO -   Example: junction D2 -> durations [45, 15, 15, 15] (total: 90s)
2026-09-24 12:27:11,915 - RLController - INFO -   Example: junction D3 -> durations [24, 22, 22, 22] (total: 90s)
2026-09-24 12:27:11,915 - RLController - INFO -   Example: junction D4 -> durations [24, 22, 22, 22] (total: 90s)
2026-09-24 12:27:11,915 - RLController - INFO -   Example: junction D5 -> durations [13, 13, 51, 13] (total: 90s)
2026-09-24 12:27:11,915 - RLController - INFO -   Example: junction E0 -> durations [24, 22, 22, 22] (total: 90s)
2026-09-24 12:27:11,915 - RLController - INFO -   Example: junction E1 -> durations [24, 22, 22, 22] (total: 90s)
2026-09-24 12:27:11,916 - RLController - INFO -   Stored schedules for 34 junctions, cycle starts at step 7200
2026-09-24 12:27:15,362 - RLController - INFO - DIAGNOSTIC Step 7290 - Observation stats:
2026-09-24 12:27:15,370 - RLController - INFO -   Hash: 1622714839347346294, Min: 0.000000, Max: 1.000000, Mean: 0.456902, Std: 0.457690
2026-09-24 12:27:15,370 - RLController - INFO -   First 10: [1.         0.         0.         0.         0.         0.5319149
 0.         1.         0.99333334 1.        ]
2026-09-24 12:27:15,371 - RLController - INFO -   Last 10: [0.         0.2        0.         0.08333334 0.53205127 0.00343981
 0.08884615 0.48767227 0.         0.3       ]
2026-09-24 12:27:15,379 - RLController - INFO - DIAGNOSTIC - Raw model action output:
2026-09-24 12:27:15,379 - RLController - INFO -   Action hash: -6126075277523072794
2026-09-24 12:27:15,379 - RLController - INFO -   First 8 values: [ -7.4006515 -10.        -10.        -10.        -10.        -10.
 -10.        -10.       ]
2026-09-24 12:27:15,380 - RLController - INFO -   Last 8 values: [-10.        -10.        -10.        -10.        -10.         -2.9604437
 -10.        -10.       ]
2026-09-24 12:27:15,380 - RLController - INFO -   Action shape: (136,), min: -10.000000, max: 4.669710, mean: -9.291852
2026-09-24 12:27:15,380 - RLController - INFO -   B0 junction (indices 16-19) raw values: [-10. -10. -10. -10.]
2026-09-24 12:27:15,380 - RLController - INFO - Using CONTINUOUS DURATION-BASED mode
2026-09-24 12:27:15,380 - RLController - INFO -   Example: junction A0 -> durations [51, 13, 13, 13] (total: 90s)
2026-09-24 12:27:15,380 - RLController - INFO -   Example: junction A1 -> durations [24, 22, 22, 22] (total: 90s)
2026-09-24 12:27:15,381 - RLController - INFO -   Example: junction A2 -> durations [12, 12, 54, 12] (total: 90s)
2026-09-24 12:27:15,381 - RLController - INFO -   Example: junction A4 -> durations [60, 10, 10, 10] (total: 90s)
2026-09-24 12:27:15,381 - RLController - INFO -   Example: junction A5 -> durations [24, 22, 22, 22] (total: 90s)
2026-09-24 12:27:15,381 - RLController - INFO -   Example: junction B0 -> durations [24, 22, 22, 22] (total: 90s)
2026-09-24 12:27:15,381 - RLController - INFO -   Example: junction B1 -> durations [24, 22, 22, 22] (total: 90s)
2026-09-24 12:27:15,381 - RLController - INFO -   Example: junction B2 -> durations [24, 22, 22, 22] (total: 90s)
2026-09-24 12:27:15,381 - RLController - INFO -   Example: junction B4 -> durations [24, 22, 22, 22] (total: 90s)
2026-09-24 12:27:15,382 - RLController - INFO -   Example: junction B5 -> durations [60, 10, 10, 10] (total: 90s)
2026-09-24 12:27:15,382 - RLController - INFO -   Example: junction C0 -> durations [22, 22, 24, 22] (total: 90s)
2026-09-24 12:27:15,382 - RLController - INFO -   Example: junction C1 -> durations [24, 22, 22, 22] (total: 90s)
2026-09-24 12:27:15,382 - RLController - INFO -   Example: junction C2 -> durations [57, 13, 10, 10] (total: 90s)
2026-09-24 12:27:15,382 - RLController - INFO -   Example: junction C3 -> durations [60, 10, 10, 10] (total: 90s)
2026-09-24 12:27:15,382 - RLController - INFO -   Example: junction C4 -> durations [57, 11, 11, 11] (total: 90s)
2026-09-24 12:27:15,382 - RLController - INFO -   Example: junction C5 -> durations [57, 11, 11, 11] (total: 90s)
2026-09-24 12:27:15,383 - RLController - INFO -   Example: junction D0 -> durations [24, 22, 22, 22] (total: 90s)
2026-09-24 12:27:15,383 - RLController - INFO -   Example: junction D1 -> durations [21, 21, 27, 21] (total: 90s)
2026-09-24 12:27:15,383 - RLController - INFO -   Example: junction D2 -> durations [45, 15, 15, 15] (total: 90s)
2026-09-24 12:27:15,383 - RLController - INFO -   Example: junction D3 -> durations [24, 22, 22, 22] (total: 90s)
2026-09-24 12:27:15,383 - RLController - INFO -   Example: junction D4 -> durations [24, 22, 22, 22] (total: 90s)
2026-09-24 12:27:15,383 - RLController - INFO -   Example: junction D5 -> durations [13, 13, 51, 13] (total: 90s)
2026-09-24 12:27:15,383 - RLController - INFO -   Example: junction E0 -> durations [24, 22, 22, 22] (total: 90s)
2026-09-24 12:27:15,384 - RLController - INFO -   Example: junction E1 -> durations [24, 22, 22, 22] (total: 90s)
2026-09-24 12:27:15,385 - RLController - INFO -   Stored schedules for 34 junctions, cycle starts at step 7290
2026-09-24 12:27:15,770 - RLController - WARNING - RL environment cleanup failed: 'TrafficControlEnv' object has no attribute 'reward_calculator'
2026-09-24 12:27:15,935 - TrafficSimulator - INFO - Simulation completed successfully!
2026-09-24 12:27:15,941 - TrafficSimulator - INFO - === SIMULATION COMPLETED ===
2026-09-24 12:27:15,941 - TrafficSimulator - INFO - Total simulation steps: 7300
2026-09-24 12:27:15,941 - TrafficSimulator - INFO - Vehicles loaded: 22000
2026-09-24 12:27:15,941 - TrafficSimulator - INFO - Vehicles inserted: 19391
2026-09-24 12:27:15,941 - TrafficSimulator - INFO - Vehicles still running: 2334
2026-09-24 12:27:15,941 - TrafficSimulator - INFO - Vehicles waiting: 2609
2026-09-24 12:27:15,941 - TrafficSimulator - INFO - Vehicles arrived: 17057
2026-09-24 12:27:15,941 - TrafficSimulator - INFO - Completion rate: 77.5%
2026-09-24 12:27:15,941 - TrafficSimulator - INFO - Insertion rate: 88.1%
2026-09-24 12:27:15,941 - TrafficSimulator - INFO - Average duration: 629.5s
2026-09-24 12:27:15,941 - TrafficSimulator - INFO - Average waiting time: 420.6s
2026-09-24 12:27:15,941 - TrafficSimulator - INFO - Average time loss: 511.8s
2026-09-24 12:27:15,941 - TrafficSimulator - INFO - Throughput: 8412 veh/h
2026-09-24 12:27:15,942 - TrafficSimulator - INFO - Trip statistics count: 17057
2026-09-24 12:27:15,942 - TrafficSimulator - INFO - Traffic control method: rl
