run_name: fixed_s07   controller: rl   started: 2026-09-24T09:22:33Z
src: /a/home/cc/tree/taucc/architec/efratbl/sumo-traffic-generator/paper_rl_vs_tm/app/src/__init__.py
python: Python 3.10.2
sumo: Eclipse SUMO sumo 1.25.0
numpy 1.24.4 torch 2.1.2+cpu sb3 2.1.0
model md5: 8b8d9f494260a1a1f6a24b2c4ef25667
sumo seed: 7
plan: results/plans/rl_modal.csv  md5: 95cd745b8429b508a1616c6cdd75e604
2026-09-24 12:22:42,219 - StandardPipeline - INFO - Prepared output directory: /a/home/cc/architec/efratbl/sumo-traffic-generator/paper_rl_vs_tm/results/runs/fixed_s07/workspace
2026-09-24 12:22:42,219 - StandardPipeline - INFO - --- Step 1: Network Generation ---
Success.
2026-09-24 12:22:43,013 - StandardPipeline - INFO - --- Step 2: Zone Generation ---
2026-09-24 12:22:46,093 - StandardPipeline - INFO - --- Step 3: Integrated Edge Splitting with Lane Assignment ---
Post-processing: 108 edges processed, 108 converted to multi-head
2026-09-24 12:23:45,350 - StandardPipeline - INFO - --- Step 4: Network Rebuild ---
2026-09-24 12:23:46,594 - StandardPipeline - INFO - --- Step 5: Edge Attractiveness Assignment ---
2026-09-24 12:25:40,562 - StandardPipeline - INFO - --- Step 6: Vehicle Route Generation ---
2026-09-24 12:26:00,924 - StandardPipeline - INFO - --- Step 7: SUMO Configuration Generation ---
2026-09-24 12:26:00,931 - StandardPipeline - INFO - --- Step 8: Dynamic Simulation ---
2026-09-24 12:26:00,931 - src.orchestration.simulator - INFO - Using TraCI simulator for rl (dynamic control)
2026-09-24 12:26:06,647 - RLController - INFO - PAPER_RL_VS_TM: loaded timing plan /a/home/cc/architec/efratbl/sumo-traffic-generator/paper_rl_vs_tm/results/plans/rl_modal.csv (34 rows)
 Retrying in 1 seconds
2026-09-24 12:26:10,940 - RLController - INFO - Creating RL environment...
[DIM CHECK] network_path='None'
[DIM CHECK] Using existing workspace network: /a/home/cc/architec/efratbl/sumo-traffic-generator/paper_rl_vs_tm/results/runs/fixed_s07/workspace/grid.net.xml
2026-09-24 12:26:10,941 - TrafficControlEnv - INFO - Using existing workspace network: /a/home/cc/architec/efratbl/sumo-traffic-generator/paper_rl_vs_tm/results/runs/fixed_s07/workspace/grid.net.xml
2026-09-24 12:26:11,065 - TrafficControlEnv - INFO - Parsed network dimensions from: /a/home/cc/architec/efratbl/sumo-traffic-generator/paper_rl_vs_tm/results/runs/fixed_s07/workspace/grid.net.xml
2026-09-24 12:26:11,065 - TrafficControlEnv - INFO -   Edges: 468
2026-09-24 12:26:11,065 - TrafficControlEnv - INFO -   Junctions: 34
2026-09-24 12:26:11,067 - RLController - INFO - RL environment created successfully
2026-09-24 12:26:11,067 - RLController - INFO - Observation space: (2882,)
2026-09-24 12:26:11,067 - RLController - INFO - Action space: (136,)
/a/home/cc/tree/taucc/architec/efratbl/sumo-traffic-generator/paper_rl_vs_tm/app/src/rl/controller.py:259: UserWarning: Call to deprecated function getAllProgramLogics, use getCompleteRedYellowGreenDefinition instead.
  complete_def = traci.trafficlight.getCompleteRedYellowGreenDefinition(tl_id)[
2026-09-24 12:26:11,371 - RLController - INFO - DIAGNOSTIC Step 0 - Observation stats:
2026-09-24 12:26:11,371 - RLController - INFO -   Hash: -395811284747017178, Min: 0.000000, Max: 1.000080, Mean: 0.246374, Std: 0.378330
2026-09-24 12:26:11,371 - RLController - INFO -   First 10: [1.  0.  0.  0.  0.  0.5 1.  0.  0.  0. ]
2026-09-24 12:26:11,372 - RLController - INFO -   Last 10: [0.      0.1875  0.      0.25    0.      0.      0.      1.00008 0.
 0.3    ]
2026-09-24 12:26:11,379 - RLController - INFO - DIAGNOSTIC - Raw model action output:
2026-09-24 12:26:11,379 - RLController - INFO -   Action hash: 6280378140132759979
2026-09-24 12:26:11,379 - RLController - INFO -   First 8 values: [ -4.2462254 -10.         -8.615134  -10.        -10.        -10.
  -9.517142   -9.423127 ]
2026-09-24 12:26:11,380 - RLController - INFO -   Last 8 values: [ -9.937325  -10.         -7.9518666 -10.         -8.441892   -1.202461
  -9.473316  -10.       ]
2026-09-24 12:26:11,380 - RLController - INFO -   Action shape: (136,), min: -10.000000, max: 2.648499, mean: -8.256987
2026-09-24 12:26:11,380 - RLController - INFO -   B0 junction (indices 16-19) raw values: [ -7.3623834  -6.7744145  -7.927693  -10.       ]
2026-09-24 12:26:11,380 - RLController - INFO - Using CONTINUOUS DURATION-BASED mode
2026-09-24 12:26:11,383 - RLController - INFO -   Example: junction A0 -> durations [51, 13, 13, 13] (total: 90s)
2026-09-24 12:26:11,383 - RLController - INFO -   Example: junction A1 -> durations [24, 22, 22, 22] (total: 90s)
2026-09-24 12:26:11,383 - RLController - INFO -   Example: junction A2 -> durations [12, 12, 54, 12] (total: 90s)
2026-09-24 12:26:11,383 - RLController - INFO -   Example: junction A4 -> durations [60, 10, 10, 10] (total: 90s)
2026-09-24 12:26:11,383 - RLController - INFO -   Example: junction A5 -> durations [24, 22, 22, 22] (total: 90s)
2026-09-24 12:26:11,384 - RLController - INFO -   Example: junction B0 -> durations [24, 22, 22, 22] (total: 90s)
2026-09-24 12:26:11,384 - RLController - INFO -   Example: junction B1 -> durations [24, 22, 22, 22] (total: 90s)
2026-09-24 12:26:11,384 - RLController - INFO -   Example: junction B2 -> durations [24, 22, 22, 22] (total: 90s)
2026-09-24 12:26:11,384 - RLController - INFO -   Example: junction B4 -> durations [24, 22, 22, 22] (total: 90s)
2026-09-24 12:26:11,385 - RLController - INFO -   Example: junction B5 -> durations [60, 10, 10, 10] (total: 90s)
2026-09-24 12:26:11,385 - RLController - INFO -   Example: junction C0 -> durations [22, 22, 24, 22] (total: 90s)
2026-09-24 12:26:11,385 - RLController - INFO -   Example: junction C1 -> durations [24, 22, 22, 22] (total: 90s)
2026-09-24 12:26:11,385 - RLController - INFO -   Example: junction C2 -> durations [57, 13, 10, 10] (total: 90s)
2026-09-24 12:26:11,385 - RLController - INFO -   Example: junction C3 -> durations [60, 10, 10, 10] (total: 90s)
2026-09-24 12:26:11,385 - RLController - INFO -   Example: junction C4 -> durations [57, 11, 11, 11] (total: 90s)
2026-09-24 12:26:11,385 - RLController - INFO -   Example: junction C5 -> durations [57, 11, 11, 11] (total: 90s)
2026-09-24 12:26:11,385 - RLController - INFO -   Example: junction D0 -> durations [24, 22, 22, 22] (total: 90s)
2026-09-24 12:26:11,386 - RLController - INFO -   Example: junction D1 -> durations [21, 21, 27, 21] (total: 90s)
2026-09-24 12:26:11,386 - RLController - INFO -   Example: junction D2 -> durations [45, 15, 15, 15] (total: 90s)
2026-09-24 12:26:11,386 - RLController - INFO -   Example: junction D3 -> durations [24, 22, 22, 22] (total: 90s)
2026-09-24 12:26:11,386 - RLController - INFO -   Example: junction D4 -> durations [24, 22, 22, 22] (total: 90s)
2026-09-24 12:26:11,386 - RLController - INFO -   Example: junction D5 -> durations [13, 13, 51, 13] (total: 90s)
2026-09-24 12:26:11,386 - RLController - INFO -   Example: junction E0 -> durations [24, 22, 22, 22] (total: 90s)
2026-09-24 12:26:11,386 - RLController - INFO -   Example: junction E1 -> durations [24, 22, 22, 22] (total: 90s)
2026-09-24 12:26:11,387 - RLController - INFO -   Stored schedules for 34 junctions, cycle starts at step 0
2026-09-24 12:26:12,133 - RLController - INFO - DIAGNOSTIC Step 90 - Observation stats:
2026-09-24 12:26:12,134 - RLController - INFO -   Hash: -5430405080799109198, Min: 0.000000, Max: 1.000000, Mean: 0.295434, Std: 0.403962
2026-09-24 12:26:12,134 - RLController - INFO -   First 10: [1.  0.  0.  0.  0.  0.5 1.  0.  0.  0. ]
2026-09-24 12:26:12,134 - RLController - INFO -   Last 10: [0.0000000e+00 2.0000000e-01 0.0000000e+00 8.3333336e-02 1.3888890e-01
 6.6587230e-04 1.0341880e-02 8.5885769e-01 0.0000000e+00 3.0000001e-01]
2026-09-24 12:26:12,138 - RLController - INFO - DIAGNOSTIC - Raw model action output:
2026-09-24 12:26:12,138 - RLController - INFO -   Action hash: 7936919789776200725
2026-09-24 12:26:12,138 - RLController - INFO -   First 8 values: [ -5.6403213 -10.        -10.        -10.        -10.        -10.
 -10.        -10.       ]
2026-09-24 12:26:12,138 - RLController - INFO -   Last 8 values: [-10.         -10.         -10.         -10.         -10.
   0.29163483 -10.         -10.        ]
2026-09-24 12:26:12,138 - RLController - INFO -   Action shape: (136,), min: -10.000000, max: 4.432579, mean: -8.870744
2026-09-24 12:26:12,138 - RLController - INFO -   B0 junction (indices 16-19) raw values: [ -8.648505  -8.864067 -10.       -10.      ]
2026-09-24 12:26:12,139 - RLController - INFO - Using CONTINUOUS DURATION-BASED mode
2026-09-24 12:26:12,139 - RLController - INFO -   Example: junction A0 -> durations [51, 13, 13, 13] (total: 90s)
2026-09-24 12:26:12,139 - RLController - INFO -   Example: junction A1 -> durations [24, 22, 22, 22] (total: 90s)
2026-09-24 12:26:12,139 - RLController - INFO -   Example: junction A2 -> durations [12, 12, 54, 12] (total: 90s)
2026-09-24 12:26:12,139 - RLController - INFO -   Example: junction A4 -> durations [60, 10, 10, 10] (total: 90s)
2026-09-24 12:26:12,139 - RLController - INFO -   Example: junction A5 -> durations [24, 22, 22, 22] (total: 90s)
2026-09-24 12:26:12,139 - RLController - INFO -   Example: junction B0 -> durations [24, 22, 22, 22] (total: 90s)
2026-09-24 12:26:12,140 - RLController - INFO -   Example: junction B1 -> durations [24, 22, 22, 22] (total: 90s)
2026-09-24 12:26:12,140 - RLController - INFO -   Example: junction B2 -> durations [24, 22, 22, 22] (total: 90s)
2026-09-24 12:26:12,140 - RLController - INFO -   Example: junction B4 -> durations [24, 22, 22, 22] (total: 90s)
2026-09-24 12:26:12,140 - RLController - INFO -   Example: junction B5 -> durations [60, 10, 10, 10] (total: 90s)
2026-09-24 12:26:12,140 - RLController - INFO -   Example: junction C0 -> durations [22, 22, 24, 22] (total: 90s)
2026-09-24 12:26:12,140 - RLController - INFO -   Example: junction C1 -> durations [24, 22, 22, 22] (total: 90s)
2026-09-24 12:26:12,140 - RLController - INFO -   Example: junction C2 -> durations [57, 13, 10, 10] (total: 90s)
2026-09-24 12:26:12,141 - RLController - INFO -   Example: junction C3 -> durations [60, 10, 10, 10] (total: 90s)
2026-09-24 12:26:12,141 - RLController - INFO -   Example: junction C4 -> durations [57, 11, 11, 11] (total: 90s)
2026-09-24 12:26:12,141 - RLController - INFO -   Example: junction C5 -> durations [57, 11, 11, 11] (total: 90s)
2026-09-24 12:26:12,141 - RLController - INFO -   Example: junction D0 -> durations [24, 22, 22, 22] (total: 90s)
2026-09-24 12:26:12,141 - RLController - INFO -   Example: junction D1 -> durations [21, 21, 27, 21] (total: 90s)
2026-09-24 12:26:12,141 - RLController - INFO -   Example: junction D2 -> durations [45, 15, 15, 15] (total: 90s)
2026-09-24 12:26:12,141 - RLController - INFO -   Example: junction D3 -> durations [24, 22, 22, 22] (total: 90s)
2026-09-24 12:26:12,141 - RLController - INFO -   Example: junction D4 -> durations [24, 22, 22, 22] (total: 90s)
2026-09-24 12:26:12,141 - RLController - INFO -   Example: junction D5 -> durations [13, 13, 51, 13] (total: 90s)
2026-09-24 12:26:12,142 - RLController - INFO -   Example: junction E0 -> durations [24, 22, 22, 22] (total: 90s)
2026-09-24 12:26:12,142 - RLController - INFO -   Example: junction E1 -> durations [24, 22, 22, 22] (total: 90s)
2026-09-24 12:26:12,142 - RLController - INFO -   Stored schedules for 34 junctions, cycle starts at step 90
2026-09-24 12:26:12,997 - RLController - INFO - DIAGNOSTIC Step 180 - Observation stats:
2026-09-24 12:26:12,997 - RLController - INFO -   Hash: 5362866051686748184, Min: 0.000000, Max: 1.000000, Mean: 0.325596, Std: 0.418640
2026-09-24 12:26:12,997 - RLController - INFO -   First 10: [1.  0.  0.  0.  0.  0.5 1.  0.  0.  0. ]
2026-09-24 12:26:12,997 - RLController - INFO -   Last 10: [0.         0.2        0.         0.08333334 0.21581197 0.00121101
 0.01876068 0.7829497  0.         0.3       ]
2026-09-24 12:26:13,010 - RLController - INFO - DIAGNOSTIC - Raw model action output:
2026-09-24 12:26:13,010 - RLController - INFO -   Action hash: -3252082820707562603
2026-09-24 12:26:13,010 - RLController - INFO -   First 8 values: [ -5.8713965 -10.        -10.        -10.        -10.        -10.
 -10.        -10.       ]
2026-09-24 12:26:13,010 - RLController - INFO -   Last 8 values: [-10.         -10.         -10.         -10.         -10.
   0.19922142 -10.         -10.        ]
2026-09-24 12:26:13,011 - RLController - INFO -   Action shape: (136,), min: -10.000000, max: 5.201601, mean: -9.072471
2026-09-24 12:26:13,011 - RLController - INFO -   B0 junction (indices 16-19) raw values: [ -8.896846 -10.       -10.       -10.      ]
2026-09-24 12:26:13,011 - RLController - INFO - Using CONTINUOUS DURATION-BASED mode
2026-09-24 12:26:13,011 - RLController - INFO -   Example: junction A0 -> durations [51, 13, 13, 13] (total: 90s)
2026-09-24 12:26:13,011 - RLController - INFO -   Example: junction A1 -> durations [24, 22, 22, 22] (total: 90s)
2026-09-24 12:26:13,011 - RLController - INFO -   Example: junction A2 -> durations [12, 12, 54, 12] (total: 90s)
2026-09-24 12:26:13,011 - RLController - INFO -   Example: junction A4 -> durations [60, 10, 10, 10] (total: 90s)
2026-09-24 12:26:13,012 - RLController - INFO -   Example: junction A5 -> durations [24, 22, 22, 22] (total: 90s)
2026-09-24 12:26:13,012 - RLController - INFO -   Example: junction B0 -> durations [24, 22, 22, 22] (total: 90s)
2026-09-24 12:26:13,012 - RLController - INFO -   Example: junction B1 -> durations [24, 22, 22, 22] (total: 90s)
2026-09-24 12:26:13,012 - RLController - INFO -   Example: junction B2 -> durations [24, 22, 22, 22] (total: 90s)
2026-09-24 12:26:13,012 - RLController - INFO -   Example: junction B4 -> durations [24, 22, 22, 22] (total: 90s)
2026-09-24 12:26:13,012 - RLController - INFO -   Example: junction B5 -> durations [60, 10, 10, 10] (total: 90s)
2026-09-24 12:26:13,012 - RLController - INFO -   Example: junction C0 -> durations [22, 22, 24, 22] (total: 90s)
2026-09-24 12:26:13,013 - RLController - INFO -   Example: junction C1 -> durations [24, 22, 22, 22] (total: 90s)
2026-09-24 12:26:13,013 - RLController - INFO -   Example: junction C2 -> durations [57, 13, 10, 10] (total: 90s)
2026-09-24 12:26:13,013 - RLController - INFO -   Example: junction C3 -> durations [60, 10, 10, 10] (total: 90s)
2026-09-24 12:26:13,013 - RLController - INFO -   Example: junction C4 -> durations [57, 11, 11, 11] (total: 90s)
2026-09-24 12:26:13,013 - RLController - INFO -   Example: junction C5 -> durations [57, 11, 11, 11] (total: 90s)
2026-09-24 12:26:13,013 - RLController - INFO -   Example: junction D0 -> durations [24, 22, 22, 22] (total: 90s)
2026-09-24 12:26:13,013 - RLController - INFO -   Example: junction D1 -> durations [21, 21, 27, 21] (total: 90s)
2026-09-24 12:26:13,014 - RLController - INFO -   Example: junction D2 -> durations [45, 15, 15, 15] (total: 90s)
2026-09-24 12:26:13,014 - RLController - INFO -   Example: junction D3 -> durations [24, 22, 22, 22] (total: 90s)
2026-09-24 12:26:13,014 - RLController - INFO -   Example: junction D4 -> durations [24, 22, 22, 22] (total: 90s)
2026-09-24 12:26:13,014 - RLController - INFO -   Example: junction D5 -> durations [13, 13, 51, 13] (total: 90s)
2026-09-24 12:26:13,014 - RLController - INFO -   Example: junction E0 -> durations [24, 22, 22, 22] (total: 90s)
2026-09-24 12:26:13,014 - RLController - INFO -   Example: junction E1 -> durations [24, 22, 22, 22] (total: 90s)
2026-09-24 12:26:13,015 - RLController - INFO -   Stored schedules for 34 junctions, cycle starts at step 180
2026-09-24 12:26:14,403 - RLController - INFO - DIAGNOSTIC Step 270 - Observation stats:
2026-09-24 12:26:14,403 - RLController - INFO -   Hash: 2587153247786717026, Min: 0.000000, Max: 1.000000, Mean: 0.348078, Std: 0.427802
2026-09-24 12:26:14,404 - RLController - INFO -   First 10: [1.  0.  0.  0.  0.  0.5 1.  0.  0.  0. ]
2026-09-24 12:26:14,404 - RLController - INFO -   Last 10: [0.         0.2        0.         0.08333334 0.26709402 0.00143659
 0.02581197 0.7333881  0.         0.3       ]
2026-09-24 12:26:14,409 - RLController - INFO - DIAGNOSTIC - Raw model action output:
2026-09-24 12:26:14,409 - RLController - INFO -   Action hash: -6414641710040057847
2026-09-24 12:26:14,410 - RLController - INFO -   First 8 values: [ -6.4597125 -10.        -10.        -10.        -10.        -10.
 -10.        -10.       ]
2026-09-24 12:26:14,410 - RLController - INFO -   Last 8 values: [-10.         -10.         -10.         -10.         -10.
   0.55913764 -10.         -10.        ]
2026-09-24 12:26:14,411 - RLController - INFO -   Action shape: (136,), min: -10.000000, max: 5.428072, mean: -9.165638
2026-09-24 12:26:14,411 - RLController - INFO -   B0 junction (indices 16-19) raw values: [ -9.187293 -10.       -10.       -10.      ]
2026-09-24 12:26:14,411 - RLController - INFO - Using CONTINUOUS DURATION-BASED mode
2026-09-24 12:26:14,411 - RLController - INFO -   Example: junction A0 -> durations [51, 13, 13, 13] (total: 90s)
2026-09-24 12:26:14,412 - RLController - INFO -   Example: junction A1 -> durations [24, 22, 22, 22] (total: 90s)
2026-09-24 12:26:14,412 - RLController - INFO -   Example: junction A2 -> durations [12, 12, 54, 12] (total: 90s)
2026-09-24 12:26:14,412 - RLController - INFO -   Example: junction A4 -> durations [60, 10, 10, 10] (total: 90s)
2026-09-24 12:26:14,412 - RLController - INFO -   Example: junction A5 -> durations [24, 22, 22, 22] (total: 90s)
2026-09-24 12:26:14,413 - RLController - INFO -   Example: junction B0 -> durations [24, 22, 22, 22] (total: 90s)
2026-09-24 12:26:14,413 - RLController - INFO -   Example: junction B1 -> durations [24, 22, 22, 22] (total: 90s)
2026-09-24 12:26:14,413 - RLController - INFO -   Example: junction B2 -> durations [24, 22, 22, 22] (total: 90s)
2026-09-24 12:26:14,413 - RLController - INFO -   Example: junction B4 -> durations [24, 22, 22, 22] (total: 90s)
2026-09-24 12:26:14,413 - RLController - INFO -   Example: junction B5 -> durations [60, 10, 10, 10] (total: 90s)
2026-09-24 12:26:14,414 - RLController - INFO -   Example: junction C0 -> durations [22, 22, 24, 22] (total: 90s)
2026-09-24 12:26:14,414 - RLController - INFO -   Example: junction C1 -> durations [24, 22, 22, 22] (total: 90s)
2026-09-24 12:26:14,414 - RLController - INFO -   Example: junction C2 -> durations [57, 13, 10, 10] (total: 90s)
2026-09-24 12:26:14,414 - RLController - INFO -   Example: junction C3 -> durations [60, 10, 10, 10] (total: 90s)
2026-09-24 12:26:14,415 - RLController - INFO -   Example: junction C4 -> durations [57, 11, 11, 11] (total: 90s)
2026-09-24 12:26:14,415 - RLController - INFO -   Example: junction C5 -> durations [57, 11, 11, 11] (total: 90s)
2026-09-24 12:26:14,415 - RLController - INFO -   Example: junction D0 -> durations [24, 22, 22, 22] (total: 90s)
2026-09-24 12:26:14,415 - RLController - INFO -   Example: junction D1 -> durations [21, 21, 27, 21] (total: 90s)
2026-09-24 12:26:14,416 - RLController - INFO -   Example: junction D2 -> durations [45, 15, 15, 15] (total: 90s)
2026-09-24 12:26:14,416 - RLController - INFO -   Example: junction D3 -> durations [24, 22, 22, 22] (total: 90s)
2026-09-24 12:26:14,416 - RLController - INFO -   Example: junction D4 -> durations [24, 22, 22, 22] (total: 90s)
2026-09-24 12:26:14,416 - RLController - INFO -   Example: junction D5 -> durations [13, 13, 51, 13] (total: 90s)
2026-09-24 12:26:14,417 - RLController - INFO -   Example: junction E0 -> durations [24, 22, 22, 22] (total: 90s)
2026-09-24 12:26:14,417 - RLController - INFO -   Example: junction E1 -> durations [24, 22, 22, 22] (total: 90s)
2026-09-24 12:26:14,418 - RLController - INFO -   Stored schedules for 34 junctions, cycle starts at step 270
2026-09-24 12:26:15,888 - RLController - INFO - DIAGNOSTIC Step 360 - Observation stats:
2026-09-24 12:26:15,888 - RLController - INFO -   Hash: 2553039985212454973, Min: 0.000000, Max: 1.000000, Mean: 0.351925, Std: 0.430937
2026-09-24 12:26:15,888 - RLController - INFO -   First 10: [1.  0.  0.  0.  0.  0.5 1.  0.  0.  0. ]
2026-09-24 12:26:15,889 - RLController - INFO -   Last 10: [0.         0.2        0.         0.08333334 0.2735043  0.00112431
 0.02965812 0.7232383  0.         0.3       ]
2026-09-24 12:26:15,893 - RLController - INFO - DIAGNOSTIC - Raw model action output:
2026-09-24 12:26:15,893 - RLController - INFO -   Action hash: 1163352315145705911
2026-09-24 12:26:15,894 - RLController - INFO -   First 8 values: [ -6.444032 -10.       -10.       -10.       -10.       -10.
 -10.       -10.      ]
2026-09-24 12:26:15,894 - RLController - INFO -   Last 8 values: [-10.        -10.        -10.        -10.        -10.          0.9054149
 -10.        -10.       ]
2026-09-24 12:26:15,894 - RLController - INFO -   Action shape: (136,), min: -10.000000, max: 5.321230, mean: -9.194641
2026-09-24 12:26:15,894 - RLController - INFO -   B0 junction (indices 16-19) raw values: [ -9.427743 -10.       -10.       -10.      ]
2026-09-24 12:26:15,894 - RLController - INFO - Using CONTINUOUS DURATION-BASED mode
2026-09-24 12:26:15,894 - RLController - INFO -   Example: junction A0 -> durations [51, 13, 13, 13] (total: 90s)
2026-09-24 12:26:15,895 - RLController - INFO -   Example: junction A1 -> durations [24, 22, 22, 22] (total: 90s)
2026-09-24 12:26:15,895 - RLController - INFO -   Example: junction A2 -> durations [12, 12, 54, 12] (total: 90s)
2026-09-24 12:26:15,895 - RLController - INFO -   Example: junction A4 -> durations [60, 10, 10, 10] (total: 90s)
2026-09-24 12:26:15,895 - RLController - INFO -   Example: junction A5 -> durations [24, 22, 22, 22] (total: 90s)
2026-09-24 12:26:15,895 - RLController - INFO -   Example: junction B0 -> durations [24, 22, 22, 22] (total: 90s)
2026-09-24 12:26:15,895 - RLController - INFO -   Example: junction B1 -> durations [24, 22, 22, 22] (total: 90s)
2026-09-24 12:26:15,895 - RLController - INFO -   Example: junction B2 -> durations [24, 22, 22, 22] (total: 90s)
2026-09-24 12:26:15,896 - RLController - INFO -   Example: junction B4 -> durations [24, 22, 22, 22] (total: 90s)
2026-09-24 12:26:15,896 - RLController - INFO -   Example: junction B5 -> durations [60, 10, 10, 10] (total: 90s)
2026-09-24 12:26:15,896 - RLController - INFO -   Example: junction C0 -> durations [22, 22, 24, 22] (total: 90s)
2026-09-24 12:26:15,896 - RLController - INFO -   Example: junction C1 -> durations [24, 22, 22, 22] (total: 90s)
2026-09-24 12:26:15,896 - RLController - INFO -   Example: junction C2 -> durations [57, 13, 10, 10] (total: 90s)
2026-09-24 12:26:15,896 - RLController - INFO -   Example: junction C3 -> durations [60, 10, 10, 10] (total: 90s)
2026-09-24 12:26:15,896 - RLController - INFO -   Example: junction C4 -> durations [57, 11, 11, 11] (total: 90s)
2026-09-24 12:26:15,896 - RLController - INFO -   Example: junction C5 -> durations [57, 11, 11, 11] (total: 90s)
2026-09-24 12:26:15,897 - RLController - INFO -   Example: junction D0 -> durations [24, 22, 22, 22] (total: 90s)
2026-09-24 12:26:15,897 - RLController - INFO -   Example: junction D1 -> durations [21, 21, 27, 21] (total: 90s)
2026-09-24 12:26:15,897 - RLController - INFO -   Example: junction D2 -> durations [45, 15, 15, 15] (total: 90s)
2026-09-24 12:26:15,897 - RLController - INFO -   Example: junction D3 -> durations [24, 22, 22, 22] (total: 90s)
2026-09-24 12:26:15,897 - RLController - INFO -   Example: junction D4 -> durations [24, 22, 22, 22] (total: 90s)
2026-09-24 12:26:15,897 - RLController - INFO -   Example: junction D5 -> durations [13, 13, 51, 13] (total: 90s)
2026-09-24 12:26:15,897 - RLController - INFO -   Example: junction E0 -> durations [24, 22, 22, 22] (total: 90s)
2026-09-24 12:26:15,897 - RLController - INFO -   Example: junction E1 -> durations [24, 22, 22, 22] (total: 90s)
2026-09-24 12:26:15,898 - RLController - INFO -   Stored schedules for 34 junctions, cycle starts at step 360
2026-09-24 12:26:17,412 - RLController - INFO - DIAGNOSTIC Step 450 - Observation stats:
2026-09-24 12:26:17,412 - RLController - INFO -   Hash: 286015665602690142, Min: 0.000000, Max: 1.000000, Mean: 0.360767, Std: 0.432072
2026-09-24 12:26:17,412 - RLController - INFO -   First 10: [1.  0.  0.  0.  0.  0.5 1.  0.  0.  0. ]
2026-09-24 12:26:17,413 - RLController - INFO -   Last 10: [0.         0.2        0.         0.08333334 0.2948718  0.00193318
 0.03209402 0.7101827  0.         0.3       ]
2026-09-24 12:26:17,419 - RLController - INFO - DIAGNOSTIC - Raw model action output:
2026-09-24 12:26:17,419 - RLController - INFO -   Action hash: -1510316514620616703
2026-09-24 12:26:17,420 - RLController - INFO -   First 8 values: [ -6.6092467 -10.        -10.        -10.        -10.        -10.
 -10.        -10.       ]
2026-09-24 12:26:17,420 - RLController - INFO -   Last 8 values: [-10.        -10.        -10.        -10.        -10.          1.0452874
 -10.        -10.       ]
2026-09-24 12:26:17,420 - RLController - INFO -   Action shape: (136,), min: -10.000000, max: 5.746649, mean: -9.210129
2026-09-24 12:26:17,421 - RLController - INFO -   B0 junction (indices 16-19) raw values: [ -9.522577 -10.       -10.       -10.      ]
2026-09-24 12:26:17,421 - RLController - INFO - Using CONTINUOUS DURATION-BASED mode
2026-09-24 12:26:17,421 - RLController - INFO -   Example: junction A0 -> durations [51, 13, 13, 13] (total: 90s)
2026-09-24 12:26:17,421 - RLController - INFO -   Example: junction A1 -> durations [24, 22, 22, 22] (total: 90s)
2026-09-24 12:26:17,422 - RLController - INFO -   Example: junction A2 -> durations [12, 12, 54, 12] (total: 90s)
2026-09-24 12:26:17,422 - RLController - INFO -   Example: junction A4 -> durations [60, 10, 10, 10] (total: 90s)
2026-09-24 12:26:17,422 - RLController - INFO -   Example: junction A5 -> durations [24, 22, 22, 22] (total: 90s)
2026-09-24 12:26:17,422 - RLController - INFO -   Example: junction B0 -> durations [24, 22, 22, 22] (total: 90s)
2026-09-24 12:26:17,422 - RLController - INFO -   Example: junction B1 -> durations [24, 22, 22, 22] (total: 90s)
2026-09-24 12:26:17,423 - RLController - INFO -   Example: junction B2 -> durations [24, 22, 22, 22] (total: 90s)
2026-09-24 12:26:17,423 - RLController - INFO -   Example: junction B4 -> durations [24, 22, 22, 22] (total: 90s)
2026-09-24 12:26:17,423 - RLController - INFO -   Example: junction B5 -> durations [60, 10, 10, 10] (total: 90s)
2026-09-24 12:26:17,423 - RLController - INFO -   Example: junction C0 -> durations [22, 22, 24, 22] (total: 90s)
2026-09-24 12:26:17,424 - RLController - INFO -   Example: junction C1 -> durations [24, 22, 22, 22] (total: 90s)
2026-09-24 12:26:17,424 - RLController - INFO -   Example: junction C2 -> durations [57, 13, 10, 10] (total: 90s)
2026-09-24 12:26:17,424 - RLController - INFO -   Example: junction C3 -> durations [60, 10, 10, 10] (total: 90s)
2026-09-24 12:26:17,425 - RLController - INFO -   Example: junction C4 -> durations [57, 11, 11, 11] (total: 90s)
2026-09-24 12:26:17,425 - RLController - INFO -   Example: junction C5 -> durations [57, 11, 11, 11] (total: 90s)
2026-09-24 12:26:17,425 - RLController - INFO -   Example: junction D0 -> durations [24, 22, 22, 22] (total: 90s)
2026-09-24 12:26:17,425 - RLController - INFO -   Example: junction D1 -> durations [21, 21, 27, 21] (total: 90s)
2026-09-24 12:26:17,426 - RLController - INFO -   Example: junction D2 -> durations [45, 15, 15, 15] (total: 90s)
2026-09-24 12:26:17,426 - RLController - INFO -   Example: junction D3 -> durations [24, 22, 22, 22] (total: 90s)
2026-09-24 12:26:17,426 - RLController - INFO -   Example: junction D4 -> durations [24, 22, 22, 22] (total: 90s)
2026-09-24 12:26:17,426 - RLController - INFO -   Example: junction D5 -> durations [13, 13, 51, 13] (total: 90s)
2026-09-24 12:26:17,427 - RLController - INFO -   Example: junction E0 -> durations [24, 22, 22, 22] (total: 90s)
2026-09-24 12:26:17,427 - RLController - INFO -   Example: junction E1 -> durations [24, 22, 22, 22] (total: 90s)
2026-09-24 12:26:17,428 - RLController - INFO -   Stored schedules for 34 junctions, cycle starts at step 450
2026-09-24 12:26:19,369 - RLController - INFO - DIAGNOSTIC Step 540 - Observation stats:
2026-09-24 12:26:19,369 - RLController - INFO -   Hash: 5697359222661881382, Min: 0.000000, Max: 1.000000, Mean: 0.365804, Std: 0.434386
2026-09-24 12:26:19,370 - RLController - INFO -   First 10: [1.  0.  0.  0.  0.  0.5 1.  0.  0.  0. ]
2026-09-24 12:26:19,370 - RLController - INFO -   Last 10: [0.         0.2        0.         0.08333334 0.31196582 0.00177107
 0.03474359 0.69097596 0.         0.3       ]
2026-09-24 12:26:19,374 - RLController - INFO - DIAGNOSTIC - Raw model action output:
2026-09-24 12:26:19,375 - RLController - INFO -   Action hash: 8684781748502079679
2026-09-24 12:26:19,375 - RLController - INFO -   First 8 values: [ -6.9110827 -10.        -10.        -10.        -10.        -10.
 -10.        -10.       ]
2026-09-24 12:26:19,376 - RLController - INFO -   Last 8 values: [-10.         -10.         -10.         -10.         -10.
   0.44851378 -10.         -10.        ]
2026-09-24 12:26:19,376 - RLController - INFO -   Action shape: (136,), min: -10.000000, max: 5.585849, mean: -9.217091
2026-09-24 12:26:19,376 - RLController - INFO -   B0 junction (indices 16-19) raw values: [ -9.447169 -10.       -10.       -10.      ]
2026-09-24 12:26:19,376 - RLController - INFO - Using CONTINUOUS DURATION-BASED mode
2026-09-24 12:26:19,377 - RLController - INFO -   Example: junction A0 -> durations [51, 13, 13, 13] (total: 90s)
2026-09-24 12:26:19,377 - RLController - INFO -   Example: junction A1 -> durations [24, 22, 22, 22] (total: 90s)
2026-09-24 12:26:19,377 - RLController - INFO -   Example: junction A2 -> durations [12, 12, 54, 12] (total: 90s)
2026-09-24 12:26:19,377 - RLController - INFO -   Example: junction A4 -> durations [60, 10, 10, 10] (total: 90s)
2026-09-24 12:26:19,377 - RLController - INFO -   Example: junction A5 -> durations [24, 22, 22, 22] (total: 90s)
2026-09-24 12:26:19,378 - RLController - INFO -   Example: junction B0 -> durations [24, 22, 22, 22] (total: 90s)
2026-09-24 12:26:19,378 - RLController - INFO -   Example: junction B1 -> durations [24, 22, 22, 22] (total: 90s)
2026-09-24 12:26:19,378 - RLController - INFO -   Example: junction B2 -> durations [24, 22, 22, 22] (total: 90s)
2026-09-24 12:26:19,378 - RLController - INFO -   Example: junction B4 -> durations [24, 22, 22, 22] (total: 90s)
2026-09-24 12:26:19,379 - RLController - INFO -   Example: junction B5 -> durations [60, 10, 10, 10] (total: 90s)
2026-09-24 12:26:19,379 - RLController - INFO -   Example: junction C0 -> durations [22, 22, 24, 22] (total: 90s)
2026-09-24 12:26:19,379 - RLController - INFO -   Example: junction C1 -> durations [24, 22, 22, 22] (total: 90s)
2026-09-24 12:26:19,379 - RLController - INFO -   Example: junction C2 -> durations [57, 13, 10, 10] (total: 90s)
2026-09-24 12:26:19,380 - RLController - INFO -   Example: junction C3 -> durations [60, 10, 10, 10] (total: 90s)
2026-09-24 12:26:19,380 - RLController - INFO -   Example: junction C4 -> durations [57, 11, 11, 11] (total: 90s)
2026-09-24 12:26:19,380 - RLController - INFO -   Example: junction C5 -> durations [57, 11, 11, 11] (total: 90s)
2026-09-24 12:26:19,380 - RLController - INFO -   Example: junction D0 -> durations [24, 22, 22, 22] (total: 90s)
2026-09-24 12:26:19,380 - RLController - INFO -   Example: junction D1 -> durations [21, 21, 27, 21] (total: 90s)
2026-09-24 12:26:19,381 - RLController - INFO -   Example: junction D2 -> durations [45, 15, 15, 15] (total: 90s)
2026-09-24 12:26:19,381 - RLController - INFO -   Example: junction D3 -> durations [24, 22, 22, 22] (total: 90s)
2026-09-24 12:26:19,381 - RLController - INFO -   Example: junction D4 -> durations [24, 22, 22, 22] (total: 90s)
2026-09-24 12:26:19,381 - RLController - INFO -   Example: junction D5 -> durations [13, 13, 51, 13] (total: 90s)
2026-09-24 12:26:19,382 - RLController - INFO -   Example: junction E0 -> durations [24, 22, 22, 22] (total: 90s)
2026-09-24 12:26:19,382 - RLController - INFO -   Example: junction E1 -> durations [24, 22, 22, 22] (total: 90s)
2026-09-24 12:26:19,383 - RLController - INFO -   Stored schedules for 34 junctions, cycle starts at step 540
2026-09-24 12:26:21,360 - RLController - INFO - DIAGNOSTIC Step 630 - Observation stats:
2026-09-24 12:26:21,362 - RLController - INFO -   Hash: 8430889867907944117, Min: 0.000000, Max: 1.000183, Mean: 0.371985, Std: 0.438494
2026-09-24 12:26:21,363 - RLController - INFO -   First 10: [1.  0.  0.  0.  0.  0.5 1.  0.  0.  0. ]
2026-09-24 12:26:21,363 - RLController - INFO -   Last 10: [0.         0.2        0.         0.08333334 0.33119658 0.00198457
 0.03803419 0.6746854  0.         0.3       ]
2026-09-24 12:26:21,368 - RLController - INFO - DIAGNOSTIC - Raw model action output:
2026-09-24 12:26:21,368 - RLController - INFO -   Action hash: -1905834526815968038
2026-09-24 12:26:21,368 - RLController - INFO -   First 8 values: [ -7.1633744 -10.        -10.        -10.        -10.        -10.
 -10.        -10.       ]
2026-09-24 12:26:21,369 - RLController - INFO -   Last 8 values: [-10.         -10.         -10.         -10.         -10.
   0.39068487 -10.         -10.        ]
2026-09-24 12:26:21,369 - RLController - INFO -   Action shape: (136,), min: -10.000000, max: 5.247382, mean: -9.208168
2026-09-24 12:26:21,369 - RLController - INFO -   B0 junction (indices 16-19) raw values: [ -9.67557 -10.      -10.      -10.     ]
2026-09-24 12:26:21,369 - RLController - INFO - Using CONTINUOUS DURATION-BASED mode
2026-09-24 12:26:21,370 - RLController - INFO -   Example: junction A0 -> durations [51, 13, 13, 13] (total: 90s)
2026-09-24 12:26:21,370 - RLController - INFO -   Example: junction A1 -> durations [24, 22, 22, 22] (total: 90s)
2026-09-24 12:26:21,370 - RLController - INFO -   Example: junction A2 -> durations [12, 12, 54, 12] (total: 90s)
2026-09-24 12:26:21,370 - RLController - INFO -   Example: junction A4 -> durations [60, 10, 10, 10] (total: 90s)
2026-09-24 12:26:21,370 - RLController - INFO -   Example: junction A5 -> durations [24, 22, 22, 22] (total: 90s)
2026-09-24 12:26:21,370 - RLController - INFO -   Example: junction B0 -> durations [24, 22, 22, 22] (total: 90s)
2026-09-24 12:26:21,370 - RLController - INFO -   Example: junction B1 -> durations [24, 22, 22, 22] (total: 90s)
2026-09-24 12:26:21,371 - RLController - INFO -   Example: junction B2 -> durations [24, 22, 22, 22] (total: 90s)
2026-09-24 12:26:21,371 - RLController - INFO -   Example: junction B4 -> durations [24, 22, 22, 22] (total: 90s)
2026-09-24 12:26:21,371 - RLController - INFO -   Example: junction B5 -> durations [60, 10, 10, 10] (total: 90s)
2026-09-24 12:26:21,371 - RLController - INFO -   Example: junction C0 -> durations [22, 22, 24, 22] (total: 90s)
2026-09-24 12:26:21,371 - RLController - INFO -   Example: junction C1 -> durations [24, 22, 22, 22] (total: 90s)
2026-09-24 12:26:21,371 - RLController - INFO -   Example: junction C2 -> durations [57, 13, 10, 10] (total: 90s)
2026-09-24 12:26:21,371 - RLController - INFO -   Example: junction C3 -> durations [60, 10, 10, 10] (total: 90s)
2026-09-24 12:26:21,372 - RLController - INFO -   Example: junction C4 -> durations [57, 11, 11, 11] (total: 90s)
2026-09-24 12:26:21,372 - RLController - INFO -   Example: junction C5 -> durations [57, 11, 11, 11] (total: 90s)
2026-09-24 12:26:21,372 - RLController - INFO -   Example: junction D0 -> durations [24, 22, 22, 22] (total: 90s)
2026-09-24 12:26:21,372 - RLController - INFO -   Example: junction D1 -> durations [21, 21, 27, 21] (total: 90s)
2026-09-24 12:26:21,372 - RLController - INFO -   Example: junction D2 -> durations [45, 15, 15, 15] (total: 90s)
2026-09-24 12:26:21,372 - RLController - INFO -   Example: junction D3 -> durations [24, 22, 22, 22] (total: 90s)
2026-09-24 12:26:21,372 - RLController - INFO -   Example: junction D4 -> durations [24, 22, 22, 22] (total: 90s)
2026-09-24 12:26:21,373 - RLController - INFO -   Example: junction D5 -> durations [13, 13, 51, 13] (total: 90s)
2026-09-24 12:26:21,373 - RLController - INFO -   Example: junction E0 -> durations [24, 22, 22, 22] (total: 90s)
2026-09-24 12:26:21,373 - RLController - INFO -   Example: junction E1 -> durations [24, 22, 22, 22] (total: 90s)
2026-09-24 12:26:21,374 - RLController - INFO -   Stored schedules for 34 junctions, cycle starts at step 630
2026-09-24 12:26:23,248 - RLController - INFO - DIAGNOSTIC Step 720 - Observation stats:
2026-09-24 12:26:23,248 - RLController - INFO -   Hash: 6354671530168992828, Min: 0.000000, Max: 1.000000, Mean: 0.367276, Std: 0.434559
2026-09-24 12:26:23,249 - RLController - INFO -   First 10: [1.  0.  0.  0.  0.  0.5 1.  0.  0.  0. ]
2026-09-24 12:26:23,249 - RLController - INFO -   Last 10: [0.         0.2        0.         0.08333334 0.31837606 0.0024493
 0.03952992 0.6909344  0.         0.3       ]
2026-09-24 12:26:23,289 - RLController - INFO - DIAGNOSTIC - Raw model action output:
2026-09-24 12:26:23,289 - RLController - INFO -   Action hash: -4563560838575299965
2026-09-24 12:26:23,290 - RLController - INFO -   First 8 values: [ -6.6086345 -10.        -10.        -10.        -10.        -10.
 -10.        -10.       ]
2026-09-24 12:26:23,290 - RLController - INFO -   Last 8 values: [-10.        -10.        -10.        -10.        -10.         -0.3528063
 -10.        -10.       ]
2026-09-24 12:26:23,290 - RLController - INFO -   Action shape: (136,), min: -10.000000, max: 5.770522, mean: -9.186698
2026-09-24 12:26:23,291 - RLController - INFO -   B0 junction (indices 16-19) raw values: [ -9.684711 -10.       -10.       -10.      ]
2026-09-24 12:26:23,291 - RLController - INFO - Using CONTINUOUS DURATION-BASED mode
2026-09-24 12:26:23,291 - RLController - INFO -   Example: junction A0 -> durations [51, 13, 13, 13] (total: 90s)
2026-09-24 12:26:23,291 - RLController - INFO -   Example: junction A1 -> durations [24, 22, 22, 22] (total: 90s)
2026-09-24 12:26:23,291 - RLController - INFO -   Example: junction A2 -> durations [12, 12, 54, 12] (total: 90s)
2026-09-24 12:26:23,292 - RLController - INFO -   Example: junction A4 -> durations [60, 10, 10, 10] (total: 90s)
2026-09-24 12:26:23,292 - RLController - INFO -   Example: junction A5 -> durations [24, 22, 22, 22] (total: 90s)
2026-09-24 12:26:23,292 - RLController - INFO -   Example: junction B0 -> durations [24, 22, 22, 22] (total: 90s)
2026-09-24 12:26:23,292 - RLController - INFO -   Example: junction B1 -> durations [24, 22, 22, 22] (total: 90s)
2026-09-24 12:26:23,292 - RLController - INFO -   Example: junction B2 -> durations [24, 22, 22, 22] (total: 90s)
2026-09-24 12:26:23,292 - RLController - INFO -   Example: junction B4 -> durations [24, 22, 22, 22] (total: 90s)
2026-09-24 12:26:23,292 - RLController - INFO -   Example: junction B5 -> durations [60, 10, 10, 10] (total: 90s)
2026-09-24 12:26:23,293 - RLController - INFO -   Example: junction C0 -> durations [22, 22, 24, 22] (total: 90s)
2026-09-24 12:26:23,293 - RLController - INFO -   Example: junction C1 -> durations [24, 22, 22, 22] (total: 90s)
2026-09-24 12:26:23,293 - RLController - INFO -   Example: junction C2 -> durations [57, 13, 10, 10] (total: 90s)
2026-09-24 12:26:23,293 - RLController - INFO -   Example: junction C3 -> durations [60, 10, 10, 10] (total: 90s)
2026-09-24 12:26:23,293 - RLController - INFO -   Example: junction C4 -> durations [57, 11, 11, 11] (total: 90s)
2026-09-24 12:26:23,293 - RLController - INFO -   Example: junction C5 -> durations [57, 11, 11, 11] (total: 90s)
2026-09-24 12:26:23,293 - RLController - INFO -   Example: junction D0 -> durations [24, 22, 22, 22] (total: 90s)
2026-09-24 12:26:23,294 - RLController - INFO -   Example: junction D1 -> durations [21, 21, 27, 21] (total: 90s)
2026-09-24 12:26:23,294 - RLController - INFO -   Example: junction D2 -> durations [45, 15, 15, 15] (total: 90s)
2026-09-24 12:26:23,294 - RLController - INFO -   Example: junction D3 -> durations [24, 22, 22, 22] (total: 90s)
2026-09-24 12:26:23,294 - RLController - INFO -   Example: junction D4 -> durations [24, 22, 22, 22] (total: 90s)
2026-09-24 12:26:23,294 - RLController - INFO -   Example: junction D5 -> durations [13, 13, 51, 13] (total: 90s)
2026-09-24 12:26:23,295 - RLController - INFO -   Example: junction E0 -> durations [24, 22, 22, 22] (total: 90s)
2026-09-24 12:26:23,295 - RLController - INFO -   Example: junction E1 -> durations [24, 22, 22, 22] (total: 90s)
2026-09-24 12:26:23,296 - RLController - INFO -   Stored schedules for 34 junctions, cycle starts at step 720
2026-09-24 12:26:25,431 - RLController - INFO - DIAGNOSTIC Step 810 - Observation stats:
2026-09-24 12:26:25,431 - RLController - INFO -   Hash: -3472413919324653307, Min: 0.000000, Max: 1.000000, Mean: 0.373486, Std: 0.438627
2026-09-24 12:26:25,432 - RLController - INFO -   First 10: [1.  0.  0.  0.  0.  0.5 1.  0.  0.  0. ]
2026-09-24 12:26:25,432 - RLController - INFO -   Last 10: [0.         0.2        0.         0.08333334 0.33119658 0.00223239
 0.04162393 0.6772247  0.         0.3       ]
2026-09-24 12:26:25,448 - RLController - INFO - DIAGNOSTIC - Raw model action output:
2026-09-24 12:26:25,449 - RLController - INFO -   Action hash: -1255190501912158268
2026-09-24 12:26:25,449 - RLController - INFO -   First 8 values: [ -6.4953556 -10.        -10.        -10.        -10.        -10.
 -10.        -10.       ]
2026-09-24 12:26:25,449 - RLController - INFO -   Last 8 values: [-10.        -10.        -10.        -10.        -10.          1.0214412
 -10.        -10.       ]
2026-09-24 12:26:25,450 - RLController - INFO -   Action shape: (136,), min: -10.000000, max: 6.133896, mean: -9.189880
2026-09-24 12:26:25,450 - RLController - INFO -   B0 junction (indices 16-19) raw values: [ -9.644447 -10.       -10.       -10.      ]
2026-09-24 12:26:25,450 - RLController - INFO - Using CONTINUOUS DURATION-BASED mode
2026-09-24 12:26:25,450 - RLController - INFO -   Example: junction A0 -> durations [51, 13, 13, 13] (total: 90s)
2026-09-24 12:26:25,451 - RLController - INFO -   Example: junction A1 -> durations [24, 22, 22, 22] (total: 90s)
2026-09-24 12:26:25,451 - RLController - INFO -   Example: junction A2 -> durations [12, 12, 54, 12] (total: 90s)
2026-09-24 12:26:25,451 - RLController - INFO -   Example: junction A4 -> durations [60, 10, 10, 10] (total: 90s)
2026-09-24 12:26:25,451 - RLController - INFO -   Example: junction A5 -> durations [24, 22, 22, 22] (total: 90s)
2026-09-24 12:26:25,452 - RLController - INFO -   Example: junction B0 -> durations [24, 22, 22, 22] (total: 90s)
2026-09-24 12:26:25,452 - RLController - INFO -   Example: junction B1 -> durations [24, 22, 22, 22] (total: 90s)
2026-09-24 12:26:25,452 - RLController - INFO -   Example: junction B2 -> durations [24, 22, 22, 22] (total: 90s)
2026-09-24 12:26:25,452 - RLController - INFO -   Example: junction B4 -> durations [24, 22, 22, 22] (total: 90s)
2026-09-24 12:26:25,453 - RLController - INFO -   Example: junction B5 -> durations [60, 10, 10, 10] (total: 90s)
2026-09-24 12:26:25,453 - RLController - INFO -   Example: junction C0 -> durations [22, 22, 24, 22] (total: 90s)
2026-09-24 12:26:25,453 - RLController - INFO -   Example: junction C1 -> durations [24, 22, 22, 22] (total: 90s)
2026-09-24 12:26:25,453 - RLController - INFO -   Example: junction C2 -> durations [57, 13, 10, 10] (total: 90s)
2026-09-24 12:26:25,454 - RLController - INFO -   Example: junction C3 -> durations [60, 10, 10, 10] (total: 90s)
2026-09-24 12:26:25,454 - RLController - INFO -   Example: junction C4 -> durations [57, 11, 11, 11] (total: 90s)
2026-09-24 12:26:25,454 - RLController - INFO -   Example: junction C5 -> durations [57, 11, 11, 11] (total: 90s)
2026-09-24 12:26:25,454 - RLController - INFO -   Example: junction D0 -> durations [24, 22, 22, 22] (total: 90s)
2026-09-24 12:26:25,455 - RLController - INFO -   Example: junction D1 -> durations [21, 21, 27, 21] (total: 90s)
2026-09-24 12:26:25,455 - RLController - INFO -   Example: junction D2 -> durations [45, 15, 15, 15] (total: 90s)
2026-09-24 12:26:25,455 - RLController - INFO -   Example: junction D3 -> durations [24, 22, 22, 22] (total: 90s)
2026-09-24 12:26:25,455 - RLController - INFO -   Example: junction D4 -> durations [24, 22, 22, 22] (total: 90s)
2026-09-24 12:26:25,456 - RLController - INFO -   Example: junction D5 -> durations [13, 13, 51, 13] (total: 90s)
2026-09-24 12:26:25,456 - RLController - INFO -   Example: junction E0 -> durations [24, 22, 22, 22] (total: 90s)
2026-09-24 12:26:25,456 - RLController - INFO -   Example: junction E1 -> durations [24, 22, 22, 22] (total: 90s)
2026-09-24 12:26:25,457 - RLController - INFO -   Stored schedules for 34 junctions, cycle starts at step 810
2026-09-24 12:26:27,700 - RLController - INFO - DIAGNOSTIC Step 900 - Observation stats:
2026-09-24 12:26:27,701 - RLController - INFO -   Hash: 2543802519905581522, Min: 0.000000, Max: 1.000000, Mean: 0.378754, Std: 0.440215
2026-09-24 12:26:27,701 - RLController - INFO -   First 10: [1.  0.  0.  0.  0.  0.5 1.  0.  0.  0. ]
2026-09-24 12:26:27,702 - RLController - INFO -   Last 10: [0.         0.2        0.         0.08333334 0.35470086 0.00284434
 0.0434188  0.66115284 0.         0.3       ]
2026-09-24 12:26:27,710 - RLController - INFO - DIAGNOSTIC - Raw model action output:
2026-09-24 12:26:27,710 - RLController - INFO -   Action hash: 8311427997385170475
2026-09-24 12:26:27,711 - RLController - INFO -   First 8 values: [ -7.100677 -10.       -10.       -10.       -10.       -10.
 -10.       -10.      ]
2026-09-24 12:26:27,711 - RLController - INFO -   Last 8 values: [-10.         -10.         -10.         -10.         -10.
   0.06504111 -10.         -10.        ]
2026-09-24 12:26:27,712 - RLController - INFO -   Action shape: (136,), min: -10.000000, max: 5.688391, mean: -9.220119
2026-09-24 12:26:27,712 - RLController - INFO -   B0 junction (indices 16-19) raw values: [ -9.580191 -10.       -10.       -10.      ]
2026-09-24 12:26:27,712 - RLController - INFO - Using CONTINUOUS DURATION-BASED mode
2026-09-24 12:26:27,712 - RLController - INFO -   Example: junction A0 -> durations [51, 13, 13, 13] (total: 90s)
2026-09-24 12:26:27,713 - RLController - INFO -   Example: junction A1 -> durations [24, 22, 22, 22] (total: 90s)
2026-09-24 12:26:27,713 - RLController - INFO -   Example: junction A2 -> durations [12, 12, 54, 12] (total: 90s)
2026-09-24 12:26:27,713 - RLController - INFO -   Example: junction A4 -> durations [60, 10, 10, 10] (total: 90s)
2026-09-24 12:26:27,713 - RLController - INFO -   Example: junction A5 -> durations [24, 22, 22, 22] (total: 90s)
2026-09-24 12:26:27,714 - RLController - INFO -   Example: junction B0 -> durations [24, 22, 22, 22] (total: 90s)
2026-09-24 12:26:27,714 - RLController - INFO -   Example: junction B1 -> durations [24, 22, 22, 22] (total: 90s)
2026-09-24 12:26:27,714 - RLController - INFO -   Example: junction B2 -> durations [24, 22, 22, 22] (total: 90s)
2026-09-24 12:26:27,714 - RLController - INFO -   Example: junction B4 -> durations [24, 22, 22, 22] (total: 90s)
2026-09-24 12:26:27,715 - RLController - INFO -   Example: junction B5 -> durations [60, 10, 10, 10] (total: 90s)
2026-09-24 12:26:27,715 - RLController - INFO -   Example: junction C0 -> durations [22, 22, 24, 22] (total: 90s)
2026-09-24 12:26:27,715 - RLController - INFO -   Example: junction C1 -> durations [24, 22, 22, 22] (total: 90s)
2026-09-24 12:26:27,715 - RLController - INFO -   Example: junction C2 -> durations [57, 13, 10, 10] (total: 90s)
2026-09-24 12:26:27,715 - RLController - INFO -   Example: junction C3 -> durations [60, 10, 10, 10] (total: 90s)
2026-09-24 12:26:27,716 - RLController - INFO -   Example: junction C4 -> durations [57, 11, 11, 11] (total: 90s)
2026-09-24 12:26:27,716 - RLController - INFO -   Example: junction C5 -> durations [57, 11, 11, 11] (total: 90s)
2026-09-24 12:26:27,716 - RLController - INFO -   Example: junction D0 -> durations [24, 22, 22, 22] (total: 90s)
2026-09-24 12:26:27,716 - RLController - INFO -   Example: junction D1 -> durations [21, 21, 27, 21] (total: 90s)
2026-09-24 12:26:27,717 - RLController - INFO -   Example: junction D2 -> durations [45, 15, 15, 15] (total: 90s)
2026-09-24 12:26:27,717 - RLController - INFO -   Example: junction D3 -> durations [24, 22, 22, 22] (total: 90s)
2026-09-24 12:26:27,717 - RLController - INFO -   Example: junction D4 -> durations [24, 22, 22, 22] (total: 90s)
2026-09-24 12:26:27,717 - RLController - INFO -   Example: junction D5 -> durations [13, 13, 51, 13] (total: 90s)
2026-09-24 12:26:27,717 - RLController - INFO -   Example: junction E0 -> durations [24, 22, 22, 22] (total: 90s)
2026-09-24 12:26:27,718 - RLController - INFO -   Example: junction E1 -> durations [24, 22, 22, 22] (total: 90s)
2026-09-24 12:26:27,719 - RLController - INFO -   Stored schedules for 34 junctions, cycle starts at step 900
2026-09-24 12:26:29,867 - RLController - INFO - DIAGNOSTIC Step 990 - Observation stats:
2026-09-24 12:26:29,867 - RLController - INFO -   Hash: -5319878330679405407, Min: 0.000000, Max: 1.000000, Mean: 0.379963, Std: 0.440993
2026-09-24 12:26:29,867 - RLController - INFO -   First 10: [1.  0.  0.  0.  0.  0.5 1.  0.  0.  0. ]
2026-09-24 12:26:29,868 - RLController - INFO -   Last 10: [0.         0.2        0.         0.08333334 0.33974358 0.00247847
 0.04581197 0.6713196  0.         0.3       ]
2026-09-24 12:26:29,872 - RLController - INFO - DIAGNOSTIC - Raw model action output:
2026-09-24 12:26:29,872 - RLController - INFO -   Action hash: -3140506137684615325
2026-09-24 12:26:29,872 - RLController - INFO -   First 8 values: [ -7.076329 -10.       -10.       -10.       -10.       -10.
 -10.       -10.      ]
2026-09-24 12:26:29,872 - RLController - INFO -   Last 8 values: [-10.        -10.        -10.        -10.        -10.          0.7866102
 -10.        -10.       ]
2026-09-24 12:26:29,872 - RLController - INFO -   Action shape: (136,), min: -10.000000, max: 4.799905, mean: -9.218930
2026-09-24 12:26:29,873 - RLController - INFO -   B0 junction (indices 16-19) raw values: [ -9.798273 -10.       -10.       -10.      ]
2026-09-24 12:26:29,873 - RLController - INFO - Using CONTINUOUS DURATION-BASED mode
2026-09-24 12:26:29,873 - RLController - INFO -   Example: junction A0 -> durations [51, 13, 13, 13] (total: 90s)
2026-09-24 12:26:29,873 - RLController - INFO -   Example: junction A1 -> durations [24, 22, 22, 22] (total: 90s)
2026-09-24 12:26:29,873 - RLController - INFO -   Example: junction A2 -> durations [12, 12, 54, 12] (total: 90s)
2026-09-24 12:26:29,873 - RLController - INFO -   Example: junction A4 -> durations [60, 10, 10, 10] (total: 90s)
2026-09-24 12:26:29,873 - RLController - INFO -   Example: junction A5 -> durations [24, 22, 22, 22] (total: 90s)
2026-09-24 12:26:29,873 - RLController - INFO -   Example: junction B0 -> durations [24, 22, 22, 22] (total: 90s)
2026-09-24 12:26:29,874 - RLController - INFO -   Example: junction B1 -> durations [24, 22, 22, 22] (total: 90s)
2026-09-24 12:26:29,874 - RLController - INFO -   Example: junction B2 -> durations [24, 22, 22, 22] (total: 90s)
2026-09-24 12:26:29,874 - RLController - INFO -   Example: junction B4 -> durations [24, 22, 22, 22] (total: 90s)
2026-09-24 12:26:29,874 - RLController - INFO -   Example: junction B5 -> durations [60, 10, 10, 10] (total: 90s)
2026-09-24 12:26:29,874 - RLController - INFO -   Example: junction C0 -> durations [22, 22, 24, 22] (total: 90s)
2026-09-24 12:26:29,874 - RLController - INFO -   Example: junction C1 -> durations [24, 22, 22, 22] (total: 90s)
2026-09-24 12:26:29,874 - RLController - INFO -   Example: junction C2 -> durations [57, 13, 10, 10] (total: 90s)
2026-09-24 12:26:29,875 - RLController - INFO -   Example: junction C3 -> durations [60, 10, 10, 10] (total: 90s)
2026-09-24 12:26:29,875 - RLController - INFO -   Example: junction C4 -> durations [57, 11, 11, 11] (total: 90s)
2026-09-24 12:26:29,875 - RLController - INFO -   Example: junction C5 -> durations [57, 11, 11, 11] (total: 90s)
2026-09-24 12:26:29,875 - RLController - INFO -   Example: junction D0 -> durations [24, 22, 22, 22] (total: 90s)
2026-09-24 12:26:29,875 - RLController - INFO -   Example: junction D1 -> durations [21, 21, 27, 21] (total: 90s)
2026-09-24 12:26:29,875 - RLController - INFO -   Example: junction D2 -> durations [45, 15, 15, 15] (total: 90s)
2026-09-24 12:26:29,875 - RLController - INFO -   Example: junction D3 -> durations [24, 22, 22, 22] (total: 90s)
2026-09-24 12:26:29,875 - RLController - INFO -   Example: junction D4 -> durations [24, 22, 22, 22] (total: 90s)
2026-09-24 12:26:29,876 - RLController - INFO -   Example: junction D5 -> durations [13, 13, 51, 13] (total: 90s)
2026-09-24 12:26:29,876 - RLController - INFO -   Example: junction E0 -> durations [24, 22, 22, 22] (total: 90s)
2026-09-24 12:26:29,876 - RLController - INFO -   Example: junction E1 -> durations [24, 22, 22, 22] (total: 90s)
2026-09-24 12:26:29,877 - RLController - INFO -   Stored schedules for 34 junctions, cycle starts at step 990
2026-09-24 12:26:31,901 - RLController - INFO - DIAGNOSTIC Step 1080 - Observation stats:
2026-09-24 12:26:31,901 - RLController - INFO -   Hash: -8582133668708777257, Min: 0.000000, Max: 1.000000, Mean: 0.385237, Std: 0.443462
2026-09-24 12:26:31,901 - RLController - INFO -   First 10: [1.  0.  0.  0.  0.  0.5 1.  0.  0.  0. ]
2026-09-24 12:26:31,901 - RLController - INFO -   Last 10: [0.         0.2        0.         0.08333334 0.3696581  0.0021898
 0.04816239 0.63772684 0.         0.3       ]
2026-09-24 12:26:31,905 - RLController - INFO - DIAGNOSTIC - Raw model action output:
2026-09-24 12:26:31,905 - RLController - INFO -   Action hash: -2115265101920415595
2026-09-24 12:26:31,905 - RLController - INFO -   First 8 values: [ -7.1387506 -10.        -10.        -10.        -10.        -10.
 -10.        -10.       ]
2026-09-24 12:26:31,906 - RLController - INFO -   Last 8 values: [-10.       -10.       -10.       -10.       -10.         0.715427
 -10.       -10.      ]
2026-09-24 12:26:31,906 - RLController - INFO -   Action shape: (136,), min: -10.000000, max: 5.592341, mean: -9.195288
2026-09-24 12:26:31,906 - RLController - INFO -   B0 junction (indices 16-19) raw values: [ -9.683935 -10.       -10.       -10.      ]
2026-09-24 12:26:31,906 - RLController - INFO - Using CONTINUOUS DURATION-BASED mode
2026-09-24 12:26:31,906 - RLController - INFO -   Example: junction A0 -> durations [51, 13, 13, 13] (total: 90s)
2026-09-24 12:26:31,907 - RLController - INFO -   Example: junction A1 -> durations [24, 22, 22, 22] (total: 90s)
2026-09-24 12:26:31,907 - RLController - INFO -   Example: junction A2 -> durations [12, 12, 54, 12] (total: 90s)
2026-09-24 12:26:31,907 - RLController - INFO -   Example: junction A4 -> durations [60, 10, 10, 10] (total: 90s)
2026-09-24 12:26:31,907 - RLController - INFO -   Example: junction A5 -> durations [24, 22, 22, 22] (total: 90s)
2026-09-24 12:26:31,907 - RLController - INFO -   Example: junction B0 -> durations [24, 22, 22, 22] (total: 90s)
2026-09-24 12:26:31,907 - RLController - INFO -   Example: junction B1 -> durations [24, 22, 22, 22] (total: 90s)
2026-09-24 12:26:31,907 - RLController - INFO -   Example: junction B2 -> durations [24, 22, 22, 22] (total: 90s)
2026-09-24 12:26:31,908 - RLController - INFO -   Example: junction B4 -> durations [24, 22, 22, 22] (total: 90s)
2026-09-24 12:26:31,908 - RLController - INFO -   Example: junction B5 -> durations [60, 10, 10, 10] (total: 90s)
2026-09-24 12:26:31,908 - RLController - INFO -   Example: junction C0 -> durations [22, 22, 24, 22] (total: 90s)
2026-09-24 12:26:31,908 - RLController - INFO -   Example: junction C1 -> durations [24, 22, 22, 22] (total: 90s)
2026-09-24 12:26:31,908 - RLController - INFO -   Example: junction C2 -> durations [57, 13, 10, 10] (total: 90s)
2026-09-24 12:26:31,908 - RLController - INFO -   Example: junction C3 -> durations [60, 10, 10, 10] (total: 90s)
2026-09-24 12:26:31,908 - RLController - INFO -   Example: junction C4 -> durations [57, 11, 11, 11] (total: 90s)
2026-09-24 12:26:31,909 - RLController - INFO -   Example: junction C5 -> durations [57, 11, 11, 11] (total: 90s)
2026-09-24 12:26:31,909 - RLController - INFO -   Example: junction D0 -> durations [24, 22, 22, 22] (total: 90s)
2026-09-24 12:26:31,909 - RLController - INFO -   Example: junction D1 -> durations [21, 21, 27, 21] (total: 90s)
2026-09-24 12:26:31,909 - RLController - INFO -   Example: junction D2 -> durations [45, 15, 15, 15] (total: 90s)
2026-09-24 12:26:31,909 - RLController - INFO -   Example: junction D3 -> durations [24, 22, 22, 22] (total: 90s)
2026-09-24 12:26:31,909 - RLController - INFO -   Example: junction D4 -> durations [24, 22, 22, 22] (total: 90s)
2026-09-24 12:26:31,909 - RLController - INFO -   Example: junction D5 -> durations [13, 13, 51, 13] (total: 90s)
2026-09-24 12:26:31,909 - RLController - INFO -   Example: junction E0 -> durations [24, 22, 22, 22] (total: 90s)
2026-09-24 12:26:31,910 - RLController - INFO -   Example: junction E1 -> durations [24, 22, 22, 22] (total: 90s)
2026-09-24 12:26:31,910 - RLController - INFO -   Stored schedules for 34 junctions, cycle starts at step 1080
2026-09-24 12:26:33,673 - RLController - INFO - DIAGNOSTIC Step 1170 - Observation stats:
2026-09-24 12:26:33,674 - RLController - INFO -   Hash: -8190135855987392233, Min: 0.000000, Max: 1.000000, Mean: 0.384113, Std: 0.442922
2026-09-24 12:26:33,674 - RLController - INFO -   First 10: [1.  0.  0.  0.  0.  0.5 1.  0.  0.  0. ]
2026-09-24 12:26:33,674 - RLController - INFO -   Last 10: [0.         0.2        0.         0.08333334 0.36324787 0.00283195
 0.04901709 0.65161055 0.         0.3       ]
2026-09-24 12:26:33,678 - RLController - INFO - DIAGNOSTIC - Raw model action output:
2026-09-24 12:26:33,678 - RLController - INFO -   Action hash: 5072767371330448896
2026-09-24 12:26:33,678 - RLController - INFO -   First 8 values: [ -6.7466807 -10.        -10.        -10.        -10.        -10.
 -10.        -10.       ]
2026-09-24 12:26:33,678 - RLController - INFO -   Last 8 values: [-10.         -10.         -10.         -10.         -10.
   0.09334092 -10.         -10.        ]
2026-09-24 12:26:33,679 - RLController - INFO -   Action shape: (136,), min: -10.000000, max: 5.254560, mean: -9.201782
2026-09-24 12:26:33,679 - RLController - INFO -   B0 junction (indices 16-19) raw values: [ -9.845125 -10.       -10.       -10.      ]
2026-09-24 12:26:33,679 - RLController - INFO - Using CONTINUOUS DURATION-BASED mode
2026-09-24 12:26:33,679 - RLController - INFO -   Example: junction A0 -> durations [51, 13, 13, 13] (total: 90s)
2026-09-24 12:26:33,679 - RLController - INFO -   Example: junction A1 -> durations [24, 22, 22, 22] (total: 90s)
2026-09-24 12:26:33,679 - RLController - INFO -   Example: junction A2 -> durations [12, 12, 54, 12] (total: 90s)
2026-09-24 12:26:33,679 - RLController - INFO -   Example: junction A4 -> durations [60, 10, 10, 10] (total: 90s)
2026-09-24 12:26:33,679 - RLController - INFO -   Example: junction A5 -> durations [24, 22, 22, 22] (total: 90s)
2026-09-24 12:26:33,680 - RLController - INFO -   Example: junction B0 -> durations [24, 22, 22, 22] (total: 90s)
2026-09-24 12:26:33,680 - RLController - INFO -   Example: junction B1 -> durations [24, 22, 22, 22] (total: 90s)
2026-09-24 12:26:33,680 - RLController - INFO -   Example: junction B2 -> durations [24, 22, 22, 22] (total: 90s)
2026-09-24 12:26:33,680 - RLController - INFO -   Example: junction B4 -> durations [24, 22, 22, 22] (total: 90s)
2026-09-24 12:26:33,680 - RLController - INFO -   Example: junction B5 -> durations [60, 10, 10, 10] (total: 90s)
2026-09-24 12:26:33,680 - RLController - INFO -   Example: junction C0 -> durations [22, 22, 24, 22] (total: 90s)
2026-09-24 12:26:33,680 - RLController - INFO -   Example: junction C1 -> durations [24, 22, 22, 22] (total: 90s)
2026-09-24 12:26:33,681 - RLController - INFO -   Example: junction C2 -> durations [57, 13, 10, 10] (total: 90s)
2026-09-24 12:26:33,681 - RLController - INFO -   Example: junction C3 -> durations [60, 10, 10, 10] (total: 90s)
2026-09-24 12:26:33,681 - RLController - INFO -   Example: junction C4 -> durations [57, 11, 11, 11] (total: 90s)
2026-09-24 12:26:33,681 - RLController - INFO -   Example: junction C5 -> durations [57, 11, 11, 11] (total: 90s)
2026-09-24 12:26:33,681 - RLController - INFO -   Example: junction D0 -> durations [24, 22, 22, 22] (total: 90s)
2026-09-24 12:26:33,681 - RLController - INFO -   Example: junction D1 -> durations [21, 21, 27, 21] (total: 90s)
2026-09-24 12:26:33,681 - RLController - INFO -   Example: junction D2 -> durations [45, 15, 15, 15] (total: 90s)
2026-09-24 12:26:33,681 - RLController - INFO -   Example: junction D3 -> durations [24, 22, 22, 22] (total: 90s)
2026-09-24 12:26:33,682 - RLController - INFO -   Example: junction D4 -> durations [24, 22, 22, 22] (total: 90s)
2026-09-24 12:26:33,682 - RLController - INFO -   Example: junction D5 -> durations [13, 13, 51, 13] (total: 90s)
2026-09-24 12:26:33,682 - RLController - INFO -   Example: junction E0 -> durations [24, 22, 22, 22] (total: 90s)
2026-09-24 12:26:33,682 - RLController - INFO -   Example: junction E1 -> durations [24, 22, 22, 22] (total: 90s)
2026-09-24 12:26:33,682 - RLController - INFO -   Stored schedules for 34 junctions, cycle starts at step 1170
2026-09-24 12:26:35,900 - RLController - INFO - DIAGNOSTIC Step 1260 - Observation stats:
2026-09-24 12:26:35,900 - RLController - INFO -   Hash: -9110836919788464008, Min: 0.000000, Max: 1.000000, Mean: 0.385875, Std: 0.443548
2026-09-24 12:26:35,901 - RLController - INFO -   First 10: [1.         0.         0.         0.         0.         0.5
 0.         0.         0.99333334 1.        ]
2026-09-24 12:26:35,901 - RLController - INFO -   Last 10: [0.         0.2        0.         0.08333334 0.36752138 0.00255296
 0.04978633 0.6401053  0.         0.3       ]
2026-09-24 12:26:35,905 - RLController - INFO - DIAGNOSTIC - Raw model action output:
2026-09-24 12:26:35,905 - RLController - INFO -   Action hash: 1914366503875699846
2026-09-24 12:26:35,906 - RLController - INFO -   First 8 values: [ -6.7404776 -10.        -10.        -10.        -10.        -10.
 -10.        -10.       ]
2026-09-24 12:26:35,906 - RLController - INFO -   Last 8 values: [-10.         -10.         -10.         -10.         -10.
   0.40608004 -10.         -10.        ]
2026-09-24 12:26:35,906 - RLController - INFO -   Action shape: (136,), min: -10.000000, max: 5.506680, mean: -9.187026
2026-09-24 12:26:35,907 - RLController - INFO -   B0 junction (indices 16-19) raw values: [ -9.682843 -10.       -10.       -10.      ]
2026-09-24 12:26:35,907 - RLController - INFO - Using CONTINUOUS DURATION-BASED mode
2026-09-24 12:26:35,907 - RLController - INFO -   Example: junction A0 -> durations [51, 13, 13, 13] (total: 90s)
2026-09-24 12:26:35,907 - RLController - INFO -   Example: junction A1 -> durations [24, 22, 22, 22] (total: 90s)
2026-09-24 12:26:35,907 - RLController - INFO -   Example: junction A2 -> durations [12, 12, 54, 12] (total: 90s)
2026-09-24 12:26:35,907 - RLController - INFO -   Example: junction A4 -> durations [60, 10, 10, 10] (total: 90s)
2026-09-24 12:26:35,908 - RLController - INFO -   Example: junction A5 -> durations [24, 22, 22, 22] (total: 90s)
2026-09-24 12:26:35,908 - RLController - INFO -   Example: junction B0 -> durations [24, 22, 22, 22] (total: 90s)
2026-09-24 12:26:35,908 - RLController - INFO -   Example: junction B1 -> durations [24, 22, 22, 22] (total: 90s)
2026-09-24 12:26:35,908 - RLController - INFO -   Example: junction B2 -> durations [24, 22, 22, 22] (total: 90s)
2026-09-24 12:26:35,908 - RLController - INFO -   Example: junction B4 -> durations [24, 22, 22, 22] (total: 90s)
2026-09-24 12:26:35,908 - RLController - INFO -   Example: junction B5 -> durations [60, 10, 10, 10] (total: 90s)
2026-09-24 12:26:35,909 - RLController - INFO -   Example: junction C0 -> durations [22, 22, 24, 22] (total: 90s)
2026-09-24 12:26:35,909 - RLController - INFO -   Example: junction C1 -> durations [24, 22, 22, 22] (total: 90s)
2026-09-24 12:26:35,909 - RLController - INFO -   Example: junction C2 -> durations [57, 13, 10, 10] (total: 90s)
2026-09-24 12:26:35,909 - RLController - INFO -   Example: junction C3 -> durations [60, 10, 10, 10] (total: 90s)
2026-09-24 12:26:35,909 - RLController - INFO -   Example: junction C4 -> durations [57, 11, 11, 11] (total: 90s)
2026-09-24 12:26:35,909 - RLController - INFO -   Example: junction C5 -> durations [57, 11, 11, 11] (total: 90s)
2026-09-24 12:26:35,909 - RLController - INFO -   Example: junction D0 -> durations [24, 22, 22, 22] (total: 90s)
2026-09-24 12:26:35,910 - RLController - INFO -   Example: junction D1 -> durations [21, 21, 27, 21] (total: 90s)
2026-09-24 12:26:35,910 - RLController - INFO -   Example: junction D2 -> durations [45, 15, 15, 15] (total: 90s)
2026-09-24 12:26:35,910 - RLController - INFO -   Example: junction D3 -> durations [24, 22, 22, 22] (total: 90s)
2026-09-24 12:26:35,910 - RLController - INFO -   Example: junction D4 -> durations [24, 22, 22, 22] (total: 90s)
2026-09-24 12:26:35,910 - RLController - INFO -   Example: junction D5 -> durations [13, 13, 51, 13] (total: 90s)
2026-09-24 12:26:35,910 - RLController - INFO -   Example: junction E0 -> durations [24, 22, 22, 22] (total: 90s)
2026-09-24 12:26:35,911 - RLController - INFO -   Example: junction E1 -> durations [24, 22, 22, 22] (total: 90s)
2026-09-24 12:26:35,911 - RLController - INFO -   Stored schedules for 34 junctions, cycle starts at step 1260
2026-09-24 12:26:38,554 - RLController - INFO - DIAGNOSTIC Step 1350 - Observation stats:
2026-09-24 12:26:38,558 - RLController - INFO -   Hash: 3013600381643063312, Min: 0.000000, Max: 1.000000, Mean: 0.383546, Std: 0.443393
2026-09-24 12:26:38,559 - RLController - INFO -   First 10: [1.         0.         0.         0.         0.         0.5
 0.         1.         0.99333334 1.        ]
2026-09-24 12:26:38,559 - RLController - INFO -   Last 10: [0.         0.2        0.         0.08333334 0.36752138 0.00329723
 0.05115385 0.6509136  0.         0.3       ]
2026-09-24 12:26:38,572 - RLController - INFO - DIAGNOSTIC - Raw model action output:
2026-09-24 12:26:38,572 - RLController - INFO -   Action hash: 6499233044411540931
2026-09-24 12:26:38,573 - RLController - INFO -   First 8 values: [ -6.909518 -10.       -10.       -10.       -10.       -10.
 -10.       -10.      ]
2026-09-24 12:26:38,573 - RLController - INFO -   Last 8 values: [-10.         -10.         -10.         -10.         -10.
  -0.04645319 -10.         -10.        ]
2026-09-24 12:26:38,573 - RLController - INFO -   Action shape: (136,), min: -10.000000, max: 4.931501, mean: -9.205755
2026-09-24 12:26:38,573 - RLController - INFO -   B0 junction (indices 16-19) raw values: [ -9.865819 -10.       -10.       -10.      ]
2026-09-24 12:26:38,574 - RLController - INFO - Using CONTINUOUS DURATION-BASED mode
2026-09-24 12:26:38,574 - RLController - INFO -   Example: junction A0 -> durations [51, 13, 13, 13] (total: 90s)
2026-09-24 12:26:38,574 - RLController - INFO -   Example: junction A1 -> durations [24, 22, 22, 22] (total: 90s)
2026-09-24 12:26:38,574 - RLController - INFO -   Example: junction A2 -> durations [12, 12, 54, 12] (total: 90s)
2026-09-24 12:26:38,574 - RLController - INFO -   Example: junction A4 -> durations [60, 10, 10, 10] (total: 90s)
2026-09-24 12:26:38,575 - RLController - INFO -   Example: junction A5 -> durations [24, 22, 22, 22] (total: 90s)
2026-09-24 12:26:38,575 - RLController - INFO -   Example: junction B0 -> durations [24, 22, 22, 22] (total: 90s)
2026-09-24 12:26:38,575 - RLController - INFO -   Example: junction B1 -> durations [24, 22, 22, 22] (total: 90s)
2026-09-24 12:26:38,575 - RLController - INFO -   Example: junction B2 -> durations [24, 22, 22, 22] (total: 90s)
2026-09-24 12:26:38,575 - RLController - INFO -   Example: junction B4 -> durations [24, 22, 22, 22] (total: 90s)
2026-09-24 12:26:38,576 - RLController - INFO -   Example: junction B5 -> durations [60, 10, 10, 10] (total: 90s)
2026-09-24 12:26:38,576 - RLController - INFO -   Example: junction C0 -> durations [22, 22, 24, 22] (total: 90s)
2026-09-24 12:26:38,576 - RLController - INFO -   Example: junction C1 -> durations [24, 22, 22, 22] (total: 90s)
2026-09-24 12:26:38,576 - RLController - INFO -   Example: junction C2 -> durations [57, 13, 10, 10] (total: 90s)
2026-09-24 12:26:38,576 - RLController - INFO -   Example: junction C3 -> durations [60, 10, 10, 10] (total: 90s)
2026-09-24 12:26:38,576 - RLController - INFO -   Example: junction C4 -> durations [57, 11, 11, 11] (total: 90s)
2026-09-24 12:26:38,576 - RLController - INFO -   Example: junction C5 -> durations [57, 11, 11, 11] (total: 90s)
2026-09-24 12:26:38,577 - RLController - INFO -   Example: junction D0 -> durations [24, 22, 22, 22] (total: 90s)
2026-09-24 12:26:38,577 - RLController - INFO -   Example: junction D1 -> durations [21, 21, 27, 21] (total: 90s)
2026-09-24 12:26:38,577 - RLController - INFO -   Example: junction D2 -> durations [45, 15, 15, 15] (total: 90s)
2026-09-24 12:26:38,577 - RLController - INFO -   Example: junction D3 -> durations [24, 22, 22, 22] (total: 90s)
2026-09-24 12:26:38,577 - RLController - INFO -   Example: junction D4 -> durations [24, 22, 22, 22] (total: 90s)
2026-09-24 12:26:38,577 - RLController - INFO -   Example: junction D5 -> durations [13, 13, 51, 13] (total: 90s)
2026-09-24 12:26:38,577 - RLController - INFO -   Example: junction E0 -> durations [24, 22, 22, 22] (total: 90s)
2026-09-24 12:26:38,578 - RLController - INFO -   Example: junction E1 -> durations [24, 22, 22, 22] (total: 90s)
2026-09-24 12:26:38,578 - RLController - INFO -   Stored schedules for 34 junctions, cycle starts at step 1350
2026-09-24 12:26:40,726 - RLController - INFO - DIAGNOSTIC Step 1440 - Observation stats:
2026-09-24 12:26:40,727 - RLController - INFO -   Hash: -4634260418924234202, Min: 0.000000, Max: 1.000000, Mean: 0.390620, Std: 0.444134
2026-09-24 12:26:40,727 - RLController - INFO -   First 10: [1.  0.  0.  0.  0.  0.5 1.  0.  0.  0. ]
2026-09-24 12:26:40,727 - RLController - INFO -   Last 10: [0.         0.2        0.         0.08333334 0.3846154  0.00334123
 0.05388889 0.6346133  0.         0.3       ]
2026-09-24 12:26:40,731 - RLController - INFO - DIAGNOSTIC - Raw model action output:
2026-09-24 12:26:40,731 - RLController - INFO -   Action hash: 8234252138961877043
2026-09-24 12:26:40,731 - RLController - INFO -   First 8 values: [ -7.084095 -10.       -10.       -10.       -10.       -10.
 -10.       -10.      ]
2026-09-24 12:26:40,731 - RLController - INFO -   Last 8 values: [-10.         -10.         -10.         -10.         -10.
   0.27284196 -10.         -10.        ]
2026-09-24 12:26:40,732 - RLController - INFO -   Action shape: (136,), min: -10.000000, max: 5.627999, mean: -9.230759
2026-09-24 12:26:40,732 - RLController - INFO -   B0 junction (indices 16-19) raw values: [ -9.769738 -10.       -10.       -10.      ]
2026-09-24 12:26:40,732 - RLController - INFO - Using CONTINUOUS DURATION-BASED mode
2026-09-24 12:26:40,732 - RLController - INFO -   Example: junction A0 -> durations [51, 13, 13, 13] (total: 90s)
2026-09-24 12:26:40,732 - RLController - INFO -   Example: junction A1 -> durations [24, 22, 22, 22] (total: 90s)
2026-09-24 12:26:40,732 - RLController - INFO -   Example: junction A2 -> durations [12, 12, 54, 12] (total: 90s)
2026-09-24 12:26:40,732 - RLController - INFO -   Example: junction A4 -> durations [60, 10, 10, 10] (total: 90s)
2026-09-24 12:26:40,732 - RLController - INFO -   Example: junction A5 -> durations [24, 22, 22, 22] (total: 90s)
2026-09-24 12:26:40,733 - RLController - INFO -   Example: junction B0 -> durations [24, 22, 22, 22] (total: 90s)
2026-09-24 12:26:40,733 - RLController - INFO -   Example: junction B1 -> durations [24, 22, 22, 22] (total: 90s)
2026-09-24 12:26:40,733 - RLController - INFO -   Example: junction B2 -> durations [24, 22, 22, 22] (total: 90s)
2026-09-24 12:26:40,733 - RLController - INFO -   Example: junction B4 -> durations [24, 22, 22, 22] (total: 90s)
2026-09-24 12:26:40,733 - RLController - INFO -   Example: junction B5 -> durations [60, 10, 10, 10] (total: 90s)
2026-09-24 12:26:40,733 - RLController - INFO -   Example: junction C0 -> durations [22, 22, 24, 22] (total: 90s)
2026-09-24 12:26:40,733 - RLController - INFO -   Example: junction C1 -> durations [24, 22, 22, 22] (total: 90s)
2026-09-24 12:26:40,733 - RLController - INFO -   Example: junction C2 -> durations [57, 13, 10, 10] (total: 90s)
2026-09-24 12:26:40,734 - RLController - INFO -   Example: junction C3 -> durations [60, 10, 10, 10] (total: 90s)
2026-09-24 12:26:40,734 - RLController - INFO -   Example: junction C4 -> durations [57, 11, 11, 11] (total: 90s)
2026-09-24 12:26:40,734 - RLController - INFO -   Example: junction C5 -> durations [57, 11, 11, 11] (total: 90s)
2026-09-24 12:26:40,734 - RLController - INFO -   Example: junction D0 -> durations [24, 22, 22, 22] (total: 90s)
2026-09-24 12:26:40,734 - RLController - INFO -   Example: junction D1 -> durations [21, 21, 27, 21] (total: 90s)
2026-09-24 12:26:40,734 - RLController - INFO -   Example: junction D2 -> durations [45, 15, 15, 15] (total: 90s)
2026-09-24 12:26:40,734 - RLController - INFO -   Example: junction D3 -> durations [24, 22, 22, 22] (total: 90s)
2026-09-24 12:26:40,734 - RLController - INFO -   Example: junction D4 -> durations [24, 22, 22, 22] (total: 90s)
2026-09-24 12:26:40,735 - RLController - INFO -   Example: junction D5 -> durations [13, 13, 51, 13] (total: 90s)
2026-09-24 12:26:40,735 - RLController - INFO -   Example: junction E0 -> durations [24, 22, 22, 22] (total: 90s)
2026-09-24 12:26:40,735 - RLController - INFO -   Example: junction E1 -> durations [24, 22, 22, 22] (total: 90s)
2026-09-24 12:26:40,735 - RLController - INFO -   Stored schedules for 34 junctions, cycle starts at step 1440
2026-09-24 12:26:43,028 - RLController - INFO - DIAGNOSTIC Step 1530 - Observation stats:
2026-09-24 12:26:43,029 - RLController - INFO -   Hash: -6385419423615774555, Min: 0.000000, Max: 1.000000, Mean: 0.396744, Std: 0.447534
2026-09-24 12:26:43,029 - RLController - INFO -   First 10: [1.  0.  0.  0.  0.  0.5 1.  0.  0.  0. ]
2026-09-24 12:26:43,030 - RLController - INFO -   Last 10: [0.         0.2        0.         0.08333334 0.3974359  0.0027133
 0.05688034 0.6183882  0.         0.3       ]
2026-09-24 12:26:43,035 - RLController - INFO - DIAGNOSTIC - Raw model action output:
2026-09-24 12:26:43,036 - RLController - INFO -   Action hash: 1994254819224039451
2026-09-24 12:26:43,036 - RLController - INFO -   First 8 values: [ -7.0403304 -10.        -10.        -10.        -10.        -10.
 -10.        -10.       ]
2026-09-24 12:26:43,036 - RLController - INFO -   Last 8 values: [-10.         -10.         -10.         -10.         -10.
   0.24882464 -10.         -10.        ]
2026-09-24 12:26:43,036 - RLController - INFO -   Action shape: (136,), min: -10.000000, max: 5.379748, mean: -9.226026
2026-09-24 12:26:43,036 - RLController - INFO -   B0 junction (indices 16-19) raw values: [ -9.959259 -10.       -10.       -10.      ]
2026-09-24 12:26:43,037 - RLController - INFO - Using CONTINUOUS DURATION-BASED mode
2026-09-24 12:26:43,037 - RLController - INFO -   Example: junction A0 -> durations [51, 13, 13, 13] (total: 90s)
2026-09-24 12:26:43,037 - RLController - INFO -   Example: junction A1 -> durations [24, 22, 22, 22] (total: 90s)
2026-09-24 12:26:43,037 - RLController - INFO -   Example: junction A2 -> durations [12, 12, 54, 12] (total: 90s)
2026-09-24 12:26:43,037 - RLController - INFO -   Example: junction A4 -> durations [60, 10, 10, 10] (total: 90s)
2026-09-24 12:26:43,037 - RLController - INFO -   Example: junction A5 -> durations [24, 22, 22, 22] (total: 90s)
2026-09-24 12:26:43,037 - RLController - INFO -   Example: junction B0 -> durations [24, 22, 22, 22] (total: 90s)
2026-09-24 12:26:43,038 - RLController - INFO -   Example: junction B1 -> durations [24, 22, 22, 22] (total: 90s)
2026-09-24 12:26:43,038 - RLController - INFO -   Example: junction B2 -> durations [24, 22, 22, 22] (total: 90s)
2026-09-24 12:26:43,038 - RLController - INFO -   Example: junction B4 -> durations [24, 22, 22, 22] (total: 90s)
2026-09-24 12:26:43,038 - RLController - INFO -   Example: junction B5 -> durations [60, 10, 10, 10] (total: 90s)
2026-09-24 12:26:43,038 - RLController - INFO -   Example: junction C0 -> durations [22, 22, 24, 22] (total: 90s)
2026-09-24 12:26:43,038 - RLController - INFO -   Example: junction C1 -> durations [24, 22, 22, 22] (total: 90s)
2026-09-24 12:26:43,038 - RLController - INFO -   Example: junction C2 -> durations [57, 13, 10, 10] (total: 90s)
2026-09-24 12:26:43,038 - RLController - INFO -   Example: junction C3 -> durations [60, 10, 10, 10] (total: 90s)
2026-09-24 12:26:43,039 - RLController - INFO -   Example: junction C4 -> durations [57, 11, 11, 11] (total: 90s)
2026-09-24 12:26:43,039 - RLController - INFO -   Example: junction C5 -> durations [57, 11, 11, 11] (total: 90s)
2026-09-24 12:26:43,039 - RLController - INFO -   Example: junction D0 -> durations [24, 22, 22, 22] (total: 90s)
2026-09-24 12:26:43,039 - RLController - INFO -   Example: junction D1 -> durations [21, 21, 27, 21] (total: 90s)
2026-09-24 12:26:43,039 - RLController - INFO -   Example: junction D2 -> durations [45, 15, 15, 15] (total: 90s)
2026-09-24 12:26:43,039 - RLController - INFO -   Example: junction D3 -> durations [24, 22, 22, 22] (total: 90s)
2026-09-24 12:26:43,039 - RLController - INFO -   Example: junction D4 -> durations [24, 22, 22, 22] (total: 90s)
2026-09-24 12:26:43,039 - RLController - INFO -   Example: junction D5 -> durations [13, 13, 51, 13] (total: 90s)
2026-09-24 12:26:43,040 - RLController - INFO -   Example: junction E0 -> durations [24, 22, 22, 22] (total: 90s)
2026-09-24 12:26:43,040 - RLController - INFO -   Example: junction E1 -> durations [24, 22, 22, 22] (total: 90s)
2026-09-24 12:26:43,040 - RLController - INFO -   Stored schedules for 34 junctions, cycle starts at step 1530
2026-09-24 12:26:45,372 - RLController - INFO - DIAGNOSTIC Step 1620 - Observation stats:
2026-09-24 12:26:45,372 - RLController - INFO -   Hash: 2019171224980397866, Min: 0.000000, Max: 1.000000, Mean: 0.402570, Std: 0.450010
2026-09-24 12:26:45,372 - RLController - INFO -   First 10: [1.  0.  0.  0.  0.  0.5 1.  0.  0.  0. ]
2026-09-24 12:26:45,372 - RLController - INFO -   Last 10: [0.         0.2        0.         0.08333334 0.42948717 0.00281321
 0.05692308 0.58418244 0.         0.3       ]
2026-09-24 12:26:45,376 - RLController - INFO - DIAGNOSTIC - Raw model action output:
2026-09-24 12:26:45,376 - RLController - INFO -   Action hash: 7083659605755978925
2026-09-24 12:26:45,376 - RLController - INFO -   First 8 values: [ -7.153999 -10.       -10.       -10.       -10.       -10.
 -10.       -10.      ]
2026-09-24 12:26:45,377 - RLController - INFO -   Last 8 values: [-10.         -10.         -10.         -10.         -10.
  -0.43663356 -10.         -10.        ]
2026-09-24 12:26:45,377 - RLController - INFO -   Action shape: (136,), min: -10.000000, max: 4.884580, mean: -9.227583
2026-09-24 12:26:45,377 - RLController - INFO -   B0 junction (indices 16-19) raw values: [ -9.796622 -10.       -10.       -10.      ]
2026-09-24 12:26:45,377 - RLController - INFO - Using CONTINUOUS DURATION-BASED mode
2026-09-24 12:26:45,377 - RLController - INFO -   Example: junction A0 -> durations [51, 13, 13, 13] (total: 90s)
2026-09-24 12:26:45,378 - RLController - INFO -   Example: junction A1 -> durations [24, 22, 22, 22] (total: 90s)
2026-09-24 12:26:45,378 - RLController - INFO -   Example: junction A2 -> durations [12, 12, 54, 12] (total: 90s)
2026-09-24 12:26:45,378 - RLController - INFO -   Example: junction A4 -> durations [60, 10, 10, 10] (total: 90s)
2026-09-24 12:26:45,378 - RLController - INFO -   Example: junction A5 -> durations [24, 22, 22, 22] (total: 90s)
2026-09-24 12:26:45,378 - RLController - INFO -   Example: junction B0 -> durations [24, 22, 22, 22] (total: 90s)
2026-09-24 12:26:45,378 - RLController - INFO -   Example: junction B1 -> durations [24, 22, 22, 22] (total: 90s)
2026-09-24 12:26:45,378 - RLController - INFO -   Example: junction B2 -> durations [24, 22, 22, 22] (total: 90s)
2026-09-24 12:26:45,379 - RLController - INFO -   Example: junction B4 -> durations [24, 22, 22, 22] (total: 90s)
2026-09-24 12:26:45,379 - RLController - INFO -   Example: junction B5 -> durations [60, 10, 10, 10] (total: 90s)
2026-09-24 12:26:45,379 - RLController - INFO -   Example: junction C0 -> durations [22, 22, 24, 22] (total: 90s)
2026-09-24 12:26:45,379 - RLController - INFO -   Example: junction C1 -> durations [24, 22, 22, 22] (total: 90s)
2026-09-24 12:26:45,379 - RLController - INFO -   Example: junction C2 -> durations [57, 13, 10, 10] (total: 90s)
2026-09-24 12:26:45,379 - RLController - INFO -   Example: junction C3 -> durations [60, 10, 10, 10] (total: 90s)
2026-09-24 12:26:45,379 - RLController - INFO -   Example: junction C4 -> durations [57, 11, 11, 11] (total: 90s)
2026-09-24 12:26:45,380 - RLController - INFO -   Example: junction C5 -> durations [57, 11, 11, 11] (total: 90s)
2026-09-24 12:26:45,380 - RLController - INFO -   Example: junction D0 -> durations [24, 22, 22, 22] (total: 90s)
2026-09-24 12:26:45,380 - RLController - INFO -   Example: junction D1 -> durations [21, 21, 27, 21] (total: 90s)
2026-09-24 12:26:45,380 - RLController - INFO -   Example: junction D2 -> durations [45, 15, 15, 15] (total: 90s)
2026-09-24 12:26:45,380 - RLController - INFO -   Example: junction D3 -> durations [24, 22, 22, 22] (total: 90s)
2026-09-24 12:26:45,380 - RLController - INFO -   Example: junction D4 -> durations [24, 22, 22, 22] (total: 90s)
2026-09-24 12:26:45,380 - RLController - INFO -   Example: junction D5 -> durations [13, 13, 51, 13] (total: 90s)
2026-09-24 12:26:45,381 - RLController - INFO -   Example: junction E0 -> durations [24, 22, 22, 22] (total: 90s)
2026-09-24 12:26:45,381 - RLController - INFO -   Example: junction E1 -> durations [24, 22, 22, 22] (total: 90s)
2026-09-24 12:26:45,381 - RLController - INFO -   Stored schedules for 34 junctions, cycle starts at step 1620
2026-09-24 12:26:47,628 - RLController - INFO - DIAGNOSTIC Step 1710 - Observation stats:
2026-09-24 12:26:47,628 - RLController - INFO -   Hash: 974904805157887094, Min: 0.000000, Max: 1.000000, Mean: 0.406325, Std: 0.448878
2026-09-24 12:26:47,628 - RLController - INFO -   First 10: [1.  0.  0.  0.  0.  0.5 1.  0.  0.  0. ]
2026-09-24 12:26:47,629 - RLController - INFO -   Last 10: [0.         0.2        0.         0.08333334 0.42307693 0.00348515
 0.05880342 0.5917157  0.         0.3       ]
2026-09-24 12:26:47,632 - RLController - INFO - DIAGNOSTIC - Raw model action output:
2026-09-24 12:26:47,632 - RLController - INFO -   Action hash: 2989709965857925520
2026-09-24 12:26:47,632 - RLController - INFO -   First 8 values: [ -7.3166213 -10.        -10.        -10.        -10.        -10.
 -10.        -10.       ]
2026-09-24 12:26:47,633 - RLController - INFO -   Last 8 values: [-10.        -10.        -10.        -10.        -10.         -0.8914301
 -10.        -10.       ]
2026-09-24 12:26:47,633 - RLController - INFO -   Action shape: (136,), min: -10.000000, max: 4.623768, mean: -9.224311
2026-09-24 12:26:47,633 - RLController - INFO -   B0 junction (indices 16-19) raw values: [ -9.732337 -10.       -10.       -10.      ]
2026-09-24 12:26:47,633 - RLController - INFO - Using CONTINUOUS DURATION-BASED mode
2026-09-24 12:26:47,633 - RLController - INFO -   Example: junction A0 -> durations [51, 13, 13, 13] (total: 90s)
2026-09-24 12:26:47,633 - RLController - INFO -   Example: junction A1 -> durations [24, 22, 22, 22] (total: 90s)
2026-09-24 12:26:47,633 - RLController - INFO -   Example: junction A2 -> durations [12, 12, 54, 12] (total: 90s)
2026-09-24 12:26:47,633 - RLController - INFO -   Example: junction A4 -> durations [60, 10, 10, 10] (total: 90s)
2026-09-24 12:26:47,634 - RLController - INFO -   Example: junction A5 -> durations [24, 22, 22, 22] (total: 90s)
2026-09-24 12:26:47,634 - RLController - INFO -   Example: junction B0 -> durations [24, 22, 22, 22] (total: 90s)
2026-09-24 12:26:47,634 - RLController - INFO -   Example: junction B1 -> durations [24, 22, 22, 22] (total: 90s)
2026-09-24 12:26:47,634 - RLController - INFO -   Example: junction B2 -> durations [24, 22, 22, 22] (total: 90s)
2026-09-24 12:26:47,634 - RLController - INFO -   Example: junction B4 -> durations [24, 22, 22, 22] (total: 90s)
2026-09-24 12:26:47,634 - RLController - INFO -   Example: junction B5 -> durations [60, 10, 10, 10] (total: 90s)
2026-09-24 12:26:47,634 - RLController - INFO -   Example: junction C0 -> durations [22, 22, 24, 22] (total: 90s)
2026-09-24 12:26:47,634 - RLController - INFO -   Example: junction C1 -> durations [24, 22, 22, 22] (total: 90s)
2026-09-24 12:26:47,634 - RLController - INFO -   Example: junction C2 -> durations [57, 13, 10, 10] (total: 90s)
2026-09-24 12:26:47,635 - RLController - INFO -   Example: junction C3 -> durations [60, 10, 10, 10] (total: 90s)
2026-09-24 12:26:47,635 - RLController - INFO -   Example: junction C4 -> durations [57, 11, 11, 11] (total: 90s)
2026-09-24 12:26:47,635 - RLController - INFO -   Example: junction C5 -> durations [57, 11, 11, 11] (total: 90s)
2026-09-24 12:26:47,635 - RLController - INFO -   Example: junction D0 -> durations [24, 22, 22, 22] (total: 90s)
2026-09-24 12:26:47,635 - RLController - INFO -   Example: junction D1 -> durations [21, 21, 27, 21] (total: 90s)
2026-09-24 12:26:47,635 - RLController - INFO -   Example: junction D2 -> durations [45, 15, 15, 15] (total: 90s)
2026-09-24 12:26:47,635 - RLController - INFO -   Example: junction D3 -> durations [24, 22, 22, 22] (total: 90s)
2026-09-24 12:26:47,635 - RLController - INFO -   Example: junction D4 -> durations [24, 22, 22, 22] (total: 90s)
2026-09-24 12:26:47,635 - RLController - INFO -   Example: junction D5 -> durations [13, 13, 51, 13] (total: 90s)
2026-09-24 12:26:47,636 - RLController - INFO -   Example: junction E0 -> durations [24, 22, 22, 22] (total: 90s)
2026-09-24 12:26:47,636 - RLController - INFO -   Example: junction E1 -> durations [24, 22, 22, 22] (total: 90s)
2026-09-24 12:26:47,636 - RLController - INFO -   Stored schedules for 34 junctions, cycle starts at step 1710
2026-09-24 12:26:49,759 - RLController - INFO - DIAGNOSTIC Step 1800 - Observation stats:
2026-09-24 12:26:49,759 - RLController - INFO -   Hash: 6741300295617978438, Min: 0.000000, Max: 1.000000, Mean: 0.404279, Std: 0.449203
2026-09-24 12:26:49,760 - RLController - INFO -   First 10: [1.  0.  0.  0.  0.  0.5 1.  0.  0.  0. ]
2026-09-24 12:26:49,760 - RLController - INFO -   Last 10: [0.         0.2        0.         0.08333334 0.42521366 0.0028717
 0.06004274 0.58377784 0.         0.3       ]
2026-09-24 12:26:49,764 - RLController - INFO - DIAGNOSTIC - Raw model action output:
2026-09-24 12:26:49,764 - RLController - INFO -   Action hash: 2603948743094861505
2026-09-24 12:26:49,764 - RLController - INFO -   First 8 values: [ -7.386744 -10.       -10.       -10.       -10.       -10.
 -10.       -10.      ]
2026-09-24 12:26:49,765 - RLController - INFO -   Last 8 values: [-10.       -10.       -10.       -10.       -10.        -1.021898
 -10.       -10.      ]
2026-09-24 12:26:49,765 - RLController - INFO -   Action shape: (136,), min: -10.000000, max: 4.671731, mean: -9.238926
2026-09-24 12:26:49,765 - RLController - INFO -   B0 junction (indices 16-19) raw values: [ -9.717168 -10.       -10.       -10.      ]
2026-09-24 12:26:49,765 - RLController - INFO - Using CONTINUOUS DURATION-BASED mode
2026-09-24 12:26:49,765 - RLController - INFO -   Example: junction A0 -> durations [51, 13, 13, 13] (total: 90s)
2026-09-24 12:26:49,765 - RLController - INFO -   Example: junction A1 -> durations [24, 22, 22, 22] (total: 90s)
2026-09-24 12:26:49,765 - RLController - INFO -   Example: junction A2 -> durations [12, 12, 54, 12] (total: 90s)
2026-09-24 12:26:49,766 - RLController - INFO -   Example: junction A4 -> durations [60, 10, 10, 10] (total: 90s)
2026-09-24 12:26:49,766 - RLController - INFO -   Example: junction A5 -> durations [24, 22, 22, 22] (total: 90s)
2026-09-24 12:26:49,766 - RLController - INFO -   Example: junction B0 -> durations [24, 22, 22, 22] (total: 90s)
2026-09-24 12:26:49,766 - RLController - INFO -   Example: junction B1 -> durations [24, 22, 22, 22] (total: 90s)
2026-09-24 12:26:49,766 - RLController - INFO -   Example: junction B2 -> durations [24, 22, 22, 22] (total: 90s)
2026-09-24 12:26:49,766 - RLController - INFO -   Example: junction B4 -> durations [24, 22, 22, 22] (total: 90s)
2026-09-24 12:26:49,766 - RLController - INFO -   Example: junction B5 -> durations [60, 10, 10, 10] (total: 90s)
2026-09-24 12:26:49,766 - RLController - INFO -   Example: junction C0 -> durations [22, 22, 24, 22] (total: 90s)
2026-09-24 12:26:49,766 - RLController - INFO -   Example: junction C1 -> durations [24, 22, 22, 22] (total: 90s)
2026-09-24 12:26:49,767 - RLController - INFO -   Example: junction C2 -> durations [57, 13, 10, 10] (total: 90s)
2026-09-24 12:26:49,767 - RLController - INFO -   Example: junction C3 -> durations [60, 10, 10, 10] (total: 90s)
2026-09-24 12:26:49,767 - RLController - INFO -   Example: junction C4 -> durations [57, 11, 11, 11] (total: 90s)
2026-09-24 12:26:49,767 - RLController - INFO -   Example: junction C5 -> durations [57, 11, 11, 11] (total: 90s)
2026-09-24 12:26:49,767 - RLController - INFO -   Example: junction D0 -> durations [24, 22, 22, 22] (total: 90s)
2026-09-24 12:26:49,767 - RLController - INFO -   Example: junction D1 -> durations [21, 21, 27, 21] (total: 90s)
2026-09-24 12:26:49,767 - RLController - INFO -   Example: junction D2 -> durations [45, 15, 15, 15] (total: 90s)
2026-09-24 12:26:49,767 - RLController - INFO -   Example: junction D3 -> durations [24, 22, 22, 22] (total: 90s)
2026-09-24 12:26:49,767 - RLController - INFO -   Example: junction D4 -> durations [24, 22, 22, 22] (total: 90s)
2026-09-24 12:26:49,768 - RLController - INFO -   Example: junction D5 -> durations [13, 13, 51, 13] (total: 90s)
2026-09-24 12:26:49,768 - RLController - INFO -   Example: junction E0 -> durations [24, 22, 22, 22] (total: 90s)
2026-09-24 12:26:49,768 - RLController - INFO -   Example: junction E1 -> durations [24, 22, 22, 22] (total: 90s)
2026-09-24 12:26:49,769 - RLController - INFO -   Stored schedules for 34 junctions, cycle starts at step 1800
2026-09-24 12:26:52,605 - RLController - INFO - DIAGNOSTIC Step 1890 - Observation stats:
2026-09-24 12:26:52,606 - RLController - INFO -   Hash: -3768777503503600712, Min: 0.000000, Max: 1.000000, Mean: 0.401304, Std: 0.447134
2026-09-24 12:26:52,606 - RLController - INFO -   First 10: [1.  0.  0.  0.  0.  0.5 1.  0.  0.  0. ]
2026-09-24 12:26:52,606 - RLController - INFO -   Last 10: [0.         0.2        0.         0.08333334 0.41452992 0.00349019
 0.06209402 0.601479   0.         0.3       ]
2026-09-24 12:26:52,611 - RLController - INFO - DIAGNOSTIC - Raw model action output:
2026-09-24 12:26:52,611 - RLController - INFO -   Action hash: 3395566929078808270
2026-09-24 12:26:52,611 - RLController - INFO -   First 8 values: [ -7.3934317 -10.        -10.        -10.        -10.        -10.
 -10.        -10.       ]
2026-09-24 12:26:52,611 - RLController - INFO -   Last 8 values: [-10.        -10.        -10.        -10.        -10.         -0.9369733
 -10.        -10.       ]
2026-09-24 12:26:52,611 - RLController - INFO -   Action shape: (136,), min: -10.000000, max: 5.000794, mean: -9.257904
2026-09-24 12:26:52,612 - RLController - INFO -   B0 junction (indices 16-19) raw values: [ -9.458855 -10.       -10.       -10.      ]
2026-09-24 12:26:52,612 - RLController - INFO - Using CONTINUOUS DURATION-BASED mode
2026-09-24 12:26:52,612 - RLController - INFO -   Example: junction A0 -> durations [51, 13, 13, 13] (total: 90s)
2026-09-24 12:26:52,612 - RLController - INFO -   Example: junction A1 -> durations [24, 22, 22, 22] (total: 90s)
2026-09-24 12:26:52,612 - RLController - INFO -   Example: junction A2 -> durations [12, 12, 54, 12] (total: 90s)
2026-09-24 12:26:52,612 - RLController - INFO -   Example: junction A4 -> durations [60, 10, 10, 10] (total: 90s)
2026-09-24 12:26:52,613 - RLController - INFO -   Example: junction A5 -> durations [24, 22, 22, 22] (total: 90s)
2026-09-24 12:26:52,613 - RLController - INFO -   Example: junction B0 -> durations [24, 22, 22, 22] (total: 90s)
2026-09-24 12:26:52,613 - RLController - INFO -   Example: junction B1 -> durations [24, 22, 22, 22] (total: 90s)
2026-09-24 12:26:52,613 - RLController - INFO -   Example: junction B2 -> durations [24, 22, 22, 22] (total: 90s)
2026-09-24 12:26:52,613 - RLController - INFO -   Example: junction B4 -> durations [24, 22, 22, 22] (total: 90s)
2026-09-24 12:26:52,613 - RLController - INFO -   Example: junction B5 -> durations [60, 10, 10, 10] (total: 90s)
2026-09-24 12:26:52,613 - RLController - INFO -   Example: junction C0 -> durations [22, 22, 24, 22] (total: 90s)
2026-09-24 12:26:52,614 - RLController - INFO -   Example: junction C1 -> durations [24, 22, 22, 22] (total: 90s)
2026-09-24 12:26:52,614 - RLController - INFO -   Example: junction C2 -> durations [57, 13, 10, 10] (total: 90s)
2026-09-24 12:26:52,614 - RLController - INFO -   Example: junction C3 -> durations [60, 10, 10, 10] (total: 90s)
2026-09-24 12:26:52,614 - RLController - INFO -   Example: junction C4 -> durations [57, 11, 11, 11] (total: 90s)
2026-09-24 12:26:52,614 - RLController - INFO -   Example: junction C5 -> durations [57, 11, 11, 11] (total: 90s)
2026-09-24 12:26:52,614 - RLController - INFO -   Example: junction D0 -> durations [24, 22, 22, 22] (total: 90s)
2026-09-24 12:26:52,614 - RLController - INFO -   Example: junction D1 -> durations [21, 21, 27, 21] (total: 90s)
2026-09-24 12:26:52,615 - RLController - INFO -   Example: junction D2 -> durations [45, 15, 15, 15] (total: 90s)
2026-09-24 12:26:52,615 - RLController - INFO -   Example: junction D3 -> durations [24, 22, 22, 22] (total: 90s)
2026-09-24 12:26:52,615 - RLController - INFO -   Example: junction D4 -> durations [24, 22, 22, 22] (total: 90s)
2026-09-24 12:26:52,615 - RLController - INFO -   Example: junction D5 -> durations [13, 13, 51, 13] (total: 90s)
2026-09-24 12:26:52,615 - RLController - INFO -   Example: junction E0 -> durations [24, 22, 22, 22] (total: 90s)
2026-09-24 12:26:52,615 - RLController - INFO -   Example: junction E1 -> durations [24, 22, 22, 22] (total: 90s)
2026-09-24 12:26:52,616 - RLController - INFO -   Stored schedules for 34 junctions, cycle starts at step 1890
2026-09-24 12:26:55,814 - RLController - INFO - DIAGNOSTIC Step 1980 - Observation stats:
2026-09-24 12:26:55,828 - RLController - INFO -   Hash: -1347489124309089079, Min: 0.000000, Max: 1.000429, Mean: 0.405510, Std: 0.450157
2026-09-24 12:26:55,828 - RLController - INFO -   First 10: [1.  0.  0.  0.  0.  0.5 1.  0.  0.  0. ]
2026-09-24 12:26:55,828 - RLController - INFO -   Last 10: [0.         0.2        0.         0.08333334 0.41880342 0.00308427
 0.06380342 0.5991262  0.         0.3       ]
2026-09-24 12:26:55,845 - RLController - INFO - DIAGNOSTIC - Raw model action output:
2026-09-24 12:26:55,845 - RLController - INFO -   Action hash: 1218060209755903393
2026-09-24 12:26:55,845 - RLController - INFO -   First 8 values: [ -6.981137 -10.       -10.       -10.       -10.       -10.
 -10.       -10.      ]
2026-09-24 12:26:55,846 - RLController - INFO -   Last 8 values: [-10.         -10.         -10.         -10.         -10.
  -0.40182087 -10.         -10.        ]
2026-09-24 12:26:55,846 - RLController - INFO -   Action shape: (136,), min: -10.000000, max: 5.382159, mean: -9.217705
2026-09-24 12:26:55,846 - RLController - INFO -   B0 junction (indices 16-19) raw values: [ -9.249143 -10.       -10.       -10.      ]
2026-09-24 12:26:55,846 - RLController - INFO - Using CONTINUOUS DURATION-BASED mode
2026-09-24 12:26:55,846 - RLController - INFO -   Example: junction A0 -> durations [51, 13, 13, 13] (total: 90s)
2026-09-24 12:26:55,847 - RLController - INFO -   Example: junction A1 -> durations [24, 22, 22, 22] (total: 90s)
2026-09-24 12:26:55,847 - RLController - INFO -   Example: junction A2 -> durations [12, 12, 54, 12] (total: 90s)
2026-09-24 12:26:55,847 - RLController - INFO -   Example: junction A4 -> durations [60, 10, 10, 10] (total: 90s)
2026-09-24 12:26:55,847 - RLController - INFO -   Example: junction A5 -> durations [24, 22, 22, 22] (total: 90s)
2026-09-24 12:26:55,847 - RLController - INFO -   Example: junction B0 -> durations [24, 22, 22, 22] (total: 90s)
2026-09-24 12:26:55,847 - RLController - INFO -   Example: junction B1 -> durations [24, 22, 22, 22] (total: 90s)
2026-09-24 12:26:55,847 - RLController - INFO -   Example: junction B2 -> durations [24, 22, 22, 22] (total: 90s)
2026-09-24 12:26:55,848 - RLController - INFO -   Example: junction B4 -> durations [24, 22, 22, 22] (total: 90s)
2026-09-24 12:26:55,848 - RLController - INFO -   Example: junction B5 -> durations [60, 10, 10, 10] (total: 90s)
2026-09-24 12:26:55,848 - RLController - INFO -   Example: junction C0 -> durations [22, 22, 24, 22] (total: 90s)
2026-09-24 12:26:55,848 - RLController - INFO -   Example: junction C1 -> durations [24, 22, 22, 22] (total: 90s)
2026-09-24 12:26:55,848 - RLController - INFO -   Example: junction C2 -> durations [57, 13, 10, 10] (total: 90s)
2026-09-24 12:26:55,848 - RLController - INFO -   Example: junction C3 -> durations [60, 10, 10, 10] (total: 90s)
2026-09-24 12:26:55,848 - RLController - INFO -   Example: junction C4 -> durations [57, 11, 11, 11] (total: 90s)
2026-09-24 12:26:55,849 - RLController - INFO -   Example: junction C5 -> durations [57, 11, 11, 11] (total: 90s)
2026-09-24 12:26:55,849 - RLController - INFO -   Example: junction D0 -> durations [24, 22, 22, 22] (total: 90s)
2026-09-24 12:26:55,849 - RLController - INFO -   Example: junction D1 -> durations [21, 21, 27, 21] (total: 90s)
2026-09-24 12:26:55,849 - RLController - INFO -   Example: junction D2 -> durations [45, 15, 15, 15] (total: 90s)
2026-09-24 12:26:55,849 - RLController - INFO -   Example: junction D3 -> durations [24, 22, 22, 22] (total: 90s)
2026-09-24 12:26:55,849 - RLController - INFO -   Example: junction D4 -> durations [24, 22, 22, 22] (total: 90s)
2026-09-24 12:26:55,849 - RLController - INFO -   Example: junction D5 -> durations [13, 13, 51, 13] (total: 90s)
2026-09-24 12:26:55,850 - RLController - INFO -   Example: junction E0 -> durations [24, 22, 22, 22] (total: 90s)
2026-09-24 12:26:55,850 - RLController - INFO -   Example: junction E1 -> durations [24, 22, 22, 22] (total: 90s)
2026-09-24 12:26:55,851 - RLController - INFO -   Stored schedules for 34 junctions, cycle starts at step 1980
2026-09-24 12:26:59,069 - RLController - INFO - DIAGNOSTIC Step 2070 - Observation stats:
2026-09-24 12:26:59,070 - RLController - INFO -   Hash: -1835880937719479054, Min: 0.000000, Max: 1.000000, Mean: 0.402277, Std: 0.448670
2026-09-24 12:26:59,070 - RLController - INFO -   First 10: [1.  0.  0.  0.  0.  0.5 1.  0.  0.  0. ]
2026-09-24 12:26:59,070 - RLController - INFO -   Last 10: [0.         0.2        0.         0.08333334 0.42307693 0.0032598
 0.06705128 0.59938014 0.         0.3       ]
2026-09-24 12:26:59,076 - RLController - INFO - DIAGNOSTIC - Raw model action output:
2026-09-24 12:26:59,076 - RLController - INFO -   Action hash: -131140894233241049
2026-09-24 12:26:59,076 - RLController - INFO -   First 8 values: [ -7.00384 -10.      -10.      -10.      -10.      -10.      -10.
 -10.     ]
2026-09-24 12:26:59,076 - RLController - INFO -   Last 8 values: [-10.        -10.        -10.        -10.        -10.         -1.7751312
 -10.        -10.       ]
2026-09-24 12:26:59,077 - RLController - INFO -   Action shape: (136,), min: -10.000000, max: 5.116881, mean: -9.240122
2026-09-24 12:26:59,077 - RLController - INFO -   B0 junction (indices 16-19) raw values: [ -9.323968 -10.       -10.       -10.      ]
2026-09-24 12:26:59,077 - RLController - INFO - Using CONTINUOUS DURATION-BASED mode
2026-09-24 12:26:59,077 - RLController - INFO -   Example: junction A0 -> durations [51, 13, 13, 13] (total: 90s)
2026-09-24 12:26:59,077 - RLController - INFO -   Example: junction A1 -> durations [24, 22, 22, 22] (total: 90s)
2026-09-24 12:26:59,077 - RLController - INFO -   Example: junction A2 -> durations [12, 12, 54, 12] (total: 90s)
2026-09-24 12:26:59,077 - RLController - INFO -   Example: junction A4 -> durations [60, 10, 10, 10] (total: 90s)
2026-09-24 12:26:59,078 - RLController - INFO -   Example: junction A5 -> durations [24, 22, 22, 22] (total: 90s)
2026-09-24 12:26:59,078 - RLController - INFO -   Example: junction B0 -> durations [24, 22, 22, 22] (total: 90s)
2026-09-24 12:26:59,078 - RLController - INFO -   Example: junction B1 -> durations [24, 22, 22, 22] (total: 90s)
2026-09-24 12:26:59,078 - RLController - INFO -   Example: junction B2 -> durations [24, 22, 22, 22] (total: 90s)
2026-09-24 12:26:59,078 - RLController - INFO -   Example: junction B4 -> durations [24, 22, 22, 22] (total: 90s)
2026-09-24 12:26:59,078 - RLController - INFO -   Example: junction B5 -> durations [60, 10, 10, 10] (total: 90s)
2026-09-24 12:26:59,078 - RLController - INFO -   Example: junction C0 -> durations [22, 22, 24, 22] (total: 90s)
2026-09-24 12:26:59,079 - RLController - INFO -   Example: junction C1 -> durations [24, 22, 22, 22] (total: 90s)
2026-09-24 12:26:59,079 - RLController - INFO -   Example: junction C2 -> durations [57, 13, 10, 10] (total: 90s)
2026-09-24 12:26:59,079 - RLController - INFO -   Example: junction C3 -> durations [60, 10, 10, 10] (total: 90s)
2026-09-24 12:26:59,079 - RLController - INFO -   Example: junction C4 -> durations [57, 11, 11, 11] (total: 90s)
2026-09-24 12:26:59,079 - RLController - INFO -   Example: junction C5 -> durations [57, 11, 11, 11] (total: 90s)
2026-09-24 12:26:59,079 - RLController - INFO -   Example: junction D0 -> durations [24, 22, 22, 22] (total: 90s)
2026-09-24 12:26:59,079 - RLController - INFO -   Example: junction D1 -> durations [21, 21, 27, 21] (total: 90s)
2026-09-24 12:26:59,080 - RLController - INFO -   Example: junction D2 -> durations [45, 15, 15, 15] (total: 90s)
2026-09-24 12:26:59,080 - RLController - INFO -   Example: junction D3 -> durations [24, 22, 22, 22] (total: 90s)
2026-09-24 12:26:59,080 - RLController - INFO -   Example: junction D4 -> durations [24, 22, 22, 22] (total: 90s)
2026-09-24 12:26:59,080 - RLController - INFO -   Example: junction D5 -> durations [13, 13, 51, 13] (total: 90s)
2026-09-24 12:26:59,080 - RLController - INFO -   Example: junction E0 -> durations [24, 22, 22, 22] (total: 90s)
2026-09-24 12:26:59,080 - RLController - INFO -   Example: junction E1 -> durations [24, 22, 22, 22] (total: 90s)
2026-09-24 12:26:59,081 - RLController - INFO -   Stored schedules for 34 junctions, cycle starts at step 2070
2026-09-24 12:27:02,049 - RLController - INFO - DIAGNOSTIC Step 2160 - Observation stats:
2026-09-24 12:27:02,049 - RLController - INFO -   Hash: 7562924638912270091, Min: 0.000000, Max: 1.000000, Mean: 0.410096, Std: 0.449997
2026-09-24 12:27:02,050 - RLController - INFO -   First 10: [1.  0.  0.  0.  0.  0.5 1.  0.  0.  0. ]
2026-09-24 12:27:02,050 - RLController - INFO -   Last 10: [0.         0.2        0.         0.08333334 0.44230768 0.00332976
 0.06773505 0.5819386  0.         0.3       ]
2026-09-24 12:27:02,053 - RLController - INFO - DIAGNOSTIC - Raw model action output:
2026-09-24 12:27:02,053 - RLController - INFO -   Action hash: -1416616141949742587
2026-09-24 12:27:02,054 - RLController - INFO -   First 8 values: [ -7.017379 -10.       -10.       -10.       -10.       -10.
 -10.       -10.      ]
2026-09-24 12:27:02,054 - RLController - INFO -   Last 8 values: [-10.     -10.     -10.     -10.     -10.      -2.9061 -10.     -10.    ]
2026-09-24 12:27:02,054 - RLController - INFO -   Action shape: (136,), min: -10.000000, max: 5.175560, mean: -9.249013
2026-09-24 12:27:02,054 - RLController - INFO -   B0 junction (indices 16-19) raw values: [ -9.48319 -10.      -10.      -10.     ]
2026-09-24 12:27:02,054 - RLController - INFO - Using CONTINUOUS DURATION-BASED mode
2026-09-24 12:27:02,055 - RLController - INFO -   Example: junction A0 -> durations [51, 13, 13, 13] (total: 90s)
2026-09-24 12:27:02,055 - RLController - INFO -   Example: junction A1 -> durations [24, 22, 22, 22] (total: 90s)
2026-09-24 12:27:02,055 - RLController - INFO -   Example: junction A2 -> durations [12, 12, 54, 12] (total: 90s)
2026-09-24 12:27:02,055 - RLController - INFO -   Example: junction A4 -> durations [60, 10, 10, 10] (total: 90s)
2026-09-24 12:27:02,055 - RLController - INFO -   Example: junction A5 -> durations [24, 22, 22, 22] (total: 90s)
2026-09-24 12:27:02,055 - RLController - INFO -   Example: junction B0 -> durations [24, 22, 22, 22] (total: 90s)
2026-09-24 12:27:02,055 - RLController - INFO -   Example: junction B1 -> durations [24, 22, 22, 22] (total: 90s)
2026-09-24 12:27:02,056 - RLController - INFO -   Example: junction B2 -> durations [24, 22, 22, 22] (total: 90s)
2026-09-24 12:27:02,056 - RLController - INFO -   Example: junction B4 -> durations [24, 22, 22, 22] (total: 90s)
2026-09-24 12:27:02,056 - RLController - INFO -   Example: junction B5 -> durations [60, 10, 10, 10] (total: 90s)
2026-09-24 12:27:02,056 - RLController - INFO -   Example: junction C0 -> durations [22, 22, 24, 22] (total: 90s)
2026-09-24 12:27:02,056 - RLController - INFO -   Example: junction C1 -> durations [24, 22, 22, 22] (total: 90s)
2026-09-24 12:27:02,056 - RLController - INFO -   Example: junction C2 -> durations [57, 13, 10, 10] (total: 90s)
2026-09-24 12:27:02,056 - RLController - INFO -   Example: junction C3 -> durations [60, 10, 10, 10] (total: 90s)
2026-09-24 12:27:02,056 - RLController - INFO -   Example: junction C4 -> durations [57, 11, 11, 11] (total: 90s)
2026-09-24 12:27:02,057 - RLController - INFO -   Example: junction C5 -> durations [57, 11, 11, 11] (total: 90s)
2026-09-24 12:27:02,057 - RLController - INFO -   Example: junction D0 -> durations [24, 22, 22, 22] (total: 90s)
2026-09-24 12:27:02,057 - RLController - INFO -   Example: junction D1 -> durations [21, 21, 27, 21] (total: 90s)
2026-09-24 12:27:02,057 - RLController - INFO -   Example: junction D2 -> durations [45, 15, 15, 15] (total: 90s)
2026-09-24 12:27:02,057 - RLController - INFO -   Example: junction D3 -> durations [24, 22, 22, 22] (total: 90s)
2026-09-24 12:27:02,057 - RLController - INFO -   Example: junction D4 -> durations [24, 22, 22, 22] (total: 90s)
2026-09-24 12:27:02,057 - RLController - INFO -   Example: junction D5 -> durations [13, 13, 51, 13] (total: 90s)
2026-09-24 12:27:02,057 - RLController - INFO -   Example: junction E0 -> durations [24, 22, 22, 22] (total: 90s)
2026-09-24 12:27:02,058 - RLController - INFO -   Example: junction E1 -> durations [24, 22, 22, 22] (total: 90s)
2026-09-24 12:27:02,058 - RLController - INFO -   Stored schedules for 34 junctions, cycle starts at step 2160
2026-09-24 12:27:05,779 - RLController - INFO - DIAGNOSTIC Step 2250 - Observation stats:
2026-09-24 12:27:05,780 - RLController - INFO -   Hash: -2119981557597968198, Min: 0.000000, Max: 1.000000, Mean: 0.412043, Std: 0.450722
2026-09-24 12:27:05,780 - RLController - INFO -   First 10: [1.  0.  0.  0.  0.  0.5 1.  0.  0.  0. ]
2026-09-24 12:27:05,781 - RLController - INFO -   Last 10: [0.         0.2        0.         0.08333334 0.44444445 0.00320172
 0.06811966 0.57413703 0.         0.3       ]
2026-09-24 12:27:05,785 - RLController - INFO - DIAGNOSTIC - Raw model action output:
2026-09-24 12:27:05,785 - RLController - INFO -   Action hash: 3040056904782050885
2026-09-24 12:27:05,785 - RLController - INFO -   First 8 values: [ -7.1179013 -10.        -10.        -10.        -10.        -10.
 -10.        -10.       ]
2026-09-24 12:27:05,785 - RLController - INFO -   Last 8 values: [-10.      -10.      -10.      -10.      -10.       -3.33473 -10.
 -10.     ]
2026-09-24 12:27:05,785 - RLController - INFO -   Action shape: (136,), min: -10.000000, max: 5.136870, mean: -9.224872
2026-09-24 12:27:05,786 - RLController - INFO -   B0 junction (indices 16-19) raw values: [ -9.384844 -10.       -10.       -10.      ]
2026-09-24 12:27:05,786 - RLController - INFO - Using CONTINUOUS DURATION-BASED mode
2026-09-24 12:27:05,786 - RLController - INFO -   Example: junction A0 -> durations [51, 13, 13, 13] (total: 90s)
2026-09-24 12:27:05,786 - RLController - INFO -   Example: junction A1 -> durations [24, 22, 22, 22] (total: 90s)
2026-09-24 12:27:05,786 - RLController - INFO -   Example: junction A2 -> durations [12, 12, 54, 12] (total: 90s)
2026-09-24 12:27:05,786 - RLController - INFO -   Example: junction A4 -> durations [60, 10, 10, 10] (total: 90s)
2026-09-24 12:27:05,786 - RLController - INFO -   Example: junction A5 -> durations [24, 22, 22, 22] (total: 90s)
2026-09-24 12:27:05,786 - RLController - INFO -   Example: junction B0 -> durations [24, 22, 22, 22] (total: 90s)
2026-09-24 12:27:05,787 - RLController - INFO -   Example: junction B1 -> durations [24, 22, 22, 22] (total: 90s)
2026-09-24 12:27:05,787 - RLController - INFO -   Example: junction B2 -> durations [24, 22, 22, 22] (total: 90s)
2026-09-24 12:27:05,787 - RLController - INFO -   Example: junction B4 -> durations [24, 22, 22, 22] (total: 90s)
2026-09-24 12:27:05,787 - RLController - INFO -   Example: junction B5 -> durations [60, 10, 10, 10] (total: 90s)
2026-09-24 12:27:05,787 - RLController - INFO -   Example: junction C0 -> durations [22, 22, 24, 22] (total: 90s)
2026-09-24 12:27:05,787 - RLController - INFO -   Example: junction C1 -> durations [24, 22, 22, 22] (total: 90s)
2026-09-24 12:27:05,788 - RLController - INFO -   Example: junction C2 -> durations [57, 13, 10, 10] (total: 90s)
2026-09-24 12:27:05,788 - RLController - INFO -   Example: junction C3 -> durations [60, 10, 10, 10] (total: 90s)
2026-09-24 12:27:05,788 - RLController - INFO -   Example: junction C4 -> durations [57, 11, 11, 11] (total: 90s)
2026-09-24 12:27:05,788 - RLController - INFO -   Example: junction C5 -> durations [57, 11, 11, 11] (total: 90s)
2026-09-24 12:27:05,788 - RLController - INFO -   Example: junction D0 -> durations [24, 22, 22, 22] (total: 90s)
2026-09-24 12:27:05,788 - RLController - INFO -   Example: junction D1 -> durations [21, 21, 27, 21] (total: 90s)
2026-09-24 12:27:05,788 - RLController - INFO -   Example: junction D2 -> durations [45, 15, 15, 15] (total: 90s)
2026-09-24 12:27:05,788 - RLController - INFO -   Example: junction D3 -> durations [24, 22, 22, 22] (total: 90s)
2026-09-24 12:27:05,789 - RLController - INFO -   Example: junction D4 -> durations [24, 22, 22, 22] (total: 90s)
2026-09-24 12:27:05,789 - RLController - INFO -   Example: junction D5 -> durations [13, 13, 51, 13] (total: 90s)
2026-09-24 12:27:05,789 - RLController - INFO -   Example: junction E0 -> durations [24, 22, 22, 22] (total: 90s)
2026-09-24 12:27:05,789 - RLController - INFO -   Example: junction E1 -> durations [24, 22, 22, 22] (total: 90s)
2026-09-24 12:27:05,789 - RLController - INFO -   Stored schedules for 34 junctions, cycle starts at step 2250
2026-09-24 12:27:08,945 - RLController - INFO - DIAGNOSTIC Step 2340 - Observation stats:
2026-09-24 12:27:08,945 - RLController - INFO -   Hash: -4360663079168978119, Min: 0.000000, Max: 1.000000, Mean: 0.412528, Std: 0.452163
2026-09-24 12:27:08,946 - RLController - INFO -   First 10: [1.  0.  0.  0.  0.  0.5 1.  0.  0.  0. ]
2026-09-24 12:27:08,946 - RLController - INFO -   Last 10: [0.         0.2        0.         0.08333334 0.43162394 0.00348237
 0.06974359 0.58973193 0.         0.3       ]
2026-09-24 12:27:08,972 - RLController - INFO - DIAGNOSTIC - Raw model action output:
2026-09-24 12:27:08,972 - RLController - INFO -   Action hash: -6300717796363674489
2026-09-24 12:27:08,973 - RLController - INFO -   First 8 values: [ -7.393082 -10.       -10.       -10.       -10.       -10.
 -10.       -10.      ]
2026-09-24 12:27:08,973 - RLController - INFO -   Last 8 values: [-10.        -10.        -10.        -10.        -10.         -2.9970639
 -10.        -10.       ]
2026-09-24 12:27:08,974 - RLController - INFO -   Action shape: (136,), min: -10.000000, max: 4.540620, mean: -9.239836
2026-09-24 12:27:08,974 - RLController - INFO -   B0 junction (indices 16-19) raw values: [ -9.426394 -10.       -10.       -10.      ]
2026-09-24 12:27:08,974 - RLController - INFO - Using CONTINUOUS DURATION-BASED mode
2026-09-24 12:27:08,974 - RLController - INFO -   Example: junction A0 -> durations [51, 13, 13, 13] (total: 90s)
2026-09-24 12:27:08,974 - RLController - INFO -   Example: junction A1 -> durations [24, 22, 22, 22] (total: 90s)
2026-09-24 12:27:08,974 - RLController - INFO -   Example: junction A2 -> durations [12, 12, 54, 12] (total: 90s)
2026-09-24 12:27:08,975 - RLController - INFO -   Example: junction A4 -> durations [60, 10, 10, 10] (total: 90s)
2026-09-24 12:27:08,975 - RLController - INFO -   Example: junction A5 -> durations [24, 22, 22, 22] (total: 90s)
2026-09-24 12:27:08,975 - RLController - INFO -   Example: junction B0 -> durations [24, 22, 22, 22] (total: 90s)
2026-09-24 12:27:08,975 - RLController - INFO -   Example: junction B1 -> durations [24, 22, 22, 22] (total: 90s)
2026-09-24 12:27:08,975 - RLController - INFO -   Example: junction B2 -> durations [24, 22, 22, 22] (total: 90s)
2026-09-24 12:27:08,975 - RLController - INFO -   Example: junction B4 -> durations [24, 22, 22, 22] (total: 90s)
2026-09-24 12:27:08,976 - RLController - INFO -   Example: junction B5 -> durations [60, 10, 10, 10] (total: 90s)
2026-09-24 12:27:08,976 - RLController - INFO -   Example: junction C0 -> durations [22, 22, 24, 22] (total: 90s)
2026-09-24 12:27:08,976 - RLController - INFO -   Example: junction C1 -> durations [24, 22, 22, 22] (total: 90s)
2026-09-24 12:27:08,976 - RLController - INFO -   Example: junction C2 -> durations [57, 13, 10, 10] (total: 90s)
2026-09-24 12:27:08,976 - RLController - INFO -   Example: junction C3 -> durations [60, 10, 10, 10] (total: 90s)
2026-09-24 12:27:08,976 - RLController - INFO -   Example: junction C4 -> durations [57, 11, 11, 11] (total: 90s)
2026-09-24 12:27:08,977 - RLController - INFO -   Example: junction C5 -> durations [57, 11, 11, 11] (total: 90s)
2026-09-24 12:27:08,977 - RLController - INFO -   Example: junction D0 -> durations [24, 22, 22, 22] (total: 90s)
2026-09-24 12:27:08,977 - RLController - INFO -   Example: junction D1 -> durations [21, 21, 27, 21] (total: 90s)
2026-09-24 12:27:08,977 - RLController - INFO -   Example: junction D2 -> durations [45, 15, 15, 15] (total: 90s)
2026-09-24 12:27:08,977 - RLController - INFO -   Example: junction D3 -> durations [24, 22, 22, 22] (total: 90s)
2026-09-24 12:27:08,977 - RLController - INFO -   Example: junction D4 -> durations [24, 22, 22, 22] (total: 90s)
2026-09-24 12:27:08,977 - RLController - INFO -   Example: junction D5 -> durations [13, 13, 51, 13] (total: 90s)
2026-09-24 12:27:08,978 - RLController - INFO -   Example: junction E0 -> durations [24, 22, 22, 22] (total: 90s)
2026-09-24 12:27:08,978 - RLController - INFO -   Example: junction E1 -> durations [24, 22, 22, 22] (total: 90s)
2026-09-24 12:27:08,979 - RLController - INFO -   Stored schedules for 34 junctions, cycle starts at step 2340
2026-09-24 12:27:11,918 - RLController - INFO - DIAGNOSTIC Step 2430 - Observation stats:
2026-09-24 12:27:11,920 - RLController - INFO -   Hash: -623818720883262435, Min: 0.000000, Max: 1.000000, Mean: 0.418328, Std: 0.452781
2026-09-24 12:27:11,921 - RLController - INFO -   First 10: [1.  0.  0.  0.  0.  0.5 1.  0.  0.  0. ]
2026-09-24 12:27:11,921 - RLController - INFO -   Last 10: [0.         0.2        0.         0.08333334 0.44658118 0.0030348
 0.0707265  0.5663361  0.         0.3       ]
2026-09-24 12:27:11,944 - RLController - INFO - DIAGNOSTIC - Raw model action output:
2026-09-24 12:27:11,944 - RLController - INFO -   Action hash: -7945481802885578120
2026-09-24 12:27:11,945 - RLController - INFO -   First 8 values: [ -7.361674 -10.       -10.       -10.       -10.       -10.
 -10.       -10.      ]
2026-09-24 12:27:11,945 - RLController - INFO -   Last 8 values: [-10.        -10.        -10.        -10.        -10.         -1.6977372
 -10.        -10.       ]
2026-09-24 12:27:11,945 - RLController - INFO -   Action shape: (136,), min: -10.000000, max: 5.602153, mean: -9.219264
2026-09-24 12:27:11,946 - RLController - INFO -   B0 junction (indices 16-19) raw values: [ -9.55929 -10.      -10.      -10.     ]
2026-09-24 12:27:11,946 - RLController - INFO - Using CONTINUOUS DURATION-BASED mode
2026-09-24 12:27:11,946 - RLController - INFO -   Example: junction A0 -> durations [51, 13, 13, 13] (total: 90s)
2026-09-24 12:27:11,946 - RLController - INFO -   Example: junction A1 -> durations [24, 22, 22, 22] (total: 90s)
2026-09-24 12:27:11,946 - RLController - INFO -   Example: junction A2 -> durations [12, 12, 54, 12] (total: 90s)
2026-09-24 12:27:11,946 - RLController - INFO -   Example: junction A4 -> durations [60, 10, 10, 10] (total: 90s)
2026-09-24 12:27:11,947 - RLController - INFO -   Example: junction A5 -> durations [24, 22, 22, 22] (total: 90s)
2026-09-24 12:27:11,947 - RLController - INFO -   Example: junction B0 -> durations [24, 22, 22, 22] (total: 90s)
2026-09-24 12:27:11,947 - RLController - INFO -   Example: junction B1 -> durations [24, 22, 22, 22] (total: 90s)
2026-09-24 12:27:11,947 - RLController - INFO -   Example: junction B2 -> durations [24, 22, 22, 22] (total: 90s)
2026-09-24 12:27:11,947 - RLController - INFO -   Example: junction B4 -> durations [24, 22, 22, 22] (total: 90s)
2026-09-24 12:27:11,947 - RLController - INFO -   Example: junction B5 -> durations [60, 10, 10, 10] (total: 90s)
2026-09-24 12:27:11,948 - RLController - INFO -   Example: junction C0 -> durations [22, 22, 24, 22] (total: 90s)
2026-09-24 12:27:11,948 - RLController - INFO -   Example: junction C1 -> durations [24, 22, 22, 22] (total: 90s)
2026-09-24 12:27:11,948 - RLController - INFO -   Example: junction C2 -> durations [57, 13, 10, 10] (total: 90s)
2026-09-24 12:27:11,948 - RLController - INFO -   Example: junction C3 -> durations [60, 10, 10, 10] (total: 90s)
2026-09-24 12:27:11,948 - RLController - INFO -   Example: junction C4 -> durations [57, 11, 11, 11] (total: 90s)
2026-09-24 12:27:11,948 - RLController - INFO -   Example: junction C5 -> durations [57, 11, 11, 11] (total: 90s)
2026-09-24 12:27:11,948 - RLController - INFO -   Example: junction D0 -> durations [24, 22, 22, 22] (total: 90s)
2026-09-24 12:27:11,949 - RLController - INFO -   Example: junction D1 -> durations [21, 21, 27, 21] (total: 90s)
2026-09-24 12:27:11,949 - RLController - INFO -   Example: junction D2 -> durations [45, 15, 15, 15] (total: 90s)
2026-09-24 12:27:11,949 - RLController - INFO -   Example: junction D3 -> durations [24, 22, 22, 22] (total: 90s)
2026-09-24 12:27:11,949 - RLController - INFO -   Example: junction D4 -> durations [24, 22, 22, 22] (total: 90s)
2026-09-24 12:27:11,949 - RLController - INFO -   Example: junction D5 -> durations [13, 13, 51, 13] (total: 90s)
2026-09-24 12:27:11,949 - RLController - INFO -   Example: junction E0 -> durations [24, 22, 22, 22] (total: 90s)
2026-09-24 12:27:11,949 - RLController - INFO -   Example: junction E1 -> durations [24, 22, 22, 22] (total: 90s)
2026-09-24 12:27:11,950 - RLController - INFO -   Stored schedules for 34 junctions, cycle starts at step 2430
2026-09-24 12:27:14,858 - RLController - INFO - DIAGNOSTIC Step 2520 - Observation stats:
2026-09-24 12:27:14,858 - RLController - INFO -   Hash: -5294813276721264013, Min: 0.000000, Max: 1.000000, Mean: 0.421592, Std: 0.454039
2026-09-24 12:27:14,859 - RLController - INFO -   First 10: [1.  0.  0.  0.  0.  0.5 1.  0.  0.  0. ]
2026-09-24 12:27:14,859 - RLController - INFO -   Last 10: [0.         0.2        0.         0.08333334 0.4679487  0.00264722
 0.07166667 0.5422354  0.         0.3       ]
2026-09-24 12:27:14,864 - RLController - INFO - DIAGNOSTIC - Raw model action output:
2026-09-24 12:27:14,864 - RLController - INFO -   Action hash: -8849913102995098681
2026-09-24 12:27:14,865 - RLController - INFO -   First 8 values: [ -7.2784147 -10.        -10.        -10.        -10.        -10.
 -10.        -10.       ]
2026-09-24 12:27:14,865 - RLController - INFO -   Last 8 values: [-10.        -10.        -10.        -10.        -10.         -1.5462494
 -10.        -10.       ]
2026-09-24 12:27:14,865 - RLController - INFO -   Action shape: (136,), min: -10.000000, max: 5.513169, mean: -9.220148
2026-09-24 12:27:14,865 - RLController - INFO -   B0 junction (indices 16-19) raw values: [ -9.505051 -10.       -10.       -10.      ]
2026-09-24 12:27:14,865 - RLController - INFO - Using CONTINUOUS DURATION-BASED mode
2026-09-24 12:27:14,866 - RLController - INFO -   Example: junction A0 -> durations [51, 13, 13, 13] (total: 90s)
2026-09-24 12:27:14,866 - RLController - INFO -   Example: junction A1 -> durations [24, 22, 22, 22] (total: 90s)
2026-09-24 12:27:14,866 - RLController - INFO -   Example: junction A2 -> durations [12, 12, 54, 12] (total: 90s)
2026-09-24 12:27:14,866 - RLController - INFO -   Example: junction A4 -> durations [60, 10, 10, 10] (total: 90s)
2026-09-24 12:27:14,866 - RLController - INFO -   Example: junction A5 -> durations [24, 22, 22, 22] (total: 90s)
2026-09-24 12:27:14,866 - RLController - INFO -   Example: junction B0 -> durations [24, 22, 22, 22] (total: 90s)
2026-09-24 12:27:14,866 - RLController - INFO -   Example: junction B1 -> durations [24, 22, 22, 22] (total: 90s)
2026-09-24 12:27:14,866 - RLController - INFO -   Example: junction B2 -> durations [24, 22, 22, 22] (total: 90s)
2026-09-24 12:27:14,867 - RLController - INFO -   Example: junction B4 -> durations [24, 22, 22, 22] (total: 90s)
2026-09-24 12:27:14,867 - RLController - INFO -   Example: junction B5 -> durations [60, 10, 10, 10] (total: 90s)
2026-09-24 12:27:14,867 - RLController - INFO -   Example: junction C0 -> durations [22, 22, 24, 22] (total: 90s)
2026-09-24 12:27:14,867 - RLController - INFO -   Example: junction C1 -> durations [24, 22, 22, 22] (total: 90s)
2026-09-24 12:27:14,867 - RLController - INFO -   Example: junction C2 -> durations [57, 13, 10, 10] (total: 90s)
2026-09-24 12:27:14,867 - RLController - INFO -   Example: junction C3 -> durations [60, 10, 10, 10] (total: 90s)
2026-09-24 12:27:14,867 - RLController - INFO -   Example: junction C4 -> durations [57, 11, 11, 11] (total: 90s)
2026-09-24 12:27:14,867 - RLController - INFO -   Example: junction C5 -> durations [57, 11, 11, 11] (total: 90s)
2026-09-24 12:27:14,868 - RLController - INFO -   Example: junction D0 -> durations [24, 22, 22, 22] (total: 90s)
2026-09-24 12:27:14,868 - RLController - INFO -   Example: junction D1 -> durations [21, 21, 27, 21] (total: 90s)
2026-09-24 12:27:14,868 - RLController - INFO -   Example: junction D2 -> durations [45, 15, 15, 15] (total: 90s)
2026-09-24 12:27:14,868 - RLController - INFO -   Example: junction D3 -> durations [24, 22, 22, 22] (total: 90s)
2026-09-24 12:27:14,868 - RLController - INFO -   Example: junction D4 -> durations [24, 22, 22, 22] (total: 90s)
2026-09-24 12:27:14,868 - RLController - INFO -   Example: junction D5 -> durations [13, 13, 51, 13] (total: 90s)
2026-09-24 12:27:14,868 - RLController - INFO -   Example: junction E0 -> durations [24, 22, 22, 22] (total: 90s)
2026-09-24 12:27:14,868 - RLController - INFO -   Example: junction E1 -> durations [24, 22, 22, 22] (total: 90s)
2026-09-24 12:27:14,869 - RLController - INFO -   Stored schedules for 34 junctions, cycle starts at step 2520
2026-09-24 12:27:18,609 - RLController - INFO - DIAGNOSTIC Step 2610 - Observation stats:
2026-09-24 12:27:18,610 - RLController - INFO -   Hash: 6212735388135350517, Min: 0.000000, Max: 1.000062, Mean: 0.423045, Std: 0.456246
2026-09-24 12:27:18,610 - RLController - INFO -   First 10: [1.         0.         0.         0.         0.         0.5
 0.         1.         0.99333334 1.        ]
2026-09-24 12:27:18,611 - RLController - INFO -   Last 10: [0.         0.2        0.         0.08333334 0.48290598 0.00286739
 0.07423077 0.53092206 0.         0.3       ]
2026-09-24 12:27:18,619 - RLController - INFO - DIAGNOSTIC - Raw model action output:
2026-09-24 12:27:18,619 - RLController - INFO -   Action hash: 5529554573110506870
2026-09-24 12:27:18,620 - RLController - INFO -   First 8 values: [ -7.08753 -10.      -10.      -10.      -10.      -10.      -10.
 -10.     ]
2026-09-24 12:27:18,620 - RLController - INFO -   Last 8 values: [-10.       -10.       -10.       -10.       -10.        -2.433184
 -10.       -10.      ]
2026-09-24 12:27:18,620 - RLController - INFO -   Action shape: (136,), min: -10.000000, max: 4.691755, mean: -9.254794
2026-09-24 12:27:18,621 - RLController - INFO -   B0 junction (indices 16-19) raw values: [-10. -10. -10. -10.]
2026-09-24 12:27:18,621 - RLController - INFO - Using CONTINUOUS DURATION-BASED mode
2026-09-24 12:27:18,621 - RLController - INFO -   Example: junction A0 -> durations [51, 13, 13, 13] (total: 90s)
2026-09-24 12:27:18,621 - RLController - INFO -   Example: junction A1 -> durations [24, 22, 22, 22] (total: 90s)
2026-09-24 12:27:18,622 - RLController - INFO -   Example: junction A2 -> durations [12, 12, 54, 12] (total: 90s)
2026-09-24 12:27:18,622 - RLController - INFO -   Example: junction A4 -> durations [60, 10, 10, 10] (total: 90s)
2026-09-24 12:27:18,622 - RLController - INFO -   Example: junction A5 -> durations [24, 22, 22, 22] (total: 90s)
2026-09-24 12:27:18,622 - RLController - INFO -   Example: junction B0 -> durations [24, 22, 22, 22] (total: 90s)
2026-09-24 12:27:18,622 - RLController - INFO -   Example: junction B1 -> durations [24, 22, 22, 22] (total: 90s)
2026-09-24 12:27:18,623 - RLController - INFO -   Example: junction B2 -> durations [24, 22, 22, 22] (total: 90s)
2026-09-24 12:27:18,623 - RLController - INFO -   Example: junction B4 -> durations [24, 22, 22, 22] (total: 90s)
2026-09-24 12:27:18,623 - RLController - INFO -   Example: junction B5 -> durations [60, 10, 10, 10] (total: 90s)
2026-09-24 12:27:18,623 - RLController - INFO -   Example: junction C0 -> durations [22, 22, 24, 22] (total: 90s)
2026-09-24 12:27:18,624 - RLController - INFO -   Example: junction C1 -> durations [24, 22, 22, 22] (total: 90s)
2026-09-24 12:27:18,624 - RLController - INFO -   Example: junction C2 -> durations [57, 13, 10, 10] (total: 90s)
2026-09-24 12:27:18,624 - RLController - INFO -   Example: junction C3 -> durations [60, 10, 10, 10] (total: 90s)
2026-09-24 12:27:18,625 - RLController - INFO -   Example: junction C4 -> durations [57, 11, 11, 11] (total: 90s)
2026-09-24 12:27:18,625 - RLController - INFO -   Example: junction C5 -> durations [57, 11, 11, 11] (total: 90s)
2026-09-24 12:27:18,625 - RLController - INFO -   Example: junction D0 -> durations [24, 22, 22, 22] (total: 90s)
2026-09-24 12:27:18,625 - RLController - INFO -   Example: junction D1 -> durations [21, 21, 27, 21] (total: 90s)
2026-09-24 12:27:18,625 - RLController - INFO -   Example: junction D2 -> durations [45, 15, 15, 15] (total: 90s)
2026-09-24 12:27:18,626 - RLController - INFO -   Example: junction D3 -> durations [24, 22, 22, 22] (total: 90s)
2026-09-24 12:27:18,626 - RLController - INFO -   Example: junction D4 -> durations [24, 22, 22, 22] (total: 90s)
2026-09-24 12:27:18,626 - RLController - INFO -   Example: junction D5 -> durations [13, 13, 51, 13] (total: 90s)
2026-09-24 12:27:18,627 - RLController - INFO -   Example: junction E0 -> durations [24, 22, 22, 22] (total: 90s)
2026-09-24 12:27:18,627 - RLController - INFO -   Example: junction E1 -> durations [24, 22, 22, 22] (total: 90s)
2026-09-24 12:27:18,628 - RLController - INFO -   Stored schedules for 34 junctions, cycle starts at step 2610
2026-09-24 12:27:22,326 - RLController - INFO - DIAGNOSTIC Step 2700 - Observation stats:
2026-09-24 12:27:22,326 - RLController - INFO -   Hash: 7660142246329089403, Min: 0.000000, Max: 1.000000, Mean: 0.424310, Std: 0.455455
2026-09-24 12:27:22,327 - RLController - INFO -   First 10: [1.  0.  0.  0.  0.  0.5 1.  0.  0.  0. ]
2026-09-24 12:27:22,327 - RLController - INFO -   Last 10: [0.         0.2        0.         0.08333334 0.48076922 0.00351389
 0.07504273 0.5410491  0.         0.3       ]
2026-09-24 12:27:22,341 - RLController - INFO - DIAGNOSTIC - Raw model action output:
2026-09-24 12:27:22,341 - RLController - INFO -   Action hash: -602918043821831808
2026-09-24 12:27:22,342 - RLController - INFO -   First 8 values: [ -7.479692 -10.       -10.       -10.       -10.       -10.
 -10.       -10.      ]
2026-09-24 12:27:22,342 - RLController - INFO -   Last 8 values: [-10.        -10.        -10.        -10.        -10.         -2.6019952
 -10.        -10.       ]
2026-09-24 12:27:22,342 - RLController - INFO -   Action shape: (136,), min: -10.000000, max: 4.426827, mean: -9.248833
2026-09-24 12:27:22,343 - RLController - INFO -   B0 junction (indices 16-19) raw values: [ -9.780214 -10.       -10.       -10.      ]
2026-09-24 12:27:22,343 - RLController - INFO - Using CONTINUOUS DURATION-BASED mode
2026-09-24 12:27:22,343 - RLController - INFO -   Example: junction A0 -> durations [51, 13, 13, 13] (total: 90s)
2026-09-24 12:27:22,343 - RLController - INFO -   Example: junction A1 -> durations [24, 22, 22, 22] (total: 90s)
2026-09-24 12:27:22,343 - RLController - INFO -   Example: junction A2 -> durations [12, 12, 54, 12] (total: 90s)
2026-09-24 12:27:22,343 - RLController - INFO -   Example: junction A4 -> durations [60, 10, 10, 10] (total: 90s)
2026-09-24 12:27:22,343 - RLController - INFO -   Example: junction A5 -> durations [24, 22, 22, 22] (total: 90s)
2026-09-24 12:27:22,343 - RLController - INFO -   Example: junction B0 -> durations [24, 22, 22, 22] (total: 90s)
2026-09-24 12:27:22,344 - RLController - INFO -   Example: junction B1 -> durations [24, 22, 22, 22] (total: 90s)
2026-09-24 12:27:22,344 - RLController - INFO -   Example: junction B2 -> durations [24, 22, 22, 22] (total: 90s)
2026-09-24 12:27:22,345 - RLController - INFO -   Example: junction B4 -> durations [24, 22, 22, 22] (total: 90s)
2026-09-24 12:27:22,345 - RLController - INFO -   Example: junction B5 -> durations [60, 10, 10, 10] (total: 90s)
2026-09-24 12:27:22,345 - RLController - INFO -   Example: junction C0 -> durations [22, 22, 24, 22] (total: 90s)
2026-09-24 12:27:22,345 - RLController - INFO -   Example: junction C1 -> durations [24, 22, 22, 22] (total: 90s)
2026-09-24 12:27:22,345 - RLController - INFO -   Example: junction C2 -> durations [57, 13, 10, 10] (total: 90s)
2026-09-24 12:27:22,345 - RLController - INFO -   Example: junction C3 -> durations [60, 10, 10, 10] (total: 90s)
2026-09-24 12:27:22,345 - RLController - INFO -   Example: junction C4 -> durations [57, 11, 11, 11] (total: 90s)
2026-09-24 12:27:22,346 - RLController - INFO -   Example: junction C5 -> durations [57, 11, 11, 11] (total: 90s)
2026-09-24 12:27:22,346 - RLController - INFO -   Example: junction D0 -> durations [24, 22, 22, 22] (total: 90s)
2026-09-24 12:27:22,346 - RLController - INFO -   Example: junction D1 -> durations [21, 21, 27, 21] (total: 90s)
2026-09-24 12:27:22,346 - RLController - INFO -   Example: junction D2 -> durations [45, 15, 15, 15] (total: 90s)
2026-09-24 12:27:22,346 - RLController - INFO -   Example: junction D3 -> durations [24, 22, 22, 22] (total: 90s)
2026-09-24 12:27:22,346 - RLController - INFO -   Example: junction D4 -> durations [24, 22, 22, 22] (total: 90s)
2026-09-24 12:27:22,347 - RLController - INFO -   Example: junction D5 -> durations [13, 13, 51, 13] (total: 90s)
2026-09-24 12:27:22,347 - RLController - INFO -   Example: junction E0 -> durations [24, 22, 22, 22] (total: 90s)
2026-09-24 12:27:22,347 - RLController - INFO -   Example: junction E1 -> durations [24, 22, 22, 22] (total: 90s)
2026-09-24 12:27:22,347 - RLController - INFO -   Stored schedules for 34 junctions, cycle starts at step 2700
2026-09-24 12:27:25,813 - RLController - INFO - DIAGNOSTIC Step 2790 - Observation stats:
2026-09-24 12:27:25,813 - RLController - INFO -   Hash: -7011941452278737527, Min: 0.000000, Max: 1.000000, Mean: 0.426426, Std: 0.454553
2026-09-24 12:27:25,814 - RLController - INFO -   First 10: [1.         0.         0.         0.         0.         0.5
 0.         0.         0.99333334 1.        ]
2026-09-24 12:27:25,814 - RLController - INFO -   Last 10: [0.         0.2        0.         0.08333334 0.46153846 0.00393316
 0.07512821 0.55926156 0.         0.3       ]
2026-09-24 12:27:25,853 - RLController - INFO - DIAGNOSTIC - Raw model action output:
2026-09-24 12:27:25,853 - RLController - INFO -   Action hash: -521388644610450044
2026-09-24 12:27:25,853 - RLController - INFO -   First 8 values: [ -7.276781 -10.       -10.       -10.       -10.       -10.
 -10.       -10.      ]
2026-09-24 12:27:25,854 - RLController - INFO -   Last 8 values: [-10.        -10.        -10.        -10.        -10.         -1.9812076
 -10.        -10.       ]
2026-09-24 12:27:25,854 - RLController - INFO -   Action shape: (136,), min: -10.000000, max: 4.822659, mean: -9.246887
2026-09-24 12:27:25,854 - RLController - INFO -   B0 junction (indices 16-19) raw values: [ -9.361209 -10.       -10.       -10.      ]
2026-09-24 12:27:25,854 - RLController - INFO - Using CONTINUOUS DURATION-BASED mode
2026-09-24 12:27:25,855 - RLController - INFO -   Example: junction A0 -> durations [51, 13, 13, 13] (total: 90s)
2026-09-24 12:27:25,855 - RLController - INFO -   Example: junction A1 -> durations [24, 22, 22, 22] (total: 90s)
2026-09-24 12:27:25,855 - RLController - INFO -   Example: junction A2 -> durations [12, 12, 54, 12] (total: 90s)
2026-09-24 12:27:25,855 - RLController - INFO -   Example: junction A4 -> durations [60, 10, 10, 10] (total: 90s)
2026-09-24 12:27:25,855 - RLController - INFO -   Example: junction A5 -> durations [24, 22, 22, 22] (total: 90s)
2026-09-24 12:27:25,855 - RLController - INFO -   Example: junction B0 -> durations [24, 22, 22, 22] (total: 90s)
2026-09-24 12:27:25,855 - RLController - INFO -   Example: junction B1 -> durations [24, 22, 22, 22] (total: 90s)
2026-09-24 12:27:25,855 - RLController - INFO -   Example: junction B2 -> durations [24, 22, 22, 22] (total: 90s)
2026-09-24 12:27:25,855 - RLController - INFO -   Example: junction B4 -> durations [24, 22, 22, 22] (total: 90s)
2026-09-24 12:27:25,856 - RLController - INFO -   Example: junction B5 -> durations [60, 10, 10, 10] (total: 90s)
2026-09-24 12:27:25,856 - RLController - INFO -   Example: junction C0 -> durations [22, 22, 24, 22] (total: 90s)
2026-09-24 12:27:25,856 - RLController - INFO -   Example: junction C1 -> durations [24, 22, 22, 22] (total: 90s)
2026-09-24 12:27:25,856 - RLController - INFO -   Example: junction C2 -> durations [57, 13, 10, 10] (total: 90s)
2026-09-24 12:27:25,856 - RLController - INFO -   Example: junction C3 -> durations [60, 10, 10, 10] (total: 90s)
2026-09-24 12:27:25,856 - RLController - INFO -   Example: junction C4 -> durations [57, 11, 11, 11] (total: 90s)
2026-09-24 12:27:25,856 - RLController - INFO -   Example: junction C5 -> durations [57, 11, 11, 11] (total: 90s)
2026-09-24 12:27:25,856 - RLController - INFO -   Example: junction D0 -> durations [24, 22, 22, 22] (total: 90s)
2026-09-24 12:27:25,856 - RLController - INFO -   Example: junction D1 -> durations [21, 21, 27, 21] (total: 90s)
2026-09-24 12:27:25,856 - RLController - INFO -   Example: junction D2 -> durations [45, 15, 15, 15] (total: 90s)
2026-09-24 12:27:25,857 - RLController - INFO -   Example: junction D3 -> durations [24, 22, 22, 22] (total: 90s)
2026-09-24 12:27:25,857 - RLController - INFO -   Example: junction D4 -> durations [24, 22, 22, 22] (total: 90s)
2026-09-24 12:27:25,857 - RLController - INFO -   Example: junction D5 -> durations [13, 13, 51, 13] (total: 90s)
2026-09-24 12:27:25,857 - RLController - INFO -   Example: junction E0 -> durations [24, 22, 22, 22] (total: 90s)
2026-09-24 12:27:25,857 - RLController - INFO -   Example: junction E1 -> durations [24, 22, 22, 22] (total: 90s)
2026-09-24 12:27:25,858 - RLController - INFO -   Stored schedules for 34 junctions, cycle starts at step 2790
2026-09-24 12:27:29,088 - RLController - INFO - DIAGNOSTIC Step 2880 - Observation stats:
2026-09-24 12:27:29,088 - RLController - INFO -   Hash: -9028167034719144972, Min: 0.000000, Max: 1.000000, Mean: 0.423332, Std: 0.453896
2026-09-24 12:27:29,089 - RLController - INFO -   First 10: [1.         0.         0.         0.         0.         0.5
 0.         1.         0.99333334 1.        ]
2026-09-24 12:27:29,089 - RLController - INFO -   Last 10: [0.         0.2        0.         0.08333334 0.4764957  0.00370196
 0.07461538 0.5464571  0.         0.3       ]
2026-09-24 12:27:29,095 - RLController - INFO - DIAGNOSTIC - Raw model action output:
2026-09-24 12:27:29,095 - RLController - INFO -   Action hash: -7483239534869468483
2026-09-24 12:27:29,095 - RLController - INFO -   First 8 values: [ -7.433296 -10.       -10.       -10.       -10.       -10.
 -10.       -10.      ]
2026-09-24 12:27:29,095 - RLController - INFO -   Last 8 values: [-10.       -10.       -10.       -10.       -10.        -2.812616
 -10.       -10.      ]
2026-09-24 12:27:29,095 - RLController - INFO -   Action shape: (136,), min: -10.000000, max: 4.901987, mean: -9.260457
2026-09-24 12:27:29,096 - RLController - INFO -   B0 junction (indices 16-19) raw values: [ -9.723718 -10.       -10.       -10.      ]
2026-09-24 12:27:29,096 - RLController - INFO - Using CONTINUOUS DURATION-BASED mode
2026-09-24 12:27:29,096 - RLController - INFO -   Example: junction A0 -> durations [51, 13, 13, 13] (total: 90s)
2026-09-24 12:27:29,096 - RLController - INFO -   Example: junction A1 -> durations [24, 22, 22, 22] (total: 90s)
2026-09-24 12:27:29,096 - RLController - INFO -   Example: junction A2 -> durations [12, 12, 54, 12] (total: 90s)
2026-09-24 12:27:29,096 - RLController - INFO -   Example: junction A4 -> durations [60, 10, 10, 10] (total: 90s)
2026-09-24 12:27:29,097 - RLController - INFO -   Example: junction A5 -> durations [24, 22, 22, 22] (total: 90s)
2026-09-24 12:27:29,097 - RLController - INFO -   Example: junction B0 -> durations [24, 22, 22, 22] (total: 90s)
2026-09-24 12:27:29,097 - RLController - INFO -   Example: junction B1 -> durations [24, 22, 22, 22] (total: 90s)
2026-09-24 12:27:29,097 - RLController - INFO -   Example: junction B2 -> durations [24, 22, 22, 22] (total: 90s)
2026-09-24 12:27:29,097 - RLController - INFO -   Example: junction B4 -> durations [24, 22, 22, 22] (total: 90s)
2026-09-24 12:27:29,097 - RLController - INFO -   Example: junction B5 -> durations [60, 10, 10, 10] (total: 90s)
2026-09-24 12:27:29,098 - RLController - INFO -   Example: junction C0 -> durations [22, 22, 24, 22] (total: 90s)
2026-09-24 12:27:29,098 - RLController - INFO -   Example: junction C1 -> durations [24, 22, 22, 22] (total: 90s)
2026-09-24 12:27:29,098 - RLController - INFO -   Example: junction C2 -> durations [57, 13, 10, 10] (total: 90s)
2026-09-24 12:27:29,098 - RLController - INFO -   Example: junction C3 -> durations [60, 10, 10, 10] (total: 90s)
2026-09-24 12:27:29,098 - RLController - INFO -   Example: junction C4 -> durations [57, 11, 11, 11] (total: 90s)
2026-09-24 12:27:29,098 - RLController - INFO -   Example: junction C5 -> durations [57, 11, 11, 11] (total: 90s)
2026-09-24 12:27:29,098 - RLController - INFO -   Example: junction D0 -> durations [24, 22, 22, 22] (total: 90s)
2026-09-24 12:27:29,098 - RLController - INFO -   Example: junction D1 -> durations [21, 21, 27, 21] (total: 90s)
2026-09-24 12:27:29,099 - RLController - INFO -   Example: junction D2 -> durations [45, 15, 15, 15] (total: 90s)
2026-09-24 12:27:29,099 - RLController - INFO -   Example: junction D3 -> durations [24, 22, 22, 22] (total: 90s)
2026-09-24 12:27:29,099 - RLController - INFO -   Example: junction D4 -> durations [24, 22, 22, 22] (total: 90s)
2026-09-24 12:27:29,099 - RLController - INFO -   Example: junction D5 -> durations [13, 13, 51, 13] (total: 90s)
2026-09-24 12:27:29,099 - RLController - INFO -   Example: junction E0 -> durations [24, 22, 22, 22] (total: 90s)
2026-09-24 12:27:29,099 - RLController - INFO -   Example: junction E1 -> durations [24, 22, 22, 22] (total: 90s)
2026-09-24 12:27:29,100 - RLController - INFO -   Stored schedules for 34 junctions, cycle starts at step 2880
2026-09-24 12:27:32,195 - RLController - INFO - DIAGNOSTIC Step 2970 - Observation stats:
2026-09-24 12:27:32,196 - RLController - INFO -   Hash: -19565174903542757, Min: 0.000000, Max: 1.000000, Mean: 0.424766, Std: 0.454639
2026-09-24 12:27:32,196 - RLController - INFO -   First 10: [1.         0.         0.         0.         0.         0.5
 0.         1.         0.99333334 1.        ]
2026-09-24 12:27:32,196 - RLController - INFO -   Last 10: [0.         0.2        0.         0.08333334 0.4764957  0.00341383
 0.07547008 0.54526544 0.         0.3       ]
2026-09-24 12:27:32,201 - RLController - INFO - DIAGNOSTIC - Raw model action output:
2026-09-24 12:27:32,201 - RLController - INFO -   Action hash: -3329972125059016055
2026-09-24 12:27:32,201 - RLController - INFO -   First 8 values: [ -7.142385 -10.       -10.       -10.       -10.       -10.
 -10.       -10.      ]
2026-09-24 12:27:32,201 - RLController - INFO -   Last 8 values: [-10.        -10.        -10.        -10.        -10.         -3.2273252
 -10.        -10.       ]
2026-09-24 12:27:32,202 - RLController - INFO -   Action shape: (136,), min: -10.000000, max: 4.834640, mean: -9.238699
2026-09-24 12:27:32,202 - RLController - INFO -   B0 junction (indices 16-19) raw values: [ -9.744037 -10.       -10.       -10.      ]
2026-09-24 12:27:32,202 - RLController - INFO - Using CONTINUOUS DURATION-BASED mode
2026-09-24 12:27:32,202 - RLController - INFO -   Example: junction A0 -> durations [51, 13, 13, 13] (total: 90s)
2026-09-24 12:27:32,202 - RLController - INFO -   Example: junction A1 -> durations [24, 22, 22, 22] (total: 90s)
2026-09-24 12:27:32,202 - RLController - INFO -   Example: junction A2 -> durations [12, 12, 54, 12] (total: 90s)
2026-09-24 12:27:32,202 - RLController - INFO -   Example: junction A4 -> durations [60, 10, 10, 10] (total: 90s)
2026-09-24 12:27:32,203 - RLController - INFO -   Example: junction A5 -> durations [24, 22, 22, 22] (total: 90s)
2026-09-24 12:27:32,203 - RLController - INFO -   Example: junction B0 -> durations [24, 22, 22, 22] (total: 90s)
2026-09-24 12:27:32,203 - RLController - INFO -   Example: junction B1 -> durations [24, 22, 22, 22] (total: 90s)
2026-09-24 12:27:32,203 - RLController - INFO -   Example: junction B2 -> durations [24, 22, 22, 22] (total: 90s)
2026-09-24 12:27:32,203 - RLController - INFO -   Example: junction B4 -> durations [24, 22, 22, 22] (total: 90s)
2026-09-24 12:27:32,203 - RLController - INFO -   Example: junction B5 -> durations [60, 10, 10, 10] (total: 90s)
2026-09-24 12:27:32,203 - RLController - INFO -   Example: junction C0 -> durations [22, 22, 24, 22] (total: 90s)
2026-09-24 12:27:32,204 - RLController - INFO -   Example: junction C1 -> durations [24, 22, 22, 22] (total: 90s)
2026-09-24 12:27:32,204 - RLController - INFO -   Example: junction C2 -> durations [57, 13, 10, 10] (total: 90s)
2026-09-24 12:27:32,204 - RLController - INFO -   Example: junction C3 -> durations [60, 10, 10, 10] (total: 90s)
2026-09-24 12:27:32,205 - RLController - INFO -   Example: junction C4 -> durations [57, 11, 11, 11] (total: 90s)
2026-09-24 12:27:32,205 - RLController - INFO -   Example: junction C5 -> durations [57, 11, 11, 11] (total: 90s)
2026-09-24 12:27:32,205 - RLController - INFO -   Example: junction D0 -> durations [24, 22, 22, 22] (total: 90s)
2026-09-24 12:27:32,205 - RLController - INFO -   Example: junction D1 -> durations [21, 21, 27, 21] (total: 90s)
2026-09-24 12:27:32,205 - RLController - INFO -   Example: junction D2 -> durations [45, 15, 15, 15] (total: 90s)
2026-09-24 12:27:32,206 - RLController - INFO -   Example: junction D3 -> durations [24, 22, 22, 22] (total: 90s)
2026-09-24 12:27:32,206 - RLController - INFO -   Example: junction D4 -> durations [24, 22, 22, 22] (total: 90s)
2026-09-24 12:27:32,206 - RLController - INFO -   Example: junction D5 -> durations [13, 13, 51, 13] (total: 90s)
2026-09-24 12:27:32,206 - RLController - INFO -   Example: junction E0 -> durations [24, 22, 22, 22] (total: 90s)
2026-09-24 12:27:32,206 - RLController - INFO -   Example: junction E1 -> durations [24, 22, 22, 22] (total: 90s)
2026-09-24 12:27:32,207 - RLController - INFO -   Stored schedules for 34 junctions, cycle starts at step 2970
2026-09-24 12:27:36,104 - RLController - INFO - DIAGNOSTIC Step 3060 - Observation stats:
2026-09-24 12:27:36,118 - RLController - INFO -   Hash: -4127159695093243655, Min: 0.000000, Max: 1.000000, Mean: 0.434625, Std: 0.457623
2026-09-24 12:27:36,118 - RLController - INFO -   First 10: [1.         0.         0.         0.         0.         0.5
 0.         1.         0.99333334 1.        ]
2026-09-24 12:27:36,118 - RLController - INFO -   Last 10: [0.         0.2        0.         0.08333334 0.4871795  0.00287899
 0.0767094  0.527124   0.         0.3       ]
2026-09-24 12:27:36,123 - RLController - INFO - DIAGNOSTIC - Raw model action output:
2026-09-24 12:27:36,124 - RLController - INFO -   Action hash: 2469294467902228479
2026-09-24 12:27:36,124 - RLController - INFO -   First 8 values: [ -7.3863673 -10.        -10.        -10.        -10.        -10.
 -10.        -10.       ]
2026-09-24 12:27:36,124 - RLController - INFO -   Last 8 values: [-10.        -10.        -10.        -10.        -10.         -0.9835116
 -10.        -10.       ]
2026-09-24 12:27:36,125 - RLController - INFO -   Action shape: (136,), min: -10.000000, max: 5.040749, mean: -9.242492
2026-09-24 12:27:36,125 - RLController - INFO -   B0 junction (indices 16-19) raw values: [-10. -10. -10. -10.]
2026-09-24 12:27:36,125 - RLController - INFO - Using CONTINUOUS DURATION-BASED mode
2026-09-24 12:27:36,125 - RLController - INFO -   Example: junction A0 -> durations [51, 13, 13, 13] (total: 90s)
2026-09-24 12:27:36,125 - RLController - INFO -   Example: junction A1 -> durations [24, 22, 22, 22] (total: 90s)
2026-09-24 12:27:36,126 - RLController - INFO -   Example: junction A2 -> durations [12, 12, 54, 12] (total: 90s)
2026-09-24 12:27:36,126 - RLController - INFO -   Example: junction A4 -> durations [60, 10, 10, 10] (total: 90s)
2026-09-24 12:27:36,126 - RLController - INFO -   Example: junction A5 -> durations [24, 22, 22, 22] (total: 90s)
2026-09-24 12:27:36,126 - RLController - INFO -   Example: junction B0 -> durations [24, 22, 22, 22] (total: 90s)
2026-09-24 12:27:36,126 - RLController - INFO -   Example: junction B1 -> durations [24, 22, 22, 22] (total: 90s)
2026-09-24 12:27:36,127 - RLController - INFO -   Example: junction B2 -> durations [24, 22, 22, 22] (total: 90s)
2026-09-24 12:27:36,127 - RLController - INFO -   Example: junction B4 -> durations [24, 22, 22, 22] (total: 90s)
2026-09-24 12:27:36,127 - RLController - INFO -   Example: junction B5 -> durations [60, 10, 10, 10] (total: 90s)
2026-09-24 12:27:36,127 - RLController - INFO -   Example: junction C0 -> durations [22, 22, 24, 22] (total: 90s)
2026-09-24 12:27:36,127 - RLController - INFO -   Example: junction C1 -> durations [24, 22, 22, 22] (total: 90s)
2026-09-24 12:27:36,127 - RLController - INFO -   Example: junction C2 -> durations [57, 13, 10, 10] (total: 90s)
2026-09-24 12:27:36,127 - RLController - INFO -   Example: junction C3 -> durations [60, 10, 10, 10] (total: 90s)
2026-09-24 12:27:36,127 - RLController - INFO -   Example: junction C4 -> durations [57, 11, 11, 11] (total: 90s)
2026-09-24 12:27:36,127 - RLController - INFO -   Example: junction C5 -> durations [57, 11, 11, 11] (total: 90s)
2026-09-24 12:27:36,128 - RLController - INFO -   Example: junction D0 -> durations [24, 22, 22, 22] (total: 90s)
2026-09-24 12:27:36,128 - RLController - INFO -   Example: junction D1 -> durations [21, 21, 27, 21] (total: 90s)
2026-09-24 12:27:36,128 - RLController - INFO -   Example: junction D2 -> durations [45, 15, 15, 15] (total: 90s)
2026-09-24 12:27:36,128 - RLController - INFO -   Example: junction D3 -> durations [24, 22, 22, 22] (total: 90s)
2026-09-24 12:27:36,128 - RLController - INFO -   Example: junction D4 -> durations [24, 22, 22, 22] (total: 90s)
2026-09-24 12:27:36,128 - RLController - INFO -   Example: junction D5 -> durations [13, 13, 51, 13] (total: 90s)
2026-09-24 12:27:36,128 - RLController - INFO -   Example: junction E0 -> durations [24, 22, 22, 22] (total: 90s)
2026-09-24 12:27:36,128 - RLController - INFO -   Example: junction E1 -> durations [24, 22, 22, 22] (total: 90s)
2026-09-24 12:27:36,129 - RLController - INFO -   Stored schedules for 34 junctions, cycle starts at step 3060
2026-09-24 12:27:39,426 - RLController - INFO - DIAGNOSTIC Step 3150 - Observation stats:
2026-09-24 12:27:39,439 - RLController - INFO -   Hash: -4667106851967677771, Min: 0.000000, Max: 1.000000, Mean: 0.427422, Std: 0.455195
2026-09-24 12:27:39,439 - RLController - INFO -   First 10: [1.         0.         0.         0.         0.         0.5
 0.         1.         0.99333334 1.        ]
2026-09-24 12:27:39,439 - RLController - INFO -   Last 10: [0.         0.2        0.         0.08333334 0.48290598 0.00368924
 0.07688034 0.53885436 0.         0.3       ]
2026-09-24 12:27:39,455 - RLController - INFO - DIAGNOSTIC - Raw model action output:
2026-09-24 12:27:39,455 - RLController - INFO -   Action hash: -6833787445421314087
2026-09-24 12:27:39,455 - RLController - INFO -   First 8 values: [ -7.309752 -10.       -10.       -10.       -10.       -10.
 -10.       -10.      ]
2026-09-24 12:27:39,456 - RLController - INFO -   Last 8 values: [-10.        -10.        -10.        -10.        -10.         -2.6786573
 -10.        -10.       ]
2026-09-24 12:27:39,456 - RLController - INFO -   Action shape: (136,), min: -10.000000, max: 5.085800, mean: -9.282133
2026-09-24 12:27:39,456 - RLController - INFO -   B0 junction (indices 16-19) raw values: [-10. -10. -10. -10.]
2026-09-24 12:27:39,456 - RLController - INFO - Using CONTINUOUS DURATION-BASED mode
2026-09-24 12:27:39,456 - RLController - INFO -   Example: junction A0 -> durations [51, 13, 13, 13] (total: 90s)
2026-09-24 12:27:39,457 - RLController - INFO -   Example: junction A1 -> durations [24, 22, 22, 22] (total: 90s)
2026-09-24 12:27:39,457 - RLController - INFO -   Example: junction A2 -> durations [12, 12, 54, 12] (total: 90s)
2026-09-24 12:27:39,457 - RLController - INFO -   Example: junction A4 -> durations [60, 10, 10, 10] (total: 90s)
2026-09-24 12:27:39,457 - RLController - INFO -   Example: junction A5 -> durations [24, 22, 22, 22] (total: 90s)
2026-09-24 12:27:39,457 - RLController - INFO -   Example: junction B0 -> durations [24, 22, 22, 22] (total: 90s)
2026-09-24 12:27:39,457 - RLController - INFO -   Example: junction B1 -> durations [24, 22, 22, 22] (total: 90s)
2026-09-24 12:27:39,457 - RLController - INFO -   Example: junction B2 -> durations [24, 22, 22, 22] (total: 90s)
2026-09-24 12:27:39,458 - RLController - INFO -   Example: junction B4 -> durations [24, 22, 22, 22] (total: 90s)
2026-09-24 12:27:39,458 - RLController - INFO -   Example: junction B5 -> durations [60, 10, 10, 10] (total: 90s)
2026-09-24 12:27:39,458 - RLController - INFO -   Example: junction C0 -> durations [22, 22, 24, 22] (total: 90s)
2026-09-24 12:27:39,458 - RLController - INFO -   Example: junction C1 -> durations [24, 22, 22, 22] (total: 90s)
2026-09-24 12:27:39,458 - RLController - INFO -   Example: junction C2 -> durations [57, 13, 10, 10] (total: 90s)
2026-09-24 12:27:39,458 - RLController - INFO -   Example: junction C3 -> durations [60, 10, 10, 10] (total: 90s)
2026-09-24 12:27:39,458 - RLController - INFO -   Example: junction C4 -> durations [57, 11, 11, 11] (total: 90s)
2026-09-24 12:27:39,459 - RLController - INFO -   Example: junction C5 -> durations [57, 11, 11, 11] (total: 90s)
2026-09-24 12:27:39,459 - RLController - INFO -   Example: junction D0 -> durations [24, 22, 22, 22] (total: 90s)
2026-09-24 12:27:39,459 - RLController - INFO -   Example: junction D1 -> durations [21, 21, 27, 21] (total: 90s)
2026-09-24 12:27:39,459 - RLController - INFO -   Example: junction D2 -> durations [45, 15, 15, 15] (total: 90s)
2026-09-24 12:27:39,459 - RLController - INFO -   Example: junction D3 -> durations [24, 22, 22, 22] (total: 90s)
2026-09-24 12:27:39,459 - RLController - INFO -   Example: junction D4 -> durations [24, 22, 22, 22] (total: 90s)
2026-09-24 12:27:39,460 - RLController - INFO -   Example: junction D5 -> durations [13, 13, 51, 13] (total: 90s)
2026-09-24 12:27:39,460 - RLController - INFO -   Example: junction E0 -> durations [24, 22, 22, 22] (total: 90s)
2026-09-24 12:27:39,460 - RLController - INFO -   Example: junction E1 -> durations [24, 22, 22, 22] (total: 90s)
2026-09-24 12:27:39,461 - RLController - INFO -   Stored schedules for 34 junctions, cycle starts at step 3150
2026-09-24 12:27:43,056 - RLController - INFO - DIAGNOSTIC Step 3240 - Observation stats:
2026-09-24 12:27:43,056 - RLController - INFO -   Hash: 6159292984477807174, Min: 0.000000, Max: 1.000000, Mean: 0.432697, Std: 0.455356
2026-09-24 12:27:43,056 - RLController - INFO -   First 10: [1.         0.         0.         0.         0.         0.5
 0.         1.         0.99333334 1.        ]
2026-09-24 12:27:43,057 - RLController - INFO -   Last 10: [0.         0.2        0.         0.08333334 0.48290598 0.00319088
 0.07619658 0.5385126  0.         0.3       ]
2026-09-24 12:27:43,120 - RLController - INFO - DIAGNOSTIC - Raw model action output:
2026-09-24 12:27:43,120 - RLController - INFO -   Action hash: 4168349524376683571
2026-09-24 12:27:43,121 - RLController - INFO -   First 8 values: [ -7.4417777 -10.        -10.        -10.        -10.        -10.
 -10.        -10.       ]
2026-09-24 12:27:43,121 - RLController - INFO -   Last 8 values: [-10.        -10.        -10.        -10.        -10.         -3.2530935
 -10.        -10.       ]
2026-09-24 12:27:43,121 - RLController - INFO -   Action shape: (136,), min: -10.000000, max: 5.338369, mean: -9.299623
2026-09-24 12:27:43,121 - RLController - INFO -   B0 junction (indices 16-19) raw values: [-10. -10. -10. -10.]
2026-09-24 12:27:43,121 - RLController - INFO - Using CONTINUOUS DURATION-BASED mode
2026-09-24 12:27:43,122 - RLController - INFO -   Example: junction A0 -> durations [51, 13, 13, 13] (total: 90s)
2026-09-24 12:27:43,122 - RLController - INFO -   Example: junction A1 -> durations [24, 22, 22, 22] (total: 90s)
2026-09-24 12:27:43,122 - RLController - INFO -   Example: junction A2 -> durations [12, 12, 54, 12] (total: 90s)
2026-09-24 12:27:43,122 - RLController - INFO -   Example: junction A4 -> durations [60, 10, 10, 10] (total: 90s)
2026-09-24 12:27:43,122 - RLController - INFO -   Example: junction A5 -> durations [24, 22, 22, 22] (total: 90s)
2026-09-24 12:27:43,122 - RLController - INFO -   Example: junction B0 -> durations [24, 22, 22, 22] (total: 90s)
2026-09-24 12:27:43,123 - RLController - INFO -   Example: junction B1 -> durations [24, 22, 22, 22] (total: 90s)
2026-09-24 12:27:43,123 - RLController - INFO -   Example: junction B2 -> durations [24, 22, 22, 22] (total: 90s)
2026-09-24 12:27:43,123 - RLController - INFO -   Example: junction B4 -> durations [24, 22, 22, 22] (total: 90s)
2026-09-24 12:27:43,123 - RLController - INFO -   Example: junction B5 -> durations [60, 10, 10, 10] (total: 90s)
2026-09-24 12:27:43,123 - RLController - INFO -   Example: junction C0 -> durations [22, 22, 24, 22] (total: 90s)
2026-09-24 12:27:43,123 - RLController - INFO -   Example: junction C1 -> durations [24, 22, 22, 22] (total: 90s)
2026-09-24 12:27:43,123 - RLController - INFO -   Example: junction C2 -> durations [57, 13, 10, 10] (total: 90s)
2026-09-24 12:27:43,123 - RLController - INFO -   Example: junction C3 -> durations [60, 10, 10, 10] (total: 90s)
2026-09-24 12:27:43,124 - RLController - INFO -   Example: junction C4 -> durations [57, 11, 11, 11] (total: 90s)
2026-09-24 12:27:43,124 - RLController - INFO -   Example: junction C5 -> durations [57, 11, 11, 11] (total: 90s)
2026-09-24 12:27:43,124 - RLController - INFO -   Example: junction D0 -> durations [24, 22, 22, 22] (total: 90s)
2026-09-24 12:27:43,124 - RLController - INFO -   Example: junction D1 -> durations [21, 21, 27, 21] (total: 90s)
2026-09-24 12:27:43,124 - RLController - INFO -   Example: junction D2 -> durations [45, 15, 15, 15] (total: 90s)
2026-09-24 12:27:43,125 - RLController - INFO -   Example: junction D3 -> durations [24, 22, 22, 22] (total: 90s)
2026-09-24 12:27:43,125 - RLController - INFO -   Example: junction D4 -> durations [24, 22, 22, 22] (total: 90s)
2026-09-24 12:27:43,125 - RLController - INFO -   Example: junction D5 -> durations [13, 13, 51, 13] (total: 90s)
2026-09-24 12:27:43,125 - RLController - INFO -   Example: junction E0 -> durations [24, 22, 22, 22] (total: 90s)
2026-09-24 12:27:43,125 - RLController - INFO -   Example: junction E1 -> durations [24, 22, 22, 22] (total: 90s)
2026-09-24 12:27:43,126 - RLController - INFO -   Stored schedules for 34 junctions, cycle starts at step 3240
2026-09-24 12:27:46,343 - RLController - INFO - DIAGNOSTIC Step 3330 - Observation stats:
2026-09-24 12:27:46,362 - RLController - INFO -   Hash: -5237438665374751902, Min: 0.000000, Max: 1.000000, Mean: 0.429528, Std: 0.453956
2026-09-24 12:27:46,362 - RLController - INFO -   First 10: [1.  0.  0.  0.  0.  0.5 1.  0.  0.  0. ]
2026-09-24 12:27:46,363 - RLController - INFO -   Last 10: [0.         0.2        0.         0.08333334 0.4722222  0.00332156
 0.07555556 0.5467895  0.         0.3       ]
2026-09-24 12:27:46,440 - RLController - INFO - DIAGNOSTIC - Raw model action output:
2026-09-24 12:27:46,440 - RLController - INFO -   Action hash: 9202106383299946921
2026-09-24 12:27:46,441 - RLController - INFO -   First 8 values: [ -7.10239 -10.      -10.      -10.      -10.      -10.      -10.
 -10.     ]
2026-09-24 12:27:46,441 - RLController - INFO -   Last 8 values: [-10.        -10.        -10.        -10.        -10.         -3.4352043
 -10.        -10.       ]
2026-09-24 12:27:46,441 - RLController - INFO -   Action shape: (136,), min: -10.000000, max: 4.448916, mean: -9.266965
2026-09-24 12:27:46,442 - RLController - INFO -   B0 junction (indices 16-19) raw values: [ -9.961485 -10.       -10.       -10.      ]
2026-09-24 12:27:46,442 - RLController - INFO - Using CONTINUOUS DURATION-BASED mode
2026-09-24 12:27:46,442 - RLController - INFO -   Example: junction A0 -> durations [51, 13, 13, 13] (total: 90s)
2026-09-24 12:27:46,442 - RLController - INFO -   Example: junction A1 -> durations [24, 22, 22, 22] (total: 90s)
2026-09-24 12:27:46,442 - RLController - INFO -   Example: junction A2 -> durations [12, 12, 54, 12] (total: 90s)
2026-09-24 12:27:46,442 - RLController - INFO -   Example: junction A4 -> durations [60, 10, 10, 10] (total: 90s)
2026-09-24 12:27:46,442 - RLController - INFO -   Example: junction A5 -> durations [24, 22, 22, 22] (total: 90s)
2026-09-24 12:27:46,443 - RLController - INFO -   Example: junction B0 -> durations [24, 22, 22, 22] (total: 90s)
2026-09-24 12:27:46,443 - RLController - INFO -   Example: junction B1 -> durations [24, 22, 22, 22] (total: 90s)
2026-09-24 12:27:46,443 - RLController - INFO -   Example: junction B2 -> durations [24, 22, 22, 22] (total: 90s)
2026-09-24 12:27:46,443 - RLController - INFO -   Example: junction B4 -> durations [24, 22, 22, 22] (total: 90s)
2026-09-24 12:27:46,443 - RLController - INFO -   Example: junction B5 -> durations [60, 10, 10, 10] (total: 90s)
2026-09-24 12:27:46,443 - RLController - INFO -   Example: junction C0 -> durations [22, 22, 24, 22] (total: 90s)
2026-09-24 12:27:46,444 - RLController - INFO -   Example: junction C1 -> durations [24, 22, 22, 22] (total: 90s)
2026-09-24 12:27:46,444 - RLController - INFO -   Example: junction C2 -> durations [57, 13, 10, 10] (total: 90s)
2026-09-24 12:27:46,444 - RLController - INFO -   Example: junction C3 -> durations [60, 10, 10, 10] (total: 90s)
2026-09-24 12:27:46,444 - RLController - INFO -   Example: junction C4 -> durations [57, 11, 11, 11] (total: 90s)
2026-09-24 12:27:46,444 - RLController - INFO -   Example: junction C5 -> durations [57, 11, 11, 11] (total: 90s)
2026-09-24 12:27:46,444 - RLController - INFO -   Example: junction D0 -> durations [24, 22, 22, 22] (total: 90s)
2026-09-24 12:27:46,444 - RLController - INFO -   Example: junction D1 -> durations [21, 21, 27, 21] (total: 90s)
2026-09-24 12:27:46,445 - RLController - INFO -   Example: junction D2 -> durations [45, 15, 15, 15] (total: 90s)
2026-09-24 12:27:46,445 - RLController - INFO -   Example: junction D3 -> durations [24, 22, 22, 22] (total: 90s)
2026-09-24 12:27:46,445 - RLController - INFO -   Example: junction D4 -> durations [24, 22, 22, 22] (total: 90s)
2026-09-24 12:27:46,445 - RLController - INFO -   Example: junction D5 -> durations [13, 13, 51, 13] (total: 90s)
2026-09-24 12:27:46,445 - RLController - INFO -   Example: junction E0 -> durations [24, 22, 22, 22] (total: 90s)
2026-09-24 12:27:46,445 - RLController - INFO -   Example: junction E1 -> durations [24, 22, 22, 22] (total: 90s)
2026-09-24 12:27:46,446 - RLController - INFO -   Stored schedules for 34 junctions, cycle starts at step 3330
2026-09-24 12:27:49,954 - RLController - INFO - DIAGNOSTIC Step 3420 - Observation stats:
2026-09-24 12:27:49,954 - RLController - INFO -   Hash: -2149121038448783738, Min: 0.000000, Max: 1.000000, Mean: 0.436355, Std: 0.456368
2026-09-24 12:27:49,954 - RLController - INFO -   First 10: [1.         0.         0.         0.         0.         0.5
 0.         1.         0.99333334 1.        ]
2026-09-24 12:27:49,955 - RLController - INFO -   Last 10: [0.         0.2        0.         0.08333334 0.50213677 0.00300597
 0.07816239 0.5190733  0.         0.3       ]
2026-09-24 12:27:49,959 - RLController - INFO - DIAGNOSTIC - Raw model action output:
2026-09-24 12:27:49,959 - RLController - INFO -   Action hash: -8860422418620741885
2026-09-24 12:27:49,959 - RLController - INFO -   First 8 values: [ -7.257669 -10.       -10.       -10.       -10.       -10.
 -10.       -10.      ]
2026-09-24 12:27:49,959 - RLController - INFO -   Last 8 values: [-10.        -10.        -10.        -10.        -10.         -1.5570381
 -10.        -10.       ]
2026-09-24 12:27:49,959 - RLController - INFO -   Action shape: (136,), min: -10.000000, max: 5.374482, mean: -9.253870
2026-09-24 12:27:49,960 - RLController - INFO -   B0 junction (indices 16-19) raw values: [ -9.928822 -10.       -10.       -10.      ]
2026-09-24 12:27:49,960 - RLController - INFO - Using CONTINUOUS DURATION-BASED mode
2026-09-24 12:27:49,960 - RLController - INFO -   Example: junction A0 -> durations [51, 13, 13, 13] (total: 90s)
2026-09-24 12:27:49,960 - RLController - INFO -   Example: junction A1 -> durations [24, 22, 22, 22] (total: 90s)
2026-09-24 12:27:49,960 - RLController - INFO -   Example: junction A2 -> durations [12, 12, 54, 12] (total: 90s)
2026-09-24 12:27:49,960 - RLController - INFO -   Example: junction A4 -> durations [60, 10, 10, 10] (total: 90s)
2026-09-24 12:27:49,960 - RLController - INFO -   Example: junction A5 -> durations [24, 22, 22, 22] (total: 90s)
2026-09-24 12:27:49,961 - RLController - INFO -   Example: junction B0 -> durations [24, 22, 22, 22] (total: 90s)
2026-09-24 12:27:49,961 - RLController - INFO -   Example: junction B1 -> durations [24, 22, 22, 22] (total: 90s)
2026-09-24 12:27:49,961 - RLController - INFO -   Example: junction B2 -> durations [24, 22, 22, 22] (total: 90s)
2026-09-24 12:27:49,961 - RLController - INFO -   Example: junction B4 -> durations [24, 22, 22, 22] (total: 90s)
2026-09-24 12:27:49,961 - RLController - INFO -   Example: junction B5 -> durations [60, 10, 10, 10] (total: 90s)
2026-09-24 12:27:49,961 - RLController - INFO -   Example: junction C0 -> durations [22, 22, 24, 22] (total: 90s)
2026-09-24 12:27:49,961 - RLController - INFO -   Example: junction C1 -> durations [24, 22, 22, 22] (total: 90s)
2026-09-24 12:27:49,962 - RLController - INFO -   Example: junction C2 -> durations [57, 13, 10, 10] (total: 90s)
2026-09-24 12:27:49,962 - RLController - INFO -   Example: junction C3 -> durations [60, 10, 10, 10] (total: 90s)
2026-09-24 12:27:49,962 - RLController - INFO -   Example: junction C4 -> durations [57, 11, 11, 11] (total: 90s)
2026-09-24 12:27:49,962 - RLController - INFO -   Example: junction C5 -> durations [57, 11, 11, 11] (total: 90s)
2026-09-24 12:27:49,962 - RLController - INFO -   Example: junction D0 -> durations [24, 22, 22, 22] (total: 90s)
2026-09-24 12:27:49,962 - RLController - INFO -   Example: junction D1 -> durations [21, 21, 27, 21] (total: 90s)
2026-09-24 12:27:49,962 - RLController - INFO -   Example: junction D2 -> durations [45, 15, 15, 15] (total: 90s)
2026-09-24 12:27:49,962 - RLController - INFO -   Example: junction D3 -> durations [24, 22, 22, 22] (total: 90s)
2026-09-24 12:27:49,963 - RLController - INFO -   Example: junction D4 -> durations [24, 22, 22, 22] (total: 90s)
2026-09-24 12:27:49,963 - RLController - INFO -   Example: junction D5 -> durations [13, 13, 51, 13] (total: 90s)
2026-09-24 12:27:49,963 - RLController - INFO -   Example: junction E0 -> durations [24, 22, 22, 22] (total: 90s)
2026-09-24 12:27:49,963 - RLController - INFO -   Example: junction E1 -> durations [24, 22, 22, 22] (total: 90s)
2026-09-24 12:27:49,964 - RLController - INFO -   Stored schedules for 34 junctions, cycle starts at step 3420
2026-09-24 12:27:53,178 - RLController - INFO - DIAGNOSTIC Step 3510 - Observation stats:
2026-09-24 12:27:53,199 - RLController - INFO -   Hash: 3385632730643508142, Min: 0.000000, Max: 1.000000, Mean: 0.433139, Std: 0.456223
2026-09-24 12:27:53,199 - RLController - INFO -   First 10: [0.11111111 1.         0.9866667  1.         0.14288566 0.05725191
 0.         1.         0.99333334 1.        ]
2026-09-24 12:27:53,199 - RLController - INFO -   Last 10: [0.         0.2        0.         0.08333334 0.49358973 0.00325365
 0.07867521 0.5258348  0.         0.3       ]
2026-09-24 12:27:53,206 - RLController - INFO - DIAGNOSTIC - Raw model action output:
2026-09-24 12:27:53,206 - RLController - INFO -   Action hash: 7056445632356695061
2026-09-24 12:27:53,207 - RLController - INFO -   First 8 values: [ -7.4975333 -10.        -10.        -10.        -10.        -10.
 -10.        -10.       ]
2026-09-24 12:27:53,207 - RLController - INFO -   Last 8 values: [-10.       -10.       -10.       -10.       -10.        -2.423876
 -10.       -10.      ]
2026-09-24 12:27:53,207 - RLController - INFO -   Action shape: (136,), min: -10.000000, max: 5.208251, mean: -9.277262
2026-09-24 12:27:53,207 - RLController - INFO -   B0 junction (indices 16-19) raw values: [-10. -10. -10. -10.]
2026-09-24 12:27:53,207 - RLController - INFO - Using CONTINUOUS DURATION-BASED mode
2026-09-24 12:27:53,208 - RLController - INFO -   Example: junction A0 -> durations [51, 13, 13, 13] (total: 90s)
2026-09-24 12:27:53,208 - RLController - INFO -   Example: junction A1 -> durations [24, 22, 22, 22] (total: 90s)
2026-09-24 12:27:53,208 - RLController - INFO -   Example: junction A2 -> durations [12, 12, 54, 12] (total: 90s)
2026-09-24 12:27:53,208 - RLController - INFO -   Example: junction A4 -> durations [60, 10, 10, 10] (total: 90s)
2026-09-24 12:27:53,208 - RLController - INFO -   Example: junction A5 -> durations [24, 22, 22, 22] (total: 90s)
2026-09-24 12:27:53,208 - RLController - INFO -   Example: junction B0 -> durations [24, 22, 22, 22] (total: 90s)
2026-09-24 12:27:53,209 - RLController - INFO -   Example: junction B1 -> durations [24, 22, 22, 22] (total: 90s)
2026-09-24 12:27:53,209 - RLController - INFO -   Example: junction B2 -> durations [24, 22, 22, 22] (total: 90s)
2026-09-24 12:27:53,209 - RLController - INFO -   Example: junction B4 -> durations [24, 22, 22, 22] (total: 90s)
2026-09-24 12:27:53,209 - RLController - INFO -   Example: junction B5 -> durations [60, 10, 10, 10] (total: 90s)
2026-09-24 12:27:53,209 - RLController - INFO -   Example: junction C0 -> durations [22, 22, 24, 22] (total: 90s)
2026-09-24 12:27:53,209 - RLController - INFO -   Example: junction C1 -> durations [24, 22, 22, 22] (total: 90s)
2026-09-24 12:27:53,209 - RLController - INFO -   Example: junction C2 -> durations [57, 13, 10, 10] (total: 90s)
2026-09-24 12:27:53,209 - RLController - INFO -   Example: junction C3 -> durations [60, 10, 10, 10] (total: 90s)
2026-09-24 12:27:53,210 - RLController - INFO -   Example: junction C4 -> durations [57, 11, 11, 11] (total: 90s)
2026-09-24 12:27:53,210 - RLController - INFO -   Example: junction C5 -> durations [57, 11, 11, 11] (total: 90s)
2026-09-24 12:27:53,210 - RLController - INFO -   Example: junction D0 -> durations [24, 22, 22, 22] (total: 90s)
2026-09-24 12:27:53,210 - RLController - INFO -   Example: junction D1 -> durations [21, 21, 27, 21] (total: 90s)
2026-09-24 12:27:53,210 - RLController - INFO -   Example: junction D2 -> durations [45, 15, 15, 15] (total: 90s)
2026-09-24 12:27:53,210 - RLController - INFO -   Example: junction D3 -> durations [24, 22, 22, 22] (total: 90s)
2026-09-24 12:27:53,210 - RLController - INFO -   Example: junction D4 -> durations [24, 22, 22, 22] (total: 90s)
2026-09-24 12:27:53,210 - RLController - INFO -   Example: junction D5 -> durations [13, 13, 51, 13] (total: 90s)
2026-09-24 12:27:53,211 - RLController - INFO -   Example: junction E0 -> durations [24, 22, 22, 22] (total: 90s)
2026-09-24 12:27:53,211 - RLController - INFO -   Example: junction E1 -> durations [24, 22, 22, 22] (total: 90s)
2026-09-24 12:27:53,211 - RLController - INFO -   Stored schedules for 34 junctions, cycle starts at step 3510
2026-09-24 12:27:56,532 - RLController - INFO - DIAGNOSTIC Step 3600 - Observation stats:
2026-09-24 12:27:56,532 - RLController - INFO -   Hash: 7497324276126092729, Min: 0.000000, Max: 1.000000, Mean: 0.435904, Std: 0.458520
2026-09-24 12:27:56,532 - RLController - INFO -   First 10: [1.1938253e-03 1.0000000e+00 9.9333334e-01 1.0000000e+00 1.0000000e+00
 6.3699437e-04 0.0000000e+00 1.0000000e+00 9.9333334e-01 1.0000000e+00]
2026-09-24 12:27:56,533 - RLController - INFO -   Last 10: [0.         0.2        0.         0.08333334 0.50427353 0.00330312
 0.0791453  0.5134888  0.         0.3       ]
2026-09-24 12:27:56,536 - RLController - INFO - DIAGNOSTIC - Raw model action output:
2026-09-24 12:27:56,536 - RLController - INFO -   Action hash: -6461286585032990440
2026-09-24 12:27:56,537 - RLController - INFO -   First 8 values: [ -7.468226 -10.       -10.       -10.       -10.       -10.
 -10.       -10.      ]
2026-09-24 12:27:56,537 - RLController - INFO -   Last 8 values: [-10.        -10.        -10.        -10.        -10.         -1.5716484
 -10.        -10.       ]
2026-09-24 12:27:56,537 - RLController - INFO -   Action shape: (136,), min: -10.000000, max: 5.062582, mean: -9.260248
2026-09-24 12:27:56,537 - RLController - INFO -   B0 junction (indices 16-19) raw values: [ -9.971032 -10.       -10.       -10.      ]
2026-09-24 12:27:56,537 - RLController - INFO - Using CONTINUOUS DURATION-BASED mode
2026-09-24 12:27:56,537 - RLController - INFO -   Example: junction A0 -> durations [51, 13, 13, 13] (total: 90s)
2026-09-24 12:27:56,538 - RLController - INFO -   Example: junction A1 -> durations [24, 22, 22, 22] (total: 90s)
2026-09-24 12:27:56,538 - RLController - INFO -   Example: junction A2 -> durations [12, 12, 54, 12] (total: 90s)
2026-09-24 12:27:56,538 - RLController - INFO -   Example: junction A4 -> durations [60, 10, 10, 10] (total: 90s)
2026-09-24 12:27:56,538 - RLController - INFO -   Example: junction A5 -> durations [24, 22, 22, 22] (total: 90s)
2026-09-24 12:27:56,538 - RLController - INFO -   Example: junction B0 -> durations [24, 22, 22, 22] (total: 90s)
2026-09-24 12:27:56,538 - RLController - INFO -   Example: junction B1 -> durations [24, 22, 22, 22] (total: 90s)
2026-09-24 12:27:56,538 - RLController - INFO -   Example: junction B2 -> durations [24, 22, 22, 22] (total: 90s)
2026-09-24 12:27:56,538 - RLController - INFO -   Example: junction B4 -> durations [24, 22, 22, 22] (total: 90s)
2026-09-24 12:27:56,538 - RLController - INFO -   Example: junction B5 -> durations [60, 10, 10, 10] (total: 90s)
2026-09-24 12:27:56,539 - RLController - INFO -   Example: junction C0 -> durations [22, 22, 24, 22] (total: 90s)
2026-09-24 12:27:56,539 - RLController - INFO -   Example: junction C1 -> durations [24, 22, 22, 22] (total: 90s)
2026-09-24 12:27:56,539 - RLController - INFO -   Example: junction C2 -> durations [57, 13, 10, 10] (total: 90s)
2026-09-24 12:27:56,539 - RLController - INFO -   Example: junction C3 -> durations [60, 10, 10, 10] (total: 90s)
2026-09-24 12:27:56,539 - RLController - INFO -   Example: junction C4 -> durations [57, 11, 11, 11] (total: 90s)
2026-09-24 12:27:56,539 - RLController - INFO -   Example: junction C5 -> durations [57, 11, 11, 11] (total: 90s)
2026-09-24 12:27:56,539 - RLController - INFO -   Example: junction D0 -> durations [24, 22, 22, 22] (total: 90s)
2026-09-24 12:27:56,539 - RLController - INFO -   Example: junction D1 -> durations [21, 21, 27, 21] (total: 90s)
2026-09-24 12:27:56,539 - RLController - INFO -   Example: junction D2 -> durations [45, 15, 15, 15] (total: 90s)
2026-09-24 12:27:56,540 - RLController - INFO -   Example: junction D3 -> durations [24, 22, 22, 22] (total: 90s)
2026-09-24 12:27:56,540 - RLController - INFO -   Example: junction D4 -> durations [24, 22, 22, 22] (total: 90s)
2026-09-24 12:27:56,540 - RLController - INFO -   Example: junction D5 -> durations [13, 13, 51, 13] (total: 90s)
2026-09-24 12:27:56,540 - RLController - INFO -   Example: junction E0 -> durations [24, 22, 22, 22] (total: 90s)
2026-09-24 12:27:56,540 - RLController - INFO -   Example: junction E1 -> durations [24, 22, 22, 22] (total: 90s)
2026-09-24 12:27:56,541 - RLController - INFO -   Stored schedules for 34 junctions, cycle starts at step 3600
2026-09-24 12:27:59,821 - RLController - INFO - DIAGNOSTIC Step 3690 - Observation stats:
2026-09-24 12:27:59,822 - RLController - INFO -   Hash: -6126060165071268848, Min: 0.000000, Max: 1.000000, Mean: 0.435873, Std: 0.455755
2026-09-24 12:27:59,822 - RLController - INFO -   First 10: [8.5372716e-02 1.0000000e+00 9.9333334e-01 1.0000000e+00 1.9613543e-01
 4.7084562e-02 2.7862002e-06 1.0000000e+00 9.9333334e-01 1.0000000e+00]
2026-09-24 12:27:59,823 - RLController - INFO -   Last 10: [0.         0.2        0.         0.08333334 0.4957265  0.00330898
 0.08153846 0.52576005 0.         0.3       ]
2026-09-24 12:27:59,827 - RLController - INFO - DIAGNOSTIC - Raw model action output:
2026-09-24 12:27:59,827 - RLController - INFO -   Action hash: 5799535351501199156
2026-09-24 12:27:59,828 - RLController - INFO -   First 8 values: [ -7.76432 -10.      -10.      -10.      -10.      -10.      -10.
 -10.     ]
2026-09-24 12:27:59,828 - RLController - INFO -   Last 8 values: [-10.        -10.        -10.        -10.        -10.         -3.0250971
 -10.        -10.       ]
2026-09-24 12:27:59,828 - RLController - INFO -   Action shape: (136,), min: -10.000000, max: 5.221152, mean: -9.306837
2026-09-24 12:27:59,828 - RLController - INFO -   B0 junction (indices 16-19) raw values: [-10. -10. -10. -10.]
2026-09-24 12:27:59,828 - RLController - INFO - Using CONTINUOUS DURATION-BASED mode
2026-09-24 12:27:59,828 - RLController - INFO -   Example: junction A0 -> durations [51, 13, 13, 13] (total: 90s)
2026-09-24 12:27:59,829 - RLController - INFO -   Example: junction A1 -> durations [24, 22, 22, 22] (total: 90s)
2026-09-24 12:27:59,829 - RLController - INFO -   Example: junction A2 -> durations [12, 12, 54, 12] (total: 90s)
2026-09-24 12:27:59,829 - RLController - INFO -   Example: junction A4 -> durations [60, 10, 10, 10] (total: 90s)
2026-09-24 12:27:59,829 - RLController - INFO -   Example: junction A5 -> durations [24, 22, 22, 22] (total: 90s)
2026-09-24 12:27:59,829 - RLController - INFO -   Example: junction B0 -> durations [24, 22, 22, 22] (total: 90s)
2026-09-24 12:27:59,829 - RLController - INFO -   Example: junction B1 -> durations [24, 22, 22, 22] (total: 90s)
2026-09-24 12:27:59,830 - RLController - INFO -   Example: junction B2 -> durations [24, 22, 22, 22] (total: 90s)
2026-09-24 12:27:59,830 - RLController - INFO -   Example: junction B4 -> durations [24, 22, 22, 22] (total: 90s)
2026-09-24 12:27:59,830 - RLController - INFO -   Example: junction B5 -> durations [60, 10, 10, 10] (total: 90s)
2026-09-24 12:27:59,830 - RLController - INFO -   Example: junction C0 -> durations [22, 22, 24, 22] (total: 90s)
2026-09-24 12:27:59,830 - RLController - INFO -   Example: junction C1 -> durations [24, 22, 22, 22] (total: 90s)
2026-09-24 12:27:59,830 - RLController - INFO -   Example: junction C2 -> durations [57, 13, 10, 10] (total: 90s)
2026-09-24 12:27:59,830 - RLController - INFO -   Example: junction C3 -> durations [60, 10, 10, 10] (total: 90s)
2026-09-24 12:27:59,830 - RLController - INFO -   Example: junction C4 -> durations [57, 11, 11, 11] (total: 90s)
2026-09-24 12:27:59,831 - RLController - INFO -   Example: junction C5 -> durations [57, 11, 11, 11] (total: 90s)
2026-09-24 12:27:59,831 - RLController - INFO -   Example: junction D0 -> durations [24, 22, 22, 22] (total: 90s)
2026-09-24 12:27:59,831 - RLController - INFO -   Example: junction D1 -> durations [21, 21, 27, 21] (total: 90s)
2026-09-24 12:27:59,831 - RLController - INFO -   Example: junction D2 -> durations [45, 15, 15, 15] (total: 90s)
2026-09-24 12:27:59,831 - RLController - INFO -   Example: junction D3 -> durations [24, 22, 22, 22] (total: 90s)
2026-09-24 12:27:59,831 - RLController - INFO -   Example: junction D4 -> durations [24, 22, 22, 22] (total: 90s)
2026-09-24 12:27:59,831 - RLController - INFO -   Example: junction D5 -> durations [13, 13, 51, 13] (total: 90s)
2026-09-24 12:27:59,831 - RLController - INFO -   Example: junction E0 -> durations [24, 22, 22, 22] (total: 90s)
2026-09-24 12:27:59,832 - RLController - INFO -   Example: junction E1 -> durations [24, 22, 22, 22] (total: 90s)
2026-09-24 12:27:59,832 - RLController - INFO -   Stored schedules for 34 junctions, cycle starts at step 3690
2026-09-24 12:28:03,955 - RLController - INFO - DIAGNOSTIC Step 3780 - Observation stats:
2026-09-24 12:28:03,956 - RLController - INFO -   Hash: -4403312335311576853, Min: 0.000000, Max: 1.000000, Mean: 0.440725, Std: 0.456699
2026-09-24 12:28:03,956 - RLController - INFO -   First 10: [0.07694998 1.         0.99333334 1.         0.22128984 0.0439302
 0.         1.         0.99333334 1.        ]
2026-09-24 12:28:03,956 - RLController - INFO -   Last 10: [0.         0.2        0.         0.08333334 0.50213677 0.00289246
 0.08029915 0.5116452  0.         0.3       ]
2026-09-24 12:28:03,966 - RLController - INFO - DIAGNOSTIC - Raw model action output:
2026-09-24 12:28:03,966 - RLController - INFO -   Action hash: -8930105531640030171
2026-09-24 12:28:03,967 - RLController - INFO -   First 8 values: [ -7.61358 -10.      -10.      -10.      -10.      -10.      -10.
 -10.     ]
2026-09-24 12:28:03,967 - RLController - INFO -   Last 8 values: [-10.        -10.        -10.        -10.        -10.         -2.2997558
 -10.        -10.       ]
2026-09-24 12:28:03,967 - RLController - INFO -   Action shape: (136,), min: -10.000000, max: 5.481695, mean: -9.298686
2026-09-24 12:28:03,968 - RLController - INFO -   B0 junction (indices 16-19) raw values: [-10. -10. -10. -10.]
2026-09-24 12:28:03,968 - RLController - INFO - Using CONTINUOUS DURATION-BASED mode
2026-09-24 12:28:03,968 - RLController - INFO -   Example: junction A0 -> durations [51, 13, 13, 13] (total: 90s)
2026-09-24 12:28:03,968 - RLController - INFO -   Example: junction A1 -> durations [24, 22, 22, 22] (total: 90s)
2026-09-24 12:28:03,968 - RLController - INFO -   Example: junction A2 -> durations [12, 12, 54, 12] (total: 90s)
2026-09-24 12:28:03,968 - RLController - INFO -   Example: junction A4 -> durations [60, 10, 10, 10] (total: 90s)
2026-09-24 12:28:03,969 - RLController - INFO -   Example: junction A5 -> durations [24, 22, 22, 22] (total: 90s)
2026-09-24 12:28:03,969 - RLController - INFO -   Example: junction B0 -> durations [24, 22, 22, 22] (total: 90s)
2026-09-24 12:28:03,969 - RLController - INFO -   Example: junction B1 -> durations [24, 22, 22, 22] (total: 90s)
2026-09-24 12:28:03,969 - RLController - INFO -   Example: junction B2 -> durations [24, 22, 22, 22] (total: 90s)
2026-09-24 12:28:03,969 - RLController - INFO -   Example: junction B4 -> durations [24, 22, 22, 22] (total: 90s)
2026-09-24 12:28:03,969 - RLController - INFO -   Example: junction B5 -> durations [60, 10, 10, 10] (total: 90s)
2026-09-24 12:28:03,969 - RLController - INFO -   Example: junction C0 -> durations [22, 22, 24, 22] (total: 90s)
2026-09-24 12:28:03,970 - RLController - INFO -   Example: junction C1 -> durations [24, 22, 22, 22] (total: 90s)
2026-09-24 12:28:03,970 - RLController - INFO -   Example: junction C2 -> durations [57, 13, 10, 10] (total: 90s)
2026-09-24 12:28:03,970 - RLController - INFO -   Example: junction C3 -> durations [60, 10, 10, 10] (total: 90s)
2026-09-24 12:28:03,970 - RLController - INFO -   Example: junction C4 -> durations [57, 11, 11, 11] (total: 90s)
2026-09-24 12:28:03,970 - RLController - INFO -   Example: junction C5 -> durations [57, 11, 11, 11] (total: 90s)
2026-09-24 12:28:03,970 - RLController - INFO -   Example: junction D0 -> durations [24, 22, 22, 22] (total: 90s)
2026-09-24 12:28:03,971 - RLController - INFO -   Example: junction D1 -> durations [21, 21, 27, 21] (total: 90s)
2026-09-24 12:28:03,971 - RLController - INFO -   Example: junction D2 -> durations [45, 15, 15, 15] (total: 90s)
2026-09-24 12:28:03,971 - RLController - INFO -   Example: junction D3 -> durations [24, 22, 22, 22] (total: 90s)
2026-09-24 12:28:03,971 - RLController - INFO -   Example: junction D4 -> durations [24, 22, 22, 22] (total: 90s)
2026-09-24 12:28:03,971 - RLController - INFO -   Example: junction D5 -> durations [13, 13, 51, 13] (total: 90s)
2026-09-24 12:28:03,971 - RLController - INFO -   Example: junction E0 -> durations [24, 22, 22, 22] (total: 90s)
2026-09-24 12:28:03,971 - RLController - INFO -   Example: junction E1 -> durations [24, 22, 22, 22] (total: 90s)
2026-09-24 12:28:03,972 - RLController - INFO -   Stored schedules for 34 junctions, cycle starts at step 3780
2026-09-24 12:28:08,038 - RLController - INFO - DIAGNOSTIC Step 3870 - Observation stats:
2026-09-24 12:28:08,039 - RLController - INFO -   Hash: 5258743933825341467, Min: 0.000000, Max: 1.000000, Mean: 0.440041, Std: 0.455531
2026-09-24 12:28:08,039 - RLController - INFO -   First 10: [0.33333334 1.         0.9533333  1.         0.0250609  0.19525178
 0.         1.         0.99333334 1.        ]
2026-09-24 12:28:08,040 - RLController - INFO -   Last 10: [0.         0.2        0.         0.08333334 0.5        0.00344932
 0.07876068 0.5200057  0.         0.3       ]
2026-09-24 12:28:08,046 - RLController - INFO - DIAGNOSTIC - Raw model action output:
2026-09-24 12:28:08,046 - RLController - INFO -   Action hash: 4462696896906551446
2026-09-24 12:28:08,047 - RLController - INFO -   First 8 values: [ -7.509009 -10.       -10.       -10.       -10.       -10.
 -10.       -10.      ]
2026-09-24 12:28:08,047 - RLController - INFO -   Last 8 values: [-10.        -10.        -10.        -10.        -10.         -1.8959925
 -10.        -10.       ]
2026-09-24 12:28:08,048 - RLController - INFO -   Action shape: (136,), min: -10.000000, max: 6.294799, mean: -9.279838
2026-09-24 12:28:08,048 - RLController - INFO -   B0 junction (indices 16-19) raw values: [ -9.893372 -10.       -10.       -10.      ]
2026-09-24 12:28:08,048 - RLController - INFO - Using CONTINUOUS DURATION-BASED mode
2026-09-24 12:28:08,048 - RLController - INFO -   Example: junction A0 -> durations [51, 13, 13, 13] (total: 90s)
2026-09-24 12:28:08,049 - RLController - INFO -   Example: junction A1 -> durations [24, 22, 22, 22] (total: 90s)
2026-09-24 12:28:08,049 - RLController - INFO -   Example: junction A2 -> durations [12, 12, 54, 12] (total: 90s)
2026-09-24 12:28:08,049 - RLController - INFO -   Example: junction A4 -> durations [60, 10, 10, 10] (total: 90s)
2026-09-24 12:28:08,049 - RLController - INFO -   Example: junction A5 -> durations [24, 22, 22, 22] (total: 90s)
2026-09-24 12:28:08,049 - RLController - INFO -   Example: junction B0 -> durations [24, 22, 22, 22] (total: 90s)
2026-09-24 12:28:08,050 - RLController - INFO -   Example: junction B1 -> durations [24, 22, 22, 22] (total: 90s)
2026-09-24 12:28:08,050 - RLController - INFO -   Example: junction B2 -> durations [24, 22, 22, 22] (total: 90s)
2026-09-24 12:28:08,050 - RLController - INFO -   Example: junction B4 -> durations [24, 22, 22, 22] (total: 90s)
2026-09-24 12:28:08,050 - RLController - INFO -   Example: junction B5 -> durations [60, 10, 10, 10] (total: 90s)
2026-09-24 12:28:08,051 - RLController - INFO -   Example: junction C0 -> durations [22, 22, 24, 22] (total: 90s)
2026-09-24 12:28:08,051 - RLController - INFO -   Example: junction C1 -> durations [24, 22, 22, 22] (total: 90s)
2026-09-24 12:28:08,051 - RLController - INFO -   Example: junction C2 -> durations [57, 13, 10, 10] (total: 90s)
2026-09-24 12:28:08,051 - RLController - INFO -   Example: junction C3 -> durations [60, 10, 10, 10] (total: 90s)
2026-09-24 12:28:08,051 - RLController - INFO -   Example: junction C4 -> durations [57, 11, 11, 11] (total: 90s)
2026-09-24 12:28:08,052 - RLController - INFO -   Example: junction C5 -> durations [57, 11, 11, 11] (total: 90s)
2026-09-24 12:28:08,052 - RLController - INFO -   Example: junction D0 -> durations [24, 22, 22, 22] (total: 90s)
2026-09-24 12:28:08,052 - RLController - INFO -   Example: junction D1 -> durations [21, 21, 27, 21] (total: 90s)
2026-09-24 12:28:08,052 - RLController - INFO -   Example: junction D2 -> durations [45, 15, 15, 15] (total: 90s)
2026-09-24 12:28:08,053 - RLController - INFO -   Example: junction D3 -> durations [24, 22, 22, 22] (total: 90s)
2026-09-24 12:28:08,053 - RLController - INFO -   Example: junction D4 -> durations [24, 22, 22, 22] (total: 90s)
2026-09-24 12:28:08,053 - RLController - INFO -   Example: junction D5 -> durations [13, 13, 51, 13] (total: 90s)
2026-09-24 12:28:08,054 - RLController - INFO -   Example: junction E0 -> durations [24, 22, 22, 22] (total: 90s)
2026-09-24 12:28:08,054 - RLController - INFO -   Example: junction E1 -> durations [24, 22, 22, 22] (total: 90s)
2026-09-24 12:28:08,055 - RLController - INFO -   Stored schedules for 34 junctions, cycle starts at step 3870
2026-09-24 12:28:11,700 - RLController - INFO - DIAGNOSTIC Step 3960 - Observation stats:
2026-09-24 12:28:11,701 - RLController - INFO -   Hash: 6495630342668217811, Min: 0.000000, Max: 1.000000, Mean: 0.437897, Std: 0.456189
2026-09-24 12:28:11,701 - RLController - INFO -   First 10: [1.         0.         0.         0.         0.         0.58575535
 0.         1.         0.99333334 1.        ]
2026-09-24 12:28:11,701 - RLController - INFO -   Last 10: [0.         0.2        0.         0.08333334 0.5        0.00318827
 0.08038461 0.518066   0.         0.3       ]
2026-09-24 12:28:11,706 - RLController - INFO - DIAGNOSTIC - Raw model action output:
2026-09-24 12:28:11,707 - RLController - INFO -   Action hash: -4220686750820290276
2026-09-24 12:28:11,707 - RLController - INFO -   First 8 values: [ -7.0257354 -10.        -10.        -10.        -10.        -10.
 -10.        -10.       ]
2026-09-24 12:28:11,707 - RLController - INFO -   Last 8 values: [-10.      -10.      -10.      -10.      -10.       -2.74348 -10.
 -10.     ]
2026-09-24 12:28:11,707 - RLController - INFO -   Action shape: (136,), min: -10.000000, max: 5.457706, mean: -9.285648
2026-09-24 12:28:11,707 - RLController - INFO -   B0 junction (indices 16-19) raw values: [ -9.671232 -10.       -10.       -10.      ]
2026-09-24 12:28:11,708 - RLController - INFO - Using CONTINUOUS DURATION-BASED mode
2026-09-24 12:28:11,708 - RLController - INFO -   Example: junction A0 -> durations [51, 13, 13, 13] (total: 90s)
2026-09-24 12:28:11,708 - RLController - INFO -   Example: junction A1 -> durations [24, 22, 22, 22] (total: 90s)
2026-09-24 12:28:11,708 - RLController - INFO -   Example: junction A2 -> durations [12, 12, 54, 12] (total: 90s)
2026-09-24 12:28:11,708 - RLController - INFO -   Example: junction A4 -> durations [60, 10, 10, 10] (total: 90s)
2026-09-24 12:28:11,708 - RLController - INFO -   Example: junction A5 -> durations [24, 22, 22, 22] (total: 90s)
2026-09-24 12:28:11,708 - RLController - INFO -   Example: junction B0 -> durations [24, 22, 22, 22] (total: 90s)
2026-09-24 12:28:11,709 - RLController - INFO -   Example: junction B1 -> durations [24, 22, 22, 22] (total: 90s)
2026-09-24 12:28:11,709 - RLController - INFO -   Example: junction B2 -> durations [24, 22, 22, 22] (total: 90s)
2026-09-24 12:28:11,709 - RLController - INFO -   Example: junction B4 -> durations [24, 22, 22, 22] (total: 90s)
2026-09-24 12:28:11,709 - RLController - INFO -   Example: junction B5 -> durations [60, 10, 10, 10] (total: 90s)
2026-09-24 12:28:11,709 - RLController - INFO -   Example: junction C0 -> durations [22, 22, 24, 22] (total: 90s)
2026-09-24 12:28:11,709 - RLController - INFO -   Example: junction C1 -> durations [24, 22, 22, 22] (total: 90s)
2026-09-24 12:28:11,709 - RLController - INFO -   Example: junction C2 -> durations [57, 13, 10, 10] (total: 90s)
2026-09-24 12:28:11,709 - RLController - INFO -   Example: junction C3 -> durations [60, 10, 10, 10] (total: 90s)
2026-09-24 12:28:11,710 - RLController - INFO -   Example: junction C4 -> durations [57, 11, 11, 11] (total: 90s)
2026-09-24 12:28:11,710 - RLController - INFO -   Example: junction C5 -> durations [57, 11, 11, 11] (total: 90s)
2026-09-24 12:28:11,710 - RLController - INFO -   Example: junction D0 -> durations [24, 22, 22, 22] (total: 90s)
2026-09-24 12:28:11,710 - RLController - INFO -   Example: junction D1 -> durations [21, 21, 27, 21] (total: 90s)
2026-09-24 12:28:11,710 - RLController - INFO -   Example: junction D2 -> durations [45, 15, 15, 15] (total: 90s)
2026-09-24 12:28:11,710 - RLController - INFO -   Example: junction D3 -> durations [24, 22, 22, 22] (total: 90s)
2026-09-24 12:28:11,710 - RLController - INFO -   Example: junction D4 -> durations [24, 22, 22, 22] (total: 90s)
2026-09-24 12:28:11,710 - RLController - INFO -   Example: junction D5 -> durations [13, 13, 51, 13] (total: 90s)
2026-09-24 12:28:11,711 - RLController - INFO -   Example: junction E0 -> durations [24, 22, 22, 22] (total: 90s)
2026-09-24 12:28:11,711 - RLController - INFO -   Example: junction E1 -> durations [24, 22, 22, 22] (total: 90s)
2026-09-24 12:28:11,711 - RLController - INFO -   Stored schedules for 34 junctions, cycle starts at step 3960
2026-09-24 12:28:14,994 - RLController - INFO - DIAGNOSTIC Step 4050 - Observation stats:
2026-09-24 12:28:14,994 - RLController - INFO -   Hash: 483605248386215288, Min: 0.000000, Max: 1.000000, Mean: 0.439905, Std: 0.456885
2026-09-24 12:28:14,995 - RLController - INFO -   First 10: [0.08333334 1.         0.99333334 1.         0.20175989 0.05062513
 0.         1.         0.99333334 1.        ]
2026-09-24 12:28:14,995 - RLController - INFO -   Last 10: [0.         0.2        0.         0.08333334 0.5106838  0.00383256
 0.0808547  0.5153476  0.         0.3       ]
2026-09-24 12:28:14,999 - RLController - INFO - DIAGNOSTIC - Raw model action output:
2026-09-24 12:28:14,999 - RLController - INFO -   Action hash: 1356160582012352209
2026-09-24 12:28:15,000 - RLController - INFO -   First 8 values: [ -7.4651966 -10.        -10.        -10.        -10.        -10.
 -10.        -10.       ]
2026-09-24 12:28:15,000 - RLController - INFO -   Last 8 values: [-10.      -10.      -10.      -10.      -10.       -2.20168 -10.
 -10.     ]
2026-09-24 12:28:15,000 - RLController - INFO -   Action shape: (136,), min: -10.000000, max: 4.247109, mean: -9.266726
2026-09-24 12:28:15,000 - RLController - INFO -   B0 junction (indices 16-19) raw values: [-10. -10. -10. -10.]
2026-09-24 12:28:15,000 - RLController - INFO - Using CONTINUOUS DURATION-BASED mode
2026-09-24 12:28:15,000 - RLController - INFO -   Example: junction A0 -> durations [51, 13, 13, 13] (total: 90s)
2026-09-24 12:28:15,001 - RLController - INFO -   Example: junction A1 -> durations [24, 22, 22, 22] (total: 90s)
2026-09-24 12:28:15,001 - RLController - INFO -   Example: junction A2 -> durations [12, 12, 54, 12] (total: 90s)
2026-09-24 12:28:15,001 - RLController - INFO -   Example: junction A4 -> durations [60, 10, 10, 10] (total: 90s)
2026-09-24 12:28:15,001 - RLController - INFO -   Example: junction A5 -> durations [24, 22, 22, 22] (total: 90s)
2026-09-24 12:28:15,001 - RLController - INFO -   Example: junction B0 -> durations [24, 22, 22, 22] (total: 90s)
2026-09-24 12:28:15,002 - RLController - INFO -   Example: junction B1 -> durations [24, 22, 22, 22] (total: 90s)
2026-09-24 12:28:15,002 - RLController - INFO -   Example: junction B2 -> durations [24, 22, 22, 22] (total: 90s)
2026-09-24 12:28:15,002 - RLController - INFO -   Example: junction B4 -> durations [24, 22, 22, 22] (total: 90s)
2026-09-24 12:28:15,002 - RLController - INFO -   Example: junction B5 -> durations [60, 10, 10, 10] (total: 90s)
2026-09-24 12:28:15,002 - RLController - INFO -   Example: junction C0 -> durations [22, 22, 24, 22] (total: 90s)
2026-09-24 12:28:15,002 - RLController - INFO -   Example: junction C1 -> durations [24, 22, 22, 22] (total: 90s)
2026-09-24 12:28:15,003 - RLController - INFO -   Example: junction C2 -> durations [57, 13, 10, 10] (total: 90s)
2026-09-24 12:28:15,003 - RLController - INFO -   Example: junction C3 -> durations [60, 10, 10, 10] (total: 90s)
2026-09-24 12:28:15,003 - RLController - INFO -   Example: junction C4 -> durations [57, 11, 11, 11] (total: 90s)
2026-09-24 12:28:15,003 - RLController - INFO -   Example: junction C5 -> durations [57, 11, 11, 11] (total: 90s)
2026-09-24 12:28:15,004 - RLController - INFO -   Example: junction D0 -> durations [24, 22, 22, 22] (total: 90s)
2026-09-24 12:28:15,004 - RLController - INFO -   Example: junction D1 -> durations [21, 21, 27, 21] (total: 90s)
2026-09-24 12:28:15,004 - RLController - INFO -   Example: junction D2 -> durations [45, 15, 15, 15] (total: 90s)
2026-09-24 12:28:15,004 - RLController - INFO -   Example: junction D3 -> durations [24, 22, 22, 22] (total: 90s)
2026-09-24 12:28:15,004 - RLController - INFO -   Example: junction D4 -> durations [24, 22, 22, 22] (total: 90s)
2026-09-24 12:28:15,004 - RLController - INFO -   Example: junction D5 -> durations [13, 13, 51, 13] (total: 90s)
2026-09-24 12:28:15,005 - RLController - INFO -   Example: junction E0 -> durations [24, 22, 22, 22] (total: 90s)
2026-09-24 12:28:15,005 - RLController - INFO -   Example: junction E1 -> durations [24, 22, 22, 22] (total: 90s)
2026-09-24 12:28:15,006 - RLController - INFO -   Stored schedules for 34 junctions, cycle starts at step 4050
2026-09-24 12:28:18,719 - RLController - INFO - DIAGNOSTIC Step 4140 - Observation stats:
2026-09-24 12:28:18,719 - RLController - INFO -   Hash: -7549789199769917426, Min: 0.000000, Max: 1.000000, Mean: 0.437613, Std: 0.455320
2026-09-24 12:28:18,720 - RLController - INFO -   First 10: [2.7526851e-06 1.0000000e+00 9.9333334e-01 1.0000000e+00 1.0000000e+00
 1.7428457e-06 0.0000000e+00 1.0000000e+00 9.9333334e-01 1.0000000e+00]
2026-09-24 12:28:18,720 - RLController - INFO -   Last 10: [0.         0.2        0.         0.08333334 0.48504272 0.00363296
 0.07944445 0.5382663  0.         0.3       ]
2026-09-24 12:28:18,731 - RLController - INFO - DIAGNOSTIC - Raw model action output:
2026-09-24 12:28:18,731 - RLController - INFO -   Action hash: 5557787771115262621
2026-09-24 12:28:18,731 - RLController - INFO -   First 8 values: [ -7.458155 -10.       -10.       -10.       -10.       -10.
 -10.       -10.      ]
2026-09-24 12:28:18,731 - RLController - INFO -   Last 8 values: [-10.        -10.        -10.        -10.        -10.         -2.1325572
 -10.        -10.       ]
2026-09-24 12:28:18,731 - RLController - INFO -   Action shape: (136,), min: -10.000000, max: 5.567737, mean: -9.271375
2026-09-24 12:28:18,732 - RLController - INFO -   B0 junction (indices 16-19) raw values: [-10. -10. -10. -10.]
2026-09-24 12:28:18,732 - RLController - INFO - Using CONTINUOUS DURATION-BASED mode
2026-09-24 12:28:18,732 - RLController - INFO -   Example: junction A0 -> durations [51, 13, 13, 13] (total: 90s)
2026-09-24 12:28:18,732 - RLController - INFO -   Example: junction A1 -> durations [24, 22, 22, 22] (total: 90s)
2026-09-24 12:28:18,732 - RLController - INFO -   Example: junction A2 -> durations [12, 12, 54, 12] (total: 90s)
2026-09-24 12:28:18,732 - RLController - INFO -   Example: junction A4 -> durations [60, 10, 10, 10] (total: 90s)
2026-09-24 12:28:18,733 - RLController - INFO -   Example: junction A5 -> durations [24, 22, 22, 22] (total: 90s)
2026-09-24 12:28:18,733 - RLController - INFO -   Example: junction B0 -> durations [24, 22, 22, 22] (total: 90s)
2026-09-24 12:28:18,733 - RLController - INFO -   Example: junction B1 -> durations [24, 22, 22, 22] (total: 90s)
2026-09-24 12:28:18,733 - RLController - INFO -   Example: junction B2 -> durations [24, 22, 22, 22] (total: 90s)
2026-09-24 12:28:18,733 - RLController - INFO -   Example: junction B4 -> durations [24, 22, 22, 22] (total: 90s)
2026-09-24 12:28:18,733 - RLController - INFO -   Example: junction B5 -> durations [60, 10, 10, 10] (total: 90s)
2026-09-24 12:28:18,733 - RLController - INFO -   Example: junction C0 -> durations [22, 22, 24, 22] (total: 90s)
2026-09-24 12:28:18,734 - RLController - INFO -   Example: junction C1 -> durations [24, 22, 22, 22] (total: 90s)
2026-09-24 12:28:18,734 - RLController - INFO -   Example: junction C2 -> durations [57, 13, 10, 10] (total: 90s)
2026-09-24 12:28:18,734 - RLController - INFO -   Example: junction C3 -> durations [60, 10, 10, 10] (total: 90s)
2026-09-24 12:28:18,734 - RLController - INFO -   Example: junction C4 -> durations [57, 11, 11, 11] (total: 90s)
2026-09-24 12:28:18,734 - RLController - INFO -   Example: junction C5 -> durations [57, 11, 11, 11] (total: 90s)
2026-09-24 12:28:18,734 - RLController - INFO -   Example: junction D0 -> durations [24, 22, 22, 22] (total: 90s)
2026-09-24 12:28:18,734 - RLController - INFO -   Example: junction D1 -> durations [21, 21, 27, 21] (total: 90s)
2026-09-24 12:28:18,735 - RLController - INFO -   Example: junction D2 -> durations [45, 15, 15, 15] (total: 90s)
2026-09-24 12:28:18,735 - RLController - INFO -   Example: junction D3 -> durations [24, 22, 22, 22] (total: 90s)
2026-09-24 12:28:18,735 - RLController - INFO -   Example: junction D4 -> durations [24, 22, 22, 22] (total: 90s)
2026-09-24 12:28:18,735 - RLController - INFO -   Example: junction D5 -> durations [13, 13, 51, 13] (total: 90s)
2026-09-24 12:28:18,735 - RLController - INFO -   Example: junction E0 -> durations [24, 22, 22, 22] (total: 90s)
2026-09-24 12:28:18,735 - RLController - INFO -   Example: junction E1 -> durations [24, 22, 22, 22] (total: 90s)
2026-09-24 12:28:18,736 - RLController - INFO -   Stored schedules for 34 junctions, cycle starts at step 4140
2026-09-24 12:28:22,580 - RLController - INFO - DIAGNOSTIC Step 4230 - Observation stats:
2026-09-24 12:28:22,581 - RLController - INFO -   Hash: 4395843368912910747, Min: 0.000000, Max: 1.000000, Mean: 0.436187, Std: 0.455050
2026-09-24 12:28:22,581 - RLController - INFO -   First 10: [0.5        0.         0.9266667  1.         0.00541354 0.3233972
 0.         1.         0.99333334 1.        ]
2026-09-24 12:28:22,582 - RLController - INFO -   Last 10: [0.         0.2        0.         0.08333334 0.48504272 0.0036494
 0.07816239 0.5376865  0.         0.3       ]
2026-09-24 12:28:22,591 - RLController - INFO - DIAGNOSTIC - Raw model action output:
2026-09-24 12:28:22,591 - RLController - INFO -   Action hash: -3052953761616049591
2026-09-24 12:28:22,592 - RLController - INFO -   First 8 values: [ -7.196702 -10.       -10.       -10.       -10.       -10.
 -10.       -10.      ]
2026-09-24 12:28:22,592 - RLController - INFO -   Last 8 values: [-10.        -10.        -10.        -10.        -10.         -2.2226944
 -10.        -10.       ]
2026-09-24 12:28:22,593 - RLController - INFO -   Action shape: (136,), min: -10.000000, max: 5.945855, mean: -9.279740
2026-09-24 12:28:22,593 - RLController - INFO -   B0 junction (indices 16-19) raw values: [ -9.737569 -10.       -10.       -10.      ]
2026-09-24 12:28:22,593 - RLController - INFO - Using CONTINUOUS DURATION-BASED mode
2026-09-24 12:28:22,593 - RLController - INFO -   Example: junction A0 -> durations [51, 13, 13, 13] (total: 90s)
2026-09-24 12:28:22,594 - RLController - INFO -   Example: junction A1 -> durations [24, 22, 22, 22] (total: 90s)
2026-09-24 12:28:22,594 - RLController - INFO -   Example: junction A2 -> durations [12, 12, 54, 12] (total: 90s)
2026-09-24 12:28:22,594 - RLController - INFO -   Example: junction A4 -> durations [60, 10, 10, 10] (total: 90s)
2026-09-24 12:28:22,594 - RLController - INFO -   Example: junction A5 -> durations [24, 22, 22, 22] (total: 90s)
2026-09-24 12:28:22,595 - RLController - INFO -   Example: junction B0 -> durations [24, 22, 22, 22] (total: 90s)
2026-09-24 12:28:22,595 - RLController - INFO -   Example: junction B1 -> durations [24, 22, 22, 22] (total: 90s)
2026-09-24 12:28:22,595 - RLController - INFO -   Example: junction B2 -> durations [24, 22, 22, 22] (total: 90s)
2026-09-24 12:28:22,595 - RLController - INFO -   Example: junction B4 -> durations [24, 22, 22, 22] (total: 90s)
2026-09-24 12:28:22,596 - RLController - INFO -   Example: junction B5 -> durations [60, 10, 10, 10] (total: 90s)
2026-09-24 12:28:22,596 - RLController - INFO -   Example: junction C0 -> durations [22, 22, 24, 22] (total: 90s)
2026-09-24 12:28:22,596 - RLController - INFO -   Example: junction C1 -> durations [24, 22, 22, 22] (total: 90s)
2026-09-24 12:28:22,596 - RLController - INFO -   Example: junction C2 -> durations [57, 13, 10, 10] (total: 90s)
2026-09-24 12:28:22,596 - RLController - INFO -   Example: junction C3 -> durations [60, 10, 10, 10] (total: 90s)
2026-09-24 12:28:22,597 - RLController - INFO -   Example: junction C4 -> durations [57, 11, 11, 11] (total: 90s)
2026-09-24 12:28:22,597 - RLController - INFO -   Example: junction C5 -> durations [57, 11, 11, 11] (total: 90s)
2026-09-24 12:28:22,597 - RLController - INFO -   Example: junction D0 -> durations [24, 22, 22, 22] (total: 90s)
2026-09-24 12:28:22,598 - RLController - INFO -   Example: junction D1 -> durations [21, 21, 27, 21] (total: 90s)
2026-09-24 12:28:22,598 - RLController - INFO -   Example: junction D2 -> durations [45, 15, 15, 15] (total: 90s)
2026-09-24 12:28:22,598 - RLController - INFO -   Example: junction D3 -> durations [24, 22, 22, 22] (total: 90s)
2026-09-24 12:28:22,598 - RLController - INFO -   Example: junction D4 -> durations [24, 22, 22, 22] (total: 90s)
2026-09-24 12:28:22,598 - RLController - INFO -   Example: junction D5 -> durations [13, 13, 51, 13] (total: 90s)
2026-09-24 12:28:22,598 - RLController - INFO -   Example: junction E0 -> durations [24, 22, 22, 22] (total: 90s)
2026-09-24 12:28:22,599 - RLController - INFO -   Example: junction E1 -> durations [24, 22, 22, 22] (total: 90s)
2026-09-24 12:28:22,599 - RLController - INFO -   Stored schedules for 34 junctions, cycle starts at step 4230
2026-09-24 12:28:25,962 - RLController - INFO - DIAGNOSTIC Step 4320 - Observation stats:
2026-09-24 12:28:25,963 - RLController - INFO -   Hash: 1948608606321798375, Min: 0.000000, Max: 1.000000, Mean: 0.433684, Std: 0.457034
2026-09-24 12:28:25,963 - RLController - INFO -   First 10: [1.         0.         0.         0.         0.         0.6467944
 0.         1.         0.99333334 1.        ]
2026-09-24 12:28:25,963 - RLController - INFO -   Last 10: [0.         0.2        0.         0.08333334 0.4722222  0.002845
 0.07982906 0.5403914  0.         0.3       ]
2026-09-24 12:28:25,998 - RLController - INFO - DIAGNOSTIC - Raw model action output:
2026-09-24 12:28:25,999 - RLController - INFO -   Action hash: 6036809177207554691
2026-09-24 12:28:25,999 - RLController - INFO -   First 8 values: [ -7.300945 -10.       -10.       -10.       -10.       -10.
 -10.       -10.      ]
2026-09-24 12:28:25,999 - RLController - INFO -   Last 8 values: [-10.        -10.        -10.        -10.        -10.         -1.9559054
 -10.        -10.       ]
2026-09-24 12:28:25,999 - RLController - INFO -   Action shape: (136,), min: -10.000000, max: 5.816407, mean: -9.249886
2026-09-24 12:28:26,000 - RLController - INFO -   B0 junction (indices 16-19) raw values: [ -9.750553 -10.       -10.       -10.      ]
2026-09-24 12:28:26,000 - RLController - INFO - Using CONTINUOUS DURATION-BASED mode
2026-09-24 12:28:26,000 - RLController - INFO -   Example: junction A0 -> durations [51, 13, 13, 13] (total: 90s)
2026-09-24 12:28:26,000 - RLController - INFO -   Example: junction A1 -> durations [24, 22, 22, 22] (total: 90s)
2026-09-24 12:28:26,000 - RLController - INFO -   Example: junction A2 -> durations [12, 12, 54, 12] (total: 90s)
2026-09-24 12:28:26,000 - RLController - INFO -   Example: junction A4 -> durations [60, 10, 10, 10] (total: 90s)
2026-09-24 12:28:26,001 - RLController - INFO -   Example: junction A5 -> durations [24, 22, 22, 22] (total: 90s)
2026-09-24 12:28:26,001 - RLController - INFO -   Example: junction B0 -> durations [24, 22, 22, 22] (total: 90s)
2026-09-24 12:28:26,001 - RLController - INFO -   Example: junction B1 -> durations [24, 22, 22, 22] (total: 90s)
2026-09-24 12:28:26,001 - RLController - INFO -   Example: junction B2 -> durations [24, 22, 22, 22] (total: 90s)
2026-09-24 12:28:26,001 - RLController - INFO -   Example: junction B4 -> durations [24, 22, 22, 22] (total: 90s)
2026-09-24 12:28:26,001 - RLController - INFO -   Example: junction B5 -> durations [60, 10, 10, 10] (total: 90s)
2026-09-24 12:28:26,001 - RLController - INFO -   Example: junction C0 -> durations [22, 22, 24, 22] (total: 90s)
2026-09-24 12:28:26,001 - RLController - INFO -   Example: junction C1 -> durations [24, 22, 22, 22] (total: 90s)
2026-09-24 12:28:26,002 - RLController - INFO -   Example: junction C2 -> durations [57, 13, 10, 10] (total: 90s)
2026-09-24 12:28:26,002 - RLController - INFO -   Example: junction C3 -> durations [60, 10, 10, 10] (total: 90s)
2026-09-24 12:28:26,002 - RLController - INFO -   Example: junction C4 -> durations [57, 11, 11, 11] (total: 90s)
2026-09-24 12:28:26,002 - RLController - INFO -   Example: junction C5 -> durations [57, 11, 11, 11] (total: 90s)
2026-09-24 12:28:26,002 - RLController - INFO -   Example: junction D0 -> durations [24, 22, 22, 22] (total: 90s)
2026-09-24 12:28:26,002 - RLController - INFO -   Example: junction D1 -> durations [21, 21, 27, 21] (total: 90s)
2026-09-24 12:28:26,002 - RLController - INFO -   Example: junction D2 -> durations [45, 15, 15, 15] (total: 90s)
2026-09-24 12:28:26,003 - RLController - INFO -   Example: junction D3 -> durations [24, 22, 22, 22] (total: 90s)
2026-09-24 12:28:26,003 - RLController - INFO -   Example: junction D4 -> durations [24, 22, 22, 22] (total: 90s)
2026-09-24 12:28:26,003 - RLController - INFO -   Example: junction D5 -> durations [13, 13, 51, 13] (total: 90s)
2026-09-24 12:28:26,003 - RLController - INFO -   Example: junction E0 -> durations [24, 22, 22, 22] (total: 90s)
2026-09-24 12:28:26,003 - RLController - INFO -   Example: junction E1 -> durations [24, 22, 22, 22] (total: 90s)
2026-09-24 12:28:26,004 - RLController - INFO -   Stored schedules for 34 junctions, cycle starts at step 4320
2026-09-24 12:28:28,964 - RLController - INFO - DIAGNOSTIC Step 4410 - Observation stats:
2026-09-24 12:28:28,992 - RLController - INFO -   Hash: -4298803773858816772, Min: 0.000000, Max: 1.000000, Mean: 0.437587, Std: 0.457312
2026-09-24 12:28:28,993 - RLController - INFO -   First 10: [1.         0.         0.         0.         0.         0.6467944
 0.         1.         0.99333334 1.        ]
2026-09-24 12:28:28,993 - RLController - INFO -   Last 10: [0.         0.2        0.         0.08333334 0.47863248 0.00304703
 0.08123931 0.5389567  0.         0.3       ]
2026-09-24 12:28:29,081 - RLController - INFO - DIAGNOSTIC - Raw model action output:
2026-09-24 12:28:29,081 - RLController - INFO -   Action hash: -8853502222481840468
2026-09-24 12:28:29,081 - RLController - INFO -   First 8 values: [ -7.314196 -10.       -10.       -10.       -10.       -10.
 -10.       -10.      ]
2026-09-24 12:28:29,081 - RLController - INFO -   Last 8 values: [-10.        -10.        -10.        -10.        -10.         -2.1023672
 -10.        -10.       ]
2026-09-24 12:28:29,082 - RLController - INFO -   Action shape: (136,), min: -10.000000, max: 4.936533, mean: -9.278003
2026-09-24 12:28:29,082 - RLController - INFO -   B0 junction (indices 16-19) raw values: [ -9.975036 -10.       -10.       -10.      ]
2026-09-24 12:28:29,082 - RLController - INFO - Using CONTINUOUS DURATION-BASED mode
2026-09-24 12:28:29,082 - RLController - INFO -   Example: junction A0 -> durations [51, 13, 13, 13] (total: 90s)
2026-09-24 12:28:29,082 - RLController - INFO -   Example: junction A1 -> durations [24, 22, 22, 22] (total: 90s)
2026-09-24 12:28:29,083 - RLController - INFO -   Example: junction A2 -> durations [12, 12, 54, 12] (total: 90s)
2026-09-24 12:28:29,083 - RLController - INFO -   Example: junction A4 -> durations [60, 10, 10, 10] (total: 90s)
2026-09-24 12:28:29,083 - RLController - INFO -   Example: junction A5 -> durations [24, 22, 22, 22] (total: 90s)
2026-09-24 12:28:29,083 - RLController - INFO -   Example: junction B0 -> durations [24, 22, 22, 22] (total: 90s)
2026-09-24 12:28:29,083 - RLController - INFO -   Example: junction B1 -> durations [24, 22, 22, 22] (total: 90s)
2026-09-24 12:28:29,083 - RLController - INFO -   Example: junction B2 -> durations [24, 22, 22, 22] (total: 90s)
2026-09-24 12:28:29,084 - RLController - INFO -   Example: junction B4 -> durations [24, 22, 22, 22] (total: 90s)
2026-09-24 12:28:29,084 - RLController - INFO -   Example: junction B5 -> durations [60, 10, 10, 10] (total: 90s)
2026-09-24 12:28:29,084 - RLController - INFO -   Example: junction C0 -> durations [22, 22, 24, 22] (total: 90s)
2026-09-24 12:28:29,084 - RLController - INFO -   Example: junction C1 -> durations [24, 22, 22, 22] (total: 90s)
2026-09-24 12:28:29,084 - RLController - INFO -   Example: junction C2 -> durations [57, 13, 10, 10] (total: 90s)
2026-09-24 12:28:29,084 - RLController - INFO -   Example: junction C3 -> durations [60, 10, 10, 10] (total: 90s)
2026-09-24 12:28:29,085 - RLController - INFO -   Example: junction C4 -> durations [57, 11, 11, 11] (total: 90s)
2026-09-24 12:28:29,085 - RLController - INFO -   Example: junction C5 -> durations [57, 11, 11, 11] (total: 90s)
2026-09-24 12:28:29,085 - RLController - INFO -   Example: junction D0 -> durations [24, 22, 22, 22] (total: 90s)
2026-09-24 12:28:29,085 - RLController - INFO -   Example: junction D1 -> durations [21, 21, 27, 21] (total: 90s)
2026-09-24 12:28:29,085 - RLController - INFO -   Example: junction D2 -> durations [45, 15, 15, 15] (total: 90s)
2026-09-24 12:28:29,085 - RLController - INFO -   Example: junction D3 -> durations [24, 22, 22, 22] (total: 90s)
2026-09-24 12:28:29,085 - RLController - INFO -   Example: junction D4 -> durations [24, 22, 22, 22] (total: 90s)
2026-09-24 12:28:29,086 - RLController - INFO -   Example: junction D5 -> durations [13, 13, 51, 13] (total: 90s)
2026-09-24 12:28:29,086 - RLController - INFO -   Example: junction E0 -> durations [24, 22, 22, 22] (total: 90s)
2026-09-24 12:28:29,086 - RLController - INFO -   Example: junction E1 -> durations [24, 22, 22, 22] (total: 90s)
2026-09-24 12:28:29,087 - RLController - INFO -   Stored schedules for 34 junctions, cycle starts at step 4410
2026-09-24 12:28:32,585 - RLController - INFO - DIAGNOSTIC Step 4500 - Observation stats:
2026-09-24 12:28:32,585 - RLController - INFO -   Hash: 9084646058049595460, Min: 0.000000, Max: 1.000015, Mean: 0.442409, Std: 0.456908
2026-09-24 12:28:32,586 - RLController - INFO -   First 10: [1.         0.         0.         0.         0.         0.6467944
 0.         1.         0.99333334 1.        ]
2026-09-24 12:28:32,586 - RLController - INFO -   Last 10: [0.         0.2        0.         0.08333334 0.491453   0.00307496
 0.08115385 0.52443874 0.         0.3       ]
2026-09-24 12:28:32,592 - RLController - INFO - DIAGNOSTIC - Raw model action output:
2026-09-24 12:28:32,592 - RLController - INFO -   Action hash: 4322302936422119032
2026-09-24 12:28:32,592 - RLController - INFO -   First 8 values: [ -7.233242 -10.       -10.       -10.       -10.       -10.
 -10.       -10.      ]
2026-09-24 12:28:32,592 - RLController - INFO -   Last 8 values: [-10.      -10.      -10.      -10.      -10.       -2.08512 -10.
 -10.     ]
2026-09-24 12:28:32,593 - RLController - INFO -   Action shape: (136,), min: -10.000000, max: 5.209642, mean: -9.266911
2026-09-24 12:28:32,593 - RLController - INFO -   B0 junction (indices 16-19) raw values: [ -9.994082 -10.       -10.       -10.      ]
2026-09-24 12:28:32,593 - RLController - INFO - Using CONTINUOUS DURATION-BASED mode
2026-09-24 12:28:32,593 - RLController - INFO -   Example: junction A0 -> durations [51, 13, 13, 13] (total: 90s)
2026-09-24 12:28:32,593 - RLController - INFO -   Example: junction A1 -> durations [24, 22, 22, 22] (total: 90s)
2026-09-24 12:28:32,594 - RLController - INFO -   Example: junction A2 -> durations [12, 12, 54, 12] (total: 90s)
2026-09-24 12:28:32,594 - RLController - INFO -   Example: junction A4 -> durations [60, 10, 10, 10] (total: 90s)
2026-09-24 12:28:32,594 - RLController - INFO -   Example: junction A5 -> durations [24, 22, 22, 22] (total: 90s)
2026-09-24 12:28:32,594 - RLController - INFO -   Example: junction B0 -> durations [24, 22, 22, 22] (total: 90s)
2026-09-24 12:28:32,594 - RLController - INFO -   Example: junction B1 -> durations [24, 22, 22, 22] (total: 90s)
2026-09-24 12:28:32,595 - RLController - INFO -   Example: junction B2 -> durations [24, 22, 22, 22] (total: 90s)
2026-09-24 12:28:32,595 - RLController - INFO -   Example: junction B4 -> durations [24, 22, 22, 22] (total: 90s)
2026-09-24 12:28:32,595 - RLController - INFO -   Example: junction B5 -> durations [60, 10, 10, 10] (total: 90s)
2026-09-24 12:28:32,595 - RLController - INFO -   Example: junction C0 -> durations [22, 22, 24, 22] (total: 90s)
2026-09-24 12:28:32,595 - RLController - INFO -   Example: junction C1 -> durations [24, 22, 22, 22] (total: 90s)
2026-09-24 12:28:32,595 - RLController - INFO -   Example: junction C2 -> durations [57, 13, 10, 10] (total: 90s)
2026-09-24 12:28:32,596 - RLController - INFO -   Example: junction C3 -> durations [60, 10, 10, 10] (total: 90s)
2026-09-24 12:28:32,596 - RLController - INFO -   Example: junction C4 -> durations [57, 11, 11, 11] (total: 90s)
2026-09-24 12:28:32,596 - RLController - INFO -   Example: junction C5 -> durations [57, 11, 11, 11] (total: 90s)
2026-09-24 12:28:32,596 - RLController - INFO -   Example: junction D0 -> durations [24, 22, 22, 22] (total: 90s)
2026-09-24 12:28:32,596 - RLController - INFO -   Example: junction D1 -> durations [21, 21, 27, 21] (total: 90s)
2026-09-24 12:28:32,596 - RLController - INFO -   Example: junction D2 -> durations [45, 15, 15, 15] (total: 90s)
2026-09-24 12:28:32,597 - RLController - INFO -   Example: junction D3 -> durations [24, 22, 22, 22] (total: 90s)
2026-09-24 12:28:32,597 - RLController - INFO -   Example: junction D4 -> durations [24, 22, 22, 22] (total: 90s)
2026-09-24 12:28:32,597 - RLController - INFO -   Example: junction D5 -> durations [13, 13, 51, 13] (total: 90s)
2026-09-24 12:28:32,597 - RLController - INFO -   Example: junction E0 -> durations [24, 22, 22, 22] (total: 90s)
2026-09-24 12:28:32,598 - RLController - INFO -   Example: junction E1 -> durations [24, 22, 22, 22] (total: 90s)
2026-09-24 12:28:32,599 - RLController - INFO -   Stored schedules for 34 junctions, cycle starts at step 4500
2026-09-24 12:28:35,937 - RLController - INFO - DIAGNOSTIC Step 4590 - Observation stats:
2026-09-24 12:28:35,938 - RLController - INFO -   Hash: -7884175233017583922, Min: 0.000000, Max: 1.000000, Mean: 0.442634, Std: 0.456655
2026-09-24 12:28:35,938 - RLController - INFO -   First 10: [1.         0.         0.         0.         0.         0.6467944
 0.         1.         0.99333334 1.        ]
2026-09-24 12:28:35,938 - RLController - INFO -   Last 10: [0.         0.2        0.         0.08333334 0.5        0.00389847
 0.08141026 0.5275986  0.         0.3       ]
2026-09-24 12:28:35,943 - RLController - INFO - DIAGNOSTIC - Raw model action output:
2026-09-24 12:28:35,943 - RLController - INFO -   Action hash: -953398743126266300
2026-09-24 12:28:35,943 - RLController - INFO -   First 8 values: [ -7.511696 -10.       -10.       -10.       -10.       -10.
 -10.       -10.      ]
2026-09-24 12:28:35,944 - RLController - INFO -   Last 8 values: [-10.        -10.        -10.        -10.        -10.         -2.5368178
 -10.        -10.       ]
2026-09-24 12:28:35,944 - RLController - INFO -   Action shape: (136,), min: -10.000000, max: 5.402392, mean: -9.300900
2026-09-24 12:28:35,944 - RLController - INFO -   B0 junction (indices 16-19) raw values: [-10. -10. -10. -10.]
2026-09-24 12:28:35,944 - RLController - INFO - Using CONTINUOUS DURATION-BASED mode
2026-09-24 12:28:35,944 - RLController - INFO -   Example: junction A0 -> durations [51, 13, 13, 13] (total: 90s)
2026-09-24 12:28:35,945 - RLController - INFO -   Example: junction A1 -> durations [24, 22, 22, 22] (total: 90s)
2026-09-24 12:28:35,945 - RLController - INFO -   Example: junction A2 -> durations [12, 12, 54, 12] (total: 90s)
2026-09-24 12:28:35,945 - RLController - INFO -   Example: junction A4 -> durations [60, 10, 10, 10] (total: 90s)
2026-09-24 12:28:35,945 - RLController - INFO -   Example: junction A5 -> durations [24, 22, 22, 22] (total: 90s)
2026-09-24 12:28:35,945 - RLController - INFO -   Example: junction B0 -> durations [24, 22, 22, 22] (total: 90s)
2026-09-24 12:28:35,945 - RLController - INFO -   Example: junction B1 -> durations [24, 22, 22, 22] (total: 90s)
2026-09-24 12:28:35,945 - RLController - INFO -   Example: junction B2 -> durations [24, 22, 22, 22] (total: 90s)
2026-09-24 12:28:35,946 - RLController - INFO -   Example: junction B4 -> durations [24, 22, 22, 22] (total: 90s)
2026-09-24 12:28:35,946 - RLController - INFO -   Example: junction B5 -> durations [60, 10, 10, 10] (total: 90s)
2026-09-24 12:28:35,946 - RLController - INFO -   Example: junction C0 -> durations [22, 22, 24, 22] (total: 90s)
2026-09-24 12:28:35,946 - RLController - INFO -   Example: junction C1 -> durations [24, 22, 22, 22] (total: 90s)
2026-09-24 12:28:35,946 - RLController - INFO -   Example: junction C2 -> durations [57, 13, 10, 10] (total: 90s)
2026-09-24 12:28:35,946 - RLController - INFO -   Example: junction C3 -> durations [60, 10, 10, 10] (total: 90s)
2026-09-24 12:28:35,946 - RLController - INFO -   Example: junction C4 -> durations [57, 11, 11, 11] (total: 90s)
2026-09-24 12:28:35,946 - RLController - INFO -   Example: junction C5 -> durations [57, 11, 11, 11] (total: 90s)
2026-09-24 12:28:35,947 - RLController - INFO -   Example: junction D0 -> durations [24, 22, 22, 22] (total: 90s)
2026-09-24 12:28:35,947 - RLController - INFO -   Example: junction D1 -> durations [21, 21, 27, 21] (total: 90s)
2026-09-24 12:28:35,947 - RLController - INFO -   Example: junction D2 -> durations [45, 15, 15, 15] (total: 90s)
2026-09-24 12:28:35,947 - RLController - INFO -   Example: junction D3 -> durations [24, 22, 22, 22] (total: 90s)
2026-09-24 12:28:35,947 - RLController - INFO -   Example: junction D4 -> durations [24, 22, 22, 22] (total: 90s)
2026-09-24 12:28:35,947 - RLController - INFO -   Example: junction D5 -> durations [13, 13, 51, 13] (total: 90s)
2026-09-24 12:28:35,947 - RLController - INFO -   Example: junction E0 -> durations [24, 22, 22, 22] (total: 90s)
2026-09-24 12:28:35,948 - RLController - INFO -   Example: junction E1 -> durations [24, 22, 22, 22] (total: 90s)
2026-09-24 12:28:35,948 - RLController - INFO -   Stored schedules for 34 junctions, cycle starts at step 4590
2026-09-24 12:28:39,857 - RLController - INFO - DIAGNOSTIC Step 4680 - Observation stats:
2026-09-24 12:28:39,857 - RLController - INFO -   Hash: 8975359032183518529, Min: 0.000000, Max: 1.000000, Mean: 0.446399, Std: 0.457527
2026-09-24 12:28:39,858 - RLController - INFO -   First 10: [1.         0.         0.         0.         0.         0.6467944
 0.         1.         0.99333334 1.        ]
2026-09-24 12:28:39,858 - RLController - INFO -   Last 10: [0.         0.2        0.         0.08333334 0.50641024 0.003866
 0.08145299 0.51981175 0.         0.3       ]
2026-09-24 12:28:39,862 - RLController - INFO - DIAGNOSTIC - Raw model action output:
2026-09-24 12:28:39,862 - RLController - INFO -   Action hash: 9223285778536163525
2026-09-24 12:28:39,863 - RLController - INFO -   First 8 values: [ -7.7048526 -10.        -10.        -10.        -10.        -10.
 -10.        -10.       ]
2026-09-24 12:28:39,863 - RLController - INFO -   Last 8 values: [-10.        -10.        -10.        -10.        -10.         -2.8668015
 -10.        -10.       ]
2026-09-24 12:28:39,863 - RLController - INFO -   Action shape: (136,), min: -10.000000, max: 5.281983, mean: -9.304549
2026-09-24 12:28:39,863 - RLController - INFO -   B0 junction (indices 16-19) raw values: [-10. -10. -10. -10.]
2026-09-24 12:28:39,863 - RLController - INFO - Using CONTINUOUS DURATION-BASED mode
2026-09-24 12:28:39,864 - RLController - INFO -   Example: junction A0 -> durations [51, 13, 13, 13] (total: 90s)
2026-09-24 12:28:39,864 - RLController - INFO -   Example: junction A1 -> durations [24, 22, 22, 22] (total: 90s)
2026-09-24 12:28:39,864 - RLController - INFO -   Example: junction A2 -> durations [12, 12, 54, 12] (total: 90s)
2026-09-24 12:28:39,865 - RLController - INFO -   Example: junction A4 -> durations [60, 10, 10, 10] (total: 90s)
2026-09-24 12:28:39,865 - RLController - INFO -   Example: junction A5 -> durations [24, 22, 22, 22] (total: 90s)
2026-09-24 12:28:39,865 - RLController - INFO -   Example: junction B0 -> durations [24, 22, 22, 22] (total: 90s)
2026-09-24 12:28:39,865 - RLController - INFO -   Example: junction B1 -> durations [24, 22, 22, 22] (total: 90s)
2026-09-24 12:28:39,865 - RLController - INFO -   Example: junction B2 -> durations [24, 22, 22, 22] (total: 90s)
2026-09-24 12:28:39,865 - RLController - INFO -   Example: junction B4 -> durations [24, 22, 22, 22] (total: 90s)
2026-09-24 12:28:39,865 - RLController - INFO -   Example: junction B5 -> durations [60, 10, 10, 10] (total: 90s)
2026-09-24 12:28:39,866 - RLController - INFO -   Example: junction C0 -> durations [22, 22, 24, 22] (total: 90s)
2026-09-24 12:28:39,866 - RLController - INFO -   Example: junction C1 -> durations [24, 22, 22, 22] (total: 90s)
2026-09-24 12:28:39,866 - RLController - INFO -   Example: junction C2 -> durations [57, 13, 10, 10] (total: 90s)
2026-09-24 12:28:39,866 - RLController - INFO -   Example: junction C3 -> durations [60, 10, 10, 10] (total: 90s)
2026-09-24 12:28:39,866 - RLController - INFO -   Example: junction C4 -> durations [57, 11, 11, 11] (total: 90s)
2026-09-24 12:28:39,866 - RLController - INFO -   Example: junction C5 -> durations [57, 11, 11, 11] (total: 90s)
2026-09-24 12:28:39,867 - RLController - INFO -   Example: junction D0 -> durations [24, 22, 22, 22] (total: 90s)
2026-09-24 12:28:39,867 - RLController - INFO -   Example: junction D1 -> durations [21, 21, 27, 21] (total: 90s)
2026-09-24 12:28:39,867 - RLController - INFO -   Example: junction D2 -> durations [45, 15, 15, 15] (total: 90s)
2026-09-24 12:28:39,867 - RLController - INFO -   Example: junction D3 -> durations [24, 22, 22, 22] (total: 90s)
2026-09-24 12:28:39,867 - RLController - INFO -   Example: junction D4 -> durations [24, 22, 22, 22] (total: 90s)
2026-09-24 12:28:39,867 - RLController - INFO -   Example: junction D5 -> durations [13, 13, 51, 13] (total: 90s)
2026-09-24 12:28:39,867 - RLController - INFO -   Example: junction E0 -> durations [24, 22, 22, 22] (total: 90s)
2026-09-24 12:28:39,868 - RLController - INFO -   Example: junction E1 -> durations [24, 22, 22, 22] (total: 90s)
2026-09-24 12:28:39,868 - RLController - INFO -   Stored schedules for 34 junctions, cycle starts at step 4680
2026-09-24 12:28:43,370 - RLController - INFO - DIAGNOSTIC Step 4770 - Observation stats:
2026-09-24 12:28:43,481 - RLController - INFO -   Hash: 5580563169230508887, Min: 0.000000, Max: 1.000000, Mean: 0.442975, Std: 0.455274
2026-09-24 12:28:43,481 - RLController - INFO -   First 10: [1.         0.         0.         0.         0.         0.6467944
 0.         1.         0.99333334 1.        ]
2026-09-24 12:28:43,482 - RLController - INFO -   Last 10: [0.         0.2        0.         0.08333334 0.48931623 0.00313566
 0.0808547  0.52474064 0.         0.3       ]
2026-09-24 12:28:43,489 - RLController - INFO - DIAGNOSTIC - Raw model action output:
2026-09-24 12:28:43,489 - RLController - INFO -   Action hash: 3802782315798350878
2026-09-24 12:28:43,489 - RLController - INFO -   First 8 values: [ -7.622774 -10.       -10.       -10.       -10.       -10.
 -10.       -10.      ]
2026-09-24 12:28:43,490 - RLController - INFO -   Last 8 values: [-10.        -10.        -10.        -10.        -10.         -2.3589232
 -10.        -10.       ]
2026-09-24 12:28:43,490 - RLController - INFO -   Action shape: (136,), min: -10.000000, max: 5.414306, mean: -9.296257
2026-09-24 12:28:43,490 - RLController - INFO -   B0 junction (indices 16-19) raw values: [-10. -10. -10. -10.]
2026-09-24 12:28:43,490 - RLController - INFO - Using CONTINUOUS DURATION-BASED mode
2026-09-24 12:28:43,490 - RLController - INFO -   Example: junction A0 -> durations [51, 13, 13, 13] (total: 90s)
2026-09-24 12:28:43,490 - RLController - INFO -   Example: junction A1 -> durations [24, 22, 22, 22] (total: 90s)
2026-09-24 12:28:43,491 - RLController - INFO -   Example: junction A2 -> durations [12, 12, 54, 12] (total: 90s)
2026-09-24 12:28:43,491 - RLController - INFO -   Example: junction A4 -> durations [60, 10, 10, 10] (total: 90s)
2026-09-24 12:28:43,491 - RLController - INFO -   Example: junction A5 -> durations [24, 22, 22, 22] (total: 90s)
2026-09-24 12:28:43,491 - RLController - INFO -   Example: junction B0 -> durations [24, 22, 22, 22] (total: 90s)
2026-09-24 12:28:43,491 - RLController - INFO -   Example: junction B1 -> durations [24, 22, 22, 22] (total: 90s)
2026-09-24 12:28:43,491 - RLController - INFO -   Example: junction B2 -> durations [24, 22, 22, 22] (total: 90s)
2026-09-24 12:28:43,491 - RLController - INFO -   Example: junction B4 -> durations [24, 22, 22, 22] (total: 90s)
2026-09-24 12:28:43,492 - RLController - INFO -   Example: junction B5 -> durations [60, 10, 10, 10] (total: 90s)
2026-09-24 12:28:43,492 - RLController - INFO -   Example: junction C0 -> durations [22, 22, 24, 22] (total: 90s)
2026-09-24 12:28:43,492 - RLController - INFO -   Example: junction C1 -> durations [24, 22, 22, 22] (total: 90s)
2026-09-24 12:28:43,492 - RLController - INFO -   Example: junction C2 -> durations [57, 13, 10, 10] (total: 90s)
2026-09-24 12:28:43,492 - RLController - INFO -   Example: junction C3 -> durations [60, 10, 10, 10] (total: 90s)
2026-09-24 12:28:43,492 - RLController - INFO -   Example: junction C4 -> durations [57, 11, 11, 11] (total: 90s)
2026-09-24 12:28:43,492 - RLController - INFO -   Example: junction C5 -> durations [57, 11, 11, 11] (total: 90s)
2026-09-24 12:28:43,492 - RLController - INFO -   Example: junction D0 -> durations [24, 22, 22, 22] (total: 90s)
2026-09-24 12:28:43,493 - RLController - INFO -   Example: junction D1 -> durations [21, 21, 27, 21] (total: 90s)
2026-09-24 12:28:43,493 - RLController - INFO -   Example: junction D2 -> durations [45, 15, 15, 15] (total: 90s)
2026-09-24 12:28:43,493 - RLController - INFO -   Example: junction D3 -> durations [24, 22, 22, 22] (total: 90s)
2026-09-24 12:28:43,493 - RLController - INFO -   Example: junction D4 -> durations [24, 22, 22, 22] (total: 90s)
2026-09-24 12:28:43,493 - RLController - INFO -   Example: junction D5 -> durations [13, 13, 51, 13] (total: 90s)
2026-09-24 12:28:43,493 - RLController - INFO -   Example: junction E0 -> durations [24, 22, 22, 22] (total: 90s)
2026-09-24 12:28:43,493 - RLController - INFO -   Example: junction E1 -> durations [24, 22, 22, 22] (total: 90s)
2026-09-24 12:28:43,494 - RLController - INFO -   Stored schedules for 34 junctions, cycle starts at step 4770
2026-09-24 12:28:46,667 - RLController - INFO - DIAGNOSTIC Step 4860 - Observation stats:
2026-09-24 12:28:46,670 - RLController - INFO -   Hash: -6521086638548935830, Min: 0.000000, Max: 1.000000, Mean: 0.438415, Std: 0.454306
2026-09-24 12:28:46,670 - RLController - INFO -   First 10: [1.         0.         0.         0.         0.         0.6467944
 0.         1.         0.99333334 1.        ]
2026-09-24 12:28:46,671 - RLController - INFO -   Last 10: [0.         0.2        0.         0.08333334 0.50213677 0.00384739
 0.07948718 0.5246291  0.         0.3       ]
2026-09-24 12:28:46,675 - RLController - INFO - DIAGNOSTIC - Raw model action output:
2026-09-24 12:28:46,675 - RLController - INFO -   Action hash: -2489155960612205363
2026-09-24 12:28:46,675 - RLController - INFO -   First 8 values: [ -7.355394 -10.       -10.       -10.       -10.       -10.
 -10.       -10.      ]
2026-09-24 12:28:46,676 - RLController - INFO -   Last 8 values: [-10.        -10.        -10.        -10.        -10.         -1.3473084
 -10.        -10.       ]
2026-09-24 12:28:46,676 - RLController - INFO -   Action shape: (136,), min: -10.000000, max: 5.731497, mean: -9.271879
2026-09-24 12:28:46,676 - RLController - INFO -   B0 junction (indices 16-19) raw values: [ -9.82234 -10.      -10.      -10.     ]
2026-09-24 12:28:46,676 - RLController - INFO - Using CONTINUOUS DURATION-BASED mode
2026-09-24 12:28:46,676 - RLController - INFO -   Example: junction A0 -> durations [51, 13, 13, 13] (total: 90s)
2026-09-24 12:28:46,676 - RLController - INFO -   Example: junction A1 -> durations [24, 22, 22, 22] (total: 90s)
2026-09-24 12:28:46,676 - RLController - INFO -   Example: junction A2 -> durations [12, 12, 54, 12] (total: 90s)
2026-09-24 12:28:46,677 - RLController - INFO -   Example: junction A4 -> durations [60, 10, 10, 10] (total: 90s)
2026-09-24 12:28:46,677 - RLController - INFO -   Example: junction A5 -> durations [24, 22, 22, 22] (total: 90s)
2026-09-24 12:28:46,677 - RLController - INFO -   Example: junction B0 -> durations [24, 22, 22, 22] (total: 90s)
2026-09-24 12:28:46,677 - RLController - INFO -   Example: junction B1 -> durations [24, 22, 22, 22] (total: 90s)
2026-09-24 12:28:46,677 - RLController - INFO -   Example: junction B2 -> durations [24, 22, 22, 22] (total: 90s)
2026-09-24 12:28:46,677 - RLController - INFO -   Example: junction B4 -> durations [24, 22, 22, 22] (total: 90s)
2026-09-24 12:28:46,677 - RLController - INFO -   Example: junction B5 -> durations [60, 10, 10, 10] (total: 90s)
2026-09-24 12:28:46,677 - RLController - INFO -   Example: junction C0 -> durations [22, 22, 24, 22] (total: 90s)
2026-09-24 12:28:46,678 - RLController - INFO -   Example: junction C1 -> durations [24, 22, 22, 22] (total: 90s)
2026-09-24 12:28:46,678 - RLController - INFO -   Example: junction C2 -> durations [57, 13, 10, 10] (total: 90s)
2026-09-24 12:28:46,678 - RLController - INFO -   Example: junction C3 -> durations [60, 10, 10, 10] (total: 90s)
2026-09-24 12:28:46,678 - RLController - INFO -   Example: junction C4 -> durations [57, 11, 11, 11] (total: 90s)
2026-09-24 12:28:46,678 - RLController - INFO -   Example: junction C5 -> durations [57, 11, 11, 11] (total: 90s)
2026-09-24 12:28:46,678 - RLController - INFO -   Example: junction D0 -> durations [24, 22, 22, 22] (total: 90s)
2026-09-24 12:28:46,678 - RLController - INFO -   Example: junction D1 -> durations [21, 21, 27, 21] (total: 90s)
2026-09-24 12:28:46,678 - RLController - INFO -   Example: junction D2 -> durations [45, 15, 15, 15] (total: 90s)
2026-09-24 12:28:46,679 - RLController - INFO -   Example: junction D3 -> durations [24, 22, 22, 22] (total: 90s)
2026-09-24 12:28:46,679 - RLController - INFO -   Example: junction D4 -> durations [24, 22, 22, 22] (total: 90s)
2026-09-24 12:28:46,679 - RLController - INFO -   Example: junction D5 -> durations [13, 13, 51, 13] (total: 90s)
2026-09-24 12:28:46,679 - RLController - INFO -   Example: junction E0 -> durations [24, 22, 22, 22] (total: 90s)
2026-09-24 12:28:46,679 - RLController - INFO -   Example: junction E1 -> durations [24, 22, 22, 22] (total: 90s)
2026-09-24 12:28:46,680 - RLController - INFO -   Stored schedules for 34 junctions, cycle starts at step 4860
2026-09-24 12:28:49,453 - RLController - INFO - DIAGNOSTIC Step 4950 - Observation stats:
2026-09-24 12:28:49,454 - RLController - INFO -   Hash: -2945193996410558090, Min: 0.000000, Max: 1.000000, Mean: 0.437730, Std: 0.456046
2026-09-24 12:28:49,454 - RLController - INFO -   First 10: [1.         0.         0.         0.         0.         0.6467944
 0.         1.         0.99333334 1.        ]
2026-09-24 12:28:49,454 - RLController - INFO -   Last 10: [0.         0.2        0.         0.08333334 0.48076922 0.00280292
 0.08017094 0.53763956 0.         0.3       ]
2026-09-24 12:28:49,464 - RLController - INFO - DIAGNOSTIC - Raw model action output:
2026-09-24 12:28:49,464 - RLController - INFO -   Action hash: -6047761541272591355
2026-09-24 12:28:49,464 - RLController - INFO -   First 8 values: [ -7.421763 -10.       -10.       -10.       -10.       -10.
 -10.       -10.      ]
2026-09-24 12:28:49,465 - RLController - INFO -   Last 8 values: [-10.       -10.       -10.       -10.       -10.        -3.947161
 -10.       -10.      ]
2026-09-24 12:28:49,465 - RLController - INFO -   Action shape: (136,), min: -10.000000, max: 4.500887, mean: -9.286983
2026-09-24 12:28:49,465 - RLController - INFO -   B0 junction (indices 16-19) raw values: [-10. -10. -10. -10.]
2026-09-24 12:28:49,465 - RLController - INFO - Using CONTINUOUS DURATION-BASED mode
2026-09-24 12:28:49,465 - RLController - INFO -   Example: junction A0 -> durations [51, 13, 13, 13] (total: 90s)
2026-09-24 12:28:49,465 - RLController - INFO -   Example: junction A1 -> durations [24, 22, 22, 22] (total: 90s)
2026-09-24 12:28:49,465 - RLController - INFO -   Example: junction A2 -> durations [12, 12, 54, 12] (total: 90s)
2026-09-24 12:28:49,466 - RLController - INFO -   Example: junction A4 -> durations [60, 10, 10, 10] (total: 90s)
2026-09-24 12:28:49,466 - RLController - INFO -   Example: junction A5 -> durations [24, 22, 22, 22] (total: 90s)
2026-09-24 12:28:49,466 - RLController - INFO -   Example: junction B0 -> durations [24, 22, 22, 22] (total: 90s)
2026-09-24 12:28:49,466 - RLController - INFO -   Example: junction B1 -> durations [24, 22, 22, 22] (total: 90s)
2026-09-24 12:28:49,466 - RLController - INFO -   Example: junction B2 -> durations [24, 22, 22, 22] (total: 90s)
2026-09-24 12:28:49,466 - RLController - INFO -   Example: junction B4 -> durations [24, 22, 22, 22] (total: 90s)
2026-09-24 12:28:49,466 - RLController - INFO -   Example: junction B5 -> durations [60, 10, 10, 10] (total: 90s)
2026-09-24 12:28:49,466 - RLController - INFO -   Example: junction C0 -> durations [22, 22, 24, 22] (total: 90s)
2026-09-24 12:28:49,467 - RLController - INFO -   Example: junction C1 -> durations [24, 22, 22, 22] (total: 90s)
2026-09-24 12:28:49,467 - RLController - INFO -   Example: junction C2 -> durations [57, 13, 10, 10] (total: 90s)
2026-09-24 12:28:49,467 - RLController - INFO -   Example: junction C3 -> durations [60, 10, 10, 10] (total: 90s)
2026-09-24 12:28:49,467 - RLController - INFO -   Example: junction C4 -> durations [57, 11, 11, 11] (total: 90s)
2026-09-24 12:28:49,467 - RLController - INFO -   Example: junction C5 -> durations [57, 11, 11, 11] (total: 90s)
2026-09-24 12:28:49,467 - RLController - INFO -   Example: junction D0 -> durations [24, 22, 22, 22] (total: 90s)
2026-09-24 12:28:49,468 - RLController - INFO -   Example: junction D1 -> durations [21, 21, 27, 21] (total: 90s)
2026-09-24 12:28:49,468 - RLController - INFO -   Example: junction D2 -> durations [45, 15, 15, 15] (total: 90s)
2026-09-24 12:28:49,468 - RLController - INFO -   Example: junction D3 -> durations [24, 22, 22, 22] (total: 90s)
2026-09-24 12:28:49,468 - RLController - INFO -   Example: junction D4 -> durations [24, 22, 22, 22] (total: 90s)
2026-09-24 12:28:49,468 - RLController - INFO -   Example: junction D5 -> durations [13, 13, 51, 13] (total: 90s)
2026-09-24 12:28:49,468 - RLController - INFO -   Example: junction E0 -> durations [24, 22, 22, 22] (total: 90s)
2026-09-24 12:28:49,468 - RLController - INFO -   Example: junction E1 -> durations [24, 22, 22, 22] (total: 90s)
2026-09-24 12:28:49,469 - RLController - INFO -   Stored schedules for 34 junctions, cycle starts at step 4950
2026-09-24 12:28:52,265 - RLController - INFO - DIAGNOSTIC Step 5040 - Observation stats:
2026-09-24 12:28:52,265 - RLController - INFO -   Hash: -4294085623385826218, Min: 0.000000, Max: 1.000000, Mean: 0.439125, Std: 0.458192
2026-09-24 12:28:52,265 - RLController - INFO -   First 10: [1.         0.         0.         0.         0.         0.6467944
 0.         1.         0.99333334 1.        ]
2026-09-24 12:28:52,266 - RLController - INFO -   Last 10: [0.         0.2        0.         0.08333334 0.4722222  0.00240253
 0.07948718 0.5340319  0.         0.3       ]
2026-09-24 12:28:52,269 - RLController - INFO - DIAGNOSTIC - Raw model action output:
2026-09-24 12:28:52,269 - RLController - INFO -   Action hash: 1123262180035458794
2026-09-24 12:28:52,269 - RLController - INFO -   First 8 values: [ -7.3488984 -10.        -10.        -10.        -10.        -10.
 -10.        -10.       ]
2026-09-24 12:28:52,270 - RLController - INFO -   Last 8 values: [-10.        -10.        -10.        -10.        -10.         -0.8925237
 -10.        -10.       ]
2026-09-24 12:28:52,270 - RLController - INFO -   Action shape: (136,), min: -10.000000, max: 4.520286, mean: -9.296539
2026-09-24 12:28:52,270 - RLController - INFO -   B0 junction (indices 16-19) raw values: [-10. -10. -10. -10.]
2026-09-24 12:28:52,270 - RLController - INFO - Using CONTINUOUS DURATION-BASED mode
2026-09-24 12:28:52,270 - RLController - INFO -   Example: junction A0 -> durations [51, 13, 13, 13] (total: 90s)
2026-09-24 12:28:52,270 - RLController - INFO -   Example: junction A1 -> durations [24, 22, 22, 22] (total: 90s)
2026-09-24 12:28:52,270 - RLController - INFO -   Example: junction A2 -> durations [12, 12, 54, 12] (total: 90s)
2026-09-24 12:28:52,271 - RLController - INFO -   Example: junction A4 -> durations [60, 10, 10, 10] (total: 90s)
2026-09-24 12:28:52,271 - RLController - INFO -   Example: junction A5 -> durations [24, 22, 22, 22] (total: 90s)
2026-09-24 12:28:52,271 - RLController - INFO -   Example: junction B0 -> durations [24, 22, 22, 22] (total: 90s)
2026-09-24 12:28:52,271 - RLController - INFO -   Example: junction B1 -> durations [24, 22, 22, 22] (total: 90s)
2026-09-24 12:28:52,271 - RLController - INFO -   Example: junction B2 -> durations [24, 22, 22, 22] (total: 90s)
2026-09-24 12:28:52,272 - RLController - INFO -   Example: junction B4 -> durations [24, 22, 22, 22] (total: 90s)
2026-09-24 12:28:52,272 - RLController - INFO -   Example: junction B5 -> durations [60, 10, 10, 10] (total: 90s)
2026-09-24 12:28:52,272 - RLController - INFO -   Example: junction C0 -> durations [22, 22, 24, 22] (total: 90s)
2026-09-24 12:28:52,272 - RLController - INFO -   Example: junction C1 -> durations [24, 22, 22, 22] (total: 90s)
2026-09-24 12:28:52,272 - RLController - INFO -   Example: junction C2 -> durations [57, 13, 10, 10] (total: 90s)
2026-09-24 12:28:52,272 - RLController - INFO -   Example: junction C3 -> durations [60, 10, 10, 10] (total: 90s)
2026-09-24 12:28:52,272 - RLController - INFO -   Example: junction C4 -> durations [57, 11, 11, 11] (total: 90s)
2026-09-24 12:28:52,272 - RLController - INFO -   Example: junction C5 -> durations [57, 11, 11, 11] (total: 90s)
2026-09-24 12:28:52,272 - RLController - INFO -   Example: junction D0 -> durations [24, 22, 22, 22] (total: 90s)
2026-09-24 12:28:52,273 - RLController - INFO -   Example: junction D1 -> durations [21, 21, 27, 21] (total: 90s)
2026-09-24 12:28:52,273 - RLController - INFO -   Example: junction D2 -> durations [45, 15, 15, 15] (total: 90s)
2026-09-24 12:28:52,273 - RLController - INFO -   Example: junction D3 -> durations [24, 22, 22, 22] (total: 90s)
2026-09-24 12:28:52,273 - RLController - INFO -   Example: junction D4 -> durations [24, 22, 22, 22] (total: 90s)
2026-09-24 12:28:52,273 - RLController - INFO -   Example: junction D5 -> durations [13, 13, 51, 13] (total: 90s)
2026-09-24 12:28:52,273 - RLController - INFO -   Example: junction E0 -> durations [24, 22, 22, 22] (total: 90s)
2026-09-24 12:28:52,273 - RLController - INFO -   Example: junction E1 -> durations [24, 22, 22, 22] (total: 90s)
2026-09-24 12:28:52,274 - RLController - INFO -   Stored schedules for 34 junctions, cycle starts at step 5040
2026-09-24 12:28:54,857 - RLController - INFO - DIAGNOSTIC Step 5130 - Observation stats:
2026-09-24 12:28:54,865 - RLController - INFO -   Hash: -1712485899639419143, Min: 0.000000, Max: 1.000000, Mean: 0.436215, Std: 0.456122
2026-09-24 12:28:54,866 - RLController - INFO -   First 10: [1.         0.         0.         0.         0.         0.6467944
 0.         1.         0.99333334 1.        ]
2026-09-24 12:28:54,866 - RLController - INFO -   Last 10: [0.         0.2        0.         0.08333334 0.48504272 0.00353928
 0.08004273 0.53506666 0.         0.3       ]
2026-09-24 12:28:54,871 - RLController - INFO - DIAGNOSTIC - Raw model action output:
2026-09-24 12:28:54,871 - RLController - INFO -   Action hash: -2824822905103233403
2026-09-24 12:28:54,872 - RLController - INFO -   First 8 values: [ -7.486928 -10.       -10.       -10.       -10.       -10.
 -10.       -10.      ]
2026-09-24 12:28:54,872 - RLController - INFO -   Last 8 values: [-10.        -10.        -10.        -10.        -10.         -1.6721351
 -10.        -10.       ]
2026-09-24 12:28:54,872 - RLController - INFO -   Action shape: (136,), min: -10.000000, max: 5.086291, mean: -9.304264
2026-09-24 12:28:54,872 - RLController - INFO -   B0 junction (indices 16-19) raw values: [-10. -10. -10. -10.]
2026-09-24 12:28:54,872 - RLController - INFO - Using CONTINUOUS DURATION-BASED mode
2026-09-24 12:28:54,873 - RLController - INFO -   Example: junction A0 -> durations [51, 13, 13, 13] (total: 90s)
2026-09-24 12:28:54,873 - RLController - INFO -   Example: junction A1 -> durations [24, 22, 22, 22] (total: 90s)
2026-09-24 12:28:54,873 - RLController - INFO -   Example: junction A2 -> durations [12, 12, 54, 12] (total: 90s)
2026-09-24 12:28:54,873 - RLController - INFO -   Example: junction A4 -> durations [60, 10, 10, 10] (total: 90s)
2026-09-24 12:28:54,873 - RLController - INFO -   Example: junction A5 -> durations [24, 22, 22, 22] (total: 90s)
2026-09-24 12:28:54,873 - RLController - INFO -   Example: junction B0 -> durations [24, 22, 22, 22] (total: 90s)
2026-09-24 12:28:54,873 - RLController - INFO -   Example: junction B1 -> durations [24, 22, 22, 22] (total: 90s)
2026-09-24 12:28:54,874 - RLController - INFO -   Example: junction B2 -> durations [24, 22, 22, 22] (total: 90s)
2026-09-24 12:28:54,874 - RLController - INFO -   Example: junction B4 -> durations [24, 22, 22, 22] (total: 90s)
2026-09-24 12:28:54,874 - RLController - INFO -   Example: junction B5 -> durations [60, 10, 10, 10] (total: 90s)
2026-09-24 12:28:54,874 - RLController - INFO -   Example: junction C0 -> durations [22, 22, 24, 22] (total: 90s)
2026-09-24 12:28:54,874 - RLController - INFO -   Example: junction C1 -> durations [24, 22, 22, 22] (total: 90s)
2026-09-24 12:28:54,874 - RLController - INFO -   Example: junction C2 -> durations [57, 13, 10, 10] (total: 90s)
2026-09-24 12:28:54,874 - RLController - INFO -   Example: junction C3 -> durations [60, 10, 10, 10] (total: 90s)
2026-09-24 12:28:54,874 - RLController - INFO -   Example: junction C4 -> durations [57, 11, 11, 11] (total: 90s)
2026-09-24 12:28:54,875 - RLController - INFO -   Example: junction C5 -> durations [57, 11, 11, 11] (total: 90s)
2026-09-24 12:28:54,875 - RLController - INFO -   Example: junction D0 -> durations [24, 22, 22, 22] (total: 90s)
2026-09-24 12:28:54,875 - RLController - INFO -   Example: junction D1 -> durations [21, 21, 27, 21] (total: 90s)
2026-09-24 12:28:54,875 - RLController - INFO -   Example: junction D2 -> durations [45, 15, 15, 15] (total: 90s)
2026-09-24 12:28:54,875 - RLController - INFO -   Example: junction D3 -> durations [24, 22, 22, 22] (total: 90s)
2026-09-24 12:28:54,875 - RLController - INFO -   Example: junction D4 -> durations [24, 22, 22, 22] (total: 90s)
2026-09-24 12:28:54,875 - RLController - INFO -   Example: junction D5 -> durations [13, 13, 51, 13] (total: 90s)
2026-09-24 12:28:54,875 - RLController - INFO -   Example: junction E0 -> durations [24, 22, 22, 22] (total: 90s)
2026-09-24 12:28:54,876 - RLController - INFO -   Example: junction E1 -> durations [24, 22, 22, 22] (total: 90s)
2026-09-24 12:28:54,876 - RLController - INFO -   Stored schedules for 34 junctions, cycle starts at step 5130
2026-09-24 12:28:57,498 - RLController - INFO - DIAGNOSTIC Step 5220 - Observation stats:
2026-09-24 12:28:57,498 - RLController - INFO -   Hash: -5521799574648225666, Min: 0.000000, Max: 1.000000, Mean: 0.449941, Std: 0.457474
2026-09-24 12:28:57,499 - RLController - INFO -   First 10: [1.         0.         0.         0.         0.         0.6467944
 0.         1.         0.99333334 1.        ]
2026-09-24 12:28:57,499 - RLController - INFO -   Last 10: [0.         0.2        0.         0.08333334 0.5106838  0.0045101
 0.08012821 0.5252356  0.         0.3       ]
2026-09-24 12:28:57,502 - RLController - INFO - DIAGNOSTIC - Raw model action output:
2026-09-24 12:28:57,502 - RLController - INFO -   Action hash: -5902912385317043266
2026-09-24 12:28:57,503 - RLController - INFO -   First 8 values: [ -7.3689523 -10.        -10.        -10.        -10.        -10.
 -10.        -10.       ]
2026-09-24 12:28:57,503 - RLController - INFO -   Last 8 values: [-10.        -10.        -10.        -10.        -10.         -2.3168666
 -10.        -10.       ]
2026-09-24 12:28:57,503 - RLController - INFO -   Action shape: (136,), min: -10.000000, max: 6.163456, mean: -9.298435
2026-09-24 12:28:57,503 - RLController - INFO -   B0 junction (indices 16-19) raw values: [-10. -10. -10. -10.]
2026-09-24 12:28:57,503 - RLController - INFO - Using CONTINUOUS DURATION-BASED mode
2026-09-24 12:28:57,504 - RLController - INFO -   Example: junction A0 -> durations [51, 13, 13, 13] (total: 90s)
2026-09-24 12:28:57,504 - RLController - INFO -   Example: junction A1 -> durations [24, 22, 22, 22] (total: 90s)
2026-09-24 12:28:57,504 - RLController - INFO -   Example: junction A2 -> durations [12, 12, 54, 12] (total: 90s)
2026-09-24 12:28:57,504 - RLController - INFO -   Example: junction A4 -> durations [60, 10, 10, 10] (total: 90s)
2026-09-24 12:28:57,504 - RLController - INFO -   Example: junction A5 -> durations [24, 22, 22, 22] (total: 90s)
2026-09-24 12:28:57,504 - RLController - INFO -   Example: junction B0 -> durations [24, 22, 22, 22] (total: 90s)
2026-09-24 12:28:57,505 - RLController - INFO -   Example: junction B1 -> durations [24, 22, 22, 22] (total: 90s)
2026-09-24 12:28:57,505 - RLController - INFO -   Example: junction B2 -> durations [24, 22, 22, 22] (total: 90s)
2026-09-24 12:28:57,505 - RLController - INFO -   Example: junction B4 -> durations [24, 22, 22, 22] (total: 90s)
2026-09-24 12:28:57,505 - RLController - INFO -   Example: junction B5 -> durations [60, 10, 10, 10] (total: 90s)
2026-09-24 12:28:57,505 - RLController - INFO -   Example: junction C0 -> durations [22, 22, 24, 22] (total: 90s)
2026-09-24 12:28:57,505 - RLController - INFO -   Example: junction C1 -> durations [24, 22, 22, 22] (total: 90s)
2026-09-24 12:28:57,505 - RLController - INFO -   Example: junction C2 -> durations [57, 13, 10, 10] (total: 90s)
2026-09-24 12:28:57,505 - RLController - INFO -   Example: junction C3 -> durations [60, 10, 10, 10] (total: 90s)
2026-09-24 12:28:57,506 - RLController - INFO -   Example: junction C4 -> durations [57, 11, 11, 11] (total: 90s)
2026-09-24 12:28:57,506 - RLController - INFO -   Example: junction C5 -> durations [57, 11, 11, 11] (total: 90s)
2026-09-24 12:28:57,506 - RLController - INFO -   Example: junction D0 -> durations [24, 22, 22, 22] (total: 90s)
2026-09-24 12:28:57,506 - RLController - INFO -   Example: junction D1 -> durations [21, 21, 27, 21] (total: 90s)
2026-09-24 12:28:57,506 - RLController - INFO -   Example: junction D2 -> durations [45, 15, 15, 15] (total: 90s)
2026-09-24 12:28:57,506 - RLController - INFO -   Example: junction D3 -> durations [24, 22, 22, 22] (total: 90s)
2026-09-24 12:28:57,506 - RLController - INFO -   Example: junction D4 -> durations [24, 22, 22, 22] (total: 90s)
2026-09-24 12:28:57,506 - RLController - INFO -   Example: junction D5 -> durations [13, 13, 51, 13] (total: 90s)
2026-09-24 12:28:57,507 - RLController - INFO -   Example: junction E0 -> durations [24, 22, 22, 22] (total: 90s)
2026-09-24 12:28:57,507 - RLController - INFO -   Example: junction E1 -> durations [24, 22, 22, 22] (total: 90s)
2026-09-24 12:28:57,507 - RLController - INFO -   Stored schedules for 34 junctions, cycle starts at step 5220
2026-09-24 12:29:00,284 - RLController - INFO - DIAGNOSTIC Step 5310 - Observation stats:
2026-09-24 12:29:00,285 - RLController - INFO -   Hash: -1468834884400670401, Min: 0.000000, Max: 1.000000, Mean: 0.447118, Std: 0.457014
2026-09-24 12:29:00,285 - RLController - INFO -   First 10: [1.         0.         0.         0.         0.         0.6467944
 0.         1.         0.99333334 1.        ]
2026-09-24 12:29:00,286 - RLController - INFO -   Last 10: [0.         0.2        0.         0.08333334 0.49786323 0.00349787
 0.07910256 0.5237951  0.         0.3       ]
2026-09-24 12:29:00,290 - RLController - INFO - DIAGNOSTIC - Raw model action output:
2026-09-24 12:29:00,290 - RLController - INFO -   Action hash: -8970142557142454085
2026-09-24 12:29:00,291 - RLController - INFO -   First 8 values: [ -7.5400577 -10.        -10.        -10.        -10.        -10.
 -10.        -10.       ]
2026-09-24 12:29:00,291 - RLController - INFO -   Last 8 values: [-10.        -10.        -10.        -10.        -10.         -3.0773275
 -10.        -10.       ]
2026-09-24 12:29:00,291 - RLController - INFO -   Action shape: (136,), min: -10.000000, max: 4.690235, mean: -9.287766
2026-09-24 12:29:00,291 - RLController - INFO -   B0 junction (indices 16-19) raw values: [-10. -10. -10. -10.]
2026-09-24 12:29:00,291 - RLController - INFO - Using CONTINUOUS DURATION-BASED mode
2026-09-24 12:29:00,292 - RLController - INFO -   Example: junction A0 -> durations [51, 13, 13, 13] (total: 90s)
2026-09-24 12:29:00,292 - RLController - INFO -   Example: junction A1 -> durations [24, 22, 22, 22] (total: 90s)
2026-09-24 12:29:00,292 - RLController - INFO -   Example: junction A2 -> durations [12, 12, 54, 12] (total: 90s)
2026-09-24 12:29:00,292 - RLController - INFO -   Example: junction A4 -> durations [60, 10, 10, 10] (total: 90s)
2026-09-24 12:29:00,292 - RLController - INFO -   Example: junction A5 -> durations [24, 22, 22, 22] (total: 90s)
2026-09-24 12:29:00,292 - RLController - INFO -   Example: junction B0 -> durations [24, 22, 22, 22] (total: 90s)
2026-09-24 12:29:00,293 - RLController - INFO -   Example: junction B1 -> durations [24, 22, 22, 22] (total: 90s)
2026-09-24 12:29:00,293 - RLController - INFO -   Example: junction B2 -> durations [24, 22, 22, 22] (total: 90s)
2026-09-24 12:29:00,293 - RLController - INFO -   Example: junction B4 -> durations [24, 22, 22, 22] (total: 90s)
2026-09-24 12:29:00,293 - RLController - INFO -   Example: junction B5 -> durations [60, 10, 10, 10] (total: 90s)
2026-09-24 12:29:00,293 - RLController - INFO -   Example: junction C0 -> durations [22, 22, 24, 22] (total: 90s)
2026-09-24 12:29:00,293 - RLController - INFO -   Example: junction C1 -> durations [24, 22, 22, 22] (total: 90s)
2026-09-24 12:29:00,293 - RLController - INFO -   Example: junction C2 -> durations [57, 13, 10, 10] (total: 90s)
2026-09-24 12:29:00,294 - RLController - INFO -   Example: junction C3 -> durations [60, 10, 10, 10] (total: 90s)
2026-09-24 12:29:00,294 - RLController - INFO -   Example: junction C4 -> durations [57, 11, 11, 11] (total: 90s)
2026-09-24 12:29:00,294 - RLController - INFO -   Example: junction C5 -> durations [57, 11, 11, 11] (total: 90s)
2026-09-24 12:29:00,294 - RLController - INFO -   Example: junction D0 -> durations [24, 22, 22, 22] (total: 90s)
2026-09-24 12:29:00,294 - RLController - INFO -   Example: junction D1 -> durations [21, 21, 27, 21] (total: 90s)
2026-09-24 12:29:00,294 - RLController - INFO -   Example: junction D2 -> durations [45, 15, 15, 15] (total: 90s)
2026-09-24 12:29:00,294 - RLController - INFO -   Example: junction D3 -> durations [24, 22, 22, 22] (total: 90s)
2026-09-24 12:29:00,295 - RLController - INFO -   Example: junction D4 -> durations [24, 22, 22, 22] (total: 90s)
2026-09-24 12:29:00,295 - RLController - INFO -   Example: junction D5 -> durations [13, 13, 51, 13] (total: 90s)
2026-09-24 12:29:00,295 - RLController - INFO -   Example: junction E0 -> durations [24, 22, 22, 22] (total: 90s)
2026-09-24 12:29:00,295 - RLController - INFO -   Example: junction E1 -> durations [24, 22, 22, 22] (total: 90s)
2026-09-24 12:29:00,296 - RLController - INFO -   Stored schedules for 34 junctions, cycle starts at step 5310
2026-09-24 12:29:03,241 - RLController - INFO - DIAGNOSTIC Step 5400 - Observation stats:
2026-09-24 12:29:03,242 - RLController - INFO -   Hash: -5609125071345214473, Min: 0.000000, Max: 1.000000, Mean: 0.438576, Std: 0.455186
2026-09-24 12:29:03,242 - RLController - INFO -   First 10: [1.         0.         0.         0.         0.         0.6467944
 0.         1.         0.99333334 1.        ]
2026-09-24 12:29:03,242 - RLController - INFO -   Last 10: [0.         0.2        0.         0.08333334 0.47435898 0.00333888
 0.07935897 0.5440848  0.         0.3       ]
2026-09-24 12:29:03,246 - RLController - INFO - DIAGNOSTIC - Raw model action output:
2026-09-24 12:29:03,246 - RLController - INFO -   Action hash: 4047161501066549453
2026-09-24 12:29:03,246 - RLController - INFO -   First 8 values: [ -7.373612 -10.       -10.       -10.       -10.       -10.
 -10.       -10.      ]
2026-09-24 12:29:03,246 - RLController - INFO -   Last 8 values: [-10.       -10.       -10.       -10.       -10.        -2.702729
 -10.       -10.      ]
2026-09-24 12:29:03,247 - RLController - INFO -   Action shape: (136,), min: -10.000000, max: 5.505956, mean: -9.299819
2026-09-24 12:29:03,247 - RLController - INFO -   B0 junction (indices 16-19) raw values: [-10. -10. -10. -10.]
2026-09-24 12:29:03,247 - RLController - INFO - Using CONTINUOUS DURATION-BASED mode
2026-09-24 12:29:03,247 - RLController - INFO -   Example: junction A0 -> durations [51, 13, 13, 13] (total: 90s)
2026-09-24 12:29:03,247 - RLController - INFO -   Example: junction A1 -> durations [24, 22, 22, 22] (total: 90s)
2026-09-24 12:29:03,247 - RLController - INFO -   Example: junction A2 -> durations [12, 12, 54, 12] (total: 90s)
2026-09-24 12:29:03,247 - RLController - INFO -   Example: junction A4 -> durations [60, 10, 10, 10] (total: 90s)
2026-09-24 12:29:03,248 - RLController - INFO -   Example: junction A5 -> durations [24, 22, 22, 22] (total: 90s)
2026-09-24 12:29:03,248 - RLController - INFO -   Example: junction B0 -> durations [24, 22, 22, 22] (total: 90s)
2026-09-24 12:29:03,248 - RLController - INFO -   Example: junction B1 -> durations [24, 22, 22, 22] (total: 90s)
2026-09-24 12:29:03,248 - RLController - INFO -   Example: junction B2 -> durations [24, 22, 22, 22] (total: 90s)
2026-09-24 12:29:03,248 - RLController - INFO -   Example: junction B4 -> durations [24, 22, 22, 22] (total: 90s)
2026-09-24 12:29:03,248 - RLController - INFO -   Example: junction B5 -> durations [60, 10, 10, 10] (total: 90s)
2026-09-24 12:29:03,248 - RLController - INFO -   Example: junction C0 -> durations [22, 22, 24, 22] (total: 90s)
2026-09-24 12:29:03,248 - RLController - INFO -   Example: junction C1 -> durations [24, 22, 22, 22] (total: 90s)
2026-09-24 12:29:03,249 - RLController - INFO -   Example: junction C2 -> durations [57, 13, 10, 10] (total: 90s)
2026-09-24 12:29:03,249 - RLController - INFO -   Example: junction C3 -> durations [60, 10, 10, 10] (total: 90s)
2026-09-24 12:29:03,249 - RLController - INFO -   Example: junction C4 -> durations [57, 11, 11, 11] (total: 90s)
2026-09-24 12:29:03,249 - RLController - INFO -   Example: junction C5 -> durations [57, 11, 11, 11] (total: 90s)
2026-09-24 12:29:03,249 - RLController - INFO -   Example: junction D0 -> durations [24, 22, 22, 22] (total: 90s)
2026-09-24 12:29:03,249 - RLController - INFO -   Example: junction D1 -> durations [21, 21, 27, 21] (total: 90s)
2026-09-24 12:29:03,249 - RLController - INFO -   Example: junction D2 -> durations [45, 15, 15, 15] (total: 90s)
2026-09-24 12:29:03,249 - RLController - INFO -   Example: junction D3 -> durations [24, 22, 22, 22] (total: 90s)
2026-09-24 12:29:03,250 - RLController - INFO -   Example: junction D4 -> durations [24, 22, 22, 22] (total: 90s)
2026-09-24 12:29:03,250 - RLController - INFO -   Example: junction D5 -> durations [13, 13, 51, 13] (total: 90s)
2026-09-24 12:29:03,250 - RLController - INFO -   Example: junction E0 -> durations [24, 22, 22, 22] (total: 90s)
2026-09-24 12:29:03,250 - RLController - INFO -   Example: junction E1 -> durations [24, 22, 22, 22] (total: 90s)
2026-09-24 12:29:03,251 - RLController - INFO -   Stored schedules for 34 junctions, cycle starts at step 5400
2026-09-24 12:29:06,077 - RLController - INFO - DIAGNOSTIC Step 5490 - Observation stats:
2026-09-24 12:29:06,077 - RLController - INFO -   Hash: 3757440108450565151, Min: 0.000000, Max: 1.000000, Mean: 0.436911, Std: 0.455314
2026-09-24 12:29:06,078 - RLController - INFO -   First 10: [1.         0.         0.         0.         0.         0.6467944
 0.         1.         0.99333334 1.        ]
2026-09-24 12:29:06,078 - RLController - INFO -   Last 10: [0.         0.2        0.         0.08333334 0.47008547 0.00306652
 0.07961538 0.54442376 0.         0.3       ]
2026-09-24 12:29:06,082 - RLController - INFO - DIAGNOSTIC - Raw model action output:
2026-09-24 12:29:06,082 - RLController - INFO -   Action hash: -5445321695379433070
2026-09-24 12:29:06,082 - RLController - INFO -   First 8 values: [ -7.027 -10.    -10.    -10.    -10.    -10.    -10.    -10.   ]
2026-09-24 12:29:06,083 - RLController - INFO -   Last 8 values: [-10.        -10.        -10.        -10.        -10.         -3.4853113
 -10.        -10.       ]
2026-09-24 12:29:06,083 - RLController - INFO -   Action shape: (136,), min: -10.000000, max: 5.136992, mean: -9.280742
2026-09-24 12:29:06,083 - RLController - INFO -   B0 junction (indices 16-19) raw values: [-10. -10. -10. -10.]
2026-09-24 12:29:06,083 - RLController - INFO - Using CONTINUOUS DURATION-BASED mode
2026-09-24 12:29:06,083 - RLController - INFO -   Example: junction A0 -> durations [51, 13, 13, 13] (total: 90s)
2026-09-24 12:29:06,084 - RLController - INFO -   Example: junction A1 -> durations [24, 22, 22, 22] (total: 90s)
2026-09-24 12:29:06,084 - RLController - INFO -   Example: junction A2 -> durations [12, 12, 54, 12] (total: 90s)
2026-09-24 12:29:06,084 - RLController - INFO -   Example: junction A4 -> durations [60, 10, 10, 10] (total: 90s)
2026-09-24 12:29:06,085 - RLController - INFO -   Example: junction A5 -> durations [24, 22, 22, 22] (total: 90s)
2026-09-24 12:29:06,085 - RLController - INFO -   Example: junction B0 -> durations [24, 22, 22, 22] (total: 90s)
2026-09-24 12:29:06,085 - RLController - INFO -   Example: junction B1 -> durations [24, 22, 22, 22] (total: 90s)
2026-09-24 12:29:06,085 - RLController - INFO -   Example: junction B2 -> durations [24, 22, 22, 22] (total: 90s)
2026-09-24 12:29:06,085 - RLController - INFO -   Example: junction B4 -> durations [24, 22, 22, 22] (total: 90s)
2026-09-24 12:29:06,085 - RLController - INFO -   Example: junction B5 -> durations [60, 10, 10, 10] (total: 90s)
2026-09-24 12:29:06,085 - RLController - INFO -   Example: junction C0 -> durations [22, 22, 24, 22] (total: 90s)
2026-09-24 12:29:06,086 - RLController - INFO -   Example: junction C1 -> durations [24, 22, 22, 22] (total: 90s)
2026-09-24 12:29:06,086 - RLController - INFO -   Example: junction C2 -> durations [57, 13, 10, 10] (total: 90s)
2026-09-24 12:29:06,086 - RLController - INFO -   Example: junction C3 -> durations [60, 10, 10, 10] (total: 90s)
2026-09-24 12:29:06,086 - RLController - INFO -   Example: junction C4 -> durations [57, 11, 11, 11] (total: 90s)
2026-09-24 12:29:06,086 - RLController - INFO -   Example: junction C5 -> durations [57, 11, 11, 11] (total: 90s)
2026-09-24 12:29:06,086 - RLController - INFO -   Example: junction D0 -> durations [24, 22, 22, 22] (total: 90s)
2026-09-24 12:29:06,086 - RLController - INFO -   Example: junction D1 -> durations [21, 21, 27, 21] (total: 90s)
2026-09-24 12:29:06,086 - RLController - INFO -   Example: junction D2 -> durations [45, 15, 15, 15] (total: 90s)
2026-09-24 12:29:06,087 - RLController - INFO -   Example: junction D3 -> durations [24, 22, 22, 22] (total: 90s)
2026-09-24 12:29:06,087 - RLController - INFO -   Example: junction D4 -> durations [24, 22, 22, 22] (total: 90s)
2026-09-24 12:29:06,087 - RLController - INFO -   Example: junction D5 -> durations [13, 13, 51, 13] (total: 90s)
2026-09-24 12:29:06,087 - RLController - INFO -   Example: junction E0 -> durations [24, 22, 22, 22] (total: 90s)
2026-09-24 12:29:06,087 - RLController - INFO -   Example: junction E1 -> durations [24, 22, 22, 22] (total: 90s)
2026-09-24 12:29:06,088 - RLController - INFO -   Stored schedules for 34 junctions, cycle starts at step 5490
2026-09-24 12:29:09,325 - RLController - INFO - DIAGNOSTIC Step 5580 - Observation stats:
2026-09-24 12:29:09,325 - RLController - INFO -   Hash: 3541370204198446698, Min: 0.000000, Max: 1.000000, Mean: 0.435553, Std: 0.457374
2026-09-24 12:29:09,326 - RLController - INFO -   First 10: [1.        0.        0.        0.        0.        0.6467944 1.
 0.        0.        0.       ]
2026-09-24 12:29:09,326 - RLController - INFO -   Last 10: [0.         0.2        0.         0.08333334 0.46581197 0.00272385
 0.07871795 0.54824734 0.         0.3       ]
2026-09-24 12:29:09,368 - RLController - INFO - DIAGNOSTIC - Raw model action output:
2026-09-24 12:29:09,368 - RLController - INFO -   Action hash: -7756715856465942129
2026-09-24 12:29:09,368 - RLController - INFO -   First 8 values: [ -7.207312 -10.       -10.       -10.       -10.       -10.
 -10.       -10.      ]
2026-09-24 12:29:09,369 - RLController - INFO -   Last 8 values: [-10.        -10.        -10.        -10.        -10.         -3.4648778
 -10.        -10.       ]
2026-09-24 12:29:09,369 - RLController - INFO -   Action shape: (136,), min: -10.000000, max: 5.899135, mean: -9.272445
2026-09-24 12:29:09,370 - RLController - INFO -   B0 junction (indices 16-19) raw values: [ -9.746172 -10.       -10.       -10.      ]
2026-09-24 12:29:09,370 - RLController - INFO - Using CONTINUOUS DURATION-BASED mode
2026-09-24 12:29:09,370 - RLController - INFO -   Example: junction A0 -> durations [51, 13, 13, 13] (total: 90s)
2026-09-24 12:29:09,370 - RLController - INFO -   Example: junction A1 -> durations [24, 22, 22, 22] (total: 90s)
2026-09-24 12:29:09,371 - RLController - INFO -   Example: junction A2 -> durations [12, 12, 54, 12] (total: 90s)
2026-09-24 12:29:09,371 - RLController - INFO -   Example: junction A4 -> durations [60, 10, 10, 10] (total: 90s)
2026-09-24 12:29:09,371 - RLController - INFO -   Example: junction A5 -> durations [24, 22, 22, 22] (total: 90s)
2026-09-24 12:29:09,371 - RLController - INFO -   Example: junction B0 -> durations [24, 22, 22, 22] (total: 90s)
2026-09-24 12:29:09,371 - RLController - INFO -   Example: junction B1 -> durations [24, 22, 22, 22] (total: 90s)
2026-09-24 12:29:09,372 - RLController - INFO -   Example: junction B2 -> durations [24, 22, 22, 22] (total: 90s)
2026-09-24 12:29:09,372 - RLController - INFO -   Example: junction B4 -> durations [24, 22, 22, 22] (total: 90s)
2026-09-24 12:29:09,372 - RLController - INFO -   Example: junction B5 -> durations [60, 10, 10, 10] (total: 90s)
2026-09-24 12:29:09,372 - RLController - INFO -   Example: junction C0 -> durations [22, 22, 24, 22] (total: 90s)
2026-09-24 12:29:09,373 - RLController - INFO -   Example: junction C1 -> durations [24, 22, 22, 22] (total: 90s)
2026-09-24 12:29:09,373 - RLController - INFO -   Example: junction C2 -> durations [57, 13, 10, 10] (total: 90s)
2026-09-24 12:29:09,373 - RLController - INFO -   Example: junction C3 -> durations [60, 10, 10, 10] (total: 90s)
2026-09-24 12:29:09,373 - RLController - INFO -   Example: junction C4 -> durations [57, 11, 11, 11] (total: 90s)
2026-09-24 12:29:09,374 - RLController - INFO -   Example: junction C5 -> durations [57, 11, 11, 11] (total: 90s)
2026-09-24 12:29:09,374 - RLController - INFO -   Example: junction D0 -> durations [24, 22, 22, 22] (total: 90s)
2026-09-24 12:29:09,374 - RLController - INFO -   Example: junction D1 -> durations [21, 21, 27, 21] (total: 90s)
2026-09-24 12:29:09,374 - RLController - INFO -   Example: junction D2 -> durations [45, 15, 15, 15] (total: 90s)
2026-09-24 12:29:09,375 - RLController - INFO -   Example: junction D3 -> durations [24, 22, 22, 22] (total: 90s)
2026-09-24 12:29:09,375 - RLController - INFO -   Example: junction D4 -> durations [24, 22, 22, 22] (total: 90s)
2026-09-24 12:29:09,375 - RLController - INFO -   Example: junction D5 -> durations [13, 13, 51, 13] (total: 90s)
2026-09-24 12:29:09,375 - RLController - INFO -   Example: junction E0 -> durations [24, 22, 22, 22] (total: 90s)
2026-09-24 12:29:09,375 - RLController - INFO -   Example: junction E1 -> durations [24, 22, 22, 22] (total: 90s)
2026-09-24 12:29:09,377 - RLController - INFO -   Stored schedules for 34 junctions, cycle starts at step 5580
2026-09-24 12:29:12,330 - RLController - INFO - DIAGNOSTIC Step 5670 - Observation stats:
2026-09-24 12:29:12,332 - RLController - INFO -   Hash: -3742985387024703243, Min: 0.000000, Max: 1.000286, Mean: 0.441122, Std: 0.457322
2026-09-24 12:29:12,333 - RLController - INFO -   First 10: [1.        0.        0.        0.        0.        0.6467944 1.
 0.        0.        0.       ]
2026-09-24 12:29:12,333 - RLController - INFO -   Last 10: [0.         0.2        0.         0.08333334 0.48290598 0.00285719
 0.08008547 0.53294426 0.         0.3       ]
2026-09-24 12:29:12,341 - RLController - INFO - DIAGNOSTIC - Raw model action output:
2026-09-24 12:29:12,341 - RLController - INFO -   Action hash: 7758545055646317912
2026-09-24 12:29:12,341 - RLController - INFO -   First 8 values: [ -7.513372 -10.       -10.       -10.       -10.       -10.
 -10.       -10.      ]
2026-09-24 12:29:12,341 - RLController - INFO -   Last 8 values: [-10.        -10.        -10.        -10.        -10.         -0.8891501
 -10.        -10.       ]
2026-09-24 12:29:12,341 - RLController - INFO -   Action shape: (136,), min: -10.000000, max: 6.251831, mean: -9.296061
2026-09-24 12:29:12,342 - RLController - INFO -   B0 junction (indices 16-19) raw values: [ -9.5656 -10.     -10.     -10.    ]
2026-09-24 12:29:12,342 - RLController - INFO - Using CONTINUOUS DURATION-BASED mode
2026-09-24 12:29:12,342 - RLController - INFO -   Example: junction A0 -> durations [51, 13, 13, 13] (total: 90s)
2026-09-24 12:29:12,342 - RLController - INFO -   Example: junction A1 -> durations [24, 22, 22, 22] (total: 90s)
2026-09-24 12:29:12,342 - RLController - INFO -   Example: junction A2 -> durations [12, 12, 54, 12] (total: 90s)
2026-09-24 12:29:12,342 - RLController - INFO -   Example: junction A4 -> durations [60, 10, 10, 10] (total: 90s)
2026-09-24 12:29:12,342 - RLController - INFO -   Example: junction A5 -> durations [24, 22, 22, 22] (total: 90s)
2026-09-24 12:29:12,343 - RLController - INFO -   Example: junction B0 -> durations [24, 22, 22, 22] (total: 90s)
2026-09-24 12:29:12,343 - RLController - INFO -   Example: junction B1 -> durations [24, 22, 22, 22] (total: 90s)
2026-09-24 12:29:12,343 - RLController - INFO -   Example: junction B2 -> durations [24, 22, 22, 22] (total: 90s)
2026-09-24 12:29:12,343 - RLController - INFO -   Example: junction B4 -> durations [24, 22, 22, 22] (total: 90s)
2026-09-24 12:29:12,343 - RLController - INFO -   Example: junction B5 -> durations [60, 10, 10, 10] (total: 90s)
2026-09-24 12:29:12,343 - RLController - INFO -   Example: junction C0 -> durations [22, 22, 24, 22] (total: 90s)
2026-09-24 12:29:12,343 - RLController - INFO -   Example: junction C1 -> durations [24, 22, 22, 22] (total: 90s)
2026-09-24 12:29:12,344 - RLController - INFO -   Example: junction C2 -> durations [57, 13, 10, 10] (total: 90s)
2026-09-24 12:29:12,344 - RLController - INFO -   Example: junction C3 -> durations [60, 10, 10, 10] (total: 90s)
2026-09-24 12:29:12,344 - RLController - INFO -   Example: junction C4 -> durations [57, 11, 11, 11] (total: 90s)
2026-09-24 12:29:12,344 - RLController - INFO -   Example: junction C5 -> durations [57, 11, 11, 11] (total: 90s)
2026-09-24 12:29:12,344 - RLController - INFO -   Example: junction D0 -> durations [24, 22, 22, 22] (total: 90s)
2026-09-24 12:29:12,344 - RLController - INFO -   Example: junction D1 -> durations [21, 21, 27, 21] (total: 90s)
2026-09-24 12:29:12,345 - RLController - INFO -   Example: junction D2 -> durations [45, 15, 15, 15] (total: 90s)
2026-09-24 12:29:12,345 - RLController - INFO -   Example: junction D3 -> durations [24, 22, 22, 22] (total: 90s)
2026-09-24 12:29:12,345 - RLController - INFO -   Example: junction D4 -> durations [24, 22, 22, 22] (total: 90s)
2026-09-24 12:29:12,345 - RLController - INFO -   Example: junction D5 -> durations [13, 13, 51, 13] (total: 90s)
2026-09-24 12:29:12,345 - RLController - INFO -   Example: junction E0 -> durations [24, 22, 22, 22] (total: 90s)
2026-09-24 12:29:12,345 - RLController - INFO -   Example: junction E1 -> durations [24, 22, 22, 22] (total: 90s)
2026-09-24 12:29:12,346 - RLController - INFO -   Stored schedules for 34 junctions, cycle starts at step 5670
2026-09-24 12:29:15,156 - RLController - INFO - DIAGNOSTIC Step 5760 - Observation stats:
2026-09-24 12:29:15,156 - RLController - INFO -   Hash: 1011590116523822376, Min: 0.000000, Max: 1.000000, Mean: 0.437086, Std: 0.456140
2026-09-24 12:29:15,157 - RLController - INFO -   First 10: [1.        0.        0.        0.        0.        0.6467944 1.
 0.        0.        0.       ]
2026-09-24 12:29:15,157 - RLController - INFO -   Last 10: [0.         0.2        0.         0.08333334 0.47435898 0.00318039
 0.07760683 0.5436599  0.         0.3       ]
2026-09-24 12:29:15,162 - RLController - INFO - DIAGNOSTIC - Raw model action output:
2026-09-24 12:29:15,162 - RLController - INFO -   Action hash: -4354924996564670390
2026-09-24 12:29:15,162 - RLController - INFO -   First 8 values: [ -7.328102 -10.       -10.       -10.       -10.       -10.
 -10.       -10.      ]
2026-09-24 12:29:15,162 - RLController - INFO -   Last 8 values: [-10.        -10.        -10.        -10.        -10.         -3.9908488
 -10.        -10.       ]
2026-09-24 12:29:15,163 - RLController - INFO -   Action shape: (136,), min: -10.000000, max: 5.795305, mean: -9.286369
2026-09-24 12:29:15,163 - RLController - INFO -   B0 junction (indices 16-19) raw values: [ -9.803657 -10.       -10.       -10.      ]
2026-09-24 12:29:15,163 - RLController - INFO - Using CONTINUOUS DURATION-BASED mode
2026-09-24 12:29:15,163 - RLController - INFO -   Example: junction A0 -> durations [51, 13, 13, 13] (total: 90s)
2026-09-24 12:29:15,163 - RLController - INFO -   Example: junction A1 -> durations [24, 22, 22, 22] (total: 90s)
2026-09-24 12:29:15,163 - RLController - INFO -   Example: junction A2 -> durations [12, 12, 54, 12] (total: 90s)
2026-09-24 12:29:15,163 - RLController - INFO -   Example: junction A4 -> durations [60, 10, 10, 10] (total: 90s)
2026-09-24 12:29:15,163 - RLController - INFO -   Example: junction A5 -> durations [24, 22, 22, 22] (total: 90s)
2026-09-24 12:29:15,164 - RLController - INFO -   Example: junction B0 -> durations [24, 22, 22, 22] (total: 90s)
2026-09-24 12:29:15,164 - RLController - INFO -   Example: junction B1 -> durations [24, 22, 22, 22] (total: 90s)
2026-09-24 12:29:15,164 - RLController - INFO -   Example: junction B2 -> durations [24, 22, 22, 22] (total: 90s)
2026-09-24 12:29:15,164 - RLController - INFO -   Example: junction B4 -> durations [24, 22, 22, 22] (total: 90s)
2026-09-24 12:29:15,164 - RLController - INFO -   Example: junction B5 -> durations [60, 10, 10, 10] (total: 90s)
2026-09-24 12:29:15,165 - RLController - INFO -   Example: junction C0 -> durations [22, 22, 24, 22] (total: 90s)
2026-09-24 12:29:15,165 - RLController - INFO -   Example: junction C1 -> durations [24, 22, 22, 22] (total: 90s)
2026-09-24 12:29:15,165 - RLController - INFO -   Example: junction C2 -> durations [57, 13, 10, 10] (total: 90s)
2026-09-24 12:29:15,165 - RLController - INFO -   Example: junction C3 -> durations [60, 10, 10, 10] (total: 90s)
2026-09-24 12:29:15,165 - RLController - INFO -   Example: junction C4 -> durations [57, 11, 11, 11] (total: 90s)
2026-09-24 12:29:15,165 - RLController - INFO -   Example: junction C5 -> durations [57, 11, 11, 11] (total: 90s)
2026-09-24 12:29:15,165 - RLController - INFO -   Example: junction D0 -> durations [24, 22, 22, 22] (total: 90s)
2026-09-24 12:29:15,165 - RLController - INFO -   Example: junction D1 -> durations [21, 21, 27, 21] (total: 90s)
2026-09-24 12:29:15,166 - RLController - INFO -   Example: junction D2 -> durations [45, 15, 15, 15] (total: 90s)
2026-09-24 12:29:15,166 - RLController - INFO -   Example: junction D3 -> durations [24, 22, 22, 22] (total: 90s)
2026-09-24 12:29:15,166 - RLController - INFO -   Example: junction D4 -> durations [24, 22, 22, 22] (total: 90s)
2026-09-24 12:29:15,166 - RLController - INFO -   Example: junction D5 -> durations [13, 13, 51, 13] (total: 90s)
2026-09-24 12:29:15,166 - RLController - INFO -   Example: junction E0 -> durations [24, 22, 22, 22] (total: 90s)
2026-09-24 12:29:15,166 - RLController - INFO -   Example: junction E1 -> durations [24, 22, 22, 22] (total: 90s)
2026-09-24 12:29:15,167 - RLController - INFO -   Stored schedules for 34 junctions, cycle starts at step 5760
2026-09-24 12:29:18,943 - RLController - INFO - DIAGNOSTIC Step 5850 - Observation stats:
2026-09-24 12:29:18,944 - RLController - INFO -   Hash: 8162157362335982937, Min: 0.000000, Max: 1.000000, Mean: 0.440803, Std: 0.457394
2026-09-24 12:29:18,945 - RLController - INFO -   First 10: [1.         0.         0.         0.         0.         0.6467944
 0.         0.         0.99333334 1.        ]
2026-09-24 12:29:18,945 - RLController - INFO -   Last 10: [0.         0.2        0.         0.08333334 0.4722222  0.00319743
 0.07769231 0.5464634  0.         0.3       ]
2026-09-24 12:29:18,952 - RLController - INFO - DIAGNOSTIC - Raw model action output:
2026-09-24 12:29:18,953 - RLController - INFO -   Action hash: -1604154104417791641
2026-09-24 12:29:18,953 - RLController - INFO -   First 8 values: [ -7.167126 -10.       -10.       -10.       -10.       -10.
 -10.       -10.      ]
2026-09-24 12:29:18,953 - RLController - INFO -   Last 8 values: [-10.        -10.        -10.        -10.        -10.         -1.6454241
 -10.        -10.       ]
2026-09-24 12:29:18,954 - RLController - INFO -   Action shape: (136,), min: -10.000000, max: 5.136058, mean: -9.280573
2026-09-24 12:29:18,954 - RLController - INFO -   B0 junction (indices 16-19) raw values: [ -9.974696 -10.       -10.       -10.      ]
2026-09-24 12:29:18,954 - RLController - INFO - Using CONTINUOUS DURATION-BASED mode
2026-09-24 12:29:18,955 - RLController - INFO -   Example: junction A0 -> durations [51, 13, 13, 13] (total: 90s)
2026-09-24 12:29:18,955 - RLController - INFO -   Example: junction A1 -> durations [24, 22, 22, 22] (total: 90s)
2026-09-24 12:29:18,955 - RLController - INFO -   Example: junction A2 -> durations [12, 12, 54, 12] (total: 90s)
2026-09-24 12:29:18,955 - RLController - INFO -   Example: junction A4 -> durations [60, 10, 10, 10] (total: 90s)
2026-09-24 12:29:18,956 - RLController - INFO -   Example: junction A5 -> durations [24, 22, 22, 22] (total: 90s)
2026-09-24 12:29:18,956 - RLController - INFO -   Example: junction B0 -> durations [24, 22, 22, 22] (total: 90s)
2026-09-24 12:29:18,956 - RLController - INFO -   Example: junction B1 -> durations [24, 22, 22, 22] (total: 90s)
2026-09-24 12:29:18,956 - RLController - INFO -   Example: junction B2 -> durations [24, 22, 22, 22] (total: 90s)
2026-09-24 12:29:18,956 - RLController - INFO -   Example: junction B4 -> durations [24, 22, 22, 22] (total: 90s)
2026-09-24 12:29:18,957 - RLController - INFO -   Example: junction B5 -> durations [60, 10, 10, 10] (total: 90s)
2026-09-24 12:29:18,957 - RLController - INFO -   Example: junction C0 -> durations [22, 22, 24, 22] (total: 90s)
2026-09-24 12:29:18,957 - RLController - INFO -   Example: junction C1 -> durations [24, 22, 22, 22] (total: 90s)
2026-09-24 12:29:18,957 - RLController - INFO -   Example: junction C2 -> durations [57, 13, 10, 10] (total: 90s)
2026-09-24 12:29:18,958 - RLController - INFO -   Example: junction C3 -> durations [60, 10, 10, 10] (total: 90s)
2026-09-24 12:29:18,958 - RLController - INFO -   Example: junction C4 -> durations [57, 11, 11, 11] (total: 90s)
2026-09-24 12:29:18,958 - RLController - INFO -   Example: junction C5 -> durations [57, 11, 11, 11] (total: 90s)
2026-09-24 12:29:18,958 - RLController - INFO -   Example: junction D0 -> durations [24, 22, 22, 22] (total: 90s)
2026-09-24 12:29:18,958 - RLController - INFO -   Example: junction D1 -> durations [21, 21, 27, 21] (total: 90s)
2026-09-24 12:29:18,959 - RLController - INFO -   Example: junction D2 -> durations [45, 15, 15, 15] (total: 90s)
2026-09-24 12:29:18,959 - RLController - INFO -   Example: junction D3 -> durations [24, 22, 22, 22] (total: 90s)
2026-09-24 12:29:18,959 - RLController - INFO -   Example: junction D4 -> durations [24, 22, 22, 22] (total: 90s)
2026-09-24 12:29:18,959 - RLController - INFO -   Example: junction D5 -> durations [13, 13, 51, 13] (total: 90s)
2026-09-24 12:29:18,960 - RLController - INFO -   Example: junction E0 -> durations [24, 22, 22, 22] (total: 90s)
2026-09-24 12:29:18,960 - RLController - INFO -   Example: junction E1 -> durations [24, 22, 22, 22] (total: 90s)
2026-09-24 12:29:18,961 - RLController - INFO -   Stored schedules for 34 junctions, cycle starts at step 5850
2026-09-24 12:29:22,261 - RLController - INFO - DIAGNOSTIC Step 5940 - Observation stats:
2026-09-24 12:29:22,261 - RLController - INFO -   Hash: 852097055294308102, Min: 0.000000, Max: 1.000000, Mean: 0.441274, Std: 0.456346
2026-09-24 12:29:22,261 - RLController - INFO -   First 10: [1.         0.         0.         0.         0.         0.6467944
 0.         1.         0.99333334 1.        ]
2026-09-24 12:29:22,262 - RLController - INFO -   Last 10: [0.         0.2        0.         0.08333334 0.48076922 0.00356243
 0.07807692 0.54036963 0.         0.3       ]
2026-09-24 12:29:22,286 - RLController - INFO - DIAGNOSTIC - Raw model action output:
2026-09-24 12:29:22,286 - RLController - INFO -   Action hash: -6066403428262436616
2026-09-24 12:29:22,287 - RLController - INFO -   First 8 values: [ -7.0767064 -10.        -10.        -10.        -10.        -10.
 -10.        -10.       ]
2026-09-24 12:29:22,287 - RLController - INFO -   Last 8 values: [-10.        -10.        -10.        -10.        -10.         -1.7585485
 -10.        -10.       ]
2026-09-24 12:29:22,287 - RLController - INFO -   Action shape: (136,), min: -10.000000, max: 5.689552, mean: -9.242049
2026-09-24 12:29:22,288 - RLController - INFO -   B0 junction (indices 16-19) raw values: [-10. -10. -10. -10.]
2026-09-24 12:29:22,288 - RLController - INFO - Using CONTINUOUS DURATION-BASED mode
2026-09-24 12:29:22,288 - RLController - INFO -   Example: junction A0 -> durations [51, 13, 13, 13] (total: 90s)
2026-09-24 12:29:22,288 - RLController - INFO -   Example: junction A1 -> durations [24, 22, 22, 22] (total: 90s)
2026-09-24 12:29:22,288 - RLController - INFO -   Example: junction A2 -> durations [12, 12, 54, 12] (total: 90s)
2026-09-24 12:29:22,288 - RLController - INFO -   Example: junction A4 -> durations [60, 10, 10, 10] (total: 90s)
2026-09-24 12:29:22,289 - RLController - INFO -   Example: junction A5 -> durations [24, 22, 22, 22] (total: 90s)
2026-09-24 12:29:22,289 - RLController - INFO -   Example: junction B0 -> durations [24, 22, 22, 22] (total: 90s)
2026-09-24 12:29:22,289 - RLController - INFO -   Example: junction B1 -> durations [24, 22, 22, 22] (total: 90s)
2026-09-24 12:29:22,289 - RLController - INFO -   Example: junction B2 -> durations [24, 22, 22, 22] (total: 90s)
2026-09-24 12:29:22,289 - RLController - INFO -   Example: junction B4 -> durations [24, 22, 22, 22] (total: 90s)
2026-09-24 12:29:22,289 - RLController - INFO -   Example: junction B5 -> durations [60, 10, 10, 10] (total: 90s)
2026-09-24 12:29:22,290 - RLController - INFO -   Example: junction C0 -> durations [22, 22, 24, 22] (total: 90s)
2026-09-24 12:29:22,290 - RLController - INFO -   Example: junction C1 -> durations [24, 22, 22, 22] (total: 90s)
2026-09-24 12:29:22,290 - RLController - INFO -   Example: junction C2 -> durations [57, 13, 10, 10] (total: 90s)
2026-09-24 12:29:22,290 - RLController - INFO -   Example: junction C3 -> durations [60, 10, 10, 10] (total: 90s)
2026-09-24 12:29:22,290 - RLController - INFO -   Example: junction C4 -> durations [57, 11, 11, 11] (total: 90s)
2026-09-24 12:29:22,290 - RLController - INFO -   Example: junction C5 -> durations [57, 11, 11, 11] (total: 90s)
2026-09-24 12:29:22,291 - RLController - INFO -   Example: junction D0 -> durations [24, 22, 22, 22] (total: 90s)
2026-09-24 12:29:22,291 - RLController - INFO -   Example: junction D1 -> durations [21, 21, 27, 21] (total: 90s)
2026-09-24 12:29:22,291 - RLController - INFO -   Example: junction D2 -> durations [45, 15, 15, 15] (total: 90s)
2026-09-24 12:29:22,291 - RLController - INFO -   Example: junction D3 -> durations [24, 22, 22, 22] (total: 90s)
2026-09-24 12:29:22,291 - RLController - INFO -   Example: junction D4 -> durations [24, 22, 22, 22] (total: 90s)
2026-09-24 12:29:22,291 - RLController - INFO -   Example: junction D5 -> durations [13, 13, 51, 13] (total: 90s)
2026-09-24 12:29:22,291 - RLController - INFO -   Example: junction E0 -> durations [24, 22, 22, 22] (total: 90s)
2026-09-24 12:29:22,292 - RLController - INFO -   Example: junction E1 -> durations [24, 22, 22, 22] (total: 90s)
2026-09-24 12:29:22,292 - RLController - INFO -   Stored schedules for 34 junctions, cycle starts at step 5940
2026-09-24 12:29:25,402 - RLController - INFO - DIAGNOSTIC Step 6030 - Observation stats:
2026-09-24 12:29:25,402 - RLController - INFO -   Hash: -4792836868370327397, Min: 0.000000, Max: 1.000000, Mean: 0.444495, Std: 0.455445
2026-09-24 12:29:25,403 - RLController - INFO -   First 10: [1.         0.         0.         0.         0.         0.6467944
 0.         1.         0.99333334 1.        ]
2026-09-24 12:29:25,403 - RLController - INFO -   Last 10: [0.         0.2        0.         0.08333334 0.4957265  0.00339575
 0.0774359  0.5204157  0.         0.3       ]
2026-09-24 12:29:25,409 - RLController - INFO - DIAGNOSTIC - Raw model action output:
2026-09-24 12:29:25,409 - RLController - INFO -   Action hash: -34735257583560687
2026-09-24 12:29:25,410 - RLController - INFO -   First 8 values: [ -7.383447 -10.       -10.       -10.       -10.       -10.
 -10.       -10.      ]
2026-09-24 12:29:25,410 - RLController - INFO -   Last 8 values: [-10.        -10.        -10.        -10.        -10.         -1.8371701
 -10.        -10.       ]
2026-09-24 12:29:25,410 - RLController - INFO -   Action shape: (136,), min: -10.000000, max: 5.719140, mean: -9.273956
2026-09-24 12:29:25,410 - RLController - INFO -   B0 junction (indices 16-19) raw values: [-10. -10. -10. -10.]
2026-09-24 12:29:25,410 - RLController - INFO - Using CONTINUOUS DURATION-BASED mode
2026-09-24 12:29:25,411 - RLController - INFO -   Example: junction A0 -> durations [51, 13, 13, 13] (total: 90s)
2026-09-24 12:29:25,411 - RLController - INFO -   Example: junction A1 -> durations [24, 22, 22, 22] (total: 90s)
2026-09-24 12:29:25,411 - RLController - INFO -   Example: junction A2 -> durations [12, 12, 54, 12] (total: 90s)
2026-09-24 12:29:25,411 - RLController - INFO -   Example: junction A4 -> durations [60, 10, 10, 10] (total: 90s)
2026-09-24 12:29:25,411 - RLController - INFO -   Example: junction A5 -> durations [24, 22, 22, 22] (total: 90s)
2026-09-24 12:29:25,411 - RLController - INFO -   Example: junction B0 -> durations [24, 22, 22, 22] (total: 90s)
2026-09-24 12:29:25,411 - RLController - INFO -   Example: junction B1 -> durations [24, 22, 22, 22] (total: 90s)
2026-09-24 12:29:25,412 - RLController - INFO -   Example: junction B2 -> durations [24, 22, 22, 22] (total: 90s)
2026-09-24 12:29:25,412 - RLController - INFO -   Example: junction B4 -> durations [24, 22, 22, 22] (total: 90s)
2026-09-24 12:29:25,412 - RLController - INFO -   Example: junction B5 -> durations [60, 10, 10, 10] (total: 90s)
2026-09-24 12:29:25,412 - RLController - INFO -   Example: junction C0 -> durations [22, 22, 24, 22] (total: 90s)
2026-09-24 12:29:25,412 - RLController - INFO -   Example: junction C1 -> durations [24, 22, 22, 22] (total: 90s)
2026-09-24 12:29:25,412 - RLController - INFO -   Example: junction C2 -> durations [57, 13, 10, 10] (total: 90s)
2026-09-24 12:29:25,412 - RLController - INFO -   Example: junction C3 -> durations [60, 10, 10, 10] (total: 90s)
2026-09-24 12:29:25,412 - RLController - INFO -   Example: junction C4 -> durations [57, 11, 11, 11] (total: 90s)
2026-09-24 12:29:25,413 - RLController - INFO -   Example: junction C5 -> durations [57, 11, 11, 11] (total: 90s)
2026-09-24 12:29:25,413 - RLController - INFO -   Example: junction D0 -> durations [24, 22, 22, 22] (total: 90s)
2026-09-24 12:29:25,413 - RLController - INFO -   Example: junction D1 -> durations [21, 21, 27, 21] (total: 90s)
2026-09-24 12:29:25,413 - RLController - INFO -   Example: junction D2 -> durations [45, 15, 15, 15] (total: 90s)
2026-09-24 12:29:25,413 - RLController - INFO -   Example: junction D3 -> durations [24, 22, 22, 22] (total: 90s)
2026-09-24 12:29:25,413 - RLController - INFO -   Example: junction D4 -> durations [24, 22, 22, 22] (total: 90s)
2026-09-24 12:29:25,413 - RLController - INFO -   Example: junction D5 -> durations [13, 13, 51, 13] (total: 90s)
2026-09-24 12:29:25,413 - RLController - INFO -   Example: junction E0 -> durations [24, 22, 22, 22] (total: 90s)
2026-09-24 12:29:25,414 - RLController - INFO -   Example: junction E1 -> durations [24, 22, 22, 22] (total: 90s)
2026-09-24 12:29:25,414 - RLController - INFO -   Stored schedules for 34 junctions, cycle starts at step 6030
2026-09-24 12:29:28,321 - RLController - INFO - DIAGNOSTIC Step 6120 - Observation stats:
2026-09-24 12:29:28,322 - RLController - INFO -   Hash: 2346372990972023004, Min: 0.000000, Max: 1.000000, Mean: 0.438782, Std: 0.455841
2026-09-24 12:29:28,322 - RLController - INFO -   First 10: [1.         0.         0.         0.         0.         0.6467944
 0.         0.         0.99333334 1.        ]
2026-09-24 12:29:28,323 - RLController - INFO -   Last 10: [0.         0.2        0.         0.08333334 0.47435898 0.00316452
 0.07636752 0.5440219  0.         0.3       ]
2026-09-24 12:29:28,332 - RLController - INFO - DIAGNOSTIC - Raw model action output:
2026-09-24 12:29:28,332 - RLController - INFO -   Action hash: 8465728475218659292
2026-09-24 12:29:28,332 - RLController - INFO -   First 8 values: [ -7.4788165 -10.        -10.        -10.        -10.        -10.
 -10.        -10.       ]
2026-09-24 12:29:28,333 - RLController - INFO -   Last 8 values: [-10.      -10.      -10.      -10.      -10.       -2.31647 -10.
 -10.     ]
2026-09-24 12:29:28,333 - RLController - INFO -   Action shape: (136,), min: -10.000000, max: 6.041645, mean: -9.293371
2026-09-24 12:29:28,333 - RLController - INFO -   B0 junction (indices 16-19) raw values: [ -9.996463 -10.       -10.       -10.      ]
2026-09-24 12:29:28,333 - RLController - INFO - Using CONTINUOUS DURATION-BASED mode
2026-09-24 12:29:28,333 - RLController - INFO -   Example: junction A0 -> durations [51, 13, 13, 13] (total: 90s)
2026-09-24 12:29:28,334 - RLController - INFO -   Example: junction A1 -> durations [24, 22, 22, 22] (total: 90s)
2026-09-24 12:29:28,334 - RLController - INFO -   Example: junction A2 -> durations [12, 12, 54, 12] (total: 90s)
2026-09-24 12:29:28,334 - RLController - INFO -   Example: junction A4 -> durations [60, 10, 10, 10] (total: 90s)
2026-09-24 12:29:28,334 - RLController - INFO -   Example: junction A5 -> durations [24, 22, 22, 22] (total: 90s)
2026-09-24 12:29:28,334 - RLController - INFO -   Example: junction B0 -> durations [24, 22, 22, 22] (total: 90s)
2026-09-24 12:29:28,334 - RLController - INFO -   Example: junction B1 -> durations [24, 22, 22, 22] (total: 90s)
2026-09-24 12:29:28,334 - RLController - INFO -   Example: junction B2 -> durations [24, 22, 22, 22] (total: 90s)
2026-09-24 12:29:28,335 - RLController - INFO -   Example: junction B4 -> durations [24, 22, 22, 22] (total: 90s)
2026-09-24 12:29:28,335 - RLController - INFO -   Example: junction B5 -> durations [60, 10, 10, 10] (total: 90s)
2026-09-24 12:29:28,335 - RLController - INFO -   Example: junction C0 -> durations [22, 22, 24, 22] (total: 90s)
2026-09-24 12:29:28,335 - RLController - INFO -   Example: junction C1 -> durations [24, 22, 22, 22] (total: 90s)
2026-09-24 12:29:28,335 - RLController - INFO -   Example: junction C2 -> durations [57, 13, 10, 10] (total: 90s)
2026-09-24 12:29:28,335 - RLController - INFO -   Example: junction C3 -> durations [60, 10, 10, 10] (total: 90s)
2026-09-24 12:29:28,335 - RLController - INFO -   Example: junction C4 -> durations [57, 11, 11, 11] (total: 90s)
2026-09-24 12:29:28,336 - RLController - INFO -   Example: junction C5 -> durations [57, 11, 11, 11] (total: 90s)
2026-09-24 12:29:28,336 - RLController - INFO -   Example: junction D0 -> durations [24, 22, 22, 22] (total: 90s)
2026-09-24 12:29:28,336 - RLController - INFO -   Example: junction D1 -> durations [21, 21, 27, 21] (total: 90s)
2026-09-24 12:29:28,336 - RLController - INFO -   Example: junction D2 -> durations [45, 15, 15, 15] (total: 90s)
2026-09-24 12:29:28,336 - RLController - INFO -   Example: junction D3 -> durations [24, 22, 22, 22] (total: 90s)
2026-09-24 12:29:28,336 - RLController - INFO -   Example: junction D4 -> durations [24, 22, 22, 22] (total: 90s)
2026-09-24 12:29:28,336 - RLController - INFO -   Example: junction D5 -> durations [13, 13, 51, 13] (total: 90s)
2026-09-24 12:29:28,336 - RLController - INFO -   Example: junction E0 -> durations [24, 22, 22, 22] (total: 90s)
2026-09-24 12:29:28,337 - RLController - INFO -   Example: junction E1 -> durations [24, 22, 22, 22] (total: 90s)
2026-09-24 12:29:28,337 - RLController - INFO -   Stored schedules for 34 junctions, cycle starts at step 6120
2026-09-24 12:29:31,287 - RLController - INFO - DIAGNOSTIC Step 6210 - Observation stats:
2026-09-24 12:29:31,287 - RLController - INFO -   Hash: 2929992930384924118, Min: 0.000000, Max: 1.000000, Mean: 0.441331, Std: 0.457520
2026-09-24 12:29:31,288 - RLController - INFO -   First 10: [1.        0.        0.        0.        0.        0.6229188 1.
 0.        0.        0.       ]
2026-09-24 12:29:31,288 - RLController - INFO -   Last 10: [0.         0.2        0.         0.08333334 0.4871795  0.00315468
 0.07807692 0.524614   0.         0.3       ]
2026-09-24 12:29:31,293 - RLController - INFO - DIAGNOSTIC - Raw model action output:
2026-09-24 12:29:31,293 - RLController - INFO -   Action hash: 2319682591999464750
2026-09-24 12:29:31,294 - RLController - INFO -   First 8 values: [ -7.2992444 -10.        -10.        -10.        -10.        -10.
 -10.        -10.       ]
2026-09-24 12:29:31,294 - RLController - INFO -   Last 8 values: [-10.       -10.       -10.       -10.       -10.        -2.604479
 -10.       -10.      ]
2026-09-24 12:29:31,294 - RLController - INFO -   Action shape: (136,), min: -10.000000, max: 5.959886, mean: -9.283305
2026-09-24 12:29:31,294 - RLController - INFO -   B0 junction (indices 16-19) raw values: [-10. -10. -10. -10.]
2026-09-24 12:29:31,294 - RLController - INFO - Using CONTINUOUS DURATION-BASED mode
2026-09-24 12:29:31,295 - RLController - INFO -   Example: junction A0 -> durations [51, 13, 13, 13] (total: 90s)
2026-09-24 12:29:31,295 - RLController - INFO -   Example: junction A1 -> durations [24, 22, 22, 22] (total: 90s)
2026-09-24 12:29:31,295 - RLController - INFO -   Example: junction A2 -> durations [12, 12, 54, 12] (total: 90s)
2026-09-24 12:29:31,295 - RLController - INFO -   Example: junction A4 -> durations [60, 10, 10, 10] (total: 90s)
2026-09-24 12:29:31,295 - RLController - INFO -   Example: junction A5 -> durations [24, 22, 22, 22] (total: 90s)
2026-09-24 12:29:31,295 - RLController - INFO -   Example: junction B0 -> durations [24, 22, 22, 22] (total: 90s)
2026-09-24 12:29:31,295 - RLController - INFO -   Example: junction B1 -> durations [24, 22, 22, 22] (total: 90s)
2026-09-24 12:29:31,296 - RLController - INFO -   Example: junction B2 -> durations [24, 22, 22, 22] (total: 90s)
2026-09-24 12:29:31,296 - RLController - INFO -   Example: junction B4 -> durations [24, 22, 22, 22] (total: 90s)
2026-09-24 12:29:31,296 - RLController - INFO -   Example: junction B5 -> durations [60, 10, 10, 10] (total: 90s)
2026-09-24 12:29:31,296 - RLController - INFO -   Example: junction C0 -> durations [22, 22, 24, 22] (total: 90s)
2026-09-24 12:29:31,296 - RLController - INFO -   Example: junction C1 -> durations [24, 22, 22, 22] (total: 90s)
2026-09-24 12:29:31,296 - RLController - INFO -   Example: junction C2 -> durations [57, 13, 10, 10] (total: 90s)
2026-09-24 12:29:31,296 - RLController - INFO -   Example: junction C3 -> durations [60, 10, 10, 10] (total: 90s)
2026-09-24 12:29:31,296 - RLController - INFO -   Example: junction C4 -> durations [57, 11, 11, 11] (total: 90s)
2026-09-24 12:29:31,297 - RLController - INFO -   Example: junction C5 -> durations [57, 11, 11, 11] (total: 90s)
2026-09-24 12:29:31,297 - RLController - INFO -   Example: junction D0 -> durations [24, 22, 22, 22] (total: 90s)
2026-09-24 12:29:31,297 - RLController - INFO -   Example: junction D1 -> durations [21, 21, 27, 21] (total: 90s)
2026-09-24 12:29:31,297 - RLController - INFO -   Example: junction D2 -> durations [45, 15, 15, 15] (total: 90s)
2026-09-24 12:29:31,297 - RLController - INFO -   Example: junction D3 -> durations [24, 22, 22, 22] (total: 90s)
2026-09-24 12:29:31,297 - RLController - INFO -   Example: junction D4 -> durations [24, 22, 22, 22] (total: 90s)
2026-09-24 12:29:31,297 - RLController - INFO -   Example: junction D5 -> durations [13, 13, 51, 13] (total: 90s)
2026-09-24 12:29:31,297 - RLController - INFO -   Example: junction E0 -> durations [24, 22, 22, 22] (total: 90s)
2026-09-24 12:29:31,298 - RLController - INFO -   Example: junction E1 -> durations [24, 22, 22, 22] (total: 90s)
2026-09-24 12:29:31,298 - RLController - INFO -   Stored schedules for 34 junctions, cycle starts at step 6210
2026-09-24 12:29:34,277 - RLController - INFO - DIAGNOSTIC Step 6300 - Observation stats:
2026-09-24 12:29:34,278 - RLController - INFO -   Hash: -4148371439022721041, Min: 0.000000, Max: 1.000000, Mean: 0.446317, Std: 0.456916
2026-09-24 12:29:34,278 - RLController - INFO -   First 10: [1.         0.         0.         0.         0.         0.59811014
 0.         1.         0.99333334 1.        ]
2026-09-24 12:29:34,278 - RLController - INFO -   Last 10: [0.         0.2        0.         0.08333334 0.51282054 0.00324693
 0.08004273 0.50886333 0.         0.3       ]
2026-09-24 12:29:34,283 - RLController - INFO - DIAGNOSTIC - Raw model action output:
2026-09-24 12:29:34,283 - RLController - INFO -   Action hash: 7430244830279441736
2026-09-24 12:29:34,283 - RLController - INFO -   First 8 values: [ -7.3249354 -10.        -10.        -10.        -10.        -10.
 -10.        -10.       ]
2026-09-24 12:29:34,284 - RLController - INFO -   Last 8 values: [-10.        -10.        -10.        -10.        -10.         -3.5314133
 -10.        -10.       ]
2026-09-24 12:29:34,284 - RLController - INFO -   Action shape: (136,), min: -10.000000, max: 5.308947, mean: -9.302803
2026-09-24 12:29:34,284 - RLController - INFO -   B0 junction (indices 16-19) raw values: [ -9.930749 -10.       -10.       -10.      ]
2026-09-24 12:29:34,285 - RLController - INFO - Using CONTINUOUS DURATION-BASED mode
2026-09-24 12:29:34,285 - RLController - INFO -   Example: junction A0 -> durations [51, 13, 13, 13] (total: 90s)
2026-09-24 12:29:34,285 - RLController - INFO -   Example: junction A1 -> durations [24, 22, 22, 22] (total: 90s)
2026-09-24 12:29:34,285 - RLController - INFO -   Example: junction A2 -> durations [12, 12, 54, 12] (total: 90s)
2026-09-24 12:29:34,285 - RLController - INFO -   Example: junction A4 -> durations [60, 10, 10, 10] (total: 90s)
2026-09-24 12:29:34,285 - RLController - INFO -   Example: junction A5 -> durations [24, 22, 22, 22] (total: 90s)
2026-09-24 12:29:34,286 - RLController - INFO -   Example: junction B0 -> durations [24, 22, 22, 22] (total: 90s)
2026-09-24 12:29:34,286 - RLController - INFO -   Example: junction B1 -> durations [24, 22, 22, 22] (total: 90s)
2026-09-24 12:29:34,286 - RLController - INFO -   Example: junction B2 -> durations [24, 22, 22, 22] (total: 90s)
2026-09-24 12:29:34,286 - RLController - INFO -   Example: junction B4 -> durations [24, 22, 22, 22] (total: 90s)
2026-09-24 12:29:34,286 - RLController - INFO -   Example: junction B5 -> durations [60, 10, 10, 10] (total: 90s)
2026-09-24 12:29:34,286 - RLController - INFO -   Example: junction C0 -> durations [22, 22, 24, 22] (total: 90s)
2026-09-24 12:29:34,286 - RLController - INFO -   Example: junction C1 -> durations [24, 22, 22, 22] (total: 90s)
2026-09-24 12:29:34,286 - RLController - INFO -   Example: junction C2 -> durations [57, 13, 10, 10] (total: 90s)
2026-09-24 12:29:34,287 - RLController - INFO -   Example: junction C3 -> durations [60, 10, 10, 10] (total: 90s)
2026-09-24 12:29:34,287 - RLController - INFO -   Example: junction C4 -> durations [57, 11, 11, 11] (total: 90s)
2026-09-24 12:29:34,287 - RLController - INFO -   Example: junction C5 -> durations [57, 11, 11, 11] (total: 90s)
2026-09-24 12:29:34,287 - RLController - INFO -   Example: junction D0 -> durations [24, 22, 22, 22] (total: 90s)
2026-09-24 12:29:34,287 - RLController - INFO -   Example: junction D1 -> durations [21, 21, 27, 21] (total: 90s)
2026-09-24 12:29:34,287 - RLController - INFO -   Example: junction D2 -> durations [45, 15, 15, 15] (total: 90s)
2026-09-24 12:29:34,287 - RLController - INFO -   Example: junction D3 -> durations [24, 22, 22, 22] (total: 90s)
2026-09-24 12:29:34,288 - RLController - INFO -   Example: junction D4 -> durations [24, 22, 22, 22] (total: 90s)
2026-09-24 12:29:34,288 - RLController - INFO -   Example: junction D5 -> durations [13, 13, 51, 13] (total: 90s)
2026-09-24 12:29:34,288 - RLController - INFO -   Example: junction E0 -> durations [24, 22, 22, 22] (total: 90s)
2026-09-24 12:29:34,288 - RLController - INFO -   Example: junction E1 -> durations [24, 22, 22, 22] (total: 90s)
2026-09-24 12:29:34,289 - RLController - INFO -   Stored schedules for 34 junctions, cycle starts at step 6300
2026-09-24 12:29:37,272 - RLController - INFO - DIAGNOSTIC Step 6390 - Observation stats:
2026-09-24 12:29:37,274 - RLController - INFO -   Hash: 2693183069261858093, Min: 0.000000, Max: 1.000000, Mean: 0.448474, Std: 0.458305
2026-09-24 12:29:37,274 - RLController - INFO -   First 10: [0.5        0.         0.9266667  1.         0.00541354 0.29419127
 0.         1.         0.99333334 1.        ]
2026-09-24 12:29:37,274 - RLController - INFO -   Last 10: [0.         0.2        0.         0.08333334 0.50641024 0.00377381
 0.08119658 0.51772004 0.         0.3       ]
2026-09-24 12:29:37,278 - RLController - INFO - DIAGNOSTIC - Raw model action output:
2026-09-24 12:29:37,279 - RLController - INFO -   Action hash: -2343326069302389663
2026-09-24 12:29:37,279 - RLController - INFO -   First 8 values: [ -7.608217 -10.       -10.       -10.       -10.       -10.
 -10.       -10.      ]
2026-09-24 12:29:37,279 - RLController - INFO -   Last 8 values: [-10.        -10.        -10.        -10.        -10.         -3.2283971
 -10.        -10.       ]
2026-09-24 12:29:37,279 - RLController - INFO -   Action shape: (136,), min: -10.000000, max: 5.045256, mean: -9.296353
2026-09-24 12:29:37,279 - RLController - INFO -   B0 junction (indices 16-19) raw values: [ -9.786431 -10.       -10.       -10.      ]
2026-09-24 12:29:37,279 - RLController - INFO - Using CONTINUOUS DURATION-BASED mode
2026-09-24 12:29:37,280 - RLController - INFO -   Example: junction A0 -> durations [51, 13, 13, 13] (total: 90s)
2026-09-24 12:29:37,280 - RLController - INFO -   Example: junction A1 -> durations [24, 22, 22, 22] (total: 90s)
2026-09-24 12:29:37,280 - RLController - INFO -   Example: junction A2 -> durations [12, 12, 54, 12] (total: 90s)
2026-09-24 12:29:37,280 - RLController - INFO -   Example: junction A4 -> durations [60, 10, 10, 10] (total: 90s)
2026-09-24 12:29:37,280 - RLController - INFO -   Example: junction A5 -> durations [24, 22, 22, 22] (total: 90s)
2026-09-24 12:29:37,280 - RLController - INFO -   Example: junction B0 -> durations [24, 22, 22, 22] (total: 90s)
2026-09-24 12:29:37,280 - RLController - INFO -   Example: junction B1 -> durations [24, 22, 22, 22] (total: 90s)
2026-09-24 12:29:37,281 - RLController - INFO -   Example: junction B2 -> durations [24, 22, 22, 22] (total: 90s)
2026-09-24 12:29:37,281 - RLController - INFO -   Example: junction B4 -> durations [24, 22, 22, 22] (total: 90s)
2026-09-24 12:29:37,281 - RLController - INFO -   Example: junction B5 -> durations [60, 10, 10, 10] (total: 90s)
2026-09-24 12:29:37,281 - RLController - INFO -   Example: junction C0 -> durations [22, 22, 24, 22] (total: 90s)
2026-09-24 12:29:37,281 - RLController - INFO -   Example: junction C1 -> durations [24, 22, 22, 22] (total: 90s)
2026-09-24 12:29:37,281 - RLController - INFO -   Example: junction C2 -> durations [57, 13, 10, 10] (total: 90s)
2026-09-24 12:29:37,281 - RLController - INFO -   Example: junction C3 -> durations [60, 10, 10, 10] (total: 90s)
2026-09-24 12:29:37,281 - RLController - INFO -   Example: junction C4 -> durations [57, 11, 11, 11] (total: 90s)
2026-09-24 12:29:37,282 - RLController - INFO -   Example: junction C5 -> durations [57, 11, 11, 11] (total: 90s)
2026-09-24 12:29:37,282 - RLController - INFO -   Example: junction D0 -> durations [24, 22, 22, 22] (total: 90s)
2026-09-24 12:29:37,282 - RLController - INFO -   Example: junction D1 -> durations [21, 21, 27, 21] (total: 90s)
2026-09-24 12:29:37,282 - RLController - INFO -   Example: junction D2 -> durations [45, 15, 15, 15] (total: 90s)
2026-09-24 12:29:37,282 - RLController - INFO -   Example: junction D3 -> durations [24, 22, 22, 22] (total: 90s)
2026-09-24 12:29:37,282 - RLController - INFO -   Example: junction D4 -> durations [24, 22, 22, 22] (total: 90s)
2026-09-24 12:29:37,282 - RLController - INFO -   Example: junction D5 -> durations [13, 13, 51, 13] (total: 90s)
2026-09-24 12:29:37,282 - RLController - INFO -   Example: junction E0 -> durations [24, 22, 22, 22] (total: 90s)
2026-09-24 12:29:37,283 - RLController - INFO -   Example: junction E1 -> durations [24, 22, 22, 22] (total: 90s)
2026-09-24 12:29:37,283 - RLController - INFO -   Stored schedules for 34 junctions, cycle starts at step 6390
2026-09-24 12:29:40,531 - RLController - INFO - DIAGNOSTIC Step 6480 - Observation stats:
2026-09-24 12:29:40,531 - RLController - INFO -   Hash: 2862915969191281829, Min: 0.000000, Max: 1.000365, Mean: 0.444874, Std: 0.457162
2026-09-24 12:29:40,531 - RLController - INFO -   First 10: [0.2316878  1.         0.97333336 1.         0.05091551 0.13549861
 0.         1.         0.99333334 1.        ]
2026-09-24 12:29:40,532 - RLController - INFO -   Last 10: [0.         0.2        0.         0.08333334 0.491453   0.00355586
 0.08051282 0.53294873 0.         0.3       ]
2026-09-24 12:29:40,536 - RLController - INFO - DIAGNOSTIC - Raw model action output:
2026-09-24 12:29:40,536 - RLController - INFO -   Action hash: 6843238038985128715
2026-09-24 12:29:40,536 - RLController - INFO -   First 8 values: [ -7.655853 -10.       -10.       -10.       -10.       -10.
 -10.       -10.      ]
2026-09-24 12:29:40,536 - RLController - INFO -   Last 8 values: [-10.        -10.        -10.        -10.        -10.         -2.1766412
 -10.        -10.       ]
2026-09-24 12:29:40,537 - RLController - INFO -   Action shape: (136,), min: -10.000000, max: 5.157886, mean: -9.285930
2026-09-24 12:29:40,537 - RLController - INFO -   B0 junction (indices 16-19) raw values: [-10. -10. -10. -10.]
2026-09-24 12:29:40,537 - RLController - INFO - Using CONTINUOUS DURATION-BASED mode
2026-09-24 12:29:40,537 - RLController - INFO -   Example: junction A0 -> durations [51, 13, 13, 13] (total: 90s)
2026-09-24 12:29:40,537 - RLController - INFO -   Example: junction A1 -> durations [24, 22, 22, 22] (total: 90s)
2026-09-24 12:29:40,537 - RLController - INFO -   Example: junction A2 -> durations [12, 12, 54, 12] (total: 90s)
2026-09-24 12:29:40,537 - RLController - INFO -   Example: junction A4 -> durations [60, 10, 10, 10] (total: 90s)
2026-09-24 12:29:40,538 - RLController - INFO -   Example: junction A5 -> durations [24, 22, 22, 22] (total: 90s)
2026-09-24 12:29:40,538 - RLController - INFO -   Example: junction B0 -> durations [24, 22, 22, 22] (total: 90s)
2026-09-24 12:29:40,538 - RLController - INFO -   Example: junction B1 -> durations [24, 22, 22, 22] (total: 90s)
2026-09-24 12:29:40,538 - RLController - INFO -   Example: junction B2 -> durations [24, 22, 22, 22] (total: 90s)
2026-09-24 12:29:40,538 - RLController - INFO -   Example: junction B4 -> durations [24, 22, 22, 22] (total: 90s)
2026-09-24 12:29:40,538 - RLController - INFO -   Example: junction B5 -> durations [60, 10, 10, 10] (total: 90s)
2026-09-24 12:29:40,538 - RLController - INFO -   Example: junction C0 -> durations [22, 22, 24, 22] (total: 90s)
2026-09-24 12:29:40,539 - RLController - INFO -   Example: junction C1 -> durations [24, 22, 22, 22] (total: 90s)
2026-09-24 12:29:40,539 - RLController - INFO -   Example: junction C2 -> durations [57, 13, 10, 10] (total: 90s)
2026-09-24 12:29:40,539 - RLController - INFO -   Example: junction C3 -> durations [60, 10, 10, 10] (total: 90s)
2026-09-24 12:29:40,539 - RLController - INFO -   Example: junction C4 -> durations [57, 11, 11, 11] (total: 90s)
2026-09-24 12:29:40,539 - RLController - INFO -   Example: junction C5 -> durations [57, 11, 11, 11] (total: 90s)
2026-09-24 12:29:40,539 - RLController - INFO -   Example: junction D0 -> durations [24, 22, 22, 22] (total: 90s)
2026-09-24 12:29:40,539 - RLController - INFO -   Example: junction D1 -> durations [21, 21, 27, 21] (total: 90s)
2026-09-24 12:29:40,539 - RLController - INFO -   Example: junction D2 -> durations [45, 15, 15, 15] (total: 90s)
2026-09-24 12:29:40,540 - RLController - INFO -   Example: junction D3 -> durations [24, 22, 22, 22] (total: 90s)
2026-09-24 12:29:40,540 - RLController - INFO -   Example: junction D4 -> durations [24, 22, 22, 22] (total: 90s)
2026-09-24 12:29:40,540 - RLController - INFO -   Example: junction D5 -> durations [13, 13, 51, 13] (total: 90s)
2026-09-24 12:29:40,540 - RLController - INFO -   Example: junction E0 -> durations [24, 22, 22, 22] (total: 90s)
2026-09-24 12:29:40,540 - RLController - INFO -   Example: junction E1 -> durations [24, 22, 22, 22] (total: 90s)
2026-09-24 12:29:40,541 - RLController - INFO -   Stored schedules for 34 junctions, cycle starts at step 6480
2026-09-24 12:29:43,528 - RLController - INFO - DIAGNOSTIC Step 6570 - Observation stats:
2026-09-24 12:29:43,529 - RLController - INFO -   Hash: -4346008799056799934, Min: 0.000000, Max: 1.000000, Mean: 0.443017, Std: 0.456562
2026-09-24 12:29:43,529 - RLController - INFO -   First 10: [0.20000234 1.         0.97333336 1.         0.06434597 0.11757915
 0.         1.         0.99333334 1.        ]
2026-09-24 12:29:43,529 - RLController - INFO -   Last 10: [0.         0.2        0.         0.08333334 0.4957265  0.00325635
 0.08047009 0.52376187 0.         0.3       ]
2026-09-24 12:29:43,536 - RLController - INFO - DIAGNOSTIC - Raw model action output:
2026-09-24 12:29:43,536 - RLController - INFO -   Action hash: -2306765379494437166
2026-09-24 12:29:43,537 - RLController - INFO -   First 8 values: [ -7.6049385 -10.        -10.        -10.        -10.        -10.
 -10.        -10.       ]
2026-09-24 12:29:43,537 - RLController - INFO -   Last 8 values: [-10.       -10.       -10.       -10.       -10.        -2.446151
 -10.       -10.      ]
2026-09-24 12:29:43,537 - RLController - INFO -   Action shape: (136,), min: -10.000000, max: 4.859429, mean: -9.260512
2026-09-24 12:29:43,537 - RLController - INFO -   B0 junction (indices 16-19) raw values: [ -9.796918 -10.       -10.       -10.      ]
2026-09-24 12:29:43,537 - RLController - INFO - Using CONTINUOUS DURATION-BASED mode
2026-09-24 12:29:43,538 - RLController - INFO -   Example: junction A0 -> durations [51, 13, 13, 13] (total: 90s)
2026-09-24 12:29:43,538 - RLController - INFO -   Example: junction A1 -> durations [24, 22, 22, 22] (total: 90s)
2026-09-24 12:29:43,538 - RLController - INFO -   Example: junction A2 -> durations [12, 12, 54, 12] (total: 90s)
2026-09-24 12:29:43,538 - RLController - INFO -   Example: junction A4 -> durations [60, 10, 10, 10] (total: 90s)
2026-09-24 12:29:43,538 - RLController - INFO -   Example: junction A5 -> durations [24, 22, 22, 22] (total: 90s)
2026-09-24 12:29:43,538 - RLController - INFO -   Example: junction B0 -> durations [24, 22, 22, 22] (total: 90s)
2026-09-24 12:29:43,538 - RLController - INFO -   Example: junction B1 -> durations [24, 22, 22, 22] (total: 90s)
2026-09-24 12:29:43,539 - RLController - INFO -   Example: junction B2 -> durations [24, 22, 22, 22] (total: 90s)
2026-09-24 12:29:43,539 - RLController - INFO -   Example: junction B4 -> durations [24, 22, 22, 22] (total: 90s)
2026-09-24 12:29:43,539 - RLController - INFO -   Example: junction B5 -> durations [60, 10, 10, 10] (total: 90s)
2026-09-24 12:29:43,539 - RLController - INFO -   Example: junction C0 -> durations [22, 22, 24, 22] (total: 90s)
2026-09-24 12:29:43,539 - RLController - INFO -   Example: junction C1 -> durations [24, 22, 22, 22] (total: 90s)
2026-09-24 12:29:43,539 - RLController - INFO -   Example: junction C2 -> durations [57, 13, 10, 10] (total: 90s)
2026-09-24 12:29:43,539 - RLController - INFO -   Example: junction C3 -> durations [60, 10, 10, 10] (total: 90s)
2026-09-24 12:29:43,539 - RLController - INFO -   Example: junction C4 -> durations [57, 11, 11, 11] (total: 90s)
2026-09-24 12:29:43,540 - RLController - INFO -   Example: junction C5 -> durations [57, 11, 11, 11] (total: 90s)
2026-09-24 12:29:43,540 - RLController - INFO -   Example: junction D0 -> durations [24, 22, 22, 22] (total: 90s)
2026-09-24 12:29:43,540 - RLController - INFO -   Example: junction D1 -> durations [21, 21, 27, 21] (total: 90s)
2026-09-24 12:29:43,540 - RLController - INFO -   Example: junction D2 -> durations [45, 15, 15, 15] (total: 90s)
2026-09-24 12:29:43,540 - RLController - INFO -   Example: junction D3 -> durations [24, 22, 22, 22] (total: 90s)
2026-09-24 12:29:43,540 - RLController - INFO -   Example: junction D4 -> durations [24, 22, 22, 22] (total: 90s)
2026-09-24 12:29:43,540 - RLController - INFO -   Example: junction D5 -> durations [13, 13, 51, 13] (total: 90s)
2026-09-24 12:29:43,540 - RLController - INFO -   Example: junction E0 -> durations [24, 22, 22, 22] (total: 90s)
2026-09-24 12:29:43,541 - RLController - INFO -   Example: junction E1 -> durations [24, 22, 22, 22] (total: 90s)
2026-09-24 12:29:43,541 - RLController - INFO -   Stored schedules for 34 junctions, cycle starts at step 6570
2026-09-24 12:29:46,668 - RLController - INFO - DIAGNOSTIC Step 6660 - Observation stats:
2026-09-24 12:29:46,669 - RLController - INFO -   Hash: -1117715700437150746, Min: 0.000000, Max: 1.000000, Mean: 0.443332, Std: 0.454701
2026-09-24 12:29:46,669 - RLController - INFO -   First 10: [1.         0.         0.         0.         0.         0.5878889
 0.06580462 1.         0.99333334 1.        ]
2026-09-24 12:29:46,670 - RLController - INFO -   Last 10: [0.         0.2        0.         0.08333334 0.50427353 0.00385325
 0.07982906 0.5222032  0.         0.3       ]
2026-09-24 12:29:46,673 - RLController - INFO - DIAGNOSTIC - Raw model action output:
2026-09-24 12:29:46,673 - RLController - INFO -   Action hash: -1107928860227817127
2026-09-24 12:29:46,674 - RLController - INFO -   First 8 values: [ -7.4362254 -10.        -10.        -10.        -10.        -10.
 -10.        -10.       ]
2026-09-24 12:29:46,674 - RLController - INFO -   Last 8 values: [-10.        -10.        -10.        -10.        -10.         -2.0453017
 -10.        -10.       ]
2026-09-24 12:29:46,674 - RLController - INFO -   Action shape: (136,), min: -10.000000, max: 5.616666, mean: -9.274202
2026-09-24 12:29:46,675 - RLController - INFO -   B0 junction (indices 16-19) raw values: [ -9.75688 -10.      -10.      -10.     ]
2026-09-24 12:29:46,675 - RLController - INFO - Using CONTINUOUS DURATION-BASED mode
2026-09-24 12:29:46,675 - RLController - INFO -   Example: junction A0 -> durations [51, 13, 13, 13] (total: 90s)
2026-09-24 12:29:46,675 - RLController - INFO -   Example: junction A1 -> durations [24, 22, 22, 22] (total: 90s)
2026-09-24 12:29:46,675 - RLController - INFO -   Example: junction A2 -> durations [12, 12, 54, 12] (total: 90s)
2026-09-24 12:29:46,675 - RLController - INFO -   Example: junction A4 -> durations [60, 10, 10, 10] (total: 90s)
2026-09-24 12:29:46,675 - RLController - INFO -   Example: junction A5 -> durations [24, 22, 22, 22] (total: 90s)
2026-09-24 12:29:46,675 - RLController - INFO -   Example: junction B0 -> durations [24, 22, 22, 22] (total: 90s)
2026-09-24 12:29:46,676 - RLController - INFO -   Example: junction B1 -> durations [24, 22, 22, 22] (total: 90s)
2026-09-24 12:29:46,676 - RLController - INFO -   Example: junction B2 -> durations [24, 22, 22, 22] (total: 90s)
2026-09-24 12:29:46,676 - RLController - INFO -   Example: junction B4 -> durations [24, 22, 22, 22] (total: 90s)
2026-09-24 12:29:46,676 - RLController - INFO -   Example: junction B5 -> durations [60, 10, 10, 10] (total: 90s)
2026-09-24 12:29:46,676 - RLController - INFO -   Example: junction C0 -> durations [22, 22, 24, 22] (total: 90s)
2026-09-24 12:29:46,676 - RLController - INFO -   Example: junction C1 -> durations [24, 22, 22, 22] (total: 90s)
2026-09-24 12:29:46,677 - RLController - INFO -   Example: junction C2 -> durations [57, 13, 10, 10] (total: 90s)
2026-09-24 12:29:46,677 - RLController - INFO -   Example: junction C3 -> durations [60, 10, 10, 10] (total: 90s)
2026-09-24 12:29:46,677 - RLController - INFO -   Example: junction C4 -> durations [57, 11, 11, 11] (total: 90s)
2026-09-24 12:29:46,677 - RLController - INFO -   Example: junction C5 -> durations [57, 11, 11, 11] (total: 90s)
2026-09-24 12:29:46,677 - RLController - INFO -   Example: junction D0 -> durations [24, 22, 22, 22] (total: 90s)
2026-09-24 12:29:46,677 - RLController - INFO -   Example: junction D1 -> durations [21, 21, 27, 21] (total: 90s)
2026-09-24 12:29:46,677 - RLController - INFO -   Example: junction D2 -> durations [45, 15, 15, 15] (total: 90s)
2026-09-24 12:29:46,678 - RLController - INFO -   Example: junction D3 -> durations [24, 22, 22, 22] (total: 90s)
2026-09-24 12:29:46,678 - RLController - INFO -   Example: junction D4 -> durations [24, 22, 22, 22] (total: 90s)
2026-09-24 12:29:46,678 - RLController - INFO -   Example: junction D5 -> durations [13, 13, 51, 13] (total: 90s)
2026-09-24 12:29:46,678 - RLController - INFO -   Example: junction E0 -> durations [24, 22, 22, 22] (total: 90s)
2026-09-24 12:29:46,678 - RLController - INFO -   Example: junction E1 -> durations [24, 22, 22, 22] (total: 90s)
2026-09-24 12:29:46,679 - RLController - INFO -   Stored schedules for 34 junctions, cycle starts at step 6660
2026-09-24 12:29:49,691 - RLController - INFO - DIAGNOSTIC Step 6750 - Observation stats:
2026-09-24 12:29:49,691 - RLController - INFO -   Hash: -4734022779491460286, Min: 0.000000, Max: 1.000000, Mean: 0.441414, Std: 0.454620
2026-09-24 12:29:49,692 - RLController - INFO -   First 10: [1.         0.         0.         0.         0.         0.56750053
 0.         1.         0.99333334 1.        ]
2026-09-24 12:29:49,692 - RLController - INFO -   Last 10: [0.         0.2        0.         0.08333334 0.491453   0.0039926
 0.08047009 0.53798467 0.         0.3       ]
2026-09-24 12:29:49,697 - RLController - INFO - DIAGNOSTIC - Raw model action output:
2026-09-24 12:29:49,697 - RLController - INFO -   Action hash: -2430295478374513551
2026-09-24 12:29:49,698 - RLController - INFO -   First 8 values: [ -7.430551 -10.       -10.       -10.       -10.       -10.
 -10.       -10.      ]
2026-09-24 12:29:49,698 - RLController - INFO -   Last 8 values: [-10.        -10.        -10.        -10.        -10.         -0.8271362
 -10.        -10.       ]
2026-09-24 12:29:49,698 - RLController - INFO -   Action shape: (136,), min: -10.000000, max: 5.867676, mean: -9.292328
2026-09-24 12:29:49,698 - RLController - INFO -   B0 junction (indices 16-19) raw values: [ -9.547593 -10.       -10.       -10.      ]
2026-09-24 12:29:49,698 - RLController - INFO - Using CONTINUOUS DURATION-BASED mode
2026-09-24 12:29:49,698 - RLController - INFO -   Example: junction A0 -> durations [51, 13, 13, 13] (total: 90s)
2026-09-24 12:29:49,699 - RLController - INFO -   Example: junction A1 -> durations [24, 22, 22, 22] (total: 90s)
2026-09-24 12:29:49,699 - RLController - INFO -   Example: junction A2 -> durations [12, 12, 54, 12] (total: 90s)
2026-09-24 12:29:49,699 - RLController - INFO -   Example: junction A4 -> durations [60, 10, 10, 10] (total: 90s)
2026-09-24 12:29:49,699 - RLController - INFO -   Example: junction A5 -> durations [24, 22, 22, 22] (total: 90s)
2026-09-24 12:29:49,699 - RLController - INFO -   Example: junction B0 -> durations [24, 22, 22, 22] (total: 90s)
2026-09-24 12:29:49,699 - RLController - INFO -   Example: junction B1 -> durations [24, 22, 22, 22] (total: 90s)
2026-09-24 12:29:49,700 - RLController - INFO -   Example: junction B2 -> durations [24, 22, 22, 22] (total: 90s)
2026-09-24 12:29:49,700 - RLController - INFO -   Example: junction B4 -> durations [24, 22, 22, 22] (total: 90s)
2026-09-24 12:29:49,700 - RLController - INFO -   Example: junction B5 -> durations [60, 10, 10, 10] (total: 90s)
2026-09-24 12:29:49,700 - RLController - INFO -   Example: junction C0 -> durations [22, 22, 24, 22] (total: 90s)
2026-09-24 12:29:49,700 - RLController - INFO -   Example: junction C1 -> durations [24, 22, 22, 22] (total: 90s)
2026-09-24 12:29:49,700 - RLController - INFO -   Example: junction C2 -> durations [57, 13, 10, 10] (total: 90s)
2026-09-24 12:29:49,700 - RLController - INFO -   Example: junction C3 -> durations [60, 10, 10, 10] (total: 90s)
2026-09-24 12:29:49,701 - RLController - INFO -   Example: junction C4 -> durations [57, 11, 11, 11] (total: 90s)
2026-09-24 12:29:49,701 - RLController - INFO -   Example: junction C5 -> durations [57, 11, 11, 11] (total: 90s)
2026-09-24 12:29:49,701 - RLController - INFO -   Example: junction D0 -> durations [24, 22, 22, 22] (total: 90s)
2026-09-24 12:29:49,701 - RLController - INFO -   Example: junction D1 -> durations [21, 21, 27, 21] (total: 90s)
2026-09-24 12:29:49,701 - RLController - INFO -   Example: junction D2 -> durations [45, 15, 15, 15] (total: 90s)
2026-09-24 12:29:49,701 - RLController - INFO -   Example: junction D3 -> durations [24, 22, 22, 22] (total: 90s)
2026-09-24 12:29:49,701 - RLController - INFO -   Example: junction D4 -> durations [24, 22, 22, 22] (total: 90s)
2026-09-24 12:29:49,702 - RLController - INFO -   Example: junction D5 -> durations [13, 13, 51, 13] (total: 90s)
2026-09-24 12:29:49,702 - RLController - INFO -   Example: junction E0 -> durations [24, 22, 22, 22] (total: 90s)
2026-09-24 12:29:49,702 - RLController - INFO -   Example: junction E1 -> durations [24, 22, 22, 22] (total: 90s)
2026-09-24 12:29:49,703 - RLController - INFO -   Stored schedules for 34 junctions, cycle starts at step 6750
2026-09-24 12:29:52,768 - RLController - INFO - DIAGNOSTIC Step 6840 - Observation stats:
2026-09-24 12:29:52,768 - RLController - INFO -   Hash: 7675915900960435303, Min: 0.000000, Max: 1.000000, Mean: 0.442850, Std: 0.453269
2026-09-24 12:29:52,768 - RLController - INFO -   First 10: [1.         0.         0.         0.         0.         0.54681283
 0.         1.         0.99333334 1.        ]
2026-09-24 12:29:52,769 - RLController - INFO -   Last 10: [0.         0.2        0.         0.08333334 0.50641024 0.00404184
 0.08282051 0.5235216  0.         0.3       ]
2026-09-24 12:29:52,774 - RLController - INFO - DIAGNOSTIC - Raw model action output:
2026-09-24 12:29:52,774 - RLController - INFO -   Action hash: 9132845154623700310
2026-09-24 12:29:52,775 - RLController - INFO -   First 8 values: [ -7.3244705 -10.        -10.        -10.        -10.        -10.
 -10.        -10.       ]
2026-09-24 12:29:52,775 - RLController - INFO -   Last 8 values: [-10.        -10.        -10.        -10.        -10.         -0.7517635
 -10.        -10.       ]
2026-09-24 12:29:52,775 - RLController - INFO -   Action shape: (136,), min: -10.000000, max: 5.909916, mean: -9.259318
2026-09-24 12:29:52,775 - RLController - INFO -   B0 junction (indices 16-19) raw values: [-10. -10. -10. -10.]
2026-09-24 12:29:52,775 - RLController - INFO - Using CONTINUOUS DURATION-BASED mode
2026-09-24 12:29:52,776 - RLController - INFO -   Example: junction A0 -> durations [51, 13, 13, 13] (total: 90s)
2026-09-24 12:29:52,776 - RLController - INFO -   Example: junction A1 -> durations [24, 22, 22, 22] (total: 90s)
2026-09-24 12:29:52,776 - RLController - INFO -   Example: junction A2 -> durations [12, 12, 54, 12] (total: 90s)
2026-09-24 12:29:52,776 - RLController - INFO -   Example: junction A4 -> durations [60, 10, 10, 10] (total: 90s)
2026-09-24 12:29:52,776 - RLController - INFO -   Example: junction A5 -> durations [24, 22, 22, 22] (total: 90s)
2026-09-24 12:29:52,776 - RLController - INFO -   Example: junction B0 -> durations [24, 22, 22, 22] (total: 90s)
2026-09-24 12:29:52,777 - RLController - INFO -   Example: junction B1 -> durations [24, 22, 22, 22] (total: 90s)
2026-09-24 12:29:52,777 - RLController - INFO -   Example: junction B2 -> durations [24, 22, 22, 22] (total: 90s)
2026-09-24 12:29:52,777 - RLController - INFO -   Example: junction B4 -> durations [24, 22, 22, 22] (total: 90s)
2026-09-24 12:29:52,777 - RLController - INFO -   Example: junction B5 -> durations [60, 10, 10, 10] (total: 90s)
2026-09-24 12:29:52,777 - RLController - INFO -   Example: junction C0 -> durations [22, 22, 24, 22] (total: 90s)
2026-09-24 12:29:52,777 - RLController - INFO -   Example: junction C1 -> durations [24, 22, 22, 22] (total: 90s)
2026-09-24 12:29:52,777 - RLController - INFO -   Example: junction C2 -> durations [57, 13, 10, 10] (total: 90s)
2026-09-24 12:29:52,778 - RLController - INFO -   Example: junction C3 -> durations [60, 10, 10, 10] (total: 90s)
2026-09-24 12:29:52,778 - RLController - INFO -   Example: junction C4 -> durations [57, 11, 11, 11] (total: 90s)
2026-09-24 12:29:52,778 - RLController - INFO -   Example: junction C5 -> durations [57, 11, 11, 11] (total: 90s)
2026-09-24 12:29:52,778 - RLController - INFO -   Example: junction D0 -> durations [24, 22, 22, 22] (total: 90s)
2026-09-24 12:29:52,778 - RLController - INFO -   Example: junction D1 -> durations [21, 21, 27, 21] (total: 90s)
2026-09-24 12:29:52,778 - RLController - INFO -   Example: junction D2 -> durations [45, 15, 15, 15] (total: 90s)
2026-09-24 12:29:52,778 - RLController - INFO -   Example: junction D3 -> durations [24, 22, 22, 22] (total: 90s)
2026-09-24 12:29:52,779 - RLController - INFO -   Example: junction D4 -> durations [24, 22, 22, 22] (total: 90s)
2026-09-24 12:29:52,779 - RLController - INFO -   Example: junction D5 -> durations [13, 13, 51, 13] (total: 90s)
2026-09-24 12:29:52,779 - RLController - INFO -   Example: junction E0 -> durations [24, 22, 22, 22] (total: 90s)
2026-09-24 12:29:52,779 - RLController - INFO -   Example: junction E1 -> durations [24, 22, 22, 22] (total: 90s)
2026-09-24 12:29:52,780 - RLController - INFO -   Stored schedules for 34 junctions, cycle starts at step 6840
2026-09-24 12:29:55,554 - RLController - INFO - DIAGNOSTIC Step 6930 - Observation stats:
2026-09-24 12:29:55,554 - RLController - INFO -   Hash: 5388157779161486515, Min: 0.000000, Max: 1.000000, Mean: 0.440176, Std: 0.456240
2026-09-24 12:29:55,555 - RLController - INFO -   First 10: [0.5        0.         0.9266667  1.         0.00541354 0.27340642
 0.         1.         0.99333334 1.        ]
2026-09-24 12:29:55,555 - RLController - INFO -   Last 10: [0.         0.2        0.         0.08333334 0.4871795  0.00321833
 0.08175214 0.5322728  0.         0.3       ]
2026-09-24 12:29:55,561 - RLController - INFO - DIAGNOSTIC - Raw model action output:
2026-09-24 12:29:55,561 - RLController - INFO -   Action hash: -8746282397072561087
2026-09-24 12:29:55,562 - RLController - INFO -   First 8 values: [ -7.498938 -10.       -10.       -10.       -10.       -10.
 -10.       -10.      ]
2026-09-24 12:29:55,562 - RLController - INFO -   Last 8 values: [-10.        -10.        -10.        -10.        -10.         -2.6232255
 -10.        -10.       ]
2026-09-24 12:29:55,562 - RLController - INFO -   Action shape: (136,), min: -10.000000, max: 5.750580, mean: -9.291416
2026-09-24 12:29:55,562 - RLController - INFO -   B0 junction (indices 16-19) raw values: [-10. -10. -10. -10.]
2026-09-24 12:29:55,562 - RLController - INFO - Using CONTINUOUS DURATION-BASED mode
2026-09-24 12:29:55,563 - RLController - INFO -   Example: junction A0 -> durations [51, 13, 13, 13] (total: 90s)
2026-09-24 12:29:55,563 - RLController - INFO -   Example: junction A1 -> durations [24, 22, 22, 22] (total: 90s)
2026-09-24 12:29:55,563 - RLController - INFO -   Example: junction A2 -> durations [12, 12, 54, 12] (total: 90s)
2026-09-24 12:29:55,563 - RLController - INFO -   Example: junction A4 -> durations [60, 10, 10, 10] (total: 90s)
2026-09-24 12:29:55,563 - RLController - INFO -   Example: junction A5 -> durations [24, 22, 22, 22] (total: 90s)
2026-09-24 12:29:55,563 - RLController - INFO -   Example: junction B0 -> durations [24, 22, 22, 22] (total: 90s)
2026-09-24 12:29:55,563 - RLController - INFO -   Example: junction B1 -> durations [24, 22, 22, 22] (total: 90s)
2026-09-24 12:29:55,564 - RLController - INFO -   Example: junction B2 -> durations [24, 22, 22, 22] (total: 90s)
2026-09-24 12:29:55,564 - RLController - INFO -   Example: junction B4 -> durations [24, 22, 22, 22] (total: 90s)
2026-09-24 12:29:55,564 - RLController - INFO -   Example: junction B5 -> durations [60, 10, 10, 10] (total: 90s)
2026-09-24 12:29:55,564 - RLController - INFO -   Example: junction C0 -> durations [22, 22, 24, 22] (total: 90s)
2026-09-24 12:29:55,564 - RLController - INFO -   Example: junction C1 -> durations [24, 22, 22, 22] (total: 90s)
2026-09-24 12:29:55,564 - RLController - INFO -   Example: junction C2 -> durations [57, 13, 10, 10] (total: 90s)
2026-09-24 12:29:55,564 - RLController - INFO -   Example: junction C3 -> durations [60, 10, 10, 10] (total: 90s)
2026-09-24 12:29:55,565 - RLController - INFO -   Example: junction C4 -> durations [57, 11, 11, 11] (total: 90s)
2026-09-24 12:29:55,565 - RLController - INFO -   Example: junction C5 -> durations [57, 11, 11, 11] (total: 90s)
2026-09-24 12:29:55,565 - RLController - INFO -   Example: junction D0 -> durations [24, 22, 22, 22] (total: 90s)
2026-09-24 12:29:55,565 - RLController - INFO -   Example: junction D1 -> durations [21, 21, 27, 21] (total: 90s)
2026-09-24 12:29:55,565 - RLController - INFO -   Example: junction D2 -> durations [45, 15, 15, 15] (total: 90s)
2026-09-24 12:29:55,566 - RLController - INFO -   Example: junction D3 -> durations [24, 22, 22, 22] (total: 90s)
2026-09-24 12:29:55,566 - RLController - INFO -   Example: junction D4 -> durations [24, 22, 22, 22] (total: 90s)
2026-09-24 12:29:55,566 - RLController - INFO -   Example: junction D5 -> durations [13, 13, 51, 13] (total: 90s)
2026-09-24 12:29:55,566 - RLController - INFO -   Example: junction E0 -> durations [24, 22, 22, 22] (total: 90s)
2026-09-24 12:29:55,566 - RLController - INFO -   Example: junction E1 -> durations [24, 22, 22, 22] (total: 90s)
2026-09-24 12:29:55,567 - RLController - INFO -   Stored schedules for 34 junctions, cycle starts at step 6930
2026-09-24 12:29:58,507 - RLController - INFO - DIAGNOSTIC Step 7020 - Observation stats:
2026-09-24 12:29:58,507 - RLController - INFO -   Hash: -135218630176970858, Min: 0.000000, Max: 1.000000, Mean: 0.448704, Std: 0.457032
2026-09-24 12:29:58,508 - RLController - INFO -   First 10: [0.16666667 1.         0.98       1.         0.08398599 0.09399077
 0.         1.         0.99333334 1.        ]
2026-09-24 12:29:58,508 - RLController - INFO -   Last 10: [0.         0.2        0.         0.08333334 0.51495725 0.00355735
 0.08059829 0.5041646  0.         0.3       ]
2026-09-24 12:29:58,512 - RLController - INFO - DIAGNOSTIC - Raw model action output:
2026-09-24 12:29:58,512 - RLController - INFO -   Action hash: 8150869317619384147
2026-09-24 12:29:58,512 - RLController - INFO -   First 8 values: [ -7.5871587 -10.        -10.        -10.        -10.        -10.
 -10.        -10.       ]
2026-09-24 12:29:58,512 - RLController - INFO -   Last 8 values: [-10.        -10.        -10.        -10.        -10.         -3.1417954
 -10.        -10.       ]
2026-09-24 12:29:58,513 - RLController - INFO -   Action shape: (136,), min: -10.000000, max: 4.595001, mean: -9.297264
2026-09-24 12:29:58,513 - RLController - INFO -   B0 junction (indices 16-19) raw values: [-10. -10. -10. -10.]
2026-09-24 12:29:58,513 - RLController - INFO - Using CONTINUOUS DURATION-BASED mode
2026-09-24 12:29:58,513 - RLController - INFO -   Example: junction A0 -> durations [51, 13, 13, 13] (total: 90s)
2026-09-24 12:29:58,513 - RLController - INFO -   Example: junction A1 -> durations [24, 22, 22, 22] (total: 90s)
2026-09-24 12:29:58,513 - RLController - INFO -   Example: junction A2 -> durations [12, 12, 54, 12] (total: 90s)
2026-09-24 12:29:58,513 - RLController - INFO -   Example: junction A4 -> durations [60, 10, 10, 10] (total: 90s)
2026-09-24 12:29:58,514 - RLController - INFO -   Example: junction A5 -> durations [24, 22, 22, 22] (total: 90s)
2026-09-24 12:29:58,514 - RLController - INFO -   Example: junction B0 -> durations [24, 22, 22, 22] (total: 90s)
2026-09-24 12:29:58,514 - RLController - INFO -   Example: junction B1 -> durations [24, 22, 22, 22] (total: 90s)
2026-09-24 12:29:58,514 - RLController - INFO -   Example: junction B2 -> durations [24, 22, 22, 22] (total: 90s)
2026-09-24 12:29:58,514 - RLController - INFO -   Example: junction B4 -> durations [24, 22, 22, 22] (total: 90s)
2026-09-24 12:29:58,514 - RLController - INFO -   Example: junction B5 -> durations [60, 10, 10, 10] (total: 90s)
2026-09-24 12:29:58,514 - RLController - INFO -   Example: junction C0 -> durations [22, 22, 24, 22] (total: 90s)
2026-09-24 12:29:58,515 - RLController - INFO -   Example: junction C1 -> durations [24, 22, 22, 22] (total: 90s)
2026-09-24 12:29:58,515 - RLController - INFO -   Example: junction C2 -> durations [57, 13, 10, 10] (total: 90s)
2026-09-24 12:29:58,515 - RLController - INFO -   Example: junction C3 -> durations [60, 10, 10, 10] (total: 90s)
2026-09-24 12:29:58,515 - RLController - INFO -   Example: junction C4 -> durations [57, 11, 11, 11] (total: 90s)
2026-09-24 12:29:58,515 - RLController - INFO -   Example: junction C5 -> durations [57, 11, 11, 11] (total: 90s)
2026-09-24 12:29:58,515 - RLController - INFO -   Example: junction D0 -> durations [24, 22, 22, 22] (total: 90s)
2026-09-24 12:29:58,516 - RLController - INFO -   Example: junction D1 -> durations [21, 21, 27, 21] (total: 90s)
2026-09-24 12:29:58,516 - RLController - INFO -   Example: junction D2 -> durations [45, 15, 15, 15] (total: 90s)
2026-09-24 12:29:58,516 - RLController - INFO -   Example: junction D3 -> durations [24, 22, 22, 22] (total: 90s)
2026-09-24 12:29:58,516 - RLController - INFO -   Example: junction D4 -> durations [24, 22, 22, 22] (total: 90s)
2026-09-24 12:29:58,516 - RLController - INFO -   Example: junction D5 -> durations [13, 13, 51, 13] (total: 90s)
2026-09-24 12:29:58,516 - RLController - INFO -   Example: junction E0 -> durations [24, 22, 22, 22] (total: 90s)
2026-09-24 12:29:58,516 - RLController - INFO -   Example: junction E1 -> durations [24, 22, 22, 22] (total: 90s)
2026-09-24 12:29:58,517 - RLController - INFO -   Stored schedules for 34 junctions, cycle starts at step 7020
2026-09-24 12:30:02,208 - RLController - INFO - DIAGNOSTIC Step 7110 - Observation stats:
2026-09-24 12:30:02,209 - RLController - INFO -   Hash: -5395859262300677507, Min: 0.000000, Max: 1.000000, Mean: 0.452054, Std: 0.458593
2026-09-24 12:30:02,210 - RLController - INFO -   First 10: [1.         0.         0.         0.         0.         0.56394464
 0.         1.         0.99333334 1.        ]
2026-09-24 12:30:02,210 - RLController - INFO -   Last 10: [0.         0.2        0.         0.08333334 0.508547   0.00276157
 0.08055556 0.5053185  0.         0.3       ]
2026-09-24 12:30:02,237 - RLController - INFO - DIAGNOSTIC - Raw model action output:
2026-09-24 12:30:02,237 - RLController - INFO -   Action hash: 2091018627970513722
2026-09-24 12:30:02,237 - RLController - INFO -   First 8 values: [ -7.495395 -10.       -10.       -10.       -10.       -10.
 -10.       -10.      ]
2026-09-24 12:30:02,238 - RLController - INFO -   Last 8 values: [-10.        -10.        -10.        -10.        -10.         -2.1206548
 -10.        -10.       ]
2026-09-24 12:30:02,238 - RLController - INFO -   Action shape: (136,), min: -10.000000, max: 5.162823, mean: -9.276164
2026-09-24 12:30:02,239 - RLController - INFO -   B0 junction (indices 16-19) raw values: [-10. -10. -10. -10.]
2026-09-24 12:30:02,239 - RLController - INFO - Using CONTINUOUS DURATION-BASED mode
2026-09-24 12:30:02,239 - RLController - INFO -   Example: junction A0 -> durations [51, 13, 13, 13] (total: 90s)
2026-09-24 12:30:02,239 - RLController - INFO -   Example: junction A1 -> durations [24, 22, 22, 22] (total: 90s)
2026-09-24 12:30:02,239 - RLController - INFO -   Example: junction A2 -> durations [12, 12, 54, 12] (total: 90s)
2026-09-24 12:30:02,240 - RLController - INFO -   Example: junction A4 -> durations [60, 10, 10, 10] (total: 90s)
2026-09-24 12:30:02,240 - RLController - INFO -   Example: junction A5 -> durations [24, 22, 22, 22] (total: 90s)
2026-09-24 12:30:02,240 - RLController - INFO -   Example: junction B0 -> durations [24, 22, 22, 22] (total: 90s)
2026-09-24 12:30:02,240 - RLController - INFO -   Example: junction B1 -> durations [24, 22, 22, 22] (total: 90s)
2026-09-24 12:30:02,241 - RLController - INFO -   Example: junction B2 -> durations [24, 22, 22, 22] (total: 90s)
2026-09-24 12:30:02,241 - RLController - INFO -   Example: junction B4 -> durations [24, 22, 22, 22] (total: 90s)
2026-09-24 12:30:02,241 - RLController - INFO -   Example: junction B5 -> durations [60, 10, 10, 10] (total: 90s)
2026-09-24 12:30:02,241 - RLController - INFO -   Example: junction C0 -> durations [22, 22, 24, 22] (total: 90s)
2026-09-24 12:30:02,242 - RLController - INFO -   Example: junction C1 -> durations [24, 22, 22, 22] (total: 90s)
2026-09-24 12:30:02,242 - RLController - INFO -   Example: junction C2 -> durations [57, 13, 10, 10] (total: 90s)
2026-09-24 12:30:02,242 - RLController - INFO -   Example: junction C3 -> durations [60, 10, 10, 10] (total: 90s)
2026-09-24 12:30:02,242 - RLController - INFO -   Example: junction C4 -> durations [57, 11, 11, 11] (total: 90s)
2026-09-24 12:30:02,242 - RLController - INFO -   Example: junction C5 -> durations [57, 11, 11, 11] (total: 90s)
2026-09-24 12:30:02,243 - RLController - INFO -   Example: junction D0 -> durations [24, 22, 22, 22] (total: 90s)
2026-09-24 12:30:02,243 - RLController - INFO -   Example: junction D1 -> durations [21, 21, 27, 21] (total: 90s)
2026-09-24 12:30:02,243 - RLController - INFO -   Example: junction D2 -> durations [45, 15, 15, 15] (total: 90s)
2026-09-24 12:30:02,244 - RLController - INFO -   Example: junction D3 -> durations [24, 22, 22, 22] (total: 90s)
2026-09-24 12:30:02,244 - RLController - INFO -   Example: junction D4 -> durations [24, 22, 22, 22] (total: 90s)
2026-09-24 12:30:02,244 - RLController - INFO -   Example: junction D5 -> durations [13, 13, 51, 13] (total: 90s)
2026-09-24 12:30:02,244 - RLController - INFO -   Example: junction E0 -> durations [24, 22, 22, 22] (total: 90s)
2026-09-24 12:30:02,244 - RLController - INFO -   Example: junction E1 -> durations [24, 22, 22, 22] (total: 90s)
2026-09-24 12:30:02,246 - RLController - INFO -   Stored schedules for 34 junctions, cycle starts at step 7110
2026-09-24 12:30:05,869 - RLController - INFO - DIAGNOSTIC Step 7200 - Observation stats:
2026-09-24 12:30:05,869 - RLController - INFO -   Hash: -6048002939078089544, Min: 0.000000, Max: 1.000000, Mean: 0.444975, Std: 0.458324
2026-09-24 12:30:05,869 - RLController - INFO -   First 10: [1.         0.         0.         0.         0.         0.56394464
 0.         1.         0.99333334 1.        ]
2026-09-24 12:30:05,869 - RLController - INFO -   Last 10: [0.         0.2        0.         0.08333334 0.5        0.00283932
 0.08089744 0.51362455 0.         0.3       ]
2026-09-24 12:30:05,874 - RLController - INFO - DIAGNOSTIC - Raw model action output:
2026-09-24 12:30:05,874 - RLController - INFO -   Action hash: 6999896042784891011
2026-09-24 12:30:05,874 - RLController - INFO -   First 8 values: [ -7.643166 -10.       -10.       -10.       -10.       -10.
 -10.       -10.      ]
2026-09-24 12:30:05,874 - RLController - INFO -   Last 8 values: [-10.        -10.        -10.        -10.        -10.         -2.3345501
 -10.        -10.       ]
2026-09-24 12:30:05,874 - RLController - INFO -   Action shape: (136,), min: -10.000000, max: 5.396904, mean: -9.292737
2026-09-24 12:30:05,875 - RLController - INFO -   B0 junction (indices 16-19) raw values: [-10. -10. -10. -10.]
2026-09-24 12:30:05,875 - RLController - INFO - Using CONTINUOUS DURATION-BASED mode
2026-09-24 12:30:05,875 - RLController - INFO -   Example: junction A0 -> durations [51, 13, 13, 13] (total: 90s)
2026-09-24 12:30:05,875 - RLController - INFO -   Example: junction A1 -> durations [24, 22, 22, 22] (total: 90s)
2026-09-24 12:30:05,875 - RLController - INFO -   Example: junction A2 -> durations [12, 12, 54, 12] (total: 90s)
2026-09-24 12:30:05,875 - RLController - INFO -   Example: junction A4 -> durations [60, 10, 10, 10] (total: 90s)
2026-09-24 12:30:05,875 - RLController - INFO -   Example: junction A5 -> durations [24, 22, 22, 22] (total: 90s)
2026-09-24 12:30:05,876 - RLController - INFO -   Example: junction B0 -> durations [24, 22, 22, 22] (total: 90s)
2026-09-24 12:30:05,876 - RLController - INFO -   Example: junction B1 -> durations [24, 22, 22, 22] (total: 90s)
2026-09-24 12:30:05,876 - RLController - INFO -   Example: junction B2 -> durations [24, 22, 22, 22] (total: 90s)
2026-09-24 12:30:05,876 - RLController - INFO -   Example: junction B4 -> durations [24, 22, 22, 22] (total: 90s)
2026-09-24 12:30:05,876 - RLController - INFO -   Example: junction B5 -> durations [60, 10, 10, 10] (total: 90s)
2026-09-24 12:30:05,876 - RLController - INFO -   Example: junction C0 -> durations [22, 22, 24, 22] (total: 90s)
2026-09-24 12:30:05,876 - RLController - INFO -   Example: junction C1 -> durations [24, 22, 22, 22] (total: 90s)
2026-09-24 12:30:05,876 - RLController - INFO -   Example: junction C2 -> durations [57, 13, 10, 10] (total: 90s)
2026-09-24 12:30:05,877 - RLController - INFO -   Example: junction C3 -> durations [60, 10, 10, 10] (total: 90s)
2026-09-24 12:30:05,877 - RLController - INFO -   Example: junction C4 -> durations [57, 11, 11, 11] (total: 90s)
2026-09-24 12:30:05,877 - RLController - INFO -   Example: junction C5 -> durations [57, 11, 11, 11] (total: 90s)
2026-09-24 12:30:05,877 - RLController - INFO -   Example: junction D0 -> durations [24, 22, 22, 22] (total: 90s)
2026-09-24 12:30:05,877 - RLController - INFO -   Example: junction D1 -> durations [21, 21, 27, 21] (total: 90s)
2026-09-24 12:30:05,877 - RLController - INFO -   Example: junction D2 -> durations [45, 15, 15, 15] (total: 90s)
2026-09-24 12:30:05,877 - RLController - INFO -   Example: junction D3 -> durations [24, 22, 22, 22] (total: 90s)
2026-09-24 12:30:05,877 - RLController - INFO -   Example: junction D4 -> durations [24, 22, 22, 22] (total: 90s)
2026-09-24 12:30:05,878 - RLController - INFO -   Example: junction D5 -> durations [13, 13, 51, 13] (total: 90s)
2026-09-24 12:30:05,878 - RLController - INFO -   Example: junction E0 -> durations [24, 22, 22, 22] (total: 90s)
2026-09-24 12:30:05,878 - RLController - INFO -   Example: junction E1 -> durations [24, 22, 22, 22] (total: 90s)
2026-09-24 12:30:05,878 - RLController - INFO -   Stored schedules for 34 junctions, cycle starts at step 7200
2026-09-24 12:30:08,763 - RLController - INFO - DIAGNOSTIC Step 7290 - Observation stats:
2026-09-24 12:30:08,764 - RLController - INFO -   Hash: -8189143313853338701, Min: 0.000000, Max: 1.000000, Mean: 0.446193, Std: 0.458232
2026-09-24 12:30:08,764 - RLController - INFO -   First 10: [1.         0.         0.         0.         0.         0.56394464
 0.         1.         0.99333334 1.        ]
2026-09-24 12:30:08,765 - RLController - INFO -   Last 10: [0.         0.2        0.         0.08333334 0.491453   0.00280398
 0.08299145 0.5248476  0.         0.3       ]
2026-09-24 12:30:08,768 - RLController - INFO - DIAGNOSTIC - Raw model action output:
2026-09-24 12:30:08,768 - RLController - INFO -   Action hash: 919701109074775072
2026-09-24 12:30:08,769 - RLController - INFO -   First 8 values: [ -7.1769032 -10.        -10.        -10.        -10.        -10.
 -10.        -10.       ]
2026-09-24 12:30:08,769 - RLController - INFO -   Last 8 values: [-10.        -10.        -10.        -10.        -10.         -3.3737667
 -10.        -10.       ]
2026-09-24 12:30:08,769 - RLController - INFO -   Action shape: (136,), min: -10.000000, max: 5.393105, mean: -9.263919
2026-09-24 12:30:08,769 - RLController - INFO -   B0 junction (indices 16-19) raw values: [-10. -10. -10. -10.]
2026-09-24 12:30:08,769 - RLController - INFO - Using CONTINUOUS DURATION-BASED mode
2026-09-24 12:30:08,769 - RLController - INFO -   Example: junction A0 -> durations [51, 13, 13, 13] (total: 90s)
2026-09-24 12:30:08,770 - RLController - INFO -   Example: junction A1 -> durations [24, 22, 22, 22] (total: 90s)
2026-09-24 12:30:08,770 - RLController - INFO -   Example: junction A2 -> durations [12, 12, 54, 12] (total: 90s)
2026-09-24 12:30:08,770 - RLController - INFO -   Example: junction A4 -> durations [60, 10, 10, 10] (total: 90s)
2026-09-24 12:30:08,770 - RLController - INFO -   Example: junction A5 -> durations [24, 22, 22, 22] (total: 90s)
2026-09-24 12:30:08,770 - RLController - INFO -   Example: junction B0 -> durations [24, 22, 22, 22] (total: 90s)
2026-09-24 12:30:08,770 - RLController - INFO -   Example: junction B1 -> durations [24, 22, 22, 22] (total: 90s)
2026-09-24 12:30:08,770 - RLController - INFO -   Example: junction B2 -> durations [24, 22, 22, 22] (total: 90s)
2026-09-24 12:30:08,770 - RLController - INFO -   Example: junction B4 -> durations [24, 22, 22, 22] (total: 90s)
2026-09-24 12:30:08,771 - RLController - INFO -   Example: junction B5 -> durations [60, 10, 10, 10] (total: 90s)
2026-09-24 12:30:08,771 - RLController - INFO -   Example: junction C0 -> durations [22, 22, 24, 22] (total: 90s)
2026-09-24 12:30:08,771 - RLController - INFO -   Example: junction C1 -> durations [24, 22, 22, 22] (total: 90s)
2026-09-24 12:30:08,771 - RLController - INFO -   Example: junction C2 -> durations [57, 13, 10, 10] (total: 90s)
2026-09-24 12:30:08,771 - RLController - INFO -   Example: junction C3 -> durations [60, 10, 10, 10] (total: 90s)
2026-09-24 12:30:08,771 - RLController - INFO -   Example: junction C4 -> durations [57, 11, 11, 11] (total: 90s)
2026-09-24 12:30:08,771 - RLController - INFO -   Example: junction C5 -> durations [57, 11, 11, 11] (total: 90s)
2026-09-24 12:30:08,771 - RLController - INFO -   Example: junction D0 -> durations [24, 22, 22, 22] (total: 90s)
2026-09-24 12:30:08,772 - RLController - INFO -   Example: junction D1 -> durations [21, 21, 27, 21] (total: 90s)
2026-09-24 12:30:08,772 - RLController - INFO -   Example: junction D2 -> durations [45, 15, 15, 15] (total: 90s)
2026-09-24 12:30:08,772 - RLController - INFO -   Example: junction D3 -> durations [24, 22, 22, 22] (total: 90s)
2026-09-24 12:30:08,772 - RLController - INFO -   Example: junction D4 -> durations [24, 22, 22, 22] (total: 90s)
2026-09-24 12:30:08,772 - RLController - INFO -   Example: junction D5 -> durations [13, 13, 51, 13] (total: 90s)
2026-09-24 12:30:08,772 - RLController - INFO -   Example: junction E0 -> durations [24, 22, 22, 22] (total: 90s)
2026-09-24 12:30:08,772 - RLController - INFO -   Example: junction E1 -> durations [24, 22, 22, 22] (total: 90s)
2026-09-24 12:30:08,773 - RLController - INFO -   Stored schedules for 34 junctions, cycle starts at step 7290
2026-09-24 12:30:09,108 - RLController - WARNING - RL environment cleanup failed: 'TrafficControlEnv' object has no attribute 'reward_calculator'
2026-09-24 12:30:09,378 - TrafficSimulator - INFO - Simulation completed successfully!
2026-09-24 12:30:09,380 - TrafficSimulator - INFO - === SIMULATION COMPLETED ===
2026-09-24 12:30:09,380 - TrafficSimulator - INFO - Total simulation steps: 7300
2026-09-24 12:30:09,380 - TrafficSimulator - INFO - Vehicles loaded: 22000
2026-09-24 12:30:09,380 - TrafficSimulator - INFO - Vehicles inserted: 19388
2026-09-24 12:30:09,380 - TrafficSimulator - INFO - Vehicles still running: 2204
2026-09-24 12:30:09,380 - TrafficSimulator - INFO - Vehicles waiting: 2612
2026-09-24 12:30:09,380 - TrafficSimulator - INFO - Vehicles arrived: 17184
2026-09-24 12:30:09,380 - TrafficSimulator - INFO - Completion rate: 78.1%
2026-09-24 12:30:09,380 - TrafficSimulator - INFO - Insertion rate: 88.1%
2026-09-24 12:30:09,380 - TrafficSimulator - INFO - Average duration: 641.6s
2026-09-24 12:30:09,380 - TrafficSimulator - INFO - Average waiting time: 430.0s
2026-09-24 12:30:09,380 - TrafficSimulator - INFO - Average time loss: 523.5s
2026-09-24 12:30:09,380 - TrafficSimulator - INFO - Throughput: 8474 veh/h
2026-09-24 12:30:09,380 - TrafficSimulator - INFO - Trip statistics count: 17184
2026-09-24 12:30:09,380 - TrafficSimulator - INFO - Traffic control method: rl
