run,tls,cycle,phase,green_s,label,n_phases
TM,A0,0,0,30.0,NS-LU,3
TM,A0,0,1,30.0,EW-SR,3
TM,A0,0,2,30.0,EW-LU,3
TM,A0,1,0,30.0,NS-LU,3
TM,A0,1,1,30.0,EW-SR,3
TM,A0,1,2,30.0,EW-LU,3
TM,A0,2,0,30.0,NS-LU,3
TM,A0,2,1,30.0,EW-SR,3
TM,A0,2,2,30.0,EW-LU,3
TM,A0,3,0,30.0,NS-LU,3
TM,A0,3,1,30.0,EW-SR,3
TM,A0,3,2,30.0,EW-LU,3
TM,A0,4,0,30.0,NS-LU,3
TM,A0,4,1,30.0,EW-SR,3
TM,A0,4,2,30.0,EW-LU,3
TM,A0,5,0,30.0,NS-LU,3
TM,A0,5,1,30.0,EW-SR,3
TM,A0,5,2,30.0,EW-LU,3
TM,A0,6,0,30.0,NS-LU,3
TM,A0,6,1,30.0,EW-SR,3
TM,A0,6,2,30.0,EW-LU,3
TM,A0,7,0,30.0,NS-LU,3
TM,A0,7,1,30.0,EW-SR,3
TM,A0,7,2,30.0,EW-LU,3
TM,A0,8,0,30.0,NS-LU,3
TM,A0,8,1,30.0,EW-SR,3
TM,A0,8,2,30.0,EW-LU,3
TM,A0,9,0,30.0,NS-LU,3
TM,A0,9,1,30.0,EW-SR,3
TM,A0,9,2,30.0,EW-LU,3
TM,A0,10,0,30.0,NS-LU,3
TM,A0,10,1,30.0,EW-SR,3
TM,A0,10,2,30.0,EW-LU,3
TM,A0,11,0,33.0,NS-LU,3
TM,A0,11,1,29.0,EW-SR,3
TM,A0,11,2,28.0,EW-LU,3
TM,A0,12,0,33.0,NS-LU,3
TM,A0,12,1,29.0,EW-SR,3
TM,A0,12,2,28.0,EW-LU,3
TM,A0,13,0,33.0,NS-LU,3
TM,A0,13,1,29.0,EW-SR,3
TM,A0,13,2,28.0,EW-LU,3
TM,A0,14,0,33.0,NS-LU,3
TM,A0,14,1,29.0,EW-SR,3
TM,A0,14,2,28.0,EW-LU,3
TM,A0,15,0,33.0,NS-LU,3
TM,A0,15,1,29.0,EW-SR,3
TM,A0,15,2,28.0,EW-LU,3
TM,A0,16,0,33.0,NS-LU,3
TM,A0,16,1,29.0,EW-SR,3
TM,A0,16,2,28.0,EW-LU,3
TM,A0,17,0,33.0,NS-LU,3
TM,A0,17,1,29.0,EW-SR,3
TM,A0,17,2,28.0,EW-LU,3
TM,A0,18,0,39.0,NS-LU,3
TM,A0,18,1,26.0,EW-SR,3
TM,A0,18,2,25.0,EW-LU,3
TM,A0,19,0,42.0,NS-LU,3
TM,A0,19,1,25.0,EW-SR,3
TM,A0,19,2,23.0,EW-LU,3
TM,A0,20,0,42.0,NS-LU,3
TM,A0,20,1,25.0,EW-SR,3
TM,A0,20,2,23.0,EW-LU,3
TM,A0,21,0,42.0,NS-LU,3
TM,A0,21,1,25.0,EW-SR,3
TM,A0,21,2,23.0,EW-LU,3
TM,A0,22,0,42.0,NS-LU,3
TM,A0,22,1,25.0,EW-SR,3
TM,A0,22,2,23.0,EW-LU,3
TM,A0,23,0,42.0,NS-LU,3
TM,A0,23,1,25.0,EW-SR,3
TM,A0,23,2,23.0,EW-LU,3
TM,A0,24,0,42.0,NS-LU,3
TM,A0,24,1,25.0,EW-SR,3
TM,A0,24,2,23.0,EW-LU,3
TM,A0,25,0,42.0,NS-LU,3
TM,A0,25,1,25.0,EW-SR,3
TM,A0,25,2,23.0,EW-LU,3
TM,A0,26,0,42.0,NS-LU,3
TM,A0,26,1,25.0,EW-SR,3
TM,A0,26,2,23.0,EW-LU,3
TM,A0,27,0,45.0,NS-LU,3
TM,A0,27,1,24.0,EW-SR,3
TM,A0,27,2,21.0,EW-LU,3
TM,A0,28,0,51.0,NS-LU,3
TM,A0,28,1,21.0,EW-SR,3
TM,A0,28,2,18.0,EW-LU,3
TM,A0,29,0,59.0,NS-LU,3
TM,A0,29,1,17.0,EW-SR,3
TM,A0,29,2,14.0,EW-LU,3
TM,A0,30,0,67.0,NS-LU,3
TM,A0,30,1,12.0,EW-SR,3
TM,A0,30,2,11.0,EW-LU,3
TM,A0,31,0,70.0,NS-LU,3
TM,A0,31,1,10.0,EW-SR,3
TM,A0,31,2,10.0,EW-LU,3
TM,A0,32,0,70.0,NS-LU,3
TM,A0,32,1,10.0,EW-SR,3
TM,A0,32,2,10.0,EW-LU,3
TM,A0,33,0,69.0,NS-LU,3
TM,A0,33,1,11.0,EW-SR,3
TM,A0,33,2,10.0,EW-LU,3
TM,A0,34,0,68.0,NS-LU,3
TM,A0,34,1,11.0,EW-SR,3
TM,A0,34,2,11.0,EW-LU,3
TM,A0,35,0,68.0,NS-LU,3
TM,A0,35,1,11.0,EW-SR,3
TM,A0,35,2,11.0,EW-LU,3
TM,A0,36,0,70.0,NS-LU,3
TM,A0,36,1,10.0,EW-SR,3
TM,A0,36,2,10.0,EW-LU,3
TM,A0,37,0,70.0,NS-LU,3
TM,A0,37,1,10.0,EW-SR,3
TM,A0,37,2,10.0,EW-LU,3
TM,A0,38,0,70.0,NS-LU,3
TM,A0,38,1,10.0,EW-SR,3
TM,A0,38,2,10.0,EW-LU,3
TM,A0,39,0,70.0,NS-LU,3
TM,A0,39,1,10.0,EW-SR,3
TM,A0,39,2,10.0,EW-LU,3
TM,A0,40,0,70.0,NS-LU,3
TM,A0,40,1,10.0,EW-SR,3
TM,A0,40,2,10.0,EW-LU,3
TM,A0,41,0,70.0,NS-LU,3
TM,A0,41,1,10.0,EW-SR,3
TM,A0,41,2,10.0,EW-LU,3
TM,A0,42,0,70.0,NS-LU,3
TM,A0,42,1,10.0,EW-SR,3
TM,A0,42,2,10.0,EW-LU,3
TM,A0,43,0,70.0,NS-LU,3
TM,A0,43,1,10.0,EW-SR,3
TM,A0,43,2,10.0,EW-LU,3
TM,A0,44,0,70.0,NS-LU,3
TM,A0,44,1,10.0,EW-SR,3
TM,A0,44,2,10.0,EW-LU,3
TM,A0,45,0,70.0,NS-LU,3
TM,A0,45,1,10.0,EW-SR,3
TM,A0,45,2,10.0,EW-LU,3
TM,A0,46,0,70.0,NS-LU,3
TM,A0,46,1,10.0,EW-SR,3
TM,A0,46,2,10.0,EW-LU,3
TM,A0,47,0,70.0,NS-LU,3
TM,A0,47,1,10.0,EW-SR,3
TM,A0,47,2,10.0,EW-LU,3
TM,A0,48,0,70.0,NS-LU,3
TM,A0,48,1,10.0,EW-SR,3
TM,A0,48,2,10.0,EW-LU,3
TM,A0,49,0,70.0,NS-LU,3
TM,A0,49,1,10.0,EW-SR,3
TM,A0,49,2,10.0,EW-LU,3
TM,A0,50,0,70.0,NS-LU,3
TM,A0,50,1,10.0,EW-SR,3
TM,A0,50,2,10.0,EW-LU,3
TM,A0,51,0,70.0,NS-LU,3
TM,A0,51,1,10.0,EW-SR,3
TM,A0,51,2,10.0,EW-LU,3
TM,A0,52,0,70.0,NS-LU,3
TM,A0,52,1,10.0,EW-SR,3
TM,A0,52,2,10.0,EW-LU,3
TM,A0,53,0,70.0,NS-LU,3
TM,A0,53,1,10.0,EW-SR,3
TM,A0,53,2,10.0,EW-LU,3
TM,A0,54,0,70.0,NS-LU,3
TM,A0,54,1,10.0,EW-SR,3
TM,A0,54,2,10.0,EW-LU,3
TM,A0,55,0,70.0,NS-LU,3
TM,A0,55,1,10.0,EW-SR,3
TM,A0,55,2,10.0,EW-LU,3
TM,A0,56,0,70.0,NS-LU,3
TM,A0,56,1,10.0,EW-SR,3
TM,A0,56,2,10.0,EW-LU,3
TM,A0,57,0,70.0,NS-LU,3
TM,A0,57,1,10.0,EW-SR,3
TM,A0,57,2,10.0,EW-LU,3
TM,A0,58,0,70.0,NS-LU,3
TM,A0,58,1,10.0,EW-SR,3
TM,A0,58,2,10.0,EW-LU,3
TM,A0,59,0,70.0,NS-LU,3
TM,A0,59,1,10.0,EW-SR,3
TM,A0,59,2,10.0,EW-LU,3
TM,A0,60,0,70.0,NS-LU,3
TM,A0,60,1,10.0,EW-SR,3
TM,A0,60,2,10.0,EW-LU,3
TM,A0,61,0,70.0,NS-LU,3
TM,A0,61,1,10.0,EW-SR,3
TM,A0,61,2,10.0,EW-LU,3
TM,A0,62,0,70.0,NS-LU,3
TM,A0,62,1,10.0,EW-SR,3
TM,A0,62,2,10.0,EW-LU,3
TM,A0,63,0,70.0,NS-LU,3
TM,A0,63,1,10.0,EW-SR,3
TM,A0,63,2,10.0,EW-LU,3
TM,A0,64,0,67.0,NS-LU,3
TM,A0,64,1,10.0,EW-SR,3
TM,A0,64,2,13.0,EW-LU,3
TM,A0,65,0,70.0,NS-LU,3
TM,A0,65,1,10.0,EW-SR,3
TM,A0,65,2,10.0,EW-LU,3
TM,A0,66,0,70.0,NS-LU,3
TM,A0,66,1,10.0,EW-SR,3
TM,A0,66,2,10.0,EW-LU,3
TM,A0,67,0,70.0,NS-LU,3
TM,A0,67,1,10.0,EW-SR,3
TM,A0,67,2,10.0,EW-LU,3
TM,A0,68,0,70.0,NS-LU,3
TM,A0,68,1,10.0,EW-SR,3
TM,A0,68,2,10.0,EW-LU,3
TM,A0,69,0,70.0,NS-LU,3
TM,A0,69,1,10.0,EW-SR,3
TM,A0,69,2,10.0,EW-LU,3
TM,A0,70,0,70.0,NS-LU,3
TM,A0,70,1,10.0,EW-SR,3
TM,A0,70,2,10.0,EW-LU,3
TM,A0,71,0,67.0,NS-LU,3
TM,A0,71,1,11.0,EW-SR,3
TM,A0,71,2,12.0,EW-LU,3
TM,A0,72,0,66.0,NS-LU,3
TM,A0,72,1,10.0,EW-SR,3
TM,A0,72,2,14.0,EW-LU,3
TM,A0,73,0,65.0,NS-LU,3
TM,A0,73,1,10.0,EW-SR,3
TM,A0,73,2,15.0,EW-LU,3
TM,A0,74,0,64.0,NS-LU,3
TM,A0,74,1,10.0,EW-SR,3
TM,A0,74,2,16.0,EW-LU,3
TM,A0,75,0,64.0,NS-LU,3
TM,A0,75,1,10.0,EW-SR,3
TM,A0,75,2,16.0,EW-LU,3
TM,A0,76,0,64.0,NS-LU,3
TM,A0,76,1,10.0,EW-SR,3
TM,A0,76,2,16.0,EW-LU,3
TM,A0,77,0,64.0,NS-LU,3
TM,A0,77,1,12.0,EW-SR,3
TM,A0,77,2,14.0,EW-LU,3
TM,A0,78,0,62.0,NS-LU,3
TM,A0,78,1,15.0,EW-SR,3
TM,A0,78,2,13.0,EW-LU,3
TM,A0,79,0,69.0,NS-LU,3
TM,A0,79,1,11.0,EW-SR,3
TM,A0,79,2,10.0,EW-LU,3
TM,A0,80,0,70.0,NS-LU,3
TM,A0,80,1,10.0,EW-SR,3
TM,A0,80,2,10.0,EW-LU,3
TM,A2,0,0,30.0,NS-SR,3
TM,A2,0,1,30.0,NS-LU,3
TM,A2,0,2,30.0,EW-LU,3
TM,A2,1,0,30.0,NS-SR,3
TM,A2,1,1,30.0,NS-LU,3
TM,A2,1,2,30.0,EW-LU,3
TM,A2,2,0,30.0,NS-SR,3
TM,A2,2,1,30.0,NS-LU,3
TM,A2,2,2,30.0,EW-LU,3
TM,A2,3,0,30.0,NS-SR,3
TM,A2,3,1,30.0,NS-LU,3
TM,A2,3,2,30.0,EW-LU,3
TM,A2,4,0,30.0,NS-SR,3
TM,A2,4,1,30.0,NS-LU,3
TM,A2,4,2,30.0,EW-LU,3
TM,A2,5,0,30.0,NS-SR,3
TM,A2,5,1,30.0,NS-LU,3
TM,A2,5,2,30.0,EW-LU,3
TM,A2,6,0,30.0,NS-SR,3
TM,A2,6,1,30.0,NS-LU,3
TM,A2,6,2,30.0,EW-LU,3
TM,A2,7,0,30.0,NS-SR,3
TM,A2,7,1,30.0,NS-LU,3
TM,A2,7,2,30.0,EW-LU,3
TM,A2,8,0,30.0,NS-SR,3
TM,A2,8,1,30.0,NS-LU,3
TM,A2,8,2,30.0,EW-LU,3
TM,A2,9,0,29.0,NS-SR,3
TM,A2,9,1,29.0,NS-LU,3
TM,A2,9,2,32.0,EW-LU,3
TM,A2,10,0,29.0,NS-SR,3
TM,A2,10,1,29.0,NS-LU,3
TM,A2,10,2,32.0,EW-LU,3
TM,A2,11,0,29.0,NS-SR,3
TM,A2,11,1,29.0,NS-LU,3
TM,A2,11,2,32.0,EW-LU,3
TM,A2,12,0,29.0,NS-SR,3
TM,A2,12,1,29.0,NS-LU,3
TM,A2,12,2,32.0,EW-LU,3
TM,A2,13,0,29.0,NS-SR,3
TM,A2,13,1,29.0,NS-LU,3
TM,A2,13,2,32.0,EW-LU,3
TM,A2,14,0,29.0,NS-SR,3
TM,A2,14,1,29.0,NS-LU,3
TM,A2,14,2,32.0,EW-LU,3
TM,A2,15,0,29.0,NS-SR,3
TM,A2,15,1,29.0,NS-LU,3
TM,A2,15,2,32.0,EW-LU,3
TM,A2,16,0,28.0,NS-SR,3
TM,A2,16,1,28.0,NS-LU,3
TM,A2,16,2,34.0,EW-LU,3
TM,A2,17,0,27.0,NS-SR,3
TM,A2,17,1,27.0,NS-LU,3
TM,A2,17,2,36.0,EW-LU,3
TM,A2,18,0,26.0,NS-SR,3
TM,A2,18,1,26.0,NS-LU,3
TM,A2,18,2,38.0,EW-LU,3
TM,A2,19,0,25.0,NS-SR,3
TM,A2,19,1,25.0,NS-LU,3
TM,A2,19,2,40.0,EW-LU,3
TM,A2,20,0,28.0,NS-SR,3
TM,A2,20,1,24.0,NS-LU,3
TM,A2,20,2,38.0,EW-LU,3
TM,A2,21,0,28.0,NS-SR,3
TM,A2,21,1,22.0,NS-LU,3
TM,A2,21,2,40.0,EW-LU,3
TM,A2,22,0,28.0,NS-SR,3
TM,A2,22,1,24.0,NS-LU,3
TM,A2,22,2,38.0,EW-LU,3
TM,A2,23,0,27.0,NS-SR,3
TM,A2,23,1,27.0,NS-LU,3
TM,A2,23,2,36.0,EW-LU,3
TM,A2,24,0,23.0,NS-SR,3
TM,A2,24,1,29.0,NS-LU,3
TM,A2,24,2,38.0,EW-LU,3
TM,A2,25,0,19.0,NS-SR,3
TM,A2,25,1,31.0,NS-LU,3
TM,A2,25,2,40.0,EW-LU,3
TM,A2,26,0,17.0,NS-SR,3
TM,A2,26,1,28.0,NS-LU,3
TM,A2,26,2,45.0,EW-LU,3
TM,A2,27,0,16.0,NS-SR,3
TM,A2,27,1,27.0,NS-LU,3
TM,A2,27,2,47.0,EW-LU,3
TM,A2,28,0,14.0,NS-SR,3
TM,A2,28,1,24.0,NS-LU,3
TM,A2,28,2,52.0,EW-LU,3
TM,A2,29,0,16.0,NS-SR,3
TM,A2,29,1,20.0,NS-LU,3
TM,A2,29,2,54.0,EW-LU,3
TM,A2,30,0,12.0,NS-SR,3
TM,A2,30,1,16.0,NS-LU,3
TM,A2,30,2,62.0,EW-LU,3
TM,A2,31,0,11.0,NS-SR,3
TM,A2,31,1,13.0,NS-LU,3
TM,A2,31,2,66.0,EW-LU,3
TM,A2,32,0,10.0,NS-SR,3
TM,A2,32,1,10.0,NS-LU,3
TM,A2,32,2,70.0,EW-LU,3
TM,A2,33,0,10.0,NS-SR,3
TM,A2,33,1,10.0,NS-LU,3
TM,A2,33,2,70.0,EW-LU,3
TM,A2,34,0,13.0,NS-SR,3
TM,A2,34,1,12.0,NS-LU,3
TM,A2,34,2,65.0,EW-LU,3
TM,A2,35,0,16.0,NS-SR,3
TM,A2,35,1,15.0,NS-LU,3
TM,A2,35,2,59.0,EW-LU,3
TM,A2,36,0,14.0,NS-SR,3
TM,A2,36,1,14.0,NS-LU,3
TM,A2,36,2,62.0,EW-LU,3
TM,A2,37,0,13.0,NS-SR,3
TM,A2,37,1,14.0,NS-LU,3
TM,A2,37,2,63.0,EW-LU,3
TM,A2,38,0,13.0,NS-SR,3
TM,A2,38,1,13.0,NS-LU,3
TM,A2,38,2,64.0,EW-LU,3
TM,A2,39,0,10.0,NS-SR,3
TM,A2,39,1,10.0,NS-LU,3
TM,A2,39,2,70.0,EW-LU,3
TM,A2,40,0,10.0,NS-SR,3
TM,A2,40,1,10.0,NS-LU,3
TM,A2,40,2,70.0,EW-LU,3
TM,A2,41,0,10.0,NS-SR,3
TM,A2,41,1,10.0,NS-LU,3
TM,A2,41,2,70.0,EW-LU,3
TM,A2,42,0,10.0,NS-SR,3
TM,A2,42,1,10.0,NS-LU,3
TM,A2,42,2,70.0,EW-LU,3
TM,A2,43,0,10.0,NS-SR,3
TM,A2,43,1,10.0,NS-LU,3
TM,A2,43,2,70.0,EW-LU,3
TM,A2,44,0,10.0,NS-SR,3
TM,A2,44,1,10.0,NS-LU,3
TM,A2,44,2,70.0,EW-LU,3
TM,A2,45,0,10.0,NS-SR,3
TM,A2,45,1,10.0,NS-LU,3
TM,A2,45,2,70.0,EW-LU,3
TM,A2,46,0,12.0,NS-SR,3
TM,A2,46,1,11.0,NS-LU,3
TM,A2,46,2,67.0,EW-LU,3
TM,A2,47,0,13.0,NS-SR,3
TM,A2,47,1,11.0,NS-LU,3
TM,A2,47,2,66.0,EW-LU,3
TM,A2,48,0,13.0,NS-SR,3
TM,A2,48,1,12.0,NS-LU,3
TM,A2,48,2,65.0,EW-LU,3
TM,A2,49,0,13.0,NS-SR,3
TM,A2,49,1,13.0,NS-LU,3
TM,A2,49,2,64.0,EW-LU,3
TM,A2,50,0,13.0,NS-SR,3
TM,A2,50,1,13.0,NS-LU,3
TM,A2,50,2,64.0,EW-LU,3
TM,A2,51,0,13.0,NS-SR,3
TM,A2,51,1,13.0,NS-LU,3
TM,A2,51,2,64.0,EW-LU,3
TM,A2,52,0,13.0,NS-SR,3
TM,A2,52,1,13.0,NS-LU,3
TM,A2,52,2,64.0,EW-LU,3
TM,A2,53,0,13.0,NS-SR,3
TM,A2,53,1,13.0,NS-LU,3
TM,A2,53,2,64.0,EW-LU,3
TM,A2,54,0,13.0,NS-SR,3
TM,A2,54,1,13.0,NS-LU,3
TM,A2,54,2,64.0,EW-LU,3
TM,A2,55,0,13.0,NS-SR,3
TM,A2,55,1,13.0,NS-LU,3
TM,A2,55,2,64.0,EW-LU,3
TM,A2,56,0,13.0,NS-SR,3
TM,A2,56,1,13.0,NS-LU,3
TM,A2,56,2,64.0,EW-LU,3
TM,A2,57,0,13.0,NS-SR,3
TM,A2,57,1,13.0,NS-LU,3
TM,A2,57,2,64.0,EW-LU,3
TM,A2,58,0,13.0,NS-SR,3
TM,A2,58,1,13.0,NS-LU,3
TM,A2,58,2,64.0,EW-LU,3
TM,A2,59,0,14.0,NS-SR,3
TM,A2,59,1,14.0,NS-LU,3
TM,A2,59,2,62.0,EW-LU,3
TM,A2,60,0,14.0,NS-SR,3
TM,A2,60,1,13.0,NS-LU,3
TM,A2,60,2,63.0,EW-LU,3
TM,A2,61,0,13.0,NS-SR,3
TM,A2,61,1,13.0,NS-LU,3
TM,A2,61,2,64.0,EW-LU,3
TM,A2,62,0,13.0,NS-SR,3
TM,A2,62,1,13.0,NS-LU,3
TM,A2,62,2,64.0,EW-LU,3
TM,A2,63,0,13.0,NS-SR,3
TM,A2,63,1,13.0,NS-LU,3
TM,A2,63,2,64.0,EW-LU,3
TM,A2,64,0,13.0,NS-SR,3
TM,A2,64,1,13.0,NS-LU,3
TM,A2,64,2,64.0,EW-LU,3
TM,A2,65,0,13.0,NS-SR,3
TM,A2,65,1,13.0,NS-LU,3
TM,A2,65,2,64.0,EW-LU,3
TM,A2,66,0,13.0,NS-SR,3
TM,A2,66,1,13.0,NS-LU,3
TM,A2,66,2,64.0,EW-LU,3
TM,A2,67,0,13.0,NS-SR,3
TM,A2,67,1,13.0,NS-LU,3
TM,A2,67,2,64.0,EW-LU,3
TM,A2,68,0,13.0,NS-SR,3
TM,A2,68,1,13.0,NS-LU,3
TM,A2,68,2,64.0,EW-LU,3
TM,A2,69,0,13.0,NS-SR,3
TM,A2,69,1,13.0,NS-LU,3
TM,A2,69,2,64.0,EW-LU,3
TM,A2,70,0,13.0,NS-SR,3
TM,A2,70,1,13.0,NS-LU,3
TM,A2,70,2,64.0,EW-LU,3
TM,A2,71,0,13.0,NS-SR,3
TM,A2,71,1,13.0,NS-LU,3
TM,A2,71,2,64.0,EW-LU,3
TM,A2,72,0,13.0,NS-SR,3
TM,A2,72,1,13.0,NS-LU,3
TM,A2,72,2,64.0,EW-LU,3
TM,A2,73,0,13.0,NS-SR,3
TM,A2,73,1,13.0,NS-LU,3
TM,A2,73,2,64.0,EW-LU,3
TM,A2,74,0,13.0,NS-SR,3
TM,A2,74,1,13.0,NS-LU,3
TM,A2,74,2,64.0,EW-LU,3
TM,A2,75,0,13.0,NS-SR,3
TM,A2,75,1,13.0,NS-LU,3
TM,A2,75,2,64.0,EW-LU,3
TM,A2,76,0,13.0,NS-SR,3
TM,A2,76,1,13.0,NS-LU,3
TM,A2,76,2,64.0,EW-LU,3
TM,A2,77,0,13.0,NS-SR,3
TM,A2,77,1,13.0,NS-LU,3
TM,A2,77,2,64.0,EW-LU,3
TM,A2,78,0,14.0,NS-SR,3
TM,A2,78,1,14.0,NS-LU,3
TM,A2,78,2,62.0,EW-LU,3
TM,A2,79,0,14.0,NS-SR,3
TM,A2,79,1,14.0,NS-LU,3
TM,A2,79,2,62.0,EW-LU,3
TM,A2,80,0,13.0,NS-SR,3
TM,A2,80,1,14.0,NS-LU,3
TM,A2,80,2,63.0,EW-LU,3
TM,B1,0,0,22.0,NS-SR,4
TM,B1,0,1,23.0,NS-LU,4
TM,B1,0,2,22.0,EW-SR,4
TM,B1,0,3,23.0,EW-LU,4
TM,B1,1,0,23.0,NS-SR,4
TM,B1,1,1,23.0,NS-LU,4
TM,B1,1,2,22.0,EW-SR,4
TM,B1,1,3,22.0,EW-LU,4
TM,B1,2,0,27.0,NS-SR,4
TM,B1,2,1,27.0,NS-LU,4
TM,B1,2,2,10.0,EW-SR,4
TM,B1,2,3,26.0,EW-LU,4
TM,B1,3,0,25.0,NS-SR,4
TM,B1,3,1,25.0,NS-LU,4
TM,B1,3,2,16.0,EW-SR,4
TM,B1,3,3,24.0,EW-LU,4
TM,B1,4,0,23.0,NS-SR,4
TM,B1,4,1,23.0,NS-LU,4
TM,B1,4,2,21.0,EW-SR,4
TM,B1,4,3,23.0,EW-LU,4
TM,B1,5,0,22.0,NS-SR,4
TM,B1,5,1,22.0,NS-LU,4
TM,B1,5,2,23.0,EW-SR,4
TM,B1,5,3,23.0,EW-LU,4
TM,B1,6,0,22.0,NS-SR,4
TM,B1,6,1,22.0,NS-LU,4
TM,B1,6,2,23.0,EW-SR,4
TM,B1,6,3,23.0,EW-LU,4
TM,B1,7,0,22.0,NS-SR,4
TM,B1,7,1,22.0,NS-LU,4
TM,B1,7,2,23.0,EW-SR,4
TM,B1,7,3,23.0,EW-LU,4
TM,B1,8,0,17.0,NS-SR,4
TM,B1,8,1,25.0,NS-LU,4
TM,B1,8,2,27.0,EW-SR,4
TM,B1,8,3,21.0,EW-LU,4
TM,B1,9,0,19.0,NS-SR,4
TM,B1,9,1,24.0,NS-LU,4
TM,B1,9,2,29.0,EW-SR,4
TM,B1,9,3,18.0,EW-LU,4
TM,B1,10,0,20.0,NS-SR,4
TM,B1,10,1,23.0,NS-LU,4
TM,B1,10,2,35.0,EW-SR,4
TM,B1,10,3,12.0,EW-LU,4
TM,B1,11,0,21.0,NS-SR,4
TM,B1,11,1,23.0,NS-LU,4
TM,B1,11,2,36.0,EW-SR,4
TM,B1,11,3,10.0,EW-LU,4
TM,B1,12,0,20.0,NS-SR,4
TM,B1,12,1,23.0,NS-LU,4
TM,B1,12,2,37.0,EW-SR,4
TM,B1,12,3,10.0,EW-LU,4
TM,B1,13,0,23.0,NS-SR,4
TM,B1,13,1,19.0,NS-LU,4
TM,B1,13,2,38.0,EW-SR,4
TM,B1,13,3,10.0,EW-LU,4
TM,B1,14,0,22.0,NS-SR,4
TM,B1,14,1,14.0,NS-LU,4
TM,B1,14,2,43.0,EW-SR,4
TM,B1,14,3,11.0,EW-LU,4
TM,B1,15,0,22.0,NS-SR,4
TM,B1,15,1,16.0,NS-LU,4
TM,B1,15,2,42.0,EW-SR,4
TM,B1,15,3,10.0,EW-LU,4
TM,B1,16,0,23.0,NS-SR,4
TM,B1,16,1,18.0,NS-LU,4
TM,B1,16,2,39.0,EW-SR,4
TM,B1,16,3,10.0,EW-LU,4
TM,B1,17,0,22.0,NS-SR,4
TM,B1,17,1,19.0,NS-LU,4
TM,B1,17,2,39.0,EW-SR,4
TM,B1,17,3,10.0,EW-LU,4
TM,B1,18,0,21.0,NS-SR,4
TM,B1,18,1,18.0,NS-LU,4
TM,B1,18,2,41.0,EW-SR,4
TM,B1,18,3,10.0,EW-LU,4
TM,B1,19,0,21.0,NS-SR,4
TM,B1,19,1,17.0,NS-LU,4
TM,B1,19,2,42.0,EW-SR,4
TM,B1,19,3,10.0,EW-LU,4
TM,B1,20,0,21.0,NS-SR,4
TM,B1,20,1,16.0,NS-LU,4
TM,B1,20,2,43.0,EW-SR,4
TM,B1,20,3,10.0,EW-LU,4
TM,B1,21,0,20.0,NS-SR,4
TM,B1,21,1,18.0,NS-LU,4
TM,B1,21,2,42.0,EW-SR,4
TM,B1,21,3,10.0,EW-LU,4
TM,B1,22,0,25.0,NS-SR,4
TM,B1,22,1,17.0,NS-LU,4
TM,B1,22,2,38.0,EW-SR,4
TM,B1,22,3,10.0,EW-LU,4
TM,B1,23,0,25.0,NS-SR,4
TM,B1,23,1,18.0,NS-LU,4
TM,B1,23,2,37.0,EW-SR,4
TM,B1,23,3,10.0,EW-LU,4
TM,B1,24,0,23.0,NS-SR,4
TM,B1,24,1,18.0,NS-LU,4
TM,B1,24,2,37.0,EW-SR,4
TM,B1,24,3,12.0,EW-LU,4
TM,B1,25,0,22.0,NS-SR,4
TM,B1,25,1,18.0,NS-LU,4
TM,B1,25,2,37.0,EW-SR,4
TM,B1,25,3,13.0,EW-LU,4
TM,B1,26,0,26.0,NS-SR,4
TM,B1,26,1,16.0,NS-LU,4
TM,B1,26,2,35.0,EW-SR,4
TM,B1,26,3,13.0,EW-LU,4
TM,B1,27,0,27.0,NS-SR,4
TM,B1,27,1,17.0,NS-LU,4
TM,B1,27,2,34.0,EW-SR,4
TM,B1,27,3,12.0,EW-LU,4
TM,B1,28,0,26.0,NS-SR,4
TM,B1,28,1,20.0,NS-LU,4
TM,B1,28,2,32.0,EW-SR,4
TM,B1,28,3,12.0,EW-LU,4
TM,B1,29,0,25.0,NS-SR,4
TM,B1,29,1,22.0,NS-LU,4
TM,B1,29,2,30.0,EW-SR,4
TM,B1,29,3,13.0,EW-LU,4
TM,B1,30,0,27.0,NS-SR,4
TM,B1,30,1,22.0,NS-LU,4
TM,B1,30,2,28.0,EW-SR,4
TM,B1,30,3,13.0,EW-LU,4
TM,B1,31,0,28.0,NS-SR,4
TM,B1,31,1,20.0,NS-LU,4
TM,B1,31,2,27.0,EW-SR,4
TM,B1,31,3,15.0,EW-LU,4
TM,B1,32,0,28.0,NS-SR,4
TM,B1,32,1,19.0,NS-LU,4
TM,B1,32,2,28.0,EW-SR,4
TM,B1,32,3,15.0,EW-LU,4
TM,B1,33,0,24.0,NS-SR,4
TM,B1,33,1,21.0,NS-LU,4
TM,B1,33,2,30.0,EW-SR,4
TM,B1,33,3,15.0,EW-LU,4
TM,B1,34,0,19.0,NS-SR,4
TM,B1,34,1,24.0,NS-LU,4
TM,B1,34,2,32.0,EW-SR,4
TM,B1,34,3,15.0,EW-LU,4
TM,B1,35,0,15.0,NS-SR,4
TM,B1,35,1,26.0,NS-LU,4
TM,B1,35,2,34.0,EW-SR,4
TM,B1,35,3,15.0,EW-LU,4
TM,B1,36,0,16.0,NS-SR,4
TM,B1,36,1,25.0,NS-LU,4
TM,B1,36,2,34.0,EW-SR,4
TM,B1,36,3,15.0,EW-LU,4
TM,B1,37,0,18.0,NS-SR,4
TM,B1,37,1,23.0,NS-LU,4
TM,B1,37,2,35.0,EW-SR,4
TM,B1,37,3,14.0,EW-LU,4
TM,B1,38,0,20.0,NS-SR,4
TM,B1,38,1,19.0,NS-LU,4
TM,B1,38,2,35.0,EW-SR,4
TM,B1,38,3,16.0,EW-LU,4
TM,B1,39,0,18.0,NS-SR,4
TM,B1,39,1,20.0,NS-LU,4
TM,B1,39,2,31.0,EW-SR,4
TM,B1,39,3,21.0,EW-LU,4
TM,B1,40,0,20.0,NS-SR,4
TM,B1,40,1,19.0,NS-LU,4
TM,B1,40,2,29.0,EW-SR,4
TM,B1,40,3,22.0,EW-LU,4
TM,B1,41,0,20.0,NS-SR,4
TM,B1,41,1,20.0,NS-LU,4
TM,B1,41,2,28.0,EW-SR,4
TM,B1,41,3,22.0,EW-LU,4
TM,B1,42,0,20.0,NS-SR,4
TM,B1,42,1,20.0,NS-LU,4
TM,B1,42,2,28.0,EW-SR,4
TM,B1,42,3,22.0,EW-LU,4
TM,B1,43,0,20.0,NS-SR,4
TM,B1,43,1,20.0,NS-LU,4
TM,B1,43,2,27.0,EW-SR,4
TM,B1,43,3,23.0,EW-LU,4
TM,B1,44,0,21.0,NS-SR,4
TM,B1,44,1,19.0,NS-LU,4
TM,B1,44,2,26.0,EW-SR,4
TM,B1,44,3,24.0,EW-LU,4
TM,B1,45,0,20.0,NS-SR,4
TM,B1,45,1,20.0,NS-LU,4
TM,B1,45,2,25.0,EW-SR,4
TM,B1,45,3,25.0,EW-LU,4
TM,B1,46,0,19.0,NS-SR,4
TM,B1,46,1,21.0,NS-LU,4
TM,B1,46,2,27.0,EW-SR,4
TM,B1,46,3,23.0,EW-LU,4
TM,B1,47,0,20.0,NS-SR,4
TM,B1,47,1,21.0,NS-LU,4
TM,B1,47,2,30.0,EW-SR,4
TM,B1,47,3,19.0,EW-LU,4
TM,B1,48,0,20.0,NS-SR,4
TM,B1,48,1,21.0,NS-LU,4
TM,B1,48,2,33.0,EW-SR,4
TM,B1,48,3,16.0,EW-LU,4
TM,B1,49,0,20.0,NS-SR,4
TM,B1,49,1,19.0,NS-LU,4
TM,B1,49,2,35.0,EW-SR,4
TM,B1,49,3,16.0,EW-LU,4
TM,B1,50,0,19.0,NS-SR,4
TM,B1,50,1,19.0,NS-LU,4
TM,B1,50,2,35.0,EW-SR,4
TM,B1,50,3,17.0,EW-LU,4
TM,B1,51,0,17.0,NS-SR,4
TM,B1,51,1,21.0,NS-LU,4
TM,B1,51,2,31.0,EW-SR,4
TM,B1,51,3,21.0,EW-LU,4
TM,B1,52,0,20.0,NS-SR,4
TM,B1,52,1,20.0,NS-LU,4
TM,B1,52,2,28.0,EW-SR,4
TM,B1,52,3,22.0,EW-LU,4
TM,B1,53,0,21.0,NS-SR,4
TM,B1,53,1,19.0,NS-LU,4
TM,B1,53,2,27.0,EW-SR,4
TM,B1,53,3,23.0,EW-LU,4
TM,B1,54,0,22.0,NS-SR,4
TM,B1,54,1,18.0,NS-LU,4
TM,B1,54,2,26.0,EW-SR,4
TM,B1,54,3,24.0,EW-LU,4
TM,B1,55,0,21.0,NS-SR,4
TM,B1,55,1,20.0,NS-LU,4
TM,B1,55,2,24.0,EW-SR,4
TM,B1,55,3,25.0,EW-LU,4
TM,B1,56,0,21.0,NS-SR,4
TM,B1,56,1,20.0,NS-LU,4
TM,B1,56,2,21.0,EW-SR,4
TM,B1,56,3,28.0,EW-LU,4
TM,B1,57,0,21.0,NS-SR,4
TM,B1,57,1,20.0,NS-LU,4
TM,B1,57,2,19.0,EW-SR,4
TM,B1,57,3,30.0,EW-LU,4
TM,B1,58,0,22.0,NS-SR,4
TM,B1,58,1,19.0,NS-LU,4
TM,B1,58,2,18.0,EW-SR,4
TM,B1,58,3,31.0,EW-LU,4
TM,B1,59,0,21.0,NS-SR,4
TM,B1,59,1,19.0,NS-LU,4
TM,B1,59,2,17.0,EW-SR,4
TM,B1,59,3,33.0,EW-LU,4
TM,B1,60,0,19.0,NS-SR,4
TM,B1,60,1,20.0,NS-LU,4
TM,B1,60,2,16.0,EW-SR,4
TM,B1,60,3,35.0,EW-LU,4
TM,B1,61,0,20.0,NS-SR,4
TM,B1,61,1,18.0,NS-LU,4
TM,B1,61,2,15.0,EW-SR,4
TM,B1,61,3,37.0,EW-LU,4
TM,B1,62,0,18.0,NS-SR,4
TM,B1,62,1,18.0,NS-LU,4
TM,B1,62,2,17.0,EW-SR,4
TM,B1,62,3,37.0,EW-LU,4
TM,B1,63,0,18.0,NS-SR,4
TM,B1,63,1,18.0,NS-LU,4
TM,B1,63,2,18.0,EW-SR,4
TM,B1,63,3,36.0,EW-LU,4
TM,B1,64,0,19.0,NS-SR,4
TM,B1,64,1,18.0,NS-LU,4
TM,B1,64,2,17.0,EW-SR,4
TM,B1,64,3,36.0,EW-LU,4
TM,B1,65,0,19.0,NS-SR,4
TM,B1,65,1,18.0,NS-LU,4
TM,B1,65,2,17.0,EW-SR,4
TM,B1,65,3,36.0,EW-LU,4
TM,B1,66,0,19.0,NS-SR,4
TM,B1,66,1,18.0,NS-LU,4
TM,B1,66,2,19.0,EW-SR,4
TM,B1,66,3,34.0,EW-LU,4
TM,B1,67,0,21.0,NS-SR,4
TM,B1,67,1,17.0,NS-LU,4
TM,B1,67,2,17.0,EW-SR,4
TM,B1,67,3,35.0,EW-LU,4
TM,B1,68,0,18.0,NS-SR,4
TM,B1,68,1,20.0,NS-LU,4
TM,B1,68,2,18.0,EW-SR,4
TM,B1,68,3,34.0,EW-LU,4
TM,B1,69,0,18.0,NS-SR,4
TM,B1,69,1,20.0,NS-LU,4
TM,B1,69,2,20.0,EW-SR,4
TM,B1,69,3,32.0,EW-LU,4
TM,B1,70,0,21.0,NS-SR,4
TM,B1,70,1,18.0,NS-LU,4
TM,B1,70,2,21.0,EW-SR,4
TM,B1,70,3,30.0,EW-LU,4
TM,B1,71,0,22.0,NS-SR,4
TM,B1,71,1,18.0,NS-LU,4
TM,B1,71,2,23.0,EW-SR,4
TM,B1,71,3,27.0,EW-LU,4
TM,B1,72,0,19.0,NS-SR,4
TM,B1,72,1,22.0,NS-LU,4
TM,B1,72,2,24.0,EW-SR,4
TM,B1,72,3,25.0,EW-LU,4
TM,B1,73,0,16.0,NS-SR,4
TM,B1,73,1,26.0,NS-LU,4
TM,B1,73,2,25.0,EW-SR,4
TM,B1,73,3,23.0,EW-LU,4
TM,B1,74,0,18.0,NS-SR,4
TM,B1,74,1,26.0,NS-LU,4
TM,B1,74,2,25.0,EW-SR,4
TM,B1,74,3,21.0,EW-LU,4
TM,B1,75,0,22.0,NS-SR,4
TM,B1,75,1,23.0,NS-LU,4
TM,B1,75,2,26.0,EW-SR,4
TM,B1,75,3,19.0,EW-LU,4
TM,B1,76,0,23.0,NS-SR,4
TM,B1,76,1,22.0,NS-LU,4
TM,B1,76,2,29.0,EW-SR,4
TM,B1,76,3,16.0,EW-LU,4
TM,B1,77,0,18.0,NS-SR,4
TM,B1,77,1,25.0,NS-LU,4
TM,B1,77,2,31.0,EW-SR,4
TM,B1,77,3,16.0,EW-LU,4
TM,B1,78,0,14.0,NS-SR,4
TM,B1,78,1,28.0,NS-LU,4
TM,B1,78,2,33.0,EW-SR,4
TM,B1,78,3,15.0,EW-LU,4
TM,B1,79,0,15.0,NS-SR,4
TM,B1,79,1,28.0,NS-LU,4
TM,B1,79,2,30.0,EW-SR,4
TM,B1,79,3,17.0,EW-LU,4
TM,B1,80,0,17.0,NS-SR,4
TM,B1,80,1,27.0,NS-LU,4
TM,B1,80,2,28.0,EW-SR,4
TM,B1,80,3,18.0,EW-LU,4
TM,C4,0,0,22.0,NS-SR,4
TM,C4,0,1,23.0,NS-LU,4
TM,C4,0,2,22.0,EW-SR,4
TM,C4,0,3,23.0,EW-LU,4
TM,C4,1,0,23.0,NS-SR,4
TM,C4,1,1,23.0,NS-LU,4
TM,C4,1,2,22.0,EW-SR,4
TM,C4,1,3,22.0,EW-LU,4
TM,C4,2,0,23.0,NS-SR,4
TM,C4,2,1,23.0,NS-LU,4
TM,C4,2,2,22.0,EW-SR,4
TM,C4,2,3,22.0,EW-LU,4
TM,C4,3,0,23.0,NS-SR,4
TM,C4,3,1,23.0,NS-LU,4
TM,C4,3,2,22.0,EW-SR,4
TM,C4,3,3,22.0,EW-LU,4
TM,C4,4,0,22.0,NS-SR,4
TM,C4,4,1,22.0,NS-LU,4
TM,C4,4,2,25.0,EW-SR,4
TM,C4,4,3,21.0,EW-LU,4
TM,C4,5,0,22.0,NS-SR,4
TM,C4,5,1,22.0,NS-LU,4
TM,C4,5,2,25.0,EW-SR,4
TM,C4,5,3,21.0,EW-LU,4
TM,C4,6,0,21.0,NS-SR,4
TM,C4,6,1,21.0,NS-LU,4
TM,C4,6,2,28.0,EW-SR,4
TM,C4,6,3,20.0,EW-LU,4
TM,C4,7,0,20.0,NS-SR,4
TM,C4,7,1,20.0,NS-LU,4
TM,C4,7,2,31.0,EW-SR,4
TM,C4,7,3,19.0,EW-LU,4
TM,C4,8,0,27.0,NS-SR,4
TM,C4,8,1,19.0,NS-LU,4
TM,C4,8,2,31.0,EW-SR,4
TM,C4,8,3,13.0,EW-LU,4
TM,C4,9,0,27.0,NS-SR,4
TM,C4,9,1,17.0,NS-LU,4
TM,C4,9,2,31.0,EW-SR,4
TM,C4,9,3,15.0,EW-LU,4
TM,C4,10,0,24.0,NS-SR,4
TM,C4,10,1,14.0,NS-LU,4
TM,C4,10,2,30.0,EW-SR,4
TM,C4,10,3,22.0,EW-LU,4
TM,C4,11,0,17.0,NS-SR,4
TM,C4,11,1,17.0,NS-LU,4
TM,C4,11,2,26.0,EW-SR,4
TM,C4,11,3,30.0,EW-LU,4
TM,C4,12,0,20.0,NS-SR,4
TM,C4,12,1,21.0,NS-LU,4
TM,C4,12,2,23.0,EW-SR,4
TM,C4,12,3,26.0,EW-LU,4
TM,C4,13,0,18.0,NS-SR,4
TM,C4,13,1,22.0,NS-LU,4
TM,C4,13,2,21.0,EW-SR,4
TM,C4,13,3,29.0,EW-LU,4
TM,C4,14,0,17.0,NS-SR,4
TM,C4,14,1,23.0,NS-LU,4
TM,C4,14,2,16.0,EW-SR,4
TM,C4,14,3,34.0,EW-LU,4
TM,C4,15,0,20.0,NS-SR,4
TM,C4,15,1,20.0,NS-LU,4
TM,C4,15,2,13.0,EW-SR,4
TM,C4,15,3,37.0,EW-LU,4
TM,C4,16,0,22.0,NS-SR,4
TM,C4,16,1,20.0,NS-LU,4
TM,C4,16,2,15.0,EW-SR,4
TM,C4,16,3,33.0,EW-LU,4
TM,C4,17,0,27.0,NS-SR,4
TM,C4,17,1,26.0,NS-LU,4
TM,C4,17,2,10.0,EW-SR,4
TM,C4,17,3,27.0,EW-LU,4
TM,C4,18,0,30.0,NS-SR,4
TM,C4,18,1,32.0,NS-LU,4
TM,C4,18,2,11.0,EW-SR,4
TM,C4,18,3,17.0,EW-LU,4
TM,C4,19,0,30.0,NS-SR,4
TM,C4,19,1,30.0,NS-LU,4
TM,C4,19,2,12.0,EW-SR,4
TM,C4,19,3,18.0,EW-LU,4
TM,C4,20,0,30.0,NS-SR,4
TM,C4,20,1,25.0,NS-LU,4
TM,C4,20,2,14.0,EW-SR,4
TM,C4,20,3,21.0,EW-LU,4
TM,C4,21,0,31.0,NS-SR,4
TM,C4,21,1,26.0,NS-LU,4
TM,C4,21,2,15.0,EW-SR,4
TM,C4,21,3,18.0,EW-LU,4
TM,C4,22,0,30.0,NS-SR,4
TM,C4,22,1,26.0,NS-LU,4
TM,C4,22,2,16.0,EW-SR,4
TM,C4,22,3,18.0,EW-LU,4
TM,C4,23,0,27.0,NS-SR,4
TM,C4,23,1,25.0,NS-LU,4
TM,C4,23,2,18.0,EW-SR,4
TM,C4,23,3,20.0,EW-LU,4
TM,C4,24,0,25.0,NS-SR,4
TM,C4,24,1,27.0,NS-LU,4
TM,C4,24,2,14.0,EW-SR,4
TM,C4,24,3,24.0,EW-LU,4
TM,C4,25,0,26.0,NS-SR,4
TM,C4,25,1,29.0,NS-LU,4
TM,C4,25,2,14.0,EW-SR,4
TM,C4,25,3,21.0,EW-LU,4
TM,C4,26,0,28.0,NS-SR,4
TM,C4,26,1,29.0,NS-LU,4
TM,C4,26,2,14.0,EW-SR,4
TM,C4,26,3,19.0,EW-LU,4
TM,C4,27,0,30.0,NS-SR,4
TM,C4,27,1,26.0,NS-LU,4
TM,C4,27,2,12.0,EW-SR,4
TM,C4,27,3,22.0,EW-LU,4
TM,C4,28,0,31.0,NS-SR,4
TM,C4,28,1,21.0,NS-LU,4
TM,C4,28,2,16.0,EW-SR,4
TM,C4,28,3,22.0,EW-LU,4
TM,C4,29,0,38.0,NS-SR,4
TM,C4,29,1,22.0,NS-LU,4
TM,C4,29,2,12.0,EW-SR,4
TM,C4,29,3,18.0,EW-LU,4
TM,C4,30,0,44.0,NS-SR,4
TM,C4,30,1,23.0,NS-LU,4
TM,C4,30,2,11.0,EW-SR,4
TM,C4,30,3,12.0,EW-LU,4
TM,C4,31,0,43.0,NS-SR,4
TM,C4,31,1,21.0,NS-LU,4
TM,C4,31,2,13.0,EW-SR,4
TM,C4,31,3,13.0,EW-LU,4
TM,C4,32,0,37.0,NS-SR,4
TM,C4,32,1,13.0,NS-LU,4
TM,C4,32,2,16.0,EW-SR,4
TM,C4,32,3,24.0,EW-LU,4
TM,C4,33,0,37.0,NS-SR,4
TM,C4,33,1,15.0,NS-LU,4
TM,C4,33,2,11.0,EW-SR,4
TM,C4,33,3,27.0,EW-LU,4
TM,C4,34,0,34.0,NS-SR,4
TM,C4,34,1,16.0,NS-LU,4
TM,C4,34,2,13.0,EW-SR,4
TM,C4,34,3,27.0,EW-LU,4
TM,C4,35,0,31.0,NS-SR,4
TM,C4,35,1,18.0,NS-LU,4
TM,C4,35,2,16.0,EW-SR,4
TM,C4,35,3,25.0,EW-LU,4
TM,C4,36,0,31.0,NS-SR,4
TM,C4,36,1,22.0,NS-LU,4
TM,C4,36,2,17.0,EW-SR,4
TM,C4,36,3,20.0,EW-LU,4
TM,C4,37,0,33.0,NS-SR,4
TM,C4,37,1,20.0,NS-LU,4
TM,C4,37,2,16.0,EW-SR,4
TM,C4,37,3,21.0,EW-LU,4
TM,C4,38,0,34.0,NS-SR,4
TM,C4,38,1,18.0,NS-LU,4
TM,C4,38,2,15.0,EW-SR,4
TM,C4,38,3,23.0,EW-LU,4
TM,C4,39,0,35.0,NS-SR,4
TM,C4,39,1,17.0,NS-LU,4
TM,C4,39,2,13.0,EW-SR,4
TM,C4,39,3,25.0,EW-LU,4
TM,C4,40,0,31.0,NS-SR,4
TM,C4,40,1,13.0,NS-LU,4
TM,C4,40,2,14.0,EW-SR,4
TM,C4,40,3,32.0,EW-LU,4
TM,C4,41,0,29.0,NS-SR,4
TM,C4,41,1,15.0,NS-LU,4
TM,C4,41,2,12.0,EW-SR,4
TM,C4,41,3,34.0,EW-LU,4
TM,C4,42,0,30.0,NS-SR,4
TM,C4,42,1,12.0,NS-LU,4
TM,C4,42,2,14.0,EW-SR,4
TM,C4,42,3,34.0,EW-LU,4
TM,C4,43,0,29.0,NS-SR,4
TM,C4,43,1,13.0,NS-LU,4
TM,C4,43,2,15.0,EW-SR,4
TM,C4,43,3,33.0,EW-LU,4
TM,C4,44,0,32.0,NS-SR,4
TM,C4,44,1,18.0,NS-LU,4
TM,C4,44,2,12.0,EW-SR,4
TM,C4,44,3,28.0,EW-LU,4
TM,C4,45,0,35.0,NS-SR,4
TM,C4,45,1,22.0,NS-LU,4
TM,C4,45,2,13.0,EW-SR,4
TM,C4,45,3,20.0,EW-LU,4
TM,C4,46,0,36.0,NS-SR,4
TM,C4,46,1,28.0,NS-LU,4
TM,C4,46,2,11.0,EW-SR,4
TM,C4,46,3,15.0,EW-LU,4
TM,C4,47,0,37.0,NS-SR,4
TM,C4,47,1,30.0,NS-LU,4
TM,C4,47,2,12.0,EW-SR,4
TM,C4,47,3,11.0,EW-LU,4
TM,C4,48,0,35.0,NS-SR,4
TM,C4,48,1,28.0,NS-LU,4
TM,C4,48,2,11.0,EW-SR,4
TM,C4,48,3,16.0,EW-LU,4
TM,C4,49,0,34.0,NS-SR,4
TM,C4,49,1,27.0,NS-LU,4
TM,C4,49,2,13.0,EW-SR,4
TM,C4,49,3,16.0,EW-LU,4
TM,C4,50,0,33.0,NS-SR,4
TM,C4,50,1,26.0,NS-LU,4
TM,C4,50,2,15.0,EW-SR,4
TM,C4,50,3,16.0,EW-LU,4
TM,C4,51,0,35.0,NS-SR,4
TM,C4,51,1,23.0,NS-LU,4
TM,C4,51,2,16.0,EW-SR,4
TM,C4,51,3,16.0,EW-LU,4
TM,C4,52,0,39.0,NS-SR,4
TM,C4,52,1,19.0,NS-LU,4
TM,C4,52,2,15.0,EW-SR,4
TM,C4,52,3,17.0,EW-LU,4
TM,C4,53,0,42.0,NS-SR,4
TM,C4,53,1,15.0,NS-LU,4
TM,C4,53,2,14.0,EW-SR,4
TM,C4,53,3,19.0,EW-LU,4
TM,C4,54,0,41.0,NS-SR,4
TM,C4,54,1,15.0,NS-LU,4
TM,C4,54,2,14.0,EW-SR,4
TM,C4,54,3,20.0,EW-LU,4
TM,C4,55,0,36.0,NS-SR,4
TM,C4,55,1,11.0,NS-LU,4
TM,C4,55,2,17.0,EW-SR,4
TM,C4,55,3,26.0,EW-LU,4
TM,C4,56,0,32.0,NS-SR,4
TM,C4,56,1,21.0,NS-LU,4
TM,C4,56,2,13.0,EW-SR,4
TM,C4,56,3,24.0,EW-LU,4
TM,C4,57,0,31.0,NS-SR,4
TM,C4,57,1,23.0,NS-LU,4
TM,C4,57,2,15.0,EW-SR,4
TM,C4,57,3,21.0,EW-LU,4
TM,C4,58,0,31.0,NS-SR,4
TM,C4,58,1,25.0,NS-LU,4
TM,C4,58,2,16.0,EW-SR,4
TM,C4,58,3,18.0,EW-LU,4
TM,C4,59,0,30.0,NS-SR,4
TM,C4,59,1,23.0,NS-LU,4
TM,C4,59,2,17.0,EW-SR,4
TM,C4,59,3,20.0,EW-LU,4
TM,C4,60,0,32.0,NS-SR,4
TM,C4,60,1,21.0,NS-LU,4
TM,C4,60,2,16.0,EW-SR,4
TM,C4,60,3,21.0,EW-LU,4
TM,C4,61,0,33.0,NS-SR,4
TM,C4,61,1,18.0,NS-LU,4
TM,C4,61,2,17.0,EW-SR,4
TM,C4,61,3,22.0,EW-LU,4
TM,C4,62,0,30.0,NS-SR,4
TM,C4,62,1,20.0,NS-LU,4
TM,C4,62,2,16.0,EW-SR,4
TM,C4,62,3,24.0,EW-LU,4
TM,C4,63,0,28.0,NS-SR,4
TM,C4,63,1,20.0,NS-LU,4
TM,C4,63,2,20.0,EW-SR,4
TM,C4,63,3,22.0,EW-LU,4
TM,C4,64,0,28.0,NS-SR,4
TM,C4,64,1,26.0,NS-LU,4
TM,C4,64,2,18.0,EW-SR,4
TM,C4,64,3,18.0,EW-LU,4
TM,C4,65,0,27.0,NS-SR,4
TM,C4,65,1,27.0,NS-LU,4
TM,C4,65,2,19.0,EW-SR,4
TM,C4,65,3,17.0,EW-LU,4
TM,C4,66,0,27.0,NS-SR,4
TM,C4,66,1,26.0,NS-LU,4
TM,C4,66,2,19.0,EW-SR,4
TM,C4,66,3,18.0,EW-LU,4
TM,C4,67,0,29.0,NS-SR,4
TM,C4,67,1,23.0,NS-LU,4
TM,C4,67,2,20.0,EW-SR,4
TM,C4,67,3,18.0,EW-LU,4
TM,C4,68,0,33.0,NS-SR,4
TM,C4,68,1,18.0,NS-LU,4
TM,C4,68,2,20.0,EW-SR,4
TM,C4,68,3,19.0,EW-LU,4
TM,C4,69,0,39.0,NS-SR,4
TM,C4,69,1,12.0,NS-LU,4
TM,C4,69,2,20.0,EW-SR,4
TM,C4,69,3,19.0,EW-LU,4
TM,C4,70,0,40.0,NS-SR,4
TM,C4,70,1,13.0,NS-LU,4
TM,C4,70,2,19.0,EW-SR,4
TM,C4,70,3,18.0,EW-LU,4
TM,C4,71,0,40.0,NS-SR,4
TM,C4,71,1,14.0,NS-LU,4
TM,C4,71,2,18.0,EW-SR,4
TM,C4,71,3,18.0,EW-LU,4
TM,C4,72,0,38.0,NS-SR,4
TM,C4,72,1,17.0,NS-LU,4
TM,C4,72,2,17.0,EW-SR,4
TM,C4,72,3,18.0,EW-LU,4
TM,C4,73,0,38.0,NS-SR,4
TM,C4,73,1,16.0,NS-LU,4
TM,C4,73,2,18.0,EW-SR,4
TM,C4,73,3,18.0,EW-LU,4
TM,C4,74,0,39.0,NS-SR,4
TM,C4,74,1,15.0,NS-LU,4
TM,C4,74,2,18.0,EW-SR,4
TM,C4,74,3,18.0,EW-LU,4
TM,C4,75,0,39.0,NS-SR,4
TM,C4,75,1,14.0,NS-LU,4
TM,C4,75,2,20.0,EW-SR,4
TM,C4,75,3,17.0,EW-LU,4
TM,C4,76,0,42.0,NS-SR,4
TM,C4,76,1,11.0,NS-LU,4
TM,C4,76,2,23.0,EW-SR,4
TM,C4,76,3,14.0,EW-LU,4
TM,C4,77,0,44.0,NS-SR,4
TM,C4,77,1,10.0,NS-LU,4
TM,C4,77,2,22.0,EW-SR,4
TM,C4,77,3,14.0,EW-LU,4
TM,C4,78,0,45.0,NS-SR,4
TM,C4,78,1,11.0,NS-LU,4
TM,C4,78,2,16.0,EW-SR,4
TM,C4,78,3,18.0,EW-LU,4
TM,C4,79,0,43.0,NS-SR,4
TM,C4,79,1,18.0,NS-LU,4
TM,C4,79,2,14.0,EW-SR,4
TM,C4,79,3,15.0,EW-LU,4
TM,C4,80,0,40.0,NS-SR,4
TM,C4,80,1,21.0,NS-LU,4
TM,C4,80,2,14.0,EW-SR,4
TM,C4,80,3,15.0,EW-LU,4
TM,F2,0,0,22.0,NS-SR,4
TM,F2,0,1,23.0,NS-LU,4
TM,F2,0,2,22.0,EW-SR,4
TM,F2,0,3,23.0,EW-LU,4
TM,F2,1,0,23.0,NS-SR,4
TM,F2,1,1,23.0,NS-LU,4
TM,F2,1,2,22.0,EW-SR,4
TM,F2,1,3,22.0,EW-LU,4
TM,F2,2,0,23.0,NS-SR,4
TM,F2,2,1,23.0,NS-LU,4
TM,F2,2,2,22.0,EW-SR,4
TM,F2,2,3,22.0,EW-LU,4
TM,F2,3,0,23.0,NS-SR,4
TM,F2,3,1,23.0,NS-LU,4
TM,F2,3,2,22.0,EW-SR,4
TM,F2,3,3,22.0,EW-LU,4
TM,F2,4,0,23.0,NS-SR,4
TM,F2,4,1,23.0,NS-LU,4
TM,F2,4,2,22.0,EW-SR,4
TM,F2,4,3,22.0,EW-LU,4
TM,F2,5,0,23.0,NS-SR,4
TM,F2,5,1,23.0,NS-LU,4
TM,F2,5,2,22.0,EW-SR,4
TM,F2,5,3,22.0,EW-LU,4
TM,F2,6,0,23.0,NS-SR,4
TM,F2,6,1,23.0,NS-LU,4
TM,F2,6,2,22.0,EW-SR,4
TM,F2,6,3,22.0,EW-LU,4
TM,F2,7,0,23.0,NS-SR,4
TM,F2,7,1,23.0,NS-LU,4
TM,F2,7,2,22.0,EW-SR,4
TM,F2,7,3,22.0,EW-LU,4
TM,F2,8,0,11.0,NS-SR,4
TM,F2,8,1,27.0,NS-LU,4
TM,F2,8,2,26.0,EW-SR,4
TM,F2,8,3,26.0,EW-LU,4
TM,F2,9,0,20.0,NS-SR,4
TM,F2,9,1,24.0,NS-LU,4
TM,F2,9,2,23.0,EW-SR,4
TM,F2,9,3,23.0,EW-LU,4
TM,F2,10,0,26.0,NS-SR,4
TM,F2,10,1,22.0,NS-LU,4
TM,F2,10,2,21.0,EW-SR,4
TM,F2,10,3,21.0,EW-LU,4
TM,F2,11,0,26.0,NS-SR,4
TM,F2,11,1,22.0,NS-LU,4
TM,F2,11,2,21.0,EW-SR,4
TM,F2,11,3,21.0,EW-LU,4
TM,F2,12,0,26.0,NS-SR,4
TM,F2,12,1,22.0,NS-LU,4
TM,F2,12,2,21.0,EW-SR,4
TM,F2,12,3,21.0,EW-LU,4
TM,F2,13,0,26.0,NS-SR,4
TM,F2,13,1,22.0,NS-LU,4
TM,F2,13,2,21.0,EW-SR,4
TM,F2,13,3,21.0,EW-LU,4
TM,F2,14,0,32.0,NS-SR,4
TM,F2,14,1,20.0,NS-LU,4
TM,F2,14,2,19.0,EW-SR,4
TM,F2,14,3,19.0,EW-LU,4
TM,F2,15,0,32.0,NS-SR,4
TM,F2,15,1,20.0,NS-LU,4
TM,F2,15,2,19.0,EW-SR,4
TM,F2,15,3,19.0,EW-LU,4
TM,F2,16,0,32.0,NS-SR,4
TM,F2,16,1,20.0,NS-LU,4
TM,F2,16,2,19.0,EW-SR,4
TM,F2,16,3,19.0,EW-LU,4
TM,F2,17,0,32.0,NS-SR,4
TM,F2,17,1,20.0,NS-LU,4
TM,F2,17,2,19.0,EW-SR,4
TM,F2,17,3,19.0,EW-LU,4
TM,F2,18,0,32.0,NS-SR,4
TM,F2,18,1,20.0,NS-LU,4
TM,F2,18,2,19.0,EW-SR,4
TM,F2,18,3,19.0,EW-LU,4
TM,F2,19,0,32.0,NS-SR,4
TM,F2,19,1,20.0,NS-LU,4
TM,F2,19,2,19.0,EW-SR,4
TM,F2,19,3,19.0,EW-LU,4
TM,F2,20,0,35.0,NS-SR,4
TM,F2,20,1,19.0,NS-LU,4
TM,F2,20,2,18.0,EW-SR,4
TM,F2,20,3,18.0,EW-LU,4
TM,F2,21,0,35.0,NS-SR,4
TM,F2,21,1,19.0,NS-LU,4
TM,F2,21,2,18.0,EW-SR,4
TM,F2,21,3,18.0,EW-LU,4
TM,F2,22,0,35.0,NS-SR,4
TM,F2,22,1,19.0,NS-LU,4
TM,F2,22,2,18.0,EW-SR,4
TM,F2,22,3,18.0,EW-LU,4
TM,F2,23,0,35.0,NS-SR,4
TM,F2,23,1,19.0,NS-LU,4
TM,F2,23,2,18.0,EW-SR,4
TM,F2,23,3,18.0,EW-LU,4
TM,F2,24,0,35.0,NS-SR,4
TM,F2,24,1,19.0,NS-LU,4
TM,F2,24,2,18.0,EW-SR,4
TM,F2,24,3,18.0,EW-LU,4
TM,F2,25,0,44.0,NS-SR,4
TM,F2,25,1,16.0,NS-LU,4
TM,F2,25,2,15.0,EW-SR,4
TM,F2,25,3,15.0,EW-LU,4
TM,F2,26,0,53.0,NS-SR,4
TM,F2,26,1,13.0,NS-LU,4
TM,F2,26,2,12.0,EW-SR,4
TM,F2,26,3,12.0,EW-LU,4
TM,F2,27,0,53.0,NS-SR,4
TM,F2,27,1,13.0,NS-LU,4
TM,F2,27,2,12.0,EW-SR,4
TM,F2,27,3,12.0,EW-LU,4
TM,F2,28,0,53.0,NS-SR,4
TM,F2,28,1,13.0,NS-LU,4
TM,F2,28,2,12.0,EW-SR,4
TM,F2,28,3,12.0,EW-LU,4
TM,F2,29,0,53.0,NS-SR,4
TM,F2,29,1,13.0,NS-LU,4
TM,F2,29,2,12.0,EW-SR,4
TM,F2,29,3,12.0,EW-LU,4
TM,F2,30,0,60.0,NS-SR,4
TM,F2,30,1,10.0,NS-LU,4
TM,F2,30,2,10.0,EW-SR,4
TM,F2,30,3,10.0,EW-LU,4
TM,F2,31,0,60.0,NS-SR,4
TM,F2,31,1,10.0,NS-LU,4
TM,F2,31,2,10.0,EW-SR,4
TM,F2,31,3,10.0,EW-LU,4
TM,F2,32,0,59.0,NS-SR,4
TM,F2,32,1,11.0,NS-LU,4
TM,F2,32,2,10.0,EW-SR,4
TM,F2,32,3,10.0,EW-LU,4
TM,F2,33,0,58.0,NS-SR,4
TM,F2,33,1,11.0,NS-LU,4
TM,F2,33,2,11.0,EW-SR,4
TM,F2,33,3,10.0,EW-LU,4
TM,F2,34,0,57.0,NS-SR,4
TM,F2,34,1,11.0,NS-LU,4
TM,F2,34,2,11.0,EW-SR,4
TM,F2,34,3,11.0,EW-LU,4
TM,F2,35,0,57.0,NS-SR,4
TM,F2,35,1,11.0,NS-LU,4
TM,F2,35,2,11.0,EW-SR,4
TM,F2,35,3,11.0,EW-LU,4
TM,F2,36,0,57.0,NS-SR,4
TM,F2,36,1,11.0,NS-LU,4
TM,F2,36,2,11.0,EW-SR,4
TM,F2,36,3,11.0,EW-LU,4
TM,F2,37,0,57.0,NS-SR,4
TM,F2,37,1,11.0,NS-LU,4
TM,F2,37,2,11.0,EW-SR,4
TM,F2,37,3,11.0,EW-LU,4
TM,F2,38,0,57.0,NS-SR,4
TM,F2,38,1,11.0,NS-LU,4
TM,F2,38,2,11.0,EW-SR,4
TM,F2,38,3,11.0,EW-LU,4
TM,F2,39,0,57.0,NS-SR,4
TM,F2,39,1,11.0,NS-LU,4
TM,F2,39,2,11.0,EW-SR,4
TM,F2,39,3,11.0,EW-LU,4
TM,F2,40,0,57.0,NS-SR,4
TM,F2,40,1,11.0,NS-LU,4
TM,F2,40,2,11.0,EW-SR,4
TM,F2,40,3,11.0,EW-LU,4
TM,F2,41,0,57.0,NS-SR,4
TM,F2,41,1,11.0,NS-LU,4
TM,F2,41,2,11.0,EW-SR,4
TM,F2,41,3,11.0,EW-LU,4
TM,F2,42,0,60.0,NS-SR,4
TM,F2,42,1,10.0,NS-LU,4
TM,F2,42,2,10.0,EW-SR,4
TM,F2,42,3,10.0,EW-LU,4
TM,F2,43,0,59.0,NS-SR,4
TM,F2,43,1,11.0,NS-LU,4
TM,F2,43,2,10.0,EW-SR,4
TM,F2,43,3,10.0,EW-LU,4
TM,F2,44,0,58.0,NS-SR,4
TM,F2,44,1,11.0,NS-LU,4
TM,F2,44,2,11.0,EW-SR,4
TM,F2,44,3,10.0,EW-LU,4
TM,F2,45,0,57.0,NS-SR,4
TM,F2,45,1,11.0,NS-LU,4
TM,F2,45,2,11.0,EW-SR,4
TM,F2,45,3,11.0,EW-LU,4
TM,F2,46,0,57.0,NS-SR,4
TM,F2,46,1,11.0,NS-LU,4
TM,F2,46,2,11.0,EW-SR,4
TM,F2,46,3,11.0,EW-LU,4
TM,F2,47,0,57.0,NS-SR,4
TM,F2,47,1,11.0,NS-LU,4
TM,F2,47,2,11.0,EW-SR,4
TM,F2,47,3,11.0,EW-LU,4
TM,F2,48,0,57.0,NS-SR,4
TM,F2,48,1,11.0,NS-LU,4
TM,F2,48,2,11.0,EW-SR,4
TM,F2,48,3,11.0,EW-LU,4
TM,F2,49,0,57.0,NS-SR,4
TM,F2,49,1,11.0,NS-LU,4
TM,F2,49,2,11.0,EW-SR,4
TM,F2,49,3,11.0,EW-LU,4
TM,F2,50,0,57.0,NS-SR,4
TM,F2,50,1,11.0,NS-LU,4
TM,F2,50,2,11.0,EW-SR,4
TM,F2,50,3,11.0,EW-LU,4
TM,F2,51,0,57.0,NS-SR,4
TM,F2,51,1,11.0,NS-LU,4
TM,F2,51,2,11.0,EW-SR,4
TM,F2,51,3,11.0,EW-LU,4
TM,F2,52,0,57.0,NS-SR,4
TM,F2,52,1,11.0,NS-LU,4
TM,F2,52,2,11.0,EW-SR,4
TM,F2,52,3,11.0,EW-LU,4
TM,F2,53,0,57.0,NS-SR,4
TM,F2,53,1,11.0,NS-LU,4
TM,F2,53,2,11.0,EW-SR,4
TM,F2,53,3,11.0,EW-LU,4
TM,F2,54,0,57.0,NS-SR,4
TM,F2,54,1,11.0,NS-LU,4
TM,F2,54,2,11.0,EW-SR,4
TM,F2,54,3,11.0,EW-LU,4
TM,F2,55,0,57.0,NS-SR,4
TM,F2,55,1,11.0,NS-LU,4
TM,F2,55,2,11.0,EW-SR,4
TM,F2,55,3,11.0,EW-LU,4
TM,F2,56,0,57.0,NS-SR,4
TM,F2,56,1,11.0,NS-LU,4
TM,F2,56,2,11.0,EW-SR,4
TM,F2,56,3,11.0,EW-LU,4
TM,F2,57,0,57.0,NS-SR,4
TM,F2,57,1,11.0,NS-LU,4
TM,F2,57,2,11.0,EW-SR,4
TM,F2,57,3,11.0,EW-LU,4
TM,F2,58,0,57.0,NS-SR,4
TM,F2,58,1,11.0,NS-LU,4
TM,F2,58,2,11.0,EW-SR,4
TM,F2,58,3,11.0,EW-LU,4
TM,F2,59,0,57.0,NS-SR,4
TM,F2,59,1,11.0,NS-LU,4
TM,F2,59,2,11.0,EW-SR,4
TM,F2,59,3,11.0,EW-LU,4
TM,F2,60,0,57.0,NS-SR,4
TM,F2,60,1,11.0,NS-LU,4
TM,F2,60,2,11.0,EW-SR,4
TM,F2,60,3,11.0,EW-LU,4
TM,F2,61,0,57.0,NS-SR,4
TM,F2,61,1,11.0,NS-LU,4
TM,F2,61,2,11.0,EW-SR,4
TM,F2,61,3,11.0,EW-LU,4
TM,F2,62,0,57.0,NS-SR,4
TM,F2,62,1,11.0,NS-LU,4
TM,F2,62,2,11.0,EW-SR,4
TM,F2,62,3,11.0,EW-LU,4
TM,F2,63,0,57.0,NS-SR,4
TM,F2,63,1,11.0,NS-LU,4
TM,F2,63,2,11.0,EW-SR,4
TM,F2,63,3,11.0,EW-LU,4
TM,F2,64,0,57.0,NS-SR,4
TM,F2,64,1,11.0,NS-LU,4
TM,F2,64,2,11.0,EW-SR,4
TM,F2,64,3,11.0,EW-LU,4
TM,F2,65,0,57.0,NS-SR,4
TM,F2,65,1,11.0,NS-LU,4
TM,F2,65,2,11.0,EW-SR,4
TM,F2,65,3,11.0,EW-LU,4
TM,F2,66,0,57.0,NS-SR,4
TM,F2,66,1,11.0,NS-LU,4
TM,F2,66,2,11.0,EW-SR,4
TM,F2,66,3,11.0,EW-LU,4
TM,F2,67,0,57.0,NS-SR,4
TM,F2,67,1,11.0,NS-LU,4
TM,F2,67,2,11.0,EW-SR,4
TM,F2,67,3,11.0,EW-LU,4
TM,F2,68,0,57.0,NS-SR,4
TM,F2,68,1,11.0,NS-LU,4
TM,F2,68,2,11.0,EW-SR,4
TM,F2,68,3,11.0,EW-LU,4
TM,F2,69,0,57.0,NS-SR,4
TM,F2,69,1,11.0,NS-LU,4
TM,F2,69,2,11.0,EW-SR,4
TM,F2,69,3,11.0,EW-LU,4
TM,F2,70,0,52.0,NS-SR,4
TM,F2,70,1,11.0,NS-LU,4
TM,F2,70,2,10.0,EW-SR,4
TM,F2,70,3,17.0,EW-LU,4
TM,F2,71,0,52.0,NS-SR,4
TM,F2,71,1,11.0,NS-LU,4
TM,F2,71,2,11.0,EW-SR,4
TM,F2,71,3,16.0,EW-LU,4
TM,F2,72,0,52.0,NS-SR,4
TM,F2,72,1,12.0,NS-LU,4
TM,F2,72,2,11.0,EW-SR,4
TM,F2,72,3,15.0,EW-LU,4
TM,F2,73,0,52.0,NS-SR,4
TM,F2,73,1,12.0,NS-LU,4
TM,F2,73,2,12.0,EW-SR,4
TM,F2,73,3,14.0,EW-LU,4
TM,F2,74,0,52.0,NS-SR,4
TM,F2,74,1,12.0,NS-LU,4
TM,F2,74,2,12.0,EW-SR,4
TM,F2,74,3,14.0,EW-LU,4
TM,F2,75,0,52.0,NS-SR,4
TM,F2,75,1,12.0,NS-LU,4
TM,F2,75,2,12.0,EW-SR,4
TM,F2,75,3,14.0,EW-LU,4
TM,F2,76,0,52.0,NS-SR,4
TM,F2,76,1,12.0,NS-LU,4
TM,F2,76,2,12.0,EW-SR,4
TM,F2,76,3,14.0,EW-LU,4
TM,F2,77,0,52.0,NS-SR,4
TM,F2,77,1,12.0,NS-LU,4
TM,F2,77,2,12.0,EW-SR,4
TM,F2,77,3,14.0,EW-LU,4
TM,F2,78,0,59.0,NS-SR,4
TM,F2,78,1,11.0,NS-LU,4
TM,F2,78,2,10.0,EW-SR,4
TM,F2,78,3,10.0,EW-LU,4
TM,F2,79,0,26.0,NS-SR,4
TM,F2,79,1,22.0,NS-LU,4
TM,F2,79,2,21.0,EW-SR,4
TM,F2,79,3,21.0,EW-LU,4
TM,F2,80,0,32.0,NS-SR,4
TM,F2,80,1,20.0,NS-LU,4
TM,F2,80,2,19.0,EW-SR,4
TM,F2,80,3,19.0,EW-LU,4
TM,F1,0,0,22.0,NS-SR,4
TM,F1,0,1,23.0,NS-LU,4
TM,F1,0,2,22.0,EW-SR,4
TM,F1,0,3,23.0,EW-LU,4
TM,F1,1,0,23.0,NS-SR,4
TM,F1,1,1,23.0,NS-LU,4
TM,F1,1,2,22.0,EW-SR,4
TM,F1,1,3,22.0,EW-LU,4
TM,F1,2,0,23.0,NS-SR,4
TM,F1,2,1,23.0,NS-LU,4
TM,F1,2,2,22.0,EW-SR,4
TM,F1,2,3,22.0,EW-LU,4
TM,F1,3,0,23.0,NS-SR,4
TM,F1,3,1,23.0,NS-LU,4
TM,F1,3,2,22.0,EW-SR,4
TM,F1,3,3,22.0,EW-LU,4
TM,F1,4,0,23.0,NS-SR,4
TM,F1,4,1,23.0,NS-LU,4
TM,F1,4,2,22.0,EW-SR,4
TM,F1,4,3,22.0,EW-LU,4
TM,F1,5,0,23.0,NS-SR,4
TM,F1,5,1,23.0,NS-LU,4
TM,F1,5,2,22.0,EW-SR,4
TM,F1,5,3,22.0,EW-LU,4
TM,F1,6,0,23.0,NS-SR,4
TM,F1,6,1,23.0,NS-LU,4
TM,F1,6,2,22.0,EW-SR,4
TM,F1,6,3,22.0,EW-LU,4
TM,F1,7,0,23.0,NS-SR,4
TM,F1,7,1,23.0,NS-LU,4
TM,F1,7,2,22.0,EW-SR,4
TM,F1,7,3,22.0,EW-LU,4
TM,F1,8,0,23.0,NS-SR,4
TM,F1,8,1,23.0,NS-LU,4
TM,F1,8,2,22.0,EW-SR,4
TM,F1,8,3,22.0,EW-LU,4
TM,F1,9,0,23.0,NS-SR,4
TM,F1,9,1,23.0,NS-LU,4
TM,F1,9,2,22.0,EW-SR,4
TM,F1,9,3,22.0,EW-LU,4
TM,F1,10,0,23.0,NS-SR,4
TM,F1,10,1,23.0,NS-LU,4
TM,F1,10,2,22.0,EW-SR,4
TM,F1,10,3,22.0,EW-LU,4
TM,F1,11,0,23.0,NS-SR,4
TM,F1,11,1,23.0,NS-LU,4
TM,F1,11,2,22.0,EW-SR,4
TM,F1,11,3,22.0,EW-LU,4
TM,F1,12,0,23.0,NS-SR,4
TM,F1,12,1,23.0,NS-LU,4
TM,F1,12,2,22.0,EW-SR,4
TM,F1,12,3,22.0,EW-LU,4
TM,F1,13,0,23.0,NS-SR,4
TM,F1,13,1,23.0,NS-LU,4
TM,F1,13,2,22.0,EW-SR,4
TM,F1,13,3,22.0,EW-LU,4
TM,F1,14,0,29.0,NS-SR,4
TM,F1,14,1,21.0,NS-LU,4
TM,F1,14,2,20.0,EW-SR,4
TM,F1,14,3,20.0,EW-LU,4
TM,F1,15,0,29.0,NS-SR,4
TM,F1,15,1,21.0,NS-LU,4
TM,F1,15,2,20.0,EW-SR,4
TM,F1,15,3,20.0,EW-LU,4
TM,F1,16,0,29.0,NS-SR,4
TM,F1,16,1,21.0,NS-LU,4
TM,F1,16,2,20.0,EW-SR,4
TM,F1,16,3,20.0,EW-LU,4
TM,F1,17,0,29.0,NS-SR,4
TM,F1,17,1,21.0,NS-LU,4
TM,F1,17,2,20.0,EW-SR,4
TM,F1,17,3,20.0,EW-LU,4
TM,F1,18,0,29.0,NS-SR,4
TM,F1,18,1,21.0,NS-LU,4
TM,F1,18,2,20.0,EW-SR,4
TM,F1,18,3,20.0,EW-LU,4
TM,F1,19,0,29.0,NS-SR,4
TM,F1,19,1,21.0,NS-LU,4
TM,F1,19,2,20.0,EW-SR,4
TM,F1,19,3,20.0,EW-LU,4
TM,F1,20,0,29.0,NS-SR,4
TM,F1,20,1,21.0,NS-LU,4
TM,F1,20,2,20.0,EW-SR,4
TM,F1,20,3,20.0,EW-LU,4
TM,F1,21,0,29.0,NS-SR,4
TM,F1,21,1,21.0,NS-LU,4
TM,F1,21,2,20.0,EW-SR,4
TM,F1,21,3,20.0,EW-LU,4
TM,F1,22,0,29.0,NS-SR,4
TM,F1,22,1,21.0,NS-LU,4
TM,F1,22,2,20.0,EW-SR,4
TM,F1,22,3,20.0,EW-LU,4
TM,F1,23,0,29.0,NS-SR,4
TM,F1,23,1,21.0,NS-LU,4
TM,F1,23,2,20.0,EW-SR,4
TM,F1,23,3,20.0,EW-LU,4
TM,F1,24,0,29.0,NS-SR,4
TM,F1,24,1,21.0,NS-LU,4
TM,F1,24,2,20.0,EW-SR,4
TM,F1,24,3,20.0,EW-LU,4
TM,F1,25,0,29.0,NS-SR,4
TM,F1,25,1,21.0,NS-LU,4
TM,F1,25,2,20.0,EW-SR,4
TM,F1,25,3,20.0,EW-LU,4
TM,F1,26,0,29.0,NS-SR,4
TM,F1,26,1,21.0,NS-LU,4
TM,F1,26,2,20.0,EW-SR,4
TM,F1,26,3,20.0,EW-LU,4
TM,F1,27,0,29.0,NS-SR,4
TM,F1,27,1,21.0,NS-LU,4
TM,F1,27,2,20.0,EW-SR,4
TM,F1,27,3,20.0,EW-LU,4
TM,F1,28,0,29.0,NS-SR,4
TM,F1,28,1,21.0,NS-LU,4
TM,F1,28,2,20.0,EW-SR,4
TM,F1,28,3,20.0,EW-LU,4
TM,F1,29,0,29.0,NS-SR,4
TM,F1,29,1,21.0,NS-LU,4
TM,F1,29,2,20.0,EW-SR,4
TM,F1,29,3,20.0,EW-LU,4
TM,F1,30,0,38.0,NS-SR,4
TM,F1,30,1,18.0,NS-LU,4
TM,F1,30,2,17.0,EW-SR,4
TM,F1,30,3,17.0,EW-LU,4
TM,F1,31,0,47.0,NS-SR,4
TM,F1,31,1,15.0,NS-LU,4
TM,F1,31,2,14.0,EW-SR,4
TM,F1,31,3,14.0,EW-LU,4
TM,F1,32,0,47.0,NS-SR,4
TM,F1,32,1,15.0,NS-LU,4
TM,F1,32,2,14.0,EW-SR,4
TM,F1,32,3,14.0,EW-LU,4
TM,F1,33,0,47.0,NS-SR,4
TM,F1,33,1,15.0,NS-LU,4
TM,F1,33,2,14.0,EW-SR,4
TM,F1,33,3,14.0,EW-LU,4
TM,F1,34,0,47.0,NS-SR,4
TM,F1,34,1,15.0,NS-LU,4
TM,F1,34,2,14.0,EW-SR,4
TM,F1,34,3,14.0,EW-LU,4
TM,F1,35,0,47.0,NS-SR,4
TM,F1,35,1,15.0,NS-LU,4
TM,F1,35,2,14.0,EW-SR,4
TM,F1,35,3,14.0,EW-LU,4
TM,F1,36,0,47.0,NS-SR,4
TM,F1,36,1,15.0,NS-LU,4
TM,F1,36,2,14.0,EW-SR,4
TM,F1,36,3,14.0,EW-LU,4
TM,F1,37,0,47.0,NS-SR,4
TM,F1,37,1,15.0,NS-LU,4
TM,F1,37,2,14.0,EW-SR,4
TM,F1,37,3,14.0,EW-LU,4
TM,F1,38,0,47.0,NS-SR,4
TM,F1,38,1,15.0,NS-LU,4
TM,F1,38,2,14.0,EW-SR,4
TM,F1,38,3,14.0,EW-LU,4
TM,F1,39,0,47.0,NS-SR,4
TM,F1,39,1,15.0,NS-LU,4
TM,F1,39,2,14.0,EW-SR,4
TM,F1,39,3,14.0,EW-LU,4
TM,F1,40,0,47.0,NS-SR,4
TM,F1,40,1,15.0,NS-LU,4
TM,F1,40,2,14.0,EW-SR,4
TM,F1,40,3,14.0,EW-LU,4
TM,F1,41,0,47.0,NS-SR,4
TM,F1,41,1,15.0,NS-LU,4
TM,F1,41,2,14.0,EW-SR,4
TM,F1,41,3,14.0,EW-LU,4
TM,F1,42,0,47.0,NS-SR,4
TM,F1,42,1,15.0,NS-LU,4
TM,F1,42,2,14.0,EW-SR,4
TM,F1,42,3,14.0,EW-LU,4
TM,F1,43,0,47.0,NS-SR,4
TM,F1,43,1,15.0,NS-LU,4
TM,F1,43,2,14.0,EW-SR,4
TM,F1,43,3,14.0,EW-LU,4
TM,F1,44,0,47.0,NS-SR,4
TM,F1,44,1,15.0,NS-LU,4
TM,F1,44,2,14.0,EW-SR,4
TM,F1,44,3,14.0,EW-LU,4
TM,F1,45,0,47.0,NS-SR,4
TM,F1,45,1,15.0,NS-LU,4
TM,F1,45,2,14.0,EW-SR,4
TM,F1,45,3,14.0,EW-LU,4
TM,F1,46,0,47.0,NS-SR,4
TM,F1,46,1,15.0,NS-LU,4
TM,F1,46,2,14.0,EW-SR,4
TM,F1,46,3,14.0,EW-LU,4
TM,F1,47,0,47.0,NS-SR,4
TM,F1,47,1,15.0,NS-LU,4
TM,F1,47,2,14.0,EW-SR,4
TM,F1,47,3,14.0,EW-LU,4
TM,F1,48,0,47.0,NS-SR,4
TM,F1,48,1,15.0,NS-LU,4
TM,F1,48,2,14.0,EW-SR,4
TM,F1,48,3,14.0,EW-LU,4
TM,F1,49,0,47.0,NS-SR,4
TM,F1,49,1,15.0,NS-LU,4
TM,F1,49,2,14.0,EW-SR,4
TM,F1,49,3,14.0,EW-LU,4
TM,F1,50,0,47.0,NS-SR,4
TM,F1,50,1,15.0,NS-LU,4
TM,F1,50,2,14.0,EW-SR,4
TM,F1,50,3,14.0,EW-LU,4
TM,F1,51,0,47.0,NS-SR,4
TM,F1,51,1,15.0,NS-LU,4
TM,F1,51,2,14.0,EW-SR,4
TM,F1,51,3,14.0,EW-LU,4
TM,F1,52,0,47.0,NS-SR,4
TM,F1,52,1,15.0,NS-LU,4
TM,F1,52,2,14.0,EW-SR,4
TM,F1,52,3,14.0,EW-LU,4
TM,F1,53,0,47.0,NS-SR,4
TM,F1,53,1,15.0,NS-LU,4
TM,F1,53,2,14.0,EW-SR,4
TM,F1,53,3,14.0,EW-LU,4
TM,F1,54,0,47.0,NS-SR,4
TM,F1,54,1,15.0,NS-LU,4
TM,F1,54,2,14.0,EW-SR,4
TM,F1,54,3,14.0,EW-LU,4
TM,F1,55,0,47.0,NS-SR,4
TM,F1,55,1,15.0,NS-LU,4
TM,F1,55,2,14.0,EW-SR,4
TM,F1,55,3,14.0,EW-LU,4
TM,F1,56,0,47.0,NS-SR,4
TM,F1,56,1,15.0,NS-LU,4
TM,F1,56,2,14.0,EW-SR,4
TM,F1,56,3,14.0,EW-LU,4
TM,F1,57,0,47.0,NS-SR,4
TM,F1,57,1,15.0,NS-LU,4
TM,F1,57,2,14.0,EW-SR,4
TM,F1,57,3,14.0,EW-LU,4
TM,F1,58,0,47.0,NS-SR,4
TM,F1,58,1,15.0,NS-LU,4
TM,F1,58,2,14.0,EW-SR,4
TM,F1,58,3,14.0,EW-LU,4
TM,F1,59,0,47.0,NS-SR,4
TM,F1,59,1,15.0,NS-LU,4
TM,F1,59,2,14.0,EW-SR,4
TM,F1,59,3,14.0,EW-LU,4
TM,F1,60,0,47.0,NS-SR,4
TM,F1,60,1,15.0,NS-LU,4
TM,F1,60,2,14.0,EW-SR,4
TM,F1,60,3,14.0,EW-LU,4
TM,F1,61,0,47.0,NS-SR,4
TM,F1,61,1,15.0,NS-LU,4
TM,F1,61,2,14.0,EW-SR,4
TM,F1,61,3,14.0,EW-LU,4
TM,F1,62,0,47.0,NS-SR,4
TM,F1,62,1,15.0,NS-LU,4
TM,F1,62,2,14.0,EW-SR,4
TM,F1,62,3,14.0,EW-LU,4
TM,F1,63,0,47.0,NS-SR,4
TM,F1,63,1,15.0,NS-LU,4
TM,F1,63,2,14.0,EW-SR,4
TM,F1,63,3,14.0,EW-LU,4
TM,F1,64,0,47.0,NS-SR,4
TM,F1,64,1,15.0,NS-LU,4
TM,F1,64,2,14.0,EW-SR,4
TM,F1,64,3,14.0,EW-LU,4
TM,F1,65,0,47.0,NS-SR,4
TM,F1,65,1,15.0,NS-LU,4
TM,F1,65,2,14.0,EW-SR,4
TM,F1,65,3,14.0,EW-LU,4
TM,F1,66,0,47.0,NS-SR,4
TM,F1,66,1,15.0,NS-LU,4
TM,F1,66,2,14.0,EW-SR,4
TM,F1,66,3,14.0,EW-LU,4
TM,F1,67,0,47.0,NS-SR,4
TM,F1,67,1,15.0,NS-LU,4
TM,F1,67,2,14.0,EW-SR,4
TM,F1,67,3,14.0,EW-LU,4
TM,F1,68,0,47.0,NS-SR,4
TM,F1,68,1,15.0,NS-LU,4
TM,F1,68,2,14.0,EW-SR,4
TM,F1,68,3,14.0,EW-LU,4
TM,F1,69,0,47.0,NS-SR,4
TM,F1,69,1,15.0,NS-LU,4
TM,F1,69,2,14.0,EW-SR,4
TM,F1,69,3,14.0,EW-LU,4
TM,F1,70,0,47.0,NS-SR,4
TM,F1,70,1,15.0,NS-LU,4
TM,F1,70,2,14.0,EW-SR,4
TM,F1,70,3,14.0,EW-LU,4
TM,F1,71,0,47.0,NS-SR,4
TM,F1,71,1,15.0,NS-LU,4
TM,F1,71,2,14.0,EW-SR,4
TM,F1,71,3,14.0,EW-LU,4
TM,F1,72,0,47.0,NS-SR,4
TM,F1,72,1,15.0,NS-LU,4
TM,F1,72,2,14.0,EW-SR,4
TM,F1,72,3,14.0,EW-LU,4
TM,F1,73,0,47.0,NS-SR,4
TM,F1,73,1,15.0,NS-LU,4
TM,F1,73,2,14.0,EW-SR,4
TM,F1,73,3,14.0,EW-LU,4
TM,F1,74,0,47.0,NS-SR,4
TM,F1,74,1,15.0,NS-LU,4
TM,F1,74,2,14.0,EW-SR,4
TM,F1,74,3,14.0,EW-LU,4
TM,F1,75,0,47.0,NS-SR,4
TM,F1,75,1,15.0,NS-LU,4
TM,F1,75,2,14.0,EW-SR,4
TM,F1,75,3,14.0,EW-LU,4
TM,F1,76,0,47.0,NS-SR,4
TM,F1,76,1,15.0,NS-LU,4
TM,F1,76,2,14.0,EW-SR,4
TM,F1,76,3,14.0,EW-LU,4
TM,F1,77,0,47.0,NS-SR,4
TM,F1,77,1,15.0,NS-LU,4
TM,F1,77,2,14.0,EW-SR,4
TM,F1,77,3,14.0,EW-LU,4
TM,F1,78,0,47.0,NS-SR,4
TM,F1,78,1,15.0,NS-LU,4
TM,F1,78,2,14.0,EW-SR,4
TM,F1,78,3,14.0,EW-LU,4
TM,F1,79,0,47.0,NS-SR,4
TM,F1,79,1,15.0,NS-LU,4
TM,F1,79,2,14.0,EW-SR,4
TM,F1,79,3,14.0,EW-LU,4
TM,F1,80,0,47.0,NS-SR,4
TM,F1,80,1,15.0,NS-LU,4
TM,F1,80,2,14.0,EW-SR,4
TM,F1,80,3,14.0,EW-LU,4
TM,C3,0,0,22.0,NS-SR,4
TM,C3,0,1,23.0,NS-LU,4
TM,C3,0,2,22.0,EW-SR,4
TM,C3,0,3,23.0,EW-LU,4
TM,C3,1,0,23.0,NS-SR,4
TM,C3,1,1,23.0,NS-LU,4
TM,C3,1,2,22.0,EW-SR,4
TM,C3,1,3,22.0,EW-LU,4
TM,C3,2,0,23.0,NS-SR,4
TM,C3,2,1,23.0,NS-LU,4
TM,C3,2,2,22.0,EW-SR,4
TM,C3,2,3,22.0,EW-LU,4
TM,C3,3,0,26.0,NS-SR,4
TM,C3,3,1,23.0,NS-LU,4
TM,C3,3,2,21.0,EW-SR,4
TM,C3,3,3,20.0,EW-LU,4
TM,C3,4,0,34.0,NS-SR,4
TM,C3,4,1,25.0,NS-LU,4
TM,C3,4,2,16.0,EW-SR,4
TM,C3,4,3,15.0,EW-LU,4
TM,C3,5,0,38.0,NS-SR,4
TM,C3,5,1,22.0,NS-LU,4
TM,C3,5,2,12.0,EW-SR,4
TM,C3,5,3,18.0,EW-LU,4
TM,C3,6,0,40.0,NS-SR,4
TM,C3,6,1,19.0,NS-LU,4
TM,C3,6,2,10.0,EW-SR,4
TM,C3,6,3,21.0,EW-LU,4
TM,C3,7,0,45.0,NS-SR,4
TM,C3,7,1,18.0,NS-LU,4
TM,C3,7,2,10.0,EW-SR,4
TM,C3,7,3,17.0,EW-LU,4
TM,C3,8,0,45.0,NS-SR,4
TM,C3,8,1,24.0,NS-LU,4
TM,C3,8,2,10.0,EW-SR,4
TM,C3,8,3,11.0,EW-LU,4
TM,C3,9,0,48.0,NS-SR,4
TM,C3,9,1,22.0,NS-LU,4
TM,C3,9,2,10.0,EW-SR,4
TM,C3,9,3,10.0,EW-LU,4
TM,C3,10,0,49.0,NS-SR,4
TM,C3,10,1,21.0,NS-LU,4
TM,C3,10,2,10.0,EW-SR,4
TM,C3,10,3,10.0,EW-LU,4
TM,C3,11,0,51.0,NS-SR,4
TM,C3,11,1,19.0,NS-LU,4
TM,C3,11,2,10.0,EW-SR,4
TM,C3,11,3,10.0,EW-LU,4
TM,C3,12,0,50.0,NS-SR,4
TM,C3,12,1,20.0,NS-LU,4
TM,C3,12,2,10.0,EW-SR,4
TM,C3,12,3,10.0,EW-LU,4
TM,C3,13,0,47.0,NS-SR,4
TM,C3,13,1,19.0,NS-LU,4
TM,C3,13,2,11.0,EW-SR,4
TM,C3,13,3,13.0,EW-LU,4
TM,C3,14,0,41.0,NS-SR,4
TM,C3,14,1,21.0,NS-LU,4
TM,C3,14,2,14.0,EW-SR,4
TM,C3,14,3,14.0,EW-LU,4
TM,C3,15,0,43.0,NS-SR,4
TM,C3,15,1,27.0,NS-LU,4
TM,C3,15,2,10.0,EW-SR,4
TM,C3,15,3,10.0,EW-LU,4
TM,C3,16,0,41.0,NS-SR,4
TM,C3,16,1,23.0,NS-LU,4
TM,C3,16,2,12.0,EW-SR,4
TM,C3,16,3,14.0,EW-LU,4
TM,C3,17,0,40.0,NS-SR,4
TM,C3,17,1,21.0,NS-LU,4
TM,C3,17,2,13.0,EW-SR,4
TM,C3,17,3,16.0,EW-LU,4
TM,C3,18,0,39.0,NS-SR,4
TM,C3,18,1,22.0,NS-LU,4
TM,C3,18,2,12.0,EW-SR,4
TM,C3,18,3,17.0,EW-LU,4
TM,C3,19,0,39.0,NS-SR,4
TM,C3,19,1,21.0,NS-LU,4
TM,C3,19,2,11.0,EW-SR,4
TM,C3,19,3,19.0,EW-LU,4
TM,C3,20,0,42.0,NS-SR,4
TM,C3,20,1,18.0,NS-LU,4
TM,C3,20,2,12.0,EW-SR,4
TM,C3,20,3,18.0,EW-LU,4
TM,C3,21,0,44.0,NS-SR,4
TM,C3,21,1,17.0,NS-LU,4
TM,C3,21,2,12.0,EW-SR,4
TM,C3,21,3,17.0,EW-LU,4
TM,C3,22,0,42.0,NS-SR,4
TM,C3,22,1,19.0,NS-LU,4
TM,C3,22,2,12.0,EW-SR,4
TM,C3,22,3,17.0,EW-LU,4
TM,C3,23,0,33.0,NS-SR,4
TM,C3,23,1,23.0,NS-LU,4
TM,C3,23,2,16.0,EW-SR,4
TM,C3,23,3,18.0,EW-LU,4
TM,C3,24,0,30.0,NS-SR,4
TM,C3,24,1,26.0,NS-LU,4
TM,C3,24,2,15.0,EW-SR,4
TM,C3,24,3,19.0,EW-LU,4
TM,C3,25,0,37.0,NS-SR,4
TM,C3,25,1,22.0,NS-LU,4
TM,C3,25,2,14.0,EW-SR,4
TM,C3,25,3,17.0,EW-LU,4
TM,C3,26,0,48.0,NS-SR,4
TM,C3,26,1,20.0,NS-LU,4
TM,C3,26,2,11.0,EW-SR,4
TM,C3,26,3,11.0,EW-LU,4
TM,C3,27,0,53.0,NS-SR,4
TM,C3,27,1,17.0,NS-LU,4
TM,C3,27,2,10.0,EW-SR,4
TM,C3,27,3,10.0,EW-LU,4
TM,C3,28,0,51.0,NS-SR,4
TM,C3,28,1,14.0,NS-LU,4
TM,C3,28,2,12.0,EW-SR,4
TM,C3,28,3,13.0,EW-LU,4
TM,C3,29,0,50.0,NS-SR,4
TM,C3,29,1,14.0,NS-LU,4
TM,C3,29,2,13.0,EW-SR,4
TM,C3,29,3,13.0,EW-LU,4
TM,C3,30,0,48.0,NS-SR,4
TM,C3,30,1,14.0,NS-LU,4
TM,C3,30,2,14.0,EW-SR,4
TM,C3,30,3,14.0,EW-LU,4
TM,C3,31,0,52.0,NS-SR,4
TM,C3,31,1,18.0,NS-LU,4
TM,C3,31,2,10.0,EW-SR,4
TM,C3,31,3,10.0,EW-LU,4
TM,C3,32,0,51.0,NS-SR,4
TM,C3,32,1,19.0,NS-LU,4
TM,C3,32,2,10.0,EW-SR,4
TM,C3,32,3,10.0,EW-LU,4
TM,C3,33,0,45.0,NS-SR,4
TM,C3,33,1,19.0,NS-LU,4
TM,C3,33,2,11.0,EW-SR,4
TM,C3,33,3,15.0,EW-LU,4
TM,C3,34,0,41.0,NS-SR,4
TM,C3,34,1,21.0,NS-LU,4
TM,C3,34,2,10.0,EW-SR,4
TM,C3,34,3,18.0,EW-LU,4
TM,C3,35,0,45.0,NS-SR,4
TM,C3,35,1,23.0,NS-LU,4
TM,C3,35,2,10.0,EW-SR,4
TM,C3,35,3,12.0,EW-LU,4
TM,C3,36,0,44.0,NS-SR,4
TM,C3,36,1,19.0,NS-LU,4
TM,C3,36,2,13.0,EW-SR,4
TM,C3,36,3,14.0,EW-LU,4
TM,C3,37,0,46.0,NS-SR,4
TM,C3,37,1,16.0,NS-LU,4
TM,C3,37,2,13.0,EW-SR,4
TM,C3,37,3,15.0,EW-LU,4
TM,C3,38,0,47.0,NS-SR,4
TM,C3,38,1,15.0,NS-LU,4
TM,C3,38,2,13.0,EW-SR,4
TM,C3,38,3,15.0,EW-LU,4
TM,C3,39,0,45.0,NS-SR,4
TM,C3,39,1,17.0,NS-LU,4
TM,C3,39,2,12.0,EW-SR,4
TM,C3,39,3,16.0,EW-LU,4
TM,C3,40,0,43.0,NS-SR,4
TM,C3,40,1,19.0,NS-LU,4
TM,C3,40,2,13.0,EW-SR,4
TM,C3,40,3,15.0,EW-LU,4
TM,C3,41,0,43.0,NS-SR,4
TM,C3,41,1,18.0,NS-LU,4
TM,C3,41,2,14.0,EW-SR,4
TM,C3,41,3,15.0,EW-LU,4
TM,C3,42,0,43.0,NS-SR,4
TM,C3,42,1,18.0,NS-LU,4
TM,C3,42,2,17.0,EW-SR,4
TM,C3,42,3,12.0,EW-LU,4
TM,C3,43,0,42.0,NS-SR,4
TM,C3,43,1,19.0,NS-LU,4
TM,C3,43,2,16.0,EW-SR,4
TM,C3,43,3,13.0,EW-LU,4
TM,C3,44,0,35.0,NS-SR,4
TM,C3,44,1,22.0,NS-LU,4
TM,C3,44,2,16.0,EW-SR,4
TM,C3,44,3,17.0,EW-LU,4
TM,C3,45,0,32.0,NS-SR,4
TM,C3,45,1,24.0,NS-LU,4
TM,C3,45,2,16.0,EW-SR,4
TM,C3,45,3,18.0,EW-LU,4
TM,C3,46,0,40.0,NS-SR,4
TM,C3,46,1,19.0,NS-LU,4
TM,C3,46,2,14.0,EW-SR,4
TM,C3,46,3,17.0,EW-LU,4
TM,C3,47,0,41.0,NS-SR,4
TM,C3,47,1,26.0,NS-LU,4
TM,C3,47,2,11.0,EW-SR,4
TM,C3,47,3,12.0,EW-LU,4
TM,C3,48,0,39.0,NS-SR,4
TM,C3,48,1,31.0,NS-LU,4
TM,C3,48,2,10.0,EW-SR,4
TM,C3,48,3,10.0,EW-LU,4
TM,C3,49,0,33.0,NS-SR,4
TM,C3,49,1,30.0,NS-LU,4
TM,C3,49,2,12.0,EW-SR,4
TM,C3,49,3,15.0,EW-LU,4
TM,C3,50,0,31.0,NS-SR,4
TM,C3,50,1,30.0,NS-LU,4
TM,C3,50,2,13.0,EW-SR,4
TM,C3,50,3,16.0,EW-LU,4
TM,C3,51,0,32.0,NS-SR,4
TM,C3,51,1,29.0,NS-LU,4
TM,C3,51,2,14.0,EW-SR,4
TM,C3,51,3,15.0,EW-LU,4
TM,C3,52,0,33.0,NS-SR,4
TM,C3,52,1,28.0,NS-LU,4
TM,C3,52,2,13.0,EW-SR,4
TM,C3,52,3,16.0,EW-LU,4
TM,C3,53,0,41.0,NS-SR,4
TM,C3,53,1,27.0,NS-LU,4
TM,C3,53,2,11.0,EW-SR,4
TM,C3,53,3,11.0,EW-LU,4
TM,C3,54,0,46.0,NS-SR,4
TM,C3,54,1,17.0,NS-LU,4
TM,C3,54,2,13.0,EW-SR,4
TM,C3,54,3,14.0,EW-LU,4
TM,C3,55,0,47.0,NS-SR,4
TM,C3,55,1,15.0,NS-LU,4
TM,C3,55,2,13.0,EW-SR,4
TM,C3,55,3,15.0,EW-LU,4
TM,C3,56,0,45.0,NS-SR,4
TM,C3,56,1,18.0,NS-LU,4
TM,C3,56,2,12.0,EW-SR,4
TM,C3,56,3,15.0,EW-LU,4
TM,C3,57,0,43.0,NS-SR,4
TM,C3,57,1,18.0,NS-LU,4
TM,C3,57,2,13.0,EW-SR,4
TM,C3,57,3,16.0,EW-LU,4
TM,C3,58,0,42.0,NS-SR,4
TM,C3,58,1,19.0,NS-LU,4
TM,C3,58,2,14.0,EW-SR,4
TM,C3,58,3,15.0,EW-LU,4
TM,C3,59,0,42.0,NS-SR,4
TM,C3,59,1,19.0,NS-LU,4
TM,C3,59,2,13.0,EW-SR,4
TM,C3,59,3,16.0,EW-LU,4
TM,C3,60,0,42.0,NS-SR,4
TM,C3,60,1,19.0,NS-LU,4
TM,C3,60,2,13.0,EW-SR,4
TM,C3,60,3,16.0,EW-LU,4
TM,C3,61,0,41.0,NS-SR,4
TM,C3,61,1,20.0,NS-LU,4
TM,C3,61,2,13.0,EW-SR,4
TM,C3,61,3,16.0,EW-LU,4
TM,C3,62,0,40.0,NS-SR,4
TM,C3,62,1,20.0,NS-LU,4
TM,C3,62,2,12.0,EW-SR,4
TM,C3,62,3,18.0,EW-LU,4
TM,C3,63,0,40.0,NS-SR,4
TM,C3,63,1,20.0,NS-LU,4
TM,C3,63,2,14.0,EW-SR,4
TM,C3,63,3,16.0,EW-LU,4
TM,C3,64,0,39.0,NS-SR,4
TM,C3,64,1,21.0,NS-LU,4
TM,C3,64,2,14.0,EW-SR,4
TM,C3,64,3,16.0,EW-LU,4
TM,C3,65,0,38.0,NS-SR,4
TM,C3,65,1,22.0,NS-LU,4
TM,C3,65,2,14.0,EW-SR,4
TM,C3,65,3,16.0,EW-LU,4
TM,C3,66,0,36.0,NS-SR,4
TM,C3,66,1,24.0,NS-LU,4
TM,C3,66,2,13.0,EW-SR,4
TM,C3,66,3,17.0,EW-LU,4
TM,C3,67,0,34.0,NS-SR,4
TM,C3,67,1,26.0,NS-LU,4
TM,C3,67,2,13.0,EW-SR,4
TM,C3,67,3,17.0,EW-LU,4
TM,C3,68,0,35.0,NS-SR,4
TM,C3,68,1,25.0,NS-LU,4
TM,C3,68,2,13.0,EW-SR,4
TM,C3,68,3,17.0,EW-LU,4
TM,C3,69,0,37.0,NS-SR,4
TM,C3,69,1,23.0,NS-LU,4
TM,C3,69,2,13.0,EW-SR,4
TM,C3,69,3,17.0,EW-LU,4
TM,C3,70,0,37.0,NS-SR,4
TM,C3,70,1,23.0,NS-LU,4
TM,C3,70,2,13.0,EW-SR,4
TM,C3,70,3,17.0,EW-LU,4
TM,C3,71,0,33.0,NS-SR,4
TM,C3,71,1,27.0,NS-LU,4
TM,C3,71,2,13.0,EW-SR,4
TM,C3,71,3,17.0,EW-LU,4
TM,C3,72,0,29.0,NS-SR,4
TM,C3,72,1,31.0,NS-LU,4
TM,C3,72,2,13.0,EW-SR,4
TM,C3,72,3,17.0,EW-LU,4
TM,C3,73,0,29.0,NS-SR,4
TM,C3,73,1,31.0,NS-LU,4
TM,C3,73,2,13.0,EW-SR,4
TM,C3,73,3,17.0,EW-LU,4
TM,C3,74,0,31.0,NS-SR,4
TM,C3,74,1,29.0,NS-LU,4
TM,C3,74,2,13.0,EW-SR,4
TM,C3,74,3,17.0,EW-LU,4
TM,C3,75,0,31.0,NS-SR,4
TM,C3,75,1,29.0,NS-LU,4
TM,C3,75,2,13.0,EW-SR,4
TM,C3,75,3,17.0,EW-LU,4
TM,C3,76,0,31.0,NS-SR,4
TM,C3,76,1,29.0,NS-LU,4
TM,C3,76,2,14.0,EW-SR,4
TM,C3,76,3,16.0,EW-LU,4
TM,C3,77,0,33.0,NS-SR,4
TM,C3,77,1,27.0,NS-LU,4
TM,C3,77,2,14.0,EW-SR,4
TM,C3,77,3,16.0,EW-LU,4
TM,C3,78,0,38.0,NS-SR,4
TM,C3,78,1,22.0,NS-LU,4
TM,C3,78,2,14.0,EW-SR,4
TM,C3,78,3,16.0,EW-LU,4
TM,C3,79,0,44.0,NS-SR,4
TM,C3,79,1,16.0,NS-LU,4
TM,C3,79,2,15.0,EW-SR,4
TM,C3,79,3,15.0,EW-LU,4
TM,C3,80,0,43.0,NS-SR,4
TM,C3,80,1,18.0,NS-LU,4
TM,C3,80,2,13.0,EW-SR,4
TM,C3,80,3,16.0,EW-LU,4
TM,F0,0,0,30.0,NS-SR,3
TM,F0,0,1,30.0,NS-LU,3
TM,F0,0,2,30.0,EW-LU,3
TM,F0,1,0,30.0,NS-SR,3
TM,F0,1,1,30.0,NS-LU,3
TM,F0,1,2,30.0,EW-LU,3
TM,F0,2,0,30.0,NS-SR,3
TM,F0,2,1,30.0,NS-LU,3
TM,F0,2,2,30.0,EW-LU,3
TM,F0,3,0,30.0,NS-SR,3
TM,F0,3,1,30.0,NS-LU,3
TM,F0,3,2,30.0,EW-LU,3
TM,F0,4,0,30.0,NS-SR,3
TM,F0,4,1,30.0,NS-LU,3
TM,F0,4,2,30.0,EW-LU,3
TM,F0,5,0,30.0,NS-SR,3
TM,F0,5,1,30.0,NS-LU,3
TM,F0,5,2,30.0,EW-LU,3
TM,F0,6,0,30.0,NS-SR,3
TM,F0,6,1,30.0,NS-LU,3
TM,F0,6,2,30.0,EW-LU,3
TM,F0,7,0,30.0,NS-SR,3
TM,F0,7,1,30.0,NS-LU,3
TM,F0,7,2,30.0,EW-LU,3
TM,F0,8,0,30.0,NS-SR,3
TM,F0,8,1,30.0,NS-LU,3
TM,F0,8,2,30.0,EW-LU,3
TM,F0,9,0,30.0,NS-SR,3
TM,F0,9,1,30.0,NS-LU,3
TM,F0,9,2,30.0,EW-LU,3
TM,F0,10,0,30.0,NS-SR,3
TM,F0,10,1,30.0,NS-LU,3
TM,F0,10,2,30.0,EW-LU,3
TM,F0,11,0,30.0,NS-SR,3
TM,F0,11,1,30.0,NS-LU,3
TM,F0,11,2,30.0,EW-LU,3
TM,F0,12,0,30.0,NS-SR,3
TM,F0,12,1,30.0,NS-LU,3
TM,F0,12,2,30.0,EW-LU,3
TM,F0,13,0,30.0,NS-SR,3
TM,F0,13,1,30.0,NS-LU,3
TM,F0,13,2,30.0,EW-LU,3
TM,F0,14,0,30.0,NS-SR,3
TM,F0,14,1,30.0,NS-LU,3
TM,F0,14,2,30.0,EW-LU,3
TM,F0,15,0,30.0,NS-SR,3
TM,F0,15,1,30.0,NS-LU,3
TM,F0,15,2,30.0,EW-LU,3
TM,F0,16,0,30.0,NS-SR,3
TM,F0,16,1,30.0,NS-LU,3
TM,F0,16,2,30.0,EW-LU,3
TM,F0,17,0,30.0,NS-SR,3
TM,F0,17,1,30.0,NS-LU,3
TM,F0,17,2,30.0,EW-LU,3
TM,F0,18,0,30.0,NS-SR,3
TM,F0,18,1,30.0,NS-LU,3
TM,F0,18,2,30.0,EW-LU,3
TM,F0,19,0,30.0,NS-SR,3
TM,F0,19,1,30.0,NS-LU,3
TM,F0,19,2,30.0,EW-LU,3
TM,F0,20,0,30.0,NS-SR,3
TM,F0,20,1,30.0,NS-LU,3
TM,F0,20,2,30.0,EW-LU,3
TM,F0,21,0,30.0,NS-SR,3
TM,F0,21,1,30.0,NS-LU,3
TM,F0,21,2,30.0,EW-LU,3
TM,F0,22,0,30.0,NS-SR,3
TM,F0,22,1,30.0,NS-LU,3
TM,F0,22,2,30.0,EW-LU,3
TM,F0,23,0,30.0,NS-SR,3
TM,F0,23,1,30.0,NS-LU,3
TM,F0,23,2,30.0,EW-LU,3
TM,F0,24,0,30.0,NS-SR,3
TM,F0,24,1,30.0,NS-LU,3
TM,F0,24,2,30.0,EW-LU,3
TM,F0,25,0,30.0,NS-SR,3
TM,F0,25,1,30.0,NS-LU,3
TM,F0,25,2,30.0,EW-LU,3
TM,F0,26,0,30.0,NS-SR,3
TM,F0,26,1,30.0,NS-LU,3
TM,F0,26,2,30.0,EW-LU,3
TM,F0,27,0,30.0,NS-SR,3
TM,F0,27,1,30.0,NS-LU,3
TM,F0,27,2,30.0,EW-LU,3
TM,F0,28,0,30.0,NS-SR,3
TM,F0,28,1,30.0,NS-LU,3
TM,F0,28,2,30.0,EW-LU,3
TM,F0,29,0,30.0,NS-SR,3
TM,F0,29,1,30.0,NS-LU,3
TM,F0,29,2,30.0,EW-LU,3
TM,F0,30,0,30.0,NS-SR,3
TM,F0,30,1,30.0,NS-LU,3
TM,F0,30,2,30.0,EW-LU,3
TM,F0,31,0,30.0,NS-SR,3
TM,F0,31,1,30.0,NS-LU,3
TM,F0,31,2,30.0,EW-LU,3
TM,F0,32,0,30.0,NS-SR,3
TM,F0,32,1,30.0,NS-LU,3
TM,F0,32,2,30.0,EW-LU,3
TM,F0,33,0,30.0,NS-SR,3
TM,F0,33,1,30.0,NS-LU,3
TM,F0,33,2,30.0,EW-LU,3
TM,F0,34,0,30.0,NS-SR,3
TM,F0,34,1,30.0,NS-LU,3
TM,F0,34,2,30.0,EW-LU,3
TM,F0,35,0,30.0,NS-SR,3
TM,F0,35,1,30.0,NS-LU,3
TM,F0,35,2,30.0,EW-LU,3
TM,F0,36,0,30.0,NS-SR,3
TM,F0,36,1,30.0,NS-LU,3
TM,F0,36,2,30.0,EW-LU,3
TM,F0,37,0,30.0,NS-SR,3
TM,F0,37,1,30.0,NS-LU,3
TM,F0,37,2,30.0,EW-LU,3
TM,F0,38,0,30.0,NS-SR,3
TM,F0,38,1,30.0,NS-LU,3
TM,F0,38,2,30.0,EW-LU,3
TM,F0,39,0,30.0,NS-SR,3
TM,F0,39,1,30.0,NS-LU,3
TM,F0,39,2,30.0,EW-LU,3
TM,F0,40,0,30.0,NS-SR,3
TM,F0,40,1,30.0,NS-LU,3
TM,F0,40,2,30.0,EW-LU,3
TM,F0,41,0,30.0,NS-SR,3
TM,F0,41,1,30.0,NS-LU,3
TM,F0,41,2,30.0,EW-LU,3
TM,F0,42,0,30.0,NS-SR,3
TM,F0,42,1,30.0,NS-LU,3
TM,F0,42,2,30.0,EW-LU,3
TM,F0,43,0,30.0,NS-SR,3
TM,F0,43,1,30.0,NS-LU,3
TM,F0,43,2,30.0,EW-LU,3
TM,F0,44,0,30.0,NS-SR,3
TM,F0,44,1,30.0,NS-LU,3
TM,F0,44,2,30.0,EW-LU,3
TM,F0,45,0,30.0,NS-SR,3
TM,F0,45,1,30.0,NS-LU,3
TM,F0,45,2,30.0,EW-LU,3
TM,F0,46,0,30.0,NS-SR,3
TM,F0,46,1,30.0,NS-LU,3
TM,F0,46,2,30.0,EW-LU,3
TM,F0,47,0,30.0,NS-SR,3
TM,F0,47,1,30.0,NS-LU,3
TM,F0,47,2,30.0,EW-LU,3
TM,F0,48,0,30.0,NS-SR,3
TM,F0,48,1,30.0,NS-LU,3
TM,F0,48,2,30.0,EW-LU,3
TM,F0,49,0,30.0,NS-SR,3
TM,F0,49,1,30.0,NS-LU,3
TM,F0,49,2,30.0,EW-LU,3
TM,F0,50,0,30.0,NS-SR,3
TM,F0,50,1,30.0,NS-LU,3
TM,F0,50,2,30.0,EW-LU,3
TM,F0,51,0,30.0,NS-SR,3
TM,F0,51,1,30.0,NS-LU,3
TM,F0,51,2,30.0,EW-LU,3
TM,F0,52,0,30.0,NS-SR,3
TM,F0,52,1,30.0,NS-LU,3
TM,F0,52,2,30.0,EW-LU,3
TM,F0,53,0,30.0,NS-SR,3
TM,F0,53,1,30.0,NS-LU,3
TM,F0,53,2,30.0,EW-LU,3
TM,F0,54,0,30.0,NS-SR,3
TM,F0,54,1,30.0,NS-LU,3
TM,F0,54,2,30.0,EW-LU,3
TM,F0,55,0,30.0,NS-SR,3
TM,F0,55,1,30.0,NS-LU,3
TM,F0,55,2,30.0,EW-LU,3
TM,F0,56,0,30.0,NS-SR,3
TM,F0,56,1,30.0,NS-LU,3
TM,F0,56,2,30.0,EW-LU,3
TM,F0,57,0,30.0,NS-SR,3
TM,F0,57,1,30.0,NS-LU,3
TM,F0,57,2,30.0,EW-LU,3
TM,F0,58,0,30.0,NS-SR,3
TM,F0,58,1,30.0,NS-LU,3
TM,F0,58,2,30.0,EW-LU,3
TM,F0,59,0,30.0,NS-SR,3
TM,F0,59,1,30.0,NS-LU,3
TM,F0,59,2,30.0,EW-LU,3
TM,F0,60,0,30.0,NS-SR,3
TM,F0,60,1,30.0,NS-LU,3
TM,F0,60,2,30.0,EW-LU,3
TM,F0,61,0,30.0,NS-SR,3
TM,F0,61,1,30.0,NS-LU,3
TM,F0,61,2,30.0,EW-LU,3
TM,F0,62,0,30.0,NS-SR,3
TM,F0,62,1,30.0,NS-LU,3
TM,F0,62,2,30.0,EW-LU,3
TM,F0,63,0,30.0,NS-SR,3
TM,F0,63,1,30.0,NS-LU,3
TM,F0,63,2,30.0,EW-LU,3
TM,F0,64,0,30.0,NS-SR,3
TM,F0,64,1,30.0,NS-LU,3
TM,F0,64,2,30.0,EW-LU,3
TM,F0,65,0,30.0,NS-SR,3
TM,F0,65,1,30.0,NS-LU,3
TM,F0,65,2,30.0,EW-LU,3
TM,F0,66,0,30.0,NS-SR,3
TM,F0,66,1,30.0,NS-LU,3
TM,F0,66,2,30.0,EW-LU,3
TM,F0,67,0,30.0,NS-SR,3
TM,F0,67,1,30.0,NS-LU,3
TM,F0,67,2,30.0,EW-LU,3
TM,F0,68,0,30.0,NS-SR,3
TM,F0,68,1,30.0,NS-LU,3
TM,F0,68,2,30.0,EW-LU,3
TM,F0,69,0,30.0,NS-SR,3
TM,F0,69,1,30.0,NS-LU,3
TM,F0,69,2,30.0,EW-LU,3
TM,F0,70,0,30.0,NS-SR,3
TM,F0,70,1,30.0,NS-LU,3
TM,F0,70,2,30.0,EW-LU,3
TM,F0,71,0,30.0,NS-SR,3
TM,F0,71,1,30.0,NS-LU,3
TM,F0,71,2,30.0,EW-LU,3
TM,F0,72,0,30.0,NS-SR,3
TM,F0,72,1,30.0,NS-LU,3
TM,F0,72,2,30.0,EW-LU,3
TM,F0,73,0,30.0,NS-SR,3
TM,F0,73,1,30.0,NS-LU,3
TM,F0,73,2,30.0,EW-LU,3
TM,F0,74,0,30.0,NS-SR,3
TM,F0,74,1,30.0,NS-LU,3
TM,F0,74,2,30.0,EW-LU,3
TM,F0,75,0,30.0,NS-SR,3
TM,F0,75,1,30.0,NS-LU,3
TM,F0,75,2,30.0,EW-LU,3
TM,F0,76,0,30.0,NS-SR,3
TM,F0,76,1,30.0,NS-LU,3
TM,F0,76,2,30.0,EW-LU,3
TM,F0,77,0,30.0,NS-SR,3
TM,F0,77,1,30.0,NS-LU,3
TM,F0,77,2,30.0,EW-LU,3
TM,F0,78,0,30.0,NS-SR,3
TM,F0,78,1,30.0,NS-LU,3
TM,F0,78,2,30.0,EW-LU,3
TM,F0,79,0,30.0,NS-SR,3
TM,F0,79,1,30.0,NS-LU,3
TM,F0,79,2,30.0,EW-LU,3
TM,F0,80,0,30.0,NS-SR,3
TM,F0,80,1,30.0,NS-LU,3
TM,F0,80,2,30.0,EW-LU,3
TM,E5,0,0,22.0,NS-SR,4
TM,E5,0,1,23.0,NS-LU,4
TM,E5,0,2,22.0,EW-SR,4
TM,E5,0,3,23.0,EW-LU,4
TM,E5,1,0,23.0,NS-SR,4
TM,E5,1,1,23.0,NS-LU,4
TM,E5,1,2,22.0,EW-SR,4
TM,E5,1,3,22.0,EW-LU,4
TM,E5,2,0,23.0,NS-SR,4
TM,E5,2,1,23.0,NS-LU,4
TM,E5,2,2,22.0,EW-SR,4
TM,E5,2,3,22.0,EW-LU,4
TM,E5,3,0,23.0,NS-SR,4
TM,E5,3,1,23.0,NS-LU,4
TM,E5,3,2,22.0,EW-SR,4
TM,E5,3,3,22.0,EW-LU,4
TM,E5,4,0,23.0,NS-SR,4
TM,E5,4,1,23.0,NS-LU,4
TM,E5,4,2,22.0,EW-SR,4
TM,E5,4,3,22.0,EW-LU,4
TM,E5,5,0,23.0,NS-SR,4
TM,E5,5,1,23.0,NS-LU,4
TM,E5,5,2,22.0,EW-SR,4
TM,E5,5,3,22.0,EW-LU,4
TM,E5,6,0,23.0,NS-SR,4
TM,E5,6,1,23.0,NS-LU,4
TM,E5,6,2,22.0,EW-SR,4
TM,E5,6,3,22.0,EW-LU,4
TM,E5,7,0,23.0,NS-SR,4
TM,E5,7,1,23.0,NS-LU,4
TM,E5,7,2,22.0,EW-SR,4
TM,E5,7,3,22.0,EW-LU,4
TM,E5,8,0,23.0,NS-SR,4
TM,E5,8,1,23.0,NS-LU,4
TM,E5,8,2,22.0,EW-SR,4
TM,E5,8,3,22.0,EW-LU,4
TM,E5,9,0,23.0,NS-SR,4
TM,E5,9,1,23.0,NS-LU,4
TM,E5,9,2,22.0,EW-SR,4
TM,E5,9,3,22.0,EW-LU,4
TM,E5,10,0,23.0,NS-SR,4
TM,E5,10,1,23.0,NS-LU,4
TM,E5,10,2,22.0,EW-SR,4
TM,E5,10,3,22.0,EW-LU,4
TM,E5,11,0,28.0,NS-SR,4
TM,E5,11,1,27.0,NS-LU,4
TM,E5,11,2,10.0,EW-SR,4
TM,E5,11,3,25.0,EW-LU,4
TM,E5,12,0,28.0,NS-SR,4
TM,E5,12,1,27.0,NS-LU,4
TM,E5,12,2,11.0,EW-SR,4
TM,E5,12,3,24.0,EW-LU,4
TM,E5,13,0,28.0,NS-SR,4
TM,E5,13,1,27.0,NS-LU,4
TM,E5,13,2,12.0,EW-SR,4
TM,E5,13,3,23.0,EW-LU,4
TM,E5,14,0,28.0,NS-SR,4
TM,E5,14,1,27.0,NS-LU,4
TM,E5,14,2,12.0,EW-SR,4
TM,E5,14,3,23.0,EW-LU,4
TM,E5,15,0,28.0,NS-SR,4
TM,E5,15,1,27.0,NS-LU,4
TM,E5,15,2,12.0,EW-SR,4
TM,E5,15,3,23.0,EW-LU,4
TM,E5,16,0,28.0,NS-SR,4
TM,E5,16,1,27.0,NS-LU,4
TM,E5,16,2,12.0,EW-SR,4
TM,E5,16,3,23.0,EW-LU,4
TM,E5,17,0,23.0,NS-SR,4
TM,E5,17,1,22.0,NS-LU,4
TM,E5,17,2,27.0,EW-SR,4
TM,E5,17,3,18.0,EW-LU,4
TM,E5,18,0,20.0,NS-SR,4
TM,E5,18,1,19.0,NS-LU,4
TM,E5,18,2,36.0,EW-SR,4
TM,E5,18,3,15.0,EW-LU,4
TM,E5,19,0,17.0,NS-SR,4
TM,E5,19,1,16.0,NS-LU,4
TM,E5,19,2,45.0,EW-SR,4
TM,E5,19,3,12.0,EW-LU,4
TM,E5,20,0,13.0,NS-SR,4
TM,E5,20,1,12.0,NS-LU,4
TM,E5,20,2,53.0,EW-SR,4
TM,E5,20,3,12.0,EW-LU,4
TM,E5,21,0,11.0,NS-SR,4
TM,E5,21,1,10.0,NS-LU,4
TM,E5,21,2,59.0,EW-SR,4
TM,E5,21,3,10.0,EW-LU,4
TM,E5,22,0,10.0,NS-SR,4
TM,E5,22,1,10.0,NS-LU,4
TM,E5,22,2,60.0,EW-SR,4
TM,E5,22,3,10.0,EW-LU,4
TM,E5,23,0,11.0,NS-SR,4
TM,E5,23,1,11.0,NS-LU,4
TM,E5,23,2,58.0,EW-SR,4
TM,E5,23,3,10.0,EW-LU,4
TM,E5,24,0,11.0,NS-SR,4
TM,E5,24,1,11.0,NS-LU,4
TM,E5,24,2,57.0,EW-SR,4
TM,E5,24,3,11.0,EW-LU,4
TM,E5,25,0,12.0,NS-SR,4
TM,E5,25,1,11.0,NS-LU,4
TM,E5,25,2,56.0,EW-SR,4
TM,E5,25,3,11.0,EW-LU,4
TM,E5,26,0,12.0,NS-SR,4
TM,E5,26,1,12.0,NS-LU,4
TM,E5,26,2,55.0,EW-SR,4
TM,E5,26,3,11.0,EW-LU,4
TM,E5,27,0,10.0,NS-SR,4
TM,E5,27,1,10.0,NS-LU,4
TM,E5,27,2,60.0,EW-SR,4
TM,E5,27,3,10.0,EW-LU,4
TM,E5,28,0,11.0,NS-SR,4
TM,E5,28,1,10.0,NS-LU,4
TM,E5,28,2,59.0,EW-SR,4
TM,E5,28,3,10.0,EW-LU,4
TM,E5,29,0,11.0,NS-SR,4
TM,E5,29,1,11.0,NS-LU,4
TM,E5,29,2,58.0,EW-SR,4
TM,E5,29,3,10.0,EW-LU,4
TM,E5,30,0,11.0,NS-SR,4
TM,E5,30,1,11.0,NS-LU,4
TM,E5,30,2,57.0,EW-SR,4
TM,E5,30,3,11.0,EW-LU,4
TM,E5,31,0,12.0,NS-SR,4
TM,E5,31,1,11.0,NS-LU,4
TM,E5,31,2,56.0,EW-SR,4
TM,E5,31,3,11.0,EW-LU,4
TM,E5,32,0,12.0,NS-SR,4
TM,E5,32,1,12.0,NS-LU,4
TM,E5,32,2,55.0,EW-SR,4
TM,E5,32,3,11.0,EW-LU,4
TM,E5,33,0,12.0,NS-SR,4
TM,E5,33,1,12.0,NS-LU,4
TM,E5,33,2,55.0,EW-SR,4
TM,E5,33,3,11.0,EW-LU,4
TM,E5,34,0,12.0,NS-SR,4
TM,E5,34,1,12.0,NS-LU,4
TM,E5,34,2,55.0,EW-SR,4
TM,E5,34,3,11.0,EW-LU,4
TM,E5,35,0,13.0,NS-SR,4
TM,E5,35,1,18.0,NS-LU,4
TM,E5,35,2,49.0,EW-SR,4
TM,E5,35,3,10.0,EW-LU,4
TM,E5,36,0,17.0,NS-SR,4
TM,E5,36,1,20.0,NS-LU,4
TM,E5,36,2,43.0,EW-SR,4
TM,E5,36,3,10.0,EW-LU,4
TM,E5,37,0,17.0,NS-SR,4
TM,E5,37,1,20.0,NS-LU,4
TM,E5,37,2,42.0,EW-SR,4
TM,E5,37,3,11.0,EW-LU,4
TM,E5,38,0,17.0,NS-SR,4
TM,E5,38,1,20.0,NS-LU,4
TM,E5,38,2,42.0,EW-SR,4
TM,E5,38,3,11.0,EW-LU,4
TM,E5,39,0,16.0,NS-SR,4
TM,E5,39,1,19.0,NS-LU,4
TM,E5,39,2,45.0,EW-SR,4
TM,E5,39,3,10.0,EW-LU,4
TM,E5,40,0,16.0,NS-SR,4
TM,E5,40,1,19.0,NS-LU,4
TM,E5,40,2,44.0,EW-SR,4
TM,E5,40,3,11.0,EW-LU,4
TM,E5,41,0,16.0,NS-SR,4
TM,E5,41,1,19.0,NS-LU,4
TM,E5,41,2,44.0,EW-SR,4
TM,E5,41,3,11.0,EW-LU,4
TM,E5,42,0,16.0,NS-SR,4
TM,E5,42,1,19.0,NS-LU,4
TM,E5,42,2,44.0,EW-SR,4
TM,E5,42,3,11.0,EW-LU,4
TM,E5,43,0,16.0,NS-SR,4
TM,E5,43,1,19.0,NS-LU,4
TM,E5,43,2,44.0,EW-SR,4
TM,E5,43,3,11.0,EW-LU,4
TM,E5,44,0,16.0,NS-SR,4
TM,E5,44,1,19.0,NS-LU,4
TM,E5,44,2,44.0,EW-SR,4
TM,E5,44,3,11.0,EW-LU,4
TM,E5,45,0,12.0,NS-SR,4
TM,E5,45,1,15.0,NS-LU,4
TM,E5,45,2,52.0,EW-SR,4
TM,E5,45,3,11.0,EW-LU,4
TM,E5,46,0,11.0,NS-SR,4
TM,E5,46,1,14.0,NS-LU,4
TM,E5,46,2,54.0,EW-SR,4
TM,E5,46,3,11.0,EW-LU,4
TM,E5,47,0,10.0,NS-SR,4
TM,E5,47,1,10.0,NS-LU,4
TM,E5,47,2,60.0,EW-SR,4
TM,E5,47,3,10.0,EW-LU,4
TM,E5,48,0,11.0,NS-SR,4
TM,E5,48,1,11.0,NS-LU,4
TM,E5,48,2,58.0,EW-SR,4
TM,E5,48,3,10.0,EW-LU,4
TM,E5,49,0,11.0,NS-SR,4
TM,E5,49,1,11.0,NS-LU,4
TM,E5,49,2,57.0,EW-SR,4
TM,E5,49,3,11.0,EW-LU,4
TM,E5,50,0,12.0,NS-SR,4
TM,E5,50,1,11.0,NS-LU,4
TM,E5,50,2,56.0,EW-SR,4
TM,E5,50,3,11.0,EW-LU,4
TM,E5,51,0,12.0,NS-SR,4
TM,E5,51,1,12.0,NS-LU,4
TM,E5,51,2,55.0,EW-SR,4
TM,E5,51,3,11.0,EW-LU,4
TM,E5,52,0,12.0,NS-SR,4
TM,E5,52,1,12.0,NS-LU,4
TM,E5,52,2,55.0,EW-SR,4
TM,E5,52,3,11.0,EW-LU,4
TM,E5,53,0,12.0,NS-SR,4
TM,E5,53,1,12.0,NS-LU,4
TM,E5,53,2,55.0,EW-SR,4
TM,E5,53,3,11.0,EW-LU,4
TM,E5,54,0,12.0,NS-SR,4
TM,E5,54,1,12.0,NS-LU,4
TM,E5,54,2,55.0,EW-SR,4
TM,E5,54,3,11.0,EW-LU,4
TM,E5,55,0,12.0,NS-SR,4
TM,E5,55,1,18.0,NS-LU,4
TM,E5,55,2,50.0,EW-SR,4
TM,E5,55,3,10.0,EW-LU,4
TM,E5,56,0,11.0,NS-SR,4
TM,E5,56,1,13.0,NS-LU,4
TM,E5,56,2,56.0,EW-SR,4
TM,E5,56,3,10.0,EW-LU,4
TM,E5,57,0,10.0,NS-SR,4
TM,E5,57,1,10.0,NS-LU,4
TM,E5,57,2,60.0,EW-SR,4
TM,E5,57,3,10.0,EW-LU,4
TM,E5,58,0,10.0,NS-SR,4
TM,E5,58,1,10.0,NS-LU,4
TM,E5,58,2,60.0,EW-SR,4
TM,E5,58,3,10.0,EW-LU,4
TM,E5,59,0,10.0,NS-SR,4
TM,E5,59,1,10.0,NS-LU,4
TM,E5,59,2,60.0,EW-SR,4
TM,E5,59,3,10.0,EW-LU,4
TM,E5,60,0,11.0,NS-SR,4
TM,E5,60,1,11.0,NS-LU,4
TM,E5,60,2,58.0,EW-SR,4
TM,E5,60,3,10.0,EW-LU,4
TM,E5,61,0,11.0,NS-SR,4
TM,E5,61,1,11.0,NS-LU,4
TM,E5,61,2,57.0,EW-SR,4
TM,E5,61,3,11.0,EW-LU,4
TM,E5,62,0,12.0,NS-SR,4
TM,E5,62,1,11.0,NS-LU,4
TM,E5,62,2,56.0,EW-SR,4
TM,E5,62,3,11.0,EW-LU,4
TM,E5,63,0,12.0,NS-SR,4
TM,E5,63,1,12.0,NS-LU,4
TM,E5,63,2,55.0,EW-SR,4
TM,E5,63,3,11.0,EW-LU,4
TM,E5,64,0,12.0,NS-SR,4
TM,E5,64,1,12.0,NS-LU,4
TM,E5,64,2,55.0,EW-SR,4
TM,E5,64,3,11.0,EW-LU,4
TM,E5,65,0,12.0,NS-SR,4
TM,E5,65,1,12.0,NS-LU,4
TM,E5,65,2,55.0,EW-SR,4
TM,E5,65,3,11.0,EW-LU,4
TM,E5,66,0,12.0,NS-SR,4
TM,E5,66,1,12.0,NS-LU,4
TM,E5,66,2,55.0,EW-SR,4
TM,E5,66,3,11.0,EW-LU,4
TM,E5,67,0,12.0,NS-SR,4
TM,E5,67,1,12.0,NS-LU,4
TM,E5,67,2,55.0,EW-SR,4
TM,E5,67,3,11.0,EW-LU,4
TM,E5,68,0,12.0,NS-SR,4
TM,E5,68,1,12.0,NS-LU,4
TM,E5,68,2,55.0,EW-SR,4
TM,E5,68,3,11.0,EW-LU,4
TM,E5,69,0,12.0,NS-SR,4
TM,E5,69,1,12.0,NS-LU,4
TM,E5,69,2,55.0,EW-SR,4
TM,E5,69,3,11.0,EW-LU,4
TM,E5,70,0,14.0,NS-SR,4
TM,E5,70,1,17.0,NS-LU,4
TM,E5,70,2,49.0,EW-SR,4
TM,E5,70,3,10.0,EW-LU,4
TM,E5,71,0,11.0,NS-SR,4
TM,E5,71,1,18.0,NS-LU,4
TM,E5,71,2,51.0,EW-SR,4
TM,E5,71,3,10.0,EW-LU,4
TM,E5,72,0,11.0,NS-SR,4
TM,E5,72,1,17.0,NS-LU,4
TM,E5,72,2,52.0,EW-SR,4
TM,E5,72,3,10.0,EW-LU,4
TM,E5,73,0,13.0,NS-SR,4
TM,E5,73,1,15.0,NS-LU,4
TM,E5,73,2,52.0,EW-SR,4
TM,E5,73,3,10.0,EW-LU,4
TM,E5,74,0,17.0,NS-SR,4
TM,E5,74,1,17.0,NS-LU,4
TM,E5,74,2,46.0,EW-SR,4
TM,E5,74,3,10.0,EW-LU,4
TM,E5,75,0,15.0,NS-SR,4
TM,E5,75,1,16.0,NS-LU,4
TM,E5,75,2,49.0,EW-SR,4
TM,E5,75,3,10.0,EW-LU,4
TM,E5,76,0,14.0,NS-SR,4
TM,E5,76,1,14.0,NS-LU,4
TM,E5,76,2,52.0,EW-SR,4
TM,E5,76,3,10.0,EW-LU,4
TM,E5,77,0,11.0,NS-SR,4
TM,E5,77,1,11.0,NS-LU,4
TM,E5,77,2,58.0,EW-SR,4
TM,E5,77,3,10.0,EW-LU,4
TM,E5,78,0,11.0,NS-SR,4
TM,E5,78,1,11.0,NS-LU,4
TM,E5,78,2,57.0,EW-SR,4
TM,E5,78,3,11.0,EW-LU,4
TM,E5,79,0,12.0,NS-SR,4
TM,E5,79,1,11.0,NS-LU,4
TM,E5,79,2,56.0,EW-SR,4
TM,E5,79,3,11.0,EW-LU,4
TM,E5,80,0,12.0,NS-SR,4
TM,E5,80,1,12.0,NS-LU,4
TM,E5,80,2,55.0,EW-SR,4
TM,E5,80,3,11.0,EW-LU,4
TM,B0,0,0,22.0,NS-SR,4
TM,B0,0,1,23.0,NS-LU,4
TM,B0,0,2,22.0,EW-SR,4
TM,B0,0,3,23.0,EW-LU,4
TM,B0,1,0,23.0,NS-SR,4
TM,B0,1,1,23.0,NS-LU,4
TM,B0,1,2,22.0,EW-SR,4
TM,B0,1,3,22.0,EW-LU,4
TM,B0,2,0,23.0,NS-SR,4
TM,B0,2,1,23.0,NS-LU,4
TM,B0,2,2,22.0,EW-SR,4
TM,B0,2,3,22.0,EW-LU,4
TM,B0,3,0,23.0,NS-SR,4
TM,B0,3,1,23.0,NS-LU,4
TM,B0,3,2,22.0,EW-SR,4
TM,B0,3,3,22.0,EW-LU,4
TM,B0,4,0,23.0,NS-SR,4
TM,B0,4,1,23.0,NS-LU,4
TM,B0,4,2,22.0,EW-SR,4
TM,B0,4,3,22.0,EW-LU,4
TM,B0,5,0,21.0,NS-SR,4
TM,B0,5,1,29.0,NS-LU,4
TM,B0,5,2,20.0,EW-SR,4
TM,B0,5,3,20.0,EW-LU,4
TM,B0,6,0,18.0,NS-SR,4
TM,B0,6,1,38.0,NS-LU,4
TM,B0,6,2,17.0,EW-SR,4
TM,B0,6,3,17.0,EW-LU,4
TM,B0,7,0,17.0,NS-SR,4
TM,B0,7,1,41.0,NS-LU,4
TM,B0,7,2,16.0,EW-SR,4
TM,B0,7,3,16.0,EW-LU,4
TM,B0,8,0,17.0,NS-SR,4
TM,B0,8,1,41.0,NS-LU,4
TM,B0,8,2,16.0,EW-SR,4
TM,B0,8,3,16.0,EW-LU,4
TM,B0,9,0,17.0,NS-SR,4
TM,B0,9,1,41.0,NS-LU,4
TM,B0,9,2,16.0,EW-SR,4
TM,B0,9,3,16.0,EW-LU,4
TM,B0,10,0,17.0,NS-SR,4
TM,B0,10,1,41.0,NS-LU,4
TM,B0,10,2,16.0,EW-SR,4
TM,B0,10,3,16.0,EW-LU,4
TM,B0,11,0,15.0,NS-SR,4
TM,B0,11,1,46.0,NS-LU,4
TM,B0,11,2,16.0,EW-SR,4
TM,B0,11,3,13.0,EW-LU,4
TM,B0,12,0,12.0,NS-SR,4
TM,B0,12,1,50.0,NS-LU,4
TM,B0,12,2,16.0,EW-SR,4
TM,B0,12,3,12.0,EW-LU,4
TM,B0,13,0,11.0,NS-SR,4
TM,B0,13,1,54.0,NS-LU,4
TM,B0,13,2,13.0,EW-SR,4
TM,B0,13,3,12.0,EW-LU,4
TM,B0,14,0,12.0,NS-SR,4
TM,B0,14,1,54.0,NS-LU,4
TM,B0,14,2,13.0,EW-SR,4
TM,B0,14,3,11.0,EW-LU,4
TM,B0,15,0,11.0,NS-SR,4
TM,B0,15,1,59.0,NS-LU,4
TM,B0,15,2,10.0,EW-SR,4
TM,B0,15,3,10.0,EW-LU,4
TM,B0,16,0,10.0,NS-SR,4
TM,B0,16,1,60.0,NS-LU,4
TM,B0,16,2,10.0,EW-SR,4
TM,B0,16,3,10.0,EW-LU,4
TM,B0,17,0,10.0,NS-SR,4
TM,B0,17,1,60.0,NS-LU,4
TM,B0,17,2,10.0,EW-SR,4
TM,B0,17,3,10.0,EW-LU,4
TM,B0,18,0,10.0,NS-SR,4
TM,B0,18,1,56.0,NS-LU,4
TM,B0,18,2,13.0,EW-SR,4
TM,B0,18,3,11.0,EW-LU,4
TM,B0,19,0,10.0,NS-SR,4
TM,B0,19,1,54.0,NS-LU,4
TM,B0,19,2,13.0,EW-SR,4
TM,B0,19,3,13.0,EW-LU,4
TM,B0,20,0,11.0,NS-SR,4
TM,B0,20,1,52.0,NS-LU,4
TM,B0,20,2,12.0,EW-SR,4
TM,B0,20,3,15.0,EW-LU,4
TM,B0,21,0,11.0,NS-SR,4
TM,B0,21,1,48.0,NS-LU,4
TM,B0,21,2,16.0,EW-SR,4
TM,B0,21,3,15.0,EW-LU,4
TM,B0,22,0,11.0,NS-SR,4
TM,B0,22,1,54.0,NS-LU,4
TM,B0,22,2,14.0,EW-SR,4
TM,B0,22,3,11.0,EW-LU,4
TM,B0,23,0,10.0,NS-SR,4
TM,B0,23,1,58.0,NS-LU,4
TM,B0,23,2,12.0,EW-SR,4
TM,B0,23,3,10.0,EW-LU,4
TM,B0,24,0,10.0,NS-SR,4
TM,B0,24,1,60.0,NS-LU,4
TM,B0,24,2,10.0,EW-SR,4
TM,B0,24,3,10.0,EW-LU,4
TM,B0,25,0,11.0,NS-SR,4
TM,B0,25,1,59.0,NS-LU,4
TM,B0,25,2,10.0,EW-SR,4
TM,B0,25,3,10.0,EW-LU,4
TM,B0,26,0,11.0,NS-SR,4
TM,B0,26,1,59.0,NS-LU,4
TM,B0,26,2,10.0,EW-SR,4
TM,B0,26,3,10.0,EW-LU,4
TM,B0,27,0,10.0,NS-SR,4
TM,B0,27,1,58.0,NS-LU,4
TM,B0,27,2,11.0,EW-SR,4
TM,B0,27,3,11.0,EW-LU,4
TM,B0,28,0,10.0,NS-SR,4
TM,B0,28,1,57.0,NS-LU,4
TM,B0,28,2,12.0,EW-SR,4
TM,B0,28,3,11.0,EW-LU,4
TM,B0,29,0,10.0,NS-SR,4
TM,B0,29,1,51.0,NS-LU,4
TM,B0,29,2,18.0,EW-SR,4
TM,B0,29,3,11.0,EW-LU,4
TM,B0,30,0,10.0,NS-SR,4
TM,B0,30,1,49.0,NS-LU,4
TM,B0,30,2,20.0,EW-SR,4
TM,B0,30,3,11.0,EW-LU,4
TM,B0,31,0,11.0,NS-SR,4
TM,B0,31,1,47.0,NS-LU,4
TM,B0,31,2,22.0,EW-SR,4
TM,B0,31,3,10.0,EW-LU,4
TM,B0,32,0,10.0,NS-SR,4
TM,B0,32,1,48.0,NS-LU,4
TM,B0,32,2,20.0,EW-SR,4
TM,B0,32,3,12.0,EW-LU,4
TM,B0,33,0,10.0,NS-SR,4
TM,B0,33,1,49.0,NS-LU,4
TM,B0,33,2,21.0,EW-SR,4
TM,B0,33,3,10.0,EW-LU,4
TM,B0,34,0,10.0,NS-SR,4
TM,B0,34,1,55.0,NS-LU,4
TM,B0,34,2,15.0,EW-SR,4
TM,B0,34,3,10.0,EW-LU,4
TM,B0,35,0,10.0,NS-SR,4
TM,B0,35,1,60.0,NS-LU,4
TM,B0,35,2,10.0,EW-SR,4
TM,B0,35,3,10.0,EW-LU,4
TM,B0,36,0,10.0,NS-SR,4
TM,B0,36,1,57.0,NS-LU,4
TM,B0,36,2,11.0,EW-SR,4
TM,B0,36,3,12.0,EW-LU,4
TM,B0,37,0,10.0,NS-SR,4
TM,B0,37,1,56.0,NS-LU,4
TM,B0,37,2,13.0,EW-SR,4
TM,B0,37,3,11.0,EW-LU,4
TM,B0,38,0,10.0,NS-SR,4
TM,B0,38,1,51.0,NS-LU,4
TM,B0,38,2,19.0,EW-SR,4
TM,B0,38,3,10.0,EW-LU,4
TM,B0,39,0,10.0,NS-SR,4
TM,B0,39,1,51.0,NS-LU,4
TM,B0,39,2,18.0,EW-SR,4
TM,B0,39,3,11.0,EW-LU,4
TM,B0,40,0,10.0,NS-SR,4
TM,B0,40,1,52.0,NS-LU,4
TM,B0,40,2,18.0,EW-SR,4
TM,B0,40,3,10.0,EW-LU,4
TM,B0,41,0,10.0,NS-SR,4
TM,B0,41,1,52.0,NS-LU,4
TM,B0,41,2,18.0,EW-SR,4
TM,B0,41,3,10.0,EW-LU,4
TM,B0,42,0,10.0,NS-SR,4
TM,B0,42,1,52.0,NS-LU,4
TM,B0,42,2,18.0,EW-SR,4
TM,B0,42,3,10.0,EW-LU,4
TM,B0,43,0,10.0,NS-SR,4
TM,B0,43,1,52.0,NS-LU,4
TM,B0,43,2,18.0,EW-SR,4
TM,B0,43,3,10.0,EW-LU,4
TM,B0,44,0,10.0,NS-SR,4
TM,B0,44,1,50.0,NS-LU,4
TM,B0,44,2,19.0,EW-SR,4
TM,B0,44,3,11.0,EW-LU,4
TM,B0,45,0,10.0,NS-SR,4
TM,B0,45,1,48.0,NS-LU,4
TM,B0,45,2,21.0,EW-SR,4
TM,B0,45,3,11.0,EW-LU,4
TM,B0,46,0,10.0,NS-SR,4
TM,B0,46,1,48.0,NS-LU,4
TM,B0,46,2,22.0,EW-SR,4
TM,B0,46,3,10.0,EW-LU,4
TM,B0,47,0,10.0,NS-SR,4
TM,B0,47,1,48.0,NS-LU,4
TM,B0,47,2,22.0,EW-SR,4
TM,B0,47,3,10.0,EW-LU,4
TM,B0,48,0,10.0,NS-SR,4
TM,B0,48,1,48.0,NS-LU,4
TM,B0,48,2,22.0,EW-SR,4
TM,B0,48,3,10.0,EW-LU,4
TM,B0,49,0,10.0,NS-SR,4
TM,B0,49,1,48.0,NS-LU,4
TM,B0,49,2,22.0,EW-SR,4
TM,B0,49,3,10.0,EW-LU,4
TM,B0,50,0,10.0,NS-SR,4
TM,B0,50,1,45.0,NS-LU,4
TM,B0,50,2,25.0,EW-SR,4
TM,B0,50,3,10.0,EW-LU,4
TM,B0,51,0,10.0,NS-SR,4
TM,B0,51,1,42.0,NS-LU,4
TM,B0,51,2,25.0,EW-SR,4
TM,B0,51,3,13.0,EW-LU,4
TM,B0,52,0,10.0,NS-SR,4
TM,B0,52,1,40.0,NS-LU,4
TM,B0,52,2,25.0,EW-SR,4
TM,B0,52,3,15.0,EW-LU,4
TM,B0,53,0,11.0,NS-SR,4
TM,B0,53,1,42.0,NS-LU,4
TM,B0,53,2,24.0,EW-SR,4
TM,B0,53,3,13.0,EW-LU,4
TM,B0,54,0,10.0,NS-SR,4
TM,B0,54,1,44.0,NS-LU,4
TM,B0,54,2,22.0,EW-SR,4
TM,B0,54,3,14.0,EW-LU,4
TM,B0,55,0,10.0,NS-SR,4
TM,B0,55,1,46.0,NS-LU,4
TM,B0,55,2,20.0,EW-SR,4
TM,B0,55,3,14.0,EW-LU,4
TM,B0,56,0,10.0,NS-SR,4
TM,B0,56,1,48.0,NS-LU,4
TM,B0,56,2,18.0,EW-SR,4
TM,B0,56,3,14.0,EW-LU,4
TM,B0,57,0,10.0,NS-SR,4
TM,B0,57,1,50.0,NS-LU,4
TM,B0,57,2,17.0,EW-SR,4
TM,B0,57,3,13.0,EW-LU,4
TM,B0,58,0,10.0,NS-SR,4
TM,B0,58,1,47.0,NS-LU,4
TM,B0,58,2,21.0,EW-SR,4
TM,B0,58,3,12.0,EW-LU,4
TM,B0,59,0,10.0,NS-SR,4
TM,B0,59,1,44.0,NS-LU,4
TM,B0,59,2,23.0,EW-SR,4
TM,B0,59,3,13.0,EW-LU,4
TM,B0,60,0,10.0,NS-SR,4
TM,B0,60,1,42.0,NS-LU,4
TM,B0,60,2,27.0,EW-SR,4
TM,B0,60,3,11.0,EW-LU,4
TM,B0,61,0,10.0,NS-SR,4
TM,B0,61,1,39.0,NS-LU,4
TM,B0,61,2,27.0,EW-SR,4
TM,B0,61,3,14.0,EW-LU,4
TM,B0,62,0,10.0,NS-SR,4
TM,B0,62,1,37.0,NS-LU,4
TM,B0,62,2,29.0,EW-SR,4
TM,B0,62,3,14.0,EW-LU,4
TM,B0,63,0,10.0,NS-SR,4
TM,B0,63,1,39.0,NS-LU,4
TM,B0,63,2,27.0,EW-SR,4
TM,B0,63,3,14.0,EW-LU,4
TM,B0,64,0,10.0,NS-SR,4
TM,B0,64,1,41.0,NS-LU,4
TM,B0,64,2,25.0,EW-SR,4
TM,B0,64,3,14.0,EW-LU,4
TM,B0,65,0,10.0,NS-SR,4
TM,B0,65,1,39.0,NS-LU,4
TM,B0,65,2,22.0,EW-SR,4
TM,B0,65,3,19.0,EW-LU,4
TM,B0,66,0,10.0,NS-SR,4
TM,B0,66,1,39.0,NS-LU,4
TM,B0,66,2,23.0,EW-SR,4
TM,B0,66,3,18.0,EW-LU,4
TM,B0,67,0,11.0,NS-SR,4
TM,B0,67,1,38.0,NS-LU,4
TM,B0,67,2,28.0,EW-SR,4
TM,B0,67,3,13.0,EW-LU,4
TM,B0,68,0,10.0,NS-SR,4
TM,B0,68,1,36.0,NS-LU,4
TM,B0,68,2,31.0,EW-SR,4
TM,B0,68,3,13.0,EW-LU,4
TM,B0,69,0,10.0,NS-SR,4
TM,B0,69,1,34.0,NS-LU,4
TM,B0,69,2,34.0,EW-SR,4
TM,B0,69,3,12.0,EW-LU,4
TM,B0,70,0,11.0,NS-SR,4
TM,B0,70,1,31.0,NS-LU,4
TM,B0,70,2,37.0,EW-SR,4
TM,B0,70,3,11.0,EW-LU,4
TM,B0,71,0,10.0,NS-SR,4
TM,B0,71,1,28.0,NS-LU,4
TM,B0,71,2,41.0,EW-SR,4
TM,B0,71,3,11.0,EW-LU,4
TM,B0,72,0,10.0,NS-SR,4
TM,B0,72,1,25.0,NS-LU,4
TM,B0,72,2,42.0,EW-SR,4
TM,B0,72,3,13.0,EW-LU,4
TM,B0,73,0,10.0,NS-SR,4
TM,B0,73,1,22.0,NS-LU,4
TM,B0,73,2,44.0,EW-SR,4
TM,B0,73,3,14.0,EW-LU,4
TM,B0,74,0,10.0,NS-SR,4
TM,B0,74,1,24.0,NS-LU,4
TM,B0,74,2,41.0,EW-SR,4
TM,B0,74,3,15.0,EW-LU,4
TM,B0,75,0,10.0,NS-SR,4
TM,B0,75,1,26.0,NS-LU,4
TM,B0,75,2,39.0,EW-SR,4
TM,B0,75,3,15.0,EW-LU,4
TM,B0,76,0,10.0,NS-SR,4
TM,B0,76,1,24.0,NS-LU,4
TM,B0,76,2,40.0,EW-SR,4
TM,B0,76,3,16.0,EW-LU,4
TM,B0,77,0,10.0,NS-SR,4
TM,B0,77,1,27.0,NS-LU,4
TM,B0,77,2,39.0,EW-SR,4
TM,B0,77,3,14.0,EW-LU,4
TM,B0,78,0,10.0,NS-SR,4
TM,B0,78,1,29.0,NS-LU,4
TM,B0,78,2,37.0,EW-SR,4
TM,B0,78,3,14.0,EW-LU,4
TM,B0,79,0,10.0,NS-SR,4
TM,B0,79,1,31.0,NS-LU,4
TM,B0,79,2,35.0,EW-SR,4
TM,B0,79,3,14.0,EW-LU,4
TM,B0,80,0,10.0,NS-SR,4
TM,B0,80,1,29.0,NS-LU,4
TM,B0,80,2,36.0,EW-SR,4
TM,B0,80,3,15.0,EW-LU,4
TM,C2,0,0,22.0,NS-SR,4
TM,C2,0,1,23.0,NS-LU,4
TM,C2,0,2,22.0,EW-SR,4
TM,C2,0,3,23.0,EW-LU,4
TM,C2,1,0,23.0,NS-SR,4
TM,C2,1,1,23.0,NS-LU,4
TM,C2,1,2,22.0,EW-SR,4
TM,C2,1,3,22.0,EW-LU,4
TM,C2,2,0,22.0,NS-SR,4
TM,C2,2,1,22.0,NS-LU,4
TM,C2,2,2,24.0,EW-SR,4
TM,C2,2,3,22.0,EW-LU,4
TM,C2,3,0,19.0,NS-SR,4
TM,C2,3,1,19.0,NS-LU,4
TM,C2,3,2,29.0,EW-SR,4
TM,C2,3,3,23.0,EW-LU,4
TM,C2,4,0,17.0,NS-SR,4
TM,C2,4,1,17.0,NS-LU,4
TM,C2,4,2,31.0,EW-SR,4
TM,C2,4,3,25.0,EW-LU,4
TM,C2,5,0,24.0,NS-SR,4
TM,C2,5,1,20.0,NS-LU,4
TM,C2,5,2,26.0,EW-SR,4
TM,C2,5,3,20.0,EW-LU,4
TM,C2,6,0,28.0,NS-SR,4
TM,C2,6,1,22.0,NS-LU,4
TM,C2,6,2,23.0,EW-SR,4
TM,C2,6,3,17.0,EW-LU,4
TM,C2,7,0,30.0,NS-SR,4
TM,C2,7,1,22.0,NS-LU,4
TM,C2,7,2,23.0,EW-SR,4
TM,C2,7,3,15.0,EW-LU,4
TM,C2,8,0,28.0,NS-SR,4
TM,C2,8,1,20.0,NS-LU,4
TM,C2,8,2,25.0,EW-SR,4
TM,C2,8,3,17.0,EW-LU,4
TM,C2,9,0,27.0,NS-SR,4
TM,C2,9,1,18.0,NS-LU,4
TM,C2,9,2,27.0,EW-SR,4
TM,C2,9,3,18.0,EW-LU,4
TM,C2,10,0,26.0,NS-SR,4
TM,C2,10,1,19.0,NS-LU,4
TM,C2,10,2,27.0,EW-SR,4
TM,C2,10,3,18.0,EW-LU,4
TM,C2,11,0,34.0,NS-SR,4
TM,C2,11,1,21.0,NS-LU,4
TM,C2,11,2,22.0,EW-SR,4
TM,C2,11,3,13.0,EW-LU,4
TM,C2,12,0,45.0,NS-SR,4
TM,C2,12,1,23.0,NS-LU,4
TM,C2,12,2,12.0,EW-SR,4
TM,C2,12,3,10.0,EW-LU,4
TM,C2,13,0,47.0,NS-SR,4
TM,C2,13,1,23.0,NS-LU,4
TM,C2,13,2,10.0,EW-SR,4
TM,C2,13,3,10.0,EW-LU,4
TM,C2,14,0,45.0,NS-SR,4
TM,C2,14,1,21.0,NS-LU,4
TM,C2,14,2,12.0,EW-SR,4
TM,C2,14,3,12.0,EW-LU,4
TM,C2,15,0,42.0,NS-SR,4
TM,C2,15,1,17.0,NS-LU,4
TM,C2,15,2,16.0,EW-SR,4
TM,C2,15,3,15.0,EW-LU,4
TM,C2,16,0,40.0,NS-SR,4
TM,C2,16,1,24.0,NS-LU,4
TM,C2,16,2,13.0,EW-SR,4
TM,C2,16,3,13.0,EW-LU,4
TM,C2,17,0,40.0,NS-SR,4
TM,C2,17,1,27.0,NS-LU,4
TM,C2,17,2,12.0,EW-SR,4
TM,C2,17,3,11.0,EW-LU,4
TM,C2,18,0,44.0,NS-SR,4
TM,C2,18,1,25.0,NS-LU,4
TM,C2,18,2,11.0,EW-SR,4
TM,C2,18,3,10.0,EW-LU,4
TM,C2,19,0,47.0,NS-SR,4
TM,C2,19,1,23.0,NS-LU,4
TM,C2,19,2,10.0,EW-SR,4
TM,C2,19,3,10.0,EW-LU,4
TM,C2,20,0,49.0,NS-SR,4
TM,C2,20,1,20.0,NS-LU,4
TM,C2,20,2,11.0,EW-SR,4
TM,C2,20,3,10.0,EW-LU,4
TM,C2,21,0,45.0,NS-SR,4
TM,C2,21,1,23.0,NS-LU,4
TM,C2,21,2,11.0,EW-SR,4
TM,C2,21,3,11.0,EW-LU,4
TM,C2,22,0,41.0,NS-SR,4
TM,C2,22,1,22.0,NS-LU,4
TM,C2,22,2,14.0,EW-SR,4
TM,C2,22,3,13.0,EW-LU,4
TM,C2,23,0,38.0,NS-SR,4
TM,C2,23,1,20.0,NS-LU,4
TM,C2,23,2,16.0,EW-SR,4
TM,C2,23,3,16.0,EW-LU,4
TM,C2,24,0,43.0,NS-SR,4
TM,C2,24,1,26.0,NS-LU,4
TM,C2,24,2,11.0,EW-SR,4
TM,C2,24,3,10.0,EW-LU,4
TM,C2,25,0,40.0,NS-SR,4
TM,C2,25,1,23.0,NS-LU,4
TM,C2,25,2,12.0,EW-SR,4
TM,C2,25,3,15.0,EW-LU,4
TM,C2,26,0,39.0,NS-SR,4
TM,C2,26,1,21.0,NS-LU,4
TM,C2,26,2,15.0,EW-SR,4
TM,C2,26,3,15.0,EW-LU,4
TM,C2,27,0,40.0,NS-SR,4
TM,C2,27,1,19.0,NS-LU,4
TM,C2,27,2,16.0,EW-SR,4
TM,C2,27,3,15.0,EW-LU,4
TM,C2,28,0,44.0,NS-SR,4
TM,C2,28,1,23.0,NS-LU,4
TM,C2,28,2,12.0,EW-SR,4
TM,C2,28,3,11.0,EW-LU,4
TM,C2,29,0,44.0,NS-SR,4
TM,C2,29,1,18.0,NS-LU,4
TM,C2,29,2,15.0,EW-SR,4
TM,C2,29,3,13.0,EW-LU,4
TM,C2,30,0,42.0,NS-SR,4
TM,C2,30,1,18.0,NS-LU,4
TM,C2,30,2,16.0,EW-SR,4
TM,C2,30,3,14.0,EW-LU,4
TM,C2,31,0,41.0,NS-SR,4
TM,C2,31,1,18.0,NS-LU,4
TM,C2,31,2,16.0,EW-SR,4
TM,C2,31,3,15.0,EW-LU,4
TM,C2,32,0,38.0,NS-SR,4
TM,C2,32,1,21.0,NS-LU,4
TM,C2,32,2,18.0,EW-SR,4
TM,C2,32,3,13.0,EW-LU,4
TM,C2,33,0,36.0,NS-SR,4
TM,C2,33,1,22.0,NS-LU,4
TM,C2,33,2,18.0,EW-SR,4
TM,C2,33,3,14.0,EW-LU,4
TM,C2,34,0,39.0,NS-SR,4
TM,C2,34,1,21.0,NS-LU,4
TM,C2,34,2,16.0,EW-SR,4
TM,C2,34,3,14.0,EW-LU,4
TM,C2,35,0,38.0,NS-SR,4
TM,C2,35,1,17.0,NS-LU,4
TM,C2,35,2,15.0,EW-SR,4
TM,C2,35,3,20.0,EW-LU,4
TM,C2,36,0,41.0,NS-SR,4
TM,C2,36,1,18.0,NS-LU,4
TM,C2,36,2,20.0,EW-SR,4
TM,C2,36,3,11.0,EW-LU,4
TM,C2,37,0,42.0,NS-SR,4
TM,C2,37,1,18.0,NS-LU,4
TM,C2,37,2,19.0,EW-SR,4
TM,C2,37,3,11.0,EW-LU,4
TM,C2,38,0,42.0,NS-SR,4
TM,C2,38,1,19.0,NS-LU,4
TM,C2,38,2,17.0,EW-SR,4
TM,C2,38,3,12.0,EW-LU,4
TM,C2,39,0,41.0,NS-SR,4
TM,C2,39,1,20.0,NS-LU,4
TM,C2,39,2,17.0,EW-SR,4
TM,C2,39,3,12.0,EW-LU,4
TM,C2,40,0,37.0,NS-SR,4
TM,C2,40,1,22.0,NS-LU,4
TM,C2,40,2,17.0,EW-SR,4
TM,C2,40,3,14.0,EW-LU,4
TM,C2,41,0,37.0,NS-SR,4
TM,C2,41,1,22.0,NS-LU,4
TM,C2,41,2,16.0,EW-SR,4
TM,C2,41,3,15.0,EW-LU,4
TM,C2,42,0,38.0,NS-SR,4
TM,C2,42,1,22.0,NS-LU,4
TM,C2,42,2,16.0,EW-SR,4
TM,C2,42,3,14.0,EW-LU,4
TM,C2,43,0,38.0,NS-SR,4
TM,C2,43,1,22.0,NS-LU,4
TM,C2,43,2,16.0,EW-SR,4
TM,C2,43,3,14.0,EW-LU,4
TM,C2,44,0,34.0,NS-SR,4
TM,C2,44,1,18.0,NS-LU,4
TM,C2,44,2,20.0,EW-SR,4
TM,C2,44,3,18.0,EW-LU,4
TM,C2,45,0,29.0,NS-SR,4
TM,C2,45,1,13.0,NS-LU,4
TM,C2,45,2,24.0,EW-SR,4
TM,C2,45,3,24.0,EW-LU,4
TM,C2,46,0,29.0,NS-SR,4
TM,C2,46,1,17.0,NS-LU,4
TM,C2,46,2,22.0,EW-SR,4
TM,C2,46,3,22.0,EW-LU,4
TM,C2,47,0,33.0,NS-SR,4
TM,C2,47,1,17.0,NS-LU,4
TM,C2,47,2,23.0,EW-SR,4
TM,C2,47,3,17.0,EW-LU,4
TM,C2,48,0,39.0,NS-SR,4
TM,C2,48,1,17.0,NS-LU,4
TM,C2,48,2,22.0,EW-SR,4
TM,C2,48,3,12.0,EW-LU,4
TM,C2,49,0,39.0,NS-SR,4
TM,C2,49,1,19.0,NS-LU,4
TM,C2,49,2,18.0,EW-SR,4
TM,C2,49,3,14.0,EW-LU,4
TM,C2,50,0,41.0,NS-SR,4
TM,C2,50,1,19.0,NS-LU,4
TM,C2,50,2,16.0,EW-SR,4
TM,C2,50,3,14.0,EW-LU,4
TM,C2,51,0,43.0,NS-SR,4
TM,C2,51,1,17.0,NS-LU,4
TM,C2,51,2,16.0,EW-SR,4
TM,C2,51,3,14.0,EW-LU,4
TM,C2,52,0,41.0,NS-SR,4
TM,C2,52,1,18.0,NS-LU,4
TM,C2,52,2,16.0,EW-SR,4
TM,C2,52,3,15.0,EW-LU,4
TM,C2,53,0,34.0,NS-SR,4
TM,C2,53,1,17.0,NS-LU,4
TM,C2,53,2,19.0,EW-SR,4
TM,C2,53,3,20.0,EW-LU,4
TM,C2,54,0,33.0,NS-SR,4
TM,C2,54,1,19.0,NS-LU,4
TM,C2,54,2,19.0,EW-SR,4
TM,C2,54,3,19.0,EW-LU,4
TM,C2,55,0,36.0,NS-SR,4
TM,C2,55,1,16.0,NS-LU,4
TM,C2,55,2,20.0,EW-SR,4
TM,C2,55,3,18.0,EW-LU,4
TM,C2,56,0,35.0,NS-SR,4
TM,C2,56,1,18.0,NS-LU,4
TM,C2,56,2,16.0,EW-SR,4
TM,C2,56,3,21.0,EW-LU,4
TM,C2,57,0,34.0,NS-SR,4
TM,C2,57,1,18.0,NS-LU,4
TM,C2,57,2,15.0,EW-SR,4
TM,C2,57,3,23.0,EW-LU,4
TM,C2,58,0,31.0,NS-SR,4
TM,C2,58,1,25.0,NS-LU,4
TM,C2,58,2,18.0,EW-SR,4
TM,C2,58,3,16.0,EW-LU,4
TM,C2,59,0,30.0,NS-SR,4
TM,C2,59,1,29.0,NS-LU,4
TM,C2,59,2,21.0,EW-SR,4
TM,C2,59,3,10.0,EW-LU,4
TM,C2,60,0,27.0,NS-SR,4
TM,C2,60,1,27.0,NS-LU,4
TM,C2,60,2,21.0,EW-SR,4
TM,C2,60,3,15.0,EW-LU,4
TM,C2,61,0,23.0,NS-SR,4
TM,C2,61,1,29.0,NS-LU,4
TM,C2,61,2,22.0,EW-SR,4
TM,C2,61,3,16.0,EW-LU,4
TM,C2,62,0,21.0,NS-SR,4
TM,C2,62,1,29.0,NS-LU,4
TM,C2,62,2,24.0,EW-SR,4
TM,C2,62,3,16.0,EW-LU,4
TM,C2,63,0,23.0,NS-SR,4
TM,C2,63,1,31.0,NS-LU,4
TM,C2,63,2,26.0,EW-SR,4
TM,C2,63,3,10.0,EW-LU,4
TM,C2,64,0,24.0,NS-SR,4
TM,C2,64,1,30.0,NS-LU,4
TM,C2,64,2,23.0,EW-SR,4
TM,C2,64,3,13.0,EW-LU,4
TM,C2,65,0,27.0,NS-SR,4
TM,C2,65,1,29.0,NS-LU,4
TM,C2,65,2,19.0,EW-SR,4
TM,C2,65,3,15.0,EW-LU,4
TM,C2,66,0,32.0,NS-SR,4
TM,C2,66,1,26.0,NS-LU,4
TM,C2,66,2,16.0,EW-SR,4
TM,C2,66,3,16.0,EW-LU,4
TM,C2,67,0,37.0,NS-SR,4
TM,C2,67,1,23.0,NS-LU,4
TM,C2,67,2,15.0,EW-SR,4
TM,C2,67,3,15.0,EW-LU,4
TM,C2,68,0,39.0,NS-SR,4
TM,C2,68,1,21.0,NS-LU,4
TM,C2,68,2,16.0,EW-SR,4
TM,C2,68,3,14.0,EW-LU,4
TM,C2,69,0,41.0,NS-SR,4
TM,C2,69,1,19.0,NS-LU,4
TM,C2,69,2,16.0,EW-SR,4
TM,C2,69,3,14.0,EW-LU,4
TM,C2,70,0,43.0,NS-SR,4
TM,C2,70,1,17.0,NS-LU,4
TM,C2,70,2,15.0,EW-SR,4
TM,C2,70,3,15.0,EW-LU,4
TM,C2,71,0,41.0,NS-SR,4
TM,C2,71,1,20.0,NS-LU,4
TM,C2,71,2,15.0,EW-SR,4
TM,C2,71,3,14.0,EW-LU,4
TM,C2,72,0,38.0,NS-SR,4
TM,C2,72,1,21.0,NS-LU,4
TM,C2,72,2,16.0,EW-SR,4
TM,C2,72,3,15.0,EW-LU,4
TM,C2,73,0,39.0,NS-SR,4
TM,C2,73,1,20.0,NS-LU,4
TM,C2,73,2,17.0,EW-SR,4
TM,C2,73,3,14.0,EW-LU,4
TM,C2,74,0,40.0,NS-SR,4
TM,C2,74,1,20.0,NS-LU,4
TM,C2,74,2,17.0,EW-SR,4
TM,C2,74,3,13.0,EW-LU,4
TM,C2,75,0,41.0,NS-SR,4
TM,C2,75,1,19.0,NS-LU,4
TM,C2,75,2,19.0,EW-SR,4
TM,C2,75,3,11.0,EW-LU,4
TM,C2,76,0,41.0,NS-SR,4
TM,C2,76,1,19.0,NS-LU,4
TM,C2,76,2,16.0,EW-SR,4
TM,C2,76,3,14.0,EW-LU,4
TM,C2,77,0,38.0,NS-SR,4
TM,C2,77,1,17.0,NS-LU,4
TM,C2,77,2,18.0,EW-SR,4
TM,C2,77,3,17.0,EW-LU,4
TM,C2,78,0,36.0,NS-SR,4
TM,C2,78,1,18.0,NS-LU,4
TM,C2,78,2,17.0,EW-SR,4
TM,C2,78,3,19.0,EW-LU,4
TM,C2,79,0,36.0,NS-SR,4
TM,C2,79,1,17.0,NS-LU,4
TM,C2,79,2,16.0,EW-SR,4
TM,C2,79,3,21.0,EW-LU,4
TM,C2,80,0,29.0,NS-SR,4
TM,C2,80,1,18.0,NS-LU,4
TM,C2,80,2,20.0,EW-SR,4
TM,C2,80,3,23.0,EW-LU,4
TM,E4,0,0,22.0,NS-SR,4
TM,E4,0,1,23.0,NS-LU,4
TM,E4,0,2,22.0,EW-SR,4
TM,E4,0,3,23.0,EW-LU,4
TM,E4,1,0,23.0,NS-SR,4
TM,E4,1,1,23.0,NS-LU,4
TM,E4,1,2,22.0,EW-SR,4
TM,E4,1,3,22.0,EW-LU,4
TM,E4,2,0,23.0,NS-SR,4
TM,E4,2,1,23.0,NS-LU,4
TM,E4,2,2,22.0,EW-SR,4
TM,E4,2,3,22.0,EW-LU,4
TM,E4,3,0,23.0,NS-SR,4
TM,E4,3,1,23.0,NS-LU,4
TM,E4,3,2,22.0,EW-SR,4
TM,E4,3,3,22.0,EW-LU,4
TM,E4,4,0,23.0,NS-SR,4
TM,E4,4,1,23.0,NS-LU,4
TM,E4,4,2,22.0,EW-SR,4
TM,E4,4,3,22.0,EW-LU,4
TM,E4,5,0,23.0,NS-SR,4
TM,E4,5,1,23.0,NS-LU,4
TM,E4,5,2,22.0,EW-SR,4
TM,E4,5,3,22.0,EW-LU,4
TM,E4,6,0,23.0,NS-SR,4
TM,E4,6,1,23.0,NS-LU,4
TM,E4,6,2,22.0,EW-SR,4
TM,E4,6,3,22.0,EW-LU,4
TM,E4,7,0,23.0,NS-SR,4
TM,E4,7,1,23.0,NS-LU,4
TM,E4,7,2,22.0,EW-SR,4
TM,E4,7,3,22.0,EW-LU,4
TM,E4,8,0,20.0,NS-SR,4
TM,E4,8,1,20.0,NS-LU,4
TM,E4,8,2,30.0,EW-SR,4
TM,E4,8,3,20.0,EW-LU,4
TM,E4,9,0,16.0,NS-SR,4
TM,E4,9,1,17.0,NS-LU,4
TM,E4,9,2,39.0,EW-SR,4
TM,E4,9,3,18.0,EW-LU,4
TM,E4,10,0,15.0,NS-SR,4
TM,E4,10,1,15.0,NS-LU,4
TM,E4,10,2,43.0,EW-SR,4
TM,E4,10,3,17.0,EW-LU,4
TM,E4,11,0,11.0,NS-SR,4
TM,E4,11,1,11.0,NS-LU,4
TM,E4,11,2,50.0,EW-SR,4
TM,E4,11,3,18.0,EW-LU,4
TM,E4,12,0,12.0,NS-SR,4
TM,E4,12,1,12.0,NS-LU,4
TM,E4,12,2,49.0,EW-SR,4
TM,E4,12,3,17.0,EW-LU,4
TM,E4,13,0,12.0,NS-SR,4
TM,E4,13,1,12.0,NS-LU,4
TM,E4,13,2,49.0,EW-SR,4
TM,E4,13,3,17.0,EW-LU,4
TM,E4,14,0,12.0,NS-SR,4
TM,E4,14,1,12.0,NS-LU,4
TM,E4,14,2,49.0,EW-SR,4
TM,E4,14,3,17.0,EW-LU,4
TM,E4,15,0,19.0,NS-SR,4
TM,E4,15,1,15.0,NS-LU,4
TM,E4,15,2,44.0,EW-SR,4
TM,E4,15,3,12.0,EW-LU,4
TM,E4,16,0,30.0,NS-SR,4
TM,E4,16,1,16.0,NS-LU,4
TM,E4,16,2,34.0,EW-SR,4
TM,E4,16,3,10.0,EW-LU,4
TM,E4,17,0,25.0,NS-SR,4
TM,E4,17,1,11.0,NS-LU,4
TM,E4,17,2,37.0,EW-SR,4
TM,E4,17,3,17.0,EW-LU,4
TM,E4,18,0,26.0,NS-SR,4
TM,E4,18,1,18.0,NS-LU,4
TM,E4,18,2,32.0,EW-SR,4
TM,E4,18,3,14.0,EW-LU,4
TM,E4,19,0,28.0,NS-SR,4
TM,E4,19,1,22.0,NS-LU,4
TM,E4,19,2,28.0,EW-SR,4
TM,E4,19,3,12.0,EW-LU,4
TM,E4,20,0,29.0,NS-SR,4
TM,E4,20,1,19.0,NS-LU,4
TM,E4,20,2,31.0,EW-SR,4
TM,E4,20,3,11.0,EW-LU,4
TM,E4,21,0,32.0,NS-SR,4
TM,E4,21,1,14.0,NS-LU,4
TM,E4,21,2,32.0,EW-SR,4
TM,E4,21,3,12.0,EW-LU,4
TM,E4,22,0,30.0,NS-SR,4
TM,E4,22,1,10.0,NS-LU,4
TM,E4,22,2,38.0,EW-SR,4
TM,E4,22,3,12.0,EW-LU,4
TM,E4,23,0,24.0,NS-SR,4
TM,E4,23,1,10.0,NS-LU,4
TM,E4,23,2,41.0,EW-SR,4
TM,E4,23,3,15.0,EW-LU,4
TM,E4,24,0,21.0,NS-SR,4
TM,E4,24,1,16.0,NS-LU,4
TM,E4,24,2,43.0,EW-SR,4
TM,E4,24,3,10.0,EW-LU,4
TM,E4,25,0,15.0,NS-SR,4
TM,E4,25,1,16.0,NS-LU,4
TM,E4,25,2,39.0,EW-SR,4
TM,E4,25,3,20.0,EW-LU,4
TM,E4,26,0,13.0,NS-SR,4
TM,E4,26,1,12.0,NS-LU,4
TM,E4,26,2,46.0,EW-SR,4
TM,E4,26,3,19.0,EW-LU,4
TM,E4,27,0,18.0,NS-SR,4
TM,E4,27,1,15.0,NS-LU,4
TM,E4,27,2,41.0,EW-SR,4
TM,E4,27,3,16.0,EW-LU,4
TM,E4,28,0,14.0,NS-SR,4
TM,E4,28,1,11.0,NS-LU,4
TM,E4,28,2,48.0,EW-SR,4
TM,E4,28,3,17.0,EW-LU,4
TM,E4,29,0,11.0,NS-SR,4
TM,E4,29,1,11.0,NS-LU,4
TM,E4,29,2,51.0,EW-SR,4
TM,E4,29,3,17.0,EW-LU,4
TM,E4,30,0,11.0,NS-SR,4
TM,E4,30,1,11.0,NS-LU,4
TM,E4,30,2,52.0,EW-SR,4
TM,E4,30,3,16.0,EW-LU,4
TM,E4,31,0,10.0,NS-SR,4
TM,E4,31,1,10.0,NS-LU,4
TM,E4,31,2,50.0,EW-SR,4
TM,E4,31,3,20.0,EW-LU,4
TM,E4,32,0,10.0,NS-SR,4
TM,E4,32,1,10.0,NS-LU,4
TM,E4,32,2,52.0,EW-SR,4
TM,E4,32,3,18.0,EW-LU,4
TM,E4,33,0,10.0,NS-SR,4
TM,E4,33,1,10.0,NS-LU,4
TM,E4,33,2,55.0,EW-SR,4
TM,E4,33,3,15.0,EW-LU,4
TM,E4,34,0,10.0,NS-SR,4
TM,E4,34,1,10.0,NS-LU,4
TM,E4,34,2,58.0,EW-SR,4
TM,E4,34,3,12.0,EW-LU,4
TM,E4,35,0,13.0,NS-SR,4
TM,E4,35,1,15.0,NS-LU,4
TM,E4,35,2,50.0,EW-SR,4
TM,E4,35,3,12.0,EW-LU,4
TM,E4,36,0,17.0,NS-SR,4
TM,E4,36,1,16.0,NS-LU,4
TM,E4,36,2,43.0,EW-SR,4
TM,E4,36,3,14.0,EW-LU,4
TM,E4,37,0,23.0,NS-SR,4
TM,E4,37,1,20.0,NS-LU,4
TM,E4,37,2,37.0,EW-SR,4
TM,E4,37,3,10.0,EW-LU,4
TM,E4,38,0,27.0,NS-SR,4
TM,E4,38,1,22.0,NS-LU,4
TM,E4,38,2,31.0,EW-SR,4
TM,E4,38,3,10.0,EW-LU,4
TM,E4,39,0,23.0,NS-SR,4
TM,E4,39,1,16.0,NS-LU,4
TM,E4,39,2,37.0,EW-SR,4
TM,E4,39,3,14.0,EW-LU,4
TM,E4,40,0,20.0,NS-SR,4
TM,E4,40,1,12.0,NS-LU,4
TM,E4,40,2,43.0,EW-SR,4
TM,E4,40,3,15.0,EW-LU,4
TM,E4,41,0,17.0,NS-SR,4
TM,E4,41,1,13.0,NS-LU,4
TM,E4,41,2,43.0,EW-SR,4
TM,E4,41,3,17.0,EW-LU,4
TM,E4,42,0,12.0,NS-SR,4
TM,E4,42,1,10.0,NS-LU,4
TM,E4,42,2,47.0,EW-SR,4
TM,E4,42,3,21.0,EW-LU,4
TM,E4,43,0,11.0,NS-SR,4
TM,E4,43,1,10.0,NS-LU,4
TM,E4,43,2,47.0,EW-SR,4
TM,E4,43,3,22.0,EW-LU,4
TM,E4,44,0,17.0,NS-SR,4
TM,E4,44,1,16.0,NS-LU,4
TM,E4,44,2,41.0,EW-SR,4
TM,E4,44,3,16.0,EW-LU,4
TM,E4,45,0,20.0,NS-SR,4
TM,E4,45,1,19.0,NS-LU,4
TM,E4,45,2,40.0,EW-SR,4
TM,E4,45,3,11.0,EW-LU,4
TM,E4,46,0,16.0,NS-SR,4
TM,E4,46,1,15.0,NS-LU,4
TM,E4,46,2,47.0,EW-SR,4
TM,E4,46,3,12.0,EW-LU,4
TM,E4,47,0,16.0,NS-SR,4
TM,E4,47,1,15.0,NS-LU,4
TM,E4,47,2,45.0,EW-SR,4
TM,E4,47,3,14.0,EW-LU,4
TM,E4,48,0,12.0,NS-SR,4
TM,E4,48,1,10.0,NS-LU,4
TM,E4,48,2,48.0,EW-SR,4
TM,E4,48,3,20.0,EW-LU,4
TM,E4,49,0,14.0,NS-SR,4
TM,E4,49,1,14.0,NS-LU,4
TM,E4,49,2,42.0,EW-SR,4
TM,E4,49,3,20.0,EW-LU,4
TM,E4,50,0,13.0,NS-SR,4
TM,E4,50,1,17.0,NS-LU,4
TM,E4,50,2,44.0,EW-SR,4
TM,E4,50,3,16.0,EW-LU,4
TM,E4,51,0,19.0,NS-SR,4
TM,E4,51,1,20.0,NS-LU,4
TM,E4,51,2,41.0,EW-SR,4
TM,E4,51,3,10.0,EW-LU,4
TM,E4,52,0,14.0,NS-SR,4
TM,E4,52,1,15.0,NS-LU,4
TM,E4,52,2,45.0,EW-SR,4
TM,E4,52,3,16.0,EW-LU,4
TM,E4,53,0,11.0,NS-SR,4
TM,E4,53,1,11.0,NS-LU,4
TM,E4,53,2,51.0,EW-SR,4
TM,E4,53,3,17.0,EW-LU,4
TM,E4,54,0,10.0,NS-SR,4
TM,E4,54,1,10.0,NS-LU,4
TM,E4,54,2,57.0,EW-SR,4
TM,E4,54,3,13.0,EW-LU,4
TM,E4,55,0,17.0,NS-SR,4
TM,E4,55,1,14.0,NS-LU,4
TM,E4,55,2,48.0,EW-SR,4
TM,E4,55,3,11.0,EW-LU,4
TM,E4,56,0,18.0,NS-SR,4
TM,E4,56,1,19.0,NS-LU,4
TM,E4,56,2,41.0,EW-SR,4
TM,E4,56,3,12.0,EW-LU,4
TM,E4,57,0,22.0,NS-SR,4
TM,E4,57,1,21.0,NS-LU,4
TM,E4,57,2,35.0,EW-SR,4
TM,E4,57,3,12.0,EW-LU,4
TM,E4,58,0,23.0,NS-SR,4
TM,E4,58,1,18.0,NS-LU,4
TM,E4,58,2,35.0,EW-SR,4
TM,E4,58,3,14.0,EW-LU,4
TM,E4,59,0,22.0,NS-SR,4
TM,E4,59,1,14.0,NS-LU,4
TM,E4,59,2,42.0,EW-SR,4
TM,E4,59,3,12.0,EW-LU,4
TM,E4,60,0,17.0,NS-SR,4
TM,E4,60,1,10.0,NS-LU,4
TM,E4,60,2,47.0,EW-SR,4
TM,E4,60,3,16.0,EW-LU,4
TM,E4,61,0,14.0,NS-SR,4
TM,E4,61,1,16.0,NS-LU,4
TM,E4,61,2,45.0,EW-SR,4
TM,E4,61,3,15.0,EW-LU,4
TM,E4,62,0,16.0,NS-SR,4
TM,E4,62,1,18.0,NS-LU,4
TM,E4,62,2,43.0,EW-SR,4
TM,E4,62,3,13.0,EW-LU,4
TM,E4,63,0,19.0,NS-SR,4
TM,E4,63,1,18.0,NS-LU,4
TM,E4,63,2,42.0,EW-SR,4
TM,E4,63,3,11.0,EW-LU,4
TM,E4,64,0,22.0,NS-SR,4
TM,E4,64,1,18.0,NS-LU,4
TM,E4,64,2,40.0,EW-SR,4
TM,E4,64,3,10.0,EW-LU,4
TM,E4,65,0,17.0,NS-SR,4
TM,E4,65,1,13.0,NS-LU,4
TM,E4,65,2,44.0,EW-SR,4
TM,E4,65,3,16.0,EW-LU,4
TM,E4,66,0,13.0,NS-SR,4
TM,E4,66,1,11.0,NS-LU,4
TM,E4,66,2,47.0,EW-SR,4
TM,E4,66,3,19.0,EW-LU,4
TM,E4,67,0,12.0,NS-SR,4
TM,E4,67,1,12.0,NS-LU,4
TM,E4,67,2,51.0,EW-SR,4
TM,E4,67,3,15.0,EW-LU,4
TM,E4,68,0,13.0,NS-SR,4
TM,E4,68,1,15.0,NS-LU,4
TM,E4,68,2,52.0,EW-SR,4
TM,E4,68,3,10.0,EW-LU,4
TM,E4,69,0,13.0,NS-SR,4
TM,E4,69,1,14.0,NS-LU,4
TM,E4,69,2,50.0,EW-SR,4
TM,E4,69,3,13.0,EW-LU,4
TM,E4,70,0,16.0,NS-SR,4
TM,E4,70,1,16.0,NS-LU,4
TM,E4,70,2,42.0,EW-SR,4
TM,E4,70,3,16.0,EW-LU,4
TM,E4,71,0,18.0,NS-SR,4
TM,E4,71,1,14.0,NS-LU,4
TM,E4,71,2,45.0,EW-SR,4
TM,E4,71,3,13.0,EW-LU,4
TM,E4,72,0,17.0,NS-SR,4
TM,E4,72,1,11.0,NS-LU,4
TM,E4,72,2,47.0,EW-SR,4
TM,E4,72,3,15.0,EW-LU,4
TM,E4,73,0,16.0,NS-SR,4
TM,E4,73,1,14.0,NS-LU,4
TM,E4,73,2,48.0,EW-SR,4
TM,E4,73,3,12.0,EW-LU,4
TM,E4,74,0,14.0,NS-SR,4
TM,E4,74,1,15.0,NS-LU,4
TM,E4,74,2,50.0,EW-SR,4
TM,E4,74,3,11.0,EW-LU,4
TM,E4,75,0,18.0,NS-SR,4
TM,E4,75,1,15.0,NS-LU,4
TM,E4,75,2,45.0,EW-SR,4
TM,E4,75,3,12.0,EW-LU,4
TM,E4,76,0,20.0,NS-SR,4
TM,E4,76,1,17.0,NS-LU,4
TM,E4,76,2,40.0,EW-SR,4
TM,E4,76,3,13.0,EW-LU,4
TM,E4,77,0,20.0,NS-SR,4
TM,E4,77,1,20.0,NS-LU,4
TM,E4,77,2,39.0,EW-SR,4
TM,E4,77,3,11.0,EW-LU,4
TM,E4,78,0,13.0,NS-SR,4
TM,E4,78,1,23.0,NS-LU,4
TM,E4,78,2,40.0,EW-SR,4
TM,E4,78,3,14.0,EW-LU,4
TM,E4,79,0,12.0,NS-SR,4
TM,E4,79,1,25.0,NS-LU,4
TM,E4,79,2,42.0,EW-SR,4
TM,E4,79,3,11.0,EW-LU,4
TM,E4,80,0,10.0,NS-SR,4
TM,E4,80,1,19.0,NS-LU,4
TM,E4,80,2,47.0,EW-SR,4
TM,E4,80,3,14.0,EW-LU,4
TM,E3,0,0,22.0,NS-SR,4
TM,E3,0,1,23.0,NS-LU,4
TM,E3,0,2,22.0,EW-SR,4
TM,E3,0,3,23.0,EW-LU,4
TM,E3,1,0,23.0,NS-SR,4
TM,E3,1,1,23.0,NS-LU,4
TM,E3,1,2,22.0,EW-SR,4
TM,E3,1,3,22.0,EW-LU,4
TM,E3,2,0,23.0,NS-SR,4
TM,E3,2,1,23.0,NS-LU,4
TM,E3,2,2,22.0,EW-SR,4
TM,E3,2,3,22.0,EW-LU,4
TM,E3,3,0,11.0,NS-SR,4
TM,E3,3,1,15.0,NS-LU,4
TM,E3,3,2,32.0,EW-SR,4
TM,E3,3,3,32.0,EW-LU,4
TM,E3,4,0,19.0,NS-SR,4
TM,E3,4,1,15.0,NS-LU,4
TM,E3,4,2,28.0,EW-SR,4
TM,E3,4,3,28.0,EW-LU,4
TM,E3,5,0,26.0,NS-SR,4
TM,E3,5,1,18.0,NS-LU,4
TM,E3,5,2,23.0,EW-SR,4
TM,E3,5,3,23.0,EW-LU,4
TM,E3,6,0,21.0,NS-SR,4
TM,E3,6,1,13.0,NS-LU,4
TM,E3,6,2,29.0,EW-SR,4
TM,E3,6,3,27.0,EW-LU,4
TM,E3,7,0,19.0,NS-SR,4
TM,E3,7,1,11.0,NS-LU,4
TM,E3,7,2,34.0,EW-SR,4
TM,E3,7,3,26.0,EW-LU,4
TM,E3,8,0,26.0,NS-SR,4
TM,E3,8,1,16.0,NS-LU,4
TM,E3,8,2,28.0,EW-SR,4
TM,E3,8,3,20.0,EW-LU,4
TM,E3,9,0,38.0,NS-SR,4
TM,E3,9,1,22.0,NS-LU,4
TM,E3,9,2,19.0,EW-SR,4
TM,E3,9,3,11.0,EW-LU,4
TM,E3,10,0,45.0,NS-SR,4
TM,E3,10,1,21.0,NS-LU,4
TM,E3,10,2,14.0,EW-SR,4
TM,E3,10,3,10.0,EW-LU,4
TM,E3,11,0,36.0,NS-SR,4
TM,E3,11,1,12.0,NS-LU,4
TM,E3,11,2,24.0,EW-SR,4
TM,E3,11,3,18.0,EW-LU,4
TM,E3,12,0,29.0,NS-SR,4
TM,E3,12,1,12.0,NS-LU,4
TM,E3,12,2,32.0,EW-SR,4
TM,E3,12,3,17.0,EW-LU,4
TM,E3,13,0,26.0,NS-SR,4
TM,E3,13,1,13.0,NS-LU,4
TM,E3,13,2,33.0,EW-SR,4
TM,E3,13,3,18.0,EW-LU,4
TM,E3,14,0,30.0,NS-SR,4
TM,E3,14,1,17.0,NS-LU,4
TM,E3,14,2,29.0,EW-SR,4
TM,E3,14,3,14.0,EW-LU,4
TM,E3,15,0,38.0,NS-SR,4
TM,E3,15,1,17.0,NS-LU,4
TM,E3,15,2,24.0,EW-SR,4
TM,E3,15,3,11.0,EW-LU,4
TM,E3,16,0,33.0,NS-SR,4
TM,E3,16,1,11.0,NS-LU,4
TM,E3,16,2,29.0,EW-SR,4
TM,E3,16,3,17.0,EW-LU,4
TM,E3,17,0,30.0,NS-SR,4
TM,E3,17,1,12.0,NS-LU,4
TM,E3,17,2,24.0,EW-SR,4
TM,E3,17,3,24.0,EW-LU,4
TM,E3,18,0,28.0,NS-SR,4
TM,E3,18,1,18.0,NS-LU,4
TM,E3,18,2,20.0,EW-SR,4
TM,E3,18,3,24.0,EW-LU,4
TM,E3,19,0,34.0,NS-SR,4
TM,E3,19,1,22.0,NS-LU,4
TM,E3,19,2,17.0,EW-SR,4
TM,E3,19,3,17.0,EW-LU,4
TM,E3,20,0,42.0,NS-SR,4
TM,E3,20,1,23.0,NS-LU,4
TM,E3,20,2,13.0,EW-SR,4
TM,E3,20,3,12.0,EW-LU,4
TM,E3,21,0,45.0,NS-SR,4
TM,E3,21,1,17.0,NS-LU,4
TM,E3,21,2,14.0,EW-SR,4
TM,E3,21,3,14.0,EW-LU,4
TM,E3,22,0,40.0,NS-SR,4
TM,E3,22,1,12.0,NS-LU,4
TM,E3,22,2,18.0,EW-SR,4
TM,E3,22,3,20.0,EW-LU,4
TM,E3,23,0,41.0,NS-SR,4
TM,E3,23,1,14.0,NS-LU,4
TM,E3,23,2,19.0,EW-SR,4
TM,E3,23,3,16.0,EW-LU,4
TM,E3,24,0,43.0,NS-SR,4
TM,E3,24,1,13.0,NS-LU,4
TM,E3,24,2,18.0,EW-SR,4
TM,E3,24,3,16.0,EW-LU,4
TM,E3,25,0,47.0,NS-SR,4
TM,E3,25,1,11.0,NS-LU,4
TM,E3,25,2,20.0,EW-SR,4
TM,E3,25,3,12.0,EW-LU,4
TM,E3,26,0,38.0,NS-SR,4
TM,E3,26,1,11.0,NS-LU,4
TM,E3,26,2,19.0,EW-SR,4
TM,E3,26,3,22.0,EW-LU,4
TM,E3,27,0,36.0,NS-SR,4
TM,E3,27,1,11.0,NS-LU,4
TM,E3,27,2,18.0,EW-SR,4
TM,E3,27,3,25.0,EW-LU,4
TM,E3,28,0,36.0,NS-SR,4
TM,E3,28,1,14.0,NS-LU,4
TM,E3,28,2,17.0,EW-SR,4
TM,E3,28,3,23.0,EW-LU,4
TM,E3,29,0,36.0,NS-SR,4
TM,E3,29,1,20.0,NS-LU,4
TM,E3,29,2,18.0,EW-SR,4
TM,E3,29,3,16.0,EW-LU,4
TM,E3,30,0,37.0,NS-SR,4
TM,E3,30,1,21.0,NS-LU,4
TM,E3,30,2,20.0,EW-SR,4
TM,E3,30,3,12.0,EW-LU,4
TM,E3,31,0,36.0,NS-SR,4
TM,E3,31,1,12.0,NS-LU,4
TM,E3,31,2,21.0,EW-SR,4
TM,E3,31,3,21.0,EW-LU,4
TM,E3,32,0,36.0,NS-SR,4
TM,E3,32,1,11.0,NS-LU,4
TM,E3,32,2,19.0,EW-SR,4
TM,E3,32,3,24.0,EW-LU,4
TM,E3,33,0,36.0,NS-SR,4
TM,E3,33,1,14.0,NS-LU,4
TM,E3,33,2,20.0,EW-SR,4
TM,E3,33,3,20.0,EW-LU,4
TM,E3,34,0,35.0,NS-SR,4
TM,E3,34,1,18.0,NS-LU,4
TM,E3,34,2,18.0,EW-SR,4
TM,E3,34,3,19.0,EW-LU,4
TM,E3,35,0,37.0,NS-SR,4
TM,E3,35,1,16.0,NS-LU,4
TM,E3,35,2,16.0,EW-SR,4
TM,E3,35,3,21.0,EW-LU,4
TM,E3,36,0,36.0,NS-SR,4
TM,E3,36,1,17.0,NS-LU,4
TM,E3,36,2,16.0,EW-SR,4
TM,E3,36,3,21.0,EW-LU,4
TM,E3,37,0,31.0,NS-SR,4
TM,E3,37,1,12.0,NS-LU,4
TM,E3,37,2,23.0,EW-SR,4
TM,E3,37,3,24.0,EW-LU,4
TM,E3,38,0,30.0,NS-SR,4
TM,E3,38,1,12.0,NS-LU,4
TM,E3,38,2,23.0,EW-SR,4
TM,E3,38,3,25.0,EW-LU,4
TM,E3,39,0,32.0,NS-SR,4
TM,E3,39,1,15.0,NS-LU,4
TM,E3,39,2,24.0,EW-SR,4
TM,E3,39,3,19.0,EW-LU,4
TM,E3,40,0,29.0,NS-SR,4
TM,E3,40,1,24.0,NS-LU,4
TM,E3,40,2,25.0,EW-SR,4
TM,E3,40,3,12.0,EW-LU,4
TM,E3,41,0,31.0,NS-SR,4
TM,E3,41,1,24.0,NS-LU,4
TM,E3,41,2,24.0,EW-SR,4
TM,E3,41,3,11.0,EW-LU,4
TM,E3,42,0,34.0,NS-SR,4
TM,E3,42,1,19.0,NS-LU,4
TM,E3,42,2,23.0,EW-SR,4
TM,E3,42,3,14.0,EW-LU,4
TM,E3,43,0,38.0,NS-SR,4
TM,E3,43,1,13.0,NS-LU,4
TM,E3,43,2,26.0,EW-SR,4
TM,E3,43,3,13.0,EW-LU,4
TM,E3,44,0,39.0,NS-SR,4
TM,E3,44,1,12.0,NS-LU,4
TM,E3,44,2,22.0,EW-SR,4
TM,E3,44,3,17.0,EW-LU,4
TM,E3,45,0,45.0,NS-SR,4
TM,E3,45,1,18.0,NS-LU,4
TM,E3,45,2,16.0,EW-SR,4
TM,E3,45,3,11.0,EW-LU,4
TM,E3,46,0,44.0,NS-SR,4
TM,E3,46,1,17.0,NS-LU,4
TM,E3,46,2,14.0,EW-SR,4
TM,E3,46,3,15.0,EW-LU,4
TM,E3,47,0,51.0,NS-SR,4
TM,E3,47,1,19.0,NS-LU,4
TM,E3,47,2,10.0,EW-SR,4
TM,E3,47,3,10.0,EW-LU,4
TM,E3,48,0,49.0,NS-SR,4
TM,E3,48,1,15.0,NS-LU,4
TM,E3,48,2,13.0,EW-SR,4
TM,E3,48,3,13.0,EW-LU,4
TM,E3,49,0,48.0,NS-SR,4
TM,E3,49,1,13.0,NS-LU,4
TM,E3,49,2,15.0,EW-SR,4
TM,E3,49,3,14.0,EW-LU,4
TM,E3,50,0,44.0,NS-SR,4
TM,E3,50,1,19.0,NS-LU,4
TM,E3,50,2,15.0,EW-SR,4
TM,E3,50,3,12.0,EW-LU,4
TM,E3,51,0,42.0,NS-SR,4
TM,E3,51,1,22.0,NS-LU,4
TM,E3,51,2,13.0,EW-SR,4
TM,E3,51,3,13.0,EW-LU,4
TM,E3,52,0,43.0,NS-SR,4
TM,E3,52,1,13.0,NS-LU,4
TM,E3,52,2,18.0,EW-SR,4
TM,E3,52,3,16.0,EW-LU,4
TM,E3,53,0,41.0,NS-SR,4
TM,E3,53,1,12.0,NS-LU,4
TM,E3,53,2,19.0,EW-SR,4
TM,E3,53,3,18.0,EW-LU,4
TM,E3,54,0,44.0,NS-SR,4
TM,E3,54,1,11.0,NS-LU,4
TM,E3,54,2,21.0,EW-SR,4
TM,E3,54,3,14.0,EW-LU,4
TM,E3,55,0,46.0,NS-SR,4
TM,E3,55,1,15.0,NS-LU,4
TM,E3,55,2,16.0,EW-SR,4
TM,E3,55,3,13.0,EW-LU,4
TM,E3,56,0,49.0,NS-SR,4
TM,E3,56,1,15.0,NS-LU,4
TM,E3,56,2,14.0,EW-SR,4
TM,E3,56,3,12.0,EW-LU,4
TM,E3,57,0,50.0,NS-SR,4
TM,E3,57,1,13.0,NS-LU,4
TM,E3,57,2,15.0,EW-SR,4
TM,E3,57,3,12.0,EW-LU,4
TM,E3,58,0,48.0,NS-SR,4
TM,E3,58,1,12.0,NS-LU,4
TM,E3,58,2,17.0,EW-SR,4
TM,E3,58,3,13.0,EW-LU,4
TM,E3,59,0,48.0,NS-SR,4
TM,E3,59,1,12.0,NS-LU,4
TM,E3,59,2,18.0,EW-SR,4
TM,E3,59,3,12.0,EW-LU,4
TM,E3,60,0,46.0,NS-SR,4
TM,E3,60,1,14.0,NS-LU,4
TM,E3,60,2,17.0,EW-SR,4
TM,E3,60,3,13.0,EW-LU,4
TM,E3,61,0,53.0,NS-SR,4
TM,E3,61,1,16.0,NS-LU,4
TM,E3,61,2,11.0,EW-SR,4
TM,E3,61,3,10.0,EW-LU,4
TM,E3,62,0,55.0,NS-SR,4
TM,E3,62,1,15.0,NS-LU,4
TM,E3,62,2,10.0,EW-SR,4
TM,E3,62,3,10.0,EW-LU,4
TM,E3,63,0,50.0,NS-SR,4
TM,E3,63,1,11.0,NS-LU,4
TM,E3,63,2,16.0,EW-SR,4
TM,E3,63,3,13.0,EW-LU,4
TM,E3,64,0,45.0,NS-SR,4
TM,E3,64,1,11.0,NS-LU,4
TM,E3,64,2,23.0,EW-SR,4
TM,E3,64,3,11.0,EW-LU,4
TM,E3,65,0,43.0,NS-SR,4
TM,E3,65,1,12.0,NS-LU,4
TM,E3,65,2,24.0,EW-SR,4
TM,E3,65,3,11.0,EW-LU,4
TM,E3,66,0,42.0,NS-SR,4
TM,E3,66,1,15.0,NS-LU,4
TM,E3,66,2,20.0,EW-SR,4
TM,E3,66,3,13.0,EW-LU,4
TM,E3,67,0,46.0,NS-SR,4
TM,E3,67,1,15.0,NS-LU,4
TM,E3,67,2,16.0,EW-SR,4
TM,E3,67,3,13.0,EW-LU,4
TM,E3,68,0,44.0,NS-SR,4
TM,E3,68,1,10.0,NS-LU,4
TM,E3,68,2,16.0,EW-SR,4
TM,E3,68,3,20.0,EW-LU,4
TM,E3,69,0,41.0,NS-SR,4
TM,E3,69,1,12.0,NS-LU,4
TM,E3,69,2,17.0,EW-SR,4
TM,E3,69,3,20.0,EW-LU,4
TM,E3,70,0,42.0,NS-SR,4
TM,E3,70,1,21.0,NS-LU,4
TM,E3,70,2,15.0,EW-SR,4
TM,E3,70,3,12.0,EW-LU,4
TM,E3,71,0,42.0,NS-SR,4
TM,E3,71,1,18.0,NS-LU,4
TM,E3,71,2,17.0,EW-SR,4
TM,E3,71,3,13.0,EW-LU,4
TM,E3,72,0,43.0,NS-SR,4
TM,E3,72,1,16.0,NS-LU,4
TM,E3,72,2,19.0,EW-SR,4
TM,E3,72,3,12.0,EW-LU,4
TM,E3,73,0,42.0,NS-SR,4
TM,E3,73,1,14.0,NS-LU,4
TM,E3,73,2,21.0,EW-SR,4
TM,E3,73,3,13.0,EW-LU,4
TM,E3,74,0,45.0,NS-SR,4
TM,E3,74,1,12.0,NS-LU,4
TM,E3,74,2,21.0,EW-SR,4
TM,E3,74,3,12.0,EW-LU,4
TM,E3,75,0,50.0,NS-SR,4
TM,E3,75,1,15.0,NS-LU,4
TM,E3,75,2,15.0,EW-SR,4
TM,E3,75,3,10.0,EW-LU,4
TM,E3,76,0,55.0,NS-SR,4
TM,E3,76,1,15.0,NS-LU,4
TM,E3,76,2,10.0,EW-SR,4
TM,E3,76,3,10.0,EW-LU,4
TM,E3,77,0,53.0,NS-SR,4
TM,E3,77,1,12.0,NS-LU,4
TM,E3,77,2,12.0,EW-SR,4
TM,E3,77,3,13.0,EW-LU,4
TM,E3,78,0,50.0,NS-SR,4
TM,E3,78,1,12.0,NS-LU,4
TM,E3,78,2,14.0,EW-SR,4
TM,E3,78,3,14.0,EW-LU,4
TM,E3,79,0,49.0,NS-SR,4
TM,E3,79,1,13.0,NS-LU,4
TM,E3,79,2,15.0,EW-SR,4
TM,E3,79,3,13.0,EW-LU,4
TM,E3,80,0,39.0,NS-SR,4
TM,E3,80,1,10.0,NS-LU,4
TM,E3,80,2,25.0,EW-SR,4
TM,E3,80,3,16.0,EW-LU,4
TM,C1,0,0,22.0,NS-SR,4
TM,C1,0,1,23.0,NS-LU,4
TM,C1,0,2,22.0,EW-SR,4
TM,C1,0,3,23.0,EW-LU,4
TM,C1,1,0,23.0,NS-SR,4
TM,C1,1,1,23.0,NS-LU,4
TM,C1,1,2,22.0,EW-SR,4
TM,C1,1,3,22.0,EW-LU,4
TM,C1,2,0,23.0,NS-SR,4
TM,C1,2,1,23.0,NS-LU,4
TM,C1,2,2,22.0,EW-SR,4
TM,C1,2,3,22.0,EW-LU,4
TM,C1,3,0,18.0,NS-SR,4
TM,C1,3,1,18.0,NS-LU,4
TM,C1,3,2,29.0,EW-SR,4
TM,C1,3,3,25.0,EW-LU,4
TM,C1,4,0,13.0,NS-SR,4
TM,C1,4,1,13.0,NS-LU,4
TM,C1,4,2,36.0,EW-SR,4
TM,C1,4,3,28.0,EW-LU,4
TM,C1,5,0,12.0,NS-SR,4
TM,C1,5,1,12.0,NS-LU,4
TM,C1,5,2,39.0,EW-SR,4
TM,C1,5,3,27.0,EW-LU,4
TM,C1,6,0,15.0,NS-SR,4
TM,C1,6,1,14.0,NS-LU,4
TM,C1,6,2,34.0,EW-SR,4
TM,C1,6,3,27.0,EW-LU,4
TM,C1,7,0,14.0,NS-SR,4
TM,C1,7,1,13.0,NS-LU,4
TM,C1,7,2,37.0,EW-SR,4
TM,C1,7,3,26.0,EW-LU,4
TM,C1,8,0,17.0,NS-SR,4
TM,C1,8,1,10.0,NS-LU,4
TM,C1,8,2,42.0,EW-SR,4
TM,C1,8,3,21.0,EW-LU,4
TM,C1,9,0,14.0,NS-SR,4
TM,C1,9,1,11.0,NS-LU,4
TM,C1,9,2,43.0,EW-SR,4
TM,C1,9,3,22.0,EW-LU,4
TM,C1,10,0,12.0,NS-SR,4
TM,C1,10,1,11.0,NS-LU,4
TM,C1,10,2,43.0,EW-SR,4
TM,C1,10,3,24.0,EW-LU,4
TM,C1,11,0,18.0,NS-SR,4
TM,C1,11,1,15.0,NS-LU,4
TM,C1,11,2,38.0,EW-SR,4
TM,C1,11,3,19.0,EW-LU,4
TM,C1,12,0,23.0,NS-SR,4
TM,C1,12,1,20.0,NS-LU,4
TM,C1,12,2,33.0,EW-SR,4
TM,C1,12,3,14.0,EW-LU,4
TM,C1,13,0,28.0,NS-SR,4
TM,C1,13,1,19.0,NS-LU,4
TM,C1,13,2,28.0,EW-SR,4
TM,C1,13,3,15.0,EW-LU,4
TM,C1,14,0,29.0,NS-SR,4
TM,C1,14,1,17.0,NS-LU,4
TM,C1,14,2,28.0,EW-SR,4
TM,C1,14,3,16.0,EW-LU,4
TM,C1,15,0,33.0,NS-SR,4
TM,C1,15,1,18.0,NS-LU,4
TM,C1,15,2,25.0,EW-SR,4
TM,C1,15,3,14.0,EW-LU,4
TM,C1,16,0,29.0,NS-SR,4
TM,C1,16,1,14.0,NS-LU,4
TM,C1,16,2,29.0,EW-SR,4
TM,C1,16,3,18.0,EW-LU,4
TM,C1,17,0,26.0,NS-SR,4
TM,C1,17,1,17.0,NS-LU,4
TM,C1,17,2,29.0,EW-SR,4
TM,C1,17,3,18.0,EW-LU,4
TM,C1,18,0,27.0,NS-SR,4
TM,C1,18,1,24.0,NS-LU,4
TM,C1,18,2,25.0,EW-SR,4
TM,C1,18,3,14.0,EW-LU,4
TM,C1,19,0,31.0,NS-SR,4
TM,C1,19,1,28.0,NS-LU,4
TM,C1,19,2,21.0,EW-SR,4
TM,C1,19,3,10.0,EW-LU,4
TM,C1,20,0,36.0,NS-SR,4
TM,C1,20,1,31.0,NS-LU,4
TM,C1,20,2,13.0,EW-SR,4
TM,C1,20,3,10.0,EW-LU,4
TM,C1,21,0,33.0,NS-SR,4
TM,C1,21,1,32.0,NS-LU,4
TM,C1,21,2,13.0,EW-SR,4
TM,C1,21,3,12.0,EW-LU,4
TM,C1,22,0,27.0,NS-SR,4
TM,C1,22,1,26.0,NS-LU,4
TM,C1,22,2,19.0,EW-SR,4
TM,C1,22,3,18.0,EW-LU,4
TM,C1,23,0,31.0,NS-SR,4
TM,C1,23,1,23.0,NS-LU,4
TM,C1,23,2,19.0,EW-SR,4
TM,C1,23,3,17.0,EW-LU,4
TM,C1,24,0,35.0,NS-SR,4
TM,C1,24,1,28.0,NS-LU,4
TM,C1,24,2,15.0,EW-SR,4
TM,C1,24,3,12.0,EW-LU,4
TM,C1,25,0,33.0,NS-SR,4
TM,C1,25,1,30.0,NS-LU,4
TM,C1,25,2,14.0,EW-SR,4
TM,C1,25,3,13.0,EW-LU,4
TM,C1,26,0,35.0,NS-SR,4
TM,C1,26,1,32.0,NS-LU,4
TM,C1,26,2,13.0,EW-SR,4
TM,C1,26,3,10.0,EW-LU,4
TM,C1,27,0,33.0,NS-SR,4
TM,C1,27,1,34.0,NS-LU,4
TM,C1,27,2,12.0,EW-SR,4
TM,C1,27,3,11.0,EW-LU,4
TM,C1,28,0,30.0,NS-SR,4
TM,C1,28,1,36.0,NS-LU,4
TM,C1,28,2,13.0,EW-SR,4
TM,C1,28,3,11.0,EW-LU,4
TM,C1,29,0,26.0,NS-SR,4
TM,C1,29,1,36.0,NS-LU,4
TM,C1,29,2,17.0,EW-SR,4
TM,C1,29,3,11.0,EW-LU,4
TM,C1,30,0,27.0,NS-SR,4
TM,C1,30,1,36.0,NS-LU,4
TM,C1,30,2,15.0,EW-SR,4
TM,C1,30,3,12.0,EW-LU,4
TM,C1,31,0,28.0,NS-SR,4
TM,C1,31,1,36.0,NS-LU,4
TM,C1,31,2,13.0,EW-SR,4
TM,C1,31,3,13.0,EW-LU,4
TM,C1,32,0,30.0,NS-SR,4
TM,C1,32,1,34.0,NS-LU,4
TM,C1,32,2,13.0,EW-SR,4
TM,C1,32,3,13.0,EW-LU,4
TM,C1,33,0,31.0,NS-SR,4
TM,C1,33,1,30.0,NS-LU,4
TM,C1,33,2,16.0,EW-SR,4
TM,C1,33,3,13.0,EW-LU,4
TM,C1,34,0,34.0,NS-SR,4
TM,C1,34,1,22.0,NS-LU,4
TM,C1,34,2,19.0,EW-SR,4
TM,C1,34,3,15.0,EW-LU,4
TM,C1,35,0,36.0,NS-SR,4
TM,C1,35,1,19.0,NS-LU,4
TM,C1,35,2,20.0,EW-SR,4
TM,C1,35,3,15.0,EW-LU,4
TM,C1,36,0,35.0,NS-SR,4
TM,C1,36,1,12.0,NS-LU,4
TM,C1,36,2,20.0,EW-SR,4
TM,C1,36,3,23.0,EW-LU,4
TM,C1,37,0,35.0,NS-SR,4
TM,C1,37,1,22.0,NS-LU,4
TM,C1,37,2,17.0,EW-SR,4
TM,C1,37,3,16.0,EW-LU,4
TM,C1,38,0,33.0,NS-SR,4
TM,C1,38,1,26.0,NS-LU,4
TM,C1,38,2,21.0,EW-SR,4
TM,C1,38,3,10.0,EW-LU,4
TM,C1,39,0,28.0,NS-SR,4
TM,C1,39,1,28.0,NS-LU,4
TM,C1,39,2,21.0,EW-SR,4
TM,C1,39,3,13.0,EW-LU,4
TM,C1,40,0,31.0,NS-SR,4
TM,C1,40,1,27.0,NS-LU,4
TM,C1,40,2,17.0,EW-SR,4
TM,C1,40,3,15.0,EW-LU,4
TM,C1,41,0,33.0,NS-SR,4
TM,C1,41,1,26.0,NS-LU,4
TM,C1,41,2,16.0,EW-SR,4
TM,C1,41,3,15.0,EW-LU,4
TM,C1,42,0,37.0,NS-SR,4
TM,C1,42,1,23.0,NS-LU,4
TM,C1,42,2,15.0,EW-SR,4
TM,C1,42,3,15.0,EW-LU,4
TM,C1,43,0,38.0,NS-SR,4
TM,C1,43,1,22.0,NS-LU,4
TM,C1,43,2,18.0,EW-SR,4
TM,C1,43,3,12.0,EW-LU,4
TM,C1,44,0,40.0,NS-SR,4
TM,C1,44,1,22.0,NS-LU,4
TM,C1,44,2,16.0,EW-SR,4
TM,C1,44,3,12.0,EW-LU,4
TM,C1,45,0,40.0,NS-SR,4
TM,C1,45,1,23.0,NS-LU,4
TM,C1,45,2,16.0,EW-SR,4
TM,C1,45,3,11.0,EW-LU,4
TM,C1,46,0,37.0,NS-SR,4
TM,C1,46,1,24.0,NS-LU,4
TM,C1,46,2,16.0,EW-SR,4
TM,C1,46,3,13.0,EW-LU,4
TM,C1,47,0,39.0,NS-SR,4
TM,C1,47,1,24.0,NS-LU,4
TM,C1,47,2,14.0,EW-SR,4
TM,C1,47,3,13.0,EW-LU,4
TM,C1,48,0,36.0,NS-SR,4
TM,C1,48,1,25.0,NS-LU,4
TM,C1,48,2,16.0,EW-SR,4
TM,C1,48,3,13.0,EW-LU,4
TM,C1,49,0,39.0,NS-SR,4
TM,C1,49,1,21.0,NS-LU,4
TM,C1,49,2,16.0,EW-SR,4
TM,C1,49,3,14.0,EW-LU,4
TM,C1,50,0,44.0,NS-SR,4
TM,C1,50,1,15.0,NS-LU,4
TM,C1,50,2,20.0,EW-SR,4
TM,C1,50,3,11.0,EW-LU,4
TM,C1,51,0,41.0,NS-SR,4
TM,C1,51,1,16.0,NS-LU,4
TM,C1,51,2,19.0,EW-SR,4
TM,C1,51,3,14.0,EW-LU,4
TM,C1,52,0,32.0,NS-SR,4
TM,C1,52,1,19.0,NS-LU,4
TM,C1,52,2,19.0,EW-SR,4
TM,C1,52,3,20.0,EW-LU,4
TM,C1,53,0,25.0,NS-SR,4
TM,C1,53,1,20.0,NS-LU,4
TM,C1,53,2,24.0,EW-SR,4
TM,C1,53,3,21.0,EW-LU,4
TM,C1,54,0,20.0,NS-SR,4
TM,C1,54,1,25.0,NS-LU,4
TM,C1,54,2,25.0,EW-SR,4
TM,C1,54,3,20.0,EW-LU,4
TM,C1,55,0,15.0,NS-SR,4
TM,C1,55,1,30.0,NS-LU,4
TM,C1,55,2,26.0,EW-SR,4
TM,C1,55,3,19.0,EW-LU,4
TM,C1,56,0,15.0,NS-SR,4
TM,C1,56,1,31.0,NS-LU,4
TM,C1,56,2,26.0,EW-SR,4
TM,C1,56,3,18.0,EW-LU,4
TM,C1,57,0,26.0,NS-SR,4
TM,C1,57,1,27.0,NS-LU,4
TM,C1,57,2,24.0,EW-SR,4
TM,C1,57,3,13.0,EW-LU,4
TM,C1,58,0,26.0,NS-SR,4
TM,C1,58,1,24.0,NS-LU,4
TM,C1,58,2,25.0,EW-SR,4
TM,C1,58,3,15.0,EW-LU,4
TM,C1,59,0,27.0,NS-SR,4
TM,C1,59,1,26.0,NS-LU,4
TM,C1,59,2,24.0,EW-SR,4
TM,C1,59,3,13.0,EW-LU,4
TM,C1,60,0,29.0,NS-SR,4
TM,C1,60,1,26.0,NS-LU,4
TM,C1,60,2,19.0,EW-SR,4
TM,C1,60,3,16.0,EW-LU,4
TM,C1,61,0,30.0,NS-SR,4
TM,C1,61,1,23.0,NS-LU,4
TM,C1,61,2,22.0,EW-SR,4
TM,C1,61,3,15.0,EW-LU,4
TM,C1,62,0,30.0,NS-SR,4
TM,C1,62,1,21.0,NS-LU,4
TM,C1,62,2,25.0,EW-SR,4
TM,C1,62,3,14.0,EW-LU,4
TM,C1,63,0,27.0,NS-SR,4
TM,C1,63,1,23.0,NS-LU,4
TM,C1,63,2,25.0,EW-SR,4
TM,C1,63,3,15.0,EW-LU,4
TM,C1,64,0,21.0,NS-SR,4
TM,C1,64,1,21.0,NS-LU,4
TM,C1,64,2,27.0,EW-SR,4
TM,C1,64,3,21.0,EW-LU,4
TM,C1,65,0,16.0,NS-SR,4
TM,C1,65,1,19.0,NS-LU,4
TM,C1,65,2,30.0,EW-SR,4
TM,C1,65,3,25.0,EW-LU,4
TM,C1,66,0,14.0,NS-SR,4
TM,C1,66,1,17.0,NS-LU,4
TM,C1,66,2,32.0,EW-SR,4
TM,C1,66,3,27.0,EW-LU,4
TM,C1,67,0,15.0,NS-SR,4
TM,C1,67,1,15.0,NS-LU,4
TM,C1,67,2,31.0,EW-SR,4
TM,C1,67,3,29.0,EW-LU,4
TM,C1,68,0,19.0,NS-SR,4
TM,C1,68,1,21.0,NS-LU,4
TM,C1,68,2,30.0,EW-SR,4
TM,C1,68,3,20.0,EW-LU,4
TM,C1,69,0,23.0,NS-SR,4
TM,C1,69,1,24.0,NS-LU,4
TM,C1,69,2,33.0,EW-SR,4
TM,C1,69,3,10.0,EW-LU,4
TM,C1,70,0,24.0,NS-SR,4
TM,C1,70,1,23.0,NS-LU,4
TM,C1,70,2,33.0,EW-SR,4
TM,C1,70,3,10.0,EW-LU,4
TM,C1,71,0,26.0,NS-SR,4
TM,C1,71,1,21.0,NS-LU,4
TM,C1,71,2,33.0,EW-SR,4
TM,C1,71,3,10.0,EW-LU,4
TM,C1,72,0,27.0,NS-SR,4
TM,C1,72,1,15.0,NS-LU,4
TM,C1,72,2,33.0,EW-SR,4
TM,C1,72,3,15.0,EW-LU,4
TM,C1,73,0,26.0,NS-SR,4
TM,C1,73,1,16.0,NS-LU,4
TM,C1,73,2,33.0,EW-SR,4
TM,C1,73,3,15.0,EW-LU,4
TM,C1,74,0,24.0,NS-SR,4
TM,C1,74,1,23.0,NS-LU,4
TM,C1,74,2,29.0,EW-SR,4
TM,C1,74,3,14.0,EW-LU,4
TM,C1,75,0,23.0,NS-SR,4
TM,C1,75,1,23.0,NS-LU,4
TM,C1,75,2,32.0,EW-SR,4
TM,C1,75,3,12.0,EW-LU,4
TM,C1,76,0,17.0,NS-SR,4
TM,C1,76,1,20.0,NS-LU,4
TM,C1,76,2,33.0,EW-SR,4
TM,C1,76,3,20.0,EW-LU,4
TM,C1,77,0,17.0,NS-SR,4
TM,C1,77,1,22.0,NS-LU,4
TM,C1,77,2,30.0,EW-SR,4
TM,C1,77,3,21.0,EW-LU,4
TM,C1,78,0,18.0,NS-SR,4
TM,C1,78,1,29.0,NS-LU,4
TM,C1,78,2,32.0,EW-SR,4
TM,C1,78,3,11.0,EW-LU,4
TM,C1,79,0,17.0,NS-SR,4
TM,C1,79,1,32.0,NS-LU,4
TM,C1,79,2,31.0,EW-SR,4
TM,C1,79,3,10.0,EW-LU,4
TM,C1,80,0,17.0,NS-SR,4
TM,C1,80,1,33.0,NS-LU,4
TM,C1,80,2,28.0,EW-SR,4
TM,C1,80,3,12.0,EW-LU,4
TM,E2,0,0,22.0,NS-SR,4
TM,E2,0,1,23.0,NS-LU,4
TM,E2,0,2,22.0,EW-SR,4
TM,E2,0,3,23.0,EW-LU,4
TM,E2,1,0,23.0,NS-SR,4
TM,E2,1,1,23.0,NS-LU,4
TM,E2,1,2,22.0,EW-SR,4
TM,E2,1,3,22.0,EW-LU,4
TM,E2,2,0,23.0,NS-SR,4
TM,E2,2,1,23.0,NS-LU,4
TM,E2,2,2,22.0,EW-SR,4
TM,E2,2,3,22.0,EW-LU,4
TM,E2,3,0,23.0,NS-SR,4
TM,E2,3,1,23.0,NS-LU,4
TM,E2,3,2,22.0,EW-SR,4
TM,E2,3,3,22.0,EW-LU,4
TM,E2,4,0,23.0,NS-SR,4
TM,E2,4,1,23.0,NS-LU,4
TM,E2,4,2,22.0,EW-SR,4
TM,E2,4,3,22.0,EW-LU,4
TM,E2,5,0,23.0,NS-SR,4
TM,E2,5,1,23.0,NS-LU,4
TM,E2,5,2,22.0,EW-SR,4
TM,E2,5,3,22.0,EW-LU,4
TM,E2,6,0,22.0,NS-SR,4
TM,E2,6,1,20.0,NS-LU,4
TM,E2,6,2,28.0,EW-SR,4
TM,E2,6,3,20.0,EW-LU,4
TM,E2,7,0,27.0,NS-SR,4
TM,E2,7,1,21.0,NS-LU,4
TM,E2,7,2,25.0,EW-SR,4
TM,E2,7,3,17.0,EW-LU,4
TM,E2,8,0,36.0,NS-SR,4
TM,E2,8,1,20.0,NS-LU,4
TM,E2,8,2,21.0,EW-SR,4
TM,E2,8,3,13.0,EW-LU,4
TM,E2,9,0,28.0,NS-SR,4
TM,E2,9,1,12.0,NS-LU,4
TM,E2,9,2,25.0,EW-SR,4
TM,E2,9,3,25.0,EW-LU,4
TM,E2,10,0,18.0,NS-SR,4
TM,E2,10,1,10.0,NS-LU,4
TM,E2,10,2,32.0,EW-SR,4
TM,E2,10,3,30.0,EW-LU,4
TM,E2,11,0,21.0,NS-SR,4
TM,E2,11,1,15.0,NS-LU,4
TM,E2,11,2,27.0,EW-SR,4
TM,E2,11,3,27.0,EW-LU,4
TM,E2,12,0,32.0,NS-SR,4
TM,E2,12,1,22.0,NS-LU,4
TM,E2,12,2,18.0,EW-SR,4
TM,E2,12,3,18.0,EW-LU,4
TM,E2,13,0,40.0,NS-SR,4
TM,E2,13,1,24.0,NS-LU,4
TM,E2,13,2,13.0,EW-SR,4
TM,E2,13,3,13.0,EW-LU,4
TM,E2,14,0,31.0,NS-SR,4
TM,E2,14,1,15.0,NS-LU,4
TM,E2,14,2,23.0,EW-SR,4
TM,E2,14,3,21.0,EW-LU,4
TM,E2,15,0,21.0,NS-SR,4
TM,E2,15,1,10.0,NS-LU,4
TM,E2,15,2,31.0,EW-SR,4
TM,E2,15,3,28.0,EW-LU,4
TM,E2,16,0,27.0,NS-SR,4
TM,E2,16,1,16.0,NS-LU,4
TM,E2,16,2,25.0,EW-SR,4
TM,E2,16,3,22.0,EW-LU,4
TM,E2,17,0,36.0,NS-SR,4
TM,E2,17,1,18.0,NS-LU,4
TM,E2,17,2,20.0,EW-SR,4
TM,E2,17,3,16.0,EW-LU,4
TM,E2,18,0,44.0,NS-SR,4
TM,E2,18,1,18.0,NS-LU,4
TM,E2,18,2,16.0,EW-SR,4
TM,E2,18,3,12.0,EW-LU,4
TM,E2,19,0,48.0,NS-SR,4
TM,E2,19,1,22.0,NS-LU,4
TM,E2,19,2,10.0,EW-SR,4
TM,E2,19,3,10.0,EW-LU,4
TM,E2,20,0,43.0,NS-SR,4
TM,E2,20,1,16.0,NS-LU,4
TM,E2,20,2,15.0,EW-SR,4
TM,E2,20,3,16.0,EW-LU,4
TM,E2,21,0,34.0,NS-SR,4
TM,E2,21,1,10.0,NS-LU,4
TM,E2,21,2,20.0,EW-SR,4
TM,E2,21,3,26.0,EW-LU,4
TM,E2,22,0,38.0,NS-SR,4
TM,E2,22,1,14.0,NS-LU,4
TM,E2,22,2,17.0,EW-SR,4
TM,E2,22,3,21.0,EW-LU,4
TM,E2,23,0,39.0,NS-SR,4
TM,E2,23,1,15.0,NS-LU,4
TM,E2,23,2,18.0,EW-SR,4
TM,E2,23,3,18.0,EW-LU,4
TM,E2,24,0,41.0,NS-SR,4
TM,E2,24,1,14.0,NS-LU,4
TM,E2,24,2,18.0,EW-SR,4
TM,E2,24,3,17.0,EW-LU,4
TM,E2,25,0,35.0,NS-SR,4
TM,E2,25,1,10.0,NS-LU,4
TM,E2,25,2,24.0,EW-SR,4
TM,E2,25,3,21.0,EW-LU,4
TM,E2,26,0,26.0,NS-SR,4
TM,E2,26,1,11.0,NS-LU,4
TM,E2,26,2,22.0,EW-SR,4
TM,E2,26,3,31.0,EW-LU,4
TM,E2,27,0,35.0,NS-SR,4
TM,E2,27,1,23.0,NS-LU,4
TM,E2,27,2,13.0,EW-SR,4
TM,E2,27,3,19.0,EW-LU,4
TM,E2,28,0,37.0,NS-SR,4
TM,E2,28,1,22.0,NS-LU,4
TM,E2,28,2,18.0,EW-SR,4
TM,E2,28,3,13.0,EW-LU,4
TM,E2,29,0,43.0,NS-SR,4
TM,E2,29,1,14.0,NS-LU,4
TM,E2,29,2,16.0,EW-SR,4
TM,E2,29,3,17.0,EW-LU,4
TM,E2,30,0,33.0,NS-SR,4
TM,E2,30,1,10.0,NS-LU,4
TM,E2,30,2,21.0,EW-SR,4
TM,E2,30,3,26.0,EW-LU,4
TM,E2,31,0,23.0,NS-SR,4
TM,E2,31,1,10.0,NS-LU,4
TM,E2,31,2,24.0,EW-SR,4
TM,E2,31,3,33.0,EW-LU,4
TM,E2,32,0,30.0,NS-SR,4
TM,E2,32,1,15.0,NS-LU,4
TM,E2,32,2,18.0,EW-SR,4
TM,E2,32,3,27.0,EW-LU,4
TM,E2,33,0,37.0,NS-SR,4
TM,E2,33,1,20.0,NS-LU,4
TM,E2,33,2,12.0,EW-SR,4
TM,E2,33,3,21.0,EW-LU,4
TM,E2,34,0,39.0,NS-SR,4
TM,E2,34,1,14.0,NS-LU,4
TM,E2,34,2,19.0,EW-SR,4
TM,E2,34,3,18.0,EW-LU,4
TM,E2,35,0,38.0,NS-SR,4
TM,E2,35,1,16.0,NS-LU,4
TM,E2,35,2,19.0,EW-SR,4
TM,E2,35,3,17.0,EW-LU,4
TM,E2,36,0,32.0,NS-SR,4
TM,E2,36,1,10.0,NS-LU,4
TM,E2,36,2,25.0,EW-SR,4
TM,E2,36,3,23.0,EW-LU,4
TM,E2,37,0,32.0,NS-SR,4
TM,E2,37,1,12.0,NS-LU,4
TM,E2,37,2,24.0,EW-SR,4
TM,E2,37,3,22.0,EW-LU,4
TM,E2,38,0,39.0,NS-SR,4
TM,E2,38,1,16.0,NS-LU,4
TM,E2,38,2,19.0,EW-SR,4
TM,E2,38,3,16.0,EW-LU,4
TM,E2,39,0,46.0,NS-SR,4
TM,E2,39,1,18.0,NS-LU,4
TM,E2,39,2,14.0,EW-SR,4
TM,E2,39,3,12.0,EW-LU,4
TM,E2,40,0,46.0,NS-SR,4
TM,E2,40,1,16.0,NS-LU,4
TM,E2,40,2,17.0,EW-SR,4
TM,E2,40,3,11.0,EW-LU,4
TM,E2,41,0,40.0,NS-SR,4
TM,E2,41,1,10.0,NS-LU,4
TM,E2,41,2,23.0,EW-SR,4
TM,E2,41,3,17.0,EW-LU,4
TM,E2,42,0,30.0,NS-SR,4
TM,E2,42,1,10.0,NS-LU,4
TM,E2,42,2,29.0,EW-SR,4
TM,E2,42,3,21.0,EW-LU,4
TM,E2,43,0,28.0,NS-SR,4
TM,E2,43,1,13.0,NS-LU,4
TM,E2,43,2,25.0,EW-SR,4
TM,E2,43,3,24.0,EW-LU,4
TM,E2,44,0,29.0,NS-SR,4
TM,E2,44,1,16.0,NS-LU,4
TM,E2,44,2,20.0,EW-SR,4
TM,E2,44,3,25.0,EW-LU,4
TM,E2,45,0,39.0,NS-SR,4
TM,E2,45,1,18.0,NS-LU,4
TM,E2,45,2,14.0,EW-SR,4
TM,E2,45,3,19.0,EW-LU,4
TM,E2,46,0,37.0,NS-SR,4
TM,E2,46,1,12.0,NS-LU,4
TM,E2,46,2,24.0,EW-SR,4
TM,E2,46,3,17.0,EW-LU,4
TM,E2,47,0,32.0,NS-SR,4
TM,E2,47,1,11.0,NS-LU,4
TM,E2,47,2,31.0,EW-SR,4
TM,E2,47,3,16.0,EW-LU,4
TM,E2,48,0,37.0,NS-SR,4
TM,E2,48,1,13.0,NS-LU,4
TM,E2,48,2,28.0,EW-SR,4
TM,E2,48,3,12.0,EW-LU,4
TM,E2,49,0,36.0,NS-SR,4
TM,E2,49,1,12.0,NS-LU,4
TM,E2,49,2,20.0,EW-SR,4
TM,E2,49,3,22.0,EW-LU,4
TM,E2,50,0,36.0,NS-SR,4
TM,E2,50,1,14.0,NS-LU,4
TM,E2,50,2,18.0,EW-SR,4
TM,E2,50,3,22.0,EW-LU,4
TM,E2,51,0,42.0,NS-SR,4
TM,E2,51,1,16.0,NS-LU,4
TM,E2,51,2,17.0,EW-SR,4
TM,E2,51,3,15.0,EW-LU,4
TM,E2,52,0,37.0,NS-SR,4
TM,E2,52,1,11.0,NS-LU,4
TM,E2,52,2,23.0,EW-SR,4
TM,E2,52,3,19.0,EW-LU,4
TM,E2,53,0,37.0,NS-SR,4
TM,E2,53,1,12.0,NS-LU,4
TM,E2,53,2,23.0,EW-SR,4
TM,E2,53,3,18.0,EW-LU,4
TM,E2,54,0,44.0,NS-SR,4
TM,E2,54,1,17.0,NS-LU,4
TM,E2,54,2,17.0,EW-SR,4
TM,E2,54,3,12.0,EW-LU,4
TM,E2,55,0,42.0,NS-SR,4
TM,E2,55,1,19.0,NS-LU,4
TM,E2,55,2,14.0,EW-SR,4
TM,E2,55,3,15.0,EW-LU,4
TM,E2,56,0,40.0,NS-SR,4
TM,E2,56,1,17.0,NS-LU,4
TM,E2,56,2,15.0,EW-SR,4
TM,E2,56,3,18.0,EW-LU,4
TM,E2,57,0,40.0,NS-SR,4
TM,E2,57,1,16.0,NS-LU,4
TM,E2,57,2,17.0,EW-SR,4
TM,E2,57,3,17.0,EW-LU,4
TM,E2,58,0,45.0,NS-SR,4
TM,E2,58,1,13.0,NS-LU,4
TM,E2,58,2,18.0,EW-SR,4
TM,E2,58,3,14.0,EW-LU,4
TM,E2,59,0,51.0,NS-SR,4
TM,E2,59,1,19.0,NS-LU,4
TM,E2,59,2,10.0,EW-SR,4
TM,E2,59,3,10.0,EW-LU,4
TM,E2,60,0,51.0,NS-SR,4
TM,E2,60,1,19.0,NS-LU,4
TM,E2,60,2,10.0,EW-SR,4
TM,E2,60,3,10.0,EW-LU,4
TM,E2,61,0,50.0,NS-SR,4
TM,E2,61,1,18.0,NS-LU,4
TM,E2,61,2,11.0,EW-SR,4
TM,E2,61,3,11.0,EW-LU,4
TM,E2,62,0,44.0,NS-SR,4
TM,E2,62,1,12.0,NS-LU,4
TM,E2,62,2,17.0,EW-SR,4
TM,E2,62,3,17.0,EW-LU,4
TM,E2,63,0,34.0,NS-SR,4
TM,E2,63,1,10.0,NS-LU,4
TM,E2,63,2,23.0,EW-SR,4
TM,E2,63,3,23.0,EW-LU,4
TM,E2,64,0,36.0,NS-SR,4
TM,E2,64,1,17.0,NS-LU,4
TM,E2,64,2,19.0,EW-SR,4
TM,E2,64,3,18.0,EW-LU,4
TM,E2,65,0,48.0,NS-SR,4
TM,E2,65,1,19.0,NS-LU,4
TM,E2,65,2,12.0,EW-SR,4
TM,E2,65,3,11.0,EW-LU,4
TM,E2,66,0,54.0,NS-SR,4
TM,E2,66,1,11.0,NS-LU,4
TM,E2,66,2,12.0,EW-SR,4
TM,E2,66,3,13.0,EW-LU,4
TM,E2,67,0,48.0,NS-SR,4
TM,E2,67,1,10.0,NS-LU,4
TM,E2,67,2,14.0,EW-SR,4
TM,E2,67,3,18.0,EW-LU,4
TM,E2,68,0,42.0,NS-SR,4
TM,E2,68,1,10.0,NS-LU,4
TM,E2,68,2,17.0,EW-SR,4
TM,E2,68,3,21.0,EW-LU,4
TM,E2,69,0,38.0,NS-SR,4
TM,E2,69,1,12.0,NS-LU,4
TM,E2,69,2,19.0,EW-SR,4
TM,E2,69,3,21.0,EW-LU,4
TM,E2,70,0,42.0,NS-SR,4
TM,E2,70,1,15.0,NS-LU,4
TM,E2,70,2,16.0,EW-SR,4
TM,E2,70,3,17.0,EW-LU,4
TM,E2,71,0,50.0,NS-SR,4
TM,E2,71,1,17.0,NS-LU,4
TM,E2,71,2,11.0,EW-SR,4
TM,E2,71,3,12.0,EW-LU,4
TM,E2,72,0,54.0,NS-SR,4
TM,E2,72,1,16.0,NS-LU,4
TM,E2,72,2,10.0,EW-SR,4
TM,E2,72,3,10.0,EW-LU,4
TM,E2,73,0,49.0,NS-SR,4
TM,E2,73,1,10.0,NS-LU,4
TM,E2,73,2,16.0,EW-SR,4
TM,E2,73,3,15.0,EW-LU,4
TM,E2,74,0,43.0,NS-SR,4
TM,E2,74,1,10.0,NS-LU,4
TM,E2,74,2,19.0,EW-SR,4
TM,E2,74,3,18.0,EW-LU,4
TM,E2,75,0,38.0,NS-SR,4
TM,E2,75,1,11.0,NS-LU,4
TM,E2,75,2,25.0,EW-SR,4
TM,E2,75,3,16.0,EW-LU,4
TM,E2,76,0,35.0,NS-SR,4
TM,E2,76,1,16.0,NS-LU,4
TM,E2,76,2,25.0,EW-SR,4
TM,E2,76,3,14.0,EW-LU,4
TM,E2,77,0,36.0,NS-SR,4
TM,E2,77,1,14.0,NS-LU,4
TM,E2,77,2,22.0,EW-SR,4
TM,E2,77,3,18.0,EW-LU,4
TM,E2,78,0,45.0,NS-SR,4
TM,E2,78,1,13.0,NS-LU,4
TM,E2,78,2,18.0,EW-SR,4
TM,E2,78,3,14.0,EW-LU,4
TM,E2,79,0,53.0,NS-SR,4
TM,E2,79,1,13.0,NS-LU,4
TM,E2,79,2,13.0,EW-SR,4
TM,E2,79,3,11.0,EW-LU,4
TM,E2,80,0,48.0,NS-SR,4
TM,E2,80,1,11.0,NS-LU,4
TM,E2,80,2,14.0,EW-SR,4
TM,E2,80,3,17.0,EW-LU,4
TM,E1,0,0,22.0,NS-SR,4
TM,E1,0,1,23.0,NS-LU,4
TM,E1,0,2,22.0,EW-SR,4
TM,E1,0,3,23.0,EW-LU,4
TM,E1,1,0,23.0,NS-SR,4
TM,E1,1,1,23.0,NS-LU,4
TM,E1,1,2,22.0,EW-SR,4
TM,E1,1,3,22.0,EW-LU,4
TM,E1,2,0,23.0,NS-SR,4
TM,E1,2,1,23.0,NS-LU,4
TM,E1,2,2,22.0,EW-SR,4
TM,E1,2,3,22.0,EW-LU,4
TM,E1,3,0,23.0,NS-SR,4
TM,E1,3,1,23.0,NS-LU,4
TM,E1,3,2,22.0,EW-SR,4
TM,E1,3,3,22.0,EW-LU,4
TM,E1,4,0,23.0,NS-SR,4
TM,E1,4,1,23.0,NS-LU,4
TM,E1,4,2,22.0,EW-SR,4
TM,E1,4,3,22.0,EW-LU,4
TM,E1,5,0,23.0,NS-SR,4
TM,E1,5,1,23.0,NS-LU,4
TM,E1,5,2,22.0,EW-SR,4
TM,E1,5,3,22.0,EW-LU,4
TM,E1,6,0,23.0,NS-SR,4
TM,E1,6,1,23.0,NS-LU,4
TM,E1,6,2,22.0,EW-SR,4
TM,E1,6,3,22.0,EW-LU,4
TM,E1,7,0,23.0,NS-SR,4
TM,E1,7,1,23.0,NS-LU,4
TM,E1,7,2,22.0,EW-SR,4
TM,E1,7,3,22.0,EW-LU,4
TM,E1,8,0,19.0,NS-SR,4
TM,E1,8,1,19.0,NS-LU,4
TM,E1,8,2,23.0,EW-SR,4
TM,E1,8,3,29.0,EW-LU,4
TM,E1,9,0,14.0,NS-SR,4
TM,E1,9,1,14.0,NS-LU,4
TM,E1,9,2,26.0,EW-SR,4
TM,E1,9,3,36.0,EW-LU,4
TM,E1,10,0,14.0,NS-SR,4
TM,E1,10,1,14.0,NS-LU,4
TM,E1,10,2,26.0,EW-SR,4
TM,E1,10,3,36.0,EW-LU,4
TM,E1,11,0,14.0,NS-SR,4
TM,E1,11,1,14.0,NS-LU,4
TM,E1,11,2,26.0,EW-SR,4
TM,E1,11,3,36.0,EW-LU,4
TM,E1,12,0,14.0,NS-SR,4
TM,E1,12,1,14.0,NS-LU,4
TM,E1,12,2,26.0,EW-SR,4
TM,E1,12,3,36.0,EW-LU,4
TM,E1,13,0,14.0,NS-SR,4
TM,E1,13,1,14.0,NS-LU,4
TM,E1,13,2,26.0,EW-SR,4
TM,E1,13,3,36.0,EW-LU,4
TM,E1,14,0,14.0,NS-SR,4
TM,E1,14,1,14.0,NS-LU,4
TM,E1,14,2,26.0,EW-SR,4
TM,E1,14,3,36.0,EW-LU,4
TM,E1,15,0,14.0,NS-SR,4
TM,E1,15,1,14.0,NS-LU,4
TM,E1,15,2,26.0,EW-SR,4
TM,E1,15,3,36.0,EW-LU,4
TM,E1,16,0,25.0,NS-SR,4
TM,E1,16,1,23.0,NS-LU,4
TM,E1,16,2,16.0,EW-SR,4
TM,E1,16,3,26.0,EW-LU,4
TM,E1,17,0,32.0,NS-SR,4
TM,E1,17,1,32.0,NS-LU,4
TM,E1,17,2,10.0,EW-SR,4
TM,E1,17,3,16.0,EW-LU,4
TM,E1,18,0,32.0,NS-SR,4
TM,E1,18,1,32.0,NS-LU,4
TM,E1,18,2,11.0,EW-SR,4
TM,E1,18,3,15.0,EW-LU,4
TM,E1,19,0,32.0,NS-SR,4
TM,E1,19,1,32.0,NS-LU,4
TM,E1,19,2,12.0,EW-SR,4
TM,E1,19,3,14.0,EW-LU,4
TM,E1,20,0,23.0,NS-SR,4
TM,E1,20,1,23.0,NS-LU,4
TM,E1,20,2,20.0,EW-SR,4
TM,E1,20,3,24.0,EW-LU,4
TM,E1,21,0,17.0,NS-SR,4
TM,E1,21,1,17.0,NS-LU,4
TM,E1,21,2,19.0,EW-SR,4
TM,E1,21,3,37.0,EW-LU,4
TM,E1,22,0,27.0,NS-SR,4
TM,E1,22,1,16.0,NS-LU,4
TM,E1,22,2,17.0,EW-SR,4
TM,E1,22,3,30.0,EW-LU,4
TM,E1,23,0,38.0,NS-SR,4
TM,E1,23,1,21.0,NS-LU,4
TM,E1,23,2,11.0,EW-SR,4
TM,E1,23,3,20.0,EW-LU,4
TM,E1,24,0,35.0,NS-SR,4
TM,E1,24,1,18.0,NS-LU,4
TM,E1,24,2,16.0,EW-SR,4
TM,E1,24,3,21.0,EW-LU,4
TM,E1,25,0,27.0,NS-SR,4
TM,E1,25,1,11.0,NS-LU,4
TM,E1,25,2,27.0,EW-SR,4
TM,E1,25,3,25.0,EW-LU,4
TM,E1,26,0,18.0,NS-SR,4
TM,E1,26,1,10.0,NS-LU,4
TM,E1,26,2,27.0,EW-SR,4
TM,E1,26,3,35.0,EW-LU,4
TM,E1,27,0,12.0,NS-SR,4
TM,E1,27,1,10.0,NS-LU,4
TM,E1,27,2,30.0,EW-SR,4
TM,E1,27,3,38.0,EW-LU,4
TM,E1,28,0,22.0,NS-SR,4
TM,E1,28,1,20.0,NS-LU,4
TM,E1,28,2,20.0,EW-SR,4
TM,E1,28,3,28.0,EW-LU,4
TM,E1,29,0,34.0,NS-SR,4
TM,E1,29,1,24.0,NS-LU,4
TM,E1,29,2,12.0,EW-SR,4
TM,E1,29,3,20.0,EW-LU,4
TM,E1,30,0,29.0,NS-SR,4
TM,E1,30,1,19.0,NS-LU,4
TM,E1,30,2,15.0,EW-SR,4
TM,E1,30,3,27.0,EW-LU,4
TM,E1,31,0,21.0,NS-SR,4
TM,E1,31,1,11.0,NS-LU,4
TM,E1,31,2,20.0,EW-SR,4
TM,E1,31,3,38.0,EW-LU,4
TM,E1,32,0,15.0,NS-SR,4
TM,E1,32,1,10.0,NS-LU,4
TM,E1,32,2,23.0,EW-SR,4
TM,E1,32,3,42.0,EW-LU,4
TM,E1,33,0,22.0,NS-SR,4
TM,E1,33,1,15.0,NS-LU,4
TM,E1,33,2,17.0,EW-SR,4
TM,E1,33,3,36.0,EW-LU,4
TM,E1,34,0,30.0,NS-SR,4
TM,E1,34,1,15.0,NS-LU,4
TM,E1,34,2,18.0,EW-SR,4
TM,E1,34,3,27.0,EW-LU,4
TM,E1,35,0,43.0,NS-SR,4
TM,E1,35,1,15.0,NS-LU,4
TM,E1,35,2,13.0,EW-SR,4
TM,E1,35,3,19.0,EW-LU,4
TM,E1,36,0,43.0,NS-SR,4
TM,E1,36,1,15.0,NS-LU,4
TM,E1,36,2,13.0,EW-SR,4
TM,E1,36,3,19.0,EW-LU,4
TM,E1,37,0,35.0,NS-SR,4
TM,E1,37,1,12.0,NS-LU,4
TM,E1,37,2,13.0,EW-SR,4
TM,E1,37,3,30.0,EW-LU,4
TM,E1,38,0,30.0,NS-SR,4
TM,E1,38,1,11.0,NS-LU,4
TM,E1,38,2,12.0,EW-SR,4
TM,E1,38,3,37.0,EW-LU,4
TM,E1,39,0,30.0,NS-SR,4
TM,E1,39,1,12.0,NS-LU,4
TM,E1,39,2,12.0,EW-SR,4
TM,E1,39,3,36.0,EW-LU,4
TM,E1,40,0,30.0,NS-SR,4
TM,E1,40,1,12.0,NS-LU,4
TM,E1,40,2,12.0,EW-SR,4
TM,E1,40,3,36.0,EW-LU,4
TM,E1,41,0,30.0,NS-SR,4
TM,E1,41,1,12.0,NS-LU,4
TM,E1,41,2,12.0,EW-SR,4
TM,E1,41,3,36.0,EW-LU,4
TM,E1,42,0,30.0,NS-SR,4
TM,E1,42,1,12.0,NS-LU,4
TM,E1,42,2,12.0,EW-SR,4
TM,E1,42,3,36.0,EW-LU,4
TM,E1,43,0,28.0,NS-SR,4
TM,E1,43,1,11.0,NS-LU,4
TM,E1,43,2,17.0,EW-SR,4
TM,E1,43,3,34.0,EW-LU,4
TM,E1,44,0,28.0,NS-SR,4
TM,E1,44,1,12.0,NS-LU,4
TM,E1,44,2,17.0,EW-SR,4
TM,E1,44,3,33.0,EW-LU,4
TM,E1,45,0,28.0,NS-SR,4
TM,E1,45,1,12.0,NS-LU,4
TM,E1,45,2,17.0,EW-SR,4
TM,E1,45,3,33.0,EW-LU,4
TM,E1,46,0,28.0,NS-SR,4
TM,E1,46,1,12.0,NS-LU,4
TM,E1,46,2,17.0,EW-SR,4
TM,E1,46,3,33.0,EW-LU,4
TM,E1,47,0,28.0,NS-SR,4
TM,E1,47,1,12.0,NS-LU,4
TM,E1,47,2,17.0,EW-SR,4
TM,E1,47,3,33.0,EW-LU,4
TM,E1,48,0,28.0,NS-SR,4
TM,E1,48,1,12.0,NS-LU,4
TM,E1,48,2,17.0,EW-SR,4
TM,E1,48,3,33.0,EW-LU,4
TM,E1,49,0,28.0,NS-SR,4
TM,E1,49,1,12.0,NS-LU,4
TM,E1,49,2,17.0,EW-SR,4
TM,E1,49,3,33.0,EW-LU,4
TM,E1,50,0,33.0,NS-SR,4
TM,E1,50,1,14.0,NS-LU,4
TM,E1,50,2,14.0,EW-SR,4
TM,E1,50,3,29.0,EW-LU,4
TM,E1,51,0,33.0,NS-SR,4
TM,E1,51,1,14.0,NS-LU,4
TM,E1,51,2,14.0,EW-SR,4
TM,E1,51,3,29.0,EW-LU,4
TM,E1,52,0,33.0,NS-SR,4
TM,E1,52,1,14.0,NS-LU,4
TM,E1,52,2,14.0,EW-SR,4
TM,E1,52,3,29.0,EW-LU,4
TM,E1,53,0,33.0,NS-SR,4
TM,E1,53,1,14.0,NS-LU,4
TM,E1,53,2,14.0,EW-SR,4
TM,E1,53,3,29.0,EW-LU,4
TM,E1,54,0,33.0,NS-SR,4
TM,E1,54,1,14.0,NS-LU,4
TM,E1,54,2,14.0,EW-SR,4
TM,E1,54,3,29.0,EW-LU,4
TM,E1,55,0,33.0,NS-SR,4
TM,E1,55,1,14.0,NS-LU,4
TM,E1,55,2,14.0,EW-SR,4
TM,E1,55,3,29.0,EW-LU,4
TM,E1,56,0,33.0,NS-SR,4
TM,E1,56,1,14.0,NS-LU,4
TM,E1,56,2,14.0,EW-SR,4
TM,E1,56,3,29.0,EW-LU,4
TM,E1,57,0,33.0,NS-SR,4
TM,E1,57,1,14.0,NS-LU,4
TM,E1,57,2,14.0,EW-SR,4
TM,E1,57,3,29.0,EW-LU,4
TM,E1,58,0,33.0,NS-SR,4
TM,E1,58,1,14.0,NS-LU,4
TM,E1,58,2,14.0,EW-SR,4
TM,E1,58,3,29.0,EW-LU,4
TM,E1,59,0,33.0,NS-SR,4
TM,E1,59,1,14.0,NS-LU,4
TM,E1,59,2,14.0,EW-SR,4
TM,E1,59,3,29.0,EW-LU,4
TM,E1,60,0,33.0,NS-SR,4
TM,E1,60,1,14.0,NS-LU,4
TM,E1,60,2,14.0,EW-SR,4
TM,E1,60,3,29.0,EW-LU,4
TM,E1,61,0,33.0,NS-SR,4
TM,E1,61,1,14.0,NS-LU,4
TM,E1,61,2,14.0,EW-SR,4
TM,E1,61,3,29.0,EW-LU,4
TM,E1,62,0,33.0,NS-SR,4
TM,E1,62,1,14.0,NS-LU,4
TM,E1,62,2,14.0,EW-SR,4
TM,E1,62,3,29.0,EW-LU,4
TM,E1,63,0,33.0,NS-SR,4
TM,E1,63,1,14.0,NS-LU,4
TM,E1,63,2,14.0,EW-SR,4
TM,E1,63,3,29.0,EW-LU,4
TM,E1,64,0,33.0,NS-SR,4
TM,E1,64,1,14.0,NS-LU,4
TM,E1,64,2,14.0,EW-SR,4
TM,E1,64,3,29.0,EW-LU,4
TM,E1,65,0,33.0,NS-SR,4
TM,E1,65,1,14.0,NS-LU,4
TM,E1,65,2,14.0,EW-SR,4
TM,E1,65,3,29.0,EW-LU,4
TM,E1,66,0,33.0,NS-SR,4
TM,E1,66,1,14.0,NS-LU,4
TM,E1,66,2,14.0,EW-SR,4
TM,E1,66,3,29.0,EW-LU,4
TM,E1,67,0,30.0,NS-SR,4
TM,E1,67,1,10.0,NS-LU,4
TM,E1,67,2,17.0,EW-SR,4
TM,E1,67,3,33.0,EW-LU,4
TM,E1,68,0,24.0,NS-SR,4
TM,E1,68,1,10.0,NS-LU,4
TM,E1,68,2,17.0,EW-SR,4
TM,E1,68,3,39.0,EW-LU,4
TM,E1,69,0,23.0,NS-SR,4
TM,E1,69,1,11.0,NS-LU,4
TM,E1,69,2,19.0,EW-SR,4
TM,E1,69,3,37.0,EW-LU,4
TM,E1,70,0,23.0,NS-SR,4
TM,E1,70,1,12.0,NS-LU,4
TM,E1,70,2,19.0,EW-SR,4
TM,E1,70,3,36.0,EW-LU,4
TM,E1,71,0,23.0,NS-SR,4
TM,E1,71,1,12.0,NS-LU,4
TM,E1,71,2,19.0,EW-SR,4
TM,E1,71,3,36.0,EW-LU,4
TM,E1,72,0,23.0,NS-SR,4
TM,E1,72,1,12.0,NS-LU,4
TM,E1,72,2,19.0,EW-SR,4
TM,E1,72,3,36.0,EW-LU,4
TM,E1,73,0,30.0,NS-SR,4
TM,E1,73,1,15.0,NS-LU,4
TM,E1,73,2,14.0,EW-SR,4
TM,E1,73,3,31.0,EW-LU,4
TM,E1,74,0,30.0,NS-SR,4
TM,E1,74,1,15.0,NS-LU,4
TM,E1,74,2,14.0,EW-SR,4
TM,E1,74,3,31.0,EW-LU,4
TM,E1,75,0,30.0,NS-SR,4
TM,E1,75,1,15.0,NS-LU,4
TM,E1,75,2,14.0,EW-SR,4
TM,E1,75,3,31.0,EW-LU,4
TM,E1,76,0,30.0,NS-SR,4
TM,E1,76,1,15.0,NS-LU,4
TM,E1,76,2,14.0,EW-SR,4
TM,E1,76,3,31.0,EW-LU,4
TM,E1,77,0,37.0,NS-SR,4
TM,E1,77,1,18.0,NS-LU,4
TM,E1,77,2,10.0,EW-SR,4
TM,E1,77,3,25.0,EW-LU,4
TM,E1,78,0,37.0,NS-SR,4
TM,E1,78,1,18.0,NS-LU,4
TM,E1,78,2,11.0,EW-SR,4
TM,E1,78,3,24.0,EW-LU,4
TM,E1,79,0,37.0,NS-SR,4
TM,E1,79,1,18.0,NS-LU,4
TM,E1,79,2,12.0,EW-SR,4
TM,E1,79,3,23.0,EW-LU,4
TM,E1,80,0,37.0,NS-SR,4
TM,E1,80,1,18.0,NS-LU,4
TM,E1,80,2,12.0,EW-SR,4
TM,E1,80,3,23.0,EW-LU,4
TM,A1,0,0,22.0,NS-SR,4
TM,A1,0,1,23.0,NS-LU,4
TM,A1,0,2,22.0,EW-SR,4
TM,A1,0,3,23.0,EW-LU,4
TM,A1,1,0,23.0,NS-SR,4
TM,A1,1,1,23.0,NS-LU,4
TM,A1,1,2,22.0,EW-SR,4
TM,A1,1,3,22.0,EW-LU,4
TM,A1,2,0,28.0,NS-SR,4
TM,A1,2,1,27.0,NS-LU,4
TM,A1,2,2,25.0,EW-SR,4
TM,A1,2,3,10.0,EW-LU,4
TM,A1,3,0,28.0,NS-SR,4
TM,A1,3,1,27.0,NS-LU,4
TM,A1,3,2,24.0,EW-SR,4
TM,A1,3,3,11.0,EW-LU,4
TM,A1,4,0,28.0,NS-SR,4
TM,A1,4,1,27.0,NS-LU,4
TM,A1,4,2,24.0,EW-SR,4
TM,A1,4,3,11.0,EW-LU,4
TM,A1,5,0,28.0,NS-SR,4
TM,A1,5,1,27.0,NS-LU,4
TM,A1,5,2,24.0,EW-SR,4
TM,A1,5,3,11.0,EW-LU,4
TM,A1,6,0,28.0,NS-SR,4
TM,A1,6,1,27.0,NS-LU,4
TM,A1,6,2,24.0,EW-SR,4
TM,A1,6,3,11.0,EW-LU,4
TM,A1,7,0,28.0,NS-SR,4
TM,A1,7,1,27.0,NS-LU,4
TM,A1,7,2,24.0,EW-SR,4
TM,A1,7,3,11.0,EW-LU,4
TM,A1,8,0,28.0,NS-SR,4
TM,A1,8,1,27.0,NS-LU,4
TM,A1,8,2,24.0,EW-SR,4
TM,A1,8,3,11.0,EW-LU,4
TM,A1,9,0,28.0,NS-SR,4
TM,A1,9,1,27.0,NS-LU,4
TM,A1,9,2,24.0,EW-SR,4
TM,A1,9,3,11.0,EW-LU,4
TM,A1,10,0,28.0,NS-SR,4
TM,A1,10,1,27.0,NS-LU,4
TM,A1,10,2,24.0,EW-SR,4
TM,A1,10,3,11.0,EW-LU,4
TM,A1,11,0,28.0,NS-SR,4
TM,A1,11,1,27.0,NS-LU,4
TM,A1,11,2,24.0,EW-SR,4
TM,A1,11,3,11.0,EW-LU,4
TM,A1,12,0,28.0,NS-SR,4
TM,A1,12,1,27.0,NS-LU,4
TM,A1,12,2,24.0,EW-SR,4
TM,A1,12,3,11.0,EW-LU,4
TM,A1,13,0,26.0,NS-SR,4
TM,A1,13,1,25.0,NS-LU,4
TM,A1,13,2,22.0,EW-SR,4
TM,A1,13,3,17.0,EW-LU,4
TM,A1,14,0,23.0,NS-SR,4
TM,A1,14,1,21.0,NS-LU,4
TM,A1,14,2,25.0,EW-SR,4
TM,A1,14,3,21.0,EW-LU,4
TM,A1,15,0,20.0,NS-SR,4
TM,A1,15,1,18.0,NS-LU,4
TM,A1,15,2,27.0,EW-SR,4
TM,A1,15,3,25.0,EW-LU,4
TM,A1,16,0,20.0,NS-SR,4
TM,A1,16,1,18.0,NS-LU,4
TM,A1,16,2,27.0,EW-SR,4
TM,A1,16,3,25.0,EW-LU,4
TM,A1,17,0,24.0,NS-SR,4
TM,A1,17,1,14.0,NS-LU,4
TM,A1,17,2,23.0,EW-SR,4
TM,A1,17,3,29.0,EW-LU,4
TM,A1,18,0,25.0,NS-SR,4
TM,A1,18,1,13.0,NS-LU,4
TM,A1,18,2,22.0,EW-SR,4
TM,A1,18,3,30.0,EW-LU,4
TM,A1,19,0,25.0,NS-SR,4
TM,A1,19,1,13.0,NS-LU,4
TM,A1,19,2,23.0,EW-SR,4
TM,A1,19,3,29.0,EW-LU,4
TM,A1,20,0,24.0,NS-SR,4
TM,A1,20,1,14.0,NS-LU,4
TM,A1,20,2,24.0,EW-SR,4
TM,A1,20,3,28.0,EW-LU,4
TM,A1,21,0,24.0,NS-SR,4
TM,A1,21,1,14.0,NS-LU,4
TM,A1,21,2,24.0,EW-SR,4
TM,A1,21,3,28.0,EW-LU,4
TM,A1,22,0,24.0,NS-SR,4
TM,A1,22,1,14.0,NS-LU,4
TM,A1,22,2,24.0,EW-SR,4
TM,A1,22,3,28.0,EW-LU,4
TM,A1,23,0,23.0,NS-SR,4
TM,A1,23,1,17.0,NS-LU,4
TM,A1,23,2,23.0,EW-SR,4
TM,A1,23,3,27.0,EW-LU,4
TM,A1,24,0,22.0,NS-SR,4
TM,A1,24,1,18.0,NS-LU,4
TM,A1,24,2,19.0,EW-SR,4
TM,A1,24,3,31.0,EW-LU,4
TM,A1,25,0,25.0,NS-SR,4
TM,A1,25,1,19.0,NS-LU,4
TM,A1,25,2,17.0,EW-SR,4
TM,A1,25,3,29.0,EW-LU,4
TM,A1,26,0,31.0,NS-SR,4
TM,A1,26,1,19.0,NS-LU,4
TM,A1,26,2,14.0,EW-SR,4
TM,A1,26,3,26.0,EW-LU,4
TM,A1,27,0,33.0,NS-SR,4
TM,A1,27,1,17.0,NS-LU,4
TM,A1,27,2,10.0,EW-SR,4
TM,A1,27,3,30.0,EW-LU,4
TM,A1,28,0,32.0,NS-SR,4
TM,A1,28,1,16.0,NS-LU,4
TM,A1,28,2,12.0,EW-SR,4
TM,A1,28,3,30.0,EW-LU,4
TM,A1,29,0,28.0,NS-SR,4
TM,A1,29,1,12.0,NS-LU,4
TM,A1,29,2,13.0,EW-SR,4
TM,A1,29,3,37.0,EW-LU,4
TM,A1,30,0,25.0,NS-SR,4
TM,A1,30,1,20.0,NS-LU,4
TM,A1,30,2,12.0,EW-SR,4
TM,A1,30,3,33.0,EW-LU,4
TM,A1,31,0,27.0,NS-SR,4
TM,A1,31,1,26.0,NS-LU,4
TM,A1,31,2,10.0,EW-SR,4
TM,A1,31,3,27.0,EW-LU,4
TM,A1,32,0,27.0,NS-SR,4
TM,A1,32,1,32.0,NS-LU,4
TM,A1,32,2,10.0,EW-SR,4
TM,A1,32,3,21.0,EW-LU,4
TM,A1,33,0,24.0,NS-SR,4
TM,A1,33,1,39.0,NS-LU,4
TM,A1,33,2,11.0,EW-SR,4
TM,A1,33,3,16.0,EW-LU,4
TM,A1,34,0,25.0,NS-SR,4
TM,A1,34,1,45.0,NS-LU,4
TM,A1,34,2,10.0,EW-SR,4
TM,A1,34,3,10.0,EW-LU,4
TM,A1,35,0,21.0,NS-SR,4
TM,A1,35,1,40.0,NS-LU,4
TM,A1,35,2,10.0,EW-SR,4
TM,A1,35,3,19.0,EW-LU,4
TM,A1,36,0,23.0,NS-SR,4
TM,A1,36,1,37.0,NS-LU,4
TM,A1,36,2,10.0,EW-SR,4
TM,A1,36,3,20.0,EW-LU,4
TM,A1,37,0,27.0,NS-SR,4
TM,A1,37,1,39.0,NS-LU,4
TM,A1,37,2,10.0,EW-SR,4
TM,A1,37,3,14.0,EW-LU,4
TM,A1,38,0,26.0,NS-SR,4
TM,A1,38,1,36.0,NS-LU,4
TM,A1,38,2,10.0,EW-SR,4
TM,A1,38,3,18.0,EW-LU,4
TM,A1,39,0,30.0,NS-SR,4
TM,A1,39,1,31.0,NS-LU,4
TM,A1,39,2,10.0,EW-SR,4
TM,A1,39,3,19.0,EW-LU,4
TM,A1,40,0,31.0,NS-SR,4
TM,A1,40,1,30.0,NS-LU,4
TM,A1,40,2,10.0,EW-SR,4
TM,A1,40,3,19.0,EW-LU,4
TM,A1,41,0,28.0,NS-SR,4
TM,A1,41,1,33.0,NS-LU,4
TM,A1,41,2,10.0,EW-SR,4
TM,A1,41,3,19.0,EW-LU,4
TM,A1,42,0,23.0,NS-SR,4
TM,A1,42,1,38.0,NS-LU,4
TM,A1,42,2,10.0,EW-SR,4
TM,A1,42,3,19.0,EW-LU,4
TM,A1,43,0,18.0,NS-SR,4
TM,A1,43,1,42.0,NS-LU,4
TM,A1,43,2,10.0,EW-SR,4
TM,A1,43,3,20.0,EW-LU,4
TM,A1,44,0,16.0,NS-SR,4
TM,A1,44,1,44.0,NS-LU,4
TM,A1,44,2,11.0,EW-SR,4
TM,A1,44,3,19.0,EW-LU,4
TM,A1,45,0,15.0,NS-SR,4
TM,A1,45,1,46.0,NS-LU,4
TM,A1,45,2,10.0,EW-SR,4
TM,A1,45,3,19.0,EW-LU,4
TM,A1,46,0,16.0,NS-SR,4
TM,A1,46,1,46.0,NS-LU,4
TM,A1,46,2,10.0,EW-SR,4
TM,A1,46,3,18.0,EW-LU,4
TM,A1,47,0,15.0,NS-SR,4
TM,A1,47,1,47.0,NS-LU,4
TM,A1,47,2,10.0,EW-SR,4
TM,A1,47,3,18.0,EW-LU,4
TM,A1,48,0,13.0,NS-SR,4
TM,A1,48,1,46.0,NS-LU,4
TM,A1,48,2,12.0,EW-SR,4
TM,A1,48,3,19.0,EW-LU,4
TM,A1,49,0,14.0,NS-SR,4
TM,A1,49,1,44.0,NS-LU,4
TM,A1,49,2,14.0,EW-SR,4
TM,A1,49,3,18.0,EW-LU,4
TM,A1,50,0,15.0,NS-SR,4
TM,A1,50,1,43.0,NS-LU,4
TM,A1,50,2,12.0,EW-SR,4
TM,A1,50,3,20.0,EW-LU,4
TM,A1,51,0,15.0,NS-SR,4
TM,A1,51,1,41.0,NS-LU,4
TM,A1,51,2,10.0,EW-SR,4
TM,A1,51,3,24.0,EW-LU,4
TM,A1,52,0,15.0,NS-SR,4
TM,A1,52,1,39.0,NS-LU,4
TM,A1,52,2,10.0,EW-SR,4
TM,A1,52,3,26.0,EW-LU,4
TM,A1,53,0,16.0,NS-SR,4
TM,A1,53,1,36.0,NS-LU,4
TM,A1,53,2,10.0,EW-SR,4
TM,A1,53,3,28.0,EW-LU,4
TM,A1,54,0,16.0,NS-SR,4
TM,A1,54,1,33.0,NS-LU,4
TM,A1,54,2,10.0,EW-SR,4
TM,A1,54,3,31.0,EW-LU,4
TM,A1,55,0,16.0,NS-SR,4
TM,A1,55,1,30.0,NS-LU,4
TM,A1,55,2,10.0,EW-SR,4
TM,A1,55,3,34.0,EW-LU,4
TM,A1,56,0,16.0,NS-SR,4
TM,A1,56,1,27.0,NS-LU,4
TM,A1,56,2,10.0,EW-SR,4
TM,A1,56,3,37.0,EW-LU,4
TM,A1,57,0,15.0,NS-SR,4
TM,A1,57,1,25.0,NS-LU,4
TM,A1,57,2,10.0,EW-SR,4
TM,A1,57,3,40.0,EW-LU,4
TM,A1,58,0,14.0,NS-SR,4
TM,A1,58,1,24.0,NS-LU,4
TM,A1,58,2,10.0,EW-SR,4
TM,A1,58,3,42.0,EW-LU,4
TM,A1,59,0,18.0,NS-SR,4
TM,A1,59,1,18.0,NS-LU,4
TM,A1,59,2,10.0,EW-SR,4
TM,A1,59,3,44.0,EW-LU,4
TM,A1,60,0,20.0,NS-SR,4
TM,A1,60,1,13.0,NS-LU,4
TM,A1,60,2,10.0,EW-SR,4
TM,A1,60,3,47.0,EW-LU,4
TM,A1,61,0,19.0,NS-SR,4
TM,A1,61,1,13.0,NS-LU,4
TM,A1,61,2,10.0,EW-SR,4
TM,A1,61,3,48.0,EW-LU,4
TM,A1,62,0,16.0,NS-SR,4
TM,A1,62,1,14.0,NS-LU,4
TM,A1,62,2,10.0,EW-SR,4
TM,A1,62,3,50.0,EW-LU,4
TM,A1,63,0,14.0,NS-SR,4
TM,A1,63,1,14.0,NS-LU,4
TM,A1,63,2,10.0,EW-SR,4
TM,A1,63,3,52.0,EW-LU,4
TM,A1,64,0,14.0,NS-SR,4
TM,A1,64,1,13.0,NS-LU,4
TM,A1,64,2,10.0,EW-SR,4
TM,A1,64,3,53.0,EW-LU,4
TM,A1,65,0,13.0,NS-SR,4
TM,A1,65,1,13.0,NS-LU,4
TM,A1,65,2,10.0,EW-SR,4
TM,A1,65,3,54.0,EW-LU,4
TM,A1,66,0,13.0,NS-SR,4
TM,A1,66,1,13.0,NS-LU,4
TM,A1,66,2,10.0,EW-SR,4
TM,A1,66,3,54.0,EW-LU,4
TM,A1,67,0,14.0,NS-SR,4
TM,A1,67,1,12.0,NS-LU,4
TM,A1,67,2,10.0,EW-SR,4
TM,A1,67,3,54.0,EW-LU,4
TM,A1,68,0,13.0,NS-SR,4
TM,A1,68,1,13.0,NS-LU,4
TM,A1,68,2,10.0,EW-SR,4
TM,A1,68,3,54.0,EW-LU,4
TM,A1,69,0,13.0,NS-SR,4
TM,A1,69,1,13.0,NS-LU,4
TM,A1,69,2,10.0,EW-SR,4
TM,A1,69,3,54.0,EW-LU,4
TM,A1,70,0,14.0,NS-SR,4
TM,A1,70,1,12.0,NS-LU,4
TM,A1,70,2,10.0,EW-SR,4
TM,A1,70,3,54.0,EW-LU,4
TM,A1,71,0,13.0,NS-SR,4
TM,A1,71,1,13.0,NS-LU,4
TM,A1,71,2,10.0,EW-SR,4
TM,A1,71,3,54.0,EW-LU,4
TM,A1,72,0,12.0,NS-SR,4
TM,A1,72,1,14.0,NS-LU,4
TM,A1,72,2,10.0,EW-SR,4
TM,A1,72,3,54.0,EW-LU,4
TM,A1,73,0,12.0,NS-SR,4
TM,A1,73,1,14.0,NS-LU,4
TM,A1,73,2,10.0,EW-SR,4
TM,A1,73,3,54.0,EW-LU,4
TM,A1,74,0,12.0,NS-SR,4
TM,A1,74,1,14.0,NS-LU,4
TM,A1,74,2,10.0,EW-SR,4
TM,A1,74,3,54.0,EW-LU,4
TM,A1,75,0,12.0,NS-SR,4
TM,A1,75,1,14.0,NS-LU,4
TM,A1,75,2,10.0,EW-SR,4
TM,A1,75,3,54.0,EW-LU,4
TM,A1,76,0,12.0,NS-SR,4
TM,A1,76,1,14.0,NS-LU,4
TM,A1,76,2,10.0,EW-SR,4
TM,A1,76,3,54.0,EW-LU,4
TM,A1,77,0,12.0,NS-SR,4
TM,A1,77,1,14.0,NS-LU,4
TM,A1,77,2,10.0,EW-SR,4
TM,A1,77,3,54.0,EW-LU,4
TM,A1,78,0,13.0,NS-SR,4
TM,A1,78,1,15.0,NS-LU,4
TM,A1,78,2,10.0,EW-SR,4
TM,A1,78,3,52.0,EW-LU,4
TM,A1,79,0,13.0,NS-SR,4
TM,A1,79,1,14.0,NS-LU,4
TM,A1,79,2,10.0,EW-SR,4
TM,A1,79,3,53.0,EW-LU,4
TM,A1,80,0,14.0,NS-SR,4
TM,A1,80,1,13.0,NS-LU,4
TM,A1,80,2,10.0,EW-SR,4
TM,A1,80,3,53.0,EW-LU,4
TM,A5,0,0,30.0,NS-SR,3
TM,A5,0,1,30.0,NS-LU,3
TM,A5,0,2,30.0,EW-LU,3
TM,A5,1,0,30.0,NS-SR,3
TM,A5,1,1,30.0,NS-LU,3
TM,A5,1,2,30.0,EW-LU,3
TM,A5,2,0,30.0,NS-SR,3
TM,A5,2,1,30.0,NS-LU,3
TM,A5,2,2,30.0,EW-LU,3
TM,A5,3,0,30.0,NS-SR,3
TM,A5,3,1,30.0,NS-LU,3
TM,A5,3,2,30.0,EW-LU,3
TM,A5,4,0,30.0,NS-SR,3
TM,A5,4,1,30.0,NS-LU,3
TM,A5,4,2,30.0,EW-LU,3
TM,A5,5,0,30.0,NS-SR,3
TM,A5,5,1,30.0,NS-LU,3
TM,A5,5,2,30.0,EW-LU,3
TM,A5,6,0,30.0,NS-SR,3
TM,A5,6,1,30.0,NS-LU,3
TM,A5,6,2,30.0,EW-LU,3
TM,A5,7,0,30.0,NS-SR,3
TM,A5,7,1,30.0,NS-LU,3
TM,A5,7,2,30.0,EW-LU,3
TM,A5,8,0,30.0,NS-SR,3
TM,A5,8,1,30.0,NS-LU,3
TM,A5,8,2,30.0,EW-LU,3
TM,A5,9,0,30.0,NS-SR,3
TM,A5,9,1,30.0,NS-LU,3
TM,A5,9,2,30.0,EW-LU,3
TM,A5,10,0,30.0,NS-SR,3
TM,A5,10,1,30.0,NS-LU,3
TM,A5,10,2,30.0,EW-LU,3
TM,A5,11,0,30.0,NS-SR,3
TM,A5,11,1,30.0,NS-LU,3
TM,A5,11,2,30.0,EW-LU,3
TM,A5,12,0,30.0,NS-SR,3
TM,A5,12,1,30.0,NS-LU,3
TM,A5,12,2,30.0,EW-LU,3
TM,A5,13,0,30.0,NS-SR,3
TM,A5,13,1,30.0,NS-LU,3
TM,A5,13,2,30.0,EW-LU,3
TM,A5,14,0,30.0,NS-SR,3
TM,A5,14,1,30.0,NS-LU,3
TM,A5,14,2,30.0,EW-LU,3
TM,A5,15,0,30.0,NS-SR,3
TM,A5,15,1,30.0,NS-LU,3
TM,A5,15,2,30.0,EW-LU,3
TM,A5,16,0,30.0,NS-SR,3
TM,A5,16,1,30.0,NS-LU,3
TM,A5,16,2,30.0,EW-LU,3
TM,A5,17,0,30.0,NS-SR,3
TM,A5,17,1,30.0,NS-LU,3
TM,A5,17,2,30.0,EW-LU,3
TM,A5,18,0,30.0,NS-SR,3
TM,A5,18,1,30.0,NS-LU,3
TM,A5,18,2,30.0,EW-LU,3
TM,A5,19,0,30.0,NS-SR,3
TM,A5,19,1,30.0,NS-LU,3
TM,A5,19,2,30.0,EW-LU,3
TM,A5,20,0,30.0,NS-SR,3
TM,A5,20,1,30.0,NS-LU,3
TM,A5,20,2,30.0,EW-LU,3
TM,A5,21,0,30.0,NS-SR,3
TM,A5,21,1,30.0,NS-LU,3
TM,A5,21,2,30.0,EW-LU,3
TM,A5,22,0,30.0,NS-SR,3
TM,A5,22,1,30.0,NS-LU,3
TM,A5,22,2,30.0,EW-LU,3
TM,A5,23,0,30.0,NS-SR,3
TM,A5,23,1,30.0,NS-LU,3
TM,A5,23,2,30.0,EW-LU,3
TM,A5,24,0,30.0,NS-SR,3
TM,A5,24,1,30.0,NS-LU,3
TM,A5,24,2,30.0,EW-LU,3
TM,A5,25,0,33.0,NS-SR,3
TM,A5,25,1,29.0,NS-LU,3
TM,A5,25,2,28.0,EW-LU,3
TM,A5,26,0,34.0,NS-SR,3
TM,A5,26,1,30.0,NS-LU,3
TM,A5,26,2,26.0,EW-LU,3
TM,A5,27,0,34.0,NS-SR,3
TM,A5,27,1,30.0,NS-LU,3
TM,A5,27,2,26.0,EW-LU,3
TM,A5,28,0,34.0,NS-SR,3
TM,A5,28,1,30.0,NS-LU,3
TM,A5,28,2,26.0,EW-LU,3
TM,A5,29,0,34.0,NS-SR,3
TM,A5,29,1,30.0,NS-LU,3
TM,A5,29,2,26.0,EW-LU,3
TM,A5,30,0,34.0,NS-SR,3
TM,A5,30,1,30.0,NS-LU,3
TM,A5,30,2,26.0,EW-LU,3
TM,A5,31,0,37.0,NS-SR,3
TM,A5,31,1,29.0,NS-LU,3
TM,A5,31,2,24.0,EW-LU,3
TM,A5,32,0,40.0,NS-SR,3
TM,A5,32,1,28.0,NS-LU,3
TM,A5,32,2,22.0,EW-LU,3
TM,A5,33,0,43.0,NS-SR,3
TM,A5,33,1,27.0,NS-LU,3
TM,A5,33,2,20.0,EW-LU,3
TM,A5,34,0,43.0,NS-SR,3
TM,A5,34,1,29.0,NS-LU,3
TM,A5,34,2,18.0,EW-LU,3
TM,A5,35,0,44.0,NS-SR,3
TM,A5,35,1,30.0,NS-LU,3
TM,A5,35,2,16.0,EW-LU,3
TM,A5,36,0,46.0,NS-SR,3
TM,A5,36,1,30.0,NS-LU,3
TM,A5,36,2,14.0,EW-LU,3
TM,A5,37,0,46.0,NS-SR,3
TM,A5,37,1,32.0,NS-LU,3
TM,A5,37,2,12.0,EW-LU,3
TM,A5,38,0,45.0,NS-SR,3
TM,A5,38,1,35.0,NS-LU,3
TM,A5,38,2,10.0,EW-LU,3
TM,A5,39,0,44.0,NS-SR,3
TM,A5,39,1,34.0,NS-LU,3
TM,A5,39,2,12.0,EW-LU,3
TM,A5,40,0,47.0,NS-SR,3
TM,A5,40,1,33.0,NS-LU,3
TM,A5,40,2,10.0,EW-LU,3
TM,A5,41,0,49.0,NS-SR,3
TM,A5,41,1,31.0,NS-LU,3
TM,A5,41,2,10.0,EW-LU,3
TM,A5,42,0,51.0,NS-SR,3
TM,A5,42,1,29.0,NS-LU,3
TM,A5,42,2,10.0,EW-LU,3
TM,A5,43,0,52.0,NS-SR,3
TM,A5,43,1,28.0,NS-LU,3
TM,A5,43,2,10.0,EW-LU,3
TM,A5,44,0,51.0,NS-SR,3
TM,A5,44,1,29.0,NS-LU,3
TM,A5,44,2,10.0,EW-LU,3
TM,A5,45,0,49.0,NS-SR,3
TM,A5,45,1,31.0,NS-LU,3
TM,A5,45,2,10.0,EW-LU,3
TM,A5,46,0,49.0,NS-SR,3
TM,A5,46,1,30.0,NS-LU,3
TM,A5,46,2,11.0,EW-LU,3
TM,A5,47,0,49.0,NS-SR,3
TM,A5,47,1,30.0,NS-LU,3
TM,A5,47,2,11.0,EW-LU,3
TM,A5,48,0,52.0,NS-SR,3
TM,A5,48,1,28.0,NS-LU,3
TM,A5,48,2,10.0,EW-LU,3
TM,A5,49,0,54.0,NS-SR,3
TM,A5,49,1,26.0,NS-LU,3
TM,A5,49,2,10.0,EW-LU,3
TM,A5,50,0,55.0,NS-SR,3
TM,A5,50,1,25.0,NS-LU,3
TM,A5,50,2,10.0,EW-LU,3
TM,A5,51,0,55.0,NS-SR,3
TM,A5,51,1,24.0,NS-LU,3
TM,A5,51,2,11.0,EW-LU,3
TM,A5,52,0,55.0,NS-SR,3
TM,A5,52,1,24.0,NS-LU,3
TM,A5,52,2,11.0,EW-LU,3
TM,A5,53,0,55.0,NS-SR,3
TM,A5,53,1,24.0,NS-LU,3
TM,A5,53,2,11.0,EW-LU,3
TM,A5,54,0,55.0,NS-SR,3
TM,A5,54,1,24.0,NS-LU,3
TM,A5,54,2,11.0,EW-LU,3
TM,A5,55,0,58.0,NS-SR,3
TM,A5,55,1,22.0,NS-LU,3
TM,A5,55,2,10.0,EW-LU,3
TM,A5,56,0,60.0,NS-SR,3
TM,A5,56,1,20.0,NS-LU,3
TM,A5,56,2,10.0,EW-LU,3
TM,A5,57,0,61.0,NS-SR,3
TM,A5,57,1,19.0,NS-LU,3
TM,A5,57,2,10.0,EW-LU,3
TM,A5,58,0,59.0,NS-SR,3
TM,A5,58,1,21.0,NS-LU,3
TM,A5,58,2,10.0,EW-LU,3
TM,A5,59,0,58.0,NS-SR,3
TM,A5,59,1,22.0,NS-LU,3
TM,A5,59,2,10.0,EW-LU,3
TM,A5,60,0,59.0,NS-SR,3
TM,A5,60,1,21.0,NS-LU,3
TM,A5,60,2,10.0,EW-LU,3
TM,A5,61,0,60.0,NS-SR,3
TM,A5,61,1,20.0,NS-LU,3
TM,A5,61,2,10.0,EW-LU,3
TM,A5,62,0,58.0,NS-SR,3
TM,A5,62,1,22.0,NS-LU,3
TM,A5,62,2,10.0,EW-LU,3
TM,A5,63,0,52.0,NS-SR,3
TM,A5,63,1,28.0,NS-LU,3
TM,A5,63,2,10.0,EW-LU,3
TM,A5,64,0,50.0,NS-SR,3
TM,A5,64,1,30.0,NS-LU,3
TM,A5,64,2,10.0,EW-LU,3
TM,A5,65,0,50.0,NS-SR,3
TM,A5,65,1,30.0,NS-LU,3
TM,A5,65,2,10.0,EW-LU,3
TM,A5,66,0,52.0,NS-SR,3
TM,A5,66,1,28.0,NS-LU,3
TM,A5,66,2,10.0,EW-LU,3
TM,A5,67,0,54.0,NS-SR,3
TM,A5,67,1,26.0,NS-LU,3
TM,A5,67,2,10.0,EW-LU,3
TM,A5,68,0,55.0,NS-SR,3
TM,A5,68,1,25.0,NS-LU,3
TM,A5,68,2,10.0,EW-LU,3
TM,A5,69,0,55.0,NS-SR,3
TM,A5,69,1,25.0,NS-LU,3
TM,A5,69,2,10.0,EW-LU,3
TM,A5,70,0,56.0,NS-SR,3
TM,A5,70,1,24.0,NS-LU,3
TM,A5,70,2,10.0,EW-LU,3
TM,A5,71,0,58.0,NS-SR,3
TM,A5,71,1,22.0,NS-LU,3
TM,A5,71,2,10.0,EW-LU,3
TM,A5,72,0,58.0,NS-SR,3
TM,A5,72,1,22.0,NS-LU,3
TM,A5,72,2,10.0,EW-LU,3
TM,A5,73,0,59.0,NS-SR,3
TM,A5,73,1,21.0,NS-LU,3
TM,A5,73,2,10.0,EW-LU,3
TM,A5,74,0,60.0,NS-SR,3
TM,A5,74,1,20.0,NS-LU,3
TM,A5,74,2,10.0,EW-LU,3
TM,A5,75,0,60.0,NS-SR,3
TM,A5,75,1,20.0,NS-LU,3
TM,A5,75,2,10.0,EW-LU,3
TM,A5,76,0,61.0,NS-SR,3
TM,A5,76,1,19.0,NS-LU,3
TM,A5,76,2,10.0,EW-LU,3
TM,A5,77,0,61.0,NS-SR,3
TM,A5,77,1,19.0,NS-LU,3
TM,A5,77,2,10.0,EW-LU,3
TM,A5,78,0,61.0,NS-SR,3
TM,A5,78,1,19.0,NS-LU,3
TM,A5,78,2,10.0,EW-LU,3
TM,A5,79,0,60.0,NS-SR,3
TM,A5,79,1,20.0,NS-LU,3
TM,A5,79,2,10.0,EW-LU,3
TM,A5,80,0,61.0,NS-SR,3
TM,A5,80,1,19.0,NS-LU,3
TM,A5,80,2,10.0,EW-LU,3
TM,C0,0,0,22.0,NS-SR,4
TM,C0,0,1,23.0,NS-LU,4
TM,C0,0,2,22.0,EW-SR,4
TM,C0,0,3,23.0,EW-LU,4
TM,C0,1,0,23.0,NS-SR,4
TM,C0,1,1,23.0,NS-LU,4
TM,C0,1,2,22.0,EW-SR,4
TM,C0,1,3,22.0,EW-LU,4
TM,C0,2,0,23.0,NS-SR,4
TM,C0,2,1,23.0,NS-LU,4
TM,C0,2,2,22.0,EW-SR,4
TM,C0,2,3,22.0,EW-LU,4
TM,C0,3,0,23.0,NS-SR,4
TM,C0,3,1,23.0,NS-LU,4
TM,C0,3,2,22.0,EW-SR,4
TM,C0,3,3,22.0,EW-LU,4
TM,C0,4,0,23.0,NS-SR,4
TM,C0,4,1,23.0,NS-LU,4
TM,C0,4,2,22.0,EW-SR,4
TM,C0,4,3,22.0,EW-LU,4
TM,C0,5,0,23.0,NS-SR,4
TM,C0,5,1,23.0,NS-LU,4
TM,C0,5,2,22.0,EW-SR,4
TM,C0,5,3,22.0,EW-LU,4
TM,C0,6,0,23.0,NS-SR,4
TM,C0,6,1,23.0,NS-LU,4
TM,C0,6,2,22.0,EW-SR,4
TM,C0,6,3,22.0,EW-LU,4
TM,C0,7,0,23.0,NS-SR,4
TM,C0,7,1,23.0,NS-LU,4
TM,C0,7,2,22.0,EW-SR,4
TM,C0,7,3,22.0,EW-LU,4
TM,C0,8,0,23.0,NS-SR,4
TM,C0,8,1,23.0,NS-LU,4
TM,C0,8,2,22.0,EW-SR,4
TM,C0,8,3,22.0,EW-LU,4
TM,C0,9,0,23.0,NS-SR,4
TM,C0,9,1,23.0,NS-LU,4
TM,C0,9,2,22.0,EW-SR,4
TM,C0,9,3,22.0,EW-LU,4
TM,C0,10,0,23.0,NS-SR,4
TM,C0,10,1,23.0,NS-LU,4
TM,C0,10,2,22.0,EW-SR,4
TM,C0,10,3,22.0,EW-LU,4
TM,C0,11,0,21.0,NS-SR,4
TM,C0,11,1,21.0,NS-LU,4
TM,C0,11,2,28.0,EW-SR,4
TM,C0,11,3,20.0,EW-LU,4
TM,C0,12,0,18.0,NS-SR,4
TM,C0,12,1,17.0,NS-LU,4
TM,C0,12,2,31.0,EW-SR,4
TM,C0,12,3,24.0,EW-LU,4
TM,C0,13,0,13.0,NS-SR,4
TM,C0,13,1,11.0,NS-LU,4
TM,C0,13,2,36.0,EW-SR,4
TM,C0,13,3,30.0,EW-LU,4
TM,C0,14,0,12.0,NS-SR,4
TM,C0,14,1,11.0,NS-LU,4
TM,C0,14,2,38.0,EW-SR,4
TM,C0,14,3,29.0,EW-LU,4
TM,C0,15,0,14.0,NS-SR,4
TM,C0,15,1,16.0,NS-LU,4
TM,C0,15,2,37.0,EW-SR,4
TM,C0,15,3,23.0,EW-LU,4
TM,C0,16,0,12.0,NS-SR,4
TM,C0,16,1,22.0,NS-LU,4
TM,C0,16,2,38.0,EW-SR,4
TM,C0,16,3,18.0,EW-LU,4
TM,C0,17,0,11.0,NS-SR,4
TM,C0,17,1,16.0,NS-LU,4
TM,C0,17,2,44.0,EW-SR,4
TM,C0,17,3,19.0,EW-LU,4
TM,C0,18,0,10.0,NS-SR,4
TM,C0,18,1,10.0,NS-LU,4
TM,C0,18,2,46.0,EW-SR,4
TM,C0,18,3,24.0,EW-LU,4
TM,C0,19,0,10.0,NS-SR,4
TM,C0,19,1,10.0,NS-LU,4
TM,C0,19,2,46.0,EW-SR,4
TM,C0,19,3,24.0,EW-LU,4
TM,C0,20,0,12.0,NS-SR,4
TM,C0,20,1,18.0,NS-LU,4
TM,C0,20,2,41.0,EW-SR,4
TM,C0,20,3,19.0,EW-LU,4
TM,C0,21,0,11.0,NS-SR,4
TM,C0,21,1,29.0,NS-LU,4
TM,C0,21,2,35.0,EW-SR,4
TM,C0,21,3,15.0,EW-LU,4
TM,C0,22,0,11.0,NS-SR,4
TM,C0,22,1,32.0,NS-LU,4
TM,C0,22,2,32.0,EW-SR,4
TM,C0,22,3,15.0,EW-LU,4
TM,C0,23,0,10.0,NS-SR,4
TM,C0,23,1,28.0,NS-LU,4
TM,C0,23,2,33.0,EW-SR,4
TM,C0,23,3,19.0,EW-LU,4
TM,C0,24,0,10.0,NS-SR,4
TM,C0,24,1,24.0,NS-LU,4
TM,C0,24,2,35.0,EW-SR,4
TM,C0,24,3,21.0,EW-LU,4
TM,C0,25,0,10.0,NS-SR,4
TM,C0,25,1,18.0,NS-LU,4
TM,C0,25,2,37.0,EW-SR,4
TM,C0,25,3,25.0,EW-LU,4
TM,C0,26,0,11.0,NS-SR,4
TM,C0,26,1,13.0,NS-LU,4
TM,C0,26,2,43.0,EW-SR,4
TM,C0,26,3,23.0,EW-LU,4
TM,C0,27,0,13.0,NS-SR,4
TM,C0,27,1,20.0,NS-LU,4
TM,C0,27,2,40.0,EW-SR,4
TM,C0,27,3,17.0,EW-LU,4
TM,C0,28,0,13.0,NS-SR,4
TM,C0,28,1,30.0,NS-LU,4
TM,C0,28,2,34.0,EW-SR,4
TM,C0,28,3,13.0,EW-LU,4
TM,C0,29,0,13.0,NS-SR,4
TM,C0,29,1,30.0,NS-LU,4
TM,C0,29,2,32.0,EW-SR,4
TM,C0,29,3,15.0,EW-LU,4
TM,C0,30,0,10.0,NS-SR,4
TM,C0,30,1,34.0,NS-LU,4
TM,C0,30,2,29.0,EW-SR,4
TM,C0,30,3,17.0,EW-LU,4
TM,C0,31,0,10.0,NS-SR,4
TM,C0,31,1,37.0,NS-LU,4
TM,C0,31,2,27.0,EW-SR,4
TM,C0,31,3,16.0,EW-LU,4
TM,C0,32,0,10.0,NS-SR,4
TM,C0,32,1,33.0,NS-LU,4
TM,C0,32,2,29.0,EW-SR,4
TM,C0,32,3,18.0,EW-LU,4
TM,C0,33,0,10.0,NS-SR,4
TM,C0,33,1,27.0,NS-LU,4
TM,C0,33,2,30.0,EW-SR,4
TM,C0,33,3,23.0,EW-LU,4
TM,C0,34,0,10.0,NS-SR,4
TM,C0,34,1,21.0,NS-LU,4
TM,C0,34,2,35.0,EW-SR,4
TM,C0,34,3,24.0,EW-LU,4
TM,C0,35,0,11.0,NS-SR,4
TM,C0,35,1,16.0,NS-LU,4
TM,C0,35,2,42.0,EW-SR,4
TM,C0,35,3,21.0,EW-LU,4
TM,C0,36,0,14.0,NS-SR,4
TM,C0,36,1,16.0,NS-LU,4
TM,C0,36,2,45.0,EW-SR,4
TM,C0,36,3,15.0,EW-LU,4
TM,C0,37,0,13.0,NS-SR,4
TM,C0,37,1,18.0,NS-LU,4
TM,C0,37,2,47.0,EW-SR,4
TM,C0,37,3,12.0,EW-LU,4
TM,C0,38,0,11.0,NS-SR,4
TM,C0,38,1,19.0,NS-LU,4
TM,C0,38,2,47.0,EW-SR,4
TM,C0,38,3,13.0,EW-LU,4
TM,C0,39,0,10.0,NS-SR,4
TM,C0,39,1,21.0,NS-LU,4
TM,C0,39,2,43.0,EW-SR,4
TM,C0,39,3,16.0,EW-LU,4
TM,C0,40,0,11.0,NS-SR,4
TM,C0,40,1,23.0,NS-LU,4
TM,C0,40,2,41.0,EW-SR,4
TM,C0,40,3,15.0,EW-LU,4
TM,C0,41,0,10.0,NS-SR,4
TM,C0,41,1,17.0,NS-LU,4
TM,C0,41,2,46.0,EW-SR,4
TM,C0,41,3,17.0,EW-LU,4
TM,C0,42,0,11.0,NS-SR,4
TM,C0,42,1,19.0,NS-LU,4
TM,C0,42,2,46.0,EW-SR,4
TM,C0,42,3,14.0,EW-LU,4
TM,C0,43,0,11.0,NS-SR,4
TM,C0,43,1,21.0,NS-LU,4
TM,C0,43,2,44.0,EW-SR,4
TM,C0,43,3,14.0,EW-LU,4
TM,C0,44,0,11.0,NS-SR,4
TM,C0,44,1,23.0,NS-LU,4
TM,C0,44,2,41.0,EW-SR,4
TM,C0,44,3,15.0,EW-LU,4
TM,C0,45,0,11.0,NS-SR,4
TM,C0,45,1,19.0,NS-LU,4
TM,C0,45,2,41.0,EW-SR,4
TM,C0,45,3,19.0,EW-LU,4
TM,C0,46,0,10.0,NS-SR,4
TM,C0,46,1,13.0,NS-LU,4
TM,C0,46,2,45.0,EW-SR,4
TM,C0,46,3,22.0,EW-LU,4
TM,C0,47,0,11.0,NS-SR,4
TM,C0,47,1,16.0,NS-LU,4
TM,C0,47,2,44.0,EW-SR,4
TM,C0,47,3,19.0,EW-LU,4
TM,C0,48,0,13.0,NS-SR,4
TM,C0,48,1,21.0,NS-LU,4
TM,C0,48,2,43.0,EW-SR,4
TM,C0,48,3,13.0,EW-LU,4
TM,C0,49,0,12.0,NS-SR,4
TM,C0,49,1,22.0,NS-LU,4
TM,C0,49,2,43.0,EW-SR,4
TM,C0,49,3,13.0,EW-LU,4
TM,C0,50,0,13.0,NS-SR,4
TM,C0,50,1,21.0,NS-LU,4
TM,C0,50,2,43.0,EW-SR,4
TM,C0,50,3,13.0,EW-LU,4
TM,C0,51,0,12.0,NS-SR,4
TM,C0,51,1,22.0,NS-LU,4
TM,C0,51,2,45.0,EW-SR,4
TM,C0,51,3,11.0,EW-LU,4
TM,C0,52,0,10.0,NS-SR,4
TM,C0,52,1,23.0,NS-LU,4
TM,C0,52,2,44.0,EW-SR,4
TM,C0,52,3,13.0,EW-LU,4
TM,C0,53,0,10.0,NS-SR,4
TM,C0,53,1,23.0,NS-LU,4
TM,C0,53,2,42.0,EW-SR,4
TM,C0,53,3,15.0,EW-LU,4
TM,C0,54,0,10.0,NS-SR,4
TM,C0,54,1,17.0,NS-LU,4
TM,C0,54,2,44.0,EW-SR,4
TM,C0,54,3,19.0,EW-LU,4
TM,C0,55,0,10.0,NS-SR,4
TM,C0,55,1,11.0,NS-LU,4
TM,C0,55,2,47.0,EW-SR,4
TM,C0,55,3,22.0,EW-LU,4
TM,C0,56,0,12.0,NS-SR,4
TM,C0,56,1,13.0,NS-LU,4
TM,C0,56,2,45.0,EW-SR,4
TM,C0,56,3,20.0,EW-LU,4
TM,C0,57,0,14.0,NS-SR,4
TM,C0,57,1,15.0,NS-LU,4
TM,C0,57,2,45.0,EW-SR,4
TM,C0,57,3,16.0,EW-LU,4
TM,C0,58,0,15.0,NS-SR,4
TM,C0,58,1,16.0,NS-LU,4
TM,C0,58,2,49.0,EW-SR,4
TM,C0,58,3,10.0,EW-LU,4
TM,C0,59,0,13.0,NS-SR,4
TM,C0,59,1,18.0,NS-LU,4
TM,C0,59,2,47.0,EW-SR,4
TM,C0,59,3,12.0,EW-LU,4
TM,C0,60,0,11.0,NS-SR,4
TM,C0,60,1,13.0,NS-LU,4
TM,C0,60,2,54.0,EW-SR,4
TM,C0,60,3,12.0,EW-LU,4
TM,C0,61,0,10.0,NS-SR,4
TM,C0,61,1,10.0,NS-LU,4
TM,C0,61,2,59.0,EW-SR,4
TM,C0,61,3,11.0,EW-LU,4
TM,C0,62,0,10.0,NS-SR,4
TM,C0,62,1,10.0,NS-LU,4
TM,C0,62,2,59.0,EW-SR,4
TM,C0,62,3,11.0,EW-LU,4
TM,C0,63,0,11.0,NS-SR,4
TM,C0,63,1,11.0,NS-LU,4
TM,C0,63,2,58.0,EW-SR,4
TM,C0,63,3,10.0,EW-LU,4
TM,C0,64,0,11.0,NS-SR,4
TM,C0,64,1,11.0,NS-LU,4
TM,C0,64,2,57.0,EW-SR,4
TM,C0,64,3,11.0,EW-LU,4
TM,C0,65,0,10.0,NS-SR,4
TM,C0,65,1,14.0,NS-LU,4
TM,C0,65,2,53.0,EW-SR,4
TM,C0,65,3,13.0,EW-LU,4
TM,C0,66,0,11.0,NS-SR,4
TM,C0,66,1,16.0,NS-LU,4
TM,C0,66,2,49.0,EW-SR,4
TM,C0,66,3,14.0,EW-LU,4
TM,C0,67,0,12.0,NS-SR,4
TM,C0,67,1,17.0,NS-LU,4
TM,C0,67,2,47.0,EW-SR,4
TM,C0,67,3,14.0,EW-LU,4
TM,C0,68,0,13.0,NS-SR,4
TM,C0,68,1,17.0,NS-LU,4
TM,C0,68,2,43.0,EW-SR,4
TM,C0,68,3,17.0,EW-LU,4
TM,C0,69,0,14.0,NS-SR,4
TM,C0,69,1,18.0,NS-LU,4
TM,C0,69,2,41.0,EW-SR,4
TM,C0,69,3,17.0,EW-LU,4
TM,C0,70,0,13.0,NS-SR,4
TM,C0,70,1,20.0,NS-LU,4
TM,C0,70,2,40.0,EW-SR,4
TM,C0,70,3,17.0,EW-LU,4
TM,C0,71,0,13.0,NS-SR,4
TM,C0,71,1,22.0,NS-LU,4
TM,C0,71,2,42.0,EW-SR,4
TM,C0,71,3,13.0,EW-LU,4
TM,C0,72,0,13.0,NS-SR,4
TM,C0,72,1,22.0,NS-LU,4
TM,C0,72,2,42.0,EW-SR,4
TM,C0,72,3,13.0,EW-LU,4
TM,C0,73,0,11.0,NS-SR,4
TM,C0,73,1,16.0,NS-LU,4
TM,C0,73,2,48.0,EW-SR,4
TM,C0,73,3,15.0,EW-LU,4
TM,C0,74,0,10.0,NS-SR,4
TM,C0,74,1,19.0,NS-LU,4
TM,C0,74,2,49.0,EW-SR,4
TM,C0,74,3,12.0,EW-LU,4
TM,C0,75,0,11.0,NS-SR,4
TM,C0,75,1,21.0,NS-LU,4
TM,C0,75,2,46.0,EW-SR,4
TM,C0,75,3,12.0,EW-LU,4
TM,C0,76,0,12.0,NS-SR,4
TM,C0,76,1,21.0,NS-LU,4
TM,C0,76,2,45.0,EW-SR,4
TM,C0,76,3,12.0,EW-LU,4
TM,C0,77,0,11.0,NS-SR,4
TM,C0,77,1,22.0,NS-LU,4
TM,C0,77,2,42.0,EW-SR,4
TM,C0,77,3,15.0,EW-LU,4
TM,C0,78,0,11.0,NS-SR,4
TM,C0,78,1,24.0,NS-LU,4
TM,C0,78,2,37.0,EW-SR,4
TM,C0,78,3,18.0,EW-LU,4
TM,C0,79,0,12.0,NS-SR,4
TM,C0,79,1,26.0,NS-LU,4
TM,C0,79,2,38.0,EW-SR,4
TM,C0,79,3,14.0,EW-LU,4
TM,C0,80,0,11.0,NS-SR,4
TM,C0,80,1,28.0,NS-LU,4
TM,C0,80,2,40.0,EW-SR,4
TM,C0,80,3,11.0,EW-LU,4
TM,E0,0,0,22.0,NS-SR,4
TM,E0,0,1,23.0,NS-LU,4
TM,E0,0,2,22.0,EW-SR,4
TM,E0,0,3,23.0,EW-LU,4
TM,E0,1,0,23.0,NS-SR,4
TM,E0,1,1,23.0,NS-LU,4
TM,E0,1,2,22.0,EW-SR,4
TM,E0,1,3,22.0,EW-LU,4
TM,E0,2,0,23.0,NS-SR,4
TM,E0,2,1,23.0,NS-LU,4
TM,E0,2,2,22.0,EW-SR,4
TM,E0,2,3,22.0,EW-LU,4
TM,E0,3,0,23.0,NS-SR,4
TM,E0,3,1,23.0,NS-LU,4
TM,E0,3,2,22.0,EW-SR,4
TM,E0,3,3,22.0,EW-LU,4
TM,E0,4,0,23.0,NS-SR,4
TM,E0,4,1,23.0,NS-LU,4
TM,E0,4,2,22.0,EW-SR,4
TM,E0,4,3,22.0,EW-LU,4
TM,E0,5,0,23.0,NS-SR,4
TM,E0,5,1,23.0,NS-LU,4
TM,E0,5,2,22.0,EW-SR,4
TM,E0,5,3,22.0,EW-LU,4
TM,E0,6,0,23.0,NS-SR,4
TM,E0,6,1,23.0,NS-LU,4
TM,E0,6,2,22.0,EW-SR,4
TM,E0,6,3,22.0,EW-LU,4
TM,E0,7,0,23.0,NS-SR,4
TM,E0,7,1,23.0,NS-LU,4
TM,E0,7,2,22.0,EW-SR,4
TM,E0,7,3,22.0,EW-LU,4
TM,E0,8,0,23.0,NS-SR,4
TM,E0,8,1,23.0,NS-LU,4
TM,E0,8,2,22.0,EW-SR,4
TM,E0,8,3,22.0,EW-LU,4
TM,E0,9,0,23.0,NS-SR,4
TM,E0,9,1,23.0,NS-LU,4
TM,E0,9,2,22.0,EW-SR,4
TM,E0,9,3,22.0,EW-LU,4
TM,E0,10,0,23.0,NS-SR,4
TM,E0,10,1,23.0,NS-LU,4
TM,E0,10,2,22.0,EW-SR,4
TM,E0,10,3,22.0,EW-LU,4
TM,E0,11,0,23.0,NS-SR,4
TM,E0,11,1,23.0,NS-LU,4
TM,E0,11,2,22.0,EW-SR,4
TM,E0,11,3,22.0,EW-LU,4
TM,E0,12,0,23.0,NS-SR,4
TM,E0,12,1,23.0,NS-LU,4
TM,E0,12,2,22.0,EW-SR,4
TM,E0,12,3,22.0,EW-LU,4
TM,E0,13,0,23.0,NS-SR,4
TM,E0,13,1,23.0,NS-LU,4
TM,E0,13,2,22.0,EW-SR,4
TM,E0,13,3,22.0,EW-LU,4
TM,E0,14,0,23.0,NS-SR,4
TM,E0,14,1,23.0,NS-LU,4
TM,E0,14,2,22.0,EW-SR,4
TM,E0,14,3,22.0,EW-LU,4
TM,E0,15,0,23.0,NS-SR,4
TM,E0,15,1,23.0,NS-LU,4
TM,E0,15,2,22.0,EW-SR,4
TM,E0,15,3,22.0,EW-LU,4
TM,E0,16,0,23.0,NS-SR,4
TM,E0,16,1,23.0,NS-LU,4
TM,E0,16,2,22.0,EW-SR,4
TM,E0,16,3,22.0,EW-LU,4
TM,E0,17,0,23.0,NS-SR,4
TM,E0,17,1,23.0,NS-LU,4
TM,E0,17,2,22.0,EW-SR,4
TM,E0,17,3,22.0,EW-LU,4
TM,E0,18,0,23.0,NS-SR,4
TM,E0,18,1,23.0,NS-LU,4
TM,E0,18,2,22.0,EW-SR,4
TM,E0,18,3,22.0,EW-LU,4
TM,E0,19,0,27.0,NS-SR,4
TM,E0,19,1,27.0,NS-LU,4
TM,E0,19,2,26.0,EW-SR,4
TM,E0,19,3,10.0,EW-LU,4
TM,E0,20,0,27.0,NS-SR,4
TM,E0,20,1,27.0,NS-LU,4
TM,E0,20,2,25.0,EW-SR,4
TM,E0,20,3,11.0,EW-LU,4
TM,E0,21,0,25.0,NS-SR,4
TM,E0,21,1,25.0,NS-LU,4
TM,E0,21,2,24.0,EW-SR,4
TM,E0,21,3,16.0,EW-LU,4
TM,E0,22,0,16.0,NS-SR,4
TM,E0,22,1,16.0,NS-LU,4
TM,E0,22,2,32.0,EW-SR,4
TM,E0,22,3,26.0,EW-LU,4
TM,E0,23,0,12.0,NS-SR,4
TM,E0,23,1,11.0,NS-LU,4
TM,E0,23,2,39.0,EW-SR,4
TM,E0,23,3,28.0,EW-LU,4
TM,E0,24,0,11.0,NS-SR,4
TM,E0,24,1,11.0,NS-LU,4
TM,E0,24,2,38.0,EW-SR,4
TM,E0,24,3,30.0,EW-LU,4
TM,E0,25,0,12.0,NS-SR,4
TM,E0,25,1,12.0,NS-LU,4
TM,E0,25,2,37.0,EW-SR,4
TM,E0,25,3,29.0,EW-LU,4
TM,E0,26,0,25.0,NS-SR,4
TM,E0,26,1,25.0,NS-LU,4
TM,E0,26,2,30.0,EW-SR,4
TM,E0,26,3,10.0,EW-LU,4
TM,E0,27,0,22.0,NS-SR,4
TM,E0,27,1,22.0,NS-LU,4
TM,E0,27,2,28.0,EW-SR,4
TM,E0,27,3,18.0,EW-LU,4
TM,E0,28,0,17.0,NS-SR,4
TM,E0,28,1,17.0,NS-LU,4
TM,E0,28,2,23.0,EW-SR,4
TM,E0,28,3,33.0,EW-LU,4
TM,E0,29,0,11.0,NS-SR,4
TM,E0,29,1,11.0,NS-LU,4
TM,E0,29,2,33.0,EW-SR,4
TM,E0,29,3,35.0,EW-LU,4
TM,E0,30,0,10.0,NS-SR,4
TM,E0,30,1,10.0,NS-LU,4
TM,E0,30,2,39.0,EW-SR,4
TM,E0,30,3,31.0,EW-LU,4
TM,E0,31,0,11.0,NS-SR,4
TM,E0,31,1,11.0,NS-LU,4
TM,E0,31,2,38.0,EW-SR,4
TM,E0,31,3,30.0,EW-LU,4
TM,E0,32,0,12.0,NS-SR,4
TM,E0,32,1,12.0,NS-LU,4
TM,E0,32,2,37.0,EW-SR,4
TM,E0,32,3,29.0,EW-LU,4
TM,E0,33,0,10.0,NS-SR,4
TM,E0,33,1,10.0,NS-LU,4
TM,E0,33,2,35.0,EW-SR,4
TM,E0,33,3,35.0,EW-LU,4
TM,E0,34,0,10.0,NS-SR,4
TM,E0,34,1,10.0,NS-LU,4
TM,E0,34,2,32.0,EW-SR,4
TM,E0,34,3,38.0,EW-LU,4
TM,E0,35,0,11.0,NS-SR,4
TM,E0,35,1,11.0,NS-LU,4
TM,E0,35,2,31.0,EW-SR,4
TM,E0,35,3,37.0,EW-LU,4
TM,E0,36,0,12.0,NS-SR,4
TM,E0,36,1,12.0,NS-LU,4
TM,E0,36,2,30.0,EW-SR,4
TM,E0,36,3,36.0,EW-LU,4
TM,E0,37,0,12.0,NS-SR,4
TM,E0,37,1,12.0,NS-LU,4
TM,E0,37,2,30.0,EW-SR,4
TM,E0,37,3,36.0,EW-LU,4
TM,E0,38,0,12.0,NS-SR,4
TM,E0,38,1,12.0,NS-LU,4
TM,E0,38,2,30.0,EW-SR,4
TM,E0,38,3,36.0,EW-LU,4
TM,E0,39,0,12.0,NS-SR,4
TM,E0,39,1,12.0,NS-LU,4
TM,E0,39,2,30.0,EW-SR,4
TM,E0,39,3,36.0,EW-LU,4
TM,E0,40,0,11.0,NS-SR,4
TM,E0,40,1,11.0,NS-LU,4
TM,E0,40,2,26.0,EW-SR,4
TM,E0,40,3,42.0,EW-LU,4
TM,E0,41,0,10.0,NS-SR,4
TM,E0,41,1,10.0,NS-LU,4
TM,E0,41,2,25.0,EW-SR,4
TM,E0,41,3,45.0,EW-LU,4
TM,E0,42,0,11.0,NS-SR,4
TM,E0,42,1,11.0,NS-LU,4
TM,E0,42,2,24.0,EW-SR,4
TM,E0,42,3,44.0,EW-LU,4
TM,E0,43,0,12.0,NS-SR,4
TM,E0,43,1,12.0,NS-LU,4
TM,E0,43,2,23.0,EW-SR,4
TM,E0,43,3,43.0,EW-LU,4
TM,E0,44,0,12.0,NS-SR,4
TM,E0,44,1,12.0,NS-LU,4
TM,E0,44,2,23.0,EW-SR,4
TM,E0,44,3,43.0,EW-LU,4
TM,E0,45,0,12.0,NS-SR,4
TM,E0,45,1,12.0,NS-LU,4
TM,E0,45,2,23.0,EW-SR,4
TM,E0,45,3,43.0,EW-LU,4
TM,E0,46,0,12.0,NS-SR,4
TM,E0,46,1,12.0,NS-LU,4
TM,E0,46,2,23.0,EW-SR,4
TM,E0,46,3,43.0,EW-LU,4
TM,E0,47,0,12.0,NS-SR,4
TM,E0,47,1,12.0,NS-LU,4
TM,E0,47,2,23.0,EW-SR,4
TM,E0,47,3,43.0,EW-LU,4
TM,E0,48,0,12.0,NS-SR,4
TM,E0,48,1,12.0,NS-LU,4
TM,E0,48,2,23.0,EW-SR,4
TM,E0,48,3,43.0,EW-LU,4
TM,E0,49,0,12.0,NS-SR,4
TM,E0,49,1,12.0,NS-LU,4
TM,E0,49,2,23.0,EW-SR,4
TM,E0,49,3,43.0,EW-LU,4
TM,E0,50,0,12.0,NS-SR,4
TM,E0,50,1,12.0,NS-LU,4
TM,E0,50,2,23.0,EW-SR,4
TM,E0,50,3,43.0,EW-LU,4
TM,E0,51,0,12.0,NS-SR,4
TM,E0,51,1,12.0,NS-LU,4
TM,E0,51,2,23.0,EW-SR,4
TM,E0,51,3,43.0,EW-LU,4
TM,E0,52,0,12.0,NS-SR,4
TM,E0,52,1,12.0,NS-LU,4
TM,E0,52,2,23.0,EW-SR,4
TM,E0,52,3,43.0,EW-LU,4
TM,E0,53,0,12.0,NS-SR,4
TM,E0,53,1,12.0,NS-LU,4
TM,E0,53,2,23.0,EW-SR,4
TM,E0,53,3,43.0,EW-LU,4
TM,E0,54,0,12.0,NS-SR,4
TM,E0,54,1,12.0,NS-LU,4
TM,E0,54,2,23.0,EW-SR,4
TM,E0,54,3,43.0,EW-LU,4
TM,E0,55,0,12.0,NS-SR,4
TM,E0,55,1,12.0,NS-LU,4
TM,E0,55,2,23.0,EW-SR,4
TM,E0,55,3,43.0,EW-LU,4
TM,E0,56,0,12.0,NS-SR,4
TM,E0,56,1,12.0,NS-LU,4
TM,E0,56,2,23.0,EW-SR,4
TM,E0,56,3,43.0,EW-LU,4
TM,E0,57,0,12.0,NS-SR,4
TM,E0,57,1,12.0,NS-LU,4
TM,E0,57,2,23.0,EW-SR,4
TM,E0,57,3,43.0,EW-LU,4
TM,E0,58,0,12.0,NS-SR,4
TM,E0,58,1,12.0,NS-LU,4
TM,E0,58,2,23.0,EW-SR,4
TM,E0,58,3,43.0,EW-LU,4
TM,E0,59,0,12.0,NS-SR,4
TM,E0,59,1,12.0,NS-LU,4
TM,E0,59,2,23.0,EW-SR,4
TM,E0,59,3,43.0,EW-LU,4
TM,E0,60,0,12.0,NS-SR,4
TM,E0,60,1,12.0,NS-LU,4
TM,E0,60,2,23.0,EW-SR,4
TM,E0,60,3,43.0,EW-LU,4
TM,E0,61,0,12.0,NS-SR,4
TM,E0,61,1,12.0,NS-LU,4
TM,E0,61,2,23.0,EW-SR,4
TM,E0,61,3,43.0,EW-LU,4
TM,E0,62,0,12.0,NS-SR,4
TM,E0,62,1,12.0,NS-LU,4
TM,E0,62,2,23.0,EW-SR,4
TM,E0,62,3,43.0,EW-LU,4
TM,E0,63,0,27.0,NS-SR,4
TM,E0,63,1,26.0,NS-LU,4
TM,E0,63,2,27.0,EW-SR,4
TM,E0,63,3,10.0,EW-LU,4
TM,E0,64,0,24.0,NS-SR,4
TM,E0,64,1,22.0,NS-LU,4
TM,E0,64,2,30.0,EW-SR,4
TM,E0,64,3,14.0,EW-LU,4
TM,E0,65,0,19.0,NS-SR,4
TM,E0,65,1,17.0,NS-LU,4
TM,E0,65,2,25.0,EW-SR,4
TM,E0,65,3,29.0,EW-LU,4
TM,E0,66,0,11.0,NS-SR,4
TM,E0,66,1,11.0,NS-LU,4
TM,E0,66,2,29.0,EW-SR,4
TM,E0,66,3,39.0,EW-LU,4
TM,E0,67,0,10.0,NS-SR,4
TM,E0,67,1,10.0,NS-LU,4
TM,E0,67,2,31.0,EW-SR,4
TM,E0,67,3,39.0,EW-LU,4
TM,E0,68,0,11.0,NS-SR,4
TM,E0,68,1,11.0,NS-LU,4
TM,E0,68,2,30.0,EW-SR,4
TM,E0,68,3,38.0,EW-LU,4
TM,E0,69,0,12.0,NS-SR,4
TM,E0,69,1,12.0,NS-LU,4
TM,E0,69,2,29.0,EW-SR,4
TM,E0,69,3,37.0,EW-LU,4
TM,E0,70,0,12.0,NS-SR,4
TM,E0,70,1,12.0,NS-LU,4
TM,E0,70,2,29.0,EW-SR,4
TM,E0,70,3,37.0,EW-LU,4
TM,E0,71,0,12.0,NS-SR,4
TM,E0,71,1,12.0,NS-LU,4
TM,E0,71,2,29.0,EW-SR,4
TM,E0,71,3,37.0,EW-LU,4
TM,E0,72,0,12.0,NS-SR,4
TM,E0,72,1,12.0,NS-LU,4
TM,E0,72,2,29.0,EW-SR,4
TM,E0,72,3,37.0,EW-LU,4
TM,E0,73,0,12.0,NS-SR,4
TM,E0,73,1,12.0,NS-LU,4
TM,E0,73,2,29.0,EW-SR,4
TM,E0,73,3,37.0,EW-LU,4
TM,E0,74,0,12.0,NS-SR,4
TM,E0,74,1,12.0,NS-LU,4
TM,E0,74,2,29.0,EW-SR,4
TM,E0,74,3,37.0,EW-LU,4
TM,E0,75,0,12.0,NS-SR,4
TM,E0,75,1,12.0,NS-LU,4
TM,E0,75,2,29.0,EW-SR,4
TM,E0,75,3,37.0,EW-LU,4
TM,E0,76,0,10.0,NS-SR,4
TM,E0,76,1,10.0,NS-LU,4
TM,E0,76,2,28.0,EW-SR,4
TM,E0,76,3,42.0,EW-LU,4
TM,E0,77,0,10.0,NS-SR,4
TM,E0,77,1,10.0,NS-LU,4
TM,E0,77,2,28.0,EW-SR,4
TM,E0,77,3,42.0,EW-LU,4
TM,E0,78,0,10.0,NS-SR,4
TM,E0,78,1,10.0,NS-LU,4
TM,E0,78,2,26.0,EW-SR,4
TM,E0,78,3,44.0,EW-LU,4
TM,E0,79,0,11.0,NS-SR,4
TM,E0,79,1,11.0,NS-LU,4
TM,E0,79,2,25.0,EW-SR,4
TM,E0,79,3,43.0,EW-LU,4
TM,E0,80,0,12.0,NS-SR,4
TM,E0,80,1,12.0,NS-LU,4
TM,E0,80,2,24.0,EW-SR,4
TM,E0,80,3,42.0,EW-LU,4
TM,D5,0,0,22.0,NS-SR,4
TM,D5,0,1,23.0,NS-LU,4
TM,D5,0,2,22.0,EW-SR,4
TM,D5,0,3,23.0,EW-LU,4
TM,D5,1,0,23.0,NS-SR,4
TM,D5,1,1,23.0,NS-LU,4
TM,D5,1,2,22.0,EW-SR,4
TM,D5,1,3,22.0,EW-LU,4
TM,D5,2,0,23.0,NS-SR,4
TM,D5,2,1,23.0,NS-LU,4
TM,D5,2,2,22.0,EW-SR,4
TM,D5,2,3,22.0,EW-LU,4
TM,D5,3,0,23.0,NS-SR,4
TM,D5,3,1,23.0,NS-LU,4
TM,D5,3,2,22.0,EW-SR,4
TM,D5,3,3,22.0,EW-LU,4
TM,D5,4,0,23.0,NS-SR,4
TM,D5,4,1,23.0,NS-LU,4
TM,D5,4,2,22.0,EW-SR,4
TM,D5,4,3,22.0,EW-LU,4
TM,D5,5,0,23.0,NS-SR,4
TM,D5,5,1,23.0,NS-LU,4
TM,D5,5,2,22.0,EW-SR,4
TM,D5,5,3,22.0,EW-LU,4
TM,D5,6,0,23.0,NS-SR,4
TM,D5,6,1,23.0,NS-LU,4
TM,D5,6,2,22.0,EW-SR,4
TM,D5,6,3,22.0,EW-LU,4
TM,D5,7,0,23.0,NS-SR,4
TM,D5,7,1,23.0,NS-LU,4
TM,D5,7,2,22.0,EW-SR,4
TM,D5,7,3,22.0,EW-LU,4
TM,D5,8,0,23.0,NS-SR,4
TM,D5,8,1,23.0,NS-LU,4
TM,D5,8,2,22.0,EW-SR,4
TM,D5,8,3,22.0,EW-LU,4
TM,D5,9,0,23.0,NS-SR,4
TM,D5,9,1,23.0,NS-LU,4
TM,D5,9,2,22.0,EW-SR,4
TM,D5,9,3,22.0,EW-LU,4
TM,D5,10,0,23.0,NS-SR,4
TM,D5,10,1,23.0,NS-LU,4
TM,D5,10,2,22.0,EW-SR,4
TM,D5,10,3,22.0,EW-LU,4
TM,D5,11,0,22.0,NS-SR,4
TM,D5,11,1,22.0,NS-LU,4
TM,D5,11,2,25.0,EW-SR,4
TM,D5,11,3,21.0,EW-LU,4
TM,D5,12,0,21.0,NS-SR,4
TM,D5,12,1,21.0,NS-LU,4
TM,D5,12,2,28.0,EW-SR,4
TM,D5,12,3,20.0,EW-LU,4
TM,D5,13,0,21.0,NS-SR,4
TM,D5,13,1,21.0,NS-LU,4
TM,D5,13,2,28.0,EW-SR,4
TM,D5,13,3,20.0,EW-LU,4
TM,D5,14,0,21.0,NS-SR,4
TM,D5,14,1,21.0,NS-LU,4
TM,D5,14,2,28.0,EW-SR,4
TM,D5,14,3,20.0,EW-LU,4
TM,D5,15,0,21.0,NS-SR,4
TM,D5,15,1,21.0,NS-LU,4
TM,D5,15,2,28.0,EW-SR,4
TM,D5,15,3,20.0,EW-LU,4
TM,D5,16,0,18.0,NS-SR,4
TM,D5,16,1,18.0,NS-LU,4
TM,D5,16,2,37.0,EW-SR,4
TM,D5,16,3,17.0,EW-LU,4
TM,D5,17,0,15.0,NS-SR,4
TM,D5,17,1,15.0,NS-LU,4
TM,D5,17,2,46.0,EW-SR,4
TM,D5,17,3,14.0,EW-LU,4
TM,D5,18,0,12.0,NS-SR,4
TM,D5,18,1,12.0,NS-LU,4
TM,D5,18,2,54.0,EW-SR,4
TM,D5,18,3,12.0,EW-LU,4
TM,D5,19,0,15.0,NS-SR,4
TM,D5,19,1,17.0,NS-LU,4
TM,D5,19,2,48.0,EW-SR,4
TM,D5,19,3,10.0,EW-LU,4
TM,D5,20,0,14.0,NS-SR,4
TM,D5,20,1,23.0,NS-LU,4
TM,D5,20,2,43.0,EW-SR,4
TM,D5,20,3,10.0,EW-LU,4
TM,D5,21,0,11.0,NS-SR,4
TM,D5,21,1,24.0,NS-LU,4
TM,D5,21,2,45.0,EW-SR,4
TM,D5,21,3,10.0,EW-LU,4
TM,D5,22,0,10.0,NS-SR,4
TM,D5,22,1,22.0,NS-LU,4
TM,D5,22,2,47.0,EW-SR,4
TM,D5,22,3,11.0,EW-LU,4
TM,D5,23,0,12.0,NS-SR,4
TM,D5,23,1,21.0,NS-LU,4
TM,D5,23,2,46.0,EW-SR,4
TM,D5,23,3,11.0,EW-LU,4
TM,D5,24,0,11.0,NS-SR,4
TM,D5,24,1,16.0,NS-LU,4
TM,D5,24,2,53.0,EW-SR,4
TM,D5,24,3,10.0,EW-LU,4
TM,D5,25,0,12.0,NS-SR,4
TM,D5,25,1,14.0,NS-LU,4
TM,D5,25,2,53.0,EW-SR,4
TM,D5,25,3,11.0,EW-LU,4
TM,D5,26,0,13.0,NS-SR,4
TM,D5,26,1,15.0,NS-LU,4
TM,D5,26,2,52.0,EW-SR,4
TM,D5,26,3,10.0,EW-LU,4
TM,D5,27,0,17.0,NS-SR,4
TM,D5,27,1,16.0,NS-LU,4
TM,D5,27,2,47.0,EW-SR,4
TM,D5,27,3,10.0,EW-LU,4
TM,D5,28,0,17.0,NS-SR,4
TM,D5,28,1,16.0,NS-LU,4
TM,D5,28,2,46.0,EW-SR,4
TM,D5,28,3,11.0,EW-LU,4
TM,D5,29,0,17.0,NS-SR,4
TM,D5,29,1,16.0,NS-LU,4
TM,D5,29,2,46.0,EW-SR,4
TM,D5,29,3,11.0,EW-LU,4
TM,D5,30,0,13.0,NS-SR,4
TM,D5,30,1,12.0,NS-LU,4
TM,D5,30,2,54.0,EW-SR,4
TM,D5,30,3,11.0,EW-LU,4
TM,D5,31,0,10.0,NS-SR,4
TM,D5,31,1,10.0,NS-LU,4
TM,D5,31,2,58.0,EW-SR,4
TM,D5,31,3,12.0,EW-LU,4
TM,D5,32,0,10.0,NS-SR,4
TM,D5,32,1,10.0,NS-LU,4
TM,D5,32,2,59.0,EW-SR,4
TM,D5,32,3,11.0,EW-LU,4
TM,D5,33,0,12.0,NS-SR,4
TM,D5,33,1,15.0,NS-LU,4
TM,D5,33,2,53.0,EW-SR,4
TM,D5,33,3,10.0,EW-LU,4
TM,D5,34,0,15.0,NS-SR,4
TM,D5,34,1,18.0,NS-LU,4
TM,D5,34,2,47.0,EW-SR,4
TM,D5,34,3,10.0,EW-LU,4
TM,D5,35,0,19.0,NS-SR,4
TM,D5,35,1,20.0,NS-LU,4
TM,D5,35,2,41.0,EW-SR,4
TM,D5,35,3,10.0,EW-LU,4
TM,D5,36,0,15.0,NS-SR,4
TM,D5,36,1,16.0,NS-LU,4
TM,D5,36,2,48.0,EW-SR,4
TM,D5,36,3,11.0,EW-LU,4
TM,D5,37,0,14.0,NS-SR,4
TM,D5,37,1,15.0,NS-LU,4
TM,D5,37,2,51.0,EW-SR,4
TM,D5,37,3,10.0,EW-LU,4
TM,D5,38,0,11.0,NS-SR,4
TM,D5,38,1,11.0,NS-LU,4
TM,D5,38,2,58.0,EW-SR,4
TM,D5,38,3,10.0,EW-LU,4
TM,D5,39,0,10.0,NS-SR,4
TM,D5,39,1,10.0,NS-LU,4
TM,D5,39,2,60.0,EW-SR,4
TM,D5,39,3,10.0,EW-LU,4
TM,D5,40,0,10.0,NS-SR,4
TM,D5,40,1,10.0,NS-LU,4
TM,D5,40,2,60.0,EW-SR,4
TM,D5,40,3,10.0,EW-LU,4
TM,D5,41,0,12.0,NS-SR,4
TM,D5,41,1,11.0,NS-LU,4
TM,D5,41,2,57.0,EW-SR,4
TM,D5,41,3,10.0,EW-LU,4
TM,D5,42,0,12.0,NS-SR,4
TM,D5,42,1,13.0,NS-LU,4
TM,D5,42,2,55.0,EW-SR,4
TM,D5,42,3,10.0,EW-LU,4
TM,D5,43,0,12.0,NS-SR,4
TM,D5,43,1,14.0,NS-LU,4
TM,D5,43,2,54.0,EW-SR,4
TM,D5,43,3,10.0,EW-LU,4
TM,D5,44,0,10.0,NS-SR,4
TM,D5,44,1,10.0,NS-LU,4
TM,D5,44,2,60.0,EW-SR,4
TM,D5,44,3,10.0,EW-LU,4
TM,D5,45,0,10.0,NS-SR,4
TM,D5,45,1,10.0,NS-LU,4
TM,D5,45,2,59.0,EW-SR,4
TM,D5,45,3,11.0,EW-LU,4
TM,D5,46,0,11.0,NS-SR,4
TM,D5,46,1,11.0,NS-LU,4
TM,D5,46,2,58.0,EW-SR,4
TM,D5,46,3,10.0,EW-LU,4
TM,D5,47,0,15.0,NS-SR,4
TM,D5,47,1,13.0,NS-LU,4
TM,D5,47,2,52.0,EW-SR,4
TM,D5,47,3,10.0,EW-LU,4
TM,D5,48,0,21.0,NS-SR,4
TM,D5,48,1,13.0,NS-LU,4
TM,D5,48,2,46.0,EW-SR,4
TM,D5,48,3,10.0,EW-LU,4
TM,D5,49,0,21.0,NS-SR,4
TM,D5,49,1,13.0,NS-LU,4
TM,D5,49,2,45.0,EW-SR,4
TM,D5,49,3,11.0,EW-LU,4
TM,D5,50,0,20.0,NS-SR,4
TM,D5,50,1,12.0,NS-LU,4
TM,D5,50,2,48.0,EW-SR,4
TM,D5,50,3,10.0,EW-LU,4
TM,D5,51,0,15.0,NS-SR,4
TM,D5,51,1,11.0,NS-LU,4
TM,D5,51,2,54.0,EW-SR,4
TM,D5,51,3,10.0,EW-LU,4
TM,D5,52,0,10.0,NS-SR,4
TM,D5,52,1,10.0,NS-LU,4
TM,D5,52,2,60.0,EW-SR,4
TM,D5,52,3,10.0,EW-LU,4
TM,D5,53,0,12.0,NS-SR,4
TM,D5,53,1,13.0,NS-LU,4
TM,D5,53,2,55.0,EW-SR,4
TM,D5,53,3,10.0,EW-LU,4
TM,D5,54,0,14.0,NS-SR,4
TM,D5,54,1,17.0,NS-LU,4
TM,D5,54,2,49.0,EW-SR,4
TM,D5,54,3,10.0,EW-LU,4
TM,D5,55,0,14.0,NS-SR,4
TM,D5,55,1,15.0,NS-LU,4
TM,D5,55,2,51.0,EW-SR,4
TM,D5,55,3,10.0,EW-LU,4
TM,D5,56,0,15.0,NS-SR,4
TM,D5,56,1,13.0,NS-LU,4
TM,D5,56,2,52.0,EW-SR,4
TM,D5,56,3,10.0,EW-LU,4
TM,D5,57,0,13.0,NS-SR,4
TM,D5,57,1,14.0,NS-LU,4
TM,D5,57,2,53.0,EW-SR,4
TM,D5,57,3,10.0,EW-LU,4
TM,D5,58,0,13.0,NS-SR,4
TM,D5,58,1,14.0,NS-LU,4
TM,D5,58,2,53.0,EW-SR,4
TM,D5,58,3,10.0,EW-LU,4
TM,D5,59,0,13.0,NS-SR,4
TM,D5,59,1,14.0,NS-LU,4
TM,D5,59,2,52.0,EW-SR,4
TM,D5,59,3,11.0,EW-LU,4
TM,D5,60,0,12.0,NS-SR,4
TM,D5,60,1,13.0,NS-LU,4
TM,D5,60,2,55.0,EW-SR,4
TM,D5,60,3,10.0,EW-LU,4
TM,D5,61,0,11.0,NS-SR,4
TM,D5,61,1,12.0,NS-LU,4
TM,D5,61,2,57.0,EW-SR,4
TM,D5,61,3,10.0,EW-LU,4
TM,D5,62,0,10.0,NS-SR,4
TM,D5,62,1,10.0,NS-LU,4
TM,D5,62,2,60.0,EW-SR,4
TM,D5,62,3,10.0,EW-LU,4
TM,D5,63,0,10.0,NS-SR,4
TM,D5,63,1,10.0,NS-LU,4
TM,D5,63,2,60.0,EW-SR,4
TM,D5,63,3,10.0,EW-LU,4
TM,D5,64,0,11.0,NS-SR,4
TM,D5,64,1,12.0,NS-LU,4
TM,D5,64,2,57.0,EW-SR,4
TM,D5,64,3,10.0,EW-LU,4
TM,D5,65,0,12.0,NS-SR,4
TM,D5,65,1,13.0,NS-LU,4
TM,D5,65,2,55.0,EW-SR,4
TM,D5,65,3,10.0,EW-LU,4
TM,D5,66,0,14.0,NS-SR,4
TM,D5,66,1,17.0,NS-LU,4
TM,D5,66,2,49.0,EW-SR,4
TM,D5,66,3,10.0,EW-LU,4
TM,D5,67,0,19.0,NS-SR,4
TM,D5,67,1,18.0,NS-LU,4
TM,D5,67,2,43.0,EW-SR,4
TM,D5,67,3,10.0,EW-LU,4
TM,D5,68,0,20.0,NS-SR,4
TM,D5,68,1,14.0,NS-LU,4
TM,D5,68,2,46.0,EW-SR,4
TM,D5,68,3,10.0,EW-LU,4
TM,D5,69,0,15.0,NS-SR,4
TM,D5,69,1,11.0,NS-LU,4
TM,D5,69,2,53.0,EW-SR,4
TM,D5,69,3,11.0,EW-LU,4
TM,D5,70,0,12.0,NS-SR,4
TM,D5,70,1,14.0,NS-LU,4
TM,D5,70,2,54.0,EW-SR,4
TM,D5,70,3,10.0,EW-LU,4
TM,D5,71,0,10.0,NS-SR,4
TM,D5,71,1,10.0,NS-LU,4
TM,D5,71,2,60.0,EW-SR,4
TM,D5,71,3,10.0,EW-LU,4
TM,D5,72,0,10.0,NS-SR,4
TM,D5,72,1,10.0,NS-LU,4
TM,D5,72,2,60.0,EW-SR,4
TM,D5,72,3,10.0,EW-LU,4
TM,D5,73,0,11.0,NS-SR,4
TM,D5,73,1,12.0,NS-LU,4
TM,D5,73,2,57.0,EW-SR,4
TM,D5,73,3,10.0,EW-LU,4
TM,D5,74,0,12.0,NS-SR,4
TM,D5,74,1,11.0,NS-LU,4
TM,D5,74,2,56.0,EW-SR,4
TM,D5,74,3,11.0,EW-LU,4
TM,D5,75,0,12.0,NS-SR,4
TM,D5,75,1,13.0,NS-LU,4
TM,D5,75,2,55.0,EW-SR,4
TM,D5,75,3,10.0,EW-LU,4
TM,D5,76,0,12.0,NS-SR,4
TM,D5,76,1,13.0,NS-LU,4
TM,D5,76,2,50.0,EW-SR,4
TM,D5,76,3,15.0,EW-LU,4
TM,D5,77,0,13.0,NS-SR,4
TM,D5,77,1,14.0,NS-LU,4
TM,D5,77,2,47.0,EW-SR,4
TM,D5,77,3,16.0,EW-LU,4
TM,D5,78,0,16.0,NS-SR,4
TM,D5,78,1,16.0,NS-LU,4
TM,D5,78,2,48.0,EW-SR,4
TM,D5,78,3,10.0,EW-LU,4
TM,D5,79,0,16.0,NS-SR,4
TM,D5,79,1,13.0,NS-LU,4
TM,D5,79,2,51.0,EW-SR,4
TM,D5,79,3,10.0,EW-LU,4
TM,D5,80,0,14.0,NS-SR,4
TM,D5,80,1,14.0,NS-LU,4
TM,D5,80,2,52.0,EW-SR,4
TM,D5,80,3,10.0,EW-LU,4
TM,B5,0,0,22.0,NS-SR,4
TM,B5,0,1,23.0,NS-LU,4
TM,B5,0,2,22.0,EW-SR,4
TM,B5,0,3,23.0,EW-LU,4
TM,B5,1,0,23.0,NS-SR,4
TM,B5,1,1,23.0,NS-LU,4
TM,B5,1,2,22.0,EW-SR,4
TM,B5,1,3,22.0,EW-LU,4
TM,B5,2,0,23.0,NS-SR,4
TM,B5,2,1,23.0,NS-LU,4
TM,B5,2,2,22.0,EW-SR,4
TM,B5,2,3,22.0,EW-LU,4
TM,B5,3,0,23.0,NS-SR,4
TM,B5,3,1,23.0,NS-LU,4
TM,B5,3,2,22.0,EW-SR,4
TM,B5,3,3,22.0,EW-LU,4
TM,B5,4,0,23.0,NS-SR,4
TM,B5,4,1,23.0,NS-LU,4
TM,B5,4,2,22.0,EW-SR,4
TM,B5,4,3,22.0,EW-LU,4
TM,B5,5,0,23.0,NS-SR,4
TM,B5,5,1,23.0,NS-LU,4
TM,B5,5,2,22.0,EW-SR,4
TM,B5,5,3,22.0,EW-LU,4
TM,B5,6,0,23.0,NS-SR,4
TM,B5,6,1,23.0,NS-LU,4
TM,B5,6,2,22.0,EW-SR,4
TM,B5,6,3,22.0,EW-LU,4
TM,B5,7,0,23.0,NS-SR,4
TM,B5,7,1,23.0,NS-LU,4
TM,B5,7,2,22.0,EW-SR,4
TM,B5,7,3,22.0,EW-LU,4
TM,B5,8,0,23.0,NS-SR,4
TM,B5,8,1,23.0,NS-LU,4
TM,B5,8,2,22.0,EW-SR,4
TM,B5,8,3,22.0,EW-LU,4
TM,B5,9,0,23.0,NS-SR,4
TM,B5,9,1,23.0,NS-LU,4
TM,B5,9,2,22.0,EW-SR,4
TM,B5,9,3,22.0,EW-LU,4
TM,B5,10,0,23.0,NS-SR,4
TM,B5,10,1,23.0,NS-LU,4
TM,B5,10,2,22.0,EW-SR,4
TM,B5,10,3,22.0,EW-LU,4
TM,B5,11,0,23.0,NS-SR,4
TM,B5,11,1,23.0,NS-LU,4
TM,B5,11,2,22.0,EW-SR,4
TM,B5,11,3,22.0,EW-LU,4
TM,B5,12,0,23.0,NS-SR,4
TM,B5,12,1,23.0,NS-LU,4
TM,B5,12,2,22.0,EW-SR,4
TM,B5,12,3,22.0,EW-LU,4
TM,B5,13,0,23.0,NS-SR,4
TM,B5,13,1,23.0,NS-LU,4
TM,B5,13,2,22.0,EW-SR,4
TM,B5,13,3,22.0,EW-LU,4
TM,B5,14,0,23.0,NS-SR,4
TM,B5,14,1,23.0,NS-LU,4
TM,B5,14,2,22.0,EW-SR,4
TM,B5,14,3,22.0,EW-LU,4
TM,B5,15,0,19.0,NS-SR,4
TM,B5,15,1,25.0,NS-LU,4
TM,B5,15,2,23.0,EW-SR,4
TM,B5,15,3,23.0,EW-LU,4
TM,B5,16,0,22.0,NS-SR,4
TM,B5,16,1,24.0,NS-LU,4
TM,B5,16,2,22.0,EW-SR,4
TM,B5,16,3,22.0,EW-LU,4
TM,B5,17,0,22.0,NS-SR,4
TM,B5,17,1,24.0,NS-LU,4
TM,B5,17,2,22.0,EW-SR,4
TM,B5,17,3,22.0,EW-LU,4
TM,B5,18,0,22.0,NS-SR,4
TM,B5,18,1,24.0,NS-LU,4
TM,B5,18,2,22.0,EW-SR,4
TM,B5,18,3,22.0,EW-LU,4
TM,B5,19,0,25.0,NS-SR,4
TM,B5,19,1,24.0,NS-LU,4
TM,B5,19,2,21.0,EW-SR,4
TM,B5,19,3,20.0,EW-LU,4
TM,B5,20,0,28.0,NS-SR,4
TM,B5,20,1,23.0,NS-LU,4
TM,B5,20,2,20.0,EW-SR,4
TM,B5,20,3,19.0,EW-LU,4
TM,B5,21,0,31.0,NS-SR,4
TM,B5,21,1,23.0,NS-LU,4
TM,B5,21,2,19.0,EW-SR,4
TM,B5,21,3,17.0,EW-LU,4
TM,B5,22,0,34.0,NS-SR,4
TM,B5,22,1,22.0,NS-LU,4
TM,B5,22,2,19.0,EW-SR,4
TM,B5,22,3,15.0,EW-LU,4
TM,B5,23,0,37.0,NS-SR,4
TM,B5,23,1,21.0,NS-LU,4
TM,B5,23,2,19.0,EW-SR,4
TM,B5,23,3,13.0,EW-LU,4
TM,B5,24,0,40.0,NS-SR,4
TM,B5,24,1,20.0,NS-LU,4
TM,B5,24,2,19.0,EW-SR,4
TM,B5,24,3,11.0,EW-LU,4
TM,B5,25,0,41.0,NS-SR,4
TM,B5,25,1,18.0,NS-LU,4
TM,B5,25,2,21.0,EW-SR,4
TM,B5,25,3,10.0,EW-LU,4
TM,B5,26,0,44.0,NS-SR,4
TM,B5,26,1,16.0,NS-LU,4
TM,B5,26,2,20.0,EW-SR,4
TM,B5,26,3,10.0,EW-LU,4
TM,B5,27,0,47.0,NS-SR,4
TM,B5,27,1,15.0,NS-LU,4
TM,B5,27,2,18.0,EW-SR,4
TM,B5,27,3,10.0,EW-LU,4
TM,B5,28,0,50.0,NS-SR,4
TM,B5,28,1,14.0,NS-LU,4
TM,B5,28,2,16.0,EW-SR,4
TM,B5,28,3,10.0,EW-LU,4
TM,B5,29,0,52.0,NS-SR,4
TM,B5,29,1,12.0,NS-LU,4
TM,B5,29,2,15.0,EW-SR,4
TM,B5,29,3,11.0,EW-LU,4
TM,B5,30,0,55.0,NS-SR,4
TM,B5,30,1,11.0,NS-LU,4
TM,B5,30,2,14.0,EW-SR,4
TM,B5,30,3,10.0,EW-LU,4
TM,B5,31,0,57.0,NS-SR,4
TM,B5,31,1,10.0,NS-LU,4
TM,B5,31,2,12.0,EW-SR,4
TM,B5,31,3,11.0,EW-LU,4
TM,B5,32,0,57.0,NS-SR,4
TM,B5,32,1,10.0,NS-LU,4
TM,B5,32,2,13.0,EW-SR,4
TM,B5,32,3,10.0,EW-LU,4
TM,B5,33,0,56.0,NS-SR,4
TM,B5,33,1,11.0,NS-LU,4
TM,B5,33,2,13.0,EW-SR,4
TM,B5,33,3,10.0,EW-LU,4
TM,B5,34,0,57.0,NS-SR,4
TM,B5,34,1,10.0,NS-LU,4
TM,B5,34,2,12.0,EW-SR,4
TM,B5,34,3,11.0,EW-LU,4
TM,B5,35,0,58.0,NS-SR,4
TM,B5,35,1,10.0,NS-LU,4
TM,B5,35,2,11.0,EW-SR,4
TM,B5,35,3,11.0,EW-LU,4
TM,B5,36,0,57.0,NS-SR,4
TM,B5,36,1,10.0,NS-LU,4
TM,B5,36,2,12.0,EW-SR,4
TM,B5,36,3,11.0,EW-LU,4
TM,B5,37,0,58.0,NS-SR,4
TM,B5,37,1,10.0,NS-LU,4
TM,B5,37,2,11.0,EW-SR,4
TM,B5,37,3,11.0,EW-LU,4
TM,B5,38,0,56.0,NS-SR,4
TM,B5,38,1,10.0,NS-LU,4
TM,B5,38,2,12.0,EW-SR,4
TM,B5,38,3,12.0,EW-LU,4
TM,B5,39,0,54.0,NS-SR,4
TM,B5,39,1,10.0,NS-LU,4
TM,B5,39,2,14.0,EW-SR,4
TM,B5,39,3,12.0,EW-LU,4
TM,B5,40,0,55.0,NS-SR,4
TM,B5,40,1,10.0,NS-LU,4
TM,B5,40,2,15.0,EW-SR,4
TM,B5,40,3,10.0,EW-LU,4
TM,B5,41,0,55.0,NS-SR,4
TM,B5,41,1,10.0,NS-LU,4
TM,B5,41,2,15.0,EW-SR,4
TM,B5,41,3,10.0,EW-LU,4
TM,B5,42,0,54.0,NS-SR,4
TM,B5,42,1,11.0,NS-LU,4
TM,B5,42,2,15.0,EW-SR,4
TM,B5,42,3,10.0,EW-LU,4
TM,B5,43,0,53.0,NS-SR,4
TM,B5,43,1,11.0,NS-LU,4
TM,B5,43,2,16.0,EW-SR,4
TM,B5,43,3,10.0,EW-LU,4
TM,B5,44,0,53.0,NS-SR,4
TM,B5,44,1,11.0,NS-LU,4
TM,B5,44,2,16.0,EW-SR,4
TM,B5,44,3,10.0,EW-LU,4
TM,B5,45,0,53.0,NS-SR,4
TM,B5,45,1,11.0,NS-LU,4
TM,B5,45,2,16.0,EW-SR,4
TM,B5,45,3,10.0,EW-LU,4
TM,B5,46,0,55.0,NS-SR,4
TM,B5,46,1,10.0,NS-LU,4
TM,B5,46,2,15.0,EW-SR,4
TM,B5,46,3,10.0,EW-LU,4
TM,B5,47,0,56.0,NS-SR,4
TM,B5,47,1,10.0,NS-LU,4
TM,B5,47,2,14.0,EW-SR,4
TM,B5,47,3,10.0,EW-LU,4
TM,B5,48,0,55.0,NS-SR,4
TM,B5,48,1,11.0,NS-LU,4
TM,B5,48,2,14.0,EW-SR,4
TM,B5,48,3,10.0,EW-LU,4
TM,B5,49,0,55.0,NS-SR,4
TM,B5,49,1,11.0,NS-LU,4
TM,B5,49,2,14.0,EW-SR,4
TM,B5,49,3,10.0,EW-LU,4
TM,B5,50,0,55.0,NS-SR,4
TM,B5,50,1,11.0,NS-LU,4
TM,B5,50,2,14.0,EW-SR,4
TM,B5,50,3,10.0,EW-LU,4
TM,B5,51,0,56.0,NS-SR,4
TM,B5,51,1,11.0,NS-LU,4
TM,B5,51,2,13.0,EW-SR,4
TM,B5,51,3,10.0,EW-LU,4
TM,B5,52,0,58.0,NS-SR,4
TM,B5,52,1,10.0,NS-LU,4
TM,B5,52,2,12.0,EW-SR,4
TM,B5,52,3,10.0,EW-LU,4
TM,B5,53,0,59.0,NS-SR,4
TM,B5,53,1,10.0,NS-LU,4
TM,B5,53,2,11.0,EW-SR,4
TM,B5,53,3,10.0,EW-LU,4
TM,B5,54,0,60.0,NS-SR,4
TM,B5,54,1,10.0,NS-LU,4
TM,B5,54,2,10.0,EW-SR,4
TM,B5,54,3,10.0,EW-LU,4
TM,B5,55,0,59.0,NS-SR,4
TM,B5,55,1,10.0,NS-LU,4
TM,B5,55,2,11.0,EW-SR,4
TM,B5,55,3,10.0,EW-LU,4
TM,B5,56,0,58.0,NS-SR,4
TM,B5,56,1,10.0,NS-LU,4
TM,B5,56,2,12.0,EW-SR,4
TM,B5,56,3,10.0,EW-LU,4
TM,B5,57,0,56.0,NS-SR,4
TM,B5,57,1,11.0,NS-LU,4
TM,B5,57,2,12.0,EW-SR,4
TM,B5,57,3,11.0,EW-LU,4
TM,B5,58,0,56.0,NS-SR,4
TM,B5,58,1,11.0,NS-LU,4
TM,B5,58,2,12.0,EW-SR,4
TM,B5,58,3,11.0,EW-LU,4
TM,B5,59,0,55.0,NS-SR,4
TM,B5,59,1,12.0,NS-LU,4
TM,B5,59,2,12.0,EW-SR,4
TM,B5,59,3,11.0,EW-LU,4
TM,B5,60,0,55.0,NS-SR,4
TM,B5,60,1,12.0,NS-LU,4
TM,B5,60,2,12.0,EW-SR,4
TM,B5,60,3,11.0,EW-LU,4
TM,B5,61,0,55.0,NS-SR,4
TM,B5,61,1,12.0,NS-LU,4
TM,B5,61,2,13.0,EW-SR,4
TM,B5,61,3,10.0,EW-LU,4
TM,B5,62,0,48.0,NS-SR,4
TM,B5,62,1,12.0,NS-LU,4
TM,B5,62,2,15.0,EW-SR,4
TM,B5,62,3,15.0,EW-LU,4
TM,B5,63,0,42.0,NS-SR,4
TM,B5,63,1,14.0,NS-LU,4
TM,B5,63,2,14.0,EW-SR,4
TM,B5,63,3,20.0,EW-LU,4
TM,B5,64,0,42.0,NS-SR,4
TM,B5,64,1,14.0,NS-LU,4
TM,B5,64,2,14.0,EW-SR,4
TM,B5,64,3,20.0,EW-LU,4
TM,B5,65,0,42.0,NS-SR,4
TM,B5,65,1,14.0,NS-LU,4
TM,B5,65,2,14.0,EW-SR,4
TM,B5,65,3,20.0,EW-LU,4
TM,B5,66,0,43.0,NS-SR,4
TM,B5,66,1,13.0,NS-LU,4
TM,B5,66,2,16.0,EW-SR,4
TM,B5,66,3,18.0,EW-LU,4
TM,B5,67,0,44.0,NS-SR,4
TM,B5,67,1,12.0,NS-LU,4
TM,B5,67,2,18.0,EW-SR,4
TM,B5,67,3,16.0,EW-LU,4
TM,B5,68,0,45.0,NS-SR,4
TM,B5,68,1,11.0,NS-LU,4
TM,B5,68,2,20.0,EW-SR,4
TM,B5,68,3,14.0,EW-LU,4
TM,B5,69,0,46.0,NS-SR,4
TM,B5,69,1,11.0,NS-LU,4
TM,B5,69,2,22.0,EW-SR,4
TM,B5,69,3,11.0,EW-LU,4
TM,B5,70,0,47.0,NS-SR,4
TM,B5,70,1,10.0,NS-LU,4
TM,B5,70,2,23.0,EW-SR,4
TM,B5,70,3,10.0,EW-LU,4
TM,B5,71,0,46.0,NS-SR,4
TM,B5,71,1,11.0,NS-LU,4
TM,B5,71,2,23.0,EW-SR,4
TM,B5,71,3,10.0,EW-LU,4
TM,B5,72,0,46.0,NS-SR,4
TM,B5,72,1,11.0,NS-LU,4
TM,B5,72,2,22.0,EW-SR,4
TM,B5,72,3,11.0,EW-LU,4
TM,B5,73,0,47.0,NS-SR,4
TM,B5,73,1,10.0,NS-LU,4
TM,B5,73,2,22.0,EW-SR,4
TM,B5,73,3,11.0,EW-LU,4
TM,B5,74,0,48.0,NS-SR,4
TM,B5,74,1,10.0,NS-LU,4
TM,B5,74,2,22.0,EW-SR,4
TM,B5,74,3,10.0,EW-LU,4
TM,B5,75,0,48.0,NS-SR,4
TM,B5,75,1,10.0,NS-LU,4
TM,B5,75,2,21.0,EW-SR,4
TM,B5,75,3,11.0,EW-LU,4
TM,B5,76,0,49.0,NS-SR,4
TM,B5,76,1,10.0,NS-LU,4
TM,B5,76,2,20.0,EW-SR,4
TM,B5,76,3,11.0,EW-LU,4
TM,B5,77,0,50.0,NS-SR,4
TM,B5,77,1,10.0,NS-LU,4
TM,B5,77,2,20.0,EW-SR,4
TM,B5,77,3,10.0,EW-LU,4
TM,B5,78,0,49.0,NS-SR,4
TM,B5,78,1,11.0,NS-LU,4
TM,B5,78,2,19.0,EW-SR,4
TM,B5,78,3,11.0,EW-LU,4
TM,B5,79,0,48.0,NS-SR,4
TM,B5,79,1,12.0,NS-LU,4
TM,B5,79,2,18.0,EW-SR,4
TM,B5,79,3,12.0,EW-LU,4
TM,B5,80,0,48.0,NS-SR,4
TM,B5,80,1,12.0,NS-LU,4
TM,B5,80,2,17.0,EW-SR,4
TM,B5,80,3,13.0,EW-LU,4
TM,D4,0,0,22.0,NS-SR,4
TM,D4,0,1,23.0,NS-LU,4
TM,D4,0,2,22.0,EW-SR,4
TM,D4,0,3,23.0,EW-LU,4
TM,D4,1,0,23.0,NS-SR,4
TM,D4,1,1,23.0,NS-LU,4
TM,D4,1,2,22.0,EW-SR,4
TM,D4,1,3,22.0,EW-LU,4
TM,D4,2,0,30.0,NS-SR,4
TM,D4,2,1,29.0,NS-LU,4
TM,D4,2,2,10.0,EW-SR,4
TM,D4,2,3,21.0,EW-LU,4
TM,D4,3,0,27.0,NS-SR,4
TM,D4,3,1,26.0,NS-LU,4
TM,D4,3,2,18.0,EW-SR,4
TM,D4,3,3,19.0,EW-LU,4
TM,D4,4,0,24.0,NS-SR,4
TM,D4,4,1,22.0,NS-LU,4
TM,D4,4,2,26.0,EW-SR,4
TM,D4,4,3,18.0,EW-LU,4
TM,D4,5,0,21.0,NS-SR,4
TM,D4,5,1,18.0,NS-LU,4
TM,D4,5,2,34.0,EW-SR,4
TM,D4,5,3,17.0,EW-LU,4
TM,D4,6,0,28.0,NS-SR,4
TM,D4,6,1,23.0,NS-LU,4
TM,D4,6,2,24.0,EW-SR,4
TM,D4,6,3,15.0,EW-LU,4
TM,D4,7,0,23.0,NS-SR,4
TM,D4,7,1,20.0,NS-LU,4
TM,D4,7,2,28.0,EW-SR,4
TM,D4,7,3,19.0,EW-LU,4
TM,D4,8,0,19.0,NS-SR,4
TM,D4,8,1,16.0,NS-LU,4
TM,D4,8,2,37.0,EW-SR,4
TM,D4,8,3,18.0,EW-LU,4
TM,D4,9,0,15.0,NS-SR,4
TM,D4,9,1,12.0,NS-LU,4
TM,D4,9,2,45.0,EW-SR,4
TM,D4,9,3,18.0,EW-LU,4
TM,D4,10,0,11.0,NS-SR,4
TM,D4,10,1,10.0,NS-LU,4
TM,D4,10,2,47.0,EW-SR,4
TM,D4,10,3,22.0,EW-LU,4
TM,D4,11,0,10.0,NS-SR,4
TM,D4,11,1,10.0,NS-LU,4
TM,D4,11,2,46.0,EW-SR,4
TM,D4,11,3,24.0,EW-LU,4
TM,D4,12,0,11.0,NS-SR,4
TM,D4,12,1,11.0,NS-LU,4
TM,D4,12,2,45.0,EW-SR,4
TM,D4,12,3,23.0,EW-LU,4
TM,D4,13,0,14.0,NS-SR,4
TM,D4,13,1,13.0,NS-LU,4
TM,D4,13,2,46.0,EW-SR,4
TM,D4,13,3,17.0,EW-LU,4
TM,D4,14,0,15.0,NS-SR,4
TM,D4,14,1,15.0,NS-LU,4
TM,D4,14,2,49.0,EW-SR,4
TM,D4,14,3,11.0,EW-LU,4
TM,D4,15,0,16.0,NS-SR,4
TM,D4,15,1,15.0,NS-LU,4
TM,D4,15,2,48.0,EW-SR,4
TM,D4,15,3,11.0,EW-LU,4
TM,D4,16,0,16.0,NS-SR,4
TM,D4,16,1,19.0,NS-LU,4
TM,D4,16,2,44.0,EW-SR,4
TM,D4,16,3,11.0,EW-LU,4
TM,D4,17,0,20.0,NS-SR,4
TM,D4,17,1,18.0,NS-LU,4
TM,D4,17,2,41.0,EW-SR,4
TM,D4,17,3,11.0,EW-LU,4
TM,D4,18,0,19.0,NS-SR,4
TM,D4,18,1,16.0,NS-LU,4
TM,D4,18,2,36.0,EW-SR,4
TM,D4,18,3,19.0,EW-LU,4
TM,D4,19,0,25.0,NS-SR,4
TM,D4,19,1,18.0,NS-LU,4
TM,D4,19,2,36.0,EW-SR,4
TM,D4,19,3,11.0,EW-LU,4
TM,D4,20,0,26.0,NS-SR,4
TM,D4,20,1,19.0,NS-LU,4
TM,D4,20,2,35.0,EW-SR,4
TM,D4,20,3,10.0,EW-LU,4
TM,D4,21,0,26.0,NS-SR,4
TM,D4,21,1,16.0,NS-LU,4
TM,D4,21,2,33.0,EW-SR,4
TM,D4,21,3,15.0,EW-LU,4
TM,D4,22,0,23.0,NS-SR,4
TM,D4,22,1,13.0,NS-LU,4
TM,D4,22,2,32.0,EW-SR,4
TM,D4,22,3,22.0,EW-LU,4
TM,D4,23,0,14.0,NS-SR,4
TM,D4,23,1,12.0,NS-LU,4
TM,D4,23,2,32.0,EW-SR,4
TM,D4,23,3,32.0,EW-LU,4
TM,D4,24,0,18.0,NS-SR,4
TM,D4,24,1,15.0,NS-LU,4
TM,D4,24,2,27.0,EW-SR,4
TM,D4,24,3,30.0,EW-LU,4
TM,D4,25,0,23.0,NS-SR,4
TM,D4,25,1,19.0,NS-LU,4
TM,D4,25,2,27.0,EW-SR,4
TM,D4,25,3,21.0,EW-LU,4
TM,D4,26,0,30.0,NS-SR,4
TM,D4,26,1,19.0,NS-LU,4
TM,D4,26,2,29.0,EW-SR,4
TM,D4,26,3,12.0,EW-LU,4
TM,D4,27,0,32.0,NS-SR,4
TM,D4,27,1,18.0,NS-LU,4
TM,D4,27,2,29.0,EW-SR,4
TM,D4,27,3,11.0,EW-LU,4
TM,D4,28,0,23.0,NS-SR,4
TM,D4,28,1,11.0,NS-LU,4
TM,D4,28,2,35.0,EW-SR,4
TM,D4,28,3,21.0,EW-LU,4
TM,D4,29,0,19.0,NS-SR,4
TM,D4,29,1,12.0,NS-LU,4
TM,D4,29,2,43.0,EW-SR,4
TM,D4,29,3,16.0,EW-LU,4
TM,D4,30,0,18.0,NS-SR,4
TM,D4,30,1,15.0,NS-LU,4
TM,D4,30,2,45.0,EW-SR,4
TM,D4,30,3,12.0,EW-LU,4
TM,D4,31,0,17.0,NS-SR,4
TM,D4,31,1,16.0,NS-LU,4
TM,D4,31,2,38.0,EW-SR,4
TM,D4,31,3,19.0,EW-LU,4
TM,D4,32,0,22.0,NS-SR,4
TM,D4,32,1,20.0,NS-LU,4
TM,D4,32,2,36.0,EW-SR,4
TM,D4,32,3,12.0,EW-LU,4
TM,D4,33,0,24.0,NS-SR,4
TM,D4,33,1,20.0,NS-LU,4
TM,D4,33,2,36.0,EW-SR,4
TM,D4,33,3,10.0,EW-LU,4
TM,D4,34,0,25.0,NS-SR,4
TM,D4,34,1,19.0,NS-LU,4
TM,D4,34,2,35.0,EW-SR,4
TM,D4,34,3,11.0,EW-LU,4
TM,D4,35,0,27.0,NS-SR,4
TM,D4,35,1,18.0,NS-LU,4
TM,D4,35,2,34.0,EW-SR,4
TM,D4,35,3,11.0,EW-LU,4
TM,D4,36,0,25.0,NS-SR,4
TM,D4,36,1,16.0,NS-LU,4
TM,D4,36,2,31.0,EW-SR,4
TM,D4,36,3,18.0,EW-LU,4
TM,D4,37,0,23.0,NS-SR,4
TM,D4,37,1,14.0,NS-LU,4
TM,D4,37,2,32.0,EW-SR,4
TM,D4,37,3,21.0,EW-LU,4
TM,D4,38,0,23.0,NS-SR,4
TM,D4,38,1,17.0,NS-LU,4
TM,D4,38,2,32.0,EW-SR,4
TM,D4,38,3,18.0,EW-LU,4
TM,D4,39,0,20.0,NS-SR,4
TM,D4,39,1,16.0,NS-LU,4
TM,D4,39,2,32.0,EW-SR,4
TM,D4,39,3,22.0,EW-LU,4
TM,D4,40,0,21.0,NS-SR,4
TM,D4,40,1,16.0,NS-LU,4
TM,D4,40,2,35.0,EW-SR,4
TM,D4,40,3,18.0,EW-LU,4
TM,D4,41,0,23.0,NS-SR,4
TM,D4,41,1,21.0,NS-LU,4
TM,D4,41,2,36.0,EW-SR,4
TM,D4,41,3,10.0,EW-LU,4
TM,D4,42,0,22.0,NS-SR,4
TM,D4,42,1,17.0,NS-LU,4
TM,D4,42,2,34.0,EW-SR,4
TM,D4,42,3,17.0,EW-LU,4
TM,D4,43,0,22.0,NS-SR,4
TM,D4,43,1,17.0,NS-LU,4
TM,D4,43,2,33.0,EW-SR,4
TM,D4,43,3,18.0,EW-LU,4
TM,D4,44,0,21.0,NS-SR,4
TM,D4,44,1,20.0,NS-LU,4
TM,D4,44,2,29.0,EW-SR,4
TM,D4,44,3,20.0,EW-LU,4
TM,D4,45,0,21.0,NS-SR,4
TM,D4,45,1,22.0,NS-LU,4
TM,D4,45,2,25.0,EW-SR,4
TM,D4,45,3,22.0,EW-LU,4
TM,D4,46,0,18.0,NS-SR,4
TM,D4,46,1,19.0,NS-LU,4
TM,D4,46,2,26.0,EW-SR,4
TM,D4,46,3,27.0,EW-LU,4
TM,D4,47,0,24.0,NS-SR,4
TM,D4,47,1,25.0,NS-LU,4
TM,D4,47,2,23.0,EW-SR,4
TM,D4,47,3,18.0,EW-LU,4
TM,D4,48,0,26.0,NS-SR,4
TM,D4,48,1,29.0,NS-LU,4
TM,D4,48,2,25.0,EW-SR,4
TM,D4,48,3,10.0,EW-LU,4
TM,D4,49,0,24.0,NS-SR,4
TM,D4,49,1,28.0,NS-LU,4
TM,D4,49,2,26.0,EW-SR,4
TM,D4,49,3,12.0,EW-LU,4
TM,D4,50,0,25.0,NS-SR,4
TM,D4,50,1,26.0,NS-LU,4
TM,D4,50,2,26.0,EW-SR,4
TM,D4,50,3,13.0,EW-LU,4
TM,D4,51,0,27.0,NS-SR,4
TM,D4,51,1,26.0,NS-LU,4
TM,D4,51,2,26.0,EW-SR,4
TM,D4,51,3,11.0,EW-LU,4
TM,D4,52,0,27.0,NS-SR,4
TM,D4,52,1,26.0,NS-LU,4
TM,D4,52,2,24.0,EW-SR,4
TM,D4,52,3,13.0,EW-LU,4
TM,D4,53,0,25.0,NS-SR,4
TM,D4,53,1,25.0,NS-LU,4
TM,D4,53,2,22.0,EW-SR,4
TM,D4,53,3,18.0,EW-LU,4
TM,D4,54,0,29.0,NS-SR,4
TM,D4,54,1,26.0,NS-LU,4
TM,D4,54,2,25.0,EW-SR,4
TM,D4,54,3,10.0,EW-LU,4
TM,D4,55,0,29.0,NS-SR,4
TM,D4,55,1,26.0,NS-LU,4
TM,D4,55,2,25.0,EW-SR,4
TM,D4,55,3,10.0,EW-LU,4
TM,D4,56,0,32.0,NS-SR,4
TM,D4,56,1,23.0,NS-LU,4
TM,D4,56,2,24.0,EW-SR,4
TM,D4,56,3,11.0,EW-LU,4
TM,D4,57,0,36.0,NS-SR,4
TM,D4,57,1,20.0,NS-LU,4
TM,D4,57,2,24.0,EW-SR,4
TM,D4,57,3,10.0,EW-LU,4
TM,D4,58,0,37.0,NS-SR,4
TM,D4,58,1,19.0,NS-LU,4
TM,D4,58,2,23.0,EW-SR,4
TM,D4,58,3,11.0,EW-LU,4
TM,D4,59,0,38.0,NS-SR,4
TM,D4,59,1,15.0,NS-LU,4
TM,D4,59,2,27.0,EW-SR,4
TM,D4,59,3,10.0,EW-LU,4
TM,D4,60,0,37.0,NS-SR,4
TM,D4,60,1,14.0,NS-LU,4
TM,D4,60,2,27.0,EW-SR,4
TM,D4,60,3,12.0,EW-LU,4
TM,D4,61,0,33.0,NS-SR,4
TM,D4,61,1,12.0,NS-LU,4
TM,D4,61,2,34.0,EW-SR,4
TM,D4,61,3,11.0,EW-LU,4
TM,D4,62,0,34.0,NS-SR,4
TM,D4,62,1,11.0,NS-LU,4
TM,D4,62,2,34.0,EW-SR,4
TM,D4,62,3,11.0,EW-LU,4
TM,D4,63,0,30.0,NS-SR,4
TM,D4,63,1,19.0,NS-LU,4
TM,D4,63,2,30.0,EW-SR,4
TM,D4,63,3,11.0,EW-LU,4
TM,D4,64,0,30.0,NS-SR,4
TM,D4,64,1,20.0,NS-LU,4
TM,D4,64,2,30.0,EW-SR,4
TM,D4,64,3,10.0,EW-LU,4
TM,D4,65,0,26.0,NS-SR,4
TM,D4,65,1,19.0,NS-LU,4
TM,D4,65,2,27.0,EW-SR,4
TM,D4,65,3,18.0,EW-LU,4
TM,D4,66,0,23.0,NS-SR,4
TM,D4,66,1,28.0,NS-LU,4
TM,D4,66,2,28.0,EW-SR,4
TM,D4,66,3,11.0,EW-LU,4
TM,D4,67,0,23.0,NS-SR,4
TM,D4,67,1,29.0,NS-LU,4
TM,D4,67,2,24.0,EW-SR,4
TM,D4,67,3,14.0,EW-LU,4
TM,D4,68,0,24.0,NS-SR,4
TM,D4,68,1,31.0,NS-LU,4
TM,D4,68,2,20.0,EW-SR,4
TM,D4,68,3,15.0,EW-LU,4
TM,D4,69,0,27.0,NS-SR,4
TM,D4,69,1,32.0,NS-LU,4
TM,D4,69,2,17.0,EW-SR,4
TM,D4,69,3,14.0,EW-LU,4
TM,D4,70,0,29.0,NS-SR,4
TM,D4,70,1,31.0,NS-LU,4
TM,D4,70,2,18.0,EW-SR,4
TM,D4,70,3,12.0,EW-LU,4
TM,D4,71,0,26.0,NS-SR,4
TM,D4,71,1,29.0,NS-LU,4
TM,D4,71,2,20.0,EW-SR,4
TM,D4,71,3,15.0,EW-LU,4
TM,D4,72,0,24.0,NS-SR,4
TM,D4,72,1,29.0,NS-LU,4
TM,D4,72,2,22.0,EW-SR,4
TM,D4,72,3,15.0,EW-LU,4
TM,D4,73,0,25.0,NS-SR,4
TM,D4,73,1,26.0,NS-LU,4
TM,D4,73,2,23.0,EW-SR,4
TM,D4,73,3,16.0,EW-LU,4
TM,D4,74,0,25.0,NS-SR,4
TM,D4,74,1,19.0,NS-LU,4
TM,D4,74,2,30.0,EW-SR,4
TM,D4,74,3,16.0,EW-LU,4
TM,D4,75,0,25.0,NS-SR,4
TM,D4,75,1,23.0,NS-LU,4
TM,D4,75,2,30.0,EW-SR,4
TM,D4,75,3,12.0,EW-LU,4
TM,D4,76,0,23.0,NS-SR,4
TM,D4,76,1,21.0,NS-LU,4
TM,D4,76,2,28.0,EW-SR,4
TM,D4,76,3,18.0,EW-LU,4
TM,D4,77,0,22.0,NS-SR,4
TM,D4,77,1,21.0,NS-LU,4
TM,D4,77,2,30.0,EW-SR,4
TM,D4,77,3,17.0,EW-LU,4
TM,D4,78,0,20.0,NS-SR,4
TM,D4,78,1,22.0,NS-LU,4
TM,D4,78,2,33.0,EW-SR,4
TM,D4,78,3,15.0,EW-LU,4
TM,D4,79,0,18.0,NS-SR,4
TM,D4,79,1,22.0,NS-LU,4
TM,D4,79,2,31.0,EW-SR,4
TM,D4,79,3,19.0,EW-LU,4
TM,D4,80,0,24.0,NS-SR,4
TM,D4,80,1,23.0,NS-LU,4
TM,D4,80,2,27.0,EW-SR,4
TM,D4,80,3,16.0,EW-LU,4
TM,D3,0,0,22.0,NS-SR,4
TM,D3,0,1,23.0,NS-LU,4
TM,D3,0,2,22.0,EW-SR,4
TM,D3,0,3,23.0,EW-LU,4
TM,D3,1,0,23.0,NS-SR,4
TM,D3,1,1,23.0,NS-LU,4
TM,D3,1,2,22.0,EW-SR,4
TM,D3,1,3,22.0,EW-LU,4
TM,D3,2,0,23.0,NS-SR,4
TM,D3,2,1,23.0,NS-LU,4
TM,D3,2,2,22.0,EW-SR,4
TM,D3,2,3,22.0,EW-LU,4
TM,D3,3,0,23.0,NS-SR,4
TM,D3,3,1,23.0,NS-LU,4
TM,D3,3,2,22.0,EW-SR,4
TM,D3,3,3,22.0,EW-LU,4
TM,D3,4,0,23.0,NS-SR,4
TM,D3,4,1,23.0,NS-LU,4
TM,D3,4,2,22.0,EW-SR,4
TM,D3,4,3,22.0,EW-LU,4
TM,D3,5,0,19.0,NS-SR,4
TM,D3,5,1,19.0,NS-LU,4
TM,D3,5,2,30.0,EW-SR,4
TM,D3,5,3,22.0,EW-LU,4
TM,D3,6,0,14.0,NS-SR,4
TM,D3,6,1,14.0,NS-LU,4
TM,D3,6,2,33.0,EW-SR,4
TM,D3,6,3,29.0,EW-LU,4
TM,D3,7,0,13.0,NS-SR,4
TM,D3,7,1,12.0,NS-LU,4
TM,D3,7,2,38.0,EW-SR,4
TM,D3,7,3,27.0,EW-LU,4
TM,D3,8,0,20.0,NS-SR,4
TM,D3,8,1,15.0,NS-LU,4
TM,D3,8,2,38.0,EW-SR,4
TM,D3,8,3,17.0,EW-LU,4
TM,D3,9,0,24.0,NS-SR,4
TM,D3,9,1,18.0,NS-LU,4
TM,D3,9,2,36.0,EW-SR,4
TM,D3,9,3,12.0,EW-LU,4
TM,D3,10,0,29.0,NS-SR,4
TM,D3,10,1,19.0,NS-LU,4
TM,D3,10,2,31.0,EW-SR,4
TM,D3,10,3,11.0,EW-LU,4
TM,D3,11,0,30.0,NS-SR,4
TM,D3,11,1,19.0,NS-LU,4
TM,D3,11,2,26.0,EW-SR,4
TM,D3,11,3,15.0,EW-LU,4
TM,D3,12,0,26.0,NS-SR,4
TM,D3,12,1,14.0,NS-LU,4
TM,D3,12,2,32.0,EW-SR,4
TM,D3,12,3,18.0,EW-LU,4
TM,D3,13,0,27.0,NS-SR,4
TM,D3,13,1,14.0,NS-LU,4
TM,D3,13,2,32.0,EW-SR,4
TM,D3,13,3,17.0,EW-LU,4
TM,D3,14,0,29.0,NS-SR,4
TM,D3,14,1,13.0,NS-LU,4
TM,D3,14,2,32.0,EW-SR,4
TM,D3,14,3,16.0,EW-LU,4
TM,D3,15,0,25.0,NS-SR,4
TM,D3,15,1,18.0,NS-LU,4
TM,D3,15,2,34.0,EW-SR,4
TM,D3,15,3,13.0,EW-LU,4
TM,D3,16,0,28.0,NS-SR,4
TM,D3,16,1,18.0,NS-LU,4
TM,D3,16,2,31.0,EW-SR,4
TM,D3,16,3,13.0,EW-LU,4
TM,D3,17,0,31.0,NS-SR,4
TM,D3,17,1,18.0,NS-LU,4
TM,D3,17,2,27.0,EW-SR,4
TM,D3,17,3,14.0,EW-LU,4
TM,D3,18,0,37.0,NS-SR,4
TM,D3,18,1,15.0,NS-LU,4
TM,D3,18,2,23.0,EW-SR,4
TM,D3,18,3,15.0,EW-LU,4
TM,D3,19,0,39.0,NS-SR,4
TM,D3,19,1,13.0,NS-LU,4
TM,D3,19,2,23.0,EW-SR,4
TM,D3,19,3,15.0,EW-LU,4
TM,D3,20,0,34.0,NS-SR,4
TM,D3,20,1,15.0,NS-LU,4
TM,D3,20,2,20.0,EW-SR,4
TM,D3,20,3,21.0,EW-LU,4
TM,D3,21,0,30.0,NS-SR,4
TM,D3,21,1,16.0,NS-LU,4
TM,D3,21,2,21.0,EW-SR,4
TM,D3,21,3,23.0,EW-LU,4
TM,D3,22,0,35.0,NS-SR,4
TM,D3,22,1,19.0,NS-LU,4
TM,D3,22,2,18.0,EW-SR,4
TM,D3,22,3,18.0,EW-LU,4
TM,D3,23,0,37.0,NS-SR,4
TM,D3,23,1,21.0,NS-LU,4
TM,D3,23,2,16.0,EW-SR,4
TM,D3,23,3,16.0,EW-LU,4
TM,D3,24,0,36.0,NS-SR,4
TM,D3,24,1,18.0,NS-LU,4
TM,D3,24,2,18.0,EW-SR,4
TM,D3,24,3,18.0,EW-LU,4
TM,D3,25,0,37.0,NS-SR,4
TM,D3,25,1,16.0,NS-LU,4
TM,D3,25,2,17.0,EW-SR,4
TM,D3,25,3,20.0,EW-LU,4
TM,D3,26,0,40.0,NS-SR,4
TM,D3,26,1,14.0,NS-LU,4
TM,D3,26,2,17.0,EW-SR,4
TM,D3,26,3,19.0,EW-LU,4
TM,D3,27,0,46.0,NS-SR,4
TM,D3,27,1,14.0,NS-LU,4
TM,D3,27,2,17.0,EW-SR,4
TM,D3,27,3,13.0,EW-LU,4
TM,D3,28,0,47.0,NS-SR,4
TM,D3,28,1,15.0,NS-LU,4
TM,D3,28,2,15.0,EW-SR,4
TM,D3,28,3,13.0,EW-LU,4
TM,D3,29,0,41.0,NS-SR,4
TM,D3,29,1,10.0,NS-LU,4
TM,D3,29,2,21.0,EW-SR,4
TM,D3,29,3,18.0,EW-LU,4
TM,D3,30,0,39.0,NS-SR,4
TM,D3,30,1,15.0,NS-LU,4
TM,D3,30,2,20.0,EW-SR,4
TM,D3,30,3,16.0,EW-LU,4
TM,D3,31,0,41.0,NS-SR,4
TM,D3,31,1,19.0,NS-LU,4
TM,D3,31,2,18.0,EW-SR,4
TM,D3,31,3,12.0,EW-LU,4
TM,D3,32,0,45.0,NS-SR,4
TM,D3,32,1,22.0,NS-LU,4
TM,D3,32,2,12.0,EW-SR,4
TM,D3,32,3,11.0,EW-LU,4
TM,D3,33,0,45.0,NS-SR,4
TM,D3,33,1,18.0,NS-LU,4
TM,D3,33,2,16.0,EW-SR,4
TM,D3,33,3,11.0,EW-LU,4
TM,D3,34,0,46.0,NS-SR,4
TM,D3,34,1,16.0,NS-LU,4
TM,D3,34,2,16.0,EW-SR,4
TM,D3,34,3,12.0,EW-LU,4
TM,D3,35,0,41.0,NS-SR,4
TM,D3,35,1,11.0,NS-LU,4
TM,D3,35,2,19.0,EW-SR,4
TM,D3,35,3,19.0,EW-LU,4
TM,D3,36,0,37.0,NS-SR,4
TM,D3,36,1,14.0,NS-LU,4
TM,D3,36,2,20.0,EW-SR,4
TM,D3,36,3,19.0,EW-LU,4
TM,D3,37,0,32.0,NS-SR,4
TM,D3,37,1,16.0,NS-LU,4
TM,D3,37,2,24.0,EW-SR,4
TM,D3,37,3,18.0,EW-LU,4
TM,D3,38,0,27.0,NS-SR,4
TM,D3,38,1,16.0,NS-LU,4
TM,D3,38,2,31.0,EW-SR,4
TM,D3,38,3,16.0,EW-LU,4
TM,D3,39,0,31.0,NS-SR,4
TM,D3,39,1,18.0,NS-LU,4
TM,D3,39,2,29.0,EW-SR,4
TM,D3,39,3,12.0,EW-LU,4
TM,D3,40,0,35.0,NS-SR,4
TM,D3,40,1,16.0,NS-LU,4
TM,D3,40,2,29.0,EW-SR,4
TM,D3,40,3,10.0,EW-LU,4
TM,D3,41,0,34.0,NS-SR,4
TM,D3,41,1,14.0,NS-LU,4
TM,D3,41,2,29.0,EW-SR,4
TM,D3,41,3,13.0,EW-LU,4
TM,D3,42,0,30.0,NS-SR,4
TM,D3,42,1,13.0,NS-LU,4
TM,D3,42,2,26.0,EW-SR,4
TM,D3,42,3,21.0,EW-LU,4
TM,D3,43,0,29.0,NS-SR,4
TM,D3,43,1,15.0,NS-LU,4
TM,D3,43,2,29.0,EW-SR,4
TM,D3,43,3,17.0,EW-LU,4
TM,D3,44,0,25.0,NS-SR,4
TM,D3,44,1,20.0,NS-LU,4
TM,D3,44,2,33.0,EW-SR,4
TM,D3,44,3,12.0,EW-LU,4
TM,D3,45,0,25.0,NS-SR,4
TM,D3,45,1,18.0,NS-LU,4
TM,D3,45,2,33.0,EW-SR,4
TM,D3,45,3,14.0,EW-LU,4
TM,D3,46,0,25.0,NS-SR,4
TM,D3,46,1,16.0,NS-LU,4
TM,D3,46,2,29.0,EW-SR,4
TM,D3,46,3,20.0,EW-LU,4
TM,D3,47,0,28.0,NS-SR,4
TM,D3,47,1,17.0,NS-LU,4
TM,D3,47,2,24.0,EW-SR,4
TM,D3,47,3,21.0,EW-LU,4
TM,D3,48,0,29.0,NS-SR,4
TM,D3,48,1,18.0,NS-LU,4
TM,D3,48,2,23.0,EW-SR,4
TM,D3,48,3,20.0,EW-LU,4
TM,D3,49,0,29.0,NS-SR,4
TM,D3,49,1,19.0,NS-LU,4
TM,D3,49,2,26.0,EW-SR,4
TM,D3,49,3,16.0,EW-LU,4
TM,D3,50,0,31.0,NS-SR,4
TM,D3,50,1,16.0,NS-LU,4
TM,D3,50,2,25.0,EW-SR,4
TM,D3,50,3,18.0,EW-LU,4
TM,D3,51,0,37.0,NS-SR,4
TM,D3,51,1,17.0,NS-LU,4
TM,D3,51,2,26.0,EW-SR,4
TM,D3,51,3,10.0,EW-LU,4
TM,D3,52,0,40.0,NS-SR,4
TM,D3,52,1,15.0,NS-LU,4
TM,D3,52,2,24.0,EW-SR,4
TM,D3,52,3,11.0,EW-LU,4
TM,D3,53,0,44.0,NS-SR,4
TM,D3,53,1,14.0,NS-LU,4
TM,D3,53,2,19.0,EW-SR,4
TM,D3,53,3,13.0,EW-LU,4
TM,D3,54,0,45.0,NS-SR,4
TM,D3,54,1,12.0,NS-LU,4
TM,D3,54,2,17.0,EW-SR,4
TM,D3,54,3,16.0,EW-LU,4
TM,D3,55,0,42.0,NS-SR,4
TM,D3,55,1,17.0,NS-LU,4
TM,D3,55,2,20.0,EW-SR,4
TM,D3,55,3,11.0,EW-LU,4
TM,D3,56,0,39.0,NS-SR,4
TM,D3,56,1,17.0,NS-LU,4
TM,D3,56,2,21.0,EW-SR,4
TM,D3,56,3,13.0,EW-LU,4
TM,D3,57,0,39.0,NS-SR,4
TM,D3,57,1,16.0,NS-LU,4
TM,D3,57,2,23.0,EW-SR,4
TM,D3,57,3,12.0,EW-LU,4
TM,D3,58,0,38.0,NS-SR,4
TM,D3,58,1,15.0,NS-LU,4
TM,D3,58,2,25.0,EW-SR,4
TM,D3,58,3,12.0,EW-LU,4
TM,D3,59,0,40.0,NS-SR,4
TM,D3,59,1,16.0,NS-LU,4
TM,D3,59,2,21.0,EW-SR,4
TM,D3,59,3,13.0,EW-LU,4
TM,D3,60,0,43.0,NS-SR,4
TM,D3,60,1,12.0,NS-LU,4
TM,D3,60,2,20.0,EW-SR,4
TM,D3,60,3,15.0,EW-LU,4
TM,D3,61,0,37.0,NS-SR,4
TM,D3,61,1,10.0,NS-LU,4
TM,D3,61,2,23.0,EW-SR,4
TM,D3,61,3,20.0,EW-LU,4
TM,D3,62,0,34.0,NS-SR,4
TM,D3,62,1,16.0,NS-LU,4
TM,D3,62,2,22.0,EW-SR,4
TM,D3,62,3,18.0,EW-LU,4
TM,D3,63,0,29.0,NS-SR,4
TM,D3,63,1,16.0,NS-LU,4
TM,D3,63,2,20.0,EW-SR,4
TM,D3,63,3,25.0,EW-LU,4
TM,D3,64,0,36.0,NS-SR,4
TM,D3,64,1,17.0,NS-LU,4
TM,D3,64,2,16.0,EW-SR,4
TM,D3,64,3,21.0,EW-LU,4
TM,D3,65,0,36.0,NS-SR,4
TM,D3,65,1,22.0,NS-LU,4
TM,D3,65,2,16.0,EW-SR,4
TM,D3,65,3,16.0,EW-LU,4
TM,D3,66,0,35.0,NS-SR,4
TM,D3,66,1,25.0,NS-LU,4
TM,D3,66,2,16.0,EW-SR,4
TM,D3,66,3,14.0,EW-LU,4
TM,D3,67,0,40.0,NS-SR,4
TM,D3,67,1,20.0,NS-LU,4
TM,D3,67,2,16.0,EW-SR,4
TM,D3,67,3,14.0,EW-LU,4
TM,D3,68,0,42.0,NS-SR,4
TM,D3,68,1,13.0,NS-LU,4
TM,D3,68,2,16.0,EW-SR,4
TM,D3,68,3,19.0,EW-LU,4
TM,D3,69,0,41.0,NS-SR,4
TM,D3,69,1,15.0,NS-LU,4
TM,D3,69,2,20.0,EW-SR,4
TM,D3,69,3,14.0,EW-LU,4
TM,D3,70,0,40.0,NS-SR,4
TM,D3,70,1,16.0,NS-LU,4
TM,D3,70,2,23.0,EW-SR,4
TM,D3,70,3,11.0,EW-LU,4
TM,D3,71,0,38.0,NS-SR,4
TM,D3,71,1,16.0,NS-LU,4
TM,D3,71,2,22.0,EW-SR,4
TM,D3,71,3,14.0,EW-LU,4
TM,D3,72,0,39.0,NS-SR,4
TM,D3,72,1,19.0,NS-LU,4
TM,D3,72,2,16.0,EW-SR,4
TM,D3,72,3,16.0,EW-LU,4
TM,D3,73,0,40.0,NS-SR,4
TM,D3,73,1,20.0,NS-LU,4
TM,D3,73,2,15.0,EW-SR,4
TM,D3,73,3,15.0,EW-LU,4
TM,D3,74,0,42.0,NS-SR,4
TM,D3,74,1,18.0,NS-LU,4
TM,D3,74,2,16.0,EW-SR,4
TM,D3,74,3,14.0,EW-LU,4
TM,D3,75,0,39.0,NS-SR,4
TM,D3,75,1,17.0,NS-LU,4
TM,D3,75,2,20.0,EW-SR,4
TM,D3,75,3,14.0,EW-LU,4
TM,D3,76,0,36.0,NS-SR,4
TM,D3,76,1,19.0,NS-LU,4
TM,D3,76,2,20.0,EW-SR,4
TM,D3,76,3,15.0,EW-LU,4
TM,D3,77,0,32.0,NS-SR,4
TM,D3,77,1,15.0,NS-LU,4
TM,D3,77,2,23.0,EW-SR,4
TM,D3,77,3,20.0,EW-LU,4
TM,D3,78,0,31.0,NS-SR,4
TM,D3,78,1,19.0,NS-LU,4
TM,D3,78,2,24.0,EW-SR,4
TM,D3,78,3,16.0,EW-LU,4
TM,D3,79,0,34.0,NS-SR,4
TM,D3,79,1,20.0,NS-LU,4
TM,D3,79,2,24.0,EW-SR,4
TM,D3,79,3,12.0,EW-LU,4
TM,D3,80,0,36.0,NS-SR,4
TM,D3,80,1,20.0,NS-LU,4
TM,D3,80,2,22.0,EW-SR,4
TM,D3,80,3,12.0,EW-LU,4
TM,A4,0,0,30.0,NS-LU,3
TM,A4,0,1,30.0,EW-SR,3
TM,A4,0,2,30.0,EW-LU,3
TM,A4,1,0,30.0,NS-LU,3
TM,A4,1,1,30.0,EW-SR,3
TM,A4,1,2,30.0,EW-LU,3
TM,A4,2,0,30.0,NS-LU,3
TM,A4,2,1,30.0,EW-SR,3
TM,A4,2,2,30.0,EW-LU,3
TM,A4,3,0,30.0,NS-LU,3
TM,A4,3,1,30.0,EW-SR,3
TM,A4,3,2,30.0,EW-LU,3
TM,A4,4,0,30.0,NS-LU,3
TM,A4,4,1,30.0,EW-SR,3
TM,A4,4,2,30.0,EW-LU,3
TM,A4,5,0,30.0,NS-LU,3
TM,A4,5,1,30.0,EW-SR,3
TM,A4,5,2,30.0,EW-LU,3
TM,A4,6,0,30.0,NS-LU,3
TM,A4,6,1,30.0,EW-SR,3
TM,A4,6,2,30.0,EW-LU,3
TM,A4,7,0,30.0,NS-LU,3
TM,A4,7,1,30.0,EW-SR,3
TM,A4,7,2,30.0,EW-LU,3
TM,A4,8,0,30.0,NS-LU,3
TM,A4,8,1,30.0,EW-SR,3
TM,A4,8,2,30.0,EW-LU,3
TM,A4,9,0,30.0,NS-LU,3
TM,A4,9,1,30.0,EW-SR,3
TM,A4,9,2,30.0,EW-LU,3
TM,A4,10,0,30.0,NS-LU,3
TM,A4,10,1,30.0,EW-SR,3
TM,A4,10,2,30.0,EW-LU,3
TM,A4,11,0,30.0,NS-LU,3
TM,A4,11,1,30.0,EW-SR,3
TM,A4,11,2,30.0,EW-LU,3
TM,A4,12,0,30.0,NS-LU,3
TM,A4,12,1,30.0,EW-SR,3
TM,A4,12,2,30.0,EW-LU,3
TM,A4,13,0,30.0,NS-LU,3
TM,A4,13,1,30.0,EW-SR,3
TM,A4,13,2,30.0,EW-LU,3
TM,A4,14,0,30.0,NS-LU,3
TM,A4,14,1,30.0,EW-SR,3
TM,A4,14,2,30.0,EW-LU,3
TM,A4,15,0,30.0,NS-LU,3
TM,A4,15,1,30.0,EW-SR,3
TM,A4,15,2,30.0,EW-LU,3
TM,A4,16,0,30.0,NS-LU,3
TM,A4,16,1,30.0,EW-SR,3
TM,A4,16,2,30.0,EW-LU,3
TM,A4,17,0,30.0,NS-LU,3
TM,A4,17,1,30.0,EW-SR,3
TM,A4,17,2,30.0,EW-LU,3
TM,A4,18,0,30.0,NS-LU,3
TM,A4,18,1,30.0,EW-SR,3
TM,A4,18,2,30.0,EW-LU,3
TM,A4,19,0,30.0,NS-LU,3
TM,A4,19,1,30.0,EW-SR,3
TM,A4,19,2,30.0,EW-LU,3
TM,A4,20,0,30.0,NS-LU,3
TM,A4,20,1,30.0,EW-SR,3
TM,A4,20,2,30.0,EW-LU,3
TM,A4,21,0,30.0,NS-LU,3
TM,A4,21,1,30.0,EW-SR,3
TM,A4,21,2,30.0,EW-LU,3
TM,A4,22,0,30.0,NS-LU,3
TM,A4,22,1,30.0,EW-SR,3
TM,A4,22,2,30.0,EW-LU,3
TM,A4,23,0,30.0,NS-LU,3
TM,A4,23,1,30.0,EW-SR,3
TM,A4,23,2,30.0,EW-LU,3
TM,A4,24,0,30.0,NS-LU,3
TM,A4,24,1,30.0,EW-SR,3
TM,A4,24,2,30.0,EW-LU,3
TM,A4,25,0,30.0,NS-LU,3
TM,A4,25,1,30.0,EW-SR,3
TM,A4,25,2,30.0,EW-LU,3
TM,A4,26,0,30.0,NS-LU,3
TM,A4,26,1,30.0,EW-SR,3
TM,A4,26,2,30.0,EW-LU,3
TM,A4,27,0,31.0,NS-LU,3
TM,A4,27,1,30.0,EW-SR,3
TM,A4,27,2,29.0,EW-LU,3
TM,A4,28,0,34.0,NS-LU,3
TM,A4,28,1,29.0,EW-SR,3
TM,A4,28,2,27.0,EW-LU,3
TM,A4,29,0,37.0,NS-LU,3
TM,A4,29,1,28.0,EW-SR,3
TM,A4,29,2,25.0,EW-LU,3
TM,A4,30,0,40.0,NS-LU,3
TM,A4,30,1,27.0,EW-SR,3
TM,A4,30,2,23.0,EW-LU,3
TM,A4,31,0,43.0,NS-LU,3
TM,A4,31,1,26.0,EW-SR,3
TM,A4,31,2,21.0,EW-LU,3
TM,A4,32,0,44.0,NS-LU,3
TM,A4,32,1,25.0,EW-SR,3
TM,A4,32,2,21.0,EW-LU,3
TM,A4,33,0,45.0,NS-LU,3
TM,A4,33,1,24.0,EW-SR,3
TM,A4,33,2,21.0,EW-LU,3
TM,A4,34,0,46.0,NS-LU,3
TM,A4,34,1,23.0,EW-SR,3
TM,A4,34,2,21.0,EW-LU,3
TM,A4,35,0,47.0,NS-LU,3
TM,A4,35,1,22.0,EW-SR,3
TM,A4,35,2,21.0,EW-LU,3
TM,A4,36,0,49.0,NS-LU,3
TM,A4,36,1,21.0,EW-SR,3
TM,A4,36,2,20.0,EW-LU,3
TM,A4,37,0,50.0,NS-LU,3
TM,A4,37,1,20.0,EW-SR,3
TM,A4,37,2,20.0,EW-LU,3
TM,A4,38,0,51.0,NS-LU,3
TM,A4,38,1,19.0,EW-SR,3
TM,A4,38,2,20.0,EW-LU,3
TM,A4,39,0,52.0,NS-LU,3
TM,A4,39,1,18.0,EW-SR,3
TM,A4,39,2,20.0,EW-LU,3
TM,A4,40,0,53.0,NS-LU,3
TM,A4,40,1,17.0,EW-SR,3
TM,A4,40,2,20.0,EW-LU,3
TM,A4,41,0,54.0,NS-LU,3
TM,A4,41,1,16.0,EW-SR,3
TM,A4,41,2,20.0,EW-LU,3
TM,A4,42,0,55.0,NS-LU,3
TM,A4,42,1,15.0,EW-SR,3
TM,A4,42,2,20.0,EW-LU,3
TM,A4,43,0,57.0,NS-LU,3
TM,A4,43,1,14.0,EW-SR,3
TM,A4,43,2,19.0,EW-LU,3
TM,A4,44,0,59.0,NS-LU,3
TM,A4,44,1,13.0,EW-SR,3
TM,A4,44,2,18.0,EW-LU,3
TM,A4,45,0,60.0,NS-LU,3
TM,A4,45,1,13.0,EW-SR,3
TM,A4,45,2,17.0,EW-LU,3
TM,A4,46,0,59.0,NS-LU,3
TM,A4,46,1,13.0,EW-SR,3
TM,A4,46,2,18.0,EW-LU,3
TM,A4,47,0,58.0,NS-LU,3
TM,A4,47,1,13.0,EW-SR,3
TM,A4,47,2,19.0,EW-LU,3
TM,A4,48,0,59.0,NS-LU,3
TM,A4,48,1,12.0,EW-SR,3
TM,A4,48,2,19.0,EW-LU,3
TM,A4,49,0,57.0,NS-LU,3
TM,A4,49,1,13.0,EW-SR,3
TM,A4,49,2,20.0,EW-LU,3
TM,A4,50,0,55.0,NS-LU,3
TM,A4,50,1,14.0,EW-SR,3
TM,A4,50,2,21.0,EW-LU,3
TM,A4,51,0,53.0,NS-LU,3
TM,A4,51,1,15.0,EW-SR,3
TM,A4,51,2,22.0,EW-LU,3
TM,A4,52,0,51.0,NS-LU,3
TM,A4,52,1,16.0,EW-SR,3
TM,A4,52,2,23.0,EW-LU,3
TM,A4,53,0,49.0,NS-LU,3
TM,A4,53,1,17.0,EW-SR,3
TM,A4,53,2,24.0,EW-LU,3
TM,A4,54,0,47.0,NS-LU,3
TM,A4,54,1,18.0,EW-SR,3
TM,A4,54,2,25.0,EW-LU,3
TM,A4,55,0,45.0,NS-LU,3
TM,A4,55,1,19.0,EW-SR,3
TM,A4,55,2,26.0,EW-LU,3
TM,A4,56,0,43.0,NS-LU,3
TM,A4,56,1,20.0,EW-SR,3
TM,A4,56,2,27.0,EW-LU,3
TM,A4,57,0,41.0,NS-LU,3
TM,A4,57,1,21.0,EW-SR,3
TM,A4,57,2,28.0,EW-LU,3
TM,A4,58,0,39.0,NS-LU,3
TM,A4,58,1,22.0,EW-SR,3
TM,A4,58,2,29.0,EW-LU,3
TM,A4,59,0,37.0,NS-LU,3
TM,A4,59,1,23.0,EW-SR,3
TM,A4,59,2,30.0,EW-LU,3
TM,A4,60,0,38.0,NS-LU,3
TM,A4,60,1,22.0,EW-SR,3
TM,A4,60,2,30.0,EW-LU,3
TM,A4,61,0,39.0,NS-LU,3
TM,A4,61,1,21.0,EW-SR,3
TM,A4,61,2,30.0,EW-LU,3
TM,A4,62,0,42.0,NS-LU,3
TM,A4,62,1,19.0,EW-SR,3
TM,A4,62,2,29.0,EW-LU,3
TM,A4,63,0,45.0,NS-LU,3
TM,A4,63,1,17.0,EW-SR,3
TM,A4,63,2,28.0,EW-LU,3
TM,A4,64,0,46.0,NS-LU,3
TM,A4,64,1,16.0,EW-SR,3
TM,A4,64,2,28.0,EW-LU,3
TM,A4,65,0,47.0,NS-LU,3
TM,A4,65,1,16.0,EW-SR,3
TM,A4,65,2,27.0,EW-LU,3
TM,A4,66,0,48.0,NS-LU,3
TM,A4,66,1,16.0,EW-SR,3
TM,A4,66,2,26.0,EW-LU,3
TM,A4,67,0,47.0,NS-LU,3
TM,A4,67,1,19.0,EW-SR,3
TM,A4,67,2,24.0,EW-LU,3
TM,A4,68,0,45.0,NS-LU,3
TM,A4,68,1,20.0,EW-SR,3
TM,A4,68,2,25.0,EW-LU,3
TM,A4,69,0,46.0,NS-LU,3
TM,A4,69,1,19.0,EW-SR,3
TM,A4,69,2,25.0,EW-LU,3
TM,A4,70,0,44.0,NS-LU,3
TM,A4,70,1,20.0,EW-SR,3
TM,A4,70,2,26.0,EW-LU,3
TM,A4,71,0,42.0,NS-LU,3
TM,A4,71,1,21.0,EW-SR,3
TM,A4,71,2,27.0,EW-LU,3
TM,A4,72,0,41.0,NS-LU,3
TM,A4,72,1,20.0,EW-SR,3
TM,A4,72,2,29.0,EW-LU,3
TM,A4,73,0,39.0,NS-LU,3
TM,A4,73,1,21.0,EW-SR,3
TM,A4,73,2,30.0,EW-LU,3
TM,A4,74,0,37.0,NS-LU,3
TM,A4,74,1,22.0,EW-SR,3
TM,A4,74,2,31.0,EW-LU,3
TM,A4,75,0,38.0,NS-LU,3
TM,A4,75,1,21.0,EW-SR,3
TM,A4,75,2,31.0,EW-LU,3
TM,A4,76,0,39.0,NS-LU,3
TM,A4,76,1,20.0,EW-SR,3
TM,A4,76,2,31.0,EW-LU,3
TM,A4,77,0,37.0,NS-LU,3
TM,A4,77,1,21.0,EW-SR,3
TM,A4,77,2,32.0,EW-LU,3
TM,A4,78,0,38.0,NS-LU,3
TM,A4,78,1,20.0,EW-SR,3
TM,A4,78,2,32.0,EW-LU,3
TM,A4,79,0,40.0,NS-LU,3
TM,A4,79,1,18.0,EW-SR,3
TM,A4,79,2,32.0,EW-LU,3
TM,A4,80,0,42.0,NS-LU,3
TM,A4,80,1,17.0,EW-SR,3
TM,A4,80,2,31.0,EW-LU,3
TM,B4,0,0,22.0,NS-SR,4
TM,B4,0,1,23.0,NS-LU,4
TM,B4,0,2,22.0,EW-SR,4
TM,B4,0,3,23.0,EW-LU,4
TM,B4,1,0,23.0,NS-SR,4
TM,B4,1,1,23.0,NS-LU,4
TM,B4,1,2,22.0,EW-SR,4
TM,B4,1,3,22.0,EW-LU,4
TM,B4,2,0,23.0,NS-SR,4
TM,B4,2,1,23.0,NS-LU,4
TM,B4,2,2,22.0,EW-SR,4
TM,B4,2,3,22.0,EW-LU,4
TM,B4,3,0,28.0,NS-SR,4
TM,B4,3,1,27.0,NS-LU,4
TM,B4,3,2,10.0,EW-SR,4
TM,B4,3,3,25.0,EW-LU,4
TM,B4,4,0,27.0,NS-SR,4
TM,B4,4,1,26.0,NS-LU,4
TM,B4,4,2,13.0,EW-SR,4
TM,B4,4,3,24.0,EW-LU,4
TM,B4,5,0,24.0,NS-SR,4
TM,B4,5,1,23.0,NS-LU,4
TM,B4,5,2,22.0,EW-SR,4
TM,B4,5,3,21.0,EW-LU,4
TM,B4,6,0,24.0,NS-SR,4
TM,B4,6,1,23.0,NS-LU,4
TM,B4,6,2,22.0,EW-SR,4
TM,B4,6,3,21.0,EW-LU,4
TM,B4,7,0,24.0,NS-SR,4
TM,B4,7,1,23.0,NS-LU,4
TM,B4,7,2,22.0,EW-SR,4
TM,B4,7,3,21.0,EW-LU,4
TM,B4,8,0,24.0,NS-SR,4
TM,B4,8,1,23.0,NS-LU,4
TM,B4,8,2,23.0,EW-SR,4
TM,B4,8,3,20.0,EW-LU,4
TM,B4,9,0,23.0,NS-SR,4
TM,B4,9,1,22.0,NS-LU,4
TM,B4,9,2,26.0,EW-SR,4
TM,B4,9,3,19.0,EW-LU,4
TM,B4,10,0,22.0,NS-SR,4
TM,B4,10,1,21.0,NS-LU,4
TM,B4,10,2,29.0,EW-SR,4
TM,B4,10,3,18.0,EW-LU,4
TM,B4,11,0,21.0,NS-SR,4
TM,B4,11,1,20.0,NS-LU,4
TM,B4,11,2,32.0,EW-SR,4
TM,B4,11,3,17.0,EW-LU,4
TM,B4,12,0,19.0,NS-SR,4
TM,B4,12,1,18.0,NS-LU,4
TM,B4,12,2,34.0,EW-SR,4
TM,B4,12,3,19.0,EW-LU,4
TM,B4,13,0,17.0,NS-SR,4
TM,B4,13,1,16.0,NS-LU,4
TM,B4,13,2,36.0,EW-SR,4
TM,B4,13,3,21.0,EW-LU,4
TM,B4,14,0,16.0,NS-SR,4
TM,B4,14,1,15.0,NS-LU,4
TM,B4,14,2,36.0,EW-SR,4
TM,B4,14,3,23.0,EW-LU,4
TM,B4,15,0,16.0,NS-SR,4
TM,B4,15,1,15.0,NS-LU,4
TM,B4,15,2,36.0,EW-SR,4
TM,B4,15,3,23.0,EW-LU,4
TM,B4,16,0,16.0,NS-SR,4
TM,B4,16,1,15.0,NS-LU,4
TM,B4,16,2,36.0,EW-SR,4
TM,B4,16,3,23.0,EW-LU,4
TM,B4,17,0,17.0,NS-SR,4
TM,B4,17,1,14.0,NS-LU,4
TM,B4,17,2,36.0,EW-SR,4
TM,B4,17,3,23.0,EW-LU,4
TM,B4,18,0,15.0,NS-SR,4
TM,B4,18,1,16.0,NS-LU,4
TM,B4,18,2,38.0,EW-SR,4
TM,B4,18,3,21.0,EW-LU,4
TM,B4,19,0,14.0,NS-SR,4
TM,B4,19,1,18.0,NS-LU,4
TM,B4,19,2,39.0,EW-SR,4
TM,B4,19,3,19.0,EW-LU,4
TM,B4,20,0,13.0,NS-SR,4
TM,B4,20,1,21.0,NS-LU,4
TM,B4,20,2,39.0,EW-SR,4
TM,B4,20,3,17.0,EW-LU,4
TM,B4,21,0,12.0,NS-SR,4
TM,B4,21,1,24.0,NS-LU,4
TM,B4,21,2,38.0,EW-SR,4
TM,B4,21,3,16.0,EW-LU,4
TM,B4,22,0,11.0,NS-SR,4
TM,B4,22,1,27.0,NS-LU,4
TM,B4,22,2,37.0,EW-SR,4
TM,B4,22,3,15.0,EW-LU,4
TM,B4,23,0,12.0,NS-SR,4
TM,B4,23,1,29.0,NS-LU,4
TM,B4,23,2,35.0,EW-SR,4
TM,B4,23,3,14.0,EW-LU,4
TM,B4,24,0,11.0,NS-SR,4
TM,B4,24,1,32.0,NS-LU,4
TM,B4,24,2,33.0,EW-SR,4
TM,B4,24,3,14.0,EW-LU,4
TM,B4,25,0,11.0,NS-SR,4
TM,B4,25,1,31.0,NS-LU,4
TM,B4,25,2,32.0,EW-SR,4
TM,B4,25,3,16.0,EW-LU,4
TM,B4,26,0,11.0,NS-SR,4
TM,B4,26,1,34.0,NS-LU,4
TM,B4,26,2,30.0,EW-SR,4
TM,B4,26,3,15.0,EW-LU,4
TM,B4,27,0,11.0,NS-SR,4
TM,B4,27,1,37.0,NS-LU,4
TM,B4,27,2,28.0,EW-SR,4
TM,B4,27,3,14.0,EW-LU,4
TM,B4,28,0,11.0,NS-SR,4
TM,B4,28,1,39.0,NS-LU,4
TM,B4,28,2,27.0,EW-SR,4
TM,B4,28,3,13.0,EW-LU,4
TM,B4,29,0,10.0,NS-SR,4
TM,B4,29,1,37.0,NS-LU,4
TM,B4,29,2,29.0,EW-SR,4
TM,B4,29,3,14.0,EW-LU,4
TM,B4,30,0,10.0,NS-SR,4
TM,B4,30,1,35.0,NS-LU,4
TM,B4,30,2,30.0,EW-SR,4
TM,B4,30,3,15.0,EW-LU,4
TM,B4,31,0,11.0,NS-SR,4
TM,B4,31,1,33.0,NS-LU,4
TM,B4,31,2,29.0,EW-SR,4
TM,B4,31,3,17.0,EW-LU,4
TM,B4,32,0,10.0,NS-SR,4
TM,B4,32,1,31.0,NS-LU,4
TM,B4,32,2,31.0,EW-SR,4
TM,B4,32,3,18.0,EW-LU,4
TM,B4,33,0,11.0,NS-SR,4
TM,B4,33,1,30.0,NS-LU,4
TM,B4,33,2,33.0,EW-SR,4
TM,B4,33,3,16.0,EW-LU,4
TM,B4,34,0,10.0,NS-SR,4
TM,B4,34,1,32.0,NS-LU,4
TM,B4,34,2,34.0,EW-SR,4
TM,B4,34,3,14.0,EW-LU,4
TM,B4,35,0,10.0,NS-SR,4
TM,B4,35,1,33.0,NS-LU,4
TM,B4,35,2,35.0,EW-SR,4
TM,B4,35,3,12.0,EW-LU,4
TM,B4,36,0,10.0,NS-SR,4
TM,B4,36,1,34.0,NS-LU,4
TM,B4,36,2,31.0,EW-SR,4
TM,B4,36,3,15.0,EW-LU,4
TM,B4,37,0,10.0,NS-SR,4
TM,B4,37,1,35.0,NS-LU,4
TM,B4,37,2,31.0,EW-SR,4
TM,B4,37,3,14.0,EW-LU,4
TM,B4,38,0,11.0,NS-SR,4
TM,B4,38,1,34.0,NS-LU,4
TM,B4,38,2,33.0,EW-SR,4
TM,B4,38,3,12.0,EW-LU,4
TM,B4,39,0,11.0,NS-SR,4
TM,B4,39,1,33.0,NS-LU,4
TM,B4,39,2,36.0,EW-SR,4
TM,B4,39,3,10.0,EW-LU,4
TM,B4,40,0,10.0,NS-SR,4
TM,B4,40,1,34.0,NS-LU,4
TM,B4,40,2,35.0,EW-SR,4
TM,B4,40,3,11.0,EW-LU,4
TM,B4,41,0,11.0,NS-SR,4
TM,B4,41,1,32.0,NS-LU,4
TM,B4,41,2,34.0,EW-SR,4
TM,B4,41,3,13.0,EW-LU,4
TM,B4,42,0,11.0,NS-SR,4
TM,B4,42,1,31.0,NS-LU,4
TM,B4,42,2,33.0,EW-SR,4
TM,B4,42,3,15.0,EW-LU,4
TM,B4,43,0,10.0,NS-SR,4
TM,B4,43,1,34.0,NS-LU,4
TM,B4,43,2,30.0,EW-SR,4
TM,B4,43,3,16.0,EW-LU,4
TM,B4,44,0,10.0,NS-SR,4
TM,B4,44,1,36.0,NS-LU,4
TM,B4,44,2,28.0,EW-SR,4
TM,B4,44,3,16.0,EW-LU,4
TM,B4,45,0,10.0,NS-SR,4
TM,B4,45,1,38.0,NS-LU,4
TM,B4,45,2,29.0,EW-SR,4
TM,B4,45,3,13.0,EW-LU,4
TM,B4,46,0,10.0,NS-SR,4
TM,B4,46,1,39.0,NS-LU,4
TM,B4,46,2,30.0,EW-SR,4
TM,B4,46,3,11.0,EW-LU,4
TM,B4,47,0,10.0,NS-SR,4
TM,B4,47,1,40.0,NS-LU,4
TM,B4,47,2,30.0,EW-SR,4
TM,B4,47,3,10.0,EW-LU,4
TM,B4,48,0,10.0,NS-SR,4
TM,B4,48,1,40.0,NS-LU,4
TM,B4,48,2,30.0,EW-SR,4
TM,B4,48,3,10.0,EW-LU,4
TM,B4,49,0,10.0,NS-SR,4
TM,B4,49,1,40.0,NS-LU,4
TM,B4,49,2,29.0,EW-SR,4
TM,B4,49,3,11.0,EW-LU,4
TM,B4,50,0,11.0,NS-SR,4
TM,B4,50,1,40.0,NS-LU,4
TM,B4,50,2,28.0,EW-SR,4
TM,B4,50,3,11.0,EW-LU,4
TM,B4,51,0,10.0,NS-SR,4
TM,B4,51,1,41.0,NS-LU,4
TM,B4,51,2,27.0,EW-SR,4
TM,B4,51,3,12.0,EW-LU,4
TM,B4,52,0,10.0,NS-SR,4
TM,B4,52,1,42.0,NS-LU,4
TM,B4,52,2,26.0,EW-SR,4
TM,B4,52,3,12.0,EW-LU,4
TM,B4,53,0,10.0,NS-SR,4
TM,B4,53,1,43.0,NS-LU,4
TM,B4,53,2,24.0,EW-SR,4
TM,B4,53,3,13.0,EW-LU,4
TM,B4,54,0,10.0,NS-SR,4
TM,B4,54,1,44.0,NS-LU,4
TM,B4,54,2,22.0,EW-SR,4
TM,B4,54,3,14.0,EW-LU,4
TM,B4,55,0,10.0,NS-SR,4
TM,B4,55,1,45.0,NS-LU,4
TM,B4,55,2,20.0,EW-SR,4
TM,B4,55,3,15.0,EW-LU,4
TM,B4,56,0,10.0,NS-SR,4
TM,B4,56,1,47.0,NS-LU,4
TM,B4,56,2,16.0,EW-SR,4
TM,B4,56,3,17.0,EW-LU,4
TM,B4,57,0,10.0,NS-SR,4
TM,B4,57,1,49.0,NS-LU,4
TM,B4,57,2,15.0,EW-SR,4
TM,B4,57,3,16.0,EW-LU,4
TM,B4,58,0,10.0,NS-SR,4
TM,B4,58,1,50.0,NS-LU,4
TM,B4,58,2,15.0,EW-SR,4
TM,B4,58,3,15.0,EW-LU,4
TM,B4,59,0,10.0,NS-SR,4
TM,B4,59,1,51.0,NS-LU,4
TM,B4,59,2,16.0,EW-SR,4
TM,B4,59,3,13.0,EW-LU,4
TM,B4,60,0,10.0,NS-SR,4
TM,B4,60,1,52.0,NS-LU,4
TM,B4,60,2,17.0,EW-SR,4
TM,B4,60,3,11.0,EW-LU,4
TM,B4,61,0,11.0,NS-SR,4
TM,B4,61,1,52.0,NS-LU,4
TM,B4,61,2,17.0,EW-SR,4
TM,B4,61,3,10.0,EW-LU,4
TM,B4,62,0,11.0,NS-SR,4
TM,B4,62,1,52.0,NS-LU,4
TM,B4,62,2,14.0,EW-SR,4
TM,B4,62,3,13.0,EW-LU,4
TM,B4,63,0,11.0,NS-SR,4
TM,B4,63,1,52.0,NS-LU,4
TM,B4,63,2,14.0,EW-SR,4
TM,B4,63,3,13.0,EW-LU,4
TM,B4,64,0,10.0,NS-SR,4
TM,B4,64,1,53.0,NS-LU,4
TM,B4,64,2,14.0,EW-SR,4
TM,B4,64,3,13.0,EW-LU,4
TM,B4,65,0,10.0,NS-SR,4
TM,B4,65,1,54.0,NS-LU,4
TM,B4,65,2,13.0,EW-SR,4
TM,B4,65,3,13.0,EW-LU,4
TM,B4,66,0,10.0,NS-SR,4
TM,B4,66,1,55.0,NS-LU,4
TM,B4,66,2,12.0,EW-SR,4
TM,B4,66,3,13.0,EW-LU,4
TM,B4,67,0,10.0,NS-SR,4
TM,B4,67,1,56.0,NS-LU,4
TM,B4,67,2,12.0,EW-SR,4
TM,B4,67,3,12.0,EW-LU,4
TM,B4,68,0,10.0,NS-SR,4
TM,B4,68,1,57.0,NS-LU,4
TM,B4,68,2,12.0,EW-SR,4
TM,B4,68,3,11.0,EW-LU,4
TM,B4,69,0,10.0,NS-SR,4
TM,B4,69,1,58.0,NS-LU,4
TM,B4,69,2,12.0,EW-SR,4
TM,B4,69,3,10.0,EW-LU,4
TM,B4,70,0,10.0,NS-SR,4
TM,B4,70,1,58.0,NS-LU,4
TM,B4,70,2,12.0,EW-SR,4
TM,B4,70,3,10.0,EW-LU,4
TM,B4,71,0,10.0,NS-SR,4
TM,B4,71,1,58.0,NS-LU,4
TM,B4,71,2,12.0,EW-SR,4
TM,B4,71,3,10.0,EW-LU,4
TM,B4,72,0,10.0,NS-SR,4
TM,B4,72,1,58.0,NS-LU,4
TM,B4,72,2,11.0,EW-SR,4
TM,B4,72,3,11.0,EW-LU,4
TM,B4,73,0,10.0,NS-SR,4
TM,B4,73,1,58.0,NS-LU,4
TM,B4,73,2,11.0,EW-SR,4
TM,B4,73,3,11.0,EW-LU,4
TM,B4,74,0,10.0,NS-SR,4
TM,B4,74,1,58.0,NS-LU,4
TM,B4,74,2,10.0,EW-SR,4
TM,B4,74,3,12.0,EW-LU,4
TM,B4,75,0,10.0,NS-SR,4
TM,B4,75,1,58.0,NS-LU,4
TM,B4,75,2,10.0,EW-SR,4
TM,B4,75,3,12.0,EW-LU,4
TM,B4,76,0,10.0,NS-SR,4
TM,B4,76,1,58.0,NS-LU,4
TM,B4,76,2,10.0,EW-SR,4
TM,B4,76,3,12.0,EW-LU,4
TM,B4,77,0,10.0,NS-SR,4
TM,B4,77,1,58.0,NS-LU,4
TM,B4,77,2,10.0,EW-SR,4
TM,B4,77,3,12.0,EW-LU,4
TM,B4,78,0,10.0,NS-SR,4
TM,B4,78,1,58.0,NS-LU,4
TM,B4,78,2,10.0,EW-SR,4
TM,B4,78,3,12.0,EW-LU,4
TM,B4,79,0,10.0,NS-SR,4
TM,B4,79,1,57.0,NS-LU,4
TM,B4,79,2,10.0,EW-SR,4
TM,B4,79,3,13.0,EW-LU,4
TM,B4,80,0,10.0,NS-SR,4
TM,B4,80,1,56.0,NS-LU,4
TM,B4,80,2,10.0,EW-SR,4
TM,B4,80,3,14.0,EW-LU,4
TM,D2,0,0,22.0,NS-SR,4
TM,D2,0,1,23.0,NS-LU,4
TM,D2,0,2,22.0,EW-SR,4
TM,D2,0,3,23.0,EW-LU,4
TM,D2,1,0,23.0,NS-SR,4
TM,D2,1,1,23.0,NS-LU,4
TM,D2,1,2,22.0,EW-SR,4
TM,D2,1,3,22.0,EW-LU,4
TM,D2,2,0,23.0,NS-SR,4
TM,D2,2,1,23.0,NS-LU,4
TM,D2,2,2,22.0,EW-SR,4
TM,D2,2,3,22.0,EW-LU,4
TM,D2,3,0,23.0,NS-SR,4
TM,D2,3,1,23.0,NS-LU,4
TM,D2,3,2,22.0,EW-SR,4
TM,D2,3,3,22.0,EW-LU,4
TM,D2,4,0,22.0,NS-SR,4
TM,D2,4,1,20.0,NS-LU,4
TM,D2,4,2,27.0,EW-SR,4
TM,D2,4,3,21.0,EW-LU,4
TM,D2,5,0,17.0,NS-SR,4
TM,D2,5,1,15.0,NS-LU,4
TM,D2,5,2,34.0,EW-SR,4
TM,D2,5,3,24.0,EW-LU,4
TM,D2,6,0,14.0,NS-SR,4
TM,D2,6,1,11.0,NS-LU,4
TM,D2,6,2,38.0,EW-SR,4
TM,D2,6,3,27.0,EW-LU,4
TM,D2,7,0,21.0,NS-SR,4
TM,D2,7,1,12.0,NS-LU,4
TM,D2,7,2,33.0,EW-SR,4
TM,D2,7,3,24.0,EW-LU,4
TM,D2,8,0,27.0,NS-SR,4
TM,D2,8,1,18.0,NS-LU,4
TM,D2,8,2,27.0,EW-SR,4
TM,D2,8,3,18.0,EW-LU,4
TM,D2,9,0,30.0,NS-SR,4
TM,D2,9,1,24.0,NS-LU,4
TM,D2,9,2,23.0,EW-SR,4
TM,D2,9,3,13.0,EW-LU,4
TM,D2,10,0,30.0,NS-SR,4
TM,D2,10,1,25.0,NS-LU,4
TM,D2,10,2,24.0,EW-SR,4
TM,D2,10,3,11.0,EW-LU,4
TM,D2,11,0,25.0,NS-SR,4
TM,D2,11,1,19.0,NS-LU,4
TM,D2,11,2,30.0,EW-SR,4
TM,D2,11,3,16.0,EW-LU,4
TM,D2,12,0,20.0,NS-SR,4
TM,D2,12,1,14.0,NS-LU,4
TM,D2,12,2,37.0,EW-SR,4
TM,D2,12,3,19.0,EW-LU,4
TM,D2,13,0,19.0,NS-SR,4
TM,D2,13,1,13.0,NS-LU,4
TM,D2,13,2,33.0,EW-SR,4
TM,D2,13,3,25.0,EW-LU,4
TM,D2,14,0,31.0,NS-SR,4
TM,D2,14,1,18.0,NS-LU,4
TM,D2,14,2,25.0,EW-SR,4
TM,D2,14,3,16.0,EW-LU,4
TM,D2,15,0,42.0,NS-SR,4
TM,D2,15,1,21.0,NS-LU,4
TM,D2,15,2,16.0,EW-SR,4
TM,D2,15,3,11.0,EW-LU,4
TM,D2,16,0,38.0,NS-SR,4
TM,D2,16,1,22.0,NS-LU,4
TM,D2,16,2,15.0,EW-SR,4
TM,D2,16,3,15.0,EW-LU,4
TM,D2,17,0,32.0,NS-SR,4
TM,D2,17,1,16.0,NS-LU,4
TM,D2,17,2,21.0,EW-SR,4
TM,D2,17,3,21.0,EW-LU,4
TM,D2,18,0,27.0,NS-SR,4
TM,D2,18,1,10.0,NS-LU,4
TM,D2,18,2,27.0,EW-SR,4
TM,D2,18,3,26.0,EW-LU,4
TM,D2,19,0,25.0,NS-SR,4
TM,D2,19,1,13.0,NS-LU,4
TM,D2,19,2,29.0,EW-SR,4
TM,D2,19,3,23.0,EW-LU,4
TM,D2,20,0,28.0,NS-SR,4
TM,D2,20,1,20.0,NS-LU,4
TM,D2,20,2,24.0,EW-SR,4
TM,D2,20,3,18.0,EW-LU,4
TM,D2,21,0,34.0,NS-SR,4
TM,D2,21,1,26.0,NS-LU,4
TM,D2,21,2,18.0,EW-SR,4
TM,D2,21,3,12.0,EW-LU,4
TM,D2,22,0,34.0,NS-SR,4
TM,D2,22,1,24.0,NS-LU,4
TM,D2,22,2,16.0,EW-SR,4
TM,D2,22,3,16.0,EW-LU,4
TM,D2,23,0,32.0,NS-SR,4
TM,D2,23,1,17.0,NS-LU,4
TM,D2,23,2,16.0,EW-SR,4
TM,D2,23,3,25.0,EW-LU,4
TM,D2,24,0,30.0,NS-SR,4
TM,D2,24,1,13.0,NS-LU,4
TM,D2,24,2,20.0,EW-SR,4
TM,D2,24,3,27.0,EW-LU,4
TM,D2,25,0,31.0,NS-SR,4
TM,D2,25,1,13.0,NS-LU,4
TM,D2,25,2,19.0,EW-SR,4
TM,D2,25,3,27.0,EW-LU,4
TM,D2,26,0,28.0,NS-SR,4
TM,D2,26,1,19.0,NS-LU,4
TM,D2,26,2,18.0,EW-SR,4
TM,D2,26,3,25.0,EW-LU,4
TM,D2,27,0,26.0,NS-SR,4
TM,D2,27,1,21.0,NS-LU,4
TM,D2,27,2,19.0,EW-SR,4
TM,D2,27,3,24.0,EW-LU,4
TM,D2,28,0,23.0,NS-SR,4
TM,D2,28,1,24.0,NS-LU,4
TM,D2,28,2,27.0,EW-SR,4
TM,D2,28,3,16.0,EW-LU,4
TM,D2,29,0,22.0,NS-SR,4
TM,D2,29,1,24.0,NS-LU,4
TM,D2,29,2,26.0,EW-SR,4
TM,D2,29,3,18.0,EW-LU,4
TM,D2,30,0,24.0,NS-SR,4
TM,D2,30,1,20.0,NS-LU,4
TM,D2,30,2,25.0,EW-SR,4
TM,D2,30,3,21.0,EW-LU,4
TM,D2,31,0,32.0,NS-SR,4
TM,D2,31,1,20.0,NS-LU,4
TM,D2,31,2,21.0,EW-SR,4
TM,D2,31,3,17.0,EW-LU,4
TM,D2,32,0,40.0,NS-SR,4
TM,D2,32,1,15.0,NS-LU,4
TM,D2,32,2,20.0,EW-SR,4
TM,D2,32,3,15.0,EW-LU,4
TM,D2,33,0,40.0,NS-SR,4
TM,D2,33,1,15.0,NS-LU,4
TM,D2,33,2,20.0,EW-SR,4
TM,D2,33,3,15.0,EW-LU,4
TM,D2,34,0,40.0,NS-SR,4
TM,D2,34,1,10.0,NS-LU,4
TM,D2,34,2,25.0,EW-SR,4
TM,D2,34,3,15.0,EW-LU,4
TM,D2,35,0,35.0,NS-SR,4
TM,D2,35,1,11.0,NS-LU,4
TM,D2,35,2,32.0,EW-SR,4
TM,D2,35,3,12.0,EW-LU,4
TM,D2,36,0,29.0,NS-SR,4
TM,D2,36,1,14.0,NS-LU,4
TM,D2,36,2,29.0,EW-SR,4
TM,D2,36,3,18.0,EW-LU,4
TM,D2,37,0,29.0,NS-SR,4
TM,D2,37,1,15.0,NS-LU,4
TM,D2,37,2,30.0,EW-SR,4
TM,D2,37,3,16.0,EW-LU,4
TM,D2,38,0,28.0,NS-SR,4
TM,D2,38,1,18.0,NS-LU,4
TM,D2,38,2,30.0,EW-SR,4
TM,D2,38,3,14.0,EW-LU,4
TM,D2,39,0,34.0,NS-SR,4
TM,D2,39,1,22.0,NS-LU,4
TM,D2,39,2,24.0,EW-SR,4
TM,D2,39,3,10.0,EW-LU,4
TM,D2,40,0,35.0,NS-SR,4
TM,D2,40,1,21.0,NS-LU,4
TM,D2,40,2,19.0,EW-SR,4
TM,D2,40,3,15.0,EW-LU,4
TM,D2,41,0,42.0,NS-SR,4
TM,D2,41,1,17.0,NS-LU,4
TM,D2,41,2,19.0,EW-SR,4
TM,D2,41,3,12.0,EW-LU,4
TM,D2,42,0,41.0,NS-SR,4
TM,D2,42,1,14.0,NS-LU,4
TM,D2,42,2,19.0,EW-SR,4
TM,D2,42,3,16.0,EW-LU,4
TM,D2,43,0,39.0,NS-SR,4
TM,D2,43,1,13.0,NS-LU,4
TM,D2,43,2,20.0,EW-SR,4
TM,D2,43,3,18.0,EW-LU,4
TM,D2,44,0,42.0,NS-SR,4
TM,D2,44,1,17.0,NS-LU,4
TM,D2,44,2,17.0,EW-SR,4
TM,D2,44,3,14.0,EW-LU,4
TM,D2,45,0,38.0,NS-SR,4
TM,D2,45,1,13.0,NS-LU,4
TM,D2,45,2,21.0,EW-SR,4
TM,D2,45,3,18.0,EW-LU,4
TM,D2,46,0,32.0,NS-SR,4
TM,D2,46,1,10.0,NS-LU,4
TM,D2,46,2,26.0,EW-SR,4
TM,D2,46,3,22.0,EW-LU,4
TM,D2,47,0,32.0,NS-SR,4
TM,D2,47,1,16.0,NS-LU,4
TM,D2,47,2,24.0,EW-SR,4
TM,D2,47,3,18.0,EW-LU,4
TM,D2,48,0,31.0,NS-SR,4
TM,D2,48,1,17.0,NS-LU,4
TM,D2,48,2,27.0,EW-SR,4
TM,D2,48,3,15.0,EW-LU,4
TM,D2,49,0,32.0,NS-SR,4
TM,D2,49,1,15.0,NS-LU,4
TM,D2,49,2,30.0,EW-SR,4
TM,D2,49,3,13.0,EW-LU,4
TM,D2,50,0,34.0,NS-SR,4
TM,D2,50,1,12.0,NS-LU,4
TM,D2,50,2,29.0,EW-SR,4
TM,D2,50,3,15.0,EW-LU,4
TM,D2,51,0,28.0,NS-SR,4
TM,D2,51,1,10.0,NS-LU,4
TM,D2,51,2,33.0,EW-SR,4
TM,D2,51,3,19.0,EW-LU,4
TM,D2,52,0,27.0,NS-SR,4
TM,D2,52,1,14.0,NS-LU,4
TM,D2,52,2,30.0,EW-SR,4
TM,D2,52,3,19.0,EW-LU,4
TM,D2,53,0,33.0,NS-SR,4
TM,D2,53,1,16.0,NS-LU,4
TM,D2,53,2,24.0,EW-SR,4
TM,D2,53,3,17.0,EW-LU,4
TM,D2,54,0,40.0,NS-SR,4
TM,D2,54,1,15.0,NS-LU,4
TM,D2,54,2,19.0,EW-SR,4
TM,D2,54,3,16.0,EW-LU,4
TM,D2,55,0,39.0,NS-SR,4
TM,D2,55,1,17.0,NS-LU,4
TM,D2,55,2,20.0,EW-SR,4
TM,D2,55,3,14.0,EW-LU,4
TM,D2,56,0,39.0,NS-SR,4
TM,D2,56,1,16.0,NS-LU,4
TM,D2,56,2,20.0,EW-SR,4
TM,D2,56,3,15.0,EW-LU,4
TM,D2,57,0,41.0,NS-SR,4
TM,D2,57,1,14.0,NS-LU,4
TM,D2,57,2,20.0,EW-SR,4
TM,D2,57,3,15.0,EW-LU,4
TM,D2,58,0,42.0,NS-SR,4
TM,D2,58,1,14.0,NS-LU,4
TM,D2,58,2,20.0,EW-SR,4
TM,D2,58,3,14.0,EW-LU,4
TM,D2,59,0,37.0,NS-SR,4
TM,D2,59,1,11.0,NS-LU,4
TM,D2,59,2,27.0,EW-SR,4
TM,D2,59,3,15.0,EW-LU,4
TM,D2,60,0,32.0,NS-SR,4
TM,D2,60,1,11.0,NS-LU,4
TM,D2,60,2,33.0,EW-SR,4
TM,D2,60,3,14.0,EW-LU,4
TM,D2,61,0,30.0,NS-SR,4
TM,D2,61,1,15.0,NS-LU,4
TM,D2,61,2,34.0,EW-SR,4
TM,D2,61,3,11.0,EW-LU,4
TM,D2,62,0,28.0,NS-SR,4
TM,D2,62,1,15.0,NS-LU,4
TM,D2,62,2,35.0,EW-SR,4
TM,D2,62,3,12.0,EW-LU,4
TM,D2,63,0,24.0,NS-SR,4
TM,D2,63,1,18.0,NS-LU,4
TM,D2,63,2,32.0,EW-SR,4
TM,D2,63,3,16.0,EW-LU,4
TM,D2,64,0,30.0,NS-SR,4
TM,D2,64,1,17.0,NS-LU,4
TM,D2,64,2,27.0,EW-SR,4
TM,D2,64,3,16.0,EW-LU,4
TM,D2,65,0,39.0,NS-SR,4
TM,D2,65,1,13.0,NS-LU,4
TM,D2,65,2,21.0,EW-SR,4
TM,D2,65,3,17.0,EW-LU,4
TM,D2,66,0,42.0,NS-SR,4
TM,D2,66,1,12.0,NS-LU,4
TM,D2,66,2,21.0,EW-SR,4
TM,D2,66,3,15.0,EW-LU,4
TM,D2,67,0,37.0,NS-SR,4
TM,D2,67,1,11.0,NS-LU,4
TM,D2,67,2,27.0,EW-SR,4
TM,D2,67,3,15.0,EW-LU,4
TM,D2,68,0,34.0,NS-SR,4
TM,D2,68,1,16.0,NS-LU,4
TM,D2,68,2,27.0,EW-SR,4
TM,D2,68,3,13.0,EW-LU,4
TM,D2,69,0,34.0,NS-SR,4
TM,D2,69,1,15.0,NS-LU,4
TM,D2,69,2,25.0,EW-SR,4
TM,D2,69,3,16.0,EW-LU,4
TM,D2,70,0,36.0,NS-SR,4
TM,D2,70,1,13.0,NS-LU,4
TM,D2,70,2,23.0,EW-SR,4
TM,D2,70,3,18.0,EW-LU,4
TM,D2,71,0,31.0,NS-SR,4
TM,D2,71,1,13.0,NS-LU,4
TM,D2,71,2,24.0,EW-SR,4
TM,D2,71,3,22.0,EW-LU,4
TM,D2,72,0,28.0,NS-SR,4
TM,D2,72,1,17.0,NS-LU,4
TM,D2,72,2,25.0,EW-SR,4
TM,D2,72,3,20.0,EW-LU,4
TM,D2,73,0,28.0,NS-SR,4
TM,D2,73,1,17.0,NS-LU,4
TM,D2,73,2,25.0,EW-SR,4
TM,D2,73,3,20.0,EW-LU,4
TM,D2,74,0,33.0,NS-SR,4
TM,D2,74,1,20.0,NS-LU,4
TM,D2,74,2,21.0,EW-SR,4
TM,D2,74,3,16.0,EW-LU,4
TM,D2,75,0,38.0,NS-SR,4
TM,D2,75,1,19.0,NS-LU,4
TM,D2,75,2,17.0,EW-SR,4
TM,D2,75,3,16.0,EW-LU,4
TM,D2,76,0,42.0,NS-SR,4
TM,D2,76,1,18.0,NS-LU,4
TM,D2,76,2,17.0,EW-SR,4
TM,D2,76,3,13.0,EW-LU,4
TM,D2,77,0,37.0,NS-SR,4
TM,D2,77,1,13.0,NS-LU,4
TM,D2,77,2,21.0,EW-SR,4
TM,D2,77,3,19.0,EW-LU,4
TM,D2,78,0,33.0,NS-SR,4
TM,D2,78,1,20.0,NS-LU,4
TM,D2,78,2,19.0,EW-SR,4
TM,D2,78,3,18.0,EW-LU,4
TM,D2,79,0,32.0,NS-SR,4
TM,D2,79,1,21.0,NS-LU,4
TM,D2,79,2,18.0,EW-SR,4
TM,D2,79,3,19.0,EW-LU,4
TM,D2,80,0,38.0,NS-SR,4
TM,D2,80,1,20.0,NS-LU,4
TM,D2,80,2,16.0,EW-SR,4
TM,D2,80,3,16.0,EW-LU,4
TM,D1,0,0,22.0,NS-SR,4
TM,D1,0,1,23.0,NS-LU,4
TM,D1,0,2,22.0,EW-SR,4
TM,D1,0,3,23.0,EW-LU,4
TM,D1,1,0,23.0,NS-SR,4
TM,D1,1,1,23.0,NS-LU,4
TM,D1,1,2,22.0,EW-SR,4
TM,D1,1,3,22.0,EW-LU,4
TM,D1,2,0,23.0,NS-SR,4
TM,D1,2,1,23.0,NS-LU,4
TM,D1,2,2,22.0,EW-SR,4
TM,D1,2,3,22.0,EW-LU,4
TM,D1,3,0,20.0,NS-SR,4
TM,D1,3,1,20.0,NS-LU,4
TM,D1,3,2,27.0,EW-SR,4
TM,D1,3,3,23.0,EW-LU,4
TM,D1,4,0,15.0,NS-SR,4
TM,D1,4,1,14.0,NS-LU,4
TM,D1,4,2,33.0,EW-SR,4
TM,D1,4,3,28.0,EW-LU,4
TM,D1,5,0,11.0,NS-SR,4
TM,D1,5,1,10.0,NS-LU,4
TM,D1,5,2,37.0,EW-SR,4
TM,D1,5,3,32.0,EW-LU,4
TM,D1,6,0,10.0,NS-SR,4
TM,D1,6,1,10.0,NS-LU,4
TM,D1,6,2,40.0,EW-SR,4
TM,D1,6,3,30.0,EW-LU,4
TM,D1,7,0,13.0,NS-SR,4
TM,D1,7,1,20.0,NS-LU,4
TM,D1,7,2,35.0,EW-SR,4
TM,D1,7,3,22.0,EW-LU,4
TM,D1,8,0,10.0,NS-SR,4
TM,D1,8,1,14.0,NS-LU,4
TM,D1,8,2,39.0,EW-SR,4
TM,D1,8,3,27.0,EW-LU,4
TM,D1,9,0,10.0,NS-SR,4
TM,D1,9,1,10.0,NS-LU,4
TM,D1,9,2,40.0,EW-SR,4
TM,D1,9,3,30.0,EW-LU,4
TM,D1,10,0,14.0,NS-SR,4
TM,D1,10,1,14.0,NS-LU,4
TM,D1,10,2,35.0,EW-SR,4
TM,D1,10,3,27.0,EW-LU,4
TM,D1,11,0,14.0,NS-SR,4
TM,D1,11,1,14.0,NS-LU,4
TM,D1,11,2,35.0,EW-SR,4
TM,D1,11,3,27.0,EW-LU,4
TM,D1,12,0,16.0,NS-SR,4
TM,D1,12,1,15.0,NS-LU,4
TM,D1,12,2,33.0,EW-SR,4
TM,D1,12,3,26.0,EW-LU,4
TM,D1,13,0,15.0,NS-SR,4
TM,D1,13,1,14.0,NS-LU,4
TM,D1,13,2,30.0,EW-SR,4
TM,D1,13,3,31.0,EW-LU,4
TM,D1,14,0,19.0,NS-SR,4
TM,D1,14,1,20.0,NS-LU,4
TM,D1,14,2,25.0,EW-SR,4
TM,D1,14,3,26.0,EW-LU,4
TM,D1,15,0,29.0,NS-SR,4
TM,D1,15,1,21.0,NS-LU,4
TM,D1,15,2,22.0,EW-SR,4
TM,D1,15,3,18.0,EW-LU,4
TM,D1,16,0,35.0,NS-SR,4
TM,D1,16,1,16.0,NS-LU,4
TM,D1,16,2,27.0,EW-SR,4
TM,D1,16,3,12.0,EW-LU,4
TM,D1,17,0,26.0,NS-SR,4
TM,D1,17,1,10.0,NS-LU,4
TM,D1,17,2,32.0,EW-SR,4
TM,D1,17,3,22.0,EW-LU,4
TM,D1,18,0,16.0,NS-SR,4
TM,D1,18,1,10.0,NS-LU,4
TM,D1,18,2,35.0,EW-SR,4
TM,D1,18,3,29.0,EW-LU,4
TM,D1,19,0,12.0,NS-SR,4
TM,D1,19,1,16.0,NS-LU,4
TM,D1,19,2,34.0,EW-SR,4
TM,D1,19,3,28.0,EW-LU,4
TM,D1,20,0,21.0,NS-SR,4
TM,D1,20,1,16.0,NS-LU,4
TM,D1,20,2,29.0,EW-SR,4
TM,D1,20,3,24.0,EW-LU,4
TM,D1,21,0,21.0,NS-SR,4
TM,D1,21,1,11.0,NS-LU,4
TM,D1,21,2,33.0,EW-SR,4
TM,D1,21,3,25.0,EW-LU,4
TM,D1,22,0,17.0,NS-SR,4
TM,D1,22,1,10.0,NS-LU,4
TM,D1,22,2,35.0,EW-SR,4
TM,D1,22,3,28.0,EW-LU,4
TM,D1,23,0,17.0,NS-SR,4
TM,D1,23,1,12.0,NS-LU,4
TM,D1,23,2,34.0,EW-SR,4
TM,D1,23,3,27.0,EW-LU,4
TM,D1,24,0,17.0,NS-SR,4
TM,D1,24,1,14.0,NS-LU,4
TM,D1,24,2,34.0,EW-SR,4
TM,D1,24,3,25.0,EW-LU,4
TM,D1,25,0,17.0,NS-SR,4
TM,D1,25,1,15.0,NS-LU,4
TM,D1,25,2,35.0,EW-SR,4
TM,D1,25,3,23.0,EW-LU,4
TM,D1,26,0,22.0,NS-SR,4
TM,D1,26,1,15.0,NS-LU,4
TM,D1,26,2,36.0,EW-SR,4
TM,D1,26,3,17.0,EW-LU,4
TM,D1,27,0,26.0,NS-SR,4
TM,D1,27,1,13.0,NS-LU,4
TM,D1,27,2,33.0,EW-SR,4
TM,D1,27,3,18.0,EW-LU,4
TM,D1,28,0,21.0,NS-SR,4
TM,D1,28,1,11.0,NS-LU,4
TM,D1,28,2,34.0,EW-SR,4
TM,D1,28,3,24.0,EW-LU,4
TM,D1,29,0,15.0,NS-SR,4
TM,D1,29,1,10.0,NS-LU,4
TM,D1,29,2,38.0,EW-SR,4
TM,D1,29,3,27.0,EW-LU,4
TM,D1,30,0,17.0,NS-SR,4
TM,D1,30,1,12.0,NS-LU,4
TM,D1,30,2,37.0,EW-SR,4
TM,D1,30,3,24.0,EW-LU,4
TM,D1,31,0,24.0,NS-SR,4
TM,D1,31,1,19.0,NS-LU,4
TM,D1,31,2,30.0,EW-SR,4
TM,D1,31,3,17.0,EW-LU,4
TM,D1,32,0,35.0,NS-SR,4
TM,D1,32,1,19.0,NS-LU,4
TM,D1,32,2,23.0,EW-SR,4
TM,D1,32,3,13.0,EW-LU,4
TM,D1,33,0,35.0,NS-SR,4
TM,D1,33,1,18.0,NS-LU,4
TM,D1,33,2,22.0,EW-SR,4
TM,D1,33,3,15.0,EW-LU,4
TM,D1,34,0,30.0,NS-SR,4
TM,D1,34,1,12.0,NS-LU,4
TM,D1,34,2,27.0,EW-SR,4
TM,D1,34,3,21.0,EW-LU,4
TM,D1,35,0,31.0,NS-SR,4
TM,D1,35,1,11.0,NS-LU,4
TM,D1,35,2,33.0,EW-SR,4
TM,D1,35,3,15.0,EW-LU,4
TM,D1,36,0,28.0,NS-SR,4
TM,D1,36,1,16.0,NS-LU,4
TM,D1,36,2,33.0,EW-SR,4
TM,D1,36,3,13.0,EW-LU,4
TM,D1,37,0,30.0,NS-SR,4
TM,D1,37,1,23.0,NS-LU,4
TM,D1,37,2,27.0,EW-SR,4
TM,D1,37,3,10.0,EW-LU,4
TM,D1,38,0,35.0,NS-SR,4
TM,D1,38,1,21.0,NS-LU,4
TM,D1,38,2,20.0,EW-SR,4
TM,D1,38,3,14.0,EW-LU,4
TM,D1,39,0,40.0,NS-SR,4
TM,D1,39,1,19.0,NS-LU,4
TM,D1,39,2,14.0,EW-SR,4
TM,D1,39,3,17.0,EW-LU,4
TM,D1,40,0,35.0,NS-SR,4
TM,D1,40,1,14.0,NS-LU,4
TM,D1,40,2,20.0,EW-SR,4
TM,D1,40,3,21.0,EW-LU,4
TM,D1,41,0,30.0,NS-SR,4
TM,D1,41,1,11.0,NS-LU,4
TM,D1,41,2,27.0,EW-SR,4
TM,D1,41,3,22.0,EW-LU,4
TM,D1,42,0,24.0,NS-SR,4
TM,D1,42,1,18.0,NS-LU,4
TM,D1,42,2,34.0,EW-SR,4
TM,D1,42,3,14.0,EW-LU,4
TM,D1,43,0,23.0,NS-SR,4
TM,D1,43,1,21.0,NS-LU,4
TM,D1,43,2,32.0,EW-SR,4
TM,D1,43,3,14.0,EW-LU,4
TM,D1,44,0,29.0,NS-SR,4
TM,D1,44,1,29.0,NS-LU,4
TM,D1,44,2,22.0,EW-SR,4
TM,D1,44,3,10.0,EW-LU,4
TM,D1,45,0,27.0,NS-SR,4
TM,D1,45,1,25.0,NS-LU,4
TM,D1,45,2,22.0,EW-SR,4
TM,D1,45,3,16.0,EW-LU,4
TM,D1,46,0,23.0,NS-SR,4
TM,D1,46,1,17.0,NS-LU,4
TM,D1,46,2,26.0,EW-SR,4
TM,D1,46,3,24.0,EW-LU,4
TM,D1,47,0,24.0,NS-SR,4
TM,D1,47,1,15.0,NS-LU,4
TM,D1,47,2,31.0,EW-SR,4
TM,D1,47,3,20.0,EW-LU,4
TM,D1,48,0,24.0,NS-SR,4
TM,D1,48,1,17.0,NS-LU,4
TM,D1,48,2,33.0,EW-SR,4
TM,D1,48,3,16.0,EW-LU,4
TM,D1,49,0,29.0,NS-SR,4
TM,D1,49,1,15.0,NS-LU,4
TM,D1,49,2,30.0,EW-SR,4
TM,D1,49,3,16.0,EW-LU,4
TM,D1,50,0,29.0,NS-SR,4
TM,D1,50,1,15.0,NS-LU,4
TM,D1,50,2,30.0,EW-SR,4
TM,D1,50,3,16.0,EW-LU,4
TM,D1,51,0,24.0,NS-SR,4
TM,D1,51,1,10.0,NS-LU,4
TM,D1,51,2,34.0,EW-SR,4
TM,D1,51,3,22.0,EW-LU,4
TM,D1,52,0,18.0,NS-SR,4
TM,D1,52,1,10.0,NS-LU,4
TM,D1,52,2,38.0,EW-SR,4
TM,D1,52,3,24.0,EW-LU,4
TM,D1,53,0,12.0,NS-SR,4
TM,D1,53,1,10.0,NS-LU,4
TM,D1,53,2,41.0,EW-SR,4
TM,D1,53,3,27.0,EW-LU,4
TM,D1,54,0,20.0,NS-SR,4
TM,D1,54,1,15.0,NS-LU,4
TM,D1,54,2,36.0,EW-SR,4
TM,D1,54,3,19.0,EW-LU,4
TM,D1,55,0,20.0,NS-SR,4
TM,D1,55,1,19.0,NS-LU,4
TM,D1,55,2,39.0,EW-SR,4
TM,D1,55,3,12.0,EW-LU,4
TM,D1,56,0,23.0,NS-SR,4
TM,D1,56,1,15.0,NS-LU,4
TM,D1,56,2,36.0,EW-SR,4
TM,D1,56,3,16.0,EW-LU,4
TM,D1,57,0,25.0,NS-SR,4
TM,D1,57,1,12.0,NS-LU,4
TM,D1,57,2,33.0,EW-SR,4
TM,D1,57,3,20.0,EW-LU,4
TM,D1,58,0,26.0,NS-SR,4
TM,D1,58,1,13.0,NS-LU,4
TM,D1,58,2,31.0,EW-SR,4
TM,D1,58,3,20.0,EW-LU,4
TM,D1,59,0,21.0,NS-SR,4
TM,D1,59,1,11.0,NS-LU,4
TM,D1,59,2,37.0,EW-SR,4
TM,D1,59,3,21.0,EW-LU,4
TM,D1,60,0,15.0,NS-SR,4
TM,D1,60,1,17.0,NS-LU,4
TM,D1,60,2,37.0,EW-SR,4
TM,D1,60,3,21.0,EW-LU,4
TM,D1,61,0,26.0,NS-SR,4
TM,D1,61,1,15.0,NS-LU,4
TM,D1,61,2,30.0,EW-SR,4
TM,D1,61,3,19.0,EW-LU,4
TM,D1,62,0,27.0,NS-SR,4
TM,D1,62,1,15.0,NS-LU,4
TM,D1,62,2,29.0,EW-SR,4
TM,D1,62,3,19.0,EW-LU,4
TM,D1,63,0,28.0,NS-SR,4
TM,D1,63,1,16.0,NS-LU,4
TM,D1,63,2,26.0,EW-SR,4
TM,D1,63,3,20.0,EW-LU,4
TM,D1,64,0,28.0,NS-SR,4
TM,D1,64,1,16.0,NS-LU,4
TM,D1,64,2,26.0,EW-SR,4
TM,D1,64,3,20.0,EW-LU,4
TM,D1,65,0,27.0,NS-SR,4
TM,D1,65,1,17.0,NS-LU,4
TM,D1,65,2,26.0,EW-SR,4
TM,D1,65,3,20.0,EW-LU,4
TM,D1,66,0,22.0,NS-SR,4
TM,D1,66,1,11.0,NS-LU,4
TM,D1,66,2,32.0,EW-SR,4
TM,D1,66,3,25.0,EW-LU,4
TM,D1,67,0,16.0,NS-SR,4
TM,D1,67,1,10.0,NS-LU,4
TM,D1,67,2,38.0,EW-SR,4
TM,D1,67,3,26.0,EW-LU,4
TM,D1,68,0,21.0,NS-SR,4
TM,D1,68,1,12.0,NS-LU,4
TM,D1,68,2,38.0,EW-SR,4
TM,D1,68,3,19.0,EW-LU,4
TM,D1,69,0,19.0,NS-SR,4
TM,D1,69,1,12.0,NS-LU,4
TM,D1,69,2,48.0,EW-SR,4
TM,D1,69,3,11.0,EW-LU,4
TM,D1,70,0,14.0,NS-SR,4
TM,D1,70,1,10.0,NS-LU,4
TM,D1,70,2,49.0,EW-SR,4
TM,D1,70,3,17.0,EW-LU,4
TM,D1,71,0,17.0,NS-SR,4
TM,D1,71,1,19.0,NS-LU,4
TM,D1,71,2,41.0,EW-SR,4
TM,D1,71,3,13.0,EW-LU,4
TM,D1,72,0,16.0,NS-SR,4
TM,D1,72,1,19.0,NS-LU,4
TM,D1,72,2,38.0,EW-SR,4
TM,D1,72,3,17.0,EW-LU,4
TM,D1,73,0,16.0,NS-SR,4
TM,D1,73,1,19.0,NS-LU,4
TM,D1,73,2,37.0,EW-SR,4
TM,D1,73,3,18.0,EW-LU,4
TM,D1,74,0,19.0,NS-SR,4
TM,D1,74,1,16.0,NS-LU,4
TM,D1,74,2,39.0,EW-SR,4
TM,D1,74,3,16.0,EW-LU,4
TM,D1,75,0,20.0,NS-SR,4
TM,D1,75,1,15.0,NS-LU,4
TM,D1,75,2,44.0,EW-SR,4
TM,D1,75,3,11.0,EW-LU,4
TM,D1,76,0,19.0,NS-SR,4
TM,D1,76,1,14.0,NS-LU,4
TM,D1,76,2,46.0,EW-SR,4
TM,D1,76,3,11.0,EW-LU,4
TM,D1,77,0,17.0,NS-SR,4
TM,D1,77,1,14.0,NS-LU,4
TM,D1,77,2,44.0,EW-SR,4
TM,D1,77,3,15.0,EW-LU,4
TM,D1,78,0,20.0,NS-SR,4
TM,D1,78,1,19.0,NS-LU,4
TM,D1,78,2,37.0,EW-SR,4
TM,D1,78,3,14.0,EW-LU,4
TM,D1,79,0,22.0,NS-SR,4
TM,D1,79,1,14.0,NS-LU,4
TM,D1,79,2,34.0,EW-SR,4
TM,D1,79,3,20.0,EW-LU,4
TM,D1,80,0,17.0,NS-SR,4
TM,D1,80,1,10.0,NS-LU,4
TM,D1,80,2,40.0,EW-SR,4
TM,D1,80,3,23.0,EW-LU,4
TM,B2,0,0,22.0,NS-SR,4
TM,B2,0,1,23.0,NS-LU,4
TM,B2,0,2,22.0,EW-SR,4
TM,B2,0,3,23.0,EW-LU,4
TM,B2,1,0,23.0,NS-SR,4
TM,B2,1,1,23.0,NS-LU,4
TM,B2,1,2,22.0,EW-SR,4
TM,B2,1,3,22.0,EW-LU,4
TM,B2,2,0,23.0,NS-SR,4
TM,B2,2,1,23.0,NS-LU,4
TM,B2,2,2,22.0,EW-SR,4
TM,B2,2,3,22.0,EW-LU,4
TM,B2,3,0,23.0,NS-SR,4
TM,B2,3,1,23.0,NS-LU,4
TM,B2,3,2,22.0,EW-SR,4
TM,B2,3,3,22.0,EW-LU,4
TM,B2,4,0,23.0,NS-SR,4
TM,B2,4,1,23.0,NS-LU,4
TM,B2,4,2,22.0,EW-SR,4
TM,B2,4,3,22.0,EW-LU,4
TM,B2,5,0,28.0,NS-SR,4
TM,B2,5,1,24.0,NS-LU,4
TM,B2,5,2,16.0,EW-SR,4
TM,B2,5,3,22.0,EW-LU,4
TM,B2,6,0,30.0,NS-SR,4
TM,B2,6,1,22.0,NS-LU,4
TM,B2,6,2,18.0,EW-SR,4
TM,B2,6,3,20.0,EW-LU,4
TM,B2,7,0,28.0,NS-SR,4
TM,B2,7,1,20.0,NS-LU,4
TM,B2,7,2,17.0,EW-SR,4
TM,B2,7,3,25.0,EW-LU,4
TM,B2,8,0,27.0,NS-SR,4
TM,B2,8,1,19.0,NS-LU,4
TM,B2,8,2,17.0,EW-SR,4
TM,B2,8,3,27.0,EW-LU,4
TM,B2,9,0,26.0,NS-SR,4
TM,B2,9,1,18.0,NS-LU,4
TM,B2,9,2,19.0,EW-SR,4
TM,B2,9,3,27.0,EW-LU,4
TM,B2,10,0,25.0,NS-SR,4
TM,B2,10,1,17.0,NS-LU,4
TM,B2,10,2,22.0,EW-SR,4
TM,B2,10,3,26.0,EW-LU,4
TM,B2,11,0,25.0,NS-SR,4
TM,B2,11,1,17.0,NS-LU,4
TM,B2,11,2,22.0,EW-SR,4
TM,B2,11,3,26.0,EW-LU,4
TM,B2,12,0,25.0,NS-SR,4
TM,B2,12,1,17.0,NS-LU,4
TM,B2,12,2,22.0,EW-SR,4
TM,B2,12,3,26.0,EW-LU,4
TM,B2,13,0,25.0,NS-SR,4
TM,B2,13,1,17.0,NS-LU,4
TM,B2,13,2,22.0,EW-SR,4
TM,B2,13,3,26.0,EW-LU,4
TM,B2,14,0,25.0,NS-SR,4
TM,B2,14,1,17.0,NS-LU,4
TM,B2,14,2,22.0,EW-SR,4
TM,B2,14,3,26.0,EW-LU,4
TM,B2,15,0,31.0,NS-SR,4
TM,B2,15,1,14.0,NS-LU,4
TM,B2,15,2,21.0,EW-SR,4
TM,B2,15,3,24.0,EW-LU,4
TM,B2,16,0,34.0,NS-SR,4
TM,B2,16,1,11.0,NS-LU,4
TM,B2,16,2,21.0,EW-SR,4
TM,B2,16,3,24.0,EW-LU,4
TM,B2,17,0,37.0,NS-SR,4
TM,B2,17,1,10.0,NS-LU,4
TM,B2,17,2,19.0,EW-SR,4
TM,B2,17,3,24.0,EW-LU,4
TM,B2,18,0,39.0,NS-SR,4
TM,B2,18,1,12.0,NS-LU,4
TM,B2,18,2,17.0,EW-SR,4
TM,B2,18,3,22.0,EW-LU,4
TM,B2,19,0,39.0,NS-SR,4
TM,B2,19,1,12.0,NS-LU,4
TM,B2,19,2,19.0,EW-SR,4
TM,B2,19,3,20.0,EW-LU,4
TM,B2,20,0,39.0,NS-SR,4
TM,B2,20,1,12.0,NS-LU,4
TM,B2,20,2,21.0,EW-SR,4
TM,B2,20,3,18.0,EW-LU,4
TM,B2,21,0,38.0,NS-SR,4
TM,B2,21,1,14.0,NS-LU,4
TM,B2,21,2,24.0,EW-SR,4
TM,B2,21,3,14.0,EW-LU,4
TM,B2,22,0,37.0,NS-SR,4
TM,B2,22,1,13.0,NS-LU,4
TM,B2,22,2,26.0,EW-SR,4
TM,B2,22,3,14.0,EW-LU,4
TM,B2,23,0,36.0,NS-SR,4
TM,B2,23,1,11.0,NS-LU,4
TM,B2,23,2,28.0,EW-SR,4
TM,B2,23,3,15.0,EW-LU,4
TM,B2,24,0,34.0,NS-SR,4
TM,B2,24,1,10.0,NS-LU,4
TM,B2,24,2,30.0,EW-SR,4
TM,B2,24,3,16.0,EW-LU,4
TM,B2,25,0,33.0,NS-SR,4
TM,B2,25,1,13.0,NS-LU,4
TM,B2,25,2,29.0,EW-SR,4
TM,B2,25,3,15.0,EW-LU,4
TM,B2,26,0,33.0,NS-SR,4
TM,B2,26,1,14.0,NS-LU,4
TM,B2,26,2,29.0,EW-SR,4
TM,B2,26,3,14.0,EW-LU,4
TM,B2,27,0,34.0,NS-SR,4
TM,B2,27,1,13.0,NS-LU,4
TM,B2,27,2,30.0,EW-SR,4
TM,B2,27,3,13.0,EW-LU,4
TM,B2,28,0,35.0,NS-SR,4
TM,B2,28,1,12.0,NS-LU,4
TM,B2,28,2,32.0,EW-SR,4
TM,B2,28,3,11.0,EW-LU,4
TM,B2,29,0,29.0,NS-SR,4
TM,B2,29,1,14.0,NS-LU,4
TM,B2,29,2,31.0,EW-SR,4
TM,B2,29,3,16.0,EW-LU,4
TM,B2,30,0,27.0,NS-SR,4
TM,B2,30,1,14.0,NS-LU,4
TM,B2,30,2,33.0,EW-SR,4
TM,B2,30,3,16.0,EW-LU,4
TM,B2,31,0,25.0,NS-SR,4
TM,B2,31,1,14.0,NS-LU,4
TM,B2,31,2,34.0,EW-SR,4
TM,B2,31,3,17.0,EW-LU,4
TM,B2,32,0,23.0,NS-SR,4
TM,B2,32,1,14.0,NS-LU,4
TM,B2,32,2,35.0,EW-SR,4
TM,B2,32,3,18.0,EW-LU,4
TM,B2,33,0,18.0,NS-SR,4
TM,B2,33,1,16.0,NS-LU,4
TM,B2,33,2,36.0,EW-SR,4
TM,B2,33,3,20.0,EW-LU,4
TM,B2,34,0,16.0,NS-SR,4
TM,B2,34,1,16.0,NS-LU,4
TM,B2,34,2,38.0,EW-SR,4
TM,B2,34,3,20.0,EW-LU,4
TM,B2,35,0,16.0,NS-SR,4
TM,B2,35,1,15.0,NS-LU,4
TM,B2,35,2,38.0,EW-SR,4
TM,B2,35,3,21.0,EW-LU,4
TM,B2,36,0,16.0,NS-SR,4
TM,B2,36,1,14.0,NS-LU,4
TM,B2,36,2,37.0,EW-SR,4
TM,B2,36,3,23.0,EW-LU,4
TM,B2,37,0,16.0,NS-SR,4
TM,B2,37,1,14.0,NS-LU,4
TM,B2,37,2,40.0,EW-SR,4
TM,B2,37,3,20.0,EW-LU,4
TM,B2,38,0,15.0,NS-SR,4
TM,B2,38,1,15.0,NS-LU,4
TM,B2,38,2,44.0,EW-SR,4
TM,B2,38,3,16.0,EW-LU,4
TM,B2,39,0,14.0,NS-SR,4
TM,B2,39,1,15.0,NS-LU,4
TM,B2,39,2,46.0,EW-SR,4
TM,B2,39,3,15.0,EW-LU,4
TM,B2,40,0,14.0,NS-SR,4
TM,B2,40,1,14.0,NS-LU,4
TM,B2,40,2,47.0,EW-SR,4
TM,B2,40,3,15.0,EW-LU,4
TM,B2,41,0,14.0,NS-SR,4
TM,B2,41,1,14.0,NS-LU,4
TM,B2,41,2,47.0,EW-SR,4
TM,B2,41,3,15.0,EW-LU,4
TM,B2,42,0,14.0,NS-SR,4
TM,B2,42,1,14.0,NS-LU,4
TM,B2,42,2,47.0,EW-SR,4
TM,B2,42,3,15.0,EW-LU,4
TM,B2,43,0,15.0,NS-SR,4
TM,B2,43,1,13.0,NS-LU,4
TM,B2,43,2,45.0,EW-SR,4
TM,B2,43,3,17.0,EW-LU,4
TM,B2,44,0,14.0,NS-SR,4
TM,B2,44,1,13.0,NS-LU,4
TM,B2,44,2,46.0,EW-SR,4
TM,B2,44,3,17.0,EW-LU,4
TM,B2,45,0,13.0,NS-SR,4
TM,B2,45,1,13.0,NS-LU,4
TM,B2,45,2,47.0,EW-SR,4
TM,B2,45,3,17.0,EW-LU,4
TM,B2,46,0,13.0,NS-SR,4
TM,B2,46,1,14.0,NS-LU,4
TM,B2,46,2,46.0,EW-SR,4
TM,B2,46,3,17.0,EW-LU,4
TM,B2,47,0,13.0,NS-SR,4
TM,B2,47,1,14.0,NS-LU,4
TM,B2,47,2,47.0,EW-SR,4
TM,B2,47,3,16.0,EW-LU,4
TM,B2,48,0,14.0,NS-SR,4
TM,B2,48,1,14.0,NS-LU,4
TM,B2,48,2,45.0,EW-SR,4
TM,B2,48,3,17.0,EW-LU,4
TM,B2,49,0,14.0,NS-SR,4
TM,B2,49,1,14.0,NS-LU,4
TM,B2,49,2,44.0,EW-SR,4
TM,B2,49,3,18.0,EW-LU,4
TM,B2,50,0,15.0,NS-SR,4
TM,B2,50,1,14.0,NS-LU,4
TM,B2,50,2,44.0,EW-SR,4
TM,B2,50,3,17.0,EW-LU,4
TM,B2,51,0,15.0,NS-SR,4
TM,B2,51,1,14.0,NS-LU,4
TM,B2,51,2,46.0,EW-SR,4
TM,B2,51,3,15.0,EW-LU,4
TM,B2,52,0,14.0,NS-SR,4
TM,B2,52,1,14.0,NS-LU,4
TM,B2,52,2,47.0,EW-SR,4
TM,B2,52,3,15.0,EW-LU,4
TM,B2,53,0,14.0,NS-SR,4
TM,B2,53,1,14.0,NS-LU,4
TM,B2,53,2,48.0,EW-SR,4
TM,B2,53,3,14.0,EW-LU,4
TM,B2,54,0,14.0,NS-SR,4
TM,B2,54,1,14.0,NS-LU,4
TM,B2,54,2,48.0,EW-SR,4
TM,B2,54,3,14.0,EW-LU,4
TM,B2,55,0,13.0,NS-SR,4
TM,B2,55,1,15.0,NS-LU,4
TM,B2,55,2,48.0,EW-SR,4
TM,B2,55,3,14.0,EW-LU,4
TM,B2,56,0,13.0,NS-SR,4
TM,B2,56,1,14.0,NS-LU,4
TM,B2,56,2,48.0,EW-SR,4
TM,B2,56,3,15.0,EW-LU,4
TM,B2,57,0,14.0,NS-SR,4
TM,B2,57,1,14.0,NS-LU,4
TM,B2,57,2,46.0,EW-SR,4
TM,B2,57,3,16.0,EW-LU,4
TM,B2,58,0,14.0,NS-SR,4
TM,B2,58,1,14.0,NS-LU,4
TM,B2,58,2,44.0,EW-SR,4
TM,B2,58,3,18.0,EW-LU,4
TM,B2,59,0,14.0,NS-SR,4
TM,B2,59,1,15.0,NS-LU,4
TM,B2,59,2,43.0,EW-SR,4
TM,B2,59,3,18.0,EW-LU,4
TM,B2,60,0,14.0,NS-SR,4
TM,B2,60,1,15.0,NS-LU,4
TM,B2,60,2,42.0,EW-SR,4
TM,B2,60,3,19.0,EW-LU,4
TM,B2,61,0,14.0,NS-SR,4
TM,B2,61,1,15.0,NS-LU,4
TM,B2,61,2,37.0,EW-SR,4
TM,B2,61,3,24.0,EW-LU,4
TM,B2,62,0,15.0,NS-SR,4
TM,B2,62,1,15.0,NS-LU,4
TM,B2,62,2,32.0,EW-SR,4
TM,B2,62,3,28.0,EW-LU,4
TM,B2,63,0,15.0,NS-SR,4
TM,B2,63,1,15.0,NS-LU,4
TM,B2,63,2,27.0,EW-SR,4
TM,B2,63,3,33.0,EW-LU,4
TM,B2,64,0,14.0,NS-SR,4
TM,B2,64,1,16.0,NS-LU,4
TM,B2,64,2,23.0,EW-SR,4
TM,B2,64,3,37.0,EW-LU,4
TM,B2,65,0,14.0,NS-SR,4
TM,B2,65,1,16.0,NS-LU,4
TM,B2,65,2,21.0,EW-SR,4
TM,B2,65,3,39.0,EW-LU,4
TM,B2,66,0,15.0,NS-SR,4
TM,B2,66,1,15.0,NS-LU,4
TM,B2,66,2,19.0,EW-SR,4
TM,B2,66,3,41.0,EW-LU,4
TM,B2,67,0,15.0,NS-SR,4
TM,B2,67,1,15.0,NS-LU,4
TM,B2,67,2,19.0,EW-SR,4
TM,B2,67,3,41.0,EW-LU,4
TM,B2,68,0,15.0,NS-SR,4
TM,B2,68,1,15.0,NS-LU,4
TM,B2,68,2,21.0,EW-SR,4
TM,B2,68,3,39.0,EW-LU,4
TM,B2,69,0,15.0,NS-SR,4
TM,B2,69,1,15.0,NS-LU,4
TM,B2,69,2,22.0,EW-SR,4
TM,B2,69,3,38.0,EW-LU,4
TM,B2,70,0,15.0,NS-SR,4
TM,B2,70,1,15.0,NS-LU,4
TM,B2,70,2,22.0,EW-SR,4
TM,B2,70,3,38.0,EW-LU,4
TM,B2,71,0,15.0,NS-SR,4
TM,B2,71,1,15.0,NS-LU,4
TM,B2,71,2,19.0,EW-SR,4
TM,B2,71,3,41.0,EW-LU,4
TM,B2,72,0,15.0,NS-SR,4
TM,B2,72,1,15.0,NS-LU,4
TM,B2,72,2,17.0,EW-SR,4
TM,B2,72,3,43.0,EW-LU,4
TM,B2,73,0,14.0,NS-SR,4
TM,B2,73,1,15.0,NS-LU,4
TM,B2,73,2,17.0,EW-SR,4
TM,B2,73,3,44.0,EW-LU,4
TM,B2,74,0,14.0,NS-SR,4
TM,B2,74,1,14.0,NS-LU,4
TM,B2,74,2,17.0,EW-SR,4
TM,B2,74,3,45.0,EW-LU,4
TM,B2,75,0,14.0,NS-SR,4
TM,B2,75,1,14.0,NS-LU,4
TM,B2,75,2,16.0,EW-SR,4
TM,B2,75,3,46.0,EW-LU,4
TM,B2,76,0,14.0,NS-SR,4
TM,B2,76,1,14.0,NS-LU,4
TM,B2,76,2,15.0,EW-SR,4
TM,B2,76,3,47.0,EW-LU,4
TM,B2,77,0,14.0,NS-SR,4
TM,B2,77,1,14.0,NS-LU,4
TM,B2,77,2,16.0,EW-SR,4
TM,B2,77,3,46.0,EW-LU,4
TM,B2,78,0,14.0,NS-SR,4
TM,B2,78,1,14.0,NS-LU,4
TM,B2,78,2,16.0,EW-SR,4
TM,B2,78,3,46.0,EW-LU,4
TM,B2,79,0,14.0,NS-SR,4
TM,B2,79,1,14.0,NS-LU,4
TM,B2,79,2,16.0,EW-SR,4
TM,B2,79,3,46.0,EW-LU,4
TM,B2,80,0,14.0,NS-SR,4
TM,B2,80,1,14.0,NS-LU,4
TM,B2,80,2,16.0,EW-SR,4
TM,B2,80,3,46.0,EW-LU,4
TM,D0,0,0,22.0,NS-SR,4
TM,D0,0,1,23.0,NS-LU,4
TM,D0,0,2,22.0,EW-SR,4
TM,D0,0,3,23.0,EW-LU,4
TM,D0,1,0,23.0,NS-SR,4
TM,D0,1,1,23.0,NS-LU,4
TM,D0,1,2,22.0,EW-SR,4
TM,D0,1,3,22.0,EW-LU,4
TM,D0,2,0,23.0,NS-SR,4
TM,D0,2,1,23.0,NS-LU,4
TM,D0,2,2,22.0,EW-SR,4
TM,D0,2,3,22.0,EW-LU,4
TM,D0,3,0,23.0,NS-SR,4
TM,D0,3,1,23.0,NS-LU,4
TM,D0,3,2,22.0,EW-SR,4
TM,D0,3,3,22.0,EW-LU,4
TM,D0,4,0,23.0,NS-SR,4
TM,D0,4,1,23.0,NS-LU,4
TM,D0,4,2,22.0,EW-SR,4
TM,D0,4,3,22.0,EW-LU,4
TM,D0,5,0,23.0,NS-SR,4
TM,D0,5,1,23.0,NS-LU,4
TM,D0,5,2,22.0,EW-SR,4
TM,D0,5,3,22.0,EW-LU,4
TM,D0,6,0,23.0,NS-SR,4
TM,D0,6,1,23.0,NS-LU,4
TM,D0,6,2,22.0,EW-SR,4
TM,D0,6,3,22.0,EW-LU,4
TM,D0,7,0,23.0,NS-SR,4
TM,D0,7,1,23.0,NS-LU,4
TM,D0,7,2,22.0,EW-SR,4
TM,D0,7,3,22.0,EW-LU,4
TM,D0,8,0,23.0,NS-SR,4
TM,D0,8,1,23.0,NS-LU,4
TM,D0,8,2,22.0,EW-SR,4
TM,D0,8,3,22.0,EW-LU,4
TM,D0,9,0,23.0,NS-SR,4
TM,D0,9,1,23.0,NS-LU,4
TM,D0,9,2,22.0,EW-SR,4
TM,D0,9,3,22.0,EW-LU,4
TM,D0,10,0,23.0,NS-SR,4
TM,D0,10,1,23.0,NS-LU,4
TM,D0,10,2,22.0,EW-SR,4
TM,D0,10,3,22.0,EW-LU,4
TM,D0,11,0,23.0,NS-SR,4
TM,D0,11,1,23.0,NS-LU,4
TM,D0,11,2,22.0,EW-SR,4
TM,D0,11,3,22.0,EW-LU,4
TM,D0,12,0,23.0,NS-SR,4
TM,D0,12,1,23.0,NS-LU,4
TM,D0,12,2,22.0,EW-SR,4
TM,D0,12,3,22.0,EW-LU,4
TM,D0,13,0,23.0,NS-SR,4
TM,D0,13,1,23.0,NS-LU,4
TM,D0,13,2,22.0,EW-SR,4
TM,D0,13,3,22.0,EW-LU,4
TM,D0,14,0,23.0,NS-SR,4
TM,D0,14,1,23.0,NS-LU,4
TM,D0,14,2,22.0,EW-SR,4
TM,D0,14,3,22.0,EW-LU,4
TM,D0,15,0,20.0,NS-SR,4
TM,D0,15,1,20.0,NS-LU,4
TM,D0,15,2,20.0,EW-SR,4
TM,D0,15,3,30.0,EW-LU,4
TM,D0,16,0,14.0,NS-SR,4
TM,D0,16,1,14.0,NS-LU,4
TM,D0,16,2,26.0,EW-SR,4
TM,D0,16,3,36.0,EW-LU,4
TM,D0,17,0,11.0,NS-SR,4
TM,D0,17,1,11.0,NS-LU,4
TM,D0,17,2,32.0,EW-SR,4
TM,D0,17,3,36.0,EW-LU,4
TM,D0,18,0,10.0,NS-SR,4
TM,D0,18,1,10.0,NS-LU,4
TM,D0,18,2,32.0,EW-SR,4
TM,D0,18,3,38.0,EW-LU,4
TM,D0,19,0,11.0,NS-SR,4
TM,D0,19,1,11.0,NS-LU,4
TM,D0,19,2,31.0,EW-SR,4
TM,D0,19,3,37.0,EW-LU,4
TM,D0,20,0,12.0,NS-SR,4
TM,D0,20,1,12.0,NS-LU,4
TM,D0,20,2,30.0,EW-SR,4
TM,D0,20,3,36.0,EW-LU,4
TM,D0,21,0,12.0,NS-SR,4
TM,D0,21,1,12.0,NS-LU,4
TM,D0,21,2,30.0,EW-SR,4
TM,D0,21,3,36.0,EW-LU,4
TM,D0,22,0,11.0,NS-SR,4
TM,D0,22,1,11.0,NS-LU,4
TM,D0,22,2,37.0,EW-SR,4
TM,D0,22,3,31.0,EW-LU,4
TM,D0,23,0,10.0,NS-SR,4
TM,D0,23,1,10.0,NS-LU,4
TM,D0,23,2,38.0,EW-SR,4
TM,D0,23,3,32.0,EW-LU,4
TM,D0,24,0,10.0,NS-SR,4
TM,D0,24,1,10.0,NS-LU,4
TM,D0,24,2,36.0,EW-SR,4
TM,D0,24,3,34.0,EW-LU,4
TM,D0,25,0,11.0,NS-SR,4
TM,D0,25,1,11.0,NS-LU,4
TM,D0,25,2,35.0,EW-SR,4
TM,D0,25,3,33.0,EW-LU,4
TM,D0,26,0,12.0,NS-SR,4
TM,D0,26,1,12.0,NS-LU,4
TM,D0,26,2,34.0,EW-SR,4
TM,D0,26,3,32.0,EW-LU,4
TM,D0,27,0,11.0,NS-SR,4
TM,D0,27,1,11.0,NS-LU,4
TM,D0,27,2,41.0,EW-SR,4
TM,D0,27,3,27.0,EW-LU,4
TM,D0,28,0,14.0,NS-SR,4
TM,D0,28,1,12.0,NS-LU,4
TM,D0,28,2,42.0,EW-SR,4
TM,D0,28,3,22.0,EW-LU,4
TM,D0,29,0,17.0,NS-SR,4
TM,D0,29,1,13.0,NS-LU,4
TM,D0,29,2,37.0,EW-SR,4
TM,D0,29,3,23.0,EW-LU,4
TM,D0,30,0,14.0,NS-SR,4
TM,D0,30,1,12.0,NS-LU,4
TM,D0,30,2,33.0,EW-SR,4
TM,D0,30,3,31.0,EW-LU,4
TM,D0,31,0,10.0,NS-SR,4
TM,D0,31,1,10.0,NS-LU,4
TM,D0,31,2,36.0,EW-SR,4
TM,D0,31,3,34.0,EW-LU,4
TM,D0,32,0,10.0,NS-SR,4
TM,D0,32,1,10.0,NS-LU,4
TM,D0,32,2,39.0,EW-SR,4
TM,D0,32,3,31.0,EW-LU,4
TM,D0,33,0,10.0,NS-SR,4
TM,D0,33,1,10.0,NS-LU,4
TM,D0,33,2,42.0,EW-SR,4
TM,D0,33,3,28.0,EW-LU,4
TM,D0,34,0,11.0,NS-SR,4
TM,D0,34,1,11.0,NS-LU,4
TM,D0,34,2,41.0,EW-SR,4
TM,D0,34,3,27.0,EW-LU,4
TM,D0,35,0,12.0,NS-SR,4
TM,D0,35,1,12.0,NS-LU,4
TM,D0,35,2,40.0,EW-SR,4
TM,D0,35,3,26.0,EW-LU,4
TM,D0,36,0,12.0,NS-SR,4
TM,D0,36,1,12.0,NS-LU,4
TM,D0,36,2,40.0,EW-SR,4
TM,D0,36,3,26.0,EW-LU,4
TM,D0,37,0,12.0,NS-SR,4
TM,D0,37,1,12.0,NS-LU,4
TM,D0,37,2,40.0,EW-SR,4
TM,D0,37,3,26.0,EW-LU,4
TM,D0,38,0,17.0,NS-SR,4
TM,D0,38,1,19.0,NS-LU,4
TM,D0,38,2,34.0,EW-SR,4
TM,D0,38,3,20.0,EW-LU,4
TM,D0,39,0,15.0,NS-SR,4
TM,D0,39,1,21.0,NS-LU,4
TM,D0,39,2,36.0,EW-SR,4
TM,D0,39,3,18.0,EW-LU,4
TM,D0,40,0,12.0,NS-SR,4
TM,D0,40,1,17.0,NS-LU,4
TM,D0,40,2,44.0,EW-SR,4
TM,D0,40,3,17.0,EW-LU,4
TM,D0,41,0,11.0,NS-SR,4
TM,D0,41,1,13.0,NS-LU,4
TM,D0,41,2,45.0,EW-SR,4
TM,D0,41,3,21.0,EW-LU,4
TM,D0,42,0,11.0,NS-SR,4
TM,D0,42,1,11.0,NS-LU,4
TM,D0,42,2,36.0,EW-SR,4
TM,D0,42,3,32.0,EW-LU,4
TM,D0,43,0,10.0,NS-SR,4
TM,D0,43,1,10.0,NS-LU,4
TM,D0,43,2,36.0,EW-SR,4
TM,D0,43,3,34.0,EW-LU,4
TM,D0,44,0,10.0,NS-SR,4
TM,D0,44,1,10.0,NS-LU,4
TM,D0,44,2,37.0,EW-SR,4
TM,D0,44,3,33.0,EW-LU,4
TM,D0,45,0,11.0,NS-SR,4
TM,D0,45,1,12.0,NS-LU,4
TM,D0,45,2,36.0,EW-SR,4
TM,D0,45,3,31.0,EW-LU,4
TM,D0,46,0,10.0,NS-SR,4
TM,D0,46,1,10.0,NS-LU,4
TM,D0,46,2,35.0,EW-SR,4
TM,D0,46,3,35.0,EW-LU,4
TM,D0,47,0,10.0,NS-SR,4
TM,D0,47,1,10.0,NS-LU,4
TM,D0,47,2,39.0,EW-SR,4
TM,D0,47,3,31.0,EW-LU,4
TM,D0,48,0,10.0,NS-SR,4
TM,D0,48,1,10.0,NS-LU,4
TM,D0,48,2,46.0,EW-SR,4
TM,D0,48,3,24.0,EW-LU,4
TM,D0,49,0,10.0,NS-SR,4
TM,D0,49,1,10.0,NS-LU,4
TM,D0,49,2,45.0,EW-SR,4
TM,D0,49,3,25.0,EW-LU,4
TM,D0,50,0,10.0,NS-SR,4
TM,D0,50,1,10.0,NS-LU,4
TM,D0,50,2,44.0,EW-SR,4
TM,D0,50,3,26.0,EW-LU,4
TM,D0,51,0,10.0,NS-SR,4
TM,D0,51,1,10.0,NS-LU,4
TM,D0,51,2,42.0,EW-SR,4
TM,D0,51,3,28.0,EW-LU,4
TM,D0,52,0,10.0,NS-SR,4
TM,D0,52,1,10.0,NS-LU,4
TM,D0,52,2,37.0,EW-SR,4
TM,D0,52,3,33.0,EW-LU,4
TM,D0,53,0,10.0,NS-SR,4
TM,D0,53,1,10.0,NS-LU,4
TM,D0,53,2,36.0,EW-SR,4
TM,D0,53,3,34.0,EW-LU,4
TM,D0,54,0,10.0,NS-SR,4
TM,D0,54,1,10.0,NS-LU,4
TM,D0,54,2,41.0,EW-SR,4
TM,D0,54,3,29.0,EW-LU,4
TM,D0,55,0,10.0,NS-SR,4
TM,D0,55,1,10.0,NS-LU,4
TM,D0,55,2,49.0,EW-SR,4
TM,D0,55,3,21.0,EW-LU,4
TM,D0,56,0,10.0,NS-SR,4
TM,D0,56,1,10.0,NS-LU,4
TM,D0,56,2,50.0,EW-SR,4
TM,D0,56,3,20.0,EW-LU,4
TM,D0,57,0,18.0,NS-SR,4
TM,D0,57,1,12.0,NS-LU,4
TM,D0,57,2,45.0,EW-SR,4
TM,D0,57,3,15.0,EW-LU,4
TM,D0,58,0,26.0,NS-SR,4
TM,D0,58,1,13.0,NS-LU,4
TM,D0,58,2,40.0,EW-SR,4
TM,D0,58,3,11.0,EW-LU,4
TM,D0,59,0,21.0,NS-SR,4
TM,D0,59,1,11.0,NS-LU,4
TM,D0,59,2,41.0,EW-SR,4
TM,D0,59,3,17.0,EW-LU,4
TM,D0,60,0,15.0,NS-SR,4
TM,D0,60,1,10.0,NS-LU,4
TM,D0,60,2,43.0,EW-SR,4
TM,D0,60,3,22.0,EW-LU,4
TM,D0,61,0,11.0,NS-SR,4
TM,D0,61,1,11.0,NS-LU,4
TM,D0,61,2,50.0,EW-SR,4
TM,D0,61,3,18.0,EW-LU,4
TM,D0,62,0,10.0,NS-SR,4
TM,D0,62,1,10.0,NS-LU,4
TM,D0,62,2,51.0,EW-SR,4
TM,D0,62,3,19.0,EW-LU,4
TM,D0,63,0,10.0,NS-SR,4
TM,D0,63,1,10.0,NS-LU,4
TM,D0,63,2,50.0,EW-SR,4
TM,D0,63,3,20.0,EW-LU,4
TM,D0,64,0,10.0,NS-SR,4
TM,D0,64,1,10.0,NS-LU,4
TM,D0,64,2,49.0,EW-SR,4
TM,D0,64,3,21.0,EW-LU,4
TM,D0,65,0,10.0,NS-SR,4
TM,D0,65,1,10.0,NS-LU,4
TM,D0,65,2,50.0,EW-SR,4
TM,D0,65,3,20.0,EW-LU,4
TM,D0,66,0,10.0,NS-SR,4
TM,D0,66,1,10.0,NS-LU,4
TM,D0,66,2,48.0,EW-SR,4
TM,D0,66,3,22.0,EW-LU,4
TM,D0,67,0,10.0,NS-SR,4
TM,D0,67,1,10.0,NS-LU,4
TM,D0,67,2,42.0,EW-SR,4
TM,D0,67,3,28.0,EW-LU,4
TM,D0,68,0,10.0,NS-SR,4
TM,D0,68,1,10.0,NS-LU,4
TM,D0,68,2,41.0,EW-SR,4
TM,D0,68,3,29.0,EW-LU,4
TM,D0,69,0,10.0,NS-SR,4
TM,D0,69,1,10.0,NS-LU,4
TM,D0,69,2,44.0,EW-SR,4
TM,D0,69,3,26.0,EW-LU,4
TM,D0,70,0,10.0,NS-SR,4
TM,D0,70,1,10.0,NS-LU,4
TM,D0,70,2,47.0,EW-SR,4
TM,D0,70,3,23.0,EW-LU,4
TM,D0,71,0,10.0,NS-SR,4
TM,D0,71,1,10.0,NS-LU,4
TM,D0,71,2,48.0,EW-SR,4
TM,D0,71,3,22.0,EW-LU,4
TM,D0,72,0,11.0,NS-SR,4
TM,D0,72,1,11.0,NS-LU,4
TM,D0,72,2,47.0,EW-SR,4
TM,D0,72,3,21.0,EW-LU,4
TM,D0,73,0,12.0,NS-SR,4
TM,D0,73,1,12.0,NS-LU,4
TM,D0,73,2,46.0,EW-SR,4
TM,D0,73,3,20.0,EW-LU,4
TM,D0,74,0,12.0,NS-SR,4
TM,D0,74,1,12.0,NS-LU,4
TM,D0,74,2,46.0,EW-SR,4
TM,D0,74,3,20.0,EW-LU,4
TM,D0,75,0,10.0,NS-SR,4
TM,D0,75,1,10.0,NS-LU,4
TM,D0,75,2,52.0,EW-SR,4
TM,D0,75,3,18.0,EW-LU,4
TM,D0,76,0,10.0,NS-SR,4
TM,D0,76,1,10.0,NS-LU,4
TM,D0,76,2,55.0,EW-SR,4
TM,D0,76,3,15.0,EW-LU,4
TM,D0,77,0,10.0,NS-SR,4
TM,D0,77,1,10.0,NS-LU,4
TM,D0,77,2,56.0,EW-SR,4
TM,D0,77,3,14.0,EW-LU,4
TM,D0,78,0,10.0,NS-SR,4
TM,D0,78,1,10.0,NS-LU,4
TM,D0,78,2,51.0,EW-SR,4
TM,D0,78,3,19.0,EW-LU,4
TM,D0,79,0,14.0,NS-SR,4
TM,D0,79,1,15.0,NS-LU,4
TM,D0,79,2,44.0,EW-SR,4
TM,D0,79,3,17.0,EW-LU,4
TM,D0,80,0,10.0,NS-SR,4
TM,D0,80,1,10.0,NS-LU,4
TM,D0,80,2,47.0,EW-SR,4
TM,D0,80,3,23.0,EW-LU,4
TM,F5,0,0,30.0,NS-LU,3
TM,F5,0,1,30.0,EW-SR,3
TM,F5,0,2,30.0,EW-LU,3
TM,F5,1,0,30.0,NS-LU,3
TM,F5,1,1,30.0,EW-SR,3
TM,F5,1,2,30.0,EW-LU,3
TM,F5,2,0,30.0,NS-LU,3
TM,F5,2,1,30.0,EW-SR,3
TM,F5,2,2,30.0,EW-LU,3
TM,F5,3,0,30.0,NS-LU,3
TM,F5,3,1,30.0,EW-SR,3
TM,F5,3,2,30.0,EW-LU,3
TM,F5,4,0,30.0,NS-LU,3
TM,F5,4,1,30.0,EW-SR,3
TM,F5,4,2,30.0,EW-LU,3
TM,F5,5,0,30.0,NS-LU,3
TM,F5,5,1,30.0,EW-SR,3
TM,F5,5,2,30.0,EW-LU,3
TM,F5,6,0,30.0,NS-LU,3
TM,F5,6,1,30.0,EW-SR,3
TM,F5,6,2,30.0,EW-LU,3
TM,F5,7,0,30.0,NS-LU,3
TM,F5,7,1,30.0,EW-SR,3
TM,F5,7,2,30.0,EW-LU,3
TM,F5,8,0,30.0,NS-LU,3
TM,F5,8,1,30.0,EW-SR,3
TM,F5,8,2,30.0,EW-LU,3
TM,F5,9,0,30.0,NS-LU,3
TM,F5,9,1,30.0,EW-SR,3
TM,F5,9,2,30.0,EW-LU,3
TM,F5,10,0,30.0,NS-LU,3
TM,F5,10,1,30.0,EW-SR,3
TM,F5,10,2,30.0,EW-LU,3
TM,F5,11,0,41.0,NS-LU,3
TM,F5,11,1,10.0,EW-SR,3
TM,F5,11,2,39.0,EW-LU,3
TM,F5,12,0,39.0,NS-LU,3
TM,F5,12,1,15.0,EW-SR,3
TM,F5,12,2,36.0,EW-LU,3
TM,F5,13,0,37.0,NS-LU,3
TM,F5,13,1,20.0,EW-SR,3
TM,F5,13,2,33.0,EW-LU,3
TM,F5,14,0,37.0,NS-LU,3
TM,F5,14,1,20.0,EW-SR,3
TM,F5,14,2,33.0,EW-LU,3
TM,F5,15,0,37.0,NS-LU,3
TM,F5,15,1,20.0,EW-SR,3
TM,F5,15,2,33.0,EW-LU,3
TM,F5,16,0,37.0,NS-LU,3
TM,F5,16,1,20.0,EW-SR,3
TM,F5,16,2,33.0,EW-LU,3
TM,F5,17,0,37.0,NS-LU,3
TM,F5,17,1,20.0,EW-SR,3
TM,F5,17,2,33.0,EW-LU,3
TM,F5,18,0,37.0,NS-LU,3
TM,F5,18,1,20.0,EW-SR,3
TM,F5,18,2,33.0,EW-LU,3
TM,F5,19,0,37.0,NS-LU,3
TM,F5,19,1,20.0,EW-SR,3
TM,F5,19,2,33.0,EW-LU,3
TM,F5,20,0,31.0,NS-LU,3
TM,F5,20,1,33.0,EW-SR,3
TM,F5,20,2,26.0,EW-LU,3
TM,F5,21,0,27.0,NS-LU,3
TM,F5,21,1,41.0,EW-SR,3
TM,F5,21,2,22.0,EW-LU,3
TM,F5,22,0,24.0,NS-LU,3
TM,F5,22,1,46.0,EW-SR,3
TM,F5,22,2,20.0,EW-LU,3
TM,F5,23,0,24.0,NS-LU,3
TM,F5,23,1,46.0,EW-SR,3
TM,F5,23,2,20.0,EW-LU,3
TM,F5,24,0,24.0,NS-LU,3
TM,F5,24,1,46.0,EW-SR,3
TM,F5,24,2,20.0,EW-LU,3
TM,F5,25,0,24.0,NS-LU,3
TM,F5,25,1,46.0,EW-SR,3
TM,F5,25,2,20.0,EW-LU,3
TM,F5,26,0,23.0,NS-LU,3
TM,F5,26,1,48.0,EW-SR,3
TM,F5,26,2,19.0,EW-LU,3
TM,F5,27,0,19.0,NS-LU,3
TM,F5,27,1,56.0,EW-SR,3
TM,F5,27,2,15.0,EW-LU,3
TM,F5,28,0,18.0,NS-LU,3
TM,F5,28,1,59.0,EW-SR,3
TM,F5,28,2,13.0,EW-LU,3
TM,F5,29,0,17.0,NS-LU,3
TM,F5,29,1,61.0,EW-SR,3
TM,F5,29,2,12.0,EW-LU,3
TM,F5,30,0,17.0,NS-LU,3
TM,F5,30,1,61.0,EW-SR,3
TM,F5,30,2,12.0,EW-LU,3
TM,F5,31,0,17.0,NS-LU,3
TM,F5,31,1,61.0,EW-SR,3
TM,F5,31,2,12.0,EW-LU,3
TM,F5,32,0,17.0,NS-LU,3
TM,F5,32,1,61.0,EW-SR,3
TM,F5,32,2,12.0,EW-LU,3
TM,F5,33,0,17.0,NS-LU,3
TM,F5,33,1,61.0,EW-SR,3
TM,F5,33,2,12.0,EW-LU,3
TM,F5,34,0,17.0,NS-LU,3
TM,F5,34,1,61.0,EW-SR,3
TM,F5,34,2,12.0,EW-LU,3
TM,F5,35,0,17.0,NS-LU,3
TM,F5,35,1,61.0,EW-SR,3
TM,F5,35,2,12.0,EW-LU,3
TM,F5,36,0,17.0,NS-LU,3
TM,F5,36,1,61.0,EW-SR,3
TM,F5,36,2,12.0,EW-LU,3
TM,F5,37,0,17.0,NS-LU,3
TM,F5,37,1,61.0,EW-SR,3
TM,F5,37,2,12.0,EW-LU,3
TM,F5,38,0,17.0,NS-LU,3
TM,F5,38,1,61.0,EW-SR,3
TM,F5,38,2,12.0,EW-LU,3
TM,F5,39,0,17.0,NS-LU,3
TM,F5,39,1,61.0,EW-SR,3
TM,F5,39,2,12.0,EW-LU,3
TM,F5,40,0,17.0,NS-LU,3
TM,F5,40,1,61.0,EW-SR,3
TM,F5,40,2,12.0,EW-LU,3
TM,F5,41,0,17.0,NS-LU,3
TM,F5,41,1,61.0,EW-SR,3
TM,F5,41,2,12.0,EW-LU,3
TM,F5,42,0,17.0,NS-LU,3
TM,F5,42,1,61.0,EW-SR,3
TM,F5,42,2,12.0,EW-LU,3
TM,F5,43,0,17.0,NS-LU,3
TM,F5,43,1,61.0,EW-SR,3
TM,F5,43,2,12.0,EW-LU,3
TM,F5,44,0,17.0,NS-LU,3
TM,F5,44,1,61.0,EW-SR,3
TM,F5,44,2,12.0,EW-LU,3
TM,F5,45,0,17.0,NS-LU,3
TM,F5,45,1,61.0,EW-SR,3
TM,F5,45,2,12.0,EW-LU,3
TM,F5,46,0,17.0,NS-LU,3
TM,F5,46,1,61.0,EW-SR,3
TM,F5,46,2,12.0,EW-LU,3
TM,F5,47,0,11.0,NS-LU,3
TM,F5,47,1,66.0,EW-SR,3
TM,F5,47,2,13.0,EW-LU,3
TM,F5,48,0,10.0,NS-LU,3
TM,F5,48,1,70.0,EW-SR,3
TM,F5,48,2,10.0,EW-LU,3
TM,F5,49,0,10.0,NS-LU,3
TM,F5,49,1,70.0,EW-SR,3
TM,F5,49,2,10.0,EW-LU,3
TM,F5,50,0,11.0,NS-LU,3
TM,F5,50,1,69.0,EW-SR,3
TM,F5,50,2,10.0,EW-LU,3
TM,F5,51,0,11.0,NS-LU,3
TM,F5,51,1,68.0,EW-SR,3
TM,F5,51,2,11.0,EW-LU,3
TM,F5,52,0,12.0,NS-LU,3
TM,F5,52,1,67.0,EW-SR,3
TM,F5,52,2,11.0,EW-LU,3
TM,F5,53,0,12.0,NS-LU,3
TM,F5,53,1,67.0,EW-SR,3
TM,F5,53,2,11.0,EW-LU,3
TM,F5,54,0,12.0,NS-LU,3
TM,F5,54,1,67.0,EW-SR,3
TM,F5,54,2,11.0,EW-LU,3
TM,F5,55,0,12.0,NS-LU,3
TM,F5,55,1,67.0,EW-SR,3
TM,F5,55,2,11.0,EW-LU,3
TM,F5,56,0,12.0,NS-LU,3
TM,F5,56,1,67.0,EW-SR,3
TM,F5,56,2,11.0,EW-LU,3
TM,F5,57,0,12.0,NS-LU,3
TM,F5,57,1,67.0,EW-SR,3
TM,F5,57,2,11.0,EW-LU,3
TM,F5,58,0,15.0,NS-LU,3
TM,F5,58,1,65.0,EW-SR,3
TM,F5,58,2,10.0,EW-LU,3
TM,F5,59,0,21.0,NS-LU,3
TM,F5,59,1,59.0,EW-SR,3
TM,F5,59,2,10.0,EW-LU,3
TM,F5,60,0,17.0,NS-LU,3
TM,F5,60,1,61.0,EW-SR,3
TM,F5,60,2,12.0,EW-LU,3
TM,F5,61,0,17.0,NS-LU,3
TM,F5,61,1,61.0,EW-SR,3
TM,F5,61,2,12.0,EW-LU,3
TM,F5,62,0,17.0,NS-LU,3
TM,F5,62,1,61.0,EW-SR,3
TM,F5,62,2,12.0,EW-LU,3
TM,F5,63,0,17.0,NS-LU,3
TM,F5,63,1,61.0,EW-SR,3
TM,F5,63,2,12.0,EW-LU,3
TM,F5,64,0,17.0,NS-LU,3
TM,F5,64,1,61.0,EW-SR,3
TM,F5,64,2,12.0,EW-LU,3
TM,F5,65,0,17.0,NS-LU,3
TM,F5,65,1,61.0,EW-SR,3
TM,F5,65,2,12.0,EW-LU,3
TM,F5,66,0,17.0,NS-LU,3
TM,F5,66,1,61.0,EW-SR,3
TM,F5,66,2,12.0,EW-LU,3
TM,F5,67,0,17.0,NS-LU,3
TM,F5,67,1,61.0,EW-SR,3
TM,F5,67,2,12.0,EW-LU,3
TM,F5,68,0,17.0,NS-LU,3
TM,F5,68,1,61.0,EW-SR,3
TM,F5,68,2,12.0,EW-LU,3
TM,F5,69,0,17.0,NS-LU,3
TM,F5,69,1,61.0,EW-SR,3
TM,F5,69,2,12.0,EW-LU,3
TM,F5,70,0,17.0,NS-LU,3
TM,F5,70,1,61.0,EW-SR,3
TM,F5,70,2,12.0,EW-LU,3
TM,F5,71,0,17.0,NS-LU,3
TM,F5,71,1,61.0,EW-SR,3
TM,F5,71,2,12.0,EW-LU,3
TM,F5,72,0,17.0,NS-LU,3
TM,F5,72,1,61.0,EW-SR,3
TM,F5,72,2,12.0,EW-LU,3
TM,F5,73,0,22.0,NS-LU,3
TM,F5,73,1,58.0,EW-SR,3
TM,F5,73,2,10.0,EW-LU,3
TM,F5,74,0,24.0,NS-LU,3
TM,F5,74,1,55.0,EW-SR,3
TM,F5,74,2,11.0,EW-LU,3
TM,F5,75,0,26.0,NS-LU,3
TM,F5,75,1,53.0,EW-SR,3
TM,F5,75,2,11.0,EW-LU,3
TM,F5,76,0,20.0,NS-LU,3
TM,F5,76,1,59.0,EW-SR,3
TM,F5,76,2,11.0,EW-LU,3
TM,F5,77,0,15.0,NS-LU,3
TM,F5,77,1,65.0,EW-SR,3
TM,F5,77,2,10.0,EW-LU,3
TM,F5,78,0,15.0,NS-LU,3
TM,F5,78,1,64.0,EW-SR,3
TM,F5,78,2,11.0,EW-LU,3
TM,F5,79,0,15.0,NS-LU,3
TM,F5,79,1,64.0,EW-SR,3
TM,F5,79,2,11.0,EW-LU,3
TM,F5,80,0,15.0,NS-LU,3
TM,F5,80,1,64.0,EW-SR,3
TM,F5,80,2,11.0,EW-LU,3
TM,C5,0,0,22.0,NS-SR,4
TM,C5,0,1,23.0,NS-LU,4
TM,C5,0,2,22.0,EW-SR,4
TM,C5,0,3,23.0,EW-LU,4
TM,C5,1,0,23.0,NS-SR,4
TM,C5,1,1,23.0,NS-LU,4
TM,C5,1,2,22.0,EW-SR,4
TM,C5,1,3,22.0,EW-LU,4
TM,C5,2,0,23.0,NS-SR,4
TM,C5,2,1,23.0,NS-LU,4
TM,C5,2,2,22.0,EW-SR,4
TM,C5,2,3,22.0,EW-LU,4
TM,C5,3,0,23.0,NS-SR,4
TM,C5,3,1,23.0,NS-LU,4
TM,C5,3,2,22.0,EW-SR,4
TM,C5,3,3,22.0,EW-LU,4
TM,C5,4,0,23.0,NS-SR,4
TM,C5,4,1,23.0,NS-LU,4
TM,C5,4,2,22.0,EW-SR,4
TM,C5,4,3,22.0,EW-LU,4
TM,C5,5,0,23.0,NS-SR,4
TM,C5,5,1,23.0,NS-LU,4
TM,C5,5,2,22.0,EW-SR,4
TM,C5,5,3,22.0,EW-LU,4
TM,C5,6,0,27.0,NS-SR,4
TM,C5,6,1,27.0,NS-LU,4
TM,C5,6,2,10.0,EW-SR,4
TM,C5,6,3,26.0,EW-LU,4
TM,C5,7,0,26.0,NS-SR,4
TM,C5,7,1,26.0,NS-LU,4
TM,C5,7,2,13.0,EW-SR,4
TM,C5,7,3,25.0,EW-LU,4
TM,C5,8,0,23.0,NS-SR,4
TM,C5,8,1,23.0,NS-LU,4
TM,C5,8,2,22.0,EW-SR,4
TM,C5,8,3,22.0,EW-LU,4
TM,C5,9,0,22.0,NS-SR,4
TM,C5,9,1,22.0,NS-LU,4
TM,C5,9,2,25.0,EW-SR,4
TM,C5,9,3,21.0,EW-LU,4
TM,C5,10,0,27.0,NS-SR,4
TM,C5,10,1,27.0,NS-LU,4
TM,C5,10,2,10.0,EW-SR,4
TM,C5,10,3,26.0,EW-LU,4
TM,C5,11,0,27.0,NS-SR,4
TM,C5,11,1,27.0,NS-LU,4
TM,C5,11,2,11.0,EW-SR,4
TM,C5,11,3,25.0,EW-LU,4
TM,C5,12,0,26.0,NS-SR,4
TM,C5,12,1,26.0,NS-LU,4
TM,C5,12,2,14.0,EW-SR,4
TM,C5,12,3,24.0,EW-LU,4
TM,C5,13,0,23.0,NS-SR,4
TM,C5,13,1,23.0,NS-LU,4
TM,C5,13,2,23.0,EW-SR,4
TM,C5,13,3,21.0,EW-LU,4
TM,C5,14,0,22.0,NS-SR,4
TM,C5,14,1,22.0,NS-LU,4
TM,C5,14,2,26.0,EW-SR,4
TM,C5,14,3,20.0,EW-LU,4
TM,C5,15,0,21.0,NS-SR,4
TM,C5,15,1,21.0,NS-LU,4
TM,C5,15,2,29.0,EW-SR,4
TM,C5,15,3,19.0,EW-LU,4
TM,C5,16,0,29.0,NS-SR,4
TM,C5,16,1,21.0,NS-LU,4
TM,C5,16,2,26.0,EW-SR,4
TM,C5,16,3,14.0,EW-LU,4
TM,C5,17,0,37.0,NS-SR,4
TM,C5,17,1,18.0,NS-LU,4
TM,C5,17,2,23.0,EW-SR,4
TM,C5,17,3,12.0,EW-LU,4
TM,C5,18,0,45.0,NS-SR,4
TM,C5,18,1,14.0,NS-LU,4
TM,C5,18,2,19.0,EW-SR,4
TM,C5,18,3,12.0,EW-LU,4
TM,C5,19,0,52.0,NS-SR,4
TM,C5,19,1,13.0,NS-LU,4
TM,C5,19,2,15.0,EW-SR,4
TM,C5,19,3,10.0,EW-LU,4
TM,C5,20,0,51.0,NS-SR,4
TM,C5,20,1,12.0,NS-LU,4
TM,C5,20,2,17.0,EW-SR,4
TM,C5,20,3,10.0,EW-LU,4
TM,C5,21,0,47.0,NS-SR,4
TM,C5,21,1,12.0,NS-LU,4
TM,C5,21,2,14.0,EW-SR,4
TM,C5,21,3,17.0,EW-LU,4
TM,C5,22,0,43.0,NS-SR,4
TM,C5,22,1,10.0,NS-LU,4
TM,C5,22,2,17.0,EW-SR,4
TM,C5,22,3,20.0,EW-LU,4
TM,C5,23,0,38.0,NS-SR,4
TM,C5,23,1,11.0,NS-LU,4
TM,C5,23,2,24.0,EW-SR,4
TM,C5,23,3,17.0,EW-LU,4
TM,C5,24,0,37.0,NS-SR,4
TM,C5,24,1,15.0,NS-LU,4
TM,C5,24,2,20.0,EW-SR,4
TM,C5,24,3,18.0,EW-LU,4
TM,C5,25,0,36.0,NS-SR,4
TM,C5,25,1,16.0,NS-LU,4
TM,C5,25,2,18.0,EW-SR,4
TM,C5,25,3,20.0,EW-LU,4
TM,C5,26,0,33.0,NS-SR,4
TM,C5,26,1,19.0,NS-LU,4
TM,C5,26,2,13.0,EW-SR,4
TM,C5,26,3,25.0,EW-LU,4
TM,C5,27,0,32.0,NS-SR,4
TM,C5,27,1,18.0,NS-LU,4
TM,C5,27,2,16.0,EW-SR,4
TM,C5,27,3,24.0,EW-LU,4
TM,C5,28,0,31.0,NS-SR,4
TM,C5,28,1,17.0,NS-LU,4
TM,C5,28,2,19.0,EW-SR,4
TM,C5,28,3,23.0,EW-LU,4
TM,C5,29,0,30.0,NS-SR,4
TM,C5,29,1,16.0,NS-LU,4
TM,C5,29,2,22.0,EW-SR,4
TM,C5,29,3,22.0,EW-LU,4
TM,C5,30,0,38.0,NS-SR,4
TM,C5,30,1,15.0,NS-LU,4
TM,C5,30,2,20.0,EW-SR,4
TM,C5,30,3,17.0,EW-LU,4
TM,C5,31,0,38.0,NS-SR,4
TM,C5,31,1,15.0,NS-LU,4
TM,C5,31,2,24.0,EW-SR,4
TM,C5,31,3,13.0,EW-LU,4
TM,C5,32,0,36.0,NS-SR,4
TM,C5,32,1,22.0,NS-LU,4
TM,C5,32,2,21.0,EW-SR,4
TM,C5,32,3,11.0,EW-LU,4
TM,C5,33,0,35.0,NS-SR,4
TM,C5,33,1,21.0,NS-LU,4
TM,C5,33,2,24.0,EW-SR,4
TM,C5,33,3,10.0,EW-LU,4
TM,C5,34,0,34.0,NS-SR,4
TM,C5,34,1,20.0,NS-LU,4
TM,C5,34,2,26.0,EW-SR,4
TM,C5,34,3,10.0,EW-LU,4
TM,C5,35,0,33.0,NS-SR,4
TM,C5,35,1,19.0,NS-LU,4
TM,C5,35,2,28.0,EW-SR,4
TM,C5,35,3,10.0,EW-LU,4
TM,C5,36,0,36.0,NS-SR,4
TM,C5,36,1,20.0,NS-LU,4
TM,C5,36,2,24.0,EW-SR,4
TM,C5,36,3,10.0,EW-LU,4
TM,C5,37,0,35.0,NS-SR,4
TM,C5,37,1,19.0,NS-LU,4
TM,C5,37,2,26.0,EW-SR,4
TM,C5,37,3,10.0,EW-LU,4
TM,C5,38,0,40.0,NS-SR,4
TM,C5,38,1,18.0,NS-LU,4
TM,C5,38,2,22.0,EW-SR,4
TM,C5,38,3,10.0,EW-LU,4
TM,C5,39,0,39.0,NS-SR,4
TM,C5,39,1,17.0,NS-LU,4
TM,C5,39,2,24.0,EW-SR,4
TM,C5,39,3,10.0,EW-LU,4
TM,C5,40,0,38.0,NS-SR,4
TM,C5,40,1,16.0,NS-LU,4
TM,C5,40,2,26.0,EW-SR,4
TM,C5,40,3,10.0,EW-LU,4
TM,C5,41,0,43.0,NS-SR,4
TM,C5,41,1,14.0,NS-LU,4
TM,C5,41,2,23.0,EW-SR,4
TM,C5,41,3,10.0,EW-LU,4
TM,C5,42,0,45.0,NS-SR,4
TM,C5,42,1,16.0,NS-LU,4
TM,C5,42,2,19.0,EW-SR,4
TM,C5,42,3,10.0,EW-LU,4
TM,C5,43,0,50.0,NS-SR,4
TM,C5,43,1,14.0,NS-LU,4
TM,C5,43,2,16.0,EW-SR,4
TM,C5,43,3,10.0,EW-LU,4
TM,C5,44,0,54.0,NS-SR,4
TM,C5,44,1,14.0,NS-LU,4
TM,C5,44,2,12.0,EW-SR,4
TM,C5,44,3,10.0,EW-LU,4
TM,C5,45,0,50.0,NS-SR,4
TM,C5,45,1,18.0,NS-LU,4
TM,C5,45,2,12.0,EW-SR,4
TM,C5,45,3,10.0,EW-LU,4
TM,C5,46,0,48.0,NS-SR,4
TM,C5,46,1,20.0,NS-LU,4
TM,C5,46,2,12.0,EW-SR,4
TM,C5,46,3,10.0,EW-LU,4
TM,C5,47,0,47.0,NS-SR,4
TM,C5,47,1,19.0,NS-LU,4
TM,C5,47,2,14.0,EW-SR,4
TM,C5,47,3,10.0,EW-LU,4
TM,C5,48,0,46.0,NS-SR,4
TM,C5,48,1,18.0,NS-LU,4
TM,C5,48,2,16.0,EW-SR,4
TM,C5,48,3,10.0,EW-LU,4
TM,C5,49,0,45.0,NS-SR,4
TM,C5,49,1,17.0,NS-LU,4
TM,C5,49,2,18.0,EW-SR,4
TM,C5,49,3,10.0,EW-LU,4
TM,C5,50,0,44.0,NS-SR,4
TM,C5,50,1,16.0,NS-LU,4
TM,C5,50,2,20.0,EW-SR,4
TM,C5,50,3,10.0,EW-LU,4
TM,C5,51,0,51.0,NS-SR,4
TM,C5,51,1,13.0,NS-LU,4
TM,C5,51,2,16.0,EW-SR,4
TM,C5,51,3,10.0,EW-LU,4
TM,C5,52,0,51.0,NS-SR,4
TM,C5,52,1,17.0,NS-LU,4
TM,C5,52,2,12.0,EW-SR,4
TM,C5,52,3,10.0,EW-LU,4
TM,C5,53,0,50.0,NS-SR,4
TM,C5,53,1,16.0,NS-LU,4
TM,C5,53,2,14.0,EW-SR,4
TM,C5,53,3,10.0,EW-LU,4
TM,C5,54,0,46.0,NS-SR,4
TM,C5,54,1,12.0,NS-LU,4
TM,C5,54,2,21.0,EW-SR,4
TM,C5,54,3,11.0,EW-LU,4
TM,C5,55,0,44.0,NS-SR,4
TM,C5,55,1,13.0,NS-LU,4
TM,C5,55,2,16.0,EW-SR,4
TM,C5,55,3,17.0,EW-LU,4
TM,C5,56,0,45.0,NS-SR,4
TM,C5,56,1,13.0,NS-LU,4
TM,C5,56,2,12.0,EW-SR,4
TM,C5,56,3,20.0,EW-LU,4
TM,C5,57,0,47.0,NS-SR,4
TM,C5,57,1,17.0,NS-LU,4
TM,C5,57,2,12.0,EW-SR,4
TM,C5,57,3,14.0,EW-LU,4
TM,C5,58,0,53.0,NS-SR,4
TM,C5,58,1,15.0,NS-LU,4
TM,C5,58,2,12.0,EW-SR,4
TM,C5,58,3,10.0,EW-LU,4
TM,C5,59,0,52.0,NS-SR,4
TM,C5,59,1,14.0,NS-LU,4
TM,C5,59,2,14.0,EW-SR,4
TM,C5,59,3,10.0,EW-LU,4
TM,C5,60,0,51.0,NS-SR,4
TM,C5,60,1,13.0,NS-LU,4
TM,C5,60,2,16.0,EW-SR,4
TM,C5,60,3,10.0,EW-LU,4
TM,C5,61,0,50.0,NS-SR,4
TM,C5,61,1,12.0,NS-LU,4
TM,C5,61,2,18.0,EW-SR,4
TM,C5,61,3,10.0,EW-LU,4
TM,C5,62,0,50.0,NS-SR,4
TM,C5,62,1,11.0,NS-LU,4
TM,C5,62,2,19.0,EW-SR,4
TM,C5,62,3,10.0,EW-LU,4
TM,C5,63,0,50.0,NS-SR,4
TM,C5,63,1,10.0,NS-LU,4
TM,C5,63,2,20.0,EW-SR,4
TM,C5,63,3,10.0,EW-LU,4
TM,C5,64,0,54.0,NS-SR,4
TM,C5,64,1,11.0,NS-LU,4
TM,C5,64,2,15.0,EW-SR,4
TM,C5,64,3,10.0,EW-LU,4
TM,C5,65,0,53.0,NS-SR,4
TM,C5,65,1,16.0,NS-LU,4
TM,C5,65,2,11.0,EW-SR,4
TM,C5,65,3,10.0,EW-LU,4
TM,C5,66,0,49.0,NS-SR,4
TM,C5,66,1,12.0,NS-LU,4
TM,C5,66,2,18.0,EW-SR,4
TM,C5,66,3,11.0,EW-LU,4
TM,C5,67,0,39.0,NS-SR,4
TM,C5,67,1,10.0,NS-LU,4
TM,C5,67,2,20.0,EW-SR,4
TM,C5,67,3,21.0,EW-LU,4
TM,C5,68,0,41.0,NS-SR,4
TM,C5,68,1,11.0,NS-LU,4
TM,C5,68,2,15.0,EW-SR,4
TM,C5,68,3,23.0,EW-LU,4
TM,C5,69,0,48.0,NS-SR,4
TM,C5,69,1,11.0,NS-LU,4
TM,C5,69,2,13.0,EW-SR,4
TM,C5,69,3,18.0,EW-LU,4
TM,C5,70,0,55.0,NS-SR,4
TM,C5,70,1,12.0,NS-LU,4
TM,C5,70,2,11.0,EW-SR,4
TM,C5,70,3,12.0,EW-LU,4
TM,C5,71,0,58.0,NS-SR,4
TM,C5,71,1,11.0,NS-LU,4
TM,C5,71,2,11.0,EW-SR,4
TM,C5,71,3,10.0,EW-LU,4
TM,C5,72,0,59.0,NS-SR,4
TM,C5,72,1,11.0,NS-LU,4
TM,C5,72,2,10.0,EW-SR,4
TM,C5,72,3,10.0,EW-LU,4
TM,C5,73,0,59.0,NS-SR,4
TM,C5,73,1,10.0,NS-LU,4
TM,C5,73,2,11.0,EW-SR,4
TM,C5,73,3,10.0,EW-LU,4
TM,C5,74,0,56.0,NS-SR,4
TM,C5,74,1,10.0,NS-LU,4
TM,C5,74,2,14.0,EW-SR,4
TM,C5,74,3,10.0,EW-LU,4
TM,C5,75,0,52.0,NS-SR,4
TM,C5,75,1,11.0,NS-LU,4
TM,C5,75,2,11.0,EW-SR,4
TM,C5,75,3,16.0,EW-LU,4
TM,C5,76,0,52.0,NS-SR,4
TM,C5,76,1,11.0,NS-LU,4
TM,C5,76,2,10.0,EW-SR,4
TM,C5,76,3,17.0,EW-LU,4
TM,C5,77,0,47.0,NS-SR,4
TM,C5,77,1,15.0,NS-LU,4
TM,C5,77,2,12.0,EW-SR,4
TM,C5,77,3,16.0,EW-LU,4
TM,C5,78,0,43.0,NS-SR,4
TM,C5,78,1,15.0,NS-LU,4
TM,C5,78,2,13.0,EW-SR,4
TM,C5,78,3,19.0,EW-LU,4
TM,C5,79,0,38.0,NS-SR,4
TM,C5,79,1,18.0,NS-LU,4
TM,C5,79,2,13.0,EW-SR,4
TM,C5,79,3,21.0,EW-LU,4
TM,C5,80,0,41.0,NS-SR,4
TM,C5,80,1,22.0,NS-LU,4
TM,C5,80,2,12.0,EW-SR,4
TM,C5,80,3,15.0,EW-LU,4
TM,F4,0,0,22.0,NS-SR,4
TM,F4,0,1,23.0,NS-LU,4
TM,F4,0,2,22.0,EW-SR,4
TM,F4,0,3,23.0,EW-LU,4
TM,F4,1,0,23.0,NS-SR,4
TM,F4,1,1,23.0,NS-LU,4
TM,F4,1,2,22.0,EW-SR,4
TM,F4,1,3,22.0,EW-LU,4
TM,F4,2,0,23.0,NS-SR,4
TM,F4,2,1,23.0,NS-LU,4
TM,F4,2,2,22.0,EW-SR,4
TM,F4,2,3,22.0,EW-LU,4
TM,F4,3,0,23.0,NS-SR,4
TM,F4,3,1,23.0,NS-LU,4
TM,F4,3,2,22.0,EW-SR,4
TM,F4,3,3,22.0,EW-LU,4
TM,F4,4,0,23.0,NS-SR,4
TM,F4,4,1,23.0,NS-LU,4
TM,F4,4,2,22.0,EW-SR,4
TM,F4,4,3,22.0,EW-LU,4
TM,F4,5,0,23.0,NS-SR,4
TM,F4,5,1,23.0,NS-LU,4
TM,F4,5,2,22.0,EW-SR,4
TM,F4,5,3,22.0,EW-LU,4
TM,F4,6,0,23.0,NS-SR,4
TM,F4,6,1,23.0,NS-LU,4
TM,F4,6,2,22.0,EW-SR,4
TM,F4,6,3,22.0,EW-LU,4
TM,F4,7,0,23.0,NS-SR,4
TM,F4,7,1,23.0,NS-LU,4
TM,F4,7,2,22.0,EW-SR,4
TM,F4,7,3,22.0,EW-LU,4
TM,F4,8,0,23.0,NS-SR,4
TM,F4,8,1,23.0,NS-LU,4
TM,F4,8,2,22.0,EW-SR,4
TM,F4,8,3,22.0,EW-LU,4
TM,F4,9,0,23.0,NS-SR,4
TM,F4,9,1,23.0,NS-LU,4
TM,F4,9,2,22.0,EW-SR,4
TM,F4,9,3,22.0,EW-LU,4
TM,F4,10,0,23.0,NS-SR,4
TM,F4,10,1,23.0,NS-LU,4
TM,F4,10,2,22.0,EW-SR,4
TM,F4,10,3,22.0,EW-LU,4
TM,F4,11,0,19.0,NS-SR,4
TM,F4,11,1,19.0,NS-LU,4
TM,F4,11,2,30.0,EW-SR,4
TM,F4,11,3,22.0,EW-LU,4
TM,F4,12,0,19.0,NS-SR,4
TM,F4,12,1,19.0,NS-LU,4
TM,F4,12,2,30.0,EW-SR,4
TM,F4,12,3,22.0,EW-LU,4
TM,F4,13,0,19.0,NS-SR,4
TM,F4,13,1,19.0,NS-LU,4
TM,F4,13,2,30.0,EW-SR,4
TM,F4,13,3,22.0,EW-LU,4
TM,F4,14,0,19.0,NS-SR,4
TM,F4,14,1,19.0,NS-LU,4
TM,F4,14,2,30.0,EW-SR,4
TM,F4,14,3,22.0,EW-LU,4
TM,F4,15,0,19.0,NS-SR,4
TM,F4,15,1,19.0,NS-LU,4
TM,F4,15,2,30.0,EW-SR,4
TM,F4,15,3,22.0,EW-LU,4
TM,F4,16,0,19.0,NS-SR,4
TM,F4,16,1,19.0,NS-LU,4
TM,F4,16,2,30.0,EW-SR,4
TM,F4,16,3,22.0,EW-LU,4
TM,F4,17,0,16.0,NS-SR,4
TM,F4,17,1,16.0,NS-LU,4
TM,F4,17,2,28.0,EW-SR,4
TM,F4,17,3,30.0,EW-LU,4
TM,F4,18,0,16.0,NS-SR,4
TM,F4,18,1,16.0,NS-LU,4
TM,F4,18,2,28.0,EW-SR,4
TM,F4,18,3,30.0,EW-LU,4
TM,F4,19,0,16.0,NS-SR,4
TM,F4,19,1,16.0,NS-LU,4
TM,F4,19,2,28.0,EW-SR,4
TM,F4,19,3,30.0,EW-LU,4
TM,F4,20,0,12.0,NS-SR,4
TM,F4,20,1,12.0,NS-LU,4
TM,F4,20,2,36.0,EW-SR,4
TM,F4,20,3,30.0,EW-LU,4
TM,F4,21,0,11.0,NS-SR,4
TM,F4,21,1,11.0,NS-LU,4
TM,F4,21,2,42.0,EW-SR,4
TM,F4,21,3,26.0,EW-LU,4
TM,F4,22,0,14.0,NS-SR,4
TM,F4,22,1,10.0,NS-LU,4
TM,F4,22,2,44.0,EW-SR,4
TM,F4,22,3,22.0,EW-LU,4
TM,F4,23,0,22.0,NS-SR,4
TM,F4,23,1,12.0,NS-LU,4
TM,F4,23,2,39.0,EW-SR,4
TM,F4,23,3,17.0,EW-LU,4
TM,F4,24,0,22.0,NS-SR,4
TM,F4,24,1,12.0,NS-LU,4
TM,F4,24,2,39.0,EW-SR,4
TM,F4,24,3,17.0,EW-LU,4
TM,F4,25,0,18.0,NS-SR,4
TM,F4,25,1,12.0,NS-LU,4
TM,F4,25,2,46.0,EW-SR,4
TM,F4,25,3,14.0,EW-LU,4
TM,F4,26,0,12.0,NS-SR,4
TM,F4,26,1,10.0,NS-LU,4
TM,F4,26,2,50.0,EW-SR,4
TM,F4,26,3,18.0,EW-LU,4
TM,F4,27,0,20.0,NS-SR,4
TM,F4,27,1,10.0,NS-LU,4
TM,F4,27,2,45.0,EW-SR,4
TM,F4,27,3,15.0,EW-LU,4
TM,F4,28,0,22.0,NS-SR,4
TM,F4,28,1,12.0,NS-LU,4
TM,F4,28,2,43.0,EW-SR,4
TM,F4,28,3,13.0,EW-LU,4
TM,F4,29,0,27.0,NS-SR,4
TM,F4,29,1,14.0,NS-LU,4
TM,F4,29,2,39.0,EW-SR,4
TM,F4,29,3,10.0,EW-LU,4
TM,F4,30,0,30.0,NS-SR,4
TM,F4,30,1,13.0,NS-LU,4
TM,F4,30,2,37.0,EW-SR,4
TM,F4,30,3,10.0,EW-LU,4
TM,F4,31,0,25.0,NS-SR,4
TM,F4,31,1,10.0,NS-LU,4
TM,F4,31,2,43.0,EW-SR,4
TM,F4,31,3,12.0,EW-LU,4
TM,F4,32,0,19.0,NS-SR,4
TM,F4,32,1,10.0,NS-LU,4
TM,F4,32,2,49.0,EW-SR,4
TM,F4,32,3,12.0,EW-LU,4
TM,F4,33,0,17.0,NS-SR,4
TM,F4,33,1,12.0,NS-LU,4
TM,F4,33,2,49.0,EW-SR,4
TM,F4,33,3,12.0,EW-LU,4
TM,F4,34,0,22.0,NS-SR,4
TM,F4,34,1,11.0,NS-LU,4
TM,F4,34,2,46.0,EW-SR,4
TM,F4,34,3,11.0,EW-LU,4
TM,F4,35,0,27.0,NS-SR,4
TM,F4,35,1,11.0,NS-LU,4
TM,F4,35,2,42.0,EW-SR,4
TM,F4,35,3,10.0,EW-LU,4
TM,F4,36,0,34.0,NS-SR,4
TM,F4,36,1,10.0,NS-LU,4
TM,F4,36,2,36.0,EW-SR,4
TM,F4,36,3,10.0,EW-LU,4
TM,F4,37,0,35.0,NS-SR,4
TM,F4,37,1,10.0,NS-LU,4
TM,F4,37,2,33.0,EW-SR,4
TM,F4,37,3,12.0,EW-LU,4
TM,F4,38,0,29.0,NS-SR,4
TM,F4,38,1,10.0,NS-LU,4
TM,F4,38,2,36.0,EW-SR,4
TM,F4,38,3,15.0,EW-LU,4
TM,F4,39,0,24.0,NS-SR,4
TM,F4,39,1,10.0,NS-LU,4
TM,F4,39,2,42.0,EW-SR,4
TM,F4,39,3,14.0,EW-LU,4
TM,F4,40,0,24.0,NS-SR,4
TM,F4,40,1,12.0,NS-LU,4
TM,F4,40,2,41.0,EW-SR,4
TM,F4,40,3,13.0,EW-LU,4
TM,F4,41,0,11.0,NS-SR,4
TM,F4,41,1,17.0,NS-LU,4
TM,F4,41,2,45.0,EW-SR,4
TM,F4,41,3,17.0,EW-LU,4
TM,F4,42,0,20.0,NS-SR,4
TM,F4,42,1,14.0,NS-LU,4
TM,F4,42,2,42.0,EW-SR,4
TM,F4,42,3,14.0,EW-LU,4
TM,F4,43,0,27.0,NS-SR,4
TM,F4,43,1,11.0,NS-LU,4
TM,F4,43,2,41.0,EW-SR,4
TM,F4,43,3,11.0,EW-LU,4
TM,F4,44,0,26.0,NS-SR,4
TM,F4,44,1,12.0,NS-LU,4
TM,F4,44,2,41.0,EW-SR,4
TM,F4,44,3,11.0,EW-LU,4
TM,F4,45,0,26.0,NS-SR,4
TM,F4,45,1,12.0,NS-LU,4
TM,F4,45,2,41.0,EW-SR,4
TM,F4,45,3,11.0,EW-LU,4
TM,F4,46,0,17.0,NS-SR,4
TM,F4,46,1,11.0,NS-LU,4
TM,F4,46,2,46.0,EW-SR,4
TM,F4,46,3,16.0,EW-LU,4
TM,F4,47,0,23.0,NS-SR,4
TM,F4,47,1,10.0,NS-LU,4
TM,F4,47,2,47.0,EW-SR,4
TM,F4,47,3,10.0,EW-LU,4
TM,F4,48,0,25.0,NS-SR,4
TM,F4,48,1,10.0,NS-LU,4
TM,F4,48,2,43.0,EW-SR,4
TM,F4,48,3,12.0,EW-LU,4
TM,F4,49,0,22.0,NS-SR,4
TM,F4,49,1,11.0,NS-LU,4
TM,F4,49,2,38.0,EW-SR,4
TM,F4,49,3,19.0,EW-LU,4
TM,F4,50,0,25.0,NS-SR,4
TM,F4,50,1,11.0,NS-LU,4
TM,F4,50,2,37.0,EW-SR,4
TM,F4,50,3,17.0,EW-LU,4
TM,F4,51,0,25.0,NS-SR,4
TM,F4,51,1,12.0,NS-LU,4
TM,F4,51,2,37.0,EW-SR,4
TM,F4,51,3,16.0,EW-LU,4
TM,F4,52,0,20.0,NS-SR,4
TM,F4,52,1,11.0,NS-LU,4
TM,F4,52,2,44.0,EW-SR,4
TM,F4,52,3,15.0,EW-LU,4
TM,F4,53,0,19.0,NS-SR,4
TM,F4,53,1,10.0,NS-LU,4
TM,F4,53,2,48.0,EW-SR,4
TM,F4,53,3,13.0,EW-LU,4
TM,F4,54,0,23.0,NS-SR,4
TM,F4,54,1,10.0,NS-LU,4
TM,F4,54,2,44.0,EW-SR,4
TM,F4,54,3,13.0,EW-LU,4
TM,F4,55,0,28.0,NS-SR,4
TM,F4,55,1,11.0,NS-LU,4
TM,F4,55,2,41.0,EW-SR,4
TM,F4,55,3,10.0,EW-LU,4
TM,F4,56,0,28.0,NS-SR,4
TM,F4,56,1,11.0,NS-LU,4
TM,F4,56,2,40.0,EW-SR,4
TM,F4,56,3,11.0,EW-LU,4
TM,F4,57,0,28.0,NS-SR,4
TM,F4,57,1,12.0,NS-LU,4
TM,F4,57,2,39.0,EW-SR,4
TM,F4,57,3,11.0,EW-LU,4
TM,F4,58,0,35.0,NS-SR,4
TM,F4,58,1,11.0,NS-LU,4
TM,F4,58,2,34.0,EW-SR,4
TM,F4,58,3,10.0,EW-LU,4
TM,F4,59,0,42.0,NS-SR,4
TM,F4,59,1,10.0,NS-LU,4
TM,F4,59,2,28.0,EW-SR,4
TM,F4,59,3,10.0,EW-LU,4
TM,F4,60,0,48.0,NS-SR,4
TM,F4,60,1,10.0,NS-LU,4
TM,F4,60,2,22.0,EW-SR,4
TM,F4,60,3,10.0,EW-LU,4
TM,F4,61,0,54.0,NS-SR,4
TM,F4,61,1,10.0,NS-LU,4
TM,F4,61,2,16.0,EW-SR,4
TM,F4,61,3,10.0,EW-LU,4
TM,F4,62,0,53.0,NS-SR,4
TM,F4,62,1,11.0,NS-LU,4
TM,F4,62,2,15.0,EW-SR,4
TM,F4,62,3,11.0,EW-LU,4
TM,F4,63,0,53.0,NS-SR,4
TM,F4,63,1,12.0,NS-LU,4
TM,F4,63,2,14.0,EW-SR,4
TM,F4,63,3,11.0,EW-LU,4
TM,F4,64,0,53.0,NS-SR,4
TM,F4,64,1,12.0,NS-LU,4
TM,F4,64,2,14.0,EW-SR,4
TM,F4,64,3,11.0,EW-LU,4
TM,F4,65,0,46.0,NS-SR,4
TM,F4,65,1,11.0,NS-LU,4
TM,F4,65,2,18.0,EW-SR,4
TM,F4,65,3,15.0,EW-LU,4
TM,F4,66,0,20.0,NS-SR,4
TM,F4,66,1,21.0,NS-LU,4
TM,F4,66,2,26.0,EW-SR,4
TM,F4,66,3,23.0,EW-LU,4
TM,F4,67,0,26.0,NS-SR,4
TM,F4,67,1,19.0,NS-LU,4
TM,F4,67,2,24.0,EW-SR,4
TM,F4,67,3,21.0,EW-LU,4
TM,F4,68,0,35.0,NS-SR,4
TM,F4,68,1,16.0,NS-LU,4
TM,F4,68,2,21.0,EW-SR,4
TM,F4,68,3,18.0,EW-LU,4
TM,F4,69,0,30.0,NS-SR,4
TM,F4,69,1,11.0,NS-LU,4
TM,F4,69,2,28.0,EW-SR,4
TM,F4,69,3,21.0,EW-LU,4
TM,F4,70,0,24.0,NS-SR,4
TM,F4,70,1,10.0,NS-LU,4
TM,F4,70,2,31.0,EW-SR,4
TM,F4,70,3,25.0,EW-LU,4
TM,F4,71,0,24.0,NS-SR,4
TM,F4,71,1,12.0,NS-LU,4
TM,F4,71,2,30.0,EW-SR,4
TM,F4,71,3,24.0,EW-LU,4
TM,F4,72,0,27.0,NS-SR,4
TM,F4,72,1,19.0,NS-LU,4
TM,F4,72,2,25.0,EW-SR,4
TM,F4,72,3,19.0,EW-LU,4
TM,F4,73,0,27.0,NS-SR,4
TM,F4,73,1,19.0,NS-LU,4
TM,F4,73,2,25.0,EW-SR,4
TM,F4,73,3,19.0,EW-LU,4
TM,F4,74,0,36.0,NS-SR,4
TM,F4,74,1,17.0,NS-LU,4
TM,F4,74,2,22.0,EW-SR,4
TM,F4,74,3,15.0,EW-LU,4
TM,F4,75,0,45.0,NS-SR,4
TM,F4,75,1,11.0,NS-LU,4
TM,F4,75,2,19.0,EW-SR,4
TM,F4,75,3,15.0,EW-LU,4
TM,F4,76,0,48.0,NS-SR,4
TM,F4,76,1,10.0,NS-LU,4
TM,F4,76,2,16.0,EW-SR,4
TM,F4,76,3,16.0,EW-LU,4
TM,F4,77,0,48.0,NS-SR,4
TM,F4,77,1,10.0,NS-LU,4
TM,F4,77,2,19.0,EW-SR,4
TM,F4,77,3,13.0,EW-LU,4
TM,F4,78,0,43.0,NS-SR,4
TM,F4,78,1,10.0,NS-LU,4
TM,F4,78,2,25.0,EW-SR,4
TM,F4,78,3,12.0,EW-LU,4
TM,F4,79,0,43.0,NS-SR,4
TM,F4,79,1,12.0,NS-LU,4
TM,F4,79,2,24.0,EW-SR,4
TM,F4,79,3,11.0,EW-LU,4
TM,F4,80,0,33.0,NS-SR,4
TM,F4,80,1,10.0,NS-LU,4
TM,F4,80,2,27.0,EW-SR,4
TM,F4,80,3,20.0,EW-LU,4
TM,F3,0,0,22.0,NS-SR,4
TM,F3,0,1,23.0,NS-LU,4
TM,F3,0,2,22.0,EW-SR,4
TM,F3,0,3,23.0,EW-LU,4
TM,F3,1,0,23.0,NS-SR,4
TM,F3,1,1,23.0,NS-LU,4
TM,F3,1,2,22.0,EW-SR,4
TM,F3,1,3,22.0,EW-LU,4
TM,F3,2,0,23.0,NS-SR,4
TM,F3,2,1,23.0,NS-LU,4
TM,F3,2,2,22.0,EW-SR,4
TM,F3,2,3,22.0,EW-LU,4
TM,F3,3,0,23.0,NS-SR,4
TM,F3,3,1,23.0,NS-LU,4
TM,F3,3,2,22.0,EW-SR,4
TM,F3,3,3,22.0,EW-LU,4
TM,F3,4,0,23.0,NS-SR,4
TM,F3,4,1,23.0,NS-LU,4
TM,F3,4,2,22.0,EW-SR,4
TM,F3,4,3,22.0,EW-LU,4
TM,F3,5,0,23.0,NS-SR,4
TM,F3,5,1,23.0,NS-LU,4
TM,F3,5,2,22.0,EW-SR,4
TM,F3,5,3,22.0,EW-LU,4
TM,F3,6,0,23.0,NS-SR,4
TM,F3,6,1,23.0,NS-LU,4
TM,F3,6,2,22.0,EW-SR,4
TM,F3,6,3,22.0,EW-LU,4
TM,F3,7,0,23.0,NS-SR,4
TM,F3,7,1,23.0,NS-LU,4
TM,F3,7,2,22.0,EW-SR,4
TM,F3,7,3,22.0,EW-LU,4
TM,F3,8,0,23.0,NS-SR,4
TM,F3,8,1,23.0,NS-LU,4
TM,F3,8,2,22.0,EW-SR,4
TM,F3,8,3,22.0,EW-LU,4
TM,F3,9,0,23.0,NS-SR,4
TM,F3,9,1,23.0,NS-LU,4
TM,F3,9,2,22.0,EW-SR,4
TM,F3,9,3,22.0,EW-LU,4
TM,F3,10,0,23.0,NS-SR,4
TM,F3,10,1,23.0,NS-LU,4
TM,F3,10,2,22.0,EW-SR,4
TM,F3,10,3,22.0,EW-LU,4
TM,F3,11,0,23.0,NS-SR,4
TM,F3,11,1,23.0,NS-LU,4
TM,F3,11,2,22.0,EW-SR,4
TM,F3,11,3,22.0,EW-LU,4
TM,F3,12,0,23.0,NS-SR,4
TM,F3,12,1,23.0,NS-LU,4
TM,F3,12,2,22.0,EW-SR,4
TM,F3,12,3,22.0,EW-LU,4
TM,F3,13,0,14.0,NS-SR,4
TM,F3,13,1,22.0,NS-LU,4
TM,F3,13,2,33.0,EW-SR,4
TM,F3,13,3,21.0,EW-LU,4
TM,F3,14,0,10.0,NS-SR,4
TM,F3,14,1,19.0,NS-LU,4
TM,F3,14,2,38.0,EW-SR,4
TM,F3,14,3,23.0,EW-LU,4
TM,F3,15,0,16.0,NS-SR,4
TM,F3,15,1,17.0,NS-LU,4
TM,F3,15,2,36.0,EW-SR,4
TM,F3,15,3,21.0,EW-LU,4
TM,F3,16,0,22.0,NS-SR,4
TM,F3,16,1,15.0,NS-LU,4
TM,F3,16,2,34.0,EW-SR,4
TM,F3,16,3,19.0,EW-LU,4
TM,F3,17,0,31.0,NS-SR,4
TM,F3,17,1,13.0,NS-LU,4
TM,F3,17,2,31.0,EW-SR,4
TM,F3,17,3,15.0,EW-LU,4
TM,F3,18,0,31.0,NS-SR,4
TM,F3,18,1,13.0,NS-LU,4
TM,F3,18,2,31.0,EW-SR,4
TM,F3,18,3,15.0,EW-LU,4
TM,F3,19,0,23.0,NS-SR,4
TM,F3,19,1,12.0,NS-LU,4
TM,F3,19,2,43.0,EW-SR,4
TM,F3,19,3,12.0,EW-LU,4
TM,F3,20,0,23.0,NS-SR,4
TM,F3,20,1,12.0,NS-LU,4
TM,F3,20,2,43.0,EW-SR,4
TM,F3,20,3,12.0,EW-LU,4
TM,F3,21,0,23.0,NS-SR,4
TM,F3,21,1,12.0,NS-LU,4
TM,F3,21,2,43.0,EW-SR,4
TM,F3,21,3,12.0,EW-LU,4
TM,F3,22,0,30.0,NS-SR,4
TM,F3,22,1,11.0,NS-LU,4
TM,F3,22,2,38.0,EW-SR,4
TM,F3,22,3,11.0,EW-LU,4
TM,F3,23,0,30.0,NS-SR,4
TM,F3,23,1,12.0,NS-LU,4
TM,F3,23,2,37.0,EW-SR,4
TM,F3,23,3,11.0,EW-LU,4
TM,F3,24,0,30.0,NS-SR,4
TM,F3,24,1,12.0,NS-LU,4
TM,F3,24,2,37.0,EW-SR,4
TM,F3,24,3,11.0,EW-LU,4
TM,F3,25,0,25.0,NS-SR,4
TM,F3,25,1,11.0,NS-LU,4
TM,F3,25,2,44.0,EW-SR,4
TM,F3,25,3,10.0,EW-LU,4
TM,F3,26,0,32.0,NS-SR,4
TM,F3,26,1,10.0,NS-LU,4
TM,F3,26,2,38.0,EW-SR,4
TM,F3,26,3,10.0,EW-LU,4
TM,F3,27,0,38.0,NS-SR,4
TM,F3,27,1,10.0,NS-LU,4
TM,F3,27,2,32.0,EW-SR,4
TM,F3,27,3,10.0,EW-LU,4
TM,F3,28,0,40.0,NS-SR,4
TM,F3,28,1,10.0,NS-LU,4
TM,F3,28,2,30.0,EW-SR,4
TM,F3,28,3,10.0,EW-LU,4
TM,F3,29,0,44.0,NS-SR,4
TM,F3,29,1,10.0,NS-LU,4
TM,F3,29,2,26.0,EW-SR,4
TM,F3,29,3,10.0,EW-LU,4
TM,F3,30,0,37.0,NS-SR,4
TM,F3,30,1,10.0,NS-LU,4
TM,F3,30,2,33.0,EW-SR,4
TM,F3,30,3,10.0,EW-LU,4
TM,F3,31,0,32.0,NS-SR,4
TM,F3,31,1,10.0,NS-LU,4
TM,F3,31,2,32.0,EW-SR,4
TM,F3,31,3,16.0,EW-LU,4
TM,F3,32,0,40.0,NS-SR,4
TM,F3,32,1,12.0,NS-LU,4
TM,F3,32,2,27.0,EW-SR,4
TM,F3,32,3,11.0,EW-LU,4
TM,F3,33,0,43.0,NS-SR,4
TM,F3,33,1,11.0,NS-LU,4
TM,F3,33,2,26.0,EW-SR,4
TM,F3,33,3,10.0,EW-LU,4
TM,F3,34,0,49.0,NS-SR,4
TM,F3,34,1,11.0,NS-LU,4
TM,F3,34,2,20.0,EW-SR,4
TM,F3,34,3,10.0,EW-LU,4
TM,F3,35,0,44.0,NS-SR,4
TM,F3,35,1,10.0,NS-LU,4
TM,F3,35,2,26.0,EW-SR,4
TM,F3,35,3,10.0,EW-LU,4
TM,F3,36,0,38.0,NS-SR,4
TM,F3,36,1,10.0,NS-LU,4
TM,F3,36,2,28.0,EW-SR,4
TM,F3,36,3,14.0,EW-LU,4
TM,F3,37,0,33.0,NS-SR,4
TM,F3,37,1,11.0,NS-LU,4
TM,F3,37,2,26.0,EW-SR,4
TM,F3,37,3,20.0,EW-LU,4
TM,F3,38,0,36.0,NS-SR,4
TM,F3,38,1,10.0,NS-LU,4
TM,F3,38,2,25.0,EW-SR,4
TM,F3,38,3,19.0,EW-LU,4
TM,F3,39,0,44.0,NS-SR,4
TM,F3,39,1,12.0,NS-LU,4
TM,F3,39,2,20.0,EW-SR,4
TM,F3,39,3,14.0,EW-LU,4
TM,F3,40,0,52.0,NS-SR,4
TM,F3,40,1,12.0,NS-LU,4
TM,F3,40,2,15.0,EW-SR,4
TM,F3,40,3,11.0,EW-LU,4
TM,F3,41,0,43.0,NS-SR,4
TM,F3,41,1,11.0,NS-LU,4
TM,F3,41,2,25.0,EW-SR,4
TM,F3,41,3,11.0,EW-LU,4
TM,F3,42,0,37.0,NS-SR,4
TM,F3,42,1,10.0,NS-LU,4
TM,F3,42,2,28.0,EW-SR,4
TM,F3,42,3,15.0,EW-LU,4
TM,F3,43,0,37.0,NS-SR,4
TM,F3,43,1,12.0,NS-LU,4
TM,F3,43,2,27.0,EW-SR,4
TM,F3,43,3,14.0,EW-LU,4
TM,F3,44,0,37.0,NS-SR,4
TM,F3,44,1,12.0,NS-LU,4
TM,F3,44,2,27.0,EW-SR,4
TM,F3,44,3,14.0,EW-LU,4
TM,F3,45,0,37.0,NS-SR,4
TM,F3,45,1,12.0,NS-LU,4
TM,F3,45,2,27.0,EW-SR,4
TM,F3,45,3,14.0,EW-LU,4
TM,F3,46,0,32.0,NS-SR,4
TM,F3,46,1,10.0,NS-LU,4
TM,F3,46,2,33.0,EW-SR,4
TM,F3,46,3,15.0,EW-LU,4
TM,F3,47,0,39.0,NS-SR,4
TM,F3,47,1,10.0,NS-LU,4
TM,F3,47,2,30.0,EW-SR,4
TM,F3,47,3,11.0,EW-LU,4
TM,F3,48,0,50.0,NS-SR,4
TM,F3,48,1,10.0,NS-LU,4
TM,F3,48,2,20.0,EW-SR,4
TM,F3,48,3,10.0,EW-LU,4
TM,F3,49,0,56.0,NS-SR,4
TM,F3,49,1,10.0,NS-LU,4
TM,F3,49,2,14.0,EW-SR,4
TM,F3,49,3,10.0,EW-LU,4
TM,F3,50,0,55.0,NS-SR,4
TM,F3,50,1,11.0,NS-LU,4
TM,F3,50,2,13.0,EW-SR,4
TM,F3,50,3,11.0,EW-LU,4
TM,F3,51,0,49.0,NS-SR,4
TM,F3,51,1,10.0,NS-LU,4
TM,F3,51,2,19.0,EW-SR,4
TM,F3,51,3,12.0,EW-LU,4
TM,F3,52,0,39.0,NS-SR,4
TM,F3,52,1,10.0,NS-LU,4
TM,F3,52,2,24.0,EW-SR,4
TM,F3,52,3,17.0,EW-LU,4
TM,F3,53,0,39.0,NS-SR,4
TM,F3,53,1,12.0,NS-LU,4
TM,F3,53,2,23.0,EW-SR,4
TM,F3,53,3,16.0,EW-LU,4
TM,F3,54,0,39.0,NS-SR,4
TM,F3,54,1,12.0,NS-LU,4
TM,F3,54,2,23.0,EW-SR,4
TM,F3,54,3,16.0,EW-LU,4
TM,F3,55,0,47.0,NS-SR,4
TM,F3,55,1,13.0,NS-LU,4
TM,F3,55,2,19.0,EW-SR,4
TM,F3,55,3,11.0,EW-LU,4
TM,F3,56,0,47.0,NS-SR,4
TM,F3,56,1,13.0,NS-LU,4
TM,F3,56,2,19.0,EW-SR,4
TM,F3,56,3,11.0,EW-LU,4
TM,F3,57,0,37.0,NS-SR,4
TM,F3,57,1,10.0,NS-LU,4
TM,F3,57,2,22.0,EW-SR,4
TM,F3,57,3,21.0,EW-LU,4
TM,F3,58,0,40.0,NS-SR,4
TM,F3,58,1,10.0,NS-LU,4
TM,F3,58,2,13.0,EW-SR,4
TM,F3,58,3,27.0,EW-LU,4
TM,F3,59,0,47.0,NS-SR,4
TM,F3,59,1,11.0,NS-LU,4
TM,F3,59,2,11.0,EW-SR,4
TM,F3,59,3,21.0,EW-LU,4
TM,F3,60,0,54.0,NS-SR,4
TM,F3,60,1,11.0,NS-LU,4
TM,F3,60,2,10.0,EW-SR,4
TM,F3,60,3,15.0,EW-LU,4
TM,F3,61,0,54.0,NS-SR,4
TM,F3,61,1,11.0,NS-LU,4
TM,F3,61,2,11.0,EW-SR,4
TM,F3,61,3,14.0,EW-LU,4
TM,F3,62,0,53.0,NS-SR,4
TM,F3,62,1,11.0,NS-LU,4
TM,F3,62,2,14.0,EW-SR,4
TM,F3,62,3,12.0,EW-LU,4
TM,F3,63,0,53.0,NS-SR,4
TM,F3,63,1,12.0,NS-LU,4
TM,F3,63,2,14.0,EW-SR,4
TM,F3,63,3,11.0,EW-LU,4
TM,F3,64,0,53.0,NS-SR,4
TM,F3,64,1,12.0,NS-LU,4
TM,F3,64,2,14.0,EW-SR,4
TM,F3,64,3,11.0,EW-LU,4
TM,F3,65,0,53.0,NS-SR,4
TM,F3,65,1,12.0,NS-LU,4
TM,F3,65,2,14.0,EW-SR,4
TM,F3,65,3,11.0,EW-LU,4
TM,F3,66,0,27.0,NS-SR,4
TM,F3,66,1,21.0,NS-LU,4
TM,F3,66,2,22.0,EW-SR,4
TM,F3,66,3,20.0,EW-LU,4
TM,F3,67,0,21.0,NS-SR,4
TM,F3,67,1,14.0,NS-LU,4
TM,F3,67,2,35.0,EW-SR,4
TM,F3,67,3,20.0,EW-LU,4
TM,F3,68,0,17.0,NS-SR,4
TM,F3,68,1,11.0,NS-LU,4
TM,F3,68,2,42.0,EW-SR,4
TM,F3,68,3,20.0,EW-LU,4
TM,F3,69,0,25.0,NS-SR,4
TM,F3,69,1,12.0,NS-LU,4
TM,F3,69,2,38.0,EW-SR,4
TM,F3,69,3,15.0,EW-LU,4
TM,F3,70,0,37.0,NS-SR,4
TM,F3,70,1,12.0,NS-LU,4
TM,F3,70,2,30.0,EW-SR,4
TM,F3,70,3,11.0,EW-LU,4
TM,F3,71,0,40.0,NS-SR,4
TM,F3,71,1,10.0,NS-LU,4
TM,F3,71,2,22.0,EW-SR,4
TM,F3,71,3,18.0,EW-LU,4
TM,F3,72,0,43.0,NS-SR,4
TM,F3,72,1,10.0,NS-LU,4
TM,F3,72,2,16.0,EW-SR,4
TM,F3,72,3,21.0,EW-LU,4
TM,F3,73,0,33.0,NS-SR,4
TM,F3,73,1,10.0,NS-LU,4
TM,F3,73,2,23.0,EW-SR,4
TM,F3,73,3,24.0,EW-LU,4
TM,F3,74,0,33.0,NS-SR,4
TM,F3,74,1,12.0,NS-LU,4
TM,F3,74,2,22.0,EW-SR,4
TM,F3,74,3,23.0,EW-LU,4
TM,F3,75,0,41.0,NS-SR,4
TM,F3,75,1,12.0,NS-LU,4
TM,F3,75,2,18.0,EW-SR,4
TM,F3,75,3,19.0,EW-LU,4
TM,F3,76,0,53.0,NS-SR,4
TM,F3,76,1,14.0,NS-LU,4
TM,F3,76,2,12.0,EW-SR,4
TM,F3,76,3,11.0,EW-LU,4
TM,F3,77,0,60.0,NS-SR,4
TM,F3,77,1,10.0,NS-LU,4
TM,F3,77,2,10.0,EW-SR,4
TM,F3,77,3,10.0,EW-LU,4
TM,F3,78,0,60.0,NS-SR,4
TM,F3,78,1,10.0,NS-LU,4
TM,F3,78,2,10.0,EW-SR,4
TM,F3,78,3,10.0,EW-LU,4
TM,F3,79,0,54.0,NS-SR,4
TM,F3,79,1,12.0,NS-LU,4
TM,F3,79,2,12.0,EW-SR,4
TM,F3,79,3,12.0,EW-LU,4
TM,F3,80,0,54.0,NS-SR,4
TM,F3,80,1,12.0,NS-LU,4
TM,F3,80,2,12.0,EW-SR,4
TM,F3,80,3,12.0,EW-LU,4
RL,A0,0,0,59.0,NS-LU,3
RL,A0,0,1,10.0,EW-SR,3
RL,A0,0,2,21.0,EW-LU,3
RL,A0,1,0,57.0,NS-LU,3
RL,A0,1,1,11.0,EW-SR,3
RL,A0,1,2,22.0,EW-LU,3
RL,A0,2,0,57.0,NS-LU,3
RL,A0,2,1,11.0,EW-SR,3
RL,A0,2,2,22.0,EW-LU,3
RL,A0,3,0,57.0,NS-LU,3
RL,A0,3,1,11.0,EW-SR,3
RL,A0,3,2,22.0,EW-LU,3
RL,A0,4,0,54.0,NS-LU,3
RL,A0,4,1,12.0,EW-SR,3
RL,A0,4,2,24.0,EW-LU,3
RL,A0,5,0,54.0,NS-LU,3
RL,A0,5,1,12.0,EW-SR,3
RL,A0,5,2,24.0,EW-LU,3
RL,A0,6,0,54.0,NS-LU,3
RL,A0,6,1,12.0,EW-SR,3
RL,A0,6,2,24.0,EW-LU,3
RL,A0,7,0,51.0,NS-LU,3
RL,A0,7,1,13.0,EW-SR,3
RL,A0,7,2,26.0,EW-LU,3
RL,A0,8,0,54.0,NS-LU,3
RL,A0,8,1,12.0,EW-SR,3
RL,A0,8,2,24.0,EW-LU,3
RL,A0,9,0,54.0,NS-LU,3
RL,A0,9,1,12.0,EW-SR,3
RL,A0,9,2,24.0,EW-LU,3
RL,A0,10,0,54.0,NS-LU,3
RL,A0,10,1,12.0,EW-SR,3
RL,A0,10,2,24.0,EW-LU,3
RL,A0,11,0,54.0,NS-LU,3
RL,A0,11,1,12.0,EW-SR,3
RL,A0,11,2,24.0,EW-LU,3
RL,A0,12,0,54.0,NS-LU,3
RL,A0,12,1,12.0,EW-SR,3
RL,A0,12,2,24.0,EW-LU,3
RL,A0,13,0,51.0,NS-LU,3
RL,A0,13,1,13.0,EW-SR,3
RL,A0,13,2,26.0,EW-LU,3
RL,A0,14,0,51.0,NS-LU,3
RL,A0,14,1,13.0,EW-SR,3
RL,A0,14,2,26.0,EW-LU,3
RL,A0,15,0,54.0,NS-LU,3
RL,A0,15,1,12.0,EW-SR,3
RL,A0,15,2,24.0,EW-LU,3
RL,A0,16,0,54.0,NS-LU,3
RL,A0,16,1,12.0,EW-SR,3
RL,A0,16,2,24.0,EW-LU,3
RL,A0,17,0,51.0,NS-LU,3
RL,A0,17,1,13.0,EW-SR,3
RL,A0,17,2,26.0,EW-LU,3
RL,A0,18,0,51.0,NS-LU,3
RL,A0,18,1,13.0,EW-SR,3
RL,A0,18,2,26.0,EW-LU,3
RL,A0,19,0,51.0,NS-LU,3
RL,A0,19,1,13.0,EW-SR,3
RL,A0,19,2,26.0,EW-LU,3
RL,A0,20,0,54.0,NS-LU,3
RL,A0,20,1,12.0,EW-SR,3
RL,A0,20,2,24.0,EW-LU,3
RL,A0,21,0,54.0,NS-LU,3
RL,A0,21,1,12.0,EW-SR,3
RL,A0,21,2,24.0,EW-LU,3
RL,A0,22,0,54.0,NS-LU,3
RL,A0,22,1,12.0,EW-SR,3
RL,A0,22,2,24.0,EW-LU,3
RL,A0,23,0,51.0,NS-LU,3
RL,A0,23,1,13.0,EW-SR,3
RL,A0,23,2,26.0,EW-LU,3
RL,A0,24,0,51.0,NS-LU,3
RL,A0,24,1,13.0,EW-SR,3
RL,A0,24,2,26.0,EW-LU,3
RL,A0,25,0,54.0,NS-LU,3
RL,A0,25,1,12.0,EW-SR,3
RL,A0,25,2,24.0,EW-LU,3
RL,A0,26,0,51.0,NS-LU,3
RL,A0,26,1,13.0,EW-SR,3
RL,A0,26,2,26.0,EW-LU,3
RL,A0,27,0,54.0,NS-LU,3
RL,A0,27,1,12.0,EW-SR,3
RL,A0,27,2,24.0,EW-LU,3
RL,A0,28,0,54.0,NS-LU,3
RL,A0,28,1,12.0,EW-SR,3
RL,A0,28,2,24.0,EW-LU,3
RL,A0,29,0,51.0,NS-LU,3
RL,A0,29,1,13.0,EW-SR,3
RL,A0,29,2,26.0,EW-LU,3
RL,A0,30,0,51.0,NS-LU,3
RL,A0,30,1,13.0,EW-SR,3
RL,A0,30,2,26.0,EW-LU,3
RL,A0,31,0,51.0,NS-LU,3
RL,A0,31,1,13.0,EW-SR,3
RL,A0,31,2,26.0,EW-LU,3
RL,A0,32,0,48.0,NS-LU,3
RL,A0,32,1,14.0,EW-SR,3
RL,A0,32,2,28.0,EW-LU,3
RL,A0,33,0,54.0,NS-LU,3
RL,A0,33,1,12.0,EW-SR,3
RL,A0,33,2,24.0,EW-LU,3
RL,A0,34,0,51.0,NS-LU,3
RL,A0,34,1,13.0,EW-SR,3
RL,A0,34,2,26.0,EW-LU,3
RL,A0,35,0,54.0,NS-LU,3
RL,A0,35,1,12.0,EW-SR,3
RL,A0,35,2,24.0,EW-LU,3
RL,A0,36,0,51.0,NS-LU,3
RL,A0,36,1,13.0,EW-SR,3
RL,A0,36,2,26.0,EW-LU,3
RL,A0,37,0,54.0,NS-LU,3
RL,A0,37,1,12.0,EW-SR,3
RL,A0,37,2,24.0,EW-LU,3
RL,A0,38,0,51.0,NS-LU,3
RL,A0,38,1,13.0,EW-SR,3
RL,A0,38,2,26.0,EW-LU,3
RL,A0,39,0,51.0,NS-LU,3
RL,A0,39,1,13.0,EW-SR,3
RL,A0,39,2,26.0,EW-LU,3
RL,A0,40,0,51.0,NS-LU,3
RL,A0,40,1,13.0,EW-SR,3
RL,A0,40,2,26.0,EW-LU,3
RL,A0,41,0,51.0,NS-LU,3
RL,A0,41,1,13.0,EW-SR,3
RL,A0,41,2,26.0,EW-LU,3
RL,A0,42,0,54.0,NS-LU,3
RL,A0,42,1,12.0,EW-SR,3
RL,A0,42,2,24.0,EW-LU,3
RL,A0,43,0,51.0,NS-LU,3
RL,A0,43,1,13.0,EW-SR,3
RL,A0,43,2,26.0,EW-LU,3
RL,A0,44,0,54.0,NS-LU,3
RL,A0,44,1,12.0,EW-SR,3
RL,A0,44,2,24.0,EW-LU,3
RL,A0,45,0,51.0,NS-LU,3
RL,A0,45,1,13.0,EW-SR,3
RL,A0,45,2,26.0,EW-LU,3
RL,A0,46,0,51.0,NS-LU,3
RL,A0,46,1,13.0,EW-SR,3
RL,A0,46,2,26.0,EW-LU,3
RL,A0,47,0,54.0,NS-LU,3
RL,A0,47,1,12.0,EW-SR,3
RL,A0,47,2,24.0,EW-LU,3
RL,A0,48,0,54.0,NS-LU,3
RL,A0,48,1,12.0,EW-SR,3
RL,A0,48,2,24.0,EW-LU,3
RL,A0,49,0,51.0,NS-LU,3
RL,A0,49,1,13.0,EW-SR,3
RL,A0,49,2,26.0,EW-LU,3
RL,A0,50,0,51.0,NS-LU,3
RL,A0,50,1,13.0,EW-SR,3
RL,A0,50,2,26.0,EW-LU,3
RL,A0,51,0,54.0,NS-LU,3
RL,A0,51,1,12.0,EW-SR,3
RL,A0,51,2,24.0,EW-LU,3
RL,A0,52,0,51.0,NS-LU,3
RL,A0,52,1,13.0,EW-SR,3
RL,A0,52,2,26.0,EW-LU,3
RL,A0,53,0,51.0,NS-LU,3
RL,A0,53,1,13.0,EW-SR,3
RL,A0,53,2,26.0,EW-LU,3
RL,A0,54,0,51.0,NS-LU,3
RL,A0,54,1,13.0,EW-SR,3
RL,A0,54,2,26.0,EW-LU,3
RL,A0,55,0,51.0,NS-LU,3
RL,A0,55,1,13.0,EW-SR,3
RL,A0,55,2,26.0,EW-LU,3
RL,A0,56,0,51.0,NS-LU,3
RL,A0,56,1,13.0,EW-SR,3
RL,A0,56,2,26.0,EW-LU,3
RL,A0,57,0,51.0,NS-LU,3
RL,A0,57,1,13.0,EW-SR,3
RL,A0,57,2,26.0,EW-LU,3
RL,A0,58,0,51.0,NS-LU,3
RL,A0,58,1,13.0,EW-SR,3
RL,A0,58,2,26.0,EW-LU,3
RL,A0,59,0,51.0,NS-LU,3
RL,A0,59,1,13.0,EW-SR,3
RL,A0,59,2,26.0,EW-LU,3
RL,A0,60,0,51.0,NS-LU,3
RL,A0,60,1,13.0,EW-SR,3
RL,A0,60,2,26.0,EW-LU,3
RL,A0,61,0,51.0,NS-LU,3
RL,A0,61,1,13.0,EW-SR,3
RL,A0,61,2,26.0,EW-LU,3
RL,A0,62,0,51.0,NS-LU,3
RL,A0,62,1,13.0,EW-SR,3
RL,A0,62,2,26.0,EW-LU,3
RL,A0,63,0,51.0,NS-LU,3
RL,A0,63,1,13.0,EW-SR,3
RL,A0,63,2,26.0,EW-LU,3
RL,A0,64,0,51.0,NS-LU,3
RL,A0,64,1,13.0,EW-SR,3
RL,A0,64,2,26.0,EW-LU,3
RL,A0,65,0,51.0,NS-LU,3
RL,A0,65,1,13.0,EW-SR,3
RL,A0,65,2,26.0,EW-LU,3
RL,A0,66,0,51.0,NS-LU,3
RL,A0,66,1,13.0,EW-SR,3
RL,A0,66,2,26.0,EW-LU,3
RL,A0,67,0,51.0,NS-LU,3
RL,A0,67,1,13.0,EW-SR,3
RL,A0,67,2,26.0,EW-LU,3
RL,A0,68,0,51.0,NS-LU,3
RL,A0,68,1,13.0,EW-SR,3
RL,A0,68,2,26.0,EW-LU,3
RL,A0,69,0,51.0,NS-LU,3
RL,A0,69,1,13.0,EW-SR,3
RL,A0,69,2,26.0,EW-LU,3
RL,A0,70,0,48.0,NS-LU,3
RL,A0,70,1,14.0,EW-SR,3
RL,A0,70,2,28.0,EW-LU,3
RL,A0,71,0,51.0,NS-LU,3
RL,A0,71,1,13.0,EW-SR,3
RL,A0,71,2,26.0,EW-LU,3
RL,A0,72,0,54.0,NS-LU,3
RL,A0,72,1,12.0,EW-SR,3
RL,A0,72,2,24.0,EW-LU,3
RL,A0,73,0,54.0,NS-LU,3
RL,A0,73,1,12.0,EW-SR,3
RL,A0,73,2,24.0,EW-LU,3
RL,A0,74,0,51.0,NS-LU,3
RL,A0,74,1,13.0,EW-SR,3
RL,A0,74,2,26.0,EW-LU,3
RL,A0,75,0,51.0,NS-LU,3
RL,A0,75,1,13.0,EW-SR,3
RL,A0,75,2,26.0,EW-LU,3
RL,A0,76,0,51.0,NS-LU,3
RL,A0,76,1,13.0,EW-SR,3
RL,A0,76,2,26.0,EW-LU,3
RL,A0,77,0,51.0,NS-LU,3
RL,A0,77,1,13.0,EW-SR,3
RL,A0,77,2,26.0,EW-LU,3
RL,A0,78,0,51.0,NS-LU,3
RL,A0,78,1,13.0,EW-SR,3
RL,A0,78,2,26.0,EW-LU,3
RL,A0,79,0,54.0,NS-LU,3
RL,A0,79,1,12.0,EW-SR,3
RL,A0,79,2,24.0,EW-LU,3
RL,A0,80,0,51.0,NS-LU,3
RL,A0,80,1,13.0,EW-SR,3
RL,A0,80,2,26.0,EW-LU,3
RL,A2,0,0,10.0,NS-SR,3
RL,A2,0,1,12.0,NS-LU,3
RL,A2,0,2,68.0,EW-LU,3
RL,A2,1,0,10.0,NS-SR,3
RL,A2,1,1,12.0,NS-LU,3
RL,A2,1,2,68.0,EW-LU,3
RL,A2,2,0,11.0,NS-SR,3
RL,A2,2,1,11.0,NS-LU,3
RL,A2,2,2,68.0,EW-LU,3
RL,A2,3,0,10.0,NS-SR,3
RL,A2,3,1,10.0,NS-LU,3
RL,A2,3,2,70.0,EW-LU,3
RL,A2,4,0,11.0,NS-SR,3
RL,A2,4,1,11.0,NS-LU,3
RL,A2,4,2,68.0,EW-LU,3
RL,A2,5,0,11.0,NS-SR,3
RL,A2,5,1,11.0,NS-LU,3
RL,A2,5,2,68.0,EW-LU,3
RL,A2,6,0,11.0,NS-SR,3
RL,A2,6,1,11.0,NS-LU,3
RL,A2,6,2,68.0,EW-LU,3
RL,A2,7,0,11.0,NS-SR,3
RL,A2,7,1,11.0,NS-LU,3
RL,A2,7,2,68.0,EW-LU,3
RL,A2,8,0,11.0,NS-SR,3
RL,A2,8,1,11.0,NS-LU,3
RL,A2,8,2,68.0,EW-LU,3
RL,A2,9,0,11.0,NS-SR,3
RL,A2,9,1,11.0,NS-LU,3
RL,A2,9,2,68.0,EW-LU,3
RL,A2,10,0,11.0,NS-SR,3
RL,A2,10,1,11.0,NS-LU,3
RL,A2,10,2,68.0,EW-LU,3
RL,A2,11,0,11.0,NS-SR,3
RL,A2,11,1,11.0,NS-LU,3
RL,A2,11,2,68.0,EW-LU,3
RL,A2,12,0,11.0,NS-SR,3
RL,A2,12,1,11.0,NS-LU,3
RL,A2,12,2,68.0,EW-LU,3
RL,A2,13,0,11.0,NS-SR,3
RL,A2,13,1,11.0,NS-LU,3
RL,A2,13,2,68.0,EW-LU,3
RL,A2,14,0,11.0,NS-SR,3
RL,A2,14,1,11.0,NS-LU,3
RL,A2,14,2,68.0,EW-LU,3
RL,A2,15,0,11.0,NS-SR,3
RL,A2,15,1,11.0,NS-LU,3
RL,A2,15,2,68.0,EW-LU,3
RL,A2,16,0,11.0,NS-SR,3
RL,A2,16,1,11.0,NS-LU,3
RL,A2,16,2,68.0,EW-LU,3
RL,A2,17,0,11.0,NS-SR,3
RL,A2,17,1,11.0,NS-LU,3
RL,A2,17,2,68.0,EW-LU,3
RL,A2,18,0,11.0,NS-SR,3
RL,A2,18,1,11.0,NS-LU,3
RL,A2,18,2,68.0,EW-LU,3
RL,A2,19,0,11.0,NS-SR,3
RL,A2,19,1,11.0,NS-LU,3
RL,A2,19,2,68.0,EW-LU,3
RL,A2,20,0,11.0,NS-SR,3
RL,A2,20,1,11.0,NS-LU,3
RL,A2,20,2,68.0,EW-LU,3
RL,A2,21,0,12.0,NS-SR,3
RL,A2,21,1,12.0,NS-LU,3
RL,A2,21,2,66.0,EW-LU,3
RL,A2,22,0,11.0,NS-SR,3
RL,A2,22,1,11.0,NS-LU,3
RL,A2,22,2,68.0,EW-LU,3
RL,A2,23,0,11.0,NS-SR,3
RL,A2,23,1,11.0,NS-LU,3
RL,A2,23,2,68.0,EW-LU,3
RL,A2,24,0,11.0,NS-SR,3
RL,A2,24,1,11.0,NS-LU,3
RL,A2,24,2,68.0,EW-LU,3
RL,A2,25,0,11.0,NS-SR,3
RL,A2,25,1,11.0,NS-LU,3
RL,A2,25,2,68.0,EW-LU,3
RL,A2,26,0,11.0,NS-SR,3
RL,A2,26,1,11.0,NS-LU,3
RL,A2,26,2,68.0,EW-LU,3
RL,A2,27,0,11.0,NS-SR,3
RL,A2,27,1,11.0,NS-LU,3
RL,A2,27,2,68.0,EW-LU,3
RL,A2,28,0,11.0,NS-SR,3
RL,A2,28,1,11.0,NS-LU,3
RL,A2,28,2,68.0,EW-LU,3
RL,A2,29,0,11.0,NS-SR,3
RL,A2,29,1,11.0,NS-LU,3
RL,A2,29,2,68.0,EW-LU,3
RL,A2,30,0,11.0,NS-SR,3
RL,A2,30,1,11.0,NS-LU,3
RL,A2,30,2,68.0,EW-LU,3
RL,A2,31,0,11.0,NS-SR,3
RL,A2,31,1,11.0,NS-LU,3
RL,A2,31,2,68.0,EW-LU,3
RL,A2,32,0,11.0,NS-SR,3
RL,A2,32,1,11.0,NS-LU,3
RL,A2,32,2,68.0,EW-LU,3
RL,A2,33,0,12.0,NS-SR,3
RL,A2,33,1,12.0,NS-LU,3
RL,A2,33,2,66.0,EW-LU,3
RL,A2,34,0,12.0,NS-SR,3
RL,A2,34,1,12.0,NS-LU,3
RL,A2,34,2,66.0,EW-LU,3
RL,A2,35,0,12.0,NS-SR,3
RL,A2,35,1,12.0,NS-LU,3
RL,A2,35,2,66.0,EW-LU,3
RL,A2,36,0,12.0,NS-SR,3
RL,A2,36,1,12.0,NS-LU,3
RL,A2,36,2,66.0,EW-LU,3
RL,A2,37,0,11.0,NS-SR,3
RL,A2,37,1,11.0,NS-LU,3
RL,A2,37,2,68.0,EW-LU,3
RL,A2,38,0,12.0,NS-SR,3
RL,A2,38,1,12.0,NS-LU,3
RL,A2,38,2,66.0,EW-LU,3
RL,A2,39,0,12.0,NS-SR,3
RL,A2,39,1,12.0,NS-LU,3
RL,A2,39,2,66.0,EW-LU,3
RL,A2,40,0,12.0,NS-SR,3
RL,A2,40,1,12.0,NS-LU,3
RL,A2,40,2,66.0,EW-LU,3
RL,A2,41,0,12.0,NS-SR,3
RL,A2,41,1,12.0,NS-LU,3
RL,A2,41,2,66.0,EW-LU,3
RL,A2,42,0,12.0,NS-SR,3
RL,A2,42,1,12.0,NS-LU,3
RL,A2,42,2,66.0,EW-LU,3
RL,A2,43,0,12.0,NS-SR,3
RL,A2,43,1,12.0,NS-LU,3
RL,A2,43,2,66.0,EW-LU,3
RL,A2,44,0,12.0,NS-SR,3
RL,A2,44,1,12.0,NS-LU,3
RL,A2,44,2,66.0,EW-LU,3
RL,A2,45,0,12.0,NS-SR,3
RL,A2,45,1,12.0,NS-LU,3
RL,A2,45,2,66.0,EW-LU,3
RL,A2,46,0,12.0,NS-SR,3
RL,A2,46,1,12.0,NS-LU,3
RL,A2,46,2,66.0,EW-LU,3
RL,A2,47,0,12.0,NS-SR,3
RL,A2,47,1,12.0,NS-LU,3
RL,A2,47,2,66.0,EW-LU,3
RL,A2,48,0,12.0,NS-SR,3
RL,A2,48,1,12.0,NS-LU,3
RL,A2,48,2,66.0,EW-LU,3
RL,A2,49,0,12.0,NS-SR,3
RL,A2,49,1,12.0,NS-LU,3
RL,A2,49,2,66.0,EW-LU,3
RL,A2,50,0,12.0,NS-SR,3
RL,A2,50,1,12.0,NS-LU,3
RL,A2,50,2,66.0,EW-LU,3
RL,A2,51,0,11.0,NS-SR,3
RL,A2,51,1,11.0,NS-LU,3
RL,A2,51,2,68.0,EW-LU,3
RL,A2,52,0,12.0,NS-SR,3
RL,A2,52,1,12.0,NS-LU,3
RL,A2,52,2,66.0,EW-LU,3
RL,A2,53,0,12.0,NS-SR,3
RL,A2,53,1,12.0,NS-LU,3
RL,A2,53,2,66.0,EW-LU,3
RL,A2,54,0,12.0,NS-SR,3
RL,A2,54,1,12.0,NS-LU,3
RL,A2,54,2,66.0,EW-LU,3
RL,A2,55,0,12.0,NS-SR,3
RL,A2,55,1,12.0,NS-LU,3
RL,A2,55,2,66.0,EW-LU,3
RL,A2,56,0,12.0,NS-SR,3
RL,A2,56,1,12.0,NS-LU,3
RL,A2,56,2,66.0,EW-LU,3
RL,A2,57,0,12.0,NS-SR,3
RL,A2,57,1,12.0,NS-LU,3
RL,A2,57,2,66.0,EW-LU,3
RL,A2,58,0,11.0,NS-SR,3
RL,A2,58,1,11.0,NS-LU,3
RL,A2,58,2,68.0,EW-LU,3
RL,A2,59,0,11.0,NS-SR,3
RL,A2,59,1,11.0,NS-LU,3
RL,A2,59,2,68.0,EW-LU,3
RL,A2,60,0,12.0,NS-SR,3
RL,A2,60,1,12.0,NS-LU,3
RL,A2,60,2,66.0,EW-LU,3
RL,A2,61,0,11.0,NS-SR,3
RL,A2,61,1,11.0,NS-LU,3
RL,A2,61,2,68.0,EW-LU,3
RL,A2,62,0,12.0,NS-SR,3
RL,A2,62,1,12.0,NS-LU,3
RL,A2,62,2,66.0,EW-LU,3
RL,A2,63,0,12.0,NS-SR,3
RL,A2,63,1,12.0,NS-LU,3
RL,A2,63,2,66.0,EW-LU,3
RL,A2,64,0,11.0,NS-SR,3
RL,A2,64,1,11.0,NS-LU,3
RL,A2,64,2,68.0,EW-LU,3
RL,A2,65,0,11.0,NS-SR,3
RL,A2,65,1,11.0,NS-LU,3
RL,A2,65,2,68.0,EW-LU,3
RL,A2,66,0,11.0,NS-SR,3
RL,A2,66,1,11.0,NS-LU,3
RL,A2,66,2,68.0,EW-LU,3
RL,A2,67,0,12.0,NS-SR,3
RL,A2,67,1,12.0,NS-LU,3
RL,A2,67,2,66.0,EW-LU,3
RL,A2,68,0,11.0,NS-SR,3
RL,A2,68,1,11.0,NS-LU,3
RL,A2,68,2,68.0,EW-LU,3
RL,A2,69,0,12.0,NS-SR,3
RL,A2,69,1,12.0,NS-LU,3
RL,A2,69,2,66.0,EW-LU,3
RL,A2,70,0,12.0,NS-SR,3
RL,A2,70,1,12.0,NS-LU,3
RL,A2,70,2,66.0,EW-LU,3
RL,A2,71,0,12.0,NS-SR,3
RL,A2,71,1,12.0,NS-LU,3
RL,A2,71,2,66.0,EW-LU,3
RL,A2,72,0,12.0,NS-SR,3
RL,A2,72,1,12.0,NS-LU,3
RL,A2,72,2,66.0,EW-LU,3
RL,A2,73,0,12.0,NS-SR,3
RL,A2,73,1,12.0,NS-LU,3
RL,A2,73,2,66.0,EW-LU,3
RL,A2,74,0,12.0,NS-SR,3
RL,A2,74,1,12.0,NS-LU,3
RL,A2,74,2,66.0,EW-LU,3
RL,A2,75,0,12.0,NS-SR,3
RL,A2,75,1,12.0,NS-LU,3
RL,A2,75,2,66.0,EW-LU,3
RL,A2,76,0,12.0,NS-SR,3
RL,A2,76,1,12.0,NS-LU,3
RL,A2,76,2,66.0,EW-LU,3
RL,A2,77,0,12.0,NS-SR,3
RL,A2,77,1,12.0,NS-LU,3
RL,A2,77,2,66.0,EW-LU,3
RL,A2,78,0,12.0,NS-SR,3
RL,A2,78,1,12.0,NS-LU,3
RL,A2,78,2,66.0,EW-LU,3
RL,A2,79,0,12.0,NS-SR,3
RL,A2,79,1,12.0,NS-LU,3
RL,A2,79,2,66.0,EW-LU,3
RL,A2,80,0,12.0,NS-SR,3
RL,A2,80,1,12.0,NS-LU,3
RL,A2,80,2,66.0,EW-LU,3
RL,B1,0,0,14.0,NS-SR,4
RL,B1,0,1,54.0,NS-LU,4
RL,B1,0,2,11.0,EW-SR,4
RL,B1,0,3,11.0,EW-LU,4
RL,B1,1,0,12.0,NS-SR,4
RL,B1,1,1,54.0,NS-LU,4
RL,B1,1,2,12.0,EW-SR,4
RL,B1,1,3,12.0,EW-LU,4
RL,B1,2,0,15.0,NS-SR,4
RL,B1,2,1,45.0,NS-LU,4
RL,B1,2,2,15.0,EW-SR,4
RL,B1,2,3,15.0,EW-LU,4
RL,B1,3,0,16.0,NS-SR,4
RL,B1,3,1,42.0,NS-LU,4
RL,B1,3,2,16.0,EW-SR,4
RL,B1,3,3,16.0,EW-LU,4
RL,B1,4,0,20.0,NS-SR,4
RL,B1,4,1,30.0,NS-LU,4
RL,B1,4,2,20.0,EW-SR,4
RL,B1,4,3,20.0,EW-LU,4
RL,B1,5,0,20.0,NS-SR,4
RL,B1,5,1,30.0,NS-LU,4
RL,B1,5,2,20.0,EW-SR,4
RL,B1,5,3,20.0,EW-LU,4
RL,B1,6,0,20.0,NS-SR,4
RL,B1,6,1,30.0,NS-LU,4
RL,B1,6,2,20.0,EW-SR,4
RL,B1,6,3,20.0,EW-LU,4
RL,B1,7,0,21.0,NS-SR,4
RL,B1,7,1,27.0,NS-LU,4
RL,B1,7,2,21.0,EW-SR,4
RL,B1,7,3,21.0,EW-LU,4
RL,B1,8,0,20.0,NS-SR,4
RL,B1,8,1,30.0,NS-LU,4
RL,B1,8,2,20.0,EW-SR,4
RL,B1,8,3,20.0,EW-LU,4
RL,B1,9,0,19.0,NS-SR,4
RL,B1,9,1,33.0,NS-LU,4
RL,B1,9,2,19.0,EW-SR,4
RL,B1,9,3,19.0,EW-LU,4
RL,B1,10,0,18.0,NS-SR,4
RL,B1,10,1,36.0,NS-LU,4
RL,B1,10,2,18.0,EW-SR,4
RL,B1,10,3,18.0,EW-LU,4
RL,B1,11,0,19.0,NS-SR,4
RL,B1,11,1,33.0,NS-LU,4
RL,B1,11,2,19.0,EW-SR,4
RL,B1,11,3,19.0,EW-LU,4
RL,B1,12,0,21.0,NS-SR,4
RL,B1,12,1,27.0,NS-LU,4
RL,B1,12,2,21.0,EW-SR,4
RL,B1,12,3,21.0,EW-LU,4
RL,B1,13,0,21.0,NS-SR,4
RL,B1,13,1,27.0,NS-LU,4
RL,B1,13,2,21.0,EW-SR,4
RL,B1,13,3,21.0,EW-LU,4
RL,B1,14,0,22.0,NS-SR,4
RL,B1,14,1,24.0,NS-LU,4
RL,B1,14,2,22.0,EW-SR,4
RL,B1,14,3,22.0,EW-LU,4
RL,B1,15,0,21.0,NS-SR,4
RL,B1,15,1,27.0,NS-LU,4
RL,B1,15,2,21.0,EW-SR,4
RL,B1,15,3,21.0,EW-LU,4
RL,B1,16,0,22.0,NS-SR,4
RL,B1,16,1,24.0,NS-LU,4
RL,B1,16,2,22.0,EW-SR,4
RL,B1,16,3,22.0,EW-LU,4
RL,B1,17,0,21.0,NS-SR,4
RL,B1,17,1,27.0,NS-LU,4
RL,B1,17,2,21.0,EW-SR,4
RL,B1,17,3,21.0,EW-LU,4
RL,B1,18,0,24.0,NS-SR,4
RL,B1,18,1,22.0,NS-LU,4
RL,B1,18,2,22.0,EW-SR,4
RL,B1,18,3,22.0,EW-LU,4
RL,B1,19,0,24.0,NS-SR,4
RL,B1,19,1,22.0,NS-LU,4
RL,B1,19,2,22.0,EW-SR,4
RL,B1,19,3,22.0,EW-LU,4
RL,B1,20,0,24.0,NS-SR,4
RL,B1,20,1,22.0,NS-LU,4
RL,B1,20,2,22.0,EW-SR,4
RL,B1,20,3,22.0,EW-LU,4
RL,B1,21,0,22.0,NS-SR,4
RL,B1,21,1,24.0,NS-LU,4
RL,B1,21,2,22.0,EW-SR,4
RL,B1,21,3,22.0,EW-LU,4
RL,B1,22,0,24.0,NS-SR,4
RL,B1,22,1,22.0,NS-LU,4
RL,B1,22,2,22.0,EW-SR,4
RL,B1,22,3,22.0,EW-LU,4
RL,B1,23,0,24.0,NS-SR,4
RL,B1,23,1,22.0,NS-LU,4
RL,B1,23,2,22.0,EW-SR,4
RL,B1,23,3,22.0,EW-LU,4
RL,B1,24,0,24.0,NS-SR,4
RL,B1,24,1,22.0,NS-LU,4
RL,B1,24,2,22.0,EW-SR,4
RL,B1,24,3,22.0,EW-LU,4
RL,B1,25,0,22.0,NS-SR,4
RL,B1,25,1,24.0,NS-LU,4
RL,B1,25,2,22.0,EW-SR,4
RL,B1,25,3,22.0,EW-LU,4
RL,B1,26,0,21.0,NS-SR,4
RL,B1,26,1,27.0,NS-LU,4
RL,B1,26,2,21.0,EW-SR,4
RL,B1,26,3,21.0,EW-LU,4
RL,B1,27,0,21.0,NS-SR,4
RL,B1,27,1,27.0,NS-LU,4
RL,B1,27,2,21.0,EW-SR,4
RL,B1,27,3,21.0,EW-LU,4
RL,B1,28,0,21.0,NS-SR,4
RL,B1,28,1,27.0,NS-LU,4
RL,B1,28,2,21.0,EW-SR,4
RL,B1,28,3,21.0,EW-LU,4
RL,B1,29,0,24.0,NS-SR,4
RL,B1,29,1,22.0,NS-LU,4
RL,B1,29,2,22.0,EW-SR,4
RL,B1,29,3,22.0,EW-LU,4
RL,B1,30,0,24.0,NS-SR,4
RL,B1,30,1,22.0,NS-LU,4
RL,B1,30,2,22.0,EW-SR,4
RL,B1,30,3,22.0,EW-LU,4
RL,B1,31,0,22.0,NS-SR,4
RL,B1,31,1,24.0,NS-LU,4
RL,B1,31,2,22.0,EW-SR,4
RL,B1,31,3,22.0,EW-LU,4
RL,B1,32,0,24.0,NS-SR,4
RL,B1,32,1,22.0,NS-LU,4
RL,B1,32,2,22.0,EW-SR,4
RL,B1,32,3,22.0,EW-LU,4
RL,B1,33,0,22.0,NS-SR,4
RL,B1,33,1,24.0,NS-LU,4
RL,B1,33,2,22.0,EW-SR,4
RL,B1,33,3,22.0,EW-LU,4
RL,B1,34,0,24.0,NS-SR,4
RL,B1,34,1,22.0,NS-LU,4
RL,B1,34,2,22.0,EW-SR,4
RL,B1,34,3,22.0,EW-LU,4
RL,B1,35,0,24.0,NS-SR,4
RL,B1,35,1,22.0,NS-LU,4
RL,B1,35,2,22.0,EW-SR,4
RL,B1,35,3,22.0,EW-LU,4
RL,B1,36,0,24.0,NS-SR,4
RL,B1,36,1,22.0,NS-LU,4
RL,B1,36,2,22.0,EW-SR,4
RL,B1,36,3,22.0,EW-LU,4
RL,B1,37,0,22.0,NS-SR,4
RL,B1,37,1,24.0,NS-LU,4
RL,B1,37,2,22.0,EW-SR,4
RL,B1,37,3,22.0,EW-LU,4
RL,B1,38,0,24.0,NS-SR,4
RL,B1,38,1,22.0,NS-LU,4
RL,B1,38,2,22.0,EW-SR,4
RL,B1,38,3,22.0,EW-LU,4
RL,B1,39,0,24.0,NS-SR,4
RL,B1,39,1,22.0,NS-LU,4
RL,B1,39,2,22.0,EW-SR,4
RL,B1,39,3,22.0,EW-LU,4
RL,B1,40,0,24.0,NS-SR,4
RL,B1,40,1,22.0,NS-LU,4
RL,B1,40,2,22.0,EW-SR,4
RL,B1,40,3,22.0,EW-LU,4
RL,B1,41,0,24.0,NS-SR,4
RL,B1,41,1,22.0,NS-LU,4
RL,B1,41,2,22.0,EW-SR,4
RL,B1,41,3,22.0,EW-LU,4
RL,B1,42,0,24.0,NS-SR,4
RL,B1,42,1,22.0,NS-LU,4
RL,B1,42,2,22.0,EW-SR,4
RL,B1,42,3,22.0,EW-LU,4
RL,B1,43,0,24.0,NS-SR,4
RL,B1,43,1,22.0,NS-LU,4
RL,B1,43,2,22.0,EW-SR,4
RL,B1,43,3,22.0,EW-LU,4
RL,B1,44,0,24.0,NS-SR,4
RL,B1,44,1,22.0,NS-LU,4
RL,B1,44,2,22.0,EW-SR,4
RL,B1,44,3,22.0,EW-LU,4
RL,B1,45,0,24.0,NS-SR,4
RL,B1,45,1,22.0,NS-LU,4
RL,B1,45,2,22.0,EW-SR,4
RL,B1,45,3,22.0,EW-LU,4
RL,B1,46,0,24.0,NS-SR,4
RL,B1,46,1,22.0,NS-LU,4
RL,B1,46,2,22.0,EW-SR,4
RL,B1,46,3,22.0,EW-LU,4
RL,B1,47,0,24.0,NS-SR,4
RL,B1,47,1,22.0,NS-LU,4
RL,B1,47,2,22.0,EW-SR,4
RL,B1,47,3,22.0,EW-LU,4
RL,B1,48,0,24.0,NS-SR,4
RL,B1,48,1,22.0,NS-LU,4
RL,B1,48,2,22.0,EW-SR,4
RL,B1,48,3,22.0,EW-LU,4
RL,B1,49,0,24.0,NS-SR,4
RL,B1,49,1,22.0,NS-LU,4
RL,B1,49,2,22.0,EW-SR,4
RL,B1,49,3,22.0,EW-LU,4
RL,B1,50,0,24.0,NS-SR,4
RL,B1,50,1,22.0,NS-LU,4
RL,B1,50,2,22.0,EW-SR,4
RL,B1,50,3,22.0,EW-LU,4
RL,B1,51,0,24.0,NS-SR,4
RL,B1,51,1,22.0,NS-LU,4
RL,B1,51,2,22.0,EW-SR,4
RL,B1,51,3,22.0,EW-LU,4
RL,B1,52,0,24.0,NS-SR,4
RL,B1,52,1,22.0,NS-LU,4
RL,B1,52,2,22.0,EW-SR,4
RL,B1,52,3,22.0,EW-LU,4
RL,B1,53,0,24.0,NS-SR,4
RL,B1,53,1,22.0,NS-LU,4
RL,B1,53,2,22.0,EW-SR,4
RL,B1,53,3,22.0,EW-LU,4
RL,B1,54,0,24.0,NS-SR,4
RL,B1,54,1,22.0,NS-LU,4
RL,B1,54,2,22.0,EW-SR,4
RL,B1,54,3,22.0,EW-LU,4
RL,B1,55,0,24.0,NS-SR,4
RL,B1,55,1,22.0,NS-LU,4
RL,B1,55,2,22.0,EW-SR,4
RL,B1,55,3,22.0,EW-LU,4
RL,B1,56,0,24.0,NS-SR,4
RL,B1,56,1,22.0,NS-LU,4
RL,B1,56,2,22.0,EW-SR,4
RL,B1,56,3,22.0,EW-LU,4
RL,B1,57,0,24.0,NS-SR,4
RL,B1,57,1,22.0,NS-LU,4
RL,B1,57,2,22.0,EW-SR,4
RL,B1,57,3,22.0,EW-LU,4
RL,B1,58,0,24.0,NS-SR,4
RL,B1,58,1,22.0,NS-LU,4
RL,B1,58,2,22.0,EW-SR,4
RL,B1,58,3,22.0,EW-LU,4
RL,B1,59,0,24.0,NS-SR,4
RL,B1,59,1,22.0,NS-LU,4
RL,B1,59,2,22.0,EW-SR,4
RL,B1,59,3,22.0,EW-LU,4
RL,B1,60,0,24.0,NS-SR,4
RL,B1,60,1,22.0,NS-LU,4
RL,B1,60,2,22.0,EW-SR,4
RL,B1,60,3,22.0,EW-LU,4
RL,B1,61,0,24.0,NS-SR,4
RL,B1,61,1,22.0,NS-LU,4
RL,B1,61,2,22.0,EW-SR,4
RL,B1,61,3,22.0,EW-LU,4
RL,B1,62,0,24.0,NS-SR,4
RL,B1,62,1,22.0,NS-LU,4
RL,B1,62,2,22.0,EW-SR,4
RL,B1,62,3,22.0,EW-LU,4
RL,B1,63,0,22.0,NS-SR,4
RL,B1,63,1,24.0,NS-LU,4
RL,B1,63,2,22.0,EW-SR,4
RL,B1,63,3,22.0,EW-LU,4
RL,B1,64,0,24.0,NS-SR,4
RL,B1,64,1,22.0,NS-LU,4
RL,B1,64,2,22.0,EW-SR,4
RL,B1,64,3,22.0,EW-LU,4
RL,B1,65,0,24.0,NS-SR,4
RL,B1,65,1,22.0,NS-LU,4
RL,B1,65,2,22.0,EW-SR,4
RL,B1,65,3,22.0,EW-LU,4
RL,B1,66,0,24.0,NS-SR,4
RL,B1,66,1,22.0,NS-LU,4
RL,B1,66,2,22.0,EW-SR,4
RL,B1,66,3,22.0,EW-LU,4
RL,B1,67,0,24.0,NS-SR,4
RL,B1,67,1,22.0,NS-LU,4
RL,B1,67,2,22.0,EW-SR,4
RL,B1,67,3,22.0,EW-LU,4
RL,B1,68,0,24.0,NS-SR,4
RL,B1,68,1,22.0,NS-LU,4
RL,B1,68,2,22.0,EW-SR,4
RL,B1,68,3,22.0,EW-LU,4
RL,B1,69,0,24.0,NS-SR,4
RL,B1,69,1,22.0,NS-LU,4
RL,B1,69,2,22.0,EW-SR,4
RL,B1,69,3,22.0,EW-LU,4
RL,B1,70,0,24.0,NS-SR,4
RL,B1,70,1,22.0,NS-LU,4
RL,B1,70,2,22.0,EW-SR,4
RL,B1,70,3,22.0,EW-LU,4
RL,B1,71,0,24.0,NS-SR,4
RL,B1,71,1,22.0,NS-LU,4
RL,B1,71,2,22.0,EW-SR,4
RL,B1,71,3,22.0,EW-LU,4
RL,B1,72,0,24.0,NS-SR,4
RL,B1,72,1,22.0,NS-LU,4
RL,B1,72,2,22.0,EW-SR,4
RL,B1,72,3,22.0,EW-LU,4
RL,B1,73,0,24.0,NS-SR,4
RL,B1,73,1,22.0,NS-LU,4
RL,B1,73,2,22.0,EW-SR,4
RL,B1,73,3,22.0,EW-LU,4
RL,B1,74,0,24.0,NS-SR,4
RL,B1,74,1,22.0,NS-LU,4
RL,B1,74,2,22.0,EW-SR,4
RL,B1,74,3,22.0,EW-LU,4
RL,B1,75,0,24.0,NS-SR,4
RL,B1,75,1,22.0,NS-LU,4
RL,B1,75,2,22.0,EW-SR,4
RL,B1,75,3,22.0,EW-LU,4
RL,B1,76,0,24.0,NS-SR,4
RL,B1,76,1,22.0,NS-LU,4
RL,B1,76,2,22.0,EW-SR,4
RL,B1,76,3,22.0,EW-LU,4
RL,B1,77,0,24.0,NS-SR,4
RL,B1,77,1,22.0,NS-LU,4
RL,B1,77,2,22.0,EW-SR,4
RL,B1,77,3,22.0,EW-LU,4
RL,B1,78,0,24.0,NS-SR,4
RL,B1,78,1,22.0,NS-LU,4
RL,B1,78,2,22.0,EW-SR,4
RL,B1,78,3,22.0,EW-LU,4
RL,B1,79,0,24.0,NS-SR,4
RL,B1,79,1,22.0,NS-LU,4
RL,B1,79,2,22.0,EW-SR,4
RL,B1,79,3,22.0,EW-LU,4
RL,B1,80,0,24.0,NS-SR,4
RL,B1,80,1,22.0,NS-LU,4
RL,B1,80,2,22.0,EW-SR,4
RL,B1,80,3,22.0,EW-LU,4
RL,C4,0,0,36.0,NS-SR,4
RL,C4,0,1,10.0,NS-LU,4
RL,C4,0,2,34.0,EW-SR,4
RL,C4,0,3,10.0,EW-LU,4
RL,C4,1,0,47.0,NS-SR,4
RL,C4,1,1,11.0,NS-LU,4
RL,C4,1,2,21.0,EW-SR,4
RL,C4,1,3,11.0,EW-LU,4
RL,C4,2,0,53.0,NS-SR,4
RL,C4,2,1,11.0,NS-LU,4
RL,C4,2,2,15.0,EW-SR,4
RL,C4,2,3,11.0,EW-LU,4
RL,C4,3,0,55.0,NS-SR,4
RL,C4,3,1,11.0,NS-LU,4
RL,C4,3,2,13.0,EW-SR,4
RL,C4,3,3,11.0,EW-LU,4
RL,C4,4,0,57.0,NS-SR,4
RL,C4,4,1,11.0,NS-LU,4
RL,C4,4,2,11.0,EW-SR,4
RL,C4,4,3,11.0,EW-LU,4
RL,C4,5,0,57.0,NS-SR,4
RL,C4,5,1,11.0,NS-LU,4
RL,C4,5,2,11.0,EW-SR,4
RL,C4,5,3,11.0,EW-LU,4
RL,C4,6,0,60.0,NS-SR,4
RL,C4,6,1,10.0,NS-LU,4
RL,C4,6,2,10.0,EW-SR,4
RL,C4,6,3,10.0,EW-LU,4
RL,C4,7,0,57.0,NS-SR,4
RL,C4,7,1,11.0,NS-LU,4
RL,C4,7,2,11.0,EW-SR,4
RL,C4,7,3,11.0,EW-LU,4
RL,C4,8,0,59.0,NS-SR,4
RL,C4,8,1,10.0,NS-LU,4
RL,C4,8,2,11.0,EW-SR,4
RL,C4,8,3,10.0,EW-LU,4
RL,C4,9,0,59.0,NS-SR,4
RL,C4,9,1,10.0,NS-LU,4
RL,C4,9,2,11.0,EW-SR,4
RL,C4,9,3,10.0,EW-LU,4
RL,C4,10,0,57.0,NS-SR,4
RL,C4,10,1,11.0,NS-LU,4
RL,C4,10,2,11.0,EW-SR,4
RL,C4,10,3,11.0,EW-LU,4
RL,C4,11,0,57.0,NS-SR,4
RL,C4,11,1,11.0,NS-LU,4
RL,C4,11,2,11.0,EW-SR,4
RL,C4,11,3,11.0,EW-LU,4
RL,C4,12,0,60.0,NS-SR,4
RL,C4,12,1,10.0,NS-LU,4
RL,C4,12,2,10.0,EW-SR,4
RL,C4,12,3,10.0,EW-LU,4
RL,C4,13,0,57.0,NS-SR,4
RL,C4,13,1,11.0,NS-LU,4
RL,C4,13,2,11.0,EW-SR,4
RL,C4,13,3,11.0,EW-LU,4
RL,C4,14,0,60.0,NS-SR,4
RL,C4,14,1,10.0,NS-LU,4
RL,C4,14,2,10.0,EW-SR,4
RL,C4,14,3,10.0,EW-LU,4
RL,C4,15,0,60.0,NS-SR,4
RL,C4,15,1,10.0,NS-LU,4
RL,C4,15,2,10.0,EW-SR,4
RL,C4,15,3,10.0,EW-LU,4
RL,C4,16,0,60.0,NS-SR,4
RL,C4,16,1,10.0,NS-LU,4
RL,C4,16,2,10.0,EW-SR,4
RL,C4,16,3,10.0,EW-LU,4
RL,C4,17,0,60.0,NS-SR,4
RL,C4,17,1,10.0,NS-LU,4
RL,C4,17,2,10.0,EW-SR,4
RL,C4,17,3,10.0,EW-LU,4
RL,C4,18,0,60.0,NS-SR,4
RL,C4,18,1,10.0,NS-LU,4
RL,C4,18,2,10.0,EW-SR,4
RL,C4,18,3,10.0,EW-LU,4
RL,C4,19,0,60.0,NS-SR,4
RL,C4,19,1,10.0,NS-LU,4
RL,C4,19,2,10.0,EW-SR,4
RL,C4,19,3,10.0,EW-LU,4
RL,C4,20,0,57.0,NS-SR,4
RL,C4,20,1,11.0,NS-LU,4
RL,C4,20,2,11.0,EW-SR,4
RL,C4,20,3,11.0,EW-LU,4
RL,C4,21,0,60.0,NS-SR,4
RL,C4,21,1,10.0,NS-LU,4
RL,C4,21,2,10.0,EW-SR,4
RL,C4,21,3,10.0,EW-LU,4
RL,C4,22,0,60.0,NS-SR,4
RL,C4,22,1,10.0,NS-LU,4
RL,C4,22,2,10.0,EW-SR,4
RL,C4,22,3,10.0,EW-LU,4
RL,C4,23,0,60.0,NS-SR,4
RL,C4,23,1,10.0,NS-LU,4
RL,C4,23,2,10.0,EW-SR,4
RL,C4,23,3,10.0,EW-LU,4
RL,C4,24,0,57.0,NS-SR,4
RL,C4,24,1,11.0,NS-LU,4
RL,C4,24,2,11.0,EW-SR,4
RL,C4,24,3,11.0,EW-LU,4
RL,C4,25,0,60.0,NS-SR,4
RL,C4,25,1,10.0,NS-LU,4
RL,C4,25,2,10.0,EW-SR,4
RL,C4,25,3,10.0,EW-LU,4
RL,C4,26,0,60.0,NS-SR,4
RL,C4,26,1,10.0,NS-LU,4
RL,C4,26,2,10.0,EW-SR,4
RL,C4,26,3,10.0,EW-LU,4
RL,C4,27,0,60.0,NS-SR,4
RL,C4,27,1,10.0,NS-LU,4
RL,C4,27,2,10.0,EW-SR,4
RL,C4,27,3,10.0,EW-LU,4
RL,C4,28,0,60.0,NS-SR,4
RL,C4,28,1,10.0,NS-LU,4
RL,C4,28,2,10.0,EW-SR,4
RL,C4,28,3,10.0,EW-LU,4
RL,C4,29,0,60.0,NS-SR,4
RL,C4,29,1,10.0,NS-LU,4
RL,C4,29,2,10.0,EW-SR,4
RL,C4,29,3,10.0,EW-LU,4
RL,C4,30,0,60.0,NS-SR,4
RL,C4,30,1,10.0,NS-LU,4
RL,C4,30,2,10.0,EW-SR,4
RL,C4,30,3,10.0,EW-LU,4
RL,C4,31,0,60.0,NS-SR,4
RL,C4,31,1,10.0,NS-LU,4
RL,C4,31,2,10.0,EW-SR,4
RL,C4,31,3,10.0,EW-LU,4
RL,C4,32,0,60.0,NS-SR,4
RL,C4,32,1,10.0,NS-LU,4
RL,C4,32,2,10.0,EW-SR,4
RL,C4,32,3,10.0,EW-LU,4
RL,C4,33,0,57.0,NS-SR,4
RL,C4,33,1,11.0,NS-LU,4
RL,C4,33,2,11.0,EW-SR,4
RL,C4,33,3,11.0,EW-LU,4
RL,C4,34,0,57.0,NS-SR,4
RL,C4,34,1,11.0,NS-LU,4
RL,C4,34,2,11.0,EW-SR,4
RL,C4,34,3,11.0,EW-LU,4
RL,C4,35,0,57.0,NS-SR,4
RL,C4,35,1,11.0,NS-LU,4
RL,C4,35,2,11.0,EW-SR,4
RL,C4,35,3,11.0,EW-LU,4
RL,C4,36,0,60.0,NS-SR,4
RL,C4,36,1,10.0,NS-LU,4
RL,C4,36,2,10.0,EW-SR,4
RL,C4,36,3,10.0,EW-LU,4
RL,C4,37,0,60.0,NS-SR,4
RL,C4,37,1,10.0,NS-LU,4
RL,C4,37,2,10.0,EW-SR,4
RL,C4,37,3,10.0,EW-LU,4
RL,C4,38,0,57.0,NS-SR,4
RL,C4,38,1,11.0,NS-LU,4
RL,C4,38,2,11.0,EW-SR,4
RL,C4,38,3,11.0,EW-LU,4
RL,C4,39,0,57.0,NS-SR,4
RL,C4,39,1,11.0,NS-LU,4
RL,C4,39,2,11.0,EW-SR,4
RL,C4,39,3,11.0,EW-LU,4
RL,C4,40,0,57.0,NS-SR,4
RL,C4,40,1,11.0,NS-LU,4
RL,C4,40,2,11.0,EW-SR,4
RL,C4,40,3,11.0,EW-LU,4
RL,C4,41,0,57.0,NS-SR,4
RL,C4,41,1,11.0,NS-LU,4
RL,C4,41,2,11.0,EW-SR,4
RL,C4,41,3,11.0,EW-LU,4
RL,C4,42,0,57.0,NS-SR,4
RL,C4,42,1,11.0,NS-LU,4
RL,C4,42,2,11.0,EW-SR,4
RL,C4,42,3,11.0,EW-LU,4
RL,C4,43,0,57.0,NS-SR,4
RL,C4,43,1,11.0,NS-LU,4
RL,C4,43,2,11.0,EW-SR,4
RL,C4,43,3,11.0,EW-LU,4
RL,C4,44,0,57.0,NS-SR,4
RL,C4,44,1,11.0,NS-LU,4
RL,C4,44,2,11.0,EW-SR,4
RL,C4,44,3,11.0,EW-LU,4
RL,C4,45,0,57.0,NS-SR,4
RL,C4,45,1,11.0,NS-LU,4
RL,C4,45,2,11.0,EW-SR,4
RL,C4,45,3,11.0,EW-LU,4
RL,C4,46,0,57.0,NS-SR,4
RL,C4,46,1,11.0,NS-LU,4
RL,C4,46,2,11.0,EW-SR,4
RL,C4,46,3,11.0,EW-LU,4
RL,C4,47,0,57.0,NS-SR,4
RL,C4,47,1,11.0,NS-LU,4
RL,C4,47,2,11.0,EW-SR,4
RL,C4,47,3,11.0,EW-LU,4
RL,C4,48,0,57.0,NS-SR,4
RL,C4,48,1,11.0,NS-LU,4
RL,C4,48,2,11.0,EW-SR,4
RL,C4,48,3,11.0,EW-LU,4
RL,C4,49,0,57.0,NS-SR,4
RL,C4,49,1,11.0,NS-LU,4
RL,C4,49,2,11.0,EW-SR,4
RL,C4,49,3,11.0,EW-LU,4
RL,C4,50,0,60.0,NS-SR,4
RL,C4,50,1,10.0,NS-LU,4
RL,C4,50,2,10.0,EW-SR,4
RL,C4,50,3,10.0,EW-LU,4
RL,C4,51,0,57.0,NS-SR,4
RL,C4,51,1,11.0,NS-LU,4
RL,C4,51,2,11.0,EW-SR,4
RL,C4,51,3,11.0,EW-LU,4
RL,C4,52,0,57.0,NS-SR,4
RL,C4,52,1,11.0,NS-LU,4
RL,C4,52,2,11.0,EW-SR,4
RL,C4,52,3,11.0,EW-LU,4
RL,C4,53,0,57.0,NS-SR,4
RL,C4,53,1,11.0,NS-LU,4
RL,C4,53,2,11.0,EW-SR,4
RL,C4,53,3,11.0,EW-LU,4
RL,C4,54,0,57.0,NS-SR,4
RL,C4,54,1,11.0,NS-LU,4
RL,C4,54,2,11.0,EW-SR,4
RL,C4,54,3,11.0,EW-LU,4
RL,C4,55,0,57.0,NS-SR,4
RL,C4,55,1,11.0,NS-LU,4
RL,C4,55,2,11.0,EW-SR,4
RL,C4,55,3,11.0,EW-LU,4
RL,C4,56,0,57.0,NS-SR,4
RL,C4,56,1,11.0,NS-LU,4
RL,C4,56,2,11.0,EW-SR,4
RL,C4,56,3,11.0,EW-LU,4
RL,C4,57,0,57.0,NS-SR,4
RL,C4,57,1,11.0,NS-LU,4
RL,C4,57,2,11.0,EW-SR,4
RL,C4,57,3,11.0,EW-LU,4
RL,C4,58,0,57.0,NS-SR,4
RL,C4,58,1,11.0,NS-LU,4
RL,C4,58,2,11.0,EW-SR,4
RL,C4,58,3,11.0,EW-LU,4
RL,C4,59,0,57.0,NS-SR,4
RL,C4,59,1,11.0,NS-LU,4
RL,C4,59,2,11.0,EW-SR,4
RL,C4,59,3,11.0,EW-LU,4
RL,C4,60,0,57.0,NS-SR,4
RL,C4,60,1,11.0,NS-LU,4
RL,C4,60,2,11.0,EW-SR,4
RL,C4,60,3,11.0,EW-LU,4
RL,C4,61,0,57.0,NS-SR,4
RL,C4,61,1,11.0,NS-LU,4
RL,C4,61,2,11.0,EW-SR,4
RL,C4,61,3,11.0,EW-LU,4
RL,C4,62,0,57.0,NS-SR,4
RL,C4,62,1,11.0,NS-LU,4
RL,C4,62,2,11.0,EW-SR,4
RL,C4,62,3,11.0,EW-LU,4
RL,C4,63,0,57.0,NS-SR,4
RL,C4,63,1,11.0,NS-LU,4
RL,C4,63,2,11.0,EW-SR,4
RL,C4,63,3,11.0,EW-LU,4
RL,C4,64,0,57.0,NS-SR,4
RL,C4,64,1,11.0,NS-LU,4
RL,C4,64,2,11.0,EW-SR,4
RL,C4,64,3,11.0,EW-LU,4
RL,C4,65,0,60.0,NS-SR,4
RL,C4,65,1,10.0,NS-LU,4
RL,C4,65,2,10.0,EW-SR,4
RL,C4,65,3,10.0,EW-LU,4
RL,C4,66,0,57.0,NS-SR,4
RL,C4,66,1,11.0,NS-LU,4
RL,C4,66,2,11.0,EW-SR,4
RL,C4,66,3,11.0,EW-LU,4
RL,C4,67,0,57.0,NS-SR,4
RL,C4,67,1,11.0,NS-LU,4
RL,C4,67,2,11.0,EW-SR,4
RL,C4,67,3,11.0,EW-LU,4
RL,C4,68,0,57.0,NS-SR,4
RL,C4,68,1,11.0,NS-LU,4
RL,C4,68,2,11.0,EW-SR,4
RL,C4,68,3,11.0,EW-LU,4
RL,C4,69,0,60.0,NS-SR,4
RL,C4,69,1,10.0,NS-LU,4
RL,C4,69,2,10.0,EW-SR,4
RL,C4,69,3,10.0,EW-LU,4
RL,C4,70,0,60.0,NS-SR,4
RL,C4,70,1,10.0,NS-LU,4
RL,C4,70,2,10.0,EW-SR,4
RL,C4,70,3,10.0,EW-LU,4
RL,C4,71,0,57.0,NS-SR,4
RL,C4,71,1,11.0,NS-LU,4
RL,C4,71,2,11.0,EW-SR,4
RL,C4,71,3,11.0,EW-LU,4
RL,C4,72,0,57.0,NS-SR,4
RL,C4,72,1,11.0,NS-LU,4
RL,C4,72,2,11.0,EW-SR,4
RL,C4,72,3,11.0,EW-LU,4
RL,C4,73,0,57.0,NS-SR,4
RL,C4,73,1,11.0,NS-LU,4
RL,C4,73,2,11.0,EW-SR,4
RL,C4,73,3,11.0,EW-LU,4
RL,C4,74,0,57.0,NS-SR,4
RL,C4,74,1,11.0,NS-LU,4
RL,C4,74,2,11.0,EW-SR,4
RL,C4,74,3,11.0,EW-LU,4
RL,C4,75,0,57.0,NS-SR,4
RL,C4,75,1,11.0,NS-LU,4
RL,C4,75,2,11.0,EW-SR,4
RL,C4,75,3,11.0,EW-LU,4
RL,C4,76,0,57.0,NS-SR,4
RL,C4,76,1,11.0,NS-LU,4
RL,C4,76,2,11.0,EW-SR,4
RL,C4,76,3,11.0,EW-LU,4
RL,C4,77,0,57.0,NS-SR,4
RL,C4,77,1,11.0,NS-LU,4
RL,C4,77,2,11.0,EW-SR,4
RL,C4,77,3,11.0,EW-LU,4
RL,C4,78,0,57.0,NS-SR,4
RL,C4,78,1,11.0,NS-LU,4
RL,C4,78,2,11.0,EW-SR,4
RL,C4,78,3,11.0,EW-LU,4
RL,C4,79,0,57.0,NS-SR,4
RL,C4,79,1,11.0,NS-LU,4
RL,C4,79,2,11.0,EW-SR,4
RL,C4,79,3,11.0,EW-LU,4
RL,C4,80,0,57.0,NS-SR,4
RL,C4,80,1,11.0,NS-LU,4
RL,C4,80,2,11.0,EW-SR,4
RL,C4,80,3,11.0,EW-LU,4
RL,F2,0,0,53.0,NS-SR,4
RL,F2,0,1,12.0,NS-LU,4
RL,F2,0,2,13.0,EW-SR,4
RL,F2,0,3,12.0,EW-LU,4
RL,F2,1,0,60.0,NS-SR,4
RL,F2,1,1,10.0,NS-LU,4
RL,F2,1,2,10.0,EW-SR,4
RL,F2,1,3,10.0,EW-LU,4
RL,F2,2,0,60.0,NS-SR,4
RL,F2,2,1,10.0,NS-LU,4
RL,F2,2,2,10.0,EW-SR,4
RL,F2,2,3,10.0,EW-LU,4
RL,F2,3,0,60.0,NS-SR,4
RL,F2,3,1,10.0,NS-LU,4
RL,F2,3,2,10.0,EW-SR,4
RL,F2,3,3,10.0,EW-LU,4
RL,F2,4,0,60.0,NS-SR,4
RL,F2,4,1,10.0,NS-LU,4
RL,F2,4,2,10.0,EW-SR,4
RL,F2,4,3,10.0,EW-LU,4
RL,F2,5,0,60.0,NS-SR,4
RL,F2,5,1,10.0,NS-LU,4
RL,F2,5,2,10.0,EW-SR,4
RL,F2,5,3,10.0,EW-LU,4
RL,F2,6,0,60.0,NS-SR,4
RL,F2,6,1,10.0,NS-LU,4
RL,F2,6,2,10.0,EW-SR,4
RL,F2,6,3,10.0,EW-LU,4
RL,F2,7,0,60.0,NS-SR,4
RL,F2,7,1,10.0,NS-LU,4
RL,F2,7,2,10.0,EW-SR,4
RL,F2,7,3,10.0,EW-LU,4
RL,F2,8,0,60.0,NS-SR,4
RL,F2,8,1,10.0,NS-LU,4
RL,F2,8,2,10.0,EW-SR,4
RL,F2,8,3,10.0,EW-LU,4
RL,F2,9,0,60.0,NS-SR,4
RL,F2,9,1,10.0,NS-LU,4
RL,F2,9,2,10.0,EW-SR,4
RL,F2,9,3,10.0,EW-LU,4
RL,F2,10,0,60.0,NS-SR,4
RL,F2,10,1,10.0,NS-LU,4
RL,F2,10,2,10.0,EW-SR,4
RL,F2,10,3,10.0,EW-LU,4
RL,F2,11,0,60.0,NS-SR,4
RL,F2,11,1,10.0,NS-LU,4
RL,F2,11,2,10.0,EW-SR,4
RL,F2,11,3,10.0,EW-LU,4
RL,F2,12,0,60.0,NS-SR,4
RL,F2,12,1,10.0,NS-LU,4
RL,F2,12,2,10.0,EW-SR,4
RL,F2,12,3,10.0,EW-LU,4
RL,F2,13,0,60.0,NS-SR,4
RL,F2,13,1,10.0,NS-LU,4
RL,F2,13,2,10.0,EW-SR,4
RL,F2,13,3,10.0,EW-LU,4
RL,F2,14,0,60.0,NS-SR,4
RL,F2,14,1,10.0,NS-LU,4
RL,F2,14,2,10.0,EW-SR,4
RL,F2,14,3,10.0,EW-LU,4
RL,F2,15,0,60.0,NS-SR,4
RL,F2,15,1,10.0,NS-LU,4
RL,F2,15,2,10.0,EW-SR,4
RL,F2,15,3,10.0,EW-LU,4
RL,F2,16,0,60.0,NS-SR,4
RL,F2,16,1,10.0,NS-LU,4
RL,F2,16,2,10.0,EW-SR,4
RL,F2,16,3,10.0,EW-LU,4
RL,F2,17,0,60.0,NS-SR,4
RL,F2,17,1,10.0,NS-LU,4
RL,F2,17,2,10.0,EW-SR,4
RL,F2,17,3,10.0,EW-LU,4
RL,F2,18,0,60.0,NS-SR,4
RL,F2,18,1,10.0,NS-LU,4
RL,F2,18,2,10.0,EW-SR,4
RL,F2,18,3,10.0,EW-LU,4
RL,F2,19,0,60.0,NS-SR,4
RL,F2,19,1,10.0,NS-LU,4
RL,F2,19,2,10.0,EW-SR,4
RL,F2,19,3,10.0,EW-LU,4
RL,F2,20,0,60.0,NS-SR,4
RL,F2,20,1,10.0,NS-LU,4
RL,F2,20,2,10.0,EW-SR,4
RL,F2,20,3,10.0,EW-LU,4
RL,F2,21,0,60.0,NS-SR,4
RL,F2,21,1,10.0,NS-LU,4
RL,F2,21,2,10.0,EW-SR,4
RL,F2,21,3,10.0,EW-LU,4
RL,F2,22,0,60.0,NS-SR,4
RL,F2,22,1,10.0,NS-LU,4
RL,F2,22,2,10.0,EW-SR,4
RL,F2,22,3,10.0,EW-LU,4
RL,F2,23,0,60.0,NS-SR,4
RL,F2,23,1,10.0,NS-LU,4
RL,F2,23,2,10.0,EW-SR,4
RL,F2,23,3,10.0,EW-LU,4
RL,F2,24,0,60.0,NS-SR,4
RL,F2,24,1,10.0,NS-LU,4
RL,F2,24,2,10.0,EW-SR,4
RL,F2,24,3,10.0,EW-LU,4
RL,F2,25,0,60.0,NS-SR,4
RL,F2,25,1,10.0,NS-LU,4
RL,F2,25,2,10.0,EW-SR,4
RL,F2,25,3,10.0,EW-LU,4
RL,F2,26,0,60.0,NS-SR,4
RL,F2,26,1,10.0,NS-LU,4
RL,F2,26,2,10.0,EW-SR,4
RL,F2,26,3,10.0,EW-LU,4
RL,F2,27,0,60.0,NS-SR,4
RL,F2,27,1,10.0,NS-LU,4
RL,F2,27,2,10.0,EW-SR,4
RL,F2,27,3,10.0,EW-LU,4
RL,F2,28,0,60.0,NS-SR,4
RL,F2,28,1,10.0,NS-LU,4
RL,F2,28,2,10.0,EW-SR,4
RL,F2,28,3,10.0,EW-LU,4
RL,F2,29,0,60.0,NS-SR,4
RL,F2,29,1,10.0,NS-LU,4
RL,F2,29,2,10.0,EW-SR,4
RL,F2,29,3,10.0,EW-LU,4
RL,F2,30,0,60.0,NS-SR,4
RL,F2,30,1,10.0,NS-LU,4
RL,F2,30,2,10.0,EW-SR,4
RL,F2,30,3,10.0,EW-LU,4
RL,F2,31,0,60.0,NS-SR,4
RL,F2,31,1,10.0,NS-LU,4
RL,F2,31,2,10.0,EW-SR,4
RL,F2,31,3,10.0,EW-LU,4
RL,F2,32,0,60.0,NS-SR,4
RL,F2,32,1,10.0,NS-LU,4
RL,F2,32,2,10.0,EW-SR,4
RL,F2,32,3,10.0,EW-LU,4
RL,F2,33,0,60.0,NS-SR,4
RL,F2,33,1,10.0,NS-LU,4
RL,F2,33,2,10.0,EW-SR,4
RL,F2,33,3,10.0,EW-LU,4
RL,F2,34,0,60.0,NS-SR,4
RL,F2,34,1,10.0,NS-LU,4
RL,F2,34,2,10.0,EW-SR,4
RL,F2,34,3,10.0,EW-LU,4
RL,F2,35,0,60.0,NS-SR,4
RL,F2,35,1,10.0,NS-LU,4
RL,F2,35,2,10.0,EW-SR,4
RL,F2,35,3,10.0,EW-LU,4
RL,F2,36,0,60.0,NS-SR,4
RL,F2,36,1,10.0,NS-LU,4
RL,F2,36,2,10.0,EW-SR,4
RL,F2,36,3,10.0,EW-LU,4
RL,F2,37,0,60.0,NS-SR,4
RL,F2,37,1,10.0,NS-LU,4
RL,F2,37,2,10.0,EW-SR,4
RL,F2,37,3,10.0,EW-LU,4
RL,F2,38,0,60.0,NS-SR,4
RL,F2,38,1,10.0,NS-LU,4
RL,F2,38,2,10.0,EW-SR,4
RL,F2,38,3,10.0,EW-LU,4
RL,F2,39,0,60.0,NS-SR,4
RL,F2,39,1,10.0,NS-LU,4
RL,F2,39,2,10.0,EW-SR,4
RL,F2,39,3,10.0,EW-LU,4
RL,F2,40,0,60.0,NS-SR,4
RL,F2,40,1,10.0,NS-LU,4
RL,F2,40,2,10.0,EW-SR,4
RL,F2,40,3,10.0,EW-LU,4
RL,F2,41,0,60.0,NS-SR,4
RL,F2,41,1,10.0,NS-LU,4
RL,F2,41,2,10.0,EW-SR,4
RL,F2,41,3,10.0,EW-LU,4
RL,F2,42,0,60.0,NS-SR,4
RL,F2,42,1,10.0,NS-LU,4
RL,F2,42,2,10.0,EW-SR,4
RL,F2,42,3,10.0,EW-LU,4
RL,F2,43,0,60.0,NS-SR,4
RL,F2,43,1,10.0,NS-LU,4
RL,F2,43,2,10.0,EW-SR,4
RL,F2,43,3,10.0,EW-LU,4
RL,F2,44,0,60.0,NS-SR,4
RL,F2,44,1,10.0,NS-LU,4
RL,F2,44,2,10.0,EW-SR,4
RL,F2,44,3,10.0,EW-LU,4
RL,F2,45,0,60.0,NS-SR,4
RL,F2,45,1,10.0,NS-LU,4
RL,F2,45,2,10.0,EW-SR,4
RL,F2,45,3,10.0,EW-LU,4
RL,F2,46,0,60.0,NS-SR,4
RL,F2,46,1,10.0,NS-LU,4
RL,F2,46,2,10.0,EW-SR,4
RL,F2,46,3,10.0,EW-LU,4
RL,F2,47,0,60.0,NS-SR,4
RL,F2,47,1,10.0,NS-LU,4
RL,F2,47,2,10.0,EW-SR,4
RL,F2,47,3,10.0,EW-LU,4
RL,F2,48,0,60.0,NS-SR,4
RL,F2,48,1,10.0,NS-LU,4
RL,F2,48,2,10.0,EW-SR,4
RL,F2,48,3,10.0,EW-LU,4
RL,F2,49,0,60.0,NS-SR,4
RL,F2,49,1,10.0,NS-LU,4
RL,F2,49,2,10.0,EW-SR,4
RL,F2,49,3,10.0,EW-LU,4
RL,F2,50,0,60.0,NS-SR,4
RL,F2,50,1,10.0,NS-LU,4
RL,F2,50,2,10.0,EW-SR,4
RL,F2,50,3,10.0,EW-LU,4
RL,F2,51,0,60.0,NS-SR,4
RL,F2,51,1,10.0,NS-LU,4
RL,F2,51,2,10.0,EW-SR,4
RL,F2,51,3,10.0,EW-LU,4
RL,F2,52,0,60.0,NS-SR,4
RL,F2,52,1,10.0,NS-LU,4
RL,F2,52,2,10.0,EW-SR,4
RL,F2,52,3,10.0,EW-LU,4
RL,F2,53,0,60.0,NS-SR,4
RL,F2,53,1,10.0,NS-LU,4
RL,F2,53,2,10.0,EW-SR,4
RL,F2,53,3,10.0,EW-LU,4
RL,F2,54,0,60.0,NS-SR,4
RL,F2,54,1,10.0,NS-LU,4
RL,F2,54,2,10.0,EW-SR,4
RL,F2,54,3,10.0,EW-LU,4
RL,F2,55,0,60.0,NS-SR,4
RL,F2,55,1,10.0,NS-LU,4
RL,F2,55,2,10.0,EW-SR,4
RL,F2,55,3,10.0,EW-LU,4
RL,F2,56,0,60.0,NS-SR,4
RL,F2,56,1,10.0,NS-LU,4
RL,F2,56,2,10.0,EW-SR,4
RL,F2,56,3,10.0,EW-LU,4
RL,F2,57,0,60.0,NS-SR,4
RL,F2,57,1,10.0,NS-LU,4
RL,F2,57,2,10.0,EW-SR,4
RL,F2,57,3,10.0,EW-LU,4
RL,F2,58,0,60.0,NS-SR,4
RL,F2,58,1,10.0,NS-LU,4
RL,F2,58,2,10.0,EW-SR,4
RL,F2,58,3,10.0,EW-LU,4
RL,F2,59,0,60.0,NS-SR,4
RL,F2,59,1,10.0,NS-LU,4
RL,F2,59,2,10.0,EW-SR,4
RL,F2,59,3,10.0,EW-LU,4
RL,F2,60,0,60.0,NS-SR,4
RL,F2,60,1,10.0,NS-LU,4
RL,F2,60,2,10.0,EW-SR,4
RL,F2,60,3,10.0,EW-LU,4
RL,F2,61,0,60.0,NS-SR,4
RL,F2,61,1,10.0,NS-LU,4
RL,F2,61,2,10.0,EW-SR,4
RL,F2,61,3,10.0,EW-LU,4
RL,F2,62,0,60.0,NS-SR,4
RL,F2,62,1,10.0,NS-LU,4
RL,F2,62,2,10.0,EW-SR,4
RL,F2,62,3,10.0,EW-LU,4
RL,F2,63,0,60.0,NS-SR,4
RL,F2,63,1,10.0,NS-LU,4
RL,F2,63,2,10.0,EW-SR,4
RL,F2,63,3,10.0,EW-LU,4
RL,F2,64,0,60.0,NS-SR,4
RL,F2,64,1,10.0,NS-LU,4
RL,F2,64,2,10.0,EW-SR,4
RL,F2,64,3,10.0,EW-LU,4
RL,F2,65,0,60.0,NS-SR,4
RL,F2,65,1,10.0,NS-LU,4
RL,F2,65,2,10.0,EW-SR,4
RL,F2,65,3,10.0,EW-LU,4
RL,F2,66,0,60.0,NS-SR,4
RL,F2,66,1,10.0,NS-LU,4
RL,F2,66,2,10.0,EW-SR,4
RL,F2,66,3,10.0,EW-LU,4
RL,F2,67,0,60.0,NS-SR,4
RL,F2,67,1,10.0,NS-LU,4
RL,F2,67,2,10.0,EW-SR,4
RL,F2,67,3,10.0,EW-LU,4
RL,F2,68,0,60.0,NS-SR,4
RL,F2,68,1,10.0,NS-LU,4
RL,F2,68,2,10.0,EW-SR,4
RL,F2,68,3,10.0,EW-LU,4
RL,F2,69,0,60.0,NS-SR,4
RL,F2,69,1,10.0,NS-LU,4
RL,F2,69,2,10.0,EW-SR,4
RL,F2,69,3,10.0,EW-LU,4
RL,F2,70,0,60.0,NS-SR,4
RL,F2,70,1,10.0,NS-LU,4
RL,F2,70,2,10.0,EW-SR,4
RL,F2,70,3,10.0,EW-LU,4
RL,F2,71,0,60.0,NS-SR,4
RL,F2,71,1,10.0,NS-LU,4
RL,F2,71,2,10.0,EW-SR,4
RL,F2,71,3,10.0,EW-LU,4
RL,F2,72,0,60.0,NS-SR,4
RL,F2,72,1,10.0,NS-LU,4
RL,F2,72,2,10.0,EW-SR,4
RL,F2,72,3,10.0,EW-LU,4
RL,F2,73,0,60.0,NS-SR,4
RL,F2,73,1,10.0,NS-LU,4
RL,F2,73,2,10.0,EW-SR,4
RL,F2,73,3,10.0,EW-LU,4
RL,F2,74,0,60.0,NS-SR,4
RL,F2,74,1,10.0,NS-LU,4
RL,F2,74,2,10.0,EW-SR,4
RL,F2,74,3,10.0,EW-LU,4
RL,F2,75,0,60.0,NS-SR,4
RL,F2,75,1,10.0,NS-LU,4
RL,F2,75,2,10.0,EW-SR,4
RL,F2,75,3,10.0,EW-LU,4
RL,F2,76,0,60.0,NS-SR,4
RL,F2,76,1,10.0,NS-LU,4
RL,F2,76,2,10.0,EW-SR,4
RL,F2,76,3,10.0,EW-LU,4
RL,F2,77,0,60.0,NS-SR,4
RL,F2,77,1,10.0,NS-LU,4
RL,F2,77,2,10.0,EW-SR,4
RL,F2,77,3,10.0,EW-LU,4
RL,F2,78,0,60.0,NS-SR,4
RL,F2,78,1,10.0,NS-LU,4
RL,F2,78,2,10.0,EW-SR,4
RL,F2,78,3,10.0,EW-LU,4
RL,F2,79,0,60.0,NS-SR,4
RL,F2,79,1,10.0,NS-LU,4
RL,F2,79,2,10.0,EW-SR,4
RL,F2,79,3,10.0,EW-LU,4
RL,F2,80,0,60.0,NS-SR,4
RL,F2,80,1,10.0,NS-LU,4
RL,F2,80,2,10.0,EW-SR,4
RL,F2,80,3,10.0,EW-LU,4
RL,F1,0,0,22.0,NS-SR,4
RL,F1,0,1,17.0,NS-LU,4
RL,F1,0,2,36.0,EW-SR,4
RL,F1,0,3,15.0,EW-LU,4
RL,F1,1,0,24.0,NS-SR,4
RL,F1,1,1,22.0,NS-LU,4
RL,F1,1,2,22.0,EW-SR,4
RL,F1,1,3,22.0,EW-LU,4
RL,F1,2,0,24.0,NS-SR,4
RL,F1,2,1,22.0,NS-LU,4
RL,F1,2,2,22.0,EW-SR,4
RL,F1,2,3,22.0,EW-LU,4
RL,F1,3,0,24.0,NS-SR,4
RL,F1,3,1,22.0,NS-LU,4
RL,F1,3,2,22.0,EW-SR,4
RL,F1,3,3,22.0,EW-LU,4
RL,F1,4,0,24.0,NS-SR,4
RL,F1,4,1,22.0,NS-LU,4
RL,F1,4,2,22.0,EW-SR,4
RL,F1,4,3,22.0,EW-LU,4
RL,F1,5,0,24.0,NS-SR,4
RL,F1,5,1,22.0,NS-LU,4
RL,F1,5,2,22.0,EW-SR,4
RL,F1,5,3,22.0,EW-LU,4
RL,F1,6,0,24.0,NS-SR,4
RL,F1,6,1,22.0,NS-LU,4
RL,F1,6,2,22.0,EW-SR,4
RL,F1,6,3,22.0,EW-LU,4
RL,F1,7,0,24.0,NS-SR,4
RL,F1,7,1,22.0,NS-LU,4
RL,F1,7,2,22.0,EW-SR,4
RL,F1,7,3,22.0,EW-LU,4
RL,F1,8,0,24.0,NS-SR,4
RL,F1,8,1,22.0,NS-LU,4
RL,F1,8,2,22.0,EW-SR,4
RL,F1,8,3,22.0,EW-LU,4
RL,F1,9,0,24.0,NS-SR,4
RL,F1,9,1,22.0,NS-LU,4
RL,F1,9,2,22.0,EW-SR,4
RL,F1,9,3,22.0,EW-LU,4
RL,F1,10,0,24.0,NS-SR,4
RL,F1,10,1,22.0,NS-LU,4
RL,F1,10,2,22.0,EW-SR,4
RL,F1,10,3,22.0,EW-LU,4
RL,F1,11,0,24.0,NS-SR,4
RL,F1,11,1,22.0,NS-LU,4
RL,F1,11,2,22.0,EW-SR,4
RL,F1,11,3,22.0,EW-LU,4
RL,F1,12,0,24.0,NS-SR,4
RL,F1,12,1,22.0,NS-LU,4
RL,F1,12,2,22.0,EW-SR,4
RL,F1,12,3,22.0,EW-LU,4
RL,F1,13,0,24.0,NS-SR,4
RL,F1,13,1,22.0,NS-LU,4
RL,F1,13,2,22.0,EW-SR,4
RL,F1,13,3,22.0,EW-LU,4
RL,F1,14,0,24.0,NS-SR,4
RL,F1,14,1,22.0,NS-LU,4
RL,F1,14,2,22.0,EW-SR,4
RL,F1,14,3,22.0,EW-LU,4
RL,F1,15,0,24.0,NS-SR,4
RL,F1,15,1,22.0,NS-LU,4
RL,F1,15,2,22.0,EW-SR,4
RL,F1,15,3,22.0,EW-LU,4
RL,F1,16,0,24.0,NS-SR,4
RL,F1,16,1,22.0,NS-LU,4
RL,F1,16,2,22.0,EW-SR,4
RL,F1,16,3,22.0,EW-LU,4
RL,F1,17,0,24.0,NS-SR,4
RL,F1,17,1,22.0,NS-LU,4
RL,F1,17,2,22.0,EW-SR,4
RL,F1,17,3,22.0,EW-LU,4
RL,F1,18,0,24.0,NS-SR,4
RL,F1,18,1,22.0,NS-LU,4
RL,F1,18,2,22.0,EW-SR,4
RL,F1,18,3,22.0,EW-LU,4
RL,F1,19,0,24.0,NS-SR,4
RL,F1,19,1,22.0,NS-LU,4
RL,F1,19,2,22.0,EW-SR,4
RL,F1,19,3,22.0,EW-LU,4
RL,F1,20,0,24.0,NS-SR,4
RL,F1,20,1,22.0,NS-LU,4
RL,F1,20,2,22.0,EW-SR,4
RL,F1,20,3,22.0,EW-LU,4
RL,F1,21,0,24.0,NS-SR,4
RL,F1,21,1,22.0,NS-LU,4
RL,F1,21,2,22.0,EW-SR,4
RL,F1,21,3,22.0,EW-LU,4
RL,F1,22,0,24.0,NS-SR,4
RL,F1,22,1,22.0,NS-LU,4
RL,F1,22,2,22.0,EW-SR,4
RL,F1,22,3,22.0,EW-LU,4
RL,F1,23,0,24.0,NS-SR,4
RL,F1,23,1,22.0,NS-LU,4
RL,F1,23,2,22.0,EW-SR,4
RL,F1,23,3,22.0,EW-LU,4
RL,F1,24,0,24.0,NS-SR,4
RL,F1,24,1,22.0,NS-LU,4
RL,F1,24,2,22.0,EW-SR,4
RL,F1,24,3,22.0,EW-LU,4
RL,F1,25,0,24.0,NS-SR,4
RL,F1,25,1,22.0,NS-LU,4
RL,F1,25,2,22.0,EW-SR,4
RL,F1,25,3,22.0,EW-LU,4
RL,F1,26,0,24.0,NS-SR,4
RL,F1,26,1,22.0,NS-LU,4
RL,F1,26,2,22.0,EW-SR,4
RL,F1,26,3,22.0,EW-LU,4
RL,F1,27,0,24.0,NS-SR,4
RL,F1,27,1,22.0,NS-LU,4
RL,F1,27,2,22.0,EW-SR,4
RL,F1,27,3,22.0,EW-LU,4
RL,F1,28,0,24.0,NS-SR,4
RL,F1,28,1,22.0,NS-LU,4
RL,F1,28,2,22.0,EW-SR,4
RL,F1,28,3,22.0,EW-LU,4
RL,F1,29,0,24.0,NS-SR,4
RL,F1,29,1,22.0,NS-LU,4
RL,F1,29,2,22.0,EW-SR,4
RL,F1,29,3,22.0,EW-LU,4
RL,F1,30,0,24.0,NS-SR,4
RL,F1,30,1,22.0,NS-LU,4
RL,F1,30,2,22.0,EW-SR,4
RL,F1,30,3,22.0,EW-LU,4
RL,F1,31,0,24.0,NS-SR,4
RL,F1,31,1,22.0,NS-LU,4
RL,F1,31,2,22.0,EW-SR,4
RL,F1,31,3,22.0,EW-LU,4
RL,F1,32,0,24.0,NS-SR,4
RL,F1,32,1,22.0,NS-LU,4
RL,F1,32,2,22.0,EW-SR,4
RL,F1,32,3,22.0,EW-LU,4
RL,F1,33,0,24.0,NS-SR,4
RL,F1,33,1,22.0,NS-LU,4
RL,F1,33,2,22.0,EW-SR,4
RL,F1,33,3,22.0,EW-LU,4
RL,F1,34,0,24.0,NS-SR,4
RL,F1,34,1,22.0,NS-LU,4
RL,F1,34,2,22.0,EW-SR,4
RL,F1,34,3,22.0,EW-LU,4
RL,F1,35,0,24.0,NS-SR,4
RL,F1,35,1,22.0,NS-LU,4
RL,F1,35,2,22.0,EW-SR,4
RL,F1,35,3,22.0,EW-LU,4
RL,F1,36,0,24.0,NS-SR,4
RL,F1,36,1,22.0,NS-LU,4
RL,F1,36,2,22.0,EW-SR,4
RL,F1,36,3,22.0,EW-LU,4
RL,F1,37,0,24.0,NS-SR,4
RL,F1,37,1,22.0,NS-LU,4
RL,F1,37,2,22.0,EW-SR,4
RL,F1,37,3,22.0,EW-LU,4
RL,F1,38,0,24.0,NS-SR,4
RL,F1,38,1,22.0,NS-LU,4
RL,F1,38,2,22.0,EW-SR,4
RL,F1,38,3,22.0,EW-LU,4
RL,F1,39,0,24.0,NS-SR,4
RL,F1,39,1,22.0,NS-LU,4
RL,F1,39,2,22.0,EW-SR,4
RL,F1,39,3,22.0,EW-LU,4
RL,F1,40,0,24.0,NS-SR,4
RL,F1,40,1,22.0,NS-LU,4
RL,F1,40,2,22.0,EW-SR,4
RL,F1,40,3,22.0,EW-LU,4
RL,F1,41,0,24.0,NS-SR,4
RL,F1,41,1,22.0,NS-LU,4
RL,F1,41,2,22.0,EW-SR,4
RL,F1,41,3,22.0,EW-LU,4
RL,F1,42,0,24.0,NS-SR,4
RL,F1,42,1,22.0,NS-LU,4
RL,F1,42,2,22.0,EW-SR,4
RL,F1,42,3,22.0,EW-LU,4
RL,F1,43,0,24.0,NS-SR,4
RL,F1,43,1,22.0,NS-LU,4
RL,F1,43,2,22.0,EW-SR,4
RL,F1,43,3,22.0,EW-LU,4
RL,F1,44,0,24.0,NS-SR,4
RL,F1,44,1,22.0,NS-LU,4
RL,F1,44,2,22.0,EW-SR,4
RL,F1,44,3,22.0,EW-LU,4
RL,F1,45,0,24.0,NS-SR,4
RL,F1,45,1,22.0,NS-LU,4
RL,F1,45,2,22.0,EW-SR,4
RL,F1,45,3,22.0,EW-LU,4
RL,F1,46,0,24.0,NS-SR,4
RL,F1,46,1,22.0,NS-LU,4
RL,F1,46,2,22.0,EW-SR,4
RL,F1,46,3,22.0,EW-LU,4
RL,F1,47,0,24.0,NS-SR,4
RL,F1,47,1,22.0,NS-LU,4
RL,F1,47,2,22.0,EW-SR,4
RL,F1,47,3,22.0,EW-LU,4
RL,F1,48,0,24.0,NS-SR,4
RL,F1,48,1,22.0,NS-LU,4
RL,F1,48,2,22.0,EW-SR,4
RL,F1,48,3,22.0,EW-LU,4
RL,F1,49,0,24.0,NS-SR,4
RL,F1,49,1,22.0,NS-LU,4
RL,F1,49,2,22.0,EW-SR,4
RL,F1,49,3,22.0,EW-LU,4
RL,F1,50,0,24.0,NS-SR,4
RL,F1,50,1,22.0,NS-LU,4
RL,F1,50,2,22.0,EW-SR,4
RL,F1,50,3,22.0,EW-LU,4
RL,F1,51,0,24.0,NS-SR,4
RL,F1,51,1,22.0,NS-LU,4
RL,F1,51,2,22.0,EW-SR,4
RL,F1,51,3,22.0,EW-LU,4
RL,F1,52,0,24.0,NS-SR,4
RL,F1,52,1,22.0,NS-LU,4
RL,F1,52,2,22.0,EW-SR,4
RL,F1,52,3,22.0,EW-LU,4
RL,F1,53,0,24.0,NS-SR,4
RL,F1,53,1,22.0,NS-LU,4
RL,F1,53,2,22.0,EW-SR,4
RL,F1,53,3,22.0,EW-LU,4
RL,F1,54,0,24.0,NS-SR,4
RL,F1,54,1,22.0,NS-LU,4
RL,F1,54,2,22.0,EW-SR,4
RL,F1,54,3,22.0,EW-LU,4
RL,F1,55,0,24.0,NS-SR,4
RL,F1,55,1,22.0,NS-LU,4
RL,F1,55,2,22.0,EW-SR,4
RL,F1,55,3,22.0,EW-LU,4
RL,F1,56,0,24.0,NS-SR,4
RL,F1,56,1,22.0,NS-LU,4
RL,F1,56,2,22.0,EW-SR,4
RL,F1,56,3,22.0,EW-LU,4
RL,F1,57,0,24.0,NS-SR,4
RL,F1,57,1,22.0,NS-LU,4
RL,F1,57,2,22.0,EW-SR,4
RL,F1,57,3,22.0,EW-LU,4
RL,F1,58,0,24.0,NS-SR,4
RL,F1,58,1,22.0,NS-LU,4
RL,F1,58,2,22.0,EW-SR,4
RL,F1,58,3,22.0,EW-LU,4
RL,F1,59,0,24.0,NS-SR,4
RL,F1,59,1,22.0,NS-LU,4
RL,F1,59,2,22.0,EW-SR,4
RL,F1,59,3,22.0,EW-LU,4
RL,F1,60,0,24.0,NS-SR,4
RL,F1,60,1,22.0,NS-LU,4
RL,F1,60,2,22.0,EW-SR,4
RL,F1,60,3,22.0,EW-LU,4
RL,F1,61,0,24.0,NS-SR,4
RL,F1,61,1,22.0,NS-LU,4
RL,F1,61,2,22.0,EW-SR,4
RL,F1,61,3,22.0,EW-LU,4
RL,F1,62,0,24.0,NS-SR,4
RL,F1,62,1,22.0,NS-LU,4
RL,F1,62,2,22.0,EW-SR,4
RL,F1,62,3,22.0,EW-LU,4
RL,F1,63,0,24.0,NS-SR,4
RL,F1,63,1,22.0,NS-LU,4
RL,F1,63,2,22.0,EW-SR,4
RL,F1,63,3,22.0,EW-LU,4
RL,F1,64,0,24.0,NS-SR,4
RL,F1,64,1,22.0,NS-LU,4
RL,F1,64,2,22.0,EW-SR,4
RL,F1,64,3,22.0,EW-LU,4
RL,F1,65,0,24.0,NS-SR,4
RL,F1,65,1,22.0,NS-LU,4
RL,F1,65,2,22.0,EW-SR,4
RL,F1,65,3,22.0,EW-LU,4
RL,F1,66,0,24.0,NS-SR,4
RL,F1,66,1,22.0,NS-LU,4
RL,F1,66,2,22.0,EW-SR,4
RL,F1,66,3,22.0,EW-LU,4
RL,F1,67,0,24.0,NS-SR,4
RL,F1,67,1,22.0,NS-LU,4
RL,F1,67,2,22.0,EW-SR,4
RL,F1,67,3,22.0,EW-LU,4
RL,F1,68,0,24.0,NS-SR,4
RL,F1,68,1,22.0,NS-LU,4
RL,F1,68,2,22.0,EW-SR,4
RL,F1,68,3,22.0,EW-LU,4
RL,F1,69,0,24.0,NS-SR,4
RL,F1,69,1,22.0,NS-LU,4
RL,F1,69,2,22.0,EW-SR,4
RL,F1,69,3,22.0,EW-LU,4
RL,F1,70,0,24.0,NS-SR,4
RL,F1,70,1,22.0,NS-LU,4
RL,F1,70,2,22.0,EW-SR,4
RL,F1,70,3,22.0,EW-LU,4
RL,F1,71,0,24.0,NS-SR,4
RL,F1,71,1,22.0,NS-LU,4
RL,F1,71,2,22.0,EW-SR,4
RL,F1,71,3,22.0,EW-LU,4
RL,F1,72,0,24.0,NS-SR,4
RL,F1,72,1,22.0,NS-LU,4
RL,F1,72,2,22.0,EW-SR,4
RL,F1,72,3,22.0,EW-LU,4
RL,F1,73,0,24.0,NS-SR,4
RL,F1,73,1,22.0,NS-LU,4
RL,F1,73,2,22.0,EW-SR,4
RL,F1,73,3,22.0,EW-LU,4
RL,F1,74,0,24.0,NS-SR,4
RL,F1,74,1,22.0,NS-LU,4
RL,F1,74,2,22.0,EW-SR,4
RL,F1,74,3,22.0,EW-LU,4
RL,F1,75,0,24.0,NS-SR,4
RL,F1,75,1,22.0,NS-LU,4
RL,F1,75,2,22.0,EW-SR,4
RL,F1,75,3,22.0,EW-LU,4
RL,F1,76,0,24.0,NS-SR,4
RL,F1,76,1,22.0,NS-LU,4
RL,F1,76,2,22.0,EW-SR,4
RL,F1,76,3,22.0,EW-LU,4
RL,F1,77,0,24.0,NS-SR,4
RL,F1,77,1,22.0,NS-LU,4
RL,F1,77,2,22.0,EW-SR,4
RL,F1,77,3,22.0,EW-LU,4
RL,F1,78,0,24.0,NS-SR,4
RL,F1,78,1,22.0,NS-LU,4
RL,F1,78,2,22.0,EW-SR,4
RL,F1,78,3,22.0,EW-LU,4
RL,F1,79,0,24.0,NS-SR,4
RL,F1,79,1,22.0,NS-LU,4
RL,F1,79,2,22.0,EW-SR,4
RL,F1,79,3,22.0,EW-LU,4
RL,F1,80,0,24.0,NS-SR,4
RL,F1,80,1,22.0,NS-LU,4
RL,F1,80,2,22.0,EW-SR,4
RL,F1,80,3,22.0,EW-LU,4
RL,C3,0,0,59.0,NS-SR,4
RL,C3,0,1,11.0,NS-LU,4
RL,C3,0,2,10.0,EW-SR,4
RL,C3,0,3,10.0,EW-LU,4
RL,C3,1,0,60.0,NS-SR,4
RL,C3,1,1,10.0,NS-LU,4
RL,C3,1,2,10.0,EW-SR,4
RL,C3,1,3,10.0,EW-LU,4
RL,C3,2,0,60.0,NS-SR,4
RL,C3,2,1,10.0,NS-LU,4
RL,C3,2,2,10.0,EW-SR,4
RL,C3,2,3,10.0,EW-LU,4
RL,C3,3,0,60.0,NS-SR,4
RL,C3,3,1,10.0,NS-LU,4
RL,C3,3,2,10.0,EW-SR,4
RL,C3,3,3,10.0,EW-LU,4
RL,C3,4,0,60.0,NS-SR,4
RL,C3,4,1,10.0,NS-LU,4
RL,C3,4,2,10.0,EW-SR,4
RL,C3,4,3,10.0,EW-LU,4
RL,C3,5,0,60.0,NS-SR,4
RL,C3,5,1,10.0,NS-LU,4
RL,C3,5,2,10.0,EW-SR,4
RL,C3,5,3,10.0,EW-LU,4
RL,C3,6,0,60.0,NS-SR,4
RL,C3,6,1,10.0,NS-LU,4
RL,C3,6,2,10.0,EW-SR,4
RL,C3,6,3,10.0,EW-LU,4
RL,C3,7,0,57.0,NS-SR,4
RL,C3,7,1,11.0,NS-LU,4
RL,C3,7,2,11.0,EW-SR,4
RL,C3,7,3,11.0,EW-LU,4
RL,C3,8,0,60.0,NS-SR,4
RL,C3,8,1,10.0,NS-LU,4
RL,C3,8,2,10.0,EW-SR,4
RL,C3,8,3,10.0,EW-LU,4
RL,C3,9,0,60.0,NS-SR,4
RL,C3,9,1,10.0,NS-LU,4
RL,C3,9,2,10.0,EW-SR,4
RL,C3,9,3,10.0,EW-LU,4
RL,C3,10,0,60.0,NS-SR,4
RL,C3,10,1,10.0,NS-LU,4
RL,C3,10,2,10.0,EW-SR,4
RL,C3,10,3,10.0,EW-LU,4
RL,C3,11,0,60.0,NS-SR,4
RL,C3,11,1,10.0,NS-LU,4
RL,C3,11,2,10.0,EW-SR,4
RL,C3,11,3,10.0,EW-LU,4
RL,C3,12,0,60.0,NS-SR,4
RL,C3,12,1,10.0,NS-LU,4
RL,C3,12,2,10.0,EW-SR,4
RL,C3,12,3,10.0,EW-LU,4
RL,C3,13,0,60.0,NS-SR,4
RL,C3,13,1,10.0,NS-LU,4
RL,C3,13,2,10.0,EW-SR,4
RL,C3,13,3,10.0,EW-LU,4
RL,C3,14,0,60.0,NS-SR,4
RL,C3,14,1,10.0,NS-LU,4
RL,C3,14,2,10.0,EW-SR,4
RL,C3,14,3,10.0,EW-LU,4
RL,C3,15,0,60.0,NS-SR,4
RL,C3,15,1,10.0,NS-LU,4
RL,C3,15,2,10.0,EW-SR,4
RL,C3,15,3,10.0,EW-LU,4
RL,C3,16,0,59.0,NS-SR,4
RL,C3,16,1,11.0,NS-LU,4
RL,C3,16,2,10.0,EW-SR,4
RL,C3,16,3,10.0,EW-LU,4
RL,C3,17,0,60.0,NS-SR,4
RL,C3,17,1,10.0,NS-LU,4
RL,C3,17,2,10.0,EW-SR,4
RL,C3,17,3,10.0,EW-LU,4
RL,C3,18,0,60.0,NS-SR,4
RL,C3,18,1,10.0,NS-LU,4
RL,C3,18,2,10.0,EW-SR,4
RL,C3,18,3,10.0,EW-LU,4
RL,C3,19,0,60.0,NS-SR,4
RL,C3,19,1,10.0,NS-LU,4
RL,C3,19,2,10.0,EW-SR,4
RL,C3,19,3,10.0,EW-LU,4
RL,C3,20,0,60.0,NS-SR,4
RL,C3,20,1,10.0,NS-LU,4
RL,C3,20,2,10.0,EW-SR,4
RL,C3,20,3,10.0,EW-LU,4
RL,C3,21,0,60.0,NS-SR,4
RL,C3,21,1,10.0,NS-LU,4
RL,C3,21,2,10.0,EW-SR,4
RL,C3,21,3,10.0,EW-LU,4
RL,C3,22,0,60.0,NS-SR,4
RL,C3,22,1,10.0,NS-LU,4
RL,C3,22,2,10.0,EW-SR,4
RL,C3,22,3,10.0,EW-LU,4
RL,C3,23,0,60.0,NS-SR,4
RL,C3,23,1,10.0,NS-LU,4
RL,C3,23,2,10.0,EW-SR,4
RL,C3,23,3,10.0,EW-LU,4
RL,C3,24,0,60.0,NS-SR,4
RL,C3,24,1,10.0,NS-LU,4
RL,C3,24,2,10.0,EW-SR,4
RL,C3,24,3,10.0,EW-LU,4
RL,C3,25,0,60.0,NS-SR,4
RL,C3,25,1,10.0,NS-LU,4
RL,C3,25,2,10.0,EW-SR,4
RL,C3,25,3,10.0,EW-LU,4
RL,C3,26,0,60.0,NS-SR,4
RL,C3,26,1,10.0,NS-LU,4
RL,C3,26,2,10.0,EW-SR,4
RL,C3,26,3,10.0,EW-LU,4
RL,C3,27,0,60.0,NS-SR,4
RL,C3,27,1,10.0,NS-LU,4
RL,C3,27,2,10.0,EW-SR,4
RL,C3,27,3,10.0,EW-LU,4
RL,C3,28,0,60.0,NS-SR,4
RL,C3,28,1,10.0,NS-LU,4
RL,C3,28,2,10.0,EW-SR,4
RL,C3,28,3,10.0,EW-LU,4
RL,C3,29,0,60.0,NS-SR,4
RL,C3,29,1,10.0,NS-LU,4
RL,C3,29,2,10.0,EW-SR,4
RL,C3,29,3,10.0,EW-LU,4
RL,C3,30,0,60.0,NS-SR,4
RL,C3,30,1,10.0,NS-LU,4
RL,C3,30,2,10.0,EW-SR,4
RL,C3,30,3,10.0,EW-LU,4
RL,C3,31,0,60.0,NS-SR,4
RL,C3,31,1,10.0,NS-LU,4
RL,C3,31,2,10.0,EW-SR,4
RL,C3,31,3,10.0,EW-LU,4
RL,C3,32,0,60.0,NS-SR,4
RL,C3,32,1,10.0,NS-LU,4
RL,C3,32,2,10.0,EW-SR,4
RL,C3,32,3,10.0,EW-LU,4
RL,C3,33,0,60.0,NS-SR,4
RL,C3,33,1,10.0,NS-LU,4
RL,C3,33,2,10.0,EW-SR,4
RL,C3,33,3,10.0,EW-LU,4
RL,C3,34,0,60.0,NS-SR,4
RL,C3,34,1,10.0,NS-LU,4
RL,C3,34,2,10.0,EW-SR,4
RL,C3,34,3,10.0,EW-LU,4
RL,C3,35,0,60.0,NS-SR,4
RL,C3,35,1,10.0,NS-LU,4
RL,C3,35,2,10.0,EW-SR,4
RL,C3,35,3,10.0,EW-LU,4
RL,C3,36,0,60.0,NS-SR,4
RL,C3,36,1,10.0,NS-LU,4
RL,C3,36,2,10.0,EW-SR,4
RL,C3,36,3,10.0,EW-LU,4
RL,C3,37,0,60.0,NS-SR,4
RL,C3,37,1,10.0,NS-LU,4
RL,C3,37,2,10.0,EW-SR,4
RL,C3,37,3,10.0,EW-LU,4
RL,C3,38,0,60.0,NS-SR,4
RL,C3,38,1,10.0,NS-LU,4
RL,C3,38,2,10.0,EW-SR,4
RL,C3,38,3,10.0,EW-LU,4
RL,C3,39,0,60.0,NS-SR,4
RL,C3,39,1,10.0,NS-LU,4
RL,C3,39,2,10.0,EW-SR,4
RL,C3,39,3,10.0,EW-LU,4
RL,C3,40,0,60.0,NS-SR,4
RL,C3,40,1,10.0,NS-LU,4
RL,C3,40,2,10.0,EW-SR,4
RL,C3,40,3,10.0,EW-LU,4
RL,C3,41,0,60.0,NS-SR,4
RL,C3,41,1,10.0,NS-LU,4
RL,C3,41,2,10.0,EW-SR,4
RL,C3,41,3,10.0,EW-LU,4
RL,C3,42,0,60.0,NS-SR,4
RL,C3,42,1,10.0,NS-LU,4
RL,C3,42,2,10.0,EW-SR,4
RL,C3,42,3,10.0,EW-LU,4
RL,C3,43,0,60.0,NS-SR,4
RL,C3,43,1,10.0,NS-LU,4
RL,C3,43,2,10.0,EW-SR,4
RL,C3,43,3,10.0,EW-LU,4
RL,C3,44,0,60.0,NS-SR,4
RL,C3,44,1,10.0,NS-LU,4
RL,C3,44,2,10.0,EW-SR,4
RL,C3,44,3,10.0,EW-LU,4
RL,C3,45,0,60.0,NS-SR,4
RL,C3,45,1,10.0,NS-LU,4
RL,C3,45,2,10.0,EW-SR,4
RL,C3,45,3,10.0,EW-LU,4
RL,C3,46,0,60.0,NS-SR,4
RL,C3,46,1,10.0,NS-LU,4
RL,C3,46,2,10.0,EW-SR,4
RL,C3,46,3,10.0,EW-LU,4
RL,C3,47,0,60.0,NS-SR,4
RL,C3,47,1,10.0,NS-LU,4
RL,C3,47,2,10.0,EW-SR,4
RL,C3,47,3,10.0,EW-LU,4
RL,C3,48,0,60.0,NS-SR,4
RL,C3,48,1,10.0,NS-LU,4
RL,C3,48,2,10.0,EW-SR,4
RL,C3,48,3,10.0,EW-LU,4
RL,C3,49,0,60.0,NS-SR,4
RL,C3,49,1,10.0,NS-LU,4
RL,C3,49,2,10.0,EW-SR,4
RL,C3,49,3,10.0,EW-LU,4
RL,C3,50,0,60.0,NS-SR,4
RL,C3,50,1,10.0,NS-LU,4
RL,C3,50,2,10.0,EW-SR,4
RL,C3,50,3,10.0,EW-LU,4
RL,C3,51,0,60.0,NS-SR,4
RL,C3,51,1,10.0,NS-LU,4
RL,C3,51,2,10.0,EW-SR,4
RL,C3,51,3,10.0,EW-LU,4
RL,C3,52,0,60.0,NS-SR,4
RL,C3,52,1,10.0,NS-LU,4
RL,C3,52,2,10.0,EW-SR,4
RL,C3,52,3,10.0,EW-LU,4
RL,C3,53,0,60.0,NS-SR,4
RL,C3,53,1,10.0,NS-LU,4
RL,C3,53,2,10.0,EW-SR,4
RL,C3,53,3,10.0,EW-LU,4
RL,C3,54,0,60.0,NS-SR,4
RL,C3,54,1,10.0,NS-LU,4
RL,C3,54,2,10.0,EW-SR,4
RL,C3,54,3,10.0,EW-LU,4
RL,C3,55,0,60.0,NS-SR,4
RL,C3,55,1,10.0,NS-LU,4
RL,C3,55,2,10.0,EW-SR,4
RL,C3,55,3,10.0,EW-LU,4
RL,C3,56,0,60.0,NS-SR,4
RL,C3,56,1,10.0,NS-LU,4
RL,C3,56,2,10.0,EW-SR,4
RL,C3,56,3,10.0,EW-LU,4
RL,C3,57,0,60.0,NS-SR,4
RL,C3,57,1,10.0,NS-LU,4
RL,C3,57,2,10.0,EW-SR,4
RL,C3,57,3,10.0,EW-LU,4
RL,C3,58,0,60.0,NS-SR,4
RL,C3,58,1,10.0,NS-LU,4
RL,C3,58,2,10.0,EW-SR,4
RL,C3,58,3,10.0,EW-LU,4
RL,C3,59,0,60.0,NS-SR,4
RL,C3,59,1,10.0,NS-LU,4
RL,C3,59,2,10.0,EW-SR,4
RL,C3,59,3,10.0,EW-LU,4
RL,C3,60,0,60.0,NS-SR,4
RL,C3,60,1,10.0,NS-LU,4
RL,C3,60,2,10.0,EW-SR,4
RL,C3,60,3,10.0,EW-LU,4
RL,C3,61,0,60.0,NS-SR,4
RL,C3,61,1,10.0,NS-LU,4
RL,C3,61,2,10.0,EW-SR,4
RL,C3,61,3,10.0,EW-LU,4
RL,C3,62,0,60.0,NS-SR,4
RL,C3,62,1,10.0,NS-LU,4
RL,C3,62,2,10.0,EW-SR,4
RL,C3,62,3,10.0,EW-LU,4
RL,C3,63,0,60.0,NS-SR,4
RL,C3,63,1,10.0,NS-LU,4
RL,C3,63,2,10.0,EW-SR,4
RL,C3,63,3,10.0,EW-LU,4
RL,C3,64,0,60.0,NS-SR,4
RL,C3,64,1,10.0,NS-LU,4
RL,C3,64,2,10.0,EW-SR,4
RL,C3,64,3,10.0,EW-LU,4
RL,C3,65,0,60.0,NS-SR,4
RL,C3,65,1,10.0,NS-LU,4
RL,C3,65,2,10.0,EW-SR,4
RL,C3,65,3,10.0,EW-LU,4
RL,C3,66,0,60.0,NS-SR,4
RL,C3,66,1,10.0,NS-LU,4
RL,C3,66,2,10.0,EW-SR,4
RL,C3,66,3,10.0,EW-LU,4
RL,C3,67,0,60.0,NS-SR,4
RL,C3,67,1,10.0,NS-LU,4
RL,C3,67,2,10.0,EW-SR,4
RL,C3,67,3,10.0,EW-LU,4
RL,C3,68,0,60.0,NS-SR,4
RL,C3,68,1,10.0,NS-LU,4
RL,C3,68,2,10.0,EW-SR,4
RL,C3,68,3,10.0,EW-LU,4
RL,C3,69,0,60.0,NS-SR,4
RL,C3,69,1,10.0,NS-LU,4
RL,C3,69,2,10.0,EW-SR,4
RL,C3,69,3,10.0,EW-LU,4
RL,C3,70,0,60.0,NS-SR,4
RL,C3,70,1,10.0,NS-LU,4
RL,C3,70,2,10.0,EW-SR,4
RL,C3,70,3,10.0,EW-LU,4
RL,C3,71,0,60.0,NS-SR,4
RL,C3,71,1,10.0,NS-LU,4
RL,C3,71,2,10.0,EW-SR,4
RL,C3,71,3,10.0,EW-LU,4
RL,C3,72,0,60.0,NS-SR,4
RL,C3,72,1,10.0,NS-LU,4
RL,C3,72,2,10.0,EW-SR,4
RL,C3,72,3,10.0,EW-LU,4
RL,C3,73,0,60.0,NS-SR,4
RL,C3,73,1,10.0,NS-LU,4
RL,C3,73,2,10.0,EW-SR,4
RL,C3,73,3,10.0,EW-LU,4
RL,C3,74,0,60.0,NS-SR,4
RL,C3,74,1,10.0,NS-LU,4
RL,C3,74,2,10.0,EW-SR,4
RL,C3,74,3,10.0,EW-LU,4
RL,C3,75,0,60.0,NS-SR,4
RL,C3,75,1,10.0,NS-LU,4
RL,C3,75,2,10.0,EW-SR,4
RL,C3,75,3,10.0,EW-LU,4
RL,C3,76,0,60.0,NS-SR,4
RL,C3,76,1,10.0,NS-LU,4
RL,C3,76,2,10.0,EW-SR,4
RL,C3,76,3,10.0,EW-LU,4
RL,C3,77,0,60.0,NS-SR,4
RL,C3,77,1,10.0,NS-LU,4
RL,C3,77,2,10.0,EW-SR,4
RL,C3,77,3,10.0,EW-LU,4
RL,C3,78,0,60.0,NS-SR,4
RL,C3,78,1,10.0,NS-LU,4
RL,C3,78,2,10.0,EW-SR,4
RL,C3,78,3,10.0,EW-LU,4
RL,C3,79,0,60.0,NS-SR,4
RL,C3,79,1,10.0,NS-LU,4
RL,C3,79,2,10.0,EW-SR,4
RL,C3,79,3,10.0,EW-LU,4
RL,C3,80,0,60.0,NS-SR,4
RL,C3,80,1,10.0,NS-LU,4
RL,C3,80,2,10.0,EW-SR,4
RL,C3,80,3,10.0,EW-LU,4
RL,F0,0,0,21.0,NS-SR,3
RL,F0,0,1,27.0,NS-LU,3
RL,F0,0,2,42.0,EW-LU,3
RL,F0,1,0,24.0,NS-SR,3
RL,F0,1,1,25.0,NS-LU,3
RL,F0,1,2,41.0,EW-LU,3
RL,F0,2,0,23.0,NS-SR,3
RL,F0,2,1,23.0,NS-LU,3
RL,F0,2,2,44.0,EW-LU,3
RL,F0,3,0,25.0,NS-SR,3
RL,F0,3,1,22.0,NS-LU,3
RL,F0,3,2,43.0,EW-LU,3
RL,F0,4,0,26.0,NS-SR,3
RL,F0,4,1,21.0,NS-LU,3
RL,F0,4,2,43.0,EW-LU,3
RL,F0,5,0,24.0,NS-SR,3
RL,F0,5,1,22.0,NS-LU,3
RL,F0,5,2,44.0,EW-LU,3
RL,F0,6,0,24.0,NS-SR,3
RL,F0,6,1,22.0,NS-LU,3
RL,F0,6,2,44.0,EW-LU,3
RL,F0,7,0,24.0,NS-SR,3
RL,F0,7,1,22.0,NS-LU,3
RL,F0,7,2,44.0,EW-LU,3
RL,F0,8,0,24.0,NS-SR,3
RL,F0,8,1,22.0,NS-LU,3
RL,F0,8,2,44.0,EW-LU,3
RL,F0,9,0,24.0,NS-SR,3
RL,F0,9,1,22.0,NS-LU,3
RL,F0,9,2,44.0,EW-LU,3
RL,F0,10,0,24.0,NS-SR,3
RL,F0,10,1,22.0,NS-LU,3
RL,F0,10,2,44.0,EW-LU,3
RL,F0,11,0,24.0,NS-SR,3
RL,F0,11,1,22.0,NS-LU,3
RL,F0,11,2,44.0,EW-LU,3
RL,F0,12,0,24.0,NS-SR,3
RL,F0,12,1,22.0,NS-LU,3
RL,F0,12,2,44.0,EW-LU,3
RL,F0,13,0,24.0,NS-SR,3
RL,F0,13,1,22.0,NS-LU,3
RL,F0,13,2,44.0,EW-LU,3
RL,F0,14,0,24.0,NS-SR,3
RL,F0,14,1,22.0,NS-LU,3
RL,F0,14,2,44.0,EW-LU,3
RL,F0,15,0,27.0,NS-SR,3
RL,F0,15,1,21.0,NS-LU,3
RL,F0,15,2,42.0,EW-LU,3
RL,F0,16,0,24.0,NS-SR,3
RL,F0,16,1,22.0,NS-LU,3
RL,F0,16,2,44.0,EW-LU,3
RL,F0,17,0,24.0,NS-SR,3
RL,F0,17,1,22.0,NS-LU,3
RL,F0,17,2,44.0,EW-LU,3
RL,F0,18,0,24.0,NS-SR,3
RL,F0,18,1,22.0,NS-LU,3
RL,F0,18,2,44.0,EW-LU,3
RL,F0,19,0,24.0,NS-SR,3
RL,F0,19,1,22.0,NS-LU,3
RL,F0,19,2,44.0,EW-LU,3
RL,F0,20,0,24.0,NS-SR,3
RL,F0,20,1,22.0,NS-LU,3
RL,F0,20,2,44.0,EW-LU,3
RL,F0,21,0,24.0,NS-SR,3
RL,F0,21,1,22.0,NS-LU,3
RL,F0,21,2,44.0,EW-LU,3
RL,F0,22,0,24.0,NS-SR,3
RL,F0,22,1,22.0,NS-LU,3
RL,F0,22,2,44.0,EW-LU,3
RL,F0,23,0,24.0,NS-SR,3
RL,F0,23,1,22.0,NS-LU,3
RL,F0,23,2,44.0,EW-LU,3
RL,F0,24,0,24.0,NS-SR,3
RL,F0,24,1,22.0,NS-LU,3
RL,F0,24,2,44.0,EW-LU,3
RL,F0,25,0,24.0,NS-SR,3
RL,F0,25,1,22.0,NS-LU,3
RL,F0,25,2,44.0,EW-LU,3
RL,F0,26,0,24.0,NS-SR,3
RL,F0,26,1,22.0,NS-LU,3
RL,F0,26,2,44.0,EW-LU,3
RL,F0,27,0,24.0,NS-SR,3
RL,F0,27,1,22.0,NS-LU,3
RL,F0,27,2,44.0,EW-LU,3
RL,F0,28,0,24.0,NS-SR,3
RL,F0,28,1,22.0,NS-LU,3
RL,F0,28,2,44.0,EW-LU,3
RL,F0,29,0,24.0,NS-SR,3
RL,F0,29,1,22.0,NS-LU,3
RL,F0,29,2,44.0,EW-LU,3
RL,F0,30,0,24.0,NS-SR,3
RL,F0,30,1,22.0,NS-LU,3
RL,F0,30,2,44.0,EW-LU,3
RL,F0,31,0,24.0,NS-SR,3
RL,F0,31,1,22.0,NS-LU,3
RL,F0,31,2,44.0,EW-LU,3
RL,F0,32,0,24.0,NS-SR,3
RL,F0,32,1,22.0,NS-LU,3
RL,F0,32,2,44.0,EW-LU,3
RL,F0,33,0,24.0,NS-SR,3
RL,F0,33,1,22.0,NS-LU,3
RL,F0,33,2,44.0,EW-LU,3
RL,F0,34,0,24.0,NS-SR,3
RL,F0,34,1,22.0,NS-LU,3
RL,F0,34,2,44.0,EW-LU,3
RL,F0,35,0,24.0,NS-SR,3
RL,F0,35,1,22.0,NS-LU,3
RL,F0,35,2,44.0,EW-LU,3
RL,F0,36,0,24.0,NS-SR,3
RL,F0,36,1,22.0,NS-LU,3
RL,F0,36,2,44.0,EW-LU,3
RL,F0,37,0,24.0,NS-SR,3
RL,F0,37,1,22.0,NS-LU,3
RL,F0,37,2,44.0,EW-LU,3
RL,F0,38,0,24.0,NS-SR,3
RL,F0,38,1,22.0,NS-LU,3
RL,F0,38,2,44.0,EW-LU,3
RL,F0,39,0,24.0,NS-SR,3
RL,F0,39,1,22.0,NS-LU,3
RL,F0,39,2,44.0,EW-LU,3
RL,F0,40,0,24.0,NS-SR,3
RL,F0,40,1,22.0,NS-LU,3
RL,F0,40,2,44.0,EW-LU,3
RL,F0,41,0,24.0,NS-SR,3
RL,F0,41,1,22.0,NS-LU,3
RL,F0,41,2,44.0,EW-LU,3
RL,F0,42,0,24.0,NS-SR,3
RL,F0,42,1,22.0,NS-LU,3
RL,F0,42,2,44.0,EW-LU,3
RL,F0,43,0,24.0,NS-SR,3
RL,F0,43,1,22.0,NS-LU,3
RL,F0,43,2,44.0,EW-LU,3
RL,F0,44,0,24.0,NS-SR,3
RL,F0,44,1,22.0,NS-LU,3
RL,F0,44,2,44.0,EW-LU,3
RL,F0,45,0,24.0,NS-SR,3
RL,F0,45,1,22.0,NS-LU,3
RL,F0,45,2,44.0,EW-LU,3
RL,F0,46,0,24.0,NS-SR,3
RL,F0,46,1,22.0,NS-LU,3
RL,F0,46,2,44.0,EW-LU,3
RL,F0,47,0,24.0,NS-SR,3
RL,F0,47,1,22.0,NS-LU,3
RL,F0,47,2,44.0,EW-LU,3
RL,F0,48,0,24.0,NS-SR,3
RL,F0,48,1,22.0,NS-LU,3
RL,F0,48,2,44.0,EW-LU,3
RL,F0,49,0,24.0,NS-SR,3
RL,F0,49,1,22.0,NS-LU,3
RL,F0,49,2,44.0,EW-LU,3
RL,F0,50,0,24.0,NS-SR,3
RL,F0,50,1,22.0,NS-LU,3
RL,F0,50,2,44.0,EW-LU,3
RL,F0,51,0,24.0,NS-SR,3
RL,F0,51,1,22.0,NS-LU,3
RL,F0,51,2,44.0,EW-LU,3
RL,F0,52,0,24.0,NS-SR,3
RL,F0,52,1,22.0,NS-LU,3
RL,F0,52,2,44.0,EW-LU,3
RL,F0,53,0,24.0,NS-SR,3
RL,F0,53,1,22.0,NS-LU,3
RL,F0,53,2,44.0,EW-LU,3
RL,F0,54,0,24.0,NS-SR,3
RL,F0,54,1,22.0,NS-LU,3
RL,F0,54,2,44.0,EW-LU,3
RL,F0,55,0,24.0,NS-SR,3
RL,F0,55,1,22.0,NS-LU,3
RL,F0,55,2,44.0,EW-LU,3
RL,F0,56,0,24.0,NS-SR,3
RL,F0,56,1,22.0,NS-LU,3
RL,F0,56,2,44.0,EW-LU,3
RL,F0,57,0,24.0,NS-SR,3
RL,F0,57,1,22.0,NS-LU,3
RL,F0,57,2,44.0,EW-LU,3
RL,F0,58,0,24.0,NS-SR,3
RL,F0,58,1,22.0,NS-LU,3
RL,F0,58,2,44.0,EW-LU,3
RL,F0,59,0,24.0,NS-SR,3
RL,F0,59,1,22.0,NS-LU,3
RL,F0,59,2,44.0,EW-LU,3
RL,F0,60,0,24.0,NS-SR,3
RL,F0,60,1,22.0,NS-LU,3
RL,F0,60,2,44.0,EW-LU,3
RL,F0,61,0,24.0,NS-SR,3
RL,F0,61,1,22.0,NS-LU,3
RL,F0,61,2,44.0,EW-LU,3
RL,F0,62,0,24.0,NS-SR,3
RL,F0,62,1,22.0,NS-LU,3
RL,F0,62,2,44.0,EW-LU,3
RL,F0,63,0,24.0,NS-SR,3
RL,F0,63,1,22.0,NS-LU,3
RL,F0,63,2,44.0,EW-LU,3
RL,F0,64,0,24.0,NS-SR,3
RL,F0,64,1,22.0,NS-LU,3
RL,F0,64,2,44.0,EW-LU,3
RL,F0,65,0,24.0,NS-SR,3
RL,F0,65,1,22.0,NS-LU,3
RL,F0,65,2,44.0,EW-LU,3
RL,F0,66,0,24.0,NS-SR,3
RL,F0,66,1,22.0,NS-LU,3
RL,F0,66,2,44.0,EW-LU,3
RL,F0,67,0,24.0,NS-SR,3
RL,F0,67,1,22.0,NS-LU,3
RL,F0,67,2,44.0,EW-LU,3
RL,F0,68,0,24.0,NS-SR,3
RL,F0,68,1,22.0,NS-LU,3
RL,F0,68,2,44.0,EW-LU,3
RL,F0,69,0,24.0,NS-SR,3
RL,F0,69,1,22.0,NS-LU,3
RL,F0,69,2,44.0,EW-LU,3
RL,F0,70,0,24.0,NS-SR,3
RL,F0,70,1,22.0,NS-LU,3
RL,F0,70,2,44.0,EW-LU,3
RL,F0,71,0,24.0,NS-SR,3
RL,F0,71,1,22.0,NS-LU,3
RL,F0,71,2,44.0,EW-LU,3
RL,F0,72,0,24.0,NS-SR,3
RL,F0,72,1,22.0,NS-LU,3
RL,F0,72,2,44.0,EW-LU,3
RL,F0,73,0,24.0,NS-SR,3
RL,F0,73,1,22.0,NS-LU,3
RL,F0,73,2,44.0,EW-LU,3
RL,F0,74,0,24.0,NS-SR,3
RL,F0,74,1,22.0,NS-LU,3
RL,F0,74,2,44.0,EW-LU,3
RL,F0,75,0,24.0,NS-SR,3
RL,F0,75,1,22.0,NS-LU,3
RL,F0,75,2,44.0,EW-LU,3
RL,F0,76,0,24.0,NS-SR,3
RL,F0,76,1,22.0,NS-LU,3
RL,F0,76,2,44.0,EW-LU,3
RL,F0,77,0,24.0,NS-SR,3
RL,F0,77,1,22.0,NS-LU,3
RL,F0,77,2,44.0,EW-LU,3
RL,F0,78,0,24.0,NS-SR,3
RL,F0,78,1,22.0,NS-LU,3
RL,F0,78,2,44.0,EW-LU,3
RL,F0,79,0,24.0,NS-SR,3
RL,F0,79,1,22.0,NS-LU,3
RL,F0,79,2,44.0,EW-LU,3
RL,F0,80,0,24.0,NS-SR,3
RL,F0,80,1,22.0,NS-LU,3
RL,F0,80,2,44.0,EW-LU,3
RL,E5,0,0,10.0,NS-SR,4
RL,E5,0,1,10.0,NS-LU,4
RL,E5,0,2,60.0,EW-SR,4
RL,E5,0,3,10.0,EW-LU,4
RL,E5,1,0,10.0,NS-SR,4
RL,E5,1,1,10.0,NS-LU,4
RL,E5,1,2,60.0,EW-SR,4
RL,E5,1,3,10.0,EW-LU,4
RL,E5,2,0,10.0,NS-SR,4
RL,E5,2,1,10.0,NS-LU,4
RL,E5,2,2,60.0,EW-SR,4
RL,E5,2,3,10.0,EW-LU,4
RL,E5,3,0,10.0,NS-SR,4
RL,E5,3,1,10.0,NS-LU,4
RL,E5,3,2,60.0,EW-SR,4
RL,E5,3,3,10.0,EW-LU,4
RL,E5,4,0,10.0,NS-SR,4
RL,E5,4,1,10.0,NS-LU,4
RL,E5,4,2,60.0,EW-SR,4
RL,E5,4,3,10.0,EW-LU,4
RL,E5,5,0,10.0,NS-SR,4
RL,E5,5,1,10.0,NS-LU,4
RL,E5,5,2,60.0,EW-SR,4
RL,E5,5,3,10.0,EW-LU,4
RL,E5,6,0,10.0,NS-SR,4
RL,E5,6,1,10.0,NS-LU,4
RL,E5,6,2,60.0,EW-SR,4
RL,E5,6,3,10.0,EW-LU,4
RL,E5,7,0,10.0,NS-SR,4
RL,E5,7,1,10.0,NS-LU,4
RL,E5,7,2,60.0,EW-SR,4
RL,E5,7,3,10.0,EW-LU,4
RL,E5,8,0,10.0,NS-SR,4
RL,E5,8,1,10.0,NS-LU,4
RL,E5,8,2,60.0,EW-SR,4
RL,E5,8,3,10.0,EW-LU,4
RL,E5,9,0,10.0,NS-SR,4
RL,E5,9,1,10.0,NS-LU,4
RL,E5,9,2,60.0,EW-SR,4
RL,E5,9,3,10.0,EW-LU,4
RL,E5,10,0,10.0,NS-SR,4
RL,E5,10,1,10.0,NS-LU,4
RL,E5,10,2,60.0,EW-SR,4
RL,E5,10,3,10.0,EW-LU,4
RL,E5,11,0,10.0,NS-SR,4
RL,E5,11,1,10.0,NS-LU,4
RL,E5,11,2,60.0,EW-SR,4
RL,E5,11,3,10.0,EW-LU,4
RL,E5,12,0,10.0,NS-SR,4
RL,E5,12,1,10.0,NS-LU,4
RL,E5,12,2,60.0,EW-SR,4
RL,E5,12,3,10.0,EW-LU,4
RL,E5,13,0,10.0,NS-SR,4
RL,E5,13,1,10.0,NS-LU,4
RL,E5,13,2,60.0,EW-SR,4
RL,E5,13,3,10.0,EW-LU,4
RL,E5,14,0,10.0,NS-SR,4
RL,E5,14,1,10.0,NS-LU,4
RL,E5,14,2,60.0,EW-SR,4
RL,E5,14,3,10.0,EW-LU,4
RL,E5,15,0,10.0,NS-SR,4
RL,E5,15,1,10.0,NS-LU,4
RL,E5,15,2,60.0,EW-SR,4
RL,E5,15,3,10.0,EW-LU,4
RL,E5,16,0,10.0,NS-SR,4
RL,E5,16,1,10.0,NS-LU,4
RL,E5,16,2,60.0,EW-SR,4
RL,E5,16,3,10.0,EW-LU,4
RL,E5,17,0,10.0,NS-SR,4
RL,E5,17,1,10.0,NS-LU,4
RL,E5,17,2,60.0,EW-SR,4
RL,E5,17,3,10.0,EW-LU,4
RL,E5,18,0,10.0,NS-SR,4
RL,E5,18,1,10.0,NS-LU,4
RL,E5,18,2,60.0,EW-SR,4
RL,E5,18,3,10.0,EW-LU,4
RL,E5,19,0,10.0,NS-SR,4
RL,E5,19,1,10.0,NS-LU,4
RL,E5,19,2,60.0,EW-SR,4
RL,E5,19,3,10.0,EW-LU,4
RL,E5,20,0,10.0,NS-SR,4
RL,E5,20,1,10.0,NS-LU,4
RL,E5,20,2,60.0,EW-SR,4
RL,E5,20,3,10.0,EW-LU,4
RL,E5,21,0,10.0,NS-SR,4
RL,E5,21,1,10.0,NS-LU,4
RL,E5,21,2,60.0,EW-SR,4
RL,E5,21,3,10.0,EW-LU,4
RL,E5,22,0,10.0,NS-SR,4
RL,E5,22,1,10.0,NS-LU,4
RL,E5,22,2,60.0,EW-SR,4
RL,E5,22,3,10.0,EW-LU,4
RL,E5,23,0,10.0,NS-SR,4
RL,E5,23,1,10.0,NS-LU,4
RL,E5,23,2,60.0,EW-SR,4
RL,E5,23,3,10.0,EW-LU,4
RL,E5,24,0,10.0,NS-SR,4
RL,E5,24,1,10.0,NS-LU,4
RL,E5,24,2,60.0,EW-SR,4
RL,E5,24,3,10.0,EW-LU,4
RL,E5,25,0,10.0,NS-SR,4
RL,E5,25,1,10.0,NS-LU,4
RL,E5,25,2,60.0,EW-SR,4
RL,E5,25,3,10.0,EW-LU,4
RL,E5,26,0,10.0,NS-SR,4
RL,E5,26,1,10.0,NS-LU,4
RL,E5,26,2,60.0,EW-SR,4
RL,E5,26,3,10.0,EW-LU,4
RL,E5,27,0,10.0,NS-SR,4
RL,E5,27,1,10.0,NS-LU,4
RL,E5,27,2,60.0,EW-SR,4
RL,E5,27,3,10.0,EW-LU,4
RL,E5,28,0,10.0,NS-SR,4
RL,E5,28,1,10.0,NS-LU,4
RL,E5,28,2,60.0,EW-SR,4
RL,E5,28,3,10.0,EW-LU,4
RL,E5,29,0,10.0,NS-SR,4
RL,E5,29,1,10.0,NS-LU,4
RL,E5,29,2,60.0,EW-SR,4
RL,E5,29,3,10.0,EW-LU,4
RL,E5,30,0,10.0,NS-SR,4
RL,E5,30,1,10.0,NS-LU,4
RL,E5,30,2,60.0,EW-SR,4
RL,E5,30,3,10.0,EW-LU,4
RL,E5,31,0,10.0,NS-SR,4
RL,E5,31,1,10.0,NS-LU,4
RL,E5,31,2,60.0,EW-SR,4
RL,E5,31,3,10.0,EW-LU,4
RL,E5,32,0,10.0,NS-SR,4
RL,E5,32,1,10.0,NS-LU,4
RL,E5,32,2,60.0,EW-SR,4
RL,E5,32,3,10.0,EW-LU,4
RL,E5,33,0,10.0,NS-SR,4
RL,E5,33,1,10.0,NS-LU,4
RL,E5,33,2,60.0,EW-SR,4
RL,E5,33,3,10.0,EW-LU,4
RL,E5,34,0,10.0,NS-SR,4
RL,E5,34,1,10.0,NS-LU,4
RL,E5,34,2,60.0,EW-SR,4
RL,E5,34,3,10.0,EW-LU,4
RL,E5,35,0,10.0,NS-SR,4
RL,E5,35,1,10.0,NS-LU,4
RL,E5,35,2,60.0,EW-SR,4
RL,E5,35,3,10.0,EW-LU,4
RL,E5,36,0,10.0,NS-SR,4
RL,E5,36,1,10.0,NS-LU,4
RL,E5,36,2,60.0,EW-SR,4
RL,E5,36,3,10.0,EW-LU,4
RL,E5,37,0,10.0,NS-SR,4
RL,E5,37,1,10.0,NS-LU,4
RL,E5,37,2,60.0,EW-SR,4
RL,E5,37,3,10.0,EW-LU,4
RL,E5,38,0,10.0,NS-SR,4
RL,E5,38,1,10.0,NS-LU,4
RL,E5,38,2,60.0,EW-SR,4
RL,E5,38,3,10.0,EW-LU,4
RL,E5,39,0,10.0,NS-SR,4
RL,E5,39,1,10.0,NS-LU,4
RL,E5,39,2,60.0,EW-SR,4
RL,E5,39,3,10.0,EW-LU,4
RL,E5,40,0,10.0,NS-SR,4
RL,E5,40,1,10.0,NS-LU,4
RL,E5,40,2,60.0,EW-SR,4
RL,E5,40,3,10.0,EW-LU,4
RL,E5,41,0,10.0,NS-SR,4
RL,E5,41,1,10.0,NS-LU,4
RL,E5,41,2,60.0,EW-SR,4
RL,E5,41,3,10.0,EW-LU,4
RL,E5,42,0,10.0,NS-SR,4
RL,E5,42,1,10.0,NS-LU,4
RL,E5,42,2,60.0,EW-SR,4
RL,E5,42,3,10.0,EW-LU,4
RL,E5,43,0,10.0,NS-SR,4
RL,E5,43,1,10.0,NS-LU,4
RL,E5,43,2,60.0,EW-SR,4
RL,E5,43,3,10.0,EW-LU,4
RL,E5,44,0,10.0,NS-SR,4
RL,E5,44,1,10.0,NS-LU,4
RL,E5,44,2,60.0,EW-SR,4
RL,E5,44,3,10.0,EW-LU,4
RL,E5,45,0,10.0,NS-SR,4
RL,E5,45,1,10.0,NS-LU,4
RL,E5,45,2,60.0,EW-SR,4
RL,E5,45,3,10.0,EW-LU,4
RL,E5,46,0,10.0,NS-SR,4
RL,E5,46,1,10.0,NS-LU,4
RL,E5,46,2,60.0,EW-SR,4
RL,E5,46,3,10.0,EW-LU,4
RL,E5,47,0,10.0,NS-SR,4
RL,E5,47,1,10.0,NS-LU,4
RL,E5,47,2,60.0,EW-SR,4
RL,E5,47,3,10.0,EW-LU,4
RL,E5,48,0,10.0,NS-SR,4
RL,E5,48,1,10.0,NS-LU,4
RL,E5,48,2,60.0,EW-SR,4
RL,E5,48,3,10.0,EW-LU,4
RL,E5,49,0,10.0,NS-SR,4
RL,E5,49,1,10.0,NS-LU,4
RL,E5,49,2,60.0,EW-SR,4
RL,E5,49,3,10.0,EW-LU,4
RL,E5,50,0,10.0,NS-SR,4
RL,E5,50,1,10.0,NS-LU,4
RL,E5,50,2,60.0,EW-SR,4
RL,E5,50,3,10.0,EW-LU,4
RL,E5,51,0,10.0,NS-SR,4
RL,E5,51,1,10.0,NS-LU,4
RL,E5,51,2,60.0,EW-SR,4
RL,E5,51,3,10.0,EW-LU,4
RL,E5,52,0,10.0,NS-SR,4
RL,E5,52,1,10.0,NS-LU,4
RL,E5,52,2,60.0,EW-SR,4
RL,E5,52,3,10.0,EW-LU,4
RL,E5,53,0,10.0,NS-SR,4
RL,E5,53,1,10.0,NS-LU,4
RL,E5,53,2,60.0,EW-SR,4
RL,E5,53,3,10.0,EW-LU,4
RL,E5,54,0,10.0,NS-SR,4
RL,E5,54,1,10.0,NS-LU,4
RL,E5,54,2,60.0,EW-SR,4
RL,E5,54,3,10.0,EW-LU,4
RL,E5,55,0,10.0,NS-SR,4
RL,E5,55,1,10.0,NS-LU,4
RL,E5,55,2,60.0,EW-SR,4
RL,E5,55,3,10.0,EW-LU,4
RL,E5,56,0,10.0,NS-SR,4
RL,E5,56,1,10.0,NS-LU,4
RL,E5,56,2,60.0,EW-SR,4
RL,E5,56,3,10.0,EW-LU,4
RL,E5,57,0,10.0,NS-SR,4
RL,E5,57,1,10.0,NS-LU,4
RL,E5,57,2,60.0,EW-SR,4
RL,E5,57,3,10.0,EW-LU,4
RL,E5,58,0,10.0,NS-SR,4
RL,E5,58,1,10.0,NS-LU,4
RL,E5,58,2,60.0,EW-SR,4
RL,E5,58,3,10.0,EW-LU,4
RL,E5,59,0,10.0,NS-SR,4
RL,E5,59,1,10.0,NS-LU,4
RL,E5,59,2,60.0,EW-SR,4
RL,E5,59,3,10.0,EW-LU,4
RL,E5,60,0,10.0,NS-SR,4
RL,E5,60,1,10.0,NS-LU,4
RL,E5,60,2,60.0,EW-SR,4
RL,E5,60,3,10.0,EW-LU,4
RL,E5,61,0,10.0,NS-SR,4
RL,E5,61,1,10.0,NS-LU,4
RL,E5,61,2,60.0,EW-SR,4
RL,E5,61,3,10.0,EW-LU,4
RL,E5,62,0,10.0,NS-SR,4
RL,E5,62,1,10.0,NS-LU,4
RL,E5,62,2,60.0,EW-SR,4
RL,E5,62,3,10.0,EW-LU,4
RL,E5,63,0,10.0,NS-SR,4
RL,E5,63,1,10.0,NS-LU,4
RL,E5,63,2,60.0,EW-SR,4
RL,E5,63,3,10.0,EW-LU,4
RL,E5,64,0,10.0,NS-SR,4
RL,E5,64,1,10.0,NS-LU,4
RL,E5,64,2,60.0,EW-SR,4
RL,E5,64,3,10.0,EW-LU,4
RL,E5,65,0,10.0,NS-SR,4
RL,E5,65,1,10.0,NS-LU,4
RL,E5,65,2,60.0,EW-SR,4
RL,E5,65,3,10.0,EW-LU,4
RL,E5,66,0,10.0,NS-SR,4
RL,E5,66,1,10.0,NS-LU,4
RL,E5,66,2,60.0,EW-SR,4
RL,E5,66,3,10.0,EW-LU,4
RL,E5,67,0,10.0,NS-SR,4
RL,E5,67,1,10.0,NS-LU,4
RL,E5,67,2,60.0,EW-SR,4
RL,E5,67,3,10.0,EW-LU,4
RL,E5,68,0,10.0,NS-SR,4
RL,E5,68,1,10.0,NS-LU,4
RL,E5,68,2,60.0,EW-SR,4
RL,E5,68,3,10.0,EW-LU,4
RL,E5,69,0,10.0,NS-SR,4
RL,E5,69,1,10.0,NS-LU,4
RL,E5,69,2,60.0,EW-SR,4
RL,E5,69,3,10.0,EW-LU,4
RL,E5,70,0,10.0,NS-SR,4
RL,E5,70,1,10.0,NS-LU,4
RL,E5,70,2,60.0,EW-SR,4
RL,E5,70,3,10.0,EW-LU,4
RL,E5,71,0,10.0,NS-SR,4
RL,E5,71,1,10.0,NS-LU,4
RL,E5,71,2,60.0,EW-SR,4
RL,E5,71,3,10.0,EW-LU,4
RL,E5,72,0,10.0,NS-SR,4
RL,E5,72,1,10.0,NS-LU,4
RL,E5,72,2,60.0,EW-SR,4
RL,E5,72,3,10.0,EW-LU,4
RL,E5,73,0,10.0,NS-SR,4
RL,E5,73,1,10.0,NS-LU,4
RL,E5,73,2,60.0,EW-SR,4
RL,E5,73,3,10.0,EW-LU,4
RL,E5,74,0,11.0,NS-SR,4
RL,E5,74,1,11.0,NS-LU,4
RL,E5,74,2,57.0,EW-SR,4
RL,E5,74,3,11.0,EW-LU,4
RL,E5,75,0,10.0,NS-SR,4
RL,E5,75,1,10.0,NS-LU,4
RL,E5,75,2,60.0,EW-SR,4
RL,E5,75,3,10.0,EW-LU,4
RL,E5,76,0,10.0,NS-SR,4
RL,E5,76,1,10.0,NS-LU,4
RL,E5,76,2,60.0,EW-SR,4
RL,E5,76,3,10.0,EW-LU,4
RL,E5,77,0,10.0,NS-SR,4
RL,E5,77,1,10.0,NS-LU,4
RL,E5,77,2,60.0,EW-SR,4
RL,E5,77,3,10.0,EW-LU,4
RL,E5,78,0,10.0,NS-SR,4
RL,E5,78,1,10.0,NS-LU,4
RL,E5,78,2,60.0,EW-SR,4
RL,E5,78,3,10.0,EW-LU,4
RL,E5,79,0,10.0,NS-SR,4
RL,E5,79,1,10.0,NS-LU,4
RL,E5,79,2,60.0,EW-SR,4
RL,E5,79,3,10.0,EW-LU,4
RL,E5,80,0,10.0,NS-SR,4
RL,E5,80,1,10.0,NS-LU,4
RL,E5,80,2,60.0,EW-SR,4
RL,E5,80,3,10.0,EW-LU,4
RL,B0,0,0,12.0,NS-SR,4
RL,B0,0,1,12.0,NS-LU,4
RL,B0,0,2,46.0,EW-SR,4
RL,B0,0,3,20.0,EW-LU,4
RL,B0,1,0,17.0,NS-SR,4
RL,B0,1,1,17.0,NS-LU,4
RL,B0,1,2,39.0,EW-SR,4
RL,B0,1,3,17.0,EW-LU,4
RL,B0,2,0,24.0,NS-SR,4
RL,B0,2,1,22.0,NS-LU,4
RL,B0,2,2,22.0,EW-SR,4
RL,B0,2,3,22.0,EW-LU,4
RL,B0,3,0,24.0,NS-SR,4
RL,B0,3,1,22.0,NS-LU,4
RL,B0,3,2,22.0,EW-SR,4
RL,B0,3,3,22.0,EW-LU,4
RL,B0,4,0,24.0,NS-SR,4
RL,B0,4,1,22.0,NS-LU,4
RL,B0,4,2,22.0,EW-SR,4
RL,B0,4,3,22.0,EW-LU,4
RL,B0,5,0,24.0,NS-SR,4
RL,B0,5,1,22.0,NS-LU,4
RL,B0,5,2,22.0,EW-SR,4
RL,B0,5,3,22.0,EW-LU,4
RL,B0,6,0,24.0,NS-SR,4
RL,B0,6,1,22.0,NS-LU,4
RL,B0,6,2,22.0,EW-SR,4
RL,B0,6,3,22.0,EW-LU,4
RL,B0,7,0,24.0,NS-SR,4
RL,B0,7,1,22.0,NS-LU,4
RL,B0,7,2,22.0,EW-SR,4
RL,B0,7,3,22.0,EW-LU,4
RL,B0,8,0,24.0,NS-SR,4
RL,B0,8,1,22.0,NS-LU,4
RL,B0,8,2,22.0,EW-SR,4
RL,B0,8,3,22.0,EW-LU,4
RL,B0,9,0,24.0,NS-SR,4
RL,B0,9,1,22.0,NS-LU,4
RL,B0,9,2,22.0,EW-SR,4
RL,B0,9,3,22.0,EW-LU,4
RL,B0,10,0,24.0,NS-SR,4
RL,B0,10,1,22.0,NS-LU,4
RL,B0,10,2,22.0,EW-SR,4
RL,B0,10,3,22.0,EW-LU,4
RL,B0,11,0,24.0,NS-SR,4
RL,B0,11,1,22.0,NS-LU,4
RL,B0,11,2,22.0,EW-SR,4
RL,B0,11,3,22.0,EW-LU,4
RL,B0,12,0,24.0,NS-SR,4
RL,B0,12,1,22.0,NS-LU,4
RL,B0,12,2,22.0,EW-SR,4
RL,B0,12,3,22.0,EW-LU,4
RL,B0,13,0,24.0,NS-SR,4
RL,B0,13,1,22.0,NS-LU,4
RL,B0,13,2,22.0,EW-SR,4
RL,B0,13,3,22.0,EW-LU,4
RL,B0,14,0,24.0,NS-SR,4
RL,B0,14,1,22.0,NS-LU,4
RL,B0,14,2,22.0,EW-SR,4
RL,B0,14,3,22.0,EW-LU,4
RL,B0,15,0,24.0,NS-SR,4
RL,B0,15,1,22.0,NS-LU,4
RL,B0,15,2,22.0,EW-SR,4
RL,B0,15,3,22.0,EW-LU,4
RL,B0,16,0,24.0,NS-SR,4
RL,B0,16,1,22.0,NS-LU,4
RL,B0,16,2,22.0,EW-SR,4
RL,B0,16,3,22.0,EW-LU,4
RL,B0,17,0,24.0,NS-SR,4
RL,B0,17,1,22.0,NS-LU,4
RL,B0,17,2,22.0,EW-SR,4
RL,B0,17,3,22.0,EW-LU,4
RL,B0,18,0,24.0,NS-SR,4
RL,B0,18,1,22.0,NS-LU,4
RL,B0,18,2,22.0,EW-SR,4
RL,B0,18,3,22.0,EW-LU,4
RL,B0,19,0,24.0,NS-SR,4
RL,B0,19,1,22.0,NS-LU,4
RL,B0,19,2,22.0,EW-SR,4
RL,B0,19,3,22.0,EW-LU,4
RL,B0,20,0,24.0,NS-SR,4
RL,B0,20,1,22.0,NS-LU,4
RL,B0,20,2,22.0,EW-SR,4
RL,B0,20,3,22.0,EW-LU,4
RL,B0,21,0,24.0,NS-SR,4
RL,B0,21,1,22.0,NS-LU,4
RL,B0,21,2,22.0,EW-SR,4
RL,B0,21,3,22.0,EW-LU,4
RL,B0,22,0,24.0,NS-SR,4
RL,B0,22,1,22.0,NS-LU,4
RL,B0,22,2,22.0,EW-SR,4
RL,B0,22,3,22.0,EW-LU,4
RL,B0,23,0,24.0,NS-SR,4
RL,B0,23,1,22.0,NS-LU,4
RL,B0,23,2,22.0,EW-SR,4
RL,B0,23,3,22.0,EW-LU,4
RL,B0,24,0,24.0,NS-SR,4
RL,B0,24,1,22.0,NS-LU,4
RL,B0,24,2,22.0,EW-SR,4
RL,B0,24,3,22.0,EW-LU,4
RL,B0,25,0,24.0,NS-SR,4
RL,B0,25,1,22.0,NS-LU,4
RL,B0,25,2,22.0,EW-SR,4
RL,B0,25,3,22.0,EW-LU,4
RL,B0,26,0,24.0,NS-SR,4
RL,B0,26,1,22.0,NS-LU,4
RL,B0,26,2,22.0,EW-SR,4
RL,B0,26,3,22.0,EW-LU,4
RL,B0,27,0,24.0,NS-SR,4
RL,B0,27,1,22.0,NS-LU,4
RL,B0,27,2,22.0,EW-SR,4
RL,B0,27,3,22.0,EW-LU,4
RL,B0,28,0,24.0,NS-SR,4
RL,B0,28,1,22.0,NS-LU,4
RL,B0,28,2,22.0,EW-SR,4
RL,B0,28,3,22.0,EW-LU,4
RL,B0,29,0,24.0,NS-SR,4
RL,B0,29,1,22.0,NS-LU,4
RL,B0,29,2,22.0,EW-SR,4
RL,B0,29,3,22.0,EW-LU,4
RL,B0,30,0,24.0,NS-SR,4
RL,B0,30,1,22.0,NS-LU,4
RL,B0,30,2,22.0,EW-SR,4
RL,B0,30,3,22.0,EW-LU,4
RL,B0,31,0,24.0,NS-SR,4
RL,B0,31,1,22.0,NS-LU,4
RL,B0,31,2,22.0,EW-SR,4
RL,B0,31,3,22.0,EW-LU,4
RL,B0,32,0,24.0,NS-SR,4
RL,B0,32,1,22.0,NS-LU,4
RL,B0,32,2,22.0,EW-SR,4
RL,B0,32,3,22.0,EW-LU,4
RL,B0,33,0,24.0,NS-SR,4
RL,B0,33,1,22.0,NS-LU,4
RL,B0,33,2,22.0,EW-SR,4
RL,B0,33,3,22.0,EW-LU,4
RL,B0,34,0,24.0,NS-SR,4
RL,B0,34,1,22.0,NS-LU,4
RL,B0,34,2,22.0,EW-SR,4
RL,B0,34,3,22.0,EW-LU,4
RL,B0,35,0,24.0,NS-SR,4
RL,B0,35,1,22.0,NS-LU,4
RL,B0,35,2,22.0,EW-SR,4
RL,B0,35,3,22.0,EW-LU,4
RL,B0,36,0,24.0,NS-SR,4
RL,B0,36,1,22.0,NS-LU,4
RL,B0,36,2,22.0,EW-SR,4
RL,B0,36,3,22.0,EW-LU,4
RL,B0,37,0,24.0,NS-SR,4
RL,B0,37,1,22.0,NS-LU,4
RL,B0,37,2,22.0,EW-SR,4
RL,B0,37,3,22.0,EW-LU,4
RL,B0,38,0,24.0,NS-SR,4
RL,B0,38,1,22.0,NS-LU,4
RL,B0,38,2,22.0,EW-SR,4
RL,B0,38,3,22.0,EW-LU,4
RL,B0,39,0,24.0,NS-SR,4
RL,B0,39,1,22.0,NS-LU,4
RL,B0,39,2,22.0,EW-SR,4
RL,B0,39,3,22.0,EW-LU,4
RL,B0,40,0,24.0,NS-SR,4
RL,B0,40,1,22.0,NS-LU,4
RL,B0,40,2,22.0,EW-SR,4
RL,B0,40,3,22.0,EW-LU,4
RL,B0,41,0,24.0,NS-SR,4
RL,B0,41,1,22.0,NS-LU,4
RL,B0,41,2,22.0,EW-SR,4
RL,B0,41,3,22.0,EW-LU,4
RL,B0,42,0,24.0,NS-SR,4
RL,B0,42,1,22.0,NS-LU,4
RL,B0,42,2,22.0,EW-SR,4
RL,B0,42,3,22.0,EW-LU,4
RL,B0,43,0,24.0,NS-SR,4
RL,B0,43,1,22.0,NS-LU,4
RL,B0,43,2,22.0,EW-SR,4
RL,B0,43,3,22.0,EW-LU,4
RL,B0,44,0,24.0,NS-SR,4
RL,B0,44,1,22.0,NS-LU,4
RL,B0,44,2,22.0,EW-SR,4
RL,B0,44,3,22.0,EW-LU,4
RL,B0,45,0,24.0,NS-SR,4
RL,B0,45,1,22.0,NS-LU,4
RL,B0,45,2,22.0,EW-SR,4
RL,B0,45,3,22.0,EW-LU,4
RL,B0,46,0,24.0,NS-SR,4
RL,B0,46,1,22.0,NS-LU,4
RL,B0,46,2,22.0,EW-SR,4
RL,B0,46,3,22.0,EW-LU,4
RL,B0,47,0,24.0,NS-SR,4
RL,B0,47,1,22.0,NS-LU,4
RL,B0,47,2,22.0,EW-SR,4
RL,B0,47,3,22.0,EW-LU,4
RL,B0,48,0,24.0,NS-SR,4
RL,B0,48,1,22.0,NS-LU,4
RL,B0,48,2,22.0,EW-SR,4
RL,B0,48,3,22.0,EW-LU,4
RL,B0,49,0,24.0,NS-SR,4
RL,B0,49,1,22.0,NS-LU,4
RL,B0,49,2,22.0,EW-SR,4
RL,B0,49,3,22.0,EW-LU,4
RL,B0,50,0,24.0,NS-SR,4
RL,B0,50,1,22.0,NS-LU,4
RL,B0,50,2,22.0,EW-SR,4
RL,B0,50,3,22.0,EW-LU,4
RL,B0,51,0,24.0,NS-SR,4
RL,B0,51,1,22.0,NS-LU,4
RL,B0,51,2,22.0,EW-SR,4
RL,B0,51,3,22.0,EW-LU,4
RL,B0,52,0,24.0,NS-SR,4
RL,B0,52,1,22.0,NS-LU,4
RL,B0,52,2,22.0,EW-SR,4
RL,B0,52,3,22.0,EW-LU,4
RL,B0,53,0,24.0,NS-SR,4
RL,B0,53,1,22.0,NS-LU,4
RL,B0,53,2,22.0,EW-SR,4
RL,B0,53,3,22.0,EW-LU,4
RL,B0,54,0,24.0,NS-SR,4
RL,B0,54,1,22.0,NS-LU,4
RL,B0,54,2,22.0,EW-SR,4
RL,B0,54,3,22.0,EW-LU,4
RL,B0,55,0,24.0,NS-SR,4
RL,B0,55,1,22.0,NS-LU,4
RL,B0,55,2,22.0,EW-SR,4
RL,B0,55,3,22.0,EW-LU,4
RL,B0,56,0,24.0,NS-SR,4
RL,B0,56,1,22.0,NS-LU,4
RL,B0,56,2,22.0,EW-SR,4
RL,B0,56,3,22.0,EW-LU,4
RL,B0,57,0,24.0,NS-SR,4
RL,B0,57,1,22.0,NS-LU,4
RL,B0,57,2,22.0,EW-SR,4
RL,B0,57,3,22.0,EW-LU,4
RL,B0,58,0,24.0,NS-SR,4
RL,B0,58,1,22.0,NS-LU,4
RL,B0,58,2,22.0,EW-SR,4
RL,B0,58,3,22.0,EW-LU,4
RL,B0,59,0,24.0,NS-SR,4
RL,B0,59,1,22.0,NS-LU,4
RL,B0,59,2,22.0,EW-SR,4
RL,B0,59,3,22.0,EW-LU,4
RL,B0,60,0,24.0,NS-SR,4
RL,B0,60,1,22.0,NS-LU,4
RL,B0,60,2,22.0,EW-SR,4
RL,B0,60,3,22.0,EW-LU,4
RL,B0,61,0,24.0,NS-SR,4
RL,B0,61,1,22.0,NS-LU,4
RL,B0,61,2,22.0,EW-SR,4
RL,B0,61,3,22.0,EW-LU,4
RL,B0,62,0,24.0,NS-SR,4
RL,B0,62,1,22.0,NS-LU,4
RL,B0,62,2,22.0,EW-SR,4
RL,B0,62,3,22.0,EW-LU,4
RL,B0,63,0,24.0,NS-SR,4
RL,B0,63,1,22.0,NS-LU,4
RL,B0,63,2,22.0,EW-SR,4
RL,B0,63,3,22.0,EW-LU,4
RL,B0,64,0,24.0,NS-SR,4
RL,B0,64,1,22.0,NS-LU,4
RL,B0,64,2,22.0,EW-SR,4
RL,B0,64,3,22.0,EW-LU,4
RL,B0,65,0,24.0,NS-SR,4
RL,B0,65,1,22.0,NS-LU,4
RL,B0,65,2,22.0,EW-SR,4
RL,B0,65,3,22.0,EW-LU,4
RL,B0,66,0,24.0,NS-SR,4
RL,B0,66,1,22.0,NS-LU,4
RL,B0,66,2,22.0,EW-SR,4
RL,B0,66,3,22.0,EW-LU,4
RL,B0,67,0,24.0,NS-SR,4
RL,B0,67,1,22.0,NS-LU,4
RL,B0,67,2,22.0,EW-SR,4
RL,B0,67,3,22.0,EW-LU,4
RL,B0,68,0,24.0,NS-SR,4
RL,B0,68,1,22.0,NS-LU,4
RL,B0,68,2,22.0,EW-SR,4
RL,B0,68,3,22.0,EW-LU,4
RL,B0,69,0,24.0,NS-SR,4
RL,B0,69,1,22.0,NS-LU,4
RL,B0,69,2,22.0,EW-SR,4
RL,B0,69,3,22.0,EW-LU,4
RL,B0,70,0,24.0,NS-SR,4
RL,B0,70,1,22.0,NS-LU,4
RL,B0,70,2,22.0,EW-SR,4
RL,B0,70,3,22.0,EW-LU,4
RL,B0,71,0,24.0,NS-SR,4
RL,B0,71,1,22.0,NS-LU,4
RL,B0,71,2,22.0,EW-SR,4
RL,B0,71,3,22.0,EW-LU,4
RL,B0,72,0,24.0,NS-SR,4
RL,B0,72,1,22.0,NS-LU,4
RL,B0,72,2,22.0,EW-SR,4
RL,B0,72,3,22.0,EW-LU,4
RL,B0,73,0,24.0,NS-SR,4
RL,B0,73,1,22.0,NS-LU,4
RL,B0,73,2,22.0,EW-SR,4
RL,B0,73,3,22.0,EW-LU,4
RL,B0,74,0,24.0,NS-SR,4
RL,B0,74,1,22.0,NS-LU,4
RL,B0,74,2,22.0,EW-SR,4
RL,B0,74,3,22.0,EW-LU,4
RL,B0,75,0,24.0,NS-SR,4
RL,B0,75,1,22.0,NS-LU,4
RL,B0,75,2,22.0,EW-SR,4
RL,B0,75,3,22.0,EW-LU,4
RL,B0,76,0,24.0,NS-SR,4
RL,B0,76,1,22.0,NS-LU,4
RL,B0,76,2,22.0,EW-SR,4
RL,B0,76,3,22.0,EW-LU,4
RL,B0,77,0,24.0,NS-SR,4
RL,B0,77,1,22.0,NS-LU,4
RL,B0,77,2,22.0,EW-SR,4
RL,B0,77,3,22.0,EW-LU,4
RL,B0,78,0,24.0,NS-SR,4
RL,B0,78,1,22.0,NS-LU,4
RL,B0,78,2,22.0,EW-SR,4
RL,B0,78,3,22.0,EW-LU,4
RL,B0,79,0,24.0,NS-SR,4
RL,B0,79,1,22.0,NS-LU,4
RL,B0,79,2,22.0,EW-SR,4
RL,B0,79,3,22.0,EW-LU,4
RL,B0,80,0,24.0,NS-SR,4
RL,B0,80,1,22.0,NS-LU,4
RL,B0,80,2,22.0,EW-SR,4
RL,B0,80,3,22.0,EW-LU,4
RL,C2,0,0,54.0,NS-SR,4
RL,C2,0,1,16.0,NS-LU,4
RL,C2,0,2,10.0,EW-SR,4
RL,C2,0,3,10.0,EW-LU,4
RL,C2,1,0,55.0,NS-SR,4
RL,C2,1,1,15.0,NS-LU,4
RL,C2,1,2,10.0,EW-SR,4
RL,C2,1,3,10.0,EW-LU,4
RL,C2,2,0,56.0,NS-SR,4
RL,C2,2,1,14.0,NS-LU,4
RL,C2,2,2,10.0,EW-SR,4
RL,C2,2,3,10.0,EW-LU,4
RL,C2,3,0,58.0,NS-SR,4
RL,C2,3,1,12.0,NS-LU,4
RL,C2,3,2,10.0,EW-SR,4
RL,C2,3,3,10.0,EW-LU,4
RL,C2,4,0,58.0,NS-SR,4
RL,C2,4,1,12.0,NS-LU,4
RL,C2,4,2,10.0,EW-SR,4
RL,C2,4,3,10.0,EW-LU,4
RL,C2,5,0,58.0,NS-SR,4
RL,C2,5,1,12.0,NS-LU,4
RL,C2,5,2,10.0,EW-SR,4
RL,C2,5,3,10.0,EW-LU,4
RL,C2,6,0,58.0,NS-SR,4
RL,C2,6,1,12.0,NS-LU,4
RL,C2,6,2,10.0,EW-SR,4
RL,C2,6,3,10.0,EW-LU,4
RL,C2,7,0,58.0,NS-SR,4
RL,C2,7,1,12.0,NS-LU,4
RL,C2,7,2,10.0,EW-SR,4
RL,C2,7,3,10.0,EW-LU,4
RL,C2,8,0,59.0,NS-SR,4
RL,C2,8,1,11.0,NS-LU,4
RL,C2,8,2,10.0,EW-SR,4
RL,C2,8,3,10.0,EW-LU,4
RL,C2,9,0,58.0,NS-SR,4
RL,C2,9,1,12.0,NS-LU,4
RL,C2,9,2,10.0,EW-SR,4
RL,C2,9,3,10.0,EW-LU,4
RL,C2,10,0,56.0,NS-SR,4
RL,C2,10,1,14.0,NS-LU,4
RL,C2,10,2,10.0,EW-SR,4
RL,C2,10,3,10.0,EW-LU,4
RL,C2,11,0,57.0,NS-SR,4
RL,C2,11,1,13.0,NS-LU,4
RL,C2,11,2,10.0,EW-SR,4
RL,C2,11,3,10.0,EW-LU,4
RL,C2,12,0,58.0,NS-SR,4
RL,C2,12,1,12.0,NS-LU,4
RL,C2,12,2,10.0,EW-SR,4
RL,C2,12,3,10.0,EW-LU,4
RL,C2,13,0,58.0,NS-SR,4
RL,C2,13,1,12.0,NS-LU,4
RL,C2,13,2,10.0,EW-SR,4
RL,C2,13,3,10.0,EW-LU,4
RL,C2,14,0,58.0,NS-SR,4
RL,C2,14,1,12.0,NS-LU,4
RL,C2,14,2,10.0,EW-SR,4
RL,C2,14,3,10.0,EW-LU,4
RL,C2,15,0,58.0,NS-SR,4
RL,C2,15,1,12.0,NS-LU,4
RL,C2,15,2,10.0,EW-SR,4
RL,C2,15,3,10.0,EW-LU,4
RL,C2,16,0,58.0,NS-SR,4
RL,C2,16,1,12.0,NS-LU,4
RL,C2,16,2,10.0,EW-SR,4
RL,C2,16,3,10.0,EW-LU,4
RL,C2,17,0,57.0,NS-SR,4
RL,C2,17,1,13.0,NS-LU,4
RL,C2,17,2,10.0,EW-SR,4
RL,C2,17,3,10.0,EW-LU,4
RL,C2,18,0,58.0,NS-SR,4
RL,C2,18,1,12.0,NS-LU,4
RL,C2,18,2,10.0,EW-SR,4
RL,C2,18,3,10.0,EW-LU,4
RL,C2,19,0,58.0,NS-SR,4
RL,C2,19,1,12.0,NS-LU,4
RL,C2,19,2,10.0,EW-SR,4
RL,C2,19,3,10.0,EW-LU,4
RL,C2,20,0,57.0,NS-SR,4
RL,C2,20,1,13.0,NS-LU,4
RL,C2,20,2,10.0,EW-SR,4
RL,C2,20,3,10.0,EW-LU,4
RL,C2,21,0,57.0,NS-SR,4
RL,C2,21,1,13.0,NS-LU,4
RL,C2,21,2,10.0,EW-SR,4
RL,C2,21,3,10.0,EW-LU,4
RL,C2,22,0,58.0,NS-SR,4
RL,C2,22,1,12.0,NS-LU,4
RL,C2,22,2,10.0,EW-SR,4
RL,C2,22,3,10.0,EW-LU,4
RL,C2,23,0,58.0,NS-SR,4
RL,C2,23,1,12.0,NS-LU,4
RL,C2,23,2,10.0,EW-SR,4
RL,C2,23,3,10.0,EW-LU,4
RL,C2,24,0,56.0,NS-SR,4
RL,C2,24,1,14.0,NS-LU,4
RL,C2,24,2,10.0,EW-SR,4
RL,C2,24,3,10.0,EW-LU,4
RL,C2,25,0,57.0,NS-SR,4
RL,C2,25,1,13.0,NS-LU,4
RL,C2,25,2,10.0,EW-SR,4
RL,C2,25,3,10.0,EW-LU,4
RL,C2,26,0,58.0,NS-SR,4
RL,C2,26,1,12.0,NS-LU,4
RL,C2,26,2,10.0,EW-SR,4
RL,C2,26,3,10.0,EW-LU,4
RL,C2,27,0,57.0,NS-SR,4
RL,C2,27,1,13.0,NS-LU,4
RL,C2,27,2,10.0,EW-SR,4
RL,C2,27,3,10.0,EW-LU,4
RL,C2,28,0,57.0,NS-SR,4
RL,C2,28,1,13.0,NS-LU,4
RL,C2,28,2,10.0,EW-SR,4
RL,C2,28,3,10.0,EW-LU,4
RL,C2,29,0,57.0,NS-SR,4
RL,C2,29,1,13.0,NS-LU,4
RL,C2,29,2,10.0,EW-SR,4
RL,C2,29,3,10.0,EW-LU,4
RL,C2,30,0,56.0,NS-SR,4
RL,C2,30,1,14.0,NS-LU,4
RL,C2,30,2,10.0,EW-SR,4
RL,C2,30,3,10.0,EW-LU,4
RL,C2,31,0,57.0,NS-SR,4
RL,C2,31,1,13.0,NS-LU,4
RL,C2,31,2,10.0,EW-SR,4
RL,C2,31,3,10.0,EW-LU,4
RL,C2,32,0,58.0,NS-SR,4
RL,C2,32,1,12.0,NS-LU,4
RL,C2,32,2,10.0,EW-SR,4
RL,C2,32,3,10.0,EW-LU,4
RL,C2,33,0,55.0,NS-SR,4
RL,C2,33,1,15.0,NS-LU,4
RL,C2,33,2,10.0,EW-SR,4
RL,C2,33,3,10.0,EW-LU,4
RL,C2,34,0,56.0,NS-SR,4
RL,C2,34,1,14.0,NS-LU,4
RL,C2,34,2,10.0,EW-SR,4
RL,C2,34,3,10.0,EW-LU,4
RL,C2,35,0,57.0,NS-SR,4
RL,C2,35,1,13.0,NS-LU,4
RL,C2,35,2,10.0,EW-SR,4
RL,C2,35,3,10.0,EW-LU,4
RL,C2,36,0,57.0,NS-SR,4
RL,C2,36,1,13.0,NS-LU,4
RL,C2,36,2,10.0,EW-SR,4
RL,C2,36,3,10.0,EW-LU,4
RL,C2,37,0,57.0,NS-SR,4
RL,C2,37,1,13.0,NS-LU,4
RL,C2,37,2,10.0,EW-SR,4
RL,C2,37,3,10.0,EW-LU,4
RL,C2,38,0,56.0,NS-SR,4
RL,C2,38,1,14.0,NS-LU,4
RL,C2,38,2,10.0,EW-SR,4
RL,C2,38,3,10.0,EW-LU,4
RL,C2,39,0,57.0,NS-SR,4
RL,C2,39,1,13.0,NS-LU,4
RL,C2,39,2,10.0,EW-SR,4
RL,C2,39,3,10.0,EW-LU,4
RL,C2,40,0,58.0,NS-SR,4
RL,C2,40,1,12.0,NS-LU,4
RL,C2,40,2,10.0,EW-SR,4
RL,C2,40,3,10.0,EW-LU,4
RL,C2,41,0,57.0,NS-SR,4
RL,C2,41,1,13.0,NS-LU,4
RL,C2,41,2,10.0,EW-SR,4
RL,C2,41,3,10.0,EW-LU,4
RL,C2,42,0,58.0,NS-SR,4
RL,C2,42,1,12.0,NS-LU,4
RL,C2,42,2,10.0,EW-SR,4
RL,C2,42,3,10.0,EW-LU,4
RL,C2,43,0,54.0,NS-SR,4
RL,C2,43,1,16.0,NS-LU,4
RL,C2,43,2,10.0,EW-SR,4
RL,C2,43,3,10.0,EW-LU,4
RL,C2,44,0,56.0,NS-SR,4
RL,C2,44,1,14.0,NS-LU,4
RL,C2,44,2,10.0,EW-SR,4
RL,C2,44,3,10.0,EW-LU,4
RL,C2,45,0,57.0,NS-SR,4
RL,C2,45,1,13.0,NS-LU,4
RL,C2,45,2,10.0,EW-SR,4
RL,C2,45,3,10.0,EW-LU,4
RL,C2,46,0,57.0,NS-SR,4
RL,C2,46,1,13.0,NS-LU,4
RL,C2,46,2,10.0,EW-SR,4
RL,C2,46,3,10.0,EW-LU,4
RL,C2,47,0,54.0,NS-SR,4
RL,C2,47,1,16.0,NS-LU,4
RL,C2,47,2,10.0,EW-SR,4
RL,C2,47,3,10.0,EW-LU,4
RL,C2,48,0,57.0,NS-SR,4
RL,C2,48,1,13.0,NS-LU,4
RL,C2,48,2,10.0,EW-SR,4
RL,C2,48,3,10.0,EW-LU,4
RL,C2,49,0,56.0,NS-SR,4
RL,C2,49,1,14.0,NS-LU,4
RL,C2,49,2,10.0,EW-SR,4
RL,C2,49,3,10.0,EW-LU,4
RL,C2,50,0,58.0,NS-SR,4
RL,C2,50,1,12.0,NS-LU,4
RL,C2,50,2,10.0,EW-SR,4
RL,C2,50,3,10.0,EW-LU,4
RL,C2,51,0,57.0,NS-SR,4
RL,C2,51,1,13.0,NS-LU,4
RL,C2,51,2,10.0,EW-SR,4
RL,C2,51,3,10.0,EW-LU,4
RL,C2,52,0,57.0,NS-SR,4
RL,C2,52,1,13.0,NS-LU,4
RL,C2,52,2,10.0,EW-SR,4
RL,C2,52,3,10.0,EW-LU,4
RL,C2,53,0,55.0,NS-SR,4
RL,C2,53,1,15.0,NS-LU,4
RL,C2,53,2,10.0,EW-SR,4
RL,C2,53,3,10.0,EW-LU,4
RL,C2,54,0,57.0,NS-SR,4
RL,C2,54,1,13.0,NS-LU,4
RL,C2,54,2,10.0,EW-SR,4
RL,C2,54,3,10.0,EW-LU,4
RL,C2,55,0,58.0,NS-SR,4
RL,C2,55,1,12.0,NS-LU,4
RL,C2,55,2,10.0,EW-SR,4
RL,C2,55,3,10.0,EW-LU,4
RL,C2,56,0,55.0,NS-SR,4
RL,C2,56,1,15.0,NS-LU,4
RL,C2,56,2,10.0,EW-SR,4
RL,C2,56,3,10.0,EW-LU,4
RL,C2,57,0,57.0,NS-SR,4
RL,C2,57,1,13.0,NS-LU,4
RL,C2,57,2,10.0,EW-SR,4
RL,C2,57,3,10.0,EW-LU,4
RL,C2,58,0,56.0,NS-SR,4
RL,C2,58,1,14.0,NS-LU,4
RL,C2,58,2,10.0,EW-SR,4
RL,C2,58,3,10.0,EW-LU,4
RL,C2,59,0,56.0,NS-SR,4
RL,C2,59,1,14.0,NS-LU,4
RL,C2,59,2,10.0,EW-SR,4
RL,C2,59,3,10.0,EW-LU,4
RL,C2,60,0,57.0,NS-SR,4
RL,C2,60,1,13.0,NS-LU,4
RL,C2,60,2,10.0,EW-SR,4
RL,C2,60,3,10.0,EW-LU,4
RL,C2,61,0,56.0,NS-SR,4
RL,C2,61,1,14.0,NS-LU,4
RL,C2,61,2,10.0,EW-SR,4
RL,C2,61,3,10.0,EW-LU,4
RL,C2,62,0,57.0,NS-SR,4
RL,C2,62,1,13.0,NS-LU,4
RL,C2,62,2,10.0,EW-SR,4
RL,C2,62,3,10.0,EW-LU,4
RL,C2,63,0,57.0,NS-SR,4
RL,C2,63,1,13.0,NS-LU,4
RL,C2,63,2,10.0,EW-SR,4
RL,C2,63,3,10.0,EW-LU,4
RL,C2,64,0,58.0,NS-SR,4
RL,C2,64,1,12.0,NS-LU,4
RL,C2,64,2,10.0,EW-SR,4
RL,C2,64,3,10.0,EW-LU,4
RL,C2,65,0,58.0,NS-SR,4
RL,C2,65,1,12.0,NS-LU,4
RL,C2,65,2,10.0,EW-SR,4
RL,C2,65,3,10.0,EW-LU,4
RL,C2,66,0,58.0,NS-SR,4
RL,C2,66,1,12.0,NS-LU,4
RL,C2,66,2,10.0,EW-SR,4
RL,C2,66,3,10.0,EW-LU,4
RL,C2,67,0,55.0,NS-SR,4
RL,C2,67,1,15.0,NS-LU,4
RL,C2,67,2,10.0,EW-SR,4
RL,C2,67,3,10.0,EW-LU,4
RL,C2,68,0,57.0,NS-SR,4
RL,C2,68,1,13.0,NS-LU,4
RL,C2,68,2,10.0,EW-SR,4
RL,C2,68,3,10.0,EW-LU,4
RL,C2,69,0,58.0,NS-SR,4
RL,C2,69,1,12.0,NS-LU,4
RL,C2,69,2,10.0,EW-SR,4
RL,C2,69,3,10.0,EW-LU,4
RL,C2,70,0,56.0,NS-SR,4
RL,C2,70,1,14.0,NS-LU,4
RL,C2,70,2,10.0,EW-SR,4
RL,C2,70,3,10.0,EW-LU,4
RL,C2,71,0,57.0,NS-SR,4
RL,C2,71,1,13.0,NS-LU,4
RL,C2,71,2,10.0,EW-SR,4
RL,C2,71,3,10.0,EW-LU,4
RL,C2,72,0,56.0,NS-SR,4
RL,C2,72,1,14.0,NS-LU,4
RL,C2,72,2,10.0,EW-SR,4
RL,C2,72,3,10.0,EW-LU,4
RL,C2,73,0,58.0,NS-SR,4
RL,C2,73,1,12.0,NS-LU,4
RL,C2,73,2,10.0,EW-SR,4
RL,C2,73,3,10.0,EW-LU,4
RL,C2,74,0,58.0,NS-SR,4
RL,C2,74,1,12.0,NS-LU,4
RL,C2,74,2,10.0,EW-SR,4
RL,C2,74,3,10.0,EW-LU,4
RL,C2,75,0,57.0,NS-SR,4
RL,C2,75,1,13.0,NS-LU,4
RL,C2,75,2,10.0,EW-SR,4
RL,C2,75,3,10.0,EW-LU,4
RL,C2,76,0,58.0,NS-SR,4
RL,C2,76,1,12.0,NS-LU,4
RL,C2,76,2,10.0,EW-SR,4
RL,C2,76,3,10.0,EW-LU,4
RL,C2,77,0,57.0,NS-SR,4
RL,C2,77,1,13.0,NS-LU,4
RL,C2,77,2,10.0,EW-SR,4
RL,C2,77,3,10.0,EW-LU,4
RL,C2,78,0,57.0,NS-SR,4
RL,C2,78,1,13.0,NS-LU,4
RL,C2,78,2,10.0,EW-SR,4
RL,C2,78,3,10.0,EW-LU,4
RL,C2,79,0,56.0,NS-SR,4
RL,C2,79,1,14.0,NS-LU,4
RL,C2,79,2,10.0,EW-SR,4
RL,C2,79,3,10.0,EW-LU,4
RL,C2,80,0,54.0,NS-SR,4
RL,C2,80,1,16.0,NS-LU,4
RL,C2,80,2,10.0,EW-SR,4
RL,C2,80,3,10.0,EW-LU,4
RL,E4,0,0,10.0,NS-SR,4
RL,E4,0,1,10.0,NS-LU,4
RL,E4,0,2,60.0,EW-SR,4
RL,E4,0,3,10.0,EW-LU,4
RL,E4,1,0,11.0,NS-SR,4
RL,E4,1,1,11.0,NS-LU,4
RL,E4,1,2,57.0,EW-SR,4
RL,E4,1,3,11.0,EW-LU,4
RL,E4,2,0,11.0,NS-SR,4
RL,E4,2,1,11.0,NS-LU,4
RL,E4,2,2,57.0,EW-SR,4
RL,E4,2,3,11.0,EW-LU,4
RL,E4,3,0,11.0,NS-SR,4
RL,E4,3,1,11.0,NS-LU,4
RL,E4,3,2,57.0,EW-SR,4
RL,E4,3,3,11.0,EW-LU,4
RL,E4,4,0,11.0,NS-SR,4
RL,E4,4,1,11.0,NS-LU,4
RL,E4,4,2,57.0,EW-SR,4
RL,E4,4,3,11.0,EW-LU,4
RL,E4,5,0,11.0,NS-SR,4
RL,E4,5,1,11.0,NS-LU,4
RL,E4,5,2,57.0,EW-SR,4
RL,E4,5,3,11.0,EW-LU,4
RL,E4,6,0,11.0,NS-SR,4
RL,E4,6,1,11.0,NS-LU,4
RL,E4,6,2,57.0,EW-SR,4
RL,E4,6,3,11.0,EW-LU,4
RL,E4,7,0,11.0,NS-SR,4
RL,E4,7,1,11.0,NS-LU,4
RL,E4,7,2,57.0,EW-SR,4
RL,E4,7,3,11.0,EW-LU,4
RL,E4,8,0,11.0,NS-SR,4
RL,E4,8,1,11.0,NS-LU,4
RL,E4,8,2,57.0,EW-SR,4
RL,E4,8,3,11.0,EW-LU,4
RL,E4,9,0,11.0,NS-SR,4
RL,E4,9,1,11.0,NS-LU,4
RL,E4,9,2,57.0,EW-SR,4
RL,E4,9,3,11.0,EW-LU,4
RL,E4,10,0,11.0,NS-SR,4
RL,E4,10,1,11.0,NS-LU,4
RL,E4,10,2,57.0,EW-SR,4
RL,E4,10,3,11.0,EW-LU,4
RL,E4,11,0,11.0,NS-SR,4
RL,E4,11,1,11.0,NS-LU,4
RL,E4,11,2,57.0,EW-SR,4
RL,E4,11,3,11.0,EW-LU,4
RL,E4,12,0,11.0,NS-SR,4
RL,E4,12,1,11.0,NS-LU,4
RL,E4,12,2,57.0,EW-SR,4
RL,E4,12,3,11.0,EW-LU,4
RL,E4,13,0,11.0,NS-SR,4
RL,E4,13,1,11.0,NS-LU,4
RL,E4,13,2,57.0,EW-SR,4
RL,E4,13,3,11.0,EW-LU,4
RL,E4,14,0,11.0,NS-SR,4
RL,E4,14,1,11.0,NS-LU,4
RL,E4,14,2,57.0,EW-SR,4
RL,E4,14,3,11.0,EW-LU,4
RL,E4,15,0,11.0,NS-SR,4
RL,E4,15,1,11.0,NS-LU,4
RL,E4,15,2,57.0,EW-SR,4
RL,E4,15,3,11.0,EW-LU,4
RL,E4,16,0,11.0,NS-SR,4
RL,E4,16,1,11.0,NS-LU,4
RL,E4,16,2,57.0,EW-SR,4
RL,E4,16,3,11.0,EW-LU,4
RL,E4,17,0,11.0,NS-SR,4
RL,E4,17,1,11.0,NS-LU,4
RL,E4,17,2,57.0,EW-SR,4
RL,E4,17,3,11.0,EW-LU,4
RL,E4,18,0,11.0,NS-SR,4
RL,E4,18,1,11.0,NS-LU,4
RL,E4,18,2,57.0,EW-SR,4
RL,E4,18,3,11.0,EW-LU,4
RL,E4,19,0,11.0,NS-SR,4
RL,E4,19,1,11.0,NS-LU,4
RL,E4,19,2,57.0,EW-SR,4
RL,E4,19,3,11.0,EW-LU,4
RL,E4,20,0,11.0,NS-SR,4
RL,E4,20,1,11.0,NS-LU,4
RL,E4,20,2,57.0,EW-SR,4
RL,E4,20,3,11.0,EW-LU,4
RL,E4,21,0,11.0,NS-SR,4
RL,E4,21,1,11.0,NS-LU,4
RL,E4,21,2,57.0,EW-SR,4
RL,E4,21,3,11.0,EW-LU,4
RL,E4,22,0,11.0,NS-SR,4
RL,E4,22,1,11.0,NS-LU,4
RL,E4,22,2,57.0,EW-SR,4
RL,E4,22,3,11.0,EW-LU,4
RL,E4,23,0,11.0,NS-SR,4
RL,E4,23,1,11.0,NS-LU,4
RL,E4,23,2,57.0,EW-SR,4
RL,E4,23,3,11.0,EW-LU,4
RL,E4,24,0,11.0,NS-SR,4
RL,E4,24,1,11.0,NS-LU,4
RL,E4,24,2,57.0,EW-SR,4
RL,E4,24,3,11.0,EW-LU,4
RL,E4,25,0,11.0,NS-SR,4
RL,E4,25,1,11.0,NS-LU,4
RL,E4,25,2,57.0,EW-SR,4
RL,E4,25,3,11.0,EW-LU,4
RL,E4,26,0,11.0,NS-SR,4
RL,E4,26,1,11.0,NS-LU,4
RL,E4,26,2,57.0,EW-SR,4
RL,E4,26,3,11.0,EW-LU,4
RL,E4,27,0,11.0,NS-SR,4
RL,E4,27,1,11.0,NS-LU,4
RL,E4,27,2,57.0,EW-SR,4
RL,E4,27,3,11.0,EW-LU,4
RL,E4,28,0,11.0,NS-SR,4
RL,E4,28,1,11.0,NS-LU,4
RL,E4,28,2,57.0,EW-SR,4
RL,E4,28,3,11.0,EW-LU,4
RL,E4,29,0,11.0,NS-SR,4
RL,E4,29,1,11.0,NS-LU,4
RL,E4,29,2,57.0,EW-SR,4
RL,E4,29,3,11.0,EW-LU,4
RL,E4,30,0,11.0,NS-SR,4
RL,E4,30,1,11.0,NS-LU,4
RL,E4,30,2,57.0,EW-SR,4
RL,E4,30,3,11.0,EW-LU,4
RL,E4,31,0,11.0,NS-SR,4
RL,E4,31,1,11.0,NS-LU,4
RL,E4,31,2,57.0,EW-SR,4
RL,E4,31,3,11.0,EW-LU,4
RL,E4,32,0,11.0,NS-SR,4
RL,E4,32,1,11.0,NS-LU,4
RL,E4,32,2,57.0,EW-SR,4
RL,E4,32,3,11.0,EW-LU,4
RL,E4,33,0,11.0,NS-SR,4
RL,E4,33,1,11.0,NS-LU,4
RL,E4,33,2,57.0,EW-SR,4
RL,E4,33,3,11.0,EW-LU,4
RL,E4,34,0,11.0,NS-SR,4
RL,E4,34,1,11.0,NS-LU,4
RL,E4,34,2,57.0,EW-SR,4
RL,E4,34,3,11.0,EW-LU,4
RL,E4,35,0,11.0,NS-SR,4
RL,E4,35,1,11.0,NS-LU,4
RL,E4,35,2,57.0,EW-SR,4
RL,E4,35,3,11.0,EW-LU,4
RL,E4,36,0,11.0,NS-SR,4
RL,E4,36,1,11.0,NS-LU,4
RL,E4,36,2,57.0,EW-SR,4
RL,E4,36,3,11.0,EW-LU,4
RL,E4,37,0,11.0,NS-SR,4
RL,E4,37,1,11.0,NS-LU,4
RL,E4,37,2,57.0,EW-SR,4
RL,E4,37,3,11.0,EW-LU,4
RL,E4,38,0,11.0,NS-SR,4
RL,E4,38,1,11.0,NS-LU,4
RL,E4,38,2,57.0,EW-SR,4
RL,E4,38,3,11.0,EW-LU,4
RL,E4,39,0,11.0,NS-SR,4
RL,E4,39,1,11.0,NS-LU,4
RL,E4,39,2,57.0,EW-SR,4
RL,E4,39,3,11.0,EW-LU,4
RL,E4,40,0,11.0,NS-SR,4
RL,E4,40,1,11.0,NS-LU,4
RL,E4,40,2,57.0,EW-SR,4
RL,E4,40,3,11.0,EW-LU,4
RL,E4,41,0,11.0,NS-SR,4
RL,E4,41,1,11.0,NS-LU,4
RL,E4,41,2,57.0,EW-SR,4
RL,E4,41,3,11.0,EW-LU,4
RL,E4,42,0,11.0,NS-SR,4
RL,E4,42,1,11.0,NS-LU,4
RL,E4,42,2,57.0,EW-SR,4
RL,E4,42,3,11.0,EW-LU,4
RL,E4,43,0,11.0,NS-SR,4
RL,E4,43,1,11.0,NS-LU,4
RL,E4,43,2,57.0,EW-SR,4
RL,E4,43,3,11.0,EW-LU,4
RL,E4,44,0,11.0,NS-SR,4
RL,E4,44,1,11.0,NS-LU,4
RL,E4,44,2,57.0,EW-SR,4
RL,E4,44,3,11.0,EW-LU,4
RL,E4,45,0,11.0,NS-SR,4
RL,E4,45,1,11.0,NS-LU,4
RL,E4,45,2,57.0,EW-SR,4
RL,E4,45,3,11.0,EW-LU,4
RL,E4,46,0,11.0,NS-SR,4
RL,E4,46,1,11.0,NS-LU,4
RL,E4,46,2,57.0,EW-SR,4
RL,E4,46,3,11.0,EW-LU,4
RL,E4,47,0,11.0,NS-SR,4
RL,E4,47,1,11.0,NS-LU,4
RL,E4,47,2,57.0,EW-SR,4
RL,E4,47,3,11.0,EW-LU,4
RL,E4,48,0,11.0,NS-SR,4
RL,E4,48,1,11.0,NS-LU,4
RL,E4,48,2,57.0,EW-SR,4
RL,E4,48,3,11.0,EW-LU,4
RL,E4,49,0,11.0,NS-SR,4
RL,E4,49,1,11.0,NS-LU,4
RL,E4,49,2,57.0,EW-SR,4
RL,E4,49,3,11.0,EW-LU,4
RL,E4,50,0,11.0,NS-SR,4
RL,E4,50,1,11.0,NS-LU,4
RL,E4,50,2,57.0,EW-SR,4
RL,E4,50,3,11.0,EW-LU,4
RL,E4,51,0,11.0,NS-SR,4
RL,E4,51,1,11.0,NS-LU,4
RL,E4,51,2,57.0,EW-SR,4
RL,E4,51,3,11.0,EW-LU,4
RL,E4,52,0,11.0,NS-SR,4
RL,E4,52,1,11.0,NS-LU,4
RL,E4,52,2,57.0,EW-SR,4
RL,E4,52,3,11.0,EW-LU,4
RL,E4,53,0,11.0,NS-SR,4
RL,E4,53,1,11.0,NS-LU,4
RL,E4,53,2,57.0,EW-SR,4
RL,E4,53,3,11.0,EW-LU,4
RL,E4,54,0,11.0,NS-SR,4
RL,E4,54,1,11.0,NS-LU,4
RL,E4,54,2,57.0,EW-SR,4
RL,E4,54,3,11.0,EW-LU,4
RL,E4,55,0,11.0,NS-SR,4
RL,E4,55,1,11.0,NS-LU,4
RL,E4,55,2,57.0,EW-SR,4
RL,E4,55,3,11.0,EW-LU,4
RL,E4,56,0,11.0,NS-SR,4
RL,E4,56,1,11.0,NS-LU,4
RL,E4,56,2,57.0,EW-SR,4
RL,E4,56,3,11.0,EW-LU,4
RL,E4,57,0,11.0,NS-SR,4
RL,E4,57,1,11.0,NS-LU,4
RL,E4,57,2,57.0,EW-SR,4
RL,E4,57,3,11.0,EW-LU,4
RL,E4,58,0,11.0,NS-SR,4
RL,E4,58,1,11.0,NS-LU,4
RL,E4,58,2,57.0,EW-SR,4
RL,E4,58,3,11.0,EW-LU,4
RL,E4,59,0,11.0,NS-SR,4
RL,E4,59,1,11.0,NS-LU,4
RL,E4,59,2,57.0,EW-SR,4
RL,E4,59,3,11.0,EW-LU,4
RL,E4,60,0,11.0,NS-SR,4
RL,E4,60,1,11.0,NS-LU,4
RL,E4,60,2,57.0,EW-SR,4
RL,E4,60,3,11.0,EW-LU,4
RL,E4,61,0,11.0,NS-SR,4
RL,E4,61,1,11.0,NS-LU,4
RL,E4,61,2,57.0,EW-SR,4
RL,E4,61,3,11.0,EW-LU,4
RL,E4,62,0,11.0,NS-SR,4
RL,E4,62,1,11.0,NS-LU,4
RL,E4,62,2,57.0,EW-SR,4
RL,E4,62,3,11.0,EW-LU,4
RL,E4,63,0,11.0,NS-SR,4
RL,E4,63,1,11.0,NS-LU,4
RL,E4,63,2,57.0,EW-SR,4
RL,E4,63,3,11.0,EW-LU,4
RL,E4,64,0,11.0,NS-SR,4
RL,E4,64,1,11.0,NS-LU,4
RL,E4,64,2,57.0,EW-SR,4
RL,E4,64,3,11.0,EW-LU,4
RL,E4,65,0,11.0,NS-SR,4
RL,E4,65,1,11.0,NS-LU,4
RL,E4,65,2,57.0,EW-SR,4
RL,E4,65,3,11.0,EW-LU,4
RL,E4,66,0,11.0,NS-SR,4
RL,E4,66,1,11.0,NS-LU,4
RL,E4,66,2,57.0,EW-SR,4
RL,E4,66,3,11.0,EW-LU,4
RL,E4,67,0,11.0,NS-SR,4
RL,E4,67,1,11.0,NS-LU,4
RL,E4,67,2,57.0,EW-SR,4
RL,E4,67,3,11.0,EW-LU,4
RL,E4,68,0,11.0,NS-SR,4
RL,E4,68,1,11.0,NS-LU,4
RL,E4,68,2,57.0,EW-SR,4
RL,E4,68,3,11.0,EW-LU,4
RL,E4,69,0,11.0,NS-SR,4
RL,E4,69,1,11.0,NS-LU,4
RL,E4,69,2,57.0,EW-SR,4
RL,E4,69,3,11.0,EW-LU,4
RL,E4,70,0,11.0,NS-SR,4
RL,E4,70,1,11.0,NS-LU,4
RL,E4,70,2,57.0,EW-SR,4
RL,E4,70,3,11.0,EW-LU,4
RL,E4,71,0,11.0,NS-SR,4
RL,E4,71,1,11.0,NS-LU,4
RL,E4,71,2,57.0,EW-SR,4
RL,E4,71,3,11.0,EW-LU,4
RL,E4,72,0,11.0,NS-SR,4
RL,E4,72,1,11.0,NS-LU,4
RL,E4,72,2,57.0,EW-SR,4
RL,E4,72,3,11.0,EW-LU,4
RL,E4,73,0,11.0,NS-SR,4
RL,E4,73,1,11.0,NS-LU,4
RL,E4,73,2,57.0,EW-SR,4
RL,E4,73,3,11.0,EW-LU,4
RL,E4,74,0,11.0,NS-SR,4
RL,E4,74,1,11.0,NS-LU,4
RL,E4,74,2,57.0,EW-SR,4
RL,E4,74,3,11.0,EW-LU,4
RL,E4,75,0,11.0,NS-SR,4
RL,E4,75,1,11.0,NS-LU,4
RL,E4,75,2,57.0,EW-SR,4
RL,E4,75,3,11.0,EW-LU,4
RL,E4,76,0,11.0,NS-SR,4
RL,E4,76,1,11.0,NS-LU,4
RL,E4,76,2,57.0,EW-SR,4
RL,E4,76,3,11.0,EW-LU,4
RL,E4,77,0,11.0,NS-SR,4
RL,E4,77,1,11.0,NS-LU,4
RL,E4,77,2,57.0,EW-SR,4
RL,E4,77,3,11.0,EW-LU,4
RL,E4,78,0,11.0,NS-SR,4
RL,E4,78,1,11.0,NS-LU,4
RL,E4,78,2,57.0,EW-SR,4
RL,E4,78,3,11.0,EW-LU,4
RL,E4,79,0,11.0,NS-SR,4
RL,E4,79,1,11.0,NS-LU,4
RL,E4,79,2,57.0,EW-SR,4
RL,E4,79,3,11.0,EW-LU,4
RL,E4,80,0,11.0,NS-SR,4
RL,E4,80,1,11.0,NS-LU,4
RL,E4,80,2,57.0,EW-SR,4
RL,E4,80,3,11.0,EW-LU,4
RL,E3,0,0,60.0,NS-SR,4
RL,E3,0,1,10.0,NS-LU,4
RL,E3,0,2,10.0,EW-SR,4
RL,E3,0,3,10.0,EW-LU,4
RL,E3,1,0,60.0,NS-SR,4
RL,E3,1,1,10.0,NS-LU,4
RL,E3,1,2,10.0,EW-SR,4
RL,E3,1,3,10.0,EW-LU,4
RL,E3,2,0,60.0,NS-SR,4
RL,E3,2,1,10.0,NS-LU,4
RL,E3,2,2,10.0,EW-SR,4
RL,E3,2,3,10.0,EW-LU,4
RL,E3,3,0,60.0,NS-SR,4
RL,E3,3,1,10.0,NS-LU,4
RL,E3,3,2,10.0,EW-SR,4
RL,E3,3,3,10.0,EW-LU,4
RL,E3,4,0,60.0,NS-SR,4
RL,E3,4,1,10.0,NS-LU,4
RL,E3,4,2,10.0,EW-SR,4
RL,E3,4,3,10.0,EW-LU,4
RL,E3,5,0,60.0,NS-SR,4
RL,E3,5,1,10.0,NS-LU,4
RL,E3,5,2,10.0,EW-SR,4
RL,E3,5,3,10.0,EW-LU,4
RL,E3,6,0,60.0,NS-SR,4
RL,E3,6,1,10.0,NS-LU,4
RL,E3,6,2,10.0,EW-SR,4
RL,E3,6,3,10.0,EW-LU,4
RL,E3,7,0,60.0,NS-SR,4
RL,E3,7,1,10.0,NS-LU,4
RL,E3,7,2,10.0,EW-SR,4
RL,E3,7,3,10.0,EW-LU,4
RL,E3,8,0,60.0,NS-SR,4
RL,E3,8,1,10.0,NS-LU,4
RL,E3,8,2,10.0,EW-SR,4
RL,E3,8,3,10.0,EW-LU,4
RL,E3,9,0,60.0,NS-SR,4
RL,E3,9,1,10.0,NS-LU,4
RL,E3,9,2,10.0,EW-SR,4
RL,E3,9,3,10.0,EW-LU,4
RL,E3,10,0,60.0,NS-SR,4
RL,E3,10,1,10.0,NS-LU,4
RL,E3,10,2,10.0,EW-SR,4
RL,E3,10,3,10.0,EW-LU,4
RL,E3,11,0,60.0,NS-SR,4
RL,E3,11,1,10.0,NS-LU,4
RL,E3,11,2,10.0,EW-SR,4
RL,E3,11,3,10.0,EW-LU,4
RL,E3,12,0,60.0,NS-SR,4
RL,E3,12,1,10.0,NS-LU,4
RL,E3,12,2,10.0,EW-SR,4
RL,E3,12,3,10.0,EW-LU,4
RL,E3,13,0,60.0,NS-SR,4
RL,E3,13,1,10.0,NS-LU,4
RL,E3,13,2,10.0,EW-SR,4
RL,E3,13,3,10.0,EW-LU,4
RL,E3,14,0,60.0,NS-SR,4
RL,E3,14,1,10.0,NS-LU,4
RL,E3,14,2,10.0,EW-SR,4
RL,E3,14,3,10.0,EW-LU,4
RL,E3,15,0,60.0,NS-SR,4
RL,E3,15,1,10.0,NS-LU,4
RL,E3,15,2,10.0,EW-SR,4
RL,E3,15,3,10.0,EW-LU,4
RL,E3,16,0,60.0,NS-SR,4
RL,E3,16,1,10.0,NS-LU,4
RL,E3,16,2,10.0,EW-SR,4
RL,E3,16,3,10.0,EW-LU,4
RL,E3,17,0,60.0,NS-SR,4
RL,E3,17,1,10.0,NS-LU,4
RL,E3,17,2,10.0,EW-SR,4
RL,E3,17,3,10.0,EW-LU,4
RL,E3,18,0,60.0,NS-SR,4
RL,E3,18,1,10.0,NS-LU,4
RL,E3,18,2,10.0,EW-SR,4
RL,E3,18,3,10.0,EW-LU,4
RL,E3,19,0,60.0,NS-SR,4
RL,E3,19,1,10.0,NS-LU,4
RL,E3,19,2,10.0,EW-SR,4
RL,E3,19,3,10.0,EW-LU,4
RL,E3,20,0,60.0,NS-SR,4
RL,E3,20,1,10.0,NS-LU,4
RL,E3,20,2,10.0,EW-SR,4
RL,E3,20,3,10.0,EW-LU,4
RL,E3,21,0,60.0,NS-SR,4
RL,E3,21,1,10.0,NS-LU,4
RL,E3,21,2,10.0,EW-SR,4
RL,E3,21,3,10.0,EW-LU,4
RL,E3,22,0,60.0,NS-SR,4
RL,E3,22,1,10.0,NS-LU,4
RL,E3,22,2,10.0,EW-SR,4
RL,E3,22,3,10.0,EW-LU,4
RL,E3,23,0,60.0,NS-SR,4
RL,E3,23,1,10.0,NS-LU,4
RL,E3,23,2,10.0,EW-SR,4
RL,E3,23,3,10.0,EW-LU,4
RL,E3,24,0,60.0,NS-SR,4
RL,E3,24,1,10.0,NS-LU,4
RL,E3,24,2,10.0,EW-SR,4
RL,E3,24,3,10.0,EW-LU,4
RL,E3,25,0,60.0,NS-SR,4
RL,E3,25,1,10.0,NS-LU,4
RL,E3,25,2,10.0,EW-SR,4
RL,E3,25,3,10.0,EW-LU,4
RL,E3,26,0,60.0,NS-SR,4
RL,E3,26,1,10.0,NS-LU,4
RL,E3,26,2,10.0,EW-SR,4
RL,E3,26,3,10.0,EW-LU,4
RL,E3,27,0,60.0,NS-SR,4
RL,E3,27,1,10.0,NS-LU,4
RL,E3,27,2,10.0,EW-SR,4
RL,E3,27,3,10.0,EW-LU,4
RL,E3,28,0,60.0,NS-SR,4
RL,E3,28,1,10.0,NS-LU,4
RL,E3,28,2,10.0,EW-SR,4
RL,E3,28,3,10.0,EW-LU,4
RL,E3,29,0,60.0,NS-SR,4
RL,E3,29,1,10.0,NS-LU,4
RL,E3,29,2,10.0,EW-SR,4
RL,E3,29,3,10.0,EW-LU,4
RL,E3,30,0,60.0,NS-SR,4
RL,E3,30,1,10.0,NS-LU,4
RL,E3,30,2,10.0,EW-SR,4
RL,E3,30,3,10.0,EW-LU,4
RL,E3,31,0,60.0,NS-SR,4
RL,E3,31,1,10.0,NS-LU,4
RL,E3,31,2,10.0,EW-SR,4
RL,E3,31,3,10.0,EW-LU,4
RL,E3,32,0,60.0,NS-SR,4
RL,E3,32,1,10.0,NS-LU,4
RL,E3,32,2,10.0,EW-SR,4
RL,E3,32,3,10.0,EW-LU,4
RL,E3,33,0,60.0,NS-SR,4
RL,E3,33,1,10.0,NS-LU,4
RL,E3,33,2,10.0,EW-SR,4
RL,E3,33,3,10.0,EW-LU,4
RL,E3,34,0,60.0,NS-SR,4
RL,E3,34,1,10.0,NS-LU,4
RL,E3,34,2,10.0,EW-SR,4
RL,E3,34,3,10.0,EW-LU,4
RL,E3,35,0,60.0,NS-SR,4
RL,E3,35,1,10.0,NS-LU,4
RL,E3,35,2,10.0,EW-SR,4
RL,E3,35,3,10.0,EW-LU,4
RL,E3,36,0,60.0,NS-SR,4
RL,E3,36,1,10.0,NS-LU,4
RL,E3,36,2,10.0,EW-SR,4
RL,E3,36,3,10.0,EW-LU,4
RL,E3,37,0,60.0,NS-SR,4
RL,E3,37,1,10.0,NS-LU,4
RL,E3,37,2,10.0,EW-SR,4
RL,E3,37,3,10.0,EW-LU,4
RL,E3,38,0,60.0,NS-SR,4
RL,E3,38,1,10.0,NS-LU,4
RL,E3,38,2,10.0,EW-SR,4
RL,E3,38,3,10.0,EW-LU,4
RL,E3,39,0,60.0,NS-SR,4
RL,E3,39,1,10.0,NS-LU,4
RL,E3,39,2,10.0,EW-SR,4
RL,E3,39,3,10.0,EW-LU,4
RL,E3,40,0,60.0,NS-SR,4
RL,E3,40,1,10.0,NS-LU,4
RL,E3,40,2,10.0,EW-SR,4
RL,E3,40,3,10.0,EW-LU,4
RL,E3,41,0,60.0,NS-SR,4
RL,E3,41,1,10.0,NS-LU,4
RL,E3,41,2,10.0,EW-SR,4
RL,E3,41,3,10.0,EW-LU,4
RL,E3,42,0,60.0,NS-SR,4
RL,E3,42,1,10.0,NS-LU,4
RL,E3,42,2,10.0,EW-SR,4
RL,E3,42,3,10.0,EW-LU,4
RL,E3,43,0,60.0,NS-SR,4
RL,E3,43,1,10.0,NS-LU,4
RL,E3,43,2,10.0,EW-SR,4
RL,E3,43,3,10.0,EW-LU,4
RL,E3,44,0,60.0,NS-SR,4
RL,E3,44,1,10.0,NS-LU,4
RL,E3,44,2,10.0,EW-SR,4
RL,E3,44,3,10.0,EW-LU,4
RL,E3,45,0,60.0,NS-SR,4
RL,E3,45,1,10.0,NS-LU,4
RL,E3,45,2,10.0,EW-SR,4
RL,E3,45,3,10.0,EW-LU,4
RL,E3,46,0,60.0,NS-SR,4
RL,E3,46,1,10.0,NS-LU,4
RL,E3,46,2,10.0,EW-SR,4
RL,E3,46,3,10.0,EW-LU,4
RL,E3,47,0,60.0,NS-SR,4
RL,E3,47,1,10.0,NS-LU,4
RL,E3,47,2,10.0,EW-SR,4
RL,E3,47,3,10.0,EW-LU,4
RL,E3,48,0,60.0,NS-SR,4
RL,E3,48,1,10.0,NS-LU,4
RL,E3,48,2,10.0,EW-SR,4
RL,E3,48,3,10.0,EW-LU,4
RL,E3,49,0,60.0,NS-SR,4
RL,E3,49,1,10.0,NS-LU,4
RL,E3,49,2,10.0,EW-SR,4
RL,E3,49,3,10.0,EW-LU,4
RL,E3,50,0,57.0,NS-SR,4
RL,E3,50,1,11.0,NS-LU,4
RL,E3,50,2,11.0,EW-SR,4
RL,E3,50,3,11.0,EW-LU,4
RL,E3,51,0,60.0,NS-SR,4
RL,E3,51,1,10.0,NS-LU,4
RL,E3,51,2,10.0,EW-SR,4
RL,E3,51,3,10.0,EW-LU,4
RL,E3,52,0,60.0,NS-SR,4
RL,E3,52,1,10.0,NS-LU,4
RL,E3,52,2,10.0,EW-SR,4
RL,E3,52,3,10.0,EW-LU,4
RL,E3,53,0,60.0,NS-SR,4
RL,E3,53,1,10.0,NS-LU,4
RL,E3,53,2,10.0,EW-SR,4
RL,E3,53,3,10.0,EW-LU,4
RL,E3,54,0,60.0,NS-SR,4
RL,E3,54,1,10.0,NS-LU,4
RL,E3,54,2,10.0,EW-SR,4
RL,E3,54,3,10.0,EW-LU,4
RL,E3,55,0,60.0,NS-SR,4
RL,E3,55,1,10.0,NS-LU,4
RL,E3,55,2,10.0,EW-SR,4
RL,E3,55,3,10.0,EW-LU,4
RL,E3,56,0,60.0,NS-SR,4
RL,E3,56,1,10.0,NS-LU,4
RL,E3,56,2,10.0,EW-SR,4
RL,E3,56,3,10.0,EW-LU,4
RL,E3,57,0,60.0,NS-SR,4
RL,E3,57,1,10.0,NS-LU,4
RL,E3,57,2,10.0,EW-SR,4
RL,E3,57,3,10.0,EW-LU,4
RL,E3,58,0,60.0,NS-SR,4
RL,E3,58,1,10.0,NS-LU,4
RL,E3,58,2,10.0,EW-SR,4
RL,E3,58,3,10.0,EW-LU,4
RL,E3,59,0,60.0,NS-SR,4
RL,E3,59,1,10.0,NS-LU,4
RL,E3,59,2,10.0,EW-SR,4
RL,E3,59,3,10.0,EW-LU,4
RL,E3,60,0,60.0,NS-SR,4
RL,E3,60,1,10.0,NS-LU,4
RL,E3,60,2,10.0,EW-SR,4
RL,E3,60,3,10.0,EW-LU,4
RL,E3,61,0,60.0,NS-SR,4
RL,E3,61,1,10.0,NS-LU,4
RL,E3,61,2,10.0,EW-SR,4
RL,E3,61,3,10.0,EW-LU,4
RL,E3,62,0,60.0,NS-SR,4
RL,E3,62,1,10.0,NS-LU,4
RL,E3,62,2,10.0,EW-SR,4
RL,E3,62,3,10.0,EW-LU,4
RL,E3,63,0,60.0,NS-SR,4
RL,E3,63,1,10.0,NS-LU,4
RL,E3,63,2,10.0,EW-SR,4
RL,E3,63,3,10.0,EW-LU,4
RL,E3,64,0,60.0,NS-SR,4
RL,E3,64,1,10.0,NS-LU,4
RL,E3,64,2,10.0,EW-SR,4
RL,E3,64,3,10.0,EW-LU,4
RL,E3,65,0,60.0,NS-SR,4
RL,E3,65,1,10.0,NS-LU,4
RL,E3,65,2,10.0,EW-SR,4
RL,E3,65,3,10.0,EW-LU,4
RL,E3,66,0,60.0,NS-SR,4
RL,E3,66,1,10.0,NS-LU,4
RL,E3,66,2,10.0,EW-SR,4
RL,E3,66,3,10.0,EW-LU,4
RL,E3,67,0,60.0,NS-SR,4
RL,E3,67,1,10.0,NS-LU,4
RL,E3,67,2,10.0,EW-SR,4
RL,E3,67,3,10.0,EW-LU,4
RL,E3,68,0,60.0,NS-SR,4
RL,E3,68,1,10.0,NS-LU,4
RL,E3,68,2,10.0,EW-SR,4
RL,E3,68,3,10.0,EW-LU,4
RL,E3,69,0,60.0,NS-SR,4
RL,E3,69,1,10.0,NS-LU,4
RL,E3,69,2,10.0,EW-SR,4
RL,E3,69,3,10.0,EW-LU,4
RL,E3,70,0,60.0,NS-SR,4
RL,E3,70,1,10.0,NS-LU,4
RL,E3,70,2,10.0,EW-SR,4
RL,E3,70,3,10.0,EW-LU,4
RL,E3,71,0,60.0,NS-SR,4
RL,E3,71,1,10.0,NS-LU,4
RL,E3,71,2,10.0,EW-SR,4
RL,E3,71,3,10.0,EW-LU,4
RL,E3,72,0,60.0,NS-SR,4
RL,E3,72,1,10.0,NS-LU,4
RL,E3,72,2,10.0,EW-SR,4
RL,E3,72,3,10.0,EW-LU,4
RL,E3,73,0,60.0,NS-SR,4
RL,E3,73,1,10.0,NS-LU,4
RL,E3,73,2,10.0,EW-SR,4
RL,E3,73,3,10.0,EW-LU,4
RL,E3,74,0,60.0,NS-SR,4
RL,E3,74,1,10.0,NS-LU,4
RL,E3,74,2,10.0,EW-SR,4
RL,E3,74,3,10.0,EW-LU,4
RL,E3,75,0,60.0,NS-SR,4
RL,E3,75,1,10.0,NS-LU,4
RL,E3,75,2,10.0,EW-SR,4
RL,E3,75,3,10.0,EW-LU,4
RL,E3,76,0,60.0,NS-SR,4
RL,E3,76,1,10.0,NS-LU,4
RL,E3,76,2,10.0,EW-SR,4
RL,E3,76,3,10.0,EW-LU,4
RL,E3,77,0,60.0,NS-SR,4
RL,E3,77,1,10.0,NS-LU,4
RL,E3,77,2,10.0,EW-SR,4
RL,E3,77,3,10.0,EW-LU,4
RL,E3,78,0,60.0,NS-SR,4
RL,E3,78,1,10.0,NS-LU,4
RL,E3,78,2,10.0,EW-SR,4
RL,E3,78,3,10.0,EW-LU,4
RL,E3,79,0,60.0,NS-SR,4
RL,E3,79,1,10.0,NS-LU,4
RL,E3,79,2,10.0,EW-SR,4
RL,E3,79,3,10.0,EW-LU,4
RL,E3,80,0,60.0,NS-SR,4
RL,E3,80,1,10.0,NS-LU,4
RL,E3,80,2,10.0,EW-SR,4
RL,E3,80,3,10.0,EW-LU,4
RL,C1,0,0,27.0,NS-SR,4
RL,C1,0,1,13.0,NS-LU,4
RL,C1,0,2,30.0,EW-SR,4
RL,C1,0,3,20.0,EW-LU,4
RL,C1,1,0,27.0,NS-SR,4
RL,C1,1,1,21.0,NS-LU,4
RL,C1,1,2,21.0,EW-SR,4
RL,C1,1,3,21.0,EW-LU,4
RL,C1,2,0,24.0,NS-SR,4
RL,C1,2,1,22.0,NS-LU,4
RL,C1,2,2,22.0,EW-SR,4
RL,C1,2,3,22.0,EW-LU,4
RL,C1,3,0,24.0,NS-SR,4
RL,C1,3,1,22.0,NS-LU,4
RL,C1,3,2,22.0,EW-SR,4
RL,C1,3,3,22.0,EW-LU,4
RL,C1,4,0,24.0,NS-SR,4
RL,C1,4,1,22.0,NS-LU,4
RL,C1,4,2,22.0,EW-SR,4
RL,C1,4,3,22.0,EW-LU,4
RL,C1,5,0,24.0,NS-SR,4
RL,C1,5,1,22.0,NS-LU,4
RL,C1,5,2,22.0,EW-SR,4
RL,C1,5,3,22.0,EW-LU,4
RL,C1,6,0,24.0,NS-SR,4
RL,C1,6,1,22.0,NS-LU,4
RL,C1,6,2,22.0,EW-SR,4
RL,C1,6,3,22.0,EW-LU,4
RL,C1,7,0,24.0,NS-SR,4
RL,C1,7,1,22.0,NS-LU,4
RL,C1,7,2,22.0,EW-SR,4
RL,C1,7,3,22.0,EW-LU,4
RL,C1,8,0,24.0,NS-SR,4
RL,C1,8,1,22.0,NS-LU,4
RL,C1,8,2,22.0,EW-SR,4
RL,C1,8,3,22.0,EW-LU,4
RL,C1,9,0,24.0,NS-SR,4
RL,C1,9,1,22.0,NS-LU,4
RL,C1,9,2,22.0,EW-SR,4
RL,C1,9,3,22.0,EW-LU,4
RL,C1,10,0,24.0,NS-SR,4
RL,C1,10,1,22.0,NS-LU,4
RL,C1,10,2,22.0,EW-SR,4
RL,C1,10,3,22.0,EW-LU,4
RL,C1,11,0,24.0,NS-SR,4
RL,C1,11,1,22.0,NS-LU,4
RL,C1,11,2,22.0,EW-SR,4
RL,C1,11,3,22.0,EW-LU,4
RL,C1,12,0,24.0,NS-SR,4
RL,C1,12,1,22.0,NS-LU,4
RL,C1,12,2,22.0,EW-SR,4
RL,C1,12,3,22.0,EW-LU,4
RL,C1,13,0,24.0,NS-SR,4
RL,C1,13,1,22.0,NS-LU,4
RL,C1,13,2,22.0,EW-SR,4
RL,C1,13,3,22.0,EW-LU,4
RL,C1,14,0,24.0,NS-SR,4
RL,C1,14,1,22.0,NS-LU,4
RL,C1,14,2,22.0,EW-SR,4
RL,C1,14,3,22.0,EW-LU,4
RL,C1,15,0,24.0,NS-SR,4
RL,C1,15,1,22.0,NS-LU,4
RL,C1,15,2,22.0,EW-SR,4
RL,C1,15,3,22.0,EW-LU,4
RL,C1,16,0,24.0,NS-SR,4
RL,C1,16,1,22.0,NS-LU,4
RL,C1,16,2,22.0,EW-SR,4
RL,C1,16,3,22.0,EW-LU,4
RL,C1,17,0,24.0,NS-SR,4
RL,C1,17,1,22.0,NS-LU,4
RL,C1,17,2,22.0,EW-SR,4
RL,C1,17,3,22.0,EW-LU,4
RL,C1,18,0,24.0,NS-SR,4
RL,C1,18,1,22.0,NS-LU,4
RL,C1,18,2,22.0,EW-SR,4
RL,C1,18,3,22.0,EW-LU,4
RL,C1,19,0,24.0,NS-SR,4
RL,C1,19,1,22.0,NS-LU,4
RL,C1,19,2,22.0,EW-SR,4
RL,C1,19,3,22.0,EW-LU,4
RL,C1,20,0,24.0,NS-SR,4
RL,C1,20,1,22.0,NS-LU,4
RL,C1,20,2,22.0,EW-SR,4
RL,C1,20,3,22.0,EW-LU,4
RL,C1,21,0,24.0,NS-SR,4
RL,C1,21,1,22.0,NS-LU,4
RL,C1,21,2,22.0,EW-SR,4
RL,C1,21,3,22.0,EW-LU,4
RL,C1,22,0,24.0,NS-SR,4
RL,C1,22,1,22.0,NS-LU,4
RL,C1,22,2,22.0,EW-SR,4
RL,C1,22,3,22.0,EW-LU,4
RL,C1,23,0,24.0,NS-SR,4
RL,C1,23,1,22.0,NS-LU,4
RL,C1,23,2,22.0,EW-SR,4
RL,C1,23,3,22.0,EW-LU,4
RL,C1,24,0,24.0,NS-SR,4
RL,C1,24,1,22.0,NS-LU,4
RL,C1,24,2,22.0,EW-SR,4
RL,C1,24,3,22.0,EW-LU,4
RL,C1,25,0,24.0,NS-SR,4
RL,C1,25,1,22.0,NS-LU,4
RL,C1,25,2,22.0,EW-SR,4
RL,C1,25,3,22.0,EW-LU,4
RL,C1,26,0,24.0,NS-SR,4
RL,C1,26,1,22.0,NS-LU,4
RL,C1,26,2,22.0,EW-SR,4
RL,C1,26,3,22.0,EW-LU,4
RL,C1,27,0,24.0,NS-SR,4
RL,C1,27,1,22.0,NS-LU,4
RL,C1,27,2,22.0,EW-SR,4
RL,C1,27,3,22.0,EW-LU,4
RL,C1,28,0,24.0,NS-SR,4
RL,C1,28,1,22.0,NS-LU,4
RL,C1,28,2,22.0,EW-SR,4
RL,C1,28,3,22.0,EW-LU,4
RL,C1,29,0,24.0,NS-SR,4
RL,C1,29,1,22.0,NS-LU,4
RL,C1,29,2,22.0,EW-SR,4
RL,C1,29,3,22.0,EW-LU,4
RL,C1,30,0,24.0,NS-SR,4
RL,C1,30,1,22.0,NS-LU,4
RL,C1,30,2,22.0,EW-SR,4
RL,C1,30,3,22.0,EW-LU,4
RL,C1,31,0,24.0,NS-SR,4
RL,C1,31,1,22.0,NS-LU,4
RL,C1,31,2,22.0,EW-SR,4
RL,C1,31,3,22.0,EW-LU,4
RL,C1,32,0,24.0,NS-SR,4
RL,C1,32,1,22.0,NS-LU,4
RL,C1,32,2,22.0,EW-SR,4
RL,C1,32,3,22.0,EW-LU,4
RL,C1,33,0,24.0,NS-SR,4
RL,C1,33,1,22.0,NS-LU,4
RL,C1,33,2,22.0,EW-SR,4
RL,C1,33,3,22.0,EW-LU,4
RL,C1,34,0,24.0,NS-SR,4
RL,C1,34,1,22.0,NS-LU,4
RL,C1,34,2,22.0,EW-SR,4
RL,C1,34,3,22.0,EW-LU,4
RL,C1,35,0,24.0,NS-SR,4
RL,C1,35,1,22.0,NS-LU,4
RL,C1,35,2,22.0,EW-SR,4
RL,C1,35,3,22.0,EW-LU,4
RL,C1,36,0,24.0,NS-SR,4
RL,C1,36,1,22.0,NS-LU,4
RL,C1,36,2,22.0,EW-SR,4
RL,C1,36,3,22.0,EW-LU,4
RL,C1,37,0,24.0,NS-SR,4
RL,C1,37,1,22.0,NS-LU,4
RL,C1,37,2,22.0,EW-SR,4
RL,C1,37,3,22.0,EW-LU,4
RL,C1,38,0,24.0,NS-SR,4
RL,C1,38,1,22.0,NS-LU,4
RL,C1,38,2,22.0,EW-SR,4
RL,C1,38,3,22.0,EW-LU,4
RL,C1,39,0,24.0,NS-SR,4
RL,C1,39,1,22.0,NS-LU,4
RL,C1,39,2,22.0,EW-SR,4
RL,C1,39,3,22.0,EW-LU,4
RL,C1,40,0,24.0,NS-SR,4
RL,C1,40,1,22.0,NS-LU,4
RL,C1,40,2,22.0,EW-SR,4
RL,C1,40,3,22.0,EW-LU,4
RL,C1,41,0,24.0,NS-SR,4
RL,C1,41,1,22.0,NS-LU,4
RL,C1,41,2,22.0,EW-SR,4
RL,C1,41,3,22.0,EW-LU,4
RL,C1,42,0,24.0,NS-SR,4
RL,C1,42,1,22.0,NS-LU,4
RL,C1,42,2,22.0,EW-SR,4
RL,C1,42,3,22.0,EW-LU,4
RL,C1,43,0,24.0,NS-SR,4
RL,C1,43,1,22.0,NS-LU,4
RL,C1,43,2,22.0,EW-SR,4
RL,C1,43,3,22.0,EW-LU,4
RL,C1,44,0,24.0,NS-SR,4
RL,C1,44,1,22.0,NS-LU,4
RL,C1,44,2,22.0,EW-SR,4
RL,C1,44,3,22.0,EW-LU,4
RL,C1,45,0,24.0,NS-SR,4
RL,C1,45,1,22.0,NS-LU,4
RL,C1,45,2,22.0,EW-SR,4
RL,C1,45,3,22.0,EW-LU,4
RL,C1,46,0,24.0,NS-SR,4
RL,C1,46,1,22.0,NS-LU,4
RL,C1,46,2,22.0,EW-SR,4
RL,C1,46,3,22.0,EW-LU,4
RL,C1,47,0,24.0,NS-SR,4
RL,C1,47,1,22.0,NS-LU,4
RL,C1,47,2,22.0,EW-SR,4
RL,C1,47,3,22.0,EW-LU,4
RL,C1,48,0,24.0,NS-SR,4
RL,C1,48,1,22.0,NS-LU,4
RL,C1,48,2,22.0,EW-SR,4
RL,C1,48,3,22.0,EW-LU,4
RL,C1,49,0,24.0,NS-SR,4
RL,C1,49,1,22.0,NS-LU,4
RL,C1,49,2,22.0,EW-SR,4
RL,C1,49,3,22.0,EW-LU,4
RL,C1,50,0,24.0,NS-SR,4
RL,C1,50,1,22.0,NS-LU,4
RL,C1,50,2,22.0,EW-SR,4
RL,C1,50,3,22.0,EW-LU,4
RL,C1,51,0,24.0,NS-SR,4
RL,C1,51,1,22.0,NS-LU,4
RL,C1,51,2,22.0,EW-SR,4
RL,C1,51,3,22.0,EW-LU,4
RL,C1,52,0,24.0,NS-SR,4
RL,C1,52,1,22.0,NS-LU,4
RL,C1,52,2,22.0,EW-SR,4
RL,C1,52,3,22.0,EW-LU,4
RL,C1,53,0,24.0,NS-SR,4
RL,C1,53,1,22.0,NS-LU,4
RL,C1,53,2,22.0,EW-SR,4
RL,C1,53,3,22.0,EW-LU,4
RL,C1,54,0,24.0,NS-SR,4
RL,C1,54,1,22.0,NS-LU,4
RL,C1,54,2,22.0,EW-SR,4
RL,C1,54,3,22.0,EW-LU,4
RL,C1,55,0,24.0,NS-SR,4
RL,C1,55,1,22.0,NS-LU,4
RL,C1,55,2,22.0,EW-SR,4
RL,C1,55,3,22.0,EW-LU,4
RL,C1,56,0,24.0,NS-SR,4
RL,C1,56,1,22.0,NS-LU,4
RL,C1,56,2,22.0,EW-SR,4
RL,C1,56,3,22.0,EW-LU,4
RL,C1,57,0,24.0,NS-SR,4
RL,C1,57,1,22.0,NS-LU,4
RL,C1,57,2,22.0,EW-SR,4
RL,C1,57,3,22.0,EW-LU,4
RL,C1,58,0,24.0,NS-SR,4
RL,C1,58,1,22.0,NS-LU,4
RL,C1,58,2,22.0,EW-SR,4
RL,C1,58,3,22.0,EW-LU,4
RL,C1,59,0,24.0,NS-SR,4
RL,C1,59,1,22.0,NS-LU,4
RL,C1,59,2,22.0,EW-SR,4
RL,C1,59,3,22.0,EW-LU,4
RL,C1,60,0,24.0,NS-SR,4
RL,C1,60,1,22.0,NS-LU,4
RL,C1,60,2,22.0,EW-SR,4
RL,C1,60,3,22.0,EW-LU,4
RL,C1,61,0,24.0,NS-SR,4
RL,C1,61,1,22.0,NS-LU,4
RL,C1,61,2,22.0,EW-SR,4
RL,C1,61,3,22.0,EW-LU,4
RL,C1,62,0,24.0,NS-SR,4
RL,C1,62,1,22.0,NS-LU,4
RL,C1,62,2,22.0,EW-SR,4
RL,C1,62,3,22.0,EW-LU,4
RL,C1,63,0,24.0,NS-SR,4
RL,C1,63,1,22.0,NS-LU,4
RL,C1,63,2,22.0,EW-SR,4
RL,C1,63,3,22.0,EW-LU,4
RL,C1,64,0,24.0,NS-SR,4
RL,C1,64,1,22.0,NS-LU,4
RL,C1,64,2,22.0,EW-SR,4
RL,C1,64,3,22.0,EW-LU,4
RL,C1,65,0,24.0,NS-SR,4
RL,C1,65,1,22.0,NS-LU,4
RL,C1,65,2,22.0,EW-SR,4
RL,C1,65,3,22.0,EW-LU,4
RL,C1,66,0,24.0,NS-SR,4
RL,C1,66,1,22.0,NS-LU,4
RL,C1,66,2,22.0,EW-SR,4
RL,C1,66,3,22.0,EW-LU,4
RL,C1,67,0,24.0,NS-SR,4
RL,C1,67,1,22.0,NS-LU,4
RL,C1,67,2,22.0,EW-SR,4
RL,C1,67,3,22.0,EW-LU,4
RL,C1,68,0,24.0,NS-SR,4
RL,C1,68,1,22.0,NS-LU,4
RL,C1,68,2,22.0,EW-SR,4
RL,C1,68,3,22.0,EW-LU,4
RL,C1,69,0,24.0,NS-SR,4
RL,C1,69,1,22.0,NS-LU,4
RL,C1,69,2,22.0,EW-SR,4
RL,C1,69,3,22.0,EW-LU,4
RL,C1,70,0,24.0,NS-SR,4
RL,C1,70,1,22.0,NS-LU,4
RL,C1,70,2,22.0,EW-SR,4
RL,C1,70,3,22.0,EW-LU,4
RL,C1,71,0,24.0,NS-SR,4
RL,C1,71,1,22.0,NS-LU,4
RL,C1,71,2,22.0,EW-SR,4
RL,C1,71,3,22.0,EW-LU,4
RL,C1,72,0,24.0,NS-SR,4
RL,C1,72,1,22.0,NS-LU,4
RL,C1,72,2,22.0,EW-SR,4
RL,C1,72,3,22.0,EW-LU,4
RL,C1,73,0,24.0,NS-SR,4
RL,C1,73,1,22.0,NS-LU,4
RL,C1,73,2,22.0,EW-SR,4
RL,C1,73,3,22.0,EW-LU,4
RL,C1,74,0,24.0,NS-SR,4
RL,C1,74,1,22.0,NS-LU,4
RL,C1,74,2,22.0,EW-SR,4
RL,C1,74,3,22.0,EW-LU,4
RL,C1,75,0,24.0,NS-SR,4
RL,C1,75,1,22.0,NS-LU,4
RL,C1,75,2,22.0,EW-SR,4
RL,C1,75,3,22.0,EW-LU,4
RL,C1,76,0,24.0,NS-SR,4
RL,C1,76,1,22.0,NS-LU,4
RL,C1,76,2,22.0,EW-SR,4
RL,C1,76,3,22.0,EW-LU,4
RL,C1,77,0,24.0,NS-SR,4
RL,C1,77,1,22.0,NS-LU,4
RL,C1,77,2,22.0,EW-SR,4
RL,C1,77,3,22.0,EW-LU,4
RL,C1,78,0,24.0,NS-SR,4
RL,C1,78,1,22.0,NS-LU,4
RL,C1,78,2,22.0,EW-SR,4
RL,C1,78,3,22.0,EW-LU,4
RL,C1,79,0,24.0,NS-SR,4
RL,C1,79,1,22.0,NS-LU,4
RL,C1,79,2,22.0,EW-SR,4
RL,C1,79,3,22.0,EW-LU,4
RL,C1,80,0,24.0,NS-SR,4
RL,C1,80,1,22.0,NS-LU,4
RL,C1,80,2,22.0,EW-SR,4
RL,C1,80,3,22.0,EW-LU,4
RL,E2,0,0,19.0,NS-SR,4
RL,E2,0,1,15.0,NS-LU,4
RL,E2,0,2,33.0,EW-SR,4
RL,E2,0,3,23.0,EW-LU,4
RL,E2,1,0,19.0,NS-SR,4
RL,E2,1,1,19.0,NS-LU,4
RL,E2,1,2,33.0,EW-SR,4
RL,E2,1,3,19.0,EW-LU,4
RL,E2,2,0,24.0,NS-SR,4
RL,E2,2,1,22.0,NS-LU,4
RL,E2,2,2,22.0,EW-SR,4
RL,E2,2,3,22.0,EW-LU,4
RL,E2,3,0,24.0,NS-SR,4
RL,E2,3,1,22.0,NS-LU,4
RL,E2,3,2,22.0,EW-SR,4
RL,E2,3,3,22.0,EW-LU,4
RL,E2,4,0,24.0,NS-SR,4
RL,E2,4,1,22.0,NS-LU,4
RL,E2,4,2,22.0,EW-SR,4
RL,E2,4,3,22.0,EW-LU,4
RL,E2,5,0,24.0,NS-SR,4
RL,E2,5,1,22.0,NS-LU,4
RL,E2,5,2,22.0,EW-SR,4
RL,E2,5,3,22.0,EW-LU,4
RL,E2,6,0,24.0,NS-SR,4
RL,E2,6,1,22.0,NS-LU,4
RL,E2,6,2,22.0,EW-SR,4
RL,E2,6,3,22.0,EW-LU,4
RL,E2,7,0,24.0,NS-SR,4
RL,E2,7,1,22.0,NS-LU,4
RL,E2,7,2,22.0,EW-SR,4
RL,E2,7,3,22.0,EW-LU,4
RL,E2,8,0,24.0,NS-SR,4
RL,E2,8,1,22.0,NS-LU,4
RL,E2,8,2,22.0,EW-SR,4
RL,E2,8,3,22.0,EW-LU,4
RL,E2,9,0,24.0,NS-SR,4
RL,E2,9,1,22.0,NS-LU,4
RL,E2,9,2,22.0,EW-SR,4
RL,E2,9,3,22.0,EW-LU,4
RL,E2,10,0,24.0,NS-SR,4
RL,E2,10,1,22.0,NS-LU,4
RL,E2,10,2,22.0,EW-SR,4
RL,E2,10,3,22.0,EW-LU,4
RL,E2,11,0,24.0,NS-SR,4
RL,E2,11,1,22.0,NS-LU,4
RL,E2,11,2,22.0,EW-SR,4
RL,E2,11,3,22.0,EW-LU,4
RL,E2,12,0,24.0,NS-SR,4
RL,E2,12,1,22.0,NS-LU,4
RL,E2,12,2,22.0,EW-SR,4
RL,E2,12,3,22.0,EW-LU,4
RL,E2,13,0,24.0,NS-SR,4
RL,E2,13,1,22.0,NS-LU,4
RL,E2,13,2,22.0,EW-SR,4
RL,E2,13,3,22.0,EW-LU,4
RL,E2,14,0,24.0,NS-SR,4
RL,E2,14,1,22.0,NS-LU,4
RL,E2,14,2,22.0,EW-SR,4
RL,E2,14,3,22.0,EW-LU,4
RL,E2,15,0,24.0,NS-SR,4
RL,E2,15,1,22.0,NS-LU,4
RL,E2,15,2,22.0,EW-SR,4
RL,E2,15,3,22.0,EW-LU,4
RL,E2,16,0,24.0,NS-SR,4
RL,E2,16,1,22.0,NS-LU,4
RL,E2,16,2,22.0,EW-SR,4
RL,E2,16,3,22.0,EW-LU,4
RL,E2,17,0,24.0,NS-SR,4
RL,E2,17,1,22.0,NS-LU,4
RL,E2,17,2,22.0,EW-SR,4
RL,E2,17,3,22.0,EW-LU,4
RL,E2,18,0,24.0,NS-SR,4
RL,E2,18,1,22.0,NS-LU,4
RL,E2,18,2,22.0,EW-SR,4
RL,E2,18,3,22.0,EW-LU,4
RL,E2,19,0,24.0,NS-SR,4
RL,E2,19,1,22.0,NS-LU,4
RL,E2,19,2,22.0,EW-SR,4
RL,E2,19,3,22.0,EW-LU,4
RL,E2,20,0,24.0,NS-SR,4
RL,E2,20,1,22.0,NS-LU,4
RL,E2,20,2,22.0,EW-SR,4
RL,E2,20,3,22.0,EW-LU,4
RL,E2,21,0,24.0,NS-SR,4
RL,E2,21,1,22.0,NS-LU,4
RL,E2,21,2,22.0,EW-SR,4
RL,E2,21,3,22.0,EW-LU,4
RL,E2,22,0,24.0,NS-SR,4
RL,E2,22,1,22.0,NS-LU,4
RL,E2,22,2,22.0,EW-SR,4
RL,E2,22,3,22.0,EW-LU,4
RL,E2,23,0,24.0,NS-SR,4
RL,E2,23,1,22.0,NS-LU,4
RL,E2,23,2,22.0,EW-SR,4
RL,E2,23,3,22.0,EW-LU,4
RL,E2,24,0,24.0,NS-SR,4
RL,E2,24,1,22.0,NS-LU,4
RL,E2,24,2,22.0,EW-SR,4
RL,E2,24,3,22.0,EW-LU,4
RL,E2,25,0,24.0,NS-SR,4
RL,E2,25,1,22.0,NS-LU,4
RL,E2,25,2,22.0,EW-SR,4
RL,E2,25,3,22.0,EW-LU,4
RL,E2,26,0,24.0,NS-SR,4
RL,E2,26,1,22.0,NS-LU,4
RL,E2,26,2,22.0,EW-SR,4
RL,E2,26,3,22.0,EW-LU,4
RL,E2,27,0,24.0,NS-SR,4
RL,E2,27,1,22.0,NS-LU,4
RL,E2,27,2,22.0,EW-SR,4
RL,E2,27,3,22.0,EW-LU,4
RL,E2,28,0,24.0,NS-SR,4
RL,E2,28,1,22.0,NS-LU,4
RL,E2,28,2,22.0,EW-SR,4
RL,E2,28,3,22.0,EW-LU,4
RL,E2,29,0,24.0,NS-SR,4
RL,E2,29,1,22.0,NS-LU,4
RL,E2,29,2,22.0,EW-SR,4
RL,E2,29,3,22.0,EW-LU,4
RL,E2,30,0,24.0,NS-SR,4
RL,E2,30,1,22.0,NS-LU,4
RL,E2,30,2,22.0,EW-SR,4
RL,E2,30,3,22.0,EW-LU,4
RL,E2,31,0,24.0,NS-SR,4
RL,E2,31,1,22.0,NS-LU,4
RL,E2,31,2,22.0,EW-SR,4
RL,E2,31,3,22.0,EW-LU,4
RL,E2,32,0,24.0,NS-SR,4
RL,E2,32,1,22.0,NS-LU,4
RL,E2,32,2,22.0,EW-SR,4
RL,E2,32,3,22.0,EW-LU,4
RL,E2,33,0,24.0,NS-SR,4
RL,E2,33,1,22.0,NS-LU,4
RL,E2,33,2,22.0,EW-SR,4
RL,E2,33,3,22.0,EW-LU,4
RL,E2,34,0,24.0,NS-SR,4
RL,E2,34,1,22.0,NS-LU,4
RL,E2,34,2,22.0,EW-SR,4
RL,E2,34,3,22.0,EW-LU,4
RL,E2,35,0,24.0,NS-SR,4
RL,E2,35,1,22.0,NS-LU,4
RL,E2,35,2,22.0,EW-SR,4
RL,E2,35,3,22.0,EW-LU,4
RL,E2,36,0,24.0,NS-SR,4
RL,E2,36,1,22.0,NS-LU,4
RL,E2,36,2,22.0,EW-SR,4
RL,E2,36,3,22.0,EW-LU,4
RL,E2,37,0,24.0,NS-SR,4
RL,E2,37,1,22.0,NS-LU,4
RL,E2,37,2,22.0,EW-SR,4
RL,E2,37,3,22.0,EW-LU,4
RL,E2,38,0,24.0,NS-SR,4
RL,E2,38,1,22.0,NS-LU,4
RL,E2,38,2,22.0,EW-SR,4
RL,E2,38,3,22.0,EW-LU,4
RL,E2,39,0,24.0,NS-SR,4
RL,E2,39,1,22.0,NS-LU,4
RL,E2,39,2,22.0,EW-SR,4
RL,E2,39,3,22.0,EW-LU,4
RL,E2,40,0,24.0,NS-SR,4
RL,E2,40,1,22.0,NS-LU,4
RL,E2,40,2,22.0,EW-SR,4
RL,E2,40,3,22.0,EW-LU,4
RL,E2,41,0,24.0,NS-SR,4
RL,E2,41,1,22.0,NS-LU,4
RL,E2,41,2,22.0,EW-SR,4
RL,E2,41,3,22.0,EW-LU,4
RL,E2,42,0,24.0,NS-SR,4
RL,E2,42,1,22.0,NS-LU,4
RL,E2,42,2,22.0,EW-SR,4
RL,E2,42,3,22.0,EW-LU,4
RL,E2,43,0,24.0,NS-SR,4
RL,E2,43,1,22.0,NS-LU,4
RL,E2,43,2,22.0,EW-SR,4
RL,E2,43,3,22.0,EW-LU,4
RL,E2,44,0,24.0,NS-SR,4
RL,E2,44,1,22.0,NS-LU,4
RL,E2,44,2,22.0,EW-SR,4
RL,E2,44,3,22.0,EW-LU,4
RL,E2,45,0,24.0,NS-SR,4
RL,E2,45,1,22.0,NS-LU,4
RL,E2,45,2,22.0,EW-SR,4
RL,E2,45,3,22.0,EW-LU,4
RL,E2,46,0,24.0,NS-SR,4
RL,E2,46,1,22.0,NS-LU,4
RL,E2,46,2,22.0,EW-SR,4
RL,E2,46,3,22.0,EW-LU,4
RL,E2,47,0,24.0,NS-SR,4
RL,E2,47,1,22.0,NS-LU,4
RL,E2,47,2,22.0,EW-SR,4
RL,E2,47,3,22.0,EW-LU,4
RL,E2,48,0,24.0,NS-SR,4
RL,E2,48,1,22.0,NS-LU,4
RL,E2,48,2,22.0,EW-SR,4
RL,E2,48,3,22.0,EW-LU,4
RL,E2,49,0,24.0,NS-SR,4
RL,E2,49,1,22.0,NS-LU,4
RL,E2,49,2,22.0,EW-SR,4
RL,E2,49,3,22.0,EW-LU,4
RL,E2,50,0,24.0,NS-SR,4
RL,E2,50,1,22.0,NS-LU,4
RL,E2,50,2,22.0,EW-SR,4
RL,E2,50,3,22.0,EW-LU,4
RL,E2,51,0,24.0,NS-SR,4
RL,E2,51,1,22.0,NS-LU,4
RL,E2,51,2,22.0,EW-SR,4
RL,E2,51,3,22.0,EW-LU,4
RL,E2,52,0,24.0,NS-SR,4
RL,E2,52,1,22.0,NS-LU,4
RL,E2,52,2,22.0,EW-SR,4
RL,E2,52,3,22.0,EW-LU,4
RL,E2,53,0,24.0,NS-SR,4
RL,E2,53,1,22.0,NS-LU,4
RL,E2,53,2,22.0,EW-SR,4
RL,E2,53,3,22.0,EW-LU,4
RL,E2,54,0,24.0,NS-SR,4
RL,E2,54,1,22.0,NS-LU,4
RL,E2,54,2,22.0,EW-SR,4
RL,E2,54,3,22.0,EW-LU,4
RL,E2,55,0,24.0,NS-SR,4
RL,E2,55,1,22.0,NS-LU,4
RL,E2,55,2,22.0,EW-SR,4
RL,E2,55,3,22.0,EW-LU,4
RL,E2,56,0,24.0,NS-SR,4
RL,E2,56,1,22.0,NS-LU,4
RL,E2,56,2,22.0,EW-SR,4
RL,E2,56,3,22.0,EW-LU,4
RL,E2,57,0,24.0,NS-SR,4
RL,E2,57,1,22.0,NS-LU,4
RL,E2,57,2,22.0,EW-SR,4
RL,E2,57,3,22.0,EW-LU,4
RL,E2,58,0,24.0,NS-SR,4
RL,E2,58,1,22.0,NS-LU,4
RL,E2,58,2,22.0,EW-SR,4
RL,E2,58,3,22.0,EW-LU,4
RL,E2,59,0,24.0,NS-SR,4
RL,E2,59,1,22.0,NS-LU,4
RL,E2,59,2,22.0,EW-SR,4
RL,E2,59,3,22.0,EW-LU,4
RL,E2,60,0,24.0,NS-SR,4
RL,E2,60,1,22.0,NS-LU,4
RL,E2,60,2,22.0,EW-SR,4
RL,E2,60,3,22.0,EW-LU,4
RL,E2,61,0,24.0,NS-SR,4
RL,E2,61,1,22.0,NS-LU,4
RL,E2,61,2,22.0,EW-SR,4
RL,E2,61,3,22.0,EW-LU,4
RL,E2,62,0,24.0,NS-SR,4
RL,E2,62,1,22.0,NS-LU,4
RL,E2,62,2,22.0,EW-SR,4
RL,E2,62,3,22.0,EW-LU,4
RL,E2,63,0,24.0,NS-SR,4
RL,E2,63,1,22.0,NS-LU,4
RL,E2,63,2,22.0,EW-SR,4
RL,E2,63,3,22.0,EW-LU,4
RL,E2,64,0,24.0,NS-SR,4
RL,E2,64,1,22.0,NS-LU,4
RL,E2,64,2,22.0,EW-SR,4
RL,E2,64,3,22.0,EW-LU,4
RL,E2,65,0,24.0,NS-SR,4
RL,E2,65,1,22.0,NS-LU,4
RL,E2,65,2,22.0,EW-SR,4
RL,E2,65,3,22.0,EW-LU,4
RL,E2,66,0,24.0,NS-SR,4
RL,E2,66,1,22.0,NS-LU,4
RL,E2,66,2,22.0,EW-SR,4
RL,E2,66,3,22.0,EW-LU,4
RL,E2,67,0,24.0,NS-SR,4
RL,E2,67,1,22.0,NS-LU,4
RL,E2,67,2,22.0,EW-SR,4
RL,E2,67,3,22.0,EW-LU,4
RL,E2,68,0,24.0,NS-SR,4
RL,E2,68,1,22.0,NS-LU,4
RL,E2,68,2,22.0,EW-SR,4
RL,E2,68,3,22.0,EW-LU,4
RL,E2,69,0,24.0,NS-SR,4
RL,E2,69,1,22.0,NS-LU,4
RL,E2,69,2,22.0,EW-SR,4
RL,E2,69,3,22.0,EW-LU,4
RL,E2,70,0,24.0,NS-SR,4
RL,E2,70,1,22.0,NS-LU,4
RL,E2,70,2,22.0,EW-SR,4
RL,E2,70,3,22.0,EW-LU,4
RL,E2,71,0,24.0,NS-SR,4
RL,E2,71,1,22.0,NS-LU,4
RL,E2,71,2,22.0,EW-SR,4
RL,E2,71,3,22.0,EW-LU,4
RL,E2,72,0,24.0,NS-SR,4
RL,E2,72,1,22.0,NS-LU,4
RL,E2,72,2,22.0,EW-SR,4
RL,E2,72,3,22.0,EW-LU,4
RL,E2,73,0,24.0,NS-SR,4
RL,E2,73,1,22.0,NS-LU,4
RL,E2,73,2,22.0,EW-SR,4
RL,E2,73,3,22.0,EW-LU,4
RL,E2,74,0,24.0,NS-SR,4
RL,E2,74,1,22.0,NS-LU,4
RL,E2,74,2,22.0,EW-SR,4
RL,E2,74,3,22.0,EW-LU,4
RL,E2,75,0,24.0,NS-SR,4
RL,E2,75,1,22.0,NS-LU,4
RL,E2,75,2,22.0,EW-SR,4
RL,E2,75,3,22.0,EW-LU,4
RL,E2,76,0,24.0,NS-SR,4
RL,E2,76,1,22.0,NS-LU,4
RL,E2,76,2,22.0,EW-SR,4
RL,E2,76,3,22.0,EW-LU,4
RL,E2,77,0,24.0,NS-SR,4
RL,E2,77,1,22.0,NS-LU,4
RL,E2,77,2,22.0,EW-SR,4
RL,E2,77,3,22.0,EW-LU,4
RL,E2,78,0,24.0,NS-SR,4
RL,E2,78,1,22.0,NS-LU,4
RL,E2,78,2,22.0,EW-SR,4
RL,E2,78,3,22.0,EW-LU,4
RL,E2,79,0,24.0,NS-SR,4
RL,E2,79,1,22.0,NS-LU,4
RL,E2,79,2,22.0,EW-SR,4
RL,E2,79,3,22.0,EW-LU,4
RL,E2,80,0,24.0,NS-SR,4
RL,E2,80,1,22.0,NS-LU,4
RL,E2,80,2,22.0,EW-SR,4
RL,E2,80,3,22.0,EW-LU,4
RL,E1,0,0,34.0,NS-SR,4
RL,E1,0,1,11.0,NS-LU,4
RL,E1,0,2,34.0,EW-SR,4
RL,E1,0,3,11.0,EW-LU,4
RL,E1,1,0,34.0,NS-SR,4
RL,E1,1,1,12.0,NS-LU,4
RL,E1,1,2,32.0,EW-SR,4
RL,E1,1,3,12.0,EW-LU,4
RL,E1,2,0,28.0,NS-SR,4
RL,E1,2,1,16.0,NS-LU,4
RL,E1,2,2,30.0,EW-SR,4
RL,E1,2,3,16.0,EW-LU,4
RL,E1,3,0,26.0,NS-SR,4
RL,E1,3,1,17.0,NS-LU,4
RL,E1,3,2,30.0,EW-SR,4
RL,E1,3,3,17.0,EW-LU,4
RL,E1,4,0,22.0,NS-SR,4
RL,E1,4,1,21.0,NS-LU,4
RL,E1,4,2,26.0,EW-SR,4
RL,E1,4,3,21.0,EW-LU,4
RL,E1,5,0,22.0,NS-SR,4
RL,E1,5,1,22.0,NS-LU,4
RL,E1,5,2,24.0,EW-SR,4
RL,E1,5,3,22.0,EW-LU,4
RL,E1,6,0,24.0,NS-SR,4
RL,E1,6,1,22.0,NS-LU,4
RL,E1,6,2,22.0,EW-SR,4
RL,E1,6,3,22.0,EW-LU,4
RL,E1,7,0,24.0,NS-SR,4
RL,E1,7,1,22.0,NS-LU,4
RL,E1,7,2,22.0,EW-SR,4
RL,E1,7,3,22.0,EW-LU,4
RL,E1,8,0,22.0,NS-SR,4
RL,E1,8,1,22.0,NS-LU,4
RL,E1,8,2,24.0,EW-SR,4
RL,E1,8,3,22.0,EW-LU,4
RL,E1,9,0,24.0,NS-SR,4
RL,E1,9,1,22.0,NS-LU,4
RL,E1,9,2,22.0,EW-SR,4
RL,E1,9,3,22.0,EW-LU,4
RL,E1,10,0,22.0,NS-SR,4
RL,E1,10,1,22.0,NS-LU,4
RL,E1,10,2,24.0,EW-SR,4
RL,E1,10,3,22.0,EW-LU,4
RL,E1,11,0,24.0,NS-SR,4
RL,E1,11,1,22.0,NS-LU,4
RL,E1,11,2,22.0,EW-SR,4
RL,E1,11,3,22.0,EW-LU,4
RL,E1,12,0,24.0,NS-SR,4
RL,E1,12,1,22.0,NS-LU,4
RL,E1,12,2,22.0,EW-SR,4
RL,E1,12,3,22.0,EW-LU,4
RL,E1,13,0,24.0,NS-SR,4
RL,E1,13,1,22.0,NS-LU,4
RL,E1,13,2,22.0,EW-SR,4
RL,E1,13,3,22.0,EW-LU,4
RL,E1,14,0,24.0,NS-SR,4
RL,E1,14,1,22.0,NS-LU,4
RL,E1,14,2,22.0,EW-SR,4
RL,E1,14,3,22.0,EW-LU,4
RL,E1,15,0,24.0,NS-SR,4
RL,E1,15,1,22.0,NS-LU,4
RL,E1,15,2,22.0,EW-SR,4
RL,E1,15,3,22.0,EW-LU,4
RL,E1,16,0,24.0,NS-SR,4
RL,E1,16,1,22.0,NS-LU,4
RL,E1,16,2,22.0,EW-SR,4
RL,E1,16,3,22.0,EW-LU,4
RL,E1,17,0,24.0,NS-SR,4
RL,E1,17,1,22.0,NS-LU,4
RL,E1,17,2,22.0,EW-SR,4
RL,E1,17,3,22.0,EW-LU,4
RL,E1,18,0,24.0,NS-SR,4
RL,E1,18,1,22.0,NS-LU,4
RL,E1,18,2,22.0,EW-SR,4
RL,E1,18,3,22.0,EW-LU,4
RL,E1,19,0,24.0,NS-SR,4
RL,E1,19,1,22.0,NS-LU,4
RL,E1,19,2,22.0,EW-SR,4
RL,E1,19,3,22.0,EW-LU,4
RL,E1,20,0,24.0,NS-SR,4
RL,E1,20,1,22.0,NS-LU,4
RL,E1,20,2,22.0,EW-SR,4
RL,E1,20,3,22.0,EW-LU,4
RL,E1,21,0,24.0,NS-SR,4
RL,E1,21,1,22.0,NS-LU,4
RL,E1,21,2,22.0,EW-SR,4
RL,E1,21,3,22.0,EW-LU,4
RL,E1,22,0,24.0,NS-SR,4
RL,E1,22,1,22.0,NS-LU,4
RL,E1,22,2,22.0,EW-SR,4
RL,E1,22,3,22.0,EW-LU,4
RL,E1,23,0,24.0,NS-SR,4
RL,E1,23,1,22.0,NS-LU,4
RL,E1,23,2,22.0,EW-SR,4
RL,E1,23,3,22.0,EW-LU,4
RL,E1,24,0,24.0,NS-SR,4
RL,E1,24,1,22.0,NS-LU,4
RL,E1,24,2,22.0,EW-SR,4
RL,E1,24,3,22.0,EW-LU,4
RL,E1,25,0,24.0,NS-SR,4
RL,E1,25,1,22.0,NS-LU,4
RL,E1,25,2,22.0,EW-SR,4
RL,E1,25,3,22.0,EW-LU,4
RL,E1,26,0,24.0,NS-SR,4
RL,E1,26,1,22.0,NS-LU,4
RL,E1,26,2,22.0,EW-SR,4
RL,E1,26,3,22.0,EW-LU,4
RL,E1,27,0,24.0,NS-SR,4
RL,E1,27,1,22.0,NS-LU,4
RL,E1,27,2,22.0,EW-SR,4
RL,E1,27,3,22.0,EW-LU,4
RL,E1,28,0,24.0,NS-SR,4
RL,E1,28,1,22.0,NS-LU,4
RL,E1,28,2,22.0,EW-SR,4
RL,E1,28,3,22.0,EW-LU,4
RL,E1,29,0,24.0,NS-SR,4
RL,E1,29,1,22.0,NS-LU,4
RL,E1,29,2,22.0,EW-SR,4
RL,E1,29,3,22.0,EW-LU,4
RL,E1,30,0,24.0,NS-SR,4
RL,E1,30,1,22.0,NS-LU,4
RL,E1,30,2,22.0,EW-SR,4
RL,E1,30,3,22.0,EW-LU,4
RL,E1,31,0,24.0,NS-SR,4
RL,E1,31,1,22.0,NS-LU,4
RL,E1,31,2,22.0,EW-SR,4
RL,E1,31,3,22.0,EW-LU,4
RL,E1,32,0,24.0,NS-SR,4
RL,E1,32,1,22.0,NS-LU,4
RL,E1,32,2,22.0,EW-SR,4
RL,E1,32,3,22.0,EW-LU,4
RL,E1,33,0,24.0,NS-SR,4
RL,E1,33,1,22.0,NS-LU,4
RL,E1,33,2,22.0,EW-SR,4
RL,E1,33,3,22.0,EW-LU,4
RL,E1,34,0,24.0,NS-SR,4
RL,E1,34,1,22.0,NS-LU,4
RL,E1,34,2,22.0,EW-SR,4
RL,E1,34,3,22.0,EW-LU,4
RL,E1,35,0,24.0,NS-SR,4
RL,E1,35,1,22.0,NS-LU,4
RL,E1,35,2,22.0,EW-SR,4
RL,E1,35,3,22.0,EW-LU,4
RL,E1,36,0,24.0,NS-SR,4
RL,E1,36,1,22.0,NS-LU,4
RL,E1,36,2,22.0,EW-SR,4
RL,E1,36,3,22.0,EW-LU,4
RL,E1,37,0,24.0,NS-SR,4
RL,E1,37,1,22.0,NS-LU,4
RL,E1,37,2,22.0,EW-SR,4
RL,E1,37,3,22.0,EW-LU,4
RL,E1,38,0,24.0,NS-SR,4
RL,E1,38,1,22.0,NS-LU,4
RL,E1,38,2,22.0,EW-SR,4
RL,E1,38,3,22.0,EW-LU,4
RL,E1,39,0,24.0,NS-SR,4
RL,E1,39,1,22.0,NS-LU,4
RL,E1,39,2,22.0,EW-SR,4
RL,E1,39,3,22.0,EW-LU,4
RL,E1,40,0,24.0,NS-SR,4
RL,E1,40,1,22.0,NS-LU,4
RL,E1,40,2,22.0,EW-SR,4
RL,E1,40,3,22.0,EW-LU,4
RL,E1,41,0,24.0,NS-SR,4
RL,E1,41,1,22.0,NS-LU,4
RL,E1,41,2,22.0,EW-SR,4
RL,E1,41,3,22.0,EW-LU,4
RL,E1,42,0,24.0,NS-SR,4
RL,E1,42,1,22.0,NS-LU,4
RL,E1,42,2,22.0,EW-SR,4
RL,E1,42,3,22.0,EW-LU,4
RL,E1,43,0,24.0,NS-SR,4
RL,E1,43,1,22.0,NS-LU,4
RL,E1,43,2,22.0,EW-SR,4
RL,E1,43,3,22.0,EW-LU,4
RL,E1,44,0,24.0,NS-SR,4
RL,E1,44,1,22.0,NS-LU,4
RL,E1,44,2,22.0,EW-SR,4
RL,E1,44,3,22.0,EW-LU,4
RL,E1,45,0,24.0,NS-SR,4
RL,E1,45,1,22.0,NS-LU,4
RL,E1,45,2,22.0,EW-SR,4
RL,E1,45,3,22.0,EW-LU,4
RL,E1,46,0,24.0,NS-SR,4
RL,E1,46,1,22.0,NS-LU,4
RL,E1,46,2,22.0,EW-SR,4
RL,E1,46,3,22.0,EW-LU,4
RL,E1,47,0,24.0,NS-SR,4
RL,E1,47,1,22.0,NS-LU,4
RL,E1,47,2,22.0,EW-SR,4
RL,E1,47,3,22.0,EW-LU,4
RL,E1,48,0,24.0,NS-SR,4
RL,E1,48,1,22.0,NS-LU,4
RL,E1,48,2,22.0,EW-SR,4
RL,E1,48,3,22.0,EW-LU,4
RL,E1,49,0,24.0,NS-SR,4
RL,E1,49,1,22.0,NS-LU,4
RL,E1,49,2,22.0,EW-SR,4
RL,E1,49,3,22.0,EW-LU,4
RL,E1,50,0,24.0,NS-SR,4
RL,E1,50,1,22.0,NS-LU,4
RL,E1,50,2,22.0,EW-SR,4
RL,E1,50,3,22.0,EW-LU,4
RL,E1,51,0,24.0,NS-SR,4
RL,E1,51,1,22.0,NS-LU,4
RL,E1,51,2,22.0,EW-SR,4
RL,E1,51,3,22.0,EW-LU,4
RL,E1,52,0,24.0,NS-SR,4
RL,E1,52,1,22.0,NS-LU,4
RL,E1,52,2,22.0,EW-SR,4
RL,E1,52,3,22.0,EW-LU,4
RL,E1,53,0,24.0,NS-SR,4
RL,E1,53,1,22.0,NS-LU,4
RL,E1,53,2,22.0,EW-SR,4
RL,E1,53,3,22.0,EW-LU,4
RL,E1,54,0,24.0,NS-SR,4
RL,E1,54,1,22.0,NS-LU,4
RL,E1,54,2,22.0,EW-SR,4
RL,E1,54,3,22.0,EW-LU,4
RL,E1,55,0,24.0,NS-SR,4
RL,E1,55,1,22.0,NS-LU,4
RL,E1,55,2,22.0,EW-SR,4
RL,E1,55,3,22.0,EW-LU,4
RL,E1,56,0,24.0,NS-SR,4
RL,E1,56,1,22.0,NS-LU,4
RL,E1,56,2,22.0,EW-SR,4
RL,E1,56,3,22.0,EW-LU,4
RL,E1,57,0,24.0,NS-SR,4
RL,E1,57,1,22.0,NS-LU,4
RL,E1,57,2,22.0,EW-SR,4
RL,E1,57,3,22.0,EW-LU,4
RL,E1,58,0,24.0,NS-SR,4
RL,E1,58,1,22.0,NS-LU,4
RL,E1,58,2,22.0,EW-SR,4
RL,E1,58,3,22.0,EW-LU,4
RL,E1,59,0,24.0,NS-SR,4
RL,E1,59,1,22.0,NS-LU,4
RL,E1,59,2,22.0,EW-SR,4
RL,E1,59,3,22.0,EW-LU,4
RL,E1,60,0,24.0,NS-SR,4
RL,E1,60,1,22.0,NS-LU,4
RL,E1,60,2,22.0,EW-SR,4
RL,E1,60,3,22.0,EW-LU,4
RL,E1,61,0,24.0,NS-SR,4
RL,E1,61,1,22.0,NS-LU,4
RL,E1,61,2,22.0,EW-SR,4
RL,E1,61,3,22.0,EW-LU,4
RL,E1,62,0,24.0,NS-SR,4
RL,E1,62,1,22.0,NS-LU,4
RL,E1,62,2,22.0,EW-SR,4
RL,E1,62,3,22.0,EW-LU,4
RL,E1,63,0,24.0,NS-SR,4
RL,E1,63,1,22.0,NS-LU,4
RL,E1,63,2,22.0,EW-SR,4
RL,E1,63,3,22.0,EW-LU,4
RL,E1,64,0,24.0,NS-SR,4
RL,E1,64,1,22.0,NS-LU,4
RL,E1,64,2,22.0,EW-SR,4
RL,E1,64,3,22.0,EW-LU,4
RL,E1,65,0,24.0,NS-SR,4
RL,E1,65,1,22.0,NS-LU,4
RL,E1,65,2,22.0,EW-SR,4
RL,E1,65,3,22.0,EW-LU,4
RL,E1,66,0,24.0,NS-SR,4
RL,E1,66,1,22.0,NS-LU,4
RL,E1,66,2,22.0,EW-SR,4
RL,E1,66,3,22.0,EW-LU,4
RL,E1,67,0,24.0,NS-SR,4
RL,E1,67,1,22.0,NS-LU,4
RL,E1,67,2,22.0,EW-SR,4
RL,E1,67,3,22.0,EW-LU,4
RL,E1,68,0,24.0,NS-SR,4
RL,E1,68,1,22.0,NS-LU,4
RL,E1,68,2,22.0,EW-SR,4
RL,E1,68,3,22.0,EW-LU,4
RL,E1,69,0,24.0,NS-SR,4
RL,E1,69,1,22.0,NS-LU,4
RL,E1,69,2,22.0,EW-SR,4
RL,E1,69,3,22.0,EW-LU,4
RL,E1,70,0,24.0,NS-SR,4
RL,E1,70,1,22.0,NS-LU,4
RL,E1,70,2,22.0,EW-SR,4
RL,E1,70,3,22.0,EW-LU,4
RL,E1,71,0,24.0,NS-SR,4
RL,E1,71,1,22.0,NS-LU,4
RL,E1,71,2,22.0,EW-SR,4
RL,E1,71,3,22.0,EW-LU,4
RL,E1,72,0,24.0,NS-SR,4
RL,E1,72,1,22.0,NS-LU,4
RL,E1,72,2,22.0,EW-SR,4
RL,E1,72,3,22.0,EW-LU,4
RL,E1,73,0,24.0,NS-SR,4
RL,E1,73,1,22.0,NS-LU,4
RL,E1,73,2,22.0,EW-SR,4
RL,E1,73,3,22.0,EW-LU,4
RL,E1,74,0,24.0,NS-SR,4
RL,E1,74,1,22.0,NS-LU,4
RL,E1,74,2,22.0,EW-SR,4
RL,E1,74,3,22.0,EW-LU,4
RL,E1,75,0,24.0,NS-SR,4
RL,E1,75,1,22.0,NS-LU,4
RL,E1,75,2,22.0,EW-SR,4
RL,E1,75,3,22.0,EW-LU,4
RL,E1,76,0,24.0,NS-SR,4
RL,E1,76,1,22.0,NS-LU,4
RL,E1,76,2,22.0,EW-SR,4
RL,E1,76,3,22.0,EW-LU,4
RL,E1,77,0,24.0,NS-SR,4
RL,E1,77,1,22.0,NS-LU,4
RL,E1,77,2,22.0,EW-SR,4
RL,E1,77,3,22.0,EW-LU,4
RL,E1,78,0,24.0,NS-SR,4
RL,E1,78,1,22.0,NS-LU,4
RL,E1,78,2,22.0,EW-SR,4
RL,E1,78,3,22.0,EW-LU,4
RL,E1,79,0,24.0,NS-SR,4
RL,E1,79,1,22.0,NS-LU,4
RL,E1,79,2,22.0,EW-SR,4
RL,E1,79,3,22.0,EW-LU,4
RL,E1,80,0,24.0,NS-SR,4
RL,E1,80,1,22.0,NS-LU,4
RL,E1,80,2,22.0,EW-SR,4
RL,E1,80,3,22.0,EW-LU,4
RL,A1,0,0,19.0,NS-SR,4
RL,A1,0,1,19.0,NS-LU,4
RL,A1,0,2,25.0,EW-SR,4
RL,A1,0,3,27.0,EW-LU,4
RL,A1,1,0,24.0,NS-SR,4
RL,A1,1,1,22.0,NS-LU,4
RL,A1,1,2,22.0,EW-SR,4
RL,A1,1,3,22.0,EW-LU,4
RL,A1,2,0,24.0,NS-SR,4
RL,A1,2,1,22.0,NS-LU,4
RL,A1,2,2,22.0,EW-SR,4
RL,A1,2,3,22.0,EW-LU,4
RL,A1,3,0,24.0,NS-SR,4
RL,A1,3,1,22.0,NS-LU,4
RL,A1,3,2,22.0,EW-SR,4
RL,A1,3,3,22.0,EW-LU,4
RL,A1,4,0,24.0,NS-SR,4
RL,A1,4,1,22.0,NS-LU,4
RL,A1,4,2,22.0,EW-SR,4
RL,A1,4,3,22.0,EW-LU,4
RL,A1,5,0,24.0,NS-SR,4
RL,A1,5,1,22.0,NS-LU,4
RL,A1,5,2,22.0,EW-SR,4
RL,A1,5,3,22.0,EW-LU,4
RL,A1,6,0,24.0,NS-SR,4
RL,A1,6,1,22.0,NS-LU,4
RL,A1,6,2,22.0,EW-SR,4
RL,A1,6,3,22.0,EW-LU,4
RL,A1,7,0,24.0,NS-SR,4
RL,A1,7,1,22.0,NS-LU,4
RL,A1,7,2,22.0,EW-SR,4
RL,A1,7,3,22.0,EW-LU,4
RL,A1,8,0,24.0,NS-SR,4
RL,A1,8,1,22.0,NS-LU,4
RL,A1,8,2,22.0,EW-SR,4
RL,A1,8,3,22.0,EW-LU,4
RL,A1,9,0,24.0,NS-SR,4
RL,A1,9,1,22.0,NS-LU,4
RL,A1,9,2,22.0,EW-SR,4
RL,A1,9,3,22.0,EW-LU,4
RL,A1,10,0,24.0,NS-SR,4
RL,A1,10,1,22.0,NS-LU,4
RL,A1,10,2,22.0,EW-SR,4
RL,A1,10,3,22.0,EW-LU,4
RL,A1,11,0,24.0,NS-SR,4
RL,A1,11,1,22.0,NS-LU,4
RL,A1,11,2,22.0,EW-SR,4
RL,A1,11,3,22.0,EW-LU,4
RL,A1,12,0,24.0,NS-SR,4
RL,A1,12,1,22.0,NS-LU,4
RL,A1,12,2,22.0,EW-SR,4
RL,A1,12,3,22.0,EW-LU,4
RL,A1,13,0,24.0,NS-SR,4
RL,A1,13,1,22.0,NS-LU,4
RL,A1,13,2,22.0,EW-SR,4
RL,A1,13,3,22.0,EW-LU,4
RL,A1,14,0,24.0,NS-SR,4
RL,A1,14,1,22.0,NS-LU,4
RL,A1,14,2,22.0,EW-SR,4
RL,A1,14,3,22.0,EW-LU,4
RL,A1,15,0,24.0,NS-SR,4
RL,A1,15,1,22.0,NS-LU,4
RL,A1,15,2,22.0,EW-SR,4
RL,A1,15,3,22.0,EW-LU,4
RL,A1,16,0,24.0,NS-SR,4
RL,A1,16,1,22.0,NS-LU,4
RL,A1,16,2,22.0,EW-SR,4
RL,A1,16,3,22.0,EW-LU,4
RL,A1,17,0,24.0,NS-SR,4
RL,A1,17,1,22.0,NS-LU,4
RL,A1,17,2,22.0,EW-SR,4
RL,A1,17,3,22.0,EW-LU,4
RL,A1,18,0,24.0,NS-SR,4
RL,A1,18,1,22.0,NS-LU,4
RL,A1,18,2,22.0,EW-SR,4
RL,A1,18,3,22.0,EW-LU,4
RL,A1,19,0,24.0,NS-SR,4
RL,A1,19,1,22.0,NS-LU,4
RL,A1,19,2,22.0,EW-SR,4
RL,A1,19,3,22.0,EW-LU,4
RL,A1,20,0,24.0,NS-SR,4
RL,A1,20,1,22.0,NS-LU,4
RL,A1,20,2,22.0,EW-SR,4
RL,A1,20,3,22.0,EW-LU,4
RL,A1,21,0,24.0,NS-SR,4
RL,A1,21,1,22.0,NS-LU,4
RL,A1,21,2,22.0,EW-SR,4
RL,A1,21,3,22.0,EW-LU,4
RL,A1,22,0,24.0,NS-SR,4
RL,A1,22,1,22.0,NS-LU,4
RL,A1,22,2,22.0,EW-SR,4
RL,A1,22,3,22.0,EW-LU,4
RL,A1,23,0,24.0,NS-SR,4
RL,A1,23,1,22.0,NS-LU,4
RL,A1,23,2,22.0,EW-SR,4
RL,A1,23,3,22.0,EW-LU,4
RL,A1,24,0,24.0,NS-SR,4
RL,A1,24,1,22.0,NS-LU,4
RL,A1,24,2,22.0,EW-SR,4
RL,A1,24,3,22.0,EW-LU,4
RL,A1,25,0,24.0,NS-SR,4
RL,A1,25,1,22.0,NS-LU,4
RL,A1,25,2,22.0,EW-SR,4
RL,A1,25,3,22.0,EW-LU,4
RL,A1,26,0,24.0,NS-SR,4
RL,A1,26,1,22.0,NS-LU,4
RL,A1,26,2,22.0,EW-SR,4
RL,A1,26,3,22.0,EW-LU,4
RL,A1,27,0,24.0,NS-SR,4
RL,A1,27,1,22.0,NS-LU,4
RL,A1,27,2,22.0,EW-SR,4
RL,A1,27,3,22.0,EW-LU,4
RL,A1,28,0,24.0,NS-SR,4
RL,A1,28,1,22.0,NS-LU,4
RL,A1,28,2,22.0,EW-SR,4
RL,A1,28,3,22.0,EW-LU,4
RL,A1,29,0,24.0,NS-SR,4
RL,A1,29,1,22.0,NS-LU,4
RL,A1,29,2,22.0,EW-SR,4
RL,A1,29,3,22.0,EW-LU,4
RL,A1,30,0,24.0,NS-SR,4
RL,A1,30,1,22.0,NS-LU,4
RL,A1,30,2,22.0,EW-SR,4
RL,A1,30,3,22.0,EW-LU,4
RL,A1,31,0,24.0,NS-SR,4
RL,A1,31,1,22.0,NS-LU,4
RL,A1,31,2,22.0,EW-SR,4
RL,A1,31,3,22.0,EW-LU,4
RL,A1,32,0,24.0,NS-SR,4
RL,A1,32,1,22.0,NS-LU,4
RL,A1,32,2,22.0,EW-SR,4
RL,A1,32,3,22.0,EW-LU,4
RL,A1,33,0,24.0,NS-SR,4
RL,A1,33,1,22.0,NS-LU,4
RL,A1,33,2,22.0,EW-SR,4
RL,A1,33,3,22.0,EW-LU,4
RL,A1,34,0,24.0,NS-SR,4
RL,A1,34,1,22.0,NS-LU,4
RL,A1,34,2,22.0,EW-SR,4
RL,A1,34,3,22.0,EW-LU,4
RL,A1,35,0,24.0,NS-SR,4
RL,A1,35,1,22.0,NS-LU,4
RL,A1,35,2,22.0,EW-SR,4
RL,A1,35,3,22.0,EW-LU,4
RL,A1,36,0,24.0,NS-SR,4
RL,A1,36,1,22.0,NS-LU,4
RL,A1,36,2,22.0,EW-SR,4
RL,A1,36,3,22.0,EW-LU,4
RL,A1,37,0,24.0,NS-SR,4
RL,A1,37,1,22.0,NS-LU,4
RL,A1,37,2,22.0,EW-SR,4
RL,A1,37,3,22.0,EW-LU,4
RL,A1,38,0,24.0,NS-SR,4
RL,A1,38,1,22.0,NS-LU,4
RL,A1,38,2,22.0,EW-SR,4
RL,A1,38,3,22.0,EW-LU,4
RL,A1,39,0,24.0,NS-SR,4
RL,A1,39,1,22.0,NS-LU,4
RL,A1,39,2,22.0,EW-SR,4
RL,A1,39,3,22.0,EW-LU,4
RL,A1,40,0,24.0,NS-SR,4
RL,A1,40,1,22.0,NS-LU,4
RL,A1,40,2,22.0,EW-SR,4
RL,A1,40,3,22.0,EW-LU,4
RL,A1,41,0,24.0,NS-SR,4
RL,A1,41,1,22.0,NS-LU,4
RL,A1,41,2,22.0,EW-SR,4
RL,A1,41,3,22.0,EW-LU,4
RL,A1,42,0,24.0,NS-SR,4
RL,A1,42,1,22.0,NS-LU,4
RL,A1,42,2,22.0,EW-SR,4
RL,A1,42,3,22.0,EW-LU,4
RL,A1,43,0,24.0,NS-SR,4
RL,A1,43,1,22.0,NS-LU,4
RL,A1,43,2,22.0,EW-SR,4
RL,A1,43,3,22.0,EW-LU,4
RL,A1,44,0,24.0,NS-SR,4
RL,A1,44,1,22.0,NS-LU,4
RL,A1,44,2,22.0,EW-SR,4
RL,A1,44,3,22.0,EW-LU,4
RL,A1,45,0,24.0,NS-SR,4
RL,A1,45,1,22.0,NS-LU,4
RL,A1,45,2,22.0,EW-SR,4
RL,A1,45,3,22.0,EW-LU,4
RL,A1,46,0,24.0,NS-SR,4
RL,A1,46,1,22.0,NS-LU,4
RL,A1,46,2,22.0,EW-SR,4
RL,A1,46,3,22.0,EW-LU,4
RL,A1,47,0,24.0,NS-SR,4
RL,A1,47,1,22.0,NS-LU,4
RL,A1,47,2,22.0,EW-SR,4
RL,A1,47,3,22.0,EW-LU,4
RL,A1,48,0,24.0,NS-SR,4
RL,A1,48,1,22.0,NS-LU,4
RL,A1,48,2,22.0,EW-SR,4
RL,A1,48,3,22.0,EW-LU,4
RL,A1,49,0,24.0,NS-SR,4
RL,A1,49,1,22.0,NS-LU,4
RL,A1,49,2,22.0,EW-SR,4
RL,A1,49,3,22.0,EW-LU,4
RL,A1,50,0,24.0,NS-SR,4
RL,A1,50,1,22.0,NS-LU,4
RL,A1,50,2,22.0,EW-SR,4
RL,A1,50,3,22.0,EW-LU,4
RL,A1,51,0,24.0,NS-SR,4
RL,A1,51,1,22.0,NS-LU,4
RL,A1,51,2,22.0,EW-SR,4
RL,A1,51,3,22.0,EW-LU,4
RL,A1,52,0,24.0,NS-SR,4
RL,A1,52,1,22.0,NS-LU,4
RL,A1,52,2,22.0,EW-SR,4
RL,A1,52,3,22.0,EW-LU,4
RL,A1,53,0,24.0,NS-SR,4
RL,A1,53,1,22.0,NS-LU,4
RL,A1,53,2,22.0,EW-SR,4
RL,A1,53,3,22.0,EW-LU,4
RL,A1,54,0,24.0,NS-SR,4
RL,A1,54,1,22.0,NS-LU,4
RL,A1,54,2,22.0,EW-SR,4
RL,A1,54,3,22.0,EW-LU,4
RL,A1,55,0,24.0,NS-SR,4
RL,A1,55,1,22.0,NS-LU,4
RL,A1,55,2,22.0,EW-SR,4
RL,A1,55,3,22.0,EW-LU,4
RL,A1,56,0,24.0,NS-SR,4
RL,A1,56,1,22.0,NS-LU,4
RL,A1,56,2,22.0,EW-SR,4
RL,A1,56,3,22.0,EW-LU,4
RL,A1,57,0,24.0,NS-SR,4
RL,A1,57,1,22.0,NS-LU,4
RL,A1,57,2,22.0,EW-SR,4
RL,A1,57,3,22.0,EW-LU,4
RL,A1,58,0,24.0,NS-SR,4
RL,A1,58,1,22.0,NS-LU,4
RL,A1,58,2,22.0,EW-SR,4
RL,A1,58,3,22.0,EW-LU,4
RL,A1,59,0,24.0,NS-SR,4
RL,A1,59,1,22.0,NS-LU,4
RL,A1,59,2,22.0,EW-SR,4
RL,A1,59,3,22.0,EW-LU,4
RL,A1,60,0,24.0,NS-SR,4
RL,A1,60,1,22.0,NS-LU,4
RL,A1,60,2,22.0,EW-SR,4
RL,A1,60,3,22.0,EW-LU,4
RL,A1,61,0,24.0,NS-SR,4
RL,A1,61,1,22.0,NS-LU,4
RL,A1,61,2,22.0,EW-SR,4
RL,A1,61,3,22.0,EW-LU,4
RL,A1,62,0,24.0,NS-SR,4
RL,A1,62,1,22.0,NS-LU,4
RL,A1,62,2,22.0,EW-SR,4
RL,A1,62,3,22.0,EW-LU,4
RL,A1,63,0,24.0,NS-SR,4
RL,A1,63,1,22.0,NS-LU,4
RL,A1,63,2,22.0,EW-SR,4
RL,A1,63,3,22.0,EW-LU,4
RL,A1,64,0,24.0,NS-SR,4
RL,A1,64,1,22.0,NS-LU,4
RL,A1,64,2,22.0,EW-SR,4
RL,A1,64,3,22.0,EW-LU,4
RL,A1,65,0,24.0,NS-SR,4
RL,A1,65,1,22.0,NS-LU,4
RL,A1,65,2,22.0,EW-SR,4
RL,A1,65,3,22.0,EW-LU,4
RL,A1,66,0,24.0,NS-SR,4
RL,A1,66,1,22.0,NS-LU,4
RL,A1,66,2,22.0,EW-SR,4
RL,A1,66,3,22.0,EW-LU,4
RL,A1,67,0,24.0,NS-SR,4
RL,A1,67,1,22.0,NS-LU,4
RL,A1,67,2,22.0,EW-SR,4
RL,A1,67,3,22.0,EW-LU,4
RL,A1,68,0,24.0,NS-SR,4
RL,A1,68,1,22.0,NS-LU,4
RL,A1,68,2,22.0,EW-SR,4
RL,A1,68,3,22.0,EW-LU,4
RL,A1,69,0,24.0,NS-SR,4
RL,A1,69,1,22.0,NS-LU,4
RL,A1,69,2,22.0,EW-SR,4
RL,A1,69,3,22.0,EW-LU,4
RL,A1,70,0,24.0,NS-SR,4
RL,A1,70,1,22.0,NS-LU,4
RL,A1,70,2,22.0,EW-SR,4
RL,A1,70,3,22.0,EW-LU,4
RL,A1,71,0,24.0,NS-SR,4
RL,A1,71,1,22.0,NS-LU,4
RL,A1,71,2,22.0,EW-SR,4
RL,A1,71,3,22.0,EW-LU,4
RL,A1,72,0,24.0,NS-SR,4
RL,A1,72,1,22.0,NS-LU,4
RL,A1,72,2,22.0,EW-SR,4
RL,A1,72,3,22.0,EW-LU,4
RL,A1,73,0,24.0,NS-SR,4
RL,A1,73,1,22.0,NS-LU,4
RL,A1,73,2,22.0,EW-SR,4
RL,A1,73,3,22.0,EW-LU,4
RL,A1,74,0,24.0,NS-SR,4
RL,A1,74,1,22.0,NS-LU,4
RL,A1,74,2,22.0,EW-SR,4
RL,A1,74,3,22.0,EW-LU,4
RL,A1,75,0,24.0,NS-SR,4
RL,A1,75,1,22.0,NS-LU,4
RL,A1,75,2,22.0,EW-SR,4
RL,A1,75,3,22.0,EW-LU,4
RL,A1,76,0,24.0,NS-SR,4
RL,A1,76,1,22.0,NS-LU,4
RL,A1,76,2,22.0,EW-SR,4
RL,A1,76,3,22.0,EW-LU,4
RL,A1,77,0,24.0,NS-SR,4
RL,A1,77,1,22.0,NS-LU,4
RL,A1,77,2,22.0,EW-SR,4
RL,A1,77,3,22.0,EW-LU,4
RL,A1,78,0,24.0,NS-SR,4
RL,A1,78,1,22.0,NS-LU,4
RL,A1,78,2,22.0,EW-SR,4
RL,A1,78,3,22.0,EW-LU,4
RL,A1,79,0,24.0,NS-SR,4
RL,A1,79,1,22.0,NS-LU,4
RL,A1,79,2,22.0,EW-SR,4
RL,A1,79,3,22.0,EW-LU,4
RL,A1,80,0,24.0,NS-SR,4
RL,A1,80,1,22.0,NS-LU,4
RL,A1,80,2,22.0,EW-SR,4
RL,A1,80,3,22.0,EW-LU,4
RL,A5,0,0,25.0,NS-SR,3
RL,A5,0,1,36.0,NS-LU,3
RL,A5,0,2,29.0,EW-LU,3
RL,A5,1,0,35.0,NS-SR,3
RL,A5,1,1,25.0,NS-LU,3
RL,A5,1,2,30.0,EW-LU,3
RL,A5,2,0,30.0,NS-SR,3
RL,A5,2,1,20.0,NS-LU,3
RL,A5,2,2,40.0,EW-LU,3
RL,A5,3,0,30.0,NS-SR,3
RL,A5,3,1,20.0,NS-LU,3
RL,A5,3,2,40.0,EW-LU,3
RL,A5,4,0,30.0,NS-SR,3
RL,A5,4,1,20.0,NS-LU,3
RL,A5,4,2,40.0,EW-LU,3
RL,A5,5,0,27.0,NS-SR,3
RL,A5,5,1,21.0,NS-LU,3
RL,A5,5,2,42.0,EW-LU,3
RL,A5,6,0,27.0,NS-SR,3
RL,A5,6,1,21.0,NS-LU,3
RL,A5,6,2,42.0,EW-LU,3
RL,A5,7,0,24.0,NS-SR,3
RL,A5,7,1,22.0,NS-LU,3
RL,A5,7,2,44.0,EW-LU,3
RL,A5,8,0,30.0,NS-SR,3
RL,A5,8,1,20.0,NS-LU,3
RL,A5,8,2,40.0,EW-LU,3
RL,A5,9,0,27.0,NS-SR,3
RL,A5,9,1,21.0,NS-LU,3
RL,A5,9,2,42.0,EW-LU,3
RL,A5,10,0,24.0,NS-SR,3
RL,A5,10,1,22.0,NS-LU,3
RL,A5,10,2,44.0,EW-LU,3
RL,A5,11,0,27.0,NS-SR,3
RL,A5,11,1,21.0,NS-LU,3
RL,A5,11,2,42.0,EW-LU,3
RL,A5,12,0,27.0,NS-SR,3
RL,A5,12,1,21.0,NS-LU,3
RL,A5,12,2,42.0,EW-LU,3
RL,A5,13,0,27.0,NS-SR,3
RL,A5,13,1,21.0,NS-LU,3
RL,A5,13,2,42.0,EW-LU,3
RL,A5,14,0,27.0,NS-SR,3
RL,A5,14,1,21.0,NS-LU,3
RL,A5,14,2,42.0,EW-LU,3
RL,A5,15,0,33.0,NS-SR,3
RL,A5,15,1,19.0,NS-LU,3
RL,A5,15,2,38.0,EW-LU,3
RL,A5,16,0,27.0,NS-SR,3
RL,A5,16,1,21.0,NS-LU,3
RL,A5,16,2,42.0,EW-LU,3
RL,A5,17,0,30.0,NS-SR,3
RL,A5,17,1,20.0,NS-LU,3
RL,A5,17,2,40.0,EW-LU,3
RL,A5,18,0,30.0,NS-SR,3
RL,A5,18,1,20.0,NS-LU,3
RL,A5,18,2,40.0,EW-LU,3
RL,A5,19,0,27.0,NS-SR,3
RL,A5,19,1,21.0,NS-LU,3
RL,A5,19,2,42.0,EW-LU,3
RL,A5,20,0,24.0,NS-SR,3
RL,A5,20,1,22.0,NS-LU,3
RL,A5,20,2,44.0,EW-LU,3
RL,A5,21,0,24.0,NS-SR,3
RL,A5,21,1,22.0,NS-LU,3
RL,A5,21,2,44.0,EW-LU,3
RL,A5,22,0,27.0,NS-SR,3
RL,A5,22,1,21.0,NS-LU,3
RL,A5,22,2,42.0,EW-LU,3
RL,A5,23,0,24.0,NS-SR,3
RL,A5,23,1,22.0,NS-LU,3
RL,A5,23,2,44.0,EW-LU,3
RL,A5,24,0,24.0,NS-SR,3
RL,A5,24,1,22.0,NS-LU,3
RL,A5,24,2,44.0,EW-LU,3
RL,A5,25,0,27.0,NS-SR,3
RL,A5,25,1,21.0,NS-LU,3
RL,A5,25,2,42.0,EW-LU,3
RL,A5,26,0,30.0,NS-SR,3
RL,A5,26,1,20.0,NS-LU,3
RL,A5,26,2,40.0,EW-LU,3
RL,A5,27,0,27.0,NS-SR,3
RL,A5,27,1,21.0,NS-LU,3
RL,A5,27,2,42.0,EW-LU,3
RL,A5,28,0,27.0,NS-SR,3
RL,A5,28,1,21.0,NS-LU,3
RL,A5,28,2,42.0,EW-LU,3
RL,A5,29,0,27.0,NS-SR,3
RL,A5,29,1,21.0,NS-LU,3
RL,A5,29,2,42.0,EW-LU,3
RL,A5,30,0,27.0,NS-SR,3
RL,A5,30,1,21.0,NS-LU,3
RL,A5,30,2,42.0,EW-LU,3
RL,A5,31,0,27.0,NS-SR,3
RL,A5,31,1,21.0,NS-LU,3
RL,A5,31,2,42.0,EW-LU,3
RL,A5,32,0,24.0,NS-SR,3
RL,A5,32,1,22.0,NS-LU,3
RL,A5,32,2,44.0,EW-LU,3
RL,A5,33,0,24.0,NS-SR,3
RL,A5,33,1,22.0,NS-LU,3
RL,A5,33,2,44.0,EW-LU,3
RL,A5,34,0,24.0,NS-SR,3
RL,A5,34,1,22.0,NS-LU,3
RL,A5,34,2,44.0,EW-LU,3
RL,A5,35,0,24.0,NS-SR,3
RL,A5,35,1,22.0,NS-LU,3
RL,A5,35,2,44.0,EW-LU,3
RL,A5,36,0,24.0,NS-SR,3
RL,A5,36,1,22.0,NS-LU,3
RL,A5,36,2,44.0,EW-LU,3
RL,A5,37,0,27.0,NS-SR,3
RL,A5,37,1,21.0,NS-LU,3
RL,A5,37,2,42.0,EW-LU,3
RL,A5,38,0,24.0,NS-SR,3
RL,A5,38,1,22.0,NS-LU,3
RL,A5,38,2,44.0,EW-LU,3
RL,A5,39,0,24.0,NS-SR,3
RL,A5,39,1,22.0,NS-LU,3
RL,A5,39,2,44.0,EW-LU,3
RL,A5,40,0,27.0,NS-SR,3
RL,A5,40,1,21.0,NS-LU,3
RL,A5,40,2,42.0,EW-LU,3
RL,A5,41,0,24.0,NS-SR,3
RL,A5,41,1,22.0,NS-LU,3
RL,A5,41,2,44.0,EW-LU,3
RL,A5,42,0,27.0,NS-SR,3
RL,A5,42,1,21.0,NS-LU,3
RL,A5,42,2,42.0,EW-LU,3
RL,A5,43,0,24.0,NS-SR,3
RL,A5,43,1,22.0,NS-LU,3
RL,A5,43,2,44.0,EW-LU,3
RL,A5,44,0,24.0,NS-SR,3
RL,A5,44,1,22.0,NS-LU,3
RL,A5,44,2,44.0,EW-LU,3
RL,A5,45,0,24.0,NS-SR,3
RL,A5,45,1,22.0,NS-LU,3
RL,A5,45,2,44.0,EW-LU,3
RL,A5,46,0,24.0,NS-SR,3
RL,A5,46,1,22.0,NS-LU,3
RL,A5,46,2,44.0,EW-LU,3
RL,A5,47,0,24.0,NS-SR,3
RL,A5,47,1,22.0,NS-LU,3
RL,A5,47,2,44.0,EW-LU,3
RL,A5,48,0,27.0,NS-SR,3
RL,A5,48,1,21.0,NS-LU,3
RL,A5,48,2,42.0,EW-LU,3
RL,A5,49,0,24.0,NS-SR,3
RL,A5,49,1,22.0,NS-LU,3
RL,A5,49,2,44.0,EW-LU,3
RL,A5,50,0,24.0,NS-SR,3
RL,A5,50,1,22.0,NS-LU,3
RL,A5,50,2,44.0,EW-LU,3
RL,A5,51,0,27.0,NS-SR,3
RL,A5,51,1,21.0,NS-LU,3
RL,A5,51,2,42.0,EW-LU,3
RL,A5,52,0,24.0,NS-SR,3
RL,A5,52,1,22.0,NS-LU,3
RL,A5,52,2,44.0,EW-LU,3
RL,A5,53,0,24.0,NS-SR,3
RL,A5,53,1,22.0,NS-LU,3
RL,A5,53,2,44.0,EW-LU,3
RL,A5,54,0,27.0,NS-SR,3
RL,A5,54,1,21.0,NS-LU,3
RL,A5,54,2,42.0,EW-LU,3
RL,A5,55,0,24.0,NS-SR,3
RL,A5,55,1,22.0,NS-LU,3
RL,A5,55,2,44.0,EW-LU,3
RL,A5,56,0,24.0,NS-SR,3
RL,A5,56,1,22.0,NS-LU,3
RL,A5,56,2,44.0,EW-LU,3
RL,A5,57,0,24.0,NS-SR,3
RL,A5,57,1,22.0,NS-LU,3
RL,A5,57,2,44.0,EW-LU,3
RL,A5,58,0,27.0,NS-SR,3
RL,A5,58,1,21.0,NS-LU,3
RL,A5,58,2,42.0,EW-LU,3
RL,A5,59,0,27.0,NS-SR,3
RL,A5,59,1,21.0,NS-LU,3
RL,A5,59,2,42.0,EW-LU,3
RL,A5,60,0,24.0,NS-SR,3
RL,A5,60,1,22.0,NS-LU,3
RL,A5,60,2,44.0,EW-LU,3
RL,A5,61,0,24.0,NS-SR,3
RL,A5,61,1,22.0,NS-LU,3
RL,A5,61,2,44.0,EW-LU,3
RL,A5,62,0,27.0,NS-SR,3
RL,A5,62,1,21.0,NS-LU,3
RL,A5,62,2,42.0,EW-LU,3
RL,A5,63,0,27.0,NS-SR,3
RL,A5,63,1,21.0,NS-LU,3
RL,A5,63,2,42.0,EW-LU,3
RL,A5,64,0,30.0,NS-SR,3
RL,A5,64,1,20.0,NS-LU,3
RL,A5,64,2,40.0,EW-LU,3
RL,A5,65,0,27.0,NS-SR,3
RL,A5,65,1,21.0,NS-LU,3
RL,A5,65,2,42.0,EW-LU,3
RL,A5,66,0,27.0,NS-SR,3
RL,A5,66,1,21.0,NS-LU,3
RL,A5,66,2,42.0,EW-LU,3
RL,A5,67,0,24.0,NS-SR,3
RL,A5,67,1,22.0,NS-LU,3
RL,A5,67,2,44.0,EW-LU,3
RL,A5,68,0,27.0,NS-SR,3
RL,A5,68,1,21.0,NS-LU,3
RL,A5,68,2,42.0,EW-LU,3
RL,A5,69,0,24.0,NS-SR,3
RL,A5,69,1,22.0,NS-LU,3
RL,A5,69,2,44.0,EW-LU,3
RL,A5,70,0,24.0,NS-SR,3
RL,A5,70,1,22.0,NS-LU,3
RL,A5,70,2,44.0,EW-LU,3
RL,A5,71,0,24.0,NS-SR,3
RL,A5,71,1,22.0,NS-LU,3
RL,A5,71,2,44.0,EW-LU,3
RL,A5,72,0,27.0,NS-SR,3
RL,A5,72,1,21.0,NS-LU,3
RL,A5,72,2,42.0,EW-LU,3
RL,A5,73,0,24.0,NS-SR,3
RL,A5,73,1,22.0,NS-LU,3
RL,A5,73,2,44.0,EW-LU,3
RL,A5,74,0,24.0,NS-SR,3
RL,A5,74,1,22.0,NS-LU,3
RL,A5,74,2,44.0,EW-LU,3
RL,A5,75,0,24.0,NS-SR,3
RL,A5,75,1,22.0,NS-LU,3
RL,A5,75,2,44.0,EW-LU,3
RL,A5,76,0,27.0,NS-SR,3
RL,A5,76,1,21.0,NS-LU,3
RL,A5,76,2,42.0,EW-LU,3
RL,A5,77,0,24.0,NS-SR,3
RL,A5,77,1,22.0,NS-LU,3
RL,A5,77,2,44.0,EW-LU,3
RL,A5,78,0,24.0,NS-SR,3
RL,A5,78,1,22.0,NS-LU,3
RL,A5,78,2,44.0,EW-LU,3
RL,A5,79,0,24.0,NS-SR,3
RL,A5,79,1,22.0,NS-LU,3
RL,A5,79,2,44.0,EW-LU,3
RL,A5,80,0,24.0,NS-SR,3
RL,A5,80,1,22.0,NS-LU,3
RL,A5,80,2,44.0,EW-LU,3
RL,C0,0,0,11.0,NS-SR,4
RL,C0,0,1,14.0,NS-LU,4
RL,C0,0,2,47.0,EW-SR,4
RL,C0,0,3,18.0,EW-LU,4
RL,C0,1,0,13.0,NS-SR,4
RL,C0,1,1,13.0,NS-LU,4
RL,C0,1,2,46.0,EW-SR,4
RL,C0,1,3,18.0,EW-LU,4
RL,C0,2,0,16.0,NS-SR,4
RL,C0,2,1,16.0,NS-LU,4
RL,C0,2,2,42.0,EW-SR,4
RL,C0,2,3,16.0,EW-LU,4
RL,C0,3,0,18.0,NS-SR,4
RL,C0,3,1,18.0,NS-LU,4
RL,C0,3,2,36.0,EW-SR,4
RL,C0,3,3,18.0,EW-LU,4
RL,C0,4,0,20.0,NS-SR,4
RL,C0,4,1,20.0,NS-LU,4
RL,C0,4,2,30.0,EW-SR,4
RL,C0,4,3,20.0,EW-LU,4
RL,C0,5,0,20.0,NS-SR,4
RL,C0,5,1,20.0,NS-LU,4
RL,C0,5,2,30.0,EW-SR,4
RL,C0,5,3,20.0,EW-LU,4
RL,C0,6,0,20.0,NS-SR,4
RL,C0,6,1,20.0,NS-LU,4
RL,C0,6,2,30.0,EW-SR,4
RL,C0,6,3,20.0,EW-LU,4
RL,C0,7,0,20.0,NS-SR,4
RL,C0,7,1,20.0,NS-LU,4
RL,C0,7,2,30.0,EW-SR,4
RL,C0,7,3,20.0,EW-LU,4
RL,C0,8,0,20.0,NS-SR,4
RL,C0,8,1,20.0,NS-LU,4
RL,C0,8,2,30.0,EW-SR,4
RL,C0,8,3,20.0,EW-LU,4
RL,C0,9,0,21.0,NS-SR,4
RL,C0,9,1,21.0,NS-LU,4
RL,C0,9,2,27.0,EW-SR,4
RL,C0,9,3,21.0,EW-LU,4
RL,C0,10,0,21.0,NS-SR,4
RL,C0,10,1,21.0,NS-LU,4
RL,C0,10,2,27.0,EW-SR,4
RL,C0,10,3,21.0,EW-LU,4
RL,C0,11,0,19.0,NS-SR,4
RL,C0,11,1,19.0,NS-LU,4
RL,C0,11,2,33.0,EW-SR,4
RL,C0,11,3,19.0,EW-LU,4
RL,C0,12,0,20.0,NS-SR,4
RL,C0,12,1,20.0,NS-LU,4
RL,C0,12,2,30.0,EW-SR,4
RL,C0,12,3,20.0,EW-LU,4
RL,C0,13,0,21.0,NS-SR,4
RL,C0,13,1,21.0,NS-LU,4
RL,C0,13,2,27.0,EW-SR,4
RL,C0,13,3,21.0,EW-LU,4
RL,C0,14,0,20.0,NS-SR,4
RL,C0,14,1,20.0,NS-LU,4
RL,C0,14,2,30.0,EW-SR,4
RL,C0,14,3,20.0,EW-LU,4
RL,C0,15,0,20.0,NS-SR,4
RL,C0,15,1,20.0,NS-LU,4
RL,C0,15,2,30.0,EW-SR,4
RL,C0,15,3,20.0,EW-LU,4
RL,C0,16,0,20.0,NS-SR,4
RL,C0,16,1,20.0,NS-LU,4
RL,C0,16,2,30.0,EW-SR,4
RL,C0,16,3,20.0,EW-LU,4
RL,C0,17,0,21.0,NS-SR,4
RL,C0,17,1,21.0,NS-LU,4
RL,C0,17,2,27.0,EW-SR,4
RL,C0,17,3,21.0,EW-LU,4
RL,C0,18,0,22.0,NS-SR,4
RL,C0,18,1,22.0,NS-LU,4
RL,C0,18,2,24.0,EW-SR,4
RL,C0,18,3,22.0,EW-LU,4
RL,C0,19,0,22.0,NS-SR,4
RL,C0,19,1,22.0,NS-LU,4
RL,C0,19,2,24.0,EW-SR,4
RL,C0,19,3,22.0,EW-LU,4
RL,C0,20,0,20.0,NS-SR,4
RL,C0,20,1,20.0,NS-LU,4
RL,C0,20,2,30.0,EW-SR,4
RL,C0,20,3,20.0,EW-LU,4
RL,C0,21,0,20.0,NS-SR,4
RL,C0,21,1,20.0,NS-LU,4
RL,C0,21,2,30.0,EW-SR,4
RL,C0,21,3,20.0,EW-LU,4
RL,C0,22,0,20.0,NS-SR,4
RL,C0,22,1,20.0,NS-LU,4
RL,C0,22,2,30.0,EW-SR,4
RL,C0,22,3,20.0,EW-LU,4
RL,C0,23,0,22.0,NS-SR,4
RL,C0,23,1,22.0,NS-LU,4
RL,C0,23,2,24.0,EW-SR,4
RL,C0,23,3,22.0,EW-LU,4
RL,C0,24,0,22.0,NS-SR,4
RL,C0,24,1,22.0,NS-LU,4
RL,C0,24,2,24.0,EW-SR,4
RL,C0,24,3,22.0,EW-LU,4
RL,C0,25,0,21.0,NS-SR,4
RL,C0,25,1,21.0,NS-LU,4
RL,C0,25,2,27.0,EW-SR,4
RL,C0,25,3,21.0,EW-LU,4
RL,C0,26,0,21.0,NS-SR,4
RL,C0,26,1,21.0,NS-LU,4
RL,C0,26,2,27.0,EW-SR,4
RL,C0,26,3,21.0,EW-LU,4
RL,C0,27,0,22.0,NS-SR,4
RL,C0,27,1,22.0,NS-LU,4
RL,C0,27,2,24.0,EW-SR,4
RL,C0,27,3,22.0,EW-LU,4
RL,C0,28,0,22.0,NS-SR,4
RL,C0,28,1,22.0,NS-LU,4
RL,C0,28,2,24.0,EW-SR,4
RL,C0,28,3,22.0,EW-LU,4
RL,C0,29,0,21.0,NS-SR,4
RL,C0,29,1,21.0,NS-LU,4
RL,C0,29,2,27.0,EW-SR,4
RL,C0,29,3,21.0,EW-LU,4
RL,C0,30,0,21.0,NS-SR,4
RL,C0,30,1,21.0,NS-LU,4
RL,C0,30,2,27.0,EW-SR,4
RL,C0,30,3,21.0,EW-LU,4
RL,C0,31,0,21.0,NS-SR,4
RL,C0,31,1,21.0,NS-LU,4
RL,C0,31,2,27.0,EW-SR,4
RL,C0,31,3,21.0,EW-LU,4
RL,C0,32,0,22.0,NS-SR,4
RL,C0,32,1,22.0,NS-LU,4
RL,C0,32,2,24.0,EW-SR,4
RL,C0,32,3,22.0,EW-LU,4
RL,C0,33,0,20.0,NS-SR,4
RL,C0,33,1,20.0,NS-LU,4
RL,C0,33,2,30.0,EW-SR,4
RL,C0,33,3,20.0,EW-LU,4
RL,C0,34,0,22.0,NS-SR,4
RL,C0,34,1,22.0,NS-LU,4
RL,C0,34,2,24.0,EW-SR,4
RL,C0,34,3,22.0,EW-LU,4
RL,C0,35,0,21.0,NS-SR,4
RL,C0,35,1,21.0,NS-LU,4
RL,C0,35,2,27.0,EW-SR,4
RL,C0,35,3,21.0,EW-LU,4
RL,C0,36,0,21.0,NS-SR,4
RL,C0,36,1,21.0,NS-LU,4
RL,C0,36,2,27.0,EW-SR,4
RL,C0,36,3,21.0,EW-LU,4
RL,C0,37,0,20.0,NS-SR,4
RL,C0,37,1,20.0,NS-LU,4
RL,C0,37,2,30.0,EW-SR,4
RL,C0,37,3,20.0,EW-LU,4
RL,C0,38,0,22.0,NS-SR,4
RL,C0,38,1,22.0,NS-LU,4
RL,C0,38,2,24.0,EW-SR,4
RL,C0,38,3,22.0,EW-LU,4
RL,C0,39,0,20.0,NS-SR,4
RL,C0,39,1,20.0,NS-LU,4
RL,C0,39,2,30.0,EW-SR,4
RL,C0,39,3,20.0,EW-LU,4
RL,C0,40,0,21.0,NS-SR,4
RL,C0,40,1,21.0,NS-LU,4
RL,C0,40,2,27.0,EW-SR,4
RL,C0,40,3,21.0,EW-LU,4
RL,C0,41,0,22.0,NS-SR,4
RL,C0,41,1,22.0,NS-LU,4
RL,C0,41,2,24.0,EW-SR,4
RL,C0,41,3,22.0,EW-LU,4
RL,C0,42,0,22.0,NS-SR,4
RL,C0,42,1,22.0,NS-LU,4
RL,C0,42,2,24.0,EW-SR,4
RL,C0,42,3,22.0,EW-LU,4
RL,C0,43,0,22.0,NS-SR,4
RL,C0,43,1,22.0,NS-LU,4
RL,C0,43,2,24.0,EW-SR,4
RL,C0,43,3,22.0,EW-LU,4
RL,C0,44,0,22.0,NS-SR,4
RL,C0,44,1,22.0,NS-LU,4
RL,C0,44,2,24.0,EW-SR,4
RL,C0,44,3,22.0,EW-LU,4
RL,C0,45,0,22.0,NS-SR,4
RL,C0,45,1,22.0,NS-LU,4
RL,C0,45,2,24.0,EW-SR,4
RL,C0,45,3,22.0,EW-LU,4
RL,C0,46,0,22.0,NS-SR,4
RL,C0,46,1,22.0,NS-LU,4
RL,C0,46,2,24.0,EW-SR,4
RL,C0,46,3,22.0,EW-LU,4
RL,C0,47,0,21.0,NS-SR,4
RL,C0,47,1,21.0,NS-LU,4
RL,C0,47,2,27.0,EW-SR,4
RL,C0,47,3,21.0,EW-LU,4
RL,C0,48,0,20.0,NS-SR,4
RL,C0,48,1,20.0,NS-LU,4
RL,C0,48,2,30.0,EW-SR,4
RL,C0,48,3,20.0,EW-LU,4
RL,C0,49,0,22.0,NS-SR,4
RL,C0,49,1,22.0,NS-LU,4
RL,C0,49,2,24.0,EW-SR,4
RL,C0,49,3,22.0,EW-LU,4
RL,C0,50,0,22.0,NS-SR,4
RL,C0,50,1,22.0,NS-LU,4
RL,C0,50,2,24.0,EW-SR,4
RL,C0,50,3,22.0,EW-LU,4
RL,C0,51,0,22.0,NS-SR,4
RL,C0,51,1,22.0,NS-LU,4
RL,C0,51,2,24.0,EW-SR,4
RL,C0,51,3,22.0,EW-LU,4
RL,C0,52,0,22.0,NS-SR,4
RL,C0,52,1,22.0,NS-LU,4
RL,C0,52,2,24.0,EW-SR,4
RL,C0,52,3,22.0,EW-LU,4
RL,C0,53,0,21.0,NS-SR,4
RL,C0,53,1,21.0,NS-LU,4
RL,C0,53,2,27.0,EW-SR,4
RL,C0,53,3,21.0,EW-LU,4
RL,C0,54,0,22.0,NS-SR,4
RL,C0,54,1,22.0,NS-LU,4
RL,C0,54,2,24.0,EW-SR,4
RL,C0,54,3,22.0,EW-LU,4
RL,C0,55,0,21.0,NS-SR,4
RL,C0,55,1,21.0,NS-LU,4
RL,C0,55,2,27.0,EW-SR,4
RL,C0,55,3,21.0,EW-LU,4
RL,C0,56,0,22.0,NS-SR,4
RL,C0,56,1,22.0,NS-LU,4
RL,C0,56,2,24.0,EW-SR,4
RL,C0,56,3,22.0,EW-LU,4
RL,C0,57,0,22.0,NS-SR,4
RL,C0,57,1,22.0,NS-LU,4
RL,C0,57,2,24.0,EW-SR,4
RL,C0,57,3,22.0,EW-LU,4
RL,C0,58,0,24.0,NS-SR,4
RL,C0,58,1,22.0,NS-LU,4
RL,C0,58,2,22.0,EW-SR,4
RL,C0,58,3,22.0,EW-LU,4
RL,C0,59,0,21.0,NS-SR,4
RL,C0,59,1,21.0,NS-LU,4
RL,C0,59,2,27.0,EW-SR,4
RL,C0,59,3,21.0,EW-LU,4
RL,C0,60,0,21.0,NS-SR,4
RL,C0,60,1,21.0,NS-LU,4
RL,C0,60,2,27.0,EW-SR,4
RL,C0,60,3,21.0,EW-LU,4
RL,C0,61,0,22.0,NS-SR,4
RL,C0,61,1,22.0,NS-LU,4
RL,C0,61,2,24.0,EW-SR,4
RL,C0,61,3,22.0,EW-LU,4
RL,C0,62,0,21.0,NS-SR,4
RL,C0,62,1,21.0,NS-LU,4
RL,C0,62,2,27.0,EW-SR,4
RL,C0,62,3,21.0,EW-LU,4
RL,C0,63,0,22.0,NS-SR,4
RL,C0,63,1,22.0,NS-LU,4
RL,C0,63,2,24.0,EW-SR,4
RL,C0,63,3,22.0,EW-LU,4
RL,C0,64,0,21.0,NS-SR,4
RL,C0,64,1,21.0,NS-LU,4
RL,C0,64,2,27.0,EW-SR,4
RL,C0,64,3,21.0,EW-LU,4
RL,C0,65,0,22.0,NS-SR,4
RL,C0,65,1,22.0,NS-LU,4
RL,C0,65,2,24.0,EW-SR,4
RL,C0,65,3,22.0,EW-LU,4
RL,C0,66,0,22.0,NS-SR,4
RL,C0,66,1,22.0,NS-LU,4
RL,C0,66,2,24.0,EW-SR,4
RL,C0,66,3,22.0,EW-LU,4
RL,C0,67,0,24.0,NS-SR,4
RL,C0,67,1,22.0,NS-LU,4
RL,C0,67,2,22.0,EW-SR,4
RL,C0,67,3,22.0,EW-LU,4
RL,C0,68,0,22.0,NS-SR,4
RL,C0,68,1,22.0,NS-LU,4
RL,C0,68,2,24.0,EW-SR,4
RL,C0,68,3,22.0,EW-LU,4
RL,C0,69,0,19.0,NS-SR,4
RL,C0,69,1,19.0,NS-LU,4
RL,C0,69,2,33.0,EW-SR,4
RL,C0,69,3,19.0,EW-LU,4
RL,C0,70,0,22.0,NS-SR,4
RL,C0,70,1,22.0,NS-LU,4
RL,C0,70,2,24.0,EW-SR,4
RL,C0,70,3,22.0,EW-LU,4
RL,C0,71,0,22.0,NS-SR,4
RL,C0,71,1,22.0,NS-LU,4
RL,C0,71,2,24.0,EW-SR,4
RL,C0,71,3,22.0,EW-LU,4
RL,C0,72,0,20.0,NS-SR,4
RL,C0,72,1,20.0,NS-LU,4
RL,C0,72,2,30.0,EW-SR,4
RL,C0,72,3,20.0,EW-LU,4
RL,C0,73,0,20.0,NS-SR,4
RL,C0,73,1,20.0,NS-LU,4
RL,C0,73,2,30.0,EW-SR,4
RL,C0,73,3,20.0,EW-LU,4
RL,C0,74,0,21.0,NS-SR,4
RL,C0,74,1,21.0,NS-LU,4
RL,C0,74,2,27.0,EW-SR,4
RL,C0,74,3,21.0,EW-LU,4
RL,C0,75,0,21.0,NS-SR,4
RL,C0,75,1,21.0,NS-LU,4
RL,C0,75,2,27.0,EW-SR,4
RL,C0,75,3,21.0,EW-LU,4
RL,C0,76,0,21.0,NS-SR,4
RL,C0,76,1,21.0,NS-LU,4
RL,C0,76,2,27.0,EW-SR,4
RL,C0,76,3,21.0,EW-LU,4
RL,C0,77,0,21.0,NS-SR,4
RL,C0,77,1,21.0,NS-LU,4
RL,C0,77,2,27.0,EW-SR,4
RL,C0,77,3,21.0,EW-LU,4
RL,C0,78,0,20.0,NS-SR,4
RL,C0,78,1,20.0,NS-LU,4
RL,C0,78,2,30.0,EW-SR,4
RL,C0,78,3,20.0,EW-LU,4
RL,C0,79,0,21.0,NS-SR,4
RL,C0,79,1,21.0,NS-LU,4
RL,C0,79,2,27.0,EW-SR,4
RL,C0,79,3,21.0,EW-LU,4
RL,C0,80,0,21.0,NS-SR,4
RL,C0,80,1,21.0,NS-LU,4
RL,C0,80,2,27.0,EW-SR,4
RL,C0,80,3,21.0,EW-LU,4
RL,E0,0,0,11.0,NS-SR,4
RL,E0,0,1,11.0,NS-LU,4
RL,E0,0,2,12.0,EW-SR,4
RL,E0,0,3,56.0,EW-LU,4
RL,E0,1,0,14.0,NS-SR,4
RL,E0,1,1,14.0,NS-LU,4
RL,E0,1,2,14.0,EW-SR,4
RL,E0,1,3,48.0,EW-LU,4
RL,E0,2,0,19.0,NS-SR,4
RL,E0,2,1,19.0,NS-LU,4
RL,E0,2,2,19.0,EW-SR,4
RL,E0,2,3,33.0,EW-LU,4
RL,E0,3,0,21.0,NS-SR,4
RL,E0,3,1,21.0,NS-LU,4
RL,E0,3,2,21.0,EW-SR,4
RL,E0,3,3,27.0,EW-LU,4
RL,E0,4,0,22.0,NS-SR,4
RL,E0,4,1,22.0,NS-LU,4
RL,E0,4,2,22.0,EW-SR,4
RL,E0,4,3,24.0,EW-LU,4
RL,E0,5,0,24.0,NS-SR,4
RL,E0,5,1,22.0,NS-LU,4
RL,E0,5,2,22.0,EW-SR,4
RL,E0,5,3,22.0,EW-LU,4
RL,E0,6,0,24.0,NS-SR,4
RL,E0,6,1,22.0,NS-LU,4
RL,E0,6,2,22.0,EW-SR,4
RL,E0,6,3,22.0,EW-LU,4
RL,E0,7,0,24.0,NS-SR,4
RL,E0,7,1,22.0,NS-LU,4
RL,E0,7,2,22.0,EW-SR,4
RL,E0,7,3,22.0,EW-LU,4
RL,E0,8,0,24.0,NS-SR,4
RL,E0,8,1,22.0,NS-LU,4
RL,E0,8,2,22.0,EW-SR,4
RL,E0,8,3,22.0,EW-LU,4
RL,E0,9,0,24.0,NS-SR,4
RL,E0,9,1,22.0,NS-LU,4
RL,E0,9,2,22.0,EW-SR,4
RL,E0,9,3,22.0,EW-LU,4
RL,E0,10,0,24.0,NS-SR,4
RL,E0,10,1,22.0,NS-LU,4
RL,E0,10,2,22.0,EW-SR,4
RL,E0,10,3,22.0,EW-LU,4
RL,E0,11,0,24.0,NS-SR,4
RL,E0,11,1,22.0,NS-LU,4
RL,E0,11,2,22.0,EW-SR,4
RL,E0,11,3,22.0,EW-LU,4
RL,E0,12,0,24.0,NS-SR,4
RL,E0,12,1,22.0,NS-LU,4
RL,E0,12,2,22.0,EW-SR,4
RL,E0,12,3,22.0,EW-LU,4
RL,E0,13,0,24.0,NS-SR,4
RL,E0,13,1,22.0,NS-LU,4
RL,E0,13,2,22.0,EW-SR,4
RL,E0,13,3,22.0,EW-LU,4
RL,E0,14,0,24.0,NS-SR,4
RL,E0,14,1,22.0,NS-LU,4
RL,E0,14,2,22.0,EW-SR,4
RL,E0,14,3,22.0,EW-LU,4
RL,E0,15,0,24.0,NS-SR,4
RL,E0,15,1,22.0,NS-LU,4
RL,E0,15,2,22.0,EW-SR,4
RL,E0,15,3,22.0,EW-LU,4
RL,E0,16,0,24.0,NS-SR,4
RL,E0,16,1,22.0,NS-LU,4
RL,E0,16,2,22.0,EW-SR,4
RL,E0,16,3,22.0,EW-LU,4
RL,E0,17,0,24.0,NS-SR,4
RL,E0,17,1,22.0,NS-LU,4
RL,E0,17,2,22.0,EW-SR,4
RL,E0,17,3,22.0,EW-LU,4
RL,E0,18,0,24.0,NS-SR,4
RL,E0,18,1,22.0,NS-LU,4
RL,E0,18,2,22.0,EW-SR,4
RL,E0,18,3,22.0,EW-LU,4
RL,E0,19,0,24.0,NS-SR,4
RL,E0,19,1,22.0,NS-LU,4
RL,E0,19,2,22.0,EW-SR,4
RL,E0,19,3,22.0,EW-LU,4
RL,E0,20,0,24.0,NS-SR,4
RL,E0,20,1,22.0,NS-LU,4
RL,E0,20,2,22.0,EW-SR,4
RL,E0,20,3,22.0,EW-LU,4
RL,E0,21,0,24.0,NS-SR,4
RL,E0,21,1,22.0,NS-LU,4
RL,E0,21,2,22.0,EW-SR,4
RL,E0,21,3,22.0,EW-LU,4
RL,E0,22,0,24.0,NS-SR,4
RL,E0,22,1,22.0,NS-LU,4
RL,E0,22,2,22.0,EW-SR,4
RL,E0,22,3,22.0,EW-LU,4
RL,E0,23,0,24.0,NS-SR,4
RL,E0,23,1,22.0,NS-LU,4
RL,E0,23,2,22.0,EW-SR,4
RL,E0,23,3,22.0,EW-LU,4
RL,E0,24,0,24.0,NS-SR,4
RL,E0,24,1,22.0,NS-LU,4
RL,E0,24,2,22.0,EW-SR,4
RL,E0,24,3,22.0,EW-LU,4
RL,E0,25,0,24.0,NS-SR,4
RL,E0,25,1,22.0,NS-LU,4
RL,E0,25,2,22.0,EW-SR,4
RL,E0,25,3,22.0,EW-LU,4
RL,E0,26,0,24.0,NS-SR,4
RL,E0,26,1,22.0,NS-LU,4
RL,E0,26,2,22.0,EW-SR,4
RL,E0,26,3,22.0,EW-LU,4
RL,E0,27,0,24.0,NS-SR,4
RL,E0,27,1,22.0,NS-LU,4
RL,E0,27,2,22.0,EW-SR,4
RL,E0,27,3,22.0,EW-LU,4
RL,E0,28,0,24.0,NS-SR,4
RL,E0,28,1,22.0,NS-LU,4
RL,E0,28,2,22.0,EW-SR,4
RL,E0,28,3,22.0,EW-LU,4
RL,E0,29,0,24.0,NS-SR,4
RL,E0,29,1,22.0,NS-LU,4
RL,E0,29,2,22.0,EW-SR,4
RL,E0,29,3,22.0,EW-LU,4
RL,E0,30,0,24.0,NS-SR,4
RL,E0,30,1,22.0,NS-LU,4
RL,E0,30,2,22.0,EW-SR,4
RL,E0,30,3,22.0,EW-LU,4
RL,E0,31,0,24.0,NS-SR,4
RL,E0,31,1,22.0,NS-LU,4
RL,E0,31,2,22.0,EW-SR,4
RL,E0,31,3,22.0,EW-LU,4
RL,E0,32,0,24.0,NS-SR,4
RL,E0,32,1,22.0,NS-LU,4
RL,E0,32,2,22.0,EW-SR,4
RL,E0,32,3,22.0,EW-LU,4
RL,E0,33,0,24.0,NS-SR,4
RL,E0,33,1,22.0,NS-LU,4
RL,E0,33,2,22.0,EW-SR,4
RL,E0,33,3,22.0,EW-LU,4
RL,E0,34,0,24.0,NS-SR,4
RL,E0,34,1,22.0,NS-LU,4
RL,E0,34,2,22.0,EW-SR,4
RL,E0,34,3,22.0,EW-LU,4
RL,E0,35,0,24.0,NS-SR,4
RL,E0,35,1,22.0,NS-LU,4
RL,E0,35,2,22.0,EW-SR,4
RL,E0,35,3,22.0,EW-LU,4
RL,E0,36,0,24.0,NS-SR,4
RL,E0,36,1,22.0,NS-LU,4
RL,E0,36,2,22.0,EW-SR,4
RL,E0,36,3,22.0,EW-LU,4
RL,E0,37,0,24.0,NS-SR,4
RL,E0,37,1,22.0,NS-LU,4
RL,E0,37,2,22.0,EW-SR,4
RL,E0,37,3,22.0,EW-LU,4
RL,E0,38,0,24.0,NS-SR,4
RL,E0,38,1,22.0,NS-LU,4
RL,E0,38,2,22.0,EW-SR,4
RL,E0,38,3,22.0,EW-LU,4
RL,E0,39,0,24.0,NS-SR,4
RL,E0,39,1,22.0,NS-LU,4
RL,E0,39,2,22.0,EW-SR,4
RL,E0,39,3,22.0,EW-LU,4
RL,E0,40,0,24.0,NS-SR,4
RL,E0,40,1,22.0,NS-LU,4
RL,E0,40,2,22.0,EW-SR,4
RL,E0,40,3,22.0,EW-LU,4
RL,E0,41,0,24.0,NS-SR,4
RL,E0,41,1,22.0,NS-LU,4
RL,E0,41,2,22.0,EW-SR,4
RL,E0,41,3,22.0,EW-LU,4
RL,E0,42,0,24.0,NS-SR,4
RL,E0,42,1,22.0,NS-LU,4
RL,E0,42,2,22.0,EW-SR,4
RL,E0,42,3,22.0,EW-LU,4
RL,E0,43,0,24.0,NS-SR,4
RL,E0,43,1,22.0,NS-LU,4
RL,E0,43,2,22.0,EW-SR,4
RL,E0,43,3,22.0,EW-LU,4
RL,E0,44,0,24.0,NS-SR,4
RL,E0,44,1,22.0,NS-LU,4
RL,E0,44,2,22.0,EW-SR,4
RL,E0,44,3,22.0,EW-LU,4
RL,E0,45,0,24.0,NS-SR,4
RL,E0,45,1,22.0,NS-LU,4
RL,E0,45,2,22.0,EW-SR,4
RL,E0,45,3,22.0,EW-LU,4
RL,E0,46,0,24.0,NS-SR,4
RL,E0,46,1,22.0,NS-LU,4
RL,E0,46,2,22.0,EW-SR,4
RL,E0,46,3,22.0,EW-LU,4
RL,E0,47,0,24.0,NS-SR,4
RL,E0,47,1,22.0,NS-LU,4
RL,E0,47,2,22.0,EW-SR,4
RL,E0,47,3,22.0,EW-LU,4
RL,E0,48,0,24.0,NS-SR,4
RL,E0,48,1,22.0,NS-LU,4
RL,E0,48,2,22.0,EW-SR,4
RL,E0,48,3,22.0,EW-LU,4
RL,E0,49,0,24.0,NS-SR,4
RL,E0,49,1,22.0,NS-LU,4
RL,E0,49,2,22.0,EW-SR,4
RL,E0,49,3,22.0,EW-LU,4
RL,E0,50,0,24.0,NS-SR,4
RL,E0,50,1,22.0,NS-LU,4
RL,E0,50,2,22.0,EW-SR,4
RL,E0,50,3,22.0,EW-LU,4
RL,E0,51,0,24.0,NS-SR,4
RL,E0,51,1,22.0,NS-LU,4
RL,E0,51,2,22.0,EW-SR,4
RL,E0,51,3,22.0,EW-LU,4
RL,E0,52,0,24.0,NS-SR,4
RL,E0,52,1,22.0,NS-LU,4
RL,E0,52,2,22.0,EW-SR,4
RL,E0,52,3,22.0,EW-LU,4
RL,E0,53,0,24.0,NS-SR,4
RL,E0,53,1,22.0,NS-LU,4
RL,E0,53,2,22.0,EW-SR,4
RL,E0,53,3,22.0,EW-LU,4
RL,E0,54,0,24.0,NS-SR,4
RL,E0,54,1,22.0,NS-LU,4
RL,E0,54,2,22.0,EW-SR,4
RL,E0,54,3,22.0,EW-LU,4
RL,E0,55,0,24.0,NS-SR,4
RL,E0,55,1,22.0,NS-LU,4
RL,E0,55,2,22.0,EW-SR,4
RL,E0,55,3,22.0,EW-LU,4
RL,E0,56,0,24.0,NS-SR,4
RL,E0,56,1,22.0,NS-LU,4
RL,E0,56,2,22.0,EW-SR,4
RL,E0,56,3,22.0,EW-LU,4
RL,E0,57,0,24.0,NS-SR,4
RL,E0,57,1,22.0,NS-LU,4
RL,E0,57,2,22.0,EW-SR,4
RL,E0,57,3,22.0,EW-LU,4
RL,E0,58,0,24.0,NS-SR,4
RL,E0,58,1,22.0,NS-LU,4
RL,E0,58,2,22.0,EW-SR,4
RL,E0,58,3,22.0,EW-LU,4
RL,E0,59,0,24.0,NS-SR,4
RL,E0,59,1,22.0,NS-LU,4
RL,E0,59,2,22.0,EW-SR,4
RL,E0,59,3,22.0,EW-LU,4
RL,E0,60,0,24.0,NS-SR,4
RL,E0,60,1,22.0,NS-LU,4
RL,E0,60,2,22.0,EW-SR,4
RL,E0,60,3,22.0,EW-LU,4
RL,E0,61,0,24.0,NS-SR,4
RL,E0,61,1,22.0,NS-LU,4
RL,E0,61,2,22.0,EW-SR,4
RL,E0,61,3,22.0,EW-LU,4
RL,E0,62,0,24.0,NS-SR,4
RL,E0,62,1,22.0,NS-LU,4
RL,E0,62,2,22.0,EW-SR,4
RL,E0,62,3,22.0,EW-LU,4
RL,E0,63,0,24.0,NS-SR,4
RL,E0,63,1,22.0,NS-LU,4
RL,E0,63,2,22.0,EW-SR,4
RL,E0,63,3,22.0,EW-LU,4
RL,E0,64,0,24.0,NS-SR,4
RL,E0,64,1,22.0,NS-LU,4
RL,E0,64,2,22.0,EW-SR,4
RL,E0,64,3,22.0,EW-LU,4
RL,E0,65,0,24.0,NS-SR,4
RL,E0,65,1,22.0,NS-LU,4
RL,E0,65,2,22.0,EW-SR,4
RL,E0,65,3,22.0,EW-LU,4
RL,E0,66,0,24.0,NS-SR,4
RL,E0,66,1,22.0,NS-LU,4
RL,E0,66,2,22.0,EW-SR,4
RL,E0,66,3,22.0,EW-LU,4
RL,E0,67,0,24.0,NS-SR,4
RL,E0,67,1,22.0,NS-LU,4
RL,E0,67,2,22.0,EW-SR,4
RL,E0,67,3,22.0,EW-LU,4
RL,E0,68,0,24.0,NS-SR,4
RL,E0,68,1,22.0,NS-LU,4
RL,E0,68,2,22.0,EW-SR,4
RL,E0,68,3,22.0,EW-LU,4
RL,E0,69,0,24.0,NS-SR,4
RL,E0,69,1,22.0,NS-LU,4
RL,E0,69,2,22.0,EW-SR,4
RL,E0,69,3,22.0,EW-LU,4
RL,E0,70,0,24.0,NS-SR,4
RL,E0,70,1,22.0,NS-LU,4
RL,E0,70,2,22.0,EW-SR,4
RL,E0,70,3,22.0,EW-LU,4
RL,E0,71,0,24.0,NS-SR,4
RL,E0,71,1,22.0,NS-LU,4
RL,E0,71,2,22.0,EW-SR,4
RL,E0,71,3,22.0,EW-LU,4
RL,E0,72,0,24.0,NS-SR,4
RL,E0,72,1,22.0,NS-LU,4
RL,E0,72,2,22.0,EW-SR,4
RL,E0,72,3,22.0,EW-LU,4
RL,E0,73,0,24.0,NS-SR,4
RL,E0,73,1,22.0,NS-LU,4
RL,E0,73,2,22.0,EW-SR,4
RL,E0,73,3,22.0,EW-LU,4
RL,E0,74,0,24.0,NS-SR,4
RL,E0,74,1,22.0,NS-LU,4
RL,E0,74,2,22.0,EW-SR,4
RL,E0,74,3,22.0,EW-LU,4
RL,E0,75,0,24.0,NS-SR,4
RL,E0,75,1,22.0,NS-LU,4
RL,E0,75,2,22.0,EW-SR,4
RL,E0,75,3,22.0,EW-LU,4
RL,E0,76,0,24.0,NS-SR,4
RL,E0,76,1,22.0,NS-LU,4
RL,E0,76,2,22.0,EW-SR,4
RL,E0,76,3,22.0,EW-LU,4
RL,E0,77,0,24.0,NS-SR,4
RL,E0,77,1,22.0,NS-LU,4
RL,E0,77,2,22.0,EW-SR,4
RL,E0,77,3,22.0,EW-LU,4
RL,E0,78,0,24.0,NS-SR,4
RL,E0,78,1,22.0,NS-LU,4
RL,E0,78,2,22.0,EW-SR,4
RL,E0,78,3,22.0,EW-LU,4
RL,E0,79,0,24.0,NS-SR,4
RL,E0,79,1,22.0,NS-LU,4
RL,E0,79,2,22.0,EW-SR,4
RL,E0,79,3,22.0,EW-LU,4
RL,E0,80,0,24.0,NS-SR,4
RL,E0,80,1,22.0,NS-LU,4
RL,E0,80,2,22.0,EW-SR,4
RL,E0,80,3,22.0,EW-LU,4
RL,D5,0,0,11.0,NS-SR,4
RL,D5,0,1,10.0,NS-LU,4
RL,D5,0,2,58.0,EW-SR,4
RL,D5,0,3,11.0,EW-LU,4
RL,D5,1,0,11.0,NS-SR,4
RL,D5,1,1,11.0,NS-LU,4
RL,D5,1,2,57.0,EW-SR,4
RL,D5,1,3,11.0,EW-LU,4
RL,D5,2,0,11.0,NS-SR,4
RL,D5,2,1,11.0,NS-LU,4
RL,D5,2,2,57.0,EW-SR,4
RL,D5,2,3,11.0,EW-LU,4
RL,D5,3,0,12.0,NS-SR,4
RL,D5,3,1,12.0,NS-LU,4
RL,D5,3,2,54.0,EW-SR,4
RL,D5,3,3,12.0,EW-LU,4
RL,D5,4,0,13.0,NS-SR,4
RL,D5,4,1,13.0,NS-LU,4
RL,D5,4,2,51.0,EW-SR,4
RL,D5,4,3,13.0,EW-LU,4
RL,D5,5,0,12.0,NS-SR,4
RL,D5,5,1,12.0,NS-LU,4
RL,D5,5,2,54.0,EW-SR,4
RL,D5,5,3,12.0,EW-LU,4
RL,D5,6,0,12.0,NS-SR,4
RL,D5,6,1,12.0,NS-LU,4
RL,D5,6,2,54.0,EW-SR,4
RL,D5,6,3,12.0,EW-LU,4
RL,D5,7,0,13.0,NS-SR,4
RL,D5,7,1,13.0,NS-LU,4
RL,D5,7,2,51.0,EW-SR,4
RL,D5,7,3,13.0,EW-LU,4
RL,D5,8,0,12.0,NS-SR,4
RL,D5,8,1,12.0,NS-LU,4
RL,D5,8,2,54.0,EW-SR,4
RL,D5,8,3,12.0,EW-LU,4
RL,D5,9,0,12.0,NS-SR,4
RL,D5,9,1,12.0,NS-LU,4
RL,D5,9,2,54.0,EW-SR,4
RL,D5,9,3,12.0,EW-LU,4
RL,D5,10,0,13.0,NS-SR,4
RL,D5,10,1,13.0,NS-LU,4
RL,D5,10,2,51.0,EW-SR,4
RL,D5,10,3,13.0,EW-LU,4
RL,D5,11,0,12.0,NS-SR,4
RL,D5,11,1,12.0,NS-LU,4
RL,D5,11,2,54.0,EW-SR,4
RL,D5,11,3,12.0,EW-LU,4
RL,D5,12,0,13.0,NS-SR,4
RL,D5,12,1,13.0,NS-LU,4
RL,D5,12,2,51.0,EW-SR,4
RL,D5,12,3,13.0,EW-LU,4
RL,D5,13,0,13.0,NS-SR,4
RL,D5,13,1,13.0,NS-LU,4
RL,D5,13,2,51.0,EW-SR,4
RL,D5,13,3,13.0,EW-LU,4
RL,D5,14,0,13.0,NS-SR,4
RL,D5,14,1,13.0,NS-LU,4
RL,D5,14,2,51.0,EW-SR,4
RL,D5,14,3,13.0,EW-LU,4
RL,D5,15,0,12.0,NS-SR,4
RL,D5,15,1,12.0,NS-LU,4
RL,D5,15,2,54.0,EW-SR,4
RL,D5,15,3,12.0,EW-LU,4
RL,D5,16,0,13.0,NS-SR,4
RL,D5,16,1,13.0,NS-LU,4
RL,D5,16,2,51.0,EW-SR,4
RL,D5,16,3,13.0,EW-LU,4
RL,D5,17,0,12.0,NS-SR,4
RL,D5,17,1,12.0,NS-LU,4
RL,D5,17,2,54.0,EW-SR,4
RL,D5,17,3,12.0,EW-LU,4
RL,D5,18,0,12.0,NS-SR,4
RL,D5,18,1,12.0,NS-LU,4
RL,D5,18,2,54.0,EW-SR,4
RL,D5,18,3,12.0,EW-LU,4
RL,D5,19,0,13.0,NS-SR,4
RL,D5,19,1,13.0,NS-LU,4
RL,D5,19,2,51.0,EW-SR,4
RL,D5,19,3,13.0,EW-LU,4
RL,D5,20,0,13.0,NS-SR,4
RL,D5,20,1,13.0,NS-LU,4
RL,D5,20,2,51.0,EW-SR,4
RL,D5,20,3,13.0,EW-LU,4
RL,D5,21,0,13.0,NS-SR,4
RL,D5,21,1,13.0,NS-LU,4
RL,D5,21,2,51.0,EW-SR,4
RL,D5,21,3,13.0,EW-LU,4
RL,D5,22,0,13.0,NS-SR,4
RL,D5,22,1,13.0,NS-LU,4
RL,D5,22,2,51.0,EW-SR,4
RL,D5,22,3,13.0,EW-LU,4
RL,D5,23,0,12.0,NS-SR,4
RL,D5,23,1,12.0,NS-LU,4
RL,D5,23,2,54.0,EW-SR,4
RL,D5,23,3,12.0,EW-LU,4
RL,D5,24,0,12.0,NS-SR,4
RL,D5,24,1,12.0,NS-LU,4
RL,D5,24,2,54.0,EW-SR,4
RL,D5,24,3,12.0,EW-LU,4
RL,D5,25,0,13.0,NS-SR,4
RL,D5,25,1,13.0,NS-LU,4
RL,D5,25,2,51.0,EW-SR,4
RL,D5,25,3,13.0,EW-LU,4
RL,D5,26,0,13.0,NS-SR,4
RL,D5,26,1,13.0,NS-LU,4
RL,D5,26,2,51.0,EW-SR,4
RL,D5,26,3,13.0,EW-LU,4
RL,D5,27,0,13.0,NS-SR,4
RL,D5,27,1,13.0,NS-LU,4
RL,D5,27,2,51.0,EW-SR,4
RL,D5,27,3,13.0,EW-LU,4
RL,D5,28,0,13.0,NS-SR,4
RL,D5,28,1,13.0,NS-LU,4
RL,D5,28,2,51.0,EW-SR,4
RL,D5,28,3,13.0,EW-LU,4
RL,D5,29,0,12.0,NS-SR,4
RL,D5,29,1,12.0,NS-LU,4
RL,D5,29,2,54.0,EW-SR,4
RL,D5,29,3,12.0,EW-LU,4
RL,D5,30,0,12.0,NS-SR,4
RL,D5,30,1,12.0,NS-LU,4
RL,D5,30,2,54.0,EW-SR,4
RL,D5,30,3,12.0,EW-LU,4
RL,D5,31,0,12.0,NS-SR,4
RL,D5,31,1,12.0,NS-LU,4
RL,D5,31,2,54.0,EW-SR,4
RL,D5,31,3,12.0,EW-LU,4
RL,D5,32,0,14.0,NS-SR,4
RL,D5,32,1,14.0,NS-LU,4
RL,D5,32,2,48.0,EW-SR,4
RL,D5,32,3,14.0,EW-LU,4
RL,D5,33,0,13.0,NS-SR,4
RL,D5,33,1,13.0,NS-LU,4
RL,D5,33,2,51.0,EW-SR,4
RL,D5,33,3,13.0,EW-LU,4
RL,D5,34,0,12.0,NS-SR,4
RL,D5,34,1,12.0,NS-LU,4
RL,D5,34,2,54.0,EW-SR,4
RL,D5,34,3,12.0,EW-LU,4
RL,D5,35,0,12.0,NS-SR,4
RL,D5,35,1,12.0,NS-LU,4
RL,D5,35,2,54.0,EW-SR,4
RL,D5,35,3,12.0,EW-LU,4
RL,D5,36,0,13.0,NS-SR,4
RL,D5,36,1,13.0,NS-LU,4
RL,D5,36,2,51.0,EW-SR,4
RL,D5,36,3,13.0,EW-LU,4
RL,D5,37,0,12.0,NS-SR,4
RL,D5,37,1,12.0,NS-LU,4
RL,D5,37,2,54.0,EW-SR,4
RL,D5,37,3,12.0,EW-LU,4
RL,D5,38,0,13.0,NS-SR,4
RL,D5,38,1,13.0,NS-LU,4
RL,D5,38,2,51.0,EW-SR,4
RL,D5,38,3,13.0,EW-LU,4
RL,D5,39,0,12.0,NS-SR,4
RL,D5,39,1,12.0,NS-LU,4
RL,D5,39,2,54.0,EW-SR,4
RL,D5,39,3,12.0,EW-LU,4
RL,D5,40,0,13.0,NS-SR,4
RL,D5,40,1,13.0,NS-LU,4
RL,D5,40,2,51.0,EW-SR,4
RL,D5,40,3,13.0,EW-LU,4
RL,D5,41,0,13.0,NS-SR,4
RL,D5,41,1,13.0,NS-LU,4
RL,D5,41,2,51.0,EW-SR,4
RL,D5,41,3,13.0,EW-LU,4
RL,D5,42,0,13.0,NS-SR,4
RL,D5,42,1,13.0,NS-LU,4
RL,D5,42,2,51.0,EW-SR,4
RL,D5,42,3,13.0,EW-LU,4
RL,D5,43,0,13.0,NS-SR,4
RL,D5,43,1,13.0,NS-LU,4
RL,D5,43,2,51.0,EW-SR,4
RL,D5,43,3,13.0,EW-LU,4
RL,D5,44,0,13.0,NS-SR,4
RL,D5,44,1,13.0,NS-LU,4
RL,D5,44,2,51.0,EW-SR,4
RL,D5,44,3,13.0,EW-LU,4
RL,D5,45,0,13.0,NS-SR,4
RL,D5,45,1,13.0,NS-LU,4
RL,D5,45,2,51.0,EW-SR,4
RL,D5,45,3,13.0,EW-LU,4
RL,D5,46,0,13.0,NS-SR,4
RL,D5,46,1,13.0,NS-LU,4
RL,D5,46,2,51.0,EW-SR,4
RL,D5,46,3,13.0,EW-LU,4
RL,D5,47,0,12.0,NS-SR,4
RL,D5,47,1,12.0,NS-LU,4
RL,D5,47,2,54.0,EW-SR,4
RL,D5,47,3,12.0,EW-LU,4
RL,D5,48,0,13.0,NS-SR,4
RL,D5,48,1,13.0,NS-LU,4
RL,D5,48,2,51.0,EW-SR,4
RL,D5,48,3,13.0,EW-LU,4
RL,D5,49,0,13.0,NS-SR,4
RL,D5,49,1,13.0,NS-LU,4
RL,D5,49,2,51.0,EW-SR,4
RL,D5,49,3,13.0,EW-LU,4
RL,D5,50,0,13.0,NS-SR,4
RL,D5,50,1,13.0,NS-LU,4
RL,D5,50,2,51.0,EW-SR,4
RL,D5,50,3,13.0,EW-LU,4
RL,D5,51,0,13.0,NS-SR,4
RL,D5,51,1,13.0,NS-LU,4
RL,D5,51,2,51.0,EW-SR,4
RL,D5,51,3,13.0,EW-LU,4
RL,D5,52,0,13.0,NS-SR,4
RL,D5,52,1,13.0,NS-LU,4
RL,D5,52,2,51.0,EW-SR,4
RL,D5,52,3,13.0,EW-LU,4
RL,D5,53,0,13.0,NS-SR,4
RL,D5,53,1,13.0,NS-LU,4
RL,D5,53,2,51.0,EW-SR,4
RL,D5,53,3,13.0,EW-LU,4
RL,D5,54,0,14.0,NS-SR,4
RL,D5,54,1,14.0,NS-LU,4
RL,D5,54,2,48.0,EW-SR,4
RL,D5,54,3,14.0,EW-LU,4
RL,D5,55,0,13.0,NS-SR,4
RL,D5,55,1,13.0,NS-LU,4
RL,D5,55,2,51.0,EW-SR,4
RL,D5,55,3,13.0,EW-LU,4
RL,D5,56,0,13.0,NS-SR,4
RL,D5,56,1,13.0,NS-LU,4
RL,D5,56,2,51.0,EW-SR,4
RL,D5,56,3,13.0,EW-LU,4
RL,D5,57,0,13.0,NS-SR,4
RL,D5,57,1,13.0,NS-LU,4
RL,D5,57,2,51.0,EW-SR,4
RL,D5,57,3,13.0,EW-LU,4
RL,D5,58,0,13.0,NS-SR,4
RL,D5,58,1,13.0,NS-LU,4
RL,D5,58,2,51.0,EW-SR,4
RL,D5,58,3,13.0,EW-LU,4
RL,D5,59,0,12.0,NS-SR,4
RL,D5,59,1,12.0,NS-LU,4
RL,D5,59,2,54.0,EW-SR,4
RL,D5,59,3,12.0,EW-LU,4
RL,D5,60,0,13.0,NS-SR,4
RL,D5,60,1,13.0,NS-LU,4
RL,D5,60,2,51.0,EW-SR,4
RL,D5,60,3,13.0,EW-LU,4
RL,D5,61,0,13.0,NS-SR,4
RL,D5,61,1,13.0,NS-LU,4
RL,D5,61,2,51.0,EW-SR,4
RL,D5,61,3,13.0,EW-LU,4
RL,D5,62,0,12.0,NS-SR,4
RL,D5,62,1,12.0,NS-LU,4
RL,D5,62,2,54.0,EW-SR,4
RL,D5,62,3,12.0,EW-LU,4
RL,D5,63,0,12.0,NS-SR,4
RL,D5,63,1,12.0,NS-LU,4
RL,D5,63,2,54.0,EW-SR,4
RL,D5,63,3,12.0,EW-LU,4
RL,D5,64,0,13.0,NS-SR,4
RL,D5,64,1,13.0,NS-LU,4
RL,D5,64,2,51.0,EW-SR,4
RL,D5,64,3,13.0,EW-LU,4
RL,D5,65,0,13.0,NS-SR,4
RL,D5,65,1,13.0,NS-LU,4
RL,D5,65,2,51.0,EW-SR,4
RL,D5,65,3,13.0,EW-LU,4
RL,D5,66,0,13.0,NS-SR,4
RL,D5,66,1,13.0,NS-LU,4
RL,D5,66,2,51.0,EW-SR,4
RL,D5,66,3,13.0,EW-LU,4
RL,D5,67,0,13.0,NS-SR,4
RL,D5,67,1,13.0,NS-LU,4
RL,D5,67,2,51.0,EW-SR,4
RL,D5,67,3,13.0,EW-LU,4
RL,D5,68,0,13.0,NS-SR,4
RL,D5,68,1,13.0,NS-LU,4
RL,D5,68,2,51.0,EW-SR,4
RL,D5,68,3,13.0,EW-LU,4
RL,D5,69,0,12.0,NS-SR,4
RL,D5,69,1,12.0,NS-LU,4
RL,D5,69,2,54.0,EW-SR,4
RL,D5,69,3,12.0,EW-LU,4
RL,D5,70,0,13.0,NS-SR,4
RL,D5,70,1,13.0,NS-LU,4
RL,D5,70,2,51.0,EW-SR,4
RL,D5,70,3,13.0,EW-LU,4
RL,D5,71,0,13.0,NS-SR,4
RL,D5,71,1,13.0,NS-LU,4
RL,D5,71,2,51.0,EW-SR,4
RL,D5,71,3,13.0,EW-LU,4
RL,D5,72,0,13.0,NS-SR,4
RL,D5,72,1,13.0,NS-LU,4
RL,D5,72,2,51.0,EW-SR,4
RL,D5,72,3,13.0,EW-LU,4
RL,D5,73,0,12.0,NS-SR,4
RL,D5,73,1,12.0,NS-LU,4
RL,D5,73,2,54.0,EW-SR,4
RL,D5,73,3,12.0,EW-LU,4
RL,D5,74,0,13.0,NS-SR,4
RL,D5,74,1,13.0,NS-LU,4
RL,D5,74,2,51.0,EW-SR,4
RL,D5,74,3,13.0,EW-LU,4
RL,D5,75,0,13.0,NS-SR,4
RL,D5,75,1,13.0,NS-LU,4
RL,D5,75,2,51.0,EW-SR,4
RL,D5,75,3,13.0,EW-LU,4
RL,D5,76,0,13.0,NS-SR,4
RL,D5,76,1,13.0,NS-LU,4
RL,D5,76,2,51.0,EW-SR,4
RL,D5,76,3,13.0,EW-LU,4
RL,D5,77,0,13.0,NS-SR,4
RL,D5,77,1,13.0,NS-LU,4
RL,D5,77,2,51.0,EW-SR,4
RL,D5,77,3,13.0,EW-LU,4
RL,D5,78,0,13.0,NS-SR,4
RL,D5,78,1,13.0,NS-LU,4
RL,D5,78,2,51.0,EW-SR,4
RL,D5,78,3,13.0,EW-LU,4
RL,D5,79,0,13.0,NS-SR,4
RL,D5,79,1,13.0,NS-LU,4
RL,D5,79,2,51.0,EW-SR,4
RL,D5,79,3,13.0,EW-LU,4
RL,D5,80,0,13.0,NS-SR,4
RL,D5,80,1,13.0,NS-LU,4
RL,D5,80,2,51.0,EW-SR,4
RL,D5,80,3,13.0,EW-LU,4
RL,B5,0,0,60.0,NS-SR,4
RL,B5,0,1,10.0,NS-LU,4
RL,B5,0,2,10.0,EW-SR,4
RL,B5,0,3,10.0,EW-LU,4
RL,B5,1,0,60.0,NS-SR,4
RL,B5,1,1,10.0,NS-LU,4
RL,B5,1,2,10.0,EW-SR,4
RL,B5,1,3,10.0,EW-LU,4
RL,B5,2,0,60.0,NS-SR,4
RL,B5,2,1,10.0,NS-LU,4
RL,B5,2,2,10.0,EW-SR,4
RL,B5,2,3,10.0,EW-LU,4
RL,B5,3,0,60.0,NS-SR,4
RL,B5,3,1,10.0,NS-LU,4
RL,B5,3,2,10.0,EW-SR,4
RL,B5,3,3,10.0,EW-LU,4
RL,B5,4,0,60.0,NS-SR,4
RL,B5,4,1,10.0,NS-LU,4
RL,B5,4,2,10.0,EW-SR,4
RL,B5,4,3,10.0,EW-LU,4
RL,B5,5,0,60.0,NS-SR,4
RL,B5,5,1,10.0,NS-LU,4
RL,B5,5,2,10.0,EW-SR,4
RL,B5,5,3,10.0,EW-LU,4
RL,B5,6,0,60.0,NS-SR,4
RL,B5,6,1,10.0,NS-LU,4
RL,B5,6,2,10.0,EW-SR,4
RL,B5,6,3,10.0,EW-LU,4
RL,B5,7,0,60.0,NS-SR,4
RL,B5,7,1,10.0,NS-LU,4
RL,B5,7,2,10.0,EW-SR,4
RL,B5,7,3,10.0,EW-LU,4
RL,B5,8,0,60.0,NS-SR,4
RL,B5,8,1,10.0,NS-LU,4
RL,B5,8,2,10.0,EW-SR,4
RL,B5,8,3,10.0,EW-LU,4
RL,B5,9,0,60.0,NS-SR,4
RL,B5,9,1,10.0,NS-LU,4
RL,B5,9,2,10.0,EW-SR,4
RL,B5,9,3,10.0,EW-LU,4
RL,B5,10,0,60.0,NS-SR,4
RL,B5,10,1,10.0,NS-LU,4
RL,B5,10,2,10.0,EW-SR,4
RL,B5,10,3,10.0,EW-LU,4
RL,B5,11,0,60.0,NS-SR,4
RL,B5,11,1,10.0,NS-LU,4
RL,B5,11,2,10.0,EW-SR,4
RL,B5,11,3,10.0,EW-LU,4
RL,B5,12,0,60.0,NS-SR,4
RL,B5,12,1,10.0,NS-LU,4
RL,B5,12,2,10.0,EW-SR,4
RL,B5,12,3,10.0,EW-LU,4
RL,B5,13,0,60.0,NS-SR,4
RL,B5,13,1,10.0,NS-LU,4
RL,B5,13,2,10.0,EW-SR,4
RL,B5,13,3,10.0,EW-LU,4
RL,B5,14,0,60.0,NS-SR,4
RL,B5,14,1,10.0,NS-LU,4
RL,B5,14,2,10.0,EW-SR,4
RL,B5,14,3,10.0,EW-LU,4
RL,B5,15,0,60.0,NS-SR,4
RL,B5,15,1,10.0,NS-LU,4
RL,B5,15,2,10.0,EW-SR,4
RL,B5,15,3,10.0,EW-LU,4
RL,B5,16,0,60.0,NS-SR,4
RL,B5,16,1,10.0,NS-LU,4
RL,B5,16,2,10.0,EW-SR,4
RL,B5,16,3,10.0,EW-LU,4
RL,B5,17,0,60.0,NS-SR,4
RL,B5,17,1,10.0,NS-LU,4
RL,B5,17,2,10.0,EW-SR,4
RL,B5,17,3,10.0,EW-LU,4
RL,B5,18,0,60.0,NS-SR,4
RL,B5,18,1,10.0,NS-LU,4
RL,B5,18,2,10.0,EW-SR,4
RL,B5,18,3,10.0,EW-LU,4
RL,B5,19,0,60.0,NS-SR,4
RL,B5,19,1,10.0,NS-LU,4
RL,B5,19,2,10.0,EW-SR,4
RL,B5,19,3,10.0,EW-LU,4
RL,B5,20,0,60.0,NS-SR,4
RL,B5,20,1,10.0,NS-LU,4
RL,B5,20,2,10.0,EW-SR,4
RL,B5,20,3,10.0,EW-LU,4
RL,B5,21,0,60.0,NS-SR,4
RL,B5,21,1,10.0,NS-LU,4
RL,B5,21,2,10.0,EW-SR,4
RL,B5,21,3,10.0,EW-LU,4
RL,B5,22,0,60.0,NS-SR,4
RL,B5,22,1,10.0,NS-LU,4
RL,B5,22,2,10.0,EW-SR,4
RL,B5,22,3,10.0,EW-LU,4
RL,B5,23,0,60.0,NS-SR,4
RL,B5,23,1,10.0,NS-LU,4
RL,B5,23,2,10.0,EW-SR,4
RL,B5,23,3,10.0,EW-LU,4
RL,B5,24,0,60.0,NS-SR,4
RL,B5,24,1,10.0,NS-LU,4
RL,B5,24,2,10.0,EW-SR,4
RL,B5,24,3,10.0,EW-LU,4
RL,B5,25,0,60.0,NS-SR,4
RL,B5,25,1,10.0,NS-LU,4
RL,B5,25,2,10.0,EW-SR,4
RL,B5,25,3,10.0,EW-LU,4
RL,B5,26,0,60.0,NS-SR,4
RL,B5,26,1,10.0,NS-LU,4
RL,B5,26,2,10.0,EW-SR,4
RL,B5,26,3,10.0,EW-LU,4
RL,B5,27,0,60.0,NS-SR,4
RL,B5,27,1,10.0,NS-LU,4
RL,B5,27,2,10.0,EW-SR,4
RL,B5,27,3,10.0,EW-LU,4
RL,B5,28,0,60.0,NS-SR,4
RL,B5,28,1,10.0,NS-LU,4
RL,B5,28,2,10.0,EW-SR,4
RL,B5,28,3,10.0,EW-LU,4
RL,B5,29,0,60.0,NS-SR,4
RL,B5,29,1,10.0,NS-LU,4
RL,B5,29,2,10.0,EW-SR,4
RL,B5,29,3,10.0,EW-LU,4
RL,B5,30,0,60.0,NS-SR,4
RL,B5,30,1,10.0,NS-LU,4
RL,B5,30,2,10.0,EW-SR,4
RL,B5,30,3,10.0,EW-LU,4
RL,B5,31,0,60.0,NS-SR,4
RL,B5,31,1,10.0,NS-LU,4
RL,B5,31,2,10.0,EW-SR,4
RL,B5,31,3,10.0,EW-LU,4
RL,B5,32,0,60.0,NS-SR,4
RL,B5,32,1,10.0,NS-LU,4
RL,B5,32,2,10.0,EW-SR,4
RL,B5,32,3,10.0,EW-LU,4
RL,B5,33,0,60.0,NS-SR,4
RL,B5,33,1,10.0,NS-LU,4
RL,B5,33,2,10.0,EW-SR,4
RL,B5,33,3,10.0,EW-LU,4
RL,B5,34,0,60.0,NS-SR,4
RL,B5,34,1,10.0,NS-LU,4
RL,B5,34,2,10.0,EW-SR,4
RL,B5,34,3,10.0,EW-LU,4
RL,B5,35,0,60.0,NS-SR,4
RL,B5,35,1,10.0,NS-LU,4
RL,B5,35,2,10.0,EW-SR,4
RL,B5,35,3,10.0,EW-LU,4
RL,B5,36,0,60.0,NS-SR,4
RL,B5,36,1,10.0,NS-LU,4
RL,B5,36,2,10.0,EW-SR,4
RL,B5,36,3,10.0,EW-LU,4
RL,B5,37,0,60.0,NS-SR,4
RL,B5,37,1,10.0,NS-LU,4
RL,B5,37,2,10.0,EW-SR,4
RL,B5,37,3,10.0,EW-LU,4
RL,B5,38,0,60.0,NS-SR,4
RL,B5,38,1,10.0,NS-LU,4
RL,B5,38,2,10.0,EW-SR,4
RL,B5,38,3,10.0,EW-LU,4
RL,B5,39,0,60.0,NS-SR,4
RL,B5,39,1,10.0,NS-LU,4
RL,B5,39,2,10.0,EW-SR,4
RL,B5,39,3,10.0,EW-LU,4
RL,B5,40,0,60.0,NS-SR,4
RL,B5,40,1,10.0,NS-LU,4
RL,B5,40,2,10.0,EW-SR,4
RL,B5,40,3,10.0,EW-LU,4
RL,B5,41,0,60.0,NS-SR,4
RL,B5,41,1,10.0,NS-LU,4
RL,B5,41,2,10.0,EW-SR,4
RL,B5,41,3,10.0,EW-LU,4
RL,B5,42,0,60.0,NS-SR,4
RL,B5,42,1,10.0,NS-LU,4
RL,B5,42,2,10.0,EW-SR,4
RL,B5,42,3,10.0,EW-LU,4
RL,B5,43,0,60.0,NS-SR,4
RL,B5,43,1,10.0,NS-LU,4
RL,B5,43,2,10.0,EW-SR,4
RL,B5,43,3,10.0,EW-LU,4
RL,B5,44,0,60.0,NS-SR,4
RL,B5,44,1,10.0,NS-LU,4
RL,B5,44,2,10.0,EW-SR,4
RL,B5,44,3,10.0,EW-LU,4
RL,B5,45,0,60.0,NS-SR,4
RL,B5,45,1,10.0,NS-LU,4
RL,B5,45,2,10.0,EW-SR,4
RL,B5,45,3,10.0,EW-LU,4
RL,B5,46,0,60.0,NS-SR,4
RL,B5,46,1,10.0,NS-LU,4
RL,B5,46,2,10.0,EW-SR,4
RL,B5,46,3,10.0,EW-LU,4
RL,B5,47,0,60.0,NS-SR,4
RL,B5,47,1,10.0,NS-LU,4
RL,B5,47,2,10.0,EW-SR,4
RL,B5,47,3,10.0,EW-LU,4
RL,B5,48,0,60.0,NS-SR,4
RL,B5,48,1,10.0,NS-LU,4
RL,B5,48,2,10.0,EW-SR,4
RL,B5,48,3,10.0,EW-LU,4
RL,B5,49,0,60.0,NS-SR,4
RL,B5,49,1,10.0,NS-LU,4
RL,B5,49,2,10.0,EW-SR,4
RL,B5,49,3,10.0,EW-LU,4
RL,B5,50,0,60.0,NS-SR,4
RL,B5,50,1,10.0,NS-LU,4
RL,B5,50,2,10.0,EW-SR,4
RL,B5,50,3,10.0,EW-LU,4
RL,B5,51,0,60.0,NS-SR,4
RL,B5,51,1,10.0,NS-LU,4
RL,B5,51,2,10.0,EW-SR,4
RL,B5,51,3,10.0,EW-LU,4
RL,B5,52,0,60.0,NS-SR,4
RL,B5,52,1,10.0,NS-LU,4
RL,B5,52,2,10.0,EW-SR,4
RL,B5,52,3,10.0,EW-LU,4
RL,B5,53,0,60.0,NS-SR,4
RL,B5,53,1,10.0,NS-LU,4
RL,B5,53,2,10.0,EW-SR,4
RL,B5,53,3,10.0,EW-LU,4
RL,B5,54,0,60.0,NS-SR,4
RL,B5,54,1,10.0,NS-LU,4
RL,B5,54,2,10.0,EW-SR,4
RL,B5,54,3,10.0,EW-LU,4
RL,B5,55,0,60.0,NS-SR,4
RL,B5,55,1,10.0,NS-LU,4
RL,B5,55,2,10.0,EW-SR,4
RL,B5,55,3,10.0,EW-LU,4
RL,B5,56,0,60.0,NS-SR,4
RL,B5,56,1,10.0,NS-LU,4
RL,B5,56,2,10.0,EW-SR,4
RL,B5,56,3,10.0,EW-LU,4
RL,B5,57,0,60.0,NS-SR,4
RL,B5,57,1,10.0,NS-LU,4
RL,B5,57,2,10.0,EW-SR,4
RL,B5,57,3,10.0,EW-LU,4
RL,B5,58,0,60.0,NS-SR,4
RL,B5,58,1,10.0,NS-LU,4
RL,B5,58,2,10.0,EW-SR,4
RL,B5,58,3,10.0,EW-LU,4
RL,B5,59,0,60.0,NS-SR,4
RL,B5,59,1,10.0,NS-LU,4
RL,B5,59,2,10.0,EW-SR,4
RL,B5,59,3,10.0,EW-LU,4
RL,B5,60,0,60.0,NS-SR,4
RL,B5,60,1,10.0,NS-LU,4
RL,B5,60,2,10.0,EW-SR,4
RL,B5,60,3,10.0,EW-LU,4
RL,B5,61,0,60.0,NS-SR,4
RL,B5,61,1,10.0,NS-LU,4
RL,B5,61,2,10.0,EW-SR,4
RL,B5,61,3,10.0,EW-LU,4
RL,B5,62,0,60.0,NS-SR,4
RL,B5,62,1,10.0,NS-LU,4
RL,B5,62,2,10.0,EW-SR,4
RL,B5,62,3,10.0,EW-LU,4
RL,B5,63,0,60.0,NS-SR,4
RL,B5,63,1,10.0,NS-LU,4
RL,B5,63,2,10.0,EW-SR,4
RL,B5,63,3,10.0,EW-LU,4
RL,B5,64,0,60.0,NS-SR,4
RL,B5,64,1,10.0,NS-LU,4
RL,B5,64,2,10.0,EW-SR,4
RL,B5,64,3,10.0,EW-LU,4
RL,B5,65,0,60.0,NS-SR,4
RL,B5,65,1,10.0,NS-LU,4
RL,B5,65,2,10.0,EW-SR,4
RL,B5,65,3,10.0,EW-LU,4
RL,B5,66,0,60.0,NS-SR,4
RL,B5,66,1,10.0,NS-LU,4
RL,B5,66,2,10.0,EW-SR,4
RL,B5,66,3,10.0,EW-LU,4
RL,B5,67,0,60.0,NS-SR,4
RL,B5,67,1,10.0,NS-LU,4
RL,B5,67,2,10.0,EW-SR,4
RL,B5,67,3,10.0,EW-LU,4
RL,B5,68,0,60.0,NS-SR,4
RL,B5,68,1,10.0,NS-LU,4
RL,B5,68,2,10.0,EW-SR,4
RL,B5,68,3,10.0,EW-LU,4
RL,B5,69,0,60.0,NS-SR,4
RL,B5,69,1,10.0,NS-LU,4
RL,B5,69,2,10.0,EW-SR,4
RL,B5,69,3,10.0,EW-LU,4
RL,B5,70,0,60.0,NS-SR,4
RL,B5,70,1,10.0,NS-LU,4
RL,B5,70,2,10.0,EW-SR,4
RL,B5,70,3,10.0,EW-LU,4
RL,B5,71,0,60.0,NS-SR,4
RL,B5,71,1,10.0,NS-LU,4
RL,B5,71,2,10.0,EW-SR,4
RL,B5,71,3,10.0,EW-LU,4
RL,B5,72,0,60.0,NS-SR,4
RL,B5,72,1,10.0,NS-LU,4
RL,B5,72,2,10.0,EW-SR,4
RL,B5,72,3,10.0,EW-LU,4
RL,B5,73,0,60.0,NS-SR,4
RL,B5,73,1,10.0,NS-LU,4
RL,B5,73,2,10.0,EW-SR,4
RL,B5,73,3,10.0,EW-LU,4
RL,B5,74,0,60.0,NS-SR,4
RL,B5,74,1,10.0,NS-LU,4
RL,B5,74,2,10.0,EW-SR,4
RL,B5,74,3,10.0,EW-LU,4
RL,B5,75,0,60.0,NS-SR,4
RL,B5,75,1,10.0,NS-LU,4
RL,B5,75,2,10.0,EW-SR,4
RL,B5,75,3,10.0,EW-LU,4
RL,B5,76,0,60.0,NS-SR,4
RL,B5,76,1,10.0,NS-LU,4
RL,B5,76,2,10.0,EW-SR,4
RL,B5,76,3,10.0,EW-LU,4
RL,B5,77,0,60.0,NS-SR,4
RL,B5,77,1,10.0,NS-LU,4
RL,B5,77,2,10.0,EW-SR,4
RL,B5,77,3,10.0,EW-LU,4
RL,B5,78,0,60.0,NS-SR,4
RL,B5,78,1,10.0,NS-LU,4
RL,B5,78,2,10.0,EW-SR,4
RL,B5,78,3,10.0,EW-LU,4
RL,B5,79,0,60.0,NS-SR,4
RL,B5,79,1,10.0,NS-LU,4
RL,B5,79,2,10.0,EW-SR,4
RL,B5,79,3,10.0,EW-LU,4
RL,B5,80,0,60.0,NS-SR,4
RL,B5,80,1,10.0,NS-LU,4
RL,B5,80,2,10.0,EW-SR,4
RL,B5,80,3,10.0,EW-LU,4
RL,D4,0,0,12.0,NS-SR,4
RL,D4,0,1,25.0,NS-LU,4
RL,D4,0,2,42.0,EW-SR,4
RL,D4,0,3,11.0,EW-LU,4
RL,D4,1,0,15.0,NS-SR,4
RL,D4,1,1,28.0,NS-LU,4
RL,D4,1,2,32.0,EW-SR,4
RL,D4,1,3,15.0,EW-LU,4
RL,D4,2,0,22.0,NS-SR,4
RL,D4,2,1,22.0,NS-LU,4
RL,D4,2,2,24.0,EW-SR,4
RL,D4,2,3,22.0,EW-LU,4
RL,D4,3,0,24.0,NS-SR,4
RL,D4,3,1,22.0,NS-LU,4
RL,D4,3,2,22.0,EW-SR,4
RL,D4,3,3,22.0,EW-LU,4
RL,D4,4,0,24.0,NS-SR,4
RL,D4,4,1,22.0,NS-LU,4
RL,D4,4,2,22.0,EW-SR,4
RL,D4,4,3,22.0,EW-LU,4
RL,D4,5,0,24.0,NS-SR,4
RL,D4,5,1,22.0,NS-LU,4
RL,D4,5,2,22.0,EW-SR,4
RL,D4,5,3,22.0,EW-LU,4
RL,D4,6,0,24.0,NS-SR,4
RL,D4,6,1,22.0,NS-LU,4
RL,D4,6,2,22.0,EW-SR,4
RL,D4,6,3,22.0,EW-LU,4
RL,D4,7,0,24.0,NS-SR,4
RL,D4,7,1,22.0,NS-LU,4
RL,D4,7,2,22.0,EW-SR,4
RL,D4,7,3,22.0,EW-LU,4
RL,D4,8,0,24.0,NS-SR,4
RL,D4,8,1,22.0,NS-LU,4
RL,D4,8,2,22.0,EW-SR,4
RL,D4,8,3,22.0,EW-LU,4
RL,D4,9,0,24.0,NS-SR,4
RL,D4,9,1,22.0,NS-LU,4
RL,D4,9,2,22.0,EW-SR,4
RL,D4,9,3,22.0,EW-LU,4
RL,D4,10,0,24.0,NS-SR,4
RL,D4,10,1,22.0,NS-LU,4
RL,D4,10,2,22.0,EW-SR,4
RL,D4,10,3,22.0,EW-LU,4
RL,D4,11,0,24.0,NS-SR,4
RL,D4,11,1,22.0,NS-LU,4
RL,D4,11,2,22.0,EW-SR,4
RL,D4,11,3,22.0,EW-LU,4
RL,D4,12,0,24.0,NS-SR,4
RL,D4,12,1,22.0,NS-LU,4
RL,D4,12,2,22.0,EW-SR,4
RL,D4,12,3,22.0,EW-LU,4
RL,D4,13,0,24.0,NS-SR,4
RL,D4,13,1,22.0,NS-LU,4
RL,D4,13,2,22.0,EW-SR,4
RL,D4,13,3,22.0,EW-LU,4
RL,D4,14,0,24.0,NS-SR,4
RL,D4,14,1,22.0,NS-LU,4
RL,D4,14,2,22.0,EW-SR,4
RL,D4,14,3,22.0,EW-LU,4
RL,D4,15,0,24.0,NS-SR,4
RL,D4,15,1,22.0,NS-LU,4
RL,D4,15,2,22.0,EW-SR,4
RL,D4,15,3,22.0,EW-LU,4
RL,D4,16,0,24.0,NS-SR,4
RL,D4,16,1,22.0,NS-LU,4
RL,D4,16,2,22.0,EW-SR,4
RL,D4,16,3,22.0,EW-LU,4
RL,D4,17,0,24.0,NS-SR,4
RL,D4,17,1,22.0,NS-LU,4
RL,D4,17,2,22.0,EW-SR,4
RL,D4,17,3,22.0,EW-LU,4
RL,D4,18,0,24.0,NS-SR,4
RL,D4,18,1,22.0,NS-LU,4
RL,D4,18,2,22.0,EW-SR,4
RL,D4,18,3,22.0,EW-LU,4
RL,D4,19,0,24.0,NS-SR,4
RL,D4,19,1,22.0,NS-LU,4
RL,D4,19,2,22.0,EW-SR,4
RL,D4,19,3,22.0,EW-LU,4
RL,D4,20,0,24.0,NS-SR,4
RL,D4,20,1,22.0,NS-LU,4
RL,D4,20,2,22.0,EW-SR,4
RL,D4,20,3,22.0,EW-LU,4
RL,D4,21,0,24.0,NS-SR,4
RL,D4,21,1,22.0,NS-LU,4
RL,D4,21,2,22.0,EW-SR,4
RL,D4,21,3,22.0,EW-LU,4
RL,D4,22,0,24.0,NS-SR,4
RL,D4,22,1,22.0,NS-LU,4
RL,D4,22,2,22.0,EW-SR,4
RL,D4,22,3,22.0,EW-LU,4
RL,D4,23,0,24.0,NS-SR,4
RL,D4,23,1,22.0,NS-LU,4
RL,D4,23,2,22.0,EW-SR,4
RL,D4,23,3,22.0,EW-LU,4
RL,D4,24,0,24.0,NS-SR,4
RL,D4,24,1,22.0,NS-LU,4
RL,D4,24,2,22.0,EW-SR,4
RL,D4,24,3,22.0,EW-LU,4
RL,D4,25,0,24.0,NS-SR,4
RL,D4,25,1,22.0,NS-LU,4
RL,D4,25,2,22.0,EW-SR,4
RL,D4,25,3,22.0,EW-LU,4
RL,D4,26,0,24.0,NS-SR,4
RL,D4,26,1,22.0,NS-LU,4
RL,D4,26,2,22.0,EW-SR,4
RL,D4,26,3,22.0,EW-LU,4
RL,D4,27,0,24.0,NS-SR,4
RL,D4,27,1,22.0,NS-LU,4
RL,D4,27,2,22.0,EW-SR,4
RL,D4,27,3,22.0,EW-LU,4
RL,D4,28,0,24.0,NS-SR,4
RL,D4,28,1,22.0,NS-LU,4
RL,D4,28,2,22.0,EW-SR,4
RL,D4,28,3,22.0,EW-LU,4
RL,D4,29,0,24.0,NS-SR,4
RL,D4,29,1,22.0,NS-LU,4
RL,D4,29,2,22.0,EW-SR,4
RL,D4,29,3,22.0,EW-LU,4
RL,D4,30,0,24.0,NS-SR,4
RL,D4,30,1,22.0,NS-LU,4
RL,D4,30,2,22.0,EW-SR,4
RL,D4,30,3,22.0,EW-LU,4
RL,D4,31,0,24.0,NS-SR,4
RL,D4,31,1,22.0,NS-LU,4
RL,D4,31,2,22.0,EW-SR,4
RL,D4,31,3,22.0,EW-LU,4
RL,D4,32,0,24.0,NS-SR,4
RL,D4,32,1,22.0,NS-LU,4
RL,D4,32,2,22.0,EW-SR,4
RL,D4,32,3,22.0,EW-LU,4
RL,D4,33,0,24.0,NS-SR,4
RL,D4,33,1,22.0,NS-LU,4
RL,D4,33,2,22.0,EW-SR,4
RL,D4,33,3,22.0,EW-LU,4
RL,D4,34,0,24.0,NS-SR,4
RL,D4,34,1,22.0,NS-LU,4
RL,D4,34,2,22.0,EW-SR,4
RL,D4,34,3,22.0,EW-LU,4
RL,D4,35,0,24.0,NS-SR,4
RL,D4,35,1,22.0,NS-LU,4
RL,D4,35,2,22.0,EW-SR,4
RL,D4,35,3,22.0,EW-LU,4
RL,D4,36,0,24.0,NS-SR,4
RL,D4,36,1,22.0,NS-LU,4
RL,D4,36,2,22.0,EW-SR,4
RL,D4,36,3,22.0,EW-LU,4
RL,D4,37,0,24.0,NS-SR,4
RL,D4,37,1,22.0,NS-LU,4
RL,D4,37,2,22.0,EW-SR,4
RL,D4,37,3,22.0,EW-LU,4
RL,D4,38,0,24.0,NS-SR,4
RL,D4,38,1,22.0,NS-LU,4
RL,D4,38,2,22.0,EW-SR,4
RL,D4,38,3,22.0,EW-LU,4
RL,D4,39,0,24.0,NS-SR,4
RL,D4,39,1,22.0,NS-LU,4
RL,D4,39,2,22.0,EW-SR,4
RL,D4,39,3,22.0,EW-LU,4
RL,D4,40,0,24.0,NS-SR,4
RL,D4,40,1,22.0,NS-LU,4
RL,D4,40,2,22.0,EW-SR,4
RL,D4,40,3,22.0,EW-LU,4
RL,D4,41,0,24.0,NS-SR,4
RL,D4,41,1,22.0,NS-LU,4
RL,D4,41,2,22.0,EW-SR,4
RL,D4,41,3,22.0,EW-LU,4
RL,D4,42,0,24.0,NS-SR,4
RL,D4,42,1,22.0,NS-LU,4
RL,D4,42,2,22.0,EW-SR,4
RL,D4,42,3,22.0,EW-LU,4
RL,D4,43,0,24.0,NS-SR,4
RL,D4,43,1,22.0,NS-LU,4
RL,D4,43,2,22.0,EW-SR,4
RL,D4,43,3,22.0,EW-LU,4
RL,D4,44,0,24.0,NS-SR,4
RL,D4,44,1,22.0,NS-LU,4
RL,D4,44,2,22.0,EW-SR,4
RL,D4,44,3,22.0,EW-LU,4
RL,D4,45,0,24.0,NS-SR,4
RL,D4,45,1,22.0,NS-LU,4
RL,D4,45,2,22.0,EW-SR,4
RL,D4,45,3,22.0,EW-LU,4
RL,D4,46,0,24.0,NS-SR,4
RL,D4,46,1,22.0,NS-LU,4
RL,D4,46,2,22.0,EW-SR,4
RL,D4,46,3,22.0,EW-LU,4
RL,D4,47,0,24.0,NS-SR,4
RL,D4,47,1,22.0,NS-LU,4
RL,D4,47,2,22.0,EW-SR,4
RL,D4,47,3,22.0,EW-LU,4
RL,D4,48,0,24.0,NS-SR,4
RL,D4,48,1,22.0,NS-LU,4
RL,D4,48,2,22.0,EW-SR,4
RL,D4,48,3,22.0,EW-LU,4
RL,D4,49,0,24.0,NS-SR,4
RL,D4,49,1,22.0,NS-LU,4
RL,D4,49,2,22.0,EW-SR,4
RL,D4,49,3,22.0,EW-LU,4
RL,D4,50,0,24.0,NS-SR,4
RL,D4,50,1,22.0,NS-LU,4
RL,D4,50,2,22.0,EW-SR,4
RL,D4,50,3,22.0,EW-LU,4
RL,D4,51,0,24.0,NS-SR,4
RL,D4,51,1,22.0,NS-LU,4
RL,D4,51,2,22.0,EW-SR,4
RL,D4,51,3,22.0,EW-LU,4
RL,D4,52,0,24.0,NS-SR,4
RL,D4,52,1,22.0,NS-LU,4
RL,D4,52,2,22.0,EW-SR,4
RL,D4,52,3,22.0,EW-LU,4
RL,D4,53,0,24.0,NS-SR,4
RL,D4,53,1,22.0,NS-LU,4
RL,D4,53,2,22.0,EW-SR,4
RL,D4,53,3,22.0,EW-LU,4
RL,D4,54,0,24.0,NS-SR,4
RL,D4,54,1,22.0,NS-LU,4
RL,D4,54,2,22.0,EW-SR,4
RL,D4,54,3,22.0,EW-LU,4
RL,D4,55,0,24.0,NS-SR,4
RL,D4,55,1,22.0,NS-LU,4
RL,D4,55,2,22.0,EW-SR,4
RL,D4,55,3,22.0,EW-LU,4
RL,D4,56,0,24.0,NS-SR,4
RL,D4,56,1,22.0,NS-LU,4
RL,D4,56,2,22.0,EW-SR,4
RL,D4,56,3,22.0,EW-LU,4
RL,D4,57,0,24.0,NS-SR,4
RL,D4,57,1,22.0,NS-LU,4
RL,D4,57,2,22.0,EW-SR,4
RL,D4,57,3,22.0,EW-LU,4
RL,D4,58,0,24.0,NS-SR,4
RL,D4,58,1,22.0,NS-LU,4
RL,D4,58,2,22.0,EW-SR,4
RL,D4,58,3,22.0,EW-LU,4
RL,D4,59,0,24.0,NS-SR,4
RL,D4,59,1,22.0,NS-LU,4
RL,D4,59,2,22.0,EW-SR,4
RL,D4,59,3,22.0,EW-LU,4
RL,D4,60,0,24.0,NS-SR,4
RL,D4,60,1,22.0,NS-LU,4
RL,D4,60,2,22.0,EW-SR,4
RL,D4,60,3,22.0,EW-LU,4
RL,D4,61,0,24.0,NS-SR,4
RL,D4,61,1,22.0,NS-LU,4
RL,D4,61,2,22.0,EW-SR,4
RL,D4,61,3,22.0,EW-LU,4
RL,D4,62,0,24.0,NS-SR,4
RL,D4,62,1,22.0,NS-LU,4
RL,D4,62,2,22.0,EW-SR,4
RL,D4,62,3,22.0,EW-LU,4
RL,D4,63,0,24.0,NS-SR,4
RL,D4,63,1,22.0,NS-LU,4
RL,D4,63,2,22.0,EW-SR,4
RL,D4,63,3,22.0,EW-LU,4
RL,D4,64,0,24.0,NS-SR,4
RL,D4,64,1,22.0,NS-LU,4
RL,D4,64,2,22.0,EW-SR,4
RL,D4,64,3,22.0,EW-LU,4
RL,D4,65,0,24.0,NS-SR,4
RL,D4,65,1,22.0,NS-LU,4
RL,D4,65,2,22.0,EW-SR,4
RL,D4,65,3,22.0,EW-LU,4
RL,D4,66,0,24.0,NS-SR,4
RL,D4,66,1,22.0,NS-LU,4
RL,D4,66,2,22.0,EW-SR,4
RL,D4,66,3,22.0,EW-LU,4
RL,D4,67,0,24.0,NS-SR,4
RL,D4,67,1,22.0,NS-LU,4
RL,D4,67,2,22.0,EW-SR,4
RL,D4,67,3,22.0,EW-LU,4
RL,D4,68,0,24.0,NS-SR,4
RL,D4,68,1,22.0,NS-LU,4
RL,D4,68,2,22.0,EW-SR,4
RL,D4,68,3,22.0,EW-LU,4
RL,D4,69,0,24.0,NS-SR,4
RL,D4,69,1,22.0,NS-LU,4
RL,D4,69,2,22.0,EW-SR,4
RL,D4,69,3,22.0,EW-LU,4
RL,D4,70,0,24.0,NS-SR,4
RL,D4,70,1,22.0,NS-LU,4
RL,D4,70,2,22.0,EW-SR,4
RL,D4,70,3,22.0,EW-LU,4
RL,D4,71,0,24.0,NS-SR,4
RL,D4,71,1,22.0,NS-LU,4
RL,D4,71,2,22.0,EW-SR,4
RL,D4,71,3,22.0,EW-LU,4
RL,D4,72,0,24.0,NS-SR,4
RL,D4,72,1,22.0,NS-LU,4
RL,D4,72,2,22.0,EW-SR,4
RL,D4,72,3,22.0,EW-LU,4
RL,D4,73,0,24.0,NS-SR,4
RL,D4,73,1,22.0,NS-LU,4
RL,D4,73,2,22.0,EW-SR,4
RL,D4,73,3,22.0,EW-LU,4
RL,D4,74,0,24.0,NS-SR,4
RL,D4,74,1,22.0,NS-LU,4
RL,D4,74,2,22.0,EW-SR,4
RL,D4,74,3,22.0,EW-LU,4
RL,D4,75,0,24.0,NS-SR,4
RL,D4,75,1,22.0,NS-LU,4
RL,D4,75,2,22.0,EW-SR,4
RL,D4,75,3,22.0,EW-LU,4
RL,D4,76,0,24.0,NS-SR,4
RL,D4,76,1,22.0,NS-LU,4
RL,D4,76,2,22.0,EW-SR,4
RL,D4,76,3,22.0,EW-LU,4
RL,D4,77,0,24.0,NS-SR,4
RL,D4,77,1,22.0,NS-LU,4
RL,D4,77,2,22.0,EW-SR,4
RL,D4,77,3,22.0,EW-LU,4
RL,D4,78,0,24.0,NS-SR,4
RL,D4,78,1,22.0,NS-LU,4
RL,D4,78,2,22.0,EW-SR,4
RL,D4,78,3,22.0,EW-LU,4
RL,D4,79,0,24.0,NS-SR,4
RL,D4,79,1,22.0,NS-LU,4
RL,D4,79,2,22.0,EW-SR,4
RL,D4,79,3,22.0,EW-LU,4
RL,D4,80,0,24.0,NS-SR,4
RL,D4,80,1,22.0,NS-LU,4
RL,D4,80,2,22.0,EW-SR,4
RL,D4,80,3,22.0,EW-LU,4
RL,D3,0,0,22.0,NS-SR,4
RL,D3,0,1,12.0,NS-LU,4
RL,D3,0,2,44.0,EW-SR,4
RL,D3,0,3,12.0,EW-LU,4
RL,D3,1,0,18.0,NS-SR,4
RL,D3,1,1,18.0,NS-LU,4
RL,D3,1,2,36.0,EW-SR,4
RL,D3,1,3,18.0,EW-LU,4
RL,D3,2,0,22.0,NS-SR,4
RL,D3,2,1,22.0,NS-LU,4
RL,D3,2,2,24.0,EW-SR,4
RL,D3,2,3,22.0,EW-LU,4
RL,D3,3,0,24.0,NS-SR,4
RL,D3,3,1,22.0,NS-LU,4
RL,D3,3,2,22.0,EW-SR,4
RL,D3,3,3,22.0,EW-LU,4
RL,D3,4,0,24.0,NS-SR,4
RL,D3,4,1,22.0,NS-LU,4
RL,D3,4,2,22.0,EW-SR,4
RL,D3,4,3,22.0,EW-LU,4
RL,D3,5,0,24.0,NS-SR,4
RL,D3,5,1,22.0,NS-LU,4
RL,D3,5,2,22.0,EW-SR,4
RL,D3,5,3,22.0,EW-LU,4
RL,D3,6,0,24.0,NS-SR,4
RL,D3,6,1,22.0,NS-LU,4
RL,D3,6,2,22.0,EW-SR,4
RL,D3,6,3,22.0,EW-LU,4
RL,D3,7,0,24.0,NS-SR,4
RL,D3,7,1,22.0,NS-LU,4
RL,D3,7,2,22.0,EW-SR,4
RL,D3,7,3,22.0,EW-LU,4
RL,D3,8,0,24.0,NS-SR,4
RL,D3,8,1,22.0,NS-LU,4
RL,D3,8,2,22.0,EW-SR,4
RL,D3,8,3,22.0,EW-LU,4
RL,D3,9,0,24.0,NS-SR,4
RL,D3,9,1,22.0,NS-LU,4
RL,D3,9,2,22.0,EW-SR,4
RL,D3,9,3,22.0,EW-LU,4
RL,D3,10,0,24.0,NS-SR,4
RL,D3,10,1,22.0,NS-LU,4
RL,D3,10,2,22.0,EW-SR,4
RL,D3,10,3,22.0,EW-LU,4
RL,D3,11,0,24.0,NS-SR,4
RL,D3,11,1,22.0,NS-LU,4
RL,D3,11,2,22.0,EW-SR,4
RL,D3,11,3,22.0,EW-LU,4
RL,D3,12,0,24.0,NS-SR,4
RL,D3,12,1,22.0,NS-LU,4
RL,D3,12,2,22.0,EW-SR,4
RL,D3,12,3,22.0,EW-LU,4
RL,D3,13,0,24.0,NS-SR,4
RL,D3,13,1,22.0,NS-LU,4
RL,D3,13,2,22.0,EW-SR,4
RL,D3,13,3,22.0,EW-LU,4
RL,D3,14,0,24.0,NS-SR,4
RL,D3,14,1,22.0,NS-LU,4
RL,D3,14,2,22.0,EW-SR,4
RL,D3,14,3,22.0,EW-LU,4
RL,D3,15,0,24.0,NS-SR,4
RL,D3,15,1,22.0,NS-LU,4
RL,D3,15,2,22.0,EW-SR,4
RL,D3,15,3,22.0,EW-LU,4
RL,D3,16,0,24.0,NS-SR,4
RL,D3,16,1,22.0,NS-LU,4
RL,D3,16,2,22.0,EW-SR,4
RL,D3,16,3,22.0,EW-LU,4
RL,D3,17,0,24.0,NS-SR,4
RL,D3,17,1,22.0,NS-LU,4
RL,D3,17,2,22.0,EW-SR,4
RL,D3,17,3,22.0,EW-LU,4
RL,D3,18,0,24.0,NS-SR,4
RL,D3,18,1,22.0,NS-LU,4
RL,D3,18,2,22.0,EW-SR,4
RL,D3,18,3,22.0,EW-LU,4
RL,D3,19,0,24.0,NS-SR,4
RL,D3,19,1,22.0,NS-LU,4
RL,D3,19,2,22.0,EW-SR,4
RL,D3,19,3,22.0,EW-LU,4
RL,D3,20,0,24.0,NS-SR,4
RL,D3,20,1,22.0,NS-LU,4
RL,D3,20,2,22.0,EW-SR,4
RL,D3,20,3,22.0,EW-LU,4
RL,D3,21,0,24.0,NS-SR,4
RL,D3,21,1,22.0,NS-LU,4
RL,D3,21,2,22.0,EW-SR,4
RL,D3,21,3,22.0,EW-LU,4
RL,D3,22,0,24.0,NS-SR,4
RL,D3,22,1,22.0,NS-LU,4
RL,D3,22,2,22.0,EW-SR,4
RL,D3,22,3,22.0,EW-LU,4
RL,D3,23,0,24.0,NS-SR,4
RL,D3,23,1,22.0,NS-LU,4
RL,D3,23,2,22.0,EW-SR,4
RL,D3,23,3,22.0,EW-LU,4
RL,D3,24,0,24.0,NS-SR,4
RL,D3,24,1,22.0,NS-LU,4
RL,D3,24,2,22.0,EW-SR,4
RL,D3,24,3,22.0,EW-LU,4
RL,D3,25,0,24.0,NS-SR,4
RL,D3,25,1,22.0,NS-LU,4
RL,D3,25,2,22.0,EW-SR,4
RL,D3,25,3,22.0,EW-LU,4
RL,D3,26,0,24.0,NS-SR,4
RL,D3,26,1,22.0,NS-LU,4
RL,D3,26,2,22.0,EW-SR,4
RL,D3,26,3,22.0,EW-LU,4
RL,D3,27,0,24.0,NS-SR,4
RL,D3,27,1,22.0,NS-LU,4
RL,D3,27,2,22.0,EW-SR,4
RL,D3,27,3,22.0,EW-LU,4
RL,D3,28,0,24.0,NS-SR,4
RL,D3,28,1,22.0,NS-LU,4
RL,D3,28,2,22.0,EW-SR,4
RL,D3,28,3,22.0,EW-LU,4
RL,D3,29,0,24.0,NS-SR,4
RL,D3,29,1,22.0,NS-LU,4
RL,D3,29,2,22.0,EW-SR,4
RL,D3,29,3,22.0,EW-LU,4
RL,D3,30,0,24.0,NS-SR,4
RL,D3,30,1,22.0,NS-LU,4
RL,D3,30,2,22.0,EW-SR,4
RL,D3,30,3,22.0,EW-LU,4
RL,D3,31,0,24.0,NS-SR,4
RL,D3,31,1,22.0,NS-LU,4
RL,D3,31,2,22.0,EW-SR,4
RL,D3,31,3,22.0,EW-LU,4
RL,D3,32,0,24.0,NS-SR,4
RL,D3,32,1,22.0,NS-LU,4
RL,D3,32,2,22.0,EW-SR,4
RL,D3,32,3,22.0,EW-LU,4
RL,D3,33,0,24.0,NS-SR,4
RL,D3,33,1,22.0,NS-LU,4
RL,D3,33,2,22.0,EW-SR,4
RL,D3,33,3,22.0,EW-LU,4
RL,D3,34,0,24.0,NS-SR,4
RL,D3,34,1,22.0,NS-LU,4
RL,D3,34,2,22.0,EW-SR,4
RL,D3,34,3,22.0,EW-LU,4
RL,D3,35,0,24.0,NS-SR,4
RL,D3,35,1,22.0,NS-LU,4
RL,D3,35,2,22.0,EW-SR,4
RL,D3,35,3,22.0,EW-LU,4
RL,D3,36,0,24.0,NS-SR,4
RL,D3,36,1,22.0,NS-LU,4
RL,D3,36,2,22.0,EW-SR,4
RL,D3,36,3,22.0,EW-LU,4
RL,D3,37,0,24.0,NS-SR,4
RL,D3,37,1,22.0,NS-LU,4
RL,D3,37,2,22.0,EW-SR,4
RL,D3,37,3,22.0,EW-LU,4
RL,D3,38,0,24.0,NS-SR,4
RL,D3,38,1,22.0,NS-LU,4
RL,D3,38,2,22.0,EW-SR,4
RL,D3,38,3,22.0,EW-LU,4
RL,D3,39,0,24.0,NS-SR,4
RL,D3,39,1,22.0,NS-LU,4
RL,D3,39,2,22.0,EW-SR,4
RL,D3,39,3,22.0,EW-LU,4
RL,D3,40,0,24.0,NS-SR,4
RL,D3,40,1,22.0,NS-LU,4
RL,D3,40,2,22.0,EW-SR,4
RL,D3,40,3,22.0,EW-LU,4
RL,D3,41,0,24.0,NS-SR,4
RL,D3,41,1,22.0,NS-LU,4
RL,D3,41,2,22.0,EW-SR,4
RL,D3,41,3,22.0,EW-LU,4
RL,D3,42,0,24.0,NS-SR,4
RL,D3,42,1,22.0,NS-LU,4
RL,D3,42,2,22.0,EW-SR,4
RL,D3,42,3,22.0,EW-LU,4
RL,D3,43,0,24.0,NS-SR,4
RL,D3,43,1,22.0,NS-LU,4
RL,D3,43,2,22.0,EW-SR,4
RL,D3,43,3,22.0,EW-LU,4
RL,D3,44,0,24.0,NS-SR,4
RL,D3,44,1,22.0,NS-LU,4
RL,D3,44,2,22.0,EW-SR,4
RL,D3,44,3,22.0,EW-LU,4
RL,D3,45,0,24.0,NS-SR,4
RL,D3,45,1,22.0,NS-LU,4
RL,D3,45,2,22.0,EW-SR,4
RL,D3,45,3,22.0,EW-LU,4
RL,D3,46,0,24.0,NS-SR,4
RL,D3,46,1,22.0,NS-LU,4
RL,D3,46,2,22.0,EW-SR,4
RL,D3,46,3,22.0,EW-LU,4
RL,D3,47,0,24.0,NS-SR,4
RL,D3,47,1,22.0,NS-LU,4
RL,D3,47,2,22.0,EW-SR,4
RL,D3,47,3,22.0,EW-LU,4
RL,D3,48,0,24.0,NS-SR,4
RL,D3,48,1,22.0,NS-LU,4
RL,D3,48,2,22.0,EW-SR,4
RL,D3,48,3,22.0,EW-LU,4
RL,D3,49,0,24.0,NS-SR,4
RL,D3,49,1,22.0,NS-LU,4
RL,D3,49,2,22.0,EW-SR,4
RL,D3,49,3,22.0,EW-LU,4
RL,D3,50,0,24.0,NS-SR,4
RL,D3,50,1,22.0,NS-LU,4
RL,D3,50,2,22.0,EW-SR,4
RL,D3,50,3,22.0,EW-LU,4
RL,D3,51,0,24.0,NS-SR,4
RL,D3,51,1,22.0,NS-LU,4
RL,D3,51,2,22.0,EW-SR,4
RL,D3,51,3,22.0,EW-LU,4
RL,D3,52,0,24.0,NS-SR,4
RL,D3,52,1,22.0,NS-LU,4
RL,D3,52,2,22.0,EW-SR,4
RL,D3,52,3,22.0,EW-LU,4
RL,D3,53,0,24.0,NS-SR,4
RL,D3,53,1,22.0,NS-LU,4
RL,D3,53,2,22.0,EW-SR,4
RL,D3,53,3,22.0,EW-LU,4
RL,D3,54,0,24.0,NS-SR,4
RL,D3,54,1,22.0,NS-LU,4
RL,D3,54,2,22.0,EW-SR,4
RL,D3,54,3,22.0,EW-LU,4
RL,D3,55,0,24.0,NS-SR,4
RL,D3,55,1,22.0,NS-LU,4
RL,D3,55,2,22.0,EW-SR,4
RL,D3,55,3,22.0,EW-LU,4
RL,D3,56,0,24.0,NS-SR,4
RL,D3,56,1,22.0,NS-LU,4
RL,D3,56,2,22.0,EW-SR,4
RL,D3,56,3,22.0,EW-LU,4
RL,D3,57,0,24.0,NS-SR,4
RL,D3,57,1,22.0,NS-LU,4
RL,D3,57,2,22.0,EW-SR,4
RL,D3,57,3,22.0,EW-LU,4
RL,D3,58,0,24.0,NS-SR,4
RL,D3,58,1,22.0,NS-LU,4
RL,D3,58,2,22.0,EW-SR,4
RL,D3,58,3,22.0,EW-LU,4
RL,D3,59,0,24.0,NS-SR,4
RL,D3,59,1,22.0,NS-LU,4
RL,D3,59,2,22.0,EW-SR,4
RL,D3,59,3,22.0,EW-LU,4
RL,D3,60,0,24.0,NS-SR,4
RL,D3,60,1,22.0,NS-LU,4
RL,D3,60,2,22.0,EW-SR,4
RL,D3,60,3,22.0,EW-LU,4
RL,D3,61,0,24.0,NS-SR,4
RL,D3,61,1,22.0,NS-LU,4
RL,D3,61,2,22.0,EW-SR,4
RL,D3,61,3,22.0,EW-LU,4
RL,D3,62,0,24.0,NS-SR,4
RL,D3,62,1,22.0,NS-LU,4
RL,D3,62,2,22.0,EW-SR,4
RL,D3,62,3,22.0,EW-LU,4
RL,D3,63,0,24.0,NS-SR,4
RL,D3,63,1,22.0,NS-LU,4
RL,D3,63,2,22.0,EW-SR,4
RL,D3,63,3,22.0,EW-LU,4
RL,D3,64,0,24.0,NS-SR,4
RL,D3,64,1,22.0,NS-LU,4
RL,D3,64,2,22.0,EW-SR,4
RL,D3,64,3,22.0,EW-LU,4
RL,D3,65,0,24.0,NS-SR,4
RL,D3,65,1,22.0,NS-LU,4
RL,D3,65,2,22.0,EW-SR,4
RL,D3,65,3,22.0,EW-LU,4
RL,D3,66,0,24.0,NS-SR,4
RL,D3,66,1,22.0,NS-LU,4
RL,D3,66,2,22.0,EW-SR,4
RL,D3,66,3,22.0,EW-LU,4
RL,D3,67,0,24.0,NS-SR,4
RL,D3,67,1,22.0,NS-LU,4
RL,D3,67,2,22.0,EW-SR,4
RL,D3,67,3,22.0,EW-LU,4
RL,D3,68,0,24.0,NS-SR,4
RL,D3,68,1,22.0,NS-LU,4
RL,D3,68,2,22.0,EW-SR,4
RL,D3,68,3,22.0,EW-LU,4
RL,D3,69,0,24.0,NS-SR,4
RL,D3,69,1,22.0,NS-LU,4
RL,D3,69,2,22.0,EW-SR,4
RL,D3,69,3,22.0,EW-LU,4
RL,D3,70,0,24.0,NS-SR,4
RL,D3,70,1,22.0,NS-LU,4
RL,D3,70,2,22.0,EW-SR,4
RL,D3,70,3,22.0,EW-LU,4
RL,D3,71,0,24.0,NS-SR,4
RL,D3,71,1,22.0,NS-LU,4
RL,D3,71,2,22.0,EW-SR,4
RL,D3,71,3,22.0,EW-LU,4
RL,D3,72,0,24.0,NS-SR,4
RL,D3,72,1,22.0,NS-LU,4
RL,D3,72,2,22.0,EW-SR,4
RL,D3,72,3,22.0,EW-LU,4
RL,D3,73,0,24.0,NS-SR,4
RL,D3,73,1,22.0,NS-LU,4
RL,D3,73,2,22.0,EW-SR,4
RL,D3,73,3,22.0,EW-LU,4
RL,D3,74,0,24.0,NS-SR,4
RL,D3,74,1,22.0,NS-LU,4
RL,D3,74,2,22.0,EW-SR,4
RL,D3,74,3,22.0,EW-LU,4
RL,D3,75,0,24.0,NS-SR,4
RL,D3,75,1,22.0,NS-LU,4
RL,D3,75,2,22.0,EW-SR,4
RL,D3,75,3,22.0,EW-LU,4
RL,D3,76,0,24.0,NS-SR,4
RL,D3,76,1,22.0,NS-LU,4
RL,D3,76,2,22.0,EW-SR,4
RL,D3,76,3,22.0,EW-LU,4
RL,D3,77,0,24.0,NS-SR,4
RL,D3,77,1,22.0,NS-LU,4
RL,D3,77,2,22.0,EW-SR,4
RL,D3,77,3,22.0,EW-LU,4
RL,D3,78,0,24.0,NS-SR,4
RL,D3,78,1,22.0,NS-LU,4
RL,D3,78,2,22.0,EW-SR,4
RL,D3,78,3,22.0,EW-LU,4
RL,D3,79,0,24.0,NS-SR,4
RL,D3,79,1,22.0,NS-LU,4
RL,D3,79,2,22.0,EW-SR,4
RL,D3,79,3,22.0,EW-LU,4
RL,D3,80,0,24.0,NS-SR,4
RL,D3,80,1,22.0,NS-LU,4
RL,D3,80,2,22.0,EW-SR,4
RL,D3,80,3,22.0,EW-LU,4
RL,A4,0,0,60.0,NS-LU,3
RL,A4,0,1,10.0,EW-SR,3
RL,A4,0,2,20.0,EW-LU,3
RL,A4,1,0,59.0,NS-LU,3
RL,A4,1,1,11.0,EW-SR,3
RL,A4,1,2,20.0,EW-LU,3
RL,A4,2,0,59.0,NS-LU,3
RL,A4,2,1,11.0,EW-SR,3
RL,A4,2,2,20.0,EW-LU,3
RL,A4,3,0,60.0,NS-LU,3
RL,A4,3,1,10.0,EW-SR,3
RL,A4,3,2,20.0,EW-LU,3
RL,A4,4,0,60.0,NS-LU,3
RL,A4,4,1,10.0,EW-SR,3
RL,A4,4,2,20.0,EW-LU,3
RL,A4,5,0,60.0,NS-LU,3
RL,A4,5,1,10.0,EW-SR,3
RL,A4,5,2,20.0,EW-LU,3
RL,A4,6,0,60.0,NS-LU,3
RL,A4,6,1,10.0,EW-SR,3
RL,A4,6,2,20.0,EW-LU,3
RL,A4,7,0,60.0,NS-LU,3
RL,A4,7,1,10.0,EW-SR,3
RL,A4,7,2,20.0,EW-LU,3
RL,A4,8,0,60.0,NS-LU,3
RL,A4,8,1,10.0,EW-SR,3
RL,A4,8,2,20.0,EW-LU,3
RL,A4,9,0,60.0,NS-LU,3
RL,A4,9,1,10.0,EW-SR,3
RL,A4,9,2,20.0,EW-LU,3
RL,A4,10,0,60.0,NS-LU,3
RL,A4,10,1,10.0,EW-SR,3
RL,A4,10,2,20.0,EW-LU,3
RL,A4,11,0,60.0,NS-LU,3
RL,A4,11,1,10.0,EW-SR,3
RL,A4,11,2,20.0,EW-LU,3
RL,A4,12,0,60.0,NS-LU,3
RL,A4,12,1,10.0,EW-SR,3
RL,A4,12,2,20.0,EW-LU,3
RL,A4,13,0,60.0,NS-LU,3
RL,A4,13,1,10.0,EW-SR,3
RL,A4,13,2,20.0,EW-LU,3
RL,A4,14,0,60.0,NS-LU,3
RL,A4,14,1,10.0,EW-SR,3
RL,A4,14,2,20.0,EW-LU,3
RL,A4,15,0,60.0,NS-LU,3
RL,A4,15,1,10.0,EW-SR,3
RL,A4,15,2,20.0,EW-LU,3
RL,A4,16,0,60.0,NS-LU,3
RL,A4,16,1,10.0,EW-SR,3
RL,A4,16,2,20.0,EW-LU,3
RL,A4,17,0,60.0,NS-LU,3
RL,A4,17,1,10.0,EW-SR,3
RL,A4,17,2,20.0,EW-LU,3
RL,A4,18,0,60.0,NS-LU,3
RL,A4,18,1,10.0,EW-SR,3
RL,A4,18,2,20.0,EW-LU,3
RL,A4,19,0,60.0,NS-LU,3
RL,A4,19,1,10.0,EW-SR,3
RL,A4,19,2,20.0,EW-LU,3
RL,A4,20,0,60.0,NS-LU,3
RL,A4,20,1,10.0,EW-SR,3
RL,A4,20,2,20.0,EW-LU,3
RL,A4,21,0,60.0,NS-LU,3
RL,A4,21,1,10.0,EW-SR,3
RL,A4,21,2,20.0,EW-LU,3
RL,A4,22,0,60.0,NS-LU,3
RL,A4,22,1,10.0,EW-SR,3
RL,A4,22,2,20.0,EW-LU,3
RL,A4,23,0,60.0,NS-LU,3
RL,A4,23,1,10.0,EW-SR,3
RL,A4,23,2,20.0,EW-LU,3
RL,A4,24,0,60.0,NS-LU,3
RL,A4,24,1,10.0,EW-SR,3
RL,A4,24,2,20.0,EW-LU,3
RL,A4,25,0,60.0,NS-LU,3
RL,A4,25,1,10.0,EW-SR,3
RL,A4,25,2,20.0,EW-LU,3
RL,A4,26,0,60.0,NS-LU,3
RL,A4,26,1,10.0,EW-SR,3
RL,A4,26,2,20.0,EW-LU,3
RL,A4,27,0,60.0,NS-LU,3
RL,A4,27,1,10.0,EW-SR,3
RL,A4,27,2,20.0,EW-LU,3
RL,A4,28,0,60.0,NS-LU,3
RL,A4,28,1,10.0,EW-SR,3
RL,A4,28,2,20.0,EW-LU,3
RL,A4,29,0,60.0,NS-LU,3
RL,A4,29,1,10.0,EW-SR,3
RL,A4,29,2,20.0,EW-LU,3
RL,A4,30,0,60.0,NS-LU,3
RL,A4,30,1,10.0,EW-SR,3
RL,A4,30,2,20.0,EW-LU,3
RL,A4,31,0,60.0,NS-LU,3
RL,A4,31,1,10.0,EW-SR,3
RL,A4,31,2,20.0,EW-LU,3
RL,A4,32,0,60.0,NS-LU,3
RL,A4,32,1,10.0,EW-SR,3
RL,A4,32,2,20.0,EW-LU,3
RL,A4,33,0,60.0,NS-LU,3
RL,A4,33,1,10.0,EW-SR,3
RL,A4,33,2,20.0,EW-LU,3
RL,A4,34,0,60.0,NS-LU,3
RL,A4,34,1,10.0,EW-SR,3
RL,A4,34,2,20.0,EW-LU,3
RL,A4,35,0,60.0,NS-LU,3
RL,A4,35,1,10.0,EW-SR,3
RL,A4,35,2,20.0,EW-LU,3
RL,A4,36,0,60.0,NS-LU,3
RL,A4,36,1,10.0,EW-SR,3
RL,A4,36,2,20.0,EW-LU,3
RL,A4,37,0,60.0,NS-LU,3
RL,A4,37,1,10.0,EW-SR,3
RL,A4,37,2,20.0,EW-LU,3
RL,A4,38,0,60.0,NS-LU,3
RL,A4,38,1,10.0,EW-SR,3
RL,A4,38,2,20.0,EW-LU,3
RL,A4,39,0,60.0,NS-LU,3
RL,A4,39,1,10.0,EW-SR,3
RL,A4,39,2,20.0,EW-LU,3
RL,A4,40,0,60.0,NS-LU,3
RL,A4,40,1,10.0,EW-SR,3
RL,A4,40,2,20.0,EW-LU,3
RL,A4,41,0,60.0,NS-LU,3
RL,A4,41,1,10.0,EW-SR,3
RL,A4,41,2,20.0,EW-LU,3
RL,A4,42,0,60.0,NS-LU,3
RL,A4,42,1,10.0,EW-SR,3
RL,A4,42,2,20.0,EW-LU,3
RL,A4,43,0,60.0,NS-LU,3
RL,A4,43,1,10.0,EW-SR,3
RL,A4,43,2,20.0,EW-LU,3
RL,A4,44,0,60.0,NS-LU,3
RL,A4,44,1,10.0,EW-SR,3
RL,A4,44,2,20.0,EW-LU,3
RL,A4,45,0,60.0,NS-LU,3
RL,A4,45,1,10.0,EW-SR,3
RL,A4,45,2,20.0,EW-LU,3
RL,A4,46,0,60.0,NS-LU,3
RL,A4,46,1,10.0,EW-SR,3
RL,A4,46,2,20.0,EW-LU,3
RL,A4,47,0,60.0,NS-LU,3
RL,A4,47,1,10.0,EW-SR,3
RL,A4,47,2,20.0,EW-LU,3
RL,A4,48,0,60.0,NS-LU,3
RL,A4,48,1,10.0,EW-SR,3
RL,A4,48,2,20.0,EW-LU,3
RL,A4,49,0,60.0,NS-LU,3
RL,A4,49,1,10.0,EW-SR,3
RL,A4,49,2,20.0,EW-LU,3
RL,A4,50,0,60.0,NS-LU,3
RL,A4,50,1,10.0,EW-SR,3
RL,A4,50,2,20.0,EW-LU,3
RL,A4,51,0,60.0,NS-LU,3
RL,A4,51,1,10.0,EW-SR,3
RL,A4,51,2,20.0,EW-LU,3
RL,A4,52,0,60.0,NS-LU,3
RL,A4,52,1,10.0,EW-SR,3
RL,A4,52,2,20.0,EW-LU,3
RL,A4,53,0,60.0,NS-LU,3
RL,A4,53,1,10.0,EW-SR,3
RL,A4,53,2,20.0,EW-LU,3
RL,A4,54,0,60.0,NS-LU,3
RL,A4,54,1,10.0,EW-SR,3
RL,A4,54,2,20.0,EW-LU,3
RL,A4,55,0,60.0,NS-LU,3
RL,A4,55,1,10.0,EW-SR,3
RL,A4,55,2,20.0,EW-LU,3
RL,A4,56,0,60.0,NS-LU,3
RL,A4,56,1,10.0,EW-SR,3
RL,A4,56,2,20.0,EW-LU,3
RL,A4,57,0,60.0,NS-LU,3
RL,A4,57,1,10.0,EW-SR,3
RL,A4,57,2,20.0,EW-LU,3
RL,A4,58,0,60.0,NS-LU,3
RL,A4,58,1,10.0,EW-SR,3
RL,A4,58,2,20.0,EW-LU,3
RL,A4,59,0,60.0,NS-LU,3
RL,A4,59,1,10.0,EW-SR,3
RL,A4,59,2,20.0,EW-LU,3
RL,A4,60,0,60.0,NS-LU,3
RL,A4,60,1,10.0,EW-SR,3
RL,A4,60,2,20.0,EW-LU,3
RL,A4,61,0,60.0,NS-LU,3
RL,A4,61,1,10.0,EW-SR,3
RL,A4,61,2,20.0,EW-LU,3
RL,A4,62,0,60.0,NS-LU,3
RL,A4,62,1,10.0,EW-SR,3
RL,A4,62,2,20.0,EW-LU,3
RL,A4,63,0,60.0,NS-LU,3
RL,A4,63,1,10.0,EW-SR,3
RL,A4,63,2,20.0,EW-LU,3
RL,A4,64,0,60.0,NS-LU,3
RL,A4,64,1,10.0,EW-SR,3
RL,A4,64,2,20.0,EW-LU,3
RL,A4,65,0,60.0,NS-LU,3
RL,A4,65,1,10.0,EW-SR,3
RL,A4,65,2,20.0,EW-LU,3
RL,A4,66,0,60.0,NS-LU,3
RL,A4,66,1,10.0,EW-SR,3
RL,A4,66,2,20.0,EW-LU,3
RL,A4,67,0,60.0,NS-LU,3
RL,A4,67,1,10.0,EW-SR,3
RL,A4,67,2,20.0,EW-LU,3
RL,A4,68,0,60.0,NS-LU,3
RL,A4,68,1,10.0,EW-SR,3
RL,A4,68,2,20.0,EW-LU,3
RL,A4,69,0,60.0,NS-LU,3
RL,A4,69,1,10.0,EW-SR,3
RL,A4,69,2,20.0,EW-LU,3
RL,A4,70,0,60.0,NS-LU,3
RL,A4,70,1,10.0,EW-SR,3
RL,A4,70,2,20.0,EW-LU,3
RL,A4,71,0,60.0,NS-LU,3
RL,A4,71,1,10.0,EW-SR,3
RL,A4,71,2,20.0,EW-LU,3
RL,A4,72,0,60.0,NS-LU,3
RL,A4,72,1,10.0,EW-SR,3
RL,A4,72,2,20.0,EW-LU,3
RL,A4,73,0,60.0,NS-LU,3
RL,A4,73,1,10.0,EW-SR,3
RL,A4,73,2,20.0,EW-LU,3
RL,A4,74,0,60.0,NS-LU,3
RL,A4,74,1,10.0,EW-SR,3
RL,A4,74,2,20.0,EW-LU,3
RL,A4,75,0,60.0,NS-LU,3
RL,A4,75,1,10.0,EW-SR,3
RL,A4,75,2,20.0,EW-LU,3
RL,A4,76,0,60.0,NS-LU,3
RL,A4,76,1,10.0,EW-SR,3
RL,A4,76,2,20.0,EW-LU,3
RL,A4,77,0,60.0,NS-LU,3
RL,A4,77,1,10.0,EW-SR,3
RL,A4,77,2,20.0,EW-LU,3
RL,A4,78,0,60.0,NS-LU,3
RL,A4,78,1,10.0,EW-SR,3
RL,A4,78,2,20.0,EW-LU,3
RL,A4,79,0,60.0,NS-LU,3
RL,A4,79,1,10.0,EW-SR,3
RL,A4,79,2,20.0,EW-LU,3
RL,A4,80,0,60.0,NS-LU,3
RL,A4,80,1,10.0,EW-SR,3
RL,A4,80,2,20.0,EW-LU,3
RL,B4,0,0,15.0,NS-SR,4
RL,B4,0,1,23.0,NS-LU,4
RL,B4,0,2,37.0,EW-SR,4
RL,B4,0,3,15.0,EW-LU,4
RL,B4,1,0,24.0,NS-SR,4
RL,B4,1,1,22.0,NS-LU,4
RL,B4,1,2,22.0,EW-SR,4
RL,B4,1,3,22.0,EW-LU,4
RL,B4,2,0,24.0,NS-SR,4
RL,B4,2,1,22.0,NS-LU,4
RL,B4,2,2,22.0,EW-SR,4
RL,B4,2,3,22.0,EW-LU,4
RL,B4,3,0,24.0,NS-SR,4
RL,B4,3,1,22.0,NS-LU,4
RL,B4,3,2,22.0,EW-SR,4
RL,B4,3,3,22.0,EW-LU,4
RL,B4,4,0,24.0,NS-SR,4
RL,B4,4,1,22.0,NS-LU,4
RL,B4,4,2,22.0,EW-SR,4
RL,B4,4,3,22.0,EW-LU,4
RL,B4,5,0,24.0,NS-SR,4
RL,B4,5,1,22.0,NS-LU,4
RL,B4,5,2,22.0,EW-SR,4
RL,B4,5,3,22.0,EW-LU,4
RL,B4,6,0,24.0,NS-SR,4
RL,B4,6,1,22.0,NS-LU,4
RL,B4,6,2,22.0,EW-SR,4
RL,B4,6,3,22.0,EW-LU,4
RL,B4,7,0,24.0,NS-SR,4
RL,B4,7,1,22.0,NS-LU,4
RL,B4,7,2,22.0,EW-SR,4
RL,B4,7,3,22.0,EW-LU,4
RL,B4,8,0,24.0,NS-SR,4
RL,B4,8,1,22.0,NS-LU,4
RL,B4,8,2,22.0,EW-SR,4
RL,B4,8,3,22.0,EW-LU,4
RL,B4,9,0,24.0,NS-SR,4
RL,B4,9,1,22.0,NS-LU,4
RL,B4,9,2,22.0,EW-SR,4
RL,B4,9,3,22.0,EW-LU,4
RL,B4,10,0,24.0,NS-SR,4
RL,B4,10,1,22.0,NS-LU,4
RL,B4,10,2,22.0,EW-SR,4
RL,B4,10,3,22.0,EW-LU,4
RL,B4,11,0,24.0,NS-SR,4
RL,B4,11,1,22.0,NS-LU,4
RL,B4,11,2,22.0,EW-SR,4
RL,B4,11,3,22.0,EW-LU,4
RL,B4,12,0,24.0,NS-SR,4
RL,B4,12,1,22.0,NS-LU,4
RL,B4,12,2,22.0,EW-SR,4
RL,B4,12,3,22.0,EW-LU,4
RL,B4,13,0,24.0,NS-SR,4
RL,B4,13,1,22.0,NS-LU,4
RL,B4,13,2,22.0,EW-SR,4
RL,B4,13,3,22.0,EW-LU,4
RL,B4,14,0,24.0,NS-SR,4
RL,B4,14,1,22.0,NS-LU,4
RL,B4,14,2,22.0,EW-SR,4
RL,B4,14,3,22.0,EW-LU,4
RL,B4,15,0,24.0,NS-SR,4
RL,B4,15,1,22.0,NS-LU,4
RL,B4,15,2,22.0,EW-SR,4
RL,B4,15,3,22.0,EW-LU,4
RL,B4,16,0,24.0,NS-SR,4
RL,B4,16,1,22.0,NS-LU,4
RL,B4,16,2,22.0,EW-SR,4
RL,B4,16,3,22.0,EW-LU,4
RL,B4,17,0,24.0,NS-SR,4
RL,B4,17,1,22.0,NS-LU,4
RL,B4,17,2,22.0,EW-SR,4
RL,B4,17,3,22.0,EW-LU,4
RL,B4,18,0,24.0,NS-SR,4
RL,B4,18,1,22.0,NS-LU,4
RL,B4,18,2,22.0,EW-SR,4
RL,B4,18,3,22.0,EW-LU,4
RL,B4,19,0,24.0,NS-SR,4
RL,B4,19,1,22.0,NS-LU,4
RL,B4,19,2,22.0,EW-SR,4
RL,B4,19,3,22.0,EW-LU,4
RL,B4,20,0,24.0,NS-SR,4
RL,B4,20,1,22.0,NS-LU,4
RL,B4,20,2,22.0,EW-SR,4
RL,B4,20,3,22.0,EW-LU,4
RL,B4,21,0,24.0,NS-SR,4
RL,B4,21,1,22.0,NS-LU,4
RL,B4,21,2,22.0,EW-SR,4
RL,B4,21,3,22.0,EW-LU,4
RL,B4,22,0,24.0,NS-SR,4
RL,B4,22,1,22.0,NS-LU,4
RL,B4,22,2,22.0,EW-SR,4
RL,B4,22,3,22.0,EW-LU,4
RL,B4,23,0,24.0,NS-SR,4
RL,B4,23,1,22.0,NS-LU,4
RL,B4,23,2,22.0,EW-SR,4
RL,B4,23,3,22.0,EW-LU,4
RL,B4,24,0,24.0,NS-SR,4
RL,B4,24,1,22.0,NS-LU,4
RL,B4,24,2,22.0,EW-SR,4
RL,B4,24,3,22.0,EW-LU,4
RL,B4,25,0,24.0,NS-SR,4
RL,B4,25,1,22.0,NS-LU,4
RL,B4,25,2,22.0,EW-SR,4
RL,B4,25,3,22.0,EW-LU,4
RL,B4,26,0,24.0,NS-SR,4
RL,B4,26,1,22.0,NS-LU,4
RL,B4,26,2,22.0,EW-SR,4
RL,B4,26,3,22.0,EW-LU,4
RL,B4,27,0,24.0,NS-SR,4
RL,B4,27,1,22.0,NS-LU,4
RL,B4,27,2,22.0,EW-SR,4
RL,B4,27,3,22.0,EW-LU,4
RL,B4,28,0,24.0,NS-SR,4
RL,B4,28,1,22.0,NS-LU,4
RL,B4,28,2,22.0,EW-SR,4
RL,B4,28,3,22.0,EW-LU,4
RL,B4,29,0,24.0,NS-SR,4
RL,B4,29,1,22.0,NS-LU,4
RL,B4,29,2,22.0,EW-SR,4
RL,B4,29,3,22.0,EW-LU,4
RL,B4,30,0,24.0,NS-SR,4
RL,B4,30,1,22.0,NS-LU,4
RL,B4,30,2,22.0,EW-SR,4
RL,B4,30,3,22.0,EW-LU,4
RL,B4,31,0,24.0,NS-SR,4
RL,B4,31,1,22.0,NS-LU,4
RL,B4,31,2,22.0,EW-SR,4
RL,B4,31,3,22.0,EW-LU,4
RL,B4,32,0,24.0,NS-SR,4
RL,B4,32,1,22.0,NS-LU,4
RL,B4,32,2,22.0,EW-SR,4
RL,B4,32,3,22.0,EW-LU,4
RL,B4,33,0,24.0,NS-SR,4
RL,B4,33,1,22.0,NS-LU,4
RL,B4,33,2,22.0,EW-SR,4
RL,B4,33,3,22.0,EW-LU,4
RL,B4,34,0,24.0,NS-SR,4
RL,B4,34,1,22.0,NS-LU,4
RL,B4,34,2,22.0,EW-SR,4
RL,B4,34,3,22.0,EW-LU,4
RL,B4,35,0,24.0,NS-SR,4
RL,B4,35,1,22.0,NS-LU,4
RL,B4,35,2,22.0,EW-SR,4
RL,B4,35,3,22.0,EW-LU,4
RL,B4,36,0,24.0,NS-SR,4
RL,B4,36,1,22.0,NS-LU,4
RL,B4,36,2,22.0,EW-SR,4
RL,B4,36,3,22.0,EW-LU,4
RL,B4,37,0,24.0,NS-SR,4
RL,B4,37,1,22.0,NS-LU,4
RL,B4,37,2,22.0,EW-SR,4
RL,B4,37,3,22.0,EW-LU,4
RL,B4,38,0,24.0,NS-SR,4
RL,B4,38,1,22.0,NS-LU,4
RL,B4,38,2,22.0,EW-SR,4
RL,B4,38,3,22.0,EW-LU,4
RL,B4,39,0,24.0,NS-SR,4
RL,B4,39,1,22.0,NS-LU,4
RL,B4,39,2,22.0,EW-SR,4
RL,B4,39,3,22.0,EW-LU,4
RL,B4,40,0,24.0,NS-SR,4
RL,B4,40,1,22.0,NS-LU,4
RL,B4,40,2,22.0,EW-SR,4
RL,B4,40,3,22.0,EW-LU,4
RL,B4,41,0,24.0,NS-SR,4
RL,B4,41,1,22.0,NS-LU,4
RL,B4,41,2,22.0,EW-SR,4
RL,B4,41,3,22.0,EW-LU,4
RL,B4,42,0,24.0,NS-SR,4
RL,B4,42,1,22.0,NS-LU,4
RL,B4,42,2,22.0,EW-SR,4
RL,B4,42,3,22.0,EW-LU,4
RL,B4,43,0,24.0,NS-SR,4
RL,B4,43,1,22.0,NS-LU,4
RL,B4,43,2,22.0,EW-SR,4
RL,B4,43,3,22.0,EW-LU,4
RL,B4,44,0,24.0,NS-SR,4
RL,B4,44,1,22.0,NS-LU,4
RL,B4,44,2,22.0,EW-SR,4
RL,B4,44,3,22.0,EW-LU,4
RL,B4,45,0,24.0,NS-SR,4
RL,B4,45,1,22.0,NS-LU,4
RL,B4,45,2,22.0,EW-SR,4
RL,B4,45,3,22.0,EW-LU,4
RL,B4,46,0,24.0,NS-SR,4
RL,B4,46,1,22.0,NS-LU,4
RL,B4,46,2,22.0,EW-SR,4
RL,B4,46,3,22.0,EW-LU,4
RL,B4,47,0,24.0,NS-SR,4
RL,B4,47,1,22.0,NS-LU,4
RL,B4,47,2,22.0,EW-SR,4
RL,B4,47,3,22.0,EW-LU,4
RL,B4,48,0,24.0,NS-SR,4
RL,B4,48,1,22.0,NS-LU,4
RL,B4,48,2,22.0,EW-SR,4
RL,B4,48,3,22.0,EW-LU,4
RL,B4,49,0,24.0,NS-SR,4
RL,B4,49,1,22.0,NS-LU,4
RL,B4,49,2,22.0,EW-SR,4
RL,B4,49,3,22.0,EW-LU,4
RL,B4,50,0,24.0,NS-SR,4
RL,B4,50,1,22.0,NS-LU,4
RL,B4,50,2,22.0,EW-SR,4
RL,B4,50,3,22.0,EW-LU,4
RL,B4,51,0,24.0,NS-SR,4
RL,B4,51,1,22.0,NS-LU,4
RL,B4,51,2,22.0,EW-SR,4
RL,B4,51,3,22.0,EW-LU,4
RL,B4,52,0,24.0,NS-SR,4
RL,B4,52,1,22.0,NS-LU,4
RL,B4,52,2,22.0,EW-SR,4
RL,B4,52,3,22.0,EW-LU,4
RL,B4,53,0,24.0,NS-SR,4
RL,B4,53,1,22.0,NS-LU,4
RL,B4,53,2,22.0,EW-SR,4
RL,B4,53,3,22.0,EW-LU,4
RL,B4,54,0,24.0,NS-SR,4
RL,B4,54,1,22.0,NS-LU,4
RL,B4,54,2,22.0,EW-SR,4
RL,B4,54,3,22.0,EW-LU,4
RL,B4,55,0,24.0,NS-SR,4
RL,B4,55,1,22.0,NS-LU,4
RL,B4,55,2,22.0,EW-SR,4
RL,B4,55,3,22.0,EW-LU,4
RL,B4,56,0,24.0,NS-SR,4
RL,B4,56,1,22.0,NS-LU,4
RL,B4,56,2,22.0,EW-SR,4
RL,B4,56,3,22.0,EW-LU,4
RL,B4,57,0,24.0,NS-SR,4
RL,B4,57,1,22.0,NS-LU,4
RL,B4,57,2,22.0,EW-SR,4
RL,B4,57,3,22.0,EW-LU,4
RL,B4,58,0,24.0,NS-SR,4
RL,B4,58,1,22.0,NS-LU,4
RL,B4,58,2,22.0,EW-SR,4
RL,B4,58,3,22.0,EW-LU,4
RL,B4,59,0,24.0,NS-SR,4
RL,B4,59,1,22.0,NS-LU,4
RL,B4,59,2,22.0,EW-SR,4
RL,B4,59,3,22.0,EW-LU,4
RL,B4,60,0,24.0,NS-SR,4
RL,B4,60,1,22.0,NS-LU,4
RL,B4,60,2,22.0,EW-SR,4
RL,B4,60,3,22.0,EW-LU,4
RL,B4,61,0,24.0,NS-SR,4
RL,B4,61,1,22.0,NS-LU,4
RL,B4,61,2,22.0,EW-SR,4
RL,B4,61,3,22.0,EW-LU,4
RL,B4,62,0,24.0,NS-SR,4
RL,B4,62,1,22.0,NS-LU,4
RL,B4,62,2,22.0,EW-SR,4
RL,B4,62,3,22.0,EW-LU,4
RL,B4,63,0,24.0,NS-SR,4
RL,B4,63,1,22.0,NS-LU,4
RL,B4,63,2,22.0,EW-SR,4
RL,B4,63,3,22.0,EW-LU,4
RL,B4,64,0,24.0,NS-SR,4
RL,B4,64,1,22.0,NS-LU,4
RL,B4,64,2,22.0,EW-SR,4
RL,B4,64,3,22.0,EW-LU,4
RL,B4,65,0,24.0,NS-SR,4
RL,B4,65,1,22.0,NS-LU,4
RL,B4,65,2,22.0,EW-SR,4
RL,B4,65,3,22.0,EW-LU,4
RL,B4,66,0,24.0,NS-SR,4
RL,B4,66,1,22.0,NS-LU,4
RL,B4,66,2,22.0,EW-SR,4
RL,B4,66,3,22.0,EW-LU,4
RL,B4,67,0,24.0,NS-SR,4
RL,B4,67,1,22.0,NS-LU,4
RL,B4,67,2,22.0,EW-SR,4
RL,B4,67,3,22.0,EW-LU,4
RL,B4,68,0,24.0,NS-SR,4
RL,B4,68,1,22.0,NS-LU,4
RL,B4,68,2,22.0,EW-SR,4
RL,B4,68,3,22.0,EW-LU,4
RL,B4,69,0,24.0,NS-SR,4
RL,B4,69,1,22.0,NS-LU,4
RL,B4,69,2,22.0,EW-SR,4
RL,B4,69,3,22.0,EW-LU,4
RL,B4,70,0,24.0,NS-SR,4
RL,B4,70,1,22.0,NS-LU,4
RL,B4,70,2,22.0,EW-SR,4
RL,B4,70,3,22.0,EW-LU,4
RL,B4,71,0,24.0,NS-SR,4
RL,B4,71,1,22.0,NS-LU,4
RL,B4,71,2,22.0,EW-SR,4
RL,B4,71,3,22.0,EW-LU,4
RL,B4,72,0,24.0,NS-SR,4
RL,B4,72,1,22.0,NS-LU,4
RL,B4,72,2,22.0,EW-SR,4
RL,B4,72,3,22.0,EW-LU,4
RL,B4,73,0,24.0,NS-SR,4
RL,B4,73,1,22.0,NS-LU,4
RL,B4,73,2,22.0,EW-SR,4
RL,B4,73,3,22.0,EW-LU,4
RL,B4,74,0,24.0,NS-SR,4
RL,B4,74,1,22.0,NS-LU,4
RL,B4,74,2,22.0,EW-SR,4
RL,B4,74,3,22.0,EW-LU,4
RL,B4,75,0,24.0,NS-SR,4
RL,B4,75,1,22.0,NS-LU,4
RL,B4,75,2,22.0,EW-SR,4
RL,B4,75,3,22.0,EW-LU,4
RL,B4,76,0,24.0,NS-SR,4
RL,B4,76,1,22.0,NS-LU,4
RL,B4,76,2,22.0,EW-SR,4
RL,B4,76,3,22.0,EW-LU,4
RL,B4,77,0,24.0,NS-SR,4
RL,B4,77,1,22.0,NS-LU,4
RL,B4,77,2,22.0,EW-SR,4
RL,B4,77,3,22.0,EW-LU,4
RL,B4,78,0,24.0,NS-SR,4
RL,B4,78,1,22.0,NS-LU,4
RL,B4,78,2,22.0,EW-SR,4
RL,B4,78,3,22.0,EW-LU,4
RL,B4,79,0,24.0,NS-SR,4
RL,B4,79,1,22.0,NS-LU,4
RL,B4,79,2,22.0,EW-SR,4
RL,B4,79,3,22.0,EW-LU,4
RL,B4,80,0,24.0,NS-SR,4
RL,B4,80,1,22.0,NS-LU,4
RL,B4,80,2,22.0,EW-SR,4
RL,B4,80,3,22.0,EW-LU,4
RL,D2,0,0,57.0,NS-SR,4
RL,D2,0,1,11.0,NS-LU,4
RL,D2,0,2,11.0,EW-SR,4
RL,D2,0,3,11.0,EW-LU,4
RL,D2,1,0,57.0,NS-SR,4
RL,D2,1,1,11.0,NS-LU,4
RL,D2,1,2,11.0,EW-SR,4
RL,D2,1,3,11.0,EW-LU,4
RL,D2,2,0,51.0,NS-SR,4
RL,D2,2,1,13.0,NS-LU,4
RL,D2,2,2,13.0,EW-SR,4
RL,D2,2,3,13.0,EW-LU,4
RL,D2,3,0,48.0,NS-SR,4
RL,D2,3,1,14.0,NS-LU,4
RL,D2,3,2,14.0,EW-SR,4
RL,D2,3,3,14.0,EW-LU,4
RL,D2,4,0,45.0,NS-SR,4
RL,D2,4,1,15.0,NS-LU,4
RL,D2,4,2,15.0,EW-SR,4
RL,D2,4,3,15.0,EW-LU,4
RL,D2,5,0,45.0,NS-SR,4
RL,D2,5,1,15.0,NS-LU,4
RL,D2,5,2,15.0,EW-SR,4
RL,D2,5,3,15.0,EW-LU,4
RL,D2,6,0,45.0,NS-SR,4
RL,D2,6,1,15.0,NS-LU,4
RL,D2,6,2,15.0,EW-SR,4
RL,D2,6,3,15.0,EW-LU,4
RL,D2,7,0,45.0,NS-SR,4
RL,D2,7,1,15.0,NS-LU,4
RL,D2,7,2,15.0,EW-SR,4
RL,D2,7,3,15.0,EW-LU,4
RL,D2,8,0,45.0,NS-SR,4
RL,D2,8,1,15.0,NS-LU,4
RL,D2,8,2,15.0,EW-SR,4
RL,D2,8,3,15.0,EW-LU,4
RL,D2,9,0,48.0,NS-SR,4
RL,D2,9,1,14.0,NS-LU,4
RL,D2,9,2,14.0,EW-SR,4
RL,D2,9,3,14.0,EW-LU,4
RL,D2,10,0,45.0,NS-SR,4
RL,D2,10,1,15.0,NS-LU,4
RL,D2,10,2,15.0,EW-SR,4
RL,D2,10,3,15.0,EW-LU,4
RL,D2,11,0,45.0,NS-SR,4
RL,D2,11,1,15.0,NS-LU,4
RL,D2,11,2,15.0,EW-SR,4
RL,D2,11,3,15.0,EW-LU,4
RL,D2,12,0,48.0,NS-SR,4
RL,D2,12,1,14.0,NS-LU,4
RL,D2,12,2,14.0,EW-SR,4
RL,D2,12,3,14.0,EW-LU,4
RL,D2,13,0,48.0,NS-SR,4
RL,D2,13,1,14.0,NS-LU,4
RL,D2,13,2,14.0,EW-SR,4
RL,D2,13,3,14.0,EW-LU,4
RL,D2,14,0,48.0,NS-SR,4
RL,D2,14,1,14.0,NS-LU,4
RL,D2,14,2,14.0,EW-SR,4
RL,D2,14,3,14.0,EW-LU,4
RL,D2,15,0,51.0,NS-SR,4
RL,D2,15,1,13.0,NS-LU,4
RL,D2,15,2,13.0,EW-SR,4
RL,D2,15,3,13.0,EW-LU,4
RL,D2,16,0,45.0,NS-SR,4
RL,D2,16,1,15.0,NS-LU,4
RL,D2,16,2,15.0,EW-SR,4
RL,D2,16,3,15.0,EW-LU,4
RL,D2,17,0,48.0,NS-SR,4
RL,D2,17,1,14.0,NS-LU,4
RL,D2,17,2,14.0,EW-SR,4
RL,D2,17,3,14.0,EW-LU,4
RL,D2,18,0,45.0,NS-SR,4
RL,D2,18,1,15.0,NS-LU,4
RL,D2,18,2,15.0,EW-SR,4
RL,D2,18,3,15.0,EW-LU,4
RL,D2,19,0,45.0,NS-SR,4
RL,D2,19,1,15.0,NS-LU,4
RL,D2,19,2,15.0,EW-SR,4
RL,D2,19,3,15.0,EW-LU,4
RL,D2,20,0,48.0,NS-SR,4
RL,D2,20,1,14.0,NS-LU,4
RL,D2,20,2,14.0,EW-SR,4
RL,D2,20,3,14.0,EW-LU,4
RL,D2,21,0,48.0,NS-SR,4
RL,D2,21,1,14.0,NS-LU,4
RL,D2,21,2,14.0,EW-SR,4
RL,D2,21,3,14.0,EW-LU,4
RL,D2,22,0,45.0,NS-SR,4
RL,D2,22,1,15.0,NS-LU,4
RL,D2,22,2,15.0,EW-SR,4
RL,D2,22,3,15.0,EW-LU,4
RL,D2,23,0,48.0,NS-SR,4
RL,D2,23,1,14.0,NS-LU,4
RL,D2,23,2,14.0,EW-SR,4
RL,D2,23,3,14.0,EW-LU,4
RL,D2,24,0,45.0,NS-SR,4
RL,D2,24,1,15.0,NS-LU,4
RL,D2,24,2,15.0,EW-SR,4
RL,D2,24,3,15.0,EW-LU,4
RL,D2,25,0,48.0,NS-SR,4
RL,D2,25,1,14.0,NS-LU,4
RL,D2,25,2,14.0,EW-SR,4
RL,D2,25,3,14.0,EW-LU,4
RL,D2,26,0,45.0,NS-SR,4
RL,D2,26,1,15.0,NS-LU,4
RL,D2,26,2,15.0,EW-SR,4
RL,D2,26,3,15.0,EW-LU,4
RL,D2,27,0,45.0,NS-SR,4
RL,D2,27,1,15.0,NS-LU,4
RL,D2,27,2,15.0,EW-SR,4
RL,D2,27,3,15.0,EW-LU,4
RL,D2,28,0,48.0,NS-SR,4
RL,D2,28,1,14.0,NS-LU,4
RL,D2,28,2,14.0,EW-SR,4
RL,D2,28,3,14.0,EW-LU,4
RL,D2,29,0,48.0,NS-SR,4
RL,D2,29,1,14.0,NS-LU,4
RL,D2,29,2,14.0,EW-SR,4
RL,D2,29,3,14.0,EW-LU,4
RL,D2,30,0,48.0,NS-SR,4
RL,D2,30,1,14.0,NS-LU,4
RL,D2,30,2,14.0,EW-SR,4
RL,D2,30,3,14.0,EW-LU,4
RL,D2,31,0,48.0,NS-SR,4
RL,D2,31,1,14.0,NS-LU,4
RL,D2,31,2,14.0,EW-SR,4
RL,D2,31,3,14.0,EW-LU,4
RL,D2,32,0,45.0,NS-SR,4
RL,D2,32,1,15.0,NS-LU,4
RL,D2,32,2,15.0,EW-SR,4
RL,D2,32,3,15.0,EW-LU,4
RL,D2,33,0,51.0,NS-SR,4
RL,D2,33,1,13.0,NS-LU,4
RL,D2,33,2,13.0,EW-SR,4
RL,D2,33,3,13.0,EW-LU,4
RL,D2,34,0,45.0,NS-SR,4
RL,D2,34,1,15.0,NS-LU,4
RL,D2,34,2,15.0,EW-SR,4
RL,D2,34,3,15.0,EW-LU,4
RL,D2,35,0,45.0,NS-SR,4
RL,D2,35,1,15.0,NS-LU,4
RL,D2,35,2,15.0,EW-SR,4
RL,D2,35,3,15.0,EW-LU,4
RL,D2,36,0,45.0,NS-SR,4
RL,D2,36,1,15.0,NS-LU,4
RL,D2,36,2,15.0,EW-SR,4
RL,D2,36,3,15.0,EW-LU,4
RL,D2,37,0,48.0,NS-SR,4
RL,D2,37,1,14.0,NS-LU,4
RL,D2,37,2,14.0,EW-SR,4
RL,D2,37,3,14.0,EW-LU,4
RL,D2,38,0,42.0,NS-SR,4
RL,D2,38,1,16.0,NS-LU,4
RL,D2,38,2,16.0,EW-SR,4
RL,D2,38,3,16.0,EW-LU,4
RL,D2,39,0,48.0,NS-SR,4
RL,D2,39,1,14.0,NS-LU,4
RL,D2,39,2,14.0,EW-SR,4
RL,D2,39,3,14.0,EW-LU,4
RL,D2,40,0,48.0,NS-SR,4
RL,D2,40,1,14.0,NS-LU,4
RL,D2,40,2,14.0,EW-SR,4
RL,D2,40,3,14.0,EW-LU,4
RL,D2,41,0,48.0,NS-SR,4
RL,D2,41,1,14.0,NS-LU,4
RL,D2,41,2,14.0,EW-SR,4
RL,D2,41,3,14.0,EW-LU,4
RL,D2,42,0,45.0,NS-SR,4
RL,D2,42,1,15.0,NS-LU,4
RL,D2,42,2,15.0,EW-SR,4
RL,D2,42,3,15.0,EW-LU,4
RL,D2,43,0,42.0,NS-SR,4
RL,D2,43,1,16.0,NS-LU,4
RL,D2,43,2,16.0,EW-SR,4
RL,D2,43,3,16.0,EW-LU,4
RL,D2,44,0,45.0,NS-SR,4
RL,D2,44,1,15.0,NS-LU,4
RL,D2,44,2,15.0,EW-SR,4
RL,D2,44,3,15.0,EW-LU,4
RL,D2,45,0,45.0,NS-SR,4
RL,D2,45,1,15.0,NS-LU,4
RL,D2,45,2,15.0,EW-SR,4
RL,D2,45,3,15.0,EW-LU,4
RL,D2,46,0,42.0,NS-SR,4
RL,D2,46,1,16.0,NS-LU,4
RL,D2,46,2,16.0,EW-SR,4
RL,D2,46,3,16.0,EW-LU,4
RL,D2,47,0,48.0,NS-SR,4
RL,D2,47,1,14.0,NS-LU,4
RL,D2,47,2,14.0,EW-SR,4
RL,D2,47,3,14.0,EW-LU,4
RL,D2,48,0,48.0,NS-SR,4
RL,D2,48,1,14.0,NS-LU,4
RL,D2,48,2,14.0,EW-SR,4
RL,D2,48,3,14.0,EW-LU,4
RL,D2,49,0,45.0,NS-SR,4
RL,D2,49,1,15.0,NS-LU,4
RL,D2,49,2,15.0,EW-SR,4
RL,D2,49,3,15.0,EW-LU,4
RL,D2,50,0,45.0,NS-SR,4
RL,D2,50,1,15.0,NS-LU,4
RL,D2,50,2,15.0,EW-SR,4
RL,D2,50,3,15.0,EW-LU,4
RL,D2,51,0,42.0,NS-SR,4
RL,D2,51,1,16.0,NS-LU,4
RL,D2,51,2,16.0,EW-SR,4
RL,D2,51,3,16.0,EW-LU,4
RL,D2,52,0,42.0,NS-SR,4
RL,D2,52,1,16.0,NS-LU,4
RL,D2,52,2,16.0,EW-SR,4
RL,D2,52,3,16.0,EW-LU,4
RL,D2,53,0,48.0,NS-SR,4
RL,D2,53,1,14.0,NS-LU,4
RL,D2,53,2,14.0,EW-SR,4
RL,D2,53,3,14.0,EW-LU,4
RL,D2,54,0,45.0,NS-SR,4
RL,D2,54,1,15.0,NS-LU,4
RL,D2,54,2,15.0,EW-SR,4
RL,D2,54,3,15.0,EW-LU,4
RL,D2,55,0,45.0,NS-SR,4
RL,D2,55,1,15.0,NS-LU,4
RL,D2,55,2,15.0,EW-SR,4
RL,D2,55,3,15.0,EW-LU,4
RL,D2,56,0,48.0,NS-SR,4
RL,D2,56,1,14.0,NS-LU,4
RL,D2,56,2,14.0,EW-SR,4
RL,D2,56,3,14.0,EW-LU,4
RL,D2,57,0,48.0,NS-SR,4
RL,D2,57,1,14.0,NS-LU,4
RL,D2,57,2,14.0,EW-SR,4
RL,D2,57,3,14.0,EW-LU,4
RL,D2,58,0,48.0,NS-SR,4
RL,D2,58,1,14.0,NS-LU,4
RL,D2,58,2,14.0,EW-SR,4
RL,D2,58,3,14.0,EW-LU,4
RL,D2,59,0,51.0,NS-SR,4
RL,D2,59,1,13.0,NS-LU,4
RL,D2,59,2,13.0,EW-SR,4
RL,D2,59,3,13.0,EW-LU,4
RL,D2,60,0,48.0,NS-SR,4
RL,D2,60,1,14.0,NS-LU,4
RL,D2,60,2,14.0,EW-SR,4
RL,D2,60,3,14.0,EW-LU,4
RL,D2,61,0,45.0,NS-SR,4
RL,D2,61,1,15.0,NS-LU,4
RL,D2,61,2,15.0,EW-SR,4
RL,D2,61,3,15.0,EW-LU,4
RL,D2,62,0,51.0,NS-SR,4
RL,D2,62,1,13.0,NS-LU,4
RL,D2,62,2,13.0,EW-SR,4
RL,D2,62,3,13.0,EW-LU,4
RL,D2,63,0,51.0,NS-SR,4
RL,D2,63,1,13.0,NS-LU,4
RL,D2,63,2,13.0,EW-SR,4
RL,D2,63,3,13.0,EW-LU,4
RL,D2,64,0,45.0,NS-SR,4
RL,D2,64,1,15.0,NS-LU,4
RL,D2,64,2,15.0,EW-SR,4
RL,D2,64,3,15.0,EW-LU,4
RL,D2,65,0,48.0,NS-SR,4
RL,D2,65,1,14.0,NS-LU,4
RL,D2,65,2,14.0,EW-SR,4
RL,D2,65,3,14.0,EW-LU,4
RL,D2,66,0,48.0,NS-SR,4
RL,D2,66,1,14.0,NS-LU,4
RL,D2,66,2,14.0,EW-SR,4
RL,D2,66,3,14.0,EW-LU,4
RL,D2,67,0,42.0,NS-SR,4
RL,D2,67,1,16.0,NS-LU,4
RL,D2,67,2,16.0,EW-SR,4
RL,D2,67,3,16.0,EW-LU,4
RL,D2,68,0,45.0,NS-SR,4
RL,D2,68,1,15.0,NS-LU,4
RL,D2,68,2,15.0,EW-SR,4
RL,D2,68,3,15.0,EW-LU,4
RL,D2,69,0,51.0,NS-SR,4
RL,D2,69,1,13.0,NS-LU,4
RL,D2,69,2,13.0,EW-SR,4
RL,D2,69,3,13.0,EW-LU,4
RL,D2,70,0,45.0,NS-SR,4
RL,D2,70,1,15.0,NS-LU,4
RL,D2,70,2,15.0,EW-SR,4
RL,D2,70,3,15.0,EW-LU,4
RL,D2,71,0,45.0,NS-SR,4
RL,D2,71,1,15.0,NS-LU,4
RL,D2,71,2,15.0,EW-SR,4
RL,D2,71,3,15.0,EW-LU,4
RL,D2,72,0,48.0,NS-SR,4
RL,D2,72,1,14.0,NS-LU,4
RL,D2,72,2,14.0,EW-SR,4
RL,D2,72,3,14.0,EW-LU,4
RL,D2,73,0,45.0,NS-SR,4
RL,D2,73,1,15.0,NS-LU,4
RL,D2,73,2,15.0,EW-SR,4
RL,D2,73,3,15.0,EW-LU,4
RL,D2,74,0,45.0,NS-SR,4
RL,D2,74,1,15.0,NS-LU,4
RL,D2,74,2,15.0,EW-SR,4
RL,D2,74,3,15.0,EW-LU,4
RL,D2,75,0,45.0,NS-SR,4
RL,D2,75,1,15.0,NS-LU,4
RL,D2,75,2,15.0,EW-SR,4
RL,D2,75,3,15.0,EW-LU,4
RL,D2,76,0,45.0,NS-SR,4
RL,D2,76,1,15.0,NS-LU,4
RL,D2,76,2,15.0,EW-SR,4
RL,D2,76,3,15.0,EW-LU,4
RL,D2,77,0,45.0,NS-SR,4
RL,D2,77,1,15.0,NS-LU,4
RL,D2,77,2,15.0,EW-SR,4
RL,D2,77,3,15.0,EW-LU,4
RL,D2,78,0,45.0,NS-SR,4
RL,D2,78,1,15.0,NS-LU,4
RL,D2,78,2,15.0,EW-SR,4
RL,D2,78,3,15.0,EW-LU,4
RL,D2,79,0,48.0,NS-SR,4
RL,D2,79,1,14.0,NS-LU,4
RL,D2,79,2,14.0,EW-SR,4
RL,D2,79,3,14.0,EW-LU,4
RL,D2,80,0,48.0,NS-SR,4
RL,D2,80,1,14.0,NS-LU,4
RL,D2,80,2,14.0,EW-SR,4
RL,D2,80,3,14.0,EW-LU,4
RL,D1,0,0,11.0,NS-SR,4
RL,D1,0,1,13.0,NS-LU,4
RL,D1,0,2,47.0,EW-SR,4
RL,D1,0,3,19.0,EW-LU,4
RL,D1,1,0,12.0,NS-SR,4
RL,D1,1,1,12.0,NS-LU,4
RL,D1,1,2,51.0,EW-SR,4
RL,D1,1,3,15.0,EW-LU,4
RL,D1,2,0,14.0,NS-SR,4
RL,D1,2,1,14.0,NS-LU,4
RL,D1,2,2,48.0,EW-SR,4
RL,D1,2,3,14.0,EW-LU,4
RL,D1,3,0,16.0,NS-SR,4
RL,D1,3,1,16.0,NS-LU,4
RL,D1,3,2,42.0,EW-SR,4
RL,D1,3,3,16.0,EW-LU,4
RL,D1,4,0,18.0,NS-SR,4
RL,D1,4,1,18.0,NS-LU,4
RL,D1,4,2,36.0,EW-SR,4
RL,D1,4,3,18.0,EW-LU,4
RL,D1,5,0,19.0,NS-SR,4
RL,D1,5,1,19.0,NS-LU,4
RL,D1,5,2,33.0,EW-SR,4
RL,D1,5,3,19.0,EW-LU,4
RL,D1,6,0,18.0,NS-SR,4
RL,D1,6,1,18.0,NS-LU,4
RL,D1,6,2,36.0,EW-SR,4
RL,D1,6,3,18.0,EW-LU,4
RL,D1,7,0,19.0,NS-SR,4
RL,D1,7,1,19.0,NS-LU,4
RL,D1,7,2,33.0,EW-SR,4
RL,D1,7,3,19.0,EW-LU,4
RL,D1,8,0,18.0,NS-SR,4
RL,D1,8,1,18.0,NS-LU,4
RL,D1,8,2,36.0,EW-SR,4
RL,D1,8,3,18.0,EW-LU,4
RL,D1,9,0,19.0,NS-SR,4
RL,D1,9,1,19.0,NS-LU,4
RL,D1,9,2,33.0,EW-SR,4
RL,D1,9,3,19.0,EW-LU,4
RL,D1,10,0,19.0,NS-SR,4
RL,D1,10,1,19.0,NS-LU,4
RL,D1,10,2,33.0,EW-SR,4
RL,D1,10,3,19.0,EW-LU,4
RL,D1,11,0,19.0,NS-SR,4
RL,D1,11,1,19.0,NS-LU,4
RL,D1,11,2,33.0,EW-SR,4
RL,D1,11,3,19.0,EW-LU,4
RL,D1,12,0,19.0,NS-SR,4
RL,D1,12,1,19.0,NS-LU,4
RL,D1,12,2,33.0,EW-SR,4
RL,D1,12,3,19.0,EW-LU,4
RL,D1,13,0,20.0,NS-SR,4
RL,D1,13,1,20.0,NS-LU,4
RL,D1,13,2,30.0,EW-SR,4
RL,D1,13,3,20.0,EW-LU,4
RL,D1,14,0,19.0,NS-SR,4
RL,D1,14,1,19.0,NS-LU,4
RL,D1,14,2,33.0,EW-SR,4
RL,D1,14,3,19.0,EW-LU,4
RL,D1,15,0,18.0,NS-SR,4
RL,D1,15,1,18.0,NS-LU,4
RL,D1,15,2,36.0,EW-SR,4
RL,D1,15,3,18.0,EW-LU,4
RL,D1,16,0,19.0,NS-SR,4
RL,D1,16,1,19.0,NS-LU,4
RL,D1,16,2,33.0,EW-SR,4
RL,D1,16,3,19.0,EW-LU,4
RL,D1,17,0,20.0,NS-SR,4
RL,D1,17,1,20.0,NS-LU,4
RL,D1,17,2,30.0,EW-SR,4
RL,D1,17,3,20.0,EW-LU,4
RL,D1,18,0,21.0,NS-SR,4
RL,D1,18,1,21.0,NS-LU,4
RL,D1,18,2,27.0,EW-SR,4
RL,D1,18,3,21.0,EW-LU,4
RL,D1,19,0,21.0,NS-SR,4
RL,D1,19,1,21.0,NS-LU,4
RL,D1,19,2,27.0,EW-SR,4
RL,D1,19,3,21.0,EW-LU,4
RL,D1,20,0,20.0,NS-SR,4
RL,D1,20,1,20.0,NS-LU,4
RL,D1,20,2,30.0,EW-SR,4
RL,D1,20,3,20.0,EW-LU,4
RL,D1,21,0,19.0,NS-SR,4
RL,D1,21,1,19.0,NS-LU,4
RL,D1,21,2,33.0,EW-SR,4
RL,D1,21,3,19.0,EW-LU,4
RL,D1,22,0,20.0,NS-SR,4
RL,D1,22,1,20.0,NS-LU,4
RL,D1,22,2,30.0,EW-SR,4
RL,D1,22,3,20.0,EW-LU,4
RL,D1,23,0,21.0,NS-SR,4
RL,D1,23,1,21.0,NS-LU,4
RL,D1,23,2,27.0,EW-SR,4
RL,D1,23,3,21.0,EW-LU,4
RL,D1,24,0,20.0,NS-SR,4
RL,D1,24,1,20.0,NS-LU,4
RL,D1,24,2,30.0,EW-SR,4
RL,D1,24,3,20.0,EW-LU,4
RL,D1,25,0,20.0,NS-SR,4
RL,D1,25,1,20.0,NS-LU,4
RL,D1,25,2,30.0,EW-SR,4
RL,D1,25,3,20.0,EW-LU,4
RL,D1,26,0,19.0,NS-SR,4
RL,D1,26,1,19.0,NS-LU,4
RL,D1,26,2,33.0,EW-SR,4
RL,D1,26,3,19.0,EW-LU,4
RL,D1,27,0,20.0,NS-SR,4
RL,D1,27,1,20.0,NS-LU,4
RL,D1,27,2,30.0,EW-SR,4
RL,D1,27,3,20.0,EW-LU,4
RL,D1,28,0,20.0,NS-SR,4
RL,D1,28,1,20.0,NS-LU,4
RL,D1,28,2,30.0,EW-SR,4
RL,D1,28,3,20.0,EW-LU,4
RL,D1,29,0,21.0,NS-SR,4
RL,D1,29,1,21.0,NS-LU,4
RL,D1,29,2,27.0,EW-SR,4
RL,D1,29,3,21.0,EW-LU,4
RL,D1,30,0,20.0,NS-SR,4
RL,D1,30,1,20.0,NS-LU,4
RL,D1,30,2,30.0,EW-SR,4
RL,D1,30,3,20.0,EW-LU,4
RL,D1,31,0,20.0,NS-SR,4
RL,D1,31,1,20.0,NS-LU,4
RL,D1,31,2,30.0,EW-SR,4
RL,D1,31,3,20.0,EW-LU,4
RL,D1,32,0,21.0,NS-SR,4
RL,D1,32,1,21.0,NS-LU,4
RL,D1,32,2,27.0,EW-SR,4
RL,D1,32,3,21.0,EW-LU,4
RL,D1,33,0,19.0,NS-SR,4
RL,D1,33,1,19.0,NS-LU,4
RL,D1,33,2,33.0,EW-SR,4
RL,D1,33,3,19.0,EW-LU,4
RL,D1,34,0,21.0,NS-SR,4
RL,D1,34,1,21.0,NS-LU,4
RL,D1,34,2,27.0,EW-SR,4
RL,D1,34,3,21.0,EW-LU,4
RL,D1,35,0,20.0,NS-SR,4
RL,D1,35,1,20.0,NS-LU,4
RL,D1,35,2,30.0,EW-SR,4
RL,D1,35,3,20.0,EW-LU,4
RL,D1,36,0,20.0,NS-SR,4
RL,D1,36,1,20.0,NS-LU,4
RL,D1,36,2,30.0,EW-SR,4
RL,D1,36,3,20.0,EW-LU,4
RL,D1,37,0,20.0,NS-SR,4
RL,D1,37,1,20.0,NS-LU,4
RL,D1,37,2,30.0,EW-SR,4
RL,D1,37,3,20.0,EW-LU,4
RL,D1,38,0,21.0,NS-SR,4
RL,D1,38,1,21.0,NS-LU,4
RL,D1,38,2,27.0,EW-SR,4
RL,D1,38,3,21.0,EW-LU,4
RL,D1,39,0,20.0,NS-SR,4
RL,D1,39,1,20.0,NS-LU,4
RL,D1,39,2,30.0,EW-SR,4
RL,D1,39,3,20.0,EW-LU,4
RL,D1,40,0,21.0,NS-SR,4
RL,D1,40,1,21.0,NS-LU,4
RL,D1,40,2,27.0,EW-SR,4
RL,D1,40,3,21.0,EW-LU,4
RL,D1,41,0,21.0,NS-SR,4
RL,D1,41,1,21.0,NS-LU,4
RL,D1,41,2,27.0,EW-SR,4
RL,D1,41,3,21.0,EW-LU,4
RL,D1,42,0,21.0,NS-SR,4
RL,D1,42,1,21.0,NS-LU,4
RL,D1,42,2,27.0,EW-SR,4
RL,D1,42,3,21.0,EW-LU,4
RL,D1,43,0,21.0,NS-SR,4
RL,D1,43,1,21.0,NS-LU,4
RL,D1,43,2,27.0,EW-SR,4
RL,D1,43,3,21.0,EW-LU,4
RL,D1,44,0,20.0,NS-SR,4
RL,D1,44,1,20.0,NS-LU,4
RL,D1,44,2,30.0,EW-SR,4
RL,D1,44,3,20.0,EW-LU,4
RL,D1,45,0,21.0,NS-SR,4
RL,D1,45,1,21.0,NS-LU,4
RL,D1,45,2,27.0,EW-SR,4
RL,D1,45,3,21.0,EW-LU,4
RL,D1,46,0,21.0,NS-SR,4
RL,D1,46,1,21.0,NS-LU,4
RL,D1,46,2,27.0,EW-SR,4
RL,D1,46,3,21.0,EW-LU,4
RL,D1,47,0,20.0,NS-SR,4
RL,D1,47,1,20.0,NS-LU,4
RL,D1,47,2,30.0,EW-SR,4
RL,D1,47,3,20.0,EW-LU,4
RL,D1,48,0,20.0,NS-SR,4
RL,D1,48,1,20.0,NS-LU,4
RL,D1,48,2,30.0,EW-SR,4
RL,D1,48,3,20.0,EW-LU,4
RL,D1,49,0,21.0,NS-SR,4
RL,D1,49,1,21.0,NS-LU,4
RL,D1,49,2,27.0,EW-SR,4
RL,D1,49,3,21.0,EW-LU,4
RL,D1,50,0,22.0,NS-SR,4
RL,D1,50,1,22.0,NS-LU,4
RL,D1,50,2,24.0,EW-SR,4
RL,D1,50,3,22.0,EW-LU,4
RL,D1,51,0,21.0,NS-SR,4
RL,D1,51,1,21.0,NS-LU,4
RL,D1,51,2,27.0,EW-SR,4
RL,D1,51,3,21.0,EW-LU,4
RL,D1,52,0,21.0,NS-SR,4
RL,D1,52,1,21.0,NS-LU,4
RL,D1,52,2,27.0,EW-SR,4
RL,D1,52,3,21.0,EW-LU,4
RL,D1,53,0,21.0,NS-SR,4
RL,D1,53,1,21.0,NS-LU,4
RL,D1,53,2,27.0,EW-SR,4
RL,D1,53,3,21.0,EW-LU,4
RL,D1,54,0,21.0,NS-SR,4
RL,D1,54,1,21.0,NS-LU,4
RL,D1,54,2,27.0,EW-SR,4
RL,D1,54,3,21.0,EW-LU,4
RL,D1,55,0,21.0,NS-SR,4
RL,D1,55,1,21.0,NS-LU,4
RL,D1,55,2,27.0,EW-SR,4
RL,D1,55,3,21.0,EW-LU,4
RL,D1,56,0,21.0,NS-SR,4
RL,D1,56,1,21.0,NS-LU,4
RL,D1,56,2,27.0,EW-SR,4
RL,D1,56,3,21.0,EW-LU,4
RL,D1,57,0,21.0,NS-SR,4
RL,D1,57,1,21.0,NS-LU,4
RL,D1,57,2,27.0,EW-SR,4
RL,D1,57,3,21.0,EW-LU,4
RL,D1,58,0,21.0,NS-SR,4
RL,D1,58,1,21.0,NS-LU,4
RL,D1,58,2,27.0,EW-SR,4
RL,D1,58,3,21.0,EW-LU,4
RL,D1,59,0,21.0,NS-SR,4
RL,D1,59,1,21.0,NS-LU,4
RL,D1,59,2,27.0,EW-SR,4
RL,D1,59,3,21.0,EW-LU,4
RL,D1,60,0,22.0,NS-SR,4
RL,D1,60,1,22.0,NS-LU,4
RL,D1,60,2,24.0,EW-SR,4
RL,D1,60,3,22.0,EW-LU,4
RL,D1,61,0,22.0,NS-SR,4
RL,D1,61,1,22.0,NS-LU,4
RL,D1,61,2,24.0,EW-SR,4
RL,D1,61,3,22.0,EW-LU,4
RL,D1,62,0,20.0,NS-SR,4
RL,D1,62,1,20.0,NS-LU,4
RL,D1,62,2,30.0,EW-SR,4
RL,D1,62,3,20.0,EW-LU,4
RL,D1,63,0,21.0,NS-SR,4
RL,D1,63,1,21.0,NS-LU,4
RL,D1,63,2,27.0,EW-SR,4
RL,D1,63,3,21.0,EW-LU,4
RL,D1,64,0,21.0,NS-SR,4
RL,D1,64,1,21.0,NS-LU,4
RL,D1,64,2,27.0,EW-SR,4
RL,D1,64,3,21.0,EW-LU,4
RL,D1,65,0,21.0,NS-SR,4
RL,D1,65,1,21.0,NS-LU,4
RL,D1,65,2,27.0,EW-SR,4
RL,D1,65,3,21.0,EW-LU,4
RL,D1,66,0,21.0,NS-SR,4
RL,D1,66,1,21.0,NS-LU,4
RL,D1,66,2,27.0,EW-SR,4
RL,D1,66,3,21.0,EW-LU,4
RL,D1,67,0,21.0,NS-SR,4
RL,D1,67,1,21.0,NS-LU,4
RL,D1,67,2,27.0,EW-SR,4
RL,D1,67,3,21.0,EW-LU,4
RL,D1,68,0,21.0,NS-SR,4
RL,D1,68,1,21.0,NS-LU,4
RL,D1,68,2,27.0,EW-SR,4
RL,D1,68,3,21.0,EW-LU,4
RL,D1,69,0,20.0,NS-SR,4
RL,D1,69,1,20.0,NS-LU,4
RL,D1,69,2,30.0,EW-SR,4
RL,D1,69,3,20.0,EW-LU,4
RL,D1,70,0,21.0,NS-SR,4
RL,D1,70,1,21.0,NS-LU,4
RL,D1,70,2,27.0,EW-SR,4
RL,D1,70,3,21.0,EW-LU,4
RL,D1,71,0,22.0,NS-SR,4
RL,D1,71,1,22.0,NS-LU,4
RL,D1,71,2,24.0,EW-SR,4
RL,D1,71,3,22.0,EW-LU,4
RL,D1,72,0,21.0,NS-SR,4
RL,D1,72,1,21.0,NS-LU,4
RL,D1,72,2,27.0,EW-SR,4
RL,D1,72,3,21.0,EW-LU,4
RL,D1,73,0,20.0,NS-SR,4
RL,D1,73,1,20.0,NS-LU,4
RL,D1,73,2,30.0,EW-SR,4
RL,D1,73,3,20.0,EW-LU,4
RL,D1,74,0,22.0,NS-SR,4
RL,D1,74,1,22.0,NS-LU,4
RL,D1,74,2,24.0,EW-SR,4
RL,D1,74,3,22.0,EW-LU,4
RL,D1,75,0,21.0,NS-SR,4
RL,D1,75,1,21.0,NS-LU,4
RL,D1,75,2,27.0,EW-SR,4
RL,D1,75,3,21.0,EW-LU,4
RL,D1,76,0,21.0,NS-SR,4
RL,D1,76,1,21.0,NS-LU,4
RL,D1,76,2,27.0,EW-SR,4
RL,D1,76,3,21.0,EW-LU,4
RL,D1,77,0,20.0,NS-SR,4
RL,D1,77,1,20.0,NS-LU,4
RL,D1,77,2,30.0,EW-SR,4
RL,D1,77,3,20.0,EW-LU,4
RL,D1,78,0,22.0,NS-SR,4
RL,D1,78,1,22.0,NS-LU,4
RL,D1,78,2,24.0,EW-SR,4
RL,D1,78,3,22.0,EW-LU,4
RL,D1,79,0,21.0,NS-SR,4
RL,D1,79,1,21.0,NS-LU,4
RL,D1,79,2,27.0,EW-SR,4
RL,D1,79,3,21.0,EW-LU,4
RL,D1,80,0,21.0,NS-SR,4
RL,D1,80,1,21.0,NS-LU,4
RL,D1,80,2,27.0,EW-SR,4
RL,D1,80,3,21.0,EW-LU,4
RL,B2,0,0,12.0,NS-SR,4
RL,B2,0,1,12.0,NS-LU,4
RL,B2,0,2,54.0,EW-SR,4
RL,B2,0,3,12.0,EW-LU,4
RL,B2,1,0,20.0,NS-SR,4
RL,B2,1,1,20.0,NS-LU,4
RL,B2,1,2,30.0,EW-SR,4
RL,B2,1,3,20.0,EW-LU,4
RL,B2,2,0,24.0,NS-SR,4
RL,B2,2,1,22.0,NS-LU,4
RL,B2,2,2,22.0,EW-SR,4
RL,B2,2,3,22.0,EW-LU,4
RL,B2,3,0,24.0,NS-SR,4
RL,B2,3,1,22.0,NS-LU,4
RL,B2,3,2,22.0,EW-SR,4
RL,B2,3,3,22.0,EW-LU,4
RL,B2,4,0,24.0,NS-SR,4
RL,B2,4,1,22.0,NS-LU,4
RL,B2,4,2,22.0,EW-SR,4
RL,B2,4,3,22.0,EW-LU,4
RL,B2,5,0,24.0,NS-SR,4
RL,B2,5,1,22.0,NS-LU,4
RL,B2,5,2,22.0,EW-SR,4
RL,B2,5,3,22.0,EW-LU,4
RL,B2,6,0,24.0,NS-SR,4
RL,B2,6,1,22.0,NS-LU,4
RL,B2,6,2,22.0,EW-SR,4
RL,B2,6,3,22.0,EW-LU,4
RL,B2,7,0,24.0,NS-SR,4
RL,B2,7,1,22.0,NS-LU,4
RL,B2,7,2,22.0,EW-SR,4
RL,B2,7,3,22.0,EW-LU,4
RL,B2,8,0,24.0,NS-SR,4
RL,B2,8,1,22.0,NS-LU,4
RL,B2,8,2,22.0,EW-SR,4
RL,B2,8,3,22.0,EW-LU,4
RL,B2,9,0,24.0,NS-SR,4
RL,B2,9,1,22.0,NS-LU,4
RL,B2,9,2,22.0,EW-SR,4
RL,B2,9,3,22.0,EW-LU,4
RL,B2,10,0,24.0,NS-SR,4
RL,B2,10,1,22.0,NS-LU,4
RL,B2,10,2,22.0,EW-SR,4
RL,B2,10,3,22.0,EW-LU,4
RL,B2,11,0,24.0,NS-SR,4
RL,B2,11,1,22.0,NS-LU,4
RL,B2,11,2,22.0,EW-SR,4
RL,B2,11,3,22.0,EW-LU,4
RL,B2,12,0,24.0,NS-SR,4
RL,B2,12,1,22.0,NS-LU,4
RL,B2,12,2,22.0,EW-SR,4
RL,B2,12,3,22.0,EW-LU,4
RL,B2,13,0,24.0,NS-SR,4
RL,B2,13,1,22.0,NS-LU,4
RL,B2,13,2,22.0,EW-SR,4
RL,B2,13,3,22.0,EW-LU,4
RL,B2,14,0,24.0,NS-SR,4
RL,B2,14,1,22.0,NS-LU,4
RL,B2,14,2,22.0,EW-SR,4
RL,B2,14,3,22.0,EW-LU,4
RL,B2,15,0,24.0,NS-SR,4
RL,B2,15,1,22.0,NS-LU,4
RL,B2,15,2,22.0,EW-SR,4
RL,B2,15,3,22.0,EW-LU,4
RL,B2,16,0,24.0,NS-SR,4
RL,B2,16,1,22.0,NS-LU,4
RL,B2,16,2,22.0,EW-SR,4
RL,B2,16,3,22.0,EW-LU,4
RL,B2,17,0,24.0,NS-SR,4
RL,B2,17,1,22.0,NS-LU,4
RL,B2,17,2,22.0,EW-SR,4
RL,B2,17,3,22.0,EW-LU,4
RL,B2,18,0,24.0,NS-SR,4
RL,B2,18,1,22.0,NS-LU,4
RL,B2,18,2,22.0,EW-SR,4
RL,B2,18,3,22.0,EW-LU,4
RL,B2,19,0,24.0,NS-SR,4
RL,B2,19,1,22.0,NS-LU,4
RL,B2,19,2,22.0,EW-SR,4
RL,B2,19,3,22.0,EW-LU,4
RL,B2,20,0,24.0,NS-SR,4
RL,B2,20,1,22.0,NS-LU,4
RL,B2,20,2,22.0,EW-SR,4
RL,B2,20,3,22.0,EW-LU,4
RL,B2,21,0,24.0,NS-SR,4
RL,B2,21,1,22.0,NS-LU,4
RL,B2,21,2,22.0,EW-SR,4
RL,B2,21,3,22.0,EW-LU,4
RL,B2,22,0,24.0,NS-SR,4
RL,B2,22,1,22.0,NS-LU,4
RL,B2,22,2,22.0,EW-SR,4
RL,B2,22,3,22.0,EW-LU,4
RL,B2,23,0,24.0,NS-SR,4
RL,B2,23,1,22.0,NS-LU,4
RL,B2,23,2,22.0,EW-SR,4
RL,B2,23,3,22.0,EW-LU,4
RL,B2,24,0,24.0,NS-SR,4
RL,B2,24,1,22.0,NS-LU,4
RL,B2,24,2,22.0,EW-SR,4
RL,B2,24,3,22.0,EW-LU,4
RL,B2,25,0,24.0,NS-SR,4
RL,B2,25,1,22.0,NS-LU,4
RL,B2,25,2,22.0,EW-SR,4
RL,B2,25,3,22.0,EW-LU,4
RL,B2,26,0,24.0,NS-SR,4
RL,B2,26,1,22.0,NS-LU,4
RL,B2,26,2,22.0,EW-SR,4
RL,B2,26,3,22.0,EW-LU,4
RL,B2,27,0,24.0,NS-SR,4
RL,B2,27,1,22.0,NS-LU,4
RL,B2,27,2,22.0,EW-SR,4
RL,B2,27,3,22.0,EW-LU,4
RL,B2,28,0,24.0,NS-SR,4
RL,B2,28,1,22.0,NS-LU,4
RL,B2,28,2,22.0,EW-SR,4
RL,B2,28,3,22.0,EW-LU,4
RL,B2,29,0,24.0,NS-SR,4
RL,B2,29,1,22.0,NS-LU,4
RL,B2,29,2,22.0,EW-SR,4
RL,B2,29,3,22.0,EW-LU,4
RL,B2,30,0,24.0,NS-SR,4
RL,B2,30,1,22.0,NS-LU,4
RL,B2,30,2,22.0,EW-SR,4
RL,B2,30,3,22.0,EW-LU,4
RL,B2,31,0,24.0,NS-SR,4
RL,B2,31,1,22.0,NS-LU,4
RL,B2,31,2,22.0,EW-SR,4
RL,B2,31,3,22.0,EW-LU,4
RL,B2,32,0,24.0,NS-SR,4
RL,B2,32,1,22.0,NS-LU,4
RL,B2,32,2,22.0,EW-SR,4
RL,B2,32,3,22.0,EW-LU,4
RL,B2,33,0,24.0,NS-SR,4
RL,B2,33,1,22.0,NS-LU,4
RL,B2,33,2,22.0,EW-SR,4
RL,B2,33,3,22.0,EW-LU,4
RL,B2,34,0,24.0,NS-SR,4
RL,B2,34,1,22.0,NS-LU,4
RL,B2,34,2,22.0,EW-SR,4
RL,B2,34,3,22.0,EW-LU,4
RL,B2,35,0,24.0,NS-SR,4
RL,B2,35,1,22.0,NS-LU,4
RL,B2,35,2,22.0,EW-SR,4
RL,B2,35,3,22.0,EW-LU,4
RL,B2,36,0,24.0,NS-SR,4
RL,B2,36,1,22.0,NS-LU,4
RL,B2,36,2,22.0,EW-SR,4
RL,B2,36,3,22.0,EW-LU,4
RL,B2,37,0,24.0,NS-SR,4
RL,B2,37,1,22.0,NS-LU,4
RL,B2,37,2,22.0,EW-SR,4
RL,B2,37,3,22.0,EW-LU,4
RL,B2,38,0,24.0,NS-SR,4
RL,B2,38,1,22.0,NS-LU,4
RL,B2,38,2,22.0,EW-SR,4
RL,B2,38,3,22.0,EW-LU,4
RL,B2,39,0,24.0,NS-SR,4
RL,B2,39,1,22.0,NS-LU,4
RL,B2,39,2,22.0,EW-SR,4
RL,B2,39,3,22.0,EW-LU,4
RL,B2,40,0,24.0,NS-SR,4
RL,B2,40,1,22.0,NS-LU,4
RL,B2,40,2,22.0,EW-SR,4
RL,B2,40,3,22.0,EW-LU,4
RL,B2,41,0,24.0,NS-SR,4
RL,B2,41,1,22.0,NS-LU,4
RL,B2,41,2,22.0,EW-SR,4
RL,B2,41,3,22.0,EW-LU,4
RL,B2,42,0,24.0,NS-SR,4
RL,B2,42,1,22.0,NS-LU,4
RL,B2,42,2,22.0,EW-SR,4
RL,B2,42,3,22.0,EW-LU,4
RL,B2,43,0,24.0,NS-SR,4
RL,B2,43,1,22.0,NS-LU,4
RL,B2,43,2,22.0,EW-SR,4
RL,B2,43,3,22.0,EW-LU,4
RL,B2,44,0,24.0,NS-SR,4
RL,B2,44,1,22.0,NS-LU,4
RL,B2,44,2,22.0,EW-SR,4
RL,B2,44,3,22.0,EW-LU,4
RL,B2,45,0,24.0,NS-SR,4
RL,B2,45,1,22.0,NS-LU,4
RL,B2,45,2,22.0,EW-SR,4
RL,B2,45,3,22.0,EW-LU,4
RL,B2,46,0,24.0,NS-SR,4
RL,B2,46,1,22.0,NS-LU,4
RL,B2,46,2,22.0,EW-SR,4
RL,B2,46,3,22.0,EW-LU,4
RL,B2,47,0,24.0,NS-SR,4
RL,B2,47,1,22.0,NS-LU,4
RL,B2,47,2,22.0,EW-SR,4
RL,B2,47,3,22.0,EW-LU,4
RL,B2,48,0,24.0,NS-SR,4
RL,B2,48,1,22.0,NS-LU,4
RL,B2,48,2,22.0,EW-SR,4
RL,B2,48,3,22.0,EW-LU,4
RL,B2,49,0,24.0,NS-SR,4
RL,B2,49,1,22.0,NS-LU,4
RL,B2,49,2,22.0,EW-SR,4
RL,B2,49,3,22.0,EW-LU,4
RL,B2,50,0,24.0,NS-SR,4
RL,B2,50,1,22.0,NS-LU,4
RL,B2,50,2,22.0,EW-SR,4
RL,B2,50,3,22.0,EW-LU,4
RL,B2,51,0,24.0,NS-SR,4
RL,B2,51,1,22.0,NS-LU,4
RL,B2,51,2,22.0,EW-SR,4
RL,B2,51,3,22.0,EW-LU,4
RL,B2,52,0,24.0,NS-SR,4
RL,B2,52,1,22.0,NS-LU,4
RL,B2,52,2,22.0,EW-SR,4
RL,B2,52,3,22.0,EW-LU,4
RL,B2,53,0,24.0,NS-SR,4
RL,B2,53,1,22.0,NS-LU,4
RL,B2,53,2,22.0,EW-SR,4
RL,B2,53,3,22.0,EW-LU,4
RL,B2,54,0,24.0,NS-SR,4
RL,B2,54,1,22.0,NS-LU,4
RL,B2,54,2,22.0,EW-SR,4
RL,B2,54,3,22.0,EW-LU,4
RL,B2,55,0,24.0,NS-SR,4
RL,B2,55,1,22.0,NS-LU,4
RL,B2,55,2,22.0,EW-SR,4
RL,B2,55,3,22.0,EW-LU,4
RL,B2,56,0,24.0,NS-SR,4
RL,B2,56,1,22.0,NS-LU,4
RL,B2,56,2,22.0,EW-SR,4
RL,B2,56,3,22.0,EW-LU,4
RL,B2,57,0,24.0,NS-SR,4
RL,B2,57,1,22.0,NS-LU,4
RL,B2,57,2,22.0,EW-SR,4
RL,B2,57,3,22.0,EW-LU,4
RL,B2,58,0,24.0,NS-SR,4
RL,B2,58,1,22.0,NS-LU,4
RL,B2,58,2,22.0,EW-SR,4
RL,B2,58,3,22.0,EW-LU,4
RL,B2,59,0,24.0,NS-SR,4
RL,B2,59,1,22.0,NS-LU,4
RL,B2,59,2,22.0,EW-SR,4
RL,B2,59,3,22.0,EW-LU,4
RL,B2,60,0,24.0,NS-SR,4
RL,B2,60,1,22.0,NS-LU,4
RL,B2,60,2,22.0,EW-SR,4
RL,B2,60,3,22.0,EW-LU,4
RL,B2,61,0,24.0,NS-SR,4
RL,B2,61,1,22.0,NS-LU,4
RL,B2,61,2,22.0,EW-SR,4
RL,B2,61,3,22.0,EW-LU,4
RL,B2,62,0,24.0,NS-SR,4
RL,B2,62,1,22.0,NS-LU,4
RL,B2,62,2,22.0,EW-SR,4
RL,B2,62,3,22.0,EW-LU,4
RL,B2,63,0,24.0,NS-SR,4
RL,B2,63,1,22.0,NS-LU,4
RL,B2,63,2,22.0,EW-SR,4
RL,B2,63,3,22.0,EW-LU,4
RL,B2,64,0,24.0,NS-SR,4
RL,B2,64,1,22.0,NS-LU,4
RL,B2,64,2,22.0,EW-SR,4
RL,B2,64,3,22.0,EW-LU,4
RL,B2,65,0,24.0,NS-SR,4
RL,B2,65,1,22.0,NS-LU,4
RL,B2,65,2,22.0,EW-SR,4
RL,B2,65,3,22.0,EW-LU,4
RL,B2,66,0,24.0,NS-SR,4
RL,B2,66,1,22.0,NS-LU,4
RL,B2,66,2,22.0,EW-SR,4
RL,B2,66,3,22.0,EW-LU,4
RL,B2,67,0,24.0,NS-SR,4
RL,B2,67,1,22.0,NS-LU,4
RL,B2,67,2,22.0,EW-SR,4
RL,B2,67,3,22.0,EW-LU,4
RL,B2,68,0,24.0,NS-SR,4
RL,B2,68,1,22.0,NS-LU,4
RL,B2,68,2,22.0,EW-SR,4
RL,B2,68,3,22.0,EW-LU,4
RL,B2,69,0,24.0,NS-SR,4
RL,B2,69,1,22.0,NS-LU,4
RL,B2,69,2,22.0,EW-SR,4
RL,B2,69,3,22.0,EW-LU,4
RL,B2,70,0,24.0,NS-SR,4
RL,B2,70,1,22.0,NS-LU,4
RL,B2,70,2,22.0,EW-SR,4
RL,B2,70,3,22.0,EW-LU,4
RL,B2,71,0,24.0,NS-SR,4
RL,B2,71,1,22.0,NS-LU,4
RL,B2,71,2,22.0,EW-SR,4
RL,B2,71,3,22.0,EW-LU,4
RL,B2,72,0,24.0,NS-SR,4
RL,B2,72,1,22.0,NS-LU,4
RL,B2,72,2,22.0,EW-SR,4
RL,B2,72,3,22.0,EW-LU,4
RL,B2,73,0,24.0,NS-SR,4
RL,B2,73,1,22.0,NS-LU,4
RL,B2,73,2,22.0,EW-SR,4
RL,B2,73,3,22.0,EW-LU,4
RL,B2,74,0,24.0,NS-SR,4
RL,B2,74,1,22.0,NS-LU,4
RL,B2,74,2,22.0,EW-SR,4
RL,B2,74,3,22.0,EW-LU,4
RL,B2,75,0,24.0,NS-SR,4
RL,B2,75,1,22.0,NS-LU,4
RL,B2,75,2,22.0,EW-SR,4
RL,B2,75,3,22.0,EW-LU,4
RL,B2,76,0,24.0,NS-SR,4
RL,B2,76,1,22.0,NS-LU,4
RL,B2,76,2,22.0,EW-SR,4
RL,B2,76,3,22.0,EW-LU,4
RL,B2,77,0,24.0,NS-SR,4
RL,B2,77,1,22.0,NS-LU,4
RL,B2,77,2,22.0,EW-SR,4
RL,B2,77,3,22.0,EW-LU,4
RL,B2,78,0,24.0,NS-SR,4
RL,B2,78,1,22.0,NS-LU,4
RL,B2,78,2,22.0,EW-SR,4
RL,B2,78,3,22.0,EW-LU,4
RL,B2,79,0,24.0,NS-SR,4
RL,B2,79,1,22.0,NS-LU,4
RL,B2,79,2,22.0,EW-SR,4
RL,B2,79,3,22.0,EW-LU,4
RL,B2,80,0,24.0,NS-SR,4
RL,B2,80,1,22.0,NS-LU,4
RL,B2,80,2,22.0,EW-SR,4
RL,B2,80,3,22.0,EW-LU,4
RL,D0,0,0,19.0,NS-SR,4
RL,D0,0,1,28.0,NS-LU,4
RL,D0,0,2,31.0,EW-SR,4
RL,D0,0,3,12.0,EW-LU,4
RL,D0,1,0,17.0,NS-SR,4
RL,D0,1,1,24.0,NS-LU,4
RL,D0,1,2,32.0,EW-SR,4
RL,D0,1,3,17.0,EW-LU,4
RL,D0,2,0,22.0,NS-SR,4
RL,D0,2,1,22.0,NS-LU,4
RL,D0,2,2,24.0,EW-SR,4
RL,D0,2,3,22.0,EW-LU,4
RL,D0,3,0,22.0,NS-SR,4
RL,D0,3,1,22.0,NS-LU,4
RL,D0,3,2,24.0,EW-SR,4
RL,D0,3,3,22.0,EW-LU,4
RL,D0,4,0,24.0,NS-SR,4
RL,D0,4,1,22.0,NS-LU,4
RL,D0,4,2,22.0,EW-SR,4
RL,D0,4,3,22.0,EW-LU,4
RL,D0,5,0,24.0,NS-SR,4
RL,D0,5,1,22.0,NS-LU,4
RL,D0,5,2,22.0,EW-SR,4
RL,D0,5,3,22.0,EW-LU,4
RL,D0,6,0,24.0,NS-SR,4
RL,D0,6,1,22.0,NS-LU,4
RL,D0,6,2,22.0,EW-SR,4
RL,D0,6,3,22.0,EW-LU,4
RL,D0,7,0,24.0,NS-SR,4
RL,D0,7,1,22.0,NS-LU,4
RL,D0,7,2,22.0,EW-SR,4
RL,D0,7,3,22.0,EW-LU,4
RL,D0,8,0,24.0,NS-SR,4
RL,D0,8,1,22.0,NS-LU,4
RL,D0,8,2,22.0,EW-SR,4
RL,D0,8,3,22.0,EW-LU,4
RL,D0,9,0,24.0,NS-SR,4
RL,D0,9,1,22.0,NS-LU,4
RL,D0,9,2,22.0,EW-SR,4
RL,D0,9,3,22.0,EW-LU,4
RL,D0,10,0,24.0,NS-SR,4
RL,D0,10,1,22.0,NS-LU,4
RL,D0,10,2,22.0,EW-SR,4
RL,D0,10,3,22.0,EW-LU,4
RL,D0,11,0,24.0,NS-SR,4
RL,D0,11,1,22.0,NS-LU,4
RL,D0,11,2,22.0,EW-SR,4
RL,D0,11,3,22.0,EW-LU,4
RL,D0,12,0,22.0,NS-SR,4
RL,D0,12,1,22.0,NS-LU,4
RL,D0,12,2,24.0,EW-SR,4
RL,D0,12,3,22.0,EW-LU,4
RL,D0,13,0,24.0,NS-SR,4
RL,D0,13,1,22.0,NS-LU,4
RL,D0,13,2,22.0,EW-SR,4
RL,D0,13,3,22.0,EW-LU,4
RL,D0,14,0,24.0,NS-SR,4
RL,D0,14,1,22.0,NS-LU,4
RL,D0,14,2,22.0,EW-SR,4
RL,D0,14,3,22.0,EW-LU,4
RL,D0,15,0,24.0,NS-SR,4
RL,D0,15,1,22.0,NS-LU,4
RL,D0,15,2,22.0,EW-SR,4
RL,D0,15,3,22.0,EW-LU,4
RL,D0,16,0,22.0,NS-SR,4
RL,D0,16,1,22.0,NS-LU,4
RL,D0,16,2,24.0,EW-SR,4
RL,D0,16,3,22.0,EW-LU,4
RL,D0,17,0,24.0,NS-SR,4
RL,D0,17,1,22.0,NS-LU,4
RL,D0,17,2,22.0,EW-SR,4
RL,D0,17,3,22.0,EW-LU,4
RL,D0,18,0,24.0,NS-SR,4
RL,D0,18,1,22.0,NS-LU,4
RL,D0,18,2,22.0,EW-SR,4
RL,D0,18,3,22.0,EW-LU,4
RL,D0,19,0,24.0,NS-SR,4
RL,D0,19,1,22.0,NS-LU,4
RL,D0,19,2,22.0,EW-SR,4
RL,D0,19,3,22.0,EW-LU,4
RL,D0,20,0,24.0,NS-SR,4
RL,D0,20,1,22.0,NS-LU,4
RL,D0,20,2,22.0,EW-SR,4
RL,D0,20,3,22.0,EW-LU,4
RL,D0,21,0,22.0,NS-SR,4
RL,D0,21,1,22.0,NS-LU,4
RL,D0,21,2,24.0,EW-SR,4
RL,D0,21,3,22.0,EW-LU,4
RL,D0,22,0,24.0,NS-SR,4
RL,D0,22,1,22.0,NS-LU,4
RL,D0,22,2,22.0,EW-SR,4
RL,D0,22,3,22.0,EW-LU,4
RL,D0,23,0,24.0,NS-SR,4
RL,D0,23,1,22.0,NS-LU,4
RL,D0,23,2,22.0,EW-SR,4
RL,D0,23,3,22.0,EW-LU,4
RL,D0,24,0,24.0,NS-SR,4
RL,D0,24,1,22.0,NS-LU,4
RL,D0,24,2,22.0,EW-SR,4
RL,D0,24,3,22.0,EW-LU,4
RL,D0,25,0,24.0,NS-SR,4
RL,D0,25,1,22.0,NS-LU,4
RL,D0,25,2,22.0,EW-SR,4
RL,D0,25,3,22.0,EW-LU,4
RL,D0,26,0,24.0,NS-SR,4
RL,D0,26,1,22.0,NS-LU,4
RL,D0,26,2,22.0,EW-SR,4
RL,D0,26,3,22.0,EW-LU,4
RL,D0,27,0,24.0,NS-SR,4
RL,D0,27,1,22.0,NS-LU,4
RL,D0,27,2,22.0,EW-SR,4
RL,D0,27,3,22.0,EW-LU,4
RL,D0,28,0,24.0,NS-SR,4
RL,D0,28,1,22.0,NS-LU,4
RL,D0,28,2,22.0,EW-SR,4
RL,D0,28,3,22.0,EW-LU,4
RL,D0,29,0,24.0,NS-SR,4
RL,D0,29,1,22.0,NS-LU,4
RL,D0,29,2,22.0,EW-SR,4
RL,D0,29,3,22.0,EW-LU,4
RL,D0,30,0,24.0,NS-SR,4
RL,D0,30,1,22.0,NS-LU,4
RL,D0,30,2,22.0,EW-SR,4
RL,D0,30,3,22.0,EW-LU,4
RL,D0,31,0,24.0,NS-SR,4
RL,D0,31,1,22.0,NS-LU,4
RL,D0,31,2,22.0,EW-SR,4
RL,D0,31,3,22.0,EW-LU,4
RL,D0,32,0,24.0,NS-SR,4
RL,D0,32,1,22.0,NS-LU,4
RL,D0,32,2,22.0,EW-SR,4
RL,D0,32,3,22.0,EW-LU,4
RL,D0,33,0,24.0,NS-SR,4
RL,D0,33,1,22.0,NS-LU,4
RL,D0,33,2,22.0,EW-SR,4
RL,D0,33,3,22.0,EW-LU,4
RL,D0,34,0,24.0,NS-SR,4
RL,D0,34,1,22.0,NS-LU,4
RL,D0,34,2,22.0,EW-SR,4
RL,D0,34,3,22.0,EW-LU,4
RL,D0,35,0,24.0,NS-SR,4
RL,D0,35,1,22.0,NS-LU,4
RL,D0,35,2,22.0,EW-SR,4
RL,D0,35,3,22.0,EW-LU,4
RL,D0,36,0,24.0,NS-SR,4
RL,D0,36,1,22.0,NS-LU,4
RL,D0,36,2,22.0,EW-SR,4
RL,D0,36,3,22.0,EW-LU,4
RL,D0,37,0,24.0,NS-SR,4
RL,D0,37,1,22.0,NS-LU,4
RL,D0,37,2,22.0,EW-SR,4
RL,D0,37,3,22.0,EW-LU,4
RL,D0,38,0,24.0,NS-SR,4
RL,D0,38,1,22.0,NS-LU,4
RL,D0,38,2,22.0,EW-SR,4
RL,D0,38,3,22.0,EW-LU,4
RL,D0,39,0,24.0,NS-SR,4
RL,D0,39,1,22.0,NS-LU,4
RL,D0,39,2,22.0,EW-SR,4
RL,D0,39,3,22.0,EW-LU,4
RL,D0,40,0,24.0,NS-SR,4
RL,D0,40,1,22.0,NS-LU,4
RL,D0,40,2,22.0,EW-SR,4
RL,D0,40,3,22.0,EW-LU,4
RL,D0,41,0,24.0,NS-SR,4
RL,D0,41,1,22.0,NS-LU,4
RL,D0,41,2,22.0,EW-SR,4
RL,D0,41,3,22.0,EW-LU,4
RL,D0,42,0,24.0,NS-SR,4
RL,D0,42,1,22.0,NS-LU,4
RL,D0,42,2,22.0,EW-SR,4
RL,D0,42,3,22.0,EW-LU,4
RL,D0,43,0,24.0,NS-SR,4
RL,D0,43,1,22.0,NS-LU,4
RL,D0,43,2,22.0,EW-SR,4
RL,D0,43,3,22.0,EW-LU,4
RL,D0,44,0,24.0,NS-SR,4
RL,D0,44,1,22.0,NS-LU,4
RL,D0,44,2,22.0,EW-SR,4
RL,D0,44,3,22.0,EW-LU,4
RL,D0,45,0,24.0,NS-SR,4
RL,D0,45,1,22.0,NS-LU,4
RL,D0,45,2,22.0,EW-SR,4
RL,D0,45,3,22.0,EW-LU,4
RL,D0,46,0,24.0,NS-SR,4
RL,D0,46,1,22.0,NS-LU,4
RL,D0,46,2,22.0,EW-SR,4
RL,D0,46,3,22.0,EW-LU,4
RL,D0,47,0,24.0,NS-SR,4
RL,D0,47,1,22.0,NS-LU,4
RL,D0,47,2,22.0,EW-SR,4
RL,D0,47,3,22.0,EW-LU,4
RL,D0,48,0,24.0,NS-SR,4
RL,D0,48,1,22.0,NS-LU,4
RL,D0,48,2,22.0,EW-SR,4
RL,D0,48,3,22.0,EW-LU,4
RL,D0,49,0,24.0,NS-SR,4
RL,D0,49,1,22.0,NS-LU,4
RL,D0,49,2,22.0,EW-SR,4
RL,D0,49,3,22.0,EW-LU,4
RL,D0,50,0,24.0,NS-SR,4
RL,D0,50,1,22.0,NS-LU,4
RL,D0,50,2,22.0,EW-SR,4
RL,D0,50,3,22.0,EW-LU,4
RL,D0,51,0,24.0,NS-SR,4
RL,D0,51,1,22.0,NS-LU,4
RL,D0,51,2,22.0,EW-SR,4
RL,D0,51,3,22.0,EW-LU,4
RL,D0,52,0,24.0,NS-SR,4
RL,D0,52,1,22.0,NS-LU,4
RL,D0,52,2,22.0,EW-SR,4
RL,D0,52,3,22.0,EW-LU,4
RL,D0,53,0,24.0,NS-SR,4
RL,D0,53,1,22.0,NS-LU,4
RL,D0,53,2,22.0,EW-SR,4
RL,D0,53,3,22.0,EW-LU,4
RL,D0,54,0,24.0,NS-SR,4
RL,D0,54,1,22.0,NS-LU,4
RL,D0,54,2,22.0,EW-SR,4
RL,D0,54,3,22.0,EW-LU,4
RL,D0,55,0,24.0,NS-SR,4
RL,D0,55,1,22.0,NS-LU,4
RL,D0,55,2,22.0,EW-SR,4
RL,D0,55,3,22.0,EW-LU,4
RL,D0,56,0,24.0,NS-SR,4
RL,D0,56,1,22.0,NS-LU,4
RL,D0,56,2,22.0,EW-SR,4
RL,D0,56,3,22.0,EW-LU,4
RL,D0,57,0,24.0,NS-SR,4
RL,D0,57,1,22.0,NS-LU,4
RL,D0,57,2,22.0,EW-SR,4
RL,D0,57,3,22.0,EW-LU,4
RL,D0,58,0,24.0,NS-SR,4
RL,D0,58,1,22.0,NS-LU,4
RL,D0,58,2,22.0,EW-SR,4
RL,D0,58,3,22.0,EW-LU,4
RL,D0,59,0,24.0,NS-SR,4
RL,D0,59,1,22.0,NS-LU,4
RL,D0,59,2,22.0,EW-SR,4
RL,D0,59,3,22.0,EW-LU,4
RL,D0,60,0,24.0,NS-SR,4
RL,D0,60,1,22.0,NS-LU,4
RL,D0,60,2,22.0,EW-SR,4
RL,D0,60,3,22.0,EW-LU,4
RL,D0,61,0,24.0,NS-SR,4
RL,D0,61,1,22.0,NS-LU,4
RL,D0,61,2,22.0,EW-SR,4
RL,D0,61,3,22.0,EW-LU,4
RL,D0,62,0,24.0,NS-SR,4
RL,D0,62,1,22.0,NS-LU,4
RL,D0,62,2,22.0,EW-SR,4
RL,D0,62,3,22.0,EW-LU,4
RL,D0,63,0,24.0,NS-SR,4
RL,D0,63,1,22.0,NS-LU,4
RL,D0,63,2,22.0,EW-SR,4
RL,D0,63,3,22.0,EW-LU,4
RL,D0,64,0,24.0,NS-SR,4
RL,D0,64,1,22.0,NS-LU,4
RL,D0,64,2,22.0,EW-SR,4
RL,D0,64,3,22.0,EW-LU,4
RL,D0,65,0,24.0,NS-SR,4
RL,D0,65,1,22.0,NS-LU,4
RL,D0,65,2,22.0,EW-SR,4
RL,D0,65,3,22.0,EW-LU,4
RL,D0,66,0,24.0,NS-SR,4
RL,D0,66,1,22.0,NS-LU,4
RL,D0,66,2,22.0,EW-SR,4
RL,D0,66,3,22.0,EW-LU,4
RL,D0,67,0,24.0,NS-SR,4
RL,D0,67,1,22.0,NS-LU,4
RL,D0,67,2,22.0,EW-SR,4
RL,D0,67,3,22.0,EW-LU,4
RL,D0,68,0,24.0,NS-SR,4
RL,D0,68,1,22.0,NS-LU,4
RL,D0,68,2,22.0,EW-SR,4
RL,D0,68,3,22.0,EW-LU,4
RL,D0,69,0,24.0,NS-SR,4
RL,D0,69,1,22.0,NS-LU,4
RL,D0,69,2,22.0,EW-SR,4
RL,D0,69,3,22.0,EW-LU,4
RL,D0,70,0,24.0,NS-SR,4
RL,D0,70,1,22.0,NS-LU,4
RL,D0,70,2,22.0,EW-SR,4
RL,D0,70,3,22.0,EW-LU,4
RL,D0,71,0,24.0,NS-SR,4
RL,D0,71,1,22.0,NS-LU,4
RL,D0,71,2,22.0,EW-SR,4
RL,D0,71,3,22.0,EW-LU,4
RL,D0,72,0,24.0,NS-SR,4
RL,D0,72,1,22.0,NS-LU,4
RL,D0,72,2,22.0,EW-SR,4
RL,D0,72,3,22.0,EW-LU,4
RL,D0,73,0,24.0,NS-SR,4
RL,D0,73,1,22.0,NS-LU,4
RL,D0,73,2,22.0,EW-SR,4
RL,D0,73,3,22.0,EW-LU,4
RL,D0,74,0,24.0,NS-SR,4
RL,D0,74,1,22.0,NS-LU,4
RL,D0,74,2,22.0,EW-SR,4
RL,D0,74,3,22.0,EW-LU,4
RL,D0,75,0,24.0,NS-SR,4
RL,D0,75,1,22.0,NS-LU,4
RL,D0,75,2,22.0,EW-SR,4
RL,D0,75,3,22.0,EW-LU,4
RL,D0,76,0,24.0,NS-SR,4
RL,D0,76,1,22.0,NS-LU,4
RL,D0,76,2,22.0,EW-SR,4
RL,D0,76,3,22.0,EW-LU,4
RL,D0,77,0,24.0,NS-SR,4
RL,D0,77,1,22.0,NS-LU,4
RL,D0,77,2,22.0,EW-SR,4
RL,D0,77,3,22.0,EW-LU,4
RL,D0,78,0,24.0,NS-SR,4
RL,D0,78,1,22.0,NS-LU,4
RL,D0,78,2,22.0,EW-SR,4
RL,D0,78,3,22.0,EW-LU,4
RL,D0,79,0,24.0,NS-SR,4
RL,D0,79,1,22.0,NS-LU,4
RL,D0,79,2,22.0,EW-SR,4
RL,D0,79,3,22.0,EW-LU,4
RL,D0,80,0,24.0,NS-SR,4
RL,D0,80,1,22.0,NS-LU,4
RL,D0,80,2,22.0,EW-SR,4
RL,D0,80,3,22.0,EW-LU,4
RL,F5,0,0,10.0,NS-LU,3
RL,F5,0,1,60.0,EW-SR,3
RL,F5,0,2,20.0,EW-LU,3
RL,F5,1,0,10.0,NS-LU,3
RL,F5,1,1,60.0,EW-SR,3
RL,F5,1,2,20.0,EW-LU,3
RL,F5,2,0,10.0,NS-LU,3
RL,F5,2,1,60.0,EW-SR,3
RL,F5,2,2,20.0,EW-LU,3
RL,F5,3,0,10.0,NS-LU,3
RL,F5,3,1,60.0,EW-SR,3
RL,F5,3,2,20.0,EW-LU,3
RL,F5,4,0,10.0,NS-LU,3
RL,F5,4,1,60.0,EW-SR,3
RL,F5,4,2,20.0,EW-LU,3
RL,F5,5,0,10.0,NS-LU,3
RL,F5,5,1,60.0,EW-SR,3
RL,F5,5,2,20.0,EW-LU,3
RL,F5,6,0,10.0,NS-LU,3
RL,F5,6,1,60.0,EW-SR,3
RL,F5,6,2,20.0,EW-LU,3
RL,F5,7,0,10.0,NS-LU,3
RL,F5,7,1,60.0,EW-SR,3
RL,F5,7,2,20.0,EW-LU,3
RL,F5,8,0,10.0,NS-LU,3
RL,F5,8,1,60.0,EW-SR,3
RL,F5,8,2,20.0,EW-LU,3
RL,F5,9,0,10.0,NS-LU,3
RL,F5,9,1,60.0,EW-SR,3
RL,F5,9,2,20.0,EW-LU,3
RL,F5,10,0,10.0,NS-LU,3
RL,F5,10,1,60.0,EW-SR,3
RL,F5,10,2,20.0,EW-LU,3
RL,F5,11,0,10.0,NS-LU,3
RL,F5,11,1,60.0,EW-SR,3
RL,F5,11,2,20.0,EW-LU,3
RL,F5,12,0,10.0,NS-LU,3
RL,F5,12,1,60.0,EW-SR,3
RL,F5,12,2,20.0,EW-LU,3
RL,F5,13,0,10.0,NS-LU,3
RL,F5,13,1,60.0,EW-SR,3
RL,F5,13,2,20.0,EW-LU,3
RL,F5,14,0,10.0,NS-LU,3
RL,F5,14,1,60.0,EW-SR,3
RL,F5,14,2,20.0,EW-LU,3
RL,F5,15,0,10.0,NS-LU,3
RL,F5,15,1,60.0,EW-SR,3
RL,F5,15,2,20.0,EW-LU,3
RL,F5,16,0,10.0,NS-LU,3
RL,F5,16,1,60.0,EW-SR,3
RL,F5,16,2,20.0,EW-LU,3
RL,F5,17,0,10.0,NS-LU,3
RL,F5,17,1,60.0,EW-SR,3
RL,F5,17,2,20.0,EW-LU,3
RL,F5,18,0,10.0,NS-LU,3
RL,F5,18,1,60.0,EW-SR,3
RL,F5,18,2,20.0,EW-LU,3
RL,F5,19,0,10.0,NS-LU,3
RL,F5,19,1,60.0,EW-SR,3
RL,F5,19,2,20.0,EW-LU,3
RL,F5,20,0,10.0,NS-LU,3
RL,F5,20,1,60.0,EW-SR,3
RL,F5,20,2,20.0,EW-LU,3
RL,F5,21,0,10.0,NS-LU,3
RL,F5,21,1,60.0,EW-SR,3
RL,F5,21,2,20.0,EW-LU,3
RL,F5,22,0,10.0,NS-LU,3
RL,F5,22,1,60.0,EW-SR,3
RL,F5,22,2,20.0,EW-LU,3
RL,F5,23,0,10.0,NS-LU,3
RL,F5,23,1,60.0,EW-SR,3
RL,F5,23,2,20.0,EW-LU,3
RL,F5,24,0,10.0,NS-LU,3
RL,F5,24,1,60.0,EW-SR,3
RL,F5,24,2,20.0,EW-LU,3
RL,F5,25,0,10.0,NS-LU,3
RL,F5,25,1,60.0,EW-SR,3
RL,F5,25,2,20.0,EW-LU,3
RL,F5,26,0,10.0,NS-LU,3
RL,F5,26,1,60.0,EW-SR,3
RL,F5,26,2,20.0,EW-LU,3
RL,F5,27,0,10.0,NS-LU,3
RL,F5,27,1,60.0,EW-SR,3
RL,F5,27,2,20.0,EW-LU,3
RL,F5,28,0,10.0,NS-LU,3
RL,F5,28,1,60.0,EW-SR,3
RL,F5,28,2,20.0,EW-LU,3
RL,F5,29,0,10.0,NS-LU,3
RL,F5,29,1,60.0,EW-SR,3
RL,F5,29,2,20.0,EW-LU,3
RL,F5,30,0,10.0,NS-LU,3
RL,F5,30,1,60.0,EW-SR,3
RL,F5,30,2,20.0,EW-LU,3
RL,F5,31,0,10.0,NS-LU,3
RL,F5,31,1,60.0,EW-SR,3
RL,F5,31,2,20.0,EW-LU,3
RL,F5,32,0,10.0,NS-LU,3
RL,F5,32,1,60.0,EW-SR,3
RL,F5,32,2,20.0,EW-LU,3
RL,F5,33,0,10.0,NS-LU,3
RL,F5,33,1,60.0,EW-SR,3
RL,F5,33,2,20.0,EW-LU,3
RL,F5,34,0,10.0,NS-LU,3
RL,F5,34,1,60.0,EW-SR,3
RL,F5,34,2,20.0,EW-LU,3
RL,F5,35,0,10.0,NS-LU,3
RL,F5,35,1,60.0,EW-SR,3
RL,F5,35,2,20.0,EW-LU,3
RL,F5,36,0,10.0,NS-LU,3
RL,F5,36,1,60.0,EW-SR,3
RL,F5,36,2,20.0,EW-LU,3
RL,F5,37,0,10.0,NS-LU,3
RL,F5,37,1,60.0,EW-SR,3
RL,F5,37,2,20.0,EW-LU,3
RL,F5,38,0,10.0,NS-LU,3
RL,F5,38,1,60.0,EW-SR,3
RL,F5,38,2,20.0,EW-LU,3
RL,F5,39,0,10.0,NS-LU,3
RL,F5,39,1,60.0,EW-SR,3
RL,F5,39,2,20.0,EW-LU,3
RL,F5,40,0,10.0,NS-LU,3
RL,F5,40,1,60.0,EW-SR,3
RL,F5,40,2,20.0,EW-LU,3
RL,F5,41,0,10.0,NS-LU,3
RL,F5,41,1,60.0,EW-SR,3
RL,F5,41,2,20.0,EW-LU,3
RL,F5,42,0,10.0,NS-LU,3
RL,F5,42,1,60.0,EW-SR,3
RL,F5,42,2,20.0,EW-LU,3
RL,F5,43,0,10.0,NS-LU,3
RL,F5,43,1,60.0,EW-SR,3
RL,F5,43,2,20.0,EW-LU,3
RL,F5,44,0,10.0,NS-LU,3
RL,F5,44,1,60.0,EW-SR,3
RL,F5,44,2,20.0,EW-LU,3
RL,F5,45,0,10.0,NS-LU,3
RL,F5,45,1,60.0,EW-SR,3
RL,F5,45,2,20.0,EW-LU,3
RL,F5,46,0,10.0,NS-LU,3
RL,F5,46,1,60.0,EW-SR,3
RL,F5,46,2,20.0,EW-LU,3
RL,F5,47,0,10.0,NS-LU,3
RL,F5,47,1,60.0,EW-SR,3
RL,F5,47,2,20.0,EW-LU,3
RL,F5,48,0,10.0,NS-LU,3
RL,F5,48,1,60.0,EW-SR,3
RL,F5,48,2,20.0,EW-LU,3
RL,F5,49,0,10.0,NS-LU,3
RL,F5,49,1,60.0,EW-SR,3
RL,F5,49,2,20.0,EW-LU,3
RL,F5,50,0,10.0,NS-LU,3
RL,F5,50,1,60.0,EW-SR,3
RL,F5,50,2,20.0,EW-LU,3
RL,F5,51,0,10.0,NS-LU,3
RL,F5,51,1,60.0,EW-SR,3
RL,F5,51,2,20.0,EW-LU,3
RL,F5,52,0,10.0,NS-LU,3
RL,F5,52,1,60.0,EW-SR,3
RL,F5,52,2,20.0,EW-LU,3
RL,F5,53,0,10.0,NS-LU,3
RL,F5,53,1,60.0,EW-SR,3
RL,F5,53,2,20.0,EW-LU,3
RL,F5,54,0,10.0,NS-LU,3
RL,F5,54,1,60.0,EW-SR,3
RL,F5,54,2,20.0,EW-LU,3
RL,F5,55,0,10.0,NS-LU,3
RL,F5,55,1,60.0,EW-SR,3
RL,F5,55,2,20.0,EW-LU,3
RL,F5,56,0,10.0,NS-LU,3
RL,F5,56,1,60.0,EW-SR,3
RL,F5,56,2,20.0,EW-LU,3
RL,F5,57,0,10.0,NS-LU,3
RL,F5,57,1,60.0,EW-SR,3
RL,F5,57,2,20.0,EW-LU,3
RL,F5,58,0,10.0,NS-LU,3
RL,F5,58,1,60.0,EW-SR,3
RL,F5,58,2,20.0,EW-LU,3
RL,F5,59,0,10.0,NS-LU,3
RL,F5,59,1,60.0,EW-SR,3
RL,F5,59,2,20.0,EW-LU,3
RL,F5,60,0,10.0,NS-LU,3
RL,F5,60,1,60.0,EW-SR,3
RL,F5,60,2,20.0,EW-LU,3
RL,F5,61,0,10.0,NS-LU,3
RL,F5,61,1,60.0,EW-SR,3
RL,F5,61,2,20.0,EW-LU,3
RL,F5,62,0,10.0,NS-LU,3
RL,F5,62,1,60.0,EW-SR,3
RL,F5,62,2,20.0,EW-LU,3
RL,F5,63,0,10.0,NS-LU,3
RL,F5,63,1,60.0,EW-SR,3
RL,F5,63,2,20.0,EW-LU,3
RL,F5,64,0,10.0,NS-LU,3
RL,F5,64,1,60.0,EW-SR,3
RL,F5,64,2,20.0,EW-LU,3
RL,F5,65,0,10.0,NS-LU,3
RL,F5,65,1,60.0,EW-SR,3
RL,F5,65,2,20.0,EW-LU,3
RL,F5,66,0,10.0,NS-LU,3
RL,F5,66,1,60.0,EW-SR,3
RL,F5,66,2,20.0,EW-LU,3
RL,F5,67,0,10.0,NS-LU,3
RL,F5,67,1,60.0,EW-SR,3
RL,F5,67,2,20.0,EW-LU,3
RL,F5,68,0,10.0,NS-LU,3
RL,F5,68,1,60.0,EW-SR,3
RL,F5,68,2,20.0,EW-LU,3
RL,F5,69,0,10.0,NS-LU,3
RL,F5,69,1,60.0,EW-SR,3
RL,F5,69,2,20.0,EW-LU,3
RL,F5,70,0,10.0,NS-LU,3
RL,F5,70,1,60.0,EW-SR,3
RL,F5,70,2,20.0,EW-LU,3
RL,F5,71,0,10.0,NS-LU,3
RL,F5,71,1,60.0,EW-SR,3
RL,F5,71,2,20.0,EW-LU,3
RL,F5,72,0,10.0,NS-LU,3
RL,F5,72,1,60.0,EW-SR,3
RL,F5,72,2,20.0,EW-LU,3
RL,F5,73,0,10.0,NS-LU,3
RL,F5,73,1,60.0,EW-SR,3
RL,F5,73,2,20.0,EW-LU,3
RL,F5,74,0,10.0,NS-LU,3
RL,F5,74,1,60.0,EW-SR,3
RL,F5,74,2,20.0,EW-LU,3
RL,F5,75,0,10.0,NS-LU,3
RL,F5,75,1,60.0,EW-SR,3
RL,F5,75,2,20.0,EW-LU,3
RL,F5,76,0,10.0,NS-LU,3
RL,F5,76,1,60.0,EW-SR,3
RL,F5,76,2,20.0,EW-LU,3
RL,F5,77,0,10.0,NS-LU,3
RL,F5,77,1,60.0,EW-SR,3
RL,F5,77,2,20.0,EW-LU,3
RL,F5,78,0,10.0,NS-LU,3
RL,F5,78,1,60.0,EW-SR,3
RL,F5,78,2,20.0,EW-LU,3
RL,F5,79,0,10.0,NS-LU,3
RL,F5,79,1,60.0,EW-SR,3
RL,F5,79,2,20.0,EW-LU,3
RL,F5,80,0,10.0,NS-LU,3
RL,F5,80,1,60.0,EW-SR,3
RL,F5,80,2,20.0,EW-LU,3
RL,C5,0,0,50.0,NS-SR,4
RL,C5,0,1,10.0,NS-LU,4
RL,C5,0,2,10.0,EW-SR,4
RL,C5,0,3,20.0,EW-LU,4
RL,C5,1,0,55.0,NS-SR,4
RL,C5,1,1,10.0,NS-LU,4
RL,C5,1,2,10.0,EW-SR,4
RL,C5,1,3,15.0,EW-LU,4
RL,C5,2,0,57.0,NS-SR,4
RL,C5,2,1,11.0,NS-LU,4
RL,C5,2,2,11.0,EW-SR,4
RL,C5,2,3,11.0,EW-LU,4
RL,C5,3,0,57.0,NS-SR,4
RL,C5,3,1,11.0,NS-LU,4
RL,C5,3,2,11.0,EW-SR,4
RL,C5,3,3,11.0,EW-LU,4
RL,C5,4,0,57.0,NS-SR,4
RL,C5,4,1,11.0,NS-LU,4
RL,C5,4,2,11.0,EW-SR,4
RL,C5,4,3,11.0,EW-LU,4
RL,C5,5,0,57.0,NS-SR,4
RL,C5,5,1,11.0,NS-LU,4
RL,C5,5,2,11.0,EW-SR,4
RL,C5,5,3,11.0,EW-LU,4
RL,C5,6,0,57.0,NS-SR,4
RL,C5,6,1,11.0,NS-LU,4
RL,C5,6,2,11.0,EW-SR,4
RL,C5,6,3,11.0,EW-LU,4
RL,C5,7,0,57.0,NS-SR,4
RL,C5,7,1,11.0,NS-LU,4
RL,C5,7,2,11.0,EW-SR,4
RL,C5,7,3,11.0,EW-LU,4
RL,C5,8,0,57.0,NS-SR,4
RL,C5,8,1,11.0,NS-LU,4
RL,C5,8,2,11.0,EW-SR,4
RL,C5,8,3,11.0,EW-LU,4
RL,C5,9,0,57.0,NS-SR,4
RL,C5,9,1,11.0,NS-LU,4
RL,C5,9,2,11.0,EW-SR,4
RL,C5,9,3,11.0,EW-LU,4
RL,C5,10,0,57.0,NS-SR,4
RL,C5,10,1,11.0,NS-LU,4
RL,C5,10,2,11.0,EW-SR,4
RL,C5,10,3,11.0,EW-LU,4
RL,C5,11,0,57.0,NS-SR,4
RL,C5,11,1,11.0,NS-LU,4
RL,C5,11,2,11.0,EW-SR,4
RL,C5,11,3,11.0,EW-LU,4
RL,C5,12,0,57.0,NS-SR,4
RL,C5,12,1,11.0,NS-LU,4
RL,C5,12,2,11.0,EW-SR,4
RL,C5,12,3,11.0,EW-LU,4
RL,C5,13,0,57.0,NS-SR,4
RL,C5,13,1,11.0,NS-LU,4
RL,C5,13,2,11.0,EW-SR,4
RL,C5,13,3,11.0,EW-LU,4
RL,C5,14,0,57.0,NS-SR,4
RL,C5,14,1,11.0,NS-LU,4
RL,C5,14,2,11.0,EW-SR,4
RL,C5,14,3,11.0,EW-LU,4
RL,C5,15,0,57.0,NS-SR,4
RL,C5,15,1,11.0,NS-LU,4
RL,C5,15,2,11.0,EW-SR,4
RL,C5,15,3,11.0,EW-LU,4
RL,C5,16,0,57.0,NS-SR,4
RL,C5,16,1,11.0,NS-LU,4
RL,C5,16,2,11.0,EW-SR,4
RL,C5,16,3,11.0,EW-LU,4
RL,C5,17,0,57.0,NS-SR,4
RL,C5,17,1,11.0,NS-LU,4
RL,C5,17,2,11.0,EW-SR,4
RL,C5,17,3,11.0,EW-LU,4
RL,C5,18,0,57.0,NS-SR,4
RL,C5,18,1,11.0,NS-LU,4
RL,C5,18,2,11.0,EW-SR,4
RL,C5,18,3,11.0,EW-LU,4
RL,C5,19,0,57.0,NS-SR,4
RL,C5,19,1,11.0,NS-LU,4
RL,C5,19,2,11.0,EW-SR,4
RL,C5,19,3,11.0,EW-LU,4
RL,C5,20,0,57.0,NS-SR,4
RL,C5,20,1,11.0,NS-LU,4
RL,C5,20,2,11.0,EW-SR,4
RL,C5,20,3,11.0,EW-LU,4
RL,C5,21,0,57.0,NS-SR,4
RL,C5,21,1,11.0,NS-LU,4
RL,C5,21,2,11.0,EW-SR,4
RL,C5,21,3,11.0,EW-LU,4
RL,C5,22,0,57.0,NS-SR,4
RL,C5,22,1,11.0,NS-LU,4
RL,C5,22,2,11.0,EW-SR,4
RL,C5,22,3,11.0,EW-LU,4
RL,C5,23,0,57.0,NS-SR,4
RL,C5,23,1,11.0,NS-LU,4
RL,C5,23,2,11.0,EW-SR,4
RL,C5,23,3,11.0,EW-LU,4
RL,C5,24,0,57.0,NS-SR,4
RL,C5,24,1,11.0,NS-LU,4
RL,C5,24,2,11.0,EW-SR,4
RL,C5,24,3,11.0,EW-LU,4
RL,C5,25,0,57.0,NS-SR,4
RL,C5,25,1,11.0,NS-LU,4
RL,C5,25,2,11.0,EW-SR,4
RL,C5,25,3,11.0,EW-LU,4
RL,C5,26,0,57.0,NS-SR,4
RL,C5,26,1,11.0,NS-LU,4
RL,C5,26,2,11.0,EW-SR,4
RL,C5,26,3,11.0,EW-LU,4
RL,C5,27,0,57.0,NS-SR,4
RL,C5,27,1,11.0,NS-LU,4
RL,C5,27,2,11.0,EW-SR,4
RL,C5,27,3,11.0,EW-LU,4
RL,C5,28,0,57.0,NS-SR,4
RL,C5,28,1,11.0,NS-LU,4
RL,C5,28,2,11.0,EW-SR,4
RL,C5,28,3,11.0,EW-LU,4
RL,C5,29,0,57.0,NS-SR,4
RL,C5,29,1,11.0,NS-LU,4
RL,C5,29,2,11.0,EW-SR,4
RL,C5,29,3,11.0,EW-LU,4
RL,C5,30,0,57.0,NS-SR,4
RL,C5,30,1,11.0,NS-LU,4
RL,C5,30,2,11.0,EW-SR,4
RL,C5,30,3,11.0,EW-LU,4
RL,C5,31,0,57.0,NS-SR,4
RL,C5,31,1,11.0,NS-LU,4
RL,C5,31,2,11.0,EW-SR,4
RL,C5,31,3,11.0,EW-LU,4
RL,C5,32,0,57.0,NS-SR,4
RL,C5,32,1,11.0,NS-LU,4
RL,C5,32,2,11.0,EW-SR,4
RL,C5,32,3,11.0,EW-LU,4
RL,C5,33,0,57.0,NS-SR,4
RL,C5,33,1,11.0,NS-LU,4
RL,C5,33,2,11.0,EW-SR,4
RL,C5,33,3,11.0,EW-LU,4
RL,C5,34,0,57.0,NS-SR,4
RL,C5,34,1,11.0,NS-LU,4
RL,C5,34,2,11.0,EW-SR,4
RL,C5,34,3,11.0,EW-LU,4
RL,C5,35,0,57.0,NS-SR,4
RL,C5,35,1,11.0,NS-LU,4
RL,C5,35,2,11.0,EW-SR,4
RL,C5,35,3,11.0,EW-LU,4
RL,C5,36,0,57.0,NS-SR,4
RL,C5,36,1,11.0,NS-LU,4
RL,C5,36,2,11.0,EW-SR,4
RL,C5,36,3,11.0,EW-LU,4
RL,C5,37,0,57.0,NS-SR,4
RL,C5,37,1,11.0,NS-LU,4
RL,C5,37,2,11.0,EW-SR,4
RL,C5,37,3,11.0,EW-LU,4
RL,C5,38,0,57.0,NS-SR,4
RL,C5,38,1,11.0,NS-LU,4
RL,C5,38,2,11.0,EW-SR,4
RL,C5,38,3,11.0,EW-LU,4
RL,C5,39,0,57.0,NS-SR,4
RL,C5,39,1,11.0,NS-LU,4
RL,C5,39,2,11.0,EW-SR,4
RL,C5,39,3,11.0,EW-LU,4
RL,C5,40,0,57.0,NS-SR,4
RL,C5,40,1,11.0,NS-LU,4
RL,C5,40,2,11.0,EW-SR,4
RL,C5,40,3,11.0,EW-LU,4
RL,C5,41,0,57.0,NS-SR,4
RL,C5,41,1,11.0,NS-LU,4
RL,C5,41,2,11.0,EW-SR,4
RL,C5,41,3,11.0,EW-LU,4
RL,C5,42,0,57.0,NS-SR,4
RL,C5,42,1,11.0,NS-LU,4
RL,C5,42,2,11.0,EW-SR,4
RL,C5,42,3,11.0,EW-LU,4
RL,C5,43,0,57.0,NS-SR,4
RL,C5,43,1,11.0,NS-LU,4
RL,C5,43,2,11.0,EW-SR,4
RL,C5,43,3,11.0,EW-LU,4
RL,C5,44,0,57.0,NS-SR,4
RL,C5,44,1,11.0,NS-LU,4
RL,C5,44,2,11.0,EW-SR,4
RL,C5,44,3,11.0,EW-LU,4
RL,C5,45,0,57.0,NS-SR,4
RL,C5,45,1,11.0,NS-LU,4
RL,C5,45,2,11.0,EW-SR,4
RL,C5,45,3,11.0,EW-LU,4
RL,C5,46,0,57.0,NS-SR,4
RL,C5,46,1,11.0,NS-LU,4
RL,C5,46,2,11.0,EW-SR,4
RL,C5,46,3,11.0,EW-LU,4
RL,C5,47,0,57.0,NS-SR,4
RL,C5,47,1,11.0,NS-LU,4
RL,C5,47,2,11.0,EW-SR,4
RL,C5,47,3,11.0,EW-LU,4
RL,C5,48,0,57.0,NS-SR,4
RL,C5,48,1,11.0,NS-LU,4
RL,C5,48,2,11.0,EW-SR,4
RL,C5,48,3,11.0,EW-LU,4
RL,C5,49,0,57.0,NS-SR,4
RL,C5,49,1,11.0,NS-LU,4
RL,C5,49,2,11.0,EW-SR,4
RL,C5,49,3,11.0,EW-LU,4
RL,C5,50,0,57.0,NS-SR,4
RL,C5,50,1,11.0,NS-LU,4
RL,C5,50,2,11.0,EW-SR,4
RL,C5,50,3,11.0,EW-LU,4
RL,C5,51,0,57.0,NS-SR,4
RL,C5,51,1,11.0,NS-LU,4
RL,C5,51,2,11.0,EW-SR,4
RL,C5,51,3,11.0,EW-LU,4
RL,C5,52,0,57.0,NS-SR,4
RL,C5,52,1,11.0,NS-LU,4
RL,C5,52,2,11.0,EW-SR,4
RL,C5,52,3,11.0,EW-LU,4
RL,C5,53,0,57.0,NS-SR,4
RL,C5,53,1,11.0,NS-LU,4
RL,C5,53,2,11.0,EW-SR,4
RL,C5,53,3,11.0,EW-LU,4
RL,C5,54,0,57.0,NS-SR,4
RL,C5,54,1,11.0,NS-LU,4
RL,C5,54,2,11.0,EW-SR,4
RL,C5,54,3,11.0,EW-LU,4
RL,C5,55,0,57.0,NS-SR,4
RL,C5,55,1,11.0,NS-LU,4
RL,C5,55,2,11.0,EW-SR,4
RL,C5,55,3,11.0,EW-LU,4
RL,C5,56,0,57.0,NS-SR,4
RL,C5,56,1,11.0,NS-LU,4
RL,C5,56,2,11.0,EW-SR,4
RL,C5,56,3,11.0,EW-LU,4
RL,C5,57,0,57.0,NS-SR,4
RL,C5,57,1,11.0,NS-LU,4
RL,C5,57,2,11.0,EW-SR,4
RL,C5,57,3,11.0,EW-LU,4
RL,C5,58,0,57.0,NS-SR,4
RL,C5,58,1,11.0,NS-LU,4
RL,C5,58,2,11.0,EW-SR,4
RL,C5,58,3,11.0,EW-LU,4
RL,C5,59,0,57.0,NS-SR,4
RL,C5,59,1,11.0,NS-LU,4
RL,C5,59,2,11.0,EW-SR,4
RL,C5,59,3,11.0,EW-LU,4
RL,C5,60,0,57.0,NS-SR,4
RL,C5,60,1,11.0,NS-LU,4
RL,C5,60,2,11.0,EW-SR,4
RL,C5,60,3,11.0,EW-LU,4
RL,C5,61,0,57.0,NS-SR,4
RL,C5,61,1,11.0,NS-LU,4
RL,C5,61,2,11.0,EW-SR,4
RL,C5,61,3,11.0,EW-LU,4
RL,C5,62,0,57.0,NS-SR,4
RL,C5,62,1,11.0,NS-LU,4
RL,C5,62,2,11.0,EW-SR,4
RL,C5,62,3,11.0,EW-LU,4
RL,C5,63,0,57.0,NS-SR,4
RL,C5,63,1,11.0,NS-LU,4
RL,C5,63,2,11.0,EW-SR,4
RL,C5,63,3,11.0,EW-LU,4
RL,C5,64,0,57.0,NS-SR,4
RL,C5,64,1,11.0,NS-LU,4
RL,C5,64,2,11.0,EW-SR,4
RL,C5,64,3,11.0,EW-LU,4
RL,C5,65,0,57.0,NS-SR,4
RL,C5,65,1,11.0,NS-LU,4
RL,C5,65,2,11.0,EW-SR,4
RL,C5,65,3,11.0,EW-LU,4
RL,C5,66,0,57.0,NS-SR,4
RL,C5,66,1,11.0,NS-LU,4
RL,C5,66,2,11.0,EW-SR,4
RL,C5,66,3,11.0,EW-LU,4
RL,C5,67,0,57.0,NS-SR,4
RL,C5,67,1,11.0,NS-LU,4
RL,C5,67,2,11.0,EW-SR,4
RL,C5,67,3,11.0,EW-LU,4
RL,C5,68,0,57.0,NS-SR,4
RL,C5,68,1,11.0,NS-LU,4
RL,C5,68,2,11.0,EW-SR,4
RL,C5,68,3,11.0,EW-LU,4
RL,C5,69,0,57.0,NS-SR,4
RL,C5,69,1,11.0,NS-LU,4
RL,C5,69,2,11.0,EW-SR,4
RL,C5,69,3,11.0,EW-LU,4
RL,C5,70,0,57.0,NS-SR,4
RL,C5,70,1,11.0,NS-LU,4
RL,C5,70,2,11.0,EW-SR,4
RL,C5,70,3,11.0,EW-LU,4
RL,C5,71,0,57.0,NS-SR,4
RL,C5,71,1,11.0,NS-LU,4
RL,C5,71,2,11.0,EW-SR,4
RL,C5,71,3,11.0,EW-LU,4
RL,C5,72,0,57.0,NS-SR,4
RL,C5,72,1,11.0,NS-LU,4
RL,C5,72,2,11.0,EW-SR,4
RL,C5,72,3,11.0,EW-LU,4
RL,C5,73,0,57.0,NS-SR,4
RL,C5,73,1,11.0,NS-LU,4
RL,C5,73,2,11.0,EW-SR,4
RL,C5,73,3,11.0,EW-LU,4
RL,C5,74,0,57.0,NS-SR,4
RL,C5,74,1,11.0,NS-LU,4
RL,C5,74,2,11.0,EW-SR,4
RL,C5,74,3,11.0,EW-LU,4
RL,C5,75,0,57.0,NS-SR,4
RL,C5,75,1,11.0,NS-LU,4
RL,C5,75,2,11.0,EW-SR,4
RL,C5,75,3,11.0,EW-LU,4
RL,C5,76,0,57.0,NS-SR,4
RL,C5,76,1,11.0,NS-LU,4
RL,C5,76,2,11.0,EW-SR,4
RL,C5,76,3,11.0,EW-LU,4
RL,C5,77,0,57.0,NS-SR,4
RL,C5,77,1,11.0,NS-LU,4
RL,C5,77,2,11.0,EW-SR,4
RL,C5,77,3,11.0,EW-LU,4
RL,C5,78,0,57.0,NS-SR,4
RL,C5,78,1,11.0,NS-LU,4
RL,C5,78,2,11.0,EW-SR,4
RL,C5,78,3,11.0,EW-LU,4
RL,C5,79,0,57.0,NS-SR,4
RL,C5,79,1,11.0,NS-LU,4
RL,C5,79,2,11.0,EW-SR,4
RL,C5,79,3,11.0,EW-LU,4
RL,C5,80,0,57.0,NS-SR,4
RL,C5,80,1,11.0,NS-LU,4
RL,C5,80,2,11.0,EW-SR,4
RL,C5,80,3,11.0,EW-LU,4
RL,F4,0,0,15.0,NS-SR,4
RL,F4,0,1,15.0,NS-LU,4
RL,F4,0,2,45.0,EW-SR,4
RL,F4,0,3,15.0,EW-LU,4
RL,F4,1,0,24.0,NS-SR,4
RL,F4,1,1,22.0,NS-LU,4
RL,F4,1,2,22.0,EW-SR,4
RL,F4,1,3,22.0,EW-LU,4
RL,F4,2,0,24.0,NS-SR,4
RL,F4,2,1,22.0,NS-LU,4
RL,F4,2,2,22.0,EW-SR,4
RL,F4,2,3,22.0,EW-LU,4
RL,F4,3,0,24.0,NS-SR,4
RL,F4,3,1,22.0,NS-LU,4
RL,F4,3,2,22.0,EW-SR,4
RL,F4,3,3,22.0,EW-LU,4
RL,F4,4,0,24.0,NS-SR,4
RL,F4,4,1,22.0,NS-LU,4
RL,F4,4,2,22.0,EW-SR,4
RL,F4,4,3,22.0,EW-LU,4
RL,F4,5,0,24.0,NS-SR,4
RL,F4,5,1,22.0,NS-LU,4
RL,F4,5,2,22.0,EW-SR,4
RL,F4,5,3,22.0,EW-LU,4
RL,F4,6,0,24.0,NS-SR,4
RL,F4,6,1,22.0,NS-LU,4
RL,F4,6,2,22.0,EW-SR,4
RL,F4,6,3,22.0,EW-LU,4
RL,F4,7,0,24.0,NS-SR,4
RL,F4,7,1,22.0,NS-LU,4
RL,F4,7,2,22.0,EW-SR,4
RL,F4,7,3,22.0,EW-LU,4
RL,F4,8,0,24.0,NS-SR,4
RL,F4,8,1,22.0,NS-LU,4
RL,F4,8,2,22.0,EW-SR,4
RL,F4,8,3,22.0,EW-LU,4
RL,F4,9,0,24.0,NS-SR,4
RL,F4,9,1,22.0,NS-LU,4
RL,F4,9,2,22.0,EW-SR,4
RL,F4,9,3,22.0,EW-LU,4
RL,F4,10,0,24.0,NS-SR,4
RL,F4,10,1,22.0,NS-LU,4
RL,F4,10,2,22.0,EW-SR,4
RL,F4,10,3,22.0,EW-LU,4
RL,F4,11,0,24.0,NS-SR,4
RL,F4,11,1,22.0,NS-LU,4
RL,F4,11,2,22.0,EW-SR,4
RL,F4,11,3,22.0,EW-LU,4
RL,F4,12,0,24.0,NS-SR,4
RL,F4,12,1,22.0,NS-LU,4
RL,F4,12,2,22.0,EW-SR,4
RL,F4,12,3,22.0,EW-LU,4
RL,F4,13,0,24.0,NS-SR,4
RL,F4,13,1,22.0,NS-LU,4
RL,F4,13,2,22.0,EW-SR,4
RL,F4,13,3,22.0,EW-LU,4
RL,F4,14,0,24.0,NS-SR,4
RL,F4,14,1,22.0,NS-LU,4
RL,F4,14,2,22.0,EW-SR,4
RL,F4,14,3,22.0,EW-LU,4
RL,F4,15,0,24.0,NS-SR,4
RL,F4,15,1,22.0,NS-LU,4
RL,F4,15,2,22.0,EW-SR,4
RL,F4,15,3,22.0,EW-LU,4
RL,F4,16,0,24.0,NS-SR,4
RL,F4,16,1,22.0,NS-LU,4
RL,F4,16,2,22.0,EW-SR,4
RL,F4,16,3,22.0,EW-LU,4
RL,F4,17,0,24.0,NS-SR,4
RL,F4,17,1,22.0,NS-LU,4
RL,F4,17,2,22.0,EW-SR,4
RL,F4,17,3,22.0,EW-LU,4
RL,F4,18,0,24.0,NS-SR,4
RL,F4,18,1,22.0,NS-LU,4
RL,F4,18,2,22.0,EW-SR,4
RL,F4,18,3,22.0,EW-LU,4
RL,F4,19,0,24.0,NS-SR,4
RL,F4,19,1,22.0,NS-LU,4
RL,F4,19,2,22.0,EW-SR,4
RL,F4,19,3,22.0,EW-LU,4
RL,F4,20,0,24.0,NS-SR,4
RL,F4,20,1,22.0,NS-LU,4
RL,F4,20,2,22.0,EW-SR,4
RL,F4,20,3,22.0,EW-LU,4
RL,F4,21,0,24.0,NS-SR,4
RL,F4,21,1,22.0,NS-LU,4
RL,F4,21,2,22.0,EW-SR,4
RL,F4,21,3,22.0,EW-LU,4
RL,F4,22,0,24.0,NS-SR,4
RL,F4,22,1,22.0,NS-LU,4
RL,F4,22,2,22.0,EW-SR,4
RL,F4,22,3,22.0,EW-LU,4
RL,F4,23,0,24.0,NS-SR,4
RL,F4,23,1,22.0,NS-LU,4
RL,F4,23,2,22.0,EW-SR,4
RL,F4,23,3,22.0,EW-LU,4
RL,F4,24,0,24.0,NS-SR,4
RL,F4,24,1,22.0,NS-LU,4
RL,F4,24,2,22.0,EW-SR,4
RL,F4,24,3,22.0,EW-LU,4
RL,F4,25,0,24.0,NS-SR,4
RL,F4,25,1,22.0,NS-LU,4
RL,F4,25,2,22.0,EW-SR,4
RL,F4,25,3,22.0,EW-LU,4
RL,F4,26,0,24.0,NS-SR,4
RL,F4,26,1,22.0,NS-LU,4
RL,F4,26,2,22.0,EW-SR,4
RL,F4,26,3,22.0,EW-LU,4
RL,F4,27,0,24.0,NS-SR,4
RL,F4,27,1,22.0,NS-LU,4
RL,F4,27,2,22.0,EW-SR,4
RL,F4,27,3,22.0,EW-LU,4
RL,F4,28,0,24.0,NS-SR,4
RL,F4,28,1,22.0,NS-LU,4
RL,F4,28,2,22.0,EW-SR,4
RL,F4,28,3,22.0,EW-LU,4
RL,F4,29,0,24.0,NS-SR,4
RL,F4,29,1,22.0,NS-LU,4
RL,F4,29,2,22.0,EW-SR,4
RL,F4,29,3,22.0,EW-LU,4
RL,F4,30,0,24.0,NS-SR,4
RL,F4,30,1,22.0,NS-LU,4
RL,F4,30,2,22.0,EW-SR,4
RL,F4,30,3,22.0,EW-LU,4
RL,F4,31,0,24.0,NS-SR,4
RL,F4,31,1,22.0,NS-LU,4
RL,F4,31,2,22.0,EW-SR,4
RL,F4,31,3,22.0,EW-LU,4
RL,F4,32,0,24.0,NS-SR,4
RL,F4,32,1,22.0,NS-LU,4
RL,F4,32,2,22.0,EW-SR,4
RL,F4,32,3,22.0,EW-LU,4
RL,F4,33,0,24.0,NS-SR,4
RL,F4,33,1,22.0,NS-LU,4
RL,F4,33,2,22.0,EW-SR,4
RL,F4,33,3,22.0,EW-LU,4
RL,F4,34,0,24.0,NS-SR,4
RL,F4,34,1,22.0,NS-LU,4
RL,F4,34,2,22.0,EW-SR,4
RL,F4,34,3,22.0,EW-LU,4
RL,F4,35,0,24.0,NS-SR,4
RL,F4,35,1,22.0,NS-LU,4
RL,F4,35,2,22.0,EW-SR,4
RL,F4,35,3,22.0,EW-LU,4
RL,F4,36,0,24.0,NS-SR,4
RL,F4,36,1,22.0,NS-LU,4
RL,F4,36,2,22.0,EW-SR,4
RL,F4,36,3,22.0,EW-LU,4
RL,F4,37,0,24.0,NS-SR,4
RL,F4,37,1,22.0,NS-LU,4
RL,F4,37,2,22.0,EW-SR,4
RL,F4,37,3,22.0,EW-LU,4
RL,F4,38,0,24.0,NS-SR,4
RL,F4,38,1,22.0,NS-LU,4
RL,F4,38,2,22.0,EW-SR,4
RL,F4,38,3,22.0,EW-LU,4
RL,F4,39,0,24.0,NS-SR,4
RL,F4,39,1,22.0,NS-LU,4
RL,F4,39,2,22.0,EW-SR,4
RL,F4,39,3,22.0,EW-LU,4
RL,F4,40,0,24.0,NS-SR,4
RL,F4,40,1,22.0,NS-LU,4
RL,F4,40,2,22.0,EW-SR,4
RL,F4,40,3,22.0,EW-LU,4
RL,F4,41,0,24.0,NS-SR,4
RL,F4,41,1,22.0,NS-LU,4
RL,F4,41,2,22.0,EW-SR,4
RL,F4,41,3,22.0,EW-LU,4
RL,F4,42,0,24.0,NS-SR,4
RL,F4,42,1,22.0,NS-LU,4
RL,F4,42,2,22.0,EW-SR,4
RL,F4,42,3,22.0,EW-LU,4
RL,F4,43,0,24.0,NS-SR,4
RL,F4,43,1,22.0,NS-LU,4
RL,F4,43,2,22.0,EW-SR,4
RL,F4,43,3,22.0,EW-LU,4
RL,F4,44,0,24.0,NS-SR,4
RL,F4,44,1,22.0,NS-LU,4
RL,F4,44,2,22.0,EW-SR,4
RL,F4,44,3,22.0,EW-LU,4
RL,F4,45,0,24.0,NS-SR,4
RL,F4,45,1,22.0,NS-LU,4
RL,F4,45,2,22.0,EW-SR,4
RL,F4,45,3,22.0,EW-LU,4
RL,F4,46,0,24.0,NS-SR,4
RL,F4,46,1,22.0,NS-LU,4
RL,F4,46,2,22.0,EW-SR,4
RL,F4,46,3,22.0,EW-LU,4
RL,F4,47,0,24.0,NS-SR,4
RL,F4,47,1,22.0,NS-LU,4
RL,F4,47,2,22.0,EW-SR,4
RL,F4,47,3,22.0,EW-LU,4
RL,F4,48,0,24.0,NS-SR,4
RL,F4,48,1,22.0,NS-LU,4
RL,F4,48,2,22.0,EW-SR,4
RL,F4,48,3,22.0,EW-LU,4
RL,F4,49,0,24.0,NS-SR,4
RL,F4,49,1,22.0,NS-LU,4
RL,F4,49,2,22.0,EW-SR,4
RL,F4,49,3,22.0,EW-LU,4
RL,F4,50,0,24.0,NS-SR,4
RL,F4,50,1,22.0,NS-LU,4
RL,F4,50,2,22.0,EW-SR,4
RL,F4,50,3,22.0,EW-LU,4
RL,F4,51,0,24.0,NS-SR,4
RL,F4,51,1,22.0,NS-LU,4
RL,F4,51,2,22.0,EW-SR,4
RL,F4,51,3,22.0,EW-LU,4
RL,F4,52,0,24.0,NS-SR,4
RL,F4,52,1,22.0,NS-LU,4
RL,F4,52,2,22.0,EW-SR,4
RL,F4,52,3,22.0,EW-LU,4
RL,F4,53,0,24.0,NS-SR,4
RL,F4,53,1,22.0,NS-LU,4
RL,F4,53,2,22.0,EW-SR,4
RL,F4,53,3,22.0,EW-LU,4
RL,F4,54,0,24.0,NS-SR,4
RL,F4,54,1,22.0,NS-LU,4
RL,F4,54,2,22.0,EW-SR,4
RL,F4,54,3,22.0,EW-LU,4
RL,F4,55,0,24.0,NS-SR,4
RL,F4,55,1,22.0,NS-LU,4
RL,F4,55,2,22.0,EW-SR,4
RL,F4,55,3,22.0,EW-LU,4
RL,F4,56,0,24.0,NS-SR,4
RL,F4,56,1,22.0,NS-LU,4
RL,F4,56,2,22.0,EW-SR,4
RL,F4,56,3,22.0,EW-LU,4
RL,F4,57,0,24.0,NS-SR,4
RL,F4,57,1,22.0,NS-LU,4
RL,F4,57,2,22.0,EW-SR,4
RL,F4,57,3,22.0,EW-LU,4
RL,F4,58,0,24.0,NS-SR,4
RL,F4,58,1,22.0,NS-LU,4
RL,F4,58,2,22.0,EW-SR,4
RL,F4,58,3,22.0,EW-LU,4
RL,F4,59,0,24.0,NS-SR,4
RL,F4,59,1,22.0,NS-LU,4
RL,F4,59,2,22.0,EW-SR,4
RL,F4,59,3,22.0,EW-LU,4
RL,F4,60,0,24.0,NS-SR,4
RL,F4,60,1,22.0,NS-LU,4
RL,F4,60,2,22.0,EW-SR,4
RL,F4,60,3,22.0,EW-LU,4
RL,F4,61,0,24.0,NS-SR,4
RL,F4,61,1,22.0,NS-LU,4
RL,F4,61,2,22.0,EW-SR,4
RL,F4,61,3,22.0,EW-LU,4
RL,F4,62,0,24.0,NS-SR,4
RL,F4,62,1,22.0,NS-LU,4
RL,F4,62,2,22.0,EW-SR,4
RL,F4,62,3,22.0,EW-LU,4
RL,F4,63,0,24.0,NS-SR,4
RL,F4,63,1,22.0,NS-LU,4
RL,F4,63,2,22.0,EW-SR,4
RL,F4,63,3,22.0,EW-LU,4
RL,F4,64,0,24.0,NS-SR,4
RL,F4,64,1,22.0,NS-LU,4
RL,F4,64,2,22.0,EW-SR,4
RL,F4,64,3,22.0,EW-LU,4
RL,F4,65,0,24.0,NS-SR,4
RL,F4,65,1,22.0,NS-LU,4
RL,F4,65,2,22.0,EW-SR,4
RL,F4,65,3,22.0,EW-LU,4
RL,F4,66,0,24.0,NS-SR,4
RL,F4,66,1,22.0,NS-LU,4
RL,F4,66,2,22.0,EW-SR,4
RL,F4,66,3,22.0,EW-LU,4
RL,F4,67,0,24.0,NS-SR,4
RL,F4,67,1,22.0,NS-LU,4
RL,F4,67,2,22.0,EW-SR,4
RL,F4,67,3,22.0,EW-LU,4
RL,F4,68,0,24.0,NS-SR,4
RL,F4,68,1,22.0,NS-LU,4
RL,F4,68,2,22.0,EW-SR,4
RL,F4,68,3,22.0,EW-LU,4
RL,F4,69,0,24.0,NS-SR,4
RL,F4,69,1,22.0,NS-LU,4
RL,F4,69,2,22.0,EW-SR,4
RL,F4,69,3,22.0,EW-LU,4
RL,F4,70,0,24.0,NS-SR,4
RL,F4,70,1,22.0,NS-LU,4
RL,F4,70,2,22.0,EW-SR,4
RL,F4,70,3,22.0,EW-LU,4
RL,F4,71,0,24.0,NS-SR,4
RL,F4,71,1,22.0,NS-LU,4
RL,F4,71,2,22.0,EW-SR,4
RL,F4,71,3,22.0,EW-LU,4
RL,F4,72,0,24.0,NS-SR,4
RL,F4,72,1,22.0,NS-LU,4
RL,F4,72,2,22.0,EW-SR,4
RL,F4,72,3,22.0,EW-LU,4
RL,F4,73,0,24.0,NS-SR,4
RL,F4,73,1,22.0,NS-LU,4
RL,F4,73,2,22.0,EW-SR,4
RL,F4,73,3,22.0,EW-LU,4
RL,F4,74,0,24.0,NS-SR,4
RL,F4,74,1,22.0,NS-LU,4
RL,F4,74,2,22.0,EW-SR,4
RL,F4,74,3,22.0,EW-LU,4
RL,F4,75,0,24.0,NS-SR,4
RL,F4,75,1,22.0,NS-LU,4
RL,F4,75,2,22.0,EW-SR,4
RL,F4,75,3,22.0,EW-LU,4
RL,F4,76,0,24.0,NS-SR,4
RL,F4,76,1,22.0,NS-LU,4
RL,F4,76,2,22.0,EW-SR,4
RL,F4,76,3,22.0,EW-LU,4
RL,F4,77,0,24.0,NS-SR,4
RL,F4,77,1,22.0,NS-LU,4
RL,F4,77,2,22.0,EW-SR,4
RL,F4,77,3,22.0,EW-LU,4
RL,F4,78,0,24.0,NS-SR,4
RL,F4,78,1,22.0,NS-LU,4
RL,F4,78,2,22.0,EW-SR,4
RL,F4,78,3,22.0,EW-LU,4
RL,F4,79,0,24.0,NS-SR,4
RL,F4,79,1,22.0,NS-LU,4
RL,F4,79,2,22.0,EW-SR,4
RL,F4,79,3,22.0,EW-LU,4
RL,F4,80,0,24.0,NS-SR,4
RL,F4,80,1,22.0,NS-LU,4
RL,F4,80,2,22.0,EW-SR,4
RL,F4,80,3,22.0,EW-LU,4
RL,F3,0,0,58.0,NS-SR,4
RL,F3,0,1,10.0,NS-LU,4
RL,F3,0,2,12.0,EW-SR,4
RL,F3,0,3,10.0,EW-LU,4
RL,F3,1,0,60.0,NS-SR,4
RL,F3,1,1,10.0,NS-LU,4
RL,F3,1,2,10.0,EW-SR,4
RL,F3,1,3,10.0,EW-LU,4
RL,F3,2,0,60.0,NS-SR,4
RL,F3,2,1,10.0,NS-LU,4
RL,F3,2,2,10.0,EW-SR,4
RL,F3,2,3,10.0,EW-LU,4
RL,F3,3,0,60.0,NS-SR,4
RL,F3,3,1,10.0,NS-LU,4
RL,F3,3,2,10.0,EW-SR,4
RL,F3,3,3,10.0,EW-LU,4
RL,F3,4,0,60.0,NS-SR,4
RL,F3,4,1,10.0,NS-LU,4
RL,F3,4,2,10.0,EW-SR,4
RL,F3,4,3,10.0,EW-LU,4
RL,F3,5,0,60.0,NS-SR,4
RL,F3,5,1,10.0,NS-LU,4
RL,F3,5,2,10.0,EW-SR,4
RL,F3,5,3,10.0,EW-LU,4
RL,F3,6,0,60.0,NS-SR,4
RL,F3,6,1,10.0,NS-LU,4
RL,F3,6,2,10.0,EW-SR,4
RL,F3,6,3,10.0,EW-LU,4
RL,F3,7,0,60.0,NS-SR,4
RL,F3,7,1,10.0,NS-LU,4
RL,F3,7,2,10.0,EW-SR,4
RL,F3,7,3,10.0,EW-LU,4
RL,F3,8,0,60.0,NS-SR,4
RL,F3,8,1,10.0,NS-LU,4
RL,F3,8,2,10.0,EW-SR,4
RL,F3,8,3,10.0,EW-LU,4
RL,F3,9,0,60.0,NS-SR,4
RL,F3,9,1,10.0,NS-LU,4
RL,F3,9,2,10.0,EW-SR,4
RL,F3,9,3,10.0,EW-LU,4
RL,F3,10,0,60.0,NS-SR,4
RL,F3,10,1,10.0,NS-LU,4
RL,F3,10,2,10.0,EW-SR,4
RL,F3,10,3,10.0,EW-LU,4
RL,F3,11,0,60.0,NS-SR,4
RL,F3,11,1,10.0,NS-LU,4
RL,F3,11,2,10.0,EW-SR,4
RL,F3,11,3,10.0,EW-LU,4
RL,F3,12,0,60.0,NS-SR,4
RL,F3,12,1,10.0,NS-LU,4
RL,F3,12,2,10.0,EW-SR,4
RL,F3,12,3,10.0,EW-LU,4
RL,F3,13,0,60.0,NS-SR,4
RL,F3,13,1,10.0,NS-LU,4
RL,F3,13,2,10.0,EW-SR,4
RL,F3,13,3,10.0,EW-LU,4
RL,F3,14,0,60.0,NS-SR,4
RL,F3,14,1,10.0,NS-LU,4
RL,F3,14,2,10.0,EW-SR,4
RL,F3,14,3,10.0,EW-LU,4
RL,F3,15,0,60.0,NS-SR,4
RL,F3,15,1,10.0,NS-LU,4
RL,F3,15,2,10.0,EW-SR,4
RL,F3,15,3,10.0,EW-LU,4
RL,F3,16,0,60.0,NS-SR,4
RL,F3,16,1,10.0,NS-LU,4
RL,F3,16,2,10.0,EW-SR,4
RL,F3,16,3,10.0,EW-LU,4
RL,F3,17,0,60.0,NS-SR,4
RL,F3,17,1,10.0,NS-LU,4
RL,F3,17,2,10.0,EW-SR,4
RL,F3,17,3,10.0,EW-LU,4
RL,F3,18,0,60.0,NS-SR,4
RL,F3,18,1,10.0,NS-LU,4
RL,F3,18,2,10.0,EW-SR,4
RL,F3,18,3,10.0,EW-LU,4
RL,F3,19,0,60.0,NS-SR,4
RL,F3,19,1,10.0,NS-LU,4
RL,F3,19,2,10.0,EW-SR,4
RL,F3,19,3,10.0,EW-LU,4
RL,F3,20,0,60.0,NS-SR,4
RL,F3,20,1,10.0,NS-LU,4
RL,F3,20,2,10.0,EW-SR,4
RL,F3,20,3,10.0,EW-LU,4
RL,F3,21,0,60.0,NS-SR,4
RL,F3,21,1,10.0,NS-LU,4
RL,F3,21,2,10.0,EW-SR,4
RL,F3,21,3,10.0,EW-LU,4
RL,F3,22,0,60.0,NS-SR,4
RL,F3,22,1,10.0,NS-LU,4
RL,F3,22,2,10.0,EW-SR,4
RL,F3,22,3,10.0,EW-LU,4
RL,F3,23,0,60.0,NS-SR,4
RL,F3,23,1,10.0,NS-LU,4
RL,F3,23,2,10.0,EW-SR,4
RL,F3,23,3,10.0,EW-LU,4
RL,F3,24,0,60.0,NS-SR,4
RL,F3,24,1,10.0,NS-LU,4
RL,F3,24,2,10.0,EW-SR,4
RL,F3,24,3,10.0,EW-LU,4
RL,F3,25,0,60.0,NS-SR,4
RL,F3,25,1,10.0,NS-LU,4
RL,F3,25,2,10.0,EW-SR,4
RL,F3,25,3,10.0,EW-LU,4
RL,F3,26,0,60.0,NS-SR,4
RL,F3,26,1,10.0,NS-LU,4
RL,F3,26,2,10.0,EW-SR,4
RL,F3,26,3,10.0,EW-LU,4
RL,F3,27,0,60.0,NS-SR,4
RL,F3,27,1,10.0,NS-LU,4
RL,F3,27,2,10.0,EW-SR,4
RL,F3,27,3,10.0,EW-LU,4
RL,F3,28,0,60.0,NS-SR,4
RL,F3,28,1,10.0,NS-LU,4
RL,F3,28,2,10.0,EW-SR,4
RL,F3,28,3,10.0,EW-LU,4
RL,F3,29,0,60.0,NS-SR,4
RL,F3,29,1,10.0,NS-LU,4
RL,F3,29,2,10.0,EW-SR,4
RL,F3,29,3,10.0,EW-LU,4
RL,F3,30,0,60.0,NS-SR,4
RL,F3,30,1,10.0,NS-LU,4
RL,F3,30,2,10.0,EW-SR,4
RL,F3,30,3,10.0,EW-LU,4
RL,F3,31,0,60.0,NS-SR,4
RL,F3,31,1,10.0,NS-LU,4
RL,F3,31,2,10.0,EW-SR,4
RL,F3,31,3,10.0,EW-LU,4
RL,F3,32,0,60.0,NS-SR,4
RL,F3,32,1,10.0,NS-LU,4
RL,F3,32,2,10.0,EW-SR,4
RL,F3,32,3,10.0,EW-LU,4
RL,F3,33,0,60.0,NS-SR,4
RL,F3,33,1,10.0,NS-LU,4
RL,F3,33,2,10.0,EW-SR,4
RL,F3,33,3,10.0,EW-LU,4
RL,F3,34,0,60.0,NS-SR,4
RL,F3,34,1,10.0,NS-LU,4
RL,F3,34,2,10.0,EW-SR,4
RL,F3,34,3,10.0,EW-LU,4
RL,F3,35,0,60.0,NS-SR,4
RL,F3,35,1,10.0,NS-LU,4
RL,F3,35,2,10.0,EW-SR,4
RL,F3,35,3,10.0,EW-LU,4
RL,F3,36,0,60.0,NS-SR,4
RL,F3,36,1,10.0,NS-LU,4
RL,F3,36,2,10.0,EW-SR,4
RL,F3,36,3,10.0,EW-LU,4
RL,F3,37,0,60.0,NS-SR,4
RL,F3,37,1,10.0,NS-LU,4
RL,F3,37,2,10.0,EW-SR,4
RL,F3,37,3,10.0,EW-LU,4
RL,F3,38,0,60.0,NS-SR,4
RL,F3,38,1,10.0,NS-LU,4
RL,F3,38,2,10.0,EW-SR,4
RL,F3,38,3,10.0,EW-LU,4
RL,F3,39,0,60.0,NS-SR,4
RL,F3,39,1,10.0,NS-LU,4
RL,F3,39,2,10.0,EW-SR,4
RL,F3,39,3,10.0,EW-LU,4
RL,F3,40,0,60.0,NS-SR,4
RL,F3,40,1,10.0,NS-LU,4
RL,F3,40,2,10.0,EW-SR,4
RL,F3,40,3,10.0,EW-LU,4
RL,F3,41,0,60.0,NS-SR,4
RL,F3,41,1,10.0,NS-LU,4
RL,F3,41,2,10.0,EW-SR,4
RL,F3,41,3,10.0,EW-LU,4
RL,F3,42,0,60.0,NS-SR,4
RL,F3,42,1,10.0,NS-LU,4
RL,F3,42,2,10.0,EW-SR,4
RL,F3,42,3,10.0,EW-LU,4
RL,F3,43,0,60.0,NS-SR,4
RL,F3,43,1,10.0,NS-LU,4
RL,F3,43,2,10.0,EW-SR,4
RL,F3,43,3,10.0,EW-LU,4
RL,F3,44,0,60.0,NS-SR,4
RL,F3,44,1,10.0,NS-LU,4
RL,F3,44,2,10.0,EW-SR,4
RL,F3,44,3,10.0,EW-LU,4
RL,F3,45,0,60.0,NS-SR,4
RL,F3,45,1,10.0,NS-LU,4
RL,F3,45,2,10.0,EW-SR,4
RL,F3,45,3,10.0,EW-LU,4
RL,F3,46,0,60.0,NS-SR,4
RL,F3,46,1,10.0,NS-LU,4
RL,F3,46,2,10.0,EW-SR,4
RL,F3,46,3,10.0,EW-LU,4
RL,F3,47,0,60.0,NS-SR,4
RL,F3,47,1,10.0,NS-LU,4
RL,F3,47,2,10.0,EW-SR,4
RL,F3,47,3,10.0,EW-LU,4
RL,F3,48,0,60.0,NS-SR,4
RL,F3,48,1,10.0,NS-LU,4
RL,F3,48,2,10.0,EW-SR,4
RL,F3,48,3,10.0,EW-LU,4
RL,F3,49,0,60.0,NS-SR,4
RL,F3,49,1,10.0,NS-LU,4
RL,F3,49,2,10.0,EW-SR,4
RL,F3,49,3,10.0,EW-LU,4
RL,F3,50,0,60.0,NS-SR,4
RL,F3,50,1,10.0,NS-LU,4
RL,F3,50,2,10.0,EW-SR,4
RL,F3,50,3,10.0,EW-LU,4
RL,F3,51,0,60.0,NS-SR,4
RL,F3,51,1,10.0,NS-LU,4
RL,F3,51,2,10.0,EW-SR,4
RL,F3,51,3,10.0,EW-LU,4
RL,F3,52,0,60.0,NS-SR,4
RL,F3,52,1,10.0,NS-LU,4
RL,F3,52,2,10.0,EW-SR,4
RL,F3,52,3,10.0,EW-LU,4
RL,F3,53,0,60.0,NS-SR,4
RL,F3,53,1,10.0,NS-LU,4
RL,F3,53,2,10.0,EW-SR,4
RL,F3,53,3,10.0,EW-LU,4
RL,F3,54,0,60.0,NS-SR,4
RL,F3,54,1,10.0,NS-LU,4
RL,F3,54,2,10.0,EW-SR,4
RL,F3,54,3,10.0,EW-LU,4
RL,F3,55,0,60.0,NS-SR,4
RL,F3,55,1,10.0,NS-LU,4
RL,F3,55,2,10.0,EW-SR,4
RL,F3,55,3,10.0,EW-LU,4
RL,F3,56,0,60.0,NS-SR,4
RL,F3,56,1,10.0,NS-LU,4
RL,F3,56,2,10.0,EW-SR,4
RL,F3,56,3,10.0,EW-LU,4
RL,F3,57,0,60.0,NS-SR,4
RL,F3,57,1,10.0,NS-LU,4
RL,F3,57,2,10.0,EW-SR,4
RL,F3,57,3,10.0,EW-LU,4
RL,F3,58,0,60.0,NS-SR,4
RL,F3,58,1,10.0,NS-LU,4
RL,F3,58,2,10.0,EW-SR,4
RL,F3,58,3,10.0,EW-LU,4
RL,F3,59,0,60.0,NS-SR,4
RL,F3,59,1,10.0,NS-LU,4
RL,F3,59,2,10.0,EW-SR,4
RL,F3,59,3,10.0,EW-LU,4
RL,F3,60,0,60.0,NS-SR,4
RL,F3,60,1,10.0,NS-LU,4
RL,F3,60,2,10.0,EW-SR,4
RL,F3,60,3,10.0,EW-LU,4
RL,F3,61,0,57.0,NS-SR,4
RL,F3,61,1,11.0,NS-LU,4
RL,F3,61,2,11.0,EW-SR,4
RL,F3,61,3,11.0,EW-LU,4
RL,F3,62,0,60.0,NS-SR,4
RL,F3,62,1,10.0,NS-LU,4
RL,F3,62,2,10.0,EW-SR,4
RL,F3,62,3,10.0,EW-LU,4
RL,F3,63,0,60.0,NS-SR,4
RL,F3,63,1,10.0,NS-LU,4
RL,F3,63,2,10.0,EW-SR,4
RL,F3,63,3,10.0,EW-LU,4
RL,F3,64,0,60.0,NS-SR,4
RL,F3,64,1,10.0,NS-LU,4
RL,F3,64,2,10.0,EW-SR,4
RL,F3,64,3,10.0,EW-LU,4
RL,F3,65,0,60.0,NS-SR,4
RL,F3,65,1,10.0,NS-LU,4
RL,F3,65,2,10.0,EW-SR,4
RL,F3,65,3,10.0,EW-LU,4
RL,F3,66,0,60.0,NS-SR,4
RL,F3,66,1,10.0,NS-LU,4
RL,F3,66,2,10.0,EW-SR,4
RL,F3,66,3,10.0,EW-LU,4
RL,F3,67,0,60.0,NS-SR,4
RL,F3,67,1,10.0,NS-LU,4
RL,F3,67,2,10.0,EW-SR,4
RL,F3,67,3,10.0,EW-LU,4
RL,F3,68,0,60.0,NS-SR,4
RL,F3,68,1,10.0,NS-LU,4
RL,F3,68,2,10.0,EW-SR,4
RL,F3,68,3,10.0,EW-LU,4
RL,F3,69,0,60.0,NS-SR,4
RL,F3,69,1,10.0,NS-LU,4
RL,F3,69,2,10.0,EW-SR,4
RL,F3,69,3,10.0,EW-LU,4
RL,F3,70,0,60.0,NS-SR,4
RL,F3,70,1,10.0,NS-LU,4
RL,F3,70,2,10.0,EW-SR,4
RL,F3,70,3,10.0,EW-LU,4
RL,F3,71,0,60.0,NS-SR,4
RL,F3,71,1,10.0,NS-LU,4
RL,F3,71,2,10.0,EW-SR,4
RL,F3,71,3,10.0,EW-LU,4
RL,F3,72,0,60.0,NS-SR,4
RL,F3,72,1,10.0,NS-LU,4
RL,F3,72,2,10.0,EW-SR,4
RL,F3,72,3,10.0,EW-LU,4
RL,F3,73,0,60.0,NS-SR,4
RL,F3,73,1,10.0,NS-LU,4
RL,F3,73,2,10.0,EW-SR,4
RL,F3,73,3,10.0,EW-LU,4
RL,F3,74,0,60.0,NS-SR,4
RL,F3,74,1,10.0,NS-LU,4
RL,F3,74,2,10.0,EW-SR,4
RL,F3,74,3,10.0,EW-LU,4
RL,F3,75,0,60.0,NS-SR,4
RL,F3,75,1,10.0,NS-LU,4
RL,F3,75,2,10.0,EW-SR,4
RL,F3,75,3,10.0,EW-LU,4
RL,F3,76,0,60.0,NS-SR,4
RL,F3,76,1,10.0,NS-LU,4
RL,F3,76,2,10.0,EW-SR,4
RL,F3,76,3,10.0,EW-LU,4
RL,F3,77,0,60.0,NS-SR,4
RL,F3,77,1,10.0,NS-LU,4
RL,F3,77,2,10.0,EW-SR,4
RL,F3,77,3,10.0,EW-LU,4
RL,F3,78,0,60.0,NS-SR,4
RL,F3,78,1,10.0,NS-LU,4
RL,F3,78,2,10.0,EW-SR,4
RL,F3,78,3,10.0,EW-LU,4
RL,F3,79,0,60.0,NS-SR,4
RL,F3,79,1,10.0,NS-LU,4
RL,F3,79,2,10.0,EW-SR,4
RL,F3,79,3,10.0,EW-LU,4
RL,F3,80,0,60.0,NS-SR,4
RL,F3,80,1,10.0,NS-LU,4
RL,F3,80,2,10.0,EW-SR,4
RL,F3,80,3,10.0,EW-LU,4
