run_name: fixed_s08   controller: rl   started: 2026-09-24T09:49:22Z
src: /a/home/cc/tree/taucc/architec/efratbl/sumo-traffic-generator/paper_rl_vs_tm/app/src/__init__.py
python: Python 3.10.2
sumo: Eclipse SUMO sumo 1.25.0
numpy 1.24.4 torch 2.1.2+cpu sb3 2.1.0
model md5: 8b8d9f494260a1a1f6a24b2c4ef25667
sumo seed: 8
plan: results/plans/rl_modal.csv  md5: 95cd745b8429b508a1616c6cdd75e604
2026-09-24 12:49:39,297 - StandardPipeline - INFO - Prepared output directory: /a/home/cc/architec/efratbl/sumo-traffic-generator/paper_rl_vs_tm/results/runs/fixed_s08/workspace
2026-09-24 12:49:39,297 - StandardPipeline - INFO - --- Step 1: Network Generation ---
Success.
2026-09-24 12:49:40,143 - StandardPipeline - INFO - --- Step 2: Zone Generation ---
2026-09-24 12:49:42,144 - StandardPipeline - INFO - --- Step 3: Integrated Edge Splitting with Lane Assignment ---
Post-processing: 108 edges processed, 108 converted to multi-head
2026-09-24 12:50:19,016 - StandardPipeline - INFO - --- Step 4: Network Rebuild ---
2026-09-24 12:50:20,104 - StandardPipeline - INFO - --- Step 5: Edge Attractiveness Assignment ---
2026-09-24 12:52:23,225 - StandardPipeline - INFO - --- Step 6: Vehicle Route Generation ---
2026-09-24 12:52:42,230 - StandardPipeline - INFO - --- Step 7: SUMO Configuration Generation ---
2026-09-24 12:52:42,237 - StandardPipeline - INFO - --- Step 8: Dynamic Simulation ---
2026-09-24 12:52:42,237 - src.orchestration.simulator - INFO - Using TraCI simulator for rl (dynamic control)
2026-09-24 12:52:45,160 - RLController - INFO - PAPER_RL_VS_TM: loaded timing plan /a/home/cc/architec/efratbl/sumo-traffic-generator/paper_rl_vs_tm/results/plans/rl_modal.csv (34 rows)
 Retrying in 1 seconds
2026-09-24 12:52:48,534 - RLController - INFO - Creating RL environment...
[DIM CHECK] network_path='None'
[DIM CHECK] Using existing workspace network: /a/home/cc/architec/efratbl/sumo-traffic-generator/paper_rl_vs_tm/results/runs/fixed_s08/workspace/grid.net.xml
2026-09-24 12:52:48,534 - TrafficControlEnv - INFO - Using existing workspace network: /a/home/cc/architec/efratbl/sumo-traffic-generator/paper_rl_vs_tm/results/runs/fixed_s08/workspace/grid.net.xml
2026-09-24 12:52:48,690 - TrafficControlEnv - INFO - Parsed network dimensions from: /a/home/cc/architec/efratbl/sumo-traffic-generator/paper_rl_vs_tm/results/runs/fixed_s08/workspace/grid.net.xml
2026-09-24 12:52:48,690 - TrafficControlEnv - INFO -   Edges: 468
2026-09-24 12:52:48,690 - TrafficControlEnv - INFO -   Junctions: 34
2026-09-24 12:52:48,692 - RLController - INFO - RL environment created successfully
2026-09-24 12:52:48,692 - RLController - INFO - Observation space: (2882,)
2026-09-24 12:52:48,692 - RLController - INFO - Action space: (136,)
/a/home/cc/tree/taucc/architec/efratbl/sumo-traffic-generator/paper_rl_vs_tm/app/src/rl/controller.py:259: UserWarning: Call to deprecated function getAllProgramLogics, use getCompleteRedYellowGreenDefinition instead.
  complete_def = traci.trafficlight.getCompleteRedYellowGreenDefinition(tl_id)[
2026-09-24 12:52:48,976 - RLController - INFO - DIAGNOSTIC Step 0 - Observation stats:
2026-09-24 12:52:48,976 - RLController - INFO -   Hash: 4280105018430239817, Min: 0.000000, Max: 1.000080, Mean: 0.246374, Std: 0.378330
2026-09-24 12:52:48,976 - RLController - INFO -   First 10: [1.  0.  0.  0.  0.  0.5 1.  0.  0.  0. ]
2026-09-24 12:52:48,976 - RLController - INFO -   Last 10: [0.      0.1875  0.      0.25    0.      0.      0.      1.00008 0.
 0.3    ]
2026-09-24 12:52:48,984 - RLController - INFO - DIAGNOSTIC - Raw model action output:
2026-09-24 12:52:48,984 - RLController - INFO -   Action hash: -2537722044719715160
2026-09-24 12:52:48,984 - RLController - INFO -   First 8 values: [ -4.2462254 -10.         -8.615134  -10.        -10.        -10.
  -9.517142   -9.423127 ]
2026-09-24 12:52:48,985 - RLController - INFO -   Last 8 values: [ -9.937325  -10.         -7.9518666 -10.         -8.441892   -1.202461
  -9.473316  -10.       ]
2026-09-24 12:52:48,985 - RLController - INFO -   Action shape: (136,), min: -10.000000, max: 2.648499, mean: -8.256987
2026-09-24 12:52:48,985 - RLController - INFO -   B0 junction (indices 16-19) raw values: [ -7.3623834  -6.7744145  -7.927693  -10.       ]
2026-09-24 12:52:48,985 - RLController - INFO - Using CONTINUOUS DURATION-BASED mode
2026-09-24 12:52:48,986 - RLController - INFO -   Example: junction A0 -> durations [51, 13, 13, 13] (total: 90s)
2026-09-24 12:52:48,986 - RLController - INFO -   Example: junction A1 -> durations [24, 22, 22, 22] (total: 90s)
2026-09-24 12:52:48,986 - RLController - INFO -   Example: junction A2 -> durations [12, 12, 54, 12] (total: 90s)
2026-09-24 12:52:48,986 - RLController - INFO -   Example: junction A4 -> durations [60, 10, 10, 10] (total: 90s)
2026-09-24 12:52:48,987 - RLController - INFO -   Example: junction A5 -> durations [24, 22, 22, 22] (total: 90s)
2026-09-24 12:52:48,987 - RLController - INFO -   Example: junction B0 -> durations [24, 22, 22, 22] (total: 90s)
2026-09-24 12:52:48,987 - RLController - INFO -   Example: junction B1 -> durations [24, 22, 22, 22] (total: 90s)
2026-09-24 12:52:48,987 - RLController - INFO -   Example: junction B2 -> durations [24, 22, 22, 22] (total: 90s)
2026-09-24 12:52:48,987 - RLController - INFO -   Example: junction B4 -> durations [24, 22, 22, 22] (total: 90s)
2026-09-24 12:52:48,987 - RLController - INFO -   Example: junction B5 -> durations [60, 10, 10, 10] (total: 90s)
2026-09-24 12:52:48,987 - RLController - INFO -   Example: junction C0 -> durations [22, 22, 24, 22] (total: 90s)
2026-09-24 12:52:48,987 - RLController - INFO -   Example: junction C1 -> durations [24, 22, 22, 22] (total: 90s)
2026-09-24 12:52:48,988 - RLController - INFO -   Example: junction C2 -> durations [57, 13, 10, 10] (total: 90s)
2026-09-24 12:52:48,988 - RLController - INFO -   Example: junction C3 -> durations [60, 10, 10, 10] (total: 90s)
2026-09-24 12:52:48,988 - RLController - INFO -   Example: junction C4 -> durations [57, 11, 11, 11] (total: 90s)
2026-09-24 12:52:48,988 - RLController - INFO -   Example: junction C5 -> durations [57, 11, 11, 11] (total: 90s)
2026-09-24 12:52:48,988 - RLController - INFO -   Example: junction D0 -> durations [24, 22, 22, 22] (total: 90s)
2026-09-24 12:52:48,988 - RLController - INFO -   Example: junction D1 -> durations [21, 21, 27, 21] (total: 90s)
2026-09-24 12:52:48,988 - RLController - INFO -   Example: junction D2 -> durations [45, 15, 15, 15] (total: 90s)
2026-09-24 12:52:48,989 - RLController - INFO -   Example: junction D3 -> durations [24, 22, 22, 22] (total: 90s)
2026-09-24 12:52:48,989 - RLController - INFO -   Example: junction D4 -> durations [24, 22, 22, 22] (total: 90s)
2026-09-24 12:52:48,989 - RLController - INFO -   Example: junction D5 -> durations [13, 13, 51, 13] (total: 90s)
2026-09-24 12:52:48,989 - RLController - INFO -   Example: junction E0 -> durations [24, 22, 22, 22] (total: 90s)
2026-09-24 12:52:48,989 - RLController - INFO -   Example: junction E1 -> durations [24, 22, 22, 22] (total: 90s)
2026-09-24 12:52:48,990 - RLController - INFO -   Stored schedules for 34 junctions, cycle starts at step 0
2026-09-24 12:52:49,791 - RLController - INFO - DIAGNOSTIC Step 90 - Observation stats:
2026-09-24 12:52:49,791 - RLController - INFO -   Hash: 5166012947313689324, Min: 0.000000, Max: 1.000000, Mean: 0.295433, Std: 0.403317
2026-09-24 12:52:49,792 - RLController - INFO -   First 10: [1.  0.  0.  0.  0.  0.5 1.  0.  0.  0. ]
2026-09-24 12:52:49,792 - RLController - INFO -   Last 10: [0.0000000e+00 2.0000000e-01 0.0000000e+00 8.3333336e-02 1.4316240e-01
 7.5057824e-04 1.0555555e-02 8.5615915e-01 0.0000000e+00 3.0000001e-01]
2026-09-24 12:52:49,796 - RLController - INFO - DIAGNOSTIC - Raw model action output:
2026-09-24 12:52:49,796 - RLController - INFO -   Action hash: -1310411578637654364
2026-09-24 12:52:49,796 - RLController - INFO -   First 8 values: [ -5.5976233 -10.        -10.        -10.        -10.        -10.
 -10.        -10.       ]
2026-09-24 12:52:49,796 - RLController - INFO -   Last 8 values: [-10.         -10.         -10.         -10.         -10.
   0.24515729 -10.         -10.        ]
2026-09-24 12:52:49,797 - RLController - INFO -   Action shape: (136,), min: -10.000000, max: 4.243364, mean: -8.873684
2026-09-24 12:52:49,797 - RLController - INFO -   B0 junction (indices 16-19) raw values: [ -8.644057  -8.857362 -10.       -10.      ]
2026-09-24 12:52:49,797 - RLController - INFO - Using CONTINUOUS DURATION-BASED mode
2026-09-24 12:52:49,797 - RLController - INFO -   Example: junction A0 -> durations [51, 13, 13, 13] (total: 90s)
2026-09-24 12:52:49,797 - RLController - INFO -   Example: junction A1 -> durations [24, 22, 22, 22] (total: 90s)
2026-09-24 12:52:49,797 - RLController - INFO -   Example: junction A2 -> durations [12, 12, 54, 12] (total: 90s)
2026-09-24 12:52:49,797 - RLController - INFO -   Example: junction A4 -> durations [60, 10, 10, 10] (total: 90s)
2026-09-24 12:52:49,798 - RLController - INFO -   Example: junction A5 -> durations [24, 22, 22, 22] (total: 90s)
2026-09-24 12:52:49,798 - RLController - INFO -   Example: junction B0 -> durations [24, 22, 22, 22] (total: 90s)
2026-09-24 12:52:49,798 - RLController - INFO -   Example: junction B1 -> durations [24, 22, 22, 22] (total: 90s)
2026-09-24 12:52:49,798 - RLController - INFO -   Example: junction B2 -> durations [24, 22, 22, 22] (total: 90s)
2026-09-24 12:52:49,798 - RLController - INFO -   Example: junction B4 -> durations [24, 22, 22, 22] (total: 90s)
2026-09-24 12:52:49,798 - RLController - INFO -   Example: junction B5 -> durations [60, 10, 10, 10] (total: 90s)
2026-09-24 12:52:49,798 - RLController - INFO -   Example: junction C0 -> durations [22, 22, 24, 22] (total: 90s)
2026-09-24 12:52:49,799 - RLController - INFO -   Example: junction C1 -> durations [24, 22, 22, 22] (total: 90s)
2026-09-24 12:52:49,799 - RLController - INFO -   Example: junction C2 -> durations [57, 13, 10, 10] (total: 90s)
2026-09-24 12:52:49,799 - RLController - INFO -   Example: junction C3 -> durations [60, 10, 10, 10] (total: 90s)
2026-09-24 12:52:49,799 - RLController - INFO -   Example: junction C4 -> durations [57, 11, 11, 11] (total: 90s)
2026-09-24 12:52:49,799 - RLController - INFO -   Example: junction C5 -> durations [57, 11, 11, 11] (total: 90s)
2026-09-24 12:52:49,799 - RLController - INFO -   Example: junction D0 -> durations [24, 22, 22, 22] (total: 90s)
2026-09-24 12:52:49,799 - RLController - INFO -   Example: junction D1 -> durations [21, 21, 27, 21] (total: 90s)
2026-09-24 12:52:49,799 - RLController - INFO -   Example: junction D2 -> durations [45, 15, 15, 15] (total: 90s)
2026-09-24 12:52:49,800 - RLController - INFO -   Example: junction D3 -> durations [24, 22, 22, 22] (total: 90s)
2026-09-24 12:52:49,800 - RLController - INFO -   Example: junction D4 -> durations [24, 22, 22, 22] (total: 90s)
2026-09-24 12:52:49,800 - RLController - INFO -   Example: junction D5 -> durations [13, 13, 51, 13] (total: 90s)
2026-09-24 12:52:49,800 - RLController - INFO -   Example: junction E0 -> durations [24, 22, 22, 22] (total: 90s)
2026-09-24 12:52:49,800 - RLController - INFO -   Example: junction E1 -> durations [24, 22, 22, 22] (total: 90s)
2026-09-24 12:52:49,801 - RLController - INFO -   Stored schedules for 34 junctions, cycle starts at step 90
2026-09-24 12:52:50,633 - RLController - INFO - DIAGNOSTIC Step 180 - Observation stats:
2026-09-24 12:52:50,634 - RLController - INFO -   Hash: 8157953798313048742, Min: 0.000000, Max: 1.000000, Mean: 0.322593, Std: 0.416825
2026-09-24 12:52:50,634 - RLController - INFO -   First 10: [1.  0.  0.  0.  0.  0.5 1.  0.  0.  0. ]
2026-09-24 12:52:50,634 - RLController - INFO -   Last 10: [0.         0.2        0.         0.08333334 0.20299146 0.00083318
 0.01905983 0.79052824 0.         0.3       ]
2026-09-24 12:52:50,638 - RLController - INFO - DIAGNOSTIC - Raw model action output:
2026-09-24 12:52:50,638 - RLController - INFO -   Action hash: -5105833950543724555
2026-09-24 12:52:50,638 - RLController - INFO -   First 8 values: [ -5.8094125 -10.        -10.        -10.        -10.        -10.
 -10.        -10.       ]
2026-09-24 12:52:50,638 - RLController - INFO -   Last 8 values: [-10.         -10.         -10.         -10.         -10.
   0.22471313 -10.         -10.        ]
2026-09-24 12:52:50,639 - RLController - INFO -   Action shape: (136,), min: -10.000000, max: 5.191316, mean: -9.076078
2026-09-24 12:52:50,639 - RLController - INFO -   B0 junction (indices 16-19) raw values: [ -8.921935 -10.       -10.       -10.      ]
2026-09-24 12:52:50,639 - RLController - INFO - Using CONTINUOUS DURATION-BASED mode
2026-09-24 12:52:50,639 - RLController - INFO -   Example: junction A0 -> durations [51, 13, 13, 13] (total: 90s)
2026-09-24 12:52:50,639 - RLController - INFO -   Example: junction A1 -> durations [24, 22, 22, 22] (total: 90s)
2026-09-24 12:52:50,639 - RLController - INFO -   Example: junction A2 -> durations [12, 12, 54, 12] (total: 90s)
2026-09-24 12:52:50,639 - RLController - INFO -   Example: junction A4 -> durations [60, 10, 10, 10] (total: 90s)
2026-09-24 12:52:50,640 - RLController - INFO -   Example: junction A5 -> durations [24, 22, 22, 22] (total: 90s)
2026-09-24 12:52:50,640 - RLController - INFO -   Example: junction B0 -> durations [24, 22, 22, 22] (total: 90s)
2026-09-24 12:52:50,640 - RLController - INFO -   Example: junction B1 -> durations [24, 22, 22, 22] (total: 90s)
2026-09-24 12:52:50,640 - RLController - INFO -   Example: junction B2 -> durations [24, 22, 22, 22] (total: 90s)
2026-09-24 12:52:50,640 - RLController - INFO -   Example: junction B4 -> durations [24, 22, 22, 22] (total: 90s)
2026-09-24 12:52:50,640 - RLController - INFO -   Example: junction B5 -> durations [60, 10, 10, 10] (total: 90s)
2026-09-24 12:52:50,640 - RLController - INFO -   Example: junction C0 -> durations [22, 22, 24, 22] (total: 90s)
2026-09-24 12:52:50,641 - RLController - INFO -   Example: junction C1 -> durations [24, 22, 22, 22] (total: 90s)
2026-09-24 12:52:50,641 - RLController - INFO -   Example: junction C2 -> durations [57, 13, 10, 10] (total: 90s)
2026-09-24 12:52:50,641 - RLController - INFO -   Example: junction C3 -> durations [60, 10, 10, 10] (total: 90s)
2026-09-24 12:52:50,641 - RLController - INFO -   Example: junction C4 -> durations [57, 11, 11, 11] (total: 90s)
2026-09-24 12:52:50,641 - RLController - INFO -   Example: junction C5 -> durations [57, 11, 11, 11] (total: 90s)
2026-09-24 12:52:50,641 - RLController - INFO -   Example: junction D0 -> durations [24, 22, 22, 22] (total: 90s)
2026-09-24 12:52:50,641 - RLController - INFO -   Example: junction D1 -> durations [21, 21, 27, 21] (total: 90s)
2026-09-24 12:52:50,641 - RLController - INFO -   Example: junction D2 -> durations [45, 15, 15, 15] (total: 90s)
2026-09-24 12:52:50,642 - RLController - INFO -   Example: junction D3 -> durations [24, 22, 22, 22] (total: 90s)
2026-09-24 12:52:50,642 - RLController - INFO -   Example: junction D4 -> durations [24, 22, 22, 22] (total: 90s)
2026-09-24 12:52:50,642 - RLController - INFO -   Example: junction D5 -> durations [13, 13, 51, 13] (total: 90s)
2026-09-24 12:52:50,642 - RLController - INFO -   Example: junction E0 -> durations [24, 22, 22, 22] (total: 90s)
2026-09-24 12:52:50,642 - RLController - INFO -   Example: junction E1 -> durations [24, 22, 22, 22] (total: 90s)
2026-09-24 12:52:50,643 - RLController - INFO -   Stored schedules for 34 junctions, cycle starts at step 180
2026-09-24 12:52:51,870 - RLController - INFO - DIAGNOSTIC Step 270 - Observation stats:
2026-09-24 12:52:51,870 - RLController - INFO -   Hash: -6397264255163273429, Min: 0.000000, Max: 1.000000, Mean: 0.340132, Std: 0.425109
2026-09-24 12:52:51,870 - RLController - INFO -   First 10: [1.  0.  0.  0.  0.  0.5 1.  0.  0.  0. ]
2026-09-24 12:52:51,870 - RLController - INFO -   Last 10: [0.         0.2        0.         0.08333334 0.25       0.00141535
 0.02564103 0.75232875 0.         0.3       ]
2026-09-24 12:52:51,874 - RLController - INFO - DIAGNOSTIC - Raw model action output:
2026-09-24 12:52:51,875 - RLController - INFO -   Action hash: -6743252852873391856
2026-09-24 12:52:51,875 - RLController - INFO -   First 8 values: [ -6.259683 -10.       -10.       -10.       -10.       -10.
 -10.       -10.      ]
2026-09-24 12:52:51,875 - RLController - INFO -   Last 8 values: [-10.         -10.         -10.         -10.         -10.
   0.43507245 -10.         -10.        ]
2026-09-24 12:52:51,875 - RLController - INFO -   Action shape: (136,), min: -10.000000, max: 5.126730, mean: -9.137403
2026-09-24 12:52:51,875 - RLController - INFO -   B0 junction (indices 16-19) raw values: [ -9.048255 -10.       -10.       -10.      ]
2026-09-24 12:52:51,876 - RLController - INFO - Using CONTINUOUS DURATION-BASED mode
2026-09-24 12:52:51,876 - RLController - INFO -   Example: junction A0 -> durations [51, 13, 13, 13] (total: 90s)
2026-09-24 12:52:51,876 - RLController - INFO -   Example: junction A1 -> durations [24, 22, 22, 22] (total: 90s)
2026-09-24 12:52:51,876 - RLController - INFO -   Example: junction A2 -> durations [12, 12, 54, 12] (total: 90s)
2026-09-24 12:52:51,876 - RLController - INFO -   Example: junction A4 -> durations [60, 10, 10, 10] (total: 90s)
2026-09-24 12:52:51,876 - RLController - INFO -   Example: junction A5 -> durations [24, 22, 22, 22] (total: 90s)
2026-09-24 12:52:51,876 - RLController - INFO -   Example: junction B0 -> durations [24, 22, 22, 22] (total: 90s)
2026-09-24 12:52:51,877 - RLController - INFO -   Example: junction B1 -> durations [24, 22, 22, 22] (total: 90s)
2026-09-24 12:52:51,877 - RLController - INFO -   Example: junction B2 -> durations [24, 22, 22, 22] (total: 90s)
2026-09-24 12:52:51,877 - RLController - INFO -   Example: junction B4 -> durations [24, 22, 22, 22] (total: 90s)
2026-09-24 12:52:51,877 - RLController - INFO -   Example: junction B5 -> durations [60, 10, 10, 10] (total: 90s)
2026-09-24 12:52:51,877 - RLController - INFO -   Example: junction C0 -> durations [22, 22, 24, 22] (total: 90s)
2026-09-24 12:52:51,877 - RLController - INFO -   Example: junction C1 -> durations [24, 22, 22, 22] (total: 90s)
2026-09-24 12:52:51,877 - RLController - INFO -   Example: junction C2 -> durations [57, 13, 10, 10] (total: 90s)
2026-09-24 12:52:51,877 - RLController - INFO -   Example: junction C3 -> durations [60, 10, 10, 10] (total: 90s)
2026-09-24 12:52:51,878 - RLController - INFO -   Example: junction C4 -> durations [57, 11, 11, 11] (total: 90s)
2026-09-24 12:52:51,878 - RLController - INFO -   Example: junction C5 -> durations [57, 11, 11, 11] (total: 90s)
2026-09-24 12:52:51,878 - RLController - INFO -   Example: junction D0 -> durations [24, 22, 22, 22] (total: 90s)
2026-09-24 12:52:51,878 - RLController - INFO -   Example: junction D1 -> durations [21, 21, 27, 21] (total: 90s)
2026-09-24 12:52:51,878 - RLController - INFO -   Example: junction D2 -> durations [45, 15, 15, 15] (total: 90s)
2026-09-24 12:52:51,878 - RLController - INFO -   Example: junction D3 -> durations [24, 22, 22, 22] (total: 90s)
2026-09-24 12:52:51,879 - RLController - INFO -   Example: junction D4 -> durations [24, 22, 22, 22] (total: 90s)
2026-09-24 12:52:51,879 - RLController - INFO -   Example: junction D5 -> durations [13, 13, 51, 13] (total: 90s)
2026-09-24 12:52:51,879 - RLController - INFO -   Example: junction E0 -> durations [24, 22, 22, 22] (total: 90s)
2026-09-24 12:52:51,879 - RLController - INFO -   Example: junction E1 -> durations [24, 22, 22, 22] (total: 90s)
2026-09-24 12:52:51,880 - RLController - INFO -   Stored schedules for 34 junctions, cycle starts at step 270
2026-09-24 12:52:53,077 - RLController - INFO - DIAGNOSTIC Step 360 - Observation stats:
2026-09-24 12:52:53,077 - RLController - INFO -   Hash: -7527365489595514002, Min: 0.000000, Max: 1.000000, Mean: 0.353774, Std: 0.432165
2026-09-24 12:52:53,077 - RLController - INFO -   First 10: [1.  0.  0.  0.  0.  0.5 1.  0.  0.  0. ]
2026-09-24 12:52:53,077 - RLController - INFO -   Last 10: [0.         0.2        0.         0.08333334 0.2820513  0.00149321
 0.02952991 0.72164994 0.         0.3       ]
2026-09-24 12:52:53,081 - RLController - INFO - DIAGNOSTIC - Raw model action output:
2026-09-24 12:52:53,081 - RLController - INFO -   Action hash: -911154258765972915
2026-09-24 12:52:53,082 - RLController - INFO -   First 8 values: [ -6.548518 -10.       -10.       -10.       -10.       -10.
 -10.       -10.      ]
2026-09-24 12:52:53,082 - RLController - INFO -   Last 8 values: [-10.        -10.        -10.        -10.        -10.          0.9731725
 -10.        -10.       ]
2026-09-24 12:52:53,082 - RLController - INFO -   Action shape: (136,), min: -10.000000, max: 5.344358, mean: -9.201628
2026-09-24 12:52:53,082 - RLController - INFO -   B0 junction (indices 16-19) raw values: [ -9.442431 -10.       -10.       -10.      ]
2026-09-24 12:52:53,082 - RLController - INFO - Using CONTINUOUS DURATION-BASED mode
2026-09-24 12:52:53,082 - RLController - INFO -   Example: junction A0 -> durations [51, 13, 13, 13] (total: 90s)
2026-09-24 12:52:53,082 - RLController - INFO -   Example: junction A1 -> durations [24, 22, 22, 22] (total: 90s)
2026-09-24 12:52:53,083 - RLController - INFO -   Example: junction A2 -> durations [12, 12, 54, 12] (total: 90s)
2026-09-24 12:52:53,083 - RLController - INFO -   Example: junction A4 -> durations [60, 10, 10, 10] (total: 90s)
2026-09-24 12:52:53,083 - RLController - INFO -   Example: junction A5 -> durations [24, 22, 22, 22] (total: 90s)
2026-09-24 12:52:53,083 - RLController - INFO -   Example: junction B0 -> durations [24, 22, 22, 22] (total: 90s)
2026-09-24 12:52:53,083 - RLController - INFO -   Example: junction B1 -> durations [24, 22, 22, 22] (total: 90s)
2026-09-24 12:52:53,083 - RLController - INFO -   Example: junction B2 -> durations [24, 22, 22, 22] (total: 90s)
2026-09-24 12:52:53,083 - RLController - INFO -   Example: junction B4 -> durations [24, 22, 22, 22] (total: 90s)
2026-09-24 12:52:53,083 - RLController - INFO -   Example: junction B5 -> durations [60, 10, 10, 10] (total: 90s)
2026-09-24 12:52:53,084 - RLController - INFO -   Example: junction C0 -> durations [22, 22, 24, 22] (total: 90s)
2026-09-24 12:52:53,084 - RLController - INFO -   Example: junction C1 -> durations [24, 22, 22, 22] (total: 90s)
2026-09-24 12:52:53,084 - RLController - INFO -   Example: junction C2 -> durations [57, 13, 10, 10] (total: 90s)
2026-09-24 12:52:53,084 - RLController - INFO -   Example: junction C3 -> durations [60, 10, 10, 10] (total: 90s)
2026-09-24 12:52:53,084 - RLController - INFO -   Example: junction C4 -> durations [57, 11, 11, 11] (total: 90s)
2026-09-24 12:52:53,084 - RLController - INFO -   Example: junction C5 -> durations [57, 11, 11, 11] (total: 90s)
2026-09-24 12:52:53,084 - RLController - INFO -   Example: junction D0 -> durations [24, 22, 22, 22] (total: 90s)
2026-09-24 12:52:53,084 - RLController - INFO -   Example: junction D1 -> durations [21, 21, 27, 21] (total: 90s)
2026-09-24 12:52:53,084 - RLController - INFO -   Example: junction D2 -> durations [45, 15, 15, 15] (total: 90s)
2026-09-24 12:52:53,084 - RLController - INFO -   Example: junction D3 -> durations [24, 22, 22, 22] (total: 90s)
2026-09-24 12:52:53,085 - RLController - INFO -   Example: junction D4 -> durations [24, 22, 22, 22] (total: 90s)
2026-09-24 12:52:53,085 - RLController - INFO -   Example: junction D5 -> durations [13, 13, 51, 13] (total: 90s)
2026-09-24 12:52:53,085 - RLController - INFO -   Example: junction E0 -> durations [24, 22, 22, 22] (total: 90s)
2026-09-24 12:52:53,085 - RLController - INFO -   Example: junction E1 -> durations [24, 22, 22, 22] (total: 90s)
2026-09-24 12:52:53,086 - RLController - INFO -   Stored schedules for 34 junctions, cycle starts at step 360
2026-09-24 12:52:54,465 - RLController - INFO - DIAGNOSTIC Step 450 - Observation stats:
2026-09-24 12:52:54,466 - RLController - INFO -   Hash: 7267926391142183835, Min: 0.000000, Max: 1.000000, Mean: 0.362785, Std: 0.433631
2026-09-24 12:52:54,466 - RLController - INFO -   First 10: [1.  0.  0.  0.  0.  0.5 1.  0.  0.  0. ]
2026-09-24 12:52:54,466 - RLController - INFO -   Last 10: [0.         0.2        0.         0.08333334 0.2905983  0.00187055
 0.03222222 0.71569383 0.         0.3       ]
2026-09-24 12:52:54,470 - RLController - INFO - DIAGNOSTIC - Raw model action output:
2026-09-24 12:52:54,470 - RLController - INFO -   Action hash: -6961920291141074373
2026-09-24 12:52:54,471 - RLController - INFO -   First 8 values: [ -6.8184767 -10.        -10.        -10.        -10.        -10.
 -10.        -10.       ]
2026-09-24 12:52:54,471 - RLController - INFO -   Last 8 values: [-10.        -10.        -10.        -10.        -10.          1.3638859
 -10.        -10.       ]
2026-09-24 12:52:54,471 - RLController - INFO -   Action shape: (136,), min: -10.000000, max: 5.699311, mean: -9.217531
2026-09-24 12:52:54,471 - RLController - INFO -   B0 junction (indices 16-19) raw values: [ -9.50929 -10.      -10.      -10.     ]
2026-09-24 12:52:54,471 - RLController - INFO - Using CONTINUOUS DURATION-BASED mode
2026-09-24 12:52:54,472 - RLController - INFO -   Example: junction A0 -> durations [51, 13, 13, 13] (total: 90s)
2026-09-24 12:52:54,472 - RLController - INFO -   Example: junction A1 -> durations [24, 22, 22, 22] (total: 90s)
2026-09-24 12:52:54,472 - RLController - INFO -   Example: junction A2 -> durations [12, 12, 54, 12] (total: 90s)
2026-09-24 12:52:54,472 - RLController - INFO -   Example: junction A4 -> durations [60, 10, 10, 10] (total: 90s)
2026-09-24 12:52:54,472 - RLController - INFO -   Example: junction A5 -> durations [24, 22, 22, 22] (total: 90s)
2026-09-24 12:52:54,472 - RLController - INFO -   Example: junction B0 -> durations [24, 22, 22, 22] (total: 90s)
2026-09-24 12:52:54,472 - RLController - INFO -   Example: junction B1 -> durations [24, 22, 22, 22] (total: 90s)
2026-09-24 12:52:54,473 - RLController - INFO -   Example: junction B2 -> durations [24, 22, 22, 22] (total: 90s)
2026-09-24 12:52:54,473 - RLController - INFO -   Example: junction B4 -> durations [24, 22, 22, 22] (total: 90s)
2026-09-24 12:52:54,473 - RLController - INFO -   Example: junction B5 -> durations [60, 10, 10, 10] (total: 90s)
2026-09-24 12:52:54,473 - RLController - INFO -   Example: junction C0 -> durations [22, 22, 24, 22] (total: 90s)
2026-09-24 12:52:54,473 - RLController - INFO -   Example: junction C1 -> durations [24, 22, 22, 22] (total: 90s)
2026-09-24 12:52:54,473 - RLController - INFO -   Example: junction C2 -> durations [57, 13, 10, 10] (total: 90s)
2026-09-24 12:52:54,473 - RLController - INFO -   Example: junction C3 -> durations [60, 10, 10, 10] (total: 90s)
2026-09-24 12:52:54,474 - RLController - INFO -   Example: junction C4 -> durations [57, 11, 11, 11] (total: 90s)
2026-09-24 12:52:54,474 - RLController - INFO -   Example: junction C5 -> durations [57, 11, 11, 11] (total: 90s)
2026-09-24 12:52:54,474 - RLController - INFO -   Example: junction D0 -> durations [24, 22, 22, 22] (total: 90s)
2026-09-24 12:52:54,474 - RLController - INFO -   Example: junction D1 -> durations [21, 21, 27, 21] (total: 90s)
2026-09-24 12:52:54,474 - RLController - INFO -   Example: junction D2 -> durations [45, 15, 15, 15] (total: 90s)
2026-09-24 12:52:54,474 - RLController - INFO -   Example: junction D3 -> durations [24, 22, 22, 22] (total: 90s)
2026-09-24 12:52:54,474 - RLController - INFO -   Example: junction D4 -> durations [24, 22, 22, 22] (total: 90s)
2026-09-24 12:52:54,474 - RLController - INFO -   Example: junction D5 -> durations [13, 13, 51, 13] (total: 90s)
2026-09-24 12:52:54,475 - RLController - INFO -   Example: junction E0 -> durations [24, 22, 22, 22] (total: 90s)
2026-09-24 12:52:54,475 - RLController - INFO -   Example: junction E1 -> durations [24, 22, 22, 22] (total: 90s)
2026-09-24 12:52:54,475 - RLController - INFO -   Stored schedules for 34 junctions, cycle starts at step 450
2026-09-24 12:52:55,845 - RLController - INFO - DIAGNOSTIC Step 540 - Observation stats:
2026-09-24 12:52:55,845 - RLController - INFO -   Hash: -544867393082800368, Min: 0.000000, Max: 1.000000, Mean: 0.368612, Std: 0.434719
2026-09-24 12:52:55,845 - RLController - INFO -   First 10: [1.  0.  0.  0.  0.  0.5 1.  0.  0.  0. ]
2026-09-24 12:52:55,846 - RLController - INFO -   Last 10: [0.         0.2        0.         0.08333334 0.31410256 0.00159115
 0.03470086 0.6866174  0.         0.3       ]
2026-09-24 12:52:55,849 - RLController - INFO - DIAGNOSTIC - Raw model action output:
2026-09-24 12:52:55,849 - RLController - INFO -   Action hash: -5777583046621857220
2026-09-24 12:52:55,850 - RLController - INFO -   First 8 values: [ -6.9333534 -10.        -10.        -10.        -10.        -10.
 -10.        -10.       ]
2026-09-24 12:52:55,850 - RLController - INFO -   Last 8 values: [-10.         -10.         -10.         -10.         -10.
   0.01113371 -10.         -10.        ]
2026-09-24 12:52:55,850 - RLController - INFO -   Action shape: (136,), min: -10.000000, max: 5.297690, mean: -9.219051
2026-09-24 12:52:55,850 - RLController - INFO -   B0 junction (indices 16-19) raw values: [ -9.4953375 -10.        -10.        -10.       ]
2026-09-24 12:52:55,850 - RLController - INFO - Using CONTINUOUS DURATION-BASED mode
2026-09-24 12:52:55,850 - RLController - INFO -   Example: junction A0 -> durations [51, 13, 13, 13] (total: 90s)
2026-09-24 12:52:55,851 - RLController - INFO -   Example: junction A1 -> durations [24, 22, 22, 22] (total: 90s)
2026-09-24 12:52:55,851 - RLController - INFO -   Example: junction A2 -> durations [12, 12, 54, 12] (total: 90s)
2026-09-24 12:52:55,851 - RLController - INFO -   Example: junction A4 -> durations [60, 10, 10, 10] (total: 90s)
2026-09-24 12:52:55,851 - RLController - INFO -   Example: junction A5 -> durations [24, 22, 22, 22] (total: 90s)
2026-09-24 12:52:55,851 - RLController - INFO -   Example: junction B0 -> durations [24, 22, 22, 22] (total: 90s)
2026-09-24 12:52:55,851 - RLController - INFO -   Example: junction B1 -> durations [24, 22, 22, 22] (total: 90s)
2026-09-24 12:52:55,852 - RLController - INFO -   Example: junction B2 -> durations [24, 22, 22, 22] (total: 90s)
2026-09-24 12:52:55,852 - RLController - INFO -   Example: junction B4 -> durations [24, 22, 22, 22] (total: 90s)
2026-09-24 12:52:55,852 - RLController - INFO -   Example: junction B5 -> durations [60, 10, 10, 10] (total: 90s)
2026-09-24 12:52:55,852 - RLController - INFO -   Example: junction C0 -> durations [22, 22, 24, 22] (total: 90s)
2026-09-24 12:52:55,852 - RLController - INFO -   Example: junction C1 -> durations [24, 22, 22, 22] (total: 90s)
2026-09-24 12:52:55,852 - RLController - INFO -   Example: junction C2 -> durations [57, 13, 10, 10] (total: 90s)
2026-09-24 12:52:55,852 - RLController - INFO -   Example: junction C3 -> durations [60, 10, 10, 10] (total: 90s)
2026-09-24 12:52:55,853 - RLController - INFO -   Example: junction C4 -> durations [57, 11, 11, 11] (total: 90s)
2026-09-24 12:52:55,853 - RLController - INFO -   Example: junction C5 -> durations [57, 11, 11, 11] (total: 90s)
2026-09-24 12:52:55,853 - RLController - INFO -   Example: junction D0 -> durations [24, 22, 22, 22] (total: 90s)
2026-09-24 12:52:55,853 - RLController - INFO -   Example: junction D1 -> durations [21, 21, 27, 21] (total: 90s)
2026-09-24 12:52:55,853 - RLController - INFO -   Example: junction D2 -> durations [45, 15, 15, 15] (total: 90s)
2026-09-24 12:52:55,853 - RLController - INFO -   Example: junction D3 -> durations [24, 22, 22, 22] (total: 90s)
2026-09-24 12:52:55,853 - RLController - INFO -   Example: junction D4 -> durations [24, 22, 22, 22] (total: 90s)
2026-09-24 12:52:55,854 - RLController - INFO -   Example: junction D5 -> durations [13, 13, 51, 13] (total: 90s)
2026-09-24 12:52:55,854 - RLController - INFO -   Example: junction E0 -> durations [24, 22, 22, 22] (total: 90s)
2026-09-24 12:52:55,854 - RLController - INFO -   Example: junction E1 -> durations [24, 22, 22, 22] (total: 90s)
2026-09-24 12:52:55,855 - RLController - INFO -   Stored schedules for 34 junctions, cycle starts at step 540
2026-09-24 12:52:57,653 - RLController - INFO - DIAGNOSTIC Step 630 - Observation stats:
2026-09-24 12:52:57,653 - RLController - INFO -   Hash: 2179252782743781871, Min: 0.000000, Max: 1.000000, Mean: 0.372156, Std: 0.438077
2026-09-24 12:52:57,653 - RLController - INFO -   First 10: [1.  0.  0.  0.  0.  0.5 1.  0.  0.  0. ]
2026-09-24 12:52:57,654 - RLController - INFO -   Last 10: [0.         0.2        0.         0.08333334 0.31837606 0.00163809
 0.03717949 0.68271047 0.         0.3       ]
2026-09-24 12:52:57,658 - RLController - INFO - DIAGNOSTIC - Raw model action output:
2026-09-24 12:52:57,658 - RLController - INFO -   Action hash: -6716493643377754428
2026-09-24 12:52:57,659 - RLController - INFO -   First 8 values: [ -7.0992026 -10.        -10.        -10.        -10.        -10.
 -10.        -10.       ]
2026-09-24 12:52:57,659 - RLController - INFO -   Last 8 values: [-10.         -10.         -10.         -10.         -10.
   0.04648332 -10.         -10.        ]
2026-09-24 12:52:57,659 - RLController - INFO -   Action shape: (136,), min: -10.000000, max: 5.034636, mean: -9.244809
2026-09-24 12:52:57,659 - RLController - INFO -   B0 junction (indices 16-19) raw values: [ -9.924169 -10.       -10.       -10.      ]
2026-09-24 12:52:57,659 - RLController - INFO - Using CONTINUOUS DURATION-BASED mode
2026-09-24 12:52:57,659 - RLController - INFO -   Example: junction A0 -> durations [51, 13, 13, 13] (total: 90s)
2026-09-24 12:52:57,660 - RLController - INFO -   Example: junction A1 -> durations [24, 22, 22, 22] (total: 90s)
2026-09-24 12:52:57,660 - RLController - INFO -   Example: junction A2 -> durations [12, 12, 54, 12] (total: 90s)
2026-09-24 12:52:57,660 - RLController - INFO -   Example: junction A4 -> durations [60, 10, 10, 10] (total: 90s)
2026-09-24 12:52:57,660 - RLController - INFO -   Example: junction A5 -> durations [24, 22, 22, 22] (total: 90s)
2026-09-24 12:52:57,660 - RLController - INFO -   Example: junction B0 -> durations [24, 22, 22, 22] (total: 90s)
2026-09-24 12:52:57,660 - RLController - INFO -   Example: junction B1 -> durations [24, 22, 22, 22] (total: 90s)
2026-09-24 12:52:57,660 - RLController - INFO -   Example: junction B2 -> durations [24, 22, 22, 22] (total: 90s)
2026-09-24 12:52:57,661 - RLController - INFO -   Example: junction B4 -> durations [24, 22, 22, 22] (total: 90s)
2026-09-24 12:52:57,661 - RLController - INFO -   Example: junction B5 -> durations [60, 10, 10, 10] (total: 90s)
2026-09-24 12:52:57,661 - RLController - INFO -   Example: junction C0 -> durations [22, 22, 24, 22] (total: 90s)
2026-09-24 12:52:57,661 - RLController - INFO -   Example: junction C1 -> durations [24, 22, 22, 22] (total: 90s)
2026-09-24 12:52:57,661 - RLController - INFO -   Example: junction C2 -> durations [57, 13, 10, 10] (total: 90s)
2026-09-24 12:52:57,661 - RLController - INFO -   Example: junction C3 -> durations [60, 10, 10, 10] (total: 90s)
2026-09-24 12:52:57,661 - RLController - INFO -   Example: junction C4 -> durations [57, 11, 11, 11] (total: 90s)
2026-09-24 12:52:57,661 - RLController - INFO -   Example: junction C5 -> durations [57, 11, 11, 11] (total: 90s)
2026-09-24 12:52:57,662 - RLController - INFO -   Example: junction D0 -> durations [24, 22, 22, 22] (total: 90s)
2026-09-24 12:52:57,662 - RLController - INFO -   Example: junction D1 -> durations [21, 21, 27, 21] (total: 90s)
2026-09-24 12:52:57,662 - RLController - INFO -   Example: junction D2 -> durations [45, 15, 15, 15] (total: 90s)
2026-09-24 12:52:57,662 - RLController - INFO -   Example: junction D3 -> durations [24, 22, 22, 22] (total: 90s)
2026-09-24 12:52:57,662 - RLController - INFO -   Example: junction D4 -> durations [24, 22, 22, 22] (total: 90s)
2026-09-24 12:52:57,662 - RLController - INFO -   Example: junction D5 -> durations [13, 13, 51, 13] (total: 90s)
2026-09-24 12:52:57,662 - RLController - INFO -   Example: junction E0 -> durations [24, 22, 22, 22] (total: 90s)
2026-09-24 12:52:57,663 - RLController - INFO -   Example: junction E1 -> durations [24, 22, 22, 22] (total: 90s)
2026-09-24 12:52:57,663 - RLController - INFO -   Stored schedules for 34 junctions, cycle starts at step 630
2026-09-24 12:52:59,114 - RLController - INFO - DIAGNOSTIC Step 720 - Observation stats:
2026-09-24 12:52:59,114 - RLController - INFO -   Hash: 8002390163006883201, Min: 0.000000, Max: 1.000000, Mean: 0.367249, Std: 0.436063
2026-09-24 12:52:59,115 - RLController - INFO -   First 10: [1.  0.  0.  0.  0.  0.5 1.  0.  0.  0. ]
2026-09-24 12:52:59,115 - RLController - INFO -   Last 10: [0.         0.2        0.         0.08333334 0.30128205 0.00167228
 0.03940171 0.6975219  0.         0.3       ]
2026-09-24 12:52:59,118 - RLController - INFO - DIAGNOSTIC - Raw model action output:
2026-09-24 12:52:59,118 - RLController - INFO -   Action hash: 4594548593591767410
2026-09-24 12:52:59,118 - RLController - INFO -   First 8 values: [ -6.6341805 -10.        -10.        -10.        -10.        -10.
 -10.        -10.       ]
2026-09-24 12:52:59,118 - RLController - INFO -   Last 8 values: [-10.         -10.         -10.         -10.         -10.
  -0.09171005 -10.         -10.        ]
2026-09-24 12:52:59,118 - RLController - INFO -   Action shape: (136,), min: -10.000000, max: 5.561454, mean: -9.197277
2026-09-24 12:52:59,119 - RLController - INFO -   B0 junction (indices 16-19) raw values: [ -9.691228 -10.       -10.       -10.      ]
2026-09-24 12:52:59,119 - RLController - INFO - Using CONTINUOUS DURATION-BASED mode
2026-09-24 12:52:59,119 - RLController - INFO -   Example: junction A0 -> durations [51, 13, 13, 13] (total: 90s)
2026-09-24 12:52:59,119 - RLController - INFO -   Example: junction A1 -> durations [24, 22, 22, 22] (total: 90s)
2026-09-24 12:52:59,119 - RLController - INFO -   Example: junction A2 -> durations [12, 12, 54, 12] (total: 90s)
2026-09-24 12:52:59,119 - RLController - INFO -   Example: junction A4 -> durations [60, 10, 10, 10] (total: 90s)
2026-09-24 12:52:59,119 - RLController - INFO -   Example: junction A5 -> durations [24, 22, 22, 22] (total: 90s)
2026-09-24 12:52:59,119 - RLController - INFO -   Example: junction B0 -> durations [24, 22, 22, 22] (total: 90s)
2026-09-24 12:52:59,119 - RLController - INFO -   Example: junction B1 -> durations [24, 22, 22, 22] (total: 90s)
2026-09-24 12:52:59,120 - RLController - INFO -   Example: junction B2 -> durations [24, 22, 22, 22] (total: 90s)
2026-09-24 12:52:59,120 - RLController - INFO -   Example: junction B4 -> durations [24, 22, 22, 22] (total: 90s)
2026-09-24 12:52:59,120 - RLController - INFO -   Example: junction B5 -> durations [60, 10, 10, 10] (total: 90s)
2026-09-24 12:52:59,120 - RLController - INFO -   Example: junction C0 -> durations [22, 22, 24, 22] (total: 90s)
2026-09-24 12:52:59,120 - RLController - INFO -   Example: junction C1 -> durations [24, 22, 22, 22] (total: 90s)
2026-09-24 12:52:59,120 - RLController - INFO -   Example: junction C2 -> durations [57, 13, 10, 10] (total: 90s)
2026-09-24 12:52:59,120 - RLController - INFO -   Example: junction C3 -> durations [60, 10, 10, 10] (total: 90s)
2026-09-24 12:52:59,120 - RLController - INFO -   Example: junction C4 -> durations [57, 11, 11, 11] (total: 90s)
2026-09-24 12:52:59,120 - RLController - INFO -   Example: junction C5 -> durations [57, 11, 11, 11] (total: 90s)
2026-09-24 12:52:59,120 - RLController - INFO -   Example: junction D0 -> durations [24, 22, 22, 22] (total: 90s)
2026-09-24 12:52:59,121 - RLController - INFO -   Example: junction D1 -> durations [21, 21, 27, 21] (total: 90s)
2026-09-24 12:52:59,121 - RLController - INFO -   Example: junction D2 -> durations [45, 15, 15, 15] (total: 90s)
2026-09-24 12:52:59,121 - RLController - INFO -   Example: junction D3 -> durations [24, 22, 22, 22] (total: 90s)
2026-09-24 12:52:59,121 - RLController - INFO -   Example: junction D4 -> durations [24, 22, 22, 22] (total: 90s)
2026-09-24 12:52:59,121 - RLController - INFO -   Example: junction D5 -> durations [13, 13, 51, 13] (total: 90s)
2026-09-24 12:52:59,121 - RLController - INFO -   Example: junction E0 -> durations [24, 22, 22, 22] (total: 90s)
2026-09-24 12:52:59,121 - RLController - INFO -   Example: junction E1 -> durations [24, 22, 22, 22] (total: 90s)
2026-09-24 12:52:59,122 - RLController - INFO -   Stored schedules for 34 junctions, cycle starts at step 720
2026-09-24 12:53:00,925 - RLController - INFO - DIAGNOSTIC Step 810 - Observation stats:
2026-09-24 12:53:00,926 - RLController - INFO -   Hash: -1681615072291295156, Min: 0.000000, Max: 1.000000, Mean: 0.373595, Std: 0.438226
2026-09-24 12:53:00,926 - RLController - INFO -   First 10: [1.  0.  0.  0.  0.  0.5 1.  0.  0.  0. ]
2026-09-24 12:53:00,927 - RLController - INFO -   Last 10: [0.         0.2        0.         0.08333334 0.32905984 0.00175189
 0.04188034 0.67253524 0.         0.3       ]
2026-09-24 12:53:00,932 - RLController - INFO - DIAGNOSTIC - Raw model action output:
2026-09-24 12:53:00,932 - RLController - INFO -   Action hash: 1404384063131078909
2026-09-24 12:53:00,932 - RLController - INFO -   First 8 values: [ -6.5986004 -10.        -10.        -10.        -10.        -10.
 -10.        -10.       ]
2026-09-24 12:53:00,933 - RLController - INFO -   Last 8 values: [-10.         -10.         -10.         -10.         -10.
   0.75899297 -10.         -10.        ]
2026-09-24 12:53:00,933 - RLController - INFO -   Action shape: (136,), min: -10.000000, max: 5.835622, mean: -9.208880
2026-09-24 12:53:00,933 - RLController - INFO -   B0 junction (indices 16-19) raw values: [ -9.623762 -10.       -10.       -10.      ]
2026-09-24 12:53:00,933 - RLController - INFO - Using CONTINUOUS DURATION-BASED mode
2026-09-24 12:53:00,933 - RLController - INFO -   Example: junction A0 -> durations [51, 13, 13, 13] (total: 90s)
2026-09-24 12:53:00,933 - RLController - INFO -   Example: junction A1 -> durations [24, 22, 22, 22] (total: 90s)
2026-09-24 12:53:00,934 - RLController - INFO -   Example: junction A2 -> durations [12, 12, 54, 12] (total: 90s)
2026-09-24 12:53:00,934 - RLController - INFO -   Example: junction A4 -> durations [60, 10, 10, 10] (total: 90s)
2026-09-24 12:53:00,934 - RLController - INFO -   Example: junction A5 -> durations [24, 22, 22, 22] (total: 90s)
2026-09-24 12:53:00,934 - RLController - INFO -   Example: junction B0 -> durations [24, 22, 22, 22] (total: 90s)
2026-09-24 12:53:00,934 - RLController - INFO -   Example: junction B1 -> durations [24, 22, 22, 22] (total: 90s)
2026-09-24 12:53:00,934 - RLController - INFO -   Example: junction B2 -> durations [24, 22, 22, 22] (total: 90s)
2026-09-24 12:53:00,934 - RLController - INFO -   Example: junction B4 -> durations [24, 22, 22, 22] (total: 90s)
2026-09-24 12:53:00,935 - RLController - INFO -   Example: junction B5 -> durations [60, 10, 10, 10] (total: 90s)
2026-09-24 12:53:00,935 - RLController - INFO -   Example: junction C0 -> durations [22, 22, 24, 22] (total: 90s)
2026-09-24 12:53:00,935 - RLController - INFO -   Example: junction C1 -> durations [24, 22, 22, 22] (total: 90s)
2026-09-24 12:53:00,935 - RLController - INFO -   Example: junction C2 -> durations [57, 13, 10, 10] (total: 90s)
2026-09-24 12:53:00,935 - RLController - INFO -   Example: junction C3 -> durations [60, 10, 10, 10] (total: 90s)
2026-09-24 12:53:00,935 - RLController - INFO -   Example: junction C4 -> durations [57, 11, 11, 11] (total: 90s)
2026-09-24 12:53:00,935 - RLController - INFO -   Example: junction C5 -> durations [57, 11, 11, 11] (total: 90s)
2026-09-24 12:53:00,935 - RLController - INFO -   Example: junction D0 -> durations [24, 22, 22, 22] (total: 90s)
2026-09-24 12:53:00,936 - RLController - INFO -   Example: junction D1 -> durations [21, 21, 27, 21] (total: 90s)
2026-09-24 12:53:00,936 - RLController - INFO -   Example: junction D2 -> durations [45, 15, 15, 15] (total: 90s)
2026-09-24 12:53:00,936 - RLController - INFO -   Example: junction D3 -> durations [24, 22, 22, 22] (total: 90s)
2026-09-24 12:53:00,936 - RLController - INFO -   Example: junction D4 -> durations [24, 22, 22, 22] (total: 90s)
2026-09-24 12:53:00,936 - RLController - INFO -   Example: junction D5 -> durations [13, 13, 51, 13] (total: 90s)
2026-09-24 12:53:00,936 - RLController - INFO -   Example: junction E0 -> durations [24, 22, 22, 22] (total: 90s)
2026-09-24 12:53:00,936 - RLController - INFO -   Example: junction E1 -> durations [24, 22, 22, 22] (total: 90s)
2026-09-24 12:53:00,937 - RLController - INFO -   Stored schedules for 34 junctions, cycle starts at step 810
2026-09-24 12:53:03,016 - RLController - INFO - DIAGNOSTIC Step 900 - Observation stats:
2026-09-24 12:53:03,016 - RLController - INFO -   Hash: -4147263415142278337, Min: 0.000000, Max: 1.000000, Mean: 0.387053, Std: 0.443788
2026-09-24 12:53:03,017 - RLController - INFO -   First 10: [1.  0.  0.  0.  0.  0.5 1.  0.  0.  0. ]
2026-09-24 12:53:03,017 - RLController - INFO -   Last 10: [0.         0.2        0.         0.08333334 0.37179488 0.00251416
 0.04311966 0.641764   0.         0.3       ]
2026-09-24 12:53:03,020 - RLController - INFO - DIAGNOSTIC - Raw model action output:
2026-09-24 12:53:03,020 - RLController - INFO -   Action hash: 8238630918331704920
2026-09-24 12:53:03,021 - RLController - INFO -   First 8 values: [ -7.159431 -10.       -10.       -10.       -10.       -10.
 -10.       -10.      ]
2026-09-24 12:53:03,021 - RLController - INFO -   Last 8 values: [-10.         -10.         -10.         -10.         -10.
   0.74097353 -10.         -10.        ]
2026-09-24 12:53:03,021 - RLController - INFO -   Action shape: (136,), min: -10.000000, max: 4.997614, mean: -9.224831
2026-09-24 12:53:03,021 - RLController - INFO -   B0 junction (indices 16-19) raw values: [ -9.725221 -10.       -10.       -10.      ]
2026-09-24 12:53:03,022 - RLController - INFO - Using CONTINUOUS DURATION-BASED mode
2026-09-24 12:53:03,022 - RLController - INFO -   Example: junction A0 -> durations [51, 13, 13, 13] (total: 90s)
2026-09-24 12:53:03,022 - RLController - INFO -   Example: junction A1 -> durations [24, 22, 22, 22] (total: 90s)
2026-09-24 12:53:03,022 - RLController - INFO -   Example: junction A2 -> durations [12, 12, 54, 12] (total: 90s)
2026-09-24 12:53:03,022 - RLController - INFO -   Example: junction A4 -> durations [60, 10, 10, 10] (total: 90s)
2026-09-24 12:53:03,022 - RLController - INFO -   Example: junction A5 -> durations [24, 22, 22, 22] (total: 90s)
2026-09-24 12:53:03,023 - RLController - INFO -   Example: junction B0 -> durations [24, 22, 22, 22] (total: 90s)
2026-09-24 12:53:03,023 - RLController - INFO -   Example: junction B1 -> durations [24, 22, 22, 22] (total: 90s)
2026-09-24 12:53:03,023 - RLController - INFO -   Example: junction B2 -> durations [24, 22, 22, 22] (total: 90s)
2026-09-24 12:53:03,023 - RLController - INFO -   Example: junction B4 -> durations [24, 22, 22, 22] (total: 90s)
2026-09-24 12:53:03,023 - RLController - INFO -   Example: junction B5 -> durations [60, 10, 10, 10] (total: 90s)
2026-09-24 12:53:03,023 - RLController - INFO -   Example: junction C0 -> durations [22, 22, 24, 22] (total: 90s)
2026-09-24 12:53:03,023 - RLController - INFO -   Example: junction C1 -> durations [24, 22, 22, 22] (total: 90s)
2026-09-24 12:53:03,024 - RLController - INFO -   Example: junction C2 -> durations [57, 13, 10, 10] (total: 90s)
2026-09-24 12:53:03,024 - RLController - INFO -   Example: junction C3 -> durations [60, 10, 10, 10] (total: 90s)
2026-09-24 12:53:03,024 - RLController - INFO -   Example: junction C4 -> durations [57, 11, 11, 11] (total: 90s)
2026-09-24 12:53:03,024 - RLController - INFO -   Example: junction C5 -> durations [57, 11, 11, 11] (total: 90s)
2026-09-24 12:53:03,024 - RLController - INFO -   Example: junction D0 -> durations [24, 22, 22, 22] (total: 90s)
2026-09-24 12:53:03,024 - RLController - INFO -   Example: junction D1 -> durations [21, 21, 27, 21] (total: 90s)
2026-09-24 12:53:03,024 - RLController - INFO -   Example: junction D2 -> durations [45, 15, 15, 15] (total: 90s)
2026-09-24 12:53:03,025 - RLController - INFO -   Example: junction D3 -> durations [24, 22, 22, 22] (total: 90s)
2026-09-24 12:53:03,025 - RLController - INFO -   Example: junction D4 -> durations [24, 22, 22, 22] (total: 90s)
2026-09-24 12:53:03,025 - RLController - INFO -   Example: junction D5 -> durations [13, 13, 51, 13] (total: 90s)
2026-09-24 12:53:03,025 - RLController - INFO -   Example: junction E0 -> durations [24, 22, 22, 22] (total: 90s)
2026-09-24 12:53:03,025 - RLController - INFO -   Example: junction E1 -> durations [24, 22, 22, 22] (total: 90s)
2026-09-24 12:53:03,026 - RLController - INFO -   Stored schedules for 34 junctions, cycle starts at step 900
2026-09-24 12:53:04,889 - RLController - INFO - DIAGNOSTIC Step 990 - Observation stats:
2026-09-24 12:53:04,889 - RLController - INFO -   Hash: 2369497737400507887, Min: 0.000000, Max: 1.000000, Mean: 0.376099, Std: 0.440621
2026-09-24 12:53:04,889 - RLController - INFO -   First 10: [1.  0.  0.  0.  0.  0.5 1.  0.  0.  0. ]
2026-09-24 12:53:04,889 - RLController - INFO -   Last 10: [0.         0.2        0.         0.08333334 0.33333334 0.00237798
 0.04521368 0.6730632  0.         0.3       ]
2026-09-24 12:53:04,893 - RLController - INFO - DIAGNOSTIC - Raw model action output:
2026-09-24 12:53:04,893 - RLController - INFO -   Action hash: 6098584802744054945
2026-09-24 12:53:04,894 - RLController - INFO -   First 8 values: [ -6.856972 -10.       -10.       -10.       -10.       -10.
 -10.       -10.      ]
2026-09-24 12:53:04,894 - RLController - INFO -   Last 8 values: [-10.         -10.         -10.         -10.         -10.
   0.04932551 -10.         -10.        ]
2026-09-24 12:53:04,894 - RLController - INFO -   Action shape: (136,), min: -10.000000, max: 5.389283, mean: -9.184989
2026-09-24 12:53:04,894 - RLController - INFO -   B0 junction (indices 16-19) raw values: [ -9.253282 -10.       -10.       -10.      ]
2026-09-24 12:53:04,894 - RLController - INFO - Using CONTINUOUS DURATION-BASED mode
2026-09-24 12:53:04,894 - RLController - INFO -   Example: junction A0 -> durations [51, 13, 13, 13] (total: 90s)
2026-09-24 12:53:04,895 - RLController - INFO -   Example: junction A1 -> durations [24, 22, 22, 22] (total: 90s)
2026-09-24 12:53:04,895 - RLController - INFO -   Example: junction A2 -> durations [12, 12, 54, 12] (total: 90s)
2026-09-24 12:53:04,895 - RLController - INFO -   Example: junction A4 -> durations [60, 10, 10, 10] (total: 90s)
2026-09-24 12:53:04,895 - RLController - INFO -   Example: junction A5 -> durations [24, 22, 22, 22] (total: 90s)
2026-09-24 12:53:04,895 - RLController - INFO -   Example: junction B0 -> durations [24, 22, 22, 22] (total: 90s)
2026-09-24 12:53:04,895 - RLController - INFO -   Example: junction B1 -> durations [24, 22, 22, 22] (total: 90s)
2026-09-24 12:53:04,895 - RLController - INFO -   Example: junction B2 -> durations [24, 22, 22, 22] (total: 90s)
2026-09-24 12:53:04,896 - RLController - INFO -   Example: junction B4 -> durations [24, 22, 22, 22] (total: 90s)
2026-09-24 12:53:04,896 - RLController - INFO -   Example: junction B5 -> durations [60, 10, 10, 10] (total: 90s)
2026-09-24 12:53:04,896 - RLController - INFO -   Example: junction C0 -> durations [22, 22, 24, 22] (total: 90s)
2026-09-24 12:53:04,896 - RLController - INFO -   Example: junction C1 -> durations [24, 22, 22, 22] (total: 90s)
2026-09-24 12:53:04,896 - RLController - INFO -   Example: junction C2 -> durations [57, 13, 10, 10] (total: 90s)
2026-09-24 12:53:04,896 - RLController - INFO -   Example: junction C3 -> durations [60, 10, 10, 10] (total: 90s)
2026-09-24 12:53:04,896 - RLController - INFO -   Example: junction C4 -> durations [57, 11, 11, 11] (total: 90s)
2026-09-24 12:53:04,896 - RLController - INFO -   Example: junction C5 -> durations [57, 11, 11, 11] (total: 90s)
2026-09-24 12:53:04,897 - RLController - INFO -   Example: junction D0 -> durations [24, 22, 22, 22] (total: 90s)
2026-09-24 12:53:04,897 - RLController - INFO -   Example: junction D1 -> durations [21, 21, 27, 21] (total: 90s)
2026-09-24 12:53:04,897 - RLController - INFO -   Example: junction D2 -> durations [45, 15, 15, 15] (total: 90s)
2026-09-24 12:53:04,897 - RLController - INFO -   Example: junction D3 -> durations [24, 22, 22, 22] (total: 90s)
2026-09-24 12:53:04,897 - RLController - INFO -   Example: junction D4 -> durations [24, 22, 22, 22] (total: 90s)
2026-09-24 12:53:04,897 - RLController - INFO -   Example: junction D5 -> durations [13, 13, 51, 13] (total: 90s)
2026-09-24 12:53:04,897 - RLController - INFO -   Example: junction E0 -> durations [24, 22, 22, 22] (total: 90s)
2026-09-24 12:53:04,897 - RLController - INFO -   Example: junction E1 -> durations [24, 22, 22, 22] (total: 90s)
2026-09-24 12:53:04,898 - RLController - INFO -   Stored schedules for 34 junctions, cycle starts at step 990
2026-09-24 12:53:07,350 - RLController - INFO - DIAGNOSTIC Step 1080 - Observation stats:
2026-09-24 12:53:07,456 - RLController - INFO -   Hash: 811895371872457797, Min: 0.000000, Max: 1.000000, Mean: 0.379690, Std: 0.439596
2026-09-24 12:53:07,457 - RLController - INFO -   First 10: [1.  0.  0.  0.  0.  0.5 1.  0.  0.  0. ]
2026-09-24 12:53:07,457 - RLController - INFO -   Last 10: [0.         0.2        0.         0.08333334 0.3440171  0.00217061
 0.04880342 0.661252   0.         0.3       ]
2026-09-24 12:53:07,521 - RLController - INFO - DIAGNOSTIC - Raw model action output:
2026-09-24 12:53:07,521 - RLController - INFO -   Action hash: -2719902357381455153
2026-09-24 12:53:07,522 - RLController - INFO -   First 8 values: [ -6.909188 -10.       -10.       -10.       -10.       -10.
 -10.       -10.      ]
2026-09-24 12:53:07,522 - RLController - INFO -   Last 8 values: [-10.         -10.         -10.         -10.         -10.
   0.69481117 -10.         -10.        ]
2026-09-24 12:53:07,522 - RLController - INFO -   Action shape: (136,), min: -10.000000, max: 4.971894, mean: -9.235725
2026-09-24 12:53:07,523 - RLController - INFO -   B0 junction (indices 16-19) raw values: [ -9.888099 -10.       -10.       -10.      ]
2026-09-24 12:53:07,523 - RLController - INFO - Using CONTINUOUS DURATION-BASED mode
2026-09-24 12:53:07,523 - RLController - INFO -   Example: junction A0 -> durations [51, 13, 13, 13] (total: 90s)
2026-09-24 12:53:07,524 - RLController - INFO -   Example: junction A1 -> durations [24, 22, 22, 22] (total: 90s)
2026-09-24 12:53:07,524 - RLController - INFO -   Example: junction A2 -> durations [12, 12, 54, 12] (total: 90s)
2026-09-24 12:53:07,524 - RLController - INFO -   Example: junction A4 -> durations [60, 10, 10, 10] (total: 90s)
2026-09-24 12:53:07,525 - RLController - INFO -   Example: junction A5 -> durations [24, 22, 22, 22] (total: 90s)
2026-09-24 12:53:07,525 - RLController - INFO -   Example: junction B0 -> durations [24, 22, 22, 22] (total: 90s)
2026-09-24 12:53:07,525 - RLController - INFO -   Example: junction B1 -> durations [24, 22, 22, 22] (total: 90s)
2026-09-24 12:53:07,525 - RLController - INFO -   Example: junction B2 -> durations [24, 22, 22, 22] (total: 90s)
2026-09-24 12:53:07,525 - RLController - INFO -   Example: junction B4 -> durations [24, 22, 22, 22] (total: 90s)
2026-09-24 12:53:07,525 - RLController - INFO -   Example: junction B5 -> durations [60, 10, 10, 10] (total: 90s)
2026-09-24 12:53:07,526 - RLController - INFO -   Example: junction C0 -> durations [22, 22, 24, 22] (total: 90s)
2026-09-24 12:53:07,526 - RLController - INFO -   Example: junction C1 -> durations [24, 22, 22, 22] (total: 90s)
2026-09-24 12:53:07,526 - RLController - INFO -   Example: junction C2 -> durations [57, 13, 10, 10] (total: 90s)
2026-09-24 12:53:07,526 - RLController - INFO -   Example: junction C3 -> durations [60, 10, 10, 10] (total: 90s)
2026-09-24 12:53:07,526 - RLController - INFO -   Example: junction C4 -> durations [57, 11, 11, 11] (total: 90s)
2026-09-24 12:53:07,526 - RLController - INFO -   Example: junction C5 -> durations [57, 11, 11, 11] (total: 90s)
2026-09-24 12:53:07,526 - RLController - INFO -   Example: junction D0 -> durations [24, 22, 22, 22] (total: 90s)
2026-09-24 12:53:07,527 - RLController - INFO -   Example: junction D1 -> durations [21, 21, 27, 21] (total: 90s)
2026-09-24 12:53:07,527 - RLController - INFO -   Example: junction D2 -> durations [45, 15, 15, 15] (total: 90s)
2026-09-24 12:53:07,527 - RLController - INFO -   Example: junction D3 -> durations [24, 22, 22, 22] (total: 90s)
2026-09-24 12:53:07,527 - RLController - INFO -   Example: junction D4 -> durations [24, 22, 22, 22] (total: 90s)
2026-09-24 12:53:07,527 - RLController - INFO -   Example: junction D5 -> durations [13, 13, 51, 13] (total: 90s)
2026-09-24 12:53:07,527 - RLController - INFO -   Example: junction E0 -> durations [24, 22, 22, 22] (total: 90s)
2026-09-24 12:53:07,528 - RLController - INFO -   Example: junction E1 -> durations [24, 22, 22, 22] (total: 90s)
2026-09-24 12:53:07,528 - RLController - INFO -   Stored schedules for 34 junctions, cycle starts at step 1080
2026-09-24 12:53:09,847 - RLController - INFO - DIAGNOSTIC Step 1170 - Observation stats:
2026-09-24 12:53:09,847 - RLController - INFO -   Hash: -1172901001445613567, Min: 0.000000, Max: 1.000000, Mean: 0.390811, Std: 0.444270
2026-09-24 12:53:09,848 - RLController - INFO -   First 10: [1.  0.  0.  0.  0.  0.5 1.  0.  0.  0. ]
2026-09-24 12:53:09,848 - RLController - INFO -   Last 10: [0.         0.2        0.         0.08333334 0.3803419  0.00238501
 0.0508547  0.63005173 0.         0.3       ]
2026-09-24 12:53:09,852 - RLController - INFO - DIAGNOSTIC - Raw model action output:
2026-09-24 12:53:09,852 - RLController - INFO -   Action hash: -2076270121524362736
2026-09-24 12:53:09,853 - RLController - INFO -   First 8 values: [ -7.0782514 -10.        -10.        -10.        -10.        -10.
 -10.        -10.       ]
2026-09-24 12:53:09,853 - RLController - INFO -   Last 8 values: [-10.         -10.         -10.         -10.         -10.
   0.69876415 -10.         -10.        ]
2026-09-24 12:53:09,853 - RLController - INFO -   Action shape: (136,), min: -10.000000, max: 5.104476, mean: -9.221972
2026-09-24 12:53:09,853 - RLController - INFO -   B0 junction (indices 16-19) raw values: [-10. -10. -10. -10.]
2026-09-24 12:53:09,853 - RLController - INFO - Using CONTINUOUS DURATION-BASED mode
2026-09-24 12:53:09,853 - RLController - INFO -   Example: junction A0 -> durations [51, 13, 13, 13] (total: 90s)
2026-09-24 12:53:09,854 - RLController - INFO -   Example: junction A1 -> durations [24, 22, 22, 22] (total: 90s)
2026-09-24 12:53:09,854 - RLController - INFO -   Example: junction A2 -> durations [12, 12, 54, 12] (total: 90s)
2026-09-24 12:53:09,854 - RLController - INFO -   Example: junction A4 -> durations [60, 10, 10, 10] (total: 90s)
2026-09-24 12:53:09,854 - RLController - INFO -   Example: junction A5 -> durations [24, 22, 22, 22] (total: 90s)
2026-09-24 12:53:09,854 - RLController - INFO -   Example: junction B0 -> durations [24, 22, 22, 22] (total: 90s)
2026-09-24 12:53:09,854 - RLController - INFO -   Example: junction B1 -> durations [24, 22, 22, 22] (total: 90s)
2026-09-24 12:53:09,854 - RLController - INFO -   Example: junction B2 -> durations [24, 22, 22, 22] (total: 90s)
2026-09-24 12:53:09,854 - RLController - INFO -   Example: junction B4 -> durations [24, 22, 22, 22] (total: 90s)
2026-09-24 12:53:09,855 - RLController - INFO -   Example: junction B5 -> durations [60, 10, 10, 10] (total: 90s)
2026-09-24 12:53:09,855 - RLController - INFO -   Example: junction C0 -> durations [22, 22, 24, 22] (total: 90s)
2026-09-24 12:53:09,855 - RLController - INFO -   Example: junction C1 -> durations [24, 22, 22, 22] (total: 90s)
2026-09-24 12:53:09,855 - RLController - INFO -   Example: junction C2 -> durations [57, 13, 10, 10] (total: 90s)
2026-09-24 12:53:09,855 - RLController - INFO -   Example: junction C3 -> durations [60, 10, 10, 10] (total: 90s)
2026-09-24 12:53:09,855 - RLController - INFO -   Example: junction C4 -> durations [57, 11, 11, 11] (total: 90s)
2026-09-24 12:53:09,855 - RLController - INFO -   Example: junction C5 -> durations [57, 11, 11, 11] (total: 90s)
2026-09-24 12:53:09,856 - RLController - INFO -   Example: junction D0 -> durations [24, 22, 22, 22] (total: 90s)
2026-09-24 12:53:09,856 - RLController - INFO -   Example: junction D1 -> durations [21, 21, 27, 21] (total: 90s)
2026-09-24 12:53:09,856 - RLController - INFO -   Example: junction D2 -> durations [45, 15, 15, 15] (total: 90s)
2026-09-24 12:53:09,856 - RLController - INFO -   Example: junction D3 -> durations [24, 22, 22, 22] (total: 90s)
2026-09-24 12:53:09,856 - RLController - INFO -   Example: junction D4 -> durations [24, 22, 22, 22] (total: 90s)
2026-09-24 12:53:09,856 - RLController - INFO -   Example: junction D5 -> durations [13, 13, 51, 13] (total: 90s)
2026-09-24 12:53:09,856 - RLController - INFO -   Example: junction E0 -> durations [24, 22, 22, 22] (total: 90s)
2026-09-24 12:53:09,856 - RLController - INFO -   Example: junction E1 -> durations [24, 22, 22, 22] (total: 90s)
2026-09-24 12:53:09,857 - RLController - INFO -   Stored schedules for 34 junctions, cycle starts at step 1170
2026-09-24 12:53:12,433 - RLController - INFO - DIAGNOSTIC Step 1260 - Observation stats:
2026-09-24 12:53:12,437 - RLController - INFO -   Hash: -8553869790675979731, Min: 0.000000, Max: 1.000000, Mean: 0.395121, Std: 0.445941
2026-09-24 12:53:12,437 - RLController - INFO -   First 10: [1.  0.  0.  0.  0.  0.5 1.  0.  0.  0. ]
2026-09-24 12:53:12,438 - RLController - INFO -   Last 10: [0.         0.2        0.         0.08333334 0.39102563 0.00320121
 0.05260684 0.62683797 0.         0.3       ]
2026-09-24 12:53:12,450 - RLController - INFO - DIAGNOSTIC - Raw model action output:
2026-09-24 12:53:12,450 - RLController - INFO -   Action hash: 3362401783771844274
2026-09-24 12:53:12,450 - RLController - INFO -   First 8 values: [ -7.1478524 -10.        -10.        -10.        -10.        -10.
 -10.        -10.       ]
2026-09-24 12:53:12,451 - RLController - INFO -   Last 8 values: [-10.        -10.        -10.        -10.        -10.         -1.0492756
 -10.        -10.       ]
2026-09-24 12:53:12,451 - RLController - INFO -   Action shape: (136,), min: -10.000000, max: 5.129988, mean: -9.223067
2026-09-24 12:53:12,451 - RLController - INFO -   B0 junction (indices 16-19) raw values: [ -9.904055 -10.       -10.       -10.      ]
2026-09-24 12:53:12,451 - RLController - INFO - Using CONTINUOUS DURATION-BASED mode
2026-09-24 12:53:12,452 - RLController - INFO -   Example: junction A0 -> durations [51, 13, 13, 13] (total: 90s)
2026-09-24 12:53:12,452 - RLController - INFO -   Example: junction A1 -> durations [24, 22, 22, 22] (total: 90s)
2026-09-24 12:53:12,452 - RLController - INFO -   Example: junction A2 -> durations [12, 12, 54, 12] (total: 90s)
2026-09-24 12:53:12,452 - RLController - INFO -   Example: junction A4 -> durations [60, 10, 10, 10] (total: 90s)
2026-09-24 12:53:12,453 - RLController - INFO -   Example: junction A5 -> durations [24, 22, 22, 22] (total: 90s)
2026-09-24 12:53:12,453 - RLController - INFO -   Example: junction B0 -> durations [24, 22, 22, 22] (total: 90s)
2026-09-24 12:53:12,453 - RLController - INFO -   Example: junction B1 -> durations [24, 22, 22, 22] (total: 90s)
2026-09-24 12:53:12,453 - RLController - INFO -   Example: junction B2 -> durations [24, 22, 22, 22] (total: 90s)
2026-09-24 12:53:12,454 - RLController - INFO -   Example: junction B4 -> durations [24, 22, 22, 22] (total: 90s)
2026-09-24 12:53:12,454 - RLController - INFO -   Example: junction B5 -> durations [60, 10, 10, 10] (total: 90s)
2026-09-24 12:53:12,454 - RLController - INFO -   Example: junction C0 -> durations [22, 22, 24, 22] (total: 90s)
2026-09-24 12:53:12,454 - RLController - INFO -   Example: junction C1 -> durations [24, 22, 22, 22] (total: 90s)
2026-09-24 12:53:12,454 - RLController - INFO -   Example: junction C2 -> durations [57, 13, 10, 10] (total: 90s)
2026-09-24 12:53:12,455 - RLController - INFO -   Example: junction C3 -> durations [60, 10, 10, 10] (total: 90s)
2026-09-24 12:53:12,455 - RLController - INFO -   Example: junction C4 -> durations [57, 11, 11, 11] (total: 90s)
2026-09-24 12:53:12,455 - RLController - INFO -   Example: junction C5 -> durations [57, 11, 11, 11] (total: 90s)
2026-09-24 12:53:12,455 - RLController - INFO -   Example: junction D0 -> durations [24, 22, 22, 22] (total: 90s)
2026-09-24 12:53:12,456 - RLController - INFO -   Example: junction D1 -> durations [21, 21, 27, 21] (total: 90s)
2026-09-24 12:53:12,456 - RLController - INFO -   Example: junction D2 -> durations [45, 15, 15, 15] (total: 90s)
2026-09-24 12:53:12,456 - RLController - INFO -   Example: junction D3 -> durations [24, 22, 22, 22] (total: 90s)
2026-09-24 12:53:12,456 - RLController - INFO -   Example: junction D4 -> durations [24, 22, 22, 22] (total: 90s)
2026-09-24 12:53:12,457 - RLController - INFO -   Example: junction D5 -> durations [13, 13, 51, 13] (total: 90s)
2026-09-24 12:53:12,457 - RLController - INFO -   Example: junction E0 -> durations [24, 22, 22, 22] (total: 90s)
2026-09-24 12:53:12,457 - RLController - INFO -   Example: junction E1 -> durations [24, 22, 22, 22] (total: 90s)
2026-09-24 12:53:12,458 - RLController - INFO -   Stored schedules for 34 junctions, cycle starts at step 1260
2026-09-24 12:53:15,048 - RLController - INFO - DIAGNOSTIC Step 1350 - Observation stats:
2026-09-24 12:53:15,048 - RLController - INFO -   Hash: -7372843744119759121, Min: 0.000000, Max: 1.000000, Mean: 0.392371, Std: 0.444712
2026-09-24 12:53:15,048 - RLController - INFO -   First 10: [1.         0.         0.         0.         0.         0.5
 0.         0.         0.99333334 1.        ]
2026-09-24 12:53:15,048 - RLController - INFO -   Last 10: [0.         0.2        0.         0.08333334 0.37393162 0.00330581
 0.05517094 0.64237195 0.         0.3       ]
2026-09-24 12:53:15,053 - RLController - INFO - DIAGNOSTIC - Raw model action output:
2026-09-24 12:53:15,053 - RLController - INFO -   Action hash: -7075552536244916143
2026-09-24 12:53:15,054 - RLController - INFO -   First 8 values: [ -6.8193345 -10.        -10.        -10.        -10.        -10.
 -10.        -10.       ]
2026-09-24 12:53:15,054 - RLController - INFO -   Last 8 values: [-10.        -10.        -10.        -10.        -10.         -0.8487615
 -10.        -10.       ]
2026-09-24 12:53:15,054 - RLController - INFO -   Action shape: (136,), min: -10.000000, max: 5.537088, mean: -9.189696
2026-09-24 12:53:15,055 - RLController - INFO -   B0 junction (indices 16-19) raw values: [ -9.360011 -10.       -10.       -10.      ]
2026-09-24 12:53:15,055 - RLController - INFO - Using CONTINUOUS DURATION-BASED mode
2026-09-24 12:53:15,055 - RLController - INFO -   Example: junction A0 -> durations [51, 13, 13, 13] (total: 90s)
2026-09-24 12:53:15,055 - RLController - INFO -   Example: junction A1 -> durations [24, 22, 22, 22] (total: 90s)
2026-09-24 12:53:15,055 - RLController - INFO -   Example: junction A2 -> durations [12, 12, 54, 12] (total: 90s)
2026-09-24 12:53:15,055 - RLController - INFO -   Example: junction A4 -> durations [60, 10, 10, 10] (total: 90s)
2026-09-24 12:53:15,055 - RLController - INFO -   Example: junction A5 -> durations [24, 22, 22, 22] (total: 90s)
2026-09-24 12:53:15,055 - RLController - INFO -   Example: junction B0 -> durations [24, 22, 22, 22] (total: 90s)
2026-09-24 12:53:15,056 - RLController - INFO -   Example: junction B1 -> durations [24, 22, 22, 22] (total: 90s)
2026-09-24 12:53:15,056 - RLController - INFO -   Example: junction B2 -> durations [24, 22, 22, 22] (total: 90s)
2026-09-24 12:53:15,056 - RLController - INFO -   Example: junction B4 -> durations [24, 22, 22, 22] (total: 90s)
2026-09-24 12:53:15,056 - RLController - INFO -   Example: junction B5 -> durations [60, 10, 10, 10] (total: 90s)
2026-09-24 12:53:15,056 - RLController - INFO -   Example: junction C0 -> durations [22, 22, 24, 22] (total: 90s)
2026-09-24 12:53:15,056 - RLController - INFO -   Example: junction C1 -> durations [24, 22, 22, 22] (total: 90s)
2026-09-24 12:53:15,056 - RLController - INFO -   Example: junction C2 -> durations [57, 13, 10, 10] (total: 90s)
2026-09-24 12:53:15,056 - RLController - INFO -   Example: junction C3 -> durations [60, 10, 10, 10] (total: 90s)
2026-09-24 12:53:15,057 - RLController - INFO -   Example: junction C4 -> durations [57, 11, 11, 11] (total: 90s)
2026-09-24 12:53:15,057 - RLController - INFO -   Example: junction C5 -> durations [57, 11, 11, 11] (total: 90s)
2026-09-24 12:53:15,057 - RLController - INFO -   Example: junction D0 -> durations [24, 22, 22, 22] (total: 90s)
2026-09-24 12:53:15,057 - RLController - INFO -   Example: junction D1 -> durations [21, 21, 27, 21] (total: 90s)
2026-09-24 12:53:15,057 - RLController - INFO -   Example: junction D2 -> durations [45, 15, 15, 15] (total: 90s)
2026-09-24 12:53:15,057 - RLController - INFO -   Example: junction D3 -> durations [24, 22, 22, 22] (total: 90s)
2026-09-24 12:53:15,057 - RLController - INFO -   Example: junction D4 -> durations [24, 22, 22, 22] (total: 90s)
2026-09-24 12:53:15,057 - RLController - INFO -   Example: junction D5 -> durations [13, 13, 51, 13] (total: 90s)
2026-09-24 12:53:15,057 - RLController - INFO -   Example: junction E0 -> durations [24, 22, 22, 22] (total: 90s)
2026-09-24 12:53:15,058 - RLController - INFO -   Example: junction E1 -> durations [24, 22, 22, 22] (total: 90s)
2026-09-24 12:53:15,058 - RLController - INFO -   Stored schedules for 34 junctions, cycle starts at step 1350
2026-09-24 12:53:17,795 - RLController - INFO - DIAGNOSTIC Step 1440 - Observation stats:
2026-09-24 12:53:17,796 - RLController - INFO -   Hash: 273826155237618801, Min: 0.000000, Max: 1.000000, Mean: 0.398122, Std: 0.446993
2026-09-24 12:53:17,796 - RLController - INFO -   First 10: [1.  0.  0.  0.  0.  0.5 1.  0.  0.  0. ]
2026-09-24 12:53:17,796 - RLController - INFO -   Last 10: [0.         0.2        0.         0.08333334 0.4059829  0.00338096
 0.05824786 0.6127646  0.         0.3       ]
2026-09-24 12:53:17,799 - RLController - INFO - DIAGNOSTIC - Raw model action output:
2026-09-24 12:53:17,800 - RLController - INFO -   Action hash: 2506200444482594289
2026-09-24 12:53:17,800 - RLController - INFO -   First 8 values: [ -7.0181394 -10.        -10.        -10.        -10.        -10.
 -10.        -10.       ]
2026-09-24 12:53:17,800 - RLController - INFO -   Last 8 values: [-10.        -10.        -10.        -10.        -10.         -0.8771917
 -10.        -10.       ]
2026-09-24 12:53:17,800 - RLController - INFO -   Action shape: (136,), min: -10.000000, max: 5.225351, mean: -9.233621
2026-09-24 12:53:17,800 - RLController - INFO -   B0 junction (indices 16-19) raw values: [ -9.377374 -10.       -10.       -10.      ]
2026-09-24 12:53:17,801 - RLController - INFO - Using CONTINUOUS DURATION-BASED mode
2026-09-24 12:53:17,801 - RLController - INFO -   Example: junction A0 -> durations [51, 13, 13, 13] (total: 90s)
2026-09-24 12:53:17,801 - RLController - INFO -   Example: junction A1 -> durations [24, 22, 22, 22] (total: 90s)
2026-09-24 12:53:17,801 - RLController - INFO -   Example: junction A2 -> durations [12, 12, 54, 12] (total: 90s)
2026-09-24 12:53:17,801 - RLController - INFO -   Example: junction A4 -> durations [60, 10, 10, 10] (total: 90s)
2026-09-24 12:53:17,801 - RLController - INFO -   Example: junction A5 -> durations [24, 22, 22, 22] (total: 90s)
2026-09-24 12:53:17,801 - RLController - INFO -   Example: junction B0 -> durations [24, 22, 22, 22] (total: 90s)
2026-09-24 12:53:17,802 - RLController - INFO -   Example: junction B1 -> durations [24, 22, 22, 22] (total: 90s)
2026-09-24 12:53:17,802 - RLController - INFO -   Example: junction B2 -> durations [24, 22, 22, 22] (total: 90s)
2026-09-24 12:53:17,802 - RLController - INFO -   Example: junction B4 -> durations [24, 22, 22, 22] (total: 90s)
2026-09-24 12:53:17,802 - RLController - INFO -   Example: junction B5 -> durations [60, 10, 10, 10] (total: 90s)
2026-09-24 12:53:17,802 - RLController - INFO -   Example: junction C0 -> durations [22, 22, 24, 22] (total: 90s)
2026-09-24 12:53:17,802 - RLController - INFO -   Example: junction C1 -> durations [24, 22, 22, 22] (total: 90s)
2026-09-24 12:53:17,802 - RLController - INFO -   Example: junction C2 -> durations [57, 13, 10, 10] (total: 90s)
2026-09-24 12:53:17,803 - RLController - INFO -   Example: junction C3 -> durations [60, 10, 10, 10] (total: 90s)
2026-09-24 12:53:17,803 - RLController - INFO -   Example: junction C4 -> durations [57, 11, 11, 11] (total: 90s)
2026-09-24 12:53:17,803 - RLController - INFO -   Example: junction C5 -> durations [57, 11, 11, 11] (total: 90s)
2026-09-24 12:53:17,803 - RLController - INFO -   Example: junction D0 -> durations [24, 22, 22, 22] (total: 90s)
2026-09-24 12:53:17,803 - RLController - INFO -   Example: junction D1 -> durations [21, 21, 27, 21] (total: 90s)
2026-09-24 12:53:17,803 - RLController - INFO -   Example: junction D2 -> durations [45, 15, 15, 15] (total: 90s)
2026-09-24 12:53:17,803 - RLController - INFO -   Example: junction D3 -> durations [24, 22, 22, 22] (total: 90s)
2026-09-24 12:53:17,803 - RLController - INFO -   Example: junction D4 -> durations [24, 22, 22, 22] (total: 90s)
2026-09-24 12:53:17,804 - RLController - INFO -   Example: junction D5 -> durations [13, 13, 51, 13] (total: 90s)
2026-09-24 12:53:17,804 - RLController - INFO -   Example: junction E0 -> durations [24, 22, 22, 22] (total: 90s)
2026-09-24 12:53:17,804 - RLController - INFO -   Example: junction E1 -> durations [24, 22, 22, 22] (total: 90s)
2026-09-24 12:53:17,805 - RLController - INFO -   Stored schedules for 34 junctions, cycle starts at step 1440
2026-09-24 12:53:20,781 - RLController - INFO - DIAGNOSTIC Step 1530 - Observation stats:
2026-09-24 12:53:20,781 - RLController - INFO -   Hash: -9126435347128192728, Min: 0.000000, Max: 1.000358, Mean: 0.399195, Std: 0.447687
2026-09-24 12:53:20,781 - RLController - INFO -   First 10: [1.  0.  0.  0.  0.  0.5 1.  0.  0.  0. ]
2026-09-24 12:53:20,781 - RLController - INFO -   Last 10: [0.         0.2        0.         0.08333334 0.41666666 0.00355172
 0.06004274 0.61023206 0.         0.3       ]
2026-09-24 12:53:20,786 - RLController - INFO - DIAGNOSTIC - Raw model action output:
2026-09-24 12:53:20,786 - RLController - INFO -   Action hash: -5748883695528042356
2026-09-24 12:53:20,786 - RLController - INFO -   First 8 values: [ -7.0760603 -10.        -10.        -10.        -10.        -10.
 -10.        -10.       ]
2026-09-24 12:53:20,786 - RLController - INFO -   Last 8 values: [-10.        -10.        -10.        -10.        -10.         -0.6273791
 -10.        -10.       ]
2026-09-24 12:53:20,786 - RLController - INFO -   Action shape: (136,), min: -10.000000, max: 4.540430, mean: -9.234803
2026-09-24 12:53:20,787 - RLController - INFO -   B0 junction (indices 16-19) raw values: [ -9.725228 -10.       -10.       -10.      ]
2026-09-24 12:53:20,787 - RLController - INFO - Using CONTINUOUS DURATION-BASED mode
2026-09-24 12:53:20,787 - RLController - INFO -   Example: junction A0 -> durations [51, 13, 13, 13] (total: 90s)
2026-09-24 12:53:20,787 - RLController - INFO -   Example: junction A1 -> durations [24, 22, 22, 22] (total: 90s)
2026-09-24 12:53:20,787 - RLController - INFO -   Example: junction A2 -> durations [12, 12, 54, 12] (total: 90s)
2026-09-24 12:53:20,787 - RLController - INFO -   Example: junction A4 -> durations [60, 10, 10, 10] (total: 90s)
2026-09-24 12:53:20,788 - RLController - INFO -   Example: junction A5 -> durations [24, 22, 22, 22] (total: 90s)
2026-09-24 12:53:20,788 - RLController - INFO -   Example: junction B0 -> durations [24, 22, 22, 22] (total: 90s)
2026-09-24 12:53:20,788 - RLController - INFO -   Example: junction B1 -> durations [24, 22, 22, 22] (total: 90s)
2026-09-24 12:53:20,788 - RLController - INFO -   Example: junction B2 -> durations [24, 22, 22, 22] (total: 90s)
2026-09-24 12:53:20,788 - RLController - INFO -   Example: junction B4 -> durations [24, 22, 22, 22] (total: 90s)
2026-09-24 12:53:20,788 - RLController - INFO -   Example: junction B5 -> durations [60, 10, 10, 10] (total: 90s)
2026-09-24 12:53:20,788 - RLController - INFO -   Example: junction C0 -> durations [22, 22, 24, 22] (total: 90s)
2026-09-24 12:53:20,789 - RLController - INFO -   Example: junction C1 -> durations [24, 22, 22, 22] (total: 90s)
2026-09-24 12:53:20,789 - RLController - INFO -   Example: junction C2 -> durations [57, 13, 10, 10] (total: 90s)
2026-09-24 12:53:20,789 - RLController - INFO -   Example: junction C3 -> durations [60, 10, 10, 10] (total: 90s)
2026-09-24 12:53:20,789 - RLController - INFO -   Example: junction C4 -> durations [57, 11, 11, 11] (total: 90s)
2026-09-24 12:53:20,789 - RLController - INFO -   Example: junction C5 -> durations [57, 11, 11, 11] (total: 90s)
2026-09-24 12:53:20,789 - RLController - INFO -   Example: junction D0 -> durations [24, 22, 22, 22] (total: 90s)
2026-09-24 12:53:20,789 - RLController - INFO -   Example: junction D1 -> durations [21, 21, 27, 21] (total: 90s)
2026-09-24 12:53:20,789 - RLController - INFO -   Example: junction D2 -> durations [45, 15, 15, 15] (total: 90s)
2026-09-24 12:53:20,790 - RLController - INFO -   Example: junction D3 -> durations [24, 22, 22, 22] (total: 90s)
2026-09-24 12:53:20,790 - RLController - INFO -   Example: junction D4 -> durations [24, 22, 22, 22] (total: 90s)
2026-09-24 12:53:20,790 - RLController - INFO -   Example: junction D5 -> durations [13, 13, 51, 13] (total: 90s)
2026-09-24 12:53:20,790 - RLController - INFO -   Example: junction E0 -> durations [24, 22, 22, 22] (total: 90s)
2026-09-24 12:53:20,790 - RLController - INFO -   Example: junction E1 -> durations [24, 22, 22, 22] (total: 90s)
2026-09-24 12:53:20,791 - RLController - INFO -   Stored schedules for 34 junctions, cycle starts at step 1530
2026-09-24 12:53:22,945 - RLController - INFO - DIAGNOSTIC Step 1620 - Observation stats:
2026-09-24 12:53:22,945 - RLController - INFO -   Hash: 4037424625075766236, Min: 0.000000, Max: 1.000000, Mean: 0.402840, Std: 0.447312
2026-09-24 12:53:22,946 - RLController - INFO -   First 10: [1.  0.  0.  0.  0.  0.5 1.  0.  0.  0. ]
2026-09-24 12:53:22,946 - RLController - INFO -   Last 10: [0.         0.2        0.         0.08333334 0.43803418 0.00350201
 0.06196581 0.5850768  0.         0.3       ]
2026-09-24 12:53:22,950 - RLController - INFO - DIAGNOSTIC - Raw model action output:
2026-09-24 12:53:22,950 - RLController - INFO -   Action hash: -1289304492726723775
2026-09-24 12:53:22,950 - RLController - INFO -   First 8 values: [ -7.4368024 -10.        -10.        -10.        -10.        -10.
 -10.        -10.       ]
2026-09-24 12:53:22,951 - RLController - INFO -   Last 8 values: [-10.        -10.        -10.        -10.        -10.         -0.9117963
 -10.        -10.       ]
2026-09-24 12:53:22,951 - RLController - INFO -   Action shape: (136,), min: -10.000000, max: 4.802417, mean: -9.232072
2026-09-24 12:53:22,951 - RLController - INFO -   B0 junction (indices 16-19) raw values: [ -9.63295 -10.      -10.      -10.     ]
2026-09-24 12:53:22,951 - RLController - INFO - Using CONTINUOUS DURATION-BASED mode
2026-09-24 12:53:22,951 - RLController - INFO -   Example: junction A0 -> durations [51, 13, 13, 13] (total: 90s)
2026-09-24 12:53:22,951 - RLController - INFO -   Example: junction A1 -> durations [24, 22, 22, 22] (total: 90s)
2026-09-24 12:53:22,951 - RLController - INFO -   Example: junction A2 -> durations [12, 12, 54, 12] (total: 90s)
2026-09-24 12:53:22,951 - RLController - INFO -   Example: junction A4 -> durations [60, 10, 10, 10] (total: 90s)
2026-09-24 12:53:22,951 - RLController - INFO -   Example: junction A5 -> durations [24, 22, 22, 22] (total: 90s)
2026-09-24 12:53:22,952 - RLController - INFO -   Example: junction B0 -> durations [24, 22, 22, 22] (total: 90s)
2026-09-24 12:53:22,952 - RLController - INFO -   Example: junction B1 -> durations [24, 22, 22, 22] (total: 90s)
2026-09-24 12:53:22,952 - RLController - INFO -   Example: junction B2 -> durations [24, 22, 22, 22] (total: 90s)
2026-09-24 12:53:22,952 - RLController - INFO -   Example: junction B4 -> durations [24, 22, 22, 22] (total: 90s)
2026-09-24 12:53:22,952 - RLController - INFO -   Example: junction B5 -> durations [60, 10, 10, 10] (total: 90s)
2026-09-24 12:53:22,952 - RLController - INFO -   Example: junction C0 -> durations [22, 22, 24, 22] (total: 90s)
2026-09-24 12:53:22,952 - RLController - INFO -   Example: junction C1 -> durations [24, 22, 22, 22] (total: 90s)
2026-09-24 12:53:22,952 - RLController - INFO -   Example: junction C2 -> durations [57, 13, 10, 10] (total: 90s)
2026-09-24 12:53:22,952 - RLController - INFO -   Example: junction C3 -> durations [60, 10, 10, 10] (total: 90s)
2026-09-24 12:53:22,953 - RLController - INFO -   Example: junction C4 -> durations [57, 11, 11, 11] (total: 90s)
2026-09-24 12:53:22,953 - RLController - INFO -   Example: junction C5 -> durations [57, 11, 11, 11] (total: 90s)
2026-09-24 12:53:22,953 - RLController - INFO -   Example: junction D0 -> durations [24, 22, 22, 22] (total: 90s)
2026-09-24 12:53:22,953 - RLController - INFO -   Example: junction D1 -> durations [21, 21, 27, 21] (total: 90s)
2026-09-24 12:53:22,953 - RLController - INFO -   Example: junction D2 -> durations [45, 15, 15, 15] (total: 90s)
2026-09-24 12:53:22,953 - RLController - INFO -   Example: junction D3 -> durations [24, 22, 22, 22] (total: 90s)
2026-09-24 12:53:22,953 - RLController - INFO -   Example: junction D4 -> durations [24, 22, 22, 22] (total: 90s)
2026-09-24 12:53:22,953 - RLController - INFO -   Example: junction D5 -> durations [13, 13, 51, 13] (total: 90s)
2026-09-24 12:53:22,953 - RLController - INFO -   Example: junction E0 -> durations [24, 22, 22, 22] (total: 90s)
2026-09-24 12:53:22,953 - RLController - INFO -   Example: junction E1 -> durations [24, 22, 22, 22] (total: 90s)
2026-09-24 12:53:22,954 - RLController - INFO -   Stored schedules for 34 junctions, cycle starts at step 1620
2026-09-24 12:53:25,576 - RLController - INFO - DIAGNOSTIC Step 1710 - Observation stats:
2026-09-24 12:53:25,576 - RLController - INFO -   Hash: 7835968803898210911, Min: 0.000000, Max: 1.000000, Mean: 0.412441, Std: 0.450146
2026-09-24 12:53:25,576 - RLController - INFO -   First 10: [1.  0.  0.  0.  0.  0.5 1.  0.  0.  0. ]
2026-09-24 12:53:25,576 - RLController - INFO -   Last 10: [0.         0.2        0.         0.08333334 0.4551282  0.00362475
 0.06247863 0.57018185 0.         0.3       ]
2026-09-24 12:53:25,582 - RLController - INFO - DIAGNOSTIC - Raw model action output:
2026-09-24 12:53:25,582 - RLController - INFO -   Action hash: -3689354984381368107
2026-09-24 12:53:25,582 - RLController - INFO -   First 8 values: [ -7.2876153 -10.        -10.        -10.        -10.        -10.
 -10.        -10.       ]
2026-09-24 12:53:25,582 - RLController - INFO -   Last 8 values: [-10.         -10.         -10.         -10.         -10.
  -0.99907583 -10.         -10.        ]
2026-09-24 12:53:25,582 - RLController - INFO -   Action shape: (136,), min: -10.000000, max: 5.388578, mean: -9.242100
2026-09-24 12:53:25,583 - RLController - INFO -   B0 junction (indices 16-19) raw values: [ -9.927415 -10.       -10.       -10.      ]
2026-09-24 12:53:25,583 - RLController - INFO - Using CONTINUOUS DURATION-BASED mode
2026-09-24 12:53:25,583 - RLController - INFO -   Example: junction A0 -> durations [51, 13, 13, 13] (total: 90s)
2026-09-24 12:53:25,583 - RLController - INFO -   Example: junction A1 -> durations [24, 22, 22, 22] (total: 90s)
2026-09-24 12:53:25,583 - RLController - INFO -   Example: junction A2 -> durations [12, 12, 54, 12] (total: 90s)
2026-09-24 12:53:25,583 - RLController - INFO -   Example: junction A4 -> durations [60, 10, 10, 10] (total: 90s)
2026-09-24 12:53:25,583 - RLController - INFO -   Example: junction A5 -> durations [24, 22, 22, 22] (total: 90s)
2026-09-24 12:53:25,584 - RLController - INFO -   Example: junction B0 -> durations [24, 22, 22, 22] (total: 90s)
2026-09-24 12:53:25,584 - RLController - INFO -   Example: junction B1 -> durations [24, 22, 22, 22] (total: 90s)
2026-09-24 12:53:25,584 - RLController - INFO -   Example: junction B2 -> durations [24, 22, 22, 22] (total: 90s)
2026-09-24 12:53:25,584 - RLController - INFO -   Example: junction B4 -> durations [24, 22, 22, 22] (total: 90s)
2026-09-24 12:53:25,584 - RLController - INFO -   Example: junction B5 -> durations [60, 10, 10, 10] (total: 90s)
2026-09-24 12:53:25,585 - RLController - INFO -   Example: junction C0 -> durations [22, 22, 24, 22] (total: 90s)
2026-09-24 12:53:25,585 - RLController - INFO -   Example: junction C1 -> durations [24, 22, 22, 22] (total: 90s)
2026-09-24 12:53:25,585 - RLController - INFO -   Example: junction C2 -> durations [57, 13, 10, 10] (total: 90s)
2026-09-24 12:53:25,585 - RLController - INFO -   Example: junction C3 -> durations [60, 10, 10, 10] (total: 90s)
2026-09-24 12:53:25,585 - RLController - INFO -   Example: junction C4 -> durations [57, 11, 11, 11] (total: 90s)
2026-09-24 12:53:25,585 - RLController - INFO -   Example: junction C5 -> durations [57, 11, 11, 11] (total: 90s)
2026-09-24 12:53:25,585 - RLController - INFO -   Example: junction D0 -> durations [24, 22, 22, 22] (total: 90s)
2026-09-24 12:53:25,586 - RLController - INFO -   Example: junction D1 -> durations [21, 21, 27, 21] (total: 90s)
2026-09-24 12:53:25,586 - RLController - INFO -   Example: junction D2 -> durations [45, 15, 15, 15] (total: 90s)
2026-09-24 12:53:25,586 - RLController - INFO -   Example: junction D3 -> durations [24, 22, 22, 22] (total: 90s)
2026-09-24 12:53:25,586 - RLController - INFO -   Example: junction D4 -> durations [24, 22, 22, 22] (total: 90s)
2026-09-24 12:53:25,586 - RLController - INFO -   Example: junction D5 -> durations [13, 13, 51, 13] (total: 90s)
2026-09-24 12:53:25,586 - RLController - INFO -   Example: junction E0 -> durations [24, 22, 22, 22] (total: 90s)
2026-09-24 12:53:25,586 - RLController - INFO -   Example: junction E1 -> durations [24, 22, 22, 22] (total: 90s)
2026-09-24 12:53:25,587 - RLController - INFO -   Stored schedules for 34 junctions, cycle starts at step 1710
2026-09-24 12:53:28,042 - RLController - INFO - DIAGNOSTIC Step 1800 - Observation stats:
2026-09-24 12:53:28,042 - RLController - INFO -   Hash: -2167410356357144449, Min: 0.000000, Max: 1.000000, Mean: 0.408024, Std: 0.449073
2026-09-24 12:53:28,043 - RLController - INFO -   First 10: [1.  0.  0.  0.  0.  0.5 1.  0.  0.  0. ]
2026-09-24 12:53:28,043 - RLController - INFO -   Last 10: [0.         0.2        0.         0.08333334 0.44871795 0.00351894
 0.06252137 0.57592255 0.         0.3       ]
2026-09-24 12:53:28,047 - RLController - INFO - DIAGNOSTIC - Raw model action output:
2026-09-24 12:53:28,047 - RLController - INFO -   Action hash: 917978507183288874
2026-09-24 12:53:28,047 - RLController - INFO -   First 8 values: [ -6.936691 -10.       -10.       -10.       -10.       -10.
 -10.       -10.      ]
2026-09-24 12:53:28,047 - RLController - INFO -   Last 8 values: [-10.        -10.        -10.        -10.        -10.         -2.7439363
 -10.        -10.       ]
2026-09-24 12:53:28,047 - RLController - INFO -   Action shape: (136,), min: -10.000000, max: 4.470622, mean: -9.224951
2026-09-24 12:53:28,048 - RLController - INFO -   B0 junction (indices 16-19) raw values: [ -9.965175 -10.       -10.       -10.      ]
2026-09-24 12:53:28,048 - RLController - INFO - Using CONTINUOUS DURATION-BASED mode
2026-09-24 12:53:28,048 - RLController - INFO -   Example: junction A0 -> durations [51, 13, 13, 13] (total: 90s)
2026-09-24 12:53:28,048 - RLController - INFO -   Example: junction A1 -> durations [24, 22, 22, 22] (total: 90s)
2026-09-24 12:53:28,048 - RLController - INFO -   Example: junction A2 -> durations [12, 12, 54, 12] (total: 90s)
2026-09-24 12:53:28,048 - RLController - INFO -   Example: junction A4 -> durations [60, 10, 10, 10] (total: 90s)
2026-09-24 12:53:28,048 - RLController - INFO -   Example: junction A5 -> durations [24, 22, 22, 22] (total: 90s)
2026-09-24 12:53:28,049 - RLController - INFO -   Example: junction B0 -> durations [24, 22, 22, 22] (total: 90s)
2026-09-24 12:53:28,049 - RLController - INFO -   Example: junction B1 -> durations [24, 22, 22, 22] (total: 90s)
2026-09-24 12:53:28,049 - RLController - INFO -   Example: junction B2 -> durations [24, 22, 22, 22] (total: 90s)
2026-09-24 12:53:28,049 - RLController - INFO -   Example: junction B4 -> durations [24, 22, 22, 22] (total: 90s)
2026-09-24 12:53:28,049 - RLController - INFO -   Example: junction B5 -> durations [60, 10, 10, 10] (total: 90s)
2026-09-24 12:53:28,049 - RLController - INFO -   Example: junction C0 -> durations [22, 22, 24, 22] (total: 90s)
2026-09-24 12:53:28,049 - RLController - INFO -   Example: junction C1 -> durations [24, 22, 22, 22] (total: 90s)
2026-09-24 12:53:28,050 - RLController - INFO -   Example: junction C2 -> durations [57, 13, 10, 10] (total: 90s)
2026-09-24 12:53:28,050 - RLController - INFO -   Example: junction C3 -> durations [60, 10, 10, 10] (total: 90s)
2026-09-24 12:53:28,050 - RLController - INFO -   Example: junction C4 -> durations [57, 11, 11, 11] (total: 90s)
2026-09-24 12:53:28,050 - RLController - INFO -   Example: junction C5 -> durations [57, 11, 11, 11] (total: 90s)
2026-09-24 12:53:28,050 - RLController - INFO -   Example: junction D0 -> durations [24, 22, 22, 22] (total: 90s)
2026-09-24 12:53:28,050 - RLController - INFO -   Example: junction D1 -> durations [21, 21, 27, 21] (total: 90s)
2026-09-24 12:53:28,050 - RLController - INFO -   Example: junction D2 -> durations [45, 15, 15, 15] (total: 90s)
2026-09-24 12:53:28,050 - RLController - INFO -   Example: junction D3 -> durations [24, 22, 22, 22] (total: 90s)
2026-09-24 12:53:28,051 - RLController - INFO -   Example: junction D4 -> durations [24, 22, 22, 22] (total: 90s)
2026-09-24 12:53:28,051 - RLController - INFO -   Example: junction D5 -> durations [13, 13, 51, 13] (total: 90s)
2026-09-24 12:53:28,051 - RLController - INFO -   Example: junction E0 -> durations [24, 22, 22, 22] (total: 90s)
2026-09-24 12:53:28,051 - RLController - INFO -   Example: junction E1 -> durations [24, 22, 22, 22] (total: 90s)
2026-09-24 12:53:28,052 - RLController - INFO -   Stored schedules for 34 junctions, cycle starts at step 1800
2026-09-24 12:53:30,820 - RLController - INFO - DIAGNOSTIC Step 1890 - Observation stats:
2026-09-24 12:53:30,821 - RLController - INFO -   Hash: 4683107505824947772, Min: 0.000000, Max: 1.000000, Mean: 0.408835, Std: 0.451056
2026-09-24 12:53:30,821 - RLController - INFO -   First 10: [1.         0.         0.         0.         0.         0.5
 0.         1.         0.99333334 1.        ]
2026-09-24 12:53:30,821 - RLController - INFO -   Last 10: [0.         0.2        0.         0.08333334 0.43589744 0.00314474
 0.06264957 0.58117646 0.         0.3       ]
2026-09-24 12:53:30,825 - RLController - INFO - DIAGNOSTIC - Raw model action output:
2026-09-24 12:53:30,825 - RLController - INFO -   Action hash: -7855975410938248935
2026-09-24 12:53:30,826 - RLController - INFO -   First 8 values: [ -6.9634366 -10.        -10.        -10.        -10.        -10.
 -10.        -10.       ]
2026-09-24 12:53:30,826 - RLController - INFO -   Last 8 values: [-10.        -10.        -10.        -10.        -10.         -2.0313184
 -10.        -10.       ]
2026-09-24 12:53:30,826 - RLController - INFO -   Action shape: (136,), min: -10.000000, max: 5.650905, mean: -9.218287
2026-09-24 12:53:30,826 - RLController - INFO -   B0 junction (indices 16-19) raw values: [ -9.678494 -10.       -10.       -10.      ]
2026-09-24 12:53:30,826 - RLController - INFO - Using CONTINUOUS DURATION-BASED mode
2026-09-24 12:53:30,826 - RLController - INFO -   Example: junction A0 -> durations [51, 13, 13, 13] (total: 90s)
2026-09-24 12:53:30,827 - RLController - INFO -   Example: junction A1 -> durations [24, 22, 22, 22] (total: 90s)
2026-09-24 12:53:30,827 - RLController - INFO -   Example: junction A2 -> durations [12, 12, 54, 12] (total: 90s)
2026-09-24 12:53:30,827 - RLController - INFO -   Example: junction A4 -> durations [60, 10, 10, 10] (total: 90s)
2026-09-24 12:53:30,827 - RLController - INFO -   Example: junction A5 -> durations [24, 22, 22, 22] (total: 90s)
2026-09-24 12:53:30,827 - RLController - INFO -   Example: junction B0 -> durations [24, 22, 22, 22] (total: 90s)
2026-09-24 12:53:30,827 - RLController - INFO -   Example: junction B1 -> durations [24, 22, 22, 22] (total: 90s)
2026-09-24 12:53:30,827 - RLController - INFO -   Example: junction B2 -> durations [24, 22, 22, 22] (total: 90s)
2026-09-24 12:53:30,828 - RLController - INFO -   Example: junction B4 -> durations [24, 22, 22, 22] (total: 90s)
2026-09-24 12:53:30,828 - RLController - INFO -   Example: junction B5 -> durations [60, 10, 10, 10] (total: 90s)
2026-09-24 12:53:30,828 - RLController - INFO -   Example: junction C0 -> durations [22, 22, 24, 22] (total: 90s)
2026-09-24 12:53:30,828 - RLController - INFO -   Example: junction C1 -> durations [24, 22, 22, 22] (total: 90s)
2026-09-24 12:53:30,828 - RLController - INFO -   Example: junction C2 -> durations [57, 13, 10, 10] (total: 90s)
2026-09-24 12:53:30,829 - RLController - INFO -   Example: junction C3 -> durations [60, 10, 10, 10] (total: 90s)
2026-09-24 12:53:30,829 - RLController - INFO -   Example: junction C4 -> durations [57, 11, 11, 11] (total: 90s)
2026-09-24 12:53:30,829 - RLController - INFO -   Example: junction C5 -> durations [57, 11, 11, 11] (total: 90s)
2026-09-24 12:53:30,829 - RLController - INFO -   Example: junction D0 -> durations [24, 22, 22, 22] (total: 90s)
2026-09-24 12:53:30,829 - RLController - INFO -   Example: junction D1 -> durations [21, 21, 27, 21] (total: 90s)
2026-09-24 12:53:30,829 - RLController - INFO -   Example: junction D2 -> durations [45, 15, 15, 15] (total: 90s)
2026-09-24 12:53:30,829 - RLController - INFO -   Example: junction D3 -> durations [24, 22, 22, 22] (total: 90s)
2026-09-24 12:53:30,829 - RLController - INFO -   Example: junction D4 -> durations [24, 22, 22, 22] (total: 90s)
2026-09-24 12:53:30,830 - RLController - INFO -   Example: junction D5 -> durations [13, 13, 51, 13] (total: 90s)
2026-09-24 12:53:30,830 - RLController - INFO -   Example: junction E0 -> durations [24, 22, 22, 22] (total: 90s)
2026-09-24 12:53:30,830 - RLController - INFO -   Example: junction E1 -> durations [24, 22, 22, 22] (total: 90s)
2026-09-24 12:53:30,831 - RLController - INFO -   Stored schedules for 34 junctions, cycle starts at step 1890
2026-09-24 12:53:33,244 - RLController - INFO - DIAGNOSTIC Step 1980 - Observation stats:
2026-09-24 12:53:33,244 - RLController - INFO -   Hash: -8397533810599146078, Min: 0.000000, Max: 1.000000, Mean: 0.411009, Std: 0.450175
2026-09-24 12:53:33,245 - RLController - INFO -   First 10: [1.         0.         0.         0.         0.         0.5
 0.         1.         0.99333334 1.        ]
2026-09-24 12:53:33,245 - RLController - INFO -   Last 10: [0.         0.2        0.         0.08333334 0.42948717 0.00308681
 0.06517094 0.5831638  0.         0.3       ]
2026-09-24 12:53:33,255 - RLController - INFO - DIAGNOSTIC - Raw model action output:
2026-09-24 12:53:33,255 - RLController - INFO -   Action hash: -6494755120514127468
2026-09-24 12:53:33,255 - RLController - INFO -   First 8 values: [ -7.2391877 -10.        -10.        -10.        -10.        -10.
 -10.        -10.       ]
2026-09-24 12:53:33,255 - RLController - INFO -   Last 8 values: [-10.        -10.        -10.        -10.        -10.         -2.0885868
 -10.        -10.       ]
2026-09-24 12:53:33,255 - RLController - INFO -   Action shape: (136,), min: -10.000000, max: 5.585446, mean: -9.259227
2026-09-24 12:53:33,256 - RLController - INFO -   B0 junction (indices 16-19) raw values: [ -9.75954 -10.      -10.      -10.     ]
2026-09-24 12:53:33,256 - RLController - INFO - Using CONTINUOUS DURATION-BASED mode
2026-09-24 12:53:33,256 - RLController - INFO -   Example: junction A0 -> durations [51, 13, 13, 13] (total: 90s)
2026-09-24 12:53:33,256 - RLController - INFO -   Example: junction A1 -> durations [24, 22, 22, 22] (total: 90s)
2026-09-24 12:53:33,256 - RLController - INFO -   Example: junction A2 -> durations [12, 12, 54, 12] (total: 90s)
2026-09-24 12:53:33,256 - RLController - INFO -   Example: junction A4 -> durations [60, 10, 10, 10] (total: 90s)
2026-09-24 12:53:33,256 - RLController - INFO -   Example: junction A5 -> durations [24, 22, 22, 22] (total: 90s)
2026-09-24 12:53:33,257 - RLController - INFO -   Example: junction B0 -> durations [24, 22, 22, 22] (total: 90s)
2026-09-24 12:53:33,257 - RLController - INFO -   Example: junction B1 -> durations [24, 22, 22, 22] (total: 90s)
2026-09-24 12:53:33,257 - RLController - INFO -   Example: junction B2 -> durations [24, 22, 22, 22] (total: 90s)
2026-09-24 12:53:33,257 - RLController - INFO -   Example: junction B4 -> durations [24, 22, 22, 22] (total: 90s)
2026-09-24 12:53:33,257 - RLController - INFO -   Example: junction B5 -> durations [60, 10, 10, 10] (total: 90s)
2026-09-24 12:53:33,257 - RLController - INFO -   Example: junction C0 -> durations [22, 22, 24, 22] (total: 90s)
2026-09-24 12:53:33,257 - RLController - INFO -   Example: junction C1 -> durations [24, 22, 22, 22] (total: 90s)
2026-09-24 12:53:33,257 - RLController - INFO -   Example: junction C2 -> durations [57, 13, 10, 10] (total: 90s)
2026-09-24 12:53:33,258 - RLController - INFO -   Example: junction C3 -> durations [60, 10, 10, 10] (total: 90s)
2026-09-24 12:53:33,258 - RLController - INFO -   Example: junction C4 -> durations [57, 11, 11, 11] (total: 90s)
2026-09-24 12:53:33,258 - RLController - INFO -   Example: junction C5 -> durations [57, 11, 11, 11] (total: 90s)
2026-09-24 12:53:33,258 - RLController - INFO -   Example: junction D0 -> durations [24, 22, 22, 22] (total: 90s)
2026-09-24 12:53:33,258 - RLController - INFO -   Example: junction D1 -> durations [21, 21, 27, 21] (total: 90s)
2026-09-24 12:53:33,258 - RLController - INFO -   Example: junction D2 -> durations [45, 15, 15, 15] (total: 90s)
2026-09-24 12:53:33,258 - RLController - INFO -   Example: junction D3 -> durations [24, 22, 22, 22] (total: 90s)
2026-09-24 12:53:33,259 - RLController - INFO -   Example: junction D4 -> durations [24, 22, 22, 22] (total: 90s)
2026-09-24 12:53:33,259 - RLController - INFO -   Example: junction D5 -> durations [13, 13, 51, 13] (total: 90s)
2026-09-24 12:53:33,259 - RLController - INFO -   Example: junction E0 -> durations [24, 22, 22, 22] (total: 90s)
2026-09-24 12:53:33,259 - RLController - INFO -   Example: junction E1 -> durations [24, 22, 22, 22] (total: 90s)
2026-09-24 12:53:33,260 - RLController - INFO -   Stored schedules for 34 junctions, cycle starts at step 1980
2026-09-24 12:53:35,814 - RLController - INFO - DIAGNOSTIC Step 2070 - Observation stats:
2026-09-24 12:53:35,814 - RLController - INFO -   Hash: -425293205804632403, Min: 0.000000, Max: 1.000000, Mean: 0.415859, Std: 0.452293
2026-09-24 12:53:35,814 - RLController - INFO -   First 10: [1.         0.         0.         0.         0.         0.5
 0.         1.         0.99333334 1.        ]
2026-09-24 12:53:35,815 - RLController - INFO -   Last 10: [0.         0.2        0.         0.08333334 0.4594017  0.00358392
 0.06504273 0.5618719  0.         0.3       ]
2026-09-24 12:53:35,819 - RLController - INFO - DIAGNOSTIC - Raw model action output:
2026-09-24 12:53:35,819 - RLController - INFO -   Action hash: -8320474655766353681
2026-09-24 12:53:35,819 - RLController - INFO -   First 8 values: [ -7.278066 -10.       -10.       -10.       -10.       -10.
 -10.       -10.      ]
2026-09-24 12:53:35,819 - RLController - INFO -   Last 8 values: [-10.        -10.        -10.        -10.        -10.         -1.7911322
 -10.        -10.       ]
2026-09-24 12:53:35,820 - RLController - INFO -   Action shape: (136,), min: -10.000000, max: 5.138217, mean: -9.246968
2026-09-24 12:53:35,820 - RLController - INFO -   B0 junction (indices 16-19) raw values: [ -9.748851 -10.       -10.       -10.      ]
2026-09-24 12:53:35,820 - RLController - INFO - Using CONTINUOUS DURATION-BASED mode
2026-09-24 12:53:35,820 - RLController - INFO -   Example: junction A0 -> durations [51, 13, 13, 13] (total: 90s)
2026-09-24 12:53:35,820 - RLController - INFO -   Example: junction A1 -> durations [24, 22, 22, 22] (total: 90s)
2026-09-24 12:53:35,820 - RLController - INFO -   Example: junction A2 -> durations [12, 12, 54, 12] (total: 90s)
2026-09-24 12:53:35,820 - RLController - INFO -   Example: junction A4 -> durations [60, 10, 10, 10] (total: 90s)
2026-09-24 12:53:35,821 - RLController - INFO -   Example: junction A5 -> durations [24, 22, 22, 22] (total: 90s)
2026-09-24 12:53:35,821 - RLController - INFO -   Example: junction B0 -> durations [24, 22, 22, 22] (total: 90s)
2026-09-24 12:53:35,821 - RLController - INFO -   Example: junction B1 -> durations [24, 22, 22, 22] (total: 90s)
2026-09-24 12:53:35,821 - RLController - INFO -   Example: junction B2 -> durations [24, 22, 22, 22] (total: 90s)
2026-09-24 12:53:35,821 - RLController - INFO -   Example: junction B4 -> durations [24, 22, 22, 22] (total: 90s)
2026-09-24 12:53:35,821 - RLController - INFO -   Example: junction B5 -> durations [60, 10, 10, 10] (total: 90s)
2026-09-24 12:53:35,821 - RLController - INFO -   Example: junction C0 -> durations [22, 22, 24, 22] (total: 90s)
2026-09-24 12:53:35,822 - RLController - INFO -   Example: junction C1 -> durations [24, 22, 22, 22] (total: 90s)
2026-09-24 12:53:35,822 - RLController - INFO -   Example: junction C2 -> durations [57, 13, 10, 10] (total: 90s)
2026-09-24 12:53:35,822 - RLController - INFO -   Example: junction C3 -> durations [60, 10, 10, 10] (total: 90s)
2026-09-24 12:53:35,822 - RLController - INFO -   Example: junction C4 -> durations [57, 11, 11, 11] (total: 90s)
2026-09-24 12:53:35,822 - RLController - INFO -   Example: junction C5 -> durations [57, 11, 11, 11] (total: 90s)
2026-09-24 12:53:35,822 - RLController - INFO -   Example: junction D0 -> durations [24, 22, 22, 22] (total: 90s)
2026-09-24 12:53:35,822 - RLController - INFO -   Example: junction D1 -> durations [21, 21, 27, 21] (total: 90s)
2026-09-24 12:53:35,823 - RLController - INFO -   Example: junction D2 -> durations [45, 15, 15, 15] (total: 90s)
2026-09-24 12:53:35,823 - RLController - INFO -   Example: junction D3 -> durations [24, 22, 22, 22] (total: 90s)
2026-09-24 12:53:35,823 - RLController - INFO -   Example: junction D4 -> durations [24, 22, 22, 22] (total: 90s)
2026-09-24 12:53:35,823 - RLController - INFO -   Example: junction D5 -> durations [13, 13, 51, 13] (total: 90s)
2026-09-24 12:53:35,823 - RLController - INFO -   Example: junction E0 -> durations [24, 22, 22, 22] (total: 90s)
2026-09-24 12:53:35,823 - RLController - INFO -   Example: junction E1 -> durations [24, 22, 22, 22] (total: 90s)
2026-09-24 12:53:35,824 - RLController - INFO -   Stored schedules for 34 junctions, cycle starts at step 2070
2026-09-24 12:53:38,122 - RLController - INFO - DIAGNOSTIC Step 2160 - Observation stats:
2026-09-24 12:53:38,122 - RLController - INFO -   Hash: -4099245435036142138, Min: 0.000000, Max: 1.000000, Mean: 0.419441, Std: 0.452110
2026-09-24 12:53:38,122 - RLController - INFO -   First 10: [1.  0.  0.  0.  0.  0.5 1.  0.  0.  0. ]
2026-09-24 12:53:38,123 - RLController - INFO -   Last 10: [0.         0.2        0.         0.08333334 0.4679487  0.00360452
 0.06542735 0.5527531  0.         0.3       ]
2026-09-24 12:53:38,131 - RLController - INFO - DIAGNOSTIC - Raw model action output:
2026-09-24 12:53:38,131 - RLController - INFO -   Action hash: 8504614958053608335
2026-09-24 12:53:38,132 - RLController - INFO -   First 8 values: [ -7.1710196 -10.        -10.        -10.        -10.        -10.
 -10.        -10.       ]
2026-09-24 12:53:38,132 - RLController - INFO -   Last 8 values: [-10.        -10.        -10.        -10.        -10.         -1.6133106
 -10.        -10.       ]
2026-09-24 12:53:38,132 - RLController - INFO -   Action shape: (136,), min: -10.000000, max: 5.342034, mean: -9.259765
2026-09-24 12:53:38,132 - RLController - INFO -   B0 junction (indices 16-19) raw values: [ -9.951481 -10.       -10.       -10.      ]
2026-09-24 12:53:38,132 - RLController - INFO - Using CONTINUOUS DURATION-BASED mode
2026-09-24 12:53:38,133 - RLController - INFO -   Example: junction A0 -> durations [51, 13, 13, 13] (total: 90s)
2026-09-24 12:53:38,133 - RLController - INFO -   Example: junction A1 -> durations [24, 22, 22, 22] (total: 90s)
2026-09-24 12:53:38,133 - RLController - INFO -   Example: junction A2 -> durations [12, 12, 54, 12] (total: 90s)
2026-09-24 12:53:38,133 - RLController - INFO -   Example: junction A4 -> durations [60, 10, 10, 10] (total: 90s)
2026-09-24 12:53:38,133 - RLController - INFO -   Example: junction A5 -> durations [24, 22, 22, 22] (total: 90s)
2026-09-24 12:53:38,134 - RLController - INFO -   Example: junction B0 -> durations [24, 22, 22, 22] (total: 90s)
2026-09-24 12:53:38,134 - RLController - INFO -   Example: junction B1 -> durations [24, 22, 22, 22] (total: 90s)
2026-09-24 12:53:38,134 - RLController - INFO -   Example: junction B2 -> durations [24, 22, 22, 22] (total: 90s)
2026-09-24 12:53:38,134 - RLController - INFO -   Example: junction B4 -> durations [24, 22, 22, 22] (total: 90s)
2026-09-24 12:53:38,134 - RLController - INFO -   Example: junction B5 -> durations [60, 10, 10, 10] (total: 90s)
2026-09-24 12:53:38,134 - RLController - INFO -   Example: junction C0 -> durations [22, 22, 24, 22] (total: 90s)
2026-09-24 12:53:38,134 - RLController - INFO -   Example: junction C1 -> durations [24, 22, 22, 22] (total: 90s)
2026-09-24 12:53:38,135 - RLController - INFO -   Example: junction C2 -> durations [57, 13, 10, 10] (total: 90s)
2026-09-24 12:53:38,135 - RLController - INFO -   Example: junction C3 -> durations [60, 10, 10, 10] (total: 90s)
2026-09-24 12:53:38,135 - RLController - INFO -   Example: junction C4 -> durations [57, 11, 11, 11] (total: 90s)
2026-09-24 12:53:38,135 - RLController - INFO -   Example: junction C5 -> durations [57, 11, 11, 11] (total: 90s)
2026-09-24 12:53:38,135 - RLController - INFO -   Example: junction D0 -> durations [24, 22, 22, 22] (total: 90s)
2026-09-24 12:53:38,135 - RLController - INFO -   Example: junction D1 -> durations [21, 21, 27, 21] (total: 90s)
2026-09-24 12:53:38,135 - RLController - INFO -   Example: junction D2 -> durations [45, 15, 15, 15] (total: 90s)
2026-09-24 12:53:38,135 - RLController - INFO -   Example: junction D3 -> durations [24, 22, 22, 22] (total: 90s)
2026-09-24 12:53:38,136 - RLController - INFO -   Example: junction D4 -> durations [24, 22, 22, 22] (total: 90s)
2026-09-24 12:53:38,136 - RLController - INFO -   Example: junction D5 -> durations [13, 13, 51, 13] (total: 90s)
2026-09-24 12:53:38,136 - RLController - INFO -   Example: junction E0 -> durations [24, 22, 22, 22] (total: 90s)
2026-09-24 12:53:38,136 - RLController - INFO -   Example: junction E1 -> durations [24, 22, 22, 22] (total: 90s)
2026-09-24 12:53:38,137 - RLController - INFO -   Stored schedules for 34 junctions, cycle starts at step 2160
2026-09-24 12:53:40,807 - RLController - INFO - DIAGNOSTIC Step 2250 - Observation stats:
2026-09-24 12:53:40,808 - RLController - INFO -   Hash: 7322577796632739726, Min: 0.000000, Max: 1.000000, Mean: 0.414676, Std: 0.452316
2026-09-24 12:53:40,808 - RLController - INFO -   First 10: [1.         0.         0.         0.         0.         0.5
 0.         1.         0.99333334 1.        ]
2026-09-24 12:53:40,809 - RLController - INFO -   Last 10: [0.         0.2        0.         0.08333334 0.44658118 0.00348258
 0.06418803 0.57213944 0.         0.3       ]
2026-09-24 12:53:40,813 - RLController - INFO - DIAGNOSTIC - Raw model action output:
2026-09-24 12:53:40,813 - RLController - INFO -   Action hash: -8847996067929015752
2026-09-24 12:53:40,814 - RLController - INFO -   First 8 values: [ -7.0930057 -10.        -10.        -10.        -10.        -10.
 -10.        -10.       ]
2026-09-24 12:53:40,814 - RLController - INFO -   Last 8 values: [-10.       -10.       -10.       -10.       -10.        -2.050845
 -10.       -10.      ]
2026-09-24 12:53:40,814 - RLController - INFO -   Action shape: (136,), min: -10.000000, max: 5.302226, mean: -9.243767
2026-09-24 12:53:40,815 - RLController - INFO -   B0 junction (indices 16-19) raw values: [ -9.577739 -10.       -10.       -10.      ]
2026-09-24 12:53:40,815 - RLController - INFO - Using CONTINUOUS DURATION-BASED mode
2026-09-24 12:53:40,815 - RLController - INFO -   Example: junction A0 -> durations [51, 13, 13, 13] (total: 90s)
2026-09-24 12:53:40,815 - RLController - INFO -   Example: junction A1 -> durations [24, 22, 22, 22] (total: 90s)
2026-09-24 12:53:40,815 - RLController - INFO -   Example: junction A2 -> durations [12, 12, 54, 12] (total: 90s)
2026-09-24 12:53:40,815 - RLController - INFO -   Example: junction A4 -> durations [60, 10, 10, 10] (total: 90s)
2026-09-24 12:53:40,816 - RLController - INFO -   Example: junction A5 -> durations [24, 22, 22, 22] (total: 90s)
2026-09-24 12:53:40,816 - RLController - INFO -   Example: junction B0 -> durations [24, 22, 22, 22] (total: 90s)
2026-09-24 12:53:40,816 - RLController - INFO -   Example: junction B1 -> durations [24, 22, 22, 22] (total: 90s)
2026-09-24 12:53:40,816 - RLController - INFO -   Example: junction B2 -> durations [24, 22, 22, 22] (total: 90s)
2026-09-24 12:53:40,816 - RLController - INFO -   Example: junction B4 -> durations [24, 22, 22, 22] (total: 90s)
2026-09-24 12:53:40,816 - RLController - INFO -   Example: junction B5 -> durations [60, 10, 10, 10] (total: 90s)
2026-09-24 12:53:40,817 - RLController - INFO -   Example: junction C0 -> durations [22, 22, 24, 22] (total: 90s)
2026-09-24 12:53:40,817 - RLController - INFO -   Example: junction C1 -> durations [24, 22, 22, 22] (total: 90s)
2026-09-24 12:53:40,817 - RLController - INFO -   Example: junction C2 -> durations [57, 13, 10, 10] (total: 90s)
2026-09-24 12:53:40,817 - RLController - INFO -   Example: junction C3 -> durations [60, 10, 10, 10] (total: 90s)
2026-09-24 12:53:40,817 - RLController - INFO -   Example: junction C4 -> durations [57, 11, 11, 11] (total: 90s)
2026-09-24 12:53:40,817 - RLController - INFO -   Example: junction C5 -> durations [57, 11, 11, 11] (total: 90s)
2026-09-24 12:53:40,818 - RLController - INFO -   Example: junction D0 -> durations [24, 22, 22, 22] (total: 90s)
2026-09-24 12:53:40,818 - RLController - INFO -   Example: junction D1 -> durations [21, 21, 27, 21] (total: 90s)
2026-09-24 12:53:40,818 - RLController - INFO -   Example: junction D2 -> durations [45, 15, 15, 15] (total: 90s)
2026-09-24 12:53:40,818 - RLController - INFO -   Example: junction D3 -> durations [24, 22, 22, 22] (total: 90s)
2026-09-24 12:53:40,818 - RLController - INFO -   Example: junction D4 -> durations [24, 22, 22, 22] (total: 90s)
2026-09-24 12:53:40,818 - RLController - INFO -   Example: junction D5 -> durations [13, 13, 51, 13] (total: 90s)
2026-09-24 12:53:40,819 - RLController - INFO -   Example: junction E0 -> durations [24, 22, 22, 22] (total: 90s)
2026-09-24 12:53:40,819 - RLController - INFO -   Example: junction E1 -> durations [24, 22, 22, 22] (total: 90s)
2026-09-24 12:53:40,820 - RLController - INFO -   Stored schedules for 34 junctions, cycle starts at step 2250
2026-09-24 12:53:43,098 - RLController - INFO - DIAGNOSTIC Step 2340 - Observation stats:
2026-09-24 12:53:43,098 - RLController - INFO -   Hash: -8430214476164664345, Min: 0.000000, Max: 1.000000, Mean: 0.414639, Std: 0.453712
2026-09-24 12:53:43,098 - RLController - INFO -   First 10: [1.         0.         0.         0.         0.         0.5
 0.         1.         0.99333334 1.        ]
2026-09-24 12:53:43,098 - RLController - INFO -   Last 10: [0.         0.2        0.         0.08333334 0.4551282  0.00292322
 0.06474359 0.5626382  0.         0.3       ]
2026-09-24 12:53:43,108 - RLController - INFO - DIAGNOSTIC - Raw model action output:
2026-09-24 12:53:43,108 - RLController - INFO -   Action hash: 7878806125998563023
2026-09-24 12:53:43,108 - RLController - INFO -   First 8 values: [ -7.1077595 -10.        -10.        -10.        -10.        -10.
 -10.        -10.       ]
2026-09-24 12:53:43,108 - RLController - INFO -   Last 8 values: [-10.         -10.         -10.         -10.         -10.
  -0.33195588 -10.         -10.        ]
2026-09-24 12:53:43,108 - RLController - INFO -   Action shape: (136,), min: -10.000000, max: 5.588268, mean: -9.215918
2026-09-24 12:53:43,108 - RLController - INFO -   B0 junction (indices 16-19) raw values: [ -9.41667 -10.      -10.      -10.     ]
2026-09-24 12:53:43,109 - RLController - INFO - Using CONTINUOUS DURATION-BASED mode
2026-09-24 12:53:43,109 - RLController - INFO -   Example: junction A0 -> durations [51, 13, 13, 13] (total: 90s)
2026-09-24 12:53:43,109 - RLController - INFO -   Example: junction A1 -> durations [24, 22, 22, 22] (total: 90s)
2026-09-24 12:53:43,109 - RLController - INFO -   Example: junction A2 -> durations [12, 12, 54, 12] (total: 90s)
2026-09-24 12:53:43,109 - RLController - INFO -   Example: junction A4 -> durations [60, 10, 10, 10] (total: 90s)
2026-09-24 12:53:43,109 - RLController - INFO -   Example: junction A5 -> durations [24, 22, 22, 22] (total: 90s)
2026-09-24 12:53:43,109 - RLController - INFO -   Example: junction B0 -> durations [24, 22, 22, 22] (total: 90s)
2026-09-24 12:53:43,109 - RLController - INFO -   Example: junction B1 -> durations [24, 22, 22, 22] (total: 90s)
2026-09-24 12:53:43,109 - RLController - INFO -   Example: junction B2 -> durations [24, 22, 22, 22] (total: 90s)
2026-09-24 12:53:43,110 - RLController - INFO -   Example: junction B4 -> durations [24, 22, 22, 22] (total: 90s)
2026-09-24 12:53:43,110 - RLController - INFO -   Example: junction B5 -> durations [60, 10, 10, 10] (total: 90s)
2026-09-24 12:53:43,110 - RLController - INFO -   Example: junction C0 -> durations [22, 22, 24, 22] (total: 90s)
2026-09-24 12:53:43,110 - RLController - INFO -   Example: junction C1 -> durations [24, 22, 22, 22] (total: 90s)
2026-09-24 12:53:43,110 - RLController - INFO -   Example: junction C2 -> durations [57, 13, 10, 10] (total: 90s)
2026-09-24 12:53:43,110 - RLController - INFO -   Example: junction C3 -> durations [60, 10, 10, 10] (total: 90s)
2026-09-24 12:53:43,110 - RLController - INFO -   Example: junction C4 -> durations [57, 11, 11, 11] (total: 90s)
2026-09-24 12:53:43,110 - RLController - INFO -   Example: junction C5 -> durations [57, 11, 11, 11] (total: 90s)
2026-09-24 12:53:43,110 - RLController - INFO -   Example: junction D0 -> durations [24, 22, 22, 22] (total: 90s)
2026-09-24 12:53:43,111 - RLController - INFO -   Example: junction D1 -> durations [21, 21, 27, 21] (total: 90s)
2026-09-24 12:53:43,111 - RLController - INFO -   Example: junction D2 -> durations [45, 15, 15, 15] (total: 90s)
2026-09-24 12:53:43,111 - RLController - INFO -   Example: junction D3 -> durations [24, 22, 22, 22] (total: 90s)
2026-09-24 12:53:43,111 - RLController - INFO -   Example: junction D4 -> durations [24, 22, 22, 22] (total: 90s)
2026-09-24 12:53:43,111 - RLController - INFO -   Example: junction D5 -> durations [13, 13, 51, 13] (total: 90s)
2026-09-24 12:53:43,111 - RLController - INFO -   Example: junction E0 -> durations [24, 22, 22, 22] (total: 90s)
2026-09-24 12:53:43,111 - RLController - INFO -   Example: junction E1 -> durations [24, 22, 22, 22] (total: 90s)
2026-09-24 12:53:43,112 - RLController - INFO -   Stored schedules for 34 junctions, cycle starts at step 2340
2026-09-24 12:53:45,518 - RLController - INFO - DIAGNOSTIC Step 2430 - Observation stats:
2026-09-24 12:53:45,518 - RLController - INFO -   Hash: -8399092612209410653, Min: 0.000000, Max: 1.000000, Mean: 0.413764, Std: 0.451988
2026-09-24 12:53:45,518 - RLController - INFO -   First 10: [1.         0.         0.         0.         0.         0.5
 0.         1.         0.99333334 1.        ]
2026-09-24 12:53:45,519 - RLController - INFO -   Last 10: [0.         0.2        0.         0.08333334 0.4551282  0.0036857
 0.06568376 0.5669696  0.         0.3       ]
2026-09-24 12:53:45,523 - RLController - INFO - DIAGNOSTIC - Raw model action output:
2026-09-24 12:53:45,523 - RLController - INFO -   Action hash: -5336016074431349142
2026-09-24 12:53:45,523 - RLController - INFO -   First 8 values: [ -7.2344394 -10.        -10.        -10.        -10.        -10.
 -10.        -10.       ]
2026-09-24 12:53:45,524 - RLController - INFO -   Last 8 values: [-10.         -10.         -10.         -10.         -10.
  -0.42773744 -10.         -10.        ]
2026-09-24 12:53:45,524 - RLController - INFO -   Action shape: (136,), min: -10.000000, max: 4.916240, mean: -9.228806
2026-09-24 12:53:45,525 - RLController - INFO -   B0 junction (indices 16-19) raw values: [ -9.4899025 -10.        -10.        -10.       ]
2026-09-24 12:53:45,525 - RLController - INFO - Using CONTINUOUS DURATION-BASED mode
2026-09-24 12:53:45,525 - RLController - INFO -   Example: junction A0 -> durations [51, 13, 13, 13] (total: 90s)
2026-09-24 12:53:45,525 - RLController - INFO -   Example: junction A1 -> durations [24, 22, 22, 22] (total: 90s)
2026-09-24 12:53:45,525 - RLController - INFO -   Example: junction A2 -> durations [12, 12, 54, 12] (total: 90s)
2026-09-24 12:53:45,525 - RLController - INFO -   Example: junction A4 -> durations [60, 10, 10, 10] (total: 90s)
2026-09-24 12:53:45,526 - RLController - INFO -   Example: junction A5 -> durations [24, 22, 22, 22] (total: 90s)
2026-09-24 12:53:45,526 - RLController - INFO -   Example: junction B0 -> durations [24, 22, 22, 22] (total: 90s)
2026-09-24 12:53:45,526 - RLController - INFO -   Example: junction B1 -> durations [24, 22, 22, 22] (total: 90s)
2026-09-24 12:53:45,526 - RLController - INFO -   Example: junction B2 -> durations [24, 22, 22, 22] (total: 90s)
2026-09-24 12:53:45,526 - RLController - INFO -   Example: junction B4 -> durations [24, 22, 22, 22] (total: 90s)
2026-09-24 12:53:45,526 - RLController - INFO -   Example: junction B5 -> durations [60, 10, 10, 10] (total: 90s)
2026-09-24 12:53:45,526 - RLController - INFO -   Example: junction C0 -> durations [22, 22, 24, 22] (total: 90s)
2026-09-24 12:53:45,527 - RLController - INFO -   Example: junction C1 -> durations [24, 22, 22, 22] (total: 90s)
2026-09-24 12:53:45,527 - RLController - INFO -   Example: junction C2 -> durations [57, 13, 10, 10] (total: 90s)
2026-09-24 12:53:45,527 - RLController - INFO -   Example: junction C3 -> durations [60, 10, 10, 10] (total: 90s)
2026-09-24 12:53:45,527 - RLController - INFO -   Example: junction C4 -> durations [57, 11, 11, 11] (total: 90s)
2026-09-24 12:53:45,527 - RLController - INFO -   Example: junction C5 -> durations [57, 11, 11, 11] (total: 90s)
2026-09-24 12:53:45,527 - RLController - INFO -   Example: junction D0 -> durations [24, 22, 22, 22] (total: 90s)
2026-09-24 12:53:45,528 - RLController - INFO -   Example: junction D1 -> durations [21, 21, 27, 21] (total: 90s)
2026-09-24 12:53:45,528 - RLController - INFO -   Example: junction D2 -> durations [45, 15, 15, 15] (total: 90s)
2026-09-24 12:53:45,528 - RLController - INFO -   Example: junction D3 -> durations [24, 22, 22, 22] (total: 90s)
2026-09-24 12:53:45,528 - RLController - INFO -   Example: junction D4 -> durations [24, 22, 22, 22] (total: 90s)
2026-09-24 12:53:45,528 - RLController - INFO -   Example: junction D5 -> durations [13, 13, 51, 13] (total: 90s)
2026-09-24 12:53:45,528 - RLController - INFO -   Example: junction E0 -> durations [24, 22, 22, 22] (total: 90s)
2026-09-24 12:53:45,529 - RLController - INFO -   Example: junction E1 -> durations [24, 22, 22, 22] (total: 90s)
2026-09-24 12:53:45,529 - RLController - INFO -   Stored schedules for 34 junctions, cycle starts at step 2430
2026-09-24 12:53:48,425 - RLController - INFO - DIAGNOSTIC Step 2520 - Observation stats:
2026-09-24 12:53:48,426 - RLController - INFO -   Hash: -4927383010321843631, Min: 0.000000, Max: 1.000000, Mean: 0.416241, Std: 0.452561
2026-09-24 12:53:48,426 - RLController - INFO -   First 10: [1.         0.         0.         0.         0.         0.5
 0.         1.         0.99333334 1.        ]
2026-09-24 12:53:48,426 - RLController - INFO -   Last 10: [0.         0.2        0.         0.08333334 0.4636752  0.00365872
 0.06752137 0.5587758  0.         0.3       ]
2026-09-24 12:53:48,430 - RLController - INFO - DIAGNOSTIC - Raw model action output:
2026-09-24 12:53:48,430 - RLController - INFO -   Action hash: 1481562088753787182
2026-09-24 12:53:48,430 - RLController - INFO -   First 8 values: [ -7.4064584 -10.        -10.        -10.        -10.        -10.
 -10.        -10.       ]
2026-09-24 12:53:48,431 - RLController - INFO -   Last 8 values: [-10.      -10.      -10.      -10.      -10.       -2.69251 -10.
 -10.     ]
2026-09-24 12:53:48,431 - RLController - INFO -   Action shape: (136,), min: -10.000000, max: 5.120929, mean: -9.245467
2026-09-24 12:53:48,431 - RLController - INFO -   B0 junction (indices 16-19) raw values: [ -9.790691 -10.       -10.       -10.      ]
2026-09-24 12:53:48,431 - RLController - INFO - Using CONTINUOUS DURATION-BASED mode
2026-09-24 12:53:48,431 - RLController - INFO -   Example: junction A0 -> durations [51, 13, 13, 13] (total: 90s)
2026-09-24 12:53:48,431 - RLController - INFO -   Example: junction A1 -> durations [24, 22, 22, 22] (total: 90s)
2026-09-24 12:53:48,431 - RLController - INFO -   Example: junction A2 -> durations [12, 12, 54, 12] (total: 90s)
2026-09-24 12:53:48,432 - RLController - INFO -   Example: junction A4 -> durations [60, 10, 10, 10] (total: 90s)
2026-09-24 12:53:48,432 - RLController - INFO -   Example: junction A5 -> durations [24, 22, 22, 22] (total: 90s)
2026-09-24 12:53:48,432 - RLController - INFO -   Example: junction B0 -> durations [24, 22, 22, 22] (total: 90s)
2026-09-24 12:53:48,432 - RLController - INFO -   Example: junction B1 -> durations [24, 22, 22, 22] (total: 90s)
2026-09-24 12:53:48,432 - RLController - INFO -   Example: junction B2 -> durations [24, 22, 22, 22] (total: 90s)
2026-09-24 12:53:48,432 - RLController - INFO -   Example: junction B4 -> durations [24, 22, 22, 22] (total: 90s)
2026-09-24 12:53:48,432 - RLController - INFO -   Example: junction B5 -> durations [60, 10, 10, 10] (total: 90s)
2026-09-24 12:53:48,433 - RLController - INFO -   Example: junction C0 -> durations [22, 22, 24, 22] (total: 90s)
2026-09-24 12:53:48,433 - RLController - INFO -   Example: junction C1 -> durations [24, 22, 22, 22] (total: 90s)
2026-09-24 12:53:48,433 - RLController - INFO -   Example: junction C2 -> durations [57, 13, 10, 10] (total: 90s)
2026-09-24 12:53:48,433 - RLController - INFO -   Example: junction C3 -> durations [60, 10, 10, 10] (total: 90s)
2026-09-24 12:53:48,433 - RLController - INFO -   Example: junction C4 -> durations [57, 11, 11, 11] (total: 90s)
2026-09-24 12:53:48,433 - RLController - INFO -   Example: junction C5 -> durations [57, 11, 11, 11] (total: 90s)
2026-09-24 12:53:48,433 - RLController - INFO -   Example: junction D0 -> durations [24, 22, 22, 22] (total: 90s)
2026-09-24 12:53:48,433 - RLController - INFO -   Example: junction D1 -> durations [21, 21, 27, 21] (total: 90s)
2026-09-24 12:53:48,434 - RLController - INFO -   Example: junction D2 -> durations [45, 15, 15, 15] (total: 90s)
2026-09-24 12:53:48,434 - RLController - INFO -   Example: junction D3 -> durations [24, 22, 22, 22] (total: 90s)
2026-09-24 12:53:48,434 - RLController - INFO -   Example: junction D4 -> durations [24, 22, 22, 22] (total: 90s)
2026-09-24 12:53:48,434 - RLController - INFO -   Example: junction D5 -> durations [13, 13, 51, 13] (total: 90s)
2026-09-24 12:53:48,434 - RLController - INFO -   Example: junction E0 -> durations [24, 22, 22, 22] (total: 90s)
2026-09-24 12:53:48,434 - RLController - INFO -   Example: junction E1 -> durations [24, 22, 22, 22] (total: 90s)
2026-09-24 12:53:48,435 - RLController - INFO -   Stored schedules for 34 junctions, cycle starts at step 2520
2026-09-24 12:53:51,102 - RLController - INFO - DIAGNOSTIC Step 2610 - Observation stats:
2026-09-24 12:53:51,102 - RLController - INFO -   Hash: 8156349362909232751, Min: 0.000000, Max: 1.000000, Mean: 0.417965, Std: 0.453627
2026-09-24 12:53:51,103 - RLController - INFO -   First 10: [1.  0.  0.  0.  0.  0.5 1.  0.  0.  0. ]
2026-09-24 12:53:51,103 - RLController - INFO -   Last 10: [0.         0.2        0.         0.08333334 0.45299146 0.0040066
 0.06675214 0.57220197 0.         0.3       ]
2026-09-24 12:53:51,107 - RLController - INFO - DIAGNOSTIC - Raw model action output:
2026-09-24 12:53:51,107 - RLController - INFO -   Action hash: -111459494642088912
2026-09-24 12:53:51,107 - RLController - INFO -   First 8 values: [ -7.1388226 -10.        -10.        -10.        -10.        -10.
 -10.        -10.       ]
2026-09-24 12:53:51,108 - RLController - INFO -   Last 8 values: [-10.        -10.        -10.        -10.        -10.         -2.9194796
 -10.        -10.       ]
2026-09-24 12:53:51,108 - RLController - INFO -   Action shape: (136,), min: -10.000000, max: 4.947197, mean: -9.271895
2026-09-24 12:53:51,108 - RLController - INFO -   B0 junction (indices 16-19) raw values: [-10. -10. -10. -10.]
2026-09-24 12:53:51,108 - RLController - INFO - Using CONTINUOUS DURATION-BASED mode
2026-09-24 12:53:51,108 - RLController - INFO -   Example: junction A0 -> durations [51, 13, 13, 13] (total: 90s)
2026-09-24 12:53:51,108 - RLController - INFO -   Example: junction A1 -> durations [24, 22, 22, 22] (total: 90s)
2026-09-24 12:53:51,108 - RLController - INFO -   Example: junction A2 -> durations [12, 12, 54, 12] (total: 90s)
2026-09-24 12:53:51,109 - RLController - INFO -   Example: junction A4 -> durations [60, 10, 10, 10] (total: 90s)
2026-09-24 12:53:51,109 - RLController - INFO -   Example: junction A5 -> durations [24, 22, 22, 22] (total: 90s)
2026-09-24 12:53:51,109 - RLController - INFO -   Example: junction B0 -> durations [24, 22, 22, 22] (total: 90s)
2026-09-24 12:53:51,109 - RLController - INFO -   Example: junction B1 -> durations [24, 22, 22, 22] (total: 90s)
2026-09-24 12:53:51,109 - RLController - INFO -   Example: junction B2 -> durations [24, 22, 22, 22] (total: 90s)
2026-09-24 12:53:51,109 - RLController - INFO -   Example: junction B4 -> durations [24, 22, 22, 22] (total: 90s)
2026-09-24 12:53:51,109 - RLController - INFO -   Example: junction B5 -> durations [60, 10, 10, 10] (total: 90s)
2026-09-24 12:53:51,109 - RLController - INFO -   Example: junction C0 -> durations [22, 22, 24, 22] (total: 90s)
2026-09-24 12:53:51,110 - RLController - INFO -   Example: junction C1 -> durations [24, 22, 22, 22] (total: 90s)
2026-09-24 12:53:51,110 - RLController - INFO -   Example: junction C2 -> durations [57, 13, 10, 10] (total: 90s)
2026-09-24 12:53:51,110 - RLController - INFO -   Example: junction C3 -> durations [60, 10, 10, 10] (total: 90s)
2026-09-24 12:53:51,110 - RLController - INFO -   Example: junction C4 -> durations [57, 11, 11, 11] (total: 90s)
2026-09-24 12:53:51,110 - RLController - INFO -   Example: junction C5 -> durations [57, 11, 11, 11] (total: 90s)
2026-09-24 12:53:51,110 - RLController - INFO -   Example: junction D0 -> durations [24, 22, 22, 22] (total: 90s)
2026-09-24 12:53:51,110 - RLController - INFO -   Example: junction D1 -> durations [21, 21, 27, 21] (total: 90s)
2026-09-24 12:53:51,110 - RLController - INFO -   Example: junction D2 -> durations [45, 15, 15, 15] (total: 90s)
2026-09-24 12:53:51,111 - RLController - INFO -   Example: junction D3 -> durations [24, 22, 22, 22] (total: 90s)
2026-09-24 12:53:51,111 - RLController - INFO -   Example: junction D4 -> durations [24, 22, 22, 22] (total: 90s)
2026-09-24 12:53:51,111 - RLController - INFO -   Example: junction D5 -> durations [13, 13, 51, 13] (total: 90s)
2026-09-24 12:53:51,111 - RLController - INFO -   Example: junction E0 -> durations [24, 22, 22, 22] (total: 90s)
2026-09-24 12:53:51,111 - RLController - INFO -   Example: junction E1 -> durations [24, 22, 22, 22] (total: 90s)
2026-09-24 12:53:51,112 - RLController - INFO -   Stored schedules for 34 junctions, cycle starts at step 2610
2026-09-24 12:53:53,673 - RLController - INFO - DIAGNOSTIC Step 2700 - Observation stats:
2026-09-24 12:53:53,673 - RLController - INFO -   Hash: 1309215439416872754, Min: 0.000000, Max: 1.000127, Mean: 0.412223, Std: 0.450976
2026-09-24 12:53:53,673 - RLController - INFO -   First 10: [1.  0.  0.  0.  0.  0.5 1.  0.  0.  0. ]
2026-09-24 12:53:53,674 - RLController - INFO -   Last 10: [0.         0.2        0.         0.08333334 0.44017094 0.00339724
 0.0681624  0.57417613 0.         0.3       ]
2026-09-24 12:53:53,677 - RLController - INFO - DIAGNOSTIC - Raw model action output:
2026-09-24 12:53:53,677 - RLController - INFO -   Action hash: 4744837852449319067
2026-09-24 12:53:53,677 - RLController - INFO -   First 8 values: [ -6.79927 -10.      -10.      -10.      -10.      -10.      -10.
 -10.     ]
2026-09-24 12:53:53,678 - RLController - INFO -   Last 8 values: [-10.       -10.       -10.       -10.       -10.        -3.250272
 -10.       -10.      ]
2026-09-24 12:53:53,678 - RLController - INFO -   Action shape: (136,), min: -10.000000, max: 5.053111, mean: -9.254247
2026-09-24 12:53:53,678 - RLController - INFO -   B0 junction (indices 16-19) raw values: [ -9.8789835 -10.        -10.        -10.       ]
2026-09-24 12:53:53,678 - RLController - INFO - Using CONTINUOUS DURATION-BASED mode
2026-09-24 12:53:53,678 - RLController - INFO -   Example: junction A0 -> durations [51, 13, 13, 13] (total: 90s)
2026-09-24 12:53:53,678 - RLController - INFO -   Example: junction A1 -> durations [24, 22, 22, 22] (total: 90s)
2026-09-24 12:53:53,678 - RLController - INFO -   Example: junction A2 -> durations [12, 12, 54, 12] (total: 90s)
2026-09-24 12:53:53,679 - RLController - INFO -   Example: junction A4 -> durations [60, 10, 10, 10] (total: 90s)
2026-09-24 12:53:53,679 - RLController - INFO -   Example: junction A5 -> durations [24, 22, 22, 22] (total: 90s)
2026-09-24 12:53:53,679 - RLController - INFO -   Example: junction B0 -> durations [24, 22, 22, 22] (total: 90s)
2026-09-24 12:53:53,679 - RLController - INFO -   Example: junction B1 -> durations [24, 22, 22, 22] (total: 90s)
2026-09-24 12:53:53,679 - RLController - INFO -   Example: junction B2 -> durations [24, 22, 22, 22] (total: 90s)
2026-09-24 12:53:53,679 - RLController - INFO -   Example: junction B4 -> durations [24, 22, 22, 22] (total: 90s)
2026-09-24 12:53:53,679 - RLController - INFO -   Example: junction B5 -> durations [60, 10, 10, 10] (total: 90s)
2026-09-24 12:53:53,679 - RLController - INFO -   Example: junction C0 -> durations [22, 22, 24, 22] (total: 90s)
2026-09-24 12:53:53,680 - RLController - INFO -   Example: junction C1 -> durations [24, 22, 22, 22] (total: 90s)
2026-09-24 12:53:53,680 - RLController - INFO -   Example: junction C2 -> durations [57, 13, 10, 10] (total: 90s)
2026-09-24 12:53:53,680 - RLController - INFO -   Example: junction C3 -> durations [60, 10, 10, 10] (total: 90s)
2026-09-24 12:53:53,680 - RLController - INFO -   Example: junction C4 -> durations [57, 11, 11, 11] (total: 90s)
2026-09-24 12:53:53,680 - RLController - INFO -   Example: junction C5 -> durations [57, 11, 11, 11] (total: 90s)
2026-09-24 12:53:53,680 - RLController - INFO -   Example: junction D0 -> durations [24, 22, 22, 22] (total: 90s)
2026-09-24 12:53:53,680 - RLController - INFO -   Example: junction D1 -> durations [21, 21, 27, 21] (total: 90s)
2026-09-24 12:53:53,680 - RLController - INFO -   Example: junction D2 -> durations [45, 15, 15, 15] (total: 90s)
2026-09-24 12:53:53,681 - RLController - INFO -   Example: junction D3 -> durations [24, 22, 22, 22] (total: 90s)
2026-09-24 12:53:53,681 - RLController - INFO -   Example: junction D4 -> durations [24, 22, 22, 22] (total: 90s)
2026-09-24 12:53:53,681 - RLController - INFO -   Example: junction D5 -> durations [13, 13, 51, 13] (total: 90s)
2026-09-24 12:53:53,681 - RLController - INFO -   Example: junction E0 -> durations [24, 22, 22, 22] (total: 90s)
2026-09-24 12:53:53,681 - RLController - INFO -   Example: junction E1 -> durations [24, 22, 22, 22] (total: 90s)
2026-09-24 12:53:53,682 - RLController - INFO -   Stored schedules for 34 junctions, cycle starts at step 2700
2026-09-24 12:53:56,070 - RLController - INFO - DIAGNOSTIC Step 2790 - Observation stats:
2026-09-24 12:53:56,070 - RLController - INFO -   Hash: -2989270483960271527, Min: 0.000000, Max: 1.000000, Mean: 0.420337, Std: 0.452097
2026-09-24 12:53:56,071 - RLController - INFO -   First 10: [1.  0.  0.  0.  0.  0.5 1.  0.  0.  0. ]
2026-09-24 12:53:56,071 - RLController - INFO -   Last 10: [0.         0.2        0.         0.08333334 0.46153846 0.00337904
 0.07068376 0.5530922  0.         0.3       ]
2026-09-24 12:53:56,076 - RLController - INFO - DIAGNOSTIC - Raw model action output:
2026-09-24 12:53:56,076 - RLController - INFO -   Action hash: 7456590281196801493
2026-09-24 12:53:56,076 - RLController - INFO -   First 8 values: [ -7.1660075 -10.        -10.        -10.        -10.        -10.
 -10.        -10.       ]
2026-09-24 12:53:56,076 - RLController - INFO -   Last 8 values: [-10.       -10.       -10.       -10.       -10.        -3.535415
 -10.       -10.      ]
2026-09-24 12:53:56,077 - RLController - INFO -   Action shape: (136,), min: -10.000000, max: 4.795230, mean: -9.254682
2026-09-24 12:53:56,077 - RLController - INFO -   B0 junction (indices 16-19) raw values: [ -9.599892 -10.       -10.       -10.      ]
2026-09-24 12:53:56,077 - RLController - INFO - Using CONTINUOUS DURATION-BASED mode
2026-09-24 12:53:56,077 - RLController - INFO -   Example: junction A0 -> durations [51, 13, 13, 13] (total: 90s)
2026-09-24 12:53:56,077 - RLController - INFO -   Example: junction A1 -> durations [24, 22, 22, 22] (total: 90s)
2026-09-24 12:53:56,077 - RLController - INFO -   Example: junction A2 -> durations [12, 12, 54, 12] (total: 90s)
2026-09-24 12:53:56,078 - RLController - INFO -   Example: junction A4 -> durations [60, 10, 10, 10] (total: 90s)
2026-09-24 12:53:56,078 - RLController - INFO -   Example: junction A5 -> durations [24, 22, 22, 22] (total: 90s)
2026-09-24 12:53:56,078 - RLController - INFO -   Example: junction B0 -> durations [24, 22, 22, 22] (total: 90s)
2026-09-24 12:53:56,078 - RLController - INFO -   Example: junction B1 -> durations [24, 22, 22, 22] (total: 90s)
2026-09-24 12:53:56,078 - RLController - INFO -   Example: junction B2 -> durations [24, 22, 22, 22] (total: 90s)
2026-09-24 12:53:56,078 - RLController - INFO -   Example: junction B4 -> durations [24, 22, 22, 22] (total: 90s)
2026-09-24 12:53:56,079 - RLController - INFO -   Example: junction B5 -> durations [60, 10, 10, 10] (total: 90s)
2026-09-24 12:53:56,079 - RLController - INFO -   Example: junction C0 -> durations [22, 22, 24, 22] (total: 90s)
2026-09-24 12:53:56,079 - RLController - INFO -   Example: junction C1 -> durations [24, 22, 22, 22] (total: 90s)
2026-09-24 12:53:56,079 - RLController - INFO -   Example: junction C2 -> durations [57, 13, 10, 10] (total: 90s)
2026-09-24 12:53:56,079 - RLController - INFO -   Example: junction C3 -> durations [60, 10, 10, 10] (total: 90s)
2026-09-24 12:53:56,079 - RLController - INFO -   Example: junction C4 -> durations [57, 11, 11, 11] (total: 90s)
2026-09-24 12:53:56,079 - RLController - INFO -   Example: junction C5 -> durations [57, 11, 11, 11] (total: 90s)
2026-09-24 12:53:56,080 - RLController - INFO -   Example: junction D0 -> durations [24, 22, 22, 22] (total: 90s)
2026-09-24 12:53:56,080 - RLController - INFO -   Example: junction D1 -> durations [21, 21, 27, 21] (total: 90s)
2026-09-24 12:53:56,080 - RLController - INFO -   Example: junction D2 -> durations [45, 15, 15, 15] (total: 90s)
2026-09-24 12:53:56,080 - RLController - INFO -   Example: junction D3 -> durations [24, 22, 22, 22] (total: 90s)
2026-09-24 12:53:56,080 - RLController - INFO -   Example: junction D4 -> durations [24, 22, 22, 22] (total: 90s)
2026-09-24 12:53:56,080 - RLController - INFO -   Example: junction D5 -> durations [13, 13, 51, 13] (total: 90s)
2026-09-24 12:53:56,080 - RLController - INFO -   Example: junction E0 -> durations [24, 22, 22, 22] (total: 90s)
2026-09-24 12:53:56,081 - RLController - INFO -   Example: junction E1 -> durations [24, 22, 22, 22] (total: 90s)
2026-09-24 12:53:56,081 - RLController - INFO -   Stored schedules for 34 junctions, cycle starts at step 2790
2026-09-24 12:53:59,540 - RLController - INFO - DIAGNOSTIC Step 2880 - Observation stats:
2026-09-24 12:53:59,541 - RLController - INFO -   Hash: 7337002762899766057, Min: 0.000000, Max: 1.000340, Mean: 0.420269, Std: 0.452326
2026-09-24 12:53:59,541 - RLController - INFO -   First 10: [1.  0.  0.  0.  0.  0.5 1.  0.  0.  0. ]
2026-09-24 12:53:59,541 - RLController - INFO -   Last 10: [0.         0.2        0.         0.08333334 0.44017094 0.00329542
 0.07076923 0.572168   0.         0.3       ]
2026-09-24 12:53:59,546 - RLController - INFO - DIAGNOSTIC - Raw model action output:
2026-09-24 12:53:59,546 - RLController - INFO -   Action hash: 3015130676259780804
2026-09-24 12:53:59,546 - RLController - INFO -   First 8 values: [ -7.3400645 -10.        -10.        -10.        -10.        -10.
 -10.        -10.       ]
2026-09-24 12:53:59,546 - RLController - INFO -   Last 8 values: [-10.      -10.      -10.      -10.      -10.       -2.54078 -10.
 -10.     ]
2026-09-24 12:53:59,546 - RLController - INFO -   Action shape: (136,), min: -10.000000, max: 5.496166, mean: -9.260824
2026-09-24 12:53:59,547 - RLController - INFO -   B0 junction (indices 16-19) raw values: [ -9.903409 -10.       -10.       -10.      ]
2026-09-24 12:53:59,547 - RLController - INFO - Using CONTINUOUS DURATION-BASED mode
2026-09-24 12:53:59,547 - RLController - INFO -   Example: junction A0 -> durations [51, 13, 13, 13] (total: 90s)
2026-09-24 12:53:59,547 - RLController - INFO -   Example: junction A1 -> durations [24, 22, 22, 22] (total: 90s)
2026-09-24 12:53:59,547 - RLController - INFO -   Example: junction A2 -> durations [12, 12, 54, 12] (total: 90s)
2026-09-24 12:53:59,547 - RLController - INFO -   Example: junction A4 -> durations [60, 10, 10, 10] (total: 90s)
2026-09-24 12:53:59,548 - RLController - INFO -   Example: junction A5 -> durations [24, 22, 22, 22] (total: 90s)
2026-09-24 12:53:59,548 - RLController - INFO -   Example: junction B0 -> durations [24, 22, 22, 22] (total: 90s)
2026-09-24 12:53:59,548 - RLController - INFO -   Example: junction B1 -> durations [24, 22, 22, 22] (total: 90s)
2026-09-24 12:53:59,548 - RLController - INFO -   Example: junction B2 -> durations [24, 22, 22, 22] (total: 90s)
2026-09-24 12:53:59,548 - RLController - INFO -   Example: junction B4 -> durations [24, 22, 22, 22] (total: 90s)
2026-09-24 12:53:59,548 - RLController - INFO -   Example: junction B5 -> durations [60, 10, 10, 10] (total: 90s)
2026-09-24 12:53:59,549 - RLController - INFO -   Example: junction C0 -> durations [22, 22, 24, 22] (total: 90s)
2026-09-24 12:53:59,549 - RLController - INFO -   Example: junction C1 -> durations [24, 22, 22, 22] (total: 90s)
2026-09-24 12:53:59,549 - RLController - INFO -   Example: junction C2 -> durations [57, 13, 10, 10] (total: 90s)
2026-09-24 12:53:59,549 - RLController - INFO -   Example: junction C3 -> durations [60, 10, 10, 10] (total: 90s)
2026-09-24 12:53:59,549 - RLController - INFO -   Example: junction C4 -> durations [57, 11, 11, 11] (total: 90s)
2026-09-24 12:53:59,549 - RLController - INFO -   Example: junction C5 -> durations [57, 11, 11, 11] (total: 90s)
2026-09-24 12:53:59,549 - RLController - INFO -   Example: junction D0 -> durations [24, 22, 22, 22] (total: 90s)
2026-09-24 12:53:59,550 - RLController - INFO -   Example: junction D1 -> durations [21, 21, 27, 21] (total: 90s)
2026-09-24 12:53:59,550 - RLController - INFO -   Example: junction D2 -> durations [45, 15, 15, 15] (total: 90s)
2026-09-24 12:53:59,550 - RLController - INFO -   Example: junction D3 -> durations [24, 22, 22, 22] (total: 90s)
2026-09-24 12:53:59,550 - RLController - INFO -   Example: junction D4 -> durations [24, 22, 22, 22] (total: 90s)
2026-09-24 12:53:59,550 - RLController - INFO -   Example: junction D5 -> durations [13, 13, 51, 13] (total: 90s)
2026-09-24 12:53:59,550 - RLController - INFO -   Example: junction E0 -> durations [24, 22, 22, 22] (total: 90s)
2026-09-24 12:53:59,551 - RLController - INFO -   Example: junction E1 -> durations [24, 22, 22, 22] (total: 90s)
2026-09-24 12:53:59,551 - RLController - INFO -   Stored schedules for 34 junctions, cycle starts at step 2880
2026-09-24 12:54:02,139 - RLController - INFO - DIAGNOSTIC Step 2970 - Observation stats:
2026-09-24 12:54:02,139 - RLController - INFO -   Hash: 6053957745823408501, Min: 0.000000, Max: 1.000000, Mean: 0.423486, Std: 0.452581
2026-09-24 12:54:02,139 - RLController - INFO -   First 10: [1.  0.  0.  0.  0.  0.5 1.  0.  0.  0. ]
2026-09-24 12:54:02,140 - RLController - INFO -   Last 10: [0.         0.2        0.         0.08333334 0.47435898 0.00355952
 0.0708547  0.54466206 0.         0.3       ]
2026-09-24 12:54:02,143 - RLController - INFO - DIAGNOSTIC - Raw model action output:
2026-09-24 12:54:02,143 - RLController - INFO -   Action hash: -3290095371689408262
2026-09-24 12:54:02,144 - RLController - INFO -   First 8 values: [ -7.54311 -10.      -10.      -10.      -10.      -10.      -10.
 -10.     ]
2026-09-24 12:54:02,144 - RLController - INFO -   Last 8 values: [-10.       -10.       -10.       -10.       -10.        -2.841746
 -10.       -10.      ]
2026-09-24 12:54:02,144 - RLController - INFO -   Action shape: (136,), min: -10.000000, max: 5.363237, mean: -9.287022
2026-09-24 12:54:02,144 - RLController - INFO -   B0 junction (indices 16-19) raw values: [ -9.896237 -10.       -10.       -10.      ]
2026-09-24 12:54:02,144 - RLController - INFO - Using CONTINUOUS DURATION-BASED mode
2026-09-24 12:54:02,145 - RLController - INFO -   Example: junction A0 -> durations [51, 13, 13, 13] (total: 90s)
2026-09-24 12:54:02,145 - RLController - INFO -   Example: junction A1 -> durations [24, 22, 22, 22] (total: 90s)
2026-09-24 12:54:02,145 - RLController - INFO -   Example: junction A2 -> durations [12, 12, 54, 12] (total: 90s)
2026-09-24 12:54:02,145 - RLController - INFO -   Example: junction A4 -> durations [60, 10, 10, 10] (total: 90s)
2026-09-24 12:54:02,145 - RLController - INFO -   Example: junction A5 -> durations [24, 22, 22, 22] (total: 90s)
2026-09-24 12:54:02,145 - RLController - INFO -   Example: junction B0 -> durations [24, 22, 22, 22] (total: 90s)
2026-09-24 12:54:02,145 - RLController - INFO -   Example: junction B1 -> durations [24, 22, 22, 22] (total: 90s)
2026-09-24 12:54:02,146 - RLController - INFO -   Example: junction B2 -> durations [24, 22, 22, 22] (total: 90s)
2026-09-24 12:54:02,146 - RLController - INFO -   Example: junction B4 -> durations [24, 22, 22, 22] (total: 90s)
2026-09-24 12:54:02,146 - RLController - INFO -   Example: junction B5 -> durations [60, 10, 10, 10] (total: 90s)
2026-09-24 12:54:02,146 - RLController - INFO -   Example: junction C0 -> durations [22, 22, 24, 22] (total: 90s)
2026-09-24 12:54:02,146 - RLController - INFO -   Example: junction C1 -> durations [24, 22, 22, 22] (total: 90s)
2026-09-24 12:54:02,146 - RLController - INFO -   Example: junction C2 -> durations [57, 13, 10, 10] (total: 90s)
2026-09-24 12:54:02,146 - RLController - INFO -   Example: junction C3 -> durations [60, 10, 10, 10] (total: 90s)
2026-09-24 12:54:02,146 - RLController - INFO -   Example: junction C4 -> durations [57, 11, 11, 11] (total: 90s)
2026-09-24 12:54:02,147 - RLController - INFO -   Example: junction C5 -> durations [57, 11, 11, 11] (total: 90s)
2026-09-24 12:54:02,147 - RLController - INFO -   Example: junction D0 -> durations [24, 22, 22, 22] (total: 90s)
2026-09-24 12:54:02,147 - RLController - INFO -   Example: junction D1 -> durations [21, 21, 27, 21] (total: 90s)
2026-09-24 12:54:02,147 - RLController - INFO -   Example: junction D2 -> durations [45, 15, 15, 15] (total: 90s)
2026-09-24 12:54:02,147 - RLController - INFO -   Example: junction D3 -> durations [24, 22, 22, 22] (total: 90s)
2026-09-24 12:54:02,147 - RLController - INFO -   Example: junction D4 -> durations [24, 22, 22, 22] (total: 90s)
2026-09-24 12:54:02,147 - RLController - INFO -   Example: junction D5 -> durations [13, 13, 51, 13] (total: 90s)
2026-09-24 12:54:02,147 - RLController - INFO -   Example: junction E0 -> durations [24, 22, 22, 22] (total: 90s)
2026-09-24 12:54:02,148 - RLController - INFO -   Example: junction E1 -> durations [24, 22, 22, 22] (total: 90s)
2026-09-24 12:54:02,148 - RLController - INFO -   Stored schedules for 34 junctions, cycle starts at step 2970
2026-09-24 12:54:04,900 - RLController - INFO - DIAGNOSTIC Step 3060 - Observation stats:
2026-09-24 12:54:04,900 - RLController - INFO -   Hash: -3765347961695341568, Min: 0.000000, Max: 1.000000, Mean: 0.427197, Std: 0.452748
2026-09-24 12:54:04,901 - RLController - INFO -   First 10: [1.  0.  0.  0.  0.  0.5 1.  0.  0.  0. ]
2026-09-24 12:54:04,901 - RLController - INFO -   Last 10: [0.         0.2        0.         0.08333334 0.4764957  0.00402971
 0.07179487 0.54539657 0.         0.3       ]
2026-09-24 12:54:04,904 - RLController - INFO - DIAGNOSTIC - Raw model action output:
2026-09-24 12:54:04,904 - RLController - INFO -   Action hash: 5936467703274408670
2026-09-24 12:54:04,905 - RLController - INFO -   First 8 values: [ -7.403151 -10.       -10.       -10.       -10.       -10.
 -10.       -10.      ]
2026-09-24 12:54:04,905 - RLController - INFO -   Last 8 values: [-10.        -10.        -10.        -10.        -10.         -2.5829203
 -10.        -10.       ]
2026-09-24 12:54:04,905 - RLController - INFO -   Action shape: (136,), min: -10.000000, max: 4.471990, mean: -9.273309
2026-09-24 12:54:04,905 - RLController - INFO -   B0 junction (indices 16-19) raw values: [ -9.844335 -10.       -10.       -10.      ]
2026-09-24 12:54:04,905 - RLController - INFO - Using CONTINUOUS DURATION-BASED mode
2026-09-24 12:54:04,905 - RLController - INFO -   Example: junction A0 -> durations [51, 13, 13, 13] (total: 90s)
2026-09-24 12:54:04,905 - RLController - INFO -   Example: junction A1 -> durations [24, 22, 22, 22] (total: 90s)
2026-09-24 12:54:04,906 - RLController - INFO -   Example: junction A2 -> durations [12, 12, 54, 12] (total: 90s)
2026-09-24 12:54:04,906 - RLController - INFO -   Example: junction A4 -> durations [60, 10, 10, 10] (total: 90s)
2026-09-24 12:54:04,906 - RLController - INFO -   Example: junction A5 -> durations [24, 22, 22, 22] (total: 90s)
2026-09-24 12:54:04,906 - RLController - INFO -   Example: junction B0 -> durations [24, 22, 22, 22] (total: 90s)
2026-09-24 12:54:04,906 - RLController - INFO -   Example: junction B1 -> durations [24, 22, 22, 22] (total: 90s)
2026-09-24 12:54:04,906 - RLController - INFO -   Example: junction B2 -> durations [24, 22, 22, 22] (total: 90s)
2026-09-24 12:54:04,906 - RLController - INFO -   Example: junction B4 -> durations [24, 22, 22, 22] (total: 90s)
2026-09-24 12:54:04,906 - RLController - INFO -   Example: junction B5 -> durations [60, 10, 10, 10] (total: 90s)
2026-09-24 12:54:04,906 - RLController - INFO -   Example: junction C0 -> durations [22, 22, 24, 22] (total: 90s)
2026-09-24 12:54:04,907 - RLController - INFO -   Example: junction C1 -> durations [24, 22, 22, 22] (total: 90s)
2026-09-24 12:54:04,907 - RLController - INFO -   Example: junction C2 -> durations [57, 13, 10, 10] (total: 90s)
2026-09-24 12:54:04,907 - RLController - INFO -   Example: junction C3 -> durations [60, 10, 10, 10] (total: 90s)
2026-09-24 12:54:04,907 - RLController - INFO -   Example: junction C4 -> durations [57, 11, 11, 11] (total: 90s)
2026-09-24 12:54:04,907 - RLController - INFO -   Example: junction C5 -> durations [57, 11, 11, 11] (total: 90s)
2026-09-24 12:54:04,907 - RLController - INFO -   Example: junction D0 -> durations [24, 22, 22, 22] (total: 90s)
2026-09-24 12:54:04,907 - RLController - INFO -   Example: junction D1 -> durations [21, 21, 27, 21] (total: 90s)
2026-09-24 12:54:04,907 - RLController - INFO -   Example: junction D2 -> durations [45, 15, 15, 15] (total: 90s)
2026-09-24 12:54:04,907 - RLController - INFO -   Example: junction D3 -> durations [24, 22, 22, 22] (total: 90s)
2026-09-24 12:54:04,908 - RLController - INFO -   Example: junction D4 -> durations [24, 22, 22, 22] (total: 90s)
2026-09-24 12:54:04,908 - RLController - INFO -   Example: junction D5 -> durations [13, 13, 51, 13] (total: 90s)
2026-09-24 12:54:04,908 - RLController - INFO -   Example: junction E0 -> durations [24, 22, 22, 22] (total: 90s)
2026-09-24 12:54:04,908 - RLController - INFO -   Example: junction E1 -> durations [24, 22, 22, 22] (total: 90s)
2026-09-24 12:54:04,908 - RLController - INFO -   Stored schedules for 34 junctions, cycle starts at step 3060
2026-09-24 12:54:07,197 - RLController - INFO - DIAGNOSTIC Step 3150 - Observation stats:
2026-09-24 12:54:07,197 - RLController - INFO -   Hash: -2373140859427778115, Min: 0.000000, Max: 1.000000, Mean: 0.422960, Std: 0.453035
2026-09-24 12:54:07,197 - RLController - INFO -   First 10: [1.         0.         0.         0.         0.         0.5
 0.         1.         0.99333334 1.        ]
2026-09-24 12:54:07,197 - RLController - INFO -   Last 10: [0.         0.2        0.         0.08333334 0.4636752  0.00320813
 0.07119658 0.55403125 0.         0.3       ]
2026-09-24 12:54:07,201 - RLController - INFO - DIAGNOSTIC - Raw model action output:
2026-09-24 12:54:07,201 - RLController - INFO -   Action hash: -6297308652858211739
2026-09-24 12:54:07,202 - RLController - INFO -   First 8 values: [ -7.1077733 -10.        -10.        -10.        -10.        -10.
 -10.        -10.       ]
2026-09-24 12:54:07,202 - RLController - INFO -   Last 8 values: [-10.        -10.        -10.        -10.        -10.         -2.7242408
 -10.        -10.       ]
2026-09-24 12:54:07,202 - RLController - INFO -   Action shape: (136,), min: -10.000000, max: 4.783388, mean: -9.260842
2026-09-24 12:54:07,202 - RLController - INFO -   B0 junction (indices 16-19) raw values: [-10. -10. -10. -10.]
2026-09-24 12:54:07,202 - RLController - INFO - Using CONTINUOUS DURATION-BASED mode
2026-09-24 12:54:07,202 - RLController - INFO -   Example: junction A0 -> durations [51, 13, 13, 13] (total: 90s)
2026-09-24 12:54:07,202 - RLController - INFO -   Example: junction A1 -> durations [24, 22, 22, 22] (total: 90s)
2026-09-24 12:54:07,203 - RLController - INFO -   Example: junction A2 -> durations [12, 12, 54, 12] (total: 90s)
2026-09-24 12:54:07,203 - RLController - INFO -   Example: junction A4 -> durations [60, 10, 10, 10] (total: 90s)
2026-09-24 12:54:07,203 - RLController - INFO -   Example: junction A5 -> durations [24, 22, 22, 22] (total: 90s)
2026-09-24 12:54:07,203 - RLController - INFO -   Example: junction B0 -> durations [24, 22, 22, 22] (total: 90s)
2026-09-24 12:54:07,203 - RLController - INFO -   Example: junction B1 -> durations [24, 22, 22, 22] (total: 90s)
2026-09-24 12:54:07,203 - RLController - INFO -   Example: junction B2 -> durations [24, 22, 22, 22] (total: 90s)
2026-09-24 12:54:07,203 - RLController - INFO -   Example: junction B4 -> durations [24, 22, 22, 22] (total: 90s)
2026-09-24 12:54:07,203 - RLController - INFO -   Example: junction B5 -> durations [60, 10, 10, 10] (total: 90s)
2026-09-24 12:54:07,203 - RLController - INFO -   Example: junction C0 -> durations [22, 22, 24, 22] (total: 90s)
2026-09-24 12:54:07,203 - RLController - INFO -   Example: junction C1 -> durations [24, 22, 22, 22] (total: 90s)
2026-09-24 12:54:07,204 - RLController - INFO -   Example: junction C2 -> durations [57, 13, 10, 10] (total: 90s)
2026-09-24 12:54:07,204 - RLController - INFO -   Example: junction C3 -> durations [60, 10, 10, 10] (total: 90s)
2026-09-24 12:54:07,204 - RLController - INFO -   Example: junction C4 -> durations [57, 11, 11, 11] (total: 90s)
2026-09-24 12:54:07,204 - RLController - INFO -   Example: junction C5 -> durations [57, 11, 11, 11] (total: 90s)
2026-09-24 12:54:07,204 - RLController - INFO -   Example: junction D0 -> durations [24, 22, 22, 22] (total: 90s)
2026-09-24 12:54:07,204 - RLController - INFO -   Example: junction D1 -> durations [21, 21, 27, 21] (total: 90s)
2026-09-24 12:54:07,205 - RLController - INFO -   Example: junction D2 -> durations [45, 15, 15, 15] (total: 90s)
2026-09-24 12:54:07,205 - RLController - INFO -   Example: junction D3 -> durations [24, 22, 22, 22] (total: 90s)
2026-09-24 12:54:07,205 - RLController - INFO -   Example: junction D4 -> durations [24, 22, 22, 22] (total: 90s)
2026-09-24 12:54:07,205 - RLController - INFO -   Example: junction D5 -> durations [13, 13, 51, 13] (total: 90s)
2026-09-24 12:54:07,205 - RLController - INFO -   Example: junction E0 -> durations [24, 22, 22, 22] (total: 90s)
2026-09-24 12:54:07,205 - RLController - INFO -   Example: junction E1 -> durations [24, 22, 22, 22] (total: 90s)
2026-09-24 12:54:07,206 - RLController - INFO -   Stored schedules for 34 junctions, cycle starts at step 3150
2026-09-24 12:54:09,995 - RLController - INFO - DIAGNOSTIC Step 3240 - Observation stats:
2026-09-24 12:54:09,996 - RLController - INFO -   Hash: 1157950988305484311, Min: 0.000000, Max: 1.000000, Mean: 0.429829, Std: 0.455031
2026-09-24 12:54:09,996 - RLController - INFO -   First 10: [1.         0.         0.         0.         0.         0.5
 0.         1.         0.99333334 1.        ]
2026-09-24 12:54:09,997 - RLController - INFO -   Last 10: [0.         0.2        0.         0.08333334 0.48290598 0.00316141
 0.07141025 0.5336926  0.         0.3       ]
2026-09-24 12:54:10,001 - RLController - INFO - DIAGNOSTIC - Raw model action output:
2026-09-24 12:54:10,001 - RLController - INFO -   Action hash: -4770401986042117559
2026-09-24 12:54:10,002 - RLController - INFO -   First 8 values: [ -7.379471 -10.       -10.       -10.       -10.       -10.
 -10.       -10.      ]
2026-09-24 12:54:10,002 - RLController - INFO -   Last 8 values: [-10.        -10.        -10.        -10.        -10.         -3.9106014
 -10.        -10.       ]
2026-09-24 12:54:10,002 - RLController - INFO -   Action shape: (136,), min: -10.000000, max: 4.447622, mean: -9.292352
2026-09-24 12:54:10,003 - RLController - INFO -   B0 junction (indices 16-19) raw values: [-10. -10. -10. -10.]
2026-09-24 12:54:10,003 - RLController - INFO - Using CONTINUOUS DURATION-BASED mode
2026-09-24 12:54:10,003 - RLController - INFO -   Example: junction A0 -> durations [51, 13, 13, 13] (total: 90s)
2026-09-24 12:54:10,004 - RLController - INFO -   Example: junction A1 -> durations [24, 22, 22, 22] (total: 90s)
2026-09-24 12:54:10,004 - RLController - INFO -   Example: junction A2 -> durations [12, 12, 54, 12] (total: 90s)
2026-09-24 12:54:10,004 - RLController - INFO -   Example: junction A4 -> durations [60, 10, 10, 10] (total: 90s)
2026-09-24 12:54:10,004 - RLController - INFO -   Example: junction A5 -> durations [24, 22, 22, 22] (total: 90s)
2026-09-24 12:54:10,004 - RLController - INFO -   Example: junction B0 -> durations [24, 22, 22, 22] (total: 90s)
2026-09-24 12:54:10,005 - RLController - INFO -   Example: junction B1 -> durations [24, 22, 22, 22] (total: 90s)
2026-09-24 12:54:10,005 - RLController - INFO -   Example: junction B2 -> durations [24, 22, 22, 22] (total: 90s)
2026-09-24 12:54:10,005 - RLController - INFO -   Example: junction B4 -> durations [24, 22, 22, 22] (total: 90s)
2026-09-24 12:54:10,005 - RLController - INFO -   Example: junction B5 -> durations [60, 10, 10, 10] (total: 90s)
2026-09-24 12:54:10,006 - RLController - INFO -   Example: junction C0 -> durations [22, 22, 24, 22] (total: 90s)
2026-09-24 12:54:10,006 - RLController - INFO -   Example: junction C1 -> durations [24, 22, 22, 22] (total: 90s)
2026-09-24 12:54:10,006 - RLController - INFO -   Example: junction C2 -> durations [57, 13, 10, 10] (total: 90s)
2026-09-24 12:54:10,006 - RLController - INFO -   Example: junction C3 -> durations [60, 10, 10, 10] (total: 90s)
2026-09-24 12:54:10,006 - RLController - INFO -   Example: junction C4 -> durations [57, 11, 11, 11] (total: 90s)
2026-09-24 12:54:10,007 - RLController - INFO -   Example: junction C5 -> durations [57, 11, 11, 11] (total: 90s)
2026-09-24 12:54:10,007 - RLController - INFO -   Example: junction D0 -> durations [24, 22, 22, 22] (total: 90s)
2026-09-24 12:54:10,007 - RLController - INFO -   Example: junction D1 -> durations [21, 21, 27, 21] (total: 90s)
2026-09-24 12:54:10,007 - RLController - INFO -   Example: junction D2 -> durations [45, 15, 15, 15] (total: 90s)
2026-09-24 12:54:10,008 - RLController - INFO -   Example: junction D3 -> durations [24, 22, 22, 22] (total: 90s)
2026-09-24 12:54:10,008 - RLController - INFO -   Example: junction D4 -> durations [24, 22, 22, 22] (total: 90s)
2026-09-24 12:54:10,008 - RLController - INFO -   Example: junction D5 -> durations [13, 13, 51, 13] (total: 90s)
2026-09-24 12:54:10,008 - RLController - INFO -   Example: junction E0 -> durations [24, 22, 22, 22] (total: 90s)
2026-09-24 12:54:10,008 - RLController - INFO -   Example: junction E1 -> durations [24, 22, 22, 22] (total: 90s)
2026-09-24 12:54:10,010 - RLController - INFO -   Stored schedules for 34 junctions, cycle starts at step 3240
2026-09-24 12:54:12,955 - RLController - INFO - DIAGNOSTIC Step 3330 - Observation stats:
2026-09-24 12:54:12,955 - RLController - INFO -   Hash: 1199855121646019248, Min: 0.000000, Max: 1.000000, Mean: 0.430630, Std: 0.454456
2026-09-24 12:54:12,956 - RLController - INFO -   First 10: [1.  0.  0.  0.  0.  0.5 1.  0.  0.  0. ]
2026-09-24 12:54:12,956 - RLController - INFO -   Last 10: [0.         0.2        0.         0.08333334 0.47863248 0.00364626
 0.07004274 0.5421311  0.         0.3       ]
2026-09-24 12:54:12,961 - RLController - INFO - DIAGNOSTIC - Raw model action output:
2026-09-24 12:54:12,961 - RLController - INFO -   Action hash: -5950368379611565700
2026-09-24 12:54:12,962 - RLController - INFO -   First 8 values: [ -7.3455944 -10.        -10.        -10.        -10.        -10.
 -10.        -10.       ]
2026-09-24 12:54:12,962 - RLController - INFO -   Last 8 values: [-10.       -10.       -10.       -10.       -10.        -2.847335
 -10.       -10.      ]
2026-09-24 12:54:12,962 - RLController - INFO -   Action shape: (136,), min: -10.000000, max: 5.145897, mean: -9.277965
2026-09-24 12:54:12,962 - RLController - INFO -   B0 junction (indices 16-19) raw values: [-10. -10. -10. -10.]
2026-09-24 12:54:12,962 - RLController - INFO - Using CONTINUOUS DURATION-BASED mode
2026-09-24 12:54:12,963 - RLController - INFO -   Example: junction A0 -> durations [51, 13, 13, 13] (total: 90s)
2026-09-24 12:54:12,963 - RLController - INFO -   Example: junction A1 -> durations [24, 22, 22, 22] (total: 90s)
2026-09-24 12:54:12,963 - RLController - INFO -   Example: junction A2 -> durations [12, 12, 54, 12] (total: 90s)
2026-09-24 12:54:12,963 - RLController - INFO -   Example: junction A4 -> durations [60, 10, 10, 10] (total: 90s)
2026-09-24 12:54:12,963 - RLController - INFO -   Example: junction A5 -> durations [24, 22, 22, 22] (total: 90s)
2026-09-24 12:54:12,963 - RLController - INFO -   Example: junction B0 -> durations [24, 22, 22, 22] (total: 90s)
2026-09-24 12:54:12,963 - RLController - INFO -   Example: junction B1 -> durations [24, 22, 22, 22] (total: 90s)
2026-09-24 12:54:12,964 - RLController - INFO -   Example: junction B2 -> durations [24, 22, 22, 22] (total: 90s)
2026-09-24 12:54:12,964 - RLController - INFO -   Example: junction B4 -> durations [24, 22, 22, 22] (total: 90s)
2026-09-24 12:54:12,964 - RLController - INFO -   Example: junction B5 -> durations [60, 10, 10, 10] (total: 90s)
2026-09-24 12:54:12,964 - RLController - INFO -   Example: junction C0 -> durations [22, 22, 24, 22] (total: 90s)
2026-09-24 12:54:12,964 - RLController - INFO -   Example: junction C1 -> durations [24, 22, 22, 22] (total: 90s)
2026-09-24 12:54:12,964 - RLController - INFO -   Example: junction C2 -> durations [57, 13, 10, 10] (total: 90s)
2026-09-24 12:54:12,964 - RLController - INFO -   Example: junction C3 -> durations [60, 10, 10, 10] (total: 90s)
2026-09-24 12:54:12,964 - RLController - INFO -   Example: junction C4 -> durations [57, 11, 11, 11] (total: 90s)
2026-09-24 12:54:12,965 - RLController - INFO -   Example: junction C5 -> durations [57, 11, 11, 11] (total: 90s)
2026-09-24 12:54:12,965 - RLController - INFO -   Example: junction D0 -> durations [24, 22, 22, 22] (total: 90s)
2026-09-24 12:54:12,965 - RLController - INFO -   Example: junction D1 -> durations [21, 21, 27, 21] (total: 90s)
2026-09-24 12:54:12,965 - RLController - INFO -   Example: junction D2 -> durations [45, 15, 15, 15] (total: 90s)
2026-09-24 12:54:12,965 - RLController - INFO -   Example: junction D3 -> durations [24, 22, 22, 22] (total: 90s)
2026-09-24 12:54:12,965 - RLController - INFO -   Example: junction D4 -> durations [24, 22, 22, 22] (total: 90s)
2026-09-24 12:54:12,966 - RLController - INFO -   Example: junction D5 -> durations [13, 13, 51, 13] (total: 90s)
2026-09-24 12:54:12,966 - RLController - INFO -   Example: junction E0 -> durations [24, 22, 22, 22] (total: 90s)
2026-09-24 12:54:12,966 - RLController - INFO -   Example: junction E1 -> durations [24, 22, 22, 22] (total: 90s)
2026-09-24 12:54:12,966 - RLController - INFO -   Stored schedules for 34 junctions, cycle starts at step 3330
2026-09-24 12:54:15,621 - RLController - INFO - DIAGNOSTIC Step 3420 - Observation stats:
2026-09-24 12:54:15,622 - RLController - INFO -   Hash: 6208784604611219432, Min: 0.000000, Max: 1.000000, Mean: 0.427877, Std: 0.456160
2026-09-24 12:54:15,622 - RLController - INFO -   First 10: [1.  0.  0.  0.  0.  0.5 1.  0.  0.  0. ]
2026-09-24 12:54:15,623 - RLController - INFO -   Last 10: [0.         0.2        0.         0.08333334 0.46581197 0.00298485
 0.07081196 0.54939085 0.         0.3       ]
2026-09-24 12:54:15,626 - RLController - INFO - DIAGNOSTIC - Raw model action output:
2026-09-24 12:54:15,626 - RLController - INFO -   Action hash: -2881356208420555607
2026-09-24 12:54:15,627 - RLController - INFO -   First 8 values: [ -7.27753 -10.      -10.      -10.      -10.      -10.      -10.
 -10.     ]
2026-09-24 12:54:15,627 - RLController - INFO -   Last 8 values: [-10.        -10.        -10.        -10.        -10.         -3.0240805
 -10.        -10.       ]
2026-09-24 12:54:15,627 - RLController - INFO -   Action shape: (136,), min: -10.000000, max: 5.124539, mean: -9.264155
2026-09-24 12:54:15,627 - RLController - INFO -   B0 junction (indices 16-19) raw values: [ -9.8103285 -10.        -10.        -10.       ]
2026-09-24 12:54:15,627 - RLController - INFO - Using CONTINUOUS DURATION-BASED mode
2026-09-24 12:54:15,628 - RLController - INFO -   Example: junction A0 -> durations [51, 13, 13, 13] (total: 90s)
2026-09-24 12:54:15,628 - RLController - INFO -   Example: junction A1 -> durations [24, 22, 22, 22] (total: 90s)
2026-09-24 12:54:15,628 - RLController - INFO -   Example: junction A2 -> durations [12, 12, 54, 12] (total: 90s)
2026-09-24 12:54:15,628 - RLController - INFO -   Example: junction A4 -> durations [60, 10, 10, 10] (total: 90s)
2026-09-24 12:54:15,628 - RLController - INFO -   Example: junction A5 -> durations [24, 22, 22, 22] (total: 90s)
2026-09-24 12:54:15,628 - RLController - INFO -   Example: junction B0 -> durations [24, 22, 22, 22] (total: 90s)
2026-09-24 12:54:15,628 - RLController - INFO -   Example: junction B1 -> durations [24, 22, 22, 22] (total: 90s)
2026-09-24 12:54:15,628 - RLController - INFO -   Example: junction B2 -> durations [24, 22, 22, 22] (total: 90s)
2026-09-24 12:54:15,629 - RLController - INFO -   Example: junction B4 -> durations [24, 22, 22, 22] (total: 90s)
2026-09-24 12:54:15,629 - RLController - INFO -   Example: junction B5 -> durations [60, 10, 10, 10] (total: 90s)
2026-09-24 12:54:15,629 - RLController - INFO -   Example: junction C0 -> durations [22, 22, 24, 22] (total: 90s)
2026-09-24 12:54:15,629 - RLController - INFO -   Example: junction C1 -> durations [24, 22, 22, 22] (total: 90s)
2026-09-24 12:54:15,629 - RLController - INFO -   Example: junction C2 -> durations [57, 13, 10, 10] (total: 90s)
2026-09-24 12:54:15,629 - RLController - INFO -   Example: junction C3 -> durations [60, 10, 10, 10] (total: 90s)
2026-09-24 12:54:15,629 - RLController - INFO -   Example: junction C4 -> durations [57, 11, 11, 11] (total: 90s)
2026-09-24 12:54:15,629 - RLController - INFO -   Example: junction C5 -> durations [57, 11, 11, 11] (total: 90s)
2026-09-24 12:54:15,630 - RLController - INFO -   Example: junction D0 -> durations [24, 22, 22, 22] (total: 90s)
2026-09-24 12:54:15,630 - RLController - INFO -   Example: junction D1 -> durations [21, 21, 27, 21] (total: 90s)
2026-09-24 12:54:15,630 - RLController - INFO -   Example: junction D2 -> durations [45, 15, 15, 15] (total: 90s)
2026-09-24 12:54:15,630 - RLController - INFO -   Example: junction D3 -> durations [24, 22, 22, 22] (total: 90s)
2026-09-24 12:54:15,630 - RLController - INFO -   Example: junction D4 -> durations [24, 22, 22, 22] (total: 90s)
2026-09-24 12:54:15,630 - RLController - INFO -   Example: junction D5 -> durations [13, 13, 51, 13] (total: 90s)
2026-09-24 12:54:15,630 - RLController - INFO -   Example: junction E0 -> durations [24, 22, 22, 22] (total: 90s)
2026-09-24 12:54:15,631 - RLController - INFO -   Example: junction E1 -> durations [24, 22, 22, 22] (total: 90s)
2026-09-24 12:54:15,631 - RLController - INFO -   Stored schedules for 34 junctions, cycle starts at step 3420
2026-09-24 12:54:18,086 - RLController - INFO - DIAGNOSTIC Step 3510 - Observation stats:
2026-09-24 12:54:18,086 - RLController - INFO -   Hash: -8903150996244567175, Min: 0.000000, Max: 1.000000, Mean: 0.419719, Std: 0.454348
2026-09-24 12:54:18,086 - RLController - INFO -   First 10: [1.  0.  0.  0.  0.  0.5 1.  0.  0.  0. ]
2026-09-24 12:54:18,086 - RLController - INFO -   Last 10: [0.         0.2        0.         0.08333334 0.43376067 0.00269032
 0.07179487 0.5806403  0.         0.3       ]
2026-09-24 12:54:18,090 - RLController - INFO - DIAGNOSTIC - Raw model action output:
2026-09-24 12:54:18,090 - RLController - INFO -   Action hash: -4332495306823420762
2026-09-24 12:54:18,090 - RLController - INFO -   First 8 values: [ -7.1270933 -10.        -10.        -10.        -10.        -10.
 -10.        -10.       ]
2026-09-24 12:54:18,091 - RLController - INFO -   Last 8 values: [-10.        -10.        -10.        -10.        -10.         -2.4780452
 -10.        -10.       ]
2026-09-24 12:54:18,091 - RLController - INFO -   Action shape: (136,), min: -10.000000, max: 4.981643, mean: -9.259083
2026-09-24 12:54:18,091 - RLController - INFO -   B0 junction (indices 16-19) raw values: [ -9.566808 -10.       -10.       -10.      ]
2026-09-24 12:54:18,091 - RLController - INFO - Using CONTINUOUS DURATION-BASED mode
2026-09-24 12:54:18,091 - RLController - INFO -   Example: junction A0 -> durations [51, 13, 13, 13] (total: 90s)
2026-09-24 12:54:18,091 - RLController - INFO -   Example: junction A1 -> durations [24, 22, 22, 22] (total: 90s)
2026-09-24 12:54:18,091 - RLController - INFO -   Example: junction A2 -> durations [12, 12, 54, 12] (total: 90s)
2026-09-24 12:54:18,091 - RLController - INFO -   Example: junction A4 -> durations [60, 10, 10, 10] (total: 90s)
2026-09-24 12:54:18,091 - RLController - INFO -   Example: junction A5 -> durations [24, 22, 22, 22] (total: 90s)
2026-09-24 12:54:18,092 - RLController - INFO -   Example: junction B0 -> durations [24, 22, 22, 22] (total: 90s)
2026-09-24 12:54:18,092 - RLController - INFO -   Example: junction B1 -> durations [24, 22, 22, 22] (total: 90s)
2026-09-24 12:54:18,092 - RLController - INFO -   Example: junction B2 -> durations [24, 22, 22, 22] (total: 90s)
2026-09-24 12:54:18,092 - RLController - INFO -   Example: junction B4 -> durations [24, 22, 22, 22] (total: 90s)
2026-09-24 12:54:18,092 - RLController - INFO -   Example: junction B5 -> durations [60, 10, 10, 10] (total: 90s)
2026-09-24 12:54:18,092 - RLController - INFO -   Example: junction C0 -> durations [22, 22, 24, 22] (total: 90s)
2026-09-24 12:54:18,092 - RLController - INFO -   Example: junction C1 -> durations [24, 22, 22, 22] (total: 90s)
2026-09-24 12:54:18,092 - RLController - INFO -   Example: junction C2 -> durations [57, 13, 10, 10] (total: 90s)
2026-09-24 12:54:18,092 - RLController - INFO -   Example: junction C3 -> durations [60, 10, 10, 10] (total: 90s)
2026-09-24 12:54:18,093 - RLController - INFO -   Example: junction C4 -> durations [57, 11, 11, 11] (total: 90s)
2026-09-24 12:54:18,093 - RLController - INFO -   Example: junction C5 -> durations [57, 11, 11, 11] (total: 90s)
2026-09-24 12:54:18,093 - RLController - INFO -   Example: junction D0 -> durations [24, 22, 22, 22] (total: 90s)
2026-09-24 12:54:18,093 - RLController - INFO -   Example: junction D1 -> durations [21, 21, 27, 21] (total: 90s)
2026-09-24 12:54:18,093 - RLController - INFO -   Example: junction D2 -> durations [45, 15, 15, 15] (total: 90s)
2026-09-24 12:54:18,093 - RLController - INFO -   Example: junction D3 -> durations [24, 22, 22, 22] (total: 90s)
2026-09-24 12:54:18,093 - RLController - INFO -   Example: junction D4 -> durations [24, 22, 22, 22] (total: 90s)
2026-09-24 12:54:18,093 - RLController - INFO -   Example: junction D5 -> durations [13, 13, 51, 13] (total: 90s)
2026-09-24 12:54:18,093 - RLController - INFO -   Example: junction E0 -> durations [24, 22, 22, 22] (total: 90s)
2026-09-24 12:54:18,094 - RLController - INFO -   Example: junction E1 -> durations [24, 22, 22, 22] (total: 90s)
2026-09-24 12:54:18,094 - RLController - INFO -   Stored schedules for 34 junctions, cycle starts at step 3510
2026-09-24 12:54:20,954 - RLController - INFO - DIAGNOSTIC Step 3600 - Observation stats:
2026-09-24 12:54:20,955 - RLController - INFO -   Hash: 4252961705266193104, Min: 0.000000, Max: 1.000000, Mean: 0.425882, Std: 0.456149
2026-09-24 12:54:20,955 - RLController - INFO -   First 10: [1.         0.         0.         0.         0.         0.5
 0.         1.         0.99333334 1.        ]
2026-09-24 12:54:20,956 - RLController - INFO -   Last 10: [0.         0.2        0.         0.08333334 0.4636752  0.002754
 0.07247863 0.5546762  0.         0.3       ]
2026-09-24 12:54:20,959 - RLController - INFO - DIAGNOSTIC - Raw model action output:
2026-09-24 12:54:20,959 - RLController - INFO -   Action hash: 4250556758361283298
2026-09-24 12:54:20,960 - RLController - INFO -   First 8 values: [ -7.1033044 -10.        -10.        -10.        -10.        -10.
 -10.        -10.       ]
2026-09-24 12:54:20,960 - RLController - INFO -   Last 8 values: [-10.       -10.       -10.       -10.       -10.        -3.325494
 -10.       -10.      ]
2026-09-24 12:54:20,960 - RLController - INFO -   Action shape: (136,), min: -10.000000, max: 4.919373, mean: -9.247056
2026-09-24 12:54:20,960 - RLController - INFO -   B0 junction (indices 16-19) raw values: [ -9.780971 -10.       -10.       -10.      ]
2026-09-24 12:54:20,960 - RLController - INFO - Using CONTINUOUS DURATION-BASED mode
2026-09-24 12:54:20,961 - RLController - INFO -   Example: junction A0 -> durations [51, 13, 13, 13] (total: 90s)
2026-09-24 12:54:20,961 - RLController - INFO -   Example: junction A1 -> durations [24, 22, 22, 22] (total: 90s)
2026-09-24 12:54:20,961 - RLController - INFO -   Example: junction A2 -> durations [12, 12, 54, 12] (total: 90s)
2026-09-24 12:54:20,961 - RLController - INFO -   Example: junction A4 -> durations [60, 10, 10, 10] (total: 90s)
2026-09-24 12:54:20,961 - RLController - INFO -   Example: junction A5 -> durations [24, 22, 22, 22] (total: 90s)
2026-09-24 12:54:20,961 - RLController - INFO -   Example: junction B0 -> durations [24, 22, 22, 22] (total: 90s)
2026-09-24 12:54:20,961 - RLController - INFO -   Example: junction B1 -> durations [24, 22, 22, 22] (total: 90s)
2026-09-24 12:54:20,962 - RLController - INFO -   Example: junction B2 -> durations [24, 22, 22, 22] (total: 90s)
2026-09-24 12:54:20,962 - RLController - INFO -   Example: junction B4 -> durations [24, 22, 22, 22] (total: 90s)
2026-09-24 12:54:20,962 - RLController - INFO -   Example: junction B5 -> durations [60, 10, 10, 10] (total: 90s)
2026-09-24 12:54:20,962 - RLController - INFO -   Example: junction C0 -> durations [22, 22, 24, 22] (total: 90s)
2026-09-24 12:54:20,962 - RLController - INFO -   Example: junction C1 -> durations [24, 22, 22, 22] (total: 90s)
2026-09-24 12:54:20,962 - RLController - INFO -   Example: junction C2 -> durations [57, 13, 10, 10] (total: 90s)
2026-09-24 12:54:20,962 - RLController - INFO -   Example: junction C3 -> durations [60, 10, 10, 10] (total: 90s)
2026-09-24 12:54:20,962 - RLController - INFO -   Example: junction C4 -> durations [57, 11, 11, 11] (total: 90s)
2026-09-24 12:54:20,963 - RLController - INFO -   Example: junction C5 -> durations [57, 11, 11, 11] (total: 90s)
2026-09-24 12:54:20,963 - RLController - INFO -   Example: junction D0 -> durations [24, 22, 22, 22] (total: 90s)
2026-09-24 12:54:20,963 - RLController - INFO -   Example: junction D1 -> durations [21, 21, 27, 21] (total: 90s)
2026-09-24 12:54:20,963 - RLController - INFO -   Example: junction D2 -> durations [45, 15, 15, 15] (total: 90s)
2026-09-24 12:54:20,963 - RLController - INFO -   Example: junction D3 -> durations [24, 22, 22, 22] (total: 90s)
2026-09-24 12:54:20,963 - RLController - INFO -   Example: junction D4 -> durations [24, 22, 22, 22] (total: 90s)
2026-09-24 12:54:20,963 - RLController - INFO -   Example: junction D5 -> durations [13, 13, 51, 13] (total: 90s)
2026-09-24 12:54:20,963 - RLController - INFO -   Example: junction E0 -> durations [24, 22, 22, 22] (total: 90s)
2026-09-24 12:54:20,964 - RLController - INFO -   Example: junction E1 -> durations [24, 22, 22, 22] (total: 90s)
2026-09-24 12:54:20,964 - RLController - INFO -   Stored schedules for 34 junctions, cycle starts at step 3600
2026-09-24 12:54:25,058 - RLController - INFO - DIAGNOSTIC Step 3690 - Observation stats:
2026-09-24 12:54:25,059 - RLController - INFO -   Hash: 3457403179999456748, Min: 0.000000, Max: 1.000000, Mean: 0.431121, Std: 0.456284
2026-09-24 12:54:25,059 - RLController - INFO -   First 10: [1.         0.         0.         0.         0.         0.5
 0.         1.         0.99333334 1.        ]
2026-09-24 12:54:25,059 - RLController - INFO -   Last 10: [0.         0.2        0.         0.08333334 0.4636752  0.00307306
 0.0725641  0.55337644 0.         0.3       ]
2026-09-24 12:54:25,064 - RLController - INFO - DIAGNOSTIC - Raw model action output:
2026-09-24 12:54:25,064 - RLController - INFO -   Action hash: 3050695638229649770
2026-09-24 12:54:25,064 - RLController - INFO -   First 8 values: [ -7.3413644 -10.        -10.        -10.        -10.        -10.
 -10.        -10.       ]
2026-09-24 12:54:25,064 - RLController - INFO -   Last 8 values: [-10.        -10.        -10.        -10.        -10.         -3.2473915
 -10.        -10.       ]
2026-09-24 12:54:25,064 - RLController - INFO -   Action shape: (136,), min: -10.000000, max: 4.003418, mean: -9.266693
2026-09-24 12:54:25,064 - RLController - INFO -   B0 junction (indices 16-19) raw values: [ -9.880766 -10.       -10.       -10.      ]
2026-09-24 12:54:25,065 - RLController - INFO - Using CONTINUOUS DURATION-BASED mode
2026-09-24 12:54:25,065 - RLController - INFO -   Example: junction A0 -> durations [51, 13, 13, 13] (total: 90s)
2026-09-24 12:54:25,065 - RLController - INFO -   Example: junction A1 -> durations [24, 22, 22, 22] (total: 90s)
2026-09-24 12:54:25,065 - RLController - INFO -   Example: junction A2 -> durations [12, 12, 54, 12] (total: 90s)
2026-09-24 12:54:25,065 - RLController - INFO -   Example: junction A4 -> durations [60, 10, 10, 10] (total: 90s)
2026-09-24 12:54:25,065 - RLController - INFO -   Example: junction A5 -> durations [24, 22, 22, 22] (total: 90s)
2026-09-24 12:54:25,065 - RLController - INFO -   Example: junction B0 -> durations [24, 22, 22, 22] (total: 90s)
2026-09-24 12:54:25,066 - RLController - INFO -   Example: junction B1 -> durations [24, 22, 22, 22] (total: 90s)
2026-09-24 12:54:25,066 - RLController - INFO -   Example: junction B2 -> durations [24, 22, 22, 22] (total: 90s)
2026-09-24 12:54:25,066 - RLController - INFO -   Example: junction B4 -> durations [24, 22, 22, 22] (total: 90s)
2026-09-24 12:54:25,066 - RLController - INFO -   Example: junction B5 -> durations [60, 10, 10, 10] (total: 90s)
2026-09-24 12:54:25,066 - RLController - INFO -   Example: junction C0 -> durations [22, 22, 24, 22] (total: 90s)
2026-09-24 12:54:25,066 - RLController - INFO -   Example: junction C1 -> durations [24, 22, 22, 22] (total: 90s)
2026-09-24 12:54:25,066 - RLController - INFO -   Example: junction C2 -> durations [57, 13, 10, 10] (total: 90s)
2026-09-24 12:54:25,066 - RLController - INFO -   Example: junction C3 -> durations [60, 10, 10, 10] (total: 90s)
2026-09-24 12:54:25,067 - RLController - INFO -   Example: junction C4 -> durations [57, 11, 11, 11] (total: 90s)
2026-09-24 12:54:25,067 - RLController - INFO -   Example: junction C5 -> durations [57, 11, 11, 11] (total: 90s)
2026-09-24 12:54:25,067 - RLController - INFO -   Example: junction D0 -> durations [24, 22, 22, 22] (total: 90s)
2026-09-24 12:54:25,067 - RLController - INFO -   Example: junction D1 -> durations [21, 21, 27, 21] (total: 90s)
2026-09-24 12:54:25,067 - RLController - INFO -   Example: junction D2 -> durations [45, 15, 15, 15] (total: 90s)
2026-09-24 12:54:25,067 - RLController - INFO -   Example: junction D3 -> durations [24, 22, 22, 22] (total: 90s)
2026-09-24 12:54:25,067 - RLController - INFO -   Example: junction D4 -> durations [24, 22, 22, 22] (total: 90s)
2026-09-24 12:54:25,067 - RLController - INFO -   Example: junction D5 -> durations [13, 13, 51, 13] (total: 90s)
2026-09-24 12:54:25,068 - RLController - INFO -   Example: junction E0 -> durations [24, 22, 22, 22] (total: 90s)
2026-09-24 12:54:25,068 - RLController - INFO -   Example: junction E1 -> durations [24, 22, 22, 22] (total: 90s)
2026-09-24 12:54:25,068 - RLController - INFO -   Stored schedules for 34 junctions, cycle starts at step 3690
2026-09-24 12:54:27,885 - RLController - INFO - DIAGNOSTIC Step 3780 - Observation stats:
2026-09-24 12:54:27,886 - RLController - INFO -   Hash: -4954055909199104692, Min: 0.000000, Max: 1.000000, Mean: 0.430294, Std: 0.455773
2026-09-24 12:54:27,887 - RLController - INFO -   First 10: [1.         0.         0.         0.         0.         0.5
 0.         1.         0.99333334 1.        ]
2026-09-24 12:54:27,887 - RLController - INFO -   Last 10: [0.         0.2        0.         0.08333334 0.4594017  0.00332996
 0.07102564 0.55900896 0.         0.3       ]
2026-09-24 12:54:27,892 - RLController - INFO - DIAGNOSTIC - Raw model action output:
2026-09-24 12:54:27,892 - RLController - INFO -   Action hash: -1241688075278465802
2026-09-24 12:54:27,892 - RLController - INFO -   First 8 values: [ -7.4326386 -10.        -10.        -10.        -10.        -10.
 -10.        -10.       ]
2026-09-24 12:54:27,892 - RLController - INFO -   Last 8 values: [-10.       -10.       -10.       -10.       -10.        -2.640659
 -10.       -10.      ]
2026-09-24 12:54:27,892 - RLController - INFO -   Action shape: (136,), min: -10.000000, max: 4.816549, mean: -9.268962
2026-09-24 12:54:27,893 - RLController - INFO -   B0 junction (indices 16-19) raw values: [ -9.996836 -10.       -10.       -10.      ]
2026-09-24 12:54:27,893 - RLController - INFO - Using CONTINUOUS DURATION-BASED mode
2026-09-24 12:54:27,893 - RLController - INFO -   Example: junction A0 -> durations [51, 13, 13, 13] (total: 90s)
2026-09-24 12:54:27,893 - RLController - INFO -   Example: junction A1 -> durations [24, 22, 22, 22] (total: 90s)
2026-09-24 12:54:27,893 - RLController - INFO -   Example: junction A2 -> durations [12, 12, 54, 12] (total: 90s)
2026-09-24 12:54:27,893 - RLController - INFO -   Example: junction A4 -> durations [60, 10, 10, 10] (total: 90s)
2026-09-24 12:54:27,893 - RLController - INFO -   Example: junction A5 -> durations [24, 22, 22, 22] (total: 90s)
2026-09-24 12:54:27,894 - RLController - INFO -   Example: junction B0 -> durations [24, 22, 22, 22] (total: 90s)
2026-09-24 12:54:27,894 - RLController - INFO -   Example: junction B1 -> durations [24, 22, 22, 22] (total: 90s)
2026-09-24 12:54:27,894 - RLController - INFO -   Example: junction B2 -> durations [24, 22, 22, 22] (total: 90s)
2026-09-24 12:54:27,894 - RLController - INFO -   Example: junction B4 -> durations [24, 22, 22, 22] (total: 90s)
2026-09-24 12:54:27,894 - RLController - INFO -   Example: junction B5 -> durations [60, 10, 10, 10] (total: 90s)
2026-09-24 12:54:27,894 - RLController - INFO -   Example: junction C0 -> durations [22, 22, 24, 22] (total: 90s)
2026-09-24 12:54:27,894 - RLController - INFO -   Example: junction C1 -> durations [24, 22, 22, 22] (total: 90s)
2026-09-24 12:54:27,895 - RLController - INFO -   Example: junction C2 -> durations [57, 13, 10, 10] (total: 90s)
2026-09-24 12:54:27,895 - RLController - INFO -   Example: junction C3 -> durations [60, 10, 10, 10] (total: 90s)
2026-09-24 12:54:27,895 - RLController - INFO -   Example: junction C4 -> durations [57, 11, 11, 11] (total: 90s)
2026-09-24 12:54:27,895 - RLController - INFO -   Example: junction C5 -> durations [57, 11, 11, 11] (total: 90s)
2026-09-24 12:54:27,895 - RLController - INFO -   Example: junction D0 -> durations [24, 22, 22, 22] (total: 90s)
2026-09-24 12:54:27,895 - RLController - INFO -   Example: junction D1 -> durations [21, 21, 27, 21] (total: 90s)
2026-09-24 12:54:27,895 - RLController - INFO -   Example: junction D2 -> durations [45, 15, 15, 15] (total: 90s)
2026-09-24 12:54:27,895 - RLController - INFO -   Example: junction D3 -> durations [24, 22, 22, 22] (total: 90s)
2026-09-24 12:54:27,896 - RLController - INFO -   Example: junction D4 -> durations [24, 22, 22, 22] (total: 90s)
2026-09-24 12:54:27,896 - RLController - INFO -   Example: junction D5 -> durations [13, 13, 51, 13] (total: 90s)
2026-09-24 12:54:27,896 - RLController - INFO -   Example: junction E0 -> durations [24, 22, 22, 22] (total: 90s)
2026-09-24 12:54:27,896 - RLController - INFO -   Example: junction E1 -> durations [24, 22, 22, 22] (total: 90s)
2026-09-24 12:54:27,897 - RLController - INFO -   Stored schedules for 34 junctions, cycle starts at step 3780
2026-09-24 12:54:30,811 - RLController - INFO - DIAGNOSTIC Step 3870 - Observation stats:
2026-09-24 12:54:30,811 - RLController - INFO -   Hash: 3642576614373790233, Min: 0.000000, Max: 1.000000, Mean: 0.433906, Std: 0.457212
2026-09-24 12:54:30,811 - RLController - INFO -   First 10: [1.         0.         0.         0.         0.         0.5
 0.         0.         0.99333334 1.        ]
2026-09-24 12:54:30,812 - RLController - INFO -   Last 10: [0.         0.2        0.         0.08333334 0.4764957  0.00399783
 0.07059829 0.5505308  0.         0.3       ]
2026-09-24 12:54:30,816 - RLController - INFO - DIAGNOSTIC - Raw model action output:
2026-09-24 12:54:30,816 - RLController - INFO -   Action hash: 5355652800256839810
2026-09-24 12:54:30,816 - RLController - INFO -   First 8 values: [ -7.3284907 -10.        -10.        -10.        -10.        -10.
 -10.        -10.       ]
2026-09-24 12:54:30,816 - RLController - INFO -   Last 8 values: [-10.        -10.        -10.        -10.        -10.         -2.7833006
 -10.        -10.       ]
2026-09-24 12:54:30,816 - RLController - INFO -   Action shape: (136,), min: -10.000000, max: 6.019348, mean: -9.275452
2026-09-24 12:54:30,817 - RLController - INFO -   B0 junction (indices 16-19) raw values: [ -9.742338 -10.       -10.       -10.      ]
2026-09-24 12:54:30,817 - RLController - INFO - Using CONTINUOUS DURATION-BASED mode
2026-09-24 12:54:30,817 - RLController - INFO -   Example: junction A0 -> durations [51, 13, 13, 13] (total: 90s)
2026-09-24 12:54:30,817 - RLController - INFO -   Example: junction A1 -> durations [24, 22, 22, 22] (total: 90s)
2026-09-24 12:54:30,817 - RLController - INFO -   Example: junction A2 -> durations [12, 12, 54, 12] (total: 90s)
2026-09-24 12:54:30,817 - RLController - INFO -   Example: junction A4 -> durations [60, 10, 10, 10] (total: 90s)
2026-09-24 12:54:30,817 - RLController - INFO -   Example: junction A5 -> durations [24, 22, 22, 22] (total: 90s)
2026-09-24 12:54:30,818 - RLController - INFO -   Example: junction B0 -> durations [24, 22, 22, 22] (total: 90s)
2026-09-24 12:54:30,818 - RLController - INFO -   Example: junction B1 -> durations [24, 22, 22, 22] (total: 90s)
2026-09-24 12:54:30,818 - RLController - INFO -   Example: junction B2 -> durations [24, 22, 22, 22] (total: 90s)
2026-09-24 12:54:30,818 - RLController - INFO -   Example: junction B4 -> durations [24, 22, 22, 22] (total: 90s)
2026-09-24 12:54:30,818 - RLController - INFO -   Example: junction B5 -> durations [60, 10, 10, 10] (total: 90s)
2026-09-24 12:54:30,818 - RLController - INFO -   Example: junction C0 -> durations [22, 22, 24, 22] (total: 90s)
2026-09-24 12:54:30,818 - RLController - INFO -   Example: junction C1 -> durations [24, 22, 22, 22] (total: 90s)
2026-09-24 12:54:30,819 - RLController - INFO -   Example: junction C2 -> durations [57, 13, 10, 10] (total: 90s)
2026-09-24 12:54:30,819 - RLController - INFO -   Example: junction C3 -> durations [60, 10, 10, 10] (total: 90s)
2026-09-24 12:54:30,819 - RLController - INFO -   Example: junction C4 -> durations [57, 11, 11, 11] (total: 90s)
2026-09-24 12:54:30,819 - RLController - INFO -   Example: junction C5 -> durations [57, 11, 11, 11] (total: 90s)
2026-09-24 12:54:30,819 - RLController - INFO -   Example: junction D0 -> durations [24, 22, 22, 22] (total: 90s)
2026-09-24 12:54:30,819 - RLController - INFO -   Example: junction D1 -> durations [21, 21, 27, 21] (total: 90s)
2026-09-24 12:54:30,819 - RLController - INFO -   Example: junction D2 -> durations [45, 15, 15, 15] (total: 90s)
2026-09-24 12:54:30,820 - RLController - INFO -   Example: junction D3 -> durations [24, 22, 22, 22] (total: 90s)
2026-09-24 12:54:30,820 - RLController - INFO -   Example: junction D4 -> durations [24, 22, 22, 22] (total: 90s)
2026-09-24 12:54:30,820 - RLController - INFO -   Example: junction D5 -> durations [13, 13, 51, 13] (total: 90s)
2026-09-24 12:54:30,820 - RLController - INFO -   Example: junction E0 -> durations [24, 22, 22, 22] (total: 90s)
2026-09-24 12:54:30,820 - RLController - INFO -   Example: junction E1 -> durations [24, 22, 22, 22] (total: 90s)
2026-09-24 12:54:30,821 - RLController - INFO -   Stored schedules for 34 junctions, cycle starts at step 3870
2026-09-24 12:54:33,519 - RLController - INFO - DIAGNOSTIC Step 3960 - Observation stats:
2026-09-24 12:54:33,519 - RLController - INFO -   Hash: 8494503064883635229, Min: 0.000000, Max: 1.000000, Mean: 0.429263, Std: 0.453779
2026-09-24 12:54:33,520 - RLController - INFO -   First 10: [1.         0.         0.         0.         0.         0.5
 0.         1.         0.99333334 1.        ]
2026-09-24 12:54:33,520 - RLController - INFO -   Last 10: [0.         0.2        0.         0.08333334 0.4764957  0.00325981
 0.07299145 0.53955734 0.         0.3       ]
2026-09-24 12:54:33,527 - RLController - INFO - DIAGNOSTIC - Raw model action output:
2026-09-24 12:54:33,527 - RLController - INFO -   Action hash: -4337214794305344659
2026-09-24 12:54:33,527 - RLController - INFO -   First 8 values: [ -7.212642 -10.       -10.       -10.       -10.       -10.
 -10.       -10.      ]
2026-09-24 12:54:33,528 - RLController - INFO -   Last 8 values: [-10.        -10.        -10.        -10.        -10.         -3.1017244
 -10.        -10.       ]
2026-09-24 12:54:33,528 - RLController - INFO -   Action shape: (136,), min: -10.000000, max: 5.992294, mean: -9.268860
2026-09-24 12:54:33,528 - RLController - INFO -   B0 junction (indices 16-19) raw values: [ -9.477498 -10.       -10.       -10.      ]
2026-09-24 12:54:33,528 - RLController - INFO - Using CONTINUOUS DURATION-BASED mode
2026-09-24 12:54:33,528 - RLController - INFO -   Example: junction A0 -> durations [51, 13, 13, 13] (total: 90s)
2026-09-24 12:54:33,529 - RLController - INFO -   Example: junction A1 -> durations [24, 22, 22, 22] (total: 90s)
2026-09-24 12:54:33,529 - RLController - INFO -   Example: junction A2 -> durations [12, 12, 54, 12] (total: 90s)
2026-09-24 12:54:33,529 - RLController - INFO -   Example: junction A4 -> durations [60, 10, 10, 10] (total: 90s)
2026-09-24 12:54:33,529 - RLController - INFO -   Example: junction A5 -> durations [24, 22, 22, 22] (total: 90s)
2026-09-24 12:54:33,529 - RLController - INFO -   Example: junction B0 -> durations [24, 22, 22, 22] (total: 90s)
2026-09-24 12:54:33,529 - RLController - INFO -   Example: junction B1 -> durations [24, 22, 22, 22] (total: 90s)
2026-09-24 12:54:33,530 - RLController - INFO -   Example: junction B2 -> durations [24, 22, 22, 22] (total: 90s)
2026-09-24 12:54:33,530 - RLController - INFO -   Example: junction B4 -> durations [24, 22, 22, 22] (total: 90s)
2026-09-24 12:54:33,530 - RLController - INFO -   Example: junction B5 -> durations [60, 10, 10, 10] (total: 90s)
2026-09-24 12:54:33,530 - RLController - INFO -   Example: junction C0 -> durations [22, 22, 24, 22] (total: 90s)
2026-09-24 12:54:33,530 - RLController - INFO -   Example: junction C1 -> durations [24, 22, 22, 22] (total: 90s)
2026-09-24 12:54:33,530 - RLController - INFO -   Example: junction C2 -> durations [57, 13, 10, 10] (total: 90s)
2026-09-24 12:54:33,531 - RLController - INFO -   Example: junction C3 -> durations [60, 10, 10, 10] (total: 90s)
2026-09-24 12:54:33,531 - RLController - INFO -   Example: junction C4 -> durations [57, 11, 11, 11] (total: 90s)
2026-09-24 12:54:33,531 - RLController - INFO -   Example: junction C5 -> durations [57, 11, 11, 11] (total: 90s)
2026-09-24 12:54:33,531 - RLController - INFO -   Example: junction D0 -> durations [24, 22, 22, 22] (total: 90s)
2026-09-24 12:54:33,531 - RLController - INFO -   Example: junction D1 -> durations [21, 21, 27, 21] (total: 90s)
2026-09-24 12:54:33,531 - RLController - INFO -   Example: junction D2 -> durations [45, 15, 15, 15] (total: 90s)
2026-09-24 12:54:33,532 - RLController - INFO -   Example: junction D3 -> durations [24, 22, 22, 22] (total: 90s)
2026-09-24 12:54:33,532 - RLController - INFO -   Example: junction D4 -> durations [24, 22, 22, 22] (total: 90s)
2026-09-24 12:54:33,532 - RLController - INFO -   Example: junction D5 -> durations [13, 13, 51, 13] (total: 90s)
2026-09-24 12:54:33,532 - RLController - INFO -   Example: junction E0 -> durations [24, 22, 22, 22] (total: 90s)
2026-09-24 12:54:33,532 - RLController - INFO -   Example: junction E1 -> durations [24, 22, 22, 22] (total: 90s)
2026-09-24 12:54:33,533 - RLController - INFO -   Stored schedules for 34 junctions, cycle starts at step 3960
2026-09-24 12:54:36,721 - RLController - INFO - DIAGNOSTIC Step 4050 - Observation stats:
2026-09-24 12:54:36,722 - RLController - INFO -   Hash: -2972937380903041413, Min: 0.000000, Max: 1.000000, Mean: 0.432085, Std: 0.455464
2026-09-24 12:54:36,723 - RLController - INFO -   First 10: [1.  0.  0.  0.  0.  0.5 1.  0.  0.  0. ]
2026-09-24 12:54:36,724 - RLController - INFO -   Last 10: [0.         0.2        0.         0.08333334 0.4764957  0.00344289
 0.07397436 0.54467326 0.         0.3       ]
2026-09-24 12:54:36,730 - RLController - INFO - DIAGNOSTIC - Raw model action output:
2026-09-24 12:54:36,731 - RLController - INFO -   Action hash: -4411866436690402132
2026-09-24 12:54:36,731 - RLController - INFO -   First 8 values: [ -7.454678 -10.       -10.       -10.       -10.       -10.
 -10.       -10.      ]
2026-09-24 12:54:36,731 - RLController - INFO -   Last 8 values: [-10.        -10.        -10.        -10.        -10.         -1.7236416
 -10.        -10.       ]
2026-09-24 12:54:36,732 - RLController - INFO -   Action shape: (136,), min: -10.000000, max: 5.881997, mean: -9.289137
2026-09-24 12:54:36,732 - RLController - INFO -   B0 junction (indices 16-19) raw values: [ -9.6343775 -10.        -10.        -10.       ]
2026-09-24 12:54:36,732 - RLController - INFO - Using CONTINUOUS DURATION-BASED mode
2026-09-24 12:54:36,733 - RLController - INFO -   Example: junction A0 -> durations [51, 13, 13, 13] (total: 90s)
2026-09-24 12:54:36,733 - RLController - INFO -   Example: junction A1 -> durations [24, 22, 22, 22] (total: 90s)
2026-09-24 12:54:36,733 - RLController - INFO -   Example: junction A2 -> durations [12, 12, 54, 12] (total: 90s)
2026-09-24 12:54:36,733 - RLController - INFO -   Example: junction A4 -> durations [60, 10, 10, 10] (total: 90s)
2026-09-24 12:54:36,734 - RLController - INFO -   Example: junction A5 -> durations [24, 22, 22, 22] (total: 90s)
2026-09-24 12:54:36,734 - RLController - INFO -   Example: junction B0 -> durations [24, 22, 22, 22] (total: 90s)
2026-09-24 12:54:36,734 - RLController - INFO -   Example: junction B1 -> durations [24, 22, 22, 22] (total: 90s)
2026-09-24 12:54:36,734 - RLController - INFO -   Example: junction B2 -> durations [24, 22, 22, 22] (total: 90s)
2026-09-24 12:54:36,734 - RLController - INFO -   Example: junction B4 -> durations [24, 22, 22, 22] (total: 90s)
2026-09-24 12:54:36,735 - RLController - INFO -   Example: junction B5 -> durations [60, 10, 10, 10] (total: 90s)
2026-09-24 12:54:36,735 - RLController - INFO -   Example: junction C0 -> durations [22, 22, 24, 22] (total: 90s)
2026-09-24 12:54:36,735 - RLController - INFO -   Example: junction C1 -> durations [24, 22, 22, 22] (total: 90s)
2026-09-24 12:54:36,735 - RLController - INFO -   Example: junction C2 -> durations [57, 13, 10, 10] (total: 90s)
2026-09-24 12:54:36,736 - RLController - INFO -   Example: junction C3 -> durations [60, 10, 10, 10] (total: 90s)
2026-09-24 12:54:36,736 - RLController - INFO -   Example: junction C4 -> durations [57, 11, 11, 11] (total: 90s)
2026-09-24 12:54:36,736 - RLController - INFO -   Example: junction C5 -> durations [57, 11, 11, 11] (total: 90s)
2026-09-24 12:54:36,736 - RLController - INFO -   Example: junction D0 -> durations [24, 22, 22, 22] (total: 90s)
2026-09-24 12:54:36,736 - RLController - INFO -   Example: junction D1 -> durations [21, 21, 27, 21] (total: 90s)
2026-09-24 12:54:36,737 - RLController - INFO -   Example: junction D2 -> durations [45, 15, 15, 15] (total: 90s)
2026-09-24 12:54:36,737 - RLController - INFO -   Example: junction D3 -> durations [24, 22, 22, 22] (total: 90s)
2026-09-24 12:54:36,737 - RLController - INFO -   Example: junction D4 -> durations [24, 22, 22, 22] (total: 90s)
2026-09-24 12:54:36,737 - RLController - INFO -   Example: junction D5 -> durations [13, 13, 51, 13] (total: 90s)
2026-09-24 12:54:36,738 - RLController - INFO -   Example: junction E0 -> durations [24, 22, 22, 22] (total: 90s)
2026-09-24 12:54:36,738 - RLController - INFO -   Example: junction E1 -> durations [24, 22, 22, 22] (total: 90s)
2026-09-24 12:54:36,739 - RLController - INFO -   Stored schedules for 34 junctions, cycle starts at step 4050
2026-09-24 12:54:40,294 - RLController - INFO - DIAGNOSTIC Step 4140 - Observation stats:
2026-09-24 12:54:40,294 - RLController - INFO -   Hash: 247137177451288824, Min: 0.000000, Max: 1.000000, Mean: 0.434505, Std: 0.456168
2026-09-24 12:54:40,294 - RLController - INFO -   First 10: [1.         0.         0.         0.         0.         0.5
 0.         0.         0.99333334 1.        ]
2026-09-24 12:54:40,295 - RLController - INFO -   Last 10: [0.         0.2        0.         0.08333334 0.4679487  0.00282081
 0.07551282 0.5445025  0.         0.3       ]
2026-09-24 12:54:40,301 - RLController - INFO - DIAGNOSTIC - Raw model action output:
2026-09-24 12:54:40,301 - RLController - INFO -   Action hash: 1977302388977928154
2026-09-24 12:54:40,302 - RLController - INFO -   First 8 values: [ -7.4469175 -10.        -10.        -10.        -10.        -10.
 -10.        -10.       ]
2026-09-24 12:54:40,302 - RLController - INFO -   Last 8 values: [-10.        -10.        -10.        -10.        -10.         -2.0764742
 -10.        -10.       ]
2026-09-24 12:54:40,303 - RLController - INFO -   Action shape: (136,), min: -10.000000, max: 5.485790, mean: -9.300898
2026-09-24 12:54:40,303 - RLController - INFO -   B0 junction (indices 16-19) raw values: [ -9.766011 -10.       -10.       -10.      ]
2026-09-24 12:54:40,303 - RLController - INFO - Using CONTINUOUS DURATION-BASED mode
2026-09-24 12:54:40,303 - RLController - INFO -   Example: junction A0 -> durations [51, 13, 13, 13] (total: 90s)
2026-09-24 12:54:40,304 - RLController - INFO -   Example: junction A1 -> durations [24, 22, 22, 22] (total: 90s)
2026-09-24 12:54:40,304 - RLController - INFO -   Example: junction A2 -> durations [12, 12, 54, 12] (total: 90s)
2026-09-24 12:54:40,304 - RLController - INFO -   Example: junction A4 -> durations [60, 10, 10, 10] (total: 90s)
2026-09-24 12:54:40,304 - RLController - INFO -   Example: junction A5 -> durations [24, 22, 22, 22] (total: 90s)
2026-09-24 12:54:40,304 - RLController - INFO -   Example: junction B0 -> durations [24, 22, 22, 22] (total: 90s)
2026-09-24 12:54:40,305 - RLController - INFO -   Example: junction B1 -> durations [24, 22, 22, 22] (total: 90s)
2026-09-24 12:54:40,305 - RLController - INFO -   Example: junction B2 -> durations [24, 22, 22, 22] (total: 90s)
2026-09-24 12:54:40,305 - RLController - INFO -   Example: junction B4 -> durations [24, 22, 22, 22] (total: 90s)
2026-09-24 12:54:40,306 - RLController - INFO -   Example: junction B5 -> durations [60, 10, 10, 10] (total: 90s)
2026-09-24 12:54:40,306 - RLController - INFO -   Example: junction C0 -> durations [22, 22, 24, 22] (total: 90s)
2026-09-24 12:54:40,306 - RLController - INFO -   Example: junction C1 -> durations [24, 22, 22, 22] (total: 90s)
2026-09-24 12:54:40,306 - RLController - INFO -   Example: junction C2 -> durations [57, 13, 10, 10] (total: 90s)
2026-09-24 12:54:40,307 - RLController - INFO -   Example: junction C3 -> durations [60, 10, 10, 10] (total: 90s)
2026-09-24 12:54:40,307 - RLController - INFO -   Example: junction C4 -> durations [57, 11, 11, 11] (total: 90s)
2026-09-24 12:54:40,307 - RLController - INFO -   Example: junction C5 -> durations [57, 11, 11, 11] (total: 90s)
2026-09-24 12:54:40,307 - RLController - INFO -   Example: junction D0 -> durations [24, 22, 22, 22] (total: 90s)
2026-09-24 12:54:40,308 - RLController - INFO -   Example: junction D1 -> durations [21, 21, 27, 21] (total: 90s)
2026-09-24 12:54:40,308 - RLController - INFO -   Example: junction D2 -> durations [45, 15, 15, 15] (total: 90s)
2026-09-24 12:54:40,308 - RLController - INFO -   Example: junction D3 -> durations [24, 22, 22, 22] (total: 90s)
2026-09-24 12:54:40,308 - RLController - INFO -   Example: junction D4 -> durations [24, 22, 22, 22] (total: 90s)
2026-09-24 12:54:40,308 - RLController - INFO -   Example: junction D5 -> durations [13, 13, 51, 13] (total: 90s)
2026-09-24 12:54:40,309 - RLController - INFO -   Example: junction E0 -> durations [24, 22, 22, 22] (total: 90s)
2026-09-24 12:54:40,309 - RLController - INFO -   Example: junction E1 -> durations [24, 22, 22, 22] (total: 90s)
2026-09-24 12:54:40,310 - RLController - INFO -   Stored schedules for 34 junctions, cycle starts at step 4140
2026-09-24 12:54:43,702 - RLController - INFO - DIAGNOSTIC Step 4230 - Observation stats:
2026-09-24 12:54:43,703 - RLController - INFO -   Hash: -4691878749947388307, Min: 0.000000, Max: 1.000000, Mean: 0.436030, Std: 0.457169
2026-09-24 12:54:43,703 - RLController - INFO -   First 10: [1.         0.         0.         0.         0.         0.5
 0.         1.         0.99333334 1.        ]
2026-09-24 12:54:43,703 - RLController - INFO -   Last 10: [0.         0.2        0.         0.08333334 0.4871795  0.00345664
 0.07547008 0.5374877  0.         0.3       ]
2026-09-24 12:54:43,709 - RLController - INFO - DIAGNOSTIC - Raw model action output:
2026-09-24 12:54:43,709 - RLController - INFO -   Action hash: 174369920329209478
2026-09-24 12:54:43,710 - RLController - INFO -   First 8 values: [ -7.357931 -10.       -10.       -10.       -10.       -10.
 -10.       -10.      ]
2026-09-24 12:54:43,710 - RLController - INFO -   Last 8 values: [-10.        -10.        -10.        -10.        -10.         -3.2455695
 -10.        -10.       ]
2026-09-24 12:54:43,710 - RLController - INFO -   Action shape: (136,), min: -10.000000, max: 4.580700, mean: -9.292051
2026-09-24 12:54:43,710 - RLController - INFO -   B0 junction (indices 16-19) raw values: [ -9.690116 -10.       -10.       -10.      ]
2026-09-24 12:54:43,710 - RLController - INFO - Using CONTINUOUS DURATION-BASED mode
2026-09-24 12:54:43,711 - RLController - INFO -   Example: junction A0 -> durations [51, 13, 13, 13] (total: 90s)
2026-09-24 12:54:43,711 - RLController - INFO -   Example: junction A1 -> durations [24, 22, 22, 22] (total: 90s)
2026-09-24 12:54:43,711 - RLController - INFO -   Example: junction A2 -> durations [12, 12, 54, 12] (total: 90s)
2026-09-24 12:54:43,711 - RLController - INFO -   Example: junction A4 -> durations [60, 10, 10, 10] (total: 90s)
2026-09-24 12:54:43,711 - RLController - INFO -   Example: junction A5 -> durations [24, 22, 22, 22] (total: 90s)
2026-09-24 12:54:43,711 - RLController - INFO -   Example: junction B0 -> durations [24, 22, 22, 22] (total: 90s)
2026-09-24 12:54:43,711 - RLController - INFO -   Example: junction B1 -> durations [24, 22, 22, 22] (total: 90s)
2026-09-24 12:54:43,712 - RLController - INFO -   Example: junction B2 -> durations [24, 22, 22, 22] (total: 90s)
2026-09-24 12:54:43,712 - RLController - INFO -   Example: junction B4 -> durations [24, 22, 22, 22] (total: 90s)
2026-09-24 12:54:43,712 - RLController - INFO -   Example: junction B5 -> durations [60, 10, 10, 10] (total: 90s)
2026-09-24 12:54:43,712 - RLController - INFO -   Example: junction C0 -> durations [22, 22, 24, 22] (total: 90s)
2026-09-24 12:54:43,712 - RLController - INFO -   Example: junction C1 -> durations [24, 22, 22, 22] (total: 90s)
2026-09-24 12:54:43,712 - RLController - INFO -   Example: junction C2 -> durations [57, 13, 10, 10] (total: 90s)
2026-09-24 12:54:43,713 - RLController - INFO -   Example: junction C3 -> durations [60, 10, 10, 10] (total: 90s)
2026-09-24 12:54:43,713 - RLController - INFO -   Example: junction C4 -> durations [57, 11, 11, 11] (total: 90s)
2026-09-24 12:54:43,713 - RLController - INFO -   Example: junction C5 -> durations [57, 11, 11, 11] (total: 90s)
2026-09-24 12:54:43,713 - RLController - INFO -   Example: junction D0 -> durations [24, 22, 22, 22] (total: 90s)
2026-09-24 12:54:43,713 - RLController - INFO -   Example: junction D1 -> durations [21, 21, 27, 21] (total: 90s)
2026-09-24 12:54:43,713 - RLController - INFO -   Example: junction D2 -> durations [45, 15, 15, 15] (total: 90s)
2026-09-24 12:54:43,713 - RLController - INFO -   Example: junction D3 -> durations [24, 22, 22, 22] (total: 90s)
2026-09-24 12:54:43,714 - RLController - INFO -   Example: junction D4 -> durations [24, 22, 22, 22] (total: 90s)
2026-09-24 12:54:43,714 - RLController - INFO -   Example: junction D5 -> durations [13, 13, 51, 13] (total: 90s)
2026-09-24 12:54:43,714 - RLController - INFO -   Example: junction E0 -> durations [24, 22, 22, 22] (total: 90s)
2026-09-24 12:54:43,714 - RLController - INFO -   Example: junction E1 -> durations [24, 22, 22, 22] (total: 90s)
2026-09-24 12:54:43,715 - RLController - INFO -   Stored schedules for 34 junctions, cycle starts at step 4230
2026-09-24 12:54:46,522 - RLController - INFO - DIAGNOSTIC Step 4320 - Observation stats:
2026-09-24 12:54:46,522 - RLController - INFO -   Hash: -8712481884739603510, Min: 0.000000, Max: 1.000000, Mean: 0.435065, Std: 0.456679
2026-09-24 12:54:46,523 - RLController - INFO -   First 10: [1.         0.         0.         0.         0.         0.5
 0.         1.         0.99333334 1.        ]
2026-09-24 12:54:46,523 - RLController - INFO -   Last 10: [0.         0.2        0.         0.08333334 0.4871795  0.00279469
 0.07521368 0.5299973  0.         0.3       ]
2026-09-24 12:54:46,528 - RLController - INFO - DIAGNOSTIC - Raw model action output:
2026-09-24 12:54:46,528 - RLController - INFO -   Action hash: 2253168908925571144
2026-09-24 12:54:46,528 - RLController - INFO -   First 8 values: [ -7.1907277 -10.        -10.        -10.        -10.        -10.
 -10.        -10.       ]
2026-09-24 12:54:46,528 - RLController - INFO -   Last 8 values: [-10.        -10.        -10.        -10.        -10.         -1.9987872
 -10.        -10.       ]
2026-09-24 12:54:46,528 - RLController - INFO -   Action shape: (136,), min: -10.000000, max: 5.031029, mean: -9.252034
2026-09-24 12:54:46,529 - RLController - INFO -   B0 junction (indices 16-19) raw values: [-10. -10. -10. -10.]
2026-09-24 12:54:46,529 - RLController - INFO - Using CONTINUOUS DURATION-BASED mode
2026-09-24 12:54:46,529 - RLController - INFO -   Example: junction A0 -> durations [51, 13, 13, 13] (total: 90s)
2026-09-24 12:54:46,529 - RLController - INFO -   Example: junction A1 -> durations [24, 22, 22, 22] (total: 90s)
2026-09-24 12:54:46,529 - RLController - INFO -   Example: junction A2 -> durations [12, 12, 54, 12] (total: 90s)
2026-09-24 12:54:46,529 - RLController - INFO -   Example: junction A4 -> durations [60, 10, 10, 10] (total: 90s)
2026-09-24 12:54:46,529 - RLController - INFO -   Example: junction A5 -> durations [24, 22, 22, 22] (total: 90s)
2026-09-24 12:54:46,529 - RLController - INFO -   Example: junction B0 -> durations [24, 22, 22, 22] (total: 90s)
2026-09-24 12:54:46,530 - RLController - INFO -   Example: junction B1 -> durations [24, 22, 22, 22] (total: 90s)
2026-09-24 12:54:46,530 - RLController - INFO -   Example: junction B2 -> durations [24, 22, 22, 22] (total: 90s)
2026-09-24 12:54:46,530 - RLController - INFO -   Example: junction B4 -> durations [24, 22, 22, 22] (total: 90s)
2026-09-24 12:54:46,530 - RLController - INFO -   Example: junction B5 -> durations [60, 10, 10, 10] (total: 90s)
2026-09-24 12:54:46,530 - RLController - INFO -   Example: junction C0 -> durations [22, 22, 24, 22] (total: 90s)
2026-09-24 12:54:46,530 - RLController - INFO -   Example: junction C1 -> durations [24, 22, 22, 22] (total: 90s)
2026-09-24 12:54:46,530 - RLController - INFO -   Example: junction C2 -> durations [57, 13, 10, 10] (total: 90s)
2026-09-24 12:54:46,531 - RLController - INFO -   Example: junction C3 -> durations [60, 10, 10, 10] (total: 90s)
2026-09-24 12:54:46,531 - RLController - INFO -   Example: junction C4 -> durations [57, 11, 11, 11] (total: 90s)
2026-09-24 12:54:46,531 - RLController - INFO -   Example: junction C5 -> durations [57, 11, 11, 11] (total: 90s)
2026-09-24 12:54:46,531 - RLController - INFO -   Example: junction D0 -> durations [24, 22, 22, 22] (total: 90s)
2026-09-24 12:54:46,531 - RLController - INFO -   Example: junction D1 -> durations [21, 21, 27, 21] (total: 90s)
2026-09-24 12:54:46,531 - RLController - INFO -   Example: junction D2 -> durations [45, 15, 15, 15] (total: 90s)
2026-09-24 12:54:46,531 - RLController - INFO -   Example: junction D3 -> durations [24, 22, 22, 22] (total: 90s)
2026-09-24 12:54:46,531 - RLController - INFO -   Example: junction D4 -> durations [24, 22, 22, 22] (total: 90s)
2026-09-24 12:54:46,532 - RLController - INFO -   Example: junction D5 -> durations [13, 13, 51, 13] (total: 90s)
2026-09-24 12:54:46,532 - RLController - INFO -   Example: junction E0 -> durations [24, 22, 22, 22] (total: 90s)
2026-09-24 12:54:46,532 - RLController - INFO -   Example: junction E1 -> durations [24, 22, 22, 22] (total: 90s)
2026-09-24 12:54:46,533 - RLController - INFO -   Stored schedules for 34 junctions, cycle starts at step 4320
2026-09-24 12:54:49,321 - RLController - INFO - DIAGNOSTIC Step 4410 - Observation stats:
2026-09-24 12:54:49,322 - RLController - INFO -   Hash: -8950457325178098263, Min: 0.000000, Max: 1.000000, Mean: 0.432878, Std: 0.454743
2026-09-24 12:54:49,322 - RLController - INFO -   First 10: [1.         0.         0.         0.         0.         0.5
 0.         1.         0.99333334 1.        ]
2026-09-24 12:54:49,323 - RLController - INFO -   Last 10: [0.         0.2        0.         0.08333334 0.47435898 0.00290447
 0.07376068 0.54439044 0.         0.3       ]
2026-09-24 12:54:49,327 - RLController - INFO - DIAGNOSTIC - Raw model action output:
2026-09-24 12:54:49,327 - RLController - INFO -   Action hash: 5660848880560195459
2026-09-24 12:54:49,328 - RLController - INFO -   First 8 values: [ -7.309862 -10.       -10.       -10.       -10.       -10.
 -10.       -10.      ]
2026-09-24 12:54:49,328 - RLController - INFO -   Last 8 values: [-10.       -10.       -10.       -10.       -10.        -2.541178
 -10.       -10.      ]
2026-09-24 12:54:49,328 - RLController - INFO -   Action shape: (136,), min: -10.000000, max: 4.708279, mean: -9.284760
2026-09-24 12:54:49,328 - RLController - INFO -   B0 junction (indices 16-19) raw values: [-10. -10. -10. -10.]
2026-09-24 12:54:49,328 - RLController - INFO - Using CONTINUOUS DURATION-BASED mode
2026-09-24 12:54:49,329 - RLController - INFO -   Example: junction A0 -> durations [51, 13, 13, 13] (total: 90s)
2026-09-24 12:54:49,329 - RLController - INFO -   Example: junction A1 -> durations [24, 22, 22, 22] (total: 90s)
2026-09-24 12:54:49,329 - RLController - INFO -   Example: junction A2 -> durations [12, 12, 54, 12] (total: 90s)
2026-09-24 12:54:49,329 - RLController - INFO -   Example: junction A4 -> durations [60, 10, 10, 10] (total: 90s)
2026-09-24 12:54:49,329 - RLController - INFO -   Example: junction A5 -> durations [24, 22, 22, 22] (total: 90s)
2026-09-24 12:54:49,329 - RLController - INFO -   Example: junction B0 -> durations [24, 22, 22, 22] (total: 90s)
2026-09-24 12:54:49,329 - RLController - INFO -   Example: junction B1 -> durations [24, 22, 22, 22] (total: 90s)
2026-09-24 12:54:49,330 - RLController - INFO -   Example: junction B2 -> durations [24, 22, 22, 22] (total: 90s)
2026-09-24 12:54:49,330 - RLController - INFO -   Example: junction B4 -> durations [24, 22, 22, 22] (total: 90s)
2026-09-24 12:54:49,330 - RLController - INFO -   Example: junction B5 -> durations [60, 10, 10, 10] (total: 90s)
2026-09-24 12:54:49,330 - RLController - INFO -   Example: junction C0 -> durations [22, 22, 24, 22] (total: 90s)
2026-09-24 12:54:49,330 - RLController - INFO -   Example: junction C1 -> durations [24, 22, 22, 22] (total: 90s)
2026-09-24 12:54:49,330 - RLController - INFO -   Example: junction C2 -> durations [57, 13, 10, 10] (total: 90s)
2026-09-24 12:54:49,330 - RLController - INFO -   Example: junction C3 -> durations [60, 10, 10, 10] (total: 90s)
2026-09-24 12:54:49,330 - RLController - INFO -   Example: junction C4 -> durations [57, 11, 11, 11] (total: 90s)
2026-09-24 12:54:49,331 - RLController - INFO -   Example: junction C5 -> durations [57, 11, 11, 11] (total: 90s)
2026-09-24 12:54:49,331 - RLController - INFO -   Example: junction D0 -> durations [24, 22, 22, 22] (total: 90s)
2026-09-24 12:54:49,331 - RLController - INFO -   Example: junction D1 -> durations [21, 21, 27, 21] (total: 90s)
2026-09-24 12:54:49,331 - RLController - INFO -   Example: junction D2 -> durations [45, 15, 15, 15] (total: 90s)
2026-09-24 12:54:49,331 - RLController - INFO -   Example: junction D3 -> durations [24, 22, 22, 22] (total: 90s)
2026-09-24 12:54:49,331 - RLController - INFO -   Example: junction D4 -> durations [24, 22, 22, 22] (total: 90s)
2026-09-24 12:54:49,331 - RLController - INFO -   Example: junction D5 -> durations [13, 13, 51, 13] (total: 90s)
2026-09-24 12:54:49,331 - RLController - INFO -   Example: junction E0 -> durations [24, 22, 22, 22] (total: 90s)
2026-09-24 12:54:49,332 - RLController - INFO -   Example: junction E1 -> durations [24, 22, 22, 22] (total: 90s)
2026-09-24 12:54:49,332 - RLController - INFO -   Stored schedules for 34 junctions, cycle starts at step 4410
2026-09-24 12:54:52,303 - RLController - INFO - DIAGNOSTIC Step 4500 - Observation stats:
2026-09-24 12:54:52,303 - RLController - INFO -   Hash: 4474396189090963884, Min: 0.000000, Max: 1.000000, Mean: 0.435991, Std: 0.456068
2026-09-24 12:54:52,304 - RLController - INFO -   First 10: [1.  0.  0.  0.  0.  0.5 1.  0.  0.  0. ]
2026-09-24 12:54:52,304 - RLController - INFO -   Last 10: [0.         0.2        0.         0.08333334 0.4722222  0.00272743
 0.07367522 0.54249614 0.         0.3       ]
2026-09-24 12:54:52,308 - RLController - INFO - DIAGNOSTIC - Raw model action output:
2026-09-24 12:54:52,308 - RLController - INFO -   Action hash: 5587229641449260153
2026-09-24 12:54:52,308 - RLController - INFO -   First 8 values: [ -7.578687 -10.       -10.       -10.       -10.       -10.
 -10.       -10.      ]
2026-09-24 12:54:52,308 - RLController - INFO -   Last 8 values: [-10.        -10.        -10.        -10.        -10.         -2.8420928
 -10.        -10.       ]
2026-09-24 12:54:52,308 - RLController - INFO -   Action shape: (136,), min: -10.000000, max: 5.411231, mean: -9.278748
2026-09-24 12:54:52,309 - RLController - INFO -   B0 junction (indices 16-19) raw values: [ -9.6763525 -10.        -10.        -10.       ]
2026-09-24 12:54:52,309 - RLController - INFO - Using CONTINUOUS DURATION-BASED mode
2026-09-24 12:54:52,309 - RLController - INFO -   Example: junction A0 -> durations [51, 13, 13, 13] (total: 90s)
2026-09-24 12:54:52,309 - RLController - INFO -   Example: junction A1 -> durations [24, 22, 22, 22] (total: 90s)
2026-09-24 12:54:52,309 - RLController - INFO -   Example: junction A2 -> durations [12, 12, 54, 12] (total: 90s)
2026-09-24 12:54:52,309 - RLController - INFO -   Example: junction A4 -> durations [60, 10, 10, 10] (total: 90s)
2026-09-24 12:54:52,309 - RLController - INFO -   Example: junction A5 -> durations [24, 22, 22, 22] (total: 90s)
2026-09-24 12:54:52,310 - RLController - INFO -   Example: junction B0 -> durations [24, 22, 22, 22] (total: 90s)
2026-09-24 12:54:52,310 - RLController - INFO -   Example: junction B1 -> durations [24, 22, 22, 22] (total: 90s)
2026-09-24 12:54:52,310 - RLController - INFO -   Example: junction B2 -> durations [24, 22, 22, 22] (total: 90s)
2026-09-24 12:54:52,310 - RLController - INFO -   Example: junction B4 -> durations [24, 22, 22, 22] (total: 90s)
2026-09-24 12:54:52,310 - RLController - INFO -   Example: junction B5 -> durations [60, 10, 10, 10] (total: 90s)
2026-09-24 12:54:52,310 - RLController - INFO -   Example: junction C0 -> durations [22, 22, 24, 22] (total: 90s)
2026-09-24 12:54:52,310 - RLController - INFO -   Example: junction C1 -> durations [24, 22, 22, 22] (total: 90s)
2026-09-24 12:54:52,310 - RLController - INFO -   Example: junction C2 -> durations [57, 13, 10, 10] (total: 90s)
2026-09-24 12:54:52,311 - RLController - INFO -   Example: junction C3 -> durations [60, 10, 10, 10] (total: 90s)
2026-09-24 12:54:52,311 - RLController - INFO -   Example: junction C4 -> durations [57, 11, 11, 11] (total: 90s)
2026-09-24 12:54:52,311 - RLController - INFO -   Example: junction C5 -> durations [57, 11, 11, 11] (total: 90s)
2026-09-24 12:54:52,311 - RLController - INFO -   Example: junction D0 -> durations [24, 22, 22, 22] (total: 90s)
2026-09-24 12:54:52,311 - RLController - INFO -   Example: junction D1 -> durations [21, 21, 27, 21] (total: 90s)
2026-09-24 12:54:52,311 - RLController - INFO -   Example: junction D2 -> durations [45, 15, 15, 15] (total: 90s)
2026-09-24 12:54:52,311 - RLController - INFO -   Example: junction D3 -> durations [24, 22, 22, 22] (total: 90s)
2026-09-24 12:54:52,311 - RLController - INFO -   Example: junction D4 -> durations [24, 22, 22, 22] (total: 90s)
2026-09-24 12:54:52,312 - RLController - INFO -   Example: junction D5 -> durations [13, 13, 51, 13] (total: 90s)
2026-09-24 12:54:52,312 - RLController - INFO -   Example: junction E0 -> durations [24, 22, 22, 22] (total: 90s)
2026-09-24 12:54:52,312 - RLController - INFO -   Example: junction E1 -> durations [24, 22, 22, 22] (total: 90s)
2026-09-24 12:54:52,313 - RLController - INFO -   Stored schedules for 34 junctions, cycle starts at step 4500
2026-09-24 12:54:55,268 - RLController - INFO - DIAGNOSTIC Step 4590 - Observation stats:
2026-09-24 12:54:55,269 - RLController - INFO -   Hash: 6004877427108850714, Min: 0.000000, Max: 1.000000, Mean: 0.423384, Std: 0.453236
2026-09-24 12:54:55,270 - RLController - INFO -   First 10: [1.  0.  0.  0.  0.  0.5 1.  0.  0.  0. ]
2026-09-24 12:54:55,270 - RLController - INFO -   Last 10: [0.         0.2        0.         0.08333334 0.42307693 0.00284072
 0.07487179 0.587179   0.         0.3       ]
2026-09-24 12:54:55,274 - RLController - INFO - DIAGNOSTIC - Raw model action output:
2026-09-24 12:54:55,274 - RLController - INFO -   Action hash: 5763188418774364053
2026-09-24 12:54:55,274 - RLController - INFO -   First 8 values: [ -7.16124 -10.      -10.      -10.      -10.      -10.      -10.
 -10.     ]
2026-09-24 12:54:55,274 - RLController - INFO -   Last 8 values: [-10.        -10.        -10.        -10.        -10.         -4.2163334
 -10.        -10.       ]
2026-09-24 12:54:55,274 - RLController - INFO -   Action shape: (136,), min: -10.000000, max: 5.114413, mean: -9.291214
2026-09-24 12:54:55,275 - RLController - INFO -   B0 junction (indices 16-19) raw values: [ -9.564167 -10.       -10.       -10.      ]
2026-09-24 12:54:55,275 - RLController - INFO - Using CONTINUOUS DURATION-BASED mode
2026-09-24 12:54:55,275 - RLController - INFO -   Example: junction A0 -> durations [51, 13, 13, 13] (total: 90s)
2026-09-24 12:54:55,275 - RLController - INFO -   Example: junction A1 -> durations [24, 22, 22, 22] (total: 90s)
2026-09-24 12:54:55,275 - RLController - INFO -   Example: junction A2 -> durations [12, 12, 54, 12] (total: 90s)
2026-09-24 12:54:55,275 - RLController - INFO -   Example: junction A4 -> durations [60, 10, 10, 10] (total: 90s)
2026-09-24 12:54:55,275 - RLController - INFO -   Example: junction A5 -> durations [24, 22, 22, 22] (total: 90s)
2026-09-24 12:54:55,276 - RLController - INFO -   Example: junction B0 -> durations [24, 22, 22, 22] (total: 90s)
2026-09-24 12:54:55,276 - RLController - INFO -   Example: junction B1 -> durations [24, 22, 22, 22] (total: 90s)
2026-09-24 12:54:55,276 - RLController - INFO -   Example: junction B2 -> durations [24, 22, 22, 22] (total: 90s)
2026-09-24 12:54:55,276 - RLController - INFO -   Example: junction B4 -> durations [24, 22, 22, 22] (total: 90s)
2026-09-24 12:54:55,276 - RLController - INFO -   Example: junction B5 -> durations [60, 10, 10, 10] (total: 90s)
2026-09-24 12:54:55,276 - RLController - INFO -   Example: junction C0 -> durations [22, 22, 24, 22] (total: 90s)
2026-09-24 12:54:55,276 - RLController - INFO -   Example: junction C1 -> durations [24, 22, 22, 22] (total: 90s)
2026-09-24 12:54:55,277 - RLController - INFO -   Example: junction C2 -> durations [57, 13, 10, 10] (total: 90s)
2026-09-24 12:54:55,277 - RLController - INFO -   Example: junction C3 -> durations [60, 10, 10, 10] (total: 90s)
2026-09-24 12:54:55,277 - RLController - INFO -   Example: junction C4 -> durations [57, 11, 11, 11] (total: 90s)
2026-09-24 12:54:55,277 - RLController - INFO -   Example: junction C5 -> durations [57, 11, 11, 11] (total: 90s)
2026-09-24 12:54:55,277 - RLController - INFO -   Example: junction D0 -> durations [24, 22, 22, 22] (total: 90s)
2026-09-24 12:54:55,277 - RLController - INFO -   Example: junction D1 -> durations [21, 21, 27, 21] (total: 90s)
2026-09-24 12:54:55,277 - RLController - INFO -   Example: junction D2 -> durations [45, 15, 15, 15] (total: 90s)
2026-09-24 12:54:55,277 - RLController - INFO -   Example: junction D3 -> durations [24, 22, 22, 22] (total: 90s)
2026-09-24 12:54:55,278 - RLController - INFO -   Example: junction D4 -> durations [24, 22, 22, 22] (total: 90s)
2026-09-24 12:54:55,278 - RLController - INFO -   Example: junction D5 -> durations [13, 13, 51, 13] (total: 90s)
2026-09-24 12:54:55,278 - RLController - INFO -   Example: junction E0 -> durations [24, 22, 22, 22] (total: 90s)
2026-09-24 12:54:55,278 - RLController - INFO -   Example: junction E1 -> durations [24, 22, 22, 22] (total: 90s)
2026-09-24 12:54:55,279 - RLController - INFO -   Stored schedules for 34 junctions, cycle starts at step 4590
2026-09-24 12:54:58,238 - RLController - INFO - DIAGNOSTIC Step 4680 - Observation stats:
2026-09-24 12:54:58,238 - RLController - INFO -   Hash: -5652896472869347957, Min: 0.000000, Max: 1.000000, Mean: 0.430455, Std: 0.455928
2026-09-24 12:54:58,238 - RLController - INFO -   First 10: [1.  0.  0.  0.  0.  0.5 1.  0.  0.  0. ]
2026-09-24 12:54:58,238 - RLController - INFO -   Last 10: [0.         0.2        0.         0.08333334 0.46581197 0.0035646
 0.07692308 0.55852693 0.         0.3       ]
2026-09-24 12:54:58,243 - RLController - INFO - DIAGNOSTIC - Raw model action output:
2026-09-24 12:54:58,243 - RLController - INFO -   Action hash: 2055779606374175287
2026-09-24 12:54:58,243 - RLController - INFO -   First 8 values: [ -7.1886573 -10.        -10.        -10.        -10.        -10.
 -10.        -10.       ]
2026-09-24 12:54:58,243 - RLController - INFO -   Last 8 values: [-10.        -10.        -10.        -10.        -10.         -3.4259112
 -10.        -10.       ]
2026-09-24 12:54:58,243 - RLController - INFO -   Action shape: (136,), min: -10.000000, max: 5.124726, mean: -9.283516
2026-09-24 12:54:58,244 - RLController - INFO -   B0 junction (indices 16-19) raw values: [ -9.780556 -10.       -10.       -10.      ]
2026-09-24 12:54:58,244 - RLController - INFO - Using CONTINUOUS DURATION-BASED mode
2026-09-24 12:54:58,244 - RLController - INFO -   Example: junction A0 -> durations [51, 13, 13, 13] (total: 90s)
2026-09-24 12:54:58,244 - RLController - INFO -   Example: junction A1 -> durations [24, 22, 22, 22] (total: 90s)
2026-09-24 12:54:58,244 - RLController - INFO -   Example: junction A2 -> durations [12, 12, 54, 12] (total: 90s)
2026-09-24 12:54:58,244 - RLController - INFO -   Example: junction A4 -> durations [60, 10, 10, 10] (total: 90s)
2026-09-24 12:54:58,244 - RLController - INFO -   Example: junction A5 -> durations [24, 22, 22, 22] (total: 90s)
2026-09-24 12:54:58,244 - RLController - INFO -   Example: junction B0 -> durations [24, 22, 22, 22] (total: 90s)
2026-09-24 12:54:58,245 - RLController - INFO -   Example: junction B1 -> durations [24, 22, 22, 22] (total: 90s)
2026-09-24 12:54:58,245 - RLController - INFO -   Example: junction B2 -> durations [24, 22, 22, 22] (total: 90s)
2026-09-24 12:54:58,245 - RLController - INFO -   Example: junction B4 -> durations [24, 22, 22, 22] (total: 90s)
2026-09-24 12:54:58,245 - RLController - INFO -   Example: junction B5 -> durations [60, 10, 10, 10] (total: 90s)
2026-09-24 12:54:58,245 - RLController - INFO -   Example: junction C0 -> durations [22, 22, 24, 22] (total: 90s)
2026-09-24 12:54:58,245 - RLController - INFO -   Example: junction C1 -> durations [24, 22, 22, 22] (total: 90s)
2026-09-24 12:54:58,245 - RLController - INFO -   Example: junction C2 -> durations [57, 13, 10, 10] (total: 90s)
2026-09-24 12:54:58,246 - RLController - INFO -   Example: junction C3 -> durations [60, 10, 10, 10] (total: 90s)
2026-09-24 12:54:58,246 - RLController - INFO -   Example: junction C4 -> durations [57, 11, 11, 11] (total: 90s)
2026-09-24 12:54:58,246 - RLController - INFO -   Example: junction C5 -> durations [57, 11, 11, 11] (total: 90s)
2026-09-24 12:54:58,246 - RLController - INFO -   Example: junction D0 -> durations [24, 22, 22, 22] (total: 90s)
2026-09-24 12:54:58,246 - RLController - INFO -   Example: junction D1 -> durations [21, 21, 27, 21] (total: 90s)
2026-09-24 12:54:58,246 - RLController - INFO -   Example: junction D2 -> durations [45, 15, 15, 15] (total: 90s)
2026-09-24 12:54:58,246 - RLController - INFO -   Example: junction D3 -> durations [24, 22, 22, 22] (total: 90s)
2026-09-24 12:54:58,246 - RLController - INFO -   Example: junction D4 -> durations [24, 22, 22, 22] (total: 90s)
2026-09-24 12:54:58,247 - RLController - INFO -   Example: junction D5 -> durations [13, 13, 51, 13] (total: 90s)
2026-09-24 12:54:58,247 - RLController - INFO -   Example: junction E0 -> durations [24, 22, 22, 22] (total: 90s)
2026-09-24 12:54:58,247 - RLController - INFO -   Example: junction E1 -> durations [24, 22, 22, 22] (total: 90s)
2026-09-24 12:54:58,247 - RLController - INFO -   Stored schedules for 34 junctions, cycle starts at step 4680
2026-09-24 12:55:01,132 - RLController - INFO - DIAGNOSTIC Step 4770 - Observation stats:
2026-09-24 12:55:01,132 - RLController - INFO -   Hash: -437460712658348134, Min: 0.000000, Max: 1.000000, Mean: 0.440296, Std: 0.457523
2026-09-24 12:55:01,133 - RLController - INFO -   First 10: [1.  0.  0.  0.  0.  0.5 1.  0.  0.  0. ]
2026-09-24 12:55:01,133 - RLController - INFO -   Last 10: [0.         0.2        0.         0.08333334 0.4764957  0.00292416
 0.07799146 0.5403379  0.         0.3       ]
2026-09-24 12:55:01,136 - RLController - INFO - DIAGNOSTIC - Raw model action output:
2026-09-24 12:55:01,136 - RLController - INFO -   Action hash: -6020825259615392147
2026-09-24 12:55:01,137 - RLController - INFO -   First 8 values: [ -7.2506824 -10.        -10.        -10.        -10.        -10.
 -10.        -10.       ]
2026-09-24 12:55:01,137 - RLController - INFO -   Last 8 values: [-10.        -10.        -10.        -10.        -10.         -2.0481393
 -10.        -10.       ]
2026-09-24 12:55:01,137 - RLController - INFO -   Action shape: (136,), min: -10.000000, max: 5.660598, mean: -9.239175
2026-09-24 12:55:01,137 - RLController - INFO -   B0 junction (indices 16-19) raw values: [ -9.725253 -10.       -10.       -10.      ]
2026-09-24 12:55:01,137 - RLController - INFO - Using CONTINUOUS DURATION-BASED mode
2026-09-24 12:55:01,138 - RLController - INFO -   Example: junction A0 -> durations [51, 13, 13, 13] (total: 90s)
2026-09-24 12:55:01,138 - RLController - INFO -   Example: junction A1 -> durations [24, 22, 22, 22] (total: 90s)
2026-09-24 12:55:01,138 - RLController - INFO -   Example: junction A2 -> durations [12, 12, 54, 12] (total: 90s)
2026-09-24 12:55:01,138 - RLController - INFO -   Example: junction A4 -> durations [60, 10, 10, 10] (total: 90s)
2026-09-24 12:55:01,138 - RLController - INFO -   Example: junction A5 -> durations [24, 22, 22, 22] (total: 90s)
2026-09-24 12:55:01,138 - RLController - INFO -   Example: junction B0 -> durations [24, 22, 22, 22] (total: 90s)
2026-09-24 12:55:01,138 - RLController - INFO -   Example: junction B1 -> durations [24, 22, 22, 22] (total: 90s)
2026-09-24 12:55:01,139 - RLController - INFO -   Example: junction B2 -> durations [24, 22, 22, 22] (total: 90s)
2026-09-24 12:55:01,139 - RLController - INFO -   Example: junction B4 -> durations [24, 22, 22, 22] (total: 90s)
2026-09-24 12:55:01,139 - RLController - INFO -   Example: junction B5 -> durations [60, 10, 10, 10] (total: 90s)
2026-09-24 12:55:01,139 - RLController - INFO -   Example: junction C0 -> durations [22, 22, 24, 22] (total: 90s)
2026-09-24 12:55:01,139 - RLController - INFO -   Example: junction C1 -> durations [24, 22, 22, 22] (total: 90s)
2026-09-24 12:55:01,139 - RLController - INFO -   Example: junction C2 -> durations [57, 13, 10, 10] (total: 90s)
2026-09-24 12:55:01,139 - RLController - INFO -   Example: junction C3 -> durations [60, 10, 10, 10] (total: 90s)
2026-09-24 12:55:01,139 - RLController - INFO -   Example: junction C4 -> durations [57, 11, 11, 11] (total: 90s)
2026-09-24 12:55:01,140 - RLController - INFO -   Example: junction C5 -> durations [57, 11, 11, 11] (total: 90s)
2026-09-24 12:55:01,140 - RLController - INFO -   Example: junction D0 -> durations [24, 22, 22, 22] (total: 90s)
2026-09-24 12:55:01,140 - RLController - INFO -   Example: junction D1 -> durations [21, 21, 27, 21] (total: 90s)
2026-09-24 12:55:01,140 - RLController - INFO -   Example: junction D2 -> durations [45, 15, 15, 15] (total: 90s)
2026-09-24 12:55:01,140 - RLController - INFO -   Example: junction D3 -> durations [24, 22, 22, 22] (total: 90s)
2026-09-24 12:55:01,140 - RLController - INFO -   Example: junction D4 -> durations [24, 22, 22, 22] (total: 90s)
2026-09-24 12:55:01,140 - RLController - INFO -   Example: junction D5 -> durations [13, 13, 51, 13] (total: 90s)
2026-09-24 12:55:01,140 - RLController - INFO -   Example: junction E0 -> durations [24, 22, 22, 22] (total: 90s)
2026-09-24 12:55:01,141 - RLController - INFO -   Example: junction E1 -> durations [24, 22, 22, 22] (total: 90s)
2026-09-24 12:55:01,141 - RLController - INFO -   Stored schedules for 34 junctions, cycle starts at step 4770
2026-09-24 12:55:04,265 - RLController - INFO - DIAGNOSTIC Step 4860 - Observation stats:
2026-09-24 12:55:04,266 - RLController - INFO -   Hash: 7707854984195903334, Min: 0.000000, Max: 1.000000, Mean: 0.438258, Std: 0.456648
2026-09-24 12:55:04,266 - RLController - INFO -   First 10: [1.  0.  0.  0.  0.  0.5 1.  0.  0.  0. ]
2026-09-24 12:55:04,266 - RLController - INFO -   Last 10: [0.         0.2        0.         0.08333334 0.48076922 0.00254972
 0.07752137 0.52905405 0.         0.3       ]
2026-09-24 12:55:04,270 - RLController - INFO - DIAGNOSTIC - Raw model action output:
2026-09-24 12:55:04,271 - RLController - INFO -   Action hash: -1502864959342780153
2026-09-24 12:55:04,271 - RLController - INFO -   First 8 values: [ -7.3457103 -10.        -10.        -10.        -10.        -10.
 -10.        -10.       ]
2026-09-24 12:55:04,271 - RLController - INFO -   Last 8 values: [-10.        -10.        -10.        -10.        -10.         -1.7132065
 -10.        -10.       ]
2026-09-24 12:55:04,271 - RLController - INFO -   Action shape: (136,), min: -10.000000, max: 6.469430, mean: -9.275719
2026-09-24 12:55:04,271 - RLController - INFO -   B0 junction (indices 16-19) raw values: [ -9.954727 -10.       -10.       -10.      ]
2026-09-24 12:55:04,271 - RLController - INFO - Using CONTINUOUS DURATION-BASED mode
2026-09-24 12:55:04,272 - RLController - INFO -   Example: junction A0 -> durations [51, 13, 13, 13] (total: 90s)
2026-09-24 12:55:04,272 - RLController - INFO -   Example: junction A1 -> durations [24, 22, 22, 22] (total: 90s)
2026-09-24 12:55:04,272 - RLController - INFO -   Example: junction A2 -> durations [12, 12, 54, 12] (total: 90s)
2026-09-24 12:55:04,272 - RLController - INFO -   Example: junction A4 -> durations [60, 10, 10, 10] (total: 90s)
2026-09-24 12:55:04,272 - RLController - INFO -   Example: junction A5 -> durations [24, 22, 22, 22] (total: 90s)
2026-09-24 12:55:04,272 - RLController - INFO -   Example: junction B0 -> durations [24, 22, 22, 22] (total: 90s)
2026-09-24 12:55:04,272 - RLController - INFO -   Example: junction B1 -> durations [24, 22, 22, 22] (total: 90s)
2026-09-24 12:55:04,273 - RLController - INFO -   Example: junction B2 -> durations [24, 22, 22, 22] (total: 90s)
2026-09-24 12:55:04,273 - RLController - INFO -   Example: junction B4 -> durations [24, 22, 22, 22] (total: 90s)
2026-09-24 12:55:04,273 - RLController - INFO -   Example: junction B5 -> durations [60, 10, 10, 10] (total: 90s)
2026-09-24 12:55:04,273 - RLController - INFO -   Example: junction C0 -> durations [22, 22, 24, 22] (total: 90s)
2026-09-24 12:55:04,273 - RLController - INFO -   Example: junction C1 -> durations [24, 22, 22, 22] (total: 90s)
2026-09-24 12:55:04,273 - RLController - INFO -   Example: junction C2 -> durations [57, 13, 10, 10] (total: 90s)
2026-09-24 12:55:04,273 - RLController - INFO -   Example: junction C3 -> durations [60, 10, 10, 10] (total: 90s)
2026-09-24 12:55:04,273 - RLController - INFO -   Example: junction C4 -> durations [57, 11, 11, 11] (total: 90s)
2026-09-24 12:55:04,274 - RLController - INFO -   Example: junction C5 -> durations [57, 11, 11, 11] (total: 90s)
2026-09-24 12:55:04,274 - RLController - INFO -   Example: junction D0 -> durations [24, 22, 22, 22] (total: 90s)
2026-09-24 12:55:04,274 - RLController - INFO -   Example: junction D1 -> durations [21, 21, 27, 21] (total: 90s)
2026-09-24 12:55:04,274 - RLController - INFO -   Example: junction D2 -> durations [45, 15, 15, 15] (total: 90s)
2026-09-24 12:55:04,274 - RLController - INFO -   Example: junction D3 -> durations [24, 22, 22, 22] (total: 90s)
2026-09-24 12:55:04,274 - RLController - INFO -   Example: junction D4 -> durations [24, 22, 22, 22] (total: 90s)
2026-09-24 12:55:04,274 - RLController - INFO -   Example: junction D5 -> durations [13, 13, 51, 13] (total: 90s)
2026-09-24 12:55:04,275 - RLController - INFO -   Example: junction E0 -> durations [24, 22, 22, 22] (total: 90s)
2026-09-24 12:55:04,275 - RLController - INFO -   Example: junction E1 -> durations [24, 22, 22, 22] (total: 90s)
2026-09-24 12:55:04,275 - RLController - INFO -   Stored schedules for 34 junctions, cycle starts at step 4860
2026-09-24 12:55:07,342 - RLController - INFO - DIAGNOSTIC Step 4950 - Observation stats:
2026-09-24 12:55:07,342 - RLController - INFO -   Hash: -3495816198598706075, Min: 0.000000, Max: 1.000000, Mean: 0.442739, Std: 0.457728
2026-09-24 12:55:07,343 - RLController - INFO -   First 10: [1.         0.         0.         0.         0.         0.5
 0.         1.         0.99333334 1.        ]
2026-09-24 12:55:07,343 - RLController - INFO -   Last 10: [0.         0.2        0.         0.08333334 0.48076922 0.00317952
 0.07747863 0.5357978  0.         0.3       ]
2026-09-24 12:55:07,349 - RLController - INFO - DIAGNOSTIC - Raw model action output:
2026-09-24 12:55:07,349 - RLController - INFO -   Action hash: -8408877850933184280
2026-09-24 12:55:07,349 - RLController - INFO -   First 8 values: [ -7.433066 -10.       -10.       -10.       -10.       -10.
 -10.       -10.      ]
2026-09-24 12:55:07,350 - RLController - INFO -   Last 8 values: [-10.        -10.        -10.        -10.        -10.         -1.7900262
 -10.        -10.       ]
2026-09-24 12:55:07,350 - RLController - INFO -   Action shape: (136,), min: -10.000000, max: 5.227061, mean: -9.257526
2026-09-24 12:55:07,350 - RLController - INFO -   B0 junction (indices 16-19) raw values: [ -9.918782 -10.       -10.       -10.      ]
2026-09-24 12:55:07,350 - RLController - INFO - Using CONTINUOUS DURATION-BASED mode
2026-09-24 12:55:07,350 - RLController - INFO -   Example: junction A0 -> durations [51, 13, 13, 13] (total: 90s)
2026-09-24 12:55:07,350 - RLController - INFO -   Example: junction A1 -> durations [24, 22, 22, 22] (total: 90s)
2026-09-24 12:55:07,351 - RLController - INFO -   Example: junction A2 -> durations [12, 12, 54, 12] (total: 90s)
2026-09-24 12:55:07,351 - RLController - INFO -   Example: junction A4 -> durations [60, 10, 10, 10] (total: 90s)
2026-09-24 12:55:07,351 - RLController - INFO -   Example: junction A5 -> durations [24, 22, 22, 22] (total: 90s)
2026-09-24 12:55:07,351 - RLController - INFO -   Example: junction B0 -> durations [24, 22, 22, 22] (total: 90s)
2026-09-24 12:55:07,351 - RLController - INFO -   Example: junction B1 -> durations [24, 22, 22, 22] (total: 90s)
2026-09-24 12:55:07,351 - RLController - INFO -   Example: junction B2 -> durations [24, 22, 22, 22] (total: 90s)
2026-09-24 12:55:07,351 - RLController - INFO -   Example: junction B4 -> durations [24, 22, 22, 22] (total: 90s)
2026-09-24 12:55:07,351 - RLController - INFO -   Example: junction B5 -> durations [60, 10, 10, 10] (total: 90s)
2026-09-24 12:55:07,352 - RLController - INFO -   Example: junction C0 -> durations [22, 22, 24, 22] (total: 90s)
2026-09-24 12:55:07,352 - RLController - INFO -   Example: junction C1 -> durations [24, 22, 22, 22] (total: 90s)
2026-09-24 12:55:07,352 - RLController - INFO -   Example: junction C2 -> durations [57, 13, 10, 10] (total: 90s)
2026-09-24 12:55:07,352 - RLController - INFO -   Example: junction C3 -> durations [60, 10, 10, 10] (total: 90s)
2026-09-24 12:55:07,352 - RLController - INFO -   Example: junction C4 -> durations [57, 11, 11, 11] (total: 90s)
2026-09-24 12:55:07,352 - RLController - INFO -   Example: junction C5 -> durations [57, 11, 11, 11] (total: 90s)
2026-09-24 12:55:07,352 - RLController - INFO -   Example: junction D0 -> durations [24, 22, 22, 22] (total: 90s)
2026-09-24 12:55:07,352 - RLController - INFO -   Example: junction D1 -> durations [21, 21, 27, 21] (total: 90s)
2026-09-24 12:55:07,353 - RLController - INFO -   Example: junction D2 -> durations [45, 15, 15, 15] (total: 90s)
2026-09-24 12:55:07,353 - RLController - INFO -   Example: junction D3 -> durations [24, 22, 22, 22] (total: 90s)
2026-09-24 12:55:07,353 - RLController - INFO -   Example: junction D4 -> durations [24, 22, 22, 22] (total: 90s)
2026-09-24 12:55:07,353 - RLController - INFO -   Example: junction D5 -> durations [13, 13, 51, 13] (total: 90s)
2026-09-24 12:55:07,353 - RLController - INFO -   Example: junction E0 -> durations [24, 22, 22, 22] (total: 90s)
2026-09-24 12:55:07,353 - RLController - INFO -   Example: junction E1 -> durations [24, 22, 22, 22] (total: 90s)
2026-09-24 12:55:07,354 - RLController - INFO -   Stored schedules for 34 junctions, cycle starts at step 4950
2026-09-24 12:55:10,368 - RLController - INFO - DIAGNOSTIC Step 5040 - Observation stats:
2026-09-24 12:55:10,368 - RLController - INFO -   Hash: -2786218847620278005, Min: 0.000000, Max: 1.000000, Mean: 0.439723, Std: 0.456340
2026-09-24 12:55:10,368 - RLController - INFO -   First 10: [0.10682619 1.         0.9866667  1.         0.14997154 0.05505213
 0.         1.         0.99333334 1.        ]
2026-09-24 12:55:10,369 - RLController - INFO -   Last 10: [0.         0.2        0.         0.08333334 0.47863248 0.00267953
 0.07850427 0.5364132  0.         0.3       ]
2026-09-24 12:55:10,385 - RLController - INFO - DIAGNOSTIC - Raw model action output:
2026-09-24 12:55:10,385 - RLController - INFO -   Action hash: 6387716267222274367
2026-09-24 12:55:10,385 - RLController - INFO -   First 8 values: [ -7.476323 -10.       -10.       -10.       -10.       -10.
 -10.       -10.      ]
2026-09-24 12:55:10,385 - RLController - INFO -   Last 8 values: [-10.        -10.        -10.        -10.        -10.         -0.8762819
 -10.        -10.       ]
2026-09-24 12:55:10,385 - RLController - INFO -   Action shape: (136,), min: -10.000000, max: 4.979307, mean: -9.269080
2026-09-24 12:55:10,386 - RLController - INFO -   B0 junction (indices 16-19) raw values: [-10. -10. -10. -10.]
2026-09-24 12:55:10,386 - RLController - INFO - Using CONTINUOUS DURATION-BASED mode
2026-09-24 12:55:10,386 - RLController - INFO -   Example: junction A0 -> durations [51, 13, 13, 13] (total: 90s)
2026-09-24 12:55:10,386 - RLController - INFO -   Example: junction A1 -> durations [24, 22, 22, 22] (total: 90s)
2026-09-24 12:55:10,386 - RLController - INFO -   Example: junction A2 -> durations [12, 12, 54, 12] (total: 90s)
2026-09-24 12:55:10,386 - RLController - INFO -   Example: junction A4 -> durations [60, 10, 10, 10] (total: 90s)
2026-09-24 12:55:10,387 - RLController - INFO -   Example: junction A5 -> durations [24, 22, 22, 22] (total: 90s)
2026-09-24 12:55:10,387 - RLController - INFO -   Example: junction B0 -> durations [24, 22, 22, 22] (total: 90s)
2026-09-24 12:55:10,387 - RLController - INFO -   Example: junction B1 -> durations [24, 22, 22, 22] (total: 90s)
2026-09-24 12:55:10,387 - RLController - INFO -   Example: junction B2 -> durations [24, 22, 22, 22] (total: 90s)
2026-09-24 12:55:10,387 - RLController - INFO -   Example: junction B4 -> durations [24, 22, 22, 22] (total: 90s)
2026-09-24 12:55:10,387 - RLController - INFO -   Example: junction B5 -> durations [60, 10, 10, 10] (total: 90s)
2026-09-24 12:55:10,387 - RLController - INFO -   Example: junction C0 -> durations [22, 22, 24, 22] (total: 90s)
2026-09-24 12:55:10,388 - RLController - INFO -   Example: junction C1 -> durations [24, 22, 22, 22] (total: 90s)
2026-09-24 12:55:10,388 - RLController - INFO -   Example: junction C2 -> durations [57, 13, 10, 10] (total: 90s)
2026-09-24 12:55:10,388 - RLController - INFO -   Example: junction C3 -> durations [60, 10, 10, 10] (total: 90s)
2026-09-24 12:55:10,388 - RLController - INFO -   Example: junction C4 -> durations [57, 11, 11, 11] (total: 90s)
2026-09-24 12:55:10,388 - RLController - INFO -   Example: junction C5 -> durations [57, 11, 11, 11] (total: 90s)
2026-09-24 12:55:10,388 - RLController - INFO -   Example: junction D0 -> durations [24, 22, 22, 22] (total: 90s)
2026-09-24 12:55:10,388 - RLController - INFO -   Example: junction D1 -> durations [21, 21, 27, 21] (total: 90s)
2026-09-24 12:55:10,388 - RLController - INFO -   Example: junction D2 -> durations [45, 15, 15, 15] (total: 90s)
2026-09-24 12:55:10,389 - RLController - INFO -   Example: junction D3 -> durations [24, 22, 22, 22] (total: 90s)
2026-09-24 12:55:10,389 - RLController - INFO -   Example: junction D4 -> durations [24, 22, 22, 22] (total: 90s)
2026-09-24 12:55:10,389 - RLController - INFO -   Example: junction D5 -> durations [13, 13, 51, 13] (total: 90s)
2026-09-24 12:55:10,389 - RLController - INFO -   Example: junction E0 -> durations [24, 22, 22, 22] (total: 90s)
2026-09-24 12:55:10,389 - RLController - INFO -   Example: junction E1 -> durations [24, 22, 22, 22] (total: 90s)
2026-09-24 12:55:10,390 - RLController - INFO -   Stored schedules for 34 junctions, cycle starts at step 5040
2026-09-24 12:55:13,525 - RLController - INFO - DIAGNOSTIC Step 5130 - Observation stats:
2026-09-24 12:55:13,525 - RLController - INFO -   Hash: -5329317321261519022, Min: 0.000000, Max: 1.000000, Mean: 0.440366, Std: 0.456223
2026-09-24 12:55:13,526 - RLController - INFO -   First 10: [0.14974393 0.         0.98       1.         0.09730085 0.07949156
 0.31845248 1.         0.96       1.        ]
2026-09-24 12:55:13,526 - RLController - INFO -   Last 10: [0.         0.2        0.         0.08333334 0.4871795  0.00345795
 0.07833333 0.5361747  0.         0.3       ]
2026-09-24 12:55:13,530 - RLController - INFO - DIAGNOSTIC - Raw model action output:
2026-09-24 12:55:13,530 - RLController - INFO -   Action hash: -2144201294650417854
2026-09-24 12:55:13,530 - RLController - INFO -   First 8 values: [ -7.39846 -10.      -10.      -10.      -10.      -10.      -10.
 -10.     ]
2026-09-24 12:55:13,530 - RLController - INFO -   Last 8 values: [-10.        -10.        -10.        -10.        -10.         -1.6056426
 -10.        -10.       ]
2026-09-24 12:55:13,531 - RLController - INFO -   Action shape: (136,), min: -10.000000, max: 5.220936, mean: -9.282216
2026-09-24 12:55:13,531 - RLController - INFO -   B0 junction (indices 16-19) raw values: [-10. -10. -10. -10.]
2026-09-24 12:55:13,531 - RLController - INFO - Using CONTINUOUS DURATION-BASED mode
2026-09-24 12:55:13,531 - RLController - INFO -   Example: junction A0 -> durations [51, 13, 13, 13] (total: 90s)
2026-09-24 12:55:13,531 - RLController - INFO -   Example: junction A1 -> durations [24, 22, 22, 22] (total: 90s)
2026-09-24 12:55:13,531 - RLController - INFO -   Example: junction A2 -> durations [12, 12, 54, 12] (total: 90s)
2026-09-24 12:55:13,532 - RLController - INFO -   Example: junction A4 -> durations [60, 10, 10, 10] (total: 90s)
2026-09-24 12:55:13,532 - RLController - INFO -   Example: junction A5 -> durations [24, 22, 22, 22] (total: 90s)
2026-09-24 12:55:13,532 - RLController - INFO -   Example: junction B0 -> durations [24, 22, 22, 22] (total: 90s)
2026-09-24 12:55:13,532 - RLController - INFO -   Example: junction B1 -> durations [24, 22, 22, 22] (total: 90s)
2026-09-24 12:55:13,532 - RLController - INFO -   Example: junction B2 -> durations [24, 22, 22, 22] (total: 90s)
2026-09-24 12:55:13,532 - RLController - INFO -   Example: junction B4 -> durations [24, 22, 22, 22] (total: 90s)
2026-09-24 12:55:13,532 - RLController - INFO -   Example: junction B5 -> durations [60, 10, 10, 10] (total: 90s)
2026-09-24 12:55:13,533 - RLController - INFO -   Example: junction C0 -> durations [22, 22, 24, 22] (total: 90s)
2026-09-24 12:55:13,533 - RLController - INFO -   Example: junction C1 -> durations [24, 22, 22, 22] (total: 90s)
2026-09-24 12:55:13,533 - RLController - INFO -   Example: junction C2 -> durations [57, 13, 10, 10] (total: 90s)
2026-09-24 12:55:13,533 - RLController - INFO -   Example: junction C3 -> durations [60, 10, 10, 10] (total: 90s)
2026-09-24 12:55:13,533 - RLController - INFO -   Example: junction C4 -> durations [57, 11, 11, 11] (total: 90s)
2026-09-24 12:55:13,533 - RLController - INFO -   Example: junction C5 -> durations [57, 11, 11, 11] (total: 90s)
2026-09-24 12:55:13,533 - RLController - INFO -   Example: junction D0 -> durations [24, 22, 22, 22] (total: 90s)
2026-09-24 12:55:13,534 - RLController - INFO -   Example: junction D1 -> durations [21, 21, 27, 21] (total: 90s)
2026-09-24 12:55:13,534 - RLController - INFO -   Example: junction D2 -> durations [45, 15, 15, 15] (total: 90s)
2026-09-24 12:55:13,534 - RLController - INFO -   Example: junction D3 -> durations [24, 22, 22, 22] (total: 90s)
2026-09-24 12:55:13,534 - RLController - INFO -   Example: junction D4 -> durations [24, 22, 22, 22] (total: 90s)
2026-09-24 12:55:13,534 - RLController - INFO -   Example: junction D5 -> durations [13, 13, 51, 13] (total: 90s)
2026-09-24 12:55:13,534 - RLController - INFO -   Example: junction E0 -> durations [24, 22, 22, 22] (total: 90s)
2026-09-24 12:55:13,535 - RLController - INFO -   Example: junction E1 -> durations [24, 22, 22, 22] (total: 90s)
2026-09-24 12:55:13,535 - RLController - INFO -   Stored schedules for 34 junctions, cycle starts at step 5130
2026-09-24 12:55:16,861 - RLController - INFO - DIAGNOSTIC Step 5220 - Observation stats:
2026-09-24 12:55:16,862 - RLController - INFO -   Hash: -1617499809322798044, Min: 0.000000, Max: 1.000000, Mean: 0.451905, Std: 0.458286
2026-09-24 12:55:16,863 - RLController - INFO -   First 10: [0.33333334 1.         0.9533333  1.         0.0250609  0.18122572
 0.         1.         0.99333334 1.        ]
2026-09-24 12:55:16,863 - RLController - INFO -   Last 10: [0.         0.2        0.         0.08333334 0.51495725 0.00348669
 0.07858974 0.5029084  0.         0.3       ]
2026-09-24 12:55:16,909 - RLController - INFO - DIAGNOSTIC - Raw model action output:
2026-09-24 12:55:16,909 - RLController - INFO -   Action hash: -2480050817287685896
2026-09-24 12:55:16,910 - RLController - INFO -   First 8 values: [ -7.528695 -10.       -10.       -10.       -10.       -10.
 -10.       -10.      ]
2026-09-24 12:55:16,910 - RLController - INFO -   Last 8 values: [-10.        -10.        -10.        -10.        -10.         -3.1016662
 -10.        -10.       ]
2026-09-24 12:55:16,910 - RLController - INFO -   Action shape: (136,), min: -10.000000, max: 5.290796, mean: -9.279124
2026-09-24 12:55:16,910 - RLController - INFO -   B0 junction (indices 16-19) raw values: [-10. -10. -10. -10.]
2026-09-24 12:55:16,910 - RLController - INFO - Using CONTINUOUS DURATION-BASED mode
2026-09-24 12:55:16,911 - RLController - INFO -   Example: junction A0 -> durations [51, 13, 13, 13] (total: 90s)
2026-09-24 12:55:16,911 - RLController - INFO -   Example: junction A1 -> durations [24, 22, 22, 22] (total: 90s)
2026-09-24 12:55:16,911 - RLController - INFO -   Example: junction A2 -> durations [12, 12, 54, 12] (total: 90s)
2026-09-24 12:55:16,911 - RLController - INFO -   Example: junction A4 -> durations [60, 10, 10, 10] (total: 90s)
2026-09-24 12:55:16,911 - RLController - INFO -   Example: junction A5 -> durations [24, 22, 22, 22] (total: 90s)
2026-09-24 12:55:16,911 - RLController - INFO -   Example: junction B0 -> durations [24, 22, 22, 22] (total: 90s)
2026-09-24 12:55:16,912 - RLController - INFO -   Example: junction B1 -> durations [24, 22, 22, 22] (total: 90s)
2026-09-24 12:55:16,912 - RLController - INFO -   Example: junction B2 -> durations [24, 22, 22, 22] (total: 90s)
2026-09-24 12:55:16,912 - RLController - INFO -   Example: junction B4 -> durations [24, 22, 22, 22] (total: 90s)
2026-09-24 12:55:16,912 - RLController - INFO -   Example: junction B5 -> durations [60, 10, 10, 10] (total: 90s)
2026-09-24 12:55:16,912 - RLController - INFO -   Example: junction C0 -> durations [22, 22, 24, 22] (total: 90s)
2026-09-24 12:55:16,912 - RLController - INFO -   Example: junction C1 -> durations [24, 22, 22, 22] (total: 90s)
2026-09-24 12:55:16,913 - RLController - INFO -   Example: junction C2 -> durations [57, 13, 10, 10] (total: 90s)
2026-09-24 12:55:16,913 - RLController - INFO -   Example: junction C3 -> durations [60, 10, 10, 10] (total: 90s)
2026-09-24 12:55:16,913 - RLController - INFO -   Example: junction C4 -> durations [57, 11, 11, 11] (total: 90s)
2026-09-24 12:55:16,913 - RLController - INFO -   Example: junction C5 -> durations [57, 11, 11, 11] (total: 90s)
2026-09-24 12:55:16,913 - RLController - INFO -   Example: junction D0 -> durations [24, 22, 22, 22] (total: 90s)
2026-09-24 12:55:16,913 - RLController - INFO -   Example: junction D1 -> durations [21, 21, 27, 21] (total: 90s)
2026-09-24 12:55:16,914 - RLController - INFO -   Example: junction D2 -> durations [45, 15, 15, 15] (total: 90s)
2026-09-24 12:55:16,914 - RLController - INFO -   Example: junction D3 -> durations [24, 22, 22, 22] (total: 90s)
2026-09-24 12:55:16,914 - RLController - INFO -   Example: junction D4 -> durations [24, 22, 22, 22] (total: 90s)
2026-09-24 12:55:16,914 - RLController - INFO -   Example: junction D5 -> durations [13, 13, 51, 13] (total: 90s)
2026-09-24 12:55:16,914 - RLController - INFO -   Example: junction E0 -> durations [24, 22, 22, 22] (total: 90s)
2026-09-24 12:55:16,914 - RLController - INFO -   Example: junction E1 -> durations [24, 22, 22, 22] (total: 90s)
2026-09-24 12:55:16,915 - RLController - INFO -   Stored schedules for 34 junctions, cycle starts at step 5220
2026-09-24 12:55:19,903 - RLController - INFO - DIAGNOSTIC Step 5310 - Observation stats:
2026-09-24 12:55:19,903 - RLController - INFO -   Hash: 536143770665064099, Min: 0.000000, Max: 1.000000, Mean: 0.449552, Std: 0.457537
2026-09-24 12:55:19,904 - RLController - INFO -   First 10: [0.5        0.         0.9266667  1.         0.00541354 0.27685592
 0.         1.         0.99333334 1.        ]
2026-09-24 12:55:19,904 - RLController - INFO -   Last 10: [0.         0.2        0.         0.08333334 0.5192308  0.00333026
 0.07961538 0.50008285 0.         0.3       ]
2026-09-24 12:55:19,908 - RLController - INFO - DIAGNOSTIC - Raw model action output:
2026-09-24 12:55:19,908 - RLController - INFO -   Action hash: -147105001402062474
2026-09-24 12:55:19,908 - RLController - INFO -   First 8 values: [ -7.2486606 -10.        -10.        -10.        -10.        -10.
 -10.        -10.       ]
2026-09-24 12:55:19,908 - RLController - INFO -   Last 8 values: [-10.        -10.        -10.        -10.        -10.         -1.7777514
 -10.        -10.       ]
2026-09-24 12:55:19,909 - RLController - INFO -   Action shape: (136,), min: -10.000000, max: 5.577487, mean: -9.274608
2026-09-24 12:55:19,909 - RLController - INFO -   B0 junction (indices 16-19) raw values: [-10. -10. -10. -10.]
2026-09-24 12:55:19,909 - RLController - INFO - Using CONTINUOUS DURATION-BASED mode
2026-09-24 12:55:19,909 - RLController - INFO -   Example: junction A0 -> durations [51, 13, 13, 13] (total: 90s)
2026-09-24 12:55:19,909 - RLController - INFO -   Example: junction A1 -> durations [24, 22, 22, 22] (total: 90s)
2026-09-24 12:55:19,909 - RLController - INFO -   Example: junction A2 -> durations [12, 12, 54, 12] (total: 90s)
2026-09-24 12:55:19,909 - RLController - INFO -   Example: junction A4 -> durations [60, 10, 10, 10] (total: 90s)
2026-09-24 12:55:19,910 - RLController - INFO -   Example: junction A5 -> durations [24, 22, 22, 22] (total: 90s)
2026-09-24 12:55:19,910 - RLController - INFO -   Example: junction B0 -> durations [24, 22, 22, 22] (total: 90s)
2026-09-24 12:55:19,910 - RLController - INFO -   Example: junction B1 -> durations [24, 22, 22, 22] (total: 90s)
2026-09-24 12:55:19,910 - RLController - INFO -   Example: junction B2 -> durations [24, 22, 22, 22] (total: 90s)
2026-09-24 12:55:19,910 - RLController - INFO -   Example: junction B4 -> durations [24, 22, 22, 22] (total: 90s)
2026-09-24 12:55:19,910 - RLController - INFO -   Example: junction B5 -> durations [60, 10, 10, 10] (total: 90s)
2026-09-24 12:55:19,910 - RLController - INFO -   Example: junction C0 -> durations [22, 22, 24, 22] (total: 90s)
2026-09-24 12:55:19,911 - RLController - INFO -   Example: junction C1 -> durations [24, 22, 22, 22] (total: 90s)
2026-09-24 12:55:19,911 - RLController - INFO -   Example: junction C2 -> durations [57, 13, 10, 10] (total: 90s)
2026-09-24 12:55:19,911 - RLController - INFO -   Example: junction C3 -> durations [60, 10, 10, 10] (total: 90s)
2026-09-24 12:55:19,911 - RLController - INFO -   Example: junction C4 -> durations [57, 11, 11, 11] (total: 90s)
2026-09-24 12:55:19,911 - RLController - INFO -   Example: junction C5 -> durations [57, 11, 11, 11] (total: 90s)
2026-09-24 12:55:19,911 - RLController - INFO -   Example: junction D0 -> durations [24, 22, 22, 22] (total: 90s)
2026-09-24 12:55:19,911 - RLController - INFO -   Example: junction D1 -> durations [21, 21, 27, 21] (total: 90s)
2026-09-24 12:55:19,911 - RLController - INFO -   Example: junction D2 -> durations [45, 15, 15, 15] (total: 90s)
2026-09-24 12:55:19,912 - RLController - INFO -   Example: junction D3 -> durations [24, 22, 22, 22] (total: 90s)
2026-09-24 12:55:19,912 - RLController - INFO -   Example: junction D4 -> durations [24, 22, 22, 22] (total: 90s)
2026-09-24 12:55:19,912 - RLController - INFO -   Example: junction D5 -> durations [13, 13, 51, 13] (total: 90s)
2026-09-24 12:55:19,912 - RLController - INFO -   Example: junction E0 -> durations [24, 22, 22, 22] (total: 90s)
2026-09-24 12:55:19,912 - RLController - INFO -   Example: junction E1 -> durations [24, 22, 22, 22] (total: 90s)
2026-09-24 12:55:19,913 - RLController - INFO -   Stored schedules for 34 junctions, cycle starts at step 5310
2026-09-24 12:55:23,273 - RLController - INFO - DIAGNOSTIC Step 5400 - Observation stats:
2026-09-24 12:55:23,273 - RLController - INFO -   Hash: -4214111070023872492, Min: 0.000000, Max: 1.000000, Mean: 0.443910, Std: 0.455626
2026-09-24 12:55:23,274 - RLController - INFO -   First 10: [1.         0.         0.         0.         0.         0.55371183
 0.         1.         0.99333334 1.        ]
2026-09-24 12:55:23,274 - RLController - INFO -   Last 10: [0.         0.2        0.         0.08333334 0.4957265  0.00336562
 0.07837607 0.52280855 0.         0.3       ]
2026-09-24 12:55:23,279 - RLController - INFO - DIAGNOSTIC - Raw model action output:
2026-09-24 12:55:23,279 - RLController - INFO -   Action hash: -69698456391633497
2026-09-24 12:55:23,279 - RLController - INFO -   First 8 values: [ -7.7208543 -10.        -10.        -10.        -10.        -10.
 -10.        -10.       ]
2026-09-24 12:55:23,279 - RLController - INFO -   Last 8 values: [-10.        -10.        -10.        -10.        -10.         -1.9753373
 -10.        -10.       ]
2026-09-24 12:55:23,279 - RLController - INFO -   Action shape: (136,), min: -10.000000, max: 6.027691, mean: -9.303296
2026-09-24 12:55:23,279 - RLController - INFO -   B0 junction (indices 16-19) raw values: [-10. -10. -10. -10.]
2026-09-24 12:55:23,280 - RLController - INFO - Using CONTINUOUS DURATION-BASED mode
2026-09-24 12:55:23,280 - RLController - INFO -   Example: junction A0 -> durations [51, 13, 13, 13] (total: 90s)
2026-09-24 12:55:23,280 - RLController - INFO -   Example: junction A1 -> durations [24, 22, 22, 22] (total: 90s)
2026-09-24 12:55:23,280 - RLController - INFO -   Example: junction A2 -> durations [12, 12, 54, 12] (total: 90s)
2026-09-24 12:55:23,280 - RLController - INFO -   Example: junction A4 -> durations [60, 10, 10, 10] (total: 90s)
2026-09-24 12:55:23,280 - RLController - INFO -   Example: junction A5 -> durations [24, 22, 22, 22] (total: 90s)
2026-09-24 12:55:23,280 - RLController - INFO -   Example: junction B0 -> durations [24, 22, 22, 22] (total: 90s)
2026-09-24 12:55:23,281 - RLController - INFO -   Example: junction B1 -> durations [24, 22, 22, 22] (total: 90s)
2026-09-24 12:55:23,281 - RLController - INFO -   Example: junction B2 -> durations [24, 22, 22, 22] (total: 90s)
2026-09-24 12:55:23,281 - RLController - INFO -   Example: junction B4 -> durations [24, 22, 22, 22] (total: 90s)
2026-09-24 12:55:23,281 - RLController - INFO -   Example: junction B5 -> durations [60, 10, 10, 10] (total: 90s)
2026-09-24 12:55:23,281 - RLController - INFO -   Example: junction C0 -> durations [22, 22, 24, 22] (total: 90s)
2026-09-24 12:55:23,281 - RLController - INFO -   Example: junction C1 -> durations [24, 22, 22, 22] (total: 90s)
2026-09-24 12:55:23,281 - RLController - INFO -   Example: junction C2 -> durations [57, 13, 10, 10] (total: 90s)
2026-09-24 12:55:23,281 - RLController - INFO -   Example: junction C3 -> durations [60, 10, 10, 10] (total: 90s)
2026-09-24 12:55:23,282 - RLController - INFO -   Example: junction C4 -> durations [57, 11, 11, 11] (total: 90s)
2026-09-24 12:55:23,282 - RLController - INFO -   Example: junction C5 -> durations [57, 11, 11, 11] (total: 90s)
2026-09-24 12:55:23,282 - RLController - INFO -   Example: junction D0 -> durations [24, 22, 22, 22] (total: 90s)
2026-09-24 12:55:23,282 - RLController - INFO -   Example: junction D1 -> durations [21, 21, 27, 21] (total: 90s)
2026-09-24 12:55:23,282 - RLController - INFO -   Example: junction D2 -> durations [45, 15, 15, 15] (total: 90s)
2026-09-24 12:55:23,282 - RLController - INFO -   Example: junction D3 -> durations [24, 22, 22, 22] (total: 90s)
2026-09-24 12:55:23,282 - RLController - INFO -   Example: junction D4 -> durations [24, 22, 22, 22] (total: 90s)
2026-09-24 12:55:23,283 - RLController - INFO -   Example: junction D5 -> durations [13, 13, 51, 13] (total: 90s)
2026-09-24 12:55:23,283 - RLController - INFO -   Example: junction E0 -> durations [24, 22, 22, 22] (total: 90s)
2026-09-24 12:55:23,283 - RLController - INFO -   Example: junction E1 -> durations [24, 22, 22, 22] (total: 90s)
2026-09-24 12:55:23,283 - RLController - INFO -   Stored schedules for 34 junctions, cycle starts at step 5400
2026-09-24 12:55:27,147 - RLController - INFO - DIAGNOSTIC Step 5490 - Observation stats:
2026-09-24 12:55:27,148 - RLController - INFO -   Hash: 1320627076479887051, Min: 0.000000, Max: 1.000000, Mean: 0.441310, Std: 0.455740
2026-09-24 12:55:27,148 - RLController - INFO -   First 10: [1.         0.         0.         0.         0.         0.55371183
 0.         1.         0.99333334 1.        ]
2026-09-24 12:55:27,149 - RLController - INFO -   Last 10: [0.         0.2        0.         0.08333334 0.48931623 0.00375588
 0.07717948 0.52900463 0.         0.3       ]
2026-09-24 12:55:27,155 - RLController - INFO - DIAGNOSTIC - Raw model action output:
2026-09-24 12:55:27,155 - RLController - INFO -   Action hash: -2927431359408115375
2026-09-24 12:55:27,155 - RLController - INFO -   First 8 values: [ -7.587544 -10.       -10.       -10.       -10.       -10.
 -10.       -10.      ]
2026-09-24 12:55:27,156 - RLController - INFO -   Last 8 values: [-10.        -10.        -10.        -10.        -10.         -1.4965441
 -10.        -10.       ]
2026-09-24 12:55:27,156 - RLController - INFO -   Action shape: (136,), min: -10.000000, max: 5.630018, mean: -9.280733
2026-09-24 12:55:27,156 - RLController - INFO -   B0 junction (indices 16-19) raw values: [-10. -10. -10. -10.]
2026-09-24 12:55:27,156 - RLController - INFO - Using CONTINUOUS DURATION-BASED mode
2026-09-24 12:55:27,157 - RLController - INFO -   Example: junction A0 -> durations [51, 13, 13, 13] (total: 90s)
2026-09-24 12:55:27,157 - RLController - INFO -   Example: junction A1 -> durations [24, 22, 22, 22] (total: 90s)
2026-09-24 12:55:27,157 - RLController - INFO -   Example: junction A2 -> durations [12, 12, 54, 12] (total: 90s)
2026-09-24 12:55:27,157 - RLController - INFO -   Example: junction A4 -> durations [60, 10, 10, 10] (total: 90s)
2026-09-24 12:55:27,158 - RLController - INFO -   Example: junction A5 -> durations [24, 22, 22, 22] (total: 90s)
2026-09-24 12:55:27,158 - RLController - INFO -   Example: junction B0 -> durations [24, 22, 22, 22] (total: 90s)
2026-09-24 12:55:27,158 - RLController - INFO -   Example: junction B1 -> durations [24, 22, 22, 22] (total: 90s)
2026-09-24 12:55:27,158 - RLController - INFO -   Example: junction B2 -> durations [24, 22, 22, 22] (total: 90s)
2026-09-24 12:55:27,159 - RLController - INFO -   Example: junction B4 -> durations [24, 22, 22, 22] (total: 90s)
2026-09-24 12:55:27,159 - RLController - INFO -   Example: junction B5 -> durations [60, 10, 10, 10] (total: 90s)
2026-09-24 12:55:27,159 - RLController - INFO -   Example: junction C0 -> durations [22, 22, 24, 22] (total: 90s)
2026-09-24 12:55:27,159 - RLController - INFO -   Example: junction C1 -> durations [24, 22, 22, 22] (total: 90s)
2026-09-24 12:55:27,159 - RLController - INFO -   Example: junction C2 -> durations [57, 13, 10, 10] (total: 90s)
2026-09-24 12:55:27,160 - RLController - INFO -   Example: junction C3 -> durations [60, 10, 10, 10] (total: 90s)
2026-09-24 12:55:27,160 - RLController - INFO -   Example: junction C4 -> durations [57, 11, 11, 11] (total: 90s)
2026-09-24 12:55:27,160 - RLController - INFO -   Example: junction C5 -> durations [57, 11, 11, 11] (total: 90s)
2026-09-24 12:55:27,160 - RLController - INFO -   Example: junction D0 -> durations [24, 22, 22, 22] (total: 90s)
2026-09-24 12:55:27,160 - RLController - INFO -   Example: junction D1 -> durations [21, 21, 27, 21] (total: 90s)
2026-09-24 12:55:27,161 - RLController - INFO -   Example: junction D2 -> durations [45, 15, 15, 15] (total: 90s)
2026-09-24 12:55:27,161 - RLController - INFO -   Example: junction D3 -> durations [24, 22, 22, 22] (total: 90s)
2026-09-24 12:55:27,161 - RLController - INFO -   Example: junction D4 -> durations [24, 22, 22, 22] (total: 90s)
2026-09-24 12:55:27,161 - RLController - INFO -   Example: junction D5 -> durations [13, 13, 51, 13] (total: 90s)
2026-09-24 12:55:27,162 - RLController - INFO -   Example: junction E0 -> durations [24, 22, 22, 22] (total: 90s)
2026-09-24 12:55:27,162 - RLController - INFO -   Example: junction E1 -> durations [24, 22, 22, 22] (total: 90s)
2026-09-24 12:55:27,163 - RLController - INFO -   Stored schedules for 34 junctions, cycle starts at step 5490
2026-09-24 12:55:31,127 - RLController - INFO - DIAGNOSTIC Step 5580 - Observation stats:
2026-09-24 12:55:31,128 - RLController - INFO -   Hash: 1051061444319867834, Min: 0.000000, Max: 1.000000, Mean: 0.443151, Std: 0.457481
2026-09-24 12:55:31,128 - RLController - INFO -   First 10: [1.         0.         0.         0.         0.         0.55371183
 0.         1.         0.99333334 1.        ]
2026-09-24 12:55:31,129 - RLController - INFO -   Last 10: [0.         0.2        0.         0.08333334 0.5        0.00309116
 0.07794872 0.51995295 0.         0.3       ]
2026-09-24 12:55:31,136 - RLController - INFO - DIAGNOSTIC - Raw model action output:
2026-09-24 12:55:31,136 - RLController - INFO -   Action hash: 68118567569904081
2026-09-24 12:55:31,136 - RLController - INFO -   First 8 values: [ -7.4924893 -10.        -10.        -10.        -10.        -10.
 -10.        -10.       ]
2026-09-24 12:55:31,137 - RLController - INFO -   Last 8 values: [-10.       -10.       -10.       -10.       -10.        -2.070871
 -10.       -10.      ]
2026-09-24 12:55:31,137 - RLController - INFO -   Action shape: (136,), min: -10.000000, max: 5.721929, mean: -9.260049
2026-09-24 12:55:31,138 - RLController - INFO -   B0 junction (indices 16-19) raw values: [-10. -10. -10. -10.]
2026-09-24 12:55:31,138 - RLController - INFO - Using CONTINUOUS DURATION-BASED mode
2026-09-24 12:55:31,138 - RLController - INFO -   Example: junction A0 -> durations [51, 13, 13, 13] (total: 90s)
2026-09-24 12:55:31,138 - RLController - INFO -   Example: junction A1 -> durations [24, 22, 22, 22] (total: 90s)
2026-09-24 12:55:31,138 - RLController - INFO -   Example: junction A2 -> durations [12, 12, 54, 12] (total: 90s)
2026-09-24 12:55:31,139 - RLController - INFO -   Example: junction A4 -> durations [60, 10, 10, 10] (total: 90s)
2026-09-24 12:55:31,139 - RLController - INFO -   Example: junction A5 -> durations [24, 22, 22, 22] (total: 90s)
2026-09-24 12:55:31,139 - RLController - INFO -   Example: junction B0 -> durations [24, 22, 22, 22] (total: 90s)
2026-09-24 12:55:31,139 - RLController - INFO -   Example: junction B1 -> durations [24, 22, 22, 22] (total: 90s)
2026-09-24 12:55:31,140 - RLController - INFO -   Example: junction B2 -> durations [24, 22, 22, 22] (total: 90s)
2026-09-24 12:55:31,140 - RLController - INFO -   Example: junction B4 -> durations [24, 22, 22, 22] (total: 90s)
2026-09-24 12:55:31,140 - RLController - INFO -   Example: junction B5 -> durations [60, 10, 10, 10] (total: 90s)
2026-09-24 12:55:31,140 - RLController - INFO -   Example: junction C0 -> durations [22, 22, 24, 22] (total: 90s)
2026-09-24 12:55:31,141 - RLController - INFO -   Example: junction C1 -> durations [24, 22, 22, 22] (total: 90s)
2026-09-24 12:55:31,141 - RLController - INFO -   Example: junction C2 -> durations [57, 13, 10, 10] (total: 90s)
2026-09-24 12:55:31,141 - RLController - INFO -   Example: junction C3 -> durations [60, 10, 10, 10] (total: 90s)
2026-09-24 12:55:31,141 - RLController - INFO -   Example: junction C4 -> durations [57, 11, 11, 11] (total: 90s)
2026-09-24 12:55:31,141 - RLController - INFO -   Example: junction C5 -> durations [57, 11, 11, 11] (total: 90s)
2026-09-24 12:55:31,142 - RLController - INFO -   Example: junction D0 -> durations [24, 22, 22, 22] (total: 90s)
2026-09-24 12:55:31,142 - RLController - INFO -   Example: junction D1 -> durations [21, 21, 27, 21] (total: 90s)
2026-09-24 12:55:31,142 - RLController - INFO -   Example: junction D2 -> durations [45, 15, 15, 15] (total: 90s)
2026-09-24 12:55:31,142 - RLController - INFO -   Example: junction D3 -> durations [24, 22, 22, 22] (total: 90s)
2026-09-24 12:55:31,143 - RLController - INFO -   Example: junction D4 -> durations [24, 22, 22, 22] (total: 90s)
2026-09-24 12:55:31,143 - RLController - INFO -   Example: junction D5 -> durations [13, 13, 51, 13] (total: 90s)
2026-09-24 12:55:31,143 - RLController - INFO -   Example: junction E0 -> durations [24, 22, 22, 22] (total: 90s)
2026-09-24 12:55:31,143 - RLController - INFO -   Example: junction E1 -> durations [24, 22, 22, 22] (total: 90s)
2026-09-24 12:55:31,145 - RLController - INFO -   Stored schedules for 34 junctions, cycle starts at step 5580
2026-09-24 12:55:34,325 - RLController - INFO - DIAGNOSTIC Step 5670 - Observation stats:
2026-09-24 12:55:34,325 - RLController - INFO -   Hash: -7789747080747778312, Min: 0.000000, Max: 1.000000, Mean: 0.441886, Std: 0.457056
2026-09-24 12:55:34,326 - RLController - INFO -   First 10: [1.         0.         0.         0.         0.         0.55371183
 0.         1.         0.99333334 1.        ]
2026-09-24 12:55:34,326 - RLController - INFO -   Last 10: [0.         0.2        0.         0.08333334 0.47863248 0.00337221
 0.07713675 0.5433511  0.         0.3       ]
2026-09-24 12:55:34,331 - RLController - INFO - DIAGNOSTIC - Raw model action output:
2026-09-24 12:55:34,331 - RLController - INFO -   Action hash: 9145250462975250976
2026-09-24 12:55:34,332 - RLController - INFO -   First 8 values: [ -7.573424 -10.       -10.       -10.       -10.       -10.
 -10.       -10.      ]
2026-09-24 12:55:34,332 - RLController - INFO -   Last 8 values: [-10.        -10.        -10.        -10.        -10.         -2.3414361
 -10.        -10.       ]
2026-09-24 12:55:34,332 - RLController - INFO -   Action shape: (136,), min: -10.000000, max: 4.718197, mean: -9.295342
2026-09-24 12:55:34,333 - RLController - INFO -   B0 junction (indices 16-19) raw values: [-10. -10. -10. -10.]
2026-09-24 12:55:34,333 - RLController - INFO - Using CONTINUOUS DURATION-BASED mode
2026-09-24 12:55:34,333 - RLController - INFO -   Example: junction A0 -> durations [51, 13, 13, 13] (total: 90s)
2026-09-24 12:55:34,333 - RLController - INFO -   Example: junction A1 -> durations [24, 22, 22, 22] (total: 90s)
2026-09-24 12:55:34,333 - RLController - INFO -   Example: junction A2 -> durations [12, 12, 54, 12] (total: 90s)
2026-09-24 12:55:34,333 - RLController - INFO -   Example: junction A4 -> durations [60, 10, 10, 10] (total: 90s)
2026-09-24 12:55:34,334 - RLController - INFO -   Example: junction A5 -> durations [24, 22, 22, 22] (total: 90s)
2026-09-24 12:55:34,334 - RLController - INFO -   Example: junction B0 -> durations [24, 22, 22, 22] (total: 90s)
2026-09-24 12:55:34,334 - RLController - INFO -   Example: junction B1 -> durations [24, 22, 22, 22] (total: 90s)
2026-09-24 12:55:34,334 - RLController - INFO -   Example: junction B2 -> durations [24, 22, 22, 22] (total: 90s)
2026-09-24 12:55:34,334 - RLController - INFO -   Example: junction B4 -> durations [24, 22, 22, 22] (total: 90s)
2026-09-24 12:55:34,335 - RLController - INFO -   Example: junction B5 -> durations [60, 10, 10, 10] (total: 90s)
2026-09-24 12:55:34,335 - RLController - INFO -   Example: junction C0 -> durations [22, 22, 24, 22] (total: 90s)
2026-09-24 12:55:34,335 - RLController - INFO -   Example: junction C1 -> durations [24, 22, 22, 22] (total: 90s)
2026-09-24 12:55:34,335 - RLController - INFO -   Example: junction C2 -> durations [57, 13, 10, 10] (total: 90s)
2026-09-24 12:55:34,335 - RLController - INFO -   Example: junction C3 -> durations [60, 10, 10, 10] (total: 90s)
2026-09-24 12:55:34,335 - RLController - INFO -   Example: junction C4 -> durations [57, 11, 11, 11] (total: 90s)
2026-09-24 12:55:34,336 - RLController - INFO -   Example: junction C5 -> durations [57, 11, 11, 11] (total: 90s)
2026-09-24 12:55:34,336 - RLController - INFO -   Example: junction D0 -> durations [24, 22, 22, 22] (total: 90s)
2026-09-24 12:55:34,336 - RLController - INFO -   Example: junction D1 -> durations [21, 21, 27, 21] (total: 90s)
2026-09-24 12:55:34,336 - RLController - INFO -   Example: junction D2 -> durations [45, 15, 15, 15] (total: 90s)
2026-09-24 12:55:34,336 - RLController - INFO -   Example: junction D3 -> durations [24, 22, 22, 22] (total: 90s)
2026-09-24 12:55:34,336 - RLController - INFO -   Example: junction D4 -> durations [24, 22, 22, 22] (total: 90s)
2026-09-24 12:55:34,337 - RLController - INFO -   Example: junction D5 -> durations [13, 13, 51, 13] (total: 90s)
2026-09-24 12:55:34,337 - RLController - INFO -   Example: junction E0 -> durations [24, 22, 22, 22] (total: 90s)
2026-09-24 12:55:34,337 - RLController - INFO -   Example: junction E1 -> durations [24, 22, 22, 22] (total: 90s)
2026-09-24 12:55:34,338 - RLController - INFO -   Stored schedules for 34 junctions, cycle starts at step 5670
2026-09-24 12:55:36,912 - RLController - INFO - DIAGNOSTIC Step 5760 - Observation stats:
2026-09-24 12:55:36,913 - RLController - INFO -   Hash: 2402916551568558005, Min: 0.000000, Max: 1.000030, Mean: 0.438920, Std: 0.457419
2026-09-24 12:55:36,913 - RLController - INFO -   First 10: [1.         0.         0.         0.         0.         0.55371183
 0.         1.         0.99333334 1.        ]
2026-09-24 12:55:36,913 - RLController - INFO -   Last 10: [0.         0.2        0.         0.08333334 0.4679487  0.00316149
 0.07935897 0.54528666 0.         0.3       ]
2026-09-24 12:55:36,917 - RLController - INFO - DIAGNOSTIC - Raw model action output:
2026-09-24 12:55:36,917 - RLController - INFO -   Action hash: 4170945062893965972
2026-09-24 12:55:36,917 - RLController - INFO -   First 8 values: [ -6.976892 -10.       -10.       -10.       -10.       -10.
 -10.       -10.      ]
2026-09-24 12:55:36,918 - RLController - INFO -   Last 8 values: [-10.        -10.        -10.        -10.        -10.         -2.6751482
 -10.        -10.       ]
2026-09-24 12:55:36,918 - RLController - INFO -   Action shape: (136,), min: -10.000000, max: 5.445127, mean: -9.264215
2026-09-24 12:55:36,918 - RLController - INFO -   B0 junction (indices 16-19) raw values: [ -9.716601 -10.       -10.       -10.      ]
2026-09-24 12:55:36,918 - RLController - INFO - Using CONTINUOUS DURATION-BASED mode
2026-09-24 12:55:36,918 - RLController - INFO -   Example: junction A0 -> durations [51, 13, 13, 13] (total: 90s)
2026-09-24 12:55:36,918 - RLController - INFO -   Example: junction A1 -> durations [24, 22, 22, 22] (total: 90s)
2026-09-24 12:55:36,918 - RLController - INFO -   Example: junction A2 -> durations [12, 12, 54, 12] (total: 90s)
2026-09-24 12:55:36,918 - RLController - INFO -   Example: junction A4 -> durations [60, 10, 10, 10] (total: 90s)
2026-09-24 12:55:36,918 - RLController - INFO -   Example: junction A5 -> durations [24, 22, 22, 22] (total: 90s)
2026-09-24 12:55:36,919 - RLController - INFO -   Example: junction B0 -> durations [24, 22, 22, 22] (total: 90s)
2026-09-24 12:55:36,919 - RLController - INFO -   Example: junction B1 -> durations [24, 22, 22, 22] (total: 90s)
2026-09-24 12:55:36,919 - RLController - INFO -   Example: junction B2 -> durations [24, 22, 22, 22] (total: 90s)
2026-09-24 12:55:36,919 - RLController - INFO -   Example: junction B4 -> durations [24, 22, 22, 22] (total: 90s)
2026-09-24 12:55:36,919 - RLController - INFO -   Example: junction B5 -> durations [60, 10, 10, 10] (total: 90s)
2026-09-24 12:55:36,919 - RLController - INFO -   Example: junction C0 -> durations [22, 22, 24, 22] (total: 90s)
2026-09-24 12:55:36,919 - RLController - INFO -   Example: junction C1 -> durations [24, 22, 22, 22] (total: 90s)
2026-09-24 12:55:36,919 - RLController - INFO -   Example: junction C2 -> durations [57, 13, 10, 10] (total: 90s)
2026-09-24 12:55:36,919 - RLController - INFO -   Example: junction C3 -> durations [60, 10, 10, 10] (total: 90s)
2026-09-24 12:55:36,919 - RLController - INFO -   Example: junction C4 -> durations [57, 11, 11, 11] (total: 90s)
2026-09-24 12:55:36,920 - RLController - INFO -   Example: junction C5 -> durations [57, 11, 11, 11] (total: 90s)
2026-09-24 12:55:36,920 - RLController - INFO -   Example: junction D0 -> durations [24, 22, 22, 22] (total: 90s)
2026-09-24 12:55:36,920 - RLController - INFO -   Example: junction D1 -> durations [21, 21, 27, 21] (total: 90s)
2026-09-24 12:55:36,920 - RLController - INFO -   Example: junction D2 -> durations [45, 15, 15, 15] (total: 90s)
2026-09-24 12:55:36,920 - RLController - INFO -   Example: junction D3 -> durations [24, 22, 22, 22] (total: 90s)
2026-09-24 12:55:36,920 - RLController - INFO -   Example: junction D4 -> durations [24, 22, 22, 22] (total: 90s)
2026-09-24 12:55:36,920 - RLController - INFO -   Example: junction D5 -> durations [13, 13, 51, 13] (total: 90s)
2026-09-24 12:55:36,920 - RLController - INFO -   Example: junction E0 -> durations [24, 22, 22, 22] (total: 90s)
2026-09-24 12:55:36,920 - RLController - INFO -   Example: junction E1 -> durations [24, 22, 22, 22] (total: 90s)
2026-09-24 12:55:36,921 - RLController - INFO -   Stored schedules for 34 junctions, cycle starts at step 5760
2026-09-24 12:55:40,326 - RLController - INFO - DIAGNOSTIC Step 5850 - Observation stats:
2026-09-24 12:55:40,327 - RLController - INFO -   Hash: -6246320145552325455, Min: 0.000000, Max: 1.000000, Mean: 0.436367, Std: 0.455871
2026-09-24 12:55:40,327 - RLController - INFO -   First 10: [1.         0.         0.         0.         0.         0.55371183
 0.         1.         0.99333334 1.        ]
2026-09-24 12:55:40,328 - RLController - INFO -   Last 10: [0.         0.2        0.         0.08333334 0.45726496 0.00324544
 0.07880342 0.5606109  0.         0.3       ]
2026-09-24 12:55:40,335 - RLController - INFO - DIAGNOSTIC - Raw model action output:
2026-09-24 12:55:40,335 - RLController - INFO -   Action hash: 5231427239388312886
2026-09-24 12:55:40,335 - RLController - INFO -   First 8 values: [ -7.23417 -10.      -10.      -10.      -10.      -10.      -10.
 -10.     ]
2026-09-24 12:55:40,336 - RLController - INFO -   Last 8 values: [-10.        -10.        -10.        -10.        -10.         -2.0706685
 -10.        -10.       ]
2026-09-24 12:55:40,336 - RLController - INFO -   Action shape: (136,), min: -10.000000, max: 5.425395, mean: -9.254826
2026-09-24 12:55:40,336 - RLController - INFO -   B0 junction (indices 16-19) raw values: [ -9.910926 -10.       -10.       -10.      ]
2026-09-24 12:55:40,336 - RLController - INFO - Using CONTINUOUS DURATION-BASED mode
2026-09-24 12:55:40,336 - RLController - INFO -   Example: junction A0 -> durations [51, 13, 13, 13] (total: 90s)
2026-09-24 12:55:40,337 - RLController - INFO -   Example: junction A1 -> durations [24, 22, 22, 22] (total: 90s)
2026-09-24 12:55:40,337 - RLController - INFO -   Example: junction A2 -> durations [12, 12, 54, 12] (total: 90s)
2026-09-24 12:55:40,337 - RLController - INFO -   Example: junction A4 -> durations [60, 10, 10, 10] (total: 90s)
2026-09-24 12:55:40,337 - RLController - INFO -   Example: junction A5 -> durations [24, 22, 22, 22] (total: 90s)
2026-09-24 12:55:40,337 - RLController - INFO -   Example: junction B0 -> durations [24, 22, 22, 22] (total: 90s)
2026-09-24 12:55:40,337 - RLController - INFO -   Example: junction B1 -> durations [24, 22, 22, 22] (total: 90s)
2026-09-24 12:55:40,338 - RLController - INFO -   Example: junction B2 -> durations [24, 22, 22, 22] (total: 90s)
2026-09-24 12:55:40,338 - RLController - INFO -   Example: junction B4 -> durations [24, 22, 22, 22] (total: 90s)
2026-09-24 12:55:40,338 - RLController - INFO -   Example: junction B5 -> durations [60, 10, 10, 10] (total: 90s)
2026-09-24 12:55:40,338 - RLController - INFO -   Example: junction C0 -> durations [22, 22, 24, 22] (total: 90s)
2026-09-24 12:55:40,338 - RLController - INFO -   Example: junction C1 -> durations [24, 22, 22, 22] (total: 90s)
2026-09-24 12:55:40,338 - RLController - INFO -   Example: junction C2 -> durations [57, 13, 10, 10] (total: 90s)
2026-09-24 12:55:40,338 - RLController - INFO -   Example: junction C3 -> durations [60, 10, 10, 10] (total: 90s)
2026-09-24 12:55:40,339 - RLController - INFO -   Example: junction C4 -> durations [57, 11, 11, 11] (total: 90s)
2026-09-24 12:55:40,339 - RLController - INFO -   Example: junction C5 -> durations [57, 11, 11, 11] (total: 90s)
2026-09-24 12:55:40,339 - RLController - INFO -   Example: junction D0 -> durations [24, 22, 22, 22] (total: 90s)
2026-09-24 12:55:40,339 - RLController - INFO -   Example: junction D1 -> durations [21, 21, 27, 21] (total: 90s)
2026-09-24 12:55:40,339 - RLController - INFO -   Example: junction D2 -> durations [45, 15, 15, 15] (total: 90s)
2026-09-24 12:55:40,339 - RLController - INFO -   Example: junction D3 -> durations [24, 22, 22, 22] (total: 90s)
2026-09-24 12:55:40,340 - RLController - INFO -   Example: junction D4 -> durations [24, 22, 22, 22] (total: 90s)
2026-09-24 12:55:40,340 - RLController - INFO -   Example: junction D5 -> durations [13, 13, 51, 13] (total: 90s)
2026-09-24 12:55:40,340 - RLController - INFO -   Example: junction E0 -> durations [24, 22, 22, 22] (total: 90s)
2026-09-24 12:55:40,340 - RLController - INFO -   Example: junction E1 -> durations [24, 22, 22, 22] (total: 90s)
2026-09-24 12:55:40,341 - RLController - INFO -   Stored schedules for 34 junctions, cycle starts at step 5850
2026-09-24 12:55:43,653 - RLController - INFO - DIAGNOSTIC Step 5940 - Observation stats:
2026-09-24 12:55:43,654 - RLController - INFO -   Hash: -7450202818951188648, Min: 0.000000, Max: 1.000000, Mean: 0.447143, Std: 0.457123
2026-09-24 12:55:43,654 - RLController - INFO -   First 10: [1.         0.         0.         0.         0.         0.55371183
 0.         1.         0.99333334 1.        ]
2026-09-24 12:55:43,654 - RLController - INFO -   Last 10: [0.         0.2        0.         0.08333334 0.5        0.00341614
 0.08064102 0.5192282  0.         0.3       ]
2026-09-24 12:55:43,660 - RLController - INFO - DIAGNOSTIC - Raw model action output:
2026-09-24 12:55:43,660 - RLController - INFO -   Action hash: 1369311129292261346
2026-09-24 12:55:43,661 - RLController - INFO -   First 8 values: [ -7.842152 -10.       -10.       -10.       -10.       -10.
 -10.       -10.      ]
2026-09-24 12:55:43,661 - RLController - INFO -   Last 8 values: [-10.        -10.        -10.        -10.        -10.         -2.6175125
 -10.        -10.       ]
2026-09-24 12:55:43,661 - RLController - INFO -   Action shape: (136,), min: -10.000000, max: 5.593802, mean: -9.299850
2026-09-24 12:55:43,662 - RLController - INFO -   B0 junction (indices 16-19) raw values: [ -9.695283 -10.       -10.       -10.      ]
2026-09-24 12:55:43,662 - RLController - INFO - Using CONTINUOUS DURATION-BASED mode
2026-09-24 12:55:43,662 - RLController - INFO -   Example: junction A0 -> durations [51, 13, 13, 13] (total: 90s)
2026-09-24 12:55:43,662 - RLController - INFO -   Example: junction A1 -> durations [24, 22, 22, 22] (total: 90s)
2026-09-24 12:55:43,662 - RLController - INFO -   Example: junction A2 -> durations [12, 12, 54, 12] (total: 90s)
2026-09-24 12:55:43,663 - RLController - INFO -   Example: junction A4 -> durations [60, 10, 10, 10] (total: 90s)
2026-09-24 12:55:43,663 - RLController - INFO -   Example: junction A5 -> durations [24, 22, 22, 22] (total: 90s)
2026-09-24 12:55:43,663 - RLController - INFO -   Example: junction B0 -> durations [24, 22, 22, 22] (total: 90s)
2026-09-24 12:55:43,663 - RLController - INFO -   Example: junction B1 -> durations [24, 22, 22, 22] (total: 90s)
2026-09-24 12:55:43,663 - RLController - INFO -   Example: junction B2 -> durations [24, 22, 22, 22] (total: 90s)
2026-09-24 12:55:43,663 - RLController - INFO -   Example: junction B4 -> durations [24, 22, 22, 22] (total: 90s)
2026-09-24 12:55:43,664 - RLController - INFO -   Example: junction B5 -> durations [60, 10, 10, 10] (total: 90s)
2026-09-24 12:55:43,664 - RLController - INFO -   Example: junction C0 -> durations [22, 22, 24, 22] (total: 90s)
2026-09-24 12:55:43,664 - RLController - INFO -   Example: junction C1 -> durations [24, 22, 22, 22] (total: 90s)
2026-09-24 12:55:43,664 - RLController - INFO -   Example: junction C2 -> durations [57, 13, 10, 10] (total: 90s)
2026-09-24 12:55:43,665 - RLController - INFO -   Example: junction C3 -> durations [60, 10, 10, 10] (total: 90s)
2026-09-24 12:55:43,665 - RLController - INFO -   Example: junction C4 -> durations [57, 11, 11, 11] (total: 90s)
2026-09-24 12:55:43,665 - RLController - INFO -   Example: junction C5 -> durations [57, 11, 11, 11] (total: 90s)
2026-09-24 12:55:43,665 - RLController - INFO -   Example: junction D0 -> durations [24, 22, 22, 22] (total: 90s)
2026-09-24 12:55:43,665 - RLController - INFO -   Example: junction D1 -> durations [21, 21, 27, 21] (total: 90s)
2026-09-24 12:55:43,665 - RLController - INFO -   Example: junction D2 -> durations [45, 15, 15, 15] (total: 90s)
2026-09-24 12:55:43,666 - RLController - INFO -   Example: junction D3 -> durations [24, 22, 22, 22] (total: 90s)
2026-09-24 12:55:43,666 - RLController - INFO -   Example: junction D4 -> durations [24, 22, 22, 22] (total: 90s)
2026-09-24 12:55:43,666 - RLController - INFO -   Example: junction D5 -> durations [13, 13, 51, 13] (total: 90s)
2026-09-24 12:55:43,666 - RLController - INFO -   Example: junction E0 -> durations [24, 22, 22, 22] (total: 90s)
2026-09-24 12:55:43,666 - RLController - INFO -   Example: junction E1 -> durations [24, 22, 22, 22] (total: 90s)
2026-09-24 12:55:43,667 - RLController - INFO -   Stored schedules for 34 junctions, cycle starts at step 5940
2026-09-24 12:55:47,788 - RLController - INFO - DIAGNOSTIC Step 6030 - Observation stats:
2026-09-24 12:55:47,788 - RLController - INFO -   Hash: 3955511907479614561, Min: 0.000000, Max: 1.000000, Mean: 0.445502, Std: 0.456055
2026-09-24 12:55:47,788 - RLController - INFO -   First 10: [1.         0.         0.         0.         0.         0.55371183
 0.         1.         0.99333334 1.        ]
2026-09-24 12:55:47,789 - RLController - INFO -   Last 10: [0.         0.2        0.         0.08333334 0.50427353 0.00326034
 0.08025641 0.5143688  0.         0.3       ]
2026-09-24 12:55:47,794 - RLController - INFO - DIAGNOSTIC - Raw model action output:
2026-09-24 12:55:47,794 - RLController - INFO -   Action hash: 8109898134506132395
2026-09-24 12:55:47,794 - RLController - INFO -   First 8 values: [ -7.762256 -10.       -10.       -10.       -10.       -10.
 -10.       -10.      ]
2026-09-24 12:55:47,794 - RLController - INFO -   Last 8 values: [-10.        -10.        -10.        -10.        -10.         -1.4526865
 -10.        -10.       ]
2026-09-24 12:55:47,795 - RLController - INFO -   Action shape: (136,), min: -10.000000, max: 5.292900, mean: -9.302512
2026-09-24 12:55:47,795 - RLController - INFO -   B0 junction (indices 16-19) raw values: [-10. -10. -10. -10.]
2026-09-24 12:55:47,795 - RLController - INFO - Using CONTINUOUS DURATION-BASED mode
2026-09-24 12:55:47,795 - RLController - INFO -   Example: junction A0 -> durations [51, 13, 13, 13] (total: 90s)
2026-09-24 12:55:47,795 - RLController - INFO -   Example: junction A1 -> durations [24, 22, 22, 22] (total: 90s)
2026-09-24 12:55:47,795 - RLController - INFO -   Example: junction A2 -> durations [12, 12, 54, 12] (total: 90s)
2026-09-24 12:55:47,795 - RLController - INFO -   Example: junction A4 -> durations [60, 10, 10, 10] (total: 90s)
2026-09-24 12:55:47,796 - RLController - INFO -   Example: junction A5 -> durations [24, 22, 22, 22] (total: 90s)
2026-09-24 12:55:47,796 - RLController - INFO -   Example: junction B0 -> durations [24, 22, 22, 22] (total: 90s)
2026-09-24 12:55:47,796 - RLController - INFO -   Example: junction B1 -> durations [24, 22, 22, 22] (total: 90s)
2026-09-24 12:55:47,796 - RLController - INFO -   Example: junction B2 -> durations [24, 22, 22, 22] (total: 90s)
2026-09-24 12:55:47,796 - RLController - INFO -   Example: junction B4 -> durations [24, 22, 22, 22] (total: 90s)
2026-09-24 12:55:47,796 - RLController - INFO -   Example: junction B5 -> durations [60, 10, 10, 10] (total: 90s)
2026-09-24 12:55:47,796 - RLController - INFO -   Example: junction C0 -> durations [22, 22, 24, 22] (total: 90s)
2026-09-24 12:55:47,796 - RLController - INFO -   Example: junction C1 -> durations [24, 22, 22, 22] (total: 90s)
2026-09-24 12:55:47,797 - RLController - INFO -   Example: junction C2 -> durations [57, 13, 10, 10] (total: 90s)
2026-09-24 12:55:47,797 - RLController - INFO -   Example: junction C3 -> durations [60, 10, 10, 10] (total: 90s)
2026-09-24 12:55:47,797 - RLController - INFO -   Example: junction C4 -> durations [57, 11, 11, 11] (total: 90s)
2026-09-24 12:55:47,797 - RLController - INFO -   Example: junction C5 -> durations [57, 11, 11, 11] (total: 90s)
2026-09-24 12:55:47,797 - RLController - INFO -   Example: junction D0 -> durations [24, 22, 22, 22] (total: 90s)
2026-09-24 12:55:47,797 - RLController - INFO -   Example: junction D1 -> durations [21, 21, 27, 21] (total: 90s)
2026-09-24 12:55:47,797 - RLController - INFO -   Example: junction D2 -> durations [45, 15, 15, 15] (total: 90s)
2026-09-24 12:55:47,798 - RLController - INFO -   Example: junction D3 -> durations [24, 22, 22, 22] (total: 90s)
2026-09-24 12:55:47,798 - RLController - INFO -   Example: junction D4 -> durations [24, 22, 22, 22] (total: 90s)
2026-09-24 12:55:47,798 - RLController - INFO -   Example: junction D5 -> durations [13, 13, 51, 13] (total: 90s)
2026-09-24 12:55:47,798 - RLController - INFO -   Example: junction E0 -> durations [24, 22, 22, 22] (total: 90s)
2026-09-24 12:55:47,798 - RLController - INFO -   Example: junction E1 -> durations [24, 22, 22, 22] (total: 90s)
2026-09-24 12:55:47,799 - RLController - INFO -   Stored schedules for 34 junctions, cycle starts at step 6030
2026-09-24 12:55:51,052 - RLController - INFO - DIAGNOSTIC Step 6120 - Observation stats:
2026-09-24 12:55:51,053 - RLController - INFO -   Hash: 8176565396008905710, Min: 0.000000, Max: 1.000000, Mean: 0.449259, Std: 0.457756
2026-09-24 12:55:51,055 - RLController - INFO -   First 10: [1.         0.         0.         0.         0.         0.55371183
 0.         1.         0.99333334 1.        ]
2026-09-24 12:55:51,055 - RLController - INFO -   Last 10: [0.         0.2        0.         0.08333334 0.5106838  0.00377487
 0.07940171 0.511006   0.         0.3       ]
2026-09-24 12:55:51,071 - RLController - INFO - DIAGNOSTIC - Raw model action output:
2026-09-24 12:55:51,071 - RLController - INFO -   Action hash: -6041566910232836603
2026-09-24 12:55:51,072 - RLController - INFO -   First 8 values: [ -7.332704 -10.       -10.       -10.       -10.       -10.
 -10.       -10.      ]
2026-09-24 12:55:51,072 - RLController - INFO -   Last 8 values: [-10.        -10.        -10.        -10.        -10.         -1.2944372
 -10.        -10.       ]
2026-09-24 12:55:51,072 - RLController - INFO -   Action shape: (136,), min: -10.000000, max: 5.462194, mean: -9.299681
2026-09-24 12:55:51,073 - RLController - INFO -   B0 junction (indices 16-19) raw values: [-10. -10. -10. -10.]
2026-09-24 12:55:51,073 - RLController - INFO - Using CONTINUOUS DURATION-BASED mode
2026-09-24 12:55:51,073 - RLController - INFO -   Example: junction A0 -> durations [51, 13, 13, 13] (total: 90s)
2026-09-24 12:55:51,074 - RLController - INFO -   Example: junction A1 -> durations [24, 22, 22, 22] (total: 90s)
2026-09-24 12:55:51,074 - RLController - INFO -   Example: junction A2 -> durations [12, 12, 54, 12] (total: 90s)
2026-09-24 12:55:51,074 - RLController - INFO -   Example: junction A4 -> durations [60, 10, 10, 10] (total: 90s)
2026-09-24 12:55:51,074 - RLController - INFO -   Example: junction A5 -> durations [24, 22, 22, 22] (total: 90s)
2026-09-24 12:55:51,075 - RLController - INFO -   Example: junction B0 -> durations [24, 22, 22, 22] (total: 90s)
2026-09-24 12:55:51,075 - RLController - INFO -   Example: junction B1 -> durations [24, 22, 22, 22] (total: 90s)
2026-09-24 12:55:51,075 - RLController - INFO -   Example: junction B2 -> durations [24, 22, 22, 22] (total: 90s)
2026-09-24 12:55:51,075 - RLController - INFO -   Example: junction B4 -> durations [24, 22, 22, 22] (total: 90s)
2026-09-24 12:55:51,076 - RLController - INFO -   Example: junction B5 -> durations [60, 10, 10, 10] (total: 90s)
2026-09-24 12:55:51,076 - RLController - INFO -   Example: junction C0 -> durations [22, 22, 24, 22] (total: 90s)
2026-09-24 12:55:51,076 - RLController - INFO -   Example: junction C1 -> durations [24, 22, 22, 22] (total: 90s)
2026-09-24 12:55:51,076 - RLController - INFO -   Example: junction C2 -> durations [57, 13, 10, 10] (total: 90s)
2026-09-24 12:55:51,076 - RLController - INFO -   Example: junction C3 -> durations [60, 10, 10, 10] (total: 90s)
2026-09-24 12:55:51,077 - RLController - INFO -   Example: junction C4 -> durations [57, 11, 11, 11] (total: 90s)
2026-09-24 12:55:51,077 - RLController - INFO -   Example: junction C5 -> durations [57, 11, 11, 11] (total: 90s)
2026-09-24 12:55:51,077 - RLController - INFO -   Example: junction D0 -> durations [24, 22, 22, 22] (total: 90s)
2026-09-24 12:55:51,077 - RLController - INFO -   Example: junction D1 -> durations [21, 21, 27, 21] (total: 90s)
2026-09-24 12:55:51,077 - RLController - INFO -   Example: junction D2 -> durations [45, 15, 15, 15] (total: 90s)
2026-09-24 12:55:51,078 - RLController - INFO -   Example: junction D3 -> durations [24, 22, 22, 22] (total: 90s)
2026-09-24 12:55:51,078 - RLController - INFO -   Example: junction D4 -> durations [24, 22, 22, 22] (total: 90s)
2026-09-24 12:55:51,078 - RLController - INFO -   Example: junction D5 -> durations [13, 13, 51, 13] (total: 90s)
2026-09-24 12:55:51,078 - RLController - INFO -   Example: junction E0 -> durations [24, 22, 22, 22] (total: 90s)
2026-09-24 12:55:51,079 - RLController - INFO -   Example: junction E1 -> durations [24, 22, 22, 22] (total: 90s)
2026-09-24 12:55:51,080 - RLController - INFO -   Stored schedules for 34 junctions, cycle starts at step 6120
2026-09-24 12:55:54,565 - RLController - INFO - DIAGNOSTIC Step 6210 - Observation stats:
2026-09-24 12:55:54,566 - RLController - INFO -   Hash: 3271895612127312260, Min: 0.000000, Max: 1.000000, Mean: 0.445914, Std: 0.457010
2026-09-24 12:55:54,566 - RLController - INFO -   First 10: [1.         0.         0.         0.         0.         0.55371183
 0.         1.         0.99333334 1.        ]
2026-09-24 12:55:54,566 - RLController - INFO -   Last 10: [0.         0.2        0.         0.08333334 0.508547   0.00285483
 0.07982906 0.50161576 0.         0.3       ]
2026-09-24 12:55:54,572 - RLController - INFO - DIAGNOSTIC - Raw model action output:
2026-09-24 12:55:54,572 - RLController - INFO -   Action hash: 848330238790919906
2026-09-24 12:55:54,572 - RLController - INFO -   First 8 values: [ -7.4701 -10.     -10.     -10.     -10.     -10.     -10.     -10.    ]
2026-09-24 12:55:54,573 - RLController - INFO -   Last 8 values: [-10.        -10.        -10.        -10.        -10.         -1.5852959
 -10.        -10.       ]
2026-09-24 12:55:54,573 - RLController - INFO -   Action shape: (136,), min: -10.000000, max: 5.404325, mean: -9.295065
2026-09-24 12:55:54,573 - RLController - INFO -   B0 junction (indices 16-19) raw values: [-10. -10. -10. -10.]
2026-09-24 12:55:54,573 - RLController - INFO - Using CONTINUOUS DURATION-BASED mode
2026-09-24 12:55:54,573 - RLController - INFO -   Example: junction A0 -> durations [51, 13, 13, 13] (total: 90s)
2026-09-24 12:55:54,573 - RLController - INFO -   Example: junction A1 -> durations [24, 22, 22, 22] (total: 90s)
2026-09-24 12:55:54,574 - RLController - INFO -   Example: junction A2 -> durations [12, 12, 54, 12] (total: 90s)
2026-09-24 12:55:54,574 - RLController - INFO -   Example: junction A4 -> durations [60, 10, 10, 10] (total: 90s)
2026-09-24 12:55:54,574 - RLController - INFO -   Example: junction A5 -> durations [24, 22, 22, 22] (total: 90s)
2026-09-24 12:55:54,574 - RLController - INFO -   Example: junction B0 -> durations [24, 22, 22, 22] (total: 90s)
2026-09-24 12:55:54,574 - RLController - INFO -   Example: junction B1 -> durations [24, 22, 22, 22] (total: 90s)
2026-09-24 12:55:54,574 - RLController - INFO -   Example: junction B2 -> durations [24, 22, 22, 22] (total: 90s)
2026-09-24 12:55:54,574 - RLController - INFO -   Example: junction B4 -> durations [24, 22, 22, 22] (total: 90s)
2026-09-24 12:55:54,574 - RLController - INFO -   Example: junction B5 -> durations [60, 10, 10, 10] (total: 90s)
2026-09-24 12:55:54,574 - RLController - INFO -   Example: junction C0 -> durations [22, 22, 24, 22] (total: 90s)
2026-09-24 12:55:54,575 - RLController - INFO -   Example: junction C1 -> durations [24, 22, 22, 22] (total: 90s)
2026-09-24 12:55:54,575 - RLController - INFO -   Example: junction C2 -> durations [57, 13, 10, 10] (total: 90s)
2026-09-24 12:55:54,575 - RLController - INFO -   Example: junction C3 -> durations [60, 10, 10, 10] (total: 90s)
2026-09-24 12:55:54,575 - RLController - INFO -   Example: junction C4 -> durations [57, 11, 11, 11] (total: 90s)
2026-09-24 12:55:54,575 - RLController - INFO -   Example: junction C5 -> durations [57, 11, 11, 11] (total: 90s)
2026-09-24 12:55:54,575 - RLController - INFO -   Example: junction D0 -> durations [24, 22, 22, 22] (total: 90s)
2026-09-24 12:55:54,575 - RLController - INFO -   Example: junction D1 -> durations [21, 21, 27, 21] (total: 90s)
2026-09-24 12:55:54,575 - RLController - INFO -   Example: junction D2 -> durations [45, 15, 15, 15] (total: 90s)
2026-09-24 12:55:54,575 - RLController - INFO -   Example: junction D3 -> durations [24, 22, 22, 22] (total: 90s)
2026-09-24 12:55:54,576 - RLController - INFO -   Example: junction D4 -> durations [24, 22, 22, 22] (total: 90s)
2026-09-24 12:55:54,576 - RLController - INFO -   Example: junction D5 -> durations [13, 13, 51, 13] (total: 90s)
2026-09-24 12:55:54,576 - RLController - INFO -   Example: junction E0 -> durations [24, 22, 22, 22] (total: 90s)
2026-09-24 12:55:54,576 - RLController - INFO -   Example: junction E1 -> durations [24, 22, 22, 22] (total: 90s)
2026-09-24 12:55:54,576 - RLController - INFO -   Stored schedules for 34 junctions, cycle starts at step 6210
2026-09-24 12:55:57,958 - RLController - INFO - DIAGNOSTIC Step 6300 - Observation stats:
2026-09-24 12:55:57,960 - RLController - INFO -   Hash: 9220748295580155840, Min: 0.000000, Max: 1.000135, Mean: 0.440338, Std: 0.455614
2026-09-24 12:55:57,960 - RLController - INFO -   First 10: [1.         0.         0.         0.         0.         0.55371183
 0.         1.         0.99333334 1.        ]
2026-09-24 12:55:57,961 - RLController - INFO -   Last 10: [0.         0.2        0.         0.08333334 0.50641024 0.00359808
 0.07961538 0.5189783  0.         0.3       ]
2026-09-24 12:55:57,972 - RLController - INFO - DIAGNOSTIC - Raw model action output:
2026-09-24 12:55:57,972 - RLController - INFO -   Action hash: -2623093423542743333
2026-09-24 12:55:57,973 - RLController - INFO -   First 8 values: [ -7.1983476 -10.        -10.        -10.        -10.        -10.
 -10.        -10.       ]
2026-09-24 12:55:57,973 - RLController - INFO -   Last 8 values: [-10.       -10.       -10.       -10.       -10.        -2.619386
 -10.       -10.      ]
2026-09-24 12:55:57,973 - RLController - INFO -   Action shape: (136,), min: -10.000000, max: 5.490733, mean: -9.286955
2026-09-24 12:55:57,973 - RLController - INFO -   B0 junction (indices 16-19) raw values: [ -9.9261055 -10.        -10.        -10.       ]
2026-09-24 12:55:57,973 - RLController - INFO - Using CONTINUOUS DURATION-BASED mode
2026-09-24 12:55:57,974 - RLController - INFO -   Example: junction A0 -> durations [51, 13, 13, 13] (total: 90s)
2026-09-24 12:55:57,974 - RLController - INFO -   Example: junction A1 -> durations [24, 22, 22, 22] (total: 90s)
2026-09-24 12:55:57,974 - RLController - INFO -   Example: junction A2 -> durations [12, 12, 54, 12] (total: 90s)
2026-09-24 12:55:57,974 - RLController - INFO -   Example: junction A4 -> durations [60, 10, 10, 10] (total: 90s)
2026-09-24 12:55:57,974 - RLController - INFO -   Example: junction A5 -> durations [24, 22, 22, 22] (total: 90s)
2026-09-24 12:55:57,974 - RLController - INFO -   Example: junction B0 -> durations [24, 22, 22, 22] (total: 90s)
2026-09-24 12:55:57,974 - RLController - INFO -   Example: junction B1 -> durations [24, 22, 22, 22] (total: 90s)
2026-09-24 12:55:57,974 - RLController - INFO -   Example: junction B2 -> durations [24, 22, 22, 22] (total: 90s)
2026-09-24 12:55:57,975 - RLController - INFO -   Example: junction B4 -> durations [24, 22, 22, 22] (total: 90s)
2026-09-24 12:55:57,975 - RLController - INFO -   Example: junction B5 -> durations [60, 10, 10, 10] (total: 90s)
2026-09-24 12:55:57,975 - RLController - INFO -   Example: junction C0 -> durations [22, 22, 24, 22] (total: 90s)
2026-09-24 12:55:57,975 - RLController - INFO -   Example: junction C1 -> durations [24, 22, 22, 22] (total: 90s)
2026-09-24 12:55:57,975 - RLController - INFO -   Example: junction C2 -> durations [57, 13, 10, 10] (total: 90s)
2026-09-24 12:55:57,975 - RLController - INFO -   Example: junction C3 -> durations [60, 10, 10, 10] (total: 90s)
2026-09-24 12:55:57,975 - RLController - INFO -   Example: junction C4 -> durations [57, 11, 11, 11] (total: 90s)
2026-09-24 12:55:57,975 - RLController - INFO -   Example: junction C5 -> durations [57, 11, 11, 11] (total: 90s)
2026-09-24 12:55:57,975 - RLController - INFO -   Example: junction D0 -> durations [24, 22, 22, 22] (total: 90s)
2026-09-24 12:55:57,975 - RLController - INFO -   Example: junction D1 -> durations [21, 21, 27, 21] (total: 90s)
2026-09-24 12:55:57,976 - RLController - INFO -   Example: junction D2 -> durations [45, 15, 15, 15] (total: 90s)
2026-09-24 12:55:57,976 - RLController - INFO -   Example: junction D3 -> durations [24, 22, 22, 22] (total: 90s)
2026-09-24 12:55:57,976 - RLController - INFO -   Example: junction D4 -> durations [24, 22, 22, 22] (total: 90s)
2026-09-24 12:55:57,976 - RLController - INFO -   Example: junction D5 -> durations [13, 13, 51, 13] (total: 90s)
2026-09-24 12:55:57,976 - RLController - INFO -   Example: junction E0 -> durations [24, 22, 22, 22] (total: 90s)
2026-09-24 12:55:57,976 - RLController - INFO -   Example: junction E1 -> durations [24, 22, 22, 22] (total: 90s)
2026-09-24 12:55:57,977 - RLController - INFO -   Stored schedules for 34 junctions, cycle starts at step 6300
2026-09-24 12:56:02,291 - RLController - INFO - DIAGNOSTIC Step 6390 - Observation stats:
2026-09-24 12:56:02,291 - RLController - INFO -   Hash: 2249672328782430854, Min: 0.000000, Max: 1.000000, Mean: 0.447561, Std: 0.458160
2026-09-24 12:56:02,292 - RLController - INFO -   First 10: [1.         0.         0.         0.         0.         0.55371183
 0.         1.         0.99333334 1.        ]
2026-09-24 12:56:02,292 - RLController - INFO -   Last 10: [0.         0.2        0.         0.08333334 0.5        0.0035031
 0.07974359 0.5249855  0.         0.3       ]
2026-09-24 12:56:02,300 - RLController - INFO - DIAGNOSTIC - Raw model action output:
2026-09-24 12:56:02,300 - RLController - INFO -   Action hash: -1469488354759400241
2026-09-24 12:56:02,300 - RLController - INFO -   First 8 values: [ -7.2768064 -10.        -10.        -10.        -10.        -10.
 -10.        -10.       ]
2026-09-24 12:56:02,300 - RLController - INFO -   Last 8 values: [-10.        -10.        -10.        -10.        -10.         -2.4758875
 -10.        -10.       ]
2026-09-24 12:56:02,300 - RLController - INFO -   Action shape: (136,), min: -10.000000, max: 5.773600, mean: -9.264781
2026-09-24 12:56:02,301 - RLController - INFO -   B0 junction (indices 16-19) raw values: [ -9.76143 -10.      -10.      -10.     ]
2026-09-24 12:56:02,301 - RLController - INFO - Using CONTINUOUS DURATION-BASED mode
2026-09-24 12:56:02,301 - RLController - INFO -   Example: junction A0 -> durations [51, 13, 13, 13] (total: 90s)
2026-09-24 12:56:02,301 - RLController - INFO -   Example: junction A1 -> durations [24, 22, 22, 22] (total: 90s)
2026-09-24 12:56:02,302 - RLController - INFO -   Example: junction A2 -> durations [12, 12, 54, 12] (total: 90s)
2026-09-24 12:56:02,302 - RLController - INFO -   Example: junction A4 -> durations [60, 10, 10, 10] (total: 90s)
2026-09-24 12:56:02,302 - RLController - INFO -   Example: junction A5 -> durations [24, 22, 22, 22] (total: 90s)
2026-09-24 12:56:02,302 - RLController - INFO -   Example: junction B0 -> durations [24, 22, 22, 22] (total: 90s)
2026-09-24 12:56:02,302 - RLController - INFO -   Example: junction B1 -> durations [24, 22, 22, 22] (total: 90s)
2026-09-24 12:56:02,302 - RLController - INFO -   Example: junction B2 -> durations [24, 22, 22, 22] (total: 90s)
2026-09-24 12:56:02,303 - RLController - INFO -   Example: junction B4 -> durations [24, 22, 22, 22] (total: 90s)
2026-09-24 12:56:02,303 - RLController - INFO -   Example: junction B5 -> durations [60, 10, 10, 10] (total: 90s)
2026-09-24 12:56:02,303 - RLController - INFO -   Example: junction C0 -> durations [22, 22, 24, 22] (total: 90s)
2026-09-24 12:56:02,303 - RLController - INFO -   Example: junction C1 -> durations [24, 22, 22, 22] (total: 90s)
2026-09-24 12:56:02,303 - RLController - INFO -   Example: junction C2 -> durations [57, 13, 10, 10] (total: 90s)
2026-09-24 12:56:02,303 - RLController - INFO -   Example: junction C3 -> durations [60, 10, 10, 10] (total: 90s)
2026-09-24 12:56:02,304 - RLController - INFO -   Example: junction C4 -> durations [57, 11, 11, 11] (total: 90s)
2026-09-24 12:56:02,304 - RLController - INFO -   Example: junction C5 -> durations [57, 11, 11, 11] (total: 90s)
2026-09-24 12:56:02,304 - RLController - INFO -   Example: junction D0 -> durations [24, 22, 22, 22] (total: 90s)
2026-09-24 12:56:02,304 - RLController - INFO -   Example: junction D1 -> durations [21, 21, 27, 21] (total: 90s)
2026-09-24 12:56:02,305 - RLController - INFO -   Example: junction D2 -> durations [45, 15, 15, 15] (total: 90s)
2026-09-24 12:56:02,305 - RLController - INFO -   Example: junction D3 -> durations [24, 22, 22, 22] (total: 90s)
2026-09-24 12:56:02,305 - RLController - INFO -   Example: junction D4 -> durations [24, 22, 22, 22] (total: 90s)
2026-09-24 12:56:02,305 - RLController - INFO -   Example: junction D5 -> durations [13, 13, 51, 13] (total: 90s)
2026-09-24 12:56:02,305 - RLController - INFO -   Example: junction E0 -> durations [24, 22, 22, 22] (total: 90s)
2026-09-24 12:56:02,305 - RLController - INFO -   Example: junction E1 -> durations [24, 22, 22, 22] (total: 90s)
2026-09-24 12:56:02,306 - RLController - INFO -   Stored schedules for 34 junctions, cycle starts at step 6390
2026-09-24 12:56:05,789 - RLController - INFO - DIAGNOSTIC Step 6480 - Observation stats:
2026-09-24 12:56:05,790 - RLController - INFO -   Hash: -3676656756983045077, Min: 0.000000, Max: 1.000000, Mean: 0.443873, Std: 0.456554
2026-09-24 12:56:05,790 - RLController - INFO -   First 10: [1.0000000e+00 0.0000000e+00 0.0000000e+00 0.0000000e+00 0.0000000e+00
 5.5371183e-01 8.8977948e-04 1.0000000e+00 9.9333334e-01 1.0000000e+00]
2026-09-24 12:56:05,790 - RLController - INFO -   Last 10: [0.         0.2        0.         0.08333334 0.50427353 0.00321048
 0.08098291 0.51606834 0.         0.3       ]
2026-09-24 12:56:05,795 - RLController - INFO - DIAGNOSTIC - Raw model action output:
2026-09-24 12:56:05,795 - RLController - INFO -   Action hash: 1294912771147276764
2026-09-24 12:56:05,795 - RLController - INFO -   First 8 values: [ -7.413512 -10.       -10.       -10.       -10.       -10.
 -10.       -10.      ]
2026-09-24 12:56:05,796 - RLController - INFO -   Last 8 values: [-10.        -10.        -10.        -10.        -10.         -2.2001245
 -10.        -10.       ]
2026-09-24 12:56:05,796 - RLController - INFO -   Action shape: (136,), min: -10.000000, max: 4.867640, mean: -9.283614
2026-09-24 12:56:05,796 - RLController - INFO -   B0 junction (indices 16-19) raw values: [ -9.869293 -10.       -10.       -10.      ]
2026-09-24 12:56:05,796 - RLController - INFO - Using CONTINUOUS DURATION-BASED mode
2026-09-24 12:56:05,796 - RLController - INFO -   Example: junction A0 -> durations [51, 13, 13, 13] (total: 90s)
2026-09-24 12:56:05,796 - RLController - INFO -   Example: junction A1 -> durations [24, 22, 22, 22] (total: 90s)
2026-09-24 12:56:05,796 - RLController - INFO -   Example: junction A2 -> durations [12, 12, 54, 12] (total: 90s)
2026-09-24 12:56:05,797 - RLController - INFO -   Example: junction A4 -> durations [60, 10, 10, 10] (total: 90s)
2026-09-24 12:56:05,797 - RLController - INFO -   Example: junction A5 -> durations [24, 22, 22, 22] (total: 90s)
2026-09-24 12:56:05,797 - RLController - INFO -   Example: junction B0 -> durations [24, 22, 22, 22] (total: 90s)
2026-09-24 12:56:05,797 - RLController - INFO -   Example: junction B1 -> durations [24, 22, 22, 22] (total: 90s)
2026-09-24 12:56:05,797 - RLController - INFO -   Example: junction B2 -> durations [24, 22, 22, 22] (total: 90s)
2026-09-24 12:56:05,797 - RLController - INFO -   Example: junction B4 -> durations [24, 22, 22, 22] (total: 90s)
2026-09-24 12:56:05,797 - RLController - INFO -   Example: junction B5 -> durations [60, 10, 10, 10] (total: 90s)
2026-09-24 12:56:05,797 - RLController - INFO -   Example: junction C0 -> durations [22, 22, 24, 22] (total: 90s)
2026-09-24 12:56:05,798 - RLController - INFO -   Example: junction C1 -> durations [24, 22, 22, 22] (total: 90s)
2026-09-24 12:56:05,798 - RLController - INFO -   Example: junction C2 -> durations [57, 13, 10, 10] (total: 90s)
2026-09-24 12:56:05,798 - RLController - INFO -   Example: junction C3 -> durations [60, 10, 10, 10] (total: 90s)
2026-09-24 12:56:05,798 - RLController - INFO -   Example: junction C4 -> durations [57, 11, 11, 11] (total: 90s)
2026-09-24 12:56:05,798 - RLController - INFO -   Example: junction C5 -> durations [57, 11, 11, 11] (total: 90s)
2026-09-24 12:56:05,798 - RLController - INFO -   Example: junction D0 -> durations [24, 22, 22, 22] (total: 90s)
2026-09-24 12:56:05,798 - RLController - INFO -   Example: junction D1 -> durations [21, 21, 27, 21] (total: 90s)
2026-09-24 12:56:05,798 - RLController - INFO -   Example: junction D2 -> durations [45, 15, 15, 15] (total: 90s)
2026-09-24 12:56:05,799 - RLController - INFO -   Example: junction D3 -> durations [24, 22, 22, 22] (total: 90s)
2026-09-24 12:56:05,799 - RLController - INFO -   Example: junction D4 -> durations [24, 22, 22, 22] (total: 90s)
2026-09-24 12:56:05,799 - RLController - INFO -   Example: junction D5 -> durations [13, 13, 51, 13] (total: 90s)
2026-09-24 12:56:05,799 - RLController - INFO -   Example: junction E0 -> durations [24, 22, 22, 22] (total: 90s)
2026-09-24 12:56:05,799 - RLController - INFO -   Example: junction E1 -> durations [24, 22, 22, 22] (total: 90s)
2026-09-24 12:56:05,800 - RLController - INFO -   Stored schedules for 34 junctions, cycle starts at step 6480
2026-09-24 12:56:09,109 - RLController - INFO - DIAGNOSTIC Step 6570 - Observation stats:
2026-09-24 12:56:09,110 - RLController - INFO -   Hash: -8775669499638027529, Min: 0.000000, Max: 1.000000, Mean: 0.443880, Std: 0.456808
2026-09-24 12:56:09,110 - RLController - INFO -   First 10: [1.         0.         0.         0.         0.         0.55371183
 0.         1.         0.99333334 1.        ]
2026-09-24 12:56:09,110 - RLController - INFO -   Last 10: [0.         0.2        0.         0.08333334 0.5        0.00293035
 0.07888889 0.51388776 0.         0.3       ]
2026-09-24 12:56:09,117 - RLController - INFO - DIAGNOSTIC - Raw model action output:
2026-09-24 12:56:09,117 - RLController - INFO -   Action hash: -2280939520559300680
2026-09-24 12:56:09,117 - RLController - INFO -   First 8 values: [ -7.5009284 -10.        -10.        -10.        -10.        -10.
 -10.        -10.       ]
2026-09-24 12:56:09,117 - RLController - INFO -   Last 8 values: [-10.        -10.        -10.        -10.        -10.         -0.8768241
 -10.        -10.       ]
2026-09-24 12:56:09,117 - RLController - INFO -   Action shape: (136,), min: -10.000000, max: 4.607677, mean: -9.291573
2026-09-24 12:56:09,118 - RLController - INFO -   B0 junction (indices 16-19) raw values: [ -9.981994 -10.       -10.       -10.      ]
2026-09-24 12:56:09,118 - RLController - INFO - Using CONTINUOUS DURATION-BASED mode
2026-09-24 12:56:09,118 - RLController - INFO -   Example: junction A0 -> durations [51, 13, 13, 13] (total: 90s)
2026-09-24 12:56:09,118 - RLController - INFO -   Example: junction A1 -> durations [24, 22, 22, 22] (total: 90s)
2026-09-24 12:56:09,118 - RLController - INFO -   Example: junction A2 -> durations [12, 12, 54, 12] (total: 90s)
2026-09-24 12:56:09,118 - RLController - INFO -   Example: junction A4 -> durations [60, 10, 10, 10] (total: 90s)
2026-09-24 12:56:09,118 - RLController - INFO -   Example: junction A5 -> durations [24, 22, 22, 22] (total: 90s)
2026-09-24 12:56:09,119 - RLController - INFO -   Example: junction B0 -> durations [24, 22, 22, 22] (total: 90s)
2026-09-24 12:56:09,119 - RLController - INFO -   Example: junction B1 -> durations [24, 22, 22, 22] (total: 90s)
2026-09-24 12:56:09,119 - RLController - INFO -   Example: junction B2 -> durations [24, 22, 22, 22] (total: 90s)
2026-09-24 12:56:09,119 - RLController - INFO -   Example: junction B4 -> durations [24, 22, 22, 22] (total: 90s)
2026-09-24 12:56:09,119 - RLController - INFO -   Example: junction B5 -> durations [60, 10, 10, 10] (total: 90s)
2026-09-24 12:56:09,119 - RLController - INFO -   Example: junction C0 -> durations [22, 22, 24, 22] (total: 90s)
2026-09-24 12:56:09,119 - RLController - INFO -   Example: junction C1 -> durations [24, 22, 22, 22] (total: 90s)
2026-09-24 12:56:09,119 - RLController - INFO -   Example: junction C2 -> durations [57, 13, 10, 10] (total: 90s)
2026-09-24 12:56:09,120 - RLController - INFO -   Example: junction C3 -> durations [60, 10, 10, 10] (total: 90s)
2026-09-24 12:56:09,120 - RLController - INFO -   Example: junction C4 -> durations [57, 11, 11, 11] (total: 90s)
2026-09-24 12:56:09,120 - RLController - INFO -   Example: junction C5 -> durations [57, 11, 11, 11] (total: 90s)
2026-09-24 12:56:09,120 - RLController - INFO -   Example: junction D0 -> durations [24, 22, 22, 22] (total: 90s)
2026-09-24 12:56:09,120 - RLController - INFO -   Example: junction D1 -> durations [21, 21, 27, 21] (total: 90s)
2026-09-24 12:56:09,120 - RLController - INFO -   Example: junction D2 -> durations [45, 15, 15, 15] (total: 90s)
2026-09-24 12:56:09,120 - RLController - INFO -   Example: junction D3 -> durations [24, 22, 22, 22] (total: 90s)
2026-09-24 12:56:09,121 - RLController - INFO -   Example: junction D4 -> durations [24, 22, 22, 22] (total: 90s)
2026-09-24 12:56:09,121 - RLController - INFO -   Example: junction D5 -> durations [13, 13, 51, 13] (total: 90s)
2026-09-24 12:56:09,121 - RLController - INFO -   Example: junction E0 -> durations [24, 22, 22, 22] (total: 90s)
2026-09-24 12:56:09,121 - RLController - INFO -   Example: junction E1 -> durations [24, 22, 22, 22] (total: 90s)
2026-09-24 12:56:09,122 - RLController - INFO -   Stored schedules for 34 junctions, cycle starts at step 6570
2026-09-24 12:56:12,393 - RLController - INFO - DIAGNOSTIC Step 6660 - Observation stats:
2026-09-24 12:56:12,394 - RLController - INFO -   Hash: 407316715001220618, Min: 0.000000, Max: 1.000000, Mean: 0.442885, Std: 0.456272
2026-09-24 12:56:12,395 - RLController - INFO -   First 10: [1.         0.         0.         0.         0.         0.55371183
 0.         1.         0.99333334 1.        ]
2026-09-24 12:56:12,395 - RLController - INFO -   Last 10: [0.         0.2        0.         0.08333334 0.491453   0.00350533
 0.08029915 0.5312768  0.         0.3       ]
2026-09-24 12:56:12,400 - RLController - INFO - DIAGNOSTIC - Raw model action output:
2026-09-24 12:56:12,400 - RLController - INFO -   Action hash: 8330004758869535131
2026-09-24 12:56:12,400 - RLController - INFO -   First 8 values: [ -7.3294005 -10.        -10.        -10.        -10.        -10.
 -10.        -10.       ]
2026-09-24 12:56:12,400 - RLController - INFO -   Last 8 values: [-10.        -10.        -10.        -10.        -10.         -1.3888209
 -10.        -10.       ]
2026-09-24 12:56:12,400 - RLController - INFO -   Action shape: (136,), min: -10.000000, max: 5.621981, mean: -9.290855
2026-09-24 12:56:12,401 - RLController - INFO -   B0 junction (indices 16-19) raw values: [ -9.737156 -10.       -10.       -10.      ]
2026-09-24 12:56:12,401 - RLController - INFO - Using CONTINUOUS DURATION-BASED mode
2026-09-24 12:56:12,401 - RLController - INFO -   Example: junction A0 -> durations [51, 13, 13, 13] (total: 90s)
2026-09-24 12:56:12,401 - RLController - INFO -   Example: junction A1 -> durations [24, 22, 22, 22] (total: 90s)
2026-09-24 12:56:12,401 - RLController - INFO -   Example: junction A2 -> durations [12, 12, 54, 12] (total: 90s)
2026-09-24 12:56:12,401 - RLController - INFO -   Example: junction A4 -> durations [60, 10, 10, 10] (total: 90s)
2026-09-24 12:56:12,401 - RLController - INFO -   Example: junction A5 -> durations [24, 22, 22, 22] (total: 90s)
2026-09-24 12:56:12,402 - RLController - INFO -   Example: junction B0 -> durations [24, 22, 22, 22] (total: 90s)
2026-09-24 12:56:12,402 - RLController - INFO -   Example: junction B1 -> durations [24, 22, 22, 22] (total: 90s)
2026-09-24 12:56:12,402 - RLController - INFO -   Example: junction B2 -> durations [24, 22, 22, 22] (total: 90s)
2026-09-24 12:56:12,402 - RLController - INFO -   Example: junction B4 -> durations [24, 22, 22, 22] (total: 90s)
2026-09-24 12:56:12,402 - RLController - INFO -   Example: junction B5 -> durations [60, 10, 10, 10] (total: 90s)
2026-09-24 12:56:12,402 - RLController - INFO -   Example: junction C0 -> durations [22, 22, 24, 22] (total: 90s)
2026-09-24 12:56:12,402 - RLController - INFO -   Example: junction C1 -> durations [24, 22, 22, 22] (total: 90s)
2026-09-24 12:56:12,403 - RLController - INFO -   Example: junction C2 -> durations [57, 13, 10, 10] (total: 90s)
2026-09-24 12:56:12,403 - RLController - INFO -   Example: junction C3 -> durations [60, 10, 10, 10] (total: 90s)
2026-09-24 12:56:12,403 - RLController - INFO -   Example: junction C4 -> durations [57, 11, 11, 11] (total: 90s)
2026-09-24 12:56:12,403 - RLController - INFO -   Example: junction C5 -> durations [57, 11, 11, 11] (total: 90s)
2026-09-24 12:56:12,403 - RLController - INFO -   Example: junction D0 -> durations [24, 22, 22, 22] (total: 90s)
2026-09-24 12:56:12,403 - RLController - INFO -   Example: junction D1 -> durations [21, 21, 27, 21] (total: 90s)
2026-09-24 12:56:12,403 - RLController - INFO -   Example: junction D2 -> durations [45, 15, 15, 15] (total: 90s)
2026-09-24 12:56:12,403 - RLController - INFO -   Example: junction D3 -> durations [24, 22, 22, 22] (total: 90s)
2026-09-24 12:56:12,404 - RLController - INFO -   Example: junction D4 -> durations [24, 22, 22, 22] (total: 90s)
2026-09-24 12:56:12,404 - RLController - INFO -   Example: junction D5 -> durations [13, 13, 51, 13] (total: 90s)
2026-09-24 12:56:12,404 - RLController - INFO -   Example: junction E0 -> durations [24, 22, 22, 22] (total: 90s)
2026-09-24 12:56:12,404 - RLController - INFO -   Example: junction E1 -> durations [24, 22, 22, 22] (total: 90s)
2026-09-24 12:56:12,405 - RLController - INFO -   Stored schedules for 34 junctions, cycle starts at step 6660
2026-09-24 12:56:15,762 - RLController - INFO - DIAGNOSTIC Step 6750 - Observation stats:
2026-09-24 12:56:15,763 - RLController - INFO -   Hash: 2396308667974113476, Min: 0.000000, Max: 1.000000, Mean: 0.442565, Std: 0.456697
2026-09-24 12:56:15,764 - RLController - INFO -   First 10: [1.         0.         0.         0.         0.         0.55371183
 0.         1.         0.99333334 1.        ]
2026-09-24 12:56:15,764 - RLController - INFO -   Last 10: [0.         0.2        0.         0.08333334 0.5        0.0039135
 0.08038461 0.523259   0.         0.3       ]
2026-09-24 12:56:15,773 - RLController - INFO - DIAGNOSTIC - Raw model action output:
2026-09-24 12:56:15,774 - RLController - INFO -   Action hash: 7383918627642952846
2026-09-24 12:56:15,774 - RLController - INFO -   First 8 values: [ -7.1691804 -10.        -10.        -10.        -10.        -10.
 -10.        -10.       ]
2026-09-24 12:56:15,774 - RLController - INFO -   Last 8 values: [-10.        -10.        -10.        -10.        -10.         -1.7696533
 -10.        -10.       ]
2026-09-24 12:56:15,774 - RLController - INFO -   Action shape: (136,), min: -10.000000, max: 4.903314, mean: -9.297832
2026-09-24 12:56:15,774 - RLController - INFO -   B0 junction (indices 16-19) raw values: [ -9.704775 -10.       -10.       -10.      ]
2026-09-24 12:56:15,775 - RLController - INFO - Using CONTINUOUS DURATION-BASED mode
2026-09-24 12:56:15,775 - RLController - INFO -   Example: junction A0 -> durations [51, 13, 13, 13] (total: 90s)
2026-09-24 12:56:15,775 - RLController - INFO -   Example: junction A1 -> durations [24, 22, 22, 22] (total: 90s)
2026-09-24 12:56:15,775 - RLController - INFO -   Example: junction A2 -> durations [12, 12, 54, 12] (total: 90s)
2026-09-24 12:56:15,775 - RLController - INFO -   Example: junction A4 -> durations [60, 10, 10, 10] (total: 90s)
2026-09-24 12:56:15,775 - RLController - INFO -   Example: junction A5 -> durations [24, 22, 22, 22] (total: 90s)
2026-09-24 12:56:15,775 - RLController - INFO -   Example: junction B0 -> durations [24, 22, 22, 22] (total: 90s)
2026-09-24 12:56:15,776 - RLController - INFO -   Example: junction B1 -> durations [24, 22, 22, 22] (total: 90s)
2026-09-24 12:56:15,776 - RLController - INFO -   Example: junction B2 -> durations [24, 22, 22, 22] (total: 90s)
2026-09-24 12:56:15,776 - RLController - INFO -   Example: junction B4 -> durations [24, 22, 22, 22] (total: 90s)
2026-09-24 12:56:15,776 - RLController - INFO -   Example: junction B5 -> durations [60, 10, 10, 10] (total: 90s)
2026-09-24 12:56:15,776 - RLController - INFO -   Example: junction C0 -> durations [22, 22, 24, 22] (total: 90s)
2026-09-24 12:56:15,776 - RLController - INFO -   Example: junction C1 -> durations [24, 22, 22, 22] (total: 90s)
2026-09-24 12:56:15,776 - RLController - INFO -   Example: junction C2 -> durations [57, 13, 10, 10] (total: 90s)
2026-09-24 12:56:15,777 - RLController - INFO -   Example: junction C3 -> durations [60, 10, 10, 10] (total: 90s)
2026-09-24 12:56:15,777 - RLController - INFO -   Example: junction C4 -> durations [57, 11, 11, 11] (total: 90s)
2026-09-24 12:56:15,777 - RLController - INFO -   Example: junction C5 -> durations [57, 11, 11, 11] (total: 90s)
2026-09-24 12:56:15,777 - RLController - INFO -   Example: junction D0 -> durations [24, 22, 22, 22] (total: 90s)
2026-09-24 12:56:15,777 - RLController - INFO -   Example: junction D1 -> durations [21, 21, 27, 21] (total: 90s)
2026-09-24 12:56:15,777 - RLController - INFO -   Example: junction D2 -> durations [45, 15, 15, 15] (total: 90s)
2026-09-24 12:56:15,777 - RLController - INFO -   Example: junction D3 -> durations [24, 22, 22, 22] (total: 90s)
2026-09-24 12:56:15,778 - RLController - INFO -   Example: junction D4 -> durations [24, 22, 22, 22] (total: 90s)
2026-09-24 12:56:15,778 - RLController - INFO -   Example: junction D5 -> durations [13, 13, 51, 13] (total: 90s)
2026-09-24 12:56:15,778 - RLController - INFO -   Example: junction E0 -> durations [24, 22, 22, 22] (total: 90s)
2026-09-24 12:56:15,778 - RLController - INFO -   Example: junction E1 -> durations [24, 22, 22, 22] (total: 90s)
2026-09-24 12:56:15,779 - RLController - INFO -   Stored schedules for 34 junctions, cycle starts at step 6750
2026-09-24 12:56:18,471 - RLController - INFO - DIAGNOSTIC Step 6840 - Observation stats:
2026-09-24 12:56:18,471 - RLController - INFO -   Hash: -2841775109172089427, Min: 0.000000, Max: 1.000637, Mean: 0.441456, Std: 0.453977
2026-09-24 12:56:18,471 - RLController - INFO -   First 10: [1.         0.         0.         0.         0.         0.55371183
 0.         1.         0.99333334 1.        ]
2026-09-24 12:56:18,471 - RLController - INFO -   Last 10: [0.         0.2        0.         0.08333334 0.48504272 0.00396913
 0.08034188 0.54165006 0.         0.3       ]
2026-09-24 12:56:18,476 - RLController - INFO - DIAGNOSTIC - Raw model action output:
2026-09-24 12:56:18,476 - RLController - INFO -   Action hash: -4966088521880071266
2026-09-24 12:56:18,476 - RLController - INFO -   First 8 values: [ -7.3455377 -10.        -10.        -10.        -10.        -10.
 -10.        -10.       ]
2026-09-24 12:56:18,476 - RLController - INFO -   Last 8 values: [-10.        -10.        -10.        -10.        -10.         -2.6993458
 -10.        -10.       ]
2026-09-24 12:56:18,476 - RLController - INFO -   Action shape: (136,), min: -10.000000, max: 5.310733, mean: -9.309429
2026-09-24 12:56:18,477 - RLController - INFO -   B0 junction (indices 16-19) raw values: [ -9.698384 -10.       -10.       -10.      ]
2026-09-24 12:56:18,477 - RLController - INFO - Using CONTINUOUS DURATION-BASED mode
2026-09-24 12:56:18,477 - RLController - INFO -   Example: junction A0 -> durations [51, 13, 13, 13] (total: 90s)
2026-09-24 12:56:18,477 - RLController - INFO -   Example: junction A1 -> durations [24, 22, 22, 22] (total: 90s)
2026-09-24 12:56:18,477 - RLController - INFO -   Example: junction A2 -> durations [12, 12, 54, 12] (total: 90s)
2026-09-24 12:56:18,477 - RLController - INFO -   Example: junction A4 -> durations [60, 10, 10, 10] (total: 90s)
2026-09-24 12:56:18,477 - RLController - INFO -   Example: junction A5 -> durations [24, 22, 22, 22] (total: 90s)
2026-09-24 12:56:18,477 - RLController - INFO -   Example: junction B0 -> durations [24, 22, 22, 22] (total: 90s)
2026-09-24 12:56:18,478 - RLController - INFO -   Example: junction B1 -> durations [24, 22, 22, 22] (total: 90s)
2026-09-24 12:56:18,478 - RLController - INFO -   Example: junction B2 -> durations [24, 22, 22, 22] (total: 90s)
2026-09-24 12:56:18,478 - RLController - INFO -   Example: junction B4 -> durations [24, 22, 22, 22] (total: 90s)
2026-09-24 12:56:18,478 - RLController - INFO -   Example: junction B5 -> durations [60, 10, 10, 10] (total: 90s)
2026-09-24 12:56:18,478 - RLController - INFO -   Example: junction C0 -> durations [22, 22, 24, 22] (total: 90s)
2026-09-24 12:56:18,478 - RLController - INFO -   Example: junction C1 -> durations [24, 22, 22, 22] (total: 90s)
2026-09-24 12:56:18,478 - RLController - INFO -   Example: junction C2 -> durations [57, 13, 10, 10] (total: 90s)
2026-09-24 12:56:18,478 - RLController - INFO -   Example: junction C3 -> durations [60, 10, 10, 10] (total: 90s)
2026-09-24 12:56:18,478 - RLController - INFO -   Example: junction C4 -> durations [57, 11, 11, 11] (total: 90s)
2026-09-24 12:56:18,478 - RLController - INFO -   Example: junction C5 -> durations [57, 11, 11, 11] (total: 90s)
2026-09-24 12:56:18,479 - RLController - INFO -   Example: junction D0 -> durations [24, 22, 22, 22] (total: 90s)
2026-09-24 12:56:18,479 - RLController - INFO -   Example: junction D1 -> durations [21, 21, 27, 21] (total: 90s)
2026-09-24 12:56:18,479 - RLController - INFO -   Example: junction D2 -> durations [45, 15, 15, 15] (total: 90s)
2026-09-24 12:56:18,479 - RLController - INFO -   Example: junction D3 -> durations [24, 22, 22, 22] (total: 90s)
2026-09-24 12:56:18,479 - RLController - INFO -   Example: junction D4 -> durations [24, 22, 22, 22] (total: 90s)
2026-09-24 12:56:18,479 - RLController - INFO -   Example: junction D5 -> durations [13, 13, 51, 13] (total: 90s)
2026-09-24 12:56:18,479 - RLController - INFO -   Example: junction E0 -> durations [24, 22, 22, 22] (total: 90s)
2026-09-24 12:56:18,479 - RLController - INFO -   Example: junction E1 -> durations [24, 22, 22, 22] (total: 90s)
2026-09-24 12:56:18,480 - RLController - INFO -   Stored schedules for 34 junctions, cycle starts at step 6840
2026-09-24 12:56:21,489 - RLController - INFO - DIAGNOSTIC Step 6930 - Observation stats:
2026-09-24 12:56:21,490 - RLController - INFO -   Hash: -8749471966788234598, Min: 0.000000, Max: 1.000000, Mean: 0.444629, Std: 0.456010
2026-09-24 12:56:21,490 - RLController - INFO -   First 10: [1.         0.         0.         0.         0.         0.55371183
 0.         1.         0.99333334 1.        ]
2026-09-24 12:56:21,490 - RLController - INFO -   Last 10: [0.         0.2        0.         0.08333334 0.491453   0.00321315
 0.08179487 0.5279491  0.         0.3       ]
2026-09-24 12:56:21,496 - RLController - INFO - DIAGNOSTIC - Raw model action output:
2026-09-24 12:56:21,496 - RLController - INFO -   Action hash: 8898955724164984895
2026-09-24 12:56:21,496 - RLController - INFO -   First 8 values: [ -7.480182 -10.       -10.       -10.       -10.       -10.
 -10.       -10.      ]
2026-09-24 12:56:21,496 - RLController - INFO -   Last 8 values: [-10.       -10.       -10.       -10.       -10.        -2.369972
 -10.       -10.      ]
2026-09-24 12:56:21,496 - RLController - INFO -   Action shape: (136,), min: -10.000000, max: 5.268552, mean: -9.274610
2026-09-24 12:56:21,497 - RLController - INFO -   B0 junction (indices 16-19) raw values: [-10. -10. -10. -10.]
2026-09-24 12:56:21,497 - RLController - INFO - Using CONTINUOUS DURATION-BASED mode
2026-09-24 12:56:21,497 - RLController - INFO -   Example: junction A0 -> durations [51, 13, 13, 13] (total: 90s)
2026-09-24 12:56:21,497 - RLController - INFO -   Example: junction A1 -> durations [24, 22, 22, 22] (total: 90s)
2026-09-24 12:56:21,497 - RLController - INFO -   Example: junction A2 -> durations [12, 12, 54, 12] (total: 90s)
2026-09-24 12:56:21,497 - RLController - INFO -   Example: junction A4 -> durations [60, 10, 10, 10] (total: 90s)
2026-09-24 12:56:21,497 - RLController - INFO -   Example: junction A5 -> durations [24, 22, 22, 22] (total: 90s)
2026-09-24 12:56:21,498 - RLController - INFO -   Example: junction B0 -> durations [24, 22, 22, 22] (total: 90s)
2026-09-24 12:56:21,498 - RLController - INFO -   Example: junction B1 -> durations [24, 22, 22, 22] (total: 90s)
2026-09-24 12:56:21,498 - RLController - INFO -   Example: junction B2 -> durations [24, 22, 22, 22] (total: 90s)
2026-09-24 12:56:21,498 - RLController - INFO -   Example: junction B4 -> durations [24, 22, 22, 22] (total: 90s)
2026-09-24 12:56:21,498 - RLController - INFO -   Example: junction B5 -> durations [60, 10, 10, 10] (total: 90s)
2026-09-24 12:56:21,498 - RLController - INFO -   Example: junction C0 -> durations [22, 22, 24, 22] (total: 90s)
2026-09-24 12:56:21,498 - RLController - INFO -   Example: junction C1 -> durations [24, 22, 22, 22] (total: 90s)
2026-09-24 12:56:21,498 - RLController - INFO -   Example: junction C2 -> durations [57, 13, 10, 10] (total: 90s)
2026-09-24 12:56:21,499 - RLController - INFO -   Example: junction C3 -> durations [60, 10, 10, 10] (total: 90s)
2026-09-24 12:56:21,499 - RLController - INFO -   Example: junction C4 -> durations [57, 11, 11, 11] (total: 90s)
2026-09-24 12:56:21,499 - RLController - INFO -   Example: junction C5 -> durations [57, 11, 11, 11] (total: 90s)
2026-09-24 12:56:21,499 - RLController - INFO -   Example: junction D0 -> durations [24, 22, 22, 22] (total: 90s)
2026-09-24 12:56:21,499 - RLController - INFO -   Example: junction D1 -> durations [21, 21, 27, 21] (total: 90s)
2026-09-24 12:56:21,499 - RLController - INFO -   Example: junction D2 -> durations [45, 15, 15, 15] (total: 90s)
2026-09-24 12:56:21,499 - RLController - INFO -   Example: junction D3 -> durations [24, 22, 22, 22] (total: 90s)
2026-09-24 12:56:21,499 - RLController - INFO -   Example: junction D4 -> durations [24, 22, 22, 22] (total: 90s)
2026-09-24 12:56:21,500 - RLController - INFO -   Example: junction D5 -> durations [13, 13, 51, 13] (total: 90s)
2026-09-24 12:56:21,500 - RLController - INFO -   Example: junction E0 -> durations [24, 22, 22, 22] (total: 90s)
2026-09-24 12:56:21,500 - RLController - INFO -   Example: junction E1 -> durations [24, 22, 22, 22] (total: 90s)
2026-09-24 12:56:21,501 - RLController - INFO -   Stored schedules for 34 junctions, cycle starts at step 6930
2026-09-24 12:56:23,989 - RLController - INFO - DIAGNOSTIC Step 7020 - Observation stats:
2026-09-24 12:56:23,989 - RLController - INFO -   Hash: -1144536342214518911, Min: 0.000000, Max: 1.000000, Mean: 0.438577, Std: 0.456168
2026-09-24 12:56:23,989 - RLController - INFO -   First 10: [1.         0.         0.         0.         0.         0.55371183
 0.         1.         0.99333334 1.        ]
2026-09-24 12:56:23,989 - RLController - INFO -   Last 10: [0.         0.2        0.         0.08333334 0.4764957  0.00311463
 0.08051282 0.5413988  0.         0.3       ]
2026-09-24 12:56:23,993 - RLController - INFO - DIAGNOSTIC - Raw model action output:
2026-09-24 12:56:23,993 - RLController - INFO -   Action hash: -7303018939349123096
2026-09-24 12:56:23,994 - RLController - INFO -   First 8 values: [ -7.310962 -10.       -10.       -10.       -10.       -10.
 -10.       -10.      ]
2026-09-24 12:56:23,994 - RLController - INFO -   Last 8 values: [-10.        -10.        -10.        -10.        -10.         -1.4340813
 -10.        -10.       ]
2026-09-24 12:56:23,994 - RLController - INFO -   Action shape: (136,), min: -10.000000, max: 5.627351, mean: -9.283757
2026-09-24 12:56:23,994 - RLController - INFO -   B0 junction (indices 16-19) raw values: [ -9.995284 -10.       -10.       -10.      ]
2026-09-24 12:56:23,994 - RLController - INFO - Using CONTINUOUS DURATION-BASED mode
2026-09-24 12:56:23,994 - RLController - INFO -   Example: junction A0 -> durations [51, 13, 13, 13] (total: 90s)
2026-09-24 12:56:23,995 - RLController - INFO -   Example: junction A1 -> durations [24, 22, 22, 22] (total: 90s)
2026-09-24 12:56:23,995 - RLController - INFO -   Example: junction A2 -> durations [12, 12, 54, 12] (total: 90s)
2026-09-24 12:56:23,995 - RLController - INFO -   Example: junction A4 -> durations [60, 10, 10, 10] (total: 90s)
2026-09-24 12:56:23,995 - RLController - INFO -   Example: junction A5 -> durations [24, 22, 22, 22] (total: 90s)
2026-09-24 12:56:23,995 - RLController - INFO -   Example: junction B0 -> durations [24, 22, 22, 22] (total: 90s)
2026-09-24 12:56:23,995 - RLController - INFO -   Example: junction B1 -> durations [24, 22, 22, 22] (total: 90s)
2026-09-24 12:56:23,995 - RLController - INFO -   Example: junction B2 -> durations [24, 22, 22, 22] (total: 90s)
2026-09-24 12:56:23,996 - RLController - INFO -   Example: junction B4 -> durations [24, 22, 22, 22] (total: 90s)
2026-09-24 12:56:23,996 - RLController - INFO -   Example: junction B5 -> durations [60, 10, 10, 10] (total: 90s)
2026-09-24 12:56:23,996 - RLController - INFO -   Example: junction C0 -> durations [22, 22, 24, 22] (total: 90s)
2026-09-24 12:56:23,996 - RLController - INFO -   Example: junction C1 -> durations [24, 22, 22, 22] (total: 90s)
2026-09-24 12:56:23,996 - RLController - INFO -   Example: junction C2 -> durations [57, 13, 10, 10] (total: 90s)
2026-09-24 12:56:23,996 - RLController - INFO -   Example: junction C3 -> durations [60, 10, 10, 10] (total: 90s)
2026-09-24 12:56:23,996 - RLController - INFO -   Example: junction C4 -> durations [57, 11, 11, 11] (total: 90s)
2026-09-24 12:56:23,996 - RLController - INFO -   Example: junction C5 -> durations [57, 11, 11, 11] (total: 90s)
2026-09-24 12:56:23,997 - RLController - INFO -   Example: junction D0 -> durations [24, 22, 22, 22] (total: 90s)
2026-09-24 12:56:23,997 - RLController - INFO -   Example: junction D1 -> durations [21, 21, 27, 21] (total: 90s)
2026-09-24 12:56:23,997 - RLController - INFO -   Example: junction D2 -> durations [45, 15, 15, 15] (total: 90s)
2026-09-24 12:56:23,997 - RLController - INFO -   Example: junction D3 -> durations [24, 22, 22, 22] (total: 90s)
2026-09-24 12:56:23,997 - RLController - INFO -   Example: junction D4 -> durations [24, 22, 22, 22] (total: 90s)
2026-09-24 12:56:23,997 - RLController - INFO -   Example: junction D5 -> durations [13, 13, 51, 13] (total: 90s)
2026-09-24 12:56:23,997 - RLController - INFO -   Example: junction E0 -> durations [24, 22, 22, 22] (total: 90s)
2026-09-24 12:56:23,997 - RLController - INFO -   Example: junction E1 -> durations [24, 22, 22, 22] (total: 90s)
2026-09-24 12:56:23,998 - RLController - INFO -   Stored schedules for 34 junctions, cycle starts at step 7020
2026-09-24 12:56:26,606 - RLController - INFO - DIAGNOSTIC Step 7110 - Observation stats:
2026-09-24 12:56:26,607 - RLController - INFO -   Hash: 6923898251547188734, Min: 0.000000, Max: 1.000000, Mean: 0.441806, Std: 0.456753
2026-09-24 12:56:26,607 - RLController - INFO -   First 10: [1.         0.         0.         0.         0.         0.55371183
 0.         1.         0.99333334 1.        ]
2026-09-24 12:56:26,607 - RLController - INFO -   Last 10: [0.         0.2        0.         0.08333334 0.4871795  0.00294782
 0.08145299 0.5278057  0.         0.3       ]
2026-09-24 12:56:26,611 - RLController - INFO - DIAGNOSTIC - Raw model action output:
2026-09-24 12:56:26,611 - RLController - INFO -   Action hash: -7290060075751435717
2026-09-24 12:56:26,611 - RLController - INFO -   First 8 values: [ -7.5611553 -10.        -10.        -10.        -10.        -10.
 -10.        -10.       ]
2026-09-24 12:56:26,611 - RLController - INFO -   Last 8 values: [-10.       -10.       -10.       -10.       -10.        -2.333595
 -10.       -10.      ]
2026-09-24 12:56:26,611 - RLController - INFO -   Action shape: (136,), min: -10.000000, max: 5.146020, mean: -9.298812
2026-09-24 12:56:26,612 - RLController - INFO -   B0 junction (indices 16-19) raw values: [-10. -10. -10. -10.]
2026-09-24 12:56:26,612 - RLController - INFO - Using CONTINUOUS DURATION-BASED mode
2026-09-24 12:56:26,612 - RLController - INFO -   Example: junction A0 -> durations [51, 13, 13, 13] (total: 90s)
2026-09-24 12:56:26,612 - RLController - INFO -   Example: junction A1 -> durations [24, 22, 22, 22] (total: 90s)
2026-09-24 12:56:26,612 - RLController - INFO -   Example: junction A2 -> durations [12, 12, 54, 12] (total: 90s)
2026-09-24 12:56:26,612 - RLController - INFO -   Example: junction A4 -> durations [60, 10, 10, 10] (total: 90s)
2026-09-24 12:56:26,612 - RLController - INFO -   Example: junction A5 -> durations [24, 22, 22, 22] (total: 90s)
2026-09-24 12:56:26,613 - RLController - INFO -   Example: junction B0 -> durations [24, 22, 22, 22] (total: 90s)
2026-09-24 12:56:26,613 - RLController - INFO -   Example: junction B1 -> durations [24, 22, 22, 22] (total: 90s)
2026-09-24 12:56:26,613 - RLController - INFO -   Example: junction B2 -> durations [24, 22, 22, 22] (total: 90s)
2026-09-24 12:56:26,613 - RLController - INFO -   Example: junction B4 -> durations [24, 22, 22, 22] (total: 90s)
2026-09-24 12:56:26,613 - RLController - INFO -   Example: junction B5 -> durations [60, 10, 10, 10] (total: 90s)
2026-09-24 12:56:26,613 - RLController - INFO -   Example: junction C0 -> durations [22, 22, 24, 22] (total: 90s)
2026-09-24 12:56:26,613 - RLController - INFO -   Example: junction C1 -> durations [24, 22, 22, 22] (total: 90s)
2026-09-24 12:56:26,613 - RLController - INFO -   Example: junction C2 -> durations [57, 13, 10, 10] (total: 90s)
2026-09-24 12:56:26,614 - RLController - INFO -   Example: junction C3 -> durations [60, 10, 10, 10] (total: 90s)
2026-09-24 12:56:26,614 - RLController - INFO -   Example: junction C4 -> durations [57, 11, 11, 11] (total: 90s)
2026-09-24 12:56:26,614 - RLController - INFO -   Example: junction C5 -> durations [57, 11, 11, 11] (total: 90s)
2026-09-24 12:56:26,614 - RLController - INFO -   Example: junction D0 -> durations [24, 22, 22, 22] (total: 90s)
2026-09-24 12:56:26,614 - RLController - INFO -   Example: junction D1 -> durations [21, 21, 27, 21] (total: 90s)
2026-09-24 12:56:26,614 - RLController - INFO -   Example: junction D2 -> durations [45, 15, 15, 15] (total: 90s)
2026-09-24 12:56:26,614 - RLController - INFO -   Example: junction D3 -> durations [24, 22, 22, 22] (total: 90s)
2026-09-24 12:56:26,614 - RLController - INFO -   Example: junction D4 -> durations [24, 22, 22, 22] (total: 90s)
2026-09-24 12:56:26,615 - RLController - INFO -   Example: junction D5 -> durations [13, 13, 51, 13] (total: 90s)
2026-09-24 12:56:26,615 - RLController - INFO -   Example: junction E0 -> durations [24, 22, 22, 22] (total: 90s)
2026-09-24 12:56:26,615 - RLController - INFO -   Example: junction E1 -> durations [24, 22, 22, 22] (total: 90s)
2026-09-24 12:56:26,615 - RLController - INFO -   Stored schedules for 34 junctions, cycle starts at step 7110
2026-09-24 12:56:29,423 - RLController - INFO - DIAGNOSTIC Step 7200 - Observation stats:
2026-09-24 12:56:29,423 - RLController - INFO -   Hash: -7100475797008965665, Min: 0.000000, Max: 1.000000, Mean: 0.440706, Std: 0.456517
2026-09-24 12:56:29,423 - RLController - INFO -   First 10: [1.0000000e+00 0.0000000e+00 0.0000000e+00 0.0000000e+00 0.0000000e+00
 5.5371183e-01 1.9784845e-06 1.0000000e+00 9.9333334e-01 1.0000000e+00]
2026-09-24 12:56:29,424 - RLController - INFO -   Last 10: [0.         0.2        0.         0.08333334 0.48504272 0.00331398
 0.08119658 0.5323842  0.         0.3       ]
2026-09-24 12:56:29,427 - RLController - INFO - DIAGNOSTIC - Raw model action output:
2026-09-24 12:56:29,427 - RLController - INFO -   Action hash: 6197127262794732102
2026-09-24 12:56:29,428 - RLController - INFO -   First 8 values: [ -7.5359826 -10.        -10.        -10.        -10.        -10.
 -10.        -10.       ]
2026-09-24 12:56:29,428 - RLController - INFO -   Last 8 values: [-10.        -10.        -10.        -10.        -10.         -3.4816859
 -10.        -10.       ]
2026-09-24 12:56:29,428 - RLController - INFO -   Action shape: (136,), min: -10.000000, max: 5.468486, mean: -9.304588
2026-09-24 12:56:29,428 - RLController - INFO -   B0 junction (indices 16-19) raw values: [-10. -10. -10. -10.]
2026-09-24 12:56:29,428 - RLController - INFO - Using CONTINUOUS DURATION-BASED mode
2026-09-24 12:56:29,428 - RLController - INFO -   Example: junction A0 -> durations [51, 13, 13, 13] (total: 90s)
2026-09-24 12:56:29,429 - RLController - INFO -   Example: junction A1 -> durations [24, 22, 22, 22] (total: 90s)
2026-09-24 12:56:29,429 - RLController - INFO -   Example: junction A2 -> durations [12, 12, 54, 12] (total: 90s)
2026-09-24 12:56:29,429 - RLController - INFO -   Example: junction A4 -> durations [60, 10, 10, 10] (total: 90s)
2026-09-24 12:56:29,429 - RLController - INFO -   Example: junction A5 -> durations [24, 22, 22, 22] (total: 90s)
2026-09-24 12:56:29,429 - RLController - INFO -   Example: junction B0 -> durations [24, 22, 22, 22] (total: 90s)
2026-09-24 12:56:29,429 - RLController - INFO -   Example: junction B1 -> durations [24, 22, 22, 22] (total: 90s)
2026-09-24 12:56:29,429 - RLController - INFO -   Example: junction B2 -> durations [24, 22, 22, 22] (total: 90s)
2026-09-24 12:56:29,430 - RLController - INFO -   Example: junction B4 -> durations [24, 22, 22, 22] (total: 90s)
2026-09-24 12:56:29,430 - RLController - INFO -   Example: junction B5 -> durations [60, 10, 10, 10] (total: 90s)
2026-09-24 12:56:29,430 - RLController - INFO -   Example: junction C0 -> durations [22, 22, 24, 22] (total: 90s)
2026-09-24 12:56:29,430 - RLController - INFO -   Example: junction C1 -> durations [24, 22, 22, 22] (total: 90s)
2026-09-24 12:56:29,430 - RLController - INFO -   Example: junction C2 -> durations [57, 13, 10, 10] (total: 90s)
2026-09-24 12:56:29,430 - RLController - INFO -   Example: junction C3 -> durations [60, 10, 10, 10] (total: 90s)
2026-09-24 12:56:29,430 - RLController - INFO -   Example: junction C4 -> durations [57, 11, 11, 11] (total: 90s)
2026-09-24 12:56:29,430 - RLController - INFO -   Example: junction C5 -> durations [57, 11, 11, 11] (total: 90s)
2026-09-24 12:56:29,431 - RLController - INFO -   Example: junction D0 -> durations [24, 22, 22, 22] (total: 90s)
2026-09-24 12:56:29,431 - RLController - INFO -   Example: junction D1 -> durations [21, 21, 27, 21] (total: 90s)
2026-09-24 12:56:29,431 - RLController - INFO -   Example: junction D2 -> durations [45, 15, 15, 15] (total: 90s)
2026-09-24 12:56:29,431 - RLController - INFO -   Example: junction D3 -> durations [24, 22, 22, 22] (total: 90s)
2026-09-24 12:56:29,431 - RLController - INFO -   Example: junction D4 -> durations [24, 22, 22, 22] (total: 90s)
2026-09-24 12:56:29,431 - RLController - INFO -   Example: junction D5 -> durations [13, 13, 51, 13] (total: 90s)
2026-09-24 12:56:29,431 - RLController - INFO -   Example: junction E0 -> durations [24, 22, 22, 22] (total: 90s)
2026-09-24 12:56:29,431 - RLController - INFO -   Example: junction E1 -> durations [24, 22, 22, 22] (total: 90s)
2026-09-24 12:56:29,432 - RLController - INFO -   Stored schedules for 34 junctions, cycle starts at step 7200
2026-09-24 12:56:32,839 - RLController - INFO - DIAGNOSTIC Step 7290 - Observation stats:
2026-09-24 12:56:32,840 - RLController - INFO -   Hash: -7865184277994206380, Min: 0.000000, Max: 1.000000, Mean: 0.447449, Std: 0.455882
2026-09-24 12:56:32,841 - RLController - INFO -   First 10: [1.         0.         0.         0.         0.         0.55371183
 0.         1.         0.99333334 1.        ]
2026-09-24 12:56:32,841 - RLController - INFO -   Last 10: [0.         0.2        0.         0.08333334 0.5192308  0.00378633
 0.08175214 0.50376636 0.         0.3       ]
2026-09-24 12:56:32,850 - RLController - INFO - DIAGNOSTIC - Raw model action output:
2026-09-24 12:56:32,850 - RLController - INFO -   Action hash: 3964893532234222973
2026-09-24 12:56:32,850 - RLController - INFO -   First 8 values: [ -7.3906574 -10.        -10.        -10.        -10.        -10.
 -10.        -10.       ]
2026-09-24 12:56:32,851 - RLController - INFO -   Last 8 values: [-10.        -10.        -10.        -10.        -10.         -2.1053607
 -10.        -10.       ]
2026-09-24 12:56:32,851 - RLController - INFO -   Action shape: (136,), min: -10.000000, max: 4.818377, mean: -9.285574
2026-09-24 12:56:32,852 - RLController - INFO -   B0 junction (indices 16-19) raw values: [-10. -10. -10. -10.]
2026-09-24 12:56:32,852 - RLController - INFO - Using CONTINUOUS DURATION-BASED mode
2026-09-24 12:56:32,852 - RLController - INFO -   Example: junction A0 -> durations [51, 13, 13, 13] (total: 90s)
2026-09-24 12:56:32,852 - RLController - INFO -   Example: junction A1 -> durations [24, 22, 22, 22] (total: 90s)
2026-09-24 12:56:32,853 - RLController - INFO -   Example: junction A2 -> durations [12, 12, 54, 12] (total: 90s)
2026-09-24 12:56:32,853 - RLController - INFO -   Example: junction A4 -> durations [60, 10, 10, 10] (total: 90s)
2026-09-24 12:56:32,853 - RLController - INFO -   Example: junction A5 -> durations [24, 22, 22, 22] (total: 90s)
2026-09-24 12:56:32,853 - RLController - INFO -   Example: junction B0 -> durations [24, 22, 22, 22] (total: 90s)
2026-09-24 12:56:32,854 - RLController - INFO -   Example: junction B1 -> durations [24, 22, 22, 22] (total: 90s)
2026-09-24 12:56:32,854 - RLController - INFO -   Example: junction B2 -> durations [24, 22, 22, 22] (total: 90s)
2026-09-24 12:56:32,854 - RLController - INFO -   Example: junction B4 -> durations [24, 22, 22, 22] (total: 90s)
2026-09-24 12:56:32,854 - RLController - INFO -   Example: junction B5 -> durations [60, 10, 10, 10] (total: 90s)
2026-09-24 12:56:32,855 - RLController - INFO -   Example: junction C0 -> durations [22, 22, 24, 22] (total: 90s)
2026-09-24 12:56:32,855 - RLController - INFO -   Example: junction C1 -> durations [24, 22, 22, 22] (total: 90s)
2026-09-24 12:56:32,855 - RLController - INFO -   Example: junction C2 -> durations [57, 13, 10, 10] (total: 90s)
2026-09-24 12:56:32,855 - RLController - INFO -   Example: junction C3 -> durations [60, 10, 10, 10] (total: 90s)
2026-09-24 12:56:32,856 - RLController - INFO -   Example: junction C4 -> durations [57, 11, 11, 11] (total: 90s)
2026-09-24 12:56:32,856 - RLController - INFO -   Example: junction C5 -> durations [57, 11, 11, 11] (total: 90s)
2026-09-24 12:56:32,856 - RLController - INFO -   Example: junction D0 -> durations [24, 22, 22, 22] (total: 90s)
2026-09-24 12:56:32,856 - RLController - INFO -   Example: junction D1 -> durations [21, 21, 27, 21] (total: 90s)
2026-09-24 12:56:32,857 - RLController - INFO -   Example: junction D2 -> durations [45, 15, 15, 15] (total: 90s)
2026-09-24 12:56:32,857 - RLController - INFO -   Example: junction D3 -> durations [24, 22, 22, 22] (total: 90s)
2026-09-24 12:56:32,857 - RLController - INFO -   Example: junction D4 -> durations [24, 22, 22, 22] (total: 90s)
2026-09-24 12:56:32,857 - RLController - INFO -   Example: junction D5 -> durations [13, 13, 51, 13] (total: 90s)
2026-09-24 12:56:32,858 - RLController - INFO -   Example: junction E0 -> durations [24, 22, 22, 22] (total: 90s)
2026-09-24 12:56:32,858 - RLController - INFO -   Example: junction E1 -> durations [24, 22, 22, 22] (total: 90s)
2026-09-24 12:56:32,859 - RLController - INFO -   Stored schedules for 34 junctions, cycle starts at step 7290
2026-09-24 12:56:33,296 - RLController - WARNING - RL environment cleanup failed: 'TrafficControlEnv' object has no attribute 'reward_calculator'
2026-09-24 12:56:33,452 - TrafficSimulator - INFO - Simulation completed successfully!
2026-09-24 12:56:33,454 - TrafficSimulator - INFO - === SIMULATION COMPLETED ===
2026-09-24 12:56:33,454 - TrafficSimulator - INFO - Total simulation steps: 7300
2026-09-24 12:56:33,455 - TrafficSimulator - INFO - Vehicles loaded: 22000
2026-09-24 12:56:33,455 - TrafficSimulator - INFO - Vehicles inserted: 19412
2026-09-24 12:56:33,455 - TrafficSimulator - INFO - Vehicles still running: 2177
2026-09-24 12:56:33,455 - TrafficSimulator - INFO - Vehicles waiting: 2588
2026-09-24 12:56:33,455 - TrafficSimulator - INFO - Vehicles arrived: 17235
2026-09-24 12:56:33,455 - TrafficSimulator - INFO - Completion rate: 78.3%
2026-09-24 12:56:33,455 - TrafficSimulator - INFO - Insertion rate: 88.2%
2026-09-24 12:56:33,455 - TrafficSimulator - INFO - Average duration: 609.4s
2026-09-24 12:56:33,455 - TrafficSimulator - INFO - Average waiting time: 404.4s
2026-09-24 12:56:33,455 - TrafficSimulator - INFO - Average time loss: 492.6s
2026-09-24 12:56:33,455 - TrafficSimulator - INFO - Throughput: 8499 veh/h
2026-09-24 12:56:33,455 - TrafficSimulator - INFO - Trip statistics count: 17235
2026-09-24 12:56:33,455 - TrafficSimulator - INFO - Traffic control method: rl
