run_name: rl_s02   controller: rl   started: 2026-09-23T19:29:34Z
src: /a/home/cc/tree/taucc/architec/efratbl/sumo-traffic-generator/paper_rl_vs_tm/app/src/__init__.py
python: Python 3.10.2
sumo: Eclipse SUMO sumo 1.25.0
numpy 1.24.4 torch 2.1.2+cpu sb3 2.1.0
model md5: 8b8d9f494260a1a1f6a24b2c4ef25667
sumo seed: 2
2026-09-23 22:29:53,944 - StandardPipeline - INFO - Prepared output directory: /a/home/cc/architec/efratbl/sumo-traffic-generator/paper_rl_vs_tm/results/runs/rl_s02/workspace
2026-09-23 22:29:53,945 - StandardPipeline - INFO - --- Step 1: Network Generation ---
Success.
2026-09-23 22:29:55,639 - StandardPipeline - INFO - --- Step 2: Zone Generation ---
2026-09-23 22:29:58,910 - StandardPipeline - INFO - --- Step 3: Integrated Edge Splitting with Lane Assignment ---
Post-processing: 108 edges processed, 108 converted to multi-head
2026-09-23 22:30:28,369 - StandardPipeline - INFO - --- Step 4: Network Rebuild ---
2026-09-23 22:30:29,746 - StandardPipeline - INFO - --- Step 5: Edge Attractiveness Assignment ---
2026-09-23 22:32:40,414 - StandardPipeline - INFO - --- Step 6: Vehicle Route Generation ---
2026-09-23 22:33:01,250 - StandardPipeline - INFO - --- Step 7: SUMO Configuration Generation ---
2026-09-23 22:33:01,255 - StandardPipeline - INFO - --- Step 8: Dynamic Simulation ---
2026-09-23 22:33:01,255 - src.orchestration.simulator - INFO - Using TraCI simulator for rl (dynamic control)
 Retrying in 1 seconds
2026-09-23 22:33:07,557 - RLController - INFO - Creating RL environment...
[DIM CHECK] network_path='None'
[DIM CHECK] Using existing workspace network: /a/home/cc/architec/efratbl/sumo-traffic-generator/paper_rl_vs_tm/results/runs/rl_s02/workspace/grid.net.xml
2026-09-23 22:33:07,558 - TrafficControlEnv - INFO - Using existing workspace network: /a/home/cc/architec/efratbl/sumo-traffic-generator/paper_rl_vs_tm/results/runs/rl_s02/workspace/grid.net.xml
2026-09-23 22:33:07,733 - TrafficControlEnv - INFO - Parsed network dimensions from: /a/home/cc/architec/efratbl/sumo-traffic-generator/paper_rl_vs_tm/results/runs/rl_s02/workspace/grid.net.xml
2026-09-23 22:33:07,733 - TrafficControlEnv - INFO -   Edges: 468
2026-09-23 22:33:07,733 - TrafficControlEnv - INFO -   Junctions: 34
2026-09-23 22:33:07,735 - RLController - INFO - RL environment created successfully
2026-09-23 22:33:07,735 - RLController - INFO - Observation space: (2882,)
2026-09-23 22:33:07,735 - RLController - INFO - Action space: (136,)
/a/home/cc/tree/taucc/architec/efratbl/sumo-traffic-generator/paper_rl_vs_tm/app/src/rl/controller.py:259: UserWarning: Call to deprecated function getAllProgramLogics, use getCompleteRedYellowGreenDefinition instead.
  complete_def = traci.trafficlight.getCompleteRedYellowGreenDefinition(tl_id)[
2026-09-23 22:33:08,031 - RLController - INFO - DIAGNOSTIC Step 0 - Observation stats:
2026-09-23 22:33:08,031 - RLController - INFO -   Hash: -9123835404881110341, Min: 0.000000, Max: 1.000080, Mean: 0.246374, Std: 0.378330
2026-09-23 22:33:08,031 - RLController - INFO -   First 10: [1.  0.  0.  0.  0.  0.5 1.  0.  0.  0. ]
2026-09-23 22:33:08,031 - RLController - INFO -   Last 10: [0.      0.1875  0.      0.25    0.      0.      0.      1.00008 0.
 0.3    ]
2026-09-23 22:33:08,038 - RLController - INFO - DIAGNOSTIC - Raw model action output:
2026-09-23 22:33:08,038 - RLController - INFO -   Action hash: 6139911372351775128
2026-09-23 22:33:08,038 - RLController - INFO -   First 8 values: [ -4.2462254 -10.         -8.615134  -10.        -10.        -10.
  -9.517142   -9.423127 ]
2026-09-23 22:33:08,038 - RLController - INFO -   Last 8 values: [ -9.937325  -10.         -7.9518666 -10.         -8.441892   -1.202461
  -9.473316  -10.       ]
2026-09-23 22:33:08,039 - RLController - INFO -   Action shape: (136,), min: -10.000000, max: 2.648499, mean: -8.256987
2026-09-23 22:33:08,039 - RLController - INFO -   B0 junction (indices 16-19) raw values: [ -7.3623834  -6.7744145  -7.927693  -10.       ]
2026-09-23 22:33:08,039 - RLController - INFO - Using CONTINUOUS DURATION-BASED mode
2026-09-23 22:33:08,040 - RLController - INFO -   Example: junction A0 -> durations [59, 10, 11, 10] (total: 90s)
2026-09-23 22:33:08,040 - RLController - INFO -   Example: junction A1 -> durations [19, 19, 25, 27] (total: 90s)
2026-09-23 22:33:08,040 - RLController - INFO -   Example: junction A2 -> durations [10, 12, 58, 10] (total: 90s)
2026-09-23 22:33:08,040 - RLController - INFO -   Example: junction A4 -> durations [60, 10, 10, 10] (total: 90s)
2026-09-23 22:33:08,040 - RLController - INFO -   Example: junction A5 -> durations [25, 36, 18, 11] (total: 90s)
2026-09-23 22:33:08,040 - RLController - INFO -   Example: junction B0 -> durations [12, 12, 46, 20] (total: 90s)
2026-09-23 22:33:08,041 - RLController - INFO -   Example: junction B1 -> durations [14, 54, 11, 11] (total: 90s)
2026-09-23 22:33:08,041 - RLController - INFO -   Example: junction B2 -> durations [12, 12, 54, 12] (total: 90s)
2026-09-23 22:33:08,041 - RLController - INFO -   Example: junction B4 -> durations [15, 23, 37, 15] (total: 90s)
2026-09-23 22:33:08,041 - RLController - INFO -   Example: junction B5 -> durations [60, 10, 10, 10] (total: 90s)
2026-09-23 22:33:08,041 - RLController - INFO -   Example: junction C0 -> durations [11, 14, 47, 18] (total: 90s)
2026-09-23 22:33:08,041 - RLController - INFO -   Example: junction C1 -> durations [27, 13, 30, 20] (total: 90s)
2026-09-23 22:33:08,041 - RLController - INFO -   Example: junction C2 -> durations [54, 16, 10, 10] (total: 90s)
2026-09-23 22:33:08,041 - RLController - INFO -   Example: junction C3 -> durations [59, 11, 10, 10] (total: 90s)
2026-09-23 22:33:08,041 - RLController - INFO -   Example: junction C4 -> durations [36, 10, 34, 10] (total: 90s)
2026-09-23 22:33:08,042 - RLController - INFO -   Example: junction C5 -> durations [50, 10, 10, 20] (total: 90s)
2026-09-23 22:33:08,042 - RLController - INFO -   Example: junction D0 -> durations [19, 28, 31, 12] (total: 90s)
2026-09-23 22:33:08,042 - RLController - INFO -   Example: junction D1 -> durations [11, 13, 47, 19] (total: 90s)
2026-09-23 22:33:08,042 - RLController - INFO -   Example: junction D2 -> durations [57, 11, 11, 11] (total: 90s)
2026-09-23 22:33:08,042 - RLController - INFO -   Example: junction D3 -> durations [22, 12, 44, 12] (total: 90s)
2026-09-23 22:33:08,042 - RLController - INFO -   Example: junction D4 -> durations [12, 25, 42, 11] (total: 90s)
2026-09-23 22:33:08,042 - RLController - INFO -   Example: junction D5 -> durations [11, 10, 58, 11] (total: 90s)
2026-09-23 22:33:08,042 - RLController - INFO -   Example: junction E0 -> durations [11, 11, 12, 56] (total: 90s)
2026-09-23 22:33:08,043 - RLController - INFO -   Example: junction E1 -> durations [34, 11, 34, 11] (total: 90s)
2026-09-23 22:33:08,043 - RLController - INFO -   Stored schedules for 34 junctions, cycle starts at step 0
2026-09-23 22:33:08,731 - RLController - INFO - DIAGNOSTIC Step 90 - Observation stats:
2026-09-23 22:33:08,731 - RLController - INFO -   Hash: 8264921796466432048, Min: 0.000000, Max: 1.000000, Mean: 0.295748, Std: 0.404481
2026-09-23 22:33:08,731 - RLController - INFO -   First 10: [1.  0.  0.  0.  0.  0.5 1.  0.  0.  0. ]
2026-09-23 22:33:08,731 - RLController - INFO -   Last 10: [0.0000000e+00 1.2500000e-01 0.0000000e+00 8.3333336e-02 1.3888890e-01
 5.4273708e-04 1.0256411e-02 8.5738349e-01 0.0000000e+00 3.0000001e-01]
2026-09-23 22:33:08,736 - RLController - INFO - DIAGNOSTIC - Raw model action output:
2026-09-23 22:33:08,736 - RLController - INFO -   Action hash: 6408771737902267380
2026-09-23 22:33:08,736 - RLController - INFO -   First 8 values: [ -5.6262555 -10.        -10.        -10.        -10.        -10.
 -10.        -10.       ]
2026-09-23 22:33:08,736 - RLController - INFO -   Last 8 values: [-10.        -10.        -10.        -10.        -10.          0.0607615
 -10.        -10.       ]
2026-09-23 22:33:08,737 - RLController - INFO -   Action shape: (136,), min: -10.000000, max: 3.972303, mean: -8.866359
2026-09-23 22:33:08,737 - RLController - INFO -   B0 junction (indices 16-19) raw values: [ -8.482122  -8.807982 -10.       -10.      ]
2026-09-23 22:33:08,737 - RLController - INFO - Using CONTINUOUS DURATION-BASED mode
2026-09-23 22:33:08,737 - RLController - INFO -   Example: junction A0 -> durations [57, 11, 11, 11] (total: 90s)
2026-09-23 22:33:08,737 - RLController - INFO -   Example: junction A1 -> durations [24, 22, 22, 22] (total: 90s)
2026-09-23 22:33:08,737 - RLController - INFO -   Example: junction A2 -> durations [10, 12, 58, 10] (total: 90s)
2026-09-23 22:33:08,737 - RLController - INFO -   Example: junction A4 -> durations [59, 11, 10, 10] (total: 90s)
2026-09-23 22:33:08,738 - RLController - INFO -   Example: junction A5 -> durations [33, 27, 15, 15] (total: 90s)
2026-09-23 22:33:08,738 - RLController - INFO -   Example: junction B0 -> durations [17, 17, 39, 17] (total: 90s)
2026-09-23 22:33:08,738 - RLController - INFO -   Example: junction B1 -> durations [12, 54, 12, 12] (total: 90s)
2026-09-23 22:33:08,738 - RLController - INFO -   Example: junction B2 -> durations [19, 19, 33, 19] (total: 90s)
2026-09-23 22:33:08,738 - RLController - INFO -   Example: junction B4 -> durations [24, 22, 22, 22] (total: 90s)
2026-09-23 22:33:08,738 - RLController - INFO -   Example: junction B5 -> durations [60, 10, 10, 10] (total: 90s)
2026-09-23 22:33:08,738 - RLController - INFO -   Example: junction C0 -> durations [13, 13, 47, 17] (total: 90s)
2026-09-23 22:33:08,738 - RLController - INFO -   Example: junction C1 -> durations [27, 21, 21, 21] (total: 90s)
2026-09-23 22:33:08,739 - RLController - INFO -   Example: junction C2 -> durations [54, 16, 10, 10] (total: 90s)
2026-09-23 22:33:08,739 - RLController - INFO -   Example: junction C3 -> durations [60, 10, 10, 10] (total: 90s)
2026-09-23 22:33:08,739 - RLController - INFO -   Example: junction C4 -> durations [46, 11, 22, 11] (total: 90s)
2026-09-23 22:33:08,739 - RLController - INFO -   Example: junction C5 -> durations [55, 10, 10, 15] (total: 90s)
2026-09-23 22:33:08,739 - RLController - INFO -   Example: junction D0 -> durations [17, 24, 32, 17] (total: 90s)
2026-09-23 22:33:08,739 - RLController - INFO -   Example: junction D1 -> durations [12, 12, 51, 15] (total: 90s)
2026-09-23 22:33:08,739 - RLController - INFO -   Example: junction D2 -> durations [57, 11, 11, 11] (total: 90s)
2026-09-23 22:33:08,739 - RLController - INFO -   Example: junction D3 -> durations [18, 18, 36, 18] (total: 90s)
2026-09-23 22:33:08,740 - RLController - INFO -   Example: junction D4 -> durations [15, 28, 32, 15] (total: 90s)
2026-09-23 22:33:08,740 - RLController - INFO -   Example: junction D5 -> durations [11, 11, 57, 11] (total: 90s)
2026-09-23 22:33:08,740 - RLController - INFO -   Example: junction E0 -> durations [14, 14, 14, 48] (total: 90s)
2026-09-23 22:33:08,740 - RLController - INFO -   Example: junction E1 -> durations [32, 13, 32, 13] (total: 90s)
2026-09-23 22:33:08,741 - RLController - INFO -   Stored schedules for 34 junctions, cycle starts at step 90
2026-09-23 22:33:09,599 - RLController - INFO - DIAGNOSTIC Step 180 - Observation stats:
2026-09-23 22:33:09,599 - RLController - INFO -   Hash: -7568278946411626, Min: 0.000000, Max: 1.000000, Mean: 0.329422, Std: 0.421025
2026-09-23 22:33:09,600 - RLController - INFO -   First 10: [1.  0.  0.  0.  0.  0.5 1.  0.  0.  0. ]
2026-09-23 22:33:09,600 - RLController - INFO -   Last 10: [0.         0.2        0.         0.08333334 0.23504274 0.00107175
 0.01918803 0.76500434 0.         0.3       ]
2026-09-23 22:33:09,605 - RLController - INFO - DIAGNOSTIC - Raw model action output:
2026-09-23 22:33:09,605 - RLController - INFO -   Action hash: 4646018857130166923
2026-09-23 22:33:09,605 - RLController - INFO -   First 8 values: [ -6.128402 -10.       -10.       -10.       -10.       -10.
 -10.       -10.      ]
2026-09-23 22:33:09,606 - RLController - INFO -   Last 8 values: [-10.        -10.        -10.        -10.        -10.         -0.2680733
 -10.        -10.       ]
2026-09-23 22:33:09,606 - RLController - INFO -   Action shape: (136,), min: -10.000000, max: 4.337951, mean: -9.132401
2026-09-23 22:33:09,606 - RLController - INFO -   B0 junction (indices 16-19) raw values: [ -9.213243 -10.       -10.       -10.      ]
2026-09-23 22:33:09,606 - RLController - INFO - Using CONTINUOUS DURATION-BASED mode
2026-09-23 22:33:09,606 - RLController - INFO -   Example: junction A0 -> durations [57, 11, 11, 11] (total: 90s)
2026-09-23 22:33:09,606 - RLController - INFO -   Example: junction A1 -> durations [24, 22, 22, 22] (total: 90s)
2026-09-23 22:33:09,606 - RLController - INFO -   Example: junction A2 -> durations [10, 11, 59, 10] (total: 90s)
2026-09-23 22:33:09,607 - RLController - INFO -   Example: junction A4 -> durations [59, 11, 10, 10] (total: 90s)
2026-09-23 22:33:09,607 - RLController - INFO -   Example: junction A5 -> durations [30, 20, 20, 20] (total: 90s)
2026-09-23 22:33:09,607 - RLController - INFO -   Example: junction B0 -> durations [24, 22, 22, 22] (total: 90s)
2026-09-23 22:33:09,607 - RLController - INFO -   Example: junction B1 -> durations [15, 45, 15, 15] (total: 90s)
2026-09-23 22:33:09,607 - RLController - INFO -   Example: junction B2 -> durations [24, 22, 22, 22] (total: 90s)
2026-09-23 22:33:09,607 - RLController - INFO -   Example: junction B4 -> durations [24, 22, 22, 22] (total: 90s)
2026-09-23 22:33:09,607 - RLController - INFO -   Example: junction B5 -> durations [60, 10, 10, 10] (total: 90s)
2026-09-23 22:33:09,607 - RLController - INFO -   Example: junction C0 -> durations [17, 17, 39, 17] (total: 90s)
2026-09-23 22:33:09,607 - RLController - INFO -   Example: junction C1 -> durations [24, 22, 22, 22] (total: 90s)
2026-09-23 22:33:09,608 - RLController - INFO -   Example: junction C2 -> durations [56, 14, 10, 10] (total: 90s)
2026-09-23 22:33:09,608 - RLController - INFO -   Example: junction C3 -> durations [60, 10, 10, 10] (total: 90s)
2026-09-23 22:33:09,608 - RLController - INFO -   Example: junction C4 -> durations [55, 11, 13, 11] (total: 90s)
2026-09-23 22:33:09,608 - RLController - INFO -   Example: junction C5 -> durations [57, 11, 11, 11] (total: 90s)
2026-09-23 22:33:09,608 - RLController - INFO -   Example: junction D0 -> durations [24, 22, 22, 22] (total: 90s)
2026-09-23 22:33:09,608 - RLController - INFO -   Example: junction D1 -> durations [14, 14, 48, 14] (total: 90s)
2026-09-23 22:33:09,608 - RLController - INFO -   Example: junction D2 -> durations [51, 13, 13, 13] (total: 90s)
2026-09-23 22:33:09,608 - RLController - INFO -   Example: junction D3 -> durations [24, 22, 22, 22] (total: 90s)
2026-09-23 22:33:09,609 - RLController - INFO -   Example: junction D4 -> durations [22, 22, 24, 22] (total: 90s)
2026-09-23 22:33:09,609 - RLController - INFO -   Example: junction D5 -> durations [11, 11, 57, 11] (total: 90s)
2026-09-23 22:33:09,609 - RLController - INFO -   Example: junction E0 -> durations [19, 19, 19, 33] (total: 90s)
2026-09-23 22:33:09,609 - RLController - INFO -   Example: junction E1 -> durations [28, 17, 28, 17] (total: 90s)
2026-09-23 22:33:09,610 - RLController - INFO -   Stored schedules for 34 junctions, cycle starts at step 180
2026-09-23 22:33:10,798 - RLController - INFO - DIAGNOSTIC Step 270 - Observation stats:
2026-09-23 22:33:10,798 - RLController - INFO -   Hash: 1340856460523255145, Min: 0.000000, Max: 1.000000, Mean: 0.341878, Std: 0.424138
2026-09-23 22:33:10,798 - RLController - INFO -   First 10: [1.  0.  0.  0.  0.  0.5 1.  0.  0.  0. ]
2026-09-23 22:33:10,798 - RLController - INFO -   Last 10: [0.         0.2        0.         0.08333334 0.25       0.00150082
 0.02534188 0.74849254 0.         0.3       ]
2026-09-23 22:33:10,805 - RLController - INFO - DIAGNOSTIC - Raw model action output:
2026-09-23 22:33:10,805 - RLController - INFO -   Action hash: 2797443749017345586
2026-09-23 22:33:10,806 - RLController - INFO -   First 8 values: [ -6.35337 -10.      -10.      -10.      -10.      -10.      -10.
 -10.     ]
2026-09-23 22:33:10,806 - RLController - INFO -   Last 8 values: [-10.         -10.         -10.         -10.         -10.
   0.49023345 -10.         -10.        ]
2026-09-23 22:33:10,806 - RLController - INFO -   Action shape: (136,), min: -10.000000, max: 5.350927, mean: -9.163252
2026-09-23 22:33:10,806 - RLController - INFO -   B0 junction (indices 16-19) raw values: [ -9.122415 -10.       -10.       -10.      ]
2026-09-23 22:33:10,806 - RLController - INFO - Using CONTINUOUS DURATION-BASED mode
2026-09-23 22:33:10,807 - RLController - INFO -   Example: junction A0 -> durations [57, 11, 11, 11] (total: 90s)
2026-09-23 22:33:10,807 - RLController - INFO -   Example: junction A1 -> durations [24, 22, 22, 22] (total: 90s)
2026-09-23 22:33:10,807 - RLController - INFO -   Example: junction A2 -> durations [10, 10, 60, 10] (total: 90s)
2026-09-23 22:33:10,807 - RLController - INFO -   Example: junction A4 -> durations [59, 11, 10, 10] (total: 90s)
2026-09-23 22:33:10,807 - RLController - INFO -   Example: junction A5 -> durations [33, 19, 19, 19] (total: 90s)
2026-09-23 22:33:10,807 - RLController - INFO -   Example: junction B0 -> durations [24, 22, 22, 22] (total: 90s)
2026-09-23 22:33:10,807 - RLController - INFO -   Example: junction B1 -> durations [16, 42, 16, 16] (total: 90s)
2026-09-23 22:33:10,807 - RLController - INFO -   Example: junction B2 -> durations [24, 22, 22, 22] (total: 90s)
2026-09-23 22:33:10,807 - RLController - INFO -   Example: junction B4 -> durations [24, 22, 22, 22] (total: 90s)
2026-09-23 22:33:10,808 - RLController - INFO -   Example: junction B5 -> durations [60, 10, 10, 10] (total: 90s)
2026-09-23 22:33:10,808 - RLController - INFO -   Example: junction C0 -> durations [19, 19, 33, 19] (total: 90s)
2026-09-23 22:33:10,808 - RLController - INFO -   Example: junction C1 -> durations [24, 22, 22, 22] (total: 90s)
2026-09-23 22:33:10,808 - RLController - INFO -   Example: junction C2 -> durations [58, 12, 10, 10] (total: 90s)
2026-09-23 22:33:10,808 - RLController - INFO -   Example: junction C3 -> durations [60, 10, 10, 10] (total: 90s)
2026-09-23 22:33:10,808 - RLController - INFO -   Example: junction C4 -> durations [56, 11, 12, 11] (total: 90s)
2026-09-23 22:33:10,808 - RLController - INFO -   Example: junction C5 -> durations [57, 11, 11, 11] (total: 90s)
2026-09-23 22:33:10,808 - RLController - INFO -   Example: junction D0 -> durations [24, 22, 22, 22] (total: 90s)
2026-09-23 22:33:10,809 - RLController - INFO -   Example: junction D1 -> durations [16, 16, 42, 16] (total: 90s)
2026-09-23 22:33:10,809 - RLController - INFO -   Example: junction D2 -> durations [48, 14, 14, 14] (total: 90s)
2026-09-23 22:33:10,809 - RLController - INFO -   Example: junction D3 -> durations [24, 22, 22, 22] (total: 90s)
2026-09-23 22:33:10,809 - RLController - INFO -   Example: junction D4 -> durations [24, 22, 22, 22] (total: 90s)
2026-09-23 22:33:10,809 - RLController - INFO -   Example: junction D5 -> durations [12, 12, 54, 12] (total: 90s)
2026-09-23 22:33:10,809 - RLController - INFO -   Example: junction E0 -> durations [20, 20, 20, 30] (total: 90s)
2026-09-23 22:33:10,809 - RLController - INFO -   Example: junction E1 -> durations [25, 18, 29, 18] (total: 90s)
2026-09-23 22:33:10,810 - RLController - INFO -   Stored schedules for 34 junctions, cycle starts at step 270
2026-09-23 22:33:12,317 - RLController - INFO - DIAGNOSTIC Step 360 - Observation stats:
2026-09-23 22:33:12,317 - RLController - INFO -   Hash: 6381386236916420043, Min: 0.000000, Max: 1.000000, Mean: 0.353154, Std: 0.431558
2026-09-23 22:33:12,317 - RLController - INFO -   First 10: [1.  0.  0.  0.  0.  0.5 1.  0.  0.  0. ]
2026-09-23 22:33:12,318 - RLController - INFO -   Last 10: [0.         0.2        0.         0.08333334 0.2820513  0.00158541
 0.0298718  0.72052425 0.         0.3       ]
2026-09-23 22:33:12,322 - RLController - INFO - DIAGNOSTIC - Raw model action output:
2026-09-23 22:33:12,322 - RLController - INFO -   Action hash: 2385418784441218373
2026-09-23 22:33:12,322 - RLController - INFO -   First 8 values: [ -6.5054994 -10.        -10.        -10.        -10.        -10.
 -10.        -10.       ]
2026-09-23 22:33:12,322 - RLController - INFO -   Last 8 values: [-10.        -10.        -10.        -10.        -10.          1.0563679
 -10.        -10.       ]
2026-09-23 22:33:12,322 - RLController - INFO -   Action shape: (136,), min: -10.000000, max: 5.777867, mean: -9.207272
2026-09-23 22:33:12,323 - RLController - INFO -   B0 junction (indices 16-19) raw values: [ -9.263885 -10.       -10.       -10.      ]
2026-09-23 22:33:12,323 - RLController - INFO - Using CONTINUOUS DURATION-BASED mode
2026-09-23 22:33:12,323 - RLController - INFO -   Example: junction A0 -> durations [57, 11, 11, 11] (total: 90s)
2026-09-23 22:33:12,323 - RLController - INFO -   Example: junction A1 -> durations [24, 22, 22, 22] (total: 90s)
2026-09-23 22:33:12,323 - RLController - INFO -   Example: junction A2 -> durations [11, 11, 57, 11] (total: 90s)
2026-09-23 22:33:12,323 - RLController - INFO -   Example: junction A4 -> durations [60, 10, 10, 10] (total: 90s)
2026-09-23 22:33:12,324 - RLController - INFO -   Example: junction A5 -> durations [30, 20, 20, 20] (total: 90s)
2026-09-23 22:33:12,324 - RLController - INFO -   Example: junction B0 -> durations [24, 22, 22, 22] (total: 90s)
2026-09-23 22:33:12,324 - RLController - INFO -   Example: junction B1 -> durations [19, 33, 19, 19] (total: 90s)
2026-09-23 22:33:12,324 - RLController - INFO -   Example: junction B2 -> durations [24, 22, 22, 22] (total: 90s)
2026-09-23 22:33:12,324 - RLController - INFO -   Example: junction B4 -> durations [24, 22, 22, 22] (total: 90s)
2026-09-23 22:33:12,325 - RLController - INFO -   Example: junction B5 -> durations [60, 10, 10, 10] (total: 90s)
2026-09-23 22:33:12,325 - RLController - INFO -   Example: junction C0 -> durations [20, 20, 30, 20] (total: 90s)
2026-09-23 22:33:12,325 - RLController - INFO -   Example: junction C1 -> durations [24, 22, 22, 22] (total: 90s)
2026-09-23 22:33:12,325 - RLController - INFO -   Example: junction C2 -> durations [58, 12, 10, 10] (total: 90s)
2026-09-23 22:33:12,325 - RLController - INFO -   Example: junction C3 -> durations [60, 10, 10, 10] (total: 90s)
2026-09-23 22:33:12,325 - RLController - INFO -   Example: junction C4 -> durations [57, 11, 11, 11] (total: 90s)
2026-09-23 22:33:12,326 - RLController - INFO -   Example: junction C5 -> durations [57, 11, 11, 11] (total: 90s)
2026-09-23 22:33:12,326 - RLController - INFO -   Example: junction D0 -> durations [24, 22, 22, 22] (total: 90s)
2026-09-23 22:33:12,326 - RLController - INFO -   Example: junction D1 -> durations [18, 18, 36, 18] (total: 90s)
2026-09-23 22:33:12,326 - RLController - INFO -   Example: junction D2 -> durations [45, 15, 15, 15] (total: 90s)
2026-09-23 22:33:12,326 - RLController - INFO -   Example: junction D3 -> durations [24, 22, 22, 22] (total: 90s)
2026-09-23 22:33:12,326 - RLController - INFO -   Example: junction D4 -> durations [24, 22, 22, 22] (total: 90s)
2026-09-23 22:33:12,326 - RLController - INFO -   Example: junction D5 -> durations [13, 13, 51, 13] (total: 90s)
2026-09-23 22:33:12,326 - RLController - INFO -   Example: junction E0 -> durations [22, 22, 22, 24] (total: 90s)
2026-09-23 22:33:12,327 - RLController - INFO -   Example: junction E1 -> durations [22, 20, 28, 20] (total: 90s)
2026-09-23 22:33:12,327 - RLController - INFO -   Stored schedules for 34 junctions, cycle starts at step 360
2026-09-23 22:33:13,995 - RLController - INFO - DIAGNOSTIC Step 450 - Observation stats:
2026-09-23 22:33:13,995 - RLController - INFO -   Hash: 7628258949018572139, Min: 0.000000, Max: 1.000000, Mean: 0.363840, Std: 0.434505
2026-09-23 22:33:13,995 - RLController - INFO -   First 10: [1.  0.  0.  0.  0.  0.5 1.  0.  0.  0. ]
2026-09-23 22:33:13,996 - RLController - INFO -   Last 10: [0.         0.2        0.         0.08333334 0.30555555 0.00191988
 0.03282051 0.7014956  0.         0.3       ]
2026-09-23 22:33:13,999 - RLController - INFO - DIAGNOSTIC - Raw model action output:
2026-09-23 22:33:13,999 - RLController - INFO -   Action hash: 5199485293880232737
2026-09-23 22:33:13,999 - RLController - INFO -   First 8 values: [ -6.9314046 -10.        -10.        -10.        -10.        -10.
 -10.        -10.       ]
2026-09-23 22:33:14,000 - RLController - INFO -   Last 8 values: [-10.        -10.        -10.        -10.        -10.          1.1019137
 -10.        -10.       ]
2026-09-23 22:33:14,000 - RLController - INFO -   Action shape: (136,), min: -10.000000, max: 5.448389, mean: -9.234200
2026-09-23 22:33:14,000 - RLController - INFO -   B0 junction (indices 16-19) raw values: [ -9.363649 -10.       -10.       -10.      ]
2026-09-23 22:33:14,000 - RLController - INFO - Using CONTINUOUS DURATION-BASED mode
2026-09-23 22:33:14,000 - RLController - INFO -   Example: junction A0 -> durations [54, 12, 12, 12] (total: 90s)
2026-09-23 22:33:14,000 - RLController - INFO -   Example: junction A1 -> durations [24, 22, 22, 22] (total: 90s)
2026-09-23 22:33:14,000 - RLController - INFO -   Example: junction A2 -> durations [11, 11, 57, 11] (total: 90s)
2026-09-23 22:33:14,001 - RLController - INFO -   Example: junction A4 -> durations [60, 10, 10, 10] (total: 90s)
2026-09-23 22:33:14,001 - RLController - INFO -   Example: junction A5 -> durations [30, 20, 20, 20] (total: 90s)
2026-09-23 22:33:14,001 - RLController - INFO -   Example: junction B0 -> durations [24, 22, 22, 22] (total: 90s)
2026-09-23 22:33:14,001 - RLController - INFO -   Example: junction B1 -> durations [20, 30, 20, 20] (total: 90s)
2026-09-23 22:33:14,001 - RLController - INFO -   Example: junction B2 -> durations [24, 22, 22, 22] (total: 90s)
2026-09-23 22:33:14,001 - RLController - INFO -   Example: junction B4 -> durations [24, 22, 22, 22] (total: 90s)
2026-09-23 22:33:14,001 - RLController - INFO -   Example: junction B5 -> durations [60, 10, 10, 10] (total: 90s)
2026-09-23 22:33:14,001 - RLController - INFO -   Example: junction C0 -> durations [20, 20, 30, 20] (total: 90s)
2026-09-23 22:33:14,002 - RLController - INFO -   Example: junction C1 -> durations [24, 22, 22, 22] (total: 90s)
2026-09-23 22:33:14,002 - RLController - INFO -   Example: junction C2 -> durations [58, 12, 10, 10] (total: 90s)
2026-09-23 22:33:14,002 - RLController - INFO -   Example: junction C3 -> durations [60, 10, 10, 10] (total: 90s)
2026-09-23 22:33:14,002 - RLController - INFO -   Example: junction C4 -> durations [57, 11, 11, 11] (total: 90s)
2026-09-23 22:33:14,002 - RLController - INFO -   Example: junction C5 -> durations [57, 11, 11, 11] (total: 90s)
2026-09-23 22:33:14,002 - RLController - INFO -   Example: junction D0 -> durations [24, 22, 22, 22] (total: 90s)
2026-09-23 22:33:14,002 - RLController - INFO -   Example: junction D1 -> durations [18, 18, 36, 18] (total: 90s)
2026-09-23 22:33:14,002 - RLController - INFO -   Example: junction D2 -> durations [42, 16, 16, 16] (total: 90s)
2026-09-23 22:33:14,003 - RLController - INFO -   Example: junction D3 -> durations [24, 22, 22, 22] (total: 90s)
2026-09-23 22:33:14,003 - RLController - INFO -   Example: junction D4 -> durations [24, 22, 22, 22] (total: 90s)
2026-09-23 22:33:14,003 - RLController - INFO -   Example: junction D5 -> durations [13, 13, 51, 13] (total: 90s)
2026-09-23 22:33:14,003 - RLController - INFO -   Example: junction E0 -> durations [24, 22, 22, 22] (total: 90s)
2026-09-23 22:33:14,003 - RLController - INFO -   Example: junction E1 -> durations [22, 22, 24, 22] (total: 90s)
2026-09-23 22:33:14,004 - RLController - INFO -   Stored schedules for 34 junctions, cycle starts at step 450
2026-09-23 22:33:15,652 - RLController - INFO - DIAGNOSTIC Step 540 - Observation stats:
2026-09-23 22:33:15,653 - RLController - INFO -   Hash: 4560080032740153876, Min: 0.000000, Max: 1.000000, Mean: 0.367256, Std: 0.433780
2026-09-23 22:33:15,653 - RLController - INFO -   First 10: [1.  0.  0.  0.  0.  0.5 1.  0.  0.  0. ]
2026-09-23 22:33:15,653 - RLController - INFO -   Last 10: [0.         0.2        0.         0.08333334 0.30982906 0.00173712
 0.03594017 0.6909363  0.         0.3       ]
2026-09-23 22:33:15,661 - RLController - INFO - DIAGNOSTIC - Raw model action output:
2026-09-23 22:33:15,661 - RLController - INFO -   Action hash: -2175281626334909587
2026-09-23 22:33:15,662 - RLController - INFO -   First 8 values: [ -6.941826 -10.       -10.       -10.       -10.       -10.
 -10.       -10.      ]
2026-09-23 22:33:15,662 - RLController - INFO -   Last 8 values: [-10.        -10.        -10.        -10.        -10.          0.5181592
 -10.        -10.       ]
2026-09-23 22:33:15,662 - RLController - INFO -   Action shape: (136,), min: -10.000000, max: 5.470862, mean: -9.219897
2026-09-23 22:33:15,663 - RLController - INFO -   B0 junction (indices 16-19) raw values: [ -9.540697 -10.       -10.       -10.      ]
2026-09-23 22:33:15,663 - RLController - INFO - Using CONTINUOUS DURATION-BASED mode
2026-09-23 22:33:15,663 - RLController - INFO -   Example: junction A0 -> durations [54, 12, 12, 12] (total: 90s)
2026-09-23 22:33:15,663 - RLController - INFO -   Example: junction A1 -> durations [24, 22, 22, 22] (total: 90s)
2026-09-23 22:33:15,663 - RLController - INFO -   Example: junction A2 -> durations [11, 11, 57, 11] (total: 90s)
2026-09-23 22:33:15,663 - RLController - INFO -   Example: junction A4 -> durations [60, 10, 10, 10] (total: 90s)
2026-09-23 22:33:15,663 - RLController - INFO -   Example: junction A5 -> durations [27, 21, 21, 21] (total: 90s)
2026-09-23 22:33:15,663 - RLController - INFO -   Example: junction B0 -> durations [24, 22, 22, 22] (total: 90s)
2026-09-23 22:33:15,664 - RLController - INFO -   Example: junction B1 -> durations [21, 27, 21, 21] (total: 90s)
2026-09-23 22:33:15,664 - RLController - INFO -   Example: junction B2 -> durations [24, 22, 22, 22] (total: 90s)
2026-09-23 22:33:15,664 - RLController - INFO -   Example: junction B4 -> durations [24, 22, 22, 22] (total: 90s)
2026-09-23 22:33:15,664 - RLController - INFO -   Example: junction B5 -> durations [60, 10, 10, 10] (total: 90s)
2026-09-23 22:33:15,664 - RLController - INFO -   Example: junction C0 -> durations [20, 20, 30, 20] (total: 90s)
2026-09-23 22:33:15,664 - RLController - INFO -   Example: junction C1 -> durations [24, 22, 22, 22] (total: 90s)
2026-09-23 22:33:15,665 - RLController - INFO -   Example: junction C2 -> durations [58, 12, 10, 10] (total: 90s)
2026-09-23 22:33:15,665 - RLController - INFO -   Example: junction C3 -> durations [60, 10, 10, 10] (total: 90s)
2026-09-23 22:33:15,665 - RLController - INFO -   Example: junction C4 -> durations [60, 10, 10, 10] (total: 90s)
2026-09-23 22:33:15,665 - RLController - INFO -   Example: junction C5 -> durations [57, 11, 11, 11] (total: 90s)
2026-09-23 22:33:15,665 - RLController - INFO -   Example: junction D0 -> durations [24, 22, 22, 22] (total: 90s)
2026-09-23 22:33:15,665 - RLController - INFO -   Example: junction D1 -> durations [18, 18, 36, 18] (total: 90s)
2026-09-23 22:33:15,665 - RLController - INFO -   Example: junction D2 -> durations [45, 15, 15, 15] (total: 90s)
2026-09-23 22:33:15,665 - RLController - INFO -   Example: junction D3 -> durations [24, 22, 22, 22] (total: 90s)
2026-09-23 22:33:15,666 - RLController - INFO -   Example: junction D4 -> durations [24, 22, 22, 22] (total: 90s)
2026-09-23 22:33:15,666 - RLController - INFO -   Example: junction D5 -> durations [13, 13, 51, 13] (total: 90s)
2026-09-23 22:33:15,666 - RLController - INFO -   Example: junction E0 -> durations [24, 22, 22, 22] (total: 90s)
2026-09-23 22:33:15,666 - RLController - INFO -   Example: junction E1 -> durations [24, 22, 22, 22] (total: 90s)
2026-09-23 22:33:15,667 - RLController - INFO -   Stored schedules for 34 junctions, cycle starts at step 540
2026-09-23 22:33:17,559 - RLController - INFO - DIAGNOSTIC Step 630 - Observation stats:
2026-09-23 22:33:17,559 - RLController - INFO -   Hash: 6420288280588554483, Min: 0.000000, Max: 1.000000, Mean: 0.372699, Std: 0.438235
2026-09-23 22:33:17,560 - RLController - INFO -   First 10: [1.  0.  0.  0.  0.  0.5 1.  0.  0.  0. ]
2026-09-23 22:33:17,560 - RLController - INFO -   Last 10: [0.         0.2        0.         0.08333334 0.32905984 0.00192062
 0.03846154 0.6764959  0.         0.3       ]
2026-09-23 22:33:17,563 - RLController - INFO - DIAGNOSTIC - Raw model action output:
2026-09-23 22:33:17,563 - RLController - INFO -   Action hash: -5566177752541842589
2026-09-23 22:33:17,563 - RLController - INFO -   First 8 values: [ -6.909518 -10.       -10.       -10.       -10.       -10.
 -10.       -10.      ]
2026-09-23 22:33:17,564 - RLController - INFO -   Last 8 values: [-10.         -10.         -10.         -10.         -10.
   0.48805264 -10.         -10.        ]
2026-09-23 22:33:17,564 - RLController - INFO -   Action shape: (136,), min: -10.000000, max: 5.303093, mean: -9.219640
2026-09-23 22:33:17,565 - RLController - INFO -   B0 junction (indices 16-19) raw values: [ -9.69324 -10.      -10.      -10.     ]
2026-09-23 22:33:17,565 - RLController - INFO - Using CONTINUOUS DURATION-BASED mode
2026-09-23 22:33:17,565 - RLController - INFO -   Example: junction A0 -> durations [54, 12, 12, 12] (total: 90s)
2026-09-23 22:33:17,565 - RLController - INFO -   Example: junction A1 -> durations [24, 22, 22, 22] (total: 90s)
2026-09-23 22:33:17,565 - RLController - INFO -   Example: junction A2 -> durations [10, 10, 60, 10] (total: 90s)
2026-09-23 22:33:17,565 - RLController - INFO -   Example: junction A4 -> durations [60, 10, 10, 10] (total: 90s)
2026-09-23 22:33:17,565 - RLController - INFO -   Example: junction A5 -> durations [27, 21, 21, 21] (total: 90s)
2026-09-23 22:33:17,565 - RLController - INFO -   Example: junction B0 -> durations [24, 22, 22, 22] (total: 90s)
2026-09-23 22:33:17,566 - RLController - INFO -   Example: junction B1 -> durations [20, 30, 20, 20] (total: 90s)
2026-09-23 22:33:17,566 - RLController - INFO -   Example: junction B2 -> durations [24, 22, 22, 22] (total: 90s)
2026-09-23 22:33:17,566 - RLController - INFO -   Example: junction B4 -> durations [24, 22, 22, 22] (total: 90s)
2026-09-23 22:33:17,566 - RLController - INFO -   Example: junction B5 -> durations [60, 10, 10, 10] (total: 90s)
2026-09-23 22:33:17,566 - RLController - INFO -   Example: junction C0 -> durations [20, 20, 30, 20] (total: 90s)
2026-09-23 22:33:17,566 - RLController - INFO -   Example: junction C1 -> durations [24, 22, 22, 22] (total: 90s)
2026-09-23 22:33:17,566 - RLController - INFO -   Example: junction C2 -> durations [58, 12, 10, 10] (total: 90s)
2026-09-23 22:33:17,566 - RLController - INFO -   Example: junction C3 -> durations [60, 10, 10, 10] (total: 90s)
2026-09-23 22:33:17,567 - RLController - INFO -   Example: junction C4 -> durations [57, 11, 11, 11] (total: 90s)
2026-09-23 22:33:17,567 - RLController - INFO -   Example: junction C5 -> durations [57, 11, 11, 11] (total: 90s)
2026-09-23 22:33:17,567 - RLController - INFO -   Example: junction D0 -> durations [24, 22, 22, 22] (total: 90s)
2026-09-23 22:33:17,567 - RLController - INFO -   Example: junction D1 -> durations [18, 18, 36, 18] (total: 90s)
2026-09-23 22:33:17,567 - RLController - INFO -   Example: junction D2 -> durations [45, 15, 15, 15] (total: 90s)
2026-09-23 22:33:17,567 - RLController - INFO -   Example: junction D3 -> durations [24, 22, 22, 22] (total: 90s)
2026-09-23 22:33:17,567 - RLController - INFO -   Example: junction D4 -> durations [24, 22, 22, 22] (total: 90s)
2026-09-23 22:33:17,567 - RLController - INFO -   Example: junction D5 -> durations [13, 13, 51, 13] (total: 90s)
2026-09-23 22:33:17,568 - RLController - INFO -   Example: junction E0 -> durations [24, 22, 22, 22] (total: 90s)
2026-09-23 22:33:17,568 - RLController - INFO -   Example: junction E1 -> durations [22, 22, 24, 22] (total: 90s)
2026-09-23 22:33:17,568 - RLController - INFO -   Stored schedules for 34 junctions, cycle starts at step 630
2026-09-23 22:33:19,414 - RLController - INFO - DIAGNOSTIC Step 720 - Observation stats:
2026-09-23 22:33:19,415 - RLController - INFO -   Hash: 6018385149076794081, Min: 0.000000, Max: 1.000000, Mean: 0.370150, Std: 0.436605
2026-09-23 22:33:19,415 - RLController - INFO -   First 10: [1.  0.  0.  0.  0.  0.5 1.  0.  0.  0. ]
2026-09-23 22:33:19,415 - RLController - INFO -   Last 10: [0.         0.2        0.         0.08333334 0.32051283 0.00194182
 0.04       0.6795666  0.         0.3       ]
2026-09-23 22:33:19,419 - RLController - INFO - DIAGNOSTIC - Raw model action output:
2026-09-23 22:33:19,419 - RLController - INFO -   Action hash: 4986783393119664308
2026-09-23 22:33:19,419 - RLController - INFO -   First 8 values: [ -6.762802 -10.       -10.       -10.       -10.       -10.
 -10.       -10.      ]
2026-09-23 22:33:19,419 - RLController - INFO -   Last 8 values: [-10.        -10.        -10.        -10.        -10.          0.6019321
 -10.        -10.       ]
2026-09-23 22:33:19,419 - RLController - INFO -   Action shape: (136,), min: -10.000000, max: 5.147130, mean: -9.210866
2026-09-23 22:33:19,420 - RLController - INFO -   B0 junction (indices 16-19) raw values: [ -9.827773 -10.       -10.       -10.      ]
2026-09-23 22:33:19,420 - RLController - INFO - Using CONTINUOUS DURATION-BASED mode
2026-09-23 22:33:19,420 - RLController - INFO -   Example: junction A0 -> durations [54, 12, 12, 12] (total: 90s)
2026-09-23 22:33:19,420 - RLController - INFO -   Example: junction A1 -> durations [24, 22, 22, 22] (total: 90s)
2026-09-23 22:33:19,420 - RLController - INFO -   Example: junction A2 -> durations [11, 11, 57, 11] (total: 90s)
2026-09-23 22:33:19,420 - RLController - INFO -   Example: junction A4 -> durations [60, 10, 10, 10] (total: 90s)
2026-09-23 22:33:19,420 - RLController - INFO -   Example: junction A5 -> durations [24, 22, 22, 22] (total: 90s)
2026-09-23 22:33:19,421 - RLController - INFO -   Example: junction B0 -> durations [24, 22, 22, 22] (total: 90s)
2026-09-23 22:33:19,421 - RLController - INFO -   Example: junction B1 -> durations [20, 30, 20, 20] (total: 90s)
2026-09-23 22:33:19,421 - RLController - INFO -   Example: junction B2 -> durations [24, 22, 22, 22] (total: 90s)
2026-09-23 22:33:19,421 - RLController - INFO -   Example: junction B4 -> durations [24, 22, 22, 22] (total: 90s)
2026-09-23 22:33:19,421 - RLController - INFO -   Example: junction B5 -> durations [60, 10, 10, 10] (total: 90s)
2026-09-23 22:33:19,421 - RLController - INFO -   Example: junction C0 -> durations [19, 19, 33, 19] (total: 90s)
2026-09-23 22:33:19,421 - RLController - INFO -   Example: junction C1 -> durations [24, 22, 22, 22] (total: 90s)
2026-09-23 22:33:19,421 - RLController - INFO -   Example: junction C2 -> durations [58, 12, 10, 10] (total: 90s)
2026-09-23 22:33:19,422 - RLController - INFO -   Example: junction C3 -> durations [60, 10, 10, 10] (total: 90s)
2026-09-23 22:33:19,422 - RLController - INFO -   Example: junction C4 -> durations [57, 11, 11, 11] (total: 90s)
2026-09-23 22:33:19,422 - RLController - INFO -   Example: junction C5 -> durations [57, 11, 11, 11] (total: 90s)
2026-09-23 22:33:19,422 - RLController - INFO -   Example: junction D0 -> durations [24, 22, 22, 22] (total: 90s)
2026-09-23 22:33:19,422 - RLController - INFO -   Example: junction D1 -> durations [18, 18, 36, 18] (total: 90s)
2026-09-23 22:33:19,422 - RLController - INFO -   Example: junction D2 -> durations [48, 14, 14, 14] (total: 90s)
2026-09-23 22:33:19,422 - RLController - INFO -   Example: junction D3 -> durations [24, 22, 22, 22] (total: 90s)
2026-09-23 22:33:19,422 - RLController - INFO -   Example: junction D4 -> durations [24, 22, 22, 22] (total: 90s)
2026-09-23 22:33:19,423 - RLController - INFO -   Example: junction D5 -> durations [12, 12, 54, 12] (total: 90s)
2026-09-23 22:33:19,423 - RLController - INFO -   Example: junction E0 -> durations [24, 22, 22, 22] (total: 90s)
2026-09-23 22:33:19,423 - RLController - INFO -   Example: junction E1 -> durations [21, 21, 27, 21] (total: 90s)
2026-09-23 22:33:19,423 - RLController - INFO -   Stored schedules for 34 junctions, cycle starts at step 720
2026-09-23 22:33:21,469 - RLController - INFO - DIAGNOSTIC Step 810 - Observation stats:
2026-09-23 22:33:21,469 - RLController - INFO -   Hash: 1495112084090449737, Min: 0.000000, Max: 1.000000, Mean: 0.372879, Std: 0.437429
2026-09-23 22:33:21,470 - RLController - INFO -   First 10: [1.  0.  0.  0.  0.  0.5 1.  0.  0.  0. ]
2026-09-23 22:33:21,470 - RLController - INFO -   Last 10: [0.         0.2        0.         0.08333334 0.33760685 0.00243281
 0.04128205 0.6727019  0.         0.3       ]
2026-09-23 22:33:21,474 - RLController - INFO - DIAGNOSTIC - Raw model action output:
2026-09-23 22:33:21,474 - RLController - INFO -   Action hash: 6441790249923207978
2026-09-23 22:33:21,474 - RLController - INFO -   First 8 values: [ -6.8058486 -10.        -10.        -10.        -10.        -10.
 -10.        -10.       ]
2026-09-23 22:33:21,474 - RLController - INFO -   Last 8 values: [-10.         -10.         -10.         -10.         -10.
   0.57583123 -10.         -10.        ]
2026-09-23 22:33:21,475 - RLController - INFO -   Action shape: (136,), min: -10.000000, max: 5.656767, mean: -9.199903
2026-09-23 22:33:21,475 - RLController - INFO -   B0 junction (indices 16-19) raw values: [ -9.565541 -10.       -10.       -10.      ]
2026-09-23 22:33:21,475 - RLController - INFO - Using CONTINUOUS DURATION-BASED mode
2026-09-23 22:33:21,475 - RLController - INFO -   Example: junction A0 -> durations [54, 12, 12, 12] (total: 90s)
2026-09-23 22:33:21,475 - RLController - INFO -   Example: junction A1 -> durations [24, 22, 22, 22] (total: 90s)
2026-09-23 22:33:21,475 - RLController - INFO -   Example: junction A2 -> durations [10, 10, 60, 10] (total: 90s)
2026-09-23 22:33:21,475 - RLController - INFO -   Example: junction A4 -> durations [60, 10, 10, 10] (total: 90s)
2026-09-23 22:33:21,476 - RLController - INFO -   Example: junction A5 -> durations [27, 21, 21, 21] (total: 90s)
2026-09-23 22:33:21,476 - RLController - INFO -   Example: junction B0 -> durations [24, 22, 22, 22] (total: 90s)
2026-09-23 22:33:21,476 - RLController - INFO -   Example: junction B1 -> durations [18, 36, 18, 18] (total: 90s)
2026-09-23 22:33:21,476 - RLController - INFO -   Example: junction B2 -> durations [24, 22, 22, 22] (total: 90s)
2026-09-23 22:33:21,476 - RLController - INFO -   Example: junction B4 -> durations [24, 22, 22, 22] (total: 90s)
2026-09-23 22:33:21,476 - RLController - INFO -   Example: junction B5 -> durations [60, 10, 10, 10] (total: 90s)
2026-09-23 22:33:21,476 - RLController - INFO -   Example: junction C0 -> durations [20, 20, 30, 20] (total: 90s)
2026-09-23 22:33:21,476 - RLController - INFO -   Example: junction C1 -> durations [24, 22, 22, 22] (total: 90s)
2026-09-23 22:33:21,477 - RLController - INFO -   Example: junction C2 -> durations [58, 12, 10, 10] (total: 90s)
2026-09-23 22:33:21,477 - RLController - INFO -   Example: junction C3 -> durations [60, 10, 10, 10] (total: 90s)
2026-09-23 22:33:21,477 - RLController - INFO -   Example: junction C4 -> durations [60, 10, 10, 10] (total: 90s)
2026-09-23 22:33:21,477 - RLController - INFO -   Example: junction C5 -> durations [57, 11, 11, 11] (total: 90s)
2026-09-23 22:33:21,477 - RLController - INFO -   Example: junction D0 -> durations [24, 22, 22, 22] (total: 90s)
2026-09-23 22:33:21,477 - RLController - INFO -   Example: junction D1 -> durations [18, 18, 36, 18] (total: 90s)
2026-09-23 22:33:21,477 - RLController - INFO -   Example: junction D2 -> durations [45, 15, 15, 15] (total: 90s)
2026-09-23 22:33:21,477 - RLController - INFO -   Example: junction D3 -> durations [24, 22, 22, 22] (total: 90s)
2026-09-23 22:33:21,478 - RLController - INFO -   Example: junction D4 -> durations [24, 22, 22, 22] (total: 90s)
2026-09-23 22:33:21,478 - RLController - INFO -   Example: junction D5 -> durations [12, 12, 54, 12] (total: 90s)
2026-09-23 22:33:21,478 - RLController - INFO -   Example: junction E0 -> durations [24, 22, 22, 22] (total: 90s)
2026-09-23 22:33:21,478 - RLController - INFO -   Example: junction E1 -> durations [22, 22, 24, 22] (total: 90s)
2026-09-23 22:33:21,479 - RLController - INFO -   Stored schedules for 34 junctions, cycle starts at step 810
2026-09-23 22:33:23,493 - RLController - INFO - DIAGNOSTIC Step 900 - Observation stats:
2026-09-23 22:33:23,493 - RLController - INFO -   Hash: 2162289013129670055, Min: 0.000000, Max: 1.000065, Mean: 0.376300, Std: 0.439012
2026-09-23 22:33:23,493 - RLController - INFO -   First 10: [1.  0.  0.  0.  0.  0.5 1.  0.  0.  0. ]
2026-09-23 22:33:23,493 - RLController - INFO -   Last 10: [0.         0.2        0.         0.08333334 0.3482906  0.00269463
 0.04282051 0.6627143  0.         0.3       ]
2026-09-23 22:33:23,497 - RLController - INFO - DIAGNOSTIC - Raw model action output:
2026-09-23 22:33:23,497 - RLController - INFO -   Action hash: -8427921598698463392
2026-09-23 22:33:23,497 - RLController - INFO -   First 8 values: [ -6.959492 -10.       -10.       -10.       -10.       -10.
 -10.       -10.      ]
2026-09-23 22:33:23,498 - RLController - INFO -   Last 8 values: [-10.         -10.         -10.         -10.         -10.
   0.87087923 -10.         -10.        ]
2026-09-23 22:33:23,498 - RLController - INFO -   Action shape: (136,), min: -10.000000, max: 5.551841, mean: -9.205990
2026-09-23 22:33:23,498 - RLController - INFO -   B0 junction (indices 16-19) raw values: [ -9.478442 -10.       -10.       -10.      ]
2026-09-23 22:33:23,498 - RLController - INFO - Using CONTINUOUS DURATION-BASED mode
2026-09-23 22:33:23,498 - RLController - INFO -   Example: junction A0 -> durations [54, 12, 12, 12] (total: 90s)
2026-09-23 22:33:23,498 - RLController - INFO -   Example: junction A1 -> durations [24, 22, 22, 22] (total: 90s)
2026-09-23 22:33:23,498 - RLController - INFO -   Example: junction A2 -> durations [11, 11, 57, 11] (total: 90s)
2026-09-23 22:33:23,499 - RLController - INFO -   Example: junction A4 -> durations [60, 10, 10, 10] (total: 90s)
2026-09-23 22:33:23,499 - RLController - INFO -   Example: junction A5 -> durations [27, 21, 21, 21] (total: 90s)
2026-09-23 22:33:23,499 - RLController - INFO -   Example: junction B0 -> durations [24, 22, 22, 22] (total: 90s)
2026-09-23 22:33:23,499 - RLController - INFO -   Example: junction B1 -> durations [19, 33, 19, 19] (total: 90s)
2026-09-23 22:33:23,499 - RLController - INFO -   Example: junction B2 -> durations [24, 22, 22, 22] (total: 90s)
2026-09-23 22:33:23,499 - RLController - INFO -   Example: junction B4 -> durations [24, 22, 22, 22] (total: 90s)
2026-09-23 22:33:23,499 - RLController - INFO -   Example: junction B5 -> durations [60, 10, 10, 10] (total: 90s)
2026-09-23 22:33:23,499 - RLController - INFO -   Example: junction C0 -> durations [21, 21, 27, 21] (total: 90s)
2026-09-23 22:33:23,499 - RLController - INFO -   Example: junction C1 -> durations [24, 22, 22, 22] (total: 90s)
2026-09-23 22:33:23,500 - RLController - INFO -   Example: junction C2 -> durations [58, 12, 10, 10] (total: 90s)
2026-09-23 22:33:23,500 - RLController - INFO -   Example: junction C3 -> durations [59, 11, 10, 10] (total: 90s)
2026-09-23 22:33:23,500 - RLController - INFO -   Example: junction C4 -> durations [60, 10, 10, 10] (total: 90s)
2026-09-23 22:33:23,500 - RLController - INFO -   Example: junction C5 -> durations [57, 11, 11, 11] (total: 90s)
2026-09-23 22:33:23,500 - RLController - INFO -   Example: junction D0 -> durations [24, 22, 22, 22] (total: 90s)
2026-09-23 22:33:23,500 - RLController - INFO -   Example: junction D1 -> durations [18, 18, 36, 18] (total: 90s)
2026-09-23 22:33:23,500 - RLController - INFO -   Example: junction D2 -> durations [45, 15, 15, 15] (total: 90s)
2026-09-23 22:33:23,500 - RLController - INFO -   Example: junction D3 -> durations [24, 22, 22, 22] (total: 90s)
2026-09-23 22:33:23,501 - RLController - INFO -   Example: junction D4 -> durations [24, 22, 22, 22] (total: 90s)
2026-09-23 22:33:23,501 - RLController - INFO -   Example: junction D5 -> durations [12, 12, 54, 12] (total: 90s)
2026-09-23 22:33:23,501 - RLController - INFO -   Example: junction E0 -> durations [24, 22, 22, 22] (total: 90s)
2026-09-23 22:33:23,501 - RLController - INFO -   Example: junction E1 -> durations [22, 22, 24, 22] (total: 90s)
2026-09-23 22:33:23,502 - RLController - INFO -   Stored schedules for 34 junctions, cycle starts at step 900
2026-09-23 22:33:25,533 - RLController - INFO - DIAGNOSTIC Step 990 - Observation stats:
2026-09-23 22:33:25,533 - RLController - INFO -   Hash: -3066930524667956200, Min: 0.000000, Max: 1.000000, Mean: 0.376740, Std: 0.439623
2026-09-23 22:33:25,534 - RLController - INFO -   First 10: [1.  0.  0.  0.  0.  0.5 1.  0.  0.  0. ]
2026-09-23 22:33:25,534 - RLController - INFO -   Last 10: [0.         0.2        0.         0.08333334 0.32905984 0.00197621
 0.04461538 0.6745927  0.         0.3       ]
2026-09-23 22:33:25,537 - RLController - INFO - DIAGNOSTIC - Raw model action output:
2026-09-23 22:33:25,537 - RLController - INFO -   Action hash: -9934673041950306
2026-09-23 22:33:25,537 - RLController - INFO -   First 8 values: [ -6.987211 -10.       -10.       -10.       -10.       -10.
 -10.       -10.      ]
2026-09-23 22:33:25,538 - RLController - INFO -   Last 8 values: [-10.        -10.        -10.        -10.        -10.          0.5045238
 -10.        -10.       ]
2026-09-23 22:33:25,538 - RLController - INFO -   Action shape: (136,), min: -10.000000, max: 5.043007, mean: -9.217802
2026-09-23 22:33:25,538 - RLController - INFO -   B0 junction (indices 16-19) raw values: [ -9.164417 -10.       -10.       -10.      ]
2026-09-23 22:33:25,538 - RLController - INFO - Using CONTINUOUS DURATION-BASED mode
2026-09-23 22:33:25,538 - RLController - INFO -   Example: junction A0 -> durations [54, 12, 12, 12] (total: 90s)
2026-09-23 22:33:25,538 - RLController - INFO -   Example: junction A1 -> durations [24, 22, 22, 22] (total: 90s)
2026-09-23 22:33:25,539 - RLController - INFO -   Example: junction A2 -> durations [11, 11, 57, 11] (total: 90s)
2026-09-23 22:33:25,539 - RLController - INFO -   Example: junction A4 -> durations [60, 10, 10, 10] (total: 90s)
2026-09-23 22:33:25,539 - RLController - INFO -   Example: junction A5 -> durations [33, 19, 19, 19] (total: 90s)
2026-09-23 22:33:25,539 - RLController - INFO -   Example: junction B0 -> durations [24, 22, 22, 22] (total: 90s)
2026-09-23 22:33:25,539 - RLController - INFO -   Example: junction B1 -> durations [20, 30, 20, 20] (total: 90s)
2026-09-23 22:33:25,539 - RLController - INFO -   Example: junction B2 -> durations [24, 22, 22, 22] (total: 90s)
2026-09-23 22:33:25,539 - RLController - INFO -   Example: junction B4 -> durations [24, 22, 22, 22] (total: 90s)
2026-09-23 22:33:25,539 - RLController - INFO -   Example: junction B5 -> durations [60, 10, 10, 10] (total: 90s)
2026-09-23 22:33:25,540 - RLController - INFO -   Example: junction C0 -> durations [20, 20, 30, 20] (total: 90s)
2026-09-23 22:33:25,540 - RLController - INFO -   Example: junction C1 -> durations [24, 22, 22, 22] (total: 90s)
2026-09-23 22:33:25,540 - RLController - INFO -   Example: junction C2 -> durations [58, 12, 10, 10] (total: 90s)
2026-09-23 22:33:25,540 - RLController - INFO -   Example: junction C3 -> durations [60, 10, 10, 10] (total: 90s)
2026-09-23 22:33:25,540 - RLController - INFO -   Example: junction C4 -> durations [57, 11, 11, 11] (total: 90s)
2026-09-23 22:33:25,540 - RLController - INFO -   Example: junction C5 -> durations [57, 11, 11, 11] (total: 90s)
2026-09-23 22:33:25,540 - RLController - INFO -   Example: junction D0 -> durations [24, 22, 22, 22] (total: 90s)
2026-09-23 22:33:25,540 - RLController - INFO -   Example: junction D1 -> durations [18, 18, 36, 18] (total: 90s)
2026-09-23 22:33:25,540 - RLController - INFO -   Example: junction D2 -> durations [45, 15, 15, 15] (total: 90s)
2026-09-23 22:33:25,541 - RLController - INFO -   Example: junction D3 -> durations [24, 22, 22, 22] (total: 90s)
2026-09-23 22:33:25,541 - RLController - INFO -   Example: junction D4 -> durations [24, 22, 22, 22] (total: 90s)
2026-09-23 22:33:25,541 - RLController - INFO -   Example: junction D5 -> durations [13, 13, 51, 13] (total: 90s)
2026-09-23 22:33:25,541 - RLController - INFO -   Example: junction E0 -> durations [24, 22, 22, 22] (total: 90s)
2026-09-23 22:33:25,541 - RLController - INFO -   Example: junction E1 -> durations [22, 22, 24, 22] (total: 90s)
2026-09-23 22:33:25,542 - RLController - INFO -   Stored schedules for 34 junctions, cycle starts at step 990
2026-09-23 22:33:27,999 - RLController - INFO - DIAGNOSTIC Step 1080 - Observation stats:
2026-09-23 22:33:28,000 - RLController - INFO -   Hash: -2074502644074871677, Min: 0.000000, Max: 1.000235, Mean: 0.375980, Std: 0.440083
2026-09-23 22:33:28,000 - RLController - INFO -   First 10: [1.  0.  0.  0.  0.  0.5 1.  0.  0.  0. ]
2026-09-23 22:33:28,000 - RLController - INFO -   Last 10: [0.         0.2        0.         0.08333334 0.32692307 0.0018657
 0.0467094  0.6721472  0.         0.3       ]
2026-09-23 22:33:28,004 - RLController - INFO - DIAGNOSTIC - Raw model action output:
2026-09-23 22:33:28,004 - RLController - INFO -   Action hash: 5524110630012247554
2026-09-23 22:33:28,004 - RLController - INFO -   First 8 values: [ -6.947183 -10.       -10.       -10.       -10.       -10.
 -10.       -10.      ]
2026-09-23 22:33:28,005 - RLController - INFO -   Last 8 values: [-10.         -10.         -10.         -10.         -10.
  -0.07308598 -10.         -10.        ]
2026-09-23 22:33:28,005 - RLController - INFO -   Action shape: (136,), min: -10.000000, max: 5.124333, mean: -9.234850
2026-09-23 22:33:28,005 - RLController - INFO -   B0 junction (indices 16-19) raw values: [ -9.483005 -10.       -10.       -10.      ]
2026-09-23 22:33:28,005 - RLController - INFO - Using CONTINUOUS DURATION-BASED mode
2026-09-23 22:33:28,005 - RLController - INFO -   Example: junction A0 -> durations [54, 12, 12, 12] (total: 90s)
2026-09-23 22:33:28,005 - RLController - INFO -   Example: junction A1 -> durations [24, 22, 22, 22] (total: 90s)
2026-09-23 22:33:28,005 - RLController - INFO -   Example: junction A2 -> durations [11, 11, 57, 11] (total: 90s)
2026-09-23 22:33:28,005 - RLController - INFO -   Example: junction A4 -> durations [60, 10, 10, 10] (total: 90s)
2026-09-23 22:33:28,006 - RLController - INFO -   Example: junction A5 -> durations [27, 21, 21, 21] (total: 90s)
2026-09-23 22:33:28,006 - RLController - INFO -   Example: junction B0 -> durations [24, 22, 22, 22] (total: 90s)
2026-09-23 22:33:28,006 - RLController - INFO -   Example: junction B1 -> durations [19, 33, 19, 19] (total: 90s)
2026-09-23 22:33:28,006 - RLController - INFO -   Example: junction B2 -> durations [24, 22, 22, 22] (total: 90s)
2026-09-23 22:33:28,006 - RLController - INFO -   Example: junction B4 -> durations [24, 22, 22, 22] (total: 90s)
2026-09-23 22:33:28,006 - RLController - INFO -   Example: junction B5 -> durations [60, 10, 10, 10] (total: 90s)
2026-09-23 22:33:28,006 - RLController - INFO -   Example: junction C0 -> durations [21, 21, 27, 21] (total: 90s)
2026-09-23 22:33:28,006 - RLController - INFO -   Example: junction C1 -> durations [24, 22, 22, 22] (total: 90s)
2026-09-23 22:33:28,007 - RLController - INFO -   Example: junction C2 -> durations [58, 12, 10, 10] (total: 90s)
2026-09-23 22:33:28,007 - RLController - INFO -   Example: junction C3 -> durations [60, 10, 10, 10] (total: 90s)
2026-09-23 22:33:28,007 - RLController - INFO -   Example: junction C4 -> durations [57, 11, 11, 11] (total: 90s)
2026-09-23 22:33:28,007 - RLController - INFO -   Example: junction C5 -> durations [57, 11, 11, 11] (total: 90s)
2026-09-23 22:33:28,007 - RLController - INFO -   Example: junction D0 -> durations [24, 22, 22, 22] (total: 90s)
2026-09-23 22:33:28,007 - RLController - INFO -   Example: junction D1 -> durations [19, 19, 33, 19] (total: 90s)
2026-09-23 22:33:28,007 - RLController - INFO -   Example: junction D2 -> durations [45, 15, 15, 15] (total: 90s)
2026-09-23 22:33:28,007 - RLController - INFO -   Example: junction D3 -> durations [24, 22, 22, 22] (total: 90s)
2026-09-23 22:33:28,007 - RLController - INFO -   Example: junction D4 -> durations [24, 22, 22, 22] (total: 90s)
2026-09-23 22:33:28,008 - RLController - INFO -   Example: junction D5 -> durations [13, 13, 51, 13] (total: 90s)
2026-09-23 22:33:28,008 - RLController - INFO -   Example: junction E0 -> durations [24, 22, 22, 22] (total: 90s)
2026-09-23 22:33:28,008 - RLController - INFO -   Example: junction E1 -> durations [22, 22, 24, 22] (total: 90s)
2026-09-23 22:33:28,008 - RLController - INFO -   Stored schedules for 34 junctions, cycle starts at step 1080
2026-09-23 22:33:30,225 - RLController - INFO - DIAGNOSTIC Step 1170 - Observation stats:
2026-09-23 22:33:30,226 - RLController - INFO -   Hash: -5949789033979129299, Min: 0.000000, Max: 1.000000, Mean: 0.382637, Std: 0.442474
2026-09-23 22:33:30,226 - RLController - INFO -   First 10: [1.  0.  0.  0.  0.  0.5 1.  0.  0.  0. ]
2026-09-23 22:33:30,226 - RLController - INFO -   Last 10: [0.         0.2        0.         0.08333334 0.35470086 0.00218887
 0.04905983 0.6500463  0.         0.3       ]
2026-09-23 22:33:30,232 - RLController - INFO - DIAGNOSTIC - Raw model action output:
2026-09-23 22:33:30,232 - RLController - INFO -   Action hash: -4409694933857913217
2026-09-23 22:33:30,232 - RLController - INFO -   First 8 values: [ -6.9937673 -10.        -10.        -10.        -10.        -10.
 -10.        -10.       ]
2026-09-23 22:33:30,232 - RLController - INFO -   Last 8 values: [-10.        -10.        -10.        -10.        -10.          0.9213565
 -10.        -10.       ]
2026-09-23 22:33:30,232 - RLController - INFO -   Action shape: (136,), min: -10.000000, max: 5.293066, mean: -9.225348
2026-09-23 22:33:30,233 - RLController - INFO -   B0 junction (indices 16-19) raw values: [ -9.549722 -10.       -10.       -10.      ]
2026-09-23 22:33:30,233 - RLController - INFO - Using CONTINUOUS DURATION-BASED mode
2026-09-23 22:33:30,233 - RLController - INFO -   Example: junction A0 -> durations [54, 12, 12, 12] (total: 90s)
2026-09-23 22:33:30,233 - RLController - INFO -   Example: junction A1 -> durations [24, 22, 22, 22] (total: 90s)
2026-09-23 22:33:30,233 - RLController - INFO -   Example: junction A2 -> durations [11, 11, 57, 11] (total: 90s)
2026-09-23 22:33:30,233 - RLController - INFO -   Example: junction A4 -> durations [60, 10, 10, 10] (total: 90s)
2026-09-23 22:33:30,233 - RLController - INFO -   Example: junction A5 -> durations [27, 21, 21, 21] (total: 90s)
2026-09-23 22:33:30,233 - RLController - INFO -   Example: junction B0 -> durations [24, 22, 22, 22] (total: 90s)
2026-09-23 22:33:30,234 - RLController - INFO -   Example: junction B1 -> durations [21, 27, 21, 21] (total: 90s)
2026-09-23 22:33:30,234 - RLController - INFO -   Example: junction B2 -> durations [24, 22, 22, 22] (total: 90s)
2026-09-23 22:33:30,234 - RLController - INFO -   Example: junction B4 -> durations [24, 22, 22, 22] (total: 90s)
2026-09-23 22:33:30,234 - RLController - INFO -   Example: junction B5 -> durations [60, 10, 10, 10] (total: 90s)
2026-09-23 22:33:30,234 - RLController - INFO -   Example: junction C0 -> durations [21, 21, 27, 21] (total: 90s)
2026-09-23 22:33:30,234 - RLController - INFO -   Example: junction C1 -> durations [24, 22, 22, 22] (total: 90s)
2026-09-23 22:33:30,234 - RLController - INFO -   Example: junction C2 -> durations [58, 12, 10, 10] (total: 90s)
2026-09-23 22:33:30,234 - RLController - INFO -   Example: junction C3 -> durations [60, 10, 10, 10] (total: 90s)
2026-09-23 22:33:30,235 - RLController - INFO -   Example: junction C4 -> durations [60, 10, 10, 10] (total: 90s)
2026-09-23 22:33:30,235 - RLController - INFO -   Example: junction C5 -> durations [57, 11, 11, 11] (total: 90s)
2026-09-23 22:33:30,235 - RLController - INFO -   Example: junction D0 -> durations [24, 22, 22, 22] (total: 90s)
2026-09-23 22:33:30,235 - RLController - INFO -   Example: junction D1 -> durations [19, 19, 33, 19] (total: 90s)
2026-09-23 22:33:30,235 - RLController - INFO -   Example: junction D2 -> durations [45, 15, 15, 15] (total: 90s)
2026-09-23 22:33:30,235 - RLController - INFO -   Example: junction D3 -> durations [24, 22, 22, 22] (total: 90s)
2026-09-23 22:33:30,235 - RLController - INFO -   Example: junction D4 -> durations [24, 22, 22, 22] (total: 90s)
2026-09-23 22:33:30,235 - RLController - INFO -   Example: junction D5 -> durations [13, 13, 51, 13] (total: 90s)
2026-09-23 22:33:30,236 - RLController - INFO -   Example: junction E0 -> durations [24, 22, 22, 22] (total: 90s)
2026-09-23 22:33:30,236 - RLController - INFO -   Example: junction E1 -> durations [24, 22, 22, 22] (total: 90s)
2026-09-23 22:33:30,236 - RLController - INFO -   Stored schedules for 34 junctions, cycle starts at step 1170
2026-09-23 22:33:32,785 - RLController - INFO - DIAGNOSTIC Step 1260 - Observation stats:
2026-09-23 22:33:32,785 - RLController - INFO -   Hash: 6079105548347316401, Min: 0.000000, Max: 1.000000, Mean: 0.387280, Std: 0.443938
2026-09-23 22:33:32,786 - RLController - INFO -   First 10: [1.  0.  0.  0.  0.  0.5 1.  0.  0.  0. ]
2026-09-23 22:33:32,786 - RLController - INFO -   Last 10: [0.         0.2        0.         0.08333334 0.37179488 0.00275046
 0.04974359 0.6376786  0.         0.3       ]
2026-09-23 22:33:32,790 - RLController - INFO - DIAGNOSTIC - Raw model action output:
2026-09-23 22:33:32,790 - RLController - INFO -   Action hash: -6810220063103162774
2026-09-23 22:33:32,791 - RLController - INFO -   First 8 values: [ -7.0195017 -10.        -10.        -10.        -10.        -10.
 -10.        -10.       ]
2026-09-23 22:33:32,791 - RLController - INFO -   Last 8 values: [-10.         -10.         -10.         -10.         -10.
  -0.19265409 -10.         -10.        ]
2026-09-23 22:33:32,791 - RLController - INFO -   Action shape: (136,), min: -10.000000, max: 5.327641, mean: -9.224981
2026-09-23 22:33:32,792 - RLController - INFO -   B0 junction (indices 16-19) raw values: [-10. -10. -10. -10.]
2026-09-23 22:33:32,792 - RLController - INFO - Using CONTINUOUS DURATION-BASED mode
2026-09-23 22:33:32,792 - RLController - INFO -   Example: junction A0 -> durations [54, 12, 12, 12] (total: 90s)
2026-09-23 22:33:32,792 - RLController - INFO -   Example: junction A1 -> durations [24, 22, 22, 22] (total: 90s)
2026-09-23 22:33:32,792 - RLController - INFO -   Example: junction A2 -> durations [11, 11, 57, 11] (total: 90s)
2026-09-23 22:33:32,792 - RLController - INFO -   Example: junction A4 -> durations [60, 10, 10, 10] (total: 90s)
2026-09-23 22:33:32,793 - RLController - INFO -   Example: junction A5 -> durations [24, 22, 22, 22] (total: 90s)
2026-09-23 22:33:32,793 - RLController - INFO -   Example: junction B0 -> durations [24, 22, 22, 22] (total: 90s)
2026-09-23 22:33:32,793 - RLController - INFO -   Example: junction B1 -> durations [21, 27, 21, 21] (total: 90s)
2026-09-23 22:33:32,793 - RLController - INFO -   Example: junction B2 -> durations [24, 22, 22, 22] (total: 90s)
2026-09-23 22:33:32,793 - RLController - INFO -   Example: junction B4 -> durations [24, 22, 22, 22] (total: 90s)
2026-09-23 22:33:32,793 - RLController - INFO -   Example: junction B5 -> durations [60, 10, 10, 10] (total: 90s)
2026-09-23 22:33:32,794 - RLController - INFO -   Example: junction C0 -> durations [21, 21, 27, 21] (total: 90s)
2026-09-23 22:33:32,794 - RLController - INFO -   Example: junction C1 -> durations [24, 22, 22, 22] (total: 90s)
2026-09-23 22:33:32,794 - RLController - INFO -   Example: junction C2 -> durations [57, 13, 10, 10] (total: 90s)
2026-09-23 22:33:32,794 - RLController - INFO -   Example: junction C3 -> durations [60, 10, 10, 10] (total: 90s)
2026-09-23 22:33:32,794 - RLController - INFO -   Example: junction C4 -> durations [57, 11, 11, 11] (total: 90s)
2026-09-23 22:33:32,795 - RLController - INFO -   Example: junction C5 -> durations [57, 11, 11, 11] (total: 90s)
2026-09-23 22:33:32,795 - RLController - INFO -   Example: junction D0 -> durations [24, 22, 22, 22] (total: 90s)
2026-09-23 22:33:32,795 - RLController - INFO -   Example: junction D1 -> durations [19, 19, 33, 19] (total: 90s)
2026-09-23 22:33:32,795 - RLController - INFO -   Example: junction D2 -> durations [48, 14, 14, 14] (total: 90s)
2026-09-23 22:33:32,795 - RLController - INFO -   Example: junction D3 -> durations [24, 22, 22, 22] (total: 90s)
2026-09-23 22:33:32,795 - RLController - INFO -   Example: junction D4 -> durations [24, 22, 22, 22] (total: 90s)
2026-09-23 22:33:32,795 - RLController - INFO -   Example: junction D5 -> durations [13, 13, 51, 13] (total: 90s)
2026-09-23 22:33:32,796 - RLController - INFO -   Example: junction E0 -> durations [24, 22, 22, 22] (total: 90s)
2026-09-23 22:33:32,796 - RLController - INFO -   Example: junction E1 -> durations [24, 22, 22, 22] (total: 90s)
2026-09-23 22:33:32,797 - RLController - INFO -   Stored schedules for 34 junctions, cycle starts at step 1260
2026-09-23 22:33:35,370 - RLController - INFO - DIAGNOSTIC Step 1350 - Observation stats:
2026-09-23 22:33:35,371 - RLController - INFO -   Hash: -6114630210269116670, Min: 0.000000, Max: 1.000000, Mean: 0.390128, Std: 0.445105
2026-09-23 22:33:35,371 - RLController - INFO -   First 10: [1.  0.  0.  0.  0.  0.5 1.  0.  0.  0. ]
2026-09-23 22:33:35,372 - RLController - INFO -   Last 10: [0.         0.2        0.         0.08333334 0.37179488 0.00289674
 0.05277778 0.6372977  0.         0.3       ]
2026-09-23 22:33:35,376 - RLController - INFO - DIAGNOSTIC - Raw model action output:
2026-09-23 22:33:35,376 - RLController - INFO -   Action hash: 1249815206537822805
2026-09-23 22:33:35,376 - RLController - INFO -   First 8 values: [ -6.926952 -10.       -10.       -10.       -10.       -10.
 -10.       -10.      ]
2026-09-23 22:33:35,376 - RLController - INFO -   Last 8 values: [-10.        -10.        -10.        -10.        -10.         -1.2994123
 -10.        -10.       ]
2026-09-23 22:33:35,376 - RLController - INFO -   Action shape: (136,), min: -10.000000, max: 4.719011, mean: -9.236533
2026-09-23 22:33:35,377 - RLController - INFO -   B0 junction (indices 16-19) raw values: [ -9.991805 -10.       -10.       -10.      ]
2026-09-23 22:33:35,377 - RLController - INFO - Using CONTINUOUS DURATION-BASED mode
2026-09-23 22:33:35,377 - RLController - INFO -   Example: junction A0 -> durations [54, 12, 12, 12] (total: 90s)
2026-09-23 22:33:35,377 - RLController - INFO -   Example: junction A1 -> durations [24, 22, 22, 22] (total: 90s)
2026-09-23 22:33:35,377 - RLController - INFO -   Example: junction A2 -> durations [11, 11, 57, 11] (total: 90s)
2026-09-23 22:33:35,377 - RLController - INFO -   Example: junction A4 -> durations [60, 10, 10, 10] (total: 90s)
2026-09-23 22:33:35,377 - RLController - INFO -   Example: junction A5 -> durations [24, 22, 22, 22] (total: 90s)
2026-09-23 22:33:35,378 - RLController - INFO -   Example: junction B0 -> durations [24, 22, 22, 22] (total: 90s)
2026-09-23 22:33:35,378 - RLController - INFO -   Example: junction B1 -> durations [24, 22, 22, 22] (total: 90s)
2026-09-23 22:33:35,378 - RLController - INFO -   Example: junction B2 -> durations [24, 22, 22, 22] (total: 90s)
2026-09-23 22:33:35,378 - RLController - INFO -   Example: junction B4 -> durations [24, 22, 22, 22] (total: 90s)
2026-09-23 22:33:35,378 - RLController - INFO -   Example: junction B5 -> durations [60, 10, 10, 10] (total: 90s)
2026-09-23 22:33:35,378 - RLController - INFO -   Example: junction C0 -> durations [21, 21, 27, 21] (total: 90s)
2026-09-23 22:33:35,378 - RLController - INFO -   Example: junction C1 -> durations [24, 22, 22, 22] (total: 90s)
2026-09-23 22:33:35,378 - RLController - INFO -   Example: junction C2 -> durations [57, 13, 10, 10] (total: 90s)
2026-09-23 22:33:35,379 - RLController - INFO -   Example: junction C3 -> durations [60, 10, 10, 10] (total: 90s)
2026-09-23 22:33:35,379 - RLController - INFO -   Example: junction C4 -> durations [60, 10, 10, 10] (total: 90s)
2026-09-23 22:33:35,379 - RLController - INFO -   Example: junction C5 -> durations [57, 11, 11, 11] (total: 90s)
2026-09-23 22:33:35,379 - RLController - INFO -   Example: junction D0 -> durations [24, 22, 22, 22] (total: 90s)
2026-09-23 22:33:35,379 - RLController - INFO -   Example: junction D1 -> durations [18, 18, 36, 18] (total: 90s)
2026-09-23 22:33:35,379 - RLController - INFO -   Example: junction D2 -> durations [48, 14, 14, 14] (total: 90s)
2026-09-23 22:33:35,379 - RLController - INFO -   Example: junction D3 -> durations [24, 22, 22, 22] (total: 90s)
2026-09-23 22:33:35,379 - RLController - INFO -   Example: junction D4 -> durations [24, 22, 22, 22] (total: 90s)
2026-09-23 22:33:35,380 - RLController - INFO -   Example: junction D5 -> durations [13, 13, 51, 13] (total: 90s)
2026-09-23 22:33:35,380 - RLController - INFO -   Example: junction E0 -> durations [24, 22, 22, 22] (total: 90s)
2026-09-23 22:33:35,380 - RLController - INFO -   Example: junction E1 -> durations [24, 22, 22, 22] (total: 90s)
2026-09-23 22:33:35,380 - RLController - INFO -   Stored schedules for 34 junctions, cycle starts at step 1350
2026-09-23 22:33:38,212 - RLController - INFO - DIAGNOSTIC Step 1440 - Observation stats:
2026-09-23 22:33:38,213 - RLController - INFO -   Hash: -4834045091684006639, Min: 0.000000, Max: 1.000000, Mean: 0.398128, Std: 0.445308
2026-09-23 22:33:38,213 - RLController - INFO -   First 10: [1.  0.  0.  0.  0.  0.5 1.  0.  0.  0. ]
2026-09-23 22:33:38,214 - RLController - INFO -   Last 10: [0.         0.2        0.         0.08333334 0.41239315 0.00355282
 0.05508547 0.61114573 0.         0.3       ]
2026-09-23 22:33:38,218 - RLController - INFO - DIAGNOSTIC - Raw model action output:
2026-09-23 22:33:38,218 - RLController - INFO -   Action hash: -1877419301065269070
2026-09-23 22:33:38,218 - RLController - INFO -   First 8 values: [ -7.2590184 -10.        -10.        -10.        -10.        -10.
 -10.        -10.       ]
2026-09-23 22:33:38,219 - RLController - INFO -   Last 8 values: [-10.        -10.        -10.        -10.        -10.         -1.0298874
 -10.        -10.       ]
2026-09-23 22:33:38,219 - RLController - INFO -   Action shape: (136,), min: -10.000000, max: 4.772679, mean: -9.241495
2026-09-23 22:33:38,219 - RLController - INFO -   B0 junction (indices 16-19) raw values: [ -9.485948 -10.       -10.       -10.      ]
2026-09-23 22:33:38,219 - RLController - INFO - Using CONTINUOUS DURATION-BASED mode
2026-09-23 22:33:38,219 - RLController - INFO -   Example: junction A0 -> durations [51, 13, 13, 13] (total: 90s)
2026-09-23 22:33:38,219 - RLController - INFO -   Example: junction A1 -> durations [24, 22, 22, 22] (total: 90s)
2026-09-23 22:33:38,219 - RLController - INFO -   Example: junction A2 -> durations [11, 11, 57, 11] (total: 90s)
2026-09-23 22:33:38,220 - RLController - INFO -   Example: junction A4 -> durations [60, 10, 10, 10] (total: 90s)
2026-09-23 22:33:38,220 - RLController - INFO -   Example: junction A5 -> durations [27, 21, 21, 21] (total: 90s)
2026-09-23 22:33:38,220 - RLController - INFO -   Example: junction B0 -> durations [24, 22, 22, 22] (total: 90s)
2026-09-23 22:33:38,220 - RLController - INFO -   Example: junction B1 -> durations [22, 24, 22, 22] (total: 90s)
2026-09-23 22:33:38,220 - RLController - INFO -   Example: junction B2 -> durations [24, 22, 22, 22] (total: 90s)
2026-09-23 22:33:38,221 - RLController - INFO -   Example: junction B4 -> durations [24, 22, 22, 22] (total: 90s)
2026-09-23 22:33:38,221 - RLController - INFO -   Example: junction B5 -> durations [60, 10, 10, 10] (total: 90s)
2026-09-23 22:33:38,221 - RLController - INFO -   Example: junction C0 -> durations [21, 21, 27, 21] (total: 90s)
2026-09-23 22:33:38,221 - RLController - INFO -   Example: junction C1 -> durations [24, 22, 22, 22] (total: 90s)
2026-09-23 22:33:38,221 - RLController - INFO -   Example: junction C2 -> durations [58, 12, 10, 10] (total: 90s)
2026-09-23 22:33:38,221 - RLController - INFO -   Example: junction C3 -> durations [60, 10, 10, 10] (total: 90s)
2026-09-23 22:33:38,221 - RLController - INFO -   Example: junction C4 -> durations [60, 10, 10, 10] (total: 90s)
2026-09-23 22:33:38,222 - RLController - INFO -   Example: junction C5 -> durations [57, 11, 11, 11] (total: 90s)
2026-09-23 22:33:38,222 - RLController - INFO -   Example: junction D0 -> durations [24, 22, 22, 22] (total: 90s)
2026-09-23 22:33:38,222 - RLController - INFO -   Example: junction D1 -> durations [20, 20, 30, 20] (total: 90s)
2026-09-23 22:33:38,222 - RLController - INFO -   Example: junction D2 -> durations [48, 14, 14, 14] (total: 90s)
2026-09-23 22:33:38,222 - RLController - INFO -   Example: junction D3 -> durations [24, 22, 22, 22] (total: 90s)
2026-09-23 22:33:38,222 - RLController - INFO -   Example: junction D4 -> durations [24, 22, 22, 22] (total: 90s)
2026-09-23 22:33:38,222 - RLController - INFO -   Example: junction D5 -> durations [12, 12, 54, 12] (total: 90s)
2026-09-23 22:33:38,222 - RLController - INFO -   Example: junction E0 -> durations [24, 22, 22, 22] (total: 90s)
2026-09-23 22:33:38,223 - RLController - INFO -   Example: junction E1 -> durations [24, 22, 22, 22] (total: 90s)
2026-09-23 22:33:38,223 - RLController - INFO -   Stored schedules for 34 junctions, cycle starts at step 1440
2026-09-23 22:33:41,311 - RLController - INFO - DIAGNOSTIC Step 1530 - Observation stats:
2026-09-23 22:33:41,311 - RLController - INFO -   Hash: 247169868020243691, Min: 0.000000, Max: 1.000000, Mean: 0.397907, Std: 0.445831
2026-09-23 22:33:41,311 - RLController - INFO -   First 10: [1.  0.  0.  0.  0.  0.5 1.  0.  0.  0. ]
2026-09-23 22:33:41,311 - RLController - INFO -   Last 10: [0.         0.2        0.         0.08333334 0.41025642 0.00359931
 0.05696581 0.612568   0.         0.3       ]
2026-09-23 22:33:41,315 - RLController - INFO - DIAGNOSTIC - Raw model action output:
2026-09-23 22:33:41,315 - RLController - INFO -   Action hash: -5209536003095730815
2026-09-23 22:33:41,316 - RLController - INFO -   First 8 values: [ -6.9285326 -10.        -10.        -10.        -10.        -10.
 -10.        -10.       ]
2026-09-23 22:33:41,316 - RLController - INFO -   Last 8 values: [-10.        -10.        -10.        -10.        -10.         -0.6991264
 -10.        -10.       ]
2026-09-23 22:33:41,316 - RLController - INFO -   Action shape: (136,), min: -10.000000, max: 5.368851, mean: -9.232888
2026-09-23 22:33:41,316 - RLController - INFO -   B0 junction (indices 16-19) raw values: [ -9.519155 -10.       -10.       -10.      ]
2026-09-23 22:33:41,317 - RLController - INFO - Using CONTINUOUS DURATION-BASED mode
2026-09-23 22:33:41,317 - RLController - INFO -   Example: junction A0 -> durations [54, 12, 12, 12] (total: 90s)
2026-09-23 22:33:41,317 - RLController - INFO -   Example: junction A1 -> durations [24, 22, 22, 22] (total: 90s)
2026-09-23 22:33:41,317 - RLController - INFO -   Example: junction A2 -> durations [11, 11, 57, 11] (total: 90s)
2026-09-23 22:33:41,317 - RLController - INFO -   Example: junction A4 -> durations [60, 10, 10, 10] (total: 90s)
2026-09-23 22:33:41,317 - RLController - INFO -   Example: junction A5 -> durations [27, 21, 21, 21] (total: 90s)
2026-09-23 22:33:41,317 - RLController - INFO -   Example: junction B0 -> durations [24, 22, 22, 22] (total: 90s)
2026-09-23 22:33:41,317 - RLController - INFO -   Example: junction B1 -> durations [21, 27, 21, 21] (total: 90s)
2026-09-23 22:33:41,317 - RLController - INFO -   Example: junction B2 -> durations [24, 22, 22, 22] (total: 90s)
2026-09-23 22:33:41,318 - RLController - INFO -   Example: junction B4 -> durations [24, 22, 22, 22] (total: 90s)
2026-09-23 22:33:41,318 - RLController - INFO -   Example: junction B5 -> durations [60, 10, 10, 10] (total: 90s)
2026-09-23 22:33:41,318 - RLController - INFO -   Example: junction C0 -> durations [21, 21, 27, 21] (total: 90s)
2026-09-23 22:33:41,318 - RLController - INFO -   Example: junction C1 -> durations [24, 22, 22, 22] (total: 90s)
2026-09-23 22:33:41,318 - RLController - INFO -   Example: junction C2 -> durations [57, 13, 10, 10] (total: 90s)
2026-09-23 22:33:41,318 - RLController - INFO -   Example: junction C3 -> durations [60, 10, 10, 10] (total: 90s)
2026-09-23 22:33:41,318 - RLController - INFO -   Example: junction C4 -> durations [60, 10, 10, 10] (total: 90s)
2026-09-23 22:33:41,318 - RLController - INFO -   Example: junction C5 -> durations [57, 11, 11, 11] (total: 90s)
2026-09-23 22:33:41,318 - RLController - INFO -   Example: junction D0 -> durations [24, 22, 22, 22] (total: 90s)
2026-09-23 22:33:41,319 - RLController - INFO -   Example: junction D1 -> durations [19, 19, 33, 19] (total: 90s)
2026-09-23 22:33:41,319 - RLController - INFO -   Example: junction D2 -> durations [45, 15, 15, 15] (total: 90s)
2026-09-23 22:33:41,319 - RLController - INFO -   Example: junction D3 -> durations [24, 22, 22, 22] (total: 90s)
2026-09-23 22:33:41,319 - RLController - INFO -   Example: junction D4 -> durations [24, 22, 22, 22] (total: 90s)
2026-09-23 22:33:41,319 - RLController - INFO -   Example: junction D5 -> durations [12, 12, 54, 12] (total: 90s)
2026-09-23 22:33:41,319 - RLController - INFO -   Example: junction E0 -> durations [24, 22, 22, 22] (total: 90s)
2026-09-23 22:33:41,319 - RLController - INFO -   Example: junction E1 -> durations [24, 22, 22, 22] (total: 90s)
2026-09-23 22:33:41,320 - RLController - INFO -   Stored schedules for 34 junctions, cycle starts at step 1530
2026-09-23 22:33:44,272 - RLController - INFO - DIAGNOSTIC Step 1620 - Observation stats:
2026-09-23 22:33:44,272 - RLController - INFO -   Hash: 799294865001369508, Min: 0.000000, Max: 1.000000, Mean: 0.406128, Std: 0.449575
2026-09-23 22:33:44,273 - RLController - INFO -   First 10: [1.  0.  0.  0.  0.  0.5 1.  0.  0.  0. ]
2026-09-23 22:33:44,273 - RLController - INFO -   Last 10: [0.         0.2        0.         0.08333334 0.42948717 0.00288178
 0.05888889 0.58218896 0.         0.3       ]
2026-09-23 22:33:44,277 - RLController - INFO - DIAGNOSTIC - Raw model action output:
2026-09-23 22:33:44,277 - RLController - INFO -   Action hash: 740020374626097751
2026-09-23 22:33:44,277 - RLController - INFO -   First 8 values: [ -7.2095017 -10.        -10.        -10.        -10.        -10.
 -10.        -10.       ]
2026-09-23 22:33:44,277 - RLController - INFO -   Last 8 values: [-10.        -10.        -10.        -10.        -10.         -2.0001385
 -10.        -10.       ]
2026-09-23 22:33:44,277 - RLController - INFO -   Action shape: (136,), min: -10.000000, max: 4.852585, mean: -9.236998
2026-09-23 22:33:44,278 - RLController - INFO -   B0 junction (indices 16-19) raw values: [ -9.244274 -10.       -10.       -10.      ]
2026-09-23 22:33:44,278 - RLController - INFO - Using CONTINUOUS DURATION-BASED mode
2026-09-23 22:33:44,278 - RLController - INFO -   Example: junction A0 -> durations [51, 13, 13, 13] (total: 90s)
2026-09-23 22:33:44,278 - RLController - INFO -   Example: junction A1 -> durations [24, 22, 22, 22] (total: 90s)
2026-09-23 22:33:44,278 - RLController - INFO -   Example: junction A2 -> durations [11, 11, 57, 11] (total: 90s)
2026-09-23 22:33:44,278 - RLController - INFO -   Example: junction A4 -> durations [60, 10, 10, 10] (total: 90s)
2026-09-23 22:33:44,278 - RLController - INFO -   Example: junction A5 -> durations [30, 20, 20, 20] (total: 90s)
2026-09-23 22:33:44,278 - RLController - INFO -   Example: junction B0 -> durations [24, 22, 22, 22] (total: 90s)
2026-09-23 22:33:44,279 - RLController - INFO -   Example: junction B1 -> durations [21, 27, 21, 21] (total: 90s)
2026-09-23 22:33:44,279 - RLController - INFO -   Example: junction B2 -> durations [24, 22, 22, 22] (total: 90s)
2026-09-23 22:33:44,279 - RLController - INFO -   Example: junction B4 -> durations [24, 22, 22, 22] (total: 90s)
2026-09-23 22:33:44,279 - RLController - INFO -   Example: junction B5 -> durations [60, 10, 10, 10] (total: 90s)
2026-09-23 22:33:44,279 - RLController - INFO -   Example: junction C0 -> durations [21, 21, 27, 21] (total: 90s)
2026-09-23 22:33:44,279 - RLController - INFO -   Example: junction C1 -> durations [24, 22, 22, 22] (total: 90s)
2026-09-23 22:33:44,279 - RLController - INFO -   Example: junction C2 -> durations [56, 14, 10, 10] (total: 90s)
2026-09-23 22:33:44,279 - RLController - INFO -   Example: junction C3 -> durations [60, 10, 10, 10] (total: 90s)
2026-09-23 22:33:44,279 - RLController - INFO -   Example: junction C4 -> durations [60, 10, 10, 10] (total: 90s)
2026-09-23 22:33:44,280 - RLController - INFO -   Example: junction C5 -> durations [57, 11, 11, 11] (total: 90s)
2026-09-23 22:33:44,280 - RLController - INFO -   Example: junction D0 -> durations [24, 22, 22, 22] (total: 90s)
2026-09-23 22:33:44,280 - RLController - INFO -   Example: junction D1 -> durations [20, 20, 30, 20] (total: 90s)
2026-09-23 22:33:44,280 - RLController - INFO -   Example: junction D2 -> durations [48, 14, 14, 14] (total: 90s)
2026-09-23 22:33:44,280 - RLController - INFO -   Example: junction D3 -> durations [24, 22, 22, 22] (total: 90s)
2026-09-23 22:33:44,280 - RLController - INFO -   Example: junction D4 -> durations [24, 22, 22, 22] (total: 90s)
2026-09-23 22:33:44,280 - RLController - INFO -   Example: junction D5 -> durations [12, 12, 54, 12] (total: 90s)
2026-09-23 22:33:44,280 - RLController - INFO -   Example: junction E0 -> durations [24, 22, 22, 22] (total: 90s)
2026-09-23 22:33:44,281 - RLController - INFO -   Example: junction E1 -> durations [24, 22, 22, 22] (total: 90s)
2026-09-23 22:33:44,281 - RLController - INFO -   Stored schedules for 34 junctions, cycle starts at step 1620
2026-09-23 22:33:47,258 - RLController - INFO - DIAGNOSTIC Step 1710 - Observation stats:
2026-09-23 22:33:47,260 - RLController - INFO -   Hash: 6679184715188380008, Min: 0.000000, Max: 1.000000, Mean: 0.402717, Std: 0.448454
2026-09-23 22:33:47,260 - RLController - INFO -   First 10: [1.         0.         0.         0.         0.         0.5
 0.         0.         0.99333334 1.        ]
2026-09-23 22:33:47,261 - RLController - INFO -   Last 10: [0.         0.2        0.         0.08333334 0.41880342 0.00309718
 0.05970085 0.5967935  0.         0.3       ]
2026-09-23 22:33:47,266 - RLController - INFO - DIAGNOSTIC - Raw model action output:
2026-09-23 22:33:47,266 - RLController - INFO -   Action hash: -7375993722525966447
2026-09-23 22:33:47,266 - RLController - INFO -   First 8 values: [ -7.212421 -10.       -10.       -10.       -10.       -10.
 -10.       -10.      ]
2026-09-23 22:33:47,267 - RLController - INFO -   Last 8 values: [-10.        -10.        -10.        -10.        -10.         -2.0832934
 -10.        -10.       ]
2026-09-23 22:33:47,267 - RLController - INFO -   Action shape: (136,), min: -10.000000, max: 4.493876, mean: -9.226853
2026-09-23 22:33:47,267 - RLController - INFO -   B0 junction (indices 16-19) raw values: [ -9.794663 -10.       -10.       -10.      ]
2026-09-23 22:33:47,268 - RLController - INFO - Using CONTINUOUS DURATION-BASED mode
2026-09-23 22:33:47,268 - RLController - INFO -   Example: junction A0 -> durations [51, 13, 13, 13] (total: 90s)
2026-09-23 22:33:47,268 - RLController - INFO -   Example: junction A1 -> durations [24, 22, 22, 22] (total: 90s)
2026-09-23 22:33:47,268 - RLController - INFO -   Example: junction A2 -> durations [11, 11, 57, 11] (total: 90s)
2026-09-23 22:33:47,269 - RLController - INFO -   Example: junction A4 -> durations [60, 10, 10, 10] (total: 90s)
2026-09-23 22:33:47,269 - RLController - INFO -   Example: junction A5 -> durations [24, 22, 22, 22] (total: 90s)
2026-09-23 22:33:47,269 - RLController - INFO -   Example: junction B0 -> durations [24, 22, 22, 22] (total: 90s)
2026-09-23 22:33:47,269 - RLController - INFO -   Example: junction B1 -> durations [22, 24, 22, 22] (total: 90s)
2026-09-23 22:33:47,270 - RLController - INFO -   Example: junction B2 -> durations [24, 22, 22, 22] (total: 90s)
2026-09-23 22:33:47,270 - RLController - INFO -   Example: junction B4 -> durations [24, 22, 22, 22] (total: 90s)
2026-09-23 22:33:47,270 - RLController - INFO -   Example: junction B5 -> durations [60, 10, 10, 10] (total: 90s)
2026-09-23 22:33:47,270 - RLController - INFO -   Example: junction C0 -> durations [20, 20, 30, 20] (total: 90s)
2026-09-23 22:33:47,271 - RLController - INFO -   Example: junction C1 -> durations [24, 22, 22, 22] (total: 90s)
2026-09-23 22:33:47,271 - RLController - INFO -   Example: junction C2 -> durations [57, 13, 10, 10] (total: 90s)
2026-09-23 22:33:47,271 - RLController - INFO -   Example: junction C3 -> durations [60, 10, 10, 10] (total: 90s)
2026-09-23 22:33:47,271 - RLController - INFO -   Example: junction C4 -> durations [60, 10, 10, 10] (total: 90s)
2026-09-23 22:33:47,271 - RLController - INFO -   Example: junction C5 -> durations [57, 11, 11, 11] (total: 90s)
2026-09-23 22:33:47,272 - RLController - INFO -   Example: junction D0 -> durations [22, 22, 24, 22] (total: 90s)
2026-09-23 22:33:47,272 - RLController - INFO -   Example: junction D1 -> durations [20, 20, 30, 20] (total: 90s)
2026-09-23 22:33:47,272 - RLController - INFO -   Example: junction D2 -> durations [51, 13, 13, 13] (total: 90s)
2026-09-23 22:33:47,272 - RLController - INFO -   Example: junction D3 -> durations [24, 22, 22, 22] (total: 90s)
2026-09-23 22:33:47,273 - RLController - INFO -   Example: junction D4 -> durations [24, 22, 22, 22] (total: 90s)
2026-09-23 22:33:47,273 - RLController - INFO -   Example: junction D5 -> durations [13, 13, 51, 13] (total: 90s)
2026-09-23 22:33:47,273 - RLController - INFO -   Example: junction E0 -> durations [24, 22, 22, 22] (total: 90s)
2026-09-23 22:33:47,273 - RLController - INFO -   Example: junction E1 -> durations [24, 22, 22, 22] (total: 90s)
2026-09-23 22:33:47,274 - RLController - INFO -   Stored schedules for 34 junctions, cycle starts at step 1710
2026-09-23 22:33:50,291 - RLController - INFO - DIAGNOSTIC Step 1800 - Observation stats:
2026-09-23 22:33:50,292 - RLController - INFO -   Hash: 2573529165043943018, Min: 0.000000, Max: 1.000000, Mean: 0.398411, Std: 0.448391
2026-09-23 22:33:50,292 - RLController - INFO -   First 10: [1.  0.  0.  0.  0.  0.5 1.  0.  0.  0. ]
2026-09-23 22:33:50,292 - RLController - INFO -   Last 10: [0.         0.2        0.         0.08333334 0.41880342 0.00334677
 0.06149573 0.598917   0.         0.3       ]
2026-09-23 22:33:50,297 - RLController - INFO - DIAGNOSTIC - Raw model action output:
2026-09-23 22:33:50,297 - RLController - INFO -   Action hash: 4929773706759350857
2026-09-23 22:33:50,298 - RLController - INFO -   First 8 values: [ -6.9465094 -10.        -10.        -10.        -10.        -10.
 -10.        -10.       ]
2026-09-23 22:33:50,298 - RLController - INFO -   Last 8 values: [-10.        -10.        -10.        -10.        -10.         -1.0757453
 -10.        -10.       ]
2026-09-23 22:33:50,298 - RLController - INFO -   Action shape: (136,), min: -10.000000, max: 4.601881, mean: -9.228660
2026-09-23 22:33:50,298 - RLController - INFO -   B0 junction (indices 16-19) raw values: [ -9.737759 -10.       -10.       -10.      ]
2026-09-23 22:33:50,298 - RLController - INFO - Using CONTINUOUS DURATION-BASED mode
2026-09-23 22:33:50,299 - RLController - INFO -   Example: junction A0 -> durations [54, 12, 12, 12] (total: 90s)
2026-09-23 22:33:50,299 - RLController - INFO -   Example: junction A1 -> durations [24, 22, 22, 22] (total: 90s)
2026-09-23 22:33:50,299 - RLController - INFO -   Example: junction A2 -> durations [11, 11, 57, 11] (total: 90s)
2026-09-23 22:33:50,299 - RLController - INFO -   Example: junction A4 -> durations [60, 10, 10, 10] (total: 90s)
2026-09-23 22:33:50,299 - RLController - INFO -   Example: junction A5 -> durations [24, 22, 22, 22] (total: 90s)
2026-09-23 22:33:50,299 - RLController - INFO -   Example: junction B0 -> durations [24, 22, 22, 22] (total: 90s)
2026-09-23 22:33:50,299 - RLController - INFO -   Example: junction B1 -> durations [22, 24, 22, 22] (total: 90s)
2026-09-23 22:33:50,300 - RLController - INFO -   Example: junction B2 -> durations [24, 22, 22, 22] (total: 90s)
2026-09-23 22:33:50,300 - RLController - INFO -   Example: junction B4 -> durations [24, 22, 22, 22] (total: 90s)
2026-09-23 22:33:50,300 - RLController - INFO -   Example: junction B5 -> durations [60, 10, 10, 10] (total: 90s)
2026-09-23 22:33:50,300 - RLController - INFO -   Example: junction C0 -> durations [21, 21, 27, 21] (total: 90s)
2026-09-23 22:33:50,300 - RLController - INFO -   Example: junction C1 -> durations [24, 22, 22, 22] (total: 90s)
2026-09-23 22:33:50,300 - RLController - INFO -   Example: junction C2 -> durations [57, 13, 10, 10] (total: 90s)
2026-09-23 22:33:50,300 - RLController - INFO -   Example: junction C3 -> durations [60, 10, 10, 10] (total: 90s)
2026-09-23 22:33:50,300 - RLController - INFO -   Example: junction C4 -> durations [60, 10, 10, 10] (total: 90s)
2026-09-23 22:33:50,301 - RLController - INFO -   Example: junction C5 -> durations [57, 11, 11, 11] (total: 90s)
2026-09-23 22:33:50,301 - RLController - INFO -   Example: junction D0 -> durations [24, 22, 22, 22] (total: 90s)
2026-09-23 22:33:50,301 - RLController - INFO -   Example: junction D1 -> durations [19, 19, 33, 19] (total: 90s)
2026-09-23 22:33:50,301 - RLController - INFO -   Example: junction D2 -> durations [48, 14, 14, 14] (total: 90s)
2026-09-23 22:33:50,301 - RLController - INFO -   Example: junction D3 -> durations [24, 22, 22, 22] (total: 90s)
2026-09-23 22:33:50,301 - RLController - INFO -   Example: junction D4 -> durations [24, 22, 22, 22] (total: 90s)
2026-09-23 22:33:50,301 - RLController - INFO -   Example: junction D5 -> durations [13, 13, 51, 13] (total: 90s)
2026-09-23 22:33:50,301 - RLController - INFO -   Example: junction E0 -> durations [24, 22, 22, 22] (total: 90s)
2026-09-23 22:33:50,302 - RLController - INFO -   Example: junction E1 -> durations [24, 22, 22, 22] (total: 90s)
2026-09-23 22:33:50,302 - RLController - INFO -   Stored schedules for 34 junctions, cycle starts at step 1800
2026-09-23 22:33:54,085 - RLController - INFO - DIAGNOSTIC Step 1890 - Observation stats:
2026-09-23 22:33:54,085 - RLController - INFO -   Hash: -3959677086248500070, Min: 0.000000, Max: 1.000000, Mean: 0.403196, Std: 0.449190
2026-09-23 22:33:54,085 - RLController - INFO -   First 10: [1.  0.  0.  0.  0.  0.5 1.  0.  0.  0. ]
2026-09-23 22:33:54,085 - RLController - INFO -   Last 10: [0.         0.2        0.         0.08333334 0.42521366 0.00315413
 0.0624359  0.584543   0.         0.3       ]
2026-09-23 22:33:54,089 - RLController - INFO - DIAGNOSTIC - Raw model action output:
2026-09-23 22:33:54,089 - RLController - INFO -   Action hash: -4579834012014941616
2026-09-23 22:33:54,090 - RLController - INFO -   First 8 values: [ -7.2506576 -10.        -10.        -10.        -10.        -10.
 -10.        -10.       ]
2026-09-23 22:33:54,090 - RLController - INFO -   Last 8 values: [-10.        -10.        -10.        -10.        -10.         -1.3893387
 -10.        -10.       ]
2026-09-23 22:33:54,090 - RLController - INFO -   Action shape: (136,), min: -10.000000, max: 5.547999, mean: -9.241388
2026-09-23 22:33:54,090 - RLController - INFO -   B0 junction (indices 16-19) raw values: [ -9.232285 -10.       -10.       -10.      ]
2026-09-23 22:33:54,090 - RLController - INFO - Using CONTINUOUS DURATION-BASED mode
2026-09-23 22:33:54,091 - RLController - INFO -   Example: junction A0 -> durations [51, 13, 13, 13] (total: 90s)
2026-09-23 22:33:54,091 - RLController - INFO -   Example: junction A1 -> durations [24, 22, 22, 22] (total: 90s)
2026-09-23 22:33:54,091 - RLController - INFO -   Example: junction A2 -> durations [11, 11, 57, 11] (total: 90s)
2026-09-23 22:33:54,091 - RLController - INFO -   Example: junction A4 -> durations [60, 10, 10, 10] (total: 90s)
2026-09-23 22:33:54,091 - RLController - INFO -   Example: junction A5 -> durations [30, 20, 20, 20] (total: 90s)
2026-09-23 22:33:54,091 - RLController - INFO -   Example: junction B0 -> durations [24, 22, 22, 22] (total: 90s)
2026-09-23 22:33:54,091 - RLController - INFO -   Example: junction B1 -> durations [24, 22, 22, 22] (total: 90s)
2026-09-23 22:33:54,092 - RLController - INFO -   Example: junction B2 -> durations [24, 22, 22, 22] (total: 90s)
2026-09-23 22:33:54,092 - RLController - INFO -   Example: junction B4 -> durations [24, 22, 22, 22] (total: 90s)
2026-09-23 22:33:54,092 - RLController - INFO -   Example: junction B5 -> durations [60, 10, 10, 10] (total: 90s)
2026-09-23 22:33:54,092 - RLController - INFO -   Example: junction C0 -> durations [21, 21, 27, 21] (total: 90s)
2026-09-23 22:33:54,092 - RLController - INFO -   Example: junction C1 -> durations [24, 22, 22, 22] (total: 90s)
2026-09-23 22:33:54,092 - RLController - INFO -   Example: junction C2 -> durations [58, 12, 10, 10] (total: 90s)
2026-09-23 22:33:54,092 - RLController - INFO -   Example: junction C3 -> durations [60, 10, 10, 10] (total: 90s)
2026-09-23 22:33:54,092 - RLController - INFO -   Example: junction C4 -> durations [60, 10, 10, 10] (total: 90s)
2026-09-23 22:33:54,092 - RLController - INFO -   Example: junction C5 -> durations [57, 11, 11, 11] (total: 90s)
2026-09-23 22:33:54,093 - RLController - INFO -   Example: junction D0 -> durations [24, 22, 22, 22] (total: 90s)
2026-09-23 22:33:54,093 - RLController - INFO -   Example: junction D1 -> durations [20, 20, 30, 20] (total: 90s)
2026-09-23 22:33:54,093 - RLController - INFO -   Example: junction D2 -> durations [45, 15, 15, 15] (total: 90s)
2026-09-23 22:33:54,093 - RLController - INFO -   Example: junction D3 -> durations [24, 22, 22, 22] (total: 90s)
2026-09-23 22:33:54,093 - RLController - INFO -   Example: junction D4 -> durations [24, 22, 22, 22] (total: 90s)
2026-09-23 22:33:54,093 - RLController - INFO -   Example: junction D5 -> durations [13, 13, 51, 13] (total: 90s)
2026-09-23 22:33:54,094 - RLController - INFO -   Example: junction E0 -> durations [24, 22, 22, 22] (total: 90s)
2026-09-23 22:33:54,094 - RLController - INFO -   Example: junction E1 -> durations [24, 22, 22, 22] (total: 90s)
2026-09-23 22:33:54,094 - RLController - INFO -   Stored schedules for 34 junctions, cycle starts at step 1890
2026-09-23 22:33:57,341 - RLController - INFO - DIAGNOSTIC Step 1980 - Observation stats:
2026-09-23 22:33:57,342 - RLController - INFO -   Hash: -223413713105824302, Min: 0.000000, Max: 1.000000, Mean: 0.405722, Std: 0.450239
2026-09-23 22:33:57,342 - RLController - INFO -   First 10: [1.  0.  0.  0.  0.  0.5 1.  0.  0.  0. ]
2026-09-23 22:33:57,342 - RLController - INFO -   Last 10: [0.         0.2        0.         0.08333334 0.42948717 0.00339178
 0.06145299 0.58804303 0.         0.3       ]
2026-09-23 22:33:57,347 - RLController - INFO - DIAGNOSTIC - Raw model action output:
2026-09-23 22:33:57,347 - RLController - INFO -   Action hash: 5228815034265299050
2026-09-23 22:33:57,348 - RLController - INFO -   First 8 values: [ -7.033212 -10.       -10.       -10.       -10.       -10.
 -10.       -10.      ]
2026-09-23 22:33:57,348 - RLController - INFO -   Last 8 values: [-10.        -10.        -10.        -10.        -10.         -1.5788977
 -10.        -10.       ]
2026-09-23 22:33:57,348 - RLController - INFO -   Action shape: (136,), min: -10.000000, max: 4.902305, mean: -9.235314
2026-09-23 22:33:57,348 - RLController - INFO -   B0 junction (indices 16-19) raw values: [ -9.527276 -10.       -10.       -10.      ]
2026-09-23 22:33:57,348 - RLController - INFO - Using CONTINUOUS DURATION-BASED mode
2026-09-23 22:33:57,349 - RLController - INFO -   Example: junction A0 -> durations [54, 12, 12, 12] (total: 90s)
2026-09-23 22:33:57,349 - RLController - INFO -   Example: junction A1 -> durations [24, 22, 22, 22] (total: 90s)
2026-09-23 22:33:57,349 - RLController - INFO -   Example: junction A2 -> durations [11, 11, 57, 11] (total: 90s)
2026-09-23 22:33:57,349 - RLController - INFO -   Example: junction A4 -> durations [60, 10, 10, 10] (total: 90s)
2026-09-23 22:33:57,349 - RLController - INFO -   Example: junction A5 -> durations [27, 21, 21, 21] (total: 90s)
2026-09-23 22:33:57,349 - RLController - INFO -   Example: junction B0 -> durations [24, 22, 22, 22] (total: 90s)
2026-09-23 22:33:57,349 - RLController - INFO -   Example: junction B1 -> durations [24, 22, 22, 22] (total: 90s)
2026-09-23 22:33:57,350 - RLController - INFO -   Example: junction B2 -> durations [24, 22, 22, 22] (total: 90s)
2026-09-23 22:33:57,350 - RLController - INFO -   Example: junction B4 -> durations [24, 22, 22, 22] (total: 90s)
2026-09-23 22:33:57,350 - RLController - INFO -   Example: junction B5 -> durations [60, 10, 10, 10] (total: 90s)
2026-09-23 22:33:57,350 - RLController - INFO -   Example: junction C0 -> durations [20, 20, 30, 20] (total: 90s)
2026-09-23 22:33:57,350 - RLController - INFO -   Example: junction C1 -> durations [24, 22, 22, 22] (total: 90s)
2026-09-23 22:33:57,350 - RLController - INFO -   Example: junction C2 -> durations [58, 12, 10, 10] (total: 90s)
2026-09-23 22:33:57,350 - RLController - INFO -   Example: junction C3 -> durations [60, 10, 10, 10] (total: 90s)
2026-09-23 22:33:57,350 - RLController - INFO -   Example: junction C4 -> durations [60, 10, 10, 10] (total: 90s)
2026-09-23 22:33:57,351 - RLController - INFO -   Example: junction C5 -> durations [57, 11, 11, 11] (total: 90s)
2026-09-23 22:33:57,351 - RLController - INFO -   Example: junction D0 -> durations [24, 22, 22, 22] (total: 90s)
2026-09-23 22:33:57,351 - RLController - INFO -   Example: junction D1 -> durations [19, 19, 33, 19] (total: 90s)
2026-09-23 22:33:57,351 - RLController - INFO -   Example: junction D2 -> durations [48, 14, 14, 14] (total: 90s)
2026-09-23 22:33:57,351 - RLController - INFO -   Example: junction D3 -> durations [24, 22, 22, 22] (total: 90s)
2026-09-23 22:33:57,351 - RLController - INFO -   Example: junction D4 -> durations [24, 22, 22, 22] (total: 90s)
2026-09-23 22:33:57,351 - RLController - INFO -   Example: junction D5 -> durations [12, 12, 54, 12] (total: 90s)
2026-09-23 22:33:57,352 - RLController - INFO -   Example: junction E0 -> durations [24, 22, 22, 22] (total: 90s)
2026-09-23 22:33:57,352 - RLController - INFO -   Example: junction E1 -> durations [24, 22, 22, 22] (total: 90s)
2026-09-23 22:33:57,352 - RLController - INFO -   Stored schedules for 34 junctions, cycle starts at step 1980
2026-09-23 22:34:00,631 - RLController - INFO - DIAGNOSTIC Step 2070 - Observation stats:
2026-09-23 22:34:00,631 - RLController - INFO -   Hash: 4970519976046320444, Min: 0.000000, Max: 1.000000, Mean: 0.410364, Std: 0.452018
2026-09-23 22:34:00,631 - RLController - INFO -   First 10: [1.  0.  0.  0.  0.  0.5 1.  0.  0.  0. ]
2026-09-23 22:34:00,632 - RLController - INFO -   Last 10: [0.         0.2        0.         0.08333334 0.43376067 0.00328573
 0.06393162 0.5823571  0.         0.3       ]
2026-09-23 22:34:00,637 - RLController - INFO - DIAGNOSTIC - Raw model action output:
2026-09-23 22:34:00,637 - RLController - INFO -   Action hash: -3976260194047494562
2026-09-23 22:34:00,637 - RLController - INFO -   First 8 values: [ -6.984534 -10.       -10.       -10.       -10.       -10.
 -10.       -10.      ]
2026-09-23 22:34:00,638 - RLController - INFO -   Last 8 values: [-10.       -10.       -10.       -10.       -10.        -1.662071
 -10.       -10.      ]
2026-09-23 22:34:00,638 - RLController - INFO -   Action shape: (136,), min: -10.000000, max: 4.503627, mean: -9.218815
2026-09-23 22:34:00,638 - RLController - INFO -   B0 junction (indices 16-19) raw values: [ -9.8295555 -10.        -10.        -10.       ]
2026-09-23 22:34:00,638 - RLController - INFO - Using CONTINUOUS DURATION-BASED mode
2026-09-23 22:34:00,638 - RLController - INFO -   Example: junction A0 -> durations [54, 12, 12, 12] (total: 90s)
2026-09-23 22:34:00,639 - RLController - INFO -   Example: junction A1 -> durations [24, 22, 22, 22] (total: 90s)
2026-09-23 22:34:00,639 - RLController - INFO -   Example: junction A2 -> durations [12, 12, 54, 12] (total: 90s)
2026-09-23 22:34:00,639 - RLController - INFO -   Example: junction A4 -> durations [60, 10, 10, 10] (total: 90s)
2026-09-23 22:34:00,639 - RLController - INFO -   Example: junction A5 -> durations [24, 22, 22, 22] (total: 90s)
2026-09-23 22:34:00,639 - RLController - INFO -   Example: junction B0 -> durations [24, 22, 22, 22] (total: 90s)
2026-09-23 22:34:00,639 - RLController - INFO -   Example: junction B1 -> durations [22, 24, 22, 22] (total: 90s)
2026-09-23 22:34:00,639 - RLController - INFO -   Example: junction B2 -> durations [24, 22, 22, 22] (total: 90s)
2026-09-23 22:34:00,640 - RLController - INFO -   Example: junction B4 -> durations [24, 22, 22, 22] (total: 90s)
2026-09-23 22:34:00,640 - RLController - INFO -   Example: junction B5 -> durations [60, 10, 10, 10] (total: 90s)
2026-09-23 22:34:00,640 - RLController - INFO -   Example: junction C0 -> durations [19, 19, 33, 19] (total: 90s)
2026-09-23 22:34:00,640 - RLController - INFO -   Example: junction C1 -> durations [24, 22, 22, 22] (total: 90s)
2026-09-23 22:34:00,640 - RLController - INFO -   Example: junction C2 -> durations [54, 16, 10, 10] (total: 90s)
2026-09-23 22:34:00,640 - RLController - INFO -   Example: junction C3 -> durations [60, 10, 10, 10] (total: 90s)
2026-09-23 22:34:00,640 - RLController - INFO -   Example: junction C4 -> durations [60, 10, 10, 10] (total: 90s)
2026-09-23 22:34:00,640 - RLController - INFO -   Example: junction C5 -> durations [57, 11, 11, 11] (total: 90s)
2026-09-23 22:34:00,641 - RLController - INFO -   Example: junction D0 -> durations [24, 22, 22, 22] (total: 90s)
2026-09-23 22:34:00,641 - RLController - INFO -   Example: junction D1 -> durations [19, 19, 33, 19] (total: 90s)
2026-09-23 22:34:00,641 - RLController - INFO -   Example: junction D2 -> durations [51, 13, 13, 13] (total: 90s)
2026-09-23 22:34:00,641 - RLController - INFO -   Example: junction D3 -> durations [24, 22, 22, 22] (total: 90s)
2026-09-23 22:34:00,641 - RLController - INFO -   Example: junction D4 -> durations [24, 22, 22, 22] (total: 90s)
2026-09-23 22:34:00,641 - RLController - INFO -   Example: junction D5 -> durations [12, 12, 54, 12] (total: 90s)
2026-09-23 22:34:00,641 - RLController - INFO -   Example: junction E0 -> durations [24, 22, 22, 22] (total: 90s)
2026-09-23 22:34:00,642 - RLController - INFO -   Example: junction E1 -> durations [24, 22, 22, 22] (total: 90s)
2026-09-23 22:34:00,642 - RLController - INFO -   Stored schedules for 34 junctions, cycle starts at step 2070
2026-09-23 22:34:03,956 - RLController - INFO - DIAGNOSTIC Step 2160 - Observation stats:
2026-09-23 22:34:03,956 - RLController - INFO -   Hash: -8767687931880245533, Min: 0.000000, Max: 1.000000, Mean: 0.412128, Std: 0.450533
2026-09-23 22:34:03,957 - RLController - INFO -   First 10: [1.  0.  0.  0.  0.  0.5 1.  0.  0.  0. ]
2026-09-23 22:34:03,957 - RLController - INFO -   Last 10: [0.         0.2        0.         0.08333334 0.44230768 0.00292921
 0.06517094 0.5721233  0.         0.3       ]
2026-09-23 22:34:03,961 - RLController - INFO - DIAGNOSTIC - Raw model action output:
2026-09-23 22:34:03,961 - RLController - INFO -   Action hash: 8502067280999031069
2026-09-23 22:34:03,961 - RLController - INFO -   First 8 values: [ -6.8826437 -10.        -10.        -10.        -10.        -10.
 -10.        -10.       ]
2026-09-23 22:34:03,961 - RLController - INFO -   Last 8 values: [-10.       -10.       -10.       -10.       -10.        -1.712493
 -10.       -10.      ]
2026-09-23 22:34:03,961 - RLController - INFO -   Action shape: (136,), min: -10.000000, max: 4.822546, mean: -9.239235
2026-09-23 22:34:03,962 - RLController - INFO -   B0 junction (indices 16-19) raw values: [ -9.634959 -10.       -10.       -10.      ]
2026-09-23 22:34:03,962 - RLController - INFO - Using CONTINUOUS DURATION-BASED mode
2026-09-23 22:34:03,962 - RLController - INFO -   Example: junction A0 -> durations [54, 12, 12, 12] (total: 90s)
2026-09-23 22:34:03,962 - RLController - INFO -   Example: junction A1 -> durations [24, 22, 22, 22] (total: 90s)
2026-09-23 22:34:03,962 - RLController - INFO -   Example: junction A2 -> durations [11, 11, 57, 11] (total: 90s)
2026-09-23 22:34:03,962 - RLController - INFO -   Example: junction A4 -> durations [60, 10, 10, 10] (total: 90s)
2026-09-23 22:34:03,962 - RLController - INFO -   Example: junction A5 -> durations [27, 21, 21, 21] (total: 90s)
2026-09-23 22:34:03,962 - RLController - INFO -   Example: junction B0 -> durations [24, 22, 22, 22] (total: 90s)
2026-09-23 22:34:03,963 - RLController - INFO -   Example: junction B1 -> durations [22, 24, 22, 22] (total: 90s)
2026-09-23 22:34:03,963 - RLController - INFO -   Example: junction B2 -> durations [24, 22, 22, 22] (total: 90s)
2026-09-23 22:34:03,963 - RLController - INFO -   Example: junction B4 -> durations [24, 22, 22, 22] (total: 90s)
2026-09-23 22:34:03,963 - RLController - INFO -   Example: junction B5 -> durations [60, 10, 10, 10] (total: 90s)
2026-09-23 22:34:03,963 - RLController - INFO -   Example: junction C0 -> durations [20, 20, 30, 20] (total: 90s)
2026-09-23 22:34:03,963 - RLController - INFO -   Example: junction C1 -> durations [24, 22, 22, 22] (total: 90s)
2026-09-23 22:34:03,963 - RLController - INFO -   Example: junction C2 -> durations [56, 14, 10, 10] (total: 90s)
2026-09-23 22:34:03,963 - RLController - INFO -   Example: junction C3 -> durations [60, 10, 10, 10] (total: 90s)
2026-09-23 22:34:03,963 - RLController - INFO -   Example: junction C4 -> durations [60, 10, 10, 10] (total: 90s)
2026-09-23 22:34:03,964 - RLController - INFO -   Example: junction C5 -> durations [57, 11, 11, 11] (total: 90s)
2026-09-23 22:34:03,964 - RLController - INFO -   Example: junction D0 -> durations [24, 22, 22, 22] (total: 90s)
2026-09-23 22:34:03,964 - RLController - INFO -   Example: junction D1 -> durations [19, 19, 33, 19] (total: 90s)
2026-09-23 22:34:03,964 - RLController - INFO -   Example: junction D2 -> durations [48, 14, 14, 14] (total: 90s)
2026-09-23 22:34:03,964 - RLController - INFO -   Example: junction D3 -> durations [24, 22, 22, 22] (total: 90s)
2026-09-23 22:34:03,964 - RLController - INFO -   Example: junction D4 -> durations [24, 22, 22, 22] (total: 90s)
2026-09-23 22:34:03,964 - RLController - INFO -   Example: junction D5 -> durations [12, 12, 54, 12] (total: 90s)
2026-09-23 22:34:03,964 - RLController - INFO -   Example: junction E0 -> durations [24, 22, 22, 22] (total: 90s)
2026-09-23 22:34:03,964 - RLController - INFO -   Example: junction E1 -> durations [24, 22, 22, 22] (total: 90s)
2026-09-23 22:34:03,965 - RLController - INFO -   Stored schedules for 34 junctions, cycle starts at step 2160
2026-09-23 22:34:07,850 - RLController - INFO - DIAGNOSTIC Step 2250 - Observation stats:
2026-09-23 22:34:07,850 - RLController - INFO -   Hash: 2765842845937569245, Min: 0.000000, Max: 1.000000, Mean: 0.416286, Std: 0.452132
2026-09-23 22:34:07,851 - RLController - INFO -   First 10: [1.         0.         0.         0.         0.         0.5
 0.         1.         0.99333334 1.        ]
2026-09-23 22:34:07,851 - RLController - INFO -   Last 10: [0.         0.2        0.         0.08333334 0.44017094 0.00286247
 0.06641026 0.5676916  0.         0.3       ]
2026-09-23 22:34:07,856 - RLController - INFO - DIAGNOSTIC - Raw model action output:
2026-09-23 22:34:07,856 - RLController - INFO -   Action hash: -6367022552651069266
2026-09-23 22:34:07,856 - RLController - INFO -   First 8 values: [ -7.141137 -10.       -10.       -10.       -10.       -10.
 -10.       -10.      ]
2026-09-23 22:34:07,857 - RLController - INFO -   Last 8 values: [-10.        -10.        -10.        -10.        -10.         -1.6219358
 -10.        -10.       ]
2026-09-23 22:34:07,857 - RLController - INFO -   Action shape: (136,), min: -10.000000, max: 5.145053, mean: -9.219952
2026-09-23 22:34:07,857 - RLController - INFO -   B0 junction (indices 16-19) raw values: [ -9.737729 -10.       -10.       -10.      ]
2026-09-23 22:34:07,858 - RLController - INFO - Using CONTINUOUS DURATION-BASED mode
2026-09-23 22:34:07,858 - RLController - INFO -   Example: junction A0 -> durations [54, 12, 12, 12] (total: 90s)
2026-09-23 22:34:07,858 - RLController - INFO -   Example: junction A1 -> durations [24, 22, 22, 22] (total: 90s)
2026-09-23 22:34:07,858 - RLController - INFO -   Example: junction A2 -> durations [11, 11, 57, 11] (total: 90s)
2026-09-23 22:34:07,858 - RLController - INFO -   Example: junction A4 -> durations [60, 10, 10, 10] (total: 90s)
2026-09-23 22:34:07,858 - RLController - INFO -   Example: junction A5 -> durations [24, 22, 22, 22] (total: 90s)
2026-09-23 22:34:07,859 - RLController - INFO -   Example: junction B0 -> durations [24, 22, 22, 22] (total: 90s)
2026-09-23 22:34:07,859 - RLController - INFO -   Example: junction B1 -> durations [22, 24, 22, 22] (total: 90s)
2026-09-23 22:34:07,859 - RLController - INFO -   Example: junction B2 -> durations [24, 22, 22, 22] (total: 90s)
2026-09-23 22:34:07,859 - RLController - INFO -   Example: junction B4 -> durations [24, 22, 22, 22] (total: 90s)
2026-09-23 22:34:07,859 - RLController - INFO -   Example: junction B5 -> durations [60, 10, 10, 10] (total: 90s)
2026-09-23 22:34:07,859 - RLController - INFO -   Example: junction C0 -> durations [20, 20, 30, 20] (total: 90s)
2026-09-23 22:34:07,860 - RLController - INFO -   Example: junction C1 -> durations [24, 22, 22, 22] (total: 90s)
2026-09-23 22:34:07,860 - RLController - INFO -   Example: junction C2 -> durations [56, 14, 10, 10] (total: 90s)
2026-09-23 22:34:07,860 - RLController - INFO -   Example: junction C3 -> durations [60, 10, 10, 10] (total: 90s)
2026-09-23 22:34:07,860 - RLController - INFO -   Example: junction C4 -> durations [60, 10, 10, 10] (total: 90s)
2026-09-23 22:34:07,860 - RLController - INFO -   Example: junction C5 -> durations [57, 11, 11, 11] (total: 90s)
2026-09-23 22:34:07,860 - RLController - INFO -   Example: junction D0 -> durations [24, 22, 22, 22] (total: 90s)
2026-09-23 22:34:07,860 - RLController - INFO -   Example: junction D1 -> durations [20, 20, 30, 20] (total: 90s)
2026-09-23 22:34:07,861 - RLController - INFO -   Example: junction D2 -> durations [48, 14, 14, 14] (total: 90s)
2026-09-23 22:34:07,861 - RLController - INFO -   Example: junction D3 -> durations [24, 22, 22, 22] (total: 90s)
2026-09-23 22:34:07,861 - RLController - INFO -   Example: junction D4 -> durations [24, 22, 22, 22] (total: 90s)
2026-09-23 22:34:07,861 - RLController - INFO -   Example: junction D5 -> durations [12, 12, 54, 12] (total: 90s)
2026-09-23 22:34:07,861 - RLController - INFO -   Example: junction E0 -> durations [24, 22, 22, 22] (total: 90s)
2026-09-23 22:34:07,861 - RLController - INFO -   Example: junction E1 -> durations [24, 22, 22, 22] (total: 90s)
2026-09-23 22:34:07,862 - RLController - INFO -   Stored schedules for 34 junctions, cycle starts at step 2250
2026-09-23 22:34:11,329 - RLController - INFO - DIAGNOSTIC Step 2340 - Observation stats:
2026-09-23 22:34:11,330 - RLController - INFO -   Hash: -7364213620325105484, Min: 0.000000, Max: 1.000000, Mean: 0.411299, Std: 0.452101
2026-09-23 22:34:11,330 - RLController - INFO -   First 10: [1.  0.  0.  0.  0.  0.5 1.  0.  0.  0. ]
2026-09-23 22:34:11,331 - RLController - INFO -   Last 10: [0.         0.2        0.         0.08333334 0.42948717 0.00324081
 0.06649572 0.58724093 0.         0.3       ]
2026-09-23 22:34:11,335 - RLController - INFO - DIAGNOSTIC - Raw model action output:
2026-09-23 22:34:11,335 - RLController - INFO -   Action hash: 7496930592269925429
2026-09-23 22:34:11,335 - RLController - INFO -   First 8 values: [ -6.870386 -10.       -10.       -10.       -10.       -10.
 -10.       -10.      ]
2026-09-23 22:34:11,336 - RLController - INFO -   Last 8 values: [-10.        -10.        -10.        -10.        -10.         -2.6710842
 -10.        -10.       ]
2026-09-23 22:34:11,336 - RLController - INFO -   Action shape: (136,), min: -10.000000, max: 5.047121, mean: -9.245995
2026-09-23 22:34:11,336 - RLController - INFO -   B0 junction (indices 16-19) raw values: [ -9.565273 -10.       -10.       -10.      ]
2026-09-23 22:34:11,336 - RLController - INFO - Using CONTINUOUS DURATION-BASED mode
2026-09-23 22:34:11,336 - RLController - INFO -   Example: junction A0 -> durations [54, 12, 12, 12] (total: 90s)
2026-09-23 22:34:11,336 - RLController - INFO -   Example: junction A1 -> durations [24, 22, 22, 22] (total: 90s)
2026-09-23 22:34:11,337 - RLController - INFO -   Example: junction A2 -> durations [11, 11, 57, 11] (total: 90s)
2026-09-23 22:34:11,337 - RLController - INFO -   Example: junction A4 -> durations [60, 10, 10, 10] (total: 90s)
2026-09-23 22:34:11,337 - RLController - INFO -   Example: junction A5 -> durations [27, 21, 21, 21] (total: 90s)
2026-09-23 22:34:11,337 - RLController - INFO -   Example: junction B0 -> durations [24, 22, 22, 22] (total: 90s)
2026-09-23 22:34:11,337 - RLController - INFO -   Example: junction B1 -> durations [22, 24, 22, 22] (total: 90s)
2026-09-23 22:34:11,337 - RLController - INFO -   Example: junction B2 -> durations [24, 22, 22, 22] (total: 90s)
2026-09-23 22:34:11,337 - RLController - INFO -   Example: junction B4 -> durations [24, 22, 22, 22] (total: 90s)
2026-09-23 22:34:11,338 - RLController - INFO -   Example: junction B5 -> durations [60, 10, 10, 10] (total: 90s)
2026-09-23 22:34:11,338 - RLController - INFO -   Example: junction C0 -> durations [21, 21, 27, 21] (total: 90s)
2026-09-23 22:34:11,338 - RLController - INFO -   Example: junction C1 -> durations [24, 22, 22, 22] (total: 90s)
2026-09-23 22:34:11,338 - RLController - INFO -   Example: junction C2 -> durations [56, 14, 10, 10] (total: 90s)
2026-09-23 22:34:11,338 - RLController - INFO -   Example: junction C3 -> durations [60, 10, 10, 10] (total: 90s)
2026-09-23 22:34:11,338 - RLController - INFO -   Example: junction C4 -> durations [60, 10, 10, 10] (total: 90s)
2026-09-23 22:34:11,338 - RLController - INFO -   Example: junction C5 -> durations [57, 11, 11, 11] (total: 90s)
2026-09-23 22:34:11,339 - RLController - INFO -   Example: junction D0 -> durations [24, 22, 22, 22] (total: 90s)
2026-09-23 22:34:11,339 - RLController - INFO -   Example: junction D1 -> durations [20, 20, 30, 20] (total: 90s)
2026-09-23 22:34:11,339 - RLController - INFO -   Example: junction D2 -> durations [48, 14, 14, 14] (total: 90s)
2026-09-23 22:34:11,339 - RLController - INFO -   Example: junction D3 -> durations [24, 22, 22, 22] (total: 90s)
2026-09-23 22:34:11,339 - RLController - INFO -   Example: junction D4 -> durations [24, 22, 22, 22] (total: 90s)
2026-09-23 22:34:11,339 - RLController - INFO -   Example: junction D5 -> durations [13, 13, 51, 13] (total: 90s)
2026-09-23 22:34:11,339 - RLController - INFO -   Example: junction E0 -> durations [24, 22, 22, 22] (total: 90s)
2026-09-23 22:34:11,340 - RLController - INFO -   Example: junction E1 -> durations [24, 22, 22, 22] (total: 90s)
2026-09-23 22:34:11,340 - RLController - INFO -   Stored schedules for 34 junctions, cycle starts at step 2340
2026-09-23 22:34:14,876 - RLController - INFO - DIAGNOSTIC Step 2430 - Observation stats:
2026-09-23 22:34:14,876 - RLController - INFO -   Hash: 4148636121719016931, Min: 0.000000, Max: 1.000000, Mean: 0.412946, Std: 0.451050
2026-09-23 22:34:14,877 - RLController - INFO -   First 10: [1.  0.  0.  0.  0.  0.5 1.  0.  0.  0. ]
2026-09-23 22:34:14,877 - RLController - INFO -   Last 10: [0.         0.2        0.         0.08333334 0.4508547  0.00305623
 0.06888889 0.562217   0.         0.3       ]
2026-09-23 22:34:14,881 - RLController - INFO - DIAGNOSTIC - Raw model action output:
2026-09-23 22:34:14,881 - RLController - INFO -   Action hash: -3358613593966048329
2026-09-23 22:34:14,881 - RLController - INFO -   First 8 values: [ -7.2981906 -10.        -10.        -10.        -10.        -10.
 -10.        -10.       ]
2026-09-23 22:34:14,881 - RLController - INFO -   Last 8 values: [-10.        -10.        -10.        -10.        -10.         -2.7650266
 -10.        -10.       ]
2026-09-23 22:34:14,881 - RLController - INFO -   Action shape: (136,), min: -10.000000, max: 4.614070, mean: -9.234550
2026-09-23 22:34:14,882 - RLController - INFO -   B0 junction (indices 16-19) raw values: [ -9.790931 -10.       -10.       -10.      ]
2026-09-23 22:34:14,882 - RLController - INFO - Using CONTINUOUS DURATION-BASED mode
2026-09-23 22:34:14,882 - RLController - INFO -   Example: junction A0 -> durations [51, 13, 13, 13] (total: 90s)
2026-09-23 22:34:14,882 - RLController - INFO -   Example: junction A1 -> durations [24, 22, 22, 22] (total: 90s)
2026-09-23 22:34:14,882 - RLController - INFO -   Example: junction A2 -> durations [12, 12, 54, 12] (total: 90s)
2026-09-23 22:34:14,882 - RLController - INFO -   Example: junction A4 -> durations [60, 10, 10, 10] (total: 90s)
2026-09-23 22:34:14,882 - RLController - INFO -   Example: junction A5 -> durations [24, 22, 22, 22] (total: 90s)
2026-09-23 22:34:14,883 - RLController - INFO -   Example: junction B0 -> durations [24, 22, 22, 22] (total: 90s)
2026-09-23 22:34:14,883 - RLController - INFO -   Example: junction B1 -> durations [22, 24, 22, 22] (total: 90s)
2026-09-23 22:34:14,883 - RLController - INFO -   Example: junction B2 -> durations [24, 22, 22, 22] (total: 90s)
2026-09-23 22:34:14,883 - RLController - INFO -   Example: junction B4 -> durations [24, 22, 22, 22] (total: 90s)
2026-09-23 22:34:14,883 - RLController - INFO -   Example: junction B5 -> durations [60, 10, 10, 10] (total: 90s)
2026-09-23 22:34:14,883 - RLController - INFO -   Example: junction C0 -> durations [21, 21, 27, 21] (total: 90s)
2026-09-23 22:34:14,883 - RLController - INFO -   Example: junction C1 -> durations [24, 22, 22, 22] (total: 90s)
2026-09-23 22:34:14,884 - RLController - INFO -   Example: junction C2 -> durations [58, 12, 10, 10] (total: 90s)
2026-09-23 22:34:14,884 - RLController - INFO -   Example: junction C3 -> durations [60, 10, 10, 10] (total: 90s)
2026-09-23 22:34:14,884 - RLController - INFO -   Example: junction C4 -> durations [60, 10, 10, 10] (total: 90s)
2026-09-23 22:34:14,884 - RLController - INFO -   Example: junction C5 -> durations [57, 11, 11, 11] (total: 90s)
2026-09-23 22:34:14,884 - RLController - INFO -   Example: junction D0 -> durations [22, 22, 24, 22] (total: 90s)
2026-09-23 22:34:14,884 - RLController - INFO -   Example: junction D1 -> durations [20, 20, 30, 20] (total: 90s)
2026-09-23 22:34:14,885 - RLController - INFO -   Example: junction D2 -> durations [51, 13, 13, 13] (total: 90s)
2026-09-23 22:34:14,885 - RLController - INFO -   Example: junction D3 -> durations [24, 22, 22, 22] (total: 90s)
2026-09-23 22:34:14,885 - RLController - INFO -   Example: junction D4 -> durations [24, 22, 22, 22] (total: 90s)
2026-09-23 22:34:14,885 - RLController - INFO -   Example: junction D5 -> durations [13, 13, 51, 13] (total: 90s)
2026-09-23 22:34:14,885 - RLController - INFO -   Example: junction E0 -> durations [24, 22, 22, 22] (total: 90s)
2026-09-23 22:34:14,885 - RLController - INFO -   Example: junction E1 -> durations [24, 22, 22, 22] (total: 90s)
2026-09-23 22:34:14,886 - RLController - INFO -   Stored schedules for 34 junctions, cycle starts at step 2430
2026-09-23 22:34:18,205 - RLController - INFO - DIAGNOSTIC Step 2520 - Observation stats:
2026-09-23 22:34:18,206 - RLController - INFO -   Hash: -310455304233104061, Min: 0.000000, Max: 1.000000, Mean: 0.414468, Std: 0.453258
2026-09-23 22:34:18,206 - RLController - INFO -   First 10: [1.  0.  0.  0.  0.  0.5 1.  0.  0.  0. ]
2026-09-23 22:34:18,206 - RLController - INFO -   Last 10: [0.         0.2        0.         0.08333334 0.45726496 0.00303444
 0.06978633 0.560582   0.         0.3       ]
2026-09-23 22:34:18,210 - RLController - INFO - DIAGNOSTIC - Raw model action output:
2026-09-23 22:34:18,211 - RLController - INFO -   Action hash: 2812751084305729762
2026-09-23 22:34:18,211 - RLController - INFO -   First 8 values: [ -7.2533402 -10.        -10.        -10.        -10.        -10.
 -10.        -10.       ]
2026-09-23 22:34:18,211 - RLController - INFO -   Last 8 values: [-10.       -10.       -10.       -10.       -10.        -3.185477
 -10.       -10.      ]
2026-09-23 22:34:18,211 - RLController - INFO -   Action shape: (136,), min: -10.000000, max: 4.676454, mean: -9.231567
2026-09-23 22:34:18,211 - RLController - INFO -   B0 junction (indices 16-19) raw values: [ -9.610788 -10.       -10.       -10.      ]
2026-09-23 22:34:18,211 - RLController - INFO - Using CONTINUOUS DURATION-BASED mode
2026-09-23 22:34:18,212 - RLController - INFO -   Example: junction A0 -> durations [51, 13, 13, 13] (total: 90s)
2026-09-23 22:34:18,212 - RLController - INFO -   Example: junction A1 -> durations [24, 22, 22, 22] (total: 90s)
2026-09-23 22:34:18,212 - RLController - INFO -   Example: junction A2 -> durations [12, 12, 54, 12] (total: 90s)
2026-09-23 22:34:18,212 - RLController - INFO -   Example: junction A4 -> durations [60, 10, 10, 10] (total: 90s)
2026-09-23 22:34:18,212 - RLController - INFO -   Example: junction A5 -> durations [27, 21, 21, 21] (total: 90s)
2026-09-23 22:34:18,212 - RLController - INFO -   Example: junction B0 -> durations [24, 22, 22, 22] (total: 90s)
2026-09-23 22:34:18,212 - RLController - INFO -   Example: junction B1 -> durations [22, 24, 22, 22] (total: 90s)
2026-09-23 22:34:18,213 - RLController - INFO -   Example: junction B2 -> durations [24, 22, 22, 22] (total: 90s)
2026-09-23 22:34:18,213 - RLController - INFO -   Example: junction B4 -> durations [24, 22, 22, 22] (total: 90s)
2026-09-23 22:34:18,213 - RLController - INFO -   Example: junction B5 -> durations [60, 10, 10, 10] (total: 90s)
2026-09-23 22:34:18,213 - RLController - INFO -   Example: junction C0 -> durations [20, 20, 30, 20] (total: 90s)
2026-09-23 22:34:18,213 - RLController - INFO -   Example: junction C1 -> durations [24, 22, 22, 22] (total: 90s)
2026-09-23 22:34:18,213 - RLController - INFO -   Example: junction C2 -> durations [57, 13, 10, 10] (total: 90s)
2026-09-23 22:34:18,213 - RLController - INFO -   Example: junction C3 -> durations [60, 10, 10, 10] (total: 90s)
2026-09-23 22:34:18,213 - RLController - INFO -   Example: junction C4 -> durations [60, 10, 10, 10] (total: 90s)
2026-09-23 22:34:18,214 - RLController - INFO -   Example: junction C5 -> durations [57, 11, 11, 11] (total: 90s)
2026-09-23 22:34:18,214 - RLController - INFO -   Example: junction D0 -> durations [24, 22, 22, 22] (total: 90s)
2026-09-23 22:34:18,214 - RLController - INFO -   Example: junction D1 -> durations [20, 20, 30, 20] (total: 90s)
2026-09-23 22:34:18,214 - RLController - INFO -   Example: junction D2 -> durations [48, 14, 14, 14] (total: 90s)
2026-09-23 22:34:18,214 - RLController - INFO -   Example: junction D3 -> durations [24, 22, 22, 22] (total: 90s)
2026-09-23 22:34:18,214 - RLController - INFO -   Example: junction D4 -> durations [24, 22, 22, 22] (total: 90s)
2026-09-23 22:34:18,214 - RLController - INFO -   Example: junction D5 -> durations [13, 13, 51, 13] (total: 90s)
2026-09-23 22:34:18,214 - RLController - INFO -   Example: junction E0 -> durations [24, 22, 22, 22] (total: 90s)
2026-09-23 22:34:18,215 - RLController - INFO -   Example: junction E1 -> durations [24, 22, 22, 22] (total: 90s)
2026-09-23 22:34:18,215 - RLController - INFO -   Stored schedules for 34 junctions, cycle starts at step 2520
2026-09-23 22:34:21,982 - RLController - INFO - DIAGNOSTIC Step 2610 - Observation stats:
2026-09-23 22:34:21,982 - RLController - INFO -   Hash: -1663870998220354562, Min: 0.000000, Max: 1.000000, Mean: 0.412574, Std: 0.452029
2026-09-23 22:34:21,983 - RLController - INFO -   First 10: [1.  0.  0.  0.  0.  0.5 1.  0.  0.  0. ]
2026-09-23 22:34:21,983 - RLController - INFO -   Last 10: [0.         0.2        0.         0.08333334 0.43589744 0.00303741
 0.06974359 0.58309907 0.         0.3       ]
2026-09-23 22:34:21,988 - RLController - INFO - DIAGNOSTIC - Raw model action output:
2026-09-23 22:34:21,988 - RLController - INFO -   Action hash: 546670654925262377
2026-09-23 22:34:21,989 - RLController - INFO -   First 8 values: [ -7.493254 -10.       -10.       -10.       -10.       -10.
 -10.       -10.      ]
2026-09-23 22:34:21,989 - RLController - INFO -   Last 8 values: [-10.       -10.       -10.       -10.       -10.        -1.488368
 -10.       -10.      ]
2026-09-23 22:34:21,989 - RLController - INFO -   Action shape: (136,), min: -10.000000, max: 4.601177, mean: -9.217786
2026-09-23 22:34:21,989 - RLController - INFO -   B0 junction (indices 16-19) raw values: [ -9.445472 -10.       -10.       -10.      ]
2026-09-23 22:34:21,990 - RLController - INFO - Using CONTINUOUS DURATION-BASED mode
2026-09-23 22:34:21,990 - RLController - INFO -   Example: junction A0 -> durations [51, 13, 13, 13] (total: 90s)
2026-09-23 22:34:21,990 - RLController - INFO -   Example: junction A1 -> durations [24, 22, 22, 22] (total: 90s)
2026-09-23 22:34:21,990 - RLController - INFO -   Example: junction A2 -> durations [12, 12, 54, 12] (total: 90s)
2026-09-23 22:34:21,990 - RLController - INFO -   Example: junction A4 -> durations [60, 10, 10, 10] (total: 90s)
2026-09-23 22:34:21,991 - RLController - INFO -   Example: junction A5 -> durations [27, 21, 21, 21] (total: 90s)
2026-09-23 22:34:21,991 - RLController - INFO -   Example: junction B0 -> durations [24, 22, 22, 22] (total: 90s)
2026-09-23 22:34:21,991 - RLController - INFO -   Example: junction B1 -> durations [22, 24, 22, 22] (total: 90s)
2026-09-23 22:34:21,991 - RLController - INFO -   Example: junction B2 -> durations [24, 22, 22, 22] (total: 90s)
2026-09-23 22:34:21,992 - RLController - INFO -   Example: junction B4 -> durations [24, 22, 22, 22] (total: 90s)
2026-09-23 22:34:21,992 - RLController - INFO -   Example: junction B5 -> durations [60, 10, 10, 10] (total: 90s)
2026-09-23 22:34:21,992 - RLController - INFO -   Example: junction C0 -> durations [21, 21, 27, 21] (total: 90s)
2026-09-23 22:34:21,992 - RLController - INFO -   Example: junction C1 -> durations [24, 22, 22, 22] (total: 90s)
2026-09-23 22:34:21,992 - RLController - INFO -   Example: junction C2 -> durations [57, 13, 10, 10] (total: 90s)
2026-09-23 22:34:21,993 - RLController - INFO -   Example: junction C3 -> durations [60, 10, 10, 10] (total: 90s)
2026-09-23 22:34:21,993 - RLController - INFO -   Example: junction C4 -> durations [60, 10, 10, 10] (total: 90s)
2026-09-23 22:34:21,993 - RLController - INFO -   Example: junction C5 -> durations [57, 11, 11, 11] (total: 90s)
2026-09-23 22:34:21,993 - RLController - INFO -   Example: junction D0 -> durations [24, 22, 22, 22] (total: 90s)
2026-09-23 22:34:21,993 - RLController - INFO -   Example: junction D1 -> durations [19, 19, 33, 19] (total: 90s)
2026-09-23 22:34:21,994 - RLController - INFO -   Example: junction D2 -> durations [51, 13, 13, 13] (total: 90s)
2026-09-23 22:34:21,994 - RLController - INFO -   Example: junction D3 -> durations [24, 22, 22, 22] (total: 90s)
2026-09-23 22:34:21,994 - RLController - INFO -   Example: junction D4 -> durations [24, 22, 22, 22] (total: 90s)
2026-09-23 22:34:21,994 - RLController - INFO -   Example: junction D5 -> durations [13, 13, 51, 13] (total: 90s)
2026-09-23 22:34:21,994 - RLController - INFO -   Example: junction E0 -> durations [24, 22, 22, 22] (total: 90s)
2026-09-23 22:34:21,995 - RLController - INFO -   Example: junction E1 -> durations [24, 22, 22, 22] (total: 90s)
2026-09-23 22:34:21,996 - RLController - INFO -   Stored schedules for 34 junctions, cycle starts at step 2610
2026-09-23 22:34:25,694 - RLController - INFO - DIAGNOSTIC Step 2700 - Observation stats:
2026-09-23 22:34:25,695 - RLController - INFO -   Hash: 593893544406321214, Min: 0.000000, Max: 1.000000, Mean: 0.419550, Std: 0.452249
2026-09-23 22:34:25,695 - RLController - INFO -   First 10: [1.  0.  0.  0.  0.  0.5 1.  0.  0.  0. ]
2026-09-23 22:34:25,696 - RLController - INFO -   Last 10: [0.         0.2        0.         0.08333334 0.4679487  0.00314498
 0.07162393 0.550842   0.         0.3       ]
2026-09-23 22:34:25,700 - RLController - INFO - DIAGNOSTIC - Raw model action output:
2026-09-23 22:34:25,700 - RLController - INFO -   Action hash: -5071214660947384563
2026-09-23 22:34:25,700 - RLController - INFO -   First 8 values: [ -7.2459455 -10.        -10.        -10.        -10.        -10.
 -10.        -10.       ]
2026-09-23 22:34:25,701 - RLController - INFO -   Last 8 values: [-10.       -10.       -10.       -10.       -10.        -2.266469
 -10.       -10.      ]
2026-09-23 22:34:25,701 - RLController - INFO -   Action shape: (136,), min: -10.000000, max: 5.173131, mean: -9.213688
2026-09-23 22:34:25,701 - RLController - INFO -   B0 junction (indices 16-19) raw values: [ -9.473123 -10.       -10.       -10.      ]
2026-09-23 22:34:25,702 - RLController - INFO - Using CONTINUOUS DURATION-BASED mode
2026-09-23 22:34:25,702 - RLController - INFO -   Example: junction A0 -> durations [51, 13, 13, 13] (total: 90s)
2026-09-23 22:34:25,702 - RLController - INFO -   Example: junction A1 -> durations [24, 22, 22, 22] (total: 90s)
2026-09-23 22:34:25,702 - RLController - INFO -   Example: junction A2 -> durations [11, 11, 57, 11] (total: 90s)
2026-09-23 22:34:25,702 - RLController - INFO -   Example: junction A4 -> durations [60, 10, 10, 10] (total: 90s)
2026-09-23 22:34:25,702 - RLController - INFO -   Example: junction A5 -> durations [27, 21, 21, 21] (total: 90s)
2026-09-23 22:34:25,703 - RLController - INFO -   Example: junction B0 -> durations [24, 22, 22, 22] (total: 90s)
2026-09-23 22:34:25,703 - RLController - INFO -   Example: junction B1 -> durations [21, 27, 21, 21] (total: 90s)
2026-09-23 22:34:25,703 - RLController - INFO -   Example: junction B2 -> durations [24, 22, 22, 22] (total: 90s)
2026-09-23 22:34:25,703 - RLController - INFO -   Example: junction B4 -> durations [24, 22, 22, 22] (total: 90s)
2026-09-23 22:34:25,703 - RLController - INFO -   Example: junction B5 -> durations [60, 10, 10, 10] (total: 90s)
2026-09-23 22:34:25,703 - RLController - INFO -   Example: junction C0 -> durations [22, 22, 24, 22] (total: 90s)
2026-09-23 22:34:25,703 - RLController - INFO -   Example: junction C1 -> durations [24, 22, 22, 22] (total: 90s)
2026-09-23 22:34:25,704 - RLController - INFO -   Example: junction C2 -> durations [57, 13, 10, 10] (total: 90s)
2026-09-23 22:34:25,704 - RLController - INFO -   Example: junction C3 -> durations [60, 10, 10, 10] (total: 90s)
2026-09-23 22:34:25,704 - RLController - INFO -   Example: junction C4 -> durations [60, 10, 10, 10] (total: 90s)
2026-09-23 22:34:25,705 - RLController - INFO -   Example: junction C5 -> durations [57, 11, 11, 11] (total: 90s)
2026-09-23 22:34:25,705 - RLController - INFO -   Example: junction D0 -> durations [24, 22, 22, 22] (total: 90s)
2026-09-23 22:34:25,705 - RLController - INFO -   Example: junction D1 -> durations [19, 19, 33, 19] (total: 90s)
2026-09-23 22:34:25,705 - RLController - INFO -   Example: junction D2 -> durations [51, 13, 13, 13] (total: 90s)
2026-09-23 22:34:25,705 - RLController - INFO -   Example: junction D3 -> durations [24, 22, 22, 22] (total: 90s)
2026-09-23 22:34:25,706 - RLController - INFO -   Example: junction D4 -> durations [24, 22, 22, 22] (total: 90s)
2026-09-23 22:34:25,706 - RLController - INFO -   Example: junction D5 -> durations [13, 13, 51, 13] (total: 90s)
2026-09-23 22:34:25,706 - RLController - INFO -   Example: junction E0 -> durations [24, 22, 22, 22] (total: 90s)
2026-09-23 22:34:25,706 - RLController - INFO -   Example: junction E1 -> durations [24, 22, 22, 22] (total: 90s)
2026-09-23 22:34:25,707 - RLController - INFO -   Stored schedules for 34 junctions, cycle starts at step 2700
2026-09-23 22:34:29,590 - RLController - INFO - DIAGNOSTIC Step 2790 - Observation stats:
2026-09-23 22:34:29,590 - RLController - INFO -   Hash: 6355821560747105087, Min: 0.000000, Max: 1.000000, Mean: 0.423801, Std: 0.452606
2026-09-23 22:34:29,590 - RLController - INFO -   First 10: [1.         0.         0.         0.         0.         0.5
 0.         1.         0.99333334 1.        ]
2026-09-23 22:34:29,590 - RLController - INFO -   Last 10: [0.         0.2        0.         0.08333334 0.47008547 0.00308472
 0.07286325 0.5473905  0.         0.3       ]
2026-09-23 22:34:29,594 - RLController - INFO - DIAGNOSTIC - Raw model action output:
2026-09-23 22:34:29,594 - RLController - INFO -   Action hash: -5789924859249431354
2026-09-23 22:34:29,594 - RLController - INFO -   First 8 values: [ -7.3215203 -10.        -10.        -10.        -10.        -10.
 -10.        -10.       ]
2026-09-23 22:34:29,595 - RLController - INFO -   Last 8 values: [-10.        -10.        -10.        -10.        -10.         -1.9575775
 -10.        -10.       ]
2026-09-23 22:34:29,595 - RLController - INFO -   Action shape: (136,), min: -10.000000, max: 5.166160, mean: -9.260325
2026-09-23 22:34:29,595 - RLController - INFO -   B0 junction (indices 16-19) raw values: [ -9.603873 -10.       -10.       -10.      ]
2026-09-23 22:34:29,595 - RLController - INFO - Using CONTINUOUS DURATION-BASED mode
2026-09-23 22:34:29,595 - RLController - INFO -   Example: junction A0 -> durations [51, 13, 13, 13] (total: 90s)
2026-09-23 22:34:29,595 - RLController - INFO -   Example: junction A1 -> durations [24, 22, 22, 22] (total: 90s)
2026-09-23 22:34:29,595 - RLController - INFO -   Example: junction A2 -> durations [11, 11, 57, 11] (total: 90s)
2026-09-23 22:34:29,595 - RLController - INFO -   Example: junction A4 -> durations [60, 10, 10, 10] (total: 90s)
2026-09-23 22:34:29,595 - RLController - INFO -   Example: junction A5 -> durations [27, 21, 21, 21] (total: 90s)
2026-09-23 22:34:29,596 - RLController - INFO -   Example: junction B0 -> durations [24, 22, 22, 22] (total: 90s)
2026-09-23 22:34:29,596 - RLController - INFO -   Example: junction B1 -> durations [24, 22, 22, 22] (total: 90s)
2026-09-23 22:34:29,596 - RLController - INFO -   Example: junction B2 -> durations [24, 22, 22, 22] (total: 90s)
2026-09-23 22:34:29,596 - RLController - INFO -   Example: junction B4 -> durations [24, 22, 22, 22] (total: 90s)
2026-09-23 22:34:29,596 - RLController - INFO -   Example: junction B5 -> durations [60, 10, 10, 10] (total: 90s)
2026-09-23 22:34:29,596 - RLController - INFO -   Example: junction C0 -> durations [24, 22, 22, 22] (total: 90s)
2026-09-23 22:34:29,596 - RLController - INFO -   Example: junction C1 -> durations [24, 22, 22, 22] (total: 90s)
2026-09-23 22:34:29,596 - RLController - INFO -   Example: junction C2 -> durations [57, 13, 10, 10] (total: 90s)
2026-09-23 22:34:29,596 - RLController - INFO -   Example: junction C3 -> durations [60, 10, 10, 10] (total: 90s)
2026-09-23 22:34:29,597 - RLController - INFO -   Example: junction C4 -> durations [60, 10, 10, 10] (total: 90s)
2026-09-23 22:34:29,597 - RLController - INFO -   Example: junction C5 -> durations [57, 11, 11, 11] (total: 90s)
2026-09-23 22:34:29,597 - RLController - INFO -   Example: junction D0 -> durations [24, 22, 22, 22] (total: 90s)
2026-09-23 22:34:29,597 - RLController - INFO -   Example: junction D1 -> durations [21, 21, 27, 21] (total: 90s)
2026-09-23 22:34:29,597 - RLController - INFO -   Example: junction D2 -> durations [48, 14, 14, 14] (total: 90s)
2026-09-23 22:34:29,597 - RLController - INFO -   Example: junction D3 -> durations [24, 22, 22, 22] (total: 90s)
2026-09-23 22:34:29,597 - RLController - INFO -   Example: junction D4 -> durations [24, 22, 22, 22] (total: 90s)
2026-09-23 22:34:29,597 - RLController - INFO -   Example: junction D5 -> durations [13, 13, 51, 13] (total: 90s)
2026-09-23 22:34:29,597 - RLController - INFO -   Example: junction E0 -> durations [24, 22, 22, 22] (total: 90s)
2026-09-23 22:34:29,598 - RLController - INFO -   Example: junction E1 -> durations [24, 22, 22, 22] (total: 90s)
2026-09-23 22:34:29,598 - RLController - INFO -   Stored schedules for 34 junctions, cycle starts at step 2790
2026-09-23 22:34:33,440 - RLController - INFO - DIAGNOSTIC Step 2880 - Observation stats:
2026-09-23 22:34:33,441 - RLController - INFO -   Hash: 5903349309901766735, Min: 0.000000, Max: 1.000000, Mean: 0.423822, Std: 0.453381
2026-09-23 22:34:33,442 - RLController - INFO -   First 10: [1.         0.         0.         0.         0.         0.5
 0.         1.         0.99333334 1.        ]
2026-09-23 22:34:33,442 - RLController - INFO -   Last 10: [0.         0.2        0.         0.08333334 0.47435898 0.00381369
 0.07534188 0.5483469  0.         0.3       ]
2026-09-23 22:34:33,446 - RLController - INFO - DIAGNOSTIC - Raw model action output:
2026-09-23 22:34:33,446 - RLController - INFO -   Action hash: 5262233042657560258
2026-09-23 22:34:33,447 - RLController - INFO -   First 8 values: [ -7.3679976 -10.        -10.        -10.        -10.        -10.
 -10.        -10.       ]
2026-09-23 22:34:33,447 - RLController - INFO -   Last 8 values: [-10.        -10.        -10.        -10.        -10.         -2.2161748
 -10.        -10.       ]
2026-09-23 22:34:33,447 - RLController - INFO -   Action shape: (136,), min: -10.000000, max: 4.475324, mean: -9.292273
2026-09-23 22:34:33,447 - RLController - INFO -   B0 junction (indices 16-19) raw values: [ -9.860861 -10.       -10.       -10.      ]
2026-09-23 22:34:33,447 - RLController - INFO - Using CONTINUOUS DURATION-BASED mode
2026-09-23 22:34:33,447 - RLController - INFO -   Example: junction A0 -> durations [51, 13, 13, 13] (total: 90s)
2026-09-23 22:34:33,448 - RLController - INFO -   Example: junction A1 -> durations [24, 22, 22, 22] (total: 90s)
2026-09-23 22:34:33,448 - RLController - INFO -   Example: junction A2 -> durations [11, 11, 57, 11] (total: 90s)
2026-09-23 22:34:33,448 - RLController - INFO -   Example: junction A4 -> durations [60, 10, 10, 10] (total: 90s)
2026-09-23 22:34:33,448 - RLController - INFO -   Example: junction A5 -> durations [24, 22, 22, 22] (total: 90s)
2026-09-23 22:34:33,448 - RLController - INFO -   Example: junction B0 -> durations [24, 22, 22, 22] (total: 90s)
2026-09-23 22:34:33,448 - RLController - INFO -   Example: junction B1 -> durations [24, 22, 22, 22] (total: 90s)
2026-09-23 22:34:33,448 - RLController - INFO -   Example: junction B2 -> durations [24, 22, 22, 22] (total: 90s)
2026-09-23 22:34:33,448 - RLController - INFO -   Example: junction B4 -> durations [24, 22, 22, 22] (total: 90s)
2026-09-23 22:34:33,449 - RLController - INFO -   Example: junction B5 -> durations [60, 10, 10, 10] (total: 90s)
2026-09-23 22:34:33,449 - RLController - INFO -   Example: junction C0 -> durations [22, 22, 24, 22] (total: 90s)
2026-09-23 22:34:33,449 - RLController - INFO -   Example: junction C1 -> durations [24, 22, 22, 22] (total: 90s)
2026-09-23 22:34:33,449 - RLController - INFO -   Example: junction C2 -> durations [57, 13, 10, 10] (total: 90s)
2026-09-23 22:34:33,449 - RLController - INFO -   Example: junction C3 -> durations [60, 10, 10, 10] (total: 90s)
2026-09-23 22:34:33,449 - RLController - INFO -   Example: junction C4 -> durations [57, 11, 11, 11] (total: 90s)
2026-09-23 22:34:33,449 - RLController - INFO -   Example: junction C5 -> durations [57, 11, 11, 11] (total: 90s)
2026-09-23 22:34:33,450 - RLController - INFO -   Example: junction D0 -> durations [24, 22, 22, 22] (total: 90s)
2026-09-23 22:34:33,450 - RLController - INFO -   Example: junction D1 -> durations [21, 21, 27, 21] (total: 90s)
2026-09-23 22:34:33,450 - RLController - INFO -   Example: junction D2 -> durations [45, 15, 15, 15] (total: 90s)
2026-09-23 22:34:33,450 - RLController - INFO -   Example: junction D3 -> durations [24, 22, 22, 22] (total: 90s)
2026-09-23 22:34:33,450 - RLController - INFO -   Example: junction D4 -> durations [24, 22, 22, 22] (total: 90s)
2026-09-23 22:34:33,450 - RLController - INFO -   Example: junction D5 -> durations [13, 13, 51, 13] (total: 90s)
2026-09-23 22:34:33,450 - RLController - INFO -   Example: junction E0 -> durations [24, 22, 22, 22] (total: 90s)
2026-09-23 22:34:33,450 - RLController - INFO -   Example: junction E1 -> durations [24, 22, 22, 22] (total: 90s)
2026-09-23 22:34:33,451 - RLController - INFO -   Stored schedules for 34 junctions, cycle starts at step 2880
2026-09-23 22:34:37,010 - RLController - INFO - DIAGNOSTIC Step 2970 - Observation stats:
2026-09-23 22:34:37,010 - RLController - INFO -   Hash: -7237629702100522660, Min: 0.000000, Max: 1.000000, Mean: 0.421017, Std: 0.453404
2026-09-23 22:34:37,010 - RLController - INFO -   First 10: [1.         0.         0.         0.         0.         0.5
 0.         1.         0.99333334 1.        ]
2026-09-23 22:34:37,010 - RLController - INFO -   Last 10: [0.         0.2        0.         0.08333334 0.4551282  0.00326624
 0.07457265 0.56344503 0.         0.3       ]
2026-09-23 22:34:37,014 - RLController - INFO - DIAGNOSTIC - Raw model action output:
2026-09-23 22:34:37,015 - RLController - INFO -   Action hash: 7274971935705676576
2026-09-23 22:34:37,015 - RLController - INFO -   First 8 values: [ -7.2596927 -10.        -10.        -10.        -10.        -10.
 -10.        -10.       ]
2026-09-23 22:34:37,015 - RLController - INFO -   Last 8 values: [-10.        -10.        -10.        -10.        -10.         -2.4936597
 -10.        -10.       ]
2026-09-23 22:34:37,015 - RLController - INFO -   Action shape: (136,), min: -10.000000, max: 5.354082, mean: -9.259651
2026-09-23 22:34:37,015 - RLController - INFO -   B0 junction (indices 16-19) raw values: [ -9.907268 -10.       -10.       -10.      ]
2026-09-23 22:34:37,015 - RLController - INFO - Using CONTINUOUS DURATION-BASED mode
2026-09-23 22:34:37,016 - RLController - INFO -   Example: junction A0 -> durations [51, 13, 13, 13] (total: 90s)
2026-09-23 22:34:37,016 - RLController - INFO -   Example: junction A1 -> durations [24, 22, 22, 22] (total: 90s)
2026-09-23 22:34:37,016 - RLController - INFO -   Example: junction A2 -> durations [11, 11, 57, 11] (total: 90s)
2026-09-23 22:34:37,016 - RLController - INFO -   Example: junction A4 -> durations [60, 10, 10, 10] (total: 90s)
2026-09-23 22:34:37,016 - RLController - INFO -   Example: junction A5 -> durations [24, 22, 22, 22] (total: 90s)
2026-09-23 22:34:37,016 - RLController - INFO -   Example: junction B0 -> durations [24, 22, 22, 22] (total: 90s)
2026-09-23 22:34:37,016 - RLController - INFO -   Example: junction B1 -> durations [24, 22, 22, 22] (total: 90s)
2026-09-23 22:34:37,017 - RLController - INFO -   Example: junction B2 -> durations [24, 22, 22, 22] (total: 90s)
2026-09-23 22:34:37,017 - RLController - INFO -   Example: junction B4 -> durations [24, 22, 22, 22] (total: 90s)
2026-09-23 22:34:37,017 - RLController - INFO -   Example: junction B5 -> durations [60, 10, 10, 10] (total: 90s)
2026-09-23 22:34:37,017 - RLController - INFO -   Example: junction C0 -> durations [21, 21, 27, 21] (total: 90s)
2026-09-23 22:34:37,017 - RLController - INFO -   Example: junction C1 -> durations [24, 22, 22, 22] (total: 90s)
2026-09-23 22:34:37,017 - RLController - INFO -   Example: junction C2 -> durations [58, 12, 10, 10] (total: 90s)
2026-09-23 22:34:37,017 - RLController - INFO -   Example: junction C3 -> durations [60, 10, 10, 10] (total: 90s)
2026-09-23 22:34:37,018 - RLController - INFO -   Example: junction C4 -> durations [60, 10, 10, 10] (total: 90s)
2026-09-23 22:34:37,018 - RLController - INFO -   Example: junction C5 -> durations [57, 11, 11, 11] (total: 90s)
2026-09-23 22:34:37,018 - RLController - INFO -   Example: junction D0 -> durations [24, 22, 22, 22] (total: 90s)
2026-09-23 22:34:37,018 - RLController - INFO -   Example: junction D1 -> durations [20, 20, 30, 20] (total: 90s)
2026-09-23 22:34:37,018 - RLController - INFO -   Example: junction D2 -> durations [48, 14, 14, 14] (total: 90s)
2026-09-23 22:34:37,018 - RLController - INFO -   Example: junction D3 -> durations [24, 22, 22, 22] (total: 90s)
2026-09-23 22:34:37,018 - RLController - INFO -   Example: junction D4 -> durations [24, 22, 22, 22] (total: 90s)
2026-09-23 22:34:37,018 - RLController - INFO -   Example: junction D5 -> durations [13, 13, 51, 13] (total: 90s)
2026-09-23 22:34:37,018 - RLController - INFO -   Example: junction E0 -> durations [24, 22, 22, 22] (total: 90s)
2026-09-23 22:34:37,019 - RLController - INFO -   Example: junction E1 -> durations [24, 22, 22, 22] (total: 90s)
2026-09-23 22:34:37,019 - RLController - INFO -   Stored schedules for 34 junctions, cycle starts at step 2970
2026-09-23 22:34:40,857 - RLController - INFO - DIAGNOSTIC Step 3060 - Observation stats:
2026-09-23 22:34:40,858 - RLController - INFO -   Hash: 2316517241805971367, Min: 0.000000, Max: 1.000000, Mean: 0.425225, Std: 0.455022
2026-09-23 22:34:40,858 - RLController - INFO -   First 10: [1.         0.         0.         0.         0.         0.5
 0.         1.         0.99333334 1.        ]
2026-09-23 22:34:40,858 - RLController - INFO -   Last 10: [0.         0.2        0.         0.08333334 0.4636752  0.00371835
 0.07564103 0.5577835  0.         0.3       ]
2026-09-23 22:34:40,862 - RLController - INFO - DIAGNOSTIC - Raw model action output:
2026-09-23 22:34:40,862 - RLController - INFO -   Action hash: -954586532427866279
2026-09-23 22:34:40,862 - RLController - INFO -   First 8 values: [ -7.2881827 -10.        -10.        -10.        -10.        -10.
 -10.        -10.       ]
2026-09-23 22:34:40,863 - RLController - INFO -   Last 8 values: [-10.       -10.       -10.       -10.       -10.        -2.278625
 -10.       -10.      ]
2026-09-23 22:34:40,863 - RLController - INFO -   Action shape: (136,), min: -10.000000, max: 5.528602, mean: -9.244698
2026-09-23 22:34:40,863 - RLController - INFO -   B0 junction (indices 16-19) raw values: [-10. -10. -10. -10.]
2026-09-23 22:34:40,863 - RLController - INFO - Using CONTINUOUS DURATION-BASED mode
2026-09-23 22:34:40,863 - RLController - INFO -   Example: junction A0 -> durations [51, 13, 13, 13] (total: 90s)
2026-09-23 22:34:40,863 - RLController - INFO -   Example: junction A1 -> durations [24, 22, 22, 22] (total: 90s)
2026-09-23 22:34:40,864 - RLController - INFO -   Example: junction A2 -> durations [12, 12, 54, 12] (total: 90s)
2026-09-23 22:34:40,864 - RLController - INFO -   Example: junction A4 -> durations [60, 10, 10, 10] (total: 90s)
2026-09-23 22:34:40,864 - RLController - INFO -   Example: junction A5 -> durations [24, 22, 22, 22] (total: 90s)
2026-09-23 22:34:40,864 - RLController - INFO -   Example: junction B0 -> durations [24, 22, 22, 22] (total: 90s)
2026-09-23 22:34:40,865 - RLController - INFO -   Example: junction B1 -> durations [24, 22, 22, 22] (total: 90s)
2026-09-23 22:34:40,865 - RLController - INFO -   Example: junction B2 -> durations [24, 22, 22, 22] (total: 90s)
2026-09-23 22:34:40,865 - RLController - INFO -   Example: junction B4 -> durations [24, 22, 22, 22] (total: 90s)
2026-09-23 22:34:40,865 - RLController - INFO -   Example: junction B5 -> durations [60, 10, 10, 10] (total: 90s)
2026-09-23 22:34:40,865 - RLController - INFO -   Example: junction C0 -> durations [21, 21, 27, 21] (total: 90s)
2026-09-23 22:34:40,865 - RLController - INFO -   Example: junction C1 -> durations [24, 22, 22, 22] (total: 90s)
2026-09-23 22:34:40,865 - RLController - INFO -   Example: junction C2 -> durations [56, 14, 10, 10] (total: 90s)
2026-09-23 22:34:40,865 - RLController - INFO -   Example: junction C3 -> durations [60, 10, 10, 10] (total: 90s)
2026-09-23 22:34:40,866 - RLController - INFO -   Example: junction C4 -> durations [57, 11, 11, 11] (total: 90s)
2026-09-23 22:34:40,866 - RLController - INFO -   Example: junction C5 -> durations [57, 11, 11, 11] (total: 90s)
2026-09-23 22:34:40,866 - RLController - INFO -   Example: junction D0 -> durations [24, 22, 22, 22] (total: 90s)
2026-09-23 22:34:40,866 - RLController - INFO -   Example: junction D1 -> durations [20, 20, 30, 20] (total: 90s)
2026-09-23 22:34:40,866 - RLController - INFO -   Example: junction D2 -> durations [51, 13, 13, 13] (total: 90s)
2026-09-23 22:34:40,866 - RLController - INFO -   Example: junction D3 -> durations [24, 22, 22, 22] (total: 90s)
2026-09-23 22:34:40,866 - RLController - INFO -   Example: junction D4 -> durations [24, 22, 22, 22] (total: 90s)
2026-09-23 22:34:40,866 - RLController - INFO -   Example: junction D5 -> durations [13, 13, 51, 13] (total: 90s)
2026-09-23 22:34:40,867 - RLController - INFO -   Example: junction E0 -> durations [24, 22, 22, 22] (total: 90s)
2026-09-23 22:34:40,867 - RLController - INFO -   Example: junction E1 -> durations [24, 22, 22, 22] (total: 90s)
2026-09-23 22:34:40,867 - RLController - INFO -   Stored schedules for 34 junctions, cycle starts at step 3060
2026-09-23 22:34:44,569 - RLController - INFO - DIAGNOSTIC Step 3150 - Observation stats:
2026-09-23 22:34:44,569 - RLController - INFO -   Hash: 7175395331010377763, Min: 0.000000, Max: 1.000000, Mean: 0.427621, Std: 0.456289
2026-09-23 22:34:44,570 - RLController - INFO -   First 10: [1.         0.         0.         0.         0.         0.5
 0.         1.         0.99333334 1.        ]
2026-09-23 22:34:44,570 - RLController - INFO -   Last 10: [0.         0.2        0.         0.08333334 0.47435898 0.00291454
 0.07397436 0.5406372  0.         0.3       ]
2026-09-23 22:34:44,574 - RLController - INFO - DIAGNOSTIC - Raw model action output:
2026-09-23 22:34:44,574 - RLController - INFO -   Action hash: -2504434209334069417
2026-09-23 22:34:44,575 - RLController - INFO -   First 8 values: [ -7.032468 -10.       -10.       -10.       -10.       -10.
 -10.       -10.      ]
2026-09-23 22:34:44,575 - RLController - INFO -   Last 8 values: [-10.       -10.       -10.       -10.       -10.        -0.765125
 -10.       -10.      ]
2026-09-23 22:34:44,575 - RLController - INFO -   Action shape: (136,), min: -10.000000, max: 5.443279, mean: -9.230694
2026-09-23 22:34:44,576 - RLController - INFO -   B0 junction (indices 16-19) raw values: [ -9.738785 -10.       -10.       -10.      ]
2026-09-23 22:34:44,576 - RLController - INFO - Using CONTINUOUS DURATION-BASED mode
2026-09-23 22:34:44,576 - RLController - INFO -   Example: junction A0 -> durations [54, 12, 12, 12] (total: 90s)
2026-09-23 22:34:44,576 - RLController - INFO -   Example: junction A1 -> durations [24, 22, 22, 22] (total: 90s)
2026-09-23 22:34:44,577 - RLController - INFO -   Example: junction A2 -> durations [11, 11, 57, 11] (total: 90s)
2026-09-23 22:34:44,577 - RLController - INFO -   Example: junction A4 -> durations [60, 10, 10, 10] (total: 90s)
2026-09-23 22:34:44,577 - RLController - INFO -   Example: junction A5 -> durations [24, 22, 22, 22] (total: 90s)
2026-09-23 22:34:44,577 - RLController - INFO -   Example: junction B0 -> durations [24, 22, 22, 22] (total: 90s)
2026-09-23 22:34:44,577 - RLController - INFO -   Example: junction B1 -> durations [24, 22, 22, 22] (total: 90s)
2026-09-23 22:34:44,577 - RLController - INFO -   Example: junction B2 -> durations [24, 22, 22, 22] (total: 90s)
2026-09-23 22:34:44,577 - RLController - INFO -   Example: junction B4 -> durations [24, 22, 22, 22] (total: 90s)
2026-09-23 22:34:44,577 - RLController - INFO -   Example: junction B5 -> durations [60, 10, 10, 10] (total: 90s)
2026-09-23 22:34:44,578 - RLController - INFO -   Example: junction C0 -> durations [21, 21, 27, 21] (total: 90s)
2026-09-23 22:34:44,578 - RLController - INFO -   Example: junction C1 -> durations [24, 22, 22, 22] (total: 90s)
2026-09-23 22:34:44,578 - RLController - INFO -   Example: junction C2 -> durations [56, 14, 10, 10] (total: 90s)
2026-09-23 22:34:44,578 - RLController - INFO -   Example: junction C3 -> durations [60, 10, 10, 10] (total: 90s)
2026-09-23 22:34:44,578 - RLController - INFO -   Example: junction C4 -> durations [60, 10, 10, 10] (total: 90s)
2026-09-23 22:34:44,578 - RLController - INFO -   Example: junction C5 -> durations [57, 11, 11, 11] (total: 90s)
2026-09-23 22:34:44,579 - RLController - INFO -   Example: junction D0 -> durations [24, 22, 22, 22] (total: 90s)
2026-09-23 22:34:44,579 - RLController - INFO -   Example: junction D1 -> durations [20, 20, 30, 20] (total: 90s)
2026-09-23 22:34:44,579 - RLController - INFO -   Example: junction D2 -> durations [51, 13, 13, 13] (total: 90s)
2026-09-23 22:34:44,579 - RLController - INFO -   Example: junction D3 -> durations [24, 22, 22, 22] (total: 90s)
2026-09-23 22:34:44,579 - RLController - INFO -   Example: junction D4 -> durations [24, 22, 22, 22] (total: 90s)
2026-09-23 22:34:44,579 - RLController - INFO -   Example: junction D5 -> durations [12, 12, 54, 12] (total: 90s)
2026-09-23 22:34:44,579 - RLController - INFO -   Example: junction E0 -> durations [24, 22, 22, 22] (total: 90s)
2026-09-23 22:34:44,579 - RLController - INFO -   Example: junction E1 -> durations [24, 22, 22, 22] (total: 90s)
2026-09-23 22:34:44,580 - RLController - INFO -   Stored schedules for 34 junctions, cycle starts at step 3150
2026-09-23 22:34:48,446 - RLController - INFO - DIAGNOSTIC Step 3240 - Observation stats:
2026-09-23 22:34:48,447 - RLController - INFO -   Hash: 333193758596136792, Min: 0.000000, Max: 1.000000, Mean: 0.428046, Std: 0.456836
2026-09-23 22:34:48,447 - RLController - INFO -   First 10: [1.         0.         0.         0.         0.         0.5
 0.         1.         0.99333334 1.        ]
2026-09-23 22:34:48,448 - RLController - INFO -   Last 10: [0.         0.2        0.         0.08333334 0.4679487  0.00291088
 0.07594017 0.5490577  0.         0.3       ]
2026-09-23 22:34:48,452 - RLController - INFO - DIAGNOSTIC - Raw model action output:
2026-09-23 22:34:48,452 - RLController - INFO -   Action hash: 4346473957209795573
2026-09-23 22:34:48,452 - RLController - INFO -   First 8 values: [ -7.0708146 -10.        -10.        -10.        -10.        -10.
 -10.        -10.       ]
2026-09-23 22:34:48,453 - RLController - INFO -   Last 8 values: [-10.        -10.        -10.        -10.        -10.         -3.0185928
 -10.        -10.       ]
2026-09-23 22:34:48,453 - RLController - INFO -   Action shape: (136,), min: -10.000000, max: 4.942094, mean: -9.236026
2026-09-23 22:34:48,453 - RLController - INFO -   B0 junction (indices 16-19) raw values: [ -9.890733 -10.       -10.       -10.      ]
2026-09-23 22:34:48,453 - RLController - INFO - Using CONTINUOUS DURATION-BASED mode
2026-09-23 22:34:48,453 - RLController - INFO -   Example: junction A0 -> durations [54, 12, 12, 12] (total: 90s)
2026-09-23 22:34:48,453 - RLController - INFO -   Example: junction A1 -> durations [24, 22, 22, 22] (total: 90s)
2026-09-23 22:34:48,453 - RLController - INFO -   Example: junction A2 -> durations [12, 12, 54, 12] (total: 90s)
2026-09-23 22:34:48,454 - RLController - INFO -   Example: junction A4 -> durations [60, 10, 10, 10] (total: 90s)
2026-09-23 22:34:48,454 - RLController - INFO -   Example: junction A5 -> durations [24, 22, 22, 22] (total: 90s)
2026-09-23 22:34:48,454 - RLController - INFO -   Example: junction B0 -> durations [24, 22, 22, 22] (total: 90s)
2026-09-23 22:34:48,454 - RLController - INFO -   Example: junction B1 -> durations [22, 24, 22, 22] (total: 90s)
2026-09-23 22:34:48,454 - RLController - INFO -   Example: junction B2 -> durations [24, 22, 22, 22] (total: 90s)
2026-09-23 22:34:48,454 - RLController - INFO -   Example: junction B4 -> durations [24, 22, 22, 22] (total: 90s)
2026-09-23 22:34:48,454 - RLController - INFO -   Example: junction B5 -> durations [60, 10, 10, 10] (total: 90s)
2026-09-23 22:34:48,455 - RLController - INFO -   Example: junction C0 -> durations [19, 19, 33, 19] (total: 90s)
2026-09-23 22:34:48,455 - RLController - INFO -   Example: junction C1 -> durations [24, 22, 22, 22] (total: 90s)
2026-09-23 22:34:48,455 - RLController - INFO -   Example: junction C2 -> durations [55, 15, 10, 10] (total: 90s)
2026-09-23 22:34:48,455 - RLController - INFO -   Example: junction C3 -> durations [60, 10, 10, 10] (total: 90s)
2026-09-23 22:34:48,455 - RLController - INFO -   Example: junction C4 -> durations [57, 11, 11, 11] (total: 90s)
2026-09-23 22:34:48,455 - RLController - INFO -   Example: junction C5 -> durations [57, 11, 11, 11] (total: 90s)
2026-09-23 22:34:48,455 - RLController - INFO -   Example: junction D0 -> durations [24, 22, 22, 22] (total: 90s)
2026-09-23 22:34:48,456 - RLController - INFO -   Example: junction D1 -> durations [19, 19, 33, 19] (total: 90s)
2026-09-23 22:34:48,456 - RLController - INFO -   Example: junction D2 -> durations [51, 13, 13, 13] (total: 90s)
2026-09-23 22:34:48,456 - RLController - INFO -   Example: junction D3 -> durations [24, 22, 22, 22] (total: 90s)
2026-09-23 22:34:48,456 - RLController - INFO -   Example: junction D4 -> durations [24, 22, 22, 22] (total: 90s)
2026-09-23 22:34:48,456 - RLController - INFO -   Example: junction D5 -> durations [12, 12, 54, 12] (total: 90s)
2026-09-23 22:34:48,456 - RLController - INFO -   Example: junction E0 -> durations [24, 22, 22, 22] (total: 90s)
2026-09-23 22:34:48,456 - RLController - INFO -   Example: junction E1 -> durations [24, 22, 22, 22] (total: 90s)
2026-09-23 22:34:48,457 - RLController - INFO -   Stored schedules for 34 junctions, cycle starts at step 3240
2026-09-23 22:34:52,306 - RLController - INFO - DIAGNOSTIC Step 3330 - Observation stats:
2026-09-23 22:34:52,306 - RLController - INFO -   Hash: -2098613170614011001, Min: 0.000000, Max: 1.000000, Mean: 0.431767, Std: 0.456160
2026-09-23 22:34:52,307 - RLController - INFO -   First 10: [1.         0.         0.         0.         0.         0.5
 0.         1.         0.99333334 1.        ]
2026-09-23 22:34:52,307 - RLController - INFO -   Last 10: [0.         0.2        0.         0.08333334 0.48076922 0.00332369
 0.07636752 0.54025155 0.         0.3       ]
2026-09-23 22:34:52,312 - RLController - INFO - DIAGNOSTIC - Raw model action output:
2026-09-23 22:34:52,312 - RLController - INFO -   Action hash: -7690664762200042428
2026-09-23 22:34:52,312 - RLController - INFO -   First 8 values: [ -6.9235597 -10.        -10.        -10.        -10.        -10.
 -10.        -10.       ]
2026-09-23 22:34:52,313 - RLController - INFO -   Last 8 values: [-10.        -10.        -10.        -10.        -10.         -2.6370509
 -10.        -10.       ]
2026-09-23 22:34:52,313 - RLController - INFO -   Action shape: (136,), min: -10.000000, max: 5.163981, mean: -9.234289
2026-09-23 22:34:52,313 - RLController - INFO -   B0 junction (indices 16-19) raw values: [ -9.589191 -10.       -10.       -10.      ]
2026-09-23 22:34:52,313 - RLController - INFO - Using CONTINUOUS DURATION-BASED mode
2026-09-23 22:34:52,313 - RLController - INFO -   Example: junction A0 -> durations [54, 12, 12, 12] (total: 90s)
2026-09-23 22:34:52,313 - RLController - INFO -   Example: junction A1 -> durations [24, 22, 22, 22] (total: 90s)
2026-09-23 22:34:52,313 - RLController - INFO -   Example: junction A2 -> durations [11, 11, 57, 11] (total: 90s)
2026-09-23 22:34:52,314 - RLController - INFO -   Example: junction A4 -> durations [60, 10, 10, 10] (total: 90s)
2026-09-23 22:34:52,314 - RLController - INFO -   Example: junction A5 -> durations [27, 21, 21, 21] (total: 90s)
2026-09-23 22:34:52,314 - RLController - INFO -   Example: junction B0 -> durations [24, 22, 22, 22] (total: 90s)
2026-09-23 22:34:52,314 - RLController - INFO -   Example: junction B1 -> durations [24, 22, 22, 22] (total: 90s)
2026-09-23 22:34:52,314 - RLController - INFO -   Example: junction B2 -> durations [24, 22, 22, 22] (total: 90s)
2026-09-23 22:34:52,314 - RLController - INFO -   Example: junction B4 -> durations [24, 22, 22, 22] (total: 90s)
2026-09-23 22:34:52,314 - RLController - INFO -   Example: junction B5 -> durations [60, 10, 10, 10] (total: 90s)
2026-09-23 22:34:52,315 - RLController - INFO -   Example: junction C0 -> durations [20, 20, 30, 20] (total: 90s)
2026-09-23 22:34:52,315 - RLController - INFO -   Example: junction C1 -> durations [24, 22, 22, 22] (total: 90s)
2026-09-23 22:34:52,315 - RLController - INFO -   Example: junction C2 -> durations [56, 14, 10, 10] (total: 90s)
2026-09-23 22:34:52,315 - RLController - INFO -   Example: junction C3 -> durations [60, 10, 10, 10] (total: 90s)
2026-09-23 22:34:52,315 - RLController - INFO -   Example: junction C4 -> durations [60, 10, 10, 10] (total: 90s)
2026-09-23 22:34:52,315 - RLController - INFO -   Example: junction C5 -> durations [57, 11, 11, 11] (total: 90s)
2026-09-23 22:34:52,315 - RLController - INFO -   Example: junction D0 -> durations [24, 22, 22, 22] (total: 90s)
2026-09-23 22:34:52,315 - RLController - INFO -   Example: junction D1 -> durations [19, 19, 33, 19] (total: 90s)
2026-09-23 22:34:52,316 - RLController - INFO -   Example: junction D2 -> durations [51, 13, 13, 13] (total: 90s)
2026-09-23 22:34:52,316 - RLController - INFO -   Example: junction D3 -> durations [24, 22, 22, 22] (total: 90s)
2026-09-23 22:34:52,316 - RLController - INFO -   Example: junction D4 -> durations [24, 22, 22, 22] (total: 90s)
2026-09-23 22:34:52,316 - RLController - INFO -   Example: junction D5 -> durations [12, 12, 54, 12] (total: 90s)
2026-09-23 22:34:52,316 - RLController - INFO -   Example: junction E0 -> durations [24, 22, 22, 22] (total: 90s)
2026-09-23 22:34:52,316 - RLController - INFO -   Example: junction E1 -> durations [24, 22, 22, 22] (total: 90s)
2026-09-23 22:34:52,317 - RLController - INFO -   Stored schedules for 34 junctions, cycle starts at step 3330
2026-09-23 22:34:56,751 - RLController - INFO - DIAGNOSTIC Step 3420 - Observation stats:
2026-09-23 22:34:56,752 - RLController - INFO -   Hash: -4938290887011456701, Min: 0.000000, Max: 1.000046, Mean: 0.428619, Std: 0.454570
2026-09-23 22:34:56,752 - RLController - INFO -   First 10: [1.         0.         0.         0.         0.         0.5
 0.         1.         0.99333334 1.        ]
2026-09-23 22:34:56,752 - RLController - INFO -   Last 10: [0.         0.2        0.         0.08333334 0.49786323 0.00371544
 0.07863248 0.52597684 0.         0.3       ]
2026-09-23 22:34:56,756 - RLController - INFO - DIAGNOSTIC - Raw model action output:
2026-09-23 22:34:56,756 - RLController - INFO -   Action hash: -1020927988166170005
2026-09-23 22:34:56,757 - RLController - INFO -   First 8 values: [ -7.118068 -10.       -10.       -10.       -10.       -10.
 -10.       -10.      ]
2026-09-23 22:34:56,757 - RLController - INFO -   Last 8 values: [-10.         -10.         -10.         -10.         -10.
  -0.05521436 -10.         -10.        ]
2026-09-23 22:34:56,757 - RLController - INFO -   Action shape: (136,), min: -10.000000, max: 5.390629, mean: -9.257106
2026-09-23 22:34:56,758 - RLController - INFO -   B0 junction (indices 16-19) raw values: [ -9.663308 -10.       -10.       -10.      ]
2026-09-23 22:34:56,758 - RLController - INFO - Using CONTINUOUS DURATION-BASED mode
2026-09-23 22:34:56,758 - RLController - INFO -   Example: junction A0 -> durations [54, 12, 12, 12] (total: 90s)
2026-09-23 22:34:56,759 - RLController - INFO -   Example: junction A1 -> durations [24, 22, 22, 22] (total: 90s)
2026-09-23 22:34:56,759 - RLController - INFO -   Example: junction A2 -> durations [11, 11, 57, 11] (total: 90s)
2026-09-23 22:34:56,759 - RLController - INFO -   Example: junction A4 -> durations [60, 10, 10, 10] (total: 90s)
2026-09-23 22:34:56,759 - RLController - INFO -   Example: junction A5 -> durations [27, 21, 21, 21] (total: 90s)
2026-09-23 22:34:56,759 - RLController - INFO -   Example: junction B0 -> durations [24, 22, 22, 22] (total: 90s)
2026-09-23 22:34:56,760 - RLController - INFO -   Example: junction B1 -> durations [24, 22, 22, 22] (total: 90s)
2026-09-23 22:34:56,760 - RLController - INFO -   Example: junction B2 -> durations [24, 22, 22, 22] (total: 90s)
2026-09-23 22:34:56,760 - RLController - INFO -   Example: junction B4 -> durations [24, 22, 22, 22] (total: 90s)
2026-09-23 22:34:56,760 - RLController - INFO -   Example: junction B5 -> durations [60, 10, 10, 10] (total: 90s)
2026-09-23 22:34:56,760 - RLController - INFO -   Example: junction C0 -> durations [22, 22, 24, 22] (total: 90s)
2026-09-23 22:34:56,761 - RLController - INFO -   Example: junction C1 -> durations [24, 22, 22, 22] (total: 90s)
2026-09-23 22:34:56,761 - RLController - INFO -   Example: junction C2 -> durations [58, 12, 10, 10] (total: 90s)
2026-09-23 22:34:56,761 - RLController - INFO -   Example: junction C3 -> durations [60, 10, 10, 10] (total: 90s)
2026-09-23 22:34:56,761 - RLController - INFO -   Example: junction C4 -> durations [60, 10, 10, 10] (total: 90s)
2026-09-23 22:34:56,761 - RLController - INFO -   Example: junction C5 -> durations [57, 11, 11, 11] (total: 90s)
2026-09-23 22:34:56,762 - RLController - INFO -   Example: junction D0 -> durations [24, 22, 22, 22] (total: 90s)
2026-09-23 22:34:56,762 - RLController - INFO -   Example: junction D1 -> durations [20, 20, 30, 20] (total: 90s)
2026-09-23 22:34:56,762 - RLController - INFO -   Example: junction D2 -> durations [48, 14, 14, 14] (total: 90s)
2026-09-23 22:34:56,762 - RLController - INFO -   Example: junction D3 -> durations [24, 22, 22, 22] (total: 90s)
2026-09-23 22:34:56,763 - RLController - INFO -   Example: junction D4 -> durations [24, 22, 22, 22] (total: 90s)
2026-09-23 22:34:56,763 - RLController - INFO -   Example: junction D5 -> durations [12, 12, 54, 12] (total: 90s)
2026-09-23 22:34:56,763 - RLController - INFO -   Example: junction E0 -> durations [24, 22, 22, 22] (total: 90s)
2026-09-23 22:34:56,763 - RLController - INFO -   Example: junction E1 -> durations [24, 22, 22, 22] (total: 90s)
2026-09-23 22:34:56,765 - RLController - INFO -   Stored schedules for 34 junctions, cycle starts at step 3420
2026-09-23 22:35:01,033 - RLController - INFO - DIAGNOSTIC Step 3510 - Observation stats:
2026-09-23 22:35:01,034 - RLController - INFO -   Hash: 1431978005557742679, Min: 0.000000, Max: 1.000000, Mean: 0.433461, Std: 0.456334
2026-09-23 22:35:01,035 - RLController - INFO -   First 10: [1.         0.         0.         0.         0.         0.5
 0.         1.         0.99333334 1.        ]
2026-09-23 22:35:01,035 - RLController - INFO -   Last 10: [0.         0.2        0.         0.08333334 0.50641024 0.00319941
 0.08038461 0.51126575 0.         0.3       ]
2026-09-23 22:35:01,040 - RLController - INFO - DIAGNOSTIC - Raw model action output:
2026-09-23 22:35:01,040 - RLController - INFO -   Action hash: -6995067007033328017
2026-09-23 22:35:01,040 - RLController - INFO -   First 8 values: [ -7.3263397 -10.        -10.        -10.        -10.        -10.
 -10.        -10.       ]
2026-09-23 22:35:01,040 - RLController - INFO -   Last 8 values: [-10.        -10.        -10.        -10.        -10.         -2.1757734
 -10.        -10.       ]
2026-09-23 22:35:01,041 - RLController - INFO -   Action shape: (136,), min: -10.000000, max: 5.370147, mean: -9.246128
2026-09-23 22:35:01,041 - RLController - INFO -   B0 junction (indices 16-19) raw values: [ -9.680729 -10.       -10.       -10.      ]
2026-09-23 22:35:01,041 - RLController - INFO - Using CONTINUOUS DURATION-BASED mode
2026-09-23 22:35:01,041 - RLController - INFO -   Example: junction A0 -> durations [51, 13, 13, 13] (total: 90s)
2026-09-23 22:35:01,041 - RLController - INFO -   Example: junction A1 -> durations [24, 22, 22, 22] (total: 90s)
2026-09-23 22:35:01,041 - RLController - INFO -   Example: junction A2 -> durations [11, 11, 57, 11] (total: 90s)
2026-09-23 22:35:01,042 - RLController - INFO -   Example: junction A4 -> durations [60, 10, 10, 10] (total: 90s)
2026-09-23 22:35:01,042 - RLController - INFO -   Example: junction A5 -> durations [27, 21, 21, 21] (total: 90s)
2026-09-23 22:35:01,042 - RLController - INFO -   Example: junction B0 -> durations [24, 22, 22, 22] (total: 90s)
2026-09-23 22:35:01,042 - RLController - INFO -   Example: junction B1 -> durations [24, 22, 22, 22] (total: 90s)
2026-09-23 22:35:01,042 - RLController - INFO -   Example: junction B2 -> durations [24, 22, 22, 22] (total: 90s)
2026-09-23 22:35:01,042 - RLController - INFO -   Example: junction B4 -> durations [24, 22, 22, 22] (total: 90s)
2026-09-23 22:35:01,042 - RLController - INFO -   Example: junction B5 -> durations [60, 10, 10, 10] (total: 90s)
2026-09-23 22:35:01,043 - RLController - INFO -   Example: junction C0 -> durations [22, 22, 24, 22] (total: 90s)
2026-09-23 22:35:01,043 - RLController - INFO -   Example: junction C1 -> durations [24, 22, 22, 22] (total: 90s)
2026-09-23 22:35:01,043 - RLController - INFO -   Example: junction C2 -> durations [58, 12, 10, 10] (total: 90s)
2026-09-23 22:35:01,043 - RLController - INFO -   Example: junction C3 -> durations [60, 10, 10, 10] (total: 90s)
2026-09-23 22:35:01,043 - RLController - INFO -   Example: junction C4 -> durations [60, 10, 10, 10] (total: 90s)
2026-09-23 22:35:01,043 - RLController - INFO -   Example: junction C5 -> durations [57, 11, 11, 11] (total: 90s)
2026-09-23 22:35:01,044 - RLController - INFO -   Example: junction D0 -> durations [24, 22, 22, 22] (total: 90s)
2026-09-23 22:35:01,044 - RLController - INFO -   Example: junction D1 -> durations [21, 21, 27, 21] (total: 90s)
2026-09-23 22:35:01,044 - RLController - INFO -   Example: junction D2 -> durations [51, 13, 13, 13] (total: 90s)
2026-09-23 22:35:01,044 - RLController - INFO -   Example: junction D3 -> durations [24, 22, 22, 22] (total: 90s)
2026-09-23 22:35:01,044 - RLController - INFO -   Example: junction D4 -> durations [24, 22, 22, 22] (total: 90s)
2026-09-23 22:35:01,044 - RLController - INFO -   Example: junction D5 -> durations [13, 13, 51, 13] (total: 90s)
2026-09-23 22:35:01,045 - RLController - INFO -   Example: junction E0 -> durations [24, 22, 22, 22] (total: 90s)
2026-09-23 22:35:01,045 - RLController - INFO -   Example: junction E1 -> durations [24, 22, 22, 22] (total: 90s)
2026-09-23 22:35:01,046 - RLController - INFO -   Stored schedules for 34 junctions, cycle starts at step 3510
2026-09-23 22:35:05,435 - RLController - INFO - DIAGNOSTIC Step 3600 - Observation stats:
2026-09-23 22:35:05,435 - RLController - INFO -   Hash: 5414906298004125055, Min: 0.000000, Max: 1.000000, Mean: 0.437728, Std: 0.456700
2026-09-23 22:35:05,435 - RLController - INFO -   First 10: [1.         0.         0.         0.         0.         0.5
 0.         1.         0.99333334 1.        ]
2026-09-23 22:35:05,436 - RLController - INFO -   Last 10: [0.         0.2        0.         0.08333334 0.49786323 0.00295771
 0.08047009 0.522324   0.         0.3       ]
2026-09-23 22:35:05,441 - RLController - INFO - DIAGNOSTIC - Raw model action output:
2026-09-23 22:35:05,441 - RLController - INFO -   Action hash: 5429752972391073404
2026-09-23 22:35:05,441 - RLController - INFO -   First 8 values: [ -7.7199273 -10.        -10.        -10.        -10.        -10.
 -10.        -10.       ]
2026-09-23 22:35:05,441 - RLController - INFO -   Last 8 values: [-10.        -10.        -10.        -10.        -10.         -2.3179276
 -10.        -10.       ]
2026-09-23 22:35:05,441 - RLController - INFO -   Action shape: (136,), min: -10.000000, max: 4.985835, mean: -9.276350
2026-09-23 22:35:05,442 - RLController - INFO -   B0 junction (indices 16-19) raw values: [ -9.885566 -10.       -10.       -10.      ]
2026-09-23 22:35:05,442 - RLController - INFO - Using CONTINUOUS DURATION-BASED mode
2026-09-23 22:35:05,442 - RLController - INFO -   Example: junction A0 -> durations [48, 14, 14, 14] (total: 90s)
2026-09-23 22:35:05,442 - RLController - INFO -   Example: junction A1 -> durations [24, 22, 22, 22] (total: 90s)
2026-09-23 22:35:05,442 - RLController - INFO -   Example: junction A2 -> durations [12, 12, 54, 12] (total: 90s)
2026-09-23 22:35:05,442 - RLController - INFO -   Example: junction A4 -> durations [60, 10, 10, 10] (total: 90s)
2026-09-23 22:35:05,442 - RLController - INFO -   Example: junction A5 -> durations [24, 22, 22, 22] (total: 90s)
2026-09-23 22:35:05,442 - RLController - INFO -   Example: junction B0 -> durations [24, 22, 22, 22] (total: 90s)
2026-09-23 22:35:05,443 - RLController - INFO -   Example: junction B1 -> durations [24, 22, 22, 22] (total: 90s)
2026-09-23 22:35:05,443 - RLController - INFO -   Example: junction B2 -> durations [24, 22, 22, 22] (total: 90s)
2026-09-23 22:35:05,443 - RLController - INFO -   Example: junction B4 -> durations [24, 22, 22, 22] (total: 90s)
2026-09-23 22:35:05,443 - RLController - INFO -   Example: junction B5 -> durations [60, 10, 10, 10] (total: 90s)
2026-09-23 22:35:05,443 - RLController - INFO -   Example: junction C0 -> durations [24, 22, 22, 22] (total: 90s)
2026-09-23 22:35:05,443 - RLController - INFO -   Example: junction C1 -> durations [24, 22, 22, 22] (total: 90s)
2026-09-23 22:35:05,443 - RLController - INFO -   Example: junction C2 -> durations [58, 12, 10, 10] (total: 90s)
2026-09-23 22:35:05,443 - RLController - INFO -   Example: junction C3 -> durations [60, 10, 10, 10] (total: 90s)
2026-09-23 22:35:05,444 - RLController - INFO -   Example: junction C4 -> durations [60, 10, 10, 10] (total: 90s)
2026-09-23 22:35:05,444 - RLController - INFO -   Example: junction C5 -> durations [57, 11, 11, 11] (total: 90s)
2026-09-23 22:35:05,444 - RLController - INFO -   Example: junction D0 -> durations [24, 22, 22, 22] (total: 90s)
2026-09-23 22:35:05,444 - RLController - INFO -   Example: junction D1 -> durations [21, 21, 27, 21] (total: 90s)
2026-09-23 22:35:05,444 - RLController - INFO -   Example: junction D2 -> durations [45, 15, 15, 15] (total: 90s)
2026-09-23 22:35:05,444 - RLController - INFO -   Example: junction D3 -> durations [24, 22, 22, 22] (total: 90s)
2026-09-23 22:35:05,444 - RLController - INFO -   Example: junction D4 -> durations [24, 22, 22, 22] (total: 90s)
2026-09-23 22:35:05,444 - RLController - INFO -   Example: junction D5 -> durations [13, 13, 51, 13] (total: 90s)
2026-09-23 22:35:05,445 - RLController - INFO -   Example: junction E0 -> durations [24, 22, 22, 22] (total: 90s)
2026-09-23 22:35:05,445 - RLController - INFO -   Example: junction E1 -> durations [24, 22, 22, 22] (total: 90s)
2026-09-23 22:35:05,445 - RLController - INFO -   Stored schedules for 34 junctions, cycle starts at step 3600
2026-09-23 22:35:09,429 - RLController - INFO - DIAGNOSTIC Step 3690 - Observation stats:
2026-09-23 22:35:09,430 - RLController - INFO -   Hash: 2486018928026675104, Min: 0.000000, Max: 1.000000, Mean: 0.437363, Std: 0.456534
2026-09-23 22:35:09,430 - RLController - INFO -   First 10: [1.         0.         0.         0.         0.         0.5
 0.         1.         0.99333334 1.        ]
2026-09-23 22:35:09,431 - RLController - INFO -   Last 10: [0.         0.2        0.         0.08333334 0.5        0.00359488
 0.08192308 0.5224138  0.         0.3       ]
2026-09-23 22:35:09,435 - RLController - INFO - DIAGNOSTIC - Raw model action output:
2026-09-23 22:35:09,435 - RLController - INFO -   Action hash: 2439786410794496184
2026-09-23 22:35:09,435 - RLController - INFO -   First 8 values: [ -7.260857 -10.       -10.       -10.       -10.       -10.
 -10.       -10.      ]
2026-09-23 22:35:09,435 - RLController - INFO -   Last 8 values: [-10.        -10.        -10.        -10.        -10.         -3.5090783
 -10.        -10.       ]
2026-09-23 22:35:09,436 - RLController - INFO -   Action shape: (136,), min: -10.000000, max: 4.716064, mean: -9.268842
2026-09-23 22:35:09,436 - RLController - INFO -   B0 junction (indices 16-19) raw values: [-10. -10. -10. -10.]
2026-09-23 22:35:09,436 - RLController - INFO - Using CONTINUOUS DURATION-BASED mode
2026-09-23 22:35:09,436 - RLController - INFO -   Example: junction A0 -> durations [51, 13, 13, 13] (total: 90s)
2026-09-23 22:35:09,436 - RLController - INFO -   Example: junction A1 -> durations [24, 22, 22, 22] (total: 90s)
2026-09-23 22:35:09,436 - RLController - INFO -   Example: junction A2 -> durations [11, 11, 57, 11] (total: 90s)
2026-09-23 22:35:09,436 - RLController - INFO -   Example: junction A4 -> durations [60, 10, 10, 10] (total: 90s)
2026-09-23 22:35:09,437 - RLController - INFO -   Example: junction A5 -> durations [24, 22, 22, 22] (total: 90s)
2026-09-23 22:35:09,437 - RLController - INFO -   Example: junction B0 -> durations [24, 22, 22, 22] (total: 90s)
2026-09-23 22:35:09,437 - RLController - INFO -   Example: junction B1 -> durations [24, 22, 22, 22] (total: 90s)
2026-09-23 22:35:09,437 - RLController - INFO -   Example: junction B2 -> durations [24, 22, 22, 22] (total: 90s)
2026-09-23 22:35:09,437 - RLController - INFO -   Example: junction B4 -> durations [24, 22, 22, 22] (total: 90s)
2026-09-23 22:35:09,437 - RLController - INFO -   Example: junction B5 -> durations [60, 10, 10, 10] (total: 90s)
2026-09-23 22:35:09,437 - RLController - INFO -   Example: junction C0 -> durations [22, 22, 24, 22] (total: 90s)
2026-09-23 22:35:09,437 - RLController - INFO -   Example: junction C1 -> durations [24, 22, 22, 22] (total: 90s)
2026-09-23 22:35:09,437 - RLController - INFO -   Example: junction C2 -> durations [58, 12, 10, 10] (total: 90s)
2026-09-23 22:35:09,438 - RLController - INFO -   Example: junction C3 -> durations [60, 10, 10, 10] (total: 90s)
2026-09-23 22:35:09,438 - RLController - INFO -   Example: junction C4 -> durations [60, 10, 10, 10] (total: 90s)
2026-09-23 22:35:09,438 - RLController - INFO -   Example: junction C5 -> durations [57, 11, 11, 11] (total: 90s)
2026-09-23 22:35:09,438 - RLController - INFO -   Example: junction D0 -> durations [24, 22, 22, 22] (total: 90s)
2026-09-23 22:35:09,438 - RLController - INFO -   Example: junction D1 -> durations [21, 21, 27, 21] (total: 90s)
2026-09-23 22:35:09,438 - RLController - INFO -   Example: junction D2 -> durations [51, 13, 13, 13] (total: 90s)
2026-09-23 22:35:09,438 - RLController - INFO -   Example: junction D3 -> durations [24, 22, 22, 22] (total: 90s)
2026-09-23 22:35:09,438 - RLController - INFO -   Example: junction D4 -> durations [24, 22, 22, 22] (total: 90s)
2026-09-23 22:35:09,439 - RLController - INFO -   Example: junction D5 -> durations [13, 13, 51, 13] (total: 90s)
2026-09-23 22:35:09,439 - RLController - INFO -   Example: junction E0 -> durations [24, 22, 22, 22] (total: 90s)
2026-09-23 22:35:09,439 - RLController - INFO -   Example: junction E1 -> durations [24, 22, 22, 22] (total: 90s)
2026-09-23 22:35:09,439 - RLController - INFO -   Stored schedules for 34 junctions, cycle starts at step 3690
2026-09-23 22:35:14,255 - RLController - INFO - DIAGNOSTIC Step 3780 - Observation stats:
2026-09-23 22:35:14,255 - RLController - INFO -   Hash: 2450343075526576289, Min: 0.000000, Max: 1.000000, Mean: 0.446028, Std: 0.459173
2026-09-23 22:35:14,256 - RLController - INFO -   First 10: [1.         0.         0.         0.         0.         0.5
 0.         1.         0.99333334 1.        ]
2026-09-23 22:35:14,256 - RLController - INFO -   Last 10: [0.         0.2        0.         0.08333334 0.5277778  0.00304424
 0.08290599 0.48454645 0.         0.3       ]
2026-09-23 22:35:14,263 - RLController - INFO - DIAGNOSTIC - Raw model action output:
2026-09-23 22:35:14,263 - RLController - INFO -   Action hash: 1200281565545936575
2026-09-23 22:35:14,263 - RLController - INFO -   First 8 values: [ -7.516977 -10.       -10.       -10.       -10.       -10.
 -10.       -10.      ]
2026-09-23 22:35:14,264 - RLController - INFO -   Last 8 values: [-10.        -10.        -10.        -10.        -10.         -2.5186698
 -10.        -10.       ]
2026-09-23 22:35:14,264 - RLController - INFO -   Action shape: (136,), min: -10.000000, max: 6.555287, mean: -9.264071
2026-09-23 22:35:14,265 - RLController - INFO -   B0 junction (indices 16-19) raw values: [ -9.904902 -10.       -10.       -10.      ]
2026-09-23 22:35:14,265 - RLController - INFO - Using CONTINUOUS DURATION-BASED mode
2026-09-23 22:35:14,265 - RLController - INFO -   Example: junction A0 -> durations [51, 13, 13, 13] (total: 90s)
2026-09-23 22:35:14,265 - RLController - INFO -   Example: junction A1 -> durations [24, 22, 22, 22] (total: 90s)
2026-09-23 22:35:14,266 - RLController - INFO -   Example: junction A2 -> durations [12, 12, 54, 12] (total: 90s)
2026-09-23 22:35:14,266 - RLController - INFO -   Example: junction A4 -> durations [60, 10, 10, 10] (total: 90s)
2026-09-23 22:35:14,266 - RLController - INFO -   Example: junction A5 -> durations [24, 22, 22, 22] (total: 90s)
2026-09-23 22:35:14,266 - RLController - INFO -   Example: junction B0 -> durations [24, 22, 22, 22] (total: 90s)
2026-09-23 22:35:14,266 - RLController - INFO -   Example: junction B1 -> durations [24, 22, 22, 22] (total: 90s)
2026-09-23 22:35:14,267 - RLController - INFO -   Example: junction B2 -> durations [24, 22, 22, 22] (total: 90s)
2026-09-23 22:35:14,267 - RLController - INFO -   Example: junction B4 -> durations [24, 22, 22, 22] (total: 90s)
2026-09-23 22:35:14,267 - RLController - INFO -   Example: junction B5 -> durations [60, 10, 10, 10] (total: 90s)
2026-09-23 22:35:14,267 - RLController - INFO -   Example: junction C0 -> durations [22, 22, 24, 22] (total: 90s)
2026-09-23 22:35:14,267 - RLController - INFO -   Example: junction C1 -> durations [24, 22, 22, 22] (total: 90s)
2026-09-23 22:35:14,268 - RLController - INFO -   Example: junction C2 -> durations [56, 14, 10, 10] (total: 90s)
2026-09-23 22:35:14,268 - RLController - INFO -   Example: junction C3 -> durations [60, 10, 10, 10] (total: 90s)
2026-09-23 22:35:14,268 - RLController - INFO -   Example: junction C4 -> durations [57, 11, 11, 11] (total: 90s)
2026-09-23 22:35:14,268 - RLController - INFO -   Example: junction C5 -> durations [57, 11, 11, 11] (total: 90s)
2026-09-23 22:35:14,268 - RLController - INFO -   Example: junction D0 -> durations [24, 22, 22, 22] (total: 90s)
2026-09-23 22:35:14,269 - RLController - INFO -   Example: junction D1 -> durations [21, 21, 27, 21] (total: 90s)
2026-09-23 22:35:14,269 - RLController - INFO -   Example: junction D2 -> durations [45, 15, 15, 15] (total: 90s)
2026-09-23 22:35:14,269 - RLController - INFO -   Example: junction D3 -> durations [24, 22, 22, 22] (total: 90s)
2026-09-23 22:35:14,269 - RLController - INFO -   Example: junction D4 -> durations [24, 22, 22, 22] (total: 90s)
2026-09-23 22:35:14,269 - RLController - INFO -   Example: junction D5 -> durations [13, 13, 51, 13] (total: 90s)
2026-09-23 22:35:14,270 - RLController - INFO -   Example: junction E0 -> durations [24, 22, 22, 22] (total: 90s)
2026-09-23 22:35:14,270 - RLController - INFO -   Example: junction E1 -> durations [24, 22, 22, 22] (total: 90s)
2026-09-23 22:35:14,271 - RLController - INFO -   Stored schedules for 34 junctions, cycle starts at step 3780
2026-09-23 22:35:18,777 - RLController - INFO - DIAGNOSTIC Step 3870 - Observation stats:
2026-09-23 22:35:18,777 - RLController - INFO -   Hash: -6672147888618803985, Min: 0.000000, Max: 1.000000, Mean: 0.442852, Std: 0.457739
2026-09-23 22:35:18,777 - RLController - INFO -   First 10: [1.         0.         0.         0.         0.         0.5
 0.         0.         0.99333334 1.        ]
2026-09-23 22:35:18,778 - RLController - INFO -   Last 10: [0.         0.2        0.         0.08333334 0.52991456 0.00337367
 0.08239316 0.48925892 0.         0.3       ]
2026-09-23 22:35:18,782 - RLController - INFO - DIAGNOSTIC - Raw model action output:
2026-09-23 22:35:18,782 - RLController - INFO -   Action hash: 872269617426725041
2026-09-23 22:35:18,783 - RLController - INFO -   First 8 values: [ -7.466639 -10.       -10.       -10.       -10.       -10.
 -10.       -10.      ]
2026-09-23 22:35:18,783 - RLController - INFO -   Last 8 values: [-10.        -10.        -10.        -10.        -10.         -1.4872625
 -10.        -10.       ]
2026-09-23 22:35:18,783 - RLController - INFO -   Action shape: (136,), min: -10.000000, max: 5.822434, mean: -9.300264
2026-09-23 22:35:18,783 - RLController - INFO -   B0 junction (indices 16-19) raw values: [-10. -10. -10. -10.]
2026-09-23 22:35:18,783 - RLController - INFO - Using CONTINUOUS DURATION-BASED mode
2026-09-23 22:35:18,784 - RLController - INFO -   Example: junction A0 -> durations [51, 13, 13, 13] (total: 90s)
2026-09-23 22:35:18,784 - RLController - INFO -   Example: junction A1 -> durations [24, 22, 22, 22] (total: 90s)
2026-09-23 22:35:18,785 - RLController - INFO -   Example: junction A2 -> durations [12, 12, 54, 12] (total: 90s)
2026-09-23 22:35:18,785 - RLController - INFO -   Example: junction A4 -> durations [60, 10, 10, 10] (total: 90s)
2026-09-23 22:35:18,785 - RLController - INFO -   Example: junction A5 -> durations [24, 22, 22, 22] (total: 90s)
2026-09-23 22:35:18,785 - RLController - INFO -   Example: junction B0 -> durations [24, 22, 22, 22] (total: 90s)
2026-09-23 22:35:18,785 - RLController - INFO -   Example: junction B1 -> durations [24, 22, 22, 22] (total: 90s)
2026-09-23 22:35:18,785 - RLController - INFO -   Example: junction B2 -> durations [24, 22, 22, 22] (total: 90s)
2026-09-23 22:35:18,785 - RLController - INFO -   Example: junction B4 -> durations [24, 22, 22, 22] (total: 90s)
2026-09-23 22:35:18,785 - RLController - INFO -   Example: junction B5 -> durations [60, 10, 10, 10] (total: 90s)
2026-09-23 22:35:18,786 - RLController - INFO -   Example: junction C0 -> durations [22, 22, 24, 22] (total: 90s)
2026-09-23 22:35:18,786 - RLController - INFO -   Example: junction C1 -> durations [24, 22, 22, 22] (total: 90s)
2026-09-23 22:35:18,786 - RLController - INFO -   Example: junction C2 -> durations [56, 14, 10, 10] (total: 90s)
2026-09-23 22:35:18,786 - RLController - INFO -   Example: junction C3 -> durations [60, 10, 10, 10] (total: 90s)
2026-09-23 22:35:18,786 - RLController - INFO -   Example: junction C4 -> durations [57, 11, 11, 11] (total: 90s)
2026-09-23 22:35:18,787 - RLController - INFO -   Example: junction C5 -> durations [57, 11, 11, 11] (total: 90s)
2026-09-23 22:35:18,787 - RLController - INFO -   Example: junction D0 -> durations [24, 22, 22, 22] (total: 90s)
2026-09-23 22:35:18,787 - RLController - INFO -   Example: junction D1 -> durations [22, 22, 24, 22] (total: 90s)
2026-09-23 22:35:18,787 - RLController - INFO -   Example: junction D2 -> durations [42, 16, 16, 16] (total: 90s)
2026-09-23 22:35:18,787 - RLController - INFO -   Example: junction D3 -> durations [24, 22, 22, 22] (total: 90s)
2026-09-23 22:35:18,787 - RLController - INFO -   Example: junction D4 -> durations [24, 22, 22, 22] (total: 90s)
2026-09-23 22:35:18,788 - RLController - INFO -   Example: junction D5 -> durations [13, 13, 51, 13] (total: 90s)
2026-09-23 22:35:18,788 - RLController - INFO -   Example: junction E0 -> durations [24, 22, 22, 22] (total: 90s)
2026-09-23 22:35:18,788 - RLController - INFO -   Example: junction E1 -> durations [24, 22, 22, 22] (total: 90s)
2026-09-23 22:35:18,788 - RLController - INFO -   Stored schedules for 34 junctions, cycle starts at step 3870
2026-09-23 22:35:23,210 - RLController - INFO - DIAGNOSTIC Step 3960 - Observation stats:
2026-09-23 22:35:23,210 - RLController - INFO -   Hash: -4362929062942670761, Min: 0.000000, Max: 1.000000, Mean: 0.439939, Std: 0.457457
2026-09-23 22:35:23,211 - RLController - INFO -   First 10: [1.         0.         0.         0.         0.         0.5
 0.         1.         0.99333334 1.        ]
2026-09-23 22:35:23,211 - RLController - INFO -   Last 10: [0.         0.2        0.         0.08333334 0.5        0.00391497
 0.08452991 0.5220339  0.         0.3       ]
2026-09-23 22:35:23,217 - RLController - INFO - DIAGNOSTIC - Raw model action output:
2026-09-23 22:35:23,217 - RLController - INFO -   Action hash: 5477384261421557505
2026-09-23 22:35:23,217 - RLController - INFO -   First 8 values: [ -7.411875 -10.       -10.       -10.       -10.       -10.
 -10.       -10.      ]
2026-09-23 22:35:23,218 - RLController - INFO -   Last 8 values: [-10.        -10.        -10.        -10.        -10.         -2.0972989
 -10.        -10.       ]
2026-09-23 22:35:23,218 - RLController - INFO -   Action shape: (136,), min: -10.000000, max: 5.009793, mean: -9.292747
2026-09-23 22:35:23,218 - RLController - INFO -   B0 junction (indices 16-19) raw values: [ -9.770428 -10.       -10.       -10.      ]
2026-09-23 22:35:23,218 - RLController - INFO - Using CONTINUOUS DURATION-BASED mode
2026-09-23 22:35:23,218 - RLController - INFO -   Example: junction A0 -> durations [51, 13, 13, 13] (total: 90s)
2026-09-23 22:35:23,219 - RLController - INFO -   Example: junction A1 -> durations [24, 22, 22, 22] (total: 90s)
2026-09-23 22:35:23,219 - RLController - INFO -   Example: junction A2 -> durations [12, 12, 54, 12] (total: 90s)
2026-09-23 22:35:23,219 - RLController - INFO -   Example: junction A4 -> durations [60, 10, 10, 10] (total: 90s)
2026-09-23 22:35:23,219 - RLController - INFO -   Example: junction A5 -> durations [24, 22, 22, 22] (total: 90s)
2026-09-23 22:35:23,219 - RLController - INFO -   Example: junction B0 -> durations [24, 22, 22, 22] (total: 90s)
2026-09-23 22:35:23,219 - RLController - INFO -   Example: junction B1 -> durations [24, 22, 22, 22] (total: 90s)
2026-09-23 22:35:23,220 - RLController - INFO -   Example: junction B2 -> durations [24, 22, 22, 22] (total: 90s)
2026-09-23 22:35:23,220 - RLController - INFO -   Example: junction B4 -> durations [24, 22, 22, 22] (total: 90s)
2026-09-23 22:35:23,220 - RLController - INFO -   Example: junction B5 -> durations [60, 10, 10, 10] (total: 90s)
2026-09-23 22:35:23,220 - RLController - INFO -   Example: junction C0 -> durations [22, 22, 24, 22] (total: 90s)
2026-09-23 22:35:23,220 - RLController - INFO -   Example: junction C1 -> durations [24, 22, 22, 22] (total: 90s)
2026-09-23 22:35:23,220 - RLController - INFO -   Example: junction C2 -> durations [57, 13, 10, 10] (total: 90s)
2026-09-23 22:35:23,220 - RLController - INFO -   Example: junction C3 -> durations [60, 10, 10, 10] (total: 90s)
2026-09-23 22:35:23,221 - RLController - INFO -   Example: junction C4 -> durations [57, 11, 11, 11] (total: 90s)
2026-09-23 22:35:23,221 - RLController - INFO -   Example: junction C5 -> durations [57, 11, 11, 11] (total: 90s)
2026-09-23 22:35:23,221 - RLController - INFO -   Example: junction D0 -> durations [24, 22, 22, 22] (total: 90s)
2026-09-23 22:35:23,221 - RLController - INFO -   Example: junction D1 -> durations [21, 21, 27, 21] (total: 90s)
2026-09-23 22:35:23,221 - RLController - INFO -   Example: junction D2 -> durations [45, 15, 15, 15] (total: 90s)
2026-09-23 22:35:23,221 - RLController - INFO -   Example: junction D3 -> durations [24, 22, 22, 22] (total: 90s)
2026-09-23 22:35:23,222 - RLController - INFO -   Example: junction D4 -> durations [24, 22, 22, 22] (total: 90s)
2026-09-23 22:35:23,222 - RLController - INFO -   Example: junction D5 -> durations [13, 13, 51, 13] (total: 90s)
2026-09-23 22:35:23,222 - RLController - INFO -   Example: junction E0 -> durations [24, 22, 22, 22] (total: 90s)
2026-09-23 22:35:23,222 - RLController - INFO -   Example: junction E1 -> durations [24, 22, 22, 22] (total: 90s)
2026-09-23 22:35:23,223 - RLController - INFO -   Stored schedules for 34 junctions, cycle starts at step 3960
2026-09-23 22:35:27,728 - RLController - INFO - DIAGNOSTIC Step 4050 - Observation stats:
2026-09-23 22:35:27,728 - RLController - INFO -   Hash: 5887823735240935634, Min: 0.000000, Max: 1.000000, Mean: 0.437682, Std: 0.456957
2026-09-23 22:35:27,729 - RLController - INFO -   First 10: [1.         0.         0.         0.         0.         0.5
 0.         1.         0.99333334 1.        ]
2026-09-23 22:35:27,729 - RLController - INFO -   Last 10: [0.         0.2        0.         0.08333334 0.491453   0.0036518
 0.08397436 0.5320421  0.         0.3       ]
2026-09-23 22:35:27,733 - RLController - INFO - DIAGNOSTIC - Raw model action output:
2026-09-23 22:35:27,734 - RLController - INFO -   Action hash: 3170246395263949870
2026-09-23 22:35:27,734 - RLController - INFO -   First 8 values: [ -7.283408 -10.       -10.       -10.       -10.       -10.
 -10.       -10.      ]
2026-09-23 22:35:27,734 - RLController - INFO -   Last 8 values: [-10.       -10.       -10.       -10.       -10.        -2.508745
 -10.       -10.      ]
2026-09-23 22:35:27,734 - RLController - INFO -   Action shape: (136,), min: -10.000000, max: 5.312079, mean: -9.267763
2026-09-23 22:35:27,734 - RLController - INFO -   B0 junction (indices 16-19) raw values: [ -9.882582 -10.       -10.       -10.      ]
2026-09-23 22:35:27,734 - RLController - INFO - Using CONTINUOUS DURATION-BASED mode
2026-09-23 22:35:27,735 - RLController - INFO -   Example: junction A0 -> durations [51, 13, 13, 13] (total: 90s)
2026-09-23 22:35:27,735 - RLController - INFO -   Example: junction A1 -> durations [24, 22, 22, 22] (total: 90s)
2026-09-23 22:35:27,735 - RLController - INFO -   Example: junction A2 -> durations [12, 12, 54, 12] (total: 90s)
2026-09-23 22:35:27,735 - RLController - INFO -   Example: junction A4 -> durations [60, 10, 10, 10] (total: 90s)
2026-09-23 22:35:27,735 - RLController - INFO -   Example: junction A5 -> durations [24, 22, 22, 22] (total: 90s)
2026-09-23 22:35:27,735 - RLController - INFO -   Example: junction B0 -> durations [24, 22, 22, 22] (total: 90s)
2026-09-23 22:35:27,735 - RLController - INFO -   Example: junction B1 -> durations [24, 22, 22, 22] (total: 90s)
2026-09-23 22:35:27,736 - RLController - INFO -   Example: junction B2 -> durations [24, 22, 22, 22] (total: 90s)
2026-09-23 22:35:27,736 - RLController - INFO -   Example: junction B4 -> durations [24, 22, 22, 22] (total: 90s)
2026-09-23 22:35:27,736 - RLController - INFO -   Example: junction B5 -> durations [60, 10, 10, 10] (total: 90s)
2026-09-23 22:35:27,736 - RLController - INFO -   Example: junction C0 -> durations [21, 21, 27, 21] (total: 90s)
2026-09-23 22:35:27,736 - RLController - INFO -   Example: junction C1 -> durations [24, 22, 22, 22] (total: 90s)
2026-09-23 22:35:27,736 - RLController - INFO -   Example: junction C2 -> durations [57, 13, 10, 10] (total: 90s)
2026-09-23 22:35:27,736 - RLController - INFO -   Example: junction C3 -> durations [60, 10, 10, 10] (total: 90s)
2026-09-23 22:35:27,736 - RLController - INFO -   Example: junction C4 -> durations [60, 10, 10, 10] (total: 90s)
2026-09-23 22:35:27,737 - RLController - INFO -   Example: junction C5 -> durations [57, 11, 11, 11] (total: 90s)
2026-09-23 22:35:27,737 - RLController - INFO -   Example: junction D0 -> durations [24, 22, 22, 22] (total: 90s)
2026-09-23 22:35:27,737 - RLController - INFO -   Example: junction D1 -> durations [21, 21, 27, 21] (total: 90s)
2026-09-23 22:35:27,737 - RLController - INFO -   Example: junction D2 -> durations [48, 14, 14, 14] (total: 90s)
2026-09-23 22:35:27,737 - RLController - INFO -   Example: junction D3 -> durations [24, 22, 22, 22] (total: 90s)
2026-09-23 22:35:27,737 - RLController - INFO -   Example: junction D4 -> durations [24, 22, 22, 22] (total: 90s)
2026-09-23 22:35:27,738 - RLController - INFO -   Example: junction D5 -> durations [12, 12, 54, 12] (total: 90s)
2026-09-23 22:35:27,738 - RLController - INFO -   Example: junction E0 -> durations [24, 22, 22, 22] (total: 90s)
2026-09-23 22:35:27,738 - RLController - INFO -   Example: junction E1 -> durations [24, 22, 22, 22] (total: 90s)
2026-09-23 22:35:27,739 - RLController - INFO -   Stored schedules for 34 junctions, cycle starts at step 4050
2026-09-23 22:35:31,968 - RLController - INFO - DIAGNOSTIC Step 4140 - Observation stats:
2026-09-23 22:35:31,969 - RLController - INFO -   Hash: -2180004778926400166, Min: 0.000000, Max: 1.000000, Mean: 0.438481, Std: 0.456083
2026-09-23 22:35:31,969 - RLController - INFO -   First 10: [0.06666667 1.         0.99333334 1.         0.26060873 0.03440367
 0.         1.         0.99333334 1.        ]
2026-09-23 22:35:31,969 - RLController - INFO -   Last 10: [0.         0.2        0.         0.08333334 0.5        0.00362182
 0.08440171 0.5211716  0.         0.3       ]
2026-09-23 22:35:31,975 - RLController - INFO - DIAGNOSTIC - Raw model action output:
2026-09-23 22:35:31,975 - RLController - INFO -   Action hash: 2698803867720263587
2026-09-23 22:35:31,975 - RLController - INFO -   First 8 values: [ -7.115929 -10.       -10.       -10.       -10.       -10.
 -10.       -10.      ]
2026-09-23 22:35:31,976 - RLController - INFO -   Last 8 values: [-10.        -10.        -10.        -10.        -10.         -2.4634323
 -10.        -10.       ]
2026-09-23 22:35:31,976 - RLController - INFO -   Action shape: (136,), min: -10.000000, max: 5.318586, mean: -9.264280
2026-09-23 22:35:31,976 - RLController - INFO -   B0 junction (indices 16-19) raw values: [ -9.840253 -10.       -10.       -10.      ]
2026-09-23 22:35:31,976 - RLController - INFO - Using CONTINUOUS DURATION-BASED mode
2026-09-23 22:35:31,976 - RLController - INFO -   Example: junction A0 -> durations [54, 12, 12, 12] (total: 90s)
2026-09-23 22:35:31,976 - RLController - INFO -   Example: junction A1 -> durations [24, 22, 22, 22] (total: 90s)
2026-09-23 22:35:31,976 - RLController - INFO -   Example: junction A2 -> durations [12, 12, 54, 12] (total: 90s)
2026-09-23 22:35:31,977 - RLController - INFO -   Example: junction A4 -> durations [60, 10, 10, 10] (total: 90s)
2026-09-23 22:35:31,977 - RLController - INFO -   Example: junction A5 -> durations [24, 22, 22, 22] (total: 90s)
2026-09-23 22:35:31,977 - RLController - INFO -   Example: junction B0 -> durations [24, 22, 22, 22] (total: 90s)
2026-09-23 22:35:31,977 - RLController - INFO -   Example: junction B1 -> durations [24, 22, 22, 22] (total: 90s)
2026-09-23 22:35:31,977 - RLController - INFO -   Example: junction B2 -> durations [24, 22, 22, 22] (total: 90s)
2026-09-23 22:35:31,977 - RLController - INFO -   Example: junction B4 -> durations [24, 22, 22, 22] (total: 90s)
2026-09-23 22:35:31,978 - RLController - INFO -   Example: junction B5 -> durations [60, 10, 10, 10] (total: 90s)
2026-09-23 22:35:31,978 - RLController - INFO -   Example: junction C0 -> durations [20, 20, 30, 20] (total: 90s)
2026-09-23 22:35:31,978 - RLController - INFO -   Example: junction C1 -> durations [24, 22, 22, 22] (total: 90s)
2026-09-23 22:35:31,978 - RLController - INFO -   Example: junction C2 -> durations [56, 14, 10, 10] (total: 90s)
2026-09-23 22:35:31,978 - RLController - INFO -   Example: junction C3 -> durations [60, 10, 10, 10] (total: 90s)
2026-09-23 22:35:31,978 - RLController - INFO -   Example: junction C4 -> durations [60, 10, 10, 10] (total: 90s)
2026-09-23 22:35:31,978 - RLController - INFO -   Example: junction C5 -> durations [57, 11, 11, 11] (total: 90s)
2026-09-23 22:35:31,978 - RLController - INFO -   Example: junction D0 -> durations [24, 22, 22, 22] (total: 90s)
2026-09-23 22:35:31,979 - RLController - INFO -   Example: junction D1 -> durations [20, 20, 30, 20] (total: 90s)
2026-09-23 22:35:31,979 - RLController - INFO -   Example: junction D2 -> durations [51, 13, 13, 13] (total: 90s)
2026-09-23 22:35:31,979 - RLController - INFO -   Example: junction D3 -> durations [24, 22, 22, 22] (total: 90s)
2026-09-23 22:35:31,979 - RLController - INFO -   Example: junction D4 -> durations [24, 22, 22, 22] (total: 90s)
2026-09-23 22:35:31,979 - RLController - INFO -   Example: junction D5 -> durations [12, 12, 54, 12] (total: 90s)
2026-09-23 22:35:31,979 - RLController - INFO -   Example: junction E0 -> durations [24, 22, 22, 22] (total: 90s)
2026-09-23 22:35:31,979 - RLController - INFO -   Example: junction E1 -> durations [24, 22, 22, 22] (total: 90s)
2026-09-23 22:35:31,980 - RLController - INFO -   Stored schedules for 34 junctions, cycle starts at step 4140
2026-09-23 22:35:35,934 - RLController - INFO - DIAGNOSTIC Step 4230 - Observation stats:
2026-09-23 22:35:35,935 - RLController - INFO -   Hash: -4910672834150851984, Min: 0.000000, Max: 1.000000, Mean: 0.441017, Std: 0.457426
2026-09-23 22:35:35,935 - RLController - INFO -   First 10: [0.07531492 0.         0.99333334 1.         0.22682437 0.04014372
 0.         1.         0.99333334 1.        ]
2026-09-23 22:35:35,936 - RLController - INFO -   Last 10: [0.         0.2        0.         0.08333334 0.50641024 0.00351111
 0.08290599 0.51775295 0.         0.3       ]
2026-09-23 22:35:35,940 - RLController - INFO - DIAGNOSTIC - Raw model action output:
2026-09-23 22:35:35,940 - RLController - INFO -   Action hash: 8214097532983717013
2026-09-23 22:35:35,940 - RLController - INFO -   First 8 values: [ -7.2462716 -10.        -10.        -10.        -10.        -10.
 -10.        -10.       ]
2026-09-23 22:35:35,941 - RLController - INFO -   Last 8 values: [-10.        -10.        -10.        -10.        -10.         -1.3085158
 -10.        -10.       ]
2026-09-23 22:35:35,941 - RLController - INFO -   Action shape: (136,), min: -10.000000, max: 5.467993, mean: -9.244752
2026-09-23 22:35:35,941 - RLController - INFO -   B0 junction (indices 16-19) raw values: [ -9.576993 -10.       -10.       -10.      ]
2026-09-23 22:35:35,941 - RLController - INFO - Using CONTINUOUS DURATION-BASED mode
2026-09-23 22:35:35,941 - RLController - INFO -   Example: junction A0 -> durations [51, 13, 13, 13] (total: 90s)
2026-09-23 22:35:35,941 - RLController - INFO -   Example: junction A1 -> durations [24, 22, 22, 22] (total: 90s)
2026-09-23 22:35:35,941 - RLController - INFO -   Example: junction A2 -> durations [11, 11, 57, 11] (total: 90s)
2026-09-23 22:35:35,941 - RLController - INFO -   Example: junction A4 -> durations [60, 10, 10, 10] (total: 90s)
2026-09-23 22:35:35,942 - RLController - INFO -   Example: junction A5 -> durations [27, 21, 21, 21] (total: 90s)
2026-09-23 22:35:35,942 - RLController - INFO -   Example: junction B0 -> durations [24, 22, 22, 22] (total: 90s)
2026-09-23 22:35:35,942 - RLController - INFO -   Example: junction B1 -> durations [24, 22, 22, 22] (total: 90s)
2026-09-23 22:35:35,942 - RLController - INFO -   Example: junction B2 -> durations [24, 22, 22, 22] (total: 90s)
2026-09-23 22:35:35,942 - RLController - INFO -   Example: junction B4 -> durations [24, 22, 22, 22] (total: 90s)
2026-09-23 22:35:35,942 - RLController - INFO -   Example: junction B5 -> durations [60, 10, 10, 10] (total: 90s)
2026-09-23 22:35:35,942 - RLController - INFO -   Example: junction C0 -> durations [21, 21, 27, 21] (total: 90s)
2026-09-23 22:35:35,942 - RLController - INFO -   Example: junction C1 -> durations [24, 22, 22, 22] (total: 90s)
2026-09-23 22:35:35,942 - RLController - INFO -   Example: junction C2 -> durations [58, 12, 10, 10] (total: 90s)
2026-09-23 22:35:35,943 - RLController - INFO -   Example: junction C3 -> durations [60, 10, 10, 10] (total: 90s)
2026-09-23 22:35:35,943 - RLController - INFO -   Example: junction C4 -> durations [60, 10, 10, 10] (total: 90s)
2026-09-23 22:35:35,943 - RLController - INFO -   Example: junction C5 -> durations [57, 11, 11, 11] (total: 90s)
2026-09-23 22:35:35,943 - RLController - INFO -   Example: junction D0 -> durations [24, 22, 22, 22] (total: 90s)
2026-09-23 22:35:35,943 - RLController - INFO -   Example: junction D1 -> durations [21, 21, 27, 21] (total: 90s)
2026-09-23 22:35:35,943 - RLController - INFO -   Example: junction D2 -> durations [51, 13, 13, 13] (total: 90s)
2026-09-23 22:35:35,943 - RLController - INFO -   Example: junction D3 -> durations [24, 22, 22, 22] (total: 90s)
2026-09-23 22:35:35,943 - RLController - INFO -   Example: junction D4 -> durations [24, 22, 22, 22] (total: 90s)
2026-09-23 22:35:35,943 - RLController - INFO -   Example: junction D5 -> durations [12, 12, 54, 12] (total: 90s)
2026-09-23 22:35:35,943 - RLController - INFO -   Example: junction E0 -> durations [24, 22, 22, 22] (total: 90s)
2026-09-23 22:35:35,944 - RLController - INFO -   Example: junction E1 -> durations [24, 22, 22, 22] (total: 90s)
2026-09-23 22:35:35,944 - RLController - INFO -   Stored schedules for 34 junctions, cycle starts at step 4230
2026-09-23 22:35:40,224 - RLController - INFO - DIAGNOSTIC Step 4320 - Observation stats:
2026-09-23 22:35:40,225 - RLController - INFO -   Hash: 1452721463438883333, Min: 0.000000, Max: 1.000000, Mean: 0.450034, Std: 0.457609
2026-09-23 22:35:40,225 - RLController - INFO -   First 10: [1.0232237e-06 1.0000000e+00 9.9333334e-01 1.0000000e+00 1.0000000e+00
 5.6548396e-07 0.0000000e+00 1.0000000e+00 9.9333334e-01 1.0000000e+00]
2026-09-23 22:35:40,226 - RLController - INFO -   Last 10: [0.         0.2        0.         0.08333334 0.5363248  0.00414101
 0.08410256 0.49615985 0.         0.3       ]
2026-09-23 22:35:40,230 - RLController - INFO - DIAGNOSTIC - Raw model action output:
2026-09-23 22:35:40,231 - RLController - INFO -   Action hash: -2035353129444162550
2026-09-23 22:35:40,231 - RLController - INFO -   First 8 values: [ -7.421718 -10.       -10.       -10.       -10.       -10.
 -10.       -10.      ]
2026-09-23 22:35:40,231 - RLController - INFO -   Last 8 values: [-10.        -10.        -10.        -10.        -10.         -1.2940481
 -10.        -10.       ]
2026-09-23 22:35:40,232 - RLController - INFO -   Action shape: (136,), min: -10.000000, max: 6.063321, mean: -9.253056
2026-09-23 22:35:40,232 - RLController - INFO -   B0 junction (indices 16-19) raw values: [ -9.577184 -10.       -10.       -10.      ]
2026-09-23 22:35:40,232 - RLController - INFO - Using CONTINUOUS DURATION-BASED mode
2026-09-23 22:35:40,232 - RLController - INFO -   Example: junction A0 -> durations [51, 13, 13, 13] (total: 90s)
2026-09-23 22:35:40,232 - RLController - INFO -   Example: junction A1 -> durations [24, 22, 22, 22] (total: 90s)
2026-09-23 22:35:40,232 - RLController - INFO -   Example: junction A2 -> durations [12, 12, 54, 12] (total: 90s)
2026-09-23 22:35:40,232 - RLController - INFO -   Example: junction A4 -> durations [60, 10, 10, 10] (total: 90s)
2026-09-23 22:35:40,233 - RLController - INFO -   Example: junction A5 -> durations [27, 21, 21, 21] (total: 90s)
2026-09-23 22:35:40,233 - RLController - INFO -   Example: junction B0 -> durations [24, 22, 22, 22] (total: 90s)
2026-09-23 22:35:40,233 - RLController - INFO -   Example: junction B1 -> durations [24, 22, 22, 22] (total: 90s)
2026-09-23 22:35:40,233 - RLController - INFO -   Example: junction B2 -> durations [24, 22, 22, 22] (total: 90s)
2026-09-23 22:35:40,233 - RLController - INFO -   Example: junction B4 -> durations [24, 22, 22, 22] (total: 90s)
2026-09-23 22:35:40,234 - RLController - INFO -   Example: junction B5 -> durations [60, 10, 10, 10] (total: 90s)
2026-09-23 22:35:40,234 - RLController - INFO -   Example: junction C0 -> durations [24, 22, 22, 22] (total: 90s)
2026-09-23 22:35:40,234 - RLController - INFO -   Example: junction C1 -> durations [24, 22, 22, 22] (total: 90s)
2026-09-23 22:35:40,234 - RLController - INFO -   Example: junction C2 -> durations [57, 13, 10, 10] (total: 90s)
2026-09-23 22:35:40,234 - RLController - INFO -   Example: junction C3 -> durations [60, 10, 10, 10] (total: 90s)
2026-09-23 22:35:40,234 - RLController - INFO -   Example: junction C4 -> durations [60, 10, 10, 10] (total: 90s)
2026-09-23 22:35:40,234 - RLController - INFO -   Example: junction C5 -> durations [57, 11, 11, 11] (total: 90s)
2026-09-23 22:35:40,235 - RLController - INFO -   Example: junction D0 -> durations [24, 22, 22, 22] (total: 90s)
2026-09-23 22:35:40,235 - RLController - INFO -   Example: junction D1 -> durations [21, 21, 27, 21] (total: 90s)
2026-09-23 22:35:40,235 - RLController - INFO -   Example: junction D2 -> durations [45, 15, 15, 15] (total: 90s)
2026-09-23 22:35:40,235 - RLController - INFO -   Example: junction D3 -> durations [24, 22, 22, 22] (total: 90s)
2026-09-23 22:35:40,235 - RLController - INFO -   Example: junction D4 -> durations [24, 22, 22, 22] (total: 90s)
2026-09-23 22:35:40,235 - RLController - INFO -   Example: junction D5 -> durations [13, 13, 51, 13] (total: 90s)
2026-09-23 22:35:40,235 - RLController - INFO -   Example: junction E0 -> durations [24, 22, 22, 22] (total: 90s)
2026-09-23 22:35:40,236 - RLController - INFO -   Example: junction E1 -> durations [24, 22, 22, 22] (total: 90s)
2026-09-23 22:35:40,236 - RLController - INFO -   Stored schedules for 34 junctions, cycle starts at step 4320
2026-09-23 22:35:44,481 - RLController - INFO - DIAGNOSTIC Step 4410 - Observation stats:
2026-09-23 22:35:44,481 - RLController - INFO -   Hash: 8324862220691960995, Min: 0.000000, Max: 1.000000, Mean: 0.440399, Std: 0.456714
2026-09-23 22:35:44,482 - RLController - INFO -   First 10: [0.07693651 1.         0.99333334 1.         0.22133447 0.04401584
 0.         1.         0.99333334 1.        ]
2026-09-23 22:35:44,483 - RLController - INFO -   Last 10: [0.         0.2        0.         0.08333334 0.49358973 0.00330098
 0.08286325 0.52446204 0.         0.3       ]
2026-09-23 22:35:44,490 - RLController - INFO - DIAGNOSTIC - Raw model action output:
2026-09-23 22:35:44,490 - RLController - INFO -   Action hash: 2335091393321233617
2026-09-23 22:35:44,491 - RLController - INFO -   First 8 values: [ -7.441427 -10.       -10.       -10.       -10.       -10.
 -10.       -10.      ]
2026-09-23 22:35:44,491 - RLController - INFO -   Last 8 values: [-10.        -10.        -10.        -10.        -10.         -1.6046154
 -10.        -10.       ]
2026-09-23 22:35:44,491 - RLController - INFO -   Action shape: (136,), min: -10.000000, max: 5.425913, mean: -9.288557
2026-09-23 22:35:44,492 - RLController - INFO -   B0 junction (indices 16-19) raw values: [ -9.550906 -10.       -10.       -10.      ]
2026-09-23 22:35:44,492 - RLController - INFO - Using CONTINUOUS DURATION-BASED mode
2026-09-23 22:35:44,492 - RLController - INFO -   Example: junction A0 -> durations [51, 13, 13, 13] (total: 90s)
2026-09-23 22:35:44,493 - RLController - INFO -   Example: junction A1 -> durations [24, 22, 22, 22] (total: 90s)
2026-09-23 22:35:44,493 - RLController - INFO -   Example: junction A2 -> durations [11, 11, 57, 11] (total: 90s)
2026-09-23 22:35:44,493 - RLController - INFO -   Example: junction A4 -> durations [60, 10, 10, 10] (total: 90s)
2026-09-23 22:35:44,493 - RLController - INFO -   Example: junction A5 -> durations [27, 21, 21, 21] (total: 90s)
2026-09-23 22:35:44,494 - RLController - INFO -   Example: junction B0 -> durations [24, 22, 22, 22] (total: 90s)
2026-09-23 22:35:44,494 - RLController - INFO -   Example: junction B1 -> durations [24, 22, 22, 22] (total: 90s)
2026-09-23 22:35:44,494 - RLController - INFO -   Example: junction B2 -> durations [24, 22, 22, 22] (total: 90s)
2026-09-23 22:35:44,494 - RLController - INFO -   Example: junction B4 -> durations [24, 22, 22, 22] (total: 90s)
2026-09-23 22:35:44,494 - RLController - INFO -   Example: junction B5 -> durations [60, 10, 10, 10] (total: 90s)
2026-09-23 22:35:44,495 - RLController - INFO -   Example: junction C0 -> durations [22, 22, 24, 22] (total: 90s)
2026-09-23 22:35:44,495 - RLController - INFO -   Example: junction C1 -> durations [24, 22, 22, 22] (total: 90s)
2026-09-23 22:35:44,495 - RLController - INFO -   Example: junction C2 -> durations [57, 13, 10, 10] (total: 90s)
2026-09-23 22:35:44,495 - RLController - INFO -   Example: junction C3 -> durations [60, 10, 10, 10] (total: 90s)
2026-09-23 22:35:44,496 - RLController - INFO -   Example: junction C4 -> durations [60, 10, 10, 10] (total: 90s)
2026-09-23 22:35:44,496 - RLController - INFO -   Example: junction C5 -> durations [57, 11, 11, 11] (total: 90s)
2026-09-23 22:35:44,496 - RLController - INFO -   Example: junction D0 -> durations [24, 22, 22, 22] (total: 90s)
2026-09-23 22:35:44,496 - RLController - INFO -   Example: junction D1 -> durations [22, 22, 24, 22] (total: 90s)
2026-09-23 22:35:44,496 - RLController - INFO -   Example: junction D2 -> durations [48, 14, 14, 14] (total: 90s)
2026-09-23 22:35:44,497 - RLController - INFO -   Example: junction D3 -> durations [24, 22, 22, 22] (total: 90s)
2026-09-23 22:35:44,497 - RLController - INFO -   Example: junction D4 -> durations [24, 22, 22, 22] (total: 90s)
2026-09-23 22:35:44,497 - RLController - INFO -   Example: junction D5 -> durations [12, 12, 54, 12] (total: 90s)
2026-09-23 22:35:44,497 - RLController - INFO -   Example: junction E0 -> durations [24, 22, 22, 22] (total: 90s)
2026-09-23 22:35:44,497 - RLController - INFO -   Example: junction E1 -> durations [24, 22, 22, 22] (total: 90s)
2026-09-23 22:35:44,499 - RLController - INFO -   Stored schedules for 34 junctions, cycle starts at step 4410
2026-09-23 22:35:49,540 - RLController - INFO - DIAGNOSTIC Step 4500 - Observation stats:
2026-09-23 22:35:49,540 - RLController - INFO -   Hash: -7228195274757363804, Min: 0.000000, Max: 1.000000, Mean: 0.441932, Std: 0.456869
2026-09-23 22:35:49,541 - RLController - INFO -   First 10: [0.10000127 1.         0.9866667  1.         0.16251074 0.05924498
 0.         0.         0.99333334 1.        ]
2026-09-23 22:35:49,541 - RLController - INFO -   Last 10: [0.         0.2        0.         0.08333334 0.50641024 0.00351424
 0.08495726 0.51244843 0.         0.3       ]
2026-09-23 22:35:49,547 - RLController - INFO - DIAGNOSTIC - Raw model action output:
2026-09-23 22:35:49,547 - RLController - INFO -   Action hash: -3649302927006960910
2026-09-23 22:35:49,547 - RLController - INFO -   First 8 values: [ -7.154506 -10.       -10.       -10.       -10.       -10.
 -10.       -10.      ]
2026-09-23 22:35:49,547 - RLController - INFO -   Last 8 values: [-10.        -10.        -10.        -10.        -10.         -2.5611255
 -10.        -10.       ]
2026-09-23 22:35:49,548 - RLController - INFO -   Action shape: (136,), min: -10.000000, max: 5.120252, mean: -9.282429
2026-09-23 22:35:49,548 - RLController - INFO -   B0 junction (indices 16-19) raw values: [ -9.804821 -10.       -10.       -10.      ]
2026-09-23 22:35:49,548 - RLController - INFO - Using CONTINUOUS DURATION-BASED mode
2026-09-23 22:35:49,548 - RLController - INFO -   Example: junction A0 -> durations [54, 12, 12, 12] (total: 90s)
2026-09-23 22:35:49,548 - RLController - INFO -   Example: junction A1 -> durations [24, 22, 22, 22] (total: 90s)
2026-09-23 22:35:49,548 - RLController - INFO -   Example: junction A2 -> durations [12, 12, 54, 12] (total: 90s)
2026-09-23 22:35:49,549 - RLController - INFO -   Example: junction A4 -> durations [60, 10, 10, 10] (total: 90s)
2026-09-23 22:35:49,549 - RLController - INFO -   Example: junction A5 -> durations [24, 22, 22, 22] (total: 90s)
2026-09-23 22:35:49,549 - RLController - INFO -   Example: junction B0 -> durations [24, 22, 22, 22] (total: 90s)
2026-09-23 22:35:49,549 - RLController - INFO -   Example: junction B1 -> durations [24, 22, 22, 22] (total: 90s)
2026-09-23 22:35:49,549 - RLController - INFO -   Example: junction B2 -> durations [24, 22, 22, 22] (total: 90s)
2026-09-23 22:35:49,549 - RLController - INFO -   Example: junction B4 -> durations [24, 22, 22, 22] (total: 90s)
2026-09-23 22:35:49,549 - RLController - INFO -   Example: junction B5 -> durations [60, 10, 10, 10] (total: 90s)
2026-09-23 22:35:49,549 - RLController - INFO -   Example: junction C0 -> durations [21, 21, 27, 21] (total: 90s)
2026-09-23 22:35:49,549 - RLController - INFO -   Example: junction C1 -> durations [24, 22, 22, 22] (total: 90s)
2026-09-23 22:35:49,550 - RLController - INFO -   Example: junction C2 -> durations [57, 13, 10, 10] (total: 90s)
2026-09-23 22:35:49,550 - RLController - INFO -   Example: junction C3 -> durations [60, 10, 10, 10] (total: 90s)
2026-09-23 22:35:49,550 - RLController - INFO -   Example: junction C4 -> durations [60, 10, 10, 10] (total: 90s)
2026-09-23 22:35:49,550 - RLController - INFO -   Example: junction C5 -> durations [57, 11, 11, 11] (total: 90s)
2026-09-23 22:35:49,550 - RLController - INFO -   Example: junction D0 -> durations [24, 22, 22, 22] (total: 90s)
2026-09-23 22:35:49,550 - RLController - INFO -   Example: junction D1 -> durations [21, 21, 27, 21] (total: 90s)
2026-09-23 22:35:49,551 - RLController - INFO -   Example: junction D2 -> durations [48, 14, 14, 14] (total: 90s)
2026-09-23 22:35:49,551 - RLController - INFO -   Example: junction D3 -> durations [24, 22, 22, 22] (total: 90s)
2026-09-23 22:35:49,551 - RLController - INFO -   Example: junction D4 -> durations [24, 22, 22, 22] (total: 90s)
2026-09-23 22:35:49,551 - RLController - INFO -   Example: junction D5 -> durations [13, 13, 51, 13] (total: 90s)
2026-09-23 22:35:49,551 - RLController - INFO -   Example: junction E0 -> durations [24, 22, 22, 22] (total: 90s)
2026-09-23 22:35:49,551 - RLController - INFO -   Example: junction E1 -> durations [24, 22, 22, 22] (total: 90s)
2026-09-23 22:35:49,552 - RLController - INFO -   Stored schedules for 34 junctions, cycle starts at step 4500
2026-09-23 22:35:54,051 - RLController - INFO - DIAGNOSTIC Step 4590 - Observation stats:
2026-09-23 22:35:54,052 - RLController - INFO -   Hash: -5045451500372166179, Min: 0.000000, Max: 1.000000, Mean: 0.441731, Std: 0.455675
2026-09-23 22:35:54,052 - RLController - INFO -   First 10: [0.14285715 1.         0.98       1.         0.10362204 0.08760022
 0.         1.         0.99333334 1.        ]
2026-09-23 22:35:54,053 - RLController - INFO -   Last 10: [0.         0.2        0.         0.08333334 0.49786323 0.00385564
 0.08431624 0.52421176 0.         0.3       ]
2026-09-23 22:35:54,061 - RLController - INFO - DIAGNOSTIC - Raw model action output:
2026-09-23 22:35:54,061 - RLController - INFO -   Action hash: -274279392681986754
2026-09-23 22:35:54,061 - RLController - INFO -   First 8 values: [ -7.2832255 -10.        -10.        -10.        -10.        -10.
 -10.        -10.       ]
2026-09-23 22:35:54,062 - RLController - INFO -   Last 8 values: [-10.        -10.        -10.        -10.        -10.         -2.7871873
 -10.        -10.       ]
2026-09-23 22:35:54,062 - RLController - INFO -   Action shape: (136,), min: -10.000000, max: 4.728117, mean: -9.298743
2026-09-23 22:35:54,062 - RLController - INFO -   B0 junction (indices 16-19) raw values: [-10. -10. -10. -10.]
2026-09-23 22:35:54,063 - RLController - INFO - Using CONTINUOUS DURATION-BASED mode
2026-09-23 22:35:54,063 - RLController - INFO -   Example: junction A0 -> durations [51, 13, 13, 13] (total: 90s)
2026-09-23 22:35:54,063 - RLController - INFO -   Example: junction A1 -> durations [24, 22, 22, 22] (total: 90s)
2026-09-23 22:35:54,063 - RLController - INFO -   Example: junction A2 -> durations [12, 12, 54, 12] (total: 90s)
2026-09-23 22:35:54,064 - RLController - INFO -   Example: junction A4 -> durations [60, 10, 10, 10] (total: 90s)
2026-09-23 22:35:54,064 - RLController - INFO -   Example: junction A5 -> durations [24, 22, 22, 22] (total: 90s)
2026-09-23 22:35:54,064 - RLController - INFO -   Example: junction B0 -> durations [24, 22, 22, 22] (total: 90s)
2026-09-23 22:35:54,065 - RLController - INFO -   Example: junction B1 -> durations [24, 22, 22, 22] (total: 90s)
2026-09-23 22:35:54,065 - RLController - INFO -   Example: junction B2 -> durations [24, 22, 22, 22] (total: 90s)
2026-09-23 22:35:54,065 - RLController - INFO -   Example: junction B4 -> durations [24, 22, 22, 22] (total: 90s)
2026-09-23 22:35:54,065 - RLController - INFO -   Example: junction B5 -> durations [60, 10, 10, 10] (total: 90s)
2026-09-23 22:35:54,066 - RLController - INFO -   Example: junction C0 -> durations [22, 22, 24, 22] (total: 90s)
2026-09-23 22:35:54,066 - RLController - INFO -   Example: junction C1 -> durations [24, 22, 22, 22] (total: 90s)
2026-09-23 22:35:54,066 - RLController - INFO -   Example: junction C2 -> durations [57, 13, 10, 10] (total: 90s)
2026-09-23 22:35:54,066 - RLController - INFO -   Example: junction C3 -> durations [60, 10, 10, 10] (total: 90s)
2026-09-23 22:35:54,067 - RLController - INFO -   Example: junction C4 -> durations [57, 11, 11, 11] (total: 90s)
2026-09-23 22:35:54,067 - RLController - INFO -   Example: junction C5 -> durations [57, 11, 11, 11] (total: 90s)
2026-09-23 22:35:54,067 - RLController - INFO -   Example: junction D0 -> durations [24, 22, 22, 22] (total: 90s)
2026-09-23 22:35:54,067 - RLController - INFO -   Example: junction D1 -> durations [21, 21, 27, 21] (total: 90s)
2026-09-23 22:35:54,068 - RLController - INFO -   Example: junction D2 -> durations [48, 14, 14, 14] (total: 90s)
2026-09-23 22:35:54,068 - RLController - INFO -   Example: junction D3 -> durations [24, 22, 22, 22] (total: 90s)
2026-09-23 22:35:54,068 - RLController - INFO -   Example: junction D4 -> durations [24, 22, 22, 22] (total: 90s)
2026-09-23 22:35:54,069 - RLController - INFO -   Example: junction D5 -> durations [13, 13, 51, 13] (total: 90s)
2026-09-23 22:35:54,069 - RLController - INFO -   Example: junction E0 -> durations [24, 22, 22, 22] (total: 90s)
2026-09-23 22:35:54,069 - RLController - INFO -   Example: junction E1 -> durations [24, 22, 22, 22] (total: 90s)
2026-09-23 22:35:54,070 - RLController - INFO -   Stored schedules for 34 junctions, cycle starts at step 4590
2026-09-23 22:35:58,757 - RLController - INFO - DIAGNOSTIC Step 4680 - Observation stats:
2026-09-23 22:35:58,757 - RLController - INFO -   Hash: -8507442408398470384, Min: 0.000000, Max: 1.000000, Mean: 0.434288, Std: 0.457614
2026-09-23 22:35:58,757 - RLController - INFO -   First 10: [0.25       1.         0.96666664 1.         0.04470542 0.15814926
 0.         1.         0.99333334 1.        ]
2026-09-23 22:35:58,757 - RLController - INFO -   Last 10: [0.         0.2        0.         0.08333334 0.47863248 0.00353272
 0.08474359 0.5454707  0.         0.3       ]
2026-09-23 22:35:58,762 - RLController - INFO - DIAGNOSTIC - Raw model action output:
2026-09-23 22:35:58,762 - RLController - INFO -   Action hash: -7633301788650387120
2026-09-23 22:35:58,763 - RLController - INFO -   First 8 values: [ -7.2486424 -10.        -10.        -10.        -10.        -10.
 -10.        -10.       ]
2026-09-23 22:35:58,763 - RLController - INFO -   Last 8 values: [-10.        -10.        -10.        -10.        -10.         -2.2615917
 -10.        -10.       ]
2026-09-23 22:35:58,763 - RLController - INFO -   Action shape: (136,), min: -10.000000, max: 5.049886, mean: -9.273736
2026-09-23 22:35:58,763 - RLController - INFO -   B0 junction (indices 16-19) raw values: [-10. -10. -10. -10.]
2026-09-23 22:35:58,763 - RLController - INFO - Using CONTINUOUS DURATION-BASED mode
2026-09-23 22:35:58,764 - RLController - INFO -   Example: junction A0 -> durations [51, 13, 13, 13] (total: 90s)
2026-09-23 22:35:58,764 - RLController - INFO -   Example: junction A1 -> durations [24, 22, 22, 22] (total: 90s)
2026-09-23 22:35:58,764 - RLController - INFO -   Example: junction A2 -> durations [12, 12, 54, 12] (total: 90s)
2026-09-23 22:35:58,764 - RLController - INFO -   Example: junction A4 -> durations [60, 10, 10, 10] (total: 90s)
2026-09-23 22:35:58,764 - RLController - INFO -   Example: junction A5 -> durations [24, 22, 22, 22] (total: 90s)
2026-09-23 22:35:58,764 - RLController - INFO -   Example: junction B0 -> durations [24, 22, 22, 22] (total: 90s)
2026-09-23 22:35:58,765 - RLController - INFO -   Example: junction B1 -> durations [24, 22, 22, 22] (total: 90s)
2026-09-23 22:35:58,765 - RLController - INFO -   Example: junction B2 -> durations [24, 22, 22, 22] (total: 90s)
2026-09-23 22:35:58,765 - RLController - INFO -   Example: junction B4 -> durations [24, 22, 22, 22] (total: 90s)
2026-09-23 22:35:58,765 - RLController - INFO -   Example: junction B5 -> durations [60, 10, 10, 10] (total: 90s)
2026-09-23 22:35:58,765 - RLController - INFO -   Example: junction C0 -> durations [20, 20, 30, 20] (total: 90s)
2026-09-23 22:35:58,765 - RLController - INFO -   Example: junction C1 -> durations [24, 22, 22, 22] (total: 90s)
2026-09-23 22:35:58,766 - RLController - INFO -   Example: junction C2 -> durations [56, 14, 10, 10] (total: 90s)
2026-09-23 22:35:58,766 - RLController - INFO -   Example: junction C3 -> durations [60, 10, 10, 10] (total: 90s)
2026-09-23 22:35:58,766 - RLController - INFO -   Example: junction C4 -> durations [57, 11, 11, 11] (total: 90s)
2026-09-23 22:35:58,766 - RLController - INFO -   Example: junction C5 -> durations [57, 11, 11, 11] (total: 90s)
2026-09-23 22:35:58,766 - RLController - INFO -   Example: junction D0 -> durations [24, 22, 22, 22] (total: 90s)
2026-09-23 22:35:58,766 - RLController - INFO -   Example: junction D1 -> durations [20, 20, 30, 20] (total: 90s)
2026-09-23 22:35:58,766 - RLController - INFO -   Example: junction D2 -> durations [48, 14, 14, 14] (total: 90s)
2026-09-23 22:35:58,766 - RLController - INFO -   Example: junction D3 -> durations [24, 22, 22, 22] (total: 90s)
2026-09-23 22:35:58,766 - RLController - INFO -   Example: junction D4 -> durations [24, 22, 22, 22] (total: 90s)
2026-09-23 22:35:58,766 - RLController - INFO -   Example: junction D5 -> durations [13, 13, 51, 13] (total: 90s)
2026-09-23 22:35:58,767 - RLController - INFO -   Example: junction E0 -> durations [24, 22, 22, 22] (total: 90s)
2026-09-23 22:35:58,767 - RLController - INFO -   Example: junction E1 -> durations [24, 22, 22, 22] (total: 90s)
2026-09-23 22:35:58,767 - RLController - INFO -   Stored schedules for 34 junctions, cycle starts at step 4680
2026-09-23 22:36:03,373 - RLController - INFO - DIAGNOSTIC Step 4770 - Observation stats:
2026-09-23 22:36:03,374 - RLController - INFO -   Hash: -4791622516792350535, Min: 0.000000, Max: 1.000625, Mean: 0.439619, Std: 0.456353
2026-09-23 22:36:03,374 - RLController - INFO -   First 10: [1.         0.         0.         0.         0.         0.632597
 0.         1.         0.99333334 1.        ]
2026-09-23 22:36:03,375 - RLController - INFO -   Last 10: [0.         0.2        0.         0.08333334 0.491453   0.00294831
 0.08465812 0.52098435 0.         0.3       ]
2026-09-23 22:36:03,379 - RLController - INFO - DIAGNOSTIC - Raw model action output:
2026-09-23 22:36:03,379 - RLController - INFO -   Action hash: 4343630667187065844
2026-09-23 22:36:03,380 - RLController - INFO -   First 8 values: [ -7.4495497 -10.        -10.        -10.        -10.        -10.
 -10.        -10.       ]
2026-09-23 22:36:03,380 - RLController - INFO -   Last 8 values: [-10.        -10.        -10.        -10.        -10.         -2.3103251
 -10.        -10.       ]
2026-09-23 22:36:03,380 - RLController - INFO -   Action shape: (136,), min: -10.000000, max: 4.991343, mean: -9.274763
2026-09-23 22:36:03,380 - RLController - INFO -   B0 junction (indices 16-19) raw values: [ -9.739694 -10.       -10.       -10.      ]
2026-09-23 22:36:03,380 - RLController - INFO - Using CONTINUOUS DURATION-BASED mode
2026-09-23 22:36:03,380 - RLController - INFO -   Example: junction A0 -> durations [51, 13, 13, 13] (total: 90s)
2026-09-23 22:36:03,380 - RLController - INFO -   Example: junction A1 -> durations [24, 22, 22, 22] (total: 90s)
2026-09-23 22:36:03,381 - RLController - INFO -   Example: junction A2 -> durations [12, 12, 54, 12] (total: 90s)
2026-09-23 22:36:03,381 - RLController - INFO -   Example: junction A4 -> durations [60, 10, 10, 10] (total: 90s)
2026-09-23 22:36:03,381 - RLController - INFO -   Example: junction A5 -> durations [24, 22, 22, 22] (total: 90s)
2026-09-23 22:36:03,381 - RLController - INFO -   Example: junction B0 -> durations [24, 22, 22, 22] (total: 90s)
2026-09-23 22:36:03,381 - RLController - INFO -   Example: junction B1 -> durations [24, 22, 22, 22] (total: 90s)
2026-09-23 22:36:03,381 - RLController - INFO -   Example: junction B2 -> durations [24, 22, 22, 22] (total: 90s)
2026-09-23 22:36:03,381 - RLController - INFO -   Example: junction B4 -> durations [24, 22, 22, 22] (total: 90s)
2026-09-23 22:36:03,381 - RLController - INFO -   Example: junction B5 -> durations [60, 10, 10, 10] (total: 90s)
2026-09-23 22:36:03,381 - RLController - INFO -   Example: junction C0 -> durations [24, 22, 22, 22] (total: 90s)
2026-09-23 22:36:03,382 - RLController - INFO -   Example: junction C1 -> durations [24, 22, 22, 22] (total: 90s)
2026-09-23 22:36:03,382 - RLController - INFO -   Example: junction C2 -> durations [55, 15, 10, 10] (total: 90s)
2026-09-23 22:36:03,382 - RLController - INFO -   Example: junction C3 -> durations [60, 10, 10, 10] (total: 90s)
2026-09-23 22:36:03,382 - RLController - INFO -   Example: junction C4 -> durations [57, 11, 11, 11] (total: 90s)
2026-09-23 22:36:03,382 - RLController - INFO -   Example: junction C5 -> durations [57, 11, 11, 11] (total: 90s)
2026-09-23 22:36:03,382 - RLController - INFO -   Example: junction D0 -> durations [24, 22, 22, 22] (total: 90s)
2026-09-23 22:36:03,382 - RLController - INFO -   Example: junction D1 -> durations [22, 22, 24, 22] (total: 90s)
2026-09-23 22:36:03,382 - RLController - INFO -   Example: junction D2 -> durations [48, 14, 14, 14] (total: 90s)
2026-09-23 22:36:03,382 - RLController - INFO -   Example: junction D3 -> durations [24, 22, 22, 22] (total: 90s)
2026-09-23 22:36:03,383 - RLController - INFO -   Example: junction D4 -> durations [24, 22, 22, 22] (total: 90s)
2026-09-23 22:36:03,383 - RLController - INFO -   Example: junction D5 -> durations [13, 13, 51, 13] (total: 90s)
2026-09-23 22:36:03,383 - RLController - INFO -   Example: junction E0 -> durations [24, 22, 22, 22] (total: 90s)
2026-09-23 22:36:03,383 - RLController - INFO -   Example: junction E1 -> durations [24, 22, 22, 22] (total: 90s)
2026-09-23 22:36:03,384 - RLController - INFO -   Stored schedules for 34 junctions, cycle starts at step 4770
2026-09-23 22:36:08,077 - RLController - INFO - DIAGNOSTIC Step 4860 - Observation stats:
2026-09-23 22:36:08,077 - RLController - INFO -   Hash: 3987254752338266624, Min: 0.000000, Max: 1.000000, Mean: 0.441003, Std: 0.456143
2026-09-23 22:36:08,078 - RLController - INFO -   First 10: [1.         0.         0.         0.         0.         0.632597
 0.         1.         0.99333334 1.        ]
2026-09-23 22:36:08,079 - RLController - INFO -   Last 10: [0.         0.2        0.         0.08333334 0.4957265  0.00365919
 0.08564103 0.52933896 0.         0.3       ]
2026-09-23 22:36:08,086 - RLController - INFO - DIAGNOSTIC - Raw model action output:
2026-09-23 22:36:08,086 - RLController - INFO -   Action hash: -3550976486873134007
2026-09-23 22:36:08,086 - RLController - INFO -   First 8 values: [ -7.245355 -10.       -10.       -10.       -10.       -10.
 -10.       -10.      ]
2026-09-23 22:36:08,087 - RLController - INFO -   Last 8 values: [-10.       -10.       -10.       -10.       -10.        -1.760035
 -10.       -10.      ]
2026-09-23 22:36:08,087 - RLController - INFO -   Action shape: (136,), min: -10.000000, max: 6.002735, mean: -9.276397
2026-09-23 22:36:08,087 - RLController - INFO -   B0 junction (indices 16-19) raw values: [ -9.313741 -10.       -10.       -10.      ]
2026-09-23 22:36:08,088 - RLController - INFO - Using CONTINUOUS DURATION-BASED mode
2026-09-23 22:36:08,088 - RLController - INFO -   Example: junction A0 -> durations [51, 13, 13, 13] (total: 90s)
2026-09-23 22:36:08,088 - RLController - INFO -   Example: junction A1 -> durations [24, 22, 22, 22] (total: 90s)
2026-09-23 22:36:08,088 - RLController - INFO -   Example: junction A2 -> durations [12, 12, 54, 12] (total: 90s)
2026-09-23 22:36:08,089 - RLController - INFO -   Example: junction A4 -> durations [60, 10, 10, 10] (total: 90s)
2026-09-23 22:36:08,089 - RLController - INFO -   Example: junction A5 -> durations [30, 20, 20, 20] (total: 90s)
2026-09-23 22:36:08,089 - RLController - INFO -   Example: junction B0 -> durations [24, 22, 22, 22] (total: 90s)
2026-09-23 22:36:08,089 - RLController - INFO -   Example: junction B1 -> durations [24, 22, 22, 22] (total: 90s)
2026-09-23 22:36:08,090 - RLController - INFO -   Example: junction B2 -> durations [24, 22, 22, 22] (total: 90s)
2026-09-23 22:36:08,090 - RLController - INFO -   Example: junction B4 -> durations [24, 22, 22, 22] (total: 90s)
2026-09-23 22:36:08,090 - RLController - INFO -   Example: junction B5 -> durations [60, 10, 10, 10] (total: 90s)
2026-09-23 22:36:08,090 - RLController - INFO -   Example: junction C0 -> durations [24, 22, 22, 22] (total: 90s)
2026-09-23 22:36:08,090 - RLController - INFO -   Example: junction C1 -> durations [24, 22, 22, 22] (total: 90s)
2026-09-23 22:36:08,091 - RLController - INFO -   Example: junction C2 -> durations [55, 15, 10, 10] (total: 90s)
2026-09-23 22:36:08,091 - RLController - INFO -   Example: junction C3 -> durations [60, 10, 10, 10] (total: 90s)
2026-09-23 22:36:08,091 - RLController - INFO -   Example: junction C4 -> durations [57, 11, 11, 11] (total: 90s)
2026-09-23 22:36:08,091 - RLController - INFO -   Example: junction C5 -> durations [57, 11, 11, 11] (total: 90s)
2026-09-23 22:36:08,092 - RLController - INFO -   Example: junction D0 -> durations [24, 22, 22, 22] (total: 90s)
2026-09-23 22:36:08,092 - RLController - INFO -   Example: junction D1 -> durations [22, 22, 24, 22] (total: 90s)
2026-09-23 22:36:08,092 - RLController - INFO -   Example: junction D2 -> durations [48, 14, 14, 14] (total: 90s)
2026-09-23 22:36:08,092 - RLController - INFO -   Example: junction D3 -> durations [24, 22, 22, 22] (total: 90s)
2026-09-23 22:36:08,093 - RLController - INFO -   Example: junction D4 -> durations [24, 22, 22, 22] (total: 90s)
2026-09-23 22:36:08,093 - RLController - INFO -   Example: junction D5 -> durations [13, 13, 51, 13] (total: 90s)
2026-09-23 22:36:08,093 - RLController - INFO -   Example: junction E0 -> durations [24, 22, 22, 22] (total: 90s)
2026-09-23 22:36:08,093 - RLController - INFO -   Example: junction E1 -> durations [24, 22, 22, 22] (total: 90s)
2026-09-23 22:36:08,094 - RLController - INFO -   Stored schedules for 34 junctions, cycle starts at step 4860
2026-09-23 22:36:12,974 - RLController - INFO - DIAGNOSTIC Step 4950 - Observation stats:
2026-09-23 22:36:12,975 - RLController - INFO -   Hash: -4760177672672250112, Min: 0.000000, Max: 1.000000, Mean: 0.446251, Std: 0.459381
2026-09-23 22:36:12,976 - RLController - INFO -   First 10: [1.       0.       0.       0.       0.       0.632597 1.       0.
 0.       0.      ]
2026-09-23 22:36:12,976 - RLController - INFO -   Last 10: [0.         0.2        0.         0.08333334 0.50213677 0.0029496
 0.08820513 0.5142005  0.         0.3       ]
2026-09-23 22:36:12,981 - RLController - INFO - DIAGNOSTIC - Raw model action output:
2026-09-23 22:36:12,981 - RLController - INFO -   Action hash: -7682906304635380540
2026-09-23 22:36:12,981 - RLController - INFO -   First 8 values: [ -7.378526 -10.       -10.       -10.       -10.       -10.
 -10.       -10.      ]
2026-09-23 22:36:12,981 - RLController - INFO -   Last 8 values: [-10.        -10.        -10.        -10.        -10.         -1.0931499
 -10.        -10.       ]
2026-09-23 22:36:12,981 - RLController - INFO -   Action shape: (136,), min: -10.000000, max: 5.171283, mean: -9.284126
2026-09-23 22:36:12,982 - RLController - INFO -   B0 junction (indices 16-19) raw values: [-10. -10. -10. -10.]
2026-09-23 22:36:12,982 - RLController - INFO - Using CONTINUOUS DURATION-BASED mode
2026-09-23 22:36:12,982 - RLController - INFO -   Example: junction A0 -> durations [51, 13, 13, 13] (total: 90s)
2026-09-23 22:36:12,982 - RLController - INFO -   Example: junction A1 -> durations [24, 22, 22, 22] (total: 90s)
2026-09-23 22:36:12,982 - RLController - INFO -   Example: junction A2 -> durations [12, 12, 54, 12] (total: 90s)
2026-09-23 22:36:12,982 - RLController - INFO -   Example: junction A4 -> durations [60, 10, 10, 10] (total: 90s)
2026-09-23 22:36:12,983 - RLController - INFO -   Example: junction A5 -> durations [24, 22, 22, 22] (total: 90s)
2026-09-23 22:36:12,983 - RLController - INFO -   Example: junction B0 -> durations [24, 22, 22, 22] (total: 90s)
2026-09-23 22:36:12,983 - RLController - INFO -   Example: junction B1 -> durations [24, 22, 22, 22] (total: 90s)
2026-09-23 22:36:12,983 - RLController - INFO -   Example: junction B2 -> durations [24, 22, 22, 22] (total: 90s)
2026-09-23 22:36:12,983 - RLController - INFO -   Example: junction B4 -> durations [24, 22, 22, 22] (total: 90s)
2026-09-23 22:36:12,983 - RLController - INFO -   Example: junction B5 -> durations [60, 10, 10, 10] (total: 90s)
2026-09-23 22:36:12,984 - RLController - INFO -   Example: junction C0 -> durations [24, 22, 22, 22] (total: 90s)
2026-09-23 22:36:12,984 - RLController - INFO -   Example: junction C1 -> durations [24, 22, 22, 22] (total: 90s)
2026-09-23 22:36:12,984 - RLController - INFO -   Example: junction C2 -> durations [56, 14, 10, 10] (total: 90s)
2026-09-23 22:36:12,985 - RLController - INFO -   Example: junction C3 -> durations [60, 10, 10, 10] (total: 90s)
2026-09-23 22:36:12,985 - RLController - INFO -   Example: junction C4 -> durations [60, 10, 10, 10] (total: 90s)
2026-09-23 22:36:12,985 - RLController - INFO -   Example: junction C5 -> durations [57, 11, 11, 11] (total: 90s)
2026-09-23 22:36:12,985 - RLController - INFO -   Example: junction D0 -> durations [24, 22, 22, 22] (total: 90s)
2026-09-23 22:36:12,985 - RLController - INFO -   Example: junction D1 -> durations [22, 22, 24, 22] (total: 90s)
2026-09-23 22:36:12,985 - RLController - INFO -   Example: junction D2 -> durations [48, 14, 14, 14] (total: 90s)
2026-09-23 22:36:12,985 - RLController - INFO -   Example: junction D3 -> durations [24, 22, 22, 22] (total: 90s)
2026-09-23 22:36:12,985 - RLController - INFO -   Example: junction D4 -> durations [24, 22, 22, 22] (total: 90s)
2026-09-23 22:36:12,986 - RLController - INFO -   Example: junction D5 -> durations [14, 14, 48, 14] (total: 90s)
2026-09-23 22:36:12,986 - RLController - INFO -   Example: junction E0 -> durations [24, 22, 22, 22] (total: 90s)
2026-09-23 22:36:12,986 - RLController - INFO -   Example: junction E1 -> durations [24, 22, 22, 22] (total: 90s)
2026-09-23 22:36:12,986 - RLController - INFO -   Stored schedules for 34 junctions, cycle starts at step 4950
2026-09-23 22:36:17,896 - RLController - INFO - DIAGNOSTIC Step 5040 - Observation stats:
2026-09-23 22:36:17,896 - RLController - INFO -   Hash: -5969373069139831070, Min: 0.000000, Max: 1.000000, Mean: 0.439994, Std: 0.458507
2026-09-23 22:36:17,897 - RLController - INFO -   First 10: [1.         0.         0.         0.         0.         0.632597
 0.         0.         0.99333334 1.        ]
2026-09-23 22:36:17,897 - RLController - INFO -   Last 10: [0.         0.2        0.         0.08333334 0.48931623 0.00316539
 0.08816239 0.53276837 0.         0.3       ]
2026-09-23 22:36:17,907 - RLController - INFO - DIAGNOSTIC - Raw model action output:
2026-09-23 22:36:17,907 - RLController - INFO -   Action hash: 4710125390076843596
2026-09-23 22:36:17,907 - RLController - INFO -   First 8 values: [ -7.035777 -10.       -10.       -10.       -10.       -10.
 -10.       -10.      ]
2026-09-23 22:36:17,907 - RLController - INFO -   Last 8 values: [-10.       -10.       -10.       -10.       -10.        -0.845781
 -10.       -10.      ]
2026-09-23 22:36:17,908 - RLController - INFO -   Action shape: (136,), min: -10.000000, max: 5.716868, mean: -9.270634
2026-09-23 22:36:17,908 - RLController - INFO -   B0 junction (indices 16-19) raw values: [ -9.4734335 -10.        -10.        -10.       ]
2026-09-23 22:36:17,908 - RLController - INFO - Using CONTINUOUS DURATION-BASED mode
2026-09-23 22:36:17,908 - RLController - INFO -   Example: junction A0 -> durations [54, 12, 12, 12] (total: 90s)
2026-09-23 22:36:17,908 - RLController - INFO -   Example: junction A1 -> durations [24, 22, 22, 22] (total: 90s)
2026-09-23 22:36:17,908 - RLController - INFO -   Example: junction A2 -> durations [12, 12, 54, 12] (total: 90s)
2026-09-23 22:36:17,908 - RLController - INFO -   Example: junction A4 -> durations [60, 10, 10, 10] (total: 90s)
2026-09-23 22:36:17,909 - RLController - INFO -   Example: junction A5 -> durations [27, 21, 21, 21] (total: 90s)
2026-09-23 22:36:17,909 - RLController - INFO -   Example: junction B0 -> durations [24, 22, 22, 22] (total: 90s)
2026-09-23 22:36:17,909 - RLController - INFO -   Example: junction B1 -> durations [24, 22, 22, 22] (total: 90s)
2026-09-23 22:36:17,909 - RLController - INFO -   Example: junction B2 -> durations [24, 22, 22, 22] (total: 90s)
2026-09-23 22:36:17,909 - RLController - INFO -   Example: junction B4 -> durations [24, 22, 22, 22] (total: 90s)
2026-09-23 22:36:17,909 - RLController - INFO -   Example: junction B5 -> durations [60, 10, 10, 10] (total: 90s)
2026-09-23 22:36:17,909 - RLController - INFO -   Example: junction C0 -> durations [22, 22, 24, 22] (total: 90s)
2026-09-23 22:36:17,909 - RLController - INFO -   Example: junction C1 -> durations [24, 22, 22, 22] (total: 90s)
2026-09-23 22:36:17,909 - RLController - INFO -   Example: junction C2 -> durations [56, 14, 10, 10] (total: 90s)
2026-09-23 22:36:17,910 - RLController - INFO -   Example: junction C3 -> durations [60, 10, 10, 10] (total: 90s)
2026-09-23 22:36:17,910 - RLController - INFO -   Example: junction C4 -> durations [57, 11, 11, 11] (total: 90s)
2026-09-23 22:36:17,910 - RLController - INFO -   Example: junction C5 -> durations [57, 11, 11, 11] (total: 90s)
2026-09-23 22:36:17,910 - RLController - INFO -   Example: junction D0 -> durations [24, 22, 22, 22] (total: 90s)
2026-09-23 22:36:17,910 - RLController - INFO -   Example: junction D1 -> durations [22, 22, 24, 22] (total: 90s)
2026-09-23 22:36:17,910 - RLController - INFO -   Example: junction D2 -> durations [48, 14, 14, 14] (total: 90s)
2026-09-23 22:36:17,910 - RLController - INFO -   Example: junction D3 -> durations [24, 22, 22, 22] (total: 90s)
2026-09-23 22:36:17,910 - RLController - INFO -   Example: junction D4 -> durations [24, 22, 22, 22] (total: 90s)
2026-09-23 22:36:17,911 - RLController - INFO -   Example: junction D5 -> durations [13, 13, 51, 13] (total: 90s)
2026-09-23 22:36:17,911 - RLController - INFO -   Example: junction E0 -> durations [24, 22, 22, 22] (total: 90s)
2026-09-23 22:36:17,911 - RLController - INFO -   Example: junction E1 -> durations [24, 22, 22, 22] (total: 90s)
2026-09-23 22:36:17,912 - RLController - INFO -   Stored schedules for 34 junctions, cycle starts at step 5040
2026-09-23 22:36:22,736 - RLController - INFO - DIAGNOSTIC Step 5130 - Observation stats:
2026-09-23 22:36:22,737 - RLController - INFO -   Hash: 6721919970984952256, Min: 0.000000, Max: 1.000000, Mean: 0.449645, Std: 0.460526
2026-09-23 22:36:22,737 - RLController - INFO -   First 10: [1.         0.         0.         0.         0.         0.632597
 0.         1.         0.99333334 1.        ]
2026-09-23 22:36:22,738 - RLController - INFO -   Last 10: [0.         0.2        0.         0.08333334 0.525641   0.00328211
 0.08974359 0.49498454 0.         0.3       ]
2026-09-23 22:36:22,742 - RLController - INFO - DIAGNOSTIC - Raw model action output:
2026-09-23 22:36:22,742 - RLController - INFO -   Action hash: -4624665308928156325
2026-09-23 22:36:22,743 - RLController - INFO -   First 8 values: [ -7.19204 -10.      -10.      -10.      -10.      -10.      -10.
 -10.     ]
2026-09-23 22:36:22,743 - RLController - INFO -   Last 8 values: [-10.        -10.        -10.        -10.        -10.         -1.9972413
 -10.        -10.       ]
2026-09-23 22:36:22,743 - RLController - INFO -   Action shape: (136,), min: -10.000000, max: 4.946528, mean: -9.299293
2026-09-23 22:36:22,743 - RLController - INFO -   B0 junction (indices 16-19) raw values: [ -9.912137 -10.       -10.       -10.      ]
2026-09-23 22:36:22,743 - RLController - INFO - Using CONTINUOUS DURATION-BASED mode
2026-09-23 22:36:22,744 - RLController - INFO -   Example: junction A0 -> durations [51, 13, 13, 13] (total: 90s)
2026-09-23 22:36:22,744 - RLController - INFO -   Example: junction A1 -> durations [24, 22, 22, 22] (total: 90s)
2026-09-23 22:36:22,744 - RLController - INFO -   Example: junction A2 -> durations [12, 12, 54, 12] (total: 90s)
2026-09-23 22:36:22,744 - RLController - INFO -   Example: junction A4 -> durations [60, 10, 10, 10] (total: 90s)
2026-09-23 22:36:22,745 - RLController - INFO -   Example: junction A5 -> durations [24, 22, 22, 22] (total: 90s)
2026-09-23 22:36:22,745 - RLController - INFO -   Example: junction B0 -> durations [24, 22, 22, 22] (total: 90s)
2026-09-23 22:36:22,745 - RLController - INFO -   Example: junction B1 -> durations [24, 22, 22, 22] (total: 90s)
2026-09-23 22:36:22,745 - RLController - INFO -   Example: junction B2 -> durations [24, 22, 22, 22] (total: 90s)
2026-09-23 22:36:22,745 - RLController - INFO -   Example: junction B4 -> durations [24, 22, 22, 22] (total: 90s)
2026-09-23 22:36:22,745 - RLController - INFO -   Example: junction B5 -> durations [60, 10, 10, 10] (total: 90s)
2026-09-23 22:36:22,746 - RLController - INFO -   Example: junction C0 -> durations [22, 22, 24, 22] (total: 90s)
2026-09-23 22:36:22,746 - RLController - INFO -   Example: junction C1 -> durations [24, 22, 22, 22] (total: 90s)
2026-09-23 22:36:22,746 - RLController - INFO -   Example: junction C2 -> durations [57, 13, 10, 10] (total: 90s)
2026-09-23 22:36:22,746 - RLController - INFO -   Example: junction C3 -> durations [60, 10, 10, 10] (total: 90s)
2026-09-23 22:36:22,746 - RLController - INFO -   Example: junction C4 -> durations [60, 10, 10, 10] (total: 90s)
2026-09-23 22:36:22,746 - RLController - INFO -   Example: junction C5 -> durations [57, 11, 11, 11] (total: 90s)
2026-09-23 22:36:22,746 - RLController - INFO -   Example: junction D0 -> durations [24, 22, 22, 22] (total: 90s)
2026-09-23 22:36:22,746 - RLController - INFO -   Example: junction D1 -> durations [22, 22, 24, 22] (total: 90s)
2026-09-23 22:36:22,747 - RLController - INFO -   Example: junction D2 -> durations [45, 15, 15, 15] (total: 90s)
2026-09-23 22:36:22,747 - RLController - INFO -   Example: junction D3 -> durations [24, 22, 22, 22] (total: 90s)
2026-09-23 22:36:22,747 - RLController - INFO -   Example: junction D4 -> durations [24, 22, 22, 22] (total: 90s)
2026-09-23 22:36:22,747 - RLController - INFO -   Example: junction D5 -> durations [14, 14, 48, 14] (total: 90s)
2026-09-23 22:36:22,747 - RLController - INFO -   Example: junction E0 -> durations [24, 22, 22, 22] (total: 90s)
2026-09-23 22:36:22,747 - RLController - INFO -   Example: junction E1 -> durations [24, 22, 22, 22] (total: 90s)
2026-09-23 22:36:22,748 - RLController - INFO -   Stored schedules for 34 junctions, cycle starts at step 5130
2026-09-23 22:36:27,727 - RLController - INFO - DIAGNOSTIC Step 5220 - Observation stats:
2026-09-23 22:36:27,727 - RLController - INFO -   Hash: 1172443301759644134, Min: 0.000000, Max: 1.000000, Mean: 0.451661, Std: 0.458849
2026-09-23 22:36:27,728 - RLController - INFO -   First 10: [1.         0.         0.         0.         0.         0.632597
 0.         1.         0.99333334 1.        ]
2026-09-23 22:36:27,728 - RLController - INFO -   Last 10: [0.         0.2        0.         0.08333334 0.5363248  0.00400585
 0.09192308 0.4945179  0.         0.3       ]
2026-09-23 22:36:27,736 - RLController - INFO - DIAGNOSTIC - Raw model action output:
2026-09-23 22:36:27,736 - RLController - INFO -   Action hash: -3971130698394322486
2026-09-23 22:36:27,737 - RLController - INFO -   First 8 values: [ -7.4325943 -10.        -10.        -10.        -10.        -10.
 -10.        -10.       ]
2026-09-23 22:36:27,737 - RLController - INFO -   Last 8 values: [-10.       -10.       -10.       -10.       -10.        -3.513253
 -10.       -10.      ]
2026-09-23 22:36:27,737 - RLController - INFO -   Action shape: (136,), min: -10.000000, max: 4.284078, mean: -9.300212
2026-09-23 22:36:27,738 - RLController - INFO -   B0 junction (indices 16-19) raw values: [-10. -10. -10. -10.]
2026-09-23 22:36:27,738 - RLController - INFO - Using CONTINUOUS DURATION-BASED mode
2026-09-23 22:36:27,739 - RLController - INFO -   Example: junction A0 -> durations [51, 13, 13, 13] (total: 90s)
2026-09-23 22:36:27,739 - RLController - INFO -   Example: junction A1 -> durations [24, 22, 22, 22] (total: 90s)
2026-09-23 22:36:27,739 - RLController - INFO -   Example: junction A2 -> durations [12, 12, 54, 12] (total: 90s)
2026-09-23 22:36:27,740 - RLController - INFO -   Example: junction A4 -> durations [60, 10, 10, 10] (total: 90s)
2026-09-23 22:36:27,740 - RLController - INFO -   Example: junction A5 -> durations [24, 22, 22, 22] (total: 90s)
2026-09-23 22:36:27,740 - RLController - INFO -   Example: junction B0 -> durations [24, 22, 22, 22] (total: 90s)
2026-09-23 22:36:27,741 - RLController - INFO -   Example: junction B1 -> durations [24, 22, 22, 22] (total: 90s)
2026-09-23 22:36:27,741 - RLController - INFO -   Example: junction B2 -> durations [24, 22, 22, 22] (total: 90s)
2026-09-23 22:36:27,741 - RLController - INFO -   Example: junction B4 -> durations [24, 22, 22, 22] (total: 90s)
2026-09-23 22:36:27,742 - RLController - INFO -   Example: junction B5 -> durations [60, 10, 10, 10] (total: 90s)
2026-09-23 22:36:27,742 - RLController - INFO -   Example: junction C0 -> durations [22, 22, 24, 22] (total: 90s)
2026-09-23 22:36:27,742 - RLController - INFO -   Example: junction C1 -> durations [24, 22, 22, 22] (total: 90s)
2026-09-23 22:36:27,742 - RLController - INFO -   Example: junction C2 -> durations [57, 13, 10, 10] (total: 90s)
2026-09-23 22:36:27,743 - RLController - INFO -   Example: junction C3 -> durations [60, 10, 10, 10] (total: 90s)
2026-09-23 22:36:27,743 - RLController - INFO -   Example: junction C4 -> durations [60, 10, 10, 10] (total: 90s)
2026-09-23 22:36:27,744 - RLController - INFO -   Example: junction C5 -> durations [57, 11, 11, 11] (total: 90s)
2026-09-23 22:36:27,745 - RLController - INFO -   Example: junction D0 -> durations [24, 22, 22, 22] (total: 90s)
2026-09-23 22:36:27,745 - RLController - INFO -   Example: junction D1 -> durations [21, 21, 27, 21] (total: 90s)
2026-09-23 22:36:27,745 - RLController - INFO -   Example: junction D2 -> durations [51, 13, 13, 13] (total: 90s)
2026-09-23 22:36:27,745 - RLController - INFO -   Example: junction D3 -> durations [24, 22, 22, 22] (total: 90s)
2026-09-23 22:36:27,746 - RLController - INFO -   Example: junction D4 -> durations [24, 22, 22, 22] (total: 90s)
2026-09-23 22:36:27,746 - RLController - INFO -   Example: junction D5 -> durations [13, 13, 51, 13] (total: 90s)
2026-09-23 22:36:27,746 - RLController - INFO -   Example: junction E0 -> durations [24, 22, 22, 22] (total: 90s)
2026-09-23 22:36:27,747 - RLController - INFO -   Example: junction E1 -> durations [24, 22, 22, 22] (total: 90s)
2026-09-23 22:36:27,748 - RLController - INFO -   Stored schedules for 34 junctions, cycle starts at step 5220
2026-09-23 22:36:32,558 - RLController - INFO - DIAGNOSTIC Step 5310 - Observation stats:
2026-09-23 22:36:32,558 - RLController - INFO -   Hash: 8214559232823538783, Min: 0.000000, Max: 1.000587, Mean: 0.445734, Std: 0.456604
2026-09-23 22:36:32,559 - RLController - INFO -   First 10: [1.       0.       0.       0.       0.       0.632597 1.       0.
 0.       0.      ]
2026-09-23 22:36:32,559 - RLController - INFO -   Last 10: [0.         0.2        0.         0.08333334 0.48931623 0.00327598
 0.09076923 0.5254824  0.         0.3       ]
2026-09-23 22:36:32,564 - RLController - INFO - DIAGNOSTIC - Raw model action output:
2026-09-23 22:36:32,564 - RLController - INFO -   Action hash: 8017724524364658269
2026-09-23 22:36:32,565 - RLController - INFO -   First 8 values: [ -7.1950884 -10.        -10.        -10.        -10.        -10.
 -10.        -10.       ]
2026-09-23 22:36:32,565 - RLController - INFO -   Last 8 values: [-10.        -10.        -10.        -10.        -10.         -3.7939932
 -10.        -10.       ]
2026-09-23 22:36:32,565 - RLController - INFO -   Action shape: (136,), min: -10.000000, max: 5.431773, mean: -9.264121
2026-09-23 22:36:32,566 - RLController - INFO -   B0 junction (indices 16-19) raw values: [ -9.574546 -10.       -10.       -10.      ]
2026-09-23 22:36:32,566 - RLController - INFO - Using CONTINUOUS DURATION-BASED mode
2026-09-23 22:36:32,566 - RLController - INFO -   Example: junction A0 -> durations [51, 13, 13, 13] (total: 90s)
2026-09-23 22:36:32,567 - RLController - INFO -   Example: junction A1 -> durations [24, 22, 22, 22] (total: 90s)
2026-09-23 22:36:32,567 - RLController - INFO -   Example: junction A2 -> durations [12, 12, 54, 12] (total: 90s)
2026-09-23 22:36:32,567 - RLController - INFO -   Example: junction A4 -> durations [60, 10, 10, 10] (total: 90s)
2026-09-23 22:36:32,567 - RLController - INFO -   Example: junction A5 -> durations [27, 21, 21, 21] (total: 90s)
2026-09-23 22:36:32,567 - RLController - INFO -   Example: junction B0 -> durations [24, 22, 22, 22] (total: 90s)
2026-09-23 22:36:32,567 - RLController - INFO -   Example: junction B1 -> durations [24, 22, 22, 22] (total: 90s)
2026-09-23 22:36:32,568 - RLController - INFO -   Example: junction B2 -> durations [24, 22, 22, 22] (total: 90s)
2026-09-23 22:36:32,568 - RLController - INFO -   Example: junction B4 -> durations [24, 22, 22, 22] (total: 90s)
2026-09-23 22:36:32,568 - RLController - INFO -   Example: junction B5 -> durations [60, 10, 10, 10] (total: 90s)
2026-09-23 22:36:32,568 - RLController - INFO -   Example: junction C0 -> durations [21, 21, 27, 21] (total: 90s)
2026-09-23 22:36:32,568 - RLController - INFO -   Example: junction C1 -> durations [24, 22, 22, 22] (total: 90s)
2026-09-23 22:36:32,568 - RLController - INFO -   Example: junction C2 -> durations [57, 13, 10, 10] (total: 90s)
2026-09-23 22:36:32,568 - RLController - INFO -   Example: junction C3 -> durations [60, 10, 10, 10] (total: 90s)
2026-09-23 22:36:32,568 - RLController - INFO -   Example: junction C4 -> durations [57, 11, 11, 11] (total: 90s)
2026-09-23 22:36:32,569 - RLController - INFO -   Example: junction C5 -> durations [57, 11, 11, 11] (total: 90s)
2026-09-23 22:36:32,569 - RLController - INFO -   Example: junction D0 -> durations [24, 22, 22, 22] (total: 90s)
2026-09-23 22:36:32,569 - RLController - INFO -   Example: junction D1 -> durations [20, 20, 30, 20] (total: 90s)
2026-09-23 22:36:32,569 - RLController - INFO -   Example: junction D2 -> durations [51, 13, 13, 13] (total: 90s)
2026-09-23 22:36:32,569 - RLController - INFO -   Example: junction D3 -> durations [24, 22, 22, 22] (total: 90s)
2026-09-23 22:36:32,569 - RLController - INFO -   Example: junction D4 -> durations [24, 22, 22, 22] (total: 90s)
2026-09-23 22:36:32,569 - RLController - INFO -   Example: junction D5 -> durations [12, 12, 54, 12] (total: 90s)
2026-09-23 22:36:32,569 - RLController - INFO -   Example: junction E0 -> durations [24, 22, 22, 22] (total: 90s)
2026-09-23 22:36:32,570 - RLController - INFO -   Example: junction E1 -> durations [24, 22, 22, 22] (total: 90s)
2026-09-23 22:36:32,570 - RLController - INFO -   Stored schedules for 34 junctions, cycle starts at step 5310
2026-09-23 22:36:37,477 - RLController - INFO - DIAGNOSTIC Step 5400 - Observation stats:
2026-09-23 22:36:37,478 - RLController - INFO -   Hash: -6697060272428042067, Min: 0.000000, Max: 1.000000, Mean: 0.456878, Std: 0.459683
2026-09-23 22:36:37,478 - RLController - INFO -   First 10: [1.       0.       0.       0.       0.       0.632597 1.       0.
 0.       0.      ]
2026-09-23 22:36:37,478 - RLController - INFO -   Last 10: [0.         0.2        0.         0.08333334 0.53418803 0.00298486
 0.09179487 0.48254472 0.         0.3       ]
2026-09-23 22:36:37,487 - RLController - INFO - DIAGNOSTIC - Raw model action output:
2026-09-23 22:36:37,487 - RLController - INFO -   Action hash: -7855704711245730925
2026-09-23 22:36:37,487 - RLController - INFO -   First 8 values: [ -7.8929057 -10.        -10.        -10.        -10.        -10.
 -10.        -10.       ]
2026-09-23 22:36:37,488 - RLController - INFO -   Last 8 values: [-10.        -10.        -10.        -10.        -10.         -1.2961118
 -10.        -10.       ]
2026-09-23 22:36:37,488 - RLController - INFO -   Action shape: (136,), min: -10.000000, max: 5.832898, mean: -9.249179
2026-09-23 22:36:37,488 - RLController - INFO -   B0 junction (indices 16-19) raw values: [ -9.9330435 -10.        -10.        -10.       ]
2026-09-23 22:36:37,488 - RLController - INFO - Using CONTINUOUS DURATION-BASED mode
2026-09-23 22:36:37,489 - RLController - INFO -   Example: junction A0 -> durations [48, 14, 14, 14] (total: 90s)
2026-09-23 22:36:37,489 - RLController - INFO -   Example: junction A1 -> durations [24, 22, 22, 22] (total: 90s)
2026-09-23 22:36:37,489 - RLController - INFO -   Example: junction A2 -> durations [12, 12, 54, 12] (total: 90s)
2026-09-23 22:36:37,489 - RLController - INFO -   Example: junction A4 -> durations [60, 10, 10, 10] (total: 90s)
2026-09-23 22:36:37,489 - RLController - INFO -   Example: junction A5 -> durations [24, 22, 22, 22] (total: 90s)
2026-09-23 22:36:37,489 - RLController - INFO -   Example: junction B0 -> durations [24, 22, 22, 22] (total: 90s)
2026-09-23 22:36:37,489 - RLController - INFO -   Example: junction B1 -> durations [24, 22, 22, 22] (total: 90s)
2026-09-23 22:36:37,489 - RLController - INFO -   Example: junction B2 -> durations [24, 22, 22, 22] (total: 90s)
2026-09-23 22:36:37,490 - RLController - INFO -   Example: junction B4 -> durations [24, 22, 22, 22] (total: 90s)
2026-09-23 22:36:37,490 - RLController - INFO -   Example: junction B5 -> durations [60, 10, 10, 10] (total: 90s)
2026-09-23 22:36:37,490 - RLController - INFO -   Example: junction C0 -> durations [24, 22, 22, 22] (total: 90s)
2026-09-23 22:36:37,490 - RLController - INFO -   Example: junction C1 -> durations [24, 22, 22, 22] (total: 90s)
2026-09-23 22:36:37,490 - RLController - INFO -   Example: junction C2 -> durations [56, 14, 10, 10] (total: 90s)
2026-09-23 22:36:37,490 - RLController - INFO -   Example: junction C3 -> durations [60, 10, 10, 10] (total: 90s)
2026-09-23 22:36:37,490 - RLController - INFO -   Example: junction C4 -> durations [60, 10, 10, 10] (total: 90s)
2026-09-23 22:36:37,490 - RLController - INFO -   Example: junction C5 -> durations [57, 11, 11, 11] (total: 90s)
2026-09-23 22:36:37,491 - RLController - INFO -   Example: junction D0 -> durations [24, 22, 22, 22] (total: 90s)
2026-09-23 22:36:37,491 - RLController - INFO -   Example: junction D1 -> durations [22, 22, 24, 22] (total: 90s)
2026-09-23 22:36:37,491 - RLController - INFO -   Example: junction D2 -> durations [48, 14, 14, 14] (total: 90s)
2026-09-23 22:36:37,491 - RLController - INFO -   Example: junction D3 -> durations [24, 22, 22, 22] (total: 90s)
2026-09-23 22:36:37,491 - RLController - INFO -   Example: junction D4 -> durations [24, 22, 22, 22] (total: 90s)
2026-09-23 22:36:37,491 - RLController - INFO -   Example: junction D5 -> durations [13, 13, 51, 13] (total: 90s)
2026-09-23 22:36:37,491 - RLController - INFO -   Example: junction E0 -> durations [24, 22, 22, 22] (total: 90s)
2026-09-23 22:36:37,491 - RLController - INFO -   Example: junction E1 -> durations [24, 22, 22, 22] (total: 90s)
2026-09-23 22:36:37,492 - RLController - INFO -   Stored schedules for 34 junctions, cycle starts at step 5400
2026-09-23 22:36:42,742 - RLController - INFO - DIAGNOSTIC Step 5490 - Observation stats:
2026-09-23 22:36:42,742 - RLController - INFO -   Hash: -5611846897808963533, Min: 0.000000, Max: 1.000000, Mean: 0.455393, Std: 0.459324
2026-09-23 22:36:42,743 - RLController - INFO -   First 10: [1.         0.         0.         0.         0.         0.632597
 0.         1.         0.99333334 1.        ]
2026-09-23 22:36:42,743 - RLController - INFO -   Last 10: [0.         0.2        0.         0.08333334 0.525641   0.00318097
 0.09239316 0.49677086 0.         0.3       ]
2026-09-23 22:36:42,748 - RLController - INFO - DIAGNOSTIC - Raw model action output:
2026-09-23 22:36:42,748 - RLController - INFO -   Action hash: 1324222077719441492
2026-09-23 22:36:42,748 - RLController - INFO -   First 8 values: [ -7.4183726 -10.        -10.        -10.        -10.        -10.
 -10.        -10.       ]
2026-09-23 22:36:42,749 - RLController - INFO -   Last 8 values: [-10.        -10.        -10.        -10.        -10.         -2.1246893
 -10.        -10.       ]
2026-09-23 22:36:42,749 - RLController - INFO -   Action shape: (136,), min: -10.000000, max: 5.963865, mean: -9.269190
2026-09-23 22:36:42,749 - RLController - INFO -   B0 junction (indices 16-19) raw values: [ -9.905641 -10.       -10.       -10.      ]
2026-09-23 22:36:42,749 - RLController - INFO - Using CONTINUOUS DURATION-BASED mode
2026-09-23 22:36:42,749 - RLController - INFO -   Example: junction A0 -> durations [51, 13, 13, 13] (total: 90s)
2026-09-23 22:36:42,750 - RLController - INFO -   Example: junction A1 -> durations [24, 22, 22, 22] (total: 90s)
2026-09-23 22:36:42,750 - RLController - INFO -   Example: junction A2 -> durations [12, 12, 54, 12] (total: 90s)
2026-09-23 22:36:42,750 - RLController - INFO -   Example: junction A4 -> durations [60, 10, 10, 10] (total: 90s)
2026-09-23 22:36:42,750 - RLController - INFO -   Example: junction A5 -> durations [24, 22, 22, 22] (total: 90s)
2026-09-23 22:36:42,750 - RLController - INFO -   Example: junction B0 -> durations [24, 22, 22, 22] (total: 90s)
2026-09-23 22:36:42,750 - RLController - INFO -   Example: junction B1 -> durations [24, 22, 22, 22] (total: 90s)
2026-09-23 22:36:42,750 - RLController - INFO -   Example: junction B2 -> durations [24, 22, 22, 22] (total: 90s)
2026-09-23 22:36:42,750 - RLController - INFO -   Example: junction B4 -> durations [24, 22, 22, 22] (total: 90s)
2026-09-23 22:36:42,750 - RLController - INFO -   Example: junction B5 -> durations [60, 10, 10, 10] (total: 90s)
2026-09-23 22:36:42,751 - RLController - INFO -   Example: junction C0 -> durations [22, 22, 24, 22] (total: 90s)
2026-09-23 22:36:42,751 - RLController - INFO -   Example: junction C1 -> durations [24, 22, 22, 22] (total: 90s)
2026-09-23 22:36:42,751 - RLController - INFO -   Example: junction C2 -> durations [56, 14, 10, 10] (total: 90s)
2026-09-23 22:36:42,751 - RLController - INFO -   Example: junction C3 -> durations [60, 10, 10, 10] (total: 90s)
2026-09-23 22:36:42,751 - RLController - INFO -   Example: junction C4 -> durations [57, 11, 11, 11] (total: 90s)
2026-09-23 22:36:42,751 - RLController - INFO -   Example: junction C5 -> durations [57, 11, 11, 11] (total: 90s)
2026-09-23 22:36:42,751 - RLController - INFO -   Example: junction D0 -> durations [24, 22, 22, 22] (total: 90s)
2026-09-23 22:36:42,751 - RLController - INFO -   Example: junction D1 -> durations [22, 22, 24, 22] (total: 90s)
2026-09-23 22:36:42,751 - RLController - INFO -   Example: junction D2 -> durations [48, 14, 14, 14] (total: 90s)
2026-09-23 22:36:42,752 - RLController - INFO -   Example: junction D3 -> durations [24, 22, 22, 22] (total: 90s)
2026-09-23 22:36:42,752 - RLController - INFO -   Example: junction D4 -> durations [24, 22, 22, 22] (total: 90s)
2026-09-23 22:36:42,752 - RLController - INFO -   Example: junction D5 -> durations [12, 12, 54, 12] (total: 90s)
2026-09-23 22:36:42,752 - RLController - INFO -   Example: junction E0 -> durations [24, 22, 22, 22] (total: 90s)
2026-09-23 22:36:42,752 - RLController - INFO -   Example: junction E1 -> durations [24, 22, 22, 22] (total: 90s)
2026-09-23 22:36:42,753 - RLController - INFO -   Stored schedules for 34 junctions, cycle starts at step 5490
2026-09-23 22:36:47,845 - RLController - INFO - DIAGNOSTIC Step 5580 - Observation stats:
2026-09-23 22:36:47,846 - RLController - INFO -   Hash: 6951790105449207355, Min: 0.000000, Max: 1.000000, Mean: 0.453624, Std: 0.460200
2026-09-23 22:36:47,846 - RLController - INFO -   First 10: [0.23845793 0.         0.97333336 1.         0.04850851 0.15585326
 0.         1.         0.99333334 1.        ]
2026-09-23 22:36:47,847 - RLController - INFO -   Last 10: [0.         0.2        0.         0.08333334 0.53846157 0.00341463
 0.09119658 0.48341778 0.         0.3       ]
2026-09-23 22:36:47,852 - RLController - INFO - DIAGNOSTIC - Raw model action output:
2026-09-23 22:36:47,852 - RLController - INFO -   Action hash: 7258000147616051668
2026-09-23 22:36:47,852 - RLController - INFO -   First 8 values: [ -7.5946836 -10.        -10.        -10.        -10.        -10.
 -10.        -10.       ]
2026-09-23 22:36:47,852 - RLController - INFO -   Last 8 values: [-10.        -10.        -10.        -10.        -10.         -1.4845035
 -10.        -10.       ]
2026-09-23 22:36:47,852 - RLController - INFO -   Action shape: (136,), min: -10.000000, max: 5.580250, mean: -9.261426
2026-09-23 22:36:47,852 - RLController - INFO -   B0 junction (indices 16-19) raw values: [ -9.812858 -10.       -10.       -10.      ]
2026-09-23 22:36:47,853 - RLController - INFO - Using CONTINUOUS DURATION-BASED mode
2026-09-23 22:36:47,853 - RLController - INFO -   Example: junction A0 -> durations [48, 14, 14, 14] (total: 90s)
2026-09-23 22:36:47,853 - RLController - INFO -   Example: junction A1 -> durations [24, 22, 22, 22] (total: 90s)
2026-09-23 22:36:47,853 - RLController - INFO -   Example: junction A2 -> durations [11, 11, 57, 11] (total: 90s)
2026-09-23 22:36:47,853 - RLController - INFO -   Example: junction A4 -> durations [60, 10, 10, 10] (total: 90s)
2026-09-23 22:36:47,853 - RLController - INFO -   Example: junction A5 -> durations [24, 22, 22, 22] (total: 90s)
2026-09-23 22:36:47,853 - RLController - INFO -   Example: junction B0 -> durations [24, 22, 22, 22] (total: 90s)
2026-09-23 22:36:47,854 - RLController - INFO -   Example: junction B1 -> durations [24, 22, 22, 22] (total: 90s)
2026-09-23 22:36:47,854 - RLController - INFO -   Example: junction B2 -> durations [24, 22, 22, 22] (total: 90s)
2026-09-23 22:36:47,854 - RLController - INFO -   Example: junction B4 -> durations [24, 22, 22, 22] (total: 90s)
2026-09-23 22:36:47,854 - RLController - INFO -   Example: junction B5 -> durations [60, 10, 10, 10] (total: 90s)
2026-09-23 22:36:47,854 - RLController - INFO -   Example: junction C0 -> durations [22, 22, 24, 22] (total: 90s)
2026-09-23 22:36:47,854 - RLController - INFO -   Example: junction C1 -> durations [24, 22, 22, 22] (total: 90s)
2026-09-23 22:36:47,854 - RLController - INFO -   Example: junction C2 -> durations [56, 14, 10, 10] (total: 90s)
2026-09-23 22:36:47,854 - RLController - INFO -   Example: junction C3 -> durations [60, 10, 10, 10] (total: 90s)
2026-09-23 22:36:47,854 - RLController - INFO -   Example: junction C4 -> durations [60, 10, 10, 10] (total: 90s)
2026-09-23 22:36:47,855 - RLController - INFO -   Example: junction C5 -> durations [57, 11, 11, 11] (total: 90s)
2026-09-23 22:36:47,855 - RLController - INFO -   Example: junction D0 -> durations [24, 22, 22, 22] (total: 90s)
2026-09-23 22:36:47,855 - RLController - INFO -   Example: junction D1 -> durations [22, 22, 24, 22] (total: 90s)
2026-09-23 22:36:47,855 - RLController - INFO -   Example: junction D2 -> durations [51, 13, 13, 13] (total: 90s)
2026-09-23 22:36:47,855 - RLController - INFO -   Example: junction D3 -> durations [24, 22, 22, 22] (total: 90s)
2026-09-23 22:36:47,855 - RLController - INFO -   Example: junction D4 -> durations [24, 22, 22, 22] (total: 90s)
2026-09-23 22:36:47,855 - RLController - INFO -   Example: junction D5 -> durations [13, 13, 51, 13] (total: 90s)
2026-09-23 22:36:47,855 - RLController - INFO -   Example: junction E0 -> durations [24, 22, 22, 22] (total: 90s)
2026-09-23 22:36:47,856 - RLController - INFO -   Example: junction E1 -> durations [24, 22, 22, 22] (total: 90s)
2026-09-23 22:36:47,856 - RLController - INFO -   Stored schedules for 34 junctions, cycle starts at step 5580
2026-09-23 22:36:53,191 - RLController - INFO - DIAGNOSTIC Step 5670 - Observation stats:
2026-09-23 22:36:53,191 - RLController - INFO -   Hash: -7171863771482675952, Min: 0.000000, Max: 1.000000, Mean: 0.459492, Std: 0.460411
2026-09-23 22:36:53,192 - RLController - INFO -   First 10: [0.14708227 0.         0.98       1.         0.09967376 0.09984171
 0.         1.         0.99333334 1.        ]
2026-09-23 22:36:53,192 - RLController - INFO -   Last 10: [0.         0.2        0.         0.08333334 0.5555556  0.00391793
 0.09337607 0.47375974 0.         0.3       ]
2026-09-23 22:36:53,363 - RLController - INFO - DIAGNOSTIC - Raw model action output:
2026-09-23 22:36:53,363 - RLController - INFO -   Action hash: -23022463130222199
2026-09-23 22:36:53,364 - RLController - INFO -   First 8 values: [ -7.516242 -10.       -10.       -10.       -10.       -10.
 -10.       -10.      ]
2026-09-23 22:36:53,365 - RLController - INFO -   Last 8 values: [-10.        -10.        -10.        -10.        -10.         -3.0784814
 -10.        -10.       ]
2026-09-23 22:36:53,365 - RLController - INFO -   Action shape: (136,), min: -10.000000, max: 5.065696, mean: -9.255083
2026-09-23 22:36:53,365 - RLController - INFO -   B0 junction (indices 16-19) raw values: [-10. -10. -10. -10.]
2026-09-23 22:36:53,365 - RLController - INFO - Using CONTINUOUS DURATION-BASED mode
2026-09-23 22:36:53,366 - RLController - INFO -   Example: junction A0 -> durations [51, 13, 13, 13] (total: 90s)
2026-09-23 22:36:53,366 - RLController - INFO -   Example: junction A1 -> durations [24, 22, 22, 22] (total: 90s)
2026-09-23 22:36:53,366 - RLController - INFO -   Example: junction A2 -> durations [12, 12, 54, 12] (total: 90s)
2026-09-23 22:36:53,366 - RLController - INFO -   Example: junction A4 -> durations [60, 10, 10, 10] (total: 90s)
2026-09-23 22:36:53,366 - RLController - INFO -   Example: junction A5 -> durations [24, 22, 22, 22] (total: 90s)
2026-09-23 22:36:53,366 - RLController - INFO -   Example: junction B0 -> durations [24, 22, 22, 22] (total: 90s)
2026-09-23 22:36:53,366 - RLController - INFO -   Example: junction B1 -> durations [24, 22, 22, 22] (total: 90s)
2026-09-23 22:36:53,367 - RLController - INFO -   Example: junction B2 -> durations [24, 22, 22, 22] (total: 90s)
2026-09-23 22:36:53,367 - RLController - INFO -   Example: junction B4 -> durations [24, 22, 22, 22] (total: 90s)
2026-09-23 22:36:53,367 - RLController - INFO -   Example: junction B5 -> durations [60, 10, 10, 10] (total: 90s)
2026-09-23 22:36:53,367 - RLController - INFO -   Example: junction C0 -> durations [21, 21, 27, 21] (total: 90s)
2026-09-23 22:36:53,367 - RLController - INFO -   Example: junction C1 -> durations [24, 22, 22, 22] (total: 90s)
2026-09-23 22:36:53,367 - RLController - INFO -   Example: junction C2 -> durations [58, 12, 10, 10] (total: 90s)
2026-09-23 22:36:53,367 - RLController - INFO -   Example: junction C3 -> durations [60, 10, 10, 10] (total: 90s)
2026-09-23 22:36:53,367 - RLController - INFO -   Example: junction C4 -> durations [60, 10, 10, 10] (total: 90s)
2026-09-23 22:36:53,368 - RLController - INFO -   Example: junction C5 -> durations [57, 11, 11, 11] (total: 90s)
2026-09-23 22:36:53,368 - RLController - INFO -   Example: junction D0 -> durations [24, 22, 22, 22] (total: 90s)
2026-09-23 22:36:53,368 - RLController - INFO -   Example: junction D1 -> durations [21, 21, 27, 21] (total: 90s)
2026-09-23 22:36:53,368 - RLController - INFO -   Example: junction D2 -> durations [51, 13, 13, 13] (total: 90s)
2026-09-23 22:36:53,368 - RLController - INFO -   Example: junction D3 -> durations [24, 22, 22, 22] (total: 90s)
2026-09-23 22:36:53,368 - RLController - INFO -   Example: junction D4 -> durations [24, 22, 22, 22] (total: 90s)
2026-09-23 22:36:53,369 - RLController - INFO -   Example: junction D5 -> durations [13, 13, 51, 13] (total: 90s)
2026-09-23 22:36:53,369 - RLController - INFO -   Example: junction E0 -> durations [24, 22, 22, 22] (total: 90s)
2026-09-23 22:36:53,369 - RLController - INFO -   Example: junction E1 -> durations [24, 22, 22, 22] (total: 90s)
2026-09-23 22:36:53,369 - RLController - INFO -   Stored schedules for 34 junctions, cycle starts at step 5670
2026-09-23 22:36:58,782 - RLController - INFO - DIAGNOSTIC Step 5760 - Observation stats:
2026-09-23 22:36:58,783 - RLController - INFO -   Hash: 2714115129044080776, Min: 0.000000, Max: 1.000000, Mean: 0.458773, Std: 0.460094
2026-09-23 22:36:58,783 - RLController - INFO -   First 10: [0.         1.         0.99333334 1.         1.         0.
 0.         1.         0.99333334 1.        ]
2026-09-23 22:36:58,784 - RLController - INFO -   Last 10: [0.         0.2        0.         0.08333334 0.5448718  0.00335109
 0.09209402 0.47422957 0.         0.3       ]
2026-09-23 22:36:58,790 - RLController - INFO - DIAGNOSTIC - Raw model action output:
2026-09-23 22:36:58,790 - RLController - INFO -   Action hash: 5855741213295460068
2026-09-23 22:36:58,791 - RLController - INFO -   First 8 values: [ -7.4949007 -10.        -10.        -10.        -10.        -10.
 -10.        -10.       ]
2026-09-23 22:36:58,791 - RLController - INFO -   Last 8 values: [-10.        -10.        -10.        -10.        -10.         -1.9736121
 -10.        -10.       ]
2026-09-23 22:36:58,791 - RLController - INFO -   Action shape: (136,), min: -10.000000, max: 5.408895, mean: -9.255305
2026-09-23 22:36:58,791 - RLController - INFO -   B0 junction (indices 16-19) raw values: [ -9.9651575 -10.        -10.        -10.       ]
2026-09-23 22:36:58,791 - RLController - INFO - Using CONTINUOUS DURATION-BASED mode
2026-09-23 22:36:58,792 - RLController - INFO -   Example: junction A0 -> durations [51, 13, 13, 13] (total: 90s)
2026-09-23 22:36:58,792 - RLController - INFO -   Example: junction A1 -> durations [24, 22, 22, 22] (total: 90s)
2026-09-23 22:36:58,792 - RLController - INFO -   Example: junction A2 -> durations [12, 12, 54, 12] (total: 90s)
2026-09-23 22:36:58,792 - RLController - INFO -   Example: junction A4 -> durations [60, 10, 10, 10] (total: 90s)
2026-09-23 22:36:58,792 - RLController - INFO -   Example: junction A5 -> durations [24, 22, 22, 22] (total: 90s)
2026-09-23 22:36:58,793 - RLController - INFO -   Example: junction B0 -> durations [24, 22, 22, 22] (total: 90s)
2026-09-23 22:36:58,793 - RLController - INFO -   Example: junction B1 -> durations [24, 22, 22, 22] (total: 90s)
2026-09-23 22:36:58,793 - RLController - INFO -   Example: junction B2 -> durations [24, 22, 22, 22] (total: 90s)
2026-09-23 22:36:58,793 - RLController - INFO -   Example: junction B4 -> durations [24, 22, 22, 22] (total: 90s)
2026-09-23 22:36:58,793 - RLController - INFO -   Example: junction B5 -> durations [60, 10, 10, 10] (total: 90s)
2026-09-23 22:36:58,793 - RLController - INFO -   Example: junction C0 -> durations [24, 22, 22, 22] (total: 90s)
2026-09-23 22:36:58,793 - RLController - INFO -   Example: junction C1 -> durations [24, 22, 22, 22] (total: 90s)
2026-09-23 22:36:58,794 - RLController - INFO -   Example: junction C2 -> durations [56, 14, 10, 10] (total: 90s)
2026-09-23 22:36:58,794 - RLController - INFO -   Example: junction C3 -> durations [60, 10, 10, 10] (total: 90s)
2026-09-23 22:36:58,794 - RLController - INFO -   Example: junction C4 -> durations [60, 10, 10, 10] (total: 90s)
2026-09-23 22:36:58,794 - RLController - INFO -   Example: junction C5 -> durations [57, 11, 11, 11] (total: 90s)
2026-09-23 22:36:58,794 - RLController - INFO -   Example: junction D0 -> durations [24, 22, 22, 22] (total: 90s)
2026-09-23 22:36:58,794 - RLController - INFO -   Example: junction D1 -> durations [21, 21, 27, 21] (total: 90s)
2026-09-23 22:36:58,794 - RLController - INFO -   Example: junction D2 -> durations [51, 13, 13, 13] (total: 90s)
2026-09-23 22:36:58,795 - RLController - INFO -   Example: junction D3 -> durations [24, 22, 22, 22] (total: 90s)
2026-09-23 22:36:58,795 - RLController - INFO -   Example: junction D4 -> durations [24, 22, 22, 22] (total: 90s)
2026-09-23 22:36:58,795 - RLController - INFO -   Example: junction D5 -> durations [12, 12, 54, 12] (total: 90s)
2026-09-23 22:36:58,795 - RLController - INFO -   Example: junction E0 -> durations [24, 22, 22, 22] (total: 90s)
2026-09-23 22:36:58,795 - RLController - INFO -   Example: junction E1 -> durations [24, 22, 22, 22] (total: 90s)
2026-09-23 22:36:58,796 - RLController - INFO -   Stored schedules for 34 junctions, cycle starts at step 5760
2026-09-23 22:37:04,381 - RLController - INFO - DIAGNOSTIC Step 5850 - Observation stats:
2026-09-23 22:37:04,381 - RLController - INFO -   Hash: -4959356319630737462, Min: 0.000000, Max: 1.000000, Mean: 0.457447, Std: 0.458502
2026-09-23 22:37:04,382 - RLController - INFO -   First 10: [0.01668834 1.         0.99333334 1.         1.         0.01244531
 0.         1.         0.99333334 1.        ]
2026-09-23 22:37:04,382 - RLController - INFO -   Last 10: [0.         0.2        0.         0.08333334 0.5363248  0.00408924
 0.09209402 0.48946714 0.         0.3       ]
2026-09-23 22:37:04,387 - RLController - INFO - DIAGNOSTIC - Raw model action output:
2026-09-23 22:37:04,387 - RLController - INFO -   Action hash: -2330679124278486831
2026-09-23 22:37:04,388 - RLController - INFO -   First 8 values: [ -7.500617 -10.       -10.       -10.       -10.       -10.
 -10.       -10.      ]
2026-09-23 22:37:04,388 - RLController - INFO -   Last 8 values: [-10.         -10.         -10.         -10.         -10.
  -0.02393456 -10.         -10.        ]
2026-09-23 22:37:04,388 - RLController - INFO -   Action shape: (136,), min: -10.000000, max: 7.101794, mean: -9.257245
2026-09-23 22:37:04,388 - RLController - INFO -   B0 junction (indices 16-19) raw values: [ -9.486821 -10.       -10.       -10.      ]
2026-09-23 22:37:04,389 - RLController - INFO - Using CONTINUOUS DURATION-BASED mode
2026-09-23 22:37:04,389 - RLController - INFO -   Example: junction A0 -> durations [51, 13, 13, 13] (total: 90s)
2026-09-23 22:37:04,389 - RLController - INFO -   Example: junction A1 -> durations [24, 22, 22, 22] (total: 90s)
2026-09-23 22:37:04,389 - RLController - INFO -   Example: junction A2 -> durations [12, 12, 54, 12] (total: 90s)
2026-09-23 22:37:04,389 - RLController - INFO -   Example: junction A4 -> durations [60, 10, 10, 10] (total: 90s)
2026-09-23 22:37:04,389 - RLController - INFO -   Example: junction A5 -> durations [27, 21, 21, 21] (total: 90s)
2026-09-23 22:37:04,389 - RLController - INFO -   Example: junction B0 -> durations [24, 22, 22, 22] (total: 90s)
2026-09-23 22:37:04,390 - RLController - INFO -   Example: junction B1 -> durations [24, 22, 22, 22] (total: 90s)
2026-09-23 22:37:04,390 - RLController - INFO -   Example: junction B2 -> durations [24, 22, 22, 22] (total: 90s)
2026-09-23 22:37:04,390 - RLController - INFO -   Example: junction B4 -> durations [24, 22, 22, 22] (total: 90s)
2026-09-23 22:37:04,390 - RLController - INFO -   Example: junction B5 -> durations [60, 10, 10, 10] (total: 90s)
2026-09-23 22:37:04,390 - RLController - INFO -   Example: junction C0 -> durations [24, 22, 22, 22] (total: 90s)
2026-09-23 22:37:04,390 - RLController - INFO -   Example: junction C1 -> durations [24, 22, 22, 22] (total: 90s)
2026-09-23 22:37:04,390 - RLController - INFO -   Example: junction C2 -> durations [58, 12, 10, 10] (total: 90s)
2026-09-23 22:37:04,390 - RLController - INFO -   Example: junction C3 -> durations [60, 10, 10, 10] (total: 90s)
2026-09-23 22:37:04,390 - RLController - INFO -   Example: junction C4 -> durations [57, 11, 11, 11] (total: 90s)
2026-09-23 22:37:04,391 - RLController - INFO -   Example: junction C5 -> durations [57, 11, 11, 11] (total: 90s)
2026-09-23 22:37:04,391 - RLController - INFO -   Example: junction D0 -> durations [24, 22, 22, 22] (total: 90s)
2026-09-23 22:37:04,391 - RLController - INFO -   Example: junction D1 -> durations [21, 21, 27, 21] (total: 90s)
2026-09-23 22:37:04,391 - RLController - INFO -   Example: junction D2 -> durations [45, 15, 15, 15] (total: 90s)
2026-09-23 22:37:04,391 - RLController - INFO -   Example: junction D3 -> durations [24, 22, 22, 22] (total: 90s)
2026-09-23 22:37:04,391 - RLController - INFO -   Example: junction D4 -> durations [24, 22, 22, 22] (total: 90s)
2026-09-23 22:37:04,391 - RLController - INFO -   Example: junction D5 -> durations [12, 12, 54, 12] (total: 90s)
2026-09-23 22:37:04,391 - RLController - INFO -   Example: junction E0 -> durations [24, 22, 22, 22] (total: 90s)
2026-09-23 22:37:04,392 - RLController - INFO -   Example: junction E1 -> durations [24, 22, 22, 22] (total: 90s)
2026-09-23 22:37:04,392 - RLController - INFO -   Stored schedules for 34 junctions, cycle starts at step 5850
2026-09-23 22:37:09,398 - RLController - INFO - DIAGNOSTIC Step 5940 - Observation stats:
2026-09-23 22:37:09,398 - RLController - INFO -   Hash: 971894470114217239, Min: 0.000000, Max: 1.000000, Mean: 0.451911, Std: 0.458347
2026-09-23 22:37:09,399 - RLController - INFO -   First 10: [6.9847167e-04 1.0000000e+00 9.9333334e-01 1.0000000e+00 1.0000000e+00
 5.4811599e-04 0.0000000e+00 1.0000000e+00 9.9333334e-01 1.0000000e+00]
2026-09-23 22:37:09,399 - RLController - INFO -   Last 10: [0.         0.2        0.         0.08333334 0.525641   0.00367201
 0.09341881 0.49775186 0.         0.3       ]
2026-09-23 22:37:09,404 - RLController - INFO - DIAGNOSTIC - Raw model action output:
2026-09-23 22:37:09,404 - RLController - INFO -   Action hash: 4859403022993228917
2026-09-23 22:37:09,404 - RLController - INFO -   First 8 values: [ -7.581714 -10.       -10.       -10.       -10.       -10.
 -10.       -10.      ]
2026-09-23 22:37:09,405 - RLController - INFO -   Last 8 values: [-10.        -10.        -10.        -10.        -10.         -2.2215154
 -10.        -10.       ]
2026-09-23 22:37:09,405 - RLController - INFO -   Action shape: (136,), min: -10.000000, max: 5.548217, mean: -9.283958
2026-09-23 22:37:09,405 - RLController - INFO -   B0 junction (indices 16-19) raw values: [ -9.85874 -10.      -10.      -10.     ]
2026-09-23 22:37:09,405 - RLController - INFO - Using CONTINUOUS DURATION-BASED mode
2026-09-23 22:37:09,405 - RLController - INFO -   Example: junction A0 -> durations [48, 14, 14, 14] (total: 90s)
2026-09-23 22:37:09,406 - RLController - INFO -   Example: junction A1 -> durations [24, 22, 22, 22] (total: 90s)
2026-09-23 22:37:09,406 - RLController - INFO -   Example: junction A2 -> durations [12, 12, 54, 12] (total: 90s)
2026-09-23 22:37:09,406 - RLController - INFO -   Example: junction A4 -> durations [60, 10, 10, 10] (total: 90s)
2026-09-23 22:37:09,406 - RLController - INFO -   Example: junction A5 -> durations [24, 22, 22, 22] (total: 90s)
2026-09-23 22:37:09,406 - RLController - INFO -   Example: junction B0 -> durations [24, 22, 22, 22] (total: 90s)
2026-09-23 22:37:09,406 - RLController - INFO -   Example: junction B1 -> durations [24, 22, 22, 22] (total: 90s)
2026-09-23 22:37:09,406 - RLController - INFO -   Example: junction B2 -> durations [24, 22, 22, 22] (total: 90s)
2026-09-23 22:37:09,406 - RLController - INFO -   Example: junction B4 -> durations [24, 22, 22, 22] (total: 90s)
2026-09-23 22:37:09,407 - RLController - INFO -   Example: junction B5 -> durations [60, 10, 10, 10] (total: 90s)
2026-09-23 22:37:09,407 - RLController - INFO -   Example: junction C0 -> durations [24, 22, 22, 22] (total: 90s)
2026-09-23 22:37:09,407 - RLController - INFO -   Example: junction C1 -> durations [24, 22, 22, 22] (total: 90s)
2026-09-23 22:37:09,407 - RLController - INFO -   Example: junction C2 -> durations [57, 13, 10, 10] (total: 90s)
2026-09-23 22:37:09,407 - RLController - INFO -   Example: junction C3 -> durations [60, 10, 10, 10] (total: 90s)
2026-09-23 22:37:09,408 - RLController - INFO -   Example: junction C4 -> durations [57, 11, 11, 11] (total: 90s)
2026-09-23 22:37:09,408 - RLController - INFO -   Example: junction C5 -> durations [57, 11, 11, 11] (total: 90s)
2026-09-23 22:37:09,408 - RLController - INFO -   Example: junction D0 -> durations [24, 22, 22, 22] (total: 90s)
2026-09-23 22:37:09,408 - RLController - INFO -   Example: junction D1 -> durations [22, 22, 24, 22] (total: 90s)
2026-09-23 22:37:09,408 - RLController - INFO -   Example: junction D2 -> durations [48, 14, 14, 14] (total: 90s)
2026-09-23 22:37:09,408 - RLController - INFO -   Example: junction D3 -> durations [24, 22, 22, 22] (total: 90s)
2026-09-23 22:37:09,408 - RLController - INFO -   Example: junction D4 -> durations [24, 22, 22, 22] (total: 90s)
2026-09-23 22:37:09,408 - RLController - INFO -   Example: junction D5 -> durations [13, 13, 51, 13] (total: 90s)
2026-09-23 22:37:09,408 - RLController - INFO -   Example: junction E0 -> durations [24, 22, 22, 22] (total: 90s)
2026-09-23 22:37:09,409 - RLController - INFO -   Example: junction E1 -> durations [24, 22, 22, 22] (total: 90s)
2026-09-23 22:37:09,409 - RLController - INFO -   Stored schedules for 34 junctions, cycle starts at step 5940
2026-09-23 22:37:15,012 - RLController - INFO - DIAGNOSTIC Step 6030 - Observation stats:
2026-09-23 22:37:15,013 - RLController - INFO -   Hash: 7587066830569250679, Min: 0.000000, Max: 1.000000, Mean: 0.453652, Std: 0.458568
2026-09-23 22:37:15,013 - RLController - INFO -   First 10: [0.00906193 1.         0.99333334 1.         1.         0.00750004
 0.         1.         0.99333334 1.        ]
2026-09-23 22:37:15,014 - RLController - INFO -   Last 10: [0.         0.2        0.         0.08333334 0.525641   0.00386935
 0.09393162 0.5007868  0.         0.3       ]
2026-09-23 22:37:15,020 - RLController - INFO - DIAGNOSTIC - Raw model action output:
2026-09-23 22:37:15,020 - RLController - INFO -   Action hash: 8598586439693565045
2026-09-23 22:37:15,021 - RLController - INFO -   First 8 values: [ -7.696178 -10.       -10.       -10.       -10.       -10.
 -10.       -10.      ]
2026-09-23 22:37:15,021 - RLController - INFO -   Last 8 values: [-10.        -10.        -10.        -10.        -10.         -2.6445386
 -10.        -10.       ]
2026-09-23 22:37:15,021 - RLController - INFO -   Action shape: (136,), min: -10.000000, max: 5.338760, mean: -9.284174
2026-09-23 22:37:15,022 - RLController - INFO -   B0 junction (indices 16-19) raw values: [-10. -10. -10. -10.]
2026-09-23 22:37:15,022 - RLController - INFO - Using CONTINUOUS DURATION-BASED mode
2026-09-23 22:37:15,022 - RLController - INFO -   Example: junction A0 -> durations [48, 14, 14, 14] (total: 90s)
2026-09-23 22:37:15,022 - RLController - INFO -   Example: junction A1 -> durations [24, 22, 22, 22] (total: 90s)
2026-09-23 22:37:15,023 - RLController - INFO -   Example: junction A2 -> durations [12, 12, 54, 12] (total: 90s)
2026-09-23 22:37:15,023 - RLController - INFO -   Example: junction A4 -> durations [60, 10, 10, 10] (total: 90s)
2026-09-23 22:37:15,023 - RLController - INFO -   Example: junction A5 -> durations [24, 22, 22, 22] (total: 90s)
2026-09-23 22:37:15,023 - RLController - INFO -   Example: junction B0 -> durations [24, 22, 22, 22] (total: 90s)
2026-09-23 22:37:15,023 - RLController - INFO -   Example: junction B1 -> durations [24, 22, 22, 22] (total: 90s)
2026-09-23 22:37:15,024 - RLController - INFO -   Example: junction B2 -> durations [24, 22, 22, 22] (total: 90s)
2026-09-23 22:37:15,024 - RLController - INFO -   Example: junction B4 -> durations [24, 22, 22, 22] (total: 90s)
2026-09-23 22:37:15,024 - RLController - INFO -   Example: junction B5 -> durations [60, 10, 10, 10] (total: 90s)
2026-09-23 22:37:15,025 - RLController - INFO -   Example: junction C0 -> durations [24, 22, 22, 22] (total: 90s)
2026-09-23 22:37:15,025 - RLController - INFO -   Example: junction C1 -> durations [24, 22, 22, 22] (total: 90s)
2026-09-23 22:37:15,025 - RLController - INFO -   Example: junction C2 -> durations [57, 13, 10, 10] (total: 90s)
2026-09-23 22:37:15,025 - RLController - INFO -   Example: junction C3 -> durations [60, 10, 10, 10] (total: 90s)
2026-09-23 22:37:15,025 - RLController - INFO -   Example: junction C4 -> durations [60, 10, 10, 10] (total: 90s)
2026-09-23 22:37:15,026 - RLController - INFO -   Example: junction C5 -> durations [57, 11, 11, 11] (total: 90s)
2026-09-23 22:37:15,026 - RLController - INFO -   Example: junction D0 -> durations [24, 22, 22, 22] (total: 90s)
2026-09-23 22:37:15,026 - RLController - INFO -   Example: junction D1 -> durations [22, 22, 24, 22] (total: 90s)
2026-09-23 22:37:15,026 - RLController - INFO -   Example: junction D2 -> durations [48, 14, 14, 14] (total: 90s)
2026-09-23 22:37:15,026 - RLController - INFO -   Example: junction D3 -> durations [24, 22, 22, 22] (total: 90s)
2026-09-23 22:37:15,027 - RLController - INFO -   Example: junction D4 -> durations [24, 22, 22, 22] (total: 90s)
2026-09-23 22:37:15,027 - RLController - INFO -   Example: junction D5 -> durations [13, 13, 51, 13] (total: 90s)
2026-09-23 22:37:15,027 - RLController - INFO -   Example: junction E0 -> durations [24, 22, 22, 22] (total: 90s)
2026-09-23 22:37:15,028 - RLController - INFO -   Example: junction E1 -> durations [24, 22, 22, 22] (total: 90s)
2026-09-23 22:37:15,029 - RLController - INFO -   Stored schedules for 34 junctions, cycle starts at step 6030
2026-09-23 22:37:20,206 - RLController - INFO - DIAGNOSTIC Step 6120 - Observation stats:
2026-09-23 22:37:20,207 - RLController - INFO -   Hash: -4978615777917674987, Min: 0.000000, Max: 1.000000, Mean: 0.450656, Std: 0.458156
2026-09-23 22:37:20,207 - RLController - INFO -   First 10: [0.00509144 1.         0.99333334 1.         1.         0.00445865
 0.         1.         0.99333334 1.        ]
2026-09-23 22:37:20,208 - RLController - INFO -   Last 10: [0.         0.2        0.         0.08333334 0.51282054 0.00363276
 0.09256411 0.50623494 0.         0.3       ]
2026-09-23 22:37:20,214 - RLController - INFO - DIAGNOSTIC - Raw model action output:
2026-09-23 22:37:20,215 - RLController - INFO -   Action hash: -1292597696302250548
2026-09-23 22:37:20,215 - RLController - INFO -   First 8 values: [ -7.5716166 -10.        -10.        -10.        -10.        -10.
 -10.        -10.       ]
2026-09-23 22:37:20,215 - RLController - INFO -   Last 8 values: [-10.       -10.       -10.       -10.       -10.        -3.401808
 -10.       -10.      ]
2026-09-23 22:37:20,215 - RLController - INFO -   Action shape: (136,), min: -10.000000, max: 4.813322, mean: -9.288271
2026-09-23 22:37:20,216 - RLController - INFO -   B0 junction (indices 16-19) raw values: [ -9.991007 -10.       -10.       -10.      ]
2026-09-23 22:37:20,216 - RLController - INFO - Using CONTINUOUS DURATION-BASED mode
2026-09-23 22:37:20,216 - RLController - INFO -   Example: junction A0 -> durations [51, 13, 13, 13] (total: 90s)
2026-09-23 22:37:20,216 - RLController - INFO -   Example: junction A1 -> durations [24, 22, 22, 22] (total: 90s)
2026-09-23 22:37:20,216 - RLController - INFO -   Example: junction A2 -> durations [12, 12, 54, 12] (total: 90s)
2026-09-23 22:37:20,217 - RLController - INFO -   Example: junction A4 -> durations [60, 10, 10, 10] (total: 90s)
2026-09-23 22:37:20,217 - RLController - INFO -   Example: junction A5 -> durations [24, 22, 22, 22] (total: 90s)
2026-09-23 22:37:20,217 - RLController - INFO -   Example: junction B0 -> durations [24, 22, 22, 22] (total: 90s)
2026-09-23 22:37:20,217 - RLController - INFO -   Example: junction B1 -> durations [24, 22, 22, 22] (total: 90s)
2026-09-23 22:37:20,217 - RLController - INFO -   Example: junction B2 -> durations [24, 22, 22, 22] (total: 90s)
2026-09-23 22:37:20,217 - RLController - INFO -   Example: junction B4 -> durations [24, 22, 22, 22] (total: 90s)
2026-09-23 22:37:20,217 - RLController - INFO -   Example: junction B5 -> durations [60, 10, 10, 10] (total: 90s)
2026-09-23 22:37:20,218 - RLController - INFO -   Example: junction C0 -> durations [24, 22, 22, 22] (total: 90s)
2026-09-23 22:37:20,218 - RLController - INFO -   Example: junction C1 -> durations [24, 22, 22, 22] (total: 90s)
2026-09-23 22:37:20,218 - RLController - INFO -   Example: junction C2 -> durations [55, 15, 10, 10] (total: 90s)
2026-09-23 22:37:20,218 - RLController - INFO -   Example: junction C3 -> durations [60, 10, 10, 10] (total: 90s)
2026-09-23 22:37:20,218 - RLController - INFO -   Example: junction C4 -> durations [60, 10, 10, 10] (total: 90s)
2026-09-23 22:37:20,218 - RLController - INFO -   Example: junction C5 -> durations [57, 11, 11, 11] (total: 90s)
2026-09-23 22:37:20,218 - RLController - INFO -   Example: junction D0 -> durations [24, 22, 22, 22] (total: 90s)
2026-09-23 22:37:20,219 - RLController - INFO -   Example: junction D1 -> durations [21, 21, 27, 21] (total: 90s)
2026-09-23 22:37:20,219 - RLController - INFO -   Example: junction D2 -> durations [48, 14, 14, 14] (total: 90s)
2026-09-23 22:37:20,219 - RLController - INFO -   Example: junction D3 -> durations [24, 22, 22, 22] (total: 90s)
2026-09-23 22:37:20,219 - RLController - INFO -   Example: junction D4 -> durations [24, 22, 22, 22] (total: 90s)
2026-09-23 22:37:20,219 - RLController - INFO -   Example: junction D5 -> durations [13, 13, 51, 13] (total: 90s)
2026-09-23 22:37:20,219 - RLController - INFO -   Example: junction E0 -> durations [24, 22, 22, 22] (total: 90s)
2026-09-23 22:37:20,220 - RLController - INFO -   Example: junction E1 -> durations [24, 22, 22, 22] (total: 90s)
2026-09-23 22:37:20,220 - RLController - INFO -   Stored schedules for 34 junctions, cycle starts at step 6120
2026-09-23 22:37:25,296 - RLController - INFO - DIAGNOSTIC Step 6210 - Observation stats:
2026-09-23 22:37:25,297 - RLController - INFO -   Hash: -1224108835430727918, Min: 0.000000, Max: 1.000167, Mean: 0.456041, Std: 0.460138
2026-09-23 22:37:25,297 - RLController - INFO -   First 10: [3.2569234e-05 1.0000000e+00 9.9333334e-01 1.0000000e+00 1.0000000e+00
 3.0289655e-05 9.8007399e-07 1.0000000e+00 9.9333334e-01 1.0000000e+00]
2026-09-23 22:37:25,298 - RLController - INFO -   Last 10: [0.         0.2        0.         0.08333334 0.53846157 0.00380117
 0.09448718 0.48728248 0.         0.3       ]
2026-09-23 22:37:25,302 - RLController - INFO - DIAGNOSTIC - Raw model action output:
2026-09-23 22:37:25,302 - RLController - INFO -   Action hash: 4304701970519197009
2026-09-23 22:37:25,303 - RLController - INFO -   First 8 values: [ -7.468377 -10.       -10.       -10.       -10.       -10.
 -10.       -10.      ]
2026-09-23 22:37:25,303 - RLController - INFO -   Last 8 values: [-10.        -10.        -10.        -10.        -10.         -2.8591344
 -10.        -10.       ]
2026-09-23 22:37:25,303 - RLController - INFO -   Action shape: (136,), min: -10.000000, max: 6.057800, mean: -9.276006
2026-09-23 22:37:25,303 - RLController - INFO -   B0 junction (indices 16-19) raw values: [ -9.75387 -10.      -10.      -10.     ]
2026-09-23 22:37:25,304 - RLController - INFO - Using CONTINUOUS DURATION-BASED mode
2026-09-23 22:37:25,304 - RLController - INFO -   Example: junction A0 -> durations [51, 13, 13, 13] (total: 90s)
2026-09-23 22:37:25,304 - RLController - INFO -   Example: junction A1 -> durations [24, 22, 22, 22] (total: 90s)
2026-09-23 22:37:25,305 - RLController - INFO -   Example: junction A2 -> durations [13, 13, 51, 13] (total: 90s)
2026-09-23 22:37:25,305 - RLController - INFO -   Example: junction A4 -> durations [60, 10, 10, 10] (total: 90s)
2026-09-23 22:37:25,305 - RLController - INFO -   Example: junction A5 -> durations [24, 22, 22, 22] (total: 90s)
2026-09-23 22:37:25,305 - RLController - INFO -   Example: junction B0 -> durations [24, 22, 22, 22] (total: 90s)
2026-09-23 22:37:25,305 - RLController - INFO -   Example: junction B1 -> durations [24, 22, 22, 22] (total: 90s)
2026-09-23 22:37:25,305 - RLController - INFO -   Example: junction B2 -> durations [24, 22, 22, 22] (total: 90s)
2026-09-23 22:37:25,305 - RLController - INFO -   Example: junction B4 -> durations [24, 22, 22, 22] (total: 90s)
2026-09-23 22:37:25,306 - RLController - INFO -   Example: junction B5 -> durations [60, 10, 10, 10] (total: 90s)
2026-09-23 22:37:25,306 - RLController - INFO -   Example: junction C0 -> durations [22, 22, 24, 22] (total: 90s)
2026-09-23 22:37:25,306 - RLController - INFO -   Example: junction C1 -> durations [24, 22, 22, 22] (total: 90s)
2026-09-23 22:37:25,306 - RLController - INFO -   Example: junction C2 -> durations [55, 15, 10, 10] (total: 90s)
2026-09-23 22:37:25,306 - RLController - INFO -   Example: junction C3 -> durations [60, 10, 10, 10] (total: 90s)
2026-09-23 22:37:25,306 - RLController - INFO -   Example: junction C4 -> durations [60, 10, 10, 10] (total: 90s)
2026-09-23 22:37:25,306 - RLController - INFO -   Example: junction C5 -> durations [57, 11, 11, 11] (total: 90s)
2026-09-23 22:37:25,307 - RLController - INFO -   Example: junction D0 -> durations [24, 22, 22, 22] (total: 90s)
2026-09-23 22:37:25,307 - RLController - INFO -   Example: junction D1 -> durations [21, 21, 27, 21] (total: 90s)
2026-09-23 22:37:25,307 - RLController - INFO -   Example: junction D2 -> durations [48, 14, 14, 14] (total: 90s)
2026-09-23 22:37:25,307 - RLController - INFO -   Example: junction D3 -> durations [24, 22, 22, 22] (total: 90s)
2026-09-23 22:37:25,307 - RLController - INFO -   Example: junction D4 -> durations [24, 22, 22, 22] (total: 90s)
2026-09-23 22:37:25,307 - RLController - INFO -   Example: junction D5 -> durations [12, 12, 54, 12] (total: 90s)
2026-09-23 22:37:25,307 - RLController - INFO -   Example: junction E0 -> durations [24, 22, 22, 22] (total: 90s)
2026-09-23 22:37:25,308 - RLController - INFO -   Example: junction E1 -> durations [24, 22, 22, 22] (total: 90s)
2026-09-23 22:37:25,308 - RLController - INFO -   Stored schedules for 34 junctions, cycle starts at step 6210
2026-09-23 22:37:30,549 - RLController - INFO - DIAGNOSTIC Step 6300 - Observation stats:
2026-09-23 22:37:30,550 - RLController - INFO -   Hash: 3119414153630017760, Min: 0.000000, Max: 1.000000, Mean: 0.452395, Std: 0.458790
2026-09-23 22:37:30,550 - RLController - INFO -   First 10: [0.06670855 1.         0.99333334 1.         0.26042402 0.06584987
 0.         1.         0.99333334 1.        ]
2026-09-23 22:37:30,550 - RLController - INFO -   Last 10: [0.         0.2        0.         0.08333334 0.525641   0.00399955
 0.09333333 0.50093466 0.         0.3       ]
2026-09-23 22:37:30,555 - RLController - INFO - DIAGNOSTIC - Raw model action output:
2026-09-23 22:37:30,555 - RLController - INFO -   Action hash: -4145867688351750610
2026-09-23 22:37:30,556 - RLController - INFO -   First 8 values: [ -7.4313226 -10.        -10.        -10.        -10.        -10.
 -10.        -10.       ]
2026-09-23 22:37:30,556 - RLController - INFO -   Last 8 values: [-10.       -10.       -10.       -10.       -10.        -3.079675
 -10.       -10.      ]
2026-09-23 22:37:30,556 - RLController - INFO -   Action shape: (136,), min: -10.000000, max: 5.036544, mean: -9.272985
2026-09-23 22:37:30,556 - RLController - INFO -   B0 junction (indices 16-19) raw values: [ -9.903854 -10.       -10.       -10.      ]
2026-09-23 22:37:30,556 - RLController - INFO - Using CONTINUOUS DURATION-BASED mode
2026-09-23 22:37:30,556 - RLController - INFO -   Example: junction A0 -> durations [51, 13, 13, 13] (total: 90s)
2026-09-23 22:37:30,557 - RLController - INFO -   Example: junction A1 -> durations [24, 22, 22, 22] (total: 90s)
2026-09-23 22:37:30,557 - RLController - INFO -   Example: junction A2 -> durations [13, 13, 51, 13] (total: 90s)
2026-09-23 22:37:30,557 - RLController - INFO -   Example: junction A4 -> durations [60, 10, 10, 10] (total: 90s)
2026-09-23 22:37:30,557 - RLController - INFO -   Example: junction A5 -> durations [24, 22, 22, 22] (total: 90s)
2026-09-23 22:37:30,557 - RLController - INFO -   Example: junction B0 -> durations [24, 22, 22, 22] (total: 90s)
2026-09-23 22:37:30,557 - RLController - INFO -   Example: junction B1 -> durations [24, 22, 22, 22] (total: 90s)
2026-09-23 22:37:30,557 - RLController - INFO -   Example: junction B2 -> durations [24, 22, 22, 22] (total: 90s)
2026-09-23 22:37:30,557 - RLController - INFO -   Example: junction B4 -> durations [24, 22, 22, 22] (total: 90s)
2026-09-23 22:37:30,558 - RLController - INFO -   Example: junction B5 -> durations [60, 10, 10, 10] (total: 90s)
2026-09-23 22:37:30,558 - RLController - INFO -   Example: junction C0 -> durations [22, 22, 24, 22] (total: 90s)
2026-09-23 22:37:30,558 - RLController - INFO -   Example: junction C1 -> durations [24, 22, 22, 22] (total: 90s)
2026-09-23 22:37:30,558 - RLController - INFO -   Example: junction C2 -> durations [57, 13, 10, 10] (total: 90s)
2026-09-23 22:37:30,558 - RLController - INFO -   Example: junction C3 -> durations [60, 10, 10, 10] (total: 90s)
2026-09-23 22:37:30,558 - RLController - INFO -   Example: junction C4 -> durations [60, 10, 10, 10] (total: 90s)
2026-09-23 22:37:30,559 - RLController - INFO -   Example: junction C5 -> durations [57, 11, 11, 11] (total: 90s)
2026-09-23 22:37:30,559 - RLController - INFO -   Example: junction D0 -> durations [24, 22, 22, 22] (total: 90s)
2026-09-23 22:37:30,559 - RLController - INFO -   Example: junction D1 -> durations [21, 21, 27, 21] (total: 90s)
2026-09-23 22:37:30,559 - RLController - INFO -   Example: junction D2 -> durations [48, 14, 14, 14] (total: 90s)
2026-09-23 22:37:30,559 - RLController - INFO -   Example: junction D3 -> durations [24, 22, 22, 22] (total: 90s)
2026-09-23 22:37:30,559 - RLController - INFO -   Example: junction D4 -> durations [24, 22, 22, 22] (total: 90s)
2026-09-23 22:37:30,559 - RLController - INFO -   Example: junction D5 -> durations [13, 13, 51, 13] (total: 90s)
2026-09-23 22:37:30,559 - RLController - INFO -   Example: junction E0 -> durations [24, 22, 22, 22] (total: 90s)
2026-09-23 22:37:30,560 - RLController - INFO -   Example: junction E1 -> durations [24, 22, 22, 22] (total: 90s)
2026-09-23 22:37:30,560 - RLController - INFO -   Stored schedules for 34 junctions, cycle starts at step 6300
2026-09-23 22:37:36,126 - RLController - INFO - DIAGNOSTIC Step 6390 - Observation stats:
2026-09-23 22:37:36,127 - RLController - INFO -   Hash: -1117372516965293032, Min: 0.000000, Max: 1.000000, Mean: 0.461653, Std: 0.458339
2026-09-23 22:37:36,127 - RLController - INFO -   First 10: [0.08333702 1.         0.99333334 1.         0.20174947 0.08754541
 0.         1.         0.99333334 1.        ]
2026-09-23 22:37:36,128 - RLController - INFO -   Last 10: [0.         0.2        0.         0.08333334 0.55128205 0.00388649
 0.0957265  0.4775015  0.         0.3       ]
2026-09-23 22:37:36,132 - RLController - INFO - DIAGNOSTIC - Raw model action output:
2026-09-23 22:37:36,132 - RLController - INFO -   Action hash: 2640764084045191075
2026-09-23 22:37:36,132 - RLController - INFO -   First 8 values: [ -7.814639 -10.       -10.       -10.       -10.       -10.
 -10.       -10.      ]
2026-09-23 22:37:36,132 - RLController - INFO -   Last 8 values: [-10.        -10.        -10.        -10.        -10.         -2.2610962
 -10.        -10.       ]
2026-09-23 22:37:36,133 - RLController - INFO -   Action shape: (136,), min: -10.000000, max: 5.237982, mean: -9.290483
2026-09-23 22:37:36,133 - RLController - INFO -   B0 junction (indices 16-19) raw values: [-10. -10. -10. -10.]
2026-09-23 22:37:36,133 - RLController - INFO - Using CONTINUOUS DURATION-BASED mode
2026-09-23 22:37:36,133 - RLController - INFO -   Example: junction A0 -> durations [48, 14, 14, 14] (total: 90s)
2026-09-23 22:37:36,133 - RLController - INFO -   Example: junction A1 -> durations [24, 22, 22, 22] (total: 90s)
2026-09-23 22:37:36,133 - RLController - INFO -   Example: junction A2 -> durations [13, 13, 51, 13] (total: 90s)
2026-09-23 22:37:36,134 - RLController - INFO -   Example: junction A4 -> durations [60, 10, 10, 10] (total: 90s)
2026-09-23 22:37:36,134 - RLController - INFO -   Example: junction A5 -> durations [24, 22, 22, 22] (total: 90s)
2026-09-23 22:37:36,134 - RLController - INFO -   Example: junction B0 -> durations [24, 22, 22, 22] (total: 90s)
2026-09-23 22:37:36,134 - RLController - INFO -   Example: junction B1 -> durations [24, 22, 22, 22] (total: 90s)
2026-09-23 22:37:36,134 - RLController - INFO -   Example: junction B2 -> durations [24, 22, 22, 22] (total: 90s)
2026-09-23 22:37:36,134 - RLController - INFO -   Example: junction B4 -> durations [24, 22, 22, 22] (total: 90s)
2026-09-23 22:37:36,134 - RLController - INFO -   Example: junction B5 -> durations [60, 10, 10, 10] (total: 90s)
2026-09-23 22:37:36,134 - RLController - INFO -   Example: junction C0 -> durations [22, 22, 24, 22] (total: 90s)
2026-09-23 22:37:36,135 - RLController - INFO -   Example: junction C1 -> durations [24, 22, 22, 22] (total: 90s)
2026-09-23 22:37:36,135 - RLController - INFO -   Example: junction C2 -> durations [57, 13, 10, 10] (total: 90s)
2026-09-23 22:37:36,135 - RLController - INFO -   Example: junction C3 -> durations [60, 10, 10, 10] (total: 90s)
2026-09-23 22:37:36,135 - RLController - INFO -   Example: junction C4 -> durations [60, 10, 10, 10] (total: 90s)
2026-09-23 22:37:36,135 - RLController - INFO -   Example: junction C5 -> durations [57, 11, 11, 11] (total: 90s)
2026-09-23 22:37:36,135 - RLController - INFO -   Example: junction D0 -> durations [24, 22, 22, 22] (total: 90s)
2026-09-23 22:37:36,135 - RLController - INFO -   Example: junction D1 -> durations [22, 22, 24, 22] (total: 90s)
2026-09-23 22:37:36,135 - RLController - INFO -   Example: junction D2 -> durations [51, 13, 13, 13] (total: 90s)
2026-09-23 22:37:36,135 - RLController - INFO -   Example: junction D3 -> durations [24, 22, 22, 22] (total: 90s)
2026-09-23 22:37:36,136 - RLController - INFO -   Example: junction D4 -> durations [24, 22, 22, 22] (total: 90s)
2026-09-23 22:37:36,136 - RLController - INFO -   Example: junction D5 -> durations [13, 13, 51, 13] (total: 90s)
2026-09-23 22:37:36,136 - RLController - INFO -   Example: junction E0 -> durations [24, 22, 22, 22] (total: 90s)
2026-09-23 22:37:36,136 - RLController - INFO -   Example: junction E1 -> durations [24, 22, 22, 22] (total: 90s)
2026-09-23 22:37:36,137 - RLController - INFO -   Stored schedules for 34 junctions, cycle starts at step 6390
2026-09-23 22:37:41,478 - RLController - INFO - DIAGNOSTIC Step 6480 - Observation stats:
2026-09-23 22:37:41,479 - RLController - INFO -   Hash: 4730665745984099821, Min: 0.000000, Max: 1.000000, Mean: 0.460225, Std: 0.458025
2026-09-23 22:37:41,479 - RLController - INFO -   First 10: [0.13859491 0.         0.9866667  1.         0.10784876 0.15494086
 0.03067765 1.         0.99333334 1.        ]
2026-09-23 22:37:41,479 - RLController - INFO -   Last 10: [0.         0.2        0.         0.08333334 0.5555556  0.00448341
 0.095      0.47737947 0.         0.3       ]
2026-09-23 22:37:41,484 - RLController - INFO - DIAGNOSTIC - Raw model action output:
2026-09-23 22:37:41,484 - RLController - INFO -   Action hash: -3468184068795257160
2026-09-23 22:37:41,485 - RLController - INFO -   First 8 values: [ -7.4917006 -10.        -10.        -10.        -10.        -10.
 -10.        -10.       ]
2026-09-23 22:37:41,485 - RLController - INFO -   Last 8 values: [-10.       -10.       -10.       -10.       -10.        -1.466533
 -10.       -10.      ]
2026-09-23 22:37:41,485 - RLController - INFO -   Action shape: (136,), min: -10.000000, max: 5.952245, mean: -9.280948
2026-09-23 22:37:41,485 - RLController - INFO -   B0 junction (indices 16-19) raw values: [-10. -10. -10. -10.]
2026-09-23 22:37:41,485 - RLController - INFO - Using CONTINUOUS DURATION-BASED mode
2026-09-23 22:37:41,485 - RLController - INFO -   Example: junction A0 -> durations [51, 13, 13, 13] (total: 90s)
2026-09-23 22:37:41,485 - RLController - INFO -   Example: junction A1 -> durations [24, 22, 22, 22] (total: 90s)
2026-09-23 22:37:41,486 - RLController - INFO -   Example: junction A2 -> durations [12, 12, 54, 12] (total: 90s)
2026-09-23 22:37:41,486 - RLController - INFO -   Example: junction A4 -> durations [60, 10, 10, 10] (total: 90s)
2026-09-23 22:37:41,486 - RLController - INFO -   Example: junction A5 -> durations [24, 22, 22, 22] (total: 90s)
2026-09-23 22:37:41,486 - RLController - INFO -   Example: junction B0 -> durations [24, 22, 22, 22] (total: 90s)
2026-09-23 22:37:41,486 - RLController - INFO -   Example: junction B1 -> durations [24, 22, 22, 22] (total: 90s)
2026-09-23 22:37:41,486 - RLController - INFO -   Example: junction B2 -> durations [24, 22, 22, 22] (total: 90s)
2026-09-23 22:37:41,486 - RLController - INFO -   Example: junction B4 -> durations [24, 22, 22, 22] (total: 90s)
2026-09-23 22:37:41,486 - RLController - INFO -   Example: junction B5 -> durations [60, 10, 10, 10] (total: 90s)
2026-09-23 22:37:41,486 - RLController - INFO -   Example: junction C0 -> durations [24, 22, 22, 22] (total: 90s)
2026-09-23 22:37:41,487 - RLController - INFO -   Example: junction C1 -> durations [24, 22, 22, 22] (total: 90s)
2026-09-23 22:37:41,487 - RLController - INFO -   Example: junction C2 -> durations [57, 13, 10, 10] (total: 90s)
2026-09-23 22:37:41,487 - RLController - INFO -   Example: junction C3 -> durations [60, 10, 10, 10] (total: 90s)
2026-09-23 22:37:41,487 - RLController - INFO -   Example: junction C4 -> durations [57, 11, 11, 11] (total: 90s)
2026-09-23 22:37:41,487 - RLController - INFO -   Example: junction C5 -> durations [57, 11, 11, 11] (total: 90s)
2026-09-23 22:37:41,487 - RLController - INFO -   Example: junction D0 -> durations [24, 22, 22, 22] (total: 90s)
2026-09-23 22:37:41,487 - RLController - INFO -   Example: junction D1 -> durations [24, 22, 22, 22] (total: 90s)
2026-09-23 22:37:41,487 - RLController - INFO -   Example: junction D2 -> durations [48, 14, 14, 14] (total: 90s)
2026-09-23 22:37:41,487 - RLController - INFO -   Example: junction D3 -> durations [24, 22, 22, 22] (total: 90s)
2026-09-23 22:37:41,487 - RLController - INFO -   Example: junction D4 -> durations [24, 22, 22, 22] (total: 90s)
2026-09-23 22:37:41,488 - RLController - INFO -   Example: junction D5 -> durations [12, 12, 54, 12] (total: 90s)
2026-09-23 22:37:41,488 - RLController - INFO -   Example: junction E0 -> durations [24, 22, 22, 22] (total: 90s)
2026-09-23 22:37:41,488 - RLController - INFO -   Example: junction E1 -> durations [24, 22, 22, 22] (total: 90s)
2026-09-23 22:37:41,488 - RLController - INFO -   Stored schedules for 34 junctions, cycle starts at step 6480
2026-09-23 22:37:46,486 - RLController - INFO - DIAGNOSTIC Step 6570 - Observation stats:
2026-09-23 22:37:46,498 - RLController - INFO -   Hash: 2224045838170143983, Min: 0.000000, Max: 1.000000, Mean: 0.459051, Std: 0.458278
2026-09-23 22:37:46,499 - RLController - INFO -   First 10: [0.33333334 1.         0.9533333  1.         0.0250609  0.3921303
 0.         1.         0.99333334 1.        ]
2026-09-23 22:37:46,499 - RLController - INFO -   Last 10: [0.         0.2        0.         0.08333334 0.5534188  0.00401064
 0.09534188 0.47133496 0.         0.3       ]
2026-09-23 22:37:46,559 - RLController - INFO - DIAGNOSTIC - Raw model action output:
2026-09-23 22:37:46,559 - RLController - INFO -   Action hash: -1173354134878463503
2026-09-23 22:37:46,560 - RLController - INFO -   First 8 values: [ -7.4195786 -10.        -10.        -10.        -10.        -10.
 -10.        -10.       ]
2026-09-23 22:37:46,560 - RLController - INFO -   Last 8 values: [-10.        -10.        -10.        -10.        -10.         -1.7701948
 -10.        -10.       ]
2026-09-23 22:37:46,560 - RLController - INFO -   Action shape: (136,), min: -10.000000, max: 5.530276, mean: -9.293800
2026-09-23 22:37:46,560 - RLController - INFO -   B0 junction (indices 16-19) raw values: [-10. -10. -10. -10.]
2026-09-23 22:37:46,561 - RLController - INFO - Using CONTINUOUS DURATION-BASED mode
2026-09-23 22:37:46,561 - RLController - INFO -   Example: junction A0 -> durations [51, 13, 13, 13] (total: 90s)
2026-09-23 22:37:46,561 - RLController - INFO -   Example: junction A1 -> durations [24, 22, 22, 22] (total: 90s)
2026-09-23 22:37:46,561 - RLController - INFO -   Example: junction A2 -> durations [12, 12, 54, 12] (total: 90s)
2026-09-23 22:37:46,561 - RLController - INFO -   Example: junction A4 -> durations [60, 10, 10, 10] (total: 90s)
2026-09-23 22:37:46,562 - RLController - INFO -   Example: junction A5 -> durations [24, 22, 22, 22] (total: 90s)
2026-09-23 22:37:46,562 - RLController - INFO -   Example: junction B0 -> durations [24, 22, 22, 22] (total: 90s)
2026-09-23 22:37:46,562 - RLController - INFO -   Example: junction B1 -> durations [24, 22, 22, 22] (total: 90s)
2026-09-23 22:37:46,562 - RLController - INFO -   Example: junction B2 -> durations [24, 22, 22, 22] (total: 90s)
2026-09-23 22:37:46,562 - RLController - INFO -   Example: junction B4 -> durations [24, 22, 22, 22] (total: 90s)
2026-09-23 22:37:46,563 - RLController - INFO -   Example: junction B5 -> durations [60, 10, 10, 10] (total: 90s)
2026-09-23 22:37:46,563 - RLController - INFO -   Example: junction C0 -> durations [24, 22, 22, 22] (total: 90s)
2026-09-23 22:37:46,563 - RLController - INFO -   Example: junction C1 -> durations [24, 22, 22, 22] (total: 90s)
2026-09-23 22:37:46,563 - RLController - INFO -   Example: junction C2 -> durations [57, 13, 10, 10] (total: 90s)
2026-09-23 22:37:46,563 - RLController - INFO -   Example: junction C3 -> durations [60, 10, 10, 10] (total: 90s)
2026-09-23 22:37:46,563 - RLController - INFO -   Example: junction C4 -> durations [57, 11, 11, 11] (total: 90s)
2026-09-23 22:37:46,564 - RLController - INFO -   Example: junction C5 -> durations [57, 11, 11, 11] (total: 90s)
2026-09-23 22:37:46,564 - RLController - INFO -   Example: junction D0 -> durations [24, 22, 22, 22] (total: 90s)
2026-09-23 22:37:46,564 - RLController - INFO -   Example: junction D1 -> durations [22, 22, 24, 22] (total: 90s)
2026-09-23 22:37:46,564 - RLController - INFO -   Example: junction D2 -> durations [48, 14, 14, 14] (total: 90s)
2026-09-23 22:37:46,565 - RLController - INFO -   Example: junction D3 -> durations [24, 22, 22, 22] (total: 90s)
2026-09-23 22:37:46,565 - RLController - INFO -   Example: junction D4 -> durations [24, 22, 22, 22] (total: 90s)
2026-09-23 22:37:46,565 - RLController - INFO -   Example: junction D5 -> durations [13, 13, 51, 13] (total: 90s)
2026-09-23 22:37:46,565 - RLController - INFO -   Example: junction E0 -> durations [24, 22, 22, 22] (total: 90s)
2026-09-23 22:37:46,565 - RLController - INFO -   Example: junction E1 -> durations [24, 22, 22, 22] (total: 90s)
2026-09-23 22:37:46,566 - RLController - INFO -   Stored schedules for 34 junctions, cycle starts at step 6570
2026-09-23 22:37:51,375 - RLController - INFO - DIAGNOSTIC Step 6660 - Observation stats:
2026-09-23 22:37:51,375 - RLController - INFO -   Hash: 1814987806917322381, Min: 0.000000, Max: 1.000000, Mean: 0.461801, Std: 0.458939
2026-09-23 22:37:51,375 - RLController - INFO -   First 10: [1.         0.         0.         0.         0.         1.
 0.         1.         0.99333334 1.        ]
2026-09-23 22:37:51,376 - RLController - INFO -   Last 10: [0.         0.2        0.         0.08333334 0.5448718  0.00360424
 0.09478632 0.47468734 0.         0.3       ]
2026-09-23 22:37:51,525 - RLController - INFO - DIAGNOSTIC - Raw model action output:
2026-09-23 22:37:51,525 - RLController - INFO -   Action hash: 6312662241325926914
2026-09-23 22:37:51,526 - RLController - INFO -   First 8 values: [ -7.491421 -10.       -10.       -10.       -10.       -10.
 -10.       -10.      ]
2026-09-23 22:37:51,526 - RLController - INFO -   Last 8 values: [-10.        -10.        -10.        -10.        -10.         -0.5456225
 -10.        -10.       ]
2026-09-23 22:37:51,526 - RLController - INFO -   Action shape: (136,), min: -10.000000, max: 5.891048, mean: -9.277573
2026-09-23 22:37:51,527 - RLController - INFO -   B0 junction (indices 16-19) raw values: [-10. -10. -10. -10.]
2026-09-23 22:37:51,527 - RLController - INFO - Using CONTINUOUS DURATION-BASED mode
2026-09-23 22:37:51,527 - RLController - INFO -   Example: junction A0 -> durations [51, 13, 13, 13] (total: 90s)
2026-09-23 22:37:51,527 - RLController - INFO -   Example: junction A1 -> durations [24, 22, 22, 22] (total: 90s)
2026-09-23 22:37:51,527 - RLController - INFO -   Example: junction A2 -> durations [12, 12, 54, 12] (total: 90s)
2026-09-23 22:37:51,527 - RLController - INFO -   Example: junction A4 -> durations [60, 10, 10, 10] (total: 90s)
2026-09-23 22:37:51,527 - RLController - INFO -   Example: junction A5 -> durations [24, 22, 22, 22] (total: 90s)
2026-09-23 22:37:51,528 - RLController - INFO -   Example: junction B0 -> durations [24, 22, 22, 22] (total: 90s)
2026-09-23 22:37:51,528 - RLController - INFO -   Example: junction B1 -> durations [24, 22, 22, 22] (total: 90s)
2026-09-23 22:37:51,528 - RLController - INFO -   Example: junction B2 -> durations [24, 22, 22, 22] (total: 90s)
2026-09-23 22:37:51,528 - RLController - INFO -   Example: junction B4 -> durations [24, 22, 22, 22] (total: 90s)
2026-09-23 22:37:51,528 - RLController - INFO -   Example: junction B5 -> durations [60, 10, 10, 10] (total: 90s)
2026-09-23 22:37:51,528 - RLController - INFO -   Example: junction C0 -> durations [24, 22, 22, 22] (total: 90s)
2026-09-23 22:37:51,528 - RLController - INFO -   Example: junction C1 -> durations [24, 22, 22, 22] (total: 90s)
2026-09-23 22:37:51,528 - RLController - INFO -   Example: junction C2 -> durations [56, 14, 10, 10] (total: 90s)
2026-09-23 22:37:51,529 - RLController - INFO -   Example: junction C3 -> durations [60, 10, 10, 10] (total: 90s)
2026-09-23 22:37:51,529 - RLController - INFO -   Example: junction C4 -> durations [57, 11, 11, 11] (total: 90s)
2026-09-23 22:37:51,529 - RLController - INFO -   Example: junction C5 -> durations [57, 11, 11, 11] (total: 90s)
2026-09-23 22:37:51,529 - RLController - INFO -   Example: junction D0 -> durations [24, 22, 22, 22] (total: 90s)
2026-09-23 22:37:51,529 - RLController - INFO -   Example: junction D1 -> durations [22, 22, 24, 22] (total: 90s)
2026-09-23 22:37:51,529 - RLController - INFO -   Example: junction D2 -> durations [48, 14, 14, 14] (total: 90s)
2026-09-23 22:37:51,529 - RLController - INFO -   Example: junction D3 -> durations [24, 22, 22, 22] (total: 90s)
2026-09-23 22:37:51,529 - RLController - INFO -   Example: junction D4 -> durations [24, 22, 22, 22] (total: 90s)
2026-09-23 22:37:51,530 - RLController - INFO -   Example: junction D5 -> durations [13, 13, 51, 13] (total: 90s)
2026-09-23 22:37:51,530 - RLController - INFO -   Example: junction E0 -> durations [24, 22, 22, 22] (total: 90s)
2026-09-23 22:37:51,530 - RLController - INFO -   Example: junction E1 -> durations [24, 22, 22, 22] (total: 90s)
2026-09-23 22:37:51,530 - RLController - INFO -   Stored schedules for 34 junctions, cycle starts at step 6660
2026-09-23 22:37:55,235 - RLController - INFO - DIAGNOSTIC Step 6750 - Observation stats:
2026-09-23 22:37:55,235 - RLController - INFO -   Hash: -2707538429332442560, Min: 0.000000, Max: 1.000000, Mean: 0.460582, Std: 0.459528
2026-09-23 22:37:55,235 - RLController - INFO -   First 10: [0.33333334 1.         0.9533333  1.         0.0250609  0.4137635
 0.         1.         0.99333334 1.        ]
2026-09-23 22:37:55,236 - RLController - INFO -   Last 10: [0.         0.2        0.         0.08333334 0.5405983  0.00406955
 0.09384616 0.48782274 0.         0.3       ]
2026-09-23 22:37:55,240 - RLController - INFO - DIAGNOSTIC - Raw model action output:
2026-09-23 22:37:55,240 - RLController - INFO -   Action hash: 1795889268700888608
2026-09-23 22:37:55,241 - RLController - INFO -   First 8 values: [ -7.4870267 -10.        -10.        -10.        -10.        -10.
 -10.        -10.       ]
2026-09-23 22:37:55,241 - RLController - INFO -   Last 8 values: [-10.        -10.        -10.        -10.        -10.         -1.2285478
 -10.        -10.       ]
2026-09-23 22:37:55,241 - RLController - INFO -   Action shape: (136,), min: -10.000000, max: 5.162798, mean: -9.304176
2026-09-23 22:37:55,241 - RLController - INFO -   B0 junction (indices 16-19) raw values: [-10. -10. -10. -10.]
2026-09-23 22:37:55,241 - RLController - INFO - Using CONTINUOUS DURATION-BASED mode
2026-09-23 22:37:55,241 - RLController - INFO -   Example: junction A0 -> durations [51, 13, 13, 13] (total: 90s)
2026-09-23 22:37:55,242 - RLController - INFO -   Example: junction A1 -> durations [24, 22, 22, 22] (total: 90s)
2026-09-23 22:37:55,242 - RLController - INFO -   Example: junction A2 -> durations [12, 12, 54, 12] (total: 90s)
2026-09-23 22:37:55,242 - RLController - INFO -   Example: junction A4 -> durations [60, 10, 10, 10] (total: 90s)
2026-09-23 22:37:55,242 - RLController - INFO -   Example: junction A5 -> durations [24, 22, 22, 22] (total: 90s)
2026-09-23 22:37:55,242 - RLController - INFO -   Example: junction B0 -> durations [24, 22, 22, 22] (total: 90s)
2026-09-23 22:37:55,242 - RLController - INFO -   Example: junction B1 -> durations [24, 22, 22, 22] (total: 90s)
2026-09-23 22:37:55,242 - RLController - INFO -   Example: junction B2 -> durations [24, 22, 22, 22] (total: 90s)
2026-09-23 22:37:55,243 - RLController - INFO -   Example: junction B4 -> durations [24, 22, 22, 22] (total: 90s)
2026-09-23 22:37:55,243 - RLController - INFO -   Example: junction B5 -> durations [60, 10, 10, 10] (total: 90s)
2026-09-23 22:37:55,243 - RLController - INFO -   Example: junction C0 -> durations [24, 22, 22, 22] (total: 90s)
2026-09-23 22:37:55,243 - RLController - INFO -   Example: junction C1 -> durations [24, 22, 22, 22] (total: 90s)
2026-09-23 22:37:55,243 - RLController - INFO -   Example: junction C2 -> durations [57, 13, 10, 10] (total: 90s)
2026-09-23 22:37:55,243 - RLController - INFO -   Example: junction C3 -> durations [60, 10, 10, 10] (total: 90s)
2026-09-23 22:37:55,243 - RLController - INFO -   Example: junction C4 -> durations [57, 11, 11, 11] (total: 90s)
2026-09-23 22:37:55,243 - RLController - INFO -   Example: junction C5 -> durations [57, 11, 11, 11] (total: 90s)
2026-09-23 22:37:55,243 - RLController - INFO -   Example: junction D0 -> durations [24, 22, 22, 22] (total: 90s)
2026-09-23 22:37:55,244 - RLController - INFO -   Example: junction D1 -> durations [24, 22, 22, 22] (total: 90s)
2026-09-23 22:37:55,244 - RLController - INFO -   Example: junction D2 -> durations [45, 15, 15, 15] (total: 90s)
2026-09-23 22:37:55,244 - RLController - INFO -   Example: junction D3 -> durations [24, 22, 22, 22] (total: 90s)
2026-09-23 22:37:55,244 - RLController - INFO -   Example: junction D4 -> durations [24, 22, 22, 22] (total: 90s)
2026-09-23 22:37:55,244 - RLController - INFO -   Example: junction D5 -> durations [13, 13, 51, 13] (total: 90s)
2026-09-23 22:37:55,244 - RLController - INFO -   Example: junction E0 -> durations [24, 22, 22, 22] (total: 90s)
2026-09-23 22:37:55,245 - RLController - INFO -   Example: junction E1 -> durations [24, 22, 22, 22] (total: 90s)
2026-09-23 22:37:55,245 - RLController - INFO -   Stored schedules for 34 junctions, cycle starts at step 6750
2026-09-23 22:38:00,065 - RLController - INFO - DIAGNOSTIC Step 6840 - Observation stats:
2026-09-23 22:38:00,065 - RLController - INFO -   Hash: -4728110270652372507, Min: 0.000000, Max: 1.000000, Mean: 0.460276, Std: 0.459332
2026-09-23 22:38:00,066 - RLController - INFO -   First 10: [0.5        1.         0.9266667  1.         0.00541354 0.5991597
 0.         1.         0.99333334 1.        ]
2026-09-23 22:38:00,066 - RLController - INFO -   Last 10: [0.         0.2        0.         0.08333334 0.5555556  0.00415408
 0.09384616 0.47626042 0.         0.3       ]
2026-09-23 22:38:00,071 - RLController - INFO - DIAGNOSTIC - Raw model action output:
2026-09-23 22:38:00,071 - RLController - INFO -   Action hash: 4774536582014228313
2026-09-23 22:38:00,071 - RLController - INFO -   First 8 values: [ -7.4971066 -10.        -10.        -10.        -10.        -10.
 -10.        -10.       ]
2026-09-23 22:38:00,072 - RLController - INFO -   Last 8 values: [-10.        -10.        -10.        -10.        -10.         -1.4870794
 -10.        -10.       ]
2026-09-23 22:38:00,072 - RLController - INFO -   Action shape: (136,), min: -10.000000, max: 4.695868, mean: -9.303597
2026-09-23 22:38:00,072 - RLController - INFO -   B0 junction (indices 16-19) raw values: [ -9.672135 -10.       -10.       -10.      ]
2026-09-23 22:38:00,072 - RLController - INFO - Using CONTINUOUS DURATION-BASED mode
2026-09-23 22:38:00,072 - RLController - INFO -   Example: junction A0 -> durations [51, 13, 13, 13] (total: 90s)
2026-09-23 22:38:00,073 - RLController - INFO -   Example: junction A1 -> durations [24, 22, 22, 22] (total: 90s)
2026-09-23 22:38:00,073 - RLController - INFO -   Example: junction A2 -> durations [12, 12, 54, 12] (total: 90s)
2026-09-23 22:38:00,073 - RLController - INFO -   Example: junction A4 -> durations [60, 10, 10, 10] (total: 90s)
2026-09-23 22:38:00,073 - RLController - INFO -   Example: junction A5 -> durations [27, 21, 21, 21] (total: 90s)
2026-09-23 22:38:00,073 - RLController - INFO -   Example: junction B0 -> durations [24, 22, 22, 22] (total: 90s)
2026-09-23 22:38:00,073 - RLController - INFO -   Example: junction B1 -> durations [24, 22, 22, 22] (total: 90s)
2026-09-23 22:38:00,074 - RLController - INFO -   Example: junction B2 -> durations [24, 22, 22, 22] (total: 90s)
2026-09-23 22:38:00,074 - RLController - INFO -   Example: junction B4 -> durations [24, 22, 22, 22] (total: 90s)
2026-09-23 22:38:00,074 - RLController - INFO -   Example: junction B5 -> durations [60, 10, 10, 10] (total: 90s)
2026-09-23 22:38:00,074 - RLController - INFO -   Example: junction C0 -> durations [24, 22, 22, 22] (total: 90s)
2026-09-23 22:38:00,074 - RLController - INFO -   Example: junction C1 -> durations [24, 22, 22, 22] (total: 90s)
2026-09-23 22:38:00,074 - RLController - INFO -   Example: junction C2 -> durations [58, 12, 10, 10] (total: 90s)
2026-09-23 22:38:00,075 - RLController - INFO -   Example: junction C3 -> durations [60, 10, 10, 10] (total: 90s)
2026-09-23 22:38:00,075 - RLController - INFO -   Example: junction C4 -> durations [57, 11, 11, 11] (total: 90s)
2026-09-23 22:38:00,075 - RLController - INFO -   Example: junction C5 -> durations [57, 11, 11, 11] (total: 90s)
2026-09-23 22:38:00,075 - RLController - INFO -   Example: junction D0 -> durations [24, 22, 22, 22] (total: 90s)
2026-09-23 22:38:00,075 - RLController - INFO -   Example: junction D1 -> durations [22, 22, 24, 22] (total: 90s)
2026-09-23 22:38:00,075 - RLController - INFO -   Example: junction D2 -> durations [45, 15, 15, 15] (total: 90s)
2026-09-23 22:38:00,075 - RLController - INFO -   Example: junction D3 -> durations [24, 22, 22, 22] (total: 90s)
2026-09-23 22:38:00,076 - RLController - INFO -   Example: junction D4 -> durations [24, 22, 22, 22] (total: 90s)
2026-09-23 22:38:00,076 - RLController - INFO -   Example: junction D5 -> durations [13, 13, 51, 13] (total: 90s)
2026-09-23 22:38:00,076 - RLController - INFO -   Example: junction E0 -> durations [24, 22, 22, 22] (total: 90s)
2026-09-23 22:38:00,076 - RLController - INFO -   Example: junction E1 -> durations [24, 22, 22, 22] (total: 90s)
2026-09-23 22:38:00,077 - RLController - INFO -   Stored schedules for 34 junctions, cycle starts at step 6840
