run_name: rl_s07   controller: rl   started: 2026-09-24T09:15:02Z
src: /a/home/cc/tree/taucc/architec/efratbl/sumo-traffic-generator/paper_rl_vs_tm/app/src/__init__.py
python: Python 3.10.2
sumo: Eclipse SUMO sumo 1.25.0
numpy 1.24.4 torch 2.1.2+cpu sb3 2.1.0
model md5: 8b8d9f494260a1a1f6a24b2c4ef25667
sumo seed: 7
2026-09-24 12:15:14,227 - StandardPipeline - INFO - Prepared output directory: /a/home/cc/architec/efratbl/sumo-traffic-generator/paper_rl_vs_tm/results/runs/rl_s07/workspace
2026-09-24 12:15:14,227 - StandardPipeline - INFO - --- Step 1: Network Generation ---
Success.
2026-09-24 12:15:15,189 - StandardPipeline - INFO - --- Step 2: Zone Generation ---
2026-09-24 12:15:17,673 - StandardPipeline - INFO - --- Step 3: Integrated Edge Splitting with Lane Assignment ---
Post-processing: 108 edges processed, 108 converted to multi-head
2026-09-24 12:15:45,868 - StandardPipeline - INFO - --- Step 4: Network Rebuild ---
2026-09-24 12:15:47,487 - StandardPipeline - INFO - --- Step 5: Edge Attractiveness Assignment ---
2026-09-24 12:17:31,087 - StandardPipeline - INFO - --- Step 6: Vehicle Route Generation ---
2026-09-24 12:17:51,902 - StandardPipeline - INFO - --- Step 7: SUMO Configuration Generation ---
2026-09-24 12:17:51,912 - StandardPipeline - INFO - --- Step 8: Dynamic Simulation ---
2026-09-24 12:17:51,912 - src.orchestration.simulator - INFO - Using TraCI simulator for rl (dynamic control)
 Retrying in 1 seconds
2026-09-24 12:18:12,985 - RLController - INFO - Creating RL environment...
[DIM CHECK] network_path='None'
[DIM CHECK] Using existing workspace network: /a/home/cc/architec/efratbl/sumo-traffic-generator/paper_rl_vs_tm/results/runs/rl_s07/workspace/grid.net.xml
2026-09-24 12:18:12,986 - TrafficControlEnv - INFO - Using existing workspace network: /a/home/cc/architec/efratbl/sumo-traffic-generator/paper_rl_vs_tm/results/runs/rl_s07/workspace/grid.net.xml
2026-09-24 12:18:13,152 - TrafficControlEnv - INFO - Parsed network dimensions from: /a/home/cc/architec/efratbl/sumo-traffic-generator/paper_rl_vs_tm/results/runs/rl_s07/workspace/grid.net.xml
2026-09-24 12:18:13,152 - TrafficControlEnv - INFO -   Edges: 468
2026-09-24 12:18:13,152 - TrafficControlEnv - INFO -   Junctions: 34
2026-09-24 12:18:13,155 - RLController - INFO - RL environment created successfully
2026-09-24 12:18:13,155 - RLController - INFO - Observation space: (2882,)
2026-09-24 12:18:13,155 - RLController - INFO - Action space: (136,)
/a/home/cc/tree/taucc/architec/efratbl/sumo-traffic-generator/paper_rl_vs_tm/app/src/rl/controller.py:259: UserWarning: Call to deprecated function getAllProgramLogics, use getCompleteRedYellowGreenDefinition instead.
  complete_def = traci.trafficlight.getCompleteRedYellowGreenDefinition(tl_id)[
2026-09-24 12:18:13,606 - RLController - INFO - DIAGNOSTIC Step 0 - Observation stats:
2026-09-24 12:18:13,607 - RLController - INFO -   Hash: 6817727637787724089, Min: 0.000000, Max: 1.000080, Mean: 0.246374, Std: 0.378330
2026-09-24 12:18:13,607 - RLController - INFO -   First 10: [1.  0.  0.  0.  0.  0.5 1.  0.  0.  0. ]
2026-09-24 12:18:13,607 - RLController - INFO -   Last 10: [0.      0.1875  0.      0.25    0.      0.      0.      1.00008 0.
 0.3    ]
2026-09-24 12:18:13,715 - RLController - INFO - DIAGNOSTIC - Raw model action output:
2026-09-24 12:18:13,715 - RLController - INFO -   Action hash: -7007080109623696533
2026-09-24 12:18:13,716 - RLController - INFO -   First 8 values: [ -4.2462254 -10.         -8.615134  -10.        -10.        -10.
  -9.517142   -9.423127 ]
2026-09-24 12:18:13,716 - RLController - INFO -   Last 8 values: [ -9.937325  -10.         -7.9518666 -10.         -8.441892   -1.202461
  -9.473316  -10.       ]
2026-09-24 12:18:13,716 - RLController - INFO -   Action shape: (136,), min: -10.000000, max: 2.648499, mean: -8.256987
2026-09-24 12:18:13,717 - RLController - INFO -   B0 junction (indices 16-19) raw values: [ -7.3623834  -6.7744145  -7.927693  -10.       ]
2026-09-24 12:18:13,717 - RLController - INFO - Using CONTINUOUS DURATION-BASED mode
2026-09-24 12:18:13,784 - RLController - INFO -   Example: junction A0 -> durations [59, 10, 11, 10] (total: 90s)
2026-09-24 12:18:13,784 - RLController - INFO -   Example: junction A1 -> durations [19, 19, 25, 27] (total: 90s)
2026-09-24 12:18:13,785 - RLController - INFO -   Example: junction A2 -> durations [10, 12, 58, 10] (total: 90s)
2026-09-24 12:18:13,785 - RLController - INFO -   Example: junction A4 -> durations [60, 10, 10, 10] (total: 90s)
2026-09-24 12:18:13,785 - RLController - INFO -   Example: junction A5 -> durations [25, 36, 18, 11] (total: 90s)
2026-09-24 12:18:13,785 - RLController - INFO -   Example: junction B0 -> durations [12, 12, 46, 20] (total: 90s)
2026-09-24 12:18:13,785 - RLController - INFO -   Example: junction B1 -> durations [14, 54, 11, 11] (total: 90s)
2026-09-24 12:18:13,786 - RLController - INFO -   Example: junction B2 -> durations [12, 12, 54, 12] (total: 90s)
2026-09-24 12:18:13,786 - RLController - INFO -   Example: junction B4 -> durations [15, 23, 37, 15] (total: 90s)
2026-09-24 12:18:13,786 - RLController - INFO -   Example: junction B5 -> durations [60, 10, 10, 10] (total: 90s)
2026-09-24 12:18:13,786 - RLController - INFO -   Example: junction C0 -> durations [11, 14, 47, 18] (total: 90s)
2026-09-24 12:18:13,786 - RLController - INFO -   Example: junction C1 -> durations [27, 13, 30, 20] (total: 90s)
2026-09-24 12:18:13,786 - RLController - INFO -   Example: junction C2 -> durations [54, 16, 10, 10] (total: 90s)
2026-09-24 12:18:13,787 - RLController - INFO -   Example: junction C3 -> durations [59, 11, 10, 10] (total: 90s)
2026-09-24 12:18:13,787 - RLController - INFO -   Example: junction C4 -> durations [36, 10, 34, 10] (total: 90s)
2026-09-24 12:18:13,787 - RLController - INFO -   Example: junction C5 -> durations [50, 10, 10, 20] (total: 90s)
2026-09-24 12:18:13,787 - RLController - INFO -   Example: junction D0 -> durations [19, 28, 31, 12] (total: 90s)
2026-09-24 12:18:13,787 - RLController - INFO -   Example: junction D1 -> durations [11, 13, 47, 19] (total: 90s)
2026-09-24 12:18:13,788 - RLController - INFO -   Example: junction D2 -> durations [57, 11, 11, 11] (total: 90s)
2026-09-24 12:18:13,788 - RLController - INFO -   Example: junction D3 -> durations [22, 12, 44, 12] (total: 90s)
2026-09-24 12:18:13,788 - RLController - INFO -   Example: junction D4 -> durations [12, 25, 42, 11] (total: 90s)
2026-09-24 12:18:13,788 - RLController - INFO -   Example: junction D5 -> durations [11, 10, 58, 11] (total: 90s)
2026-09-24 12:18:13,788 - RLController - INFO -   Example: junction E0 -> durations [11, 11, 12, 56] (total: 90s)
2026-09-24 12:18:13,788 - RLController - INFO -   Example: junction E1 -> durations [34, 11, 34, 11] (total: 90s)
2026-09-24 12:18:13,789 - RLController - INFO -   Stored schedules for 34 junctions, cycle starts at step 0
2026-09-24 12:18:14,751 - RLController - INFO - DIAGNOSTIC Step 90 - Observation stats:
2026-09-24 12:18:14,751 - RLController - INFO -   Hash: -6872655876098127754, Min: 0.000000, Max: 1.000000, Mean: 0.295395, Std: 0.404082
2026-09-24 12:18:14,752 - RLController - INFO -   First 10: [1.  0.  0.  0.  0.  0.5 1.  0.  0.  0. ]
2026-09-24 12:18:14,752 - RLController - INFO -   Last 10: [0.0000000e+00 1.2500000e-01 0.0000000e+00 8.3333336e-02 1.3675214e-01
 5.9977581e-04 1.0341880e-02 8.5930413e-01 0.0000000e+00 3.0000001e-01]
2026-09-24 12:18:14,804 - RLController - INFO - DIAGNOSTIC - Raw model action output:
2026-09-24 12:18:14,804 - RLController - INFO -   Action hash: 2617604025202295582
2026-09-24 12:18:14,804 - RLController - INFO -   First 8 values: [ -5.6135855 -10.        -10.        -10.        -10.        -10.
 -10.        -10.       ]
2026-09-24 12:18:14,804 - RLController - INFO -   Last 8 values: [-10.         -10.         -10.         -10.         -10.
   0.04983406 -10.         -10.        ]
2026-09-24 12:18:14,805 - RLController - INFO -   Action shape: (136,), min: -10.000000, max: 4.094810, mean: -8.875932
2026-09-24 12:18:14,805 - RLController - INFO -   B0 junction (indices 16-19) raw values: [ -8.445039  -8.862653 -10.       -10.      ]
2026-09-24 12:18:14,805 - RLController - INFO - Using CONTINUOUS DURATION-BASED mode
2026-09-24 12:18:14,805 - RLController - INFO -   Example: junction A0 -> durations [57, 11, 11, 11] (total: 90s)
2026-09-24 12:18:14,805 - RLController - INFO -   Example: junction A1 -> durations [24, 22, 22, 22] (total: 90s)
2026-09-24 12:18:14,805 - RLController - INFO -   Example: junction A2 -> durations [10, 12, 58, 10] (total: 90s)
2026-09-24 12:18:14,806 - RLController - INFO -   Example: junction A4 -> durations [59, 11, 10, 10] (total: 90s)
2026-09-24 12:18:14,806 - RLController - INFO -   Example: junction A5 -> durations [34, 26, 15, 15] (total: 90s)
2026-09-24 12:18:14,806 - RLController - INFO -   Example: junction B0 -> durations [18, 18, 36, 18] (total: 90s)
2026-09-24 12:18:14,806 - RLController - INFO -   Example: junction B1 -> durations [12, 54, 12, 12] (total: 90s)
2026-09-24 12:18:14,806 - RLController - INFO -   Example: junction B2 -> durations [20, 20, 30, 20] (total: 90s)
2026-09-24 12:18:14,806 - RLController - INFO -   Example: junction B4 -> durations [24, 22, 22, 22] (total: 90s)
2026-09-24 12:18:14,806 - RLController - INFO -   Example: junction B5 -> durations [60, 10, 10, 10] (total: 90s)
2026-09-24 12:18:14,807 - RLController - INFO -   Example: junction C0 -> durations [13, 13, 46, 18] (total: 90s)
2026-09-24 12:18:14,807 - RLController - INFO -   Example: junction C1 -> durations [26, 21, 22, 21] (total: 90s)
2026-09-24 12:18:14,807 - RLController - INFO -   Example: junction C2 -> durations [55, 15, 10, 10] (total: 90s)
2026-09-24 12:18:14,807 - RLController - INFO -   Example: junction C3 -> durations [60, 10, 10, 10] (total: 90s)
2026-09-24 12:18:14,807 - RLController - INFO -   Example: junction C4 -> durations [48, 11, 20, 11] (total: 90s)
2026-09-24 12:18:14,807 - RLController - INFO -   Example: junction C5 -> durations [54, 10, 10, 16] (total: 90s)
2026-09-24 12:18:14,807 - RLController - INFO -   Example: junction D0 -> durations [17, 23, 33, 17] (total: 90s)
2026-09-24 12:18:14,808 - RLController - INFO -   Example: junction D1 -> durations [12, 12, 51, 15] (total: 90s)
2026-09-24 12:18:14,808 - RLController - INFO -   Example: junction D2 -> durations [57, 11, 11, 11] (total: 90s)
2026-09-24 12:18:14,808 - RLController - INFO -   Example: junction D3 -> durations [18, 18, 36, 18] (total: 90s)
2026-09-24 12:18:14,808 - RLController - INFO -   Example: junction D4 -> durations [15, 28, 32, 15] (total: 90s)
2026-09-24 12:18:14,808 - RLController - INFO -   Example: junction D5 -> durations [11, 11, 57, 11] (total: 90s)
2026-09-24 12:18:14,808 - RLController - INFO -   Example: junction E0 -> durations [14, 14, 14, 48] (total: 90s)
2026-09-24 12:18:14,808 - RLController - INFO -   Example: junction E1 -> durations [32, 13, 32, 13] (total: 90s)
2026-09-24 12:18:14,809 - RLController - INFO -   Stored schedules for 34 junctions, cycle starts at step 90
2026-09-24 12:18:15,729 - RLController - INFO - DIAGNOSTIC Step 180 - Observation stats:
2026-09-24 12:18:15,729 - RLController - INFO -   Hash: 4766851779996901462, Min: 0.000000, Max: 1.000000, Mean: 0.328122, Std: 0.420436
2026-09-24 12:18:15,729 - RLController - INFO -   First 10: [1.  0.  0.  0.  0.  0.5 1.  0.  0.  0. ]
2026-09-24 12:18:15,729 - RLController - INFO -   Last 10: [0.         0.2        0.         0.08333334 0.23076923 0.00090316
 0.01918803 0.7666229  0.         0.3       ]
2026-09-24 12:18:15,764 - RLController - INFO - DIAGNOSTIC - Raw model action output:
2026-09-24 12:18:15,764 - RLController - INFO -   Action hash: -8259426946075343923
2026-09-24 12:18:15,765 - RLController - INFO -   First 8 values: [ -6.085082 -10.       -10.       -10.       -10.       -10.
 -10.       -10.      ]
2026-09-24 12:18:15,765 - RLController - INFO -   Last 8 values: [-10.        -10.        -10.        -10.        -10.         -0.0452878
 -10.        -10.       ]
2026-09-24 12:18:15,765 - RLController - INFO -   Action shape: (136,), min: -10.000000, max: 4.517174, mean: -9.118941
2026-09-24 12:18:15,765 - RLController - INFO -   B0 junction (indices 16-19) raw values: [ -9.173861 -10.       -10.       -10.      ]
2026-09-24 12:18:15,765 - RLController - INFO - Using CONTINUOUS DURATION-BASED mode
2026-09-24 12:18:15,766 - RLController - INFO -   Example: junction A0 -> durations [57, 11, 11, 11] (total: 90s)
2026-09-24 12:18:15,766 - RLController - INFO -   Example: junction A1 -> durations [24, 22, 22, 22] (total: 90s)
2026-09-24 12:18:15,766 - RLController - INFO -   Example: junction A2 -> durations [10, 11, 59, 10] (total: 90s)
2026-09-24 12:18:15,766 - RLController - INFO -   Example: junction A4 -> durations [59, 11, 10, 10] (total: 90s)
2026-09-24 12:18:15,766 - RLController - INFO -   Example: junction A5 -> durations [33, 19, 19, 19] (total: 90s)
2026-09-24 12:18:15,766 - RLController - INFO -   Example: junction B0 -> durations [24, 22, 22, 22] (total: 90s)
2026-09-24 12:18:15,766 - RLController - INFO -   Example: junction B1 -> durations [14, 48, 14, 14] (total: 90s)
2026-09-24 12:18:15,766 - RLController - INFO -   Example: junction B2 -> durations [24, 22, 22, 22] (total: 90s)
2026-09-24 12:18:15,767 - RLController - INFO -   Example: junction B4 -> durations [24, 22, 22, 22] (total: 90s)
2026-09-24 12:18:15,767 - RLController - INFO -   Example: junction B5 -> durations [60, 10, 10, 10] (total: 90s)
2026-09-24 12:18:15,767 - RLController - INFO -   Example: junction C0 -> durations [17, 17, 39, 17] (total: 90s)
2026-09-24 12:18:15,767 - RLController - INFO -   Example: junction C1 -> durations [24, 22, 22, 22] (total: 90s)
2026-09-24 12:18:15,767 - RLController - INFO -   Example: junction C2 -> durations [55, 15, 10, 10] (total: 90s)
2026-09-24 12:18:15,767 - RLController - INFO -   Example: junction C3 -> durations [60, 10, 10, 10] (total: 90s)
2026-09-24 12:18:15,767 - RLController - INFO -   Example: junction C4 -> durations [53, 11, 15, 11] (total: 90s)
2026-09-24 12:18:15,767 - RLController - INFO -   Example: junction C5 -> durations [57, 11, 11, 11] (total: 90s)
2026-09-24 12:18:15,768 - RLController - INFO -   Example: junction D0 -> durations [22, 22, 24, 22] (total: 90s)
2026-09-24 12:18:15,768 - RLController - INFO -   Example: junction D1 -> durations [14, 14, 48, 14] (total: 90s)
2026-09-24 12:18:15,768 - RLController - INFO -   Example: junction D2 -> durations [51, 13, 13, 13] (total: 90s)
2026-09-24 12:18:15,768 - RLController - INFO -   Example: junction D3 -> durations [24, 22, 22, 22] (total: 90s)
2026-09-24 12:18:15,768 - RLController - INFO -   Example: junction D4 -> durations [22, 22, 24, 22] (total: 90s)
2026-09-24 12:18:15,768 - RLController - INFO -   Example: junction D5 -> durations [11, 11, 57, 11] (total: 90s)
2026-09-24 12:18:15,768 - RLController - INFO -   Example: junction E0 -> durations [19, 19, 19, 33] (total: 90s)
2026-09-24 12:18:15,768 - RLController - INFO -   Example: junction E1 -> durations [28, 17, 28, 17] (total: 90s)
2026-09-24 12:18:15,769 - RLController - INFO -   Stored schedules for 34 junctions, cycle starts at step 180
2026-09-24 12:18:17,155 - RLController - INFO - DIAGNOSTIC Step 270 - Observation stats:
2026-09-24 12:18:17,155 - RLController - INFO -   Hash: 3711656732469435635, Min: 0.000000, Max: 1.000000, Mean: 0.342532, Std: 0.424502
2026-09-24 12:18:17,156 - RLController - INFO -   First 10: [1.  0.  0.  0.  0.  0.5 1.  0.  0.  0. ]
2026-09-24 12:18:17,156 - RLController - INFO -   Last 10: [0.         0.2        0.         0.08333334 0.26495728 0.00209353
 0.02521368 0.74647516 0.         0.3       ]
2026-09-24 12:18:17,238 - RLController - INFO - DIAGNOSTIC - Raw model action output:
2026-09-24 12:18:17,238 - RLController - INFO -   Action hash: -5577870227994068504
2026-09-24 12:18:17,239 - RLController - INFO -   First 8 values: [ -6.3822155 -10.        -10.        -10.        -10.        -10.
 -10.        -10.       ]
2026-09-24 12:18:17,239 - RLController - INFO -   Last 8 values: [-10.        -10.        -10.        -10.        -10.          0.2084897
 -10.        -10.       ]
2026-09-24 12:18:17,240 - RLController - INFO -   Action shape: (136,), min: -10.000000, max: 5.289563, mean: -9.159829
2026-09-24 12:18:17,240 - RLController - INFO -   B0 junction (indices 16-19) raw values: [ -9.143269 -10.       -10.       -10.      ]
2026-09-24 12:18:17,240 - RLController - INFO - Using CONTINUOUS DURATION-BASED mode
2026-09-24 12:18:17,241 - RLController - INFO -   Example: junction A0 -> durations [57, 11, 11, 11] (total: 90s)
2026-09-24 12:18:17,241 - RLController - INFO -   Example: junction A1 -> durations [24, 22, 22, 22] (total: 90s)
2026-09-24 12:18:17,241 - RLController - INFO -   Example: junction A2 -> durations [10, 10, 60, 10] (total: 90s)
2026-09-24 12:18:17,241 - RLController - INFO -   Example: junction A4 -> durations [60, 10, 10, 10] (total: 90s)
2026-09-24 12:18:17,242 - RLController - INFO -   Example: junction A5 -> durations [33, 19, 19, 19] (total: 90s)
2026-09-24 12:18:17,242 - RLController - INFO -   Example: junction B0 -> durations [24, 22, 22, 22] (total: 90s)
2026-09-24 12:18:17,242 - RLController - INFO -   Example: junction B1 -> durations [16, 42, 16, 16] (total: 90s)
2026-09-24 12:18:17,242 - RLController - INFO -   Example: junction B2 -> durations [24, 22, 22, 22] (total: 90s)
2026-09-24 12:18:17,243 - RLController - INFO -   Example: junction B4 -> durations [24, 22, 22, 22] (total: 90s)
2026-09-24 12:18:17,243 - RLController - INFO -   Example: junction B5 -> durations [60, 10, 10, 10] (total: 90s)
2026-09-24 12:18:17,243 - RLController - INFO -   Example: junction C0 -> durations [18, 18, 36, 18] (total: 90s)
2026-09-24 12:18:17,243 - RLController - INFO -   Example: junction C1 -> durations [24, 22, 22, 22] (total: 90s)
2026-09-24 12:18:17,243 - RLController - INFO -   Example: junction C2 -> durations [58, 12, 10, 10] (total: 90s)
2026-09-24 12:18:17,244 - RLController - INFO -   Example: junction C3 -> durations [60, 10, 10, 10] (total: 90s)
2026-09-24 12:18:17,244 - RLController - INFO -   Example: junction C4 -> durations [55, 11, 13, 11] (total: 90s)
2026-09-24 12:18:17,244 - RLController - INFO -   Example: junction C5 -> durations [57, 11, 11, 11] (total: 90s)
2026-09-24 12:18:17,244 - RLController - INFO -   Example: junction D0 -> durations [24, 22, 22, 22] (total: 90s)
2026-09-24 12:18:17,245 - RLController - INFO -   Example: junction D1 -> durations [16, 16, 42, 16] (total: 90s)
2026-09-24 12:18:17,245 - RLController - INFO -   Example: junction D2 -> durations [48, 14, 14, 14] (total: 90s)
2026-09-24 12:18:17,245 - RLController - INFO -   Example: junction D3 -> durations [24, 22, 22, 22] (total: 90s)
2026-09-24 12:18:17,245 - RLController - INFO -   Example: junction D4 -> durations [24, 22, 22, 22] (total: 90s)
2026-09-24 12:18:17,245 - RLController - INFO -   Example: junction D5 -> durations [12, 12, 54, 12] (total: 90s)
2026-09-24 12:18:17,246 - RLController - INFO -   Example: junction E0 -> durations [20, 20, 20, 30] (total: 90s)
2026-09-24 12:18:17,246 - RLController - INFO -   Example: junction E1 -> durations [26, 18, 28, 18] (total: 90s)
2026-09-24 12:18:17,247 - RLController - INFO -   Stored schedules for 34 junctions, cycle starts at step 270
2026-09-24 12:18:18,785 - RLController - INFO - DIAGNOSTIC Step 360 - Observation stats:
2026-09-24 12:18:18,785 - RLController - INFO -   Hash: -1657878397128372850, Min: 0.000000, Max: 1.000000, Mean: 0.354994, Std: 0.430451
2026-09-24 12:18:18,786 - RLController - INFO -   First 10: [1.  0.  0.  0.  0.  0.5 1.  0.  0.  0. ]
2026-09-24 12:18:18,786 - RLController - INFO -   Last 10: [0.         0.2        0.         0.08333334 0.2905983  0.0019312
 0.02957265 0.71835476 0.         0.3       ]
2026-09-24 12:18:18,790 - RLController - INFO - DIAGNOSTIC - Raw model action output:
2026-09-24 12:18:18,790 - RLController - INFO -   Action hash: -3945089178675502603
2026-09-24 12:18:18,791 - RLController - INFO -   First 8 values: [ -6.593531 -10.       -10.       -10.       -10.       -10.
 -10.       -10.      ]
2026-09-24 12:18:18,791 - RLController - INFO -   Last 8 values: [-10.       -10.       -10.       -10.       -10.         1.241082
 -10.       -10.      ]
2026-09-24 12:18:18,791 - RLController - INFO -   Action shape: (136,), min: -10.000000, max: 5.587729, mean: -9.212389
2026-09-24 12:18:18,792 - RLController - INFO -   B0 junction (indices 16-19) raw values: [ -9.3519 -10.     -10.     -10.    ]
2026-09-24 12:18:18,792 - RLController - INFO - Using CONTINUOUS DURATION-BASED mode
2026-09-24 12:18:18,792 - RLController - INFO -   Example: junction A0 -> durations [54, 12, 12, 12] (total: 90s)
2026-09-24 12:18:18,792 - RLController - INFO -   Example: junction A1 -> durations [24, 22, 22, 22] (total: 90s)
2026-09-24 12:18:18,792 - RLController - INFO -   Example: junction A2 -> durations [11, 11, 57, 11] (total: 90s)
2026-09-24 12:18:18,792 - RLController - INFO -   Example: junction A4 -> durations [60, 10, 10, 10] (total: 90s)
2026-09-24 12:18:18,793 - RLController - INFO -   Example: junction A5 -> durations [30, 20, 20, 20] (total: 90s)
2026-09-24 12:18:18,793 - RLController - INFO -   Example: junction B0 -> durations [24, 22, 22, 22] (total: 90s)
2026-09-24 12:18:18,793 - RLController - INFO -   Example: junction B1 -> durations [20, 30, 20, 20] (total: 90s)
2026-09-24 12:18:18,793 - RLController - INFO -   Example: junction B2 -> durations [24, 22, 22, 22] (total: 90s)
2026-09-24 12:18:18,793 - RLController - INFO -   Example: junction B4 -> durations [24, 22, 22, 22] (total: 90s)
2026-09-24 12:18:18,793 - RLController - INFO -   Example: junction B5 -> durations [60, 10, 10, 10] (total: 90s)
2026-09-24 12:18:18,793 - RLController - INFO -   Example: junction C0 -> durations [20, 20, 30, 20] (total: 90s)
2026-09-24 12:18:18,794 - RLController - INFO -   Example: junction C1 -> durations [24, 22, 22, 22] (total: 90s)
2026-09-24 12:18:18,794 - RLController - INFO -   Example: junction C2 -> durations [58, 12, 10, 10] (total: 90s)
2026-09-24 12:18:18,794 - RLController - INFO -   Example: junction C3 -> durations [60, 10, 10, 10] (total: 90s)
2026-09-24 12:18:18,794 - RLController - INFO -   Example: junction C4 -> durations [57, 11, 11, 11] (total: 90s)
2026-09-24 12:18:18,794 - RLController - INFO -   Example: junction C5 -> durations [57, 11, 11, 11] (total: 90s)
2026-09-24 12:18:18,794 - RLController - INFO -   Example: junction D0 -> durations [24, 22, 22, 22] (total: 90s)
2026-09-24 12:18:18,795 - RLController - INFO -   Example: junction D1 -> durations [18, 18, 36, 18] (total: 90s)
2026-09-24 12:18:18,795 - RLController - INFO -   Example: junction D2 -> durations [42, 16, 16, 16] (total: 90s)
2026-09-24 12:18:18,795 - RLController - INFO -   Example: junction D3 -> durations [24, 22, 22, 22] (total: 90s)
2026-09-24 12:18:18,795 - RLController - INFO -   Example: junction D4 -> durations [24, 22, 22, 22] (total: 90s)
2026-09-24 12:18:18,795 - RLController - INFO -   Example: junction D5 -> durations [13, 13, 51, 13] (total: 90s)
2026-09-24 12:18:18,795 - RLController - INFO -   Example: junction E0 -> durations [24, 22, 22, 22] (total: 90s)
2026-09-24 12:18:18,796 - RLController - INFO -   Example: junction E1 -> durations [21, 21, 27, 21] (total: 90s)
2026-09-24 12:18:18,796 - RLController - INFO -   Stored schedules for 34 junctions, cycle starts at step 360
2026-09-24 12:18:21,245 - RLController - INFO - DIAGNOSTIC Step 450 - Observation stats:
2026-09-24 12:18:21,245 - RLController - INFO -   Hash: -8610945538166110488, Min: 0.000000, Max: 1.000238, Mean: 0.361330, Std: 0.433610
2026-09-24 12:18:21,246 - RLController - INFO -   First 10: [1.  0.  0.  0.  0.  0.5 1.  0.  0.  0. ]
2026-09-24 12:18:21,246 - RLController - INFO -   Last 10: [0.         0.2        0.         0.08333334 0.2991453  0.00142377
 0.03290598 0.698761   0.         0.3       ]
2026-09-24 12:18:21,281 - RLController - INFO - DIAGNOSTIC - Raw model action output:
2026-09-24 12:18:21,281 - RLController - INFO -   Action hash: -3051518481443615718
2026-09-24 12:18:21,282 - RLController - INFO -   First 8 values: [ -6.6879687 -10.        -10.        -10.        -10.        -10.
 -10.        -10.       ]
2026-09-24 12:18:21,282 - RLController - INFO -   Last 8 values: [-10.         -10.         -10.         -10.         -10.
   0.89625245 -10.         -10.        ]
2026-09-24 12:18:21,282 - RLController - INFO -   Action shape: (136,), min: -10.000000, max: 5.584332, mean: -9.215345
2026-09-24 12:18:21,283 - RLController - INFO -   B0 junction (indices 16-19) raw values: [ -9.476709 -10.       -10.       -10.      ]
2026-09-24 12:18:21,283 - RLController - INFO - Using CONTINUOUS DURATION-BASED mode
2026-09-24 12:18:21,283 - RLController - INFO -   Example: junction A0 -> durations [54, 12, 12, 12] (total: 90s)
2026-09-24 12:18:21,283 - RLController - INFO -   Example: junction A1 -> durations [24, 22, 22, 22] (total: 90s)
2026-09-24 12:18:21,283 - RLController - INFO -   Example: junction A2 -> durations [11, 11, 57, 11] (total: 90s)
2026-09-24 12:18:21,284 - RLController - INFO -   Example: junction A4 -> durations [60, 10, 10, 10] (total: 90s)
2026-09-24 12:18:21,284 - RLController - INFO -   Example: junction A5 -> durations [27, 21, 21, 21] (total: 90s)
2026-09-24 12:18:21,284 - RLController - INFO -   Example: junction B0 -> durations [24, 22, 22, 22] (total: 90s)
2026-09-24 12:18:21,285 - RLController - INFO -   Example: junction B1 -> durations [20, 30, 20, 20] (total: 90s)
2026-09-24 12:18:21,285 - RLController - INFO -   Example: junction B2 -> durations [24, 22, 22, 22] (total: 90s)
2026-09-24 12:18:21,285 - RLController - INFO -   Example: junction B4 -> durations [24, 22, 22, 22] (total: 90s)
2026-09-24 12:18:21,285 - RLController - INFO -   Example: junction B5 -> durations [60, 10, 10, 10] (total: 90s)
2026-09-24 12:18:21,285 - RLController - INFO -   Example: junction C0 -> durations [20, 20, 30, 20] (total: 90s)
2026-09-24 12:18:21,286 - RLController - INFO -   Example: junction C1 -> durations [24, 22, 22, 22] (total: 90s)
2026-09-24 12:18:21,286 - RLController - INFO -   Example: junction C2 -> durations [58, 12, 10, 10] (total: 90s)
2026-09-24 12:18:21,286 - RLController - INFO -   Example: junction C3 -> durations [60, 10, 10, 10] (total: 90s)
2026-09-24 12:18:21,286 - RLController - INFO -   Example: junction C4 -> durations [57, 11, 11, 11] (total: 90s)
2026-09-24 12:18:21,287 - RLController - INFO -   Example: junction C5 -> durations [57, 11, 11, 11] (total: 90s)
2026-09-24 12:18:21,287 - RLController - INFO -   Example: junction D0 -> durations [24, 22, 22, 22] (total: 90s)
2026-09-24 12:18:21,287 - RLController - INFO -   Example: junction D1 -> durations [18, 18, 36, 18] (total: 90s)
2026-09-24 12:18:21,287 - RLController - INFO -   Example: junction D2 -> durations [45, 15, 15, 15] (total: 90s)
2026-09-24 12:18:21,287 - RLController - INFO -   Example: junction D3 -> durations [24, 22, 22, 22] (total: 90s)
2026-09-24 12:18:21,288 - RLController - INFO -   Example: junction D4 -> durations [24, 22, 22, 22] (total: 90s)
2026-09-24 12:18:21,288 - RLController - INFO -   Example: junction D5 -> durations [12, 12, 54, 12] (total: 90s)
2026-09-24 12:18:21,288 - RLController - INFO -   Example: junction E0 -> durations [24, 22, 22, 22] (total: 90s)
2026-09-24 12:18:21,288 - RLController - INFO -   Example: junction E1 -> durations [23, 21, 25, 21] (total: 90s)
2026-09-24 12:18:21,290 - RLController - INFO -   Stored schedules for 34 junctions, cycle starts at step 450
2026-09-24 12:18:23,129 - RLController - INFO - DIAGNOSTIC Step 540 - Observation stats:
2026-09-24 12:18:23,151 - RLController - INFO -   Hash: -674423275510115592, Min: 0.000000, Max: 1.000000, Mean: 0.373426, Std: 0.436423
2026-09-24 12:18:23,152 - RLController - INFO -   First 10: [1.  0.  0.  0.  0.  0.5 1.  0.  0.  0. ]
2026-09-24 12:18:23,152 - RLController - INFO -   Last 10: [0.         0.2        0.         0.08333334 0.32478634 0.0018645
 0.03594017 0.67785794 0.         0.3       ]
2026-09-24 12:18:23,175 - RLController - INFO - DIAGNOSTIC - Raw model action output:
2026-09-24 12:18:23,175 - RLController - INFO -   Action hash: 442389357458085994
2026-09-24 12:18:23,176 - RLController - INFO -   First 8 values: [ -6.9453998 -10.        -10.        -10.        -10.        -10.
 -10.        -10.       ]
2026-09-24 12:18:23,176 - RLController - INFO -   Last 8 values: [-10.         -10.         -10.         -10.         -10.
   0.35203913 -10.         -10.        ]
2026-09-24 12:18:23,176 - RLController - INFO -   Action shape: (136,), min: -10.000000, max: 5.185928, mean: -9.231885
2026-09-24 12:18:23,177 - RLController - INFO -   B0 junction (indices 16-19) raw values: [ -9.883555 -10.       -10.       -10.      ]
2026-09-24 12:18:23,177 - RLController - INFO - Using CONTINUOUS DURATION-BASED mode
2026-09-24 12:18:23,177 - RLController - INFO -   Example: junction A0 -> durations [54, 12, 12, 12] (total: 90s)
2026-09-24 12:18:23,177 - RLController - INFO -   Example: junction A1 -> durations [24, 22, 22, 22] (total: 90s)
2026-09-24 12:18:23,178 - RLController - INFO -   Example: junction A2 -> durations [11, 11, 57, 11] (total: 90s)
2026-09-24 12:18:23,178 - RLController - INFO -   Example: junction A4 -> durations [60, 10, 10, 10] (total: 90s)
2026-09-24 12:18:23,178 - RLController - INFO -   Example: junction A5 -> durations [24, 22, 22, 22] (total: 90s)
2026-09-24 12:18:23,178 - RLController - INFO -   Example: junction B0 -> durations [24, 22, 22, 22] (total: 90s)
2026-09-24 12:18:23,178 - RLController - INFO -   Example: junction B1 -> durations [21, 27, 21, 21] (total: 90s)
2026-09-24 12:18:23,179 - RLController - INFO -   Example: junction B2 -> durations [24, 22, 22, 22] (total: 90s)
2026-09-24 12:18:23,179 - RLController - INFO -   Example: junction B4 -> durations [24, 22, 22, 22] (total: 90s)
2026-09-24 12:18:23,179 - RLController - INFO -   Example: junction B5 -> durations [60, 10, 10, 10] (total: 90s)
2026-09-24 12:18:23,179 - RLController - INFO -   Example: junction C0 -> durations [20, 20, 30, 20] (total: 90s)
2026-09-24 12:18:23,180 - RLController - INFO -   Example: junction C1 -> durations [24, 22, 22, 22] (total: 90s)
2026-09-24 12:18:23,180 - RLController - INFO -   Example: junction C2 -> durations [57, 13, 10, 10] (total: 90s)
2026-09-24 12:18:23,180 - RLController - INFO -   Example: junction C3 -> durations [60, 10, 10, 10] (total: 90s)
2026-09-24 12:18:23,180 - RLController - INFO -   Example: junction C4 -> durations [57, 11, 11, 11] (total: 90s)
2026-09-24 12:18:23,180 - RLController - INFO -   Example: junction C5 -> durations [57, 11, 11, 11] (total: 90s)
2026-09-24 12:18:23,181 - RLController - INFO -   Example: junction D0 -> durations [24, 22, 22, 22] (total: 90s)
2026-09-24 12:18:23,181 - RLController - INFO -   Example: junction D1 -> durations [18, 18, 36, 18] (total: 90s)
2026-09-24 12:18:23,181 - RLController - INFO -   Example: junction D2 -> durations [45, 15, 15, 15] (total: 90s)
2026-09-24 12:18:23,181 - RLController - INFO -   Example: junction D3 -> durations [24, 22, 22, 22] (total: 90s)
2026-09-24 12:18:23,181 - RLController - INFO -   Example: junction D4 -> durations [24, 22, 22, 22] (total: 90s)
2026-09-24 12:18:23,182 - RLController - INFO -   Example: junction D5 -> durations [13, 13, 51, 13] (total: 90s)
2026-09-24 12:18:23,182 - RLController - INFO -   Example: junction E0 -> durations [24, 22, 22, 22] (total: 90s)
2026-09-24 12:18:23,182 - RLController - INFO -   Example: junction E1 -> durations [24, 22, 22, 22] (total: 90s)
2026-09-24 12:18:23,183 - RLController - INFO -   Stored schedules for 34 junctions, cycle starts at step 540
2026-09-24 12:18:25,255 - RLController - INFO - DIAGNOSTIC Step 630 - Observation stats:
2026-09-24 12:18:25,256 - RLController - INFO -   Hash: -2439063331266918468, Min: 0.000000, Max: 1.000000, Mean: 0.368422, Std: 0.436231
2026-09-24 12:18:25,256 - RLController - INFO -   First 10: [1.  0.  0.  0.  0.  0.5 1.  0.  0.  0. ]
2026-09-24 12:18:25,256 - RLController - INFO -   Last 10: [0.         0.2        0.         0.08333334 0.32692307 0.0020985
 0.03769231 0.6782473  0.         0.3       ]
2026-09-24 12:18:25,421 - RLController - INFO - DIAGNOSTIC - Raw model action output:
2026-09-24 12:18:25,421 - RLController - INFO -   Action hash: -2820638096052628673
2026-09-24 12:18:25,421 - RLController - INFO -   First 8 values: [ -7.112044 -10.       -10.       -10.       -10.       -10.
 -10.       -10.      ]
2026-09-24 12:18:25,422 - RLController - INFO -   Last 8 values: [-10.        -10.        -10.        -10.        -10.          0.8396972
 -10.        -10.       ]
2026-09-24 12:18:25,422 - RLController - INFO -   Action shape: (136,), min: -10.000000, max: 5.180061, mean: -9.226833
2026-09-24 12:18:25,422 - RLController - INFO -   B0 junction (indices 16-19) raw values: [ -9.920415 -10.       -10.       -10.      ]
2026-09-24 12:18:25,422 - RLController - INFO - Using CONTINUOUS DURATION-BASED mode
2026-09-24 12:18:25,423 - RLController - INFO -   Example: junction A0 -> durations [54, 12, 12, 12] (total: 90s)
2026-09-24 12:18:25,423 - RLController - INFO -   Example: junction A1 -> durations [24, 22, 22, 22] (total: 90s)
2026-09-24 12:18:25,423 - RLController - INFO -   Example: junction A2 -> durations [11, 11, 57, 11] (total: 90s)
2026-09-24 12:18:25,423 - RLController - INFO -   Example: junction A4 -> durations [60, 10, 10, 10] (total: 90s)
2026-09-24 12:18:25,424 - RLController - INFO -   Example: junction A5 -> durations [24, 22, 22, 22] (total: 90s)
2026-09-24 12:18:25,424 - RLController - INFO -   Example: junction B0 -> durations [24, 22, 22, 22] (total: 90s)
2026-09-24 12:18:25,424 - RLController - INFO -   Example: junction B1 -> durations [19, 33, 19, 19] (total: 90s)
2026-09-24 12:18:25,425 - RLController - INFO -   Example: junction B2 -> durations [24, 22, 22, 22] (total: 90s)
2026-09-24 12:18:25,425 - RLController - INFO -   Example: junction B4 -> durations [24, 22, 22, 22] (total: 90s)
2026-09-24 12:18:25,425 - RLController - INFO -   Example: junction B5 -> durations [60, 10, 10, 10] (total: 90s)
2026-09-24 12:18:25,425 - RLController - INFO -   Example: junction C0 -> durations [20, 20, 30, 20] (total: 90s)
2026-09-24 12:18:25,425 - RLController - INFO -   Example: junction C1 -> durations [24, 22, 22, 22] (total: 90s)
2026-09-24 12:18:25,425 - RLController - INFO -   Example: junction C2 -> durations [57, 13, 10, 10] (total: 90s)
2026-09-24 12:18:25,426 - RLController - INFO -   Example: junction C3 -> durations [60, 10, 10, 10] (total: 90s)
2026-09-24 12:18:25,426 - RLController - INFO -   Example: junction C4 -> durations [57, 11, 11, 11] (total: 90s)
2026-09-24 12:18:25,426 - RLController - INFO -   Example: junction C5 -> durations [57, 11, 11, 11] (total: 90s)
2026-09-24 12:18:25,426 - RLController - INFO -   Example: junction D0 -> durations [24, 22, 22, 22] (total: 90s)
2026-09-24 12:18:25,426 - RLController - INFO -   Example: junction D1 -> durations [18, 18, 36, 18] (total: 90s)
2026-09-24 12:18:25,426 - RLController - INFO -   Example: junction D2 -> durations [45, 15, 15, 15] (total: 90s)
2026-09-24 12:18:25,427 - RLController - INFO -   Example: junction D3 -> durations [24, 22, 22, 22] (total: 90s)
2026-09-24 12:18:25,427 - RLController - INFO -   Example: junction D4 -> durations [24, 22, 22, 22] (total: 90s)
2026-09-24 12:18:25,427 - RLController - INFO -   Example: junction D5 -> durations [12, 12, 54, 12] (total: 90s)
2026-09-24 12:18:25,427 - RLController - INFO -   Example: junction E0 -> durations [24, 22, 22, 22] (total: 90s)
2026-09-24 12:18:25,427 - RLController - INFO -   Example: junction E1 -> durations [22, 22, 24, 22] (total: 90s)
2026-09-24 12:18:25,428 - RLController - INFO -   Stored schedules for 34 junctions, cycle starts at step 630
2026-09-24 12:18:27,354 - RLController - INFO - DIAGNOSTIC Step 720 - Observation stats:
2026-09-24 12:18:27,390 - RLController - INFO -   Hash: -7041388678352490113, Min: 0.000000, Max: 1.000000, Mean: 0.373212, Std: 0.438407
2026-09-24 12:18:27,390 - RLController - INFO -   First 10: [1.  0.  0.  0.  0.  0.5 1.  0.  0.  0. ]
2026-09-24 12:18:27,391 - RLController - INFO -   Last 10: [0.         0.2        0.         0.08333334 0.32264957 0.001976
 0.04047009 0.68198633 0.         0.3       ]
2026-09-24 12:18:27,403 - RLController - INFO - DIAGNOSTIC - Raw model action output:
2026-09-24 12:18:27,403 - RLController - INFO -   Action hash: -9078065525684860011
2026-09-24 12:18:27,404 - RLController - INFO -   First 8 values: [ -6.89022 -10.      -10.      -10.      -10.      -10.      -10.
 -10.     ]
2026-09-24 12:18:27,404 - RLController - INFO -   Last 8 values: [-10.         -10.         -10.         -10.         -10.
   0.84901935 -10.         -10.        ]
2026-09-24 12:18:27,405 - RLController - INFO -   Action shape: (136,), min: -10.000000, max: 5.838542, mean: -9.205204
2026-09-24 12:18:27,405 - RLController - INFO -   B0 junction (indices 16-19) raw values: [ -9.511085 -10.       -10.       -10.      ]
2026-09-24 12:18:27,405 - RLController - INFO - Using CONTINUOUS DURATION-BASED mode
2026-09-24 12:18:27,406 - RLController - INFO -   Example: junction A0 -> durations [54, 12, 12, 12] (total: 90s)
2026-09-24 12:18:27,406 - RLController - INFO -   Example: junction A1 -> durations [24, 22, 22, 22] (total: 90s)
2026-09-24 12:18:27,406 - RLController - INFO -   Example: junction A2 -> durations [11, 11, 57, 11] (total: 90s)
2026-09-24 12:18:27,406 - RLController - INFO -   Example: junction A4 -> durations [60, 10, 10, 10] (total: 90s)
2026-09-24 12:18:27,406 - RLController - INFO -   Example: junction A5 -> durations [27, 21, 21, 21] (total: 90s)
2026-09-24 12:18:27,407 - RLController - INFO -   Example: junction B0 -> durations [24, 22, 22, 22] (total: 90s)
2026-09-24 12:18:27,407 - RLController - INFO -   Example: junction B1 -> durations [19, 33, 19, 19] (total: 90s)
2026-09-24 12:18:27,407 - RLController - INFO -   Example: junction B2 -> durations [24, 22, 22, 22] (total: 90s)
2026-09-24 12:18:27,408 - RLController - INFO -   Example: junction B4 -> durations [24, 22, 22, 22] (total: 90s)
2026-09-24 12:18:27,408 - RLController - INFO -   Example: junction B5 -> durations [60, 10, 10, 10] (total: 90s)
2026-09-24 12:18:27,408 - RLController - INFO -   Example: junction C0 -> durations [20, 20, 30, 20] (total: 90s)
2026-09-24 12:18:27,408 - RLController - INFO -   Example: junction C1 -> durations [24, 22, 22, 22] (total: 90s)
2026-09-24 12:18:27,408 - RLController - INFO -   Example: junction C2 -> durations [58, 12, 10, 10] (total: 90s)
2026-09-24 12:18:27,409 - RLController - INFO -   Example: junction C3 -> durations [60, 10, 10, 10] (total: 90s)
2026-09-24 12:18:27,409 - RLController - INFO -   Example: junction C4 -> durations [57, 11, 11, 11] (total: 90s)
2026-09-24 12:18:27,409 - RLController - INFO -   Example: junction C5 -> durations [57, 11, 11, 11] (total: 90s)
2026-09-24 12:18:27,409 - RLController - INFO -   Example: junction D0 -> durations [24, 22, 22, 22] (total: 90s)
2026-09-24 12:18:27,409 - RLController - INFO -   Example: junction D1 -> durations [18, 18, 36, 18] (total: 90s)
2026-09-24 12:18:27,409 - RLController - INFO -   Example: junction D2 -> durations [48, 14, 14, 14] (total: 90s)
2026-09-24 12:18:27,410 - RLController - INFO -   Example: junction D3 -> durations [24, 22, 22, 22] (total: 90s)
2026-09-24 12:18:27,410 - RLController - INFO -   Example: junction D4 -> durations [24, 22, 22, 22] (total: 90s)
2026-09-24 12:18:27,410 - RLController - INFO -   Example: junction D5 -> durations [12, 12, 54, 12] (total: 90s)
2026-09-24 12:18:27,410 - RLController - INFO -   Example: junction E0 -> durations [24, 22, 22, 22] (total: 90s)
2026-09-24 12:18:27,411 - RLController - INFO -   Example: junction E1 -> durations [21, 21, 27, 21] (total: 90s)
2026-09-24 12:18:27,412 - RLController - INFO -   Stored schedules for 34 junctions, cycle starts at step 720
2026-09-24 12:18:29,192 - RLController - INFO - DIAGNOSTIC Step 810 - Observation stats:
2026-09-24 12:18:29,192 - RLController - INFO -   Hash: -749532950494930404, Min: 0.000000, Max: 1.000000, Mean: 0.373455, Std: 0.440397
2026-09-24 12:18:29,192 - RLController - INFO -   First 10: [1.  0.  0.  0.  0.  0.5 1.  0.  0.  0. ]
2026-09-24 12:18:29,192 - RLController - INFO -   Last 10: [0.         0.2        0.         0.08333334 0.33760685 0.00252564
 0.04192308 0.67321926 0.         0.3       ]
2026-09-24 12:18:29,270 - RLController - INFO - DIAGNOSTIC - Raw model action output:
2026-09-24 12:18:29,270 - RLController - INFO -   Action hash: -1809737348484994502
2026-09-24 12:18:29,270 - RLController - INFO -   First 8 values: [ -6.7958913 -10.        -10.        -10.        -10.        -10.
 -10.        -10.       ]
2026-09-24 12:18:29,271 - RLController - INFO -   Last 8 values: [-10.        -10.        -10.        -10.        -10.          1.2115839
 -10.        -10.       ]
2026-09-24 12:18:29,271 - RLController - INFO -   Action shape: (136,), min: -10.000000, max: 5.955167, mean: -9.199174
2026-09-24 12:18:29,271 - RLController - INFO -   B0 junction (indices 16-19) raw values: [ -9.650226 -10.       -10.       -10.      ]
2026-09-24 12:18:29,271 - RLController - INFO - Using CONTINUOUS DURATION-BASED mode
2026-09-24 12:18:29,272 - RLController - INFO -   Example: junction A0 -> durations [54, 12, 12, 12] (total: 90s)
2026-09-24 12:18:29,272 - RLController - INFO -   Example: junction A1 -> durations [24, 22, 22, 22] (total: 90s)
2026-09-24 12:18:29,272 - RLController - INFO -   Example: junction A2 -> durations [11, 11, 57, 11] (total: 90s)
2026-09-24 12:18:29,272 - RLController - INFO -   Example: junction A4 -> durations [60, 10, 10, 10] (total: 90s)
2026-09-24 12:18:29,272 - RLController - INFO -   Example: junction A5 -> durations [27, 21, 21, 21] (total: 90s)
2026-09-24 12:18:29,272 - RLController - INFO -   Example: junction B0 -> durations [24, 22, 22, 22] (total: 90s)
2026-09-24 12:18:29,272 - RLController - INFO -   Example: junction B1 -> durations [20, 30, 20, 20] (total: 90s)
2026-09-24 12:18:29,272 - RLController - INFO -   Example: junction B2 -> durations [24, 22, 22, 22] (total: 90s)
2026-09-24 12:18:29,273 - RLController - INFO -   Example: junction B4 -> durations [24, 22, 22, 22] (total: 90s)
2026-09-24 12:18:29,273 - RLController - INFO -   Example: junction B5 -> durations [60, 10, 10, 10] (total: 90s)
2026-09-24 12:18:29,273 - RLController - INFO -   Example: junction C0 -> durations [21, 21, 27, 21] (total: 90s)
2026-09-24 12:18:29,273 - RLController - INFO -   Example: junction C1 -> durations [24, 22, 22, 22] (total: 90s)
2026-09-24 12:18:29,273 - RLController - INFO -   Example: junction C2 -> durations [58, 12, 10, 10] (total: 90s)
2026-09-24 12:18:29,273 - RLController - INFO -   Example: junction C3 -> durations [60, 10, 10, 10] (total: 90s)
2026-09-24 12:18:29,273 - RLController - INFO -   Example: junction C4 -> durations [56, 11, 12, 11] (total: 90s)
2026-09-24 12:18:29,274 - RLController - INFO -   Example: junction C5 -> durations [57, 11, 11, 11] (total: 90s)
2026-09-24 12:18:29,274 - RLController - INFO -   Example: junction D0 -> durations [24, 22, 22, 22] (total: 90s)
2026-09-24 12:18:29,274 - RLController - INFO -   Example: junction D1 -> durations [19, 19, 33, 19] (total: 90s)
2026-09-24 12:18:29,274 - RLController - INFO -   Example: junction D2 -> durations [48, 14, 14, 14] (total: 90s)
2026-09-24 12:18:29,274 - RLController - INFO -   Example: junction D3 -> durations [24, 22, 22, 22] (total: 90s)
2026-09-24 12:18:29,274 - RLController - INFO -   Example: junction D4 -> durations [24, 22, 22, 22] (total: 90s)
2026-09-24 12:18:29,274 - RLController - INFO -   Example: junction D5 -> durations [12, 12, 54, 12] (total: 90s)
2026-09-24 12:18:29,274 - RLController - INFO -   Example: junction E0 -> durations [24, 22, 22, 22] (total: 90s)
2026-09-24 12:18:29,274 - RLController - INFO -   Example: junction E1 -> durations [21, 21, 27, 21] (total: 90s)
2026-09-24 12:18:29,275 - RLController - INFO -   Stored schedules for 34 junctions, cycle starts at step 810
2026-09-24 12:18:31,376 - RLController - INFO - DIAGNOSTIC Step 900 - Observation stats:
2026-09-24 12:18:31,376 - RLController - INFO -   Hash: 1012541015607336574, Min: 0.000000, Max: 1.000171, Mean: 0.378768, Std: 0.441169
2026-09-24 12:18:31,376 - RLController - INFO -   First 10: [1.  0.  0.  0.  0.  0.5 1.  0.  0.  0. ]
2026-09-24 12:18:31,377 - RLController - INFO -   Last 10: [0.         0.2        0.         0.08333334 0.35897437 0.0029059
 0.04311966 0.653832   0.         0.3       ]
2026-09-24 12:18:31,382 - RLController - INFO - DIAGNOSTIC - Raw model action output:
2026-09-24 12:18:31,382 - RLController - INFO -   Action hash: 8170230536319923949
2026-09-24 12:18:31,383 - RLController - INFO -   First 8 values: [ -6.8798375 -10.        -10.        -10.        -10.        -10.
 -10.        -10.       ]
2026-09-24 12:18:31,383 - RLController - INFO -   Last 8 values: [-10.         -10.         -10.         -10.         -10.
   0.34167317 -10.         -10.        ]
2026-09-24 12:18:31,383 - RLController - INFO -   Action shape: (136,), min: -10.000000, max: 5.273725, mean: -9.175296
2026-09-24 12:18:31,384 - RLController - INFO -   B0 junction (indices 16-19) raw values: [ -9.345847 -10.       -10.       -10.      ]
2026-09-24 12:18:31,384 - RLController - INFO - Using CONTINUOUS DURATION-BASED mode
2026-09-24 12:18:31,385 - RLController - INFO -   Example: junction A0 -> durations [54, 12, 12, 12] (total: 90s)
2026-09-24 12:18:31,385 - RLController - INFO -   Example: junction A1 -> durations [24, 22, 22, 22] (total: 90s)
2026-09-24 12:18:31,385 - RLController - INFO -   Example: junction A2 -> durations [11, 11, 57, 11] (total: 90s)
2026-09-24 12:18:31,385 - RLController - INFO -   Example: junction A4 -> durations [60, 10, 10, 10] (total: 90s)
2026-09-24 12:18:31,386 - RLController - INFO -   Example: junction A5 -> durations [30, 20, 20, 20] (total: 90s)
2026-09-24 12:18:31,386 - RLController - INFO -   Example: junction B0 -> durations [24, 22, 22, 22] (total: 90s)
2026-09-24 12:18:31,386 - RLController - INFO -   Example: junction B1 -> durations [19, 33, 19, 19] (total: 90s)
2026-09-24 12:18:31,386 - RLController - INFO -   Example: junction B2 -> durations [24, 22, 22, 22] (total: 90s)
2026-09-24 12:18:31,386 - RLController - INFO -   Example: junction B4 -> durations [24, 22, 22, 22] (total: 90s)
2026-09-24 12:18:31,387 - RLController - INFO -   Example: junction B5 -> durations [60, 10, 10, 10] (total: 90s)
2026-09-24 12:18:31,387 - RLController - INFO -   Example: junction C0 -> durations [20, 20, 30, 20] (total: 90s)
2026-09-24 12:18:31,387 - RLController - INFO -   Example: junction C1 -> durations [24, 22, 22, 22] (total: 90s)
2026-09-24 12:18:31,387 - RLController - INFO -   Example: junction C2 -> durations [57, 13, 10, 10] (total: 90s)
2026-09-24 12:18:31,388 - RLController - INFO -   Example: junction C3 -> durations [60, 10, 10, 10] (total: 90s)
2026-09-24 12:18:31,388 - RLController - INFO -   Example: junction C4 -> durations [60, 10, 10, 10] (total: 90s)
2026-09-24 12:18:31,388 - RLController - INFO -   Example: junction C5 -> durations [57, 11, 11, 11] (total: 90s)
2026-09-24 12:18:31,388 - RLController - INFO -   Example: junction D0 -> durations [24, 22, 22, 22] (total: 90s)
2026-09-24 12:18:31,388 - RLController - INFO -   Example: junction D1 -> durations [19, 19, 33, 19] (total: 90s)
2026-09-24 12:18:31,389 - RLController - INFO -   Example: junction D2 -> durations [48, 14, 14, 14] (total: 90s)
2026-09-24 12:18:31,389 - RLController - INFO -   Example: junction D3 -> durations [24, 22, 22, 22] (total: 90s)
2026-09-24 12:18:31,389 - RLController - INFO -   Example: junction D4 -> durations [24, 22, 22, 22] (total: 90s)
2026-09-24 12:18:31,389 - RLController - INFO -   Example: junction D5 -> durations [12, 12, 54, 12] (total: 90s)
2026-09-24 12:18:31,390 - RLController - INFO -   Example: junction E0 -> durations [24, 22, 22, 22] (total: 90s)
2026-09-24 12:18:31,390 - RLController - INFO -   Example: junction E1 -> durations [24, 22, 22, 22] (total: 90s)
2026-09-24 12:18:31,391 - RLController - INFO -   Stored schedules for 34 junctions, cycle starts at step 900
2026-09-24 12:18:33,602 - RLController - INFO - DIAGNOSTIC Step 990 - Observation stats:
2026-09-24 12:18:33,623 - RLController - INFO -   Hash: 1778482363085837049, Min: 0.000000, Max: 1.000000, Mean: 0.378677, Std: 0.440025
2026-09-24 12:18:33,624 - RLController - INFO -   First 10: [1.  0.  0.  0.  0.  0.5 1.  0.  0.  0. ]
2026-09-24 12:18:33,624 - RLController - INFO -   Last 10: [0.         0.2        0.         0.08333334 0.3482906  0.00255298
 0.0451282  0.6634268  0.         0.3       ]
2026-09-24 12:18:33,700 - RLController - INFO - DIAGNOSTIC - Raw model action output:
2026-09-24 12:18:33,700 - RLController - INFO -   Action hash: 8712668852039679456
2026-09-24 12:18:33,701 - RLController - INFO -   First 8 values: [ -6.763906 -10.       -10.       -10.       -10.       -10.
 -10.       -10.      ]
2026-09-24 12:18:33,701 - RLController - INFO -   Last 8 values: [-10.         -10.         -10.         -10.         -10.
   0.19250445 -10.         -10.        ]
2026-09-24 12:18:33,701 - RLController - INFO -   Action shape: (136,), min: -10.000000, max: 4.996146, mean: -9.234644
2026-09-24 12:18:33,702 - RLController - INFO -   B0 junction (indices 16-19) raw values: [ -9.908624 -10.       -10.       -10.      ]
2026-09-24 12:18:33,702 - RLController - INFO - Using CONTINUOUS DURATION-BASED mode
2026-09-24 12:18:33,702 - RLController - INFO -   Example: junction A0 -> durations [54, 12, 12, 12] (total: 90s)
2026-09-24 12:18:33,702 - RLController - INFO -   Example: junction A1 -> durations [24, 22, 22, 22] (total: 90s)
2026-09-24 12:18:33,702 - RLController - INFO -   Example: junction A2 -> durations [11, 11, 57, 11] (total: 90s)
2026-09-24 12:18:33,702 - RLController - INFO -   Example: junction A4 -> durations [60, 10, 10, 10] (total: 90s)
2026-09-24 12:18:33,702 - RLController - INFO -   Example: junction A5 -> durations [24, 22, 22, 22] (total: 90s)
2026-09-24 12:18:33,703 - RLController - INFO -   Example: junction B0 -> durations [24, 22, 22, 22] (total: 90s)
2026-09-24 12:18:33,703 - RLController - INFO -   Example: junction B1 -> durations [21, 27, 21, 21] (total: 90s)
2026-09-24 12:18:33,703 - RLController - INFO -   Example: junction B2 -> durations [24, 22, 22, 22] (total: 90s)
2026-09-24 12:18:33,703 - RLController - INFO -   Example: junction B4 -> durations [24, 22, 22, 22] (total: 90s)
2026-09-24 12:18:33,703 - RLController - INFO -   Example: junction B5 -> durations [60, 10, 10, 10] (total: 90s)
2026-09-24 12:18:33,703 - RLController - INFO -   Example: junction C0 -> durations [20, 20, 30, 20] (total: 90s)
2026-09-24 12:18:33,704 - RLController - INFO -   Example: junction C1 -> durations [24, 22, 22, 22] (total: 90s)
2026-09-24 12:18:33,704 - RLController - INFO -   Example: junction C2 -> durations [58, 12, 10, 10] (total: 90s)
2026-09-24 12:18:33,705 - RLController - INFO -   Example: junction C3 -> durations [60, 10, 10, 10] (total: 90s)
2026-09-24 12:18:33,705 - RLController - INFO -   Example: junction C4 -> durations [60, 10, 10, 10] (total: 90s)
2026-09-24 12:18:33,705 - RLController - INFO -   Example: junction C5 -> durations [57, 11, 11, 11] (total: 90s)
2026-09-24 12:18:33,705 - RLController - INFO -   Example: junction D0 -> durations [24, 22, 22, 22] (total: 90s)
2026-09-24 12:18:33,705 - RLController - INFO -   Example: junction D1 -> durations [19, 19, 33, 19] (total: 90s)
2026-09-24 12:18:33,705 - RLController - INFO -   Example: junction D2 -> durations [45, 15, 15, 15] (total: 90s)
2026-09-24 12:18:33,706 - RLController - INFO -   Example: junction D3 -> durations [24, 22, 22, 22] (total: 90s)
2026-09-24 12:18:33,706 - RLController - INFO -   Example: junction D4 -> durations [24, 22, 22, 22] (total: 90s)
2026-09-24 12:18:33,706 - RLController - INFO -   Example: junction D5 -> durations [13, 13, 51, 13] (total: 90s)
2026-09-24 12:18:33,706 - RLController - INFO -   Example: junction E0 -> durations [24, 22, 22, 22] (total: 90s)
2026-09-24 12:18:33,706 - RLController - INFO -   Example: junction E1 -> durations [24, 22, 22, 22] (total: 90s)
2026-09-24 12:18:33,707 - RLController - INFO -   Stored schedules for 34 junctions, cycle starts at step 990
2026-09-24 12:18:36,772 - RLController - INFO - DIAGNOSTIC Step 1080 - Observation stats:
2026-09-24 12:18:36,783 - RLController - INFO -   Hash: -4361266489470566844, Min: 0.000000, Max: 1.000000, Mean: 0.380386, Std: 0.441712
2026-09-24 12:18:36,783 - RLController - INFO -   First 10: [1.  0.  0.  0.  0.  0.5 1.  0.  0.  0. ]
2026-09-24 12:18:36,783 - RLController - INFO -   Last 10: [0.         0.2        0.         0.08333334 0.35042736 0.00236942
 0.04594017 0.6593627  0.         0.3       ]
2026-09-24 12:18:36,788 - RLController - INFO - DIAGNOSTIC - Raw model action output:
2026-09-24 12:18:36,788 - RLController - INFO -   Action hash: -3319184654833166496
2026-09-24 12:18:36,788 - RLController - INFO -   First 8 values: [ -6.755896 -10.       -10.       -10.       -10.       -10.
 -10.       -10.      ]
2026-09-24 12:18:36,789 - RLController - INFO -   Last 8 values: [-10.         -10.         -10.         -10.         -10.
  -0.44104216 -10.         -10.        ]
2026-09-24 12:18:36,789 - RLController - INFO -   Action shape: (136,), min: -10.000000, max: 4.729026, mean: -9.225474
2026-09-24 12:18:36,789 - RLController - INFO -   B0 junction (indices 16-19) raw values: [ -9.923655 -10.       -10.       -10.      ]
2026-09-24 12:18:36,789 - RLController - INFO - Using CONTINUOUS DURATION-BASED mode
2026-09-24 12:18:36,789 - RLController - INFO -   Example: junction A0 -> durations [54, 12, 12, 12] (total: 90s)
2026-09-24 12:18:36,790 - RLController - INFO -   Example: junction A1 -> durations [24, 22, 22, 22] (total: 90s)
2026-09-24 12:18:36,790 - RLController - INFO -   Example: junction A2 -> durations [11, 11, 57, 11] (total: 90s)
2026-09-24 12:18:36,790 - RLController - INFO -   Example: junction A4 -> durations [60, 10, 10, 10] (total: 90s)
2026-09-24 12:18:36,790 - RLController - INFO -   Example: junction A5 -> durations [24, 22, 22, 22] (total: 90s)
2026-09-24 12:18:36,790 - RLController - INFO -   Example: junction B0 -> durations [24, 22, 22, 22] (total: 90s)
2026-09-24 12:18:36,790 - RLController - INFO -   Example: junction B1 -> durations [20, 30, 20, 20] (total: 90s)
2026-09-24 12:18:36,790 - RLController - INFO -   Example: junction B2 -> durations [24, 22, 22, 22] (total: 90s)
2026-09-24 12:18:36,791 - RLController - INFO -   Example: junction B4 -> durations [24, 22, 22, 22] (total: 90s)
2026-09-24 12:18:36,791 - RLController - INFO -   Example: junction B5 -> durations [60, 10, 10, 10] (total: 90s)
2026-09-24 12:18:36,791 - RLController - INFO -   Example: junction C0 -> durations [21, 21, 27, 21] (total: 90s)
2026-09-24 12:18:36,791 - RLController - INFO -   Example: junction C1 -> durations [24, 22, 22, 22] (total: 90s)
2026-09-24 12:18:36,791 - RLController - INFO -   Example: junction C2 -> durations [58, 12, 10, 10] (total: 90s)
2026-09-24 12:18:36,792 - RLController - INFO -   Example: junction C3 -> durations [60, 10, 10, 10] (total: 90s)
2026-09-24 12:18:36,792 - RLController - INFO -   Example: junction C4 -> durations [57, 11, 11, 11] (total: 90s)
2026-09-24 12:18:36,792 - RLController - INFO -   Example: junction C5 -> durations [57, 11, 11, 11] (total: 90s)
2026-09-24 12:18:36,792 - RLController - INFO -   Example: junction D0 -> durations [24, 22, 22, 22] (total: 90s)
2026-09-24 12:18:36,792 - RLController - INFO -   Example: junction D1 -> durations [19, 19, 33, 19] (total: 90s)
2026-09-24 12:18:36,792 - RLController - INFO -   Example: junction D2 -> durations [48, 14, 14, 14] (total: 90s)
2026-09-24 12:18:36,793 - RLController - INFO -   Example: junction D3 -> durations [24, 22, 22, 22] (total: 90s)
2026-09-24 12:18:36,793 - RLController - INFO -   Example: junction D4 -> durations [24, 22, 22, 22] (total: 90s)
2026-09-24 12:18:36,793 - RLController - INFO -   Example: junction D5 -> durations [13, 13, 51, 13] (total: 90s)
2026-09-24 12:18:36,793 - RLController - INFO -   Example: junction E0 -> durations [24, 22, 22, 22] (total: 90s)
2026-09-24 12:18:36,793 - RLController - INFO -   Example: junction E1 -> durations [22, 22, 24, 22] (total: 90s)
2026-09-24 12:18:36,794 - RLController - INFO -   Stored schedules for 34 junctions, cycle starts at step 1080
2026-09-24 12:18:39,225 - RLController - INFO - DIAGNOSTIC Step 1170 - Observation stats:
2026-09-24 12:18:39,225 - RLController - INFO -   Hash: 3898291100725190099, Min: 0.000000, Max: 1.000000, Mean: 0.381523, Std: 0.440768
2026-09-24 12:18:39,226 - RLController - INFO -   First 10: [1.  0.  0.  0.  0.  0.5 1.  0.  0.  0. ]
2026-09-24 12:18:39,226 - RLController - INFO -   Last 10: [0.         0.2        0.         0.08333334 0.36324787 0.00302723
 0.04880342 0.6526615  0.         0.3       ]
2026-09-24 12:18:39,234 - RLController - INFO - DIAGNOSTIC - Raw model action output:
2026-09-24 12:18:39,234 - RLController - INFO -   Action hash: -1204583182916357683
2026-09-24 12:18:39,234 - RLController - INFO -   First 8 values: [ -6.911349 -10.       -10.       -10.       -10.       -10.
 -10.       -10.      ]
2026-09-24 12:18:39,234 - RLController - INFO -   Last 8 values: [-10.        -10.        -10.        -10.        -10.         -1.0333412
 -10.        -10.       ]
2026-09-24 12:18:39,234 - RLController - INFO -   Action shape: (136,), min: -10.000000, max: 5.007763, mean: -9.225132
2026-09-24 12:18:39,235 - RLController - INFO -   B0 junction (indices 16-19) raw values: [ -9.6842985 -10.        -10.        -10.       ]
2026-09-24 12:18:39,235 - RLController - INFO - Using CONTINUOUS DURATION-BASED mode
2026-09-24 12:18:39,235 - RLController - INFO -   Example: junction A0 -> durations [54, 12, 12, 12] (total: 90s)
2026-09-24 12:18:39,235 - RLController - INFO -   Example: junction A1 -> durations [24, 22, 22, 22] (total: 90s)
2026-09-24 12:18:39,235 - RLController - INFO -   Example: junction A2 -> durations [11, 11, 57, 11] (total: 90s)
2026-09-24 12:18:39,235 - RLController - INFO -   Example: junction A4 -> durations [60, 10, 10, 10] (total: 90s)
2026-09-24 12:18:39,235 - RLController - INFO -   Example: junction A5 -> durations [27, 21, 21, 21] (total: 90s)
2026-09-24 12:18:39,236 - RLController - INFO -   Example: junction B0 -> durations [24, 22, 22, 22] (total: 90s)
2026-09-24 12:18:39,236 - RLController - INFO -   Example: junction B1 -> durations [21, 27, 21, 21] (total: 90s)
2026-09-24 12:18:39,236 - RLController - INFO -   Example: junction B2 -> durations [24, 22, 22, 22] (total: 90s)
2026-09-24 12:18:39,236 - RLController - INFO -   Example: junction B4 -> durations [24, 22, 22, 22] (total: 90s)
2026-09-24 12:18:39,236 - RLController - INFO -   Example: junction B5 -> durations [60, 10, 10, 10] (total: 90s)
2026-09-24 12:18:39,236 - RLController - INFO -   Example: junction C0 -> durations [20, 20, 30, 20] (total: 90s)
2026-09-24 12:18:39,236 - RLController - INFO -   Example: junction C1 -> durations [24, 22, 22, 22] (total: 90s)
2026-09-24 12:18:39,236 - RLController - INFO -   Example: junction C2 -> durations [58, 12, 10, 10] (total: 90s)
2026-09-24 12:18:39,237 - RLController - INFO -   Example: junction C3 -> durations [60, 10, 10, 10] (total: 90s)
2026-09-24 12:18:39,237 - RLController - INFO -   Example: junction C4 -> durations [60, 10, 10, 10] (total: 90s)
2026-09-24 12:18:39,237 - RLController - INFO -   Example: junction C5 -> durations [57, 11, 11, 11] (total: 90s)
2026-09-24 12:18:39,237 - RLController - INFO -   Example: junction D0 -> durations [24, 22, 22, 22] (total: 90s)
2026-09-24 12:18:39,237 - RLController - INFO -   Example: junction D1 -> durations [19, 19, 33, 19] (total: 90s)
2026-09-24 12:18:39,237 - RLController - INFO -   Example: junction D2 -> durations [51, 13, 13, 13] (total: 90s)
2026-09-24 12:18:39,237 - RLController - INFO -   Example: junction D3 -> durations [24, 22, 22, 22] (total: 90s)
2026-09-24 12:18:39,237 - RLController - INFO -   Example: junction D4 -> durations [24, 22, 22, 22] (total: 90s)
2026-09-24 12:18:39,238 - RLController - INFO -   Example: junction D5 -> durations [13, 13, 51, 13] (total: 90s)
2026-09-24 12:18:39,238 - RLController - INFO -   Example: junction E0 -> durations [24, 22, 22, 22] (total: 90s)
2026-09-24 12:18:39,238 - RLController - INFO -   Example: junction E1 -> durations [24, 22, 22, 22] (total: 90s)
2026-09-24 12:18:39,238 - RLController - INFO -   Stored schedules for 34 junctions, cycle starts at step 1170
2026-09-24 12:18:41,355 - RLController - INFO - DIAGNOSTIC Step 1260 - Observation stats:
2026-09-24 12:18:41,415 - RLController - INFO -   Hash: -8434899196775606986, Min: 0.000000, Max: 1.000000, Mean: 0.391308, Std: 0.445311
2026-09-24 12:18:41,416 - RLController - INFO -   First 10: [1.  0.  0.  0.  0.  0.5 1.  0.  0.  0. ]
2026-09-24 12:18:41,416 - RLController - INFO -   Last 10: [0.         0.2        0.         0.08333334 0.37606838 0.00251813
 0.05128205 0.6326985  0.         0.3       ]
2026-09-24 12:18:41,573 - RLController - INFO - DIAGNOSTIC - Raw model action output:
2026-09-24 12:18:41,573 - RLController - INFO -   Action hash: -5726192897206810778
2026-09-24 12:18:41,574 - RLController - INFO -   First 8 values: [ -6.806213 -10.       -10.       -10.       -10.       -10.
 -10.       -10.      ]
2026-09-24 12:18:41,574 - RLController - INFO -   Last 8 values: [-10.        -10.        -10.        -10.        -10.         -1.9160345
 -10.        -10.       ]
2026-09-24 12:18:41,574 - RLController - INFO -   Action shape: (136,), min: -10.000000, max: 4.666194, mean: -9.205075
2026-09-24 12:18:41,574 - RLController - INFO -   B0 junction (indices 16-19) raw values: [ -9.446435 -10.       -10.       -10.      ]
2026-09-24 12:18:41,574 - RLController - INFO - Using CONTINUOUS DURATION-BASED mode
2026-09-24 12:18:41,575 - RLController - INFO -   Example: junction A0 -> durations [54, 12, 12, 12] (total: 90s)
2026-09-24 12:18:41,575 - RLController - INFO -   Example: junction A1 -> durations [24, 22, 22, 22] (total: 90s)
2026-09-24 12:18:41,575 - RLController - INFO -   Example: junction A2 -> durations [11, 11, 57, 11] (total: 90s)
2026-09-24 12:18:41,575 - RLController - INFO -   Example: junction A4 -> durations [60, 10, 10, 10] (total: 90s)
2026-09-24 12:18:41,575 - RLController - INFO -   Example: junction A5 -> durations [27, 21, 21, 21] (total: 90s)
2026-09-24 12:18:41,575 - RLController - INFO -   Example: junction B0 -> durations [24, 22, 22, 22] (total: 90s)
2026-09-24 12:18:41,575 - RLController - INFO -   Example: junction B1 -> durations [20, 30, 20, 20] (total: 90s)
2026-09-24 12:18:41,576 - RLController - INFO -   Example: junction B2 -> durations [24, 22, 22, 22] (total: 90s)
2026-09-24 12:18:41,576 - RLController - INFO -   Example: junction B4 -> durations [24, 22, 22, 22] (total: 90s)
2026-09-24 12:18:41,576 - RLController - INFO -   Example: junction B5 -> durations [60, 10, 10, 10] (total: 90s)
2026-09-24 12:18:41,576 - RLController - INFO -   Example: junction C0 -> durations [20, 20, 30, 20] (total: 90s)
2026-09-24 12:18:41,576 - RLController - INFO -   Example: junction C1 -> durations [24, 22, 22, 22] (total: 90s)
2026-09-24 12:18:41,576 - RLController - INFO -   Example: junction C2 -> durations [58, 12, 10, 10] (total: 90s)
2026-09-24 12:18:41,576 - RLController - INFO -   Example: junction C3 -> durations [60, 10, 10, 10] (total: 90s)
2026-09-24 12:18:41,577 - RLController - INFO -   Example: junction C4 -> durations [60, 10, 10, 10] (total: 90s)
2026-09-24 12:18:41,577 - RLController - INFO -   Example: junction C5 -> durations [57, 11, 11, 11] (total: 90s)
2026-09-24 12:18:41,577 - RLController - INFO -   Example: junction D0 -> durations [21, 21, 27, 21] (total: 90s)
2026-09-24 12:18:41,577 - RLController - INFO -   Example: junction D1 -> durations [18, 18, 36, 18] (total: 90s)
2026-09-24 12:18:41,577 - RLController - INFO -   Example: junction D2 -> durations [51, 13, 13, 13] (total: 90s)
2026-09-24 12:18:41,577 - RLController - INFO -   Example: junction D3 -> durations [24, 22, 22, 22] (total: 90s)
2026-09-24 12:18:41,577 - RLController - INFO -   Example: junction D4 -> durations [24, 22, 22, 22] (total: 90s)
2026-09-24 12:18:41,578 - RLController - INFO -   Example: junction D5 -> durations [12, 12, 54, 12] (total: 90s)
2026-09-24 12:18:41,578 - RLController - INFO -   Example: junction E0 -> durations [24, 22, 22, 22] (total: 90s)
2026-09-24 12:18:41,578 - RLController - INFO -   Example: junction E1 -> durations [24, 22, 22, 22] (total: 90s)
2026-09-24 12:18:41,578 - RLController - INFO -   Stored schedules for 34 junctions, cycle starts at step 1260
2026-09-24 12:18:43,930 - RLController - INFO - DIAGNOSTIC Step 1350 - Observation stats:
2026-09-24 12:18:43,930 - RLController - INFO -   Hash: 8672046682370157126, Min: 0.000000, Max: 1.000000, Mean: 0.396053, Std: 0.446151
2026-09-24 12:18:43,930 - RLController - INFO -   First 10: [1.         0.         0.         0.         0.         0.5
 0.         0.         0.99333334 1.        ]
2026-09-24 12:18:43,930 - RLController - INFO -   Last 10: [0.         0.2        0.         0.08333334 0.3931624  0.00259237
 0.05346154 0.61840725 0.         0.3       ]
2026-09-24 12:18:44,125 - RLController - INFO - DIAGNOSTIC - Raw model action output:
2026-09-24 12:18:44,125 - RLController - INFO -   Action hash: -5590781087143983112
2026-09-24 12:18:44,126 - RLController - INFO -   First 8 values: [ -7.242163 -10.       -10.       -10.       -10.       -10.
 -10.       -10.      ]
2026-09-24 12:18:44,126 - RLController - INFO -   Last 8 values: [-10.       -10.       -10.       -10.       -10.        -1.853082
 -10.       -10.      ]
2026-09-24 12:18:44,126 - RLController - INFO -   Action shape: (136,), min: -10.000000, max: 5.068197, mean: -9.235960
2026-09-24 12:18:44,126 - RLController - INFO -   B0 junction (indices 16-19) raw values: [ -9.46444 -10.      -10.      -10.     ]
2026-09-24 12:18:44,126 - RLController - INFO - Using CONTINUOUS DURATION-BASED mode
2026-09-24 12:18:44,126 - RLController - INFO -   Example: junction A0 -> durations [51, 13, 13, 13] (total: 90s)
2026-09-24 12:18:44,127 - RLController - INFO -   Example: junction A1 -> durations [24, 22, 22, 22] (total: 90s)
2026-09-24 12:18:44,127 - RLController - INFO -   Example: junction A2 -> durations [11, 11, 57, 11] (total: 90s)
2026-09-24 12:18:44,127 - RLController - INFO -   Example: junction A4 -> durations [60, 10, 10, 10] (total: 90s)
2026-09-24 12:18:44,127 - RLController - INFO -   Example: junction A5 -> durations [27, 21, 21, 21] (total: 90s)
2026-09-24 12:18:44,127 - RLController - INFO -   Example: junction B0 -> durations [24, 22, 22, 22] (total: 90s)
2026-09-24 12:18:44,127 - RLController - INFO -   Example: junction B1 -> durations [22, 24, 22, 22] (total: 90s)
2026-09-24 12:18:44,127 - RLController - INFO -   Example: junction B2 -> durations [24, 22, 22, 22] (total: 90s)
2026-09-24 12:18:44,127 - RLController - INFO -   Example: junction B4 -> durations [24, 22, 22, 22] (total: 90s)
2026-09-24 12:18:44,127 - RLController - INFO -   Example: junction B5 -> durations [60, 10, 10, 10] (total: 90s)
2026-09-24 12:18:44,128 - RLController - INFO -   Example: junction C0 -> durations [21, 21, 27, 21] (total: 90s)
2026-09-24 12:18:44,128 - RLController - INFO -   Example: junction C1 -> durations [24, 22, 22, 22] (total: 90s)
2026-09-24 12:18:44,128 - RLController - INFO -   Example: junction C2 -> durations [58, 12, 10, 10] (total: 90s)
2026-09-24 12:18:44,128 - RLController - INFO -   Example: junction C3 -> durations [60, 10, 10, 10] (total: 90s)
2026-09-24 12:18:44,128 - RLController - INFO -   Example: junction C4 -> durations [57, 11, 11, 11] (total: 90s)
2026-09-24 12:18:44,128 - RLController - INFO -   Example: junction C5 -> durations [57, 11, 11, 11] (total: 90s)
2026-09-24 12:18:44,128 - RLController - INFO -   Example: junction D0 -> durations [24, 22, 22, 22] (total: 90s)
2026-09-24 12:18:44,128 - RLController - INFO -   Example: junction D1 -> durations [19, 19, 33, 19] (total: 90s)
2026-09-24 12:18:44,128 - RLController - INFO -   Example: junction D2 -> durations [48, 14, 14, 14] (total: 90s)
2026-09-24 12:18:44,129 - RLController - INFO -   Example: junction D3 -> durations [24, 22, 22, 22] (total: 90s)
2026-09-24 12:18:44,129 - RLController - INFO -   Example: junction D4 -> durations [24, 22, 22, 22] (total: 90s)
2026-09-24 12:18:44,129 - RLController - INFO -   Example: junction D5 -> durations [13, 13, 51, 13] (total: 90s)
2026-09-24 12:18:44,129 - RLController - INFO -   Example: junction E0 -> durations [24, 22, 22, 22] (total: 90s)
2026-09-24 12:18:44,129 - RLController - INFO -   Example: junction E1 -> durations [24, 22, 22, 22] (total: 90s)
2026-09-24 12:18:44,129 - RLController - INFO -   Stored schedules for 34 junctions, cycle starts at step 1350
2026-09-24 12:18:46,978 - RLController - INFO - DIAGNOSTIC Step 1440 - Observation stats:
2026-09-24 12:18:46,978 - RLController - INFO -   Hash: 4343936839570827498, Min: 0.000000, Max: 1.000000, Mean: 0.398304, Std: 0.447149
2026-09-24 12:18:46,979 - RLController - INFO -   First 10: [1.         0.         0.         0.         0.         0.5
 0.         1.         0.99333334 1.        ]
2026-09-24 12:18:46,979 - RLController - INFO -   Last 10: [0.         0.2        0.         0.08333334 0.3974359  0.00211919
 0.05512821 0.60946876 0.         0.3       ]
2026-09-24 12:18:47,047 - RLController - INFO - DIAGNOSTIC - Raw model action output:
2026-09-24 12:18:47,048 - RLController - INFO -   Action hash: 3592225504080865290
2026-09-24 12:18:47,048 - RLController - INFO -   First 8 values: [ -7.1457386 -10.        -10.        -10.        -10.        -10.
 -10.        -10.       ]
2026-09-24 12:18:47,049 - RLController - INFO -   Last 8 values: [-10.         -10.         -10.         -10.         -10.
  -0.58405656 -10.         -10.        ]
2026-09-24 12:18:47,049 - RLController - INFO -   Action shape: (136,), min: -10.000000, max: 5.309025, mean: -9.225812
2026-09-24 12:18:47,049 - RLController - INFO -   B0 junction (indices 16-19) raw values: [ -9.458268 -10.       -10.       -10.      ]
2026-09-24 12:18:47,049 - RLController - INFO - Using CONTINUOUS DURATION-BASED mode
2026-09-24 12:18:47,050 - RLController - INFO -   Example: junction A0 -> durations [54, 12, 12, 12] (total: 90s)
2026-09-24 12:18:47,050 - RLController - INFO -   Example: junction A1 -> durations [24, 22, 22, 22] (total: 90s)
2026-09-24 12:18:47,050 - RLController - INFO -   Example: junction A2 -> durations [11, 11, 57, 11] (total: 90s)
2026-09-24 12:18:47,050 - RLController - INFO -   Example: junction A4 -> durations [60, 10, 10, 10] (total: 90s)
2026-09-24 12:18:47,051 - RLController - INFO -   Example: junction A5 -> durations [27, 21, 21, 21] (total: 90s)
2026-09-24 12:18:47,051 - RLController - INFO -   Example: junction B0 -> durations [24, 22, 22, 22] (total: 90s)
2026-09-24 12:18:47,051 - RLController - INFO -   Example: junction B1 -> durations [21, 27, 21, 21] (total: 90s)
2026-09-24 12:18:47,051 - RLController - INFO -   Example: junction B2 -> durations [24, 22, 22, 22] (total: 90s)
2026-09-24 12:18:47,052 - RLController - INFO -   Example: junction B4 -> durations [24, 22, 22, 22] (total: 90s)
2026-09-24 12:18:47,052 - RLController - INFO -   Example: junction B5 -> durations [60, 10, 10, 10] (total: 90s)
2026-09-24 12:18:47,052 - RLController - INFO -   Example: junction C0 -> durations [21, 21, 27, 21] (total: 90s)
2026-09-24 12:18:47,052 - RLController - INFO -   Example: junction C1 -> durations [24, 22, 22, 22] (total: 90s)
2026-09-24 12:18:47,053 - RLController - INFO -   Example: junction C2 -> durations [57, 13, 10, 10] (total: 90s)
2026-09-24 12:18:47,053 - RLController - INFO -   Example: junction C3 -> durations [60, 10, 10, 10] (total: 90s)
2026-09-24 12:18:47,053 - RLController - INFO -   Example: junction C4 -> durations [60, 10, 10, 10] (total: 90s)
2026-09-24 12:18:47,053 - RLController - INFO -   Example: junction C5 -> durations [57, 11, 11, 11] (total: 90s)
2026-09-24 12:18:47,053 - RLController - INFO -   Example: junction D0 -> durations [24, 22, 22, 22] (total: 90s)
2026-09-24 12:18:47,054 - RLController - INFO -   Example: junction D1 -> durations [20, 20, 30, 20] (total: 90s)
2026-09-24 12:18:47,054 - RLController - INFO -   Example: junction D2 -> durations [48, 14, 14, 14] (total: 90s)
2026-09-24 12:18:47,054 - RLController - INFO -   Example: junction D3 -> durations [24, 22, 22, 22] (total: 90s)
2026-09-24 12:18:47,055 - RLController - INFO -   Example: junction D4 -> durations [24, 22, 22, 22] (total: 90s)
2026-09-24 12:18:47,055 - RLController - INFO -   Example: junction D5 -> durations [12, 12, 54, 12] (total: 90s)
2026-09-24 12:18:47,055 - RLController - INFO -   Example: junction E0 -> durations [24, 22, 22, 22] (total: 90s)
2026-09-24 12:18:47,055 - RLController - INFO -   Example: junction E1 -> durations [24, 22, 22, 22] (total: 90s)
2026-09-24 12:18:47,056 - RLController - INFO -   Stored schedules for 34 junctions, cycle starts at step 1440
2026-09-24 12:18:49,708 - RLController - INFO - DIAGNOSTIC Step 1530 - Observation stats:
2026-09-24 12:18:49,715 - RLController - INFO -   Hash: 5403719671907573600, Min: 0.000000, Max: 1.000046, Mean: 0.392905, Std: 0.444723
2026-09-24 12:18:49,715 - RLController - INFO -   First 10: [1.         0.         0.         0.         0.         0.5
 0.         1.         0.99333334 1.        ]
2026-09-24 12:18:49,716 - RLController - INFO -   Last 10: [0.         0.2        0.         0.08333334 0.40384614 0.00349553
 0.05863248 0.62282133 0.         0.3       ]
2026-09-24 12:18:49,719 - RLController - INFO - DIAGNOSTIC - Raw model action output:
2026-09-24 12:18:49,719 - RLController - INFO -   Action hash: 8336665941424177680
2026-09-24 12:18:49,720 - RLController - INFO -   First 8 values: [ -6.8567376 -10.        -10.        -10.        -10.        -10.
 -10.        -10.       ]
2026-09-24 12:18:49,720 - RLController - INFO -   Last 8 values: [-10.        -10.        -10.        -10.        -10.         -1.3188965
 -10.        -10.       ]
2026-09-24 12:18:49,720 - RLController - INFO -   Action shape: (136,), min: -10.000000, max: 5.786820, mean: -9.235709
2026-09-24 12:18:49,720 - RLController - INFO -   B0 junction (indices 16-19) raw values: [ -9.315085 -10.       -10.       -10.      ]
2026-09-24 12:18:49,721 - RLController - INFO - Using CONTINUOUS DURATION-BASED mode
2026-09-24 12:18:49,721 - RLController - INFO -   Example: junction A0 -> durations [54, 12, 12, 12] (total: 90s)
2026-09-24 12:18:49,721 - RLController - INFO -   Example: junction A1 -> durations [24, 22, 22, 22] (total: 90s)
2026-09-24 12:18:49,721 - RLController - INFO -   Example: junction A2 -> durations [11, 11, 57, 11] (total: 90s)
2026-09-24 12:18:49,721 - RLController - INFO -   Example: junction A4 -> durations [60, 10, 10, 10] (total: 90s)
2026-09-24 12:18:49,721 - RLController - INFO -   Example: junction A5 -> durations [30, 20, 20, 20] (total: 90s)
2026-09-24 12:18:49,721 - RLController - INFO -   Example: junction B0 -> durations [24, 22, 22, 22] (total: 90s)
2026-09-24 12:18:49,721 - RLController - INFO -   Example: junction B1 -> durations [21, 27, 21, 21] (total: 90s)
2026-09-24 12:18:49,722 - RLController - INFO -   Example: junction B2 -> durations [24, 22, 22, 22] (total: 90s)
2026-09-24 12:18:49,722 - RLController - INFO -   Example: junction B4 -> durations [24, 22, 22, 22] (total: 90s)
2026-09-24 12:18:49,722 - RLController - INFO -   Example: junction B5 -> durations [60, 10, 10, 10] (total: 90s)
2026-09-24 12:18:49,722 - RLController - INFO -   Example: junction C0 -> durations [21, 21, 27, 21] (total: 90s)
2026-09-24 12:18:49,722 - RLController - INFO -   Example: junction C1 -> durations [24, 22, 22, 22] (total: 90s)
2026-09-24 12:18:49,722 - RLController - INFO -   Example: junction C2 -> durations [58, 12, 10, 10] (total: 90s)
2026-09-24 12:18:49,722 - RLController - INFO -   Example: junction C3 -> durations [60, 10, 10, 10] (total: 90s)
2026-09-24 12:18:49,723 - RLController - INFO -   Example: junction C4 -> durations [60, 10, 10, 10] (total: 90s)
2026-09-24 12:18:49,723 - RLController - INFO -   Example: junction C5 -> durations [57, 11, 11, 11] (total: 90s)
2026-09-24 12:18:49,723 - RLController - INFO -   Example: junction D0 -> durations [24, 22, 22, 22] (total: 90s)
2026-09-24 12:18:49,723 - RLController - INFO -   Example: junction D1 -> durations [20, 20, 30, 20] (total: 90s)
2026-09-24 12:18:49,723 - RLController - INFO -   Example: junction D2 -> durations [48, 14, 14, 14] (total: 90s)
2026-09-24 12:18:49,723 - RLController - INFO -   Example: junction D3 -> durations [24, 22, 22, 22] (total: 90s)
2026-09-24 12:18:49,723 - RLController - INFO -   Example: junction D4 -> durations [24, 22, 22, 22] (total: 90s)
2026-09-24 12:18:49,724 - RLController - INFO -   Example: junction D5 -> durations [12, 12, 54, 12] (total: 90s)
2026-09-24 12:18:49,724 - RLController - INFO -   Example: junction E0 -> durations [24, 22, 22, 22] (total: 90s)
2026-09-24 12:18:49,724 - RLController - INFO -   Example: junction E1 -> durations [24, 22, 22, 22] (total: 90s)
2026-09-24 12:18:49,725 - RLController - INFO -   Stored schedules for 34 junctions, cycle starts at step 1530
2026-09-24 12:18:53,220 - RLController - INFO - DIAGNOSTIC Step 1620 - Observation stats:
2026-09-24 12:18:53,271 - RLController - INFO -   Hash: 6104779860154934191, Min: 0.000000, Max: 1.000000, Mean: 0.400787, Std: 0.448982
2026-09-24 12:18:53,272 - RLController - INFO -   First 10: [1.  0.  0.  0.  0.  0.5 1.  0.  0.  0. ]
2026-09-24 12:18:53,272 - RLController - INFO -   Last 10: [0.         0.2        0.         0.08333334 0.41666666 0.0022765
 0.06008547 0.5893267  0.         0.3       ]
2026-09-24 12:18:53,437 - RLController - INFO - DIAGNOSTIC - Raw model action output:
2026-09-24 12:18:53,437 - RLController - INFO -   Action hash: -5176058129903041383
2026-09-24 12:18:53,438 - RLController - INFO -   First 8 values: [ -7.1953306 -10.        -10.        -10.        -10.        -10.
 -10.        -10.       ]
2026-09-24 12:18:53,438 - RLController - INFO -   Last 8 values: [-10.        -10.        -10.        -10.        -10.         -0.7268817
 -10.        -10.       ]
2026-09-24 12:18:53,439 - RLController - INFO -   Action shape: (136,), min: -10.000000, max: 4.898934, mean: -9.242109
2026-09-24 12:18:53,439 - RLController - INFO -   B0 junction (indices 16-19) raw values: [ -9.643788 -10.       -10.       -10.      ]
2026-09-24 12:18:53,439 - RLController - INFO - Using CONTINUOUS DURATION-BASED mode
2026-09-24 12:18:53,439 - RLController - INFO -   Example: junction A0 -> durations [51, 13, 13, 13] (total: 90s)
2026-09-24 12:18:53,439 - RLController - INFO -   Example: junction A1 -> durations [24, 22, 22, 22] (total: 90s)
2026-09-24 12:18:53,439 - RLController - INFO -   Example: junction A2 -> durations [11, 11, 57, 11] (total: 90s)
2026-09-24 12:18:53,440 - RLController - INFO -   Example: junction A4 -> durations [60, 10, 10, 10] (total: 90s)
2026-09-24 12:18:53,440 - RLController - INFO -   Example: junction A5 -> durations [27, 21, 21, 21] (total: 90s)
2026-09-24 12:18:53,440 - RLController - INFO -   Example: junction B0 -> durations [24, 22, 22, 22] (total: 90s)
2026-09-24 12:18:53,440 - RLController - INFO -   Example: junction B1 -> durations [22, 24, 22, 22] (total: 90s)
2026-09-24 12:18:53,440 - RLController - INFO -   Example: junction B2 -> durations [24, 22, 22, 22] (total: 90s)
2026-09-24 12:18:53,440 - RLController - INFO -   Example: junction B4 -> durations [24, 22, 22, 22] (total: 90s)
2026-09-24 12:18:53,440 - RLController - INFO -   Example: junction B5 -> durations [60, 10, 10, 10] (total: 90s)
2026-09-24 12:18:53,440 - RLController - INFO -   Example: junction C0 -> durations [22, 22, 24, 22] (total: 90s)
2026-09-24 12:18:53,441 - RLController - INFO -   Example: junction C1 -> durations [24, 22, 22, 22] (total: 90s)
2026-09-24 12:18:53,441 - RLController - INFO -   Example: junction C2 -> durations [58, 12, 10, 10] (total: 90s)
2026-09-24 12:18:53,441 - RLController - INFO -   Example: junction C3 -> durations [60, 10, 10, 10] (total: 90s)
2026-09-24 12:18:53,441 - RLController - INFO -   Example: junction C4 -> durations [60, 10, 10, 10] (total: 90s)
2026-09-24 12:18:53,441 - RLController - INFO -   Example: junction C5 -> durations [57, 11, 11, 11] (total: 90s)
2026-09-24 12:18:53,441 - RLController - INFO -   Example: junction D0 -> durations [24, 22, 22, 22] (total: 90s)
2026-09-24 12:18:53,441 - RLController - INFO -   Example: junction D1 -> durations [20, 20, 30, 20] (total: 90s)
2026-09-24 12:18:53,441 - RLController - INFO -   Example: junction D2 -> durations [45, 15, 15, 15] (total: 90s)
2026-09-24 12:18:53,442 - RLController - INFO -   Example: junction D3 -> durations [24, 22, 22, 22] (total: 90s)
2026-09-24 12:18:53,442 - RLController - INFO -   Example: junction D4 -> durations [24, 22, 22, 22] (total: 90s)
2026-09-24 12:18:53,442 - RLController - INFO -   Example: junction D5 -> durations [12, 12, 54, 12] (total: 90s)
2026-09-24 12:18:53,442 - RLController - INFO -   Example: junction E0 -> durations [24, 22, 22, 22] (total: 90s)
2026-09-24 12:18:53,442 - RLController - INFO -   Example: junction E1 -> durations [24, 22, 22, 22] (total: 90s)
2026-09-24 12:18:53,443 - RLController - INFO -   Stored schedules for 34 junctions, cycle starts at step 1620
2026-09-24 12:18:56,099 - RLController - INFO - DIAGNOSTIC Step 1710 - Observation stats:
2026-09-24 12:18:56,099 - RLController - INFO -   Hash: 7617242597896943667, Min: 0.000000, Max: 1.000000, Mean: 0.408057, Std: 0.449125
2026-09-24 12:18:56,100 - RLController - INFO -   First 10: [1.  0.  0.  0.  0.  0.5 1.  0.  0.  0. ]
2026-09-24 12:18:56,100 - RLController - INFO -   Last 10: [0.         0.2        0.         0.08333334 0.43589744 0.00288321
 0.06136752 0.57965654 0.         0.3       ]
2026-09-24 12:18:56,134 - RLController - INFO - DIAGNOSTIC - Raw model action output:
2026-09-24 12:18:56,134 - RLController - INFO -   Action hash: 8166855524064784222
2026-09-24 12:18:56,134 - RLController - INFO -   First 8 values: [ -7.4289756 -10.        -10.        -10.        -10.        -10.
 -10.        -10.       ]
2026-09-24 12:18:56,135 - RLController - INFO -   Last 8 values: [-10.        -10.        -10.        -10.        -10.         -1.5898271
 -10.        -10.       ]
2026-09-24 12:18:56,135 - RLController - INFO -   Action shape: (136,), min: -10.000000, max: 5.341044, mean: -9.254713
2026-09-24 12:18:56,135 - RLController - INFO -   B0 junction (indices 16-19) raw values: [ -9.787321 -10.       -10.       -10.      ]
2026-09-24 12:18:56,135 - RLController - INFO - Using CONTINUOUS DURATION-BASED mode
2026-09-24 12:18:56,135 - RLController - INFO -   Example: junction A0 -> durations [51, 13, 13, 13] (total: 90s)
2026-09-24 12:18:56,135 - RLController - INFO -   Example: junction A1 -> durations [24, 22, 22, 22] (total: 90s)
2026-09-24 12:18:56,136 - RLController - INFO -   Example: junction A2 -> durations [11, 11, 57, 11] (total: 90s)
2026-09-24 12:18:56,136 - RLController - INFO -   Example: junction A4 -> durations [60, 10, 10, 10] (total: 90s)
2026-09-24 12:18:56,136 - RLController - INFO -   Example: junction A5 -> durations [24, 22, 22, 22] (total: 90s)
2026-09-24 12:18:56,136 - RLController - INFO -   Example: junction B0 -> durations [24, 22, 22, 22] (total: 90s)
2026-09-24 12:18:56,136 - RLController - INFO -   Example: junction B1 -> durations [24, 22, 22, 22] (total: 90s)
2026-09-24 12:18:56,136 - RLController - INFO -   Example: junction B2 -> durations [24, 22, 22, 22] (total: 90s)
2026-09-24 12:18:56,136 - RLController - INFO -   Example: junction B4 -> durations [24, 22, 22, 22] (total: 90s)
2026-09-24 12:18:56,136 - RLController - INFO -   Example: junction B5 -> durations [60, 10, 10, 10] (total: 90s)
2026-09-24 12:18:56,137 - RLController - INFO -   Example: junction C0 -> durations [21, 21, 27, 21] (total: 90s)
2026-09-24 12:18:56,137 - RLController - INFO -   Example: junction C1 -> durations [24, 22, 22, 22] (total: 90s)
2026-09-24 12:18:56,137 - RLController - INFO -   Example: junction C2 -> durations [58, 12, 10, 10] (total: 90s)
2026-09-24 12:18:56,137 - RLController - INFO -   Example: junction C3 -> durations [60, 10, 10, 10] (total: 90s)
2026-09-24 12:18:56,137 - RLController - INFO -   Example: junction C4 -> durations [60, 10, 10, 10] (total: 90s)
2026-09-24 12:18:56,137 - RLController - INFO -   Example: junction C5 -> durations [57, 11, 11, 11] (total: 90s)
2026-09-24 12:18:56,138 - RLController - INFO -   Example: junction D0 -> durations [24, 22, 22, 22] (total: 90s)
2026-09-24 12:18:56,138 - RLController - INFO -   Example: junction D1 -> durations [20, 20, 30, 20] (total: 90s)
2026-09-24 12:18:56,138 - RLController - INFO -   Example: junction D2 -> durations [45, 15, 15, 15] (total: 90s)
2026-09-24 12:18:56,138 - RLController - INFO -   Example: junction D3 -> durations [24, 22, 22, 22] (total: 90s)
2026-09-24 12:18:56,138 - RLController - INFO -   Example: junction D4 -> durations [24, 22, 22, 22] (total: 90s)
2026-09-24 12:18:56,138 - RLController - INFO -   Example: junction D5 -> durations [13, 13, 51, 13] (total: 90s)
2026-09-24 12:18:56,138 - RLController - INFO -   Example: junction E0 -> durations [24, 22, 22, 22] (total: 90s)
2026-09-24 12:18:56,138 - RLController - INFO -   Example: junction E1 -> durations [24, 22, 22, 22] (total: 90s)
2026-09-24 12:18:56,139 - RLController - INFO -   Stored schedules for 34 junctions, cycle starts at step 1710
2026-09-24 12:18:59,018 - RLController - INFO - DIAGNOSTIC Step 1800 - Observation stats:
2026-09-24 12:18:59,027 - RLController - INFO -   Hash: -1208142693298144134, Min: 0.000000, Max: 1.000000, Mean: 0.402218, Std: 0.447797
2026-09-24 12:18:59,027 - RLController - INFO -   First 10: [1.  0.  0.  0.  0.  0.5 1.  0.  0.  0. ]
2026-09-24 12:18:59,028 - RLController - INFO -   Last 10: [0.         0.2        0.         0.08333334 0.41452992 0.00268155
 0.06094017 0.59155744 0.         0.3       ]
2026-09-24 12:18:59,084 - RLController - INFO - DIAGNOSTIC - Raw model action output:
2026-09-24 12:18:59,085 - RLController - INFO -   Action hash: -5906063852658892108
2026-09-24 12:18:59,085 - RLController - INFO -   First 8 values: [ -7.2439265 -10.        -10.        -10.        -10.        -10.
 -10.        -10.       ]
2026-09-24 12:18:59,086 - RLController - INFO -   Last 8 values: [-10.       -10.       -10.       -10.       -10.        -2.036688
 -10.       -10.      ]
2026-09-24 12:18:59,086 - RLController - INFO -   Action shape: (136,), min: -10.000000, max: 5.082427, mean: -9.277980
2026-09-24 12:18:59,086 - RLController - INFO -   B0 junction (indices 16-19) raw values: [-10. -10. -10. -10.]
2026-09-24 12:18:59,086 - RLController - INFO - Using CONTINUOUS DURATION-BASED mode
2026-09-24 12:18:59,087 - RLController - INFO -   Example: junction A0 -> durations [51, 13, 13, 13] (total: 90s)
2026-09-24 12:18:59,087 - RLController - INFO -   Example: junction A1 -> durations [24, 22, 22, 22] (total: 90s)
2026-09-24 12:18:59,087 - RLController - INFO -   Example: junction A2 -> durations [11, 11, 57, 11] (total: 90s)
2026-09-24 12:18:59,087 - RLController - INFO -   Example: junction A4 -> durations [60, 10, 10, 10] (total: 90s)
2026-09-24 12:18:59,087 - RLController - INFO -   Example: junction A5 -> durations [24, 22, 22, 22] (total: 90s)
2026-09-24 12:18:59,088 - RLController - INFO -   Example: junction B0 -> durations [24, 22, 22, 22] (total: 90s)
2026-09-24 12:18:59,088 - RLController - INFO -   Example: junction B1 -> durations [24, 22, 22, 22] (total: 90s)
2026-09-24 12:18:59,089 - RLController - INFO -   Example: junction B2 -> durations [24, 22, 22, 22] (total: 90s)
2026-09-24 12:18:59,089 - RLController - INFO -   Example: junction B4 -> durations [24, 22, 22, 22] (total: 90s)
2026-09-24 12:18:59,089 - RLController - INFO -   Example: junction B5 -> durations [60, 10, 10, 10] (total: 90s)
2026-09-24 12:18:59,089 - RLController - INFO -   Example: junction C0 -> durations [21, 21, 27, 21] (total: 90s)
2026-09-24 12:18:59,089 - RLController - INFO -   Example: junction C1 -> durations [24, 22, 22, 22] (total: 90s)
2026-09-24 12:18:59,090 - RLController - INFO -   Example: junction C2 -> durations [58, 12, 10, 10] (total: 90s)
2026-09-24 12:18:59,090 - RLController - INFO -   Example: junction C3 -> durations [60, 10, 10, 10] (total: 90s)
2026-09-24 12:18:59,090 - RLController - INFO -   Example: junction C4 -> durations [57, 11, 11, 11] (total: 90s)
2026-09-24 12:18:59,090 - RLController - INFO -   Example: junction C5 -> durations [57, 11, 11, 11] (total: 90s)
2026-09-24 12:18:59,091 - RLController - INFO -   Example: junction D0 -> durations [24, 22, 22, 22] (total: 90s)
2026-09-24 12:18:59,091 - RLController - INFO -   Example: junction D1 -> durations [20, 20, 30, 20] (total: 90s)
2026-09-24 12:18:59,091 - RLController - INFO -   Example: junction D2 -> durations [45, 15, 15, 15] (total: 90s)
2026-09-24 12:18:59,091 - RLController - INFO -   Example: junction D3 -> durations [24, 22, 22, 22] (total: 90s)
2026-09-24 12:18:59,091 - RLController - INFO -   Example: junction D4 -> durations [24, 22, 22, 22] (total: 90s)
2026-09-24 12:18:59,092 - RLController - INFO -   Example: junction D5 -> durations [13, 13, 51, 13] (total: 90s)
2026-09-24 12:18:59,092 - RLController - INFO -   Example: junction E0 -> durations [24, 22, 22, 22] (total: 90s)
2026-09-24 12:18:59,092 - RLController - INFO -   Example: junction E1 -> durations [24, 22, 22, 22] (total: 90s)
2026-09-24 12:18:59,093 - RLController - INFO -   Stored schedules for 34 junctions, cycle starts at step 1800
2026-09-24 12:19:01,934 - RLController - INFO - DIAGNOSTIC Step 1890 - Observation stats:
2026-09-24 12:19:01,934 - RLController - INFO -   Hash: 7392655900259828917, Min: 0.000000, Max: 1.000000, Mean: 0.407955, Std: 0.451255
2026-09-24 12:19:01,934 - RLController - INFO -   First 10: [1.  0.  0.  0.  0.  0.5 1.  0.  0.  0. ]
2026-09-24 12:19:01,934 - RLController - INFO -   Last 10: [0.         0.2        0.         0.08333334 0.42307693 0.00243801
 0.06179487 0.58513576 0.         0.3       ]
2026-09-24 12:19:01,997 - RLController - INFO - DIAGNOSTIC - Raw model action output:
2026-09-24 12:19:01,997 - RLController - INFO -   Action hash: 7231853656536208209
2026-09-24 12:19:01,997 - RLController - INFO -   First 8 values: [ -7.1270995 -10.        -10.        -10.        -10.        -10.
 -10.        -10.       ]
2026-09-24 12:19:01,998 - RLController - INFO -   Last 8 values: [-10.       -10.       -10.       -10.       -10.        -1.590256
 -10.       -10.      ]
2026-09-24 12:19:01,998 - RLController - INFO -   Action shape: (136,), min: -10.000000, max: 5.149550, mean: -9.255049
2026-09-24 12:19:01,998 - RLController - INFO -   B0 junction (indices 16-19) raw values: [ -9.955887 -10.       -10.       -10.      ]
2026-09-24 12:19:01,998 - RLController - INFO - Using CONTINUOUS DURATION-BASED mode
2026-09-24 12:19:01,998 - RLController - INFO -   Example: junction A0 -> durations [54, 12, 12, 12] (total: 90s)
2026-09-24 12:19:01,999 - RLController - INFO -   Example: junction A1 -> durations [24, 22, 22, 22] (total: 90s)
2026-09-24 12:19:01,999 - RLController - INFO -   Example: junction A2 -> durations [11, 11, 57, 11] (total: 90s)
2026-09-24 12:19:01,999 - RLController - INFO -   Example: junction A4 -> durations [60, 10, 10, 10] (total: 90s)
2026-09-24 12:19:01,999 - RLController - INFO -   Example: junction A5 -> durations [24, 22, 22, 22] (total: 90s)
2026-09-24 12:19:01,999 - RLController - INFO -   Example: junction B0 -> durations [24, 22, 22, 22] (total: 90s)
2026-09-24 12:19:01,999 - RLController - INFO -   Example: junction B1 -> durations [24, 22, 22, 22] (total: 90s)
2026-09-24 12:19:01,999 - RLController - INFO -   Example: junction B2 -> durations [24, 22, 22, 22] (total: 90s)
2026-09-24 12:19:01,999 - RLController - INFO -   Example: junction B4 -> durations [24, 22, 22, 22] (total: 90s)
2026-09-24 12:19:02,000 - RLController - INFO -   Example: junction B5 -> durations [60, 10, 10, 10] (total: 90s)
2026-09-24 12:19:02,000 - RLController - INFO -   Example: junction C0 -> durations [22, 22, 24, 22] (total: 90s)
2026-09-24 12:19:02,000 - RLController - INFO -   Example: junction C1 -> durations [24, 22, 22, 22] (total: 90s)
2026-09-24 12:19:02,000 - RLController - INFO -   Example: junction C2 -> durations [57, 13, 10, 10] (total: 90s)
2026-09-24 12:19:02,000 - RLController - INFO -   Example: junction C3 -> durations [60, 10, 10, 10] (total: 90s)
2026-09-24 12:19:02,000 - RLController - INFO -   Example: junction C4 -> durations [57, 11, 11, 11] (total: 90s)
2026-09-24 12:19:02,000 - RLController - INFO -   Example: junction C5 -> durations [57, 11, 11, 11] (total: 90s)
2026-09-24 12:19:02,001 - RLController - INFO -   Example: junction D0 -> durations [24, 22, 22, 22] (total: 90s)
2026-09-24 12:19:02,001 - RLController - INFO -   Example: junction D1 -> durations [20, 20, 30, 20] (total: 90s)
2026-09-24 12:19:02,001 - RLController - INFO -   Example: junction D2 -> durations [48, 14, 14, 14] (total: 90s)
2026-09-24 12:19:02,001 - RLController - INFO -   Example: junction D3 -> durations [24, 22, 22, 22] (total: 90s)
2026-09-24 12:19:02,001 - RLController - INFO -   Example: junction D4 -> durations [24, 22, 22, 22] (total: 90s)
2026-09-24 12:19:02,001 - RLController - INFO -   Example: junction D5 -> durations [13, 13, 51, 13] (total: 90s)
2026-09-24 12:19:02,001 - RLController - INFO -   Example: junction E0 -> durations [24, 22, 22, 22] (total: 90s)
2026-09-24 12:19:02,001 - RLController - INFO -   Example: junction E1 -> durations [24, 22, 22, 22] (total: 90s)
2026-09-24 12:19:02,002 - RLController - INFO -   Stored schedules for 34 junctions, cycle starts at step 1890
2026-09-24 12:19:05,196 - RLController - INFO - DIAGNOSTIC Step 1980 - Observation stats:
2026-09-24 12:19:05,196 - RLController - INFO -   Hash: 6903361113253276705, Min: 0.000000, Max: 1.000000, Mean: 0.409847, Std: 0.451009
2026-09-24 12:19:05,197 - RLController - INFO -   First 10: [1.  0.  0.  0.  0.  0.5 1.  0.  0.  0. ]
2026-09-24 12:19:05,197 - RLController - INFO -   Last 10: [0.         0.2        0.         0.08333334 0.42521366 0.00309245
 0.06324787 0.5893398  0.         0.3       ]
2026-09-24 12:19:05,206 - RLController - INFO - DIAGNOSTIC - Raw model action output:
2026-09-24 12:19:05,207 - RLController - INFO -   Action hash: -4268709068046710008
2026-09-24 12:19:05,207 - RLController - INFO -   First 8 values: [ -6.8977065 -10.        -10.        -10.        -10.        -10.
 -10.        -10.       ]
2026-09-24 12:19:05,207 - RLController - INFO -   Last 8 values: [-10.        -10.        -10.        -10.        -10.         -0.7314467
 -10.        -10.       ]
2026-09-24 12:19:05,208 - RLController - INFO -   Action shape: (136,), min: -10.000000, max: 5.211410, mean: -9.234998
2026-09-24 12:19:05,208 - RLController - INFO -   B0 junction (indices 16-19) raw values: [ -9.646836 -10.       -10.       -10.      ]
2026-09-24 12:19:05,208 - RLController - INFO - Using CONTINUOUS DURATION-BASED mode
2026-09-24 12:19:05,209 - RLController - INFO -   Example: junction A0 -> durations [54, 12, 12, 12] (total: 90s)
2026-09-24 12:19:05,209 - RLController - INFO -   Example: junction A1 -> durations [24, 22, 22, 22] (total: 90s)
2026-09-24 12:19:05,209 - RLController - INFO -   Example: junction A2 -> durations [11, 11, 57, 11] (total: 90s)
2026-09-24 12:19:05,209 - RLController - INFO -   Example: junction A4 -> durations [60, 10, 10, 10] (total: 90s)
2026-09-24 12:19:05,210 - RLController - INFO -   Example: junction A5 -> durations [27, 21, 21, 21] (total: 90s)
2026-09-24 12:19:05,210 - RLController - INFO -   Example: junction B0 -> durations [24, 22, 22, 22] (total: 90s)
2026-09-24 12:19:05,210 - RLController - INFO -   Example: junction B1 -> durations [24, 22, 22, 22] (total: 90s)
2026-09-24 12:19:05,210 - RLController - INFO -   Example: junction B2 -> durations [24, 22, 22, 22] (total: 90s)
2026-09-24 12:19:05,211 - RLController - INFO -   Example: junction B4 -> durations [24, 22, 22, 22] (total: 90s)
2026-09-24 12:19:05,211 - RLController - INFO -   Example: junction B5 -> durations [60, 10, 10, 10] (total: 90s)
2026-09-24 12:19:05,211 - RLController - INFO -   Example: junction C0 -> durations [20, 20, 30, 20] (total: 90s)
2026-09-24 12:19:05,211 - RLController - INFO -   Example: junction C1 -> durations [24, 22, 22, 22] (total: 90s)
2026-09-24 12:19:05,212 - RLController - INFO -   Example: junction C2 -> durations [58, 12, 10, 10] (total: 90s)
2026-09-24 12:19:05,212 - RLController - INFO -   Example: junction C3 -> durations [60, 10, 10, 10] (total: 90s)
2026-09-24 12:19:05,212 - RLController - INFO -   Example: junction C4 -> durations [60, 10, 10, 10] (total: 90s)
2026-09-24 12:19:05,212 - RLController - INFO -   Example: junction C5 -> durations [57, 11, 11, 11] (total: 90s)
2026-09-24 12:19:05,213 - RLController - INFO -   Example: junction D0 -> durations [24, 22, 22, 22] (total: 90s)
2026-09-24 12:19:05,213 - RLController - INFO -   Example: junction D1 -> durations [20, 20, 30, 20] (total: 90s)
2026-09-24 12:19:05,213 - RLController - INFO -   Example: junction D2 -> durations [48, 14, 14, 14] (total: 90s)
2026-09-24 12:19:05,213 - RLController - INFO -   Example: junction D3 -> durations [24, 22, 22, 22] (total: 90s)
2026-09-24 12:19:05,214 - RLController - INFO -   Example: junction D4 -> durations [24, 22, 22, 22] (total: 90s)
2026-09-24 12:19:05,214 - RLController - INFO -   Example: junction D5 -> durations [13, 13, 51, 13] (total: 90s)
2026-09-24 12:19:05,214 - RLController - INFO -   Example: junction E0 -> durations [24, 22, 22, 22] (total: 90s)
2026-09-24 12:19:05,214 - RLController - INFO -   Example: junction E1 -> durations [24, 22, 22, 22] (total: 90s)
2026-09-24 12:19:05,215 - RLController - INFO -   Stored schedules for 34 junctions, cycle starts at step 1980
2026-09-24 12:19:09,741 - RLController - INFO - DIAGNOSTIC Step 2070 - Observation stats:
2026-09-24 12:19:09,742 - RLController - INFO -   Hash: -2344599944440830860, Min: 0.000000, Max: 1.000718, Mean: 0.407473, Std: 0.450888
2026-09-24 12:19:09,743 - RLController - INFO -   First 10: [1.  0.  0.  0.  0.  0.5 1.  0.  0.  0. ]
2026-09-24 12:19:09,743 - RLController - INFO -   Last 10: [0.         0.2        0.         0.08333334 0.43803418 0.00317268
 0.06388889 0.57993776 0.         0.3       ]
2026-09-24 12:19:09,753 - RLController - INFO - DIAGNOSTIC - Raw model action output:
2026-09-24 12:19:09,753 - RLController - INFO -   Action hash: 2961661365883411665
2026-09-24 12:19:09,753 - RLController - INFO -   First 8 values: [ -7.29639 -10.      -10.      -10.      -10.      -10.      -10.
 -10.     ]
2026-09-24 12:19:09,754 - RLController - INFO -   Last 8 values: [-10.        -10.        -10.        -10.        -10.         -1.5176837
 -10.        -10.       ]
2026-09-24 12:19:09,754 - RLController - INFO -   Action shape: (136,), min: -10.000000, max: 4.341812, mean: -9.236289
2026-09-24 12:19:09,754 - RLController - INFO -   B0 junction (indices 16-19) raw values: [ -9.50845 -10.      -10.      -10.     ]
2026-09-24 12:19:09,754 - RLController - INFO - Using CONTINUOUS DURATION-BASED mode
2026-09-24 12:19:09,754 - RLController - INFO -   Example: junction A0 -> durations [51, 13, 13, 13] (total: 90s)
2026-09-24 12:19:09,754 - RLController - INFO -   Example: junction A1 -> durations [24, 22, 22, 22] (total: 90s)
2026-09-24 12:19:09,755 - RLController - INFO -   Example: junction A2 -> durations [11, 11, 57, 11] (total: 90s)
2026-09-24 12:19:09,755 - RLController - INFO -   Example: junction A4 -> durations [60, 10, 10, 10] (total: 90s)
2026-09-24 12:19:09,755 - RLController - INFO -   Example: junction A5 -> durations [27, 21, 21, 21] (total: 90s)
2026-09-24 12:19:09,755 - RLController - INFO -   Example: junction B0 -> durations [24, 22, 22, 22] (total: 90s)
2026-09-24 12:19:09,755 - RLController - INFO -   Example: junction B1 -> durations [22, 24, 22, 22] (total: 90s)
2026-09-24 12:19:09,755 - RLController - INFO -   Example: junction B2 -> durations [24, 22, 22, 22] (total: 90s)
2026-09-24 12:19:09,755 - RLController - INFO -   Example: junction B4 -> durations [24, 22, 22, 22] (total: 90s)
2026-09-24 12:19:09,756 - RLController - INFO -   Example: junction B5 -> durations [60, 10, 10, 10] (total: 90s)
2026-09-24 12:19:09,756 - RLController - INFO -   Example: junction C0 -> durations [20, 20, 30, 20] (total: 90s)
2026-09-24 12:19:09,756 - RLController - INFO -   Example: junction C1 -> durations [24, 22, 22, 22] (total: 90s)
2026-09-24 12:19:09,756 - RLController - INFO -   Example: junction C2 -> durations [57, 13, 10, 10] (total: 90s)
2026-09-24 12:19:09,756 - RLController - INFO -   Example: junction C3 -> durations [60, 10, 10, 10] (total: 90s)
2026-09-24 12:19:09,756 - RLController - INFO -   Example: junction C4 -> durations [60, 10, 10, 10] (total: 90s)
2026-09-24 12:19:09,756 - RLController - INFO -   Example: junction C5 -> durations [57, 11, 11, 11] (total: 90s)
2026-09-24 12:19:09,757 - RLController - INFO -   Example: junction D0 -> durations [24, 22, 22, 22] (total: 90s)
2026-09-24 12:19:09,757 - RLController - INFO -   Example: junction D1 -> durations [20, 20, 30, 20] (total: 90s)
2026-09-24 12:19:09,757 - RLController - INFO -   Example: junction D2 -> durations [51, 13, 13, 13] (total: 90s)
2026-09-24 12:19:09,757 - RLController - INFO -   Example: junction D3 -> durations [24, 22, 22, 22] (total: 90s)
2026-09-24 12:19:09,757 - RLController - INFO -   Example: junction D4 -> durations [24, 22, 22, 22] (total: 90s)
2026-09-24 12:19:09,757 - RLController - INFO -   Example: junction D5 -> durations [13, 13, 51, 13] (total: 90s)
2026-09-24 12:19:09,757 - RLController - INFO -   Example: junction E0 -> durations [24, 22, 22, 22] (total: 90s)
2026-09-24 12:19:09,758 - RLController - INFO -   Example: junction E1 -> durations [24, 22, 22, 22] (total: 90s)
2026-09-24 12:19:09,758 - RLController - INFO -   Stored schedules for 34 junctions, cycle starts at step 2070
2026-09-24 12:19:12,964 - RLController - INFO - DIAGNOSTIC Step 2160 - Observation stats:
2026-09-24 12:19:12,969 - RLController - INFO -   Hash: -4903849090306731973, Min: 0.000000, Max: 1.000000, Mean: 0.410987, Std: 0.451658
2026-09-24 12:19:12,970 - RLController - INFO -   First 10: [1.  0.  0.  0.  0.  0.5 1.  0.  0.  0. ]
2026-09-24 12:19:12,970 - RLController - INFO -   Last 10: [0.         0.2        0.         0.08333334 0.44658118 0.00291958
 0.06508547 0.5666419  0.         0.3       ]
2026-09-24 12:19:12,977 - RLController - INFO - DIAGNOSTIC - Raw model action output:
2026-09-24 12:19:12,977 - RLController - INFO -   Action hash: -6777924907588050153
2026-09-24 12:19:12,977 - RLController - INFO -   First 8 values: [ -7.2898955 -10.        -10.        -10.        -10.        -10.
 -10.        -10.       ]
2026-09-24 12:19:12,978 - RLController - INFO -   Last 8 values: [-10.        -10.        -10.        -10.        -10.         -0.9609296
 -10.        -10.       ]
2026-09-24 12:19:12,978 - RLController - INFO -   Action shape: (136,), min: -10.000000, max: 5.494014, mean: -9.231519
2026-09-24 12:19:12,978 - RLController - INFO -   B0 junction (indices 16-19) raw values: [ -9.48339 -10.      -10.      -10.     ]
2026-09-24 12:19:12,978 - RLController - INFO - Using CONTINUOUS DURATION-BASED mode
2026-09-24 12:19:12,979 - RLController - INFO -   Example: junction A0 -> durations [51, 13, 13, 13] (total: 90s)
2026-09-24 12:19:12,979 - RLController - INFO -   Example: junction A1 -> durations [24, 22, 22, 22] (total: 90s)
2026-09-24 12:19:12,979 - RLController - INFO -   Example: junction A2 -> durations [12, 12, 54, 12] (total: 90s)
2026-09-24 12:19:12,979 - RLController - INFO -   Example: junction A4 -> durations [60, 10, 10, 10] (total: 90s)
2026-09-24 12:19:12,979 - RLController - INFO -   Example: junction A5 -> durations [27, 21, 21, 21] (total: 90s)
2026-09-24 12:19:12,980 - RLController - INFO -   Example: junction B0 -> durations [24, 22, 22, 22] (total: 90s)
2026-09-24 12:19:12,980 - RLController - INFO -   Example: junction B1 -> durations [21, 27, 21, 21] (total: 90s)
2026-09-24 12:19:12,980 - RLController - INFO -   Example: junction B2 -> durations [24, 22, 22, 22] (total: 90s)
2026-09-24 12:19:12,980 - RLController - INFO -   Example: junction B4 -> durations [24, 22, 22, 22] (total: 90s)
2026-09-24 12:19:12,980 - RLController - INFO -   Example: junction B5 -> durations [60, 10, 10, 10] (total: 90s)
2026-09-24 12:19:12,980 - RLController - INFO -   Example: junction C0 -> durations [21, 21, 27, 21] (total: 90s)
2026-09-24 12:19:12,981 - RLController - INFO -   Example: junction C1 -> durations [24, 22, 22, 22] (total: 90s)
2026-09-24 12:19:12,981 - RLController - INFO -   Example: junction C2 -> durations [57, 13, 10, 10] (total: 90s)
2026-09-24 12:19:12,981 - RLController - INFO -   Example: junction C3 -> durations [60, 10, 10, 10] (total: 90s)
2026-09-24 12:19:12,981 - RLController - INFO -   Example: junction C4 -> durations [60, 10, 10, 10] (total: 90s)
2026-09-24 12:19:12,981 - RLController - INFO -   Example: junction C5 -> durations [57, 11, 11, 11] (total: 90s)
2026-09-24 12:19:12,982 - RLController - INFO -   Example: junction D0 -> durations [24, 22, 22, 22] (total: 90s)
2026-09-24 12:19:12,982 - RLController - INFO -   Example: junction D1 -> durations [21, 21, 27, 21] (total: 90s)
2026-09-24 12:19:12,982 - RLController - INFO -   Example: junction D2 -> durations [48, 14, 14, 14] (total: 90s)
2026-09-24 12:19:12,982 - RLController - INFO -   Example: junction D3 -> durations [24, 22, 22, 22] (total: 90s)
2026-09-24 12:19:12,982 - RLController - INFO -   Example: junction D4 -> durations [24, 22, 22, 22] (total: 90s)
2026-09-24 12:19:12,982 - RLController - INFO -   Example: junction D5 -> durations [12, 12, 54, 12] (total: 90s)
2026-09-24 12:19:12,983 - RLController - INFO -   Example: junction E0 -> durations [24, 22, 22, 22] (total: 90s)
2026-09-24 12:19:12,983 - RLController - INFO -   Example: junction E1 -> durations [24, 22, 22, 22] (total: 90s)
2026-09-24 12:19:12,984 - RLController - INFO -   Stored schedules for 34 junctions, cycle starts at step 2160
2026-09-24 12:19:16,498 - RLController - INFO - DIAGNOSTIC Step 2250 - Observation stats:
2026-09-24 12:19:16,498 - RLController - INFO -   Hash: -1915547996110265580, Min: 0.000000, Max: 1.000000, Mean: 0.406447, Std: 0.451293
2026-09-24 12:19:16,499 - RLController - INFO -   First 10: [1.  0.  0.  0.  0.  0.5 1.  0.  0.  0. ]
2026-09-24 12:19:16,499 - RLController - INFO -   Last 10: [0.         0.2        0.         0.08333334 0.41880342 0.00285564
 0.06662393 0.595507   0.         0.3       ]
2026-09-24 12:19:16,504 - RLController - INFO - DIAGNOSTIC - Raw model action output:
2026-09-24 12:19:16,504 - RLController - INFO -   Action hash: 7501909912862792138
2026-09-24 12:19:16,505 - RLController - INFO -   First 8 values: [ -7.075374 -10.       -10.       -10.       -10.       -10.
 -10.       -10.      ]
2026-09-24 12:19:16,506 - RLController - INFO -   Last 8 values: [-10.        -10.        -10.        -10.        -10.         -2.2548385
 -10.        -10.       ]
2026-09-24 12:19:16,506 - RLController - INFO -   Action shape: (136,), min: -10.000000, max: 5.028706, mean: -9.220686
2026-09-24 12:19:16,507 - RLController - INFO -   B0 junction (indices 16-19) raw values: [ -9.377855 -10.       -10.       -10.      ]
2026-09-24 12:19:16,507 - RLController - INFO - Using CONTINUOUS DURATION-BASED mode
2026-09-24 12:19:16,507 - RLController - INFO -   Example: junction A0 -> durations [54, 12, 12, 12] (total: 90s)
2026-09-24 12:19:16,507 - RLController - INFO -   Example: junction A1 -> durations [24, 22, 22, 22] (total: 90s)
2026-09-24 12:19:16,508 - RLController - INFO -   Example: junction A2 -> durations [11, 11, 57, 11] (total: 90s)
2026-09-24 12:19:16,508 - RLController - INFO -   Example: junction A4 -> durations [60, 10, 10, 10] (total: 90s)
2026-09-24 12:19:16,508 - RLController - INFO -   Example: junction A5 -> durations [30, 20, 20, 20] (total: 90s)
2026-09-24 12:19:16,508 - RLController - INFO -   Example: junction B0 -> durations [24, 22, 22, 22] (total: 90s)
2026-09-24 12:19:16,508 - RLController - INFO -   Example: junction B1 -> durations [20, 30, 20, 20] (total: 90s)
2026-09-24 12:19:16,509 - RLController - INFO -   Example: junction B2 -> durations [24, 22, 22, 22] (total: 90s)
2026-09-24 12:19:16,509 - RLController - INFO -   Example: junction B4 -> durations [24, 22, 22, 22] (total: 90s)
2026-09-24 12:19:16,509 - RLController - INFO -   Example: junction B5 -> durations [60, 10, 10, 10] (total: 90s)
2026-09-24 12:19:16,509 - RLController - INFO -   Example: junction C0 -> durations [21, 21, 27, 21] (total: 90s)
2026-09-24 12:19:16,509 - RLController - INFO -   Example: junction C1 -> durations [24, 22, 22, 22] (total: 90s)
2026-09-24 12:19:16,510 - RLController - INFO -   Example: junction C2 -> durations [56, 14, 10, 10] (total: 90s)
2026-09-24 12:19:16,510 - RLController - INFO -   Example: junction C3 -> durations [60, 10, 10, 10] (total: 90s)
2026-09-24 12:19:16,510 - RLController - INFO -   Example: junction C4 -> durations [60, 10, 10, 10] (total: 90s)
2026-09-24 12:19:16,510 - RLController - INFO -   Example: junction C5 -> durations [57, 11, 11, 11] (total: 90s)
2026-09-24 12:19:16,511 - RLController - INFO -   Example: junction D0 -> durations [24, 22, 22, 22] (total: 90s)
2026-09-24 12:19:16,511 - RLController - INFO -   Example: junction D1 -> durations [20, 20, 30, 20] (total: 90s)
2026-09-24 12:19:16,511 - RLController - INFO -   Example: junction D2 -> durations [48, 14, 14, 14] (total: 90s)
2026-09-24 12:19:16,511 - RLController - INFO -   Example: junction D3 -> durations [24, 22, 22, 22] (total: 90s)
2026-09-24 12:19:16,512 - RLController - INFO -   Example: junction D4 -> durations [24, 22, 22, 22] (total: 90s)
2026-09-24 12:19:16,512 - RLController - INFO -   Example: junction D5 -> durations [13, 13, 51, 13] (total: 90s)
2026-09-24 12:19:16,512 - RLController - INFO -   Example: junction E0 -> durations [24, 22, 22, 22] (total: 90s)
2026-09-24 12:19:16,512 - RLController - INFO -   Example: junction E1 -> durations [24, 22, 22, 22] (total: 90s)
2026-09-24 12:19:16,513 - RLController - INFO -   Stored schedules for 34 junctions, cycle starts at step 2250
2026-09-24 12:19:19,818 - RLController - INFO - DIAGNOSTIC Step 2340 - Observation stats:
2026-09-24 12:19:19,826 - RLController - INFO -   Hash: 6509328344344563971, Min: 0.000000, Max: 1.000000, Mean: 0.404741, Std: 0.450665
2026-09-24 12:19:19,826 - RLController - INFO -   First 10: [1.         0.         0.         0.         0.         0.5
 0.         0.         0.99333334 1.        ]
2026-09-24 12:19:19,826 - RLController - INFO -   Last 10: [0.         0.2        0.         0.08333334 0.41880342 0.00339482
 0.06606837 0.5965478  0.         0.3       ]
2026-09-24 12:19:19,832 - RLController - INFO - DIAGNOSTIC - Raw model action output:
2026-09-24 12:19:19,832 - RLController - INFO -   Action hash: 6780665100175952636
2026-09-24 12:19:19,832 - RLController - INFO -   First 8 values: [ -6.8320603 -10.        -10.        -10.        -10.        -10.
 -10.        -10.       ]
2026-09-24 12:19:19,832 - RLController - INFO -   Last 8 values: [-10.        -10.        -10.        -10.        -10.         -2.7402728
 -10.        -10.       ]
2026-09-24 12:19:19,832 - RLController - INFO -   Action shape: (136,), min: -10.000000, max: 5.529249, mean: -9.236680
2026-09-24 12:19:19,833 - RLController - INFO -   B0 junction (indices 16-19) raw values: [ -9.20698 -10.      -10.      -10.     ]
2026-09-24 12:19:19,833 - RLController - INFO - Using CONTINUOUS DURATION-BASED mode
2026-09-24 12:19:19,833 - RLController - INFO -   Example: junction A0 -> durations [54, 12, 12, 12] (total: 90s)
2026-09-24 12:19:19,833 - RLController - INFO -   Example: junction A1 -> durations [24, 22, 22, 22] (total: 90s)
2026-09-24 12:19:19,833 - RLController - INFO -   Example: junction A2 -> durations [11, 11, 57, 11] (total: 90s)
2026-09-24 12:19:19,833 - RLController - INFO -   Example: junction A4 -> durations [60, 10, 10, 10] (total: 90s)
2026-09-24 12:19:19,833 - RLController - INFO -   Example: junction A5 -> durations [30, 20, 20, 20] (total: 90s)
2026-09-24 12:19:19,834 - RLController - INFO -   Example: junction B0 -> durations [24, 22, 22, 22] (total: 90s)
2026-09-24 12:19:19,834 - RLController - INFO -   Example: junction B1 -> durations [22, 24, 22, 22] (total: 90s)
2026-09-24 12:19:19,834 - RLController - INFO -   Example: junction B2 -> durations [24, 22, 22, 22] (total: 90s)
2026-09-24 12:19:19,834 - RLController - INFO -   Example: junction B4 -> durations [24, 22, 22, 22] (total: 90s)
2026-09-24 12:19:19,834 - RLController - INFO -   Example: junction B5 -> durations [60, 10, 10, 10] (total: 90s)
2026-09-24 12:19:19,834 - RLController - INFO -   Example: junction C0 -> durations [21, 21, 27, 21] (total: 90s)
2026-09-24 12:19:19,834 - RLController - INFO -   Example: junction C1 -> durations [24, 22, 22, 22] (total: 90s)
2026-09-24 12:19:19,835 - RLController - INFO -   Example: junction C2 -> durations [58, 12, 10, 10] (total: 90s)
2026-09-24 12:19:19,835 - RLController - INFO -   Example: junction C3 -> durations [60, 10, 10, 10] (total: 90s)
2026-09-24 12:19:19,835 - RLController - INFO -   Example: junction C4 -> durations [60, 10, 10, 10] (total: 90s)
2026-09-24 12:19:19,835 - RLController - INFO -   Example: junction C5 -> durations [57, 11, 11, 11] (total: 90s)
2026-09-24 12:19:19,835 - RLController - INFO -   Example: junction D0 -> durations [22, 22, 24, 22] (total: 90s)
2026-09-24 12:19:19,835 - RLController - INFO -   Example: junction D1 -> durations [19, 19, 33, 19] (total: 90s)
2026-09-24 12:19:19,835 - RLController - INFO -   Example: junction D2 -> durations [51, 13, 13, 13] (total: 90s)
2026-09-24 12:19:19,836 - RLController - INFO -   Example: junction D3 -> durations [24, 22, 22, 22] (total: 90s)
2026-09-24 12:19:19,836 - RLController - INFO -   Example: junction D4 -> durations [24, 22, 22, 22] (total: 90s)
2026-09-24 12:19:19,836 - RLController - INFO -   Example: junction D5 -> durations [12, 12, 54, 12] (total: 90s)
2026-09-24 12:19:19,836 - RLController - INFO -   Example: junction E0 -> durations [24, 22, 22, 22] (total: 90s)
2026-09-24 12:19:19,836 - RLController - INFO -   Example: junction E1 -> durations [24, 22, 22, 22] (total: 90s)
2026-09-24 12:19:19,837 - RLController - INFO -   Stored schedules for 34 junctions, cycle starts at step 2340
2026-09-24 12:19:22,974 - RLController - INFO - DIAGNOSTIC Step 2430 - Observation stats:
2026-09-24 12:19:22,974 - RLController - INFO -   Hash: -684248901492765948, Min: 0.000000, Max: 1.000358, Mean: 0.411962, Std: 0.449543
2026-09-24 12:19:22,975 - RLController - INFO -   First 10: [1.         0.         0.         0.         0.         0.5
 0.         1.         0.99333334 1.        ]
2026-09-24 12:19:22,975 - RLController - INFO -   Last 10: [0.         0.2        0.         0.08333334 0.44230768 0.00377233
 0.06739316 0.57961845 0.         0.3       ]
2026-09-24 12:19:22,980 - RLController - INFO - DIAGNOSTIC - Raw model action output:
2026-09-24 12:19:22,980 - RLController - INFO -   Action hash: 4970888468301390222
2026-09-24 12:19:22,981 - RLController - INFO -   First 8 values: [ -7.0820656 -10.        -10.        -10.        -10.        -10.
 -10.        -10.       ]
2026-09-24 12:19:22,981 - RLController - INFO -   Last 8 values: [-10.       -10.       -10.       -10.       -10.        -2.361948
 -10.       -10.      ]
2026-09-24 12:19:22,981 - RLController - INFO -   Action shape: (136,), min: -10.000000, max: 5.351255, mean: -9.252344
2026-09-24 12:19:22,981 - RLController - INFO -   B0 junction (indices 16-19) raw values: [ -9.675824 -10.       -10.       -10.      ]
2026-09-24 12:19:22,981 - RLController - INFO - Using CONTINUOUS DURATION-BASED mode
2026-09-24 12:19:22,981 - RLController - INFO -   Example: junction A0 -> durations [54, 12, 12, 12] (total: 90s)
2026-09-24 12:19:22,982 - RLController - INFO -   Example: junction A1 -> durations [24, 22, 22, 22] (total: 90s)
2026-09-24 12:19:22,982 - RLController - INFO -   Example: junction A2 -> durations [11, 11, 57, 11] (total: 90s)
2026-09-24 12:19:22,982 - RLController - INFO -   Example: junction A4 -> durations [60, 10, 10, 10] (total: 90s)
2026-09-24 12:19:22,982 - RLController - INFO -   Example: junction A5 -> durations [27, 21, 21, 21] (total: 90s)
2026-09-24 12:19:22,982 - RLController - INFO -   Example: junction B0 -> durations [24, 22, 22, 22] (total: 90s)
2026-09-24 12:19:22,982 - RLController - INFO -   Example: junction B1 -> durations [24, 22, 22, 22] (total: 90s)
2026-09-24 12:19:22,982 - RLController - INFO -   Example: junction B2 -> durations [24, 22, 22, 22] (total: 90s)
2026-09-24 12:19:22,982 - RLController - INFO -   Example: junction B4 -> durations [24, 22, 22, 22] (total: 90s)
2026-09-24 12:19:22,983 - RLController - INFO -   Example: junction B5 -> durations [60, 10, 10, 10] (total: 90s)
2026-09-24 12:19:22,983 - RLController - INFO -   Example: junction C0 -> durations [21, 21, 27, 21] (total: 90s)
2026-09-24 12:19:22,983 - RLController - INFO -   Example: junction C1 -> durations [24, 22, 22, 22] (total: 90s)
2026-09-24 12:19:22,983 - RLController - INFO -   Example: junction C2 -> durations [58, 12, 10, 10] (total: 90s)
2026-09-24 12:19:22,983 - RLController - INFO -   Example: junction C3 -> durations [60, 10, 10, 10] (total: 90s)
2026-09-24 12:19:22,983 - RLController - INFO -   Example: junction C4 -> durations [60, 10, 10, 10] (total: 90s)
2026-09-24 12:19:22,983 - RLController - INFO -   Example: junction C5 -> durations [57, 11, 11, 11] (total: 90s)
2026-09-24 12:19:22,983 - RLController - INFO -   Example: junction D0 -> durations [24, 22, 22, 22] (total: 90s)
2026-09-24 12:19:22,984 - RLController - INFO -   Example: junction D1 -> durations [20, 20, 30, 20] (total: 90s)
2026-09-24 12:19:22,984 - RLController - INFO -   Example: junction D2 -> durations [48, 14, 14, 14] (total: 90s)
2026-09-24 12:19:22,984 - RLController - INFO -   Example: junction D3 -> durations [24, 22, 22, 22] (total: 90s)
2026-09-24 12:19:22,984 - RLController - INFO -   Example: junction D4 -> durations [24, 22, 22, 22] (total: 90s)
2026-09-24 12:19:22,984 - RLController - INFO -   Example: junction D5 -> durations [13, 13, 51, 13] (total: 90s)
2026-09-24 12:19:22,985 - RLController - INFO -   Example: junction E0 -> durations [24, 22, 22, 22] (total: 90s)
2026-09-24 12:19:22,985 - RLController - INFO -   Example: junction E1 -> durations [24, 22, 22, 22] (total: 90s)
2026-09-24 12:19:22,985 - RLController - INFO -   Stored schedules for 34 junctions, cycle starts at step 2430
2026-09-24 12:19:26,304 - RLController - INFO - DIAGNOSTIC Step 2520 - Observation stats:
2026-09-24 12:19:26,304 - RLController - INFO -   Hash: 68998743545381594, Min: 0.000000, Max: 1.000000, Mean: 0.415029, Std: 0.452999
2026-09-24 12:19:26,305 - RLController - INFO -   First 10: [1.  0.  0.  0.  0.  0.5 1.  0.  0.  0. ]
2026-09-24 12:19:26,305 - RLController - INFO -   Last 10: [0.         0.2        0.         0.08333334 0.45726496 0.00327826
 0.0691453  0.5641087  0.         0.3       ]
2026-09-24 12:19:26,313 - RLController - INFO - DIAGNOSTIC - Raw model action output:
2026-09-24 12:19:26,313 - RLController - INFO -   Action hash: -6403411922170529480
2026-09-24 12:19:26,314 - RLController - INFO -   First 8 values: [ -7.07439 -10.      -10.      -10.      -10.      -10.      -10.
 -10.     ]
2026-09-24 12:19:26,314 - RLController - INFO -   Last 8 values: [-10.        -10.        -10.        -10.        -10.         -2.7731273
 -10.        -10.       ]
2026-09-24 12:19:26,314 - RLController - INFO -   Action shape: (136,), min: -10.000000, max: 5.305879, mean: -9.240369
2026-09-24 12:19:26,314 - RLController - INFO -   B0 junction (indices 16-19) raw values: [ -9.268001 -10.       -10.       -10.      ]
2026-09-24 12:19:26,314 - RLController - INFO - Using CONTINUOUS DURATION-BASED mode
2026-09-24 12:19:26,315 - RLController - INFO -   Example: junction A0 -> durations [54, 12, 12, 12] (total: 90s)
2026-09-24 12:19:26,315 - RLController - INFO -   Example: junction A1 -> durations [24, 22, 22, 22] (total: 90s)
2026-09-24 12:19:26,315 - RLController - INFO -   Example: junction A2 -> durations [11, 11, 57, 11] (total: 90s)
2026-09-24 12:19:26,315 - RLController - INFO -   Example: junction A4 -> durations [60, 10, 10, 10] (total: 90s)
2026-09-24 12:19:26,315 - RLController - INFO -   Example: junction A5 -> durations [30, 20, 20, 20] (total: 90s)
2026-09-24 12:19:26,315 - RLController - INFO -   Example: junction B0 -> durations [24, 22, 22, 22] (total: 90s)
2026-09-24 12:19:26,315 - RLController - INFO -   Example: junction B1 -> durations [24, 22, 22, 22] (total: 90s)
2026-09-24 12:19:26,316 - RLController - INFO -   Example: junction B2 -> durations [24, 22, 22, 22] (total: 90s)
2026-09-24 12:19:26,316 - RLController - INFO -   Example: junction B4 -> durations [24, 22, 22, 22] (total: 90s)
2026-09-24 12:19:26,316 - RLController - INFO -   Example: junction B5 -> durations [60, 10, 10, 10] (total: 90s)
2026-09-24 12:19:26,316 - RLController - INFO -   Example: junction C0 -> durations [21, 21, 27, 21] (total: 90s)
2026-09-24 12:19:26,316 - RLController - INFO -   Example: junction C1 -> durations [24, 22, 22, 22] (total: 90s)
2026-09-24 12:19:26,316 - RLController - INFO -   Example: junction C2 -> durations [57, 13, 10, 10] (total: 90s)
2026-09-24 12:19:26,316 - RLController - INFO -   Example: junction C3 -> durations [60, 10, 10, 10] (total: 90s)
2026-09-24 12:19:26,316 - RLController - INFO -   Example: junction C4 -> durations [60, 10, 10, 10] (total: 90s)
2026-09-24 12:19:26,317 - RLController - INFO -   Example: junction C5 -> durations [57, 11, 11, 11] (total: 90s)
2026-09-24 12:19:26,317 - RLController - INFO -   Example: junction D0 -> durations [24, 22, 22, 22] (total: 90s)
2026-09-24 12:19:26,317 - RLController - INFO -   Example: junction D1 -> durations [20, 20, 30, 20] (total: 90s)
2026-09-24 12:19:26,317 - RLController - INFO -   Example: junction D2 -> durations [48, 14, 14, 14] (total: 90s)
2026-09-24 12:19:26,317 - RLController - INFO -   Example: junction D3 -> durations [24, 22, 22, 22] (total: 90s)
2026-09-24 12:19:26,317 - RLController - INFO -   Example: junction D4 -> durations [24, 22, 22, 22] (total: 90s)
2026-09-24 12:19:26,317 - RLController - INFO -   Example: junction D5 -> durations [12, 12, 54, 12] (total: 90s)
2026-09-24 12:19:26,318 - RLController - INFO -   Example: junction E0 -> durations [24, 22, 22, 22] (total: 90s)
2026-09-24 12:19:26,318 - RLController - INFO -   Example: junction E1 -> durations [24, 22, 22, 22] (total: 90s)
2026-09-24 12:19:26,318 - RLController - INFO -   Stored schedules for 34 junctions, cycle starts at step 2520
2026-09-24 12:19:29,337 - RLController - INFO - DIAGNOSTIC Step 2610 - Observation stats:
2026-09-24 12:19:29,337 - RLController - INFO -   Hash: -5307913215938359413, Min: 0.000000, Max: 1.000000, Mean: 0.419103, Std: 0.452670
2026-09-24 12:19:29,338 - RLController - INFO -   First 10: [1.  0.  0.  0.  0.  0.5 1.  0.  0.  0. ]
2026-09-24 12:19:29,338 - RLController - INFO -   Last 10: [0.         0.2        0.         0.08333334 0.45299146 0.00304438
 0.06918804 0.56298316 0.         0.3       ]
2026-09-24 12:19:29,342 - RLController - INFO - DIAGNOSTIC - Raw model action output:
2026-09-24 12:19:29,342 - RLController - INFO -   Action hash: -8987518137481557246
2026-09-24 12:19:29,342 - RLController - INFO -   First 8 values: [ -7.4419465 -10.        -10.        -10.        -10.        -10.
 -10.        -10.       ]
2026-09-24 12:19:29,343 - RLController - INFO -   Last 8 values: [-10.        -10.        -10.        -10.        -10.         -2.4890153
 -10.        -10.       ]
2026-09-24 12:19:29,343 - RLController - INFO -   Action shape: (136,), min: -10.000000, max: 4.861598, mean: -9.234318
2026-09-24 12:19:29,343 - RLController - INFO -   B0 junction (indices 16-19) raw values: [ -9.978454 -10.       -10.       -10.      ]
2026-09-24 12:19:29,343 - RLController - INFO - Using CONTINUOUS DURATION-BASED mode
2026-09-24 12:19:29,343 - RLController - INFO -   Example: junction A0 -> durations [51, 13, 13, 13] (total: 90s)
2026-09-24 12:19:29,343 - RLController - INFO -   Example: junction A1 -> durations [24, 22, 22, 22] (total: 90s)
2026-09-24 12:19:29,343 - RLController - INFO -   Example: junction A2 -> durations [11, 11, 57, 11] (total: 90s)
2026-09-24 12:19:29,343 - RLController - INFO -   Example: junction A4 -> durations [60, 10, 10, 10] (total: 90s)
2026-09-24 12:19:29,344 - RLController - INFO -   Example: junction A5 -> durations [24, 22, 22, 22] (total: 90s)
2026-09-24 12:19:29,344 - RLController - INFO -   Example: junction B0 -> durations [24, 22, 22, 22] (total: 90s)
2026-09-24 12:19:29,344 - RLController - INFO -   Example: junction B1 -> durations [24, 22, 22, 22] (total: 90s)
2026-09-24 12:19:29,344 - RLController - INFO -   Example: junction B2 -> durations [24, 22, 22, 22] (total: 90s)
2026-09-24 12:19:29,344 - RLController - INFO -   Example: junction B4 -> durations [24, 22, 22, 22] (total: 90s)
2026-09-24 12:19:29,345 - RLController - INFO -   Example: junction B5 -> durations [60, 10, 10, 10] (total: 90s)
2026-09-24 12:19:29,345 - RLController - INFO -   Example: junction C0 -> durations [21, 21, 27, 21] (total: 90s)
2026-09-24 12:19:29,345 - RLController - INFO -   Example: junction C1 -> durations [24, 22, 22, 22] (total: 90s)
2026-09-24 12:19:29,345 - RLController - INFO -   Example: junction C2 -> durations [57, 13, 10, 10] (total: 90s)
2026-09-24 12:19:29,345 - RLController - INFO -   Example: junction C3 -> durations [60, 10, 10, 10] (total: 90s)
2026-09-24 12:19:29,345 - RLController - INFO -   Example: junction C4 -> durations [60, 10, 10, 10] (total: 90s)
2026-09-24 12:19:29,345 - RLController - INFO -   Example: junction C5 -> durations [57, 11, 11, 11] (total: 90s)
2026-09-24 12:19:29,345 - RLController - INFO -   Example: junction D0 -> durations [24, 22, 22, 22] (total: 90s)
2026-09-24 12:19:29,345 - RLController - INFO -   Example: junction D1 -> durations [20, 20, 30, 20] (total: 90s)
2026-09-24 12:19:29,345 - RLController - INFO -   Example: junction D2 -> durations [51, 13, 13, 13] (total: 90s)
2026-09-24 12:19:29,346 - RLController - INFO -   Example: junction D3 -> durations [24, 22, 22, 22] (total: 90s)
2026-09-24 12:19:29,346 - RLController - INFO -   Example: junction D4 -> durations [24, 22, 22, 22] (total: 90s)
2026-09-24 12:19:29,346 - RLController - INFO -   Example: junction D5 -> durations [13, 13, 51, 13] (total: 90s)
2026-09-24 12:19:29,346 - RLController - INFO -   Example: junction E0 -> durations [24, 22, 22, 22] (total: 90s)
2026-09-24 12:19:29,346 - RLController - INFO -   Example: junction E1 -> durations [24, 22, 22, 22] (total: 90s)
2026-09-24 12:19:29,347 - RLController - INFO -   Stored schedules for 34 junctions, cycle starts at step 2610
2026-09-24 12:19:32,463 - RLController - INFO - DIAGNOSTIC Step 2700 - Observation stats:
2026-09-24 12:19:32,499 - RLController - INFO -   Hash: 2433567309836663098, Min: 0.000000, Max: 1.000000, Mean: 0.419322, Std: 0.452489
2026-09-24 12:19:32,500 - RLController - INFO -   First 10: [1.  0.  0.  0.  0.  0.5 1.  0.  0.  0. ]
2026-09-24 12:19:32,500 - RLController - INFO -   Last 10: [0.         0.2        0.         0.08333334 0.4679487  0.0036588
 0.07021368 0.5594141  0.         0.3       ]
2026-09-24 12:19:32,602 - RLController - INFO - DIAGNOSTIC - Raw model action output:
2026-09-24 12:19:32,602 - RLController - INFO -   Action hash: -7472382950409735099
2026-09-24 12:19:32,603 - RLController - INFO -   First 8 values: [ -7.388164 -10.       -10.       -10.       -10.       -10.
 -10.       -10.      ]
2026-09-24 12:19:32,603 - RLController - INFO -   Last 8 values: [-10.        -10.        -10.        -10.        -10.         -1.6204243
 -10.        -10.       ]
2026-09-24 12:19:32,604 - RLController - INFO -   Action shape: (136,), min: -10.000000, max: 5.053452, mean: -9.228715
2026-09-24 12:19:32,604 - RLController - INFO -   B0 junction (indices 16-19) raw values: [ -9.710526 -10.       -10.       -10.      ]
2026-09-24 12:19:32,605 - RLController - INFO - Using CONTINUOUS DURATION-BASED mode
2026-09-24 12:19:32,605 - RLController - INFO -   Example: junction A0 -> durations [51, 13, 13, 13] (total: 90s)
2026-09-24 12:19:32,605 - RLController - INFO -   Example: junction A1 -> durations [24, 22, 22, 22] (total: 90s)
2026-09-24 12:19:32,605 - RLController - INFO -   Example: junction A2 -> durations [11, 11, 57, 11] (total: 90s)
2026-09-24 12:19:32,606 - RLController - INFO -   Example: junction A4 -> durations [60, 10, 10, 10] (total: 90s)
2026-09-24 12:19:32,606 - RLController - INFO -   Example: junction A5 -> durations [24, 22, 22, 22] (total: 90s)
2026-09-24 12:19:32,606 - RLController - INFO -   Example: junction B0 -> durations [24, 22, 22, 22] (total: 90s)
2026-09-24 12:19:32,607 - RLController - INFO -   Example: junction B1 -> durations [22, 24, 22, 22] (total: 90s)
2026-09-24 12:19:32,607 - RLController - INFO -   Example: junction B2 -> durations [24, 22, 22, 22] (total: 90s)
2026-09-24 12:19:32,607 - RLController - INFO -   Example: junction B4 -> durations [24, 22, 22, 22] (total: 90s)
2026-09-24 12:19:32,608 - RLController - INFO -   Example: junction B5 -> durations [60, 10, 10, 10] (total: 90s)
2026-09-24 12:19:32,608 - RLController - INFO -   Example: junction C0 -> durations [21, 21, 27, 21] (total: 90s)
2026-09-24 12:19:32,608 - RLController - INFO -   Example: junction C1 -> durations [24, 22, 22, 22] (total: 90s)
2026-09-24 12:19:32,608 - RLController - INFO -   Example: junction C2 -> durations [57, 13, 10, 10] (total: 90s)
2026-09-24 12:19:32,609 - RLController - INFO -   Example: junction C3 -> durations [60, 10, 10, 10] (total: 90s)
2026-09-24 12:19:32,609 - RLController - INFO -   Example: junction C4 -> durations [60, 10, 10, 10] (total: 90s)
2026-09-24 12:19:32,609 - RLController - INFO -   Example: junction C5 -> durations [57, 11, 11, 11] (total: 90s)
2026-09-24 12:19:32,609 - RLController - INFO -   Example: junction D0 -> durations [24, 22, 22, 22] (total: 90s)
2026-09-24 12:19:32,609 - RLController - INFO -   Example: junction D1 -> durations [20, 20, 30, 20] (total: 90s)
2026-09-24 12:19:32,610 - RLController - INFO -   Example: junction D2 -> durations [51, 13, 13, 13] (total: 90s)
2026-09-24 12:19:32,610 - RLController - INFO -   Example: junction D3 -> durations [24, 22, 22, 22] (total: 90s)
2026-09-24 12:19:32,610 - RLController - INFO -   Example: junction D4 -> durations [24, 22, 22, 22] (total: 90s)
2026-09-24 12:19:32,610 - RLController - INFO -   Example: junction D5 -> durations [12, 12, 54, 12] (total: 90s)
2026-09-24 12:19:32,610 - RLController - INFO -   Example: junction E0 -> durations [24, 22, 22, 22] (total: 90s)
2026-09-24 12:19:32,611 - RLController - INFO -   Example: junction E1 -> durations [24, 22, 22, 22] (total: 90s)
2026-09-24 12:19:32,612 - RLController - INFO -   Stored schedules for 34 junctions, cycle starts at step 2700
2026-09-24 12:19:35,826 - RLController - INFO - DIAGNOSTIC Step 2790 - Observation stats:
2026-09-24 12:19:35,827 - RLController - INFO -   Hash: -4100875230134909781, Min: 0.000000, Max: 1.000000, Mean: 0.422386, Std: 0.453735
2026-09-24 12:19:35,827 - RLController - INFO -   First 10: [1.  0.  0.  0.  0.  0.5 1.  0.  0.  0. ]
2026-09-24 12:19:35,827 - RLController - INFO -   Last 10: [0.         0.2        0.         0.08333334 0.4679487  0.00331707
 0.07196581 0.5564741  0.         0.3       ]
2026-09-24 12:19:35,831 - RLController - INFO - DIAGNOSTIC - Raw model action output:
2026-09-24 12:19:35,831 - RLController - INFO -   Action hash: 2550053162381148214
2026-09-24 12:19:35,832 - RLController - INFO -   First 8 values: [ -7.390555 -10.       -10.       -10.       -10.       -10.
 -10.       -10.      ]
2026-09-24 12:19:35,832 - RLController - INFO -   Last 8 values: [-10.       -10.       -10.       -10.       -10.        -1.330301
 -10.       -10.      ]
2026-09-24 12:19:35,832 - RLController - INFO -   Action shape: (136,), min: -10.000000, max: 5.048948, mean: -9.240514
2026-09-24 12:19:35,832 - RLController - INFO -   B0 junction (indices 16-19) raw values: [ -9.75003 -10.      -10.      -10.     ]
2026-09-24 12:19:35,832 - RLController - INFO - Using CONTINUOUS DURATION-BASED mode
2026-09-24 12:19:35,832 - RLController - INFO -   Example: junction A0 -> durations [51, 13, 13, 13] (total: 90s)
2026-09-24 12:19:35,833 - RLController - INFO -   Example: junction A1 -> durations [24, 22, 22, 22] (total: 90s)
2026-09-24 12:19:35,833 - RLController - INFO -   Example: junction A2 -> durations [12, 12, 54, 12] (total: 90s)
2026-09-24 12:19:35,833 - RLController - INFO -   Example: junction A4 -> durations [60, 10, 10, 10] (total: 90s)
2026-09-24 12:19:35,833 - RLController - INFO -   Example: junction A5 -> durations [24, 22, 22, 22] (total: 90s)
2026-09-24 12:19:35,833 - RLController - INFO -   Example: junction B0 -> durations [24, 22, 22, 22] (total: 90s)
2026-09-24 12:19:35,833 - RLController - INFO -   Example: junction B1 -> durations [24, 22, 22, 22] (total: 90s)
2026-09-24 12:19:35,833 - RLController - INFO -   Example: junction B2 -> durations [24, 22, 22, 22] (total: 90s)
2026-09-24 12:19:35,833 - RLController - INFO -   Example: junction B4 -> durations [24, 22, 22, 22] (total: 90s)
2026-09-24 12:19:35,834 - RLController - INFO -   Example: junction B5 -> durations [60, 10, 10, 10] (total: 90s)
2026-09-24 12:19:35,834 - RLController - INFO -   Example: junction C0 -> durations [21, 21, 27, 21] (total: 90s)
2026-09-24 12:19:35,834 - RLController - INFO -   Example: junction C1 -> durations [24, 22, 22, 22] (total: 90s)
2026-09-24 12:19:35,834 - RLController - INFO -   Example: junction C2 -> durations [57, 13, 10, 10] (total: 90s)
2026-09-24 12:19:35,834 - RLController - INFO -   Example: junction C3 -> durations [60, 10, 10, 10] (total: 90s)
2026-09-24 12:19:35,834 - RLController - INFO -   Example: junction C4 -> durations [60, 10, 10, 10] (total: 90s)
2026-09-24 12:19:35,834 - RLController - INFO -   Example: junction C5 -> durations [57, 11, 11, 11] (total: 90s)
2026-09-24 12:19:35,834 - RLController - INFO -   Example: junction D0 -> durations [24, 22, 22, 22] (total: 90s)
2026-09-24 12:19:35,835 - RLController - INFO -   Example: junction D1 -> durations [21, 21, 27, 21] (total: 90s)
2026-09-24 12:19:35,835 - RLController - INFO -   Example: junction D2 -> durations [51, 13, 13, 13] (total: 90s)
2026-09-24 12:19:35,835 - RLController - INFO -   Example: junction D3 -> durations [24, 22, 22, 22] (total: 90s)
2026-09-24 12:19:35,835 - RLController - INFO -   Example: junction D4 -> durations [24, 22, 22, 22] (total: 90s)
2026-09-24 12:19:35,835 - RLController - INFO -   Example: junction D5 -> durations [13, 13, 51, 13] (total: 90s)
2026-09-24 12:19:35,835 - RLController - INFO -   Example: junction E0 -> durations [24, 22, 22, 22] (total: 90s)
2026-09-24 12:19:35,835 - RLController - INFO -   Example: junction E1 -> durations [24, 22, 22, 22] (total: 90s)
2026-09-24 12:19:35,836 - RLController - INFO -   Stored schedules for 34 junctions, cycle starts at step 2790
2026-09-24 12:19:38,883 - RLController - INFO - DIAGNOSTIC Step 2880 - Observation stats:
2026-09-24 12:19:38,883 - RLController - INFO -   Hash: 5264037651722768306, Min: 0.000000, Max: 1.000000, Mean: 0.423255, Std: 0.453607
2026-09-24 12:19:38,884 - RLController - INFO -   First 10: [1.  0.  0.  0.  0.  0.5 1.  0.  0.  0. ]
2026-09-24 12:19:38,885 - RLController - INFO -   Last 10: [0.         0.2        0.         0.08333334 0.4636752  0.00338217
 0.07068376 0.5529907  0.         0.3       ]
2026-09-24 12:19:38,890 - RLController - INFO - DIAGNOSTIC - Raw model action output:
2026-09-24 12:19:38,890 - RLController - INFO -   Action hash: 410590480798120337
2026-09-24 12:19:38,891 - RLController - INFO -   First 8 values: [ -7.5199156 -10.        -10.        -10.        -10.        -10.
 -10.        -10.       ]
2026-09-24 12:19:38,891 - RLController - INFO -   Last 8 values: [-10.        -10.        -10.        -10.        -10.         -1.0181768
 -10.        -10.       ]
2026-09-24 12:19:38,891 - RLController - INFO -   Action shape: (136,), min: -10.000000, max: 5.400919, mean: -9.253670
2026-09-24 12:19:38,892 - RLController - INFO -   B0 junction (indices 16-19) raw values: [ -9.673226 -10.       -10.       -10.      ]
2026-09-24 12:19:38,892 - RLController - INFO - Using CONTINUOUS DURATION-BASED mode
2026-09-24 12:19:38,892 - RLController - INFO -   Example: junction A0 -> durations [51, 13, 13, 13] (total: 90s)
2026-09-24 12:19:38,892 - RLController - INFO -   Example: junction A1 -> durations [24, 22, 22, 22] (total: 90s)
2026-09-24 12:19:38,893 - RLController - INFO -   Example: junction A2 -> durations [12, 12, 54, 12] (total: 90s)
2026-09-24 12:19:38,893 - RLController - INFO -   Example: junction A4 -> durations [60, 10, 10, 10] (total: 90s)
2026-09-24 12:19:38,893 - RLController - INFO -   Example: junction A5 -> durations [27, 21, 21, 21] (total: 90s)
2026-09-24 12:19:38,893 - RLController - INFO -   Example: junction B0 -> durations [24, 22, 22, 22] (total: 90s)
2026-09-24 12:19:38,893 - RLController - INFO -   Example: junction B1 -> durations [24, 22, 22, 22] (total: 90s)
2026-09-24 12:19:38,894 - RLController - INFO -   Example: junction B2 -> durations [24, 22, 22, 22] (total: 90s)
2026-09-24 12:19:38,894 - RLController - INFO -   Example: junction B4 -> durations [24, 22, 22, 22] (total: 90s)
2026-09-24 12:19:38,894 - RLController - INFO -   Example: junction B5 -> durations [60, 10, 10, 10] (total: 90s)
2026-09-24 12:19:38,894 - RLController - INFO -   Example: junction C0 -> durations [20, 20, 30, 20] (total: 90s)
2026-09-24 12:19:38,894 - RLController - INFO -   Example: junction C1 -> durations [24, 22, 22, 22] (total: 90s)
2026-09-24 12:19:38,895 - RLController - INFO -   Example: junction C2 -> durations [57, 13, 10, 10] (total: 90s)
2026-09-24 12:19:38,895 - RLController - INFO -   Example: junction C3 -> durations [60, 10, 10, 10] (total: 90s)
2026-09-24 12:19:38,895 - RLController - INFO -   Example: junction C4 -> durations [60, 10, 10, 10] (total: 90s)
2026-09-24 12:19:38,895 - RLController - INFO -   Example: junction C5 -> durations [57, 11, 11, 11] (total: 90s)
2026-09-24 12:19:38,895 - RLController - INFO -   Example: junction D0 -> durations [24, 22, 22, 22] (total: 90s)
2026-09-24 12:19:38,896 - RLController - INFO -   Example: junction D1 -> durations [20, 20, 30, 20] (total: 90s)
2026-09-24 12:19:38,896 - RLController - INFO -   Example: junction D2 -> durations [48, 14, 14, 14] (total: 90s)
2026-09-24 12:19:38,896 - RLController - INFO -   Example: junction D3 -> durations [24, 22, 22, 22] (total: 90s)
2026-09-24 12:19:38,896 - RLController - INFO -   Example: junction D4 -> durations [24, 22, 22, 22] (total: 90s)
2026-09-24 12:19:38,896 - RLController - INFO -   Example: junction D5 -> durations [13, 13, 51, 13] (total: 90s)
2026-09-24 12:19:38,897 - RLController - INFO -   Example: junction E0 -> durations [24, 22, 22, 22] (total: 90s)
2026-09-24 12:19:38,897 - RLController - INFO -   Example: junction E1 -> durations [24, 22, 22, 22] (total: 90s)
2026-09-24 12:19:38,898 - RLController - INFO -   Stored schedules for 34 junctions, cycle starts at step 2880
2026-09-24 12:19:41,798 - RLController - INFO - DIAGNOSTIC Step 2970 - Observation stats:
2026-09-24 12:19:41,798 - RLController - INFO -   Hash: -8281631034205425860, Min: 0.000000, Max: 1.000000, Mean: 0.421739, Std: 0.452728
2026-09-24 12:19:41,798 - RLController - INFO -   First 10: [1.  0.  0.  0.  0.  0.5 1.  0.  0.  0. ]
2026-09-24 12:19:41,799 - RLController - INFO -   Last 10: [0.         0.2        0.         0.08333334 0.4679487  0.00317564
 0.07333333 0.54996765 0.         0.3       ]
2026-09-24 12:19:41,802 - RLController - INFO - DIAGNOSTIC - Raw model action output:
2026-09-24 12:19:41,802 - RLController - INFO -   Action hash: 1198104104515458812
2026-09-24 12:19:41,802 - RLController - INFO -   First 8 values: [ -7.350214 -10.       -10.       -10.       -10.       -10.
 -10.       -10.      ]
2026-09-24 12:19:41,803 - RLController - INFO -   Last 8 values: [-10.        -10.        -10.        -10.        -10.         -2.8279316
 -10.        -10.       ]
2026-09-24 12:19:41,803 - RLController - INFO -   Action shape: (136,), min: -10.000000, max: 4.940769, mean: -9.251212
2026-09-24 12:19:41,803 - RLController - INFO -   B0 junction (indices 16-19) raw values: [ -9.733451 -10.       -10.       -10.      ]
2026-09-24 12:19:41,803 - RLController - INFO - Using CONTINUOUS DURATION-BASED mode
2026-09-24 12:19:41,803 - RLController - INFO -   Example: junction A0 -> durations [51, 13, 13, 13] (total: 90s)
2026-09-24 12:19:41,803 - RLController - INFO -   Example: junction A1 -> durations [24, 22, 22, 22] (total: 90s)
2026-09-24 12:19:41,804 - RLController - INFO -   Example: junction A2 -> durations [13, 13, 51, 13] (total: 90s)
2026-09-24 12:19:41,804 - RLController - INFO -   Example: junction A4 -> durations [60, 10, 10, 10] (total: 90s)
2026-09-24 12:19:41,804 - RLController - INFO -   Example: junction A5 -> durations [24, 22, 22, 22] (total: 90s)
2026-09-24 12:19:41,804 - RLController - INFO -   Example: junction B0 -> durations [24, 22, 22, 22] (total: 90s)
2026-09-24 12:19:41,804 - RLController - INFO -   Example: junction B1 -> durations [24, 22, 22, 22] (total: 90s)
2026-09-24 12:19:41,804 - RLController - INFO -   Example: junction B2 -> durations [24, 22, 22, 22] (total: 90s)
2026-09-24 12:19:41,805 - RLController - INFO -   Example: junction B4 -> durations [24, 22, 22, 22] (total: 90s)
2026-09-24 12:19:41,805 - RLController - INFO -   Example: junction B5 -> durations [60, 10, 10, 10] (total: 90s)
2026-09-24 12:19:41,805 - RLController - INFO -   Example: junction C0 -> durations [19, 19, 33, 19] (total: 90s)
2026-09-24 12:19:41,805 - RLController - INFO -   Example: junction C1 -> durations [24, 22, 22, 22] (total: 90s)
2026-09-24 12:19:41,805 - RLController - INFO -   Example: junction C2 -> durations [55, 15, 10, 10] (total: 90s)
2026-09-24 12:19:41,805 - RLController - INFO -   Example: junction C3 -> durations [60, 10, 10, 10] (total: 90s)
2026-09-24 12:19:41,805 - RLController - INFO -   Example: junction C4 -> durations [60, 10, 10, 10] (total: 90s)
2026-09-24 12:19:41,805 - RLController - INFO -   Example: junction C5 -> durations [57, 11, 11, 11] (total: 90s)
2026-09-24 12:19:41,806 - RLController - INFO -   Example: junction D0 -> durations [24, 22, 22, 22] (total: 90s)
2026-09-24 12:19:41,806 - RLController - INFO -   Example: junction D1 -> durations [20, 20, 30, 20] (total: 90s)
2026-09-24 12:19:41,806 - RLController - INFO -   Example: junction D2 -> durations [48, 14, 14, 14] (total: 90s)
2026-09-24 12:19:41,806 - RLController - INFO -   Example: junction D3 -> durations [24, 22, 22, 22] (total: 90s)
2026-09-24 12:19:41,806 - RLController - INFO -   Example: junction D4 -> durations [24, 22, 22, 22] (total: 90s)
2026-09-24 12:19:41,806 - RLController - INFO -   Example: junction D5 -> durations [13, 13, 51, 13] (total: 90s)
2026-09-24 12:19:41,807 - RLController - INFO -   Example: junction E0 -> durations [24, 22, 22, 22] (total: 90s)
2026-09-24 12:19:41,807 - RLController - INFO -   Example: junction E1 -> durations [24, 22, 22, 22] (total: 90s)
2026-09-24 12:19:41,807 - RLController - INFO -   Stored schedules for 34 junctions, cycle starts at step 2970
2026-09-24 12:19:45,283 - RLController - INFO - DIAGNOSTIC Step 3060 - Observation stats:
2026-09-24 12:19:45,283 - RLController - INFO -   Hash: -8125803943441580537, Min: 0.000000, Max: 1.000000, Mean: 0.428490, Std: 0.455468
2026-09-24 12:19:45,284 - RLController - INFO -   First 10: [1.  0.  0.  0.  0.  0.5 1.  0.  0.  0. ]
2026-09-24 12:19:45,284 - RLController - INFO -   Last 10: [0.         0.2        0.         0.08333334 0.47863248 0.00332483
 0.07572649 0.5429443  0.         0.3       ]
2026-09-24 12:19:45,298 - RLController - INFO - DIAGNOSTIC - Raw model action output:
2026-09-24 12:19:45,298 - RLController - INFO -   Action hash: -5223593808170541704
2026-09-24 12:19:45,298 - RLController - INFO -   First 8 values: [ -7.3305607 -10.        -10.        -10.        -10.        -10.
 -10.        -10.       ]
2026-09-24 12:19:45,298 - RLController - INFO -   Last 8 values: [-10.        -10.        -10.        -10.        -10.         -1.5883667
 -10.        -10.       ]
2026-09-24 12:19:45,298 - RLController - INFO -   Action shape: (136,), min: -10.000000, max: 4.921353, mean: -9.222490
2026-09-24 12:19:45,299 - RLController - INFO -   B0 junction (indices 16-19) raw values: [ -9.786405 -10.       -10.       -10.      ]
2026-09-24 12:19:45,299 - RLController - INFO - Using CONTINUOUS DURATION-BASED mode
2026-09-24 12:19:45,299 - RLController - INFO -   Example: junction A0 -> durations [51, 13, 13, 13] (total: 90s)
2026-09-24 12:19:45,299 - RLController - INFO -   Example: junction A1 -> durations [24, 22, 22, 22] (total: 90s)
2026-09-24 12:19:45,299 - RLController - INFO -   Example: junction A2 -> durations [12, 12, 54, 12] (total: 90s)
2026-09-24 12:19:45,299 - RLController - INFO -   Example: junction A4 -> durations [60, 10, 10, 10] (total: 90s)
2026-09-24 12:19:45,299 - RLController - INFO -   Example: junction A5 -> durations [24, 22, 22, 22] (total: 90s)
2026-09-24 12:19:45,299 - RLController - INFO -   Example: junction B0 -> durations [24, 22, 22, 22] (total: 90s)
2026-09-24 12:19:45,300 - RLController - INFO -   Example: junction B1 -> durations [24, 22, 22, 22] (total: 90s)
2026-09-24 12:19:45,300 - RLController - INFO -   Example: junction B2 -> durations [24, 22, 22, 22] (total: 90s)
2026-09-24 12:19:45,300 - RLController - INFO -   Example: junction B4 -> durations [24, 22, 22, 22] (total: 90s)
2026-09-24 12:19:45,300 - RLController - INFO -   Example: junction B5 -> durations [60, 10, 10, 10] (total: 90s)
2026-09-24 12:19:45,300 - RLController - INFO -   Example: junction C0 -> durations [20, 20, 30, 20] (total: 90s)
2026-09-24 12:19:45,300 - RLController - INFO -   Example: junction C1 -> durations [24, 22, 22, 22] (total: 90s)
2026-09-24 12:19:45,300 - RLController - INFO -   Example: junction C2 -> durations [54, 16, 10, 10] (total: 90s)
2026-09-24 12:19:45,300 - RLController - INFO -   Example: junction C3 -> durations [60, 10, 10, 10] (total: 90s)
2026-09-24 12:19:45,301 - RLController - INFO -   Example: junction C4 -> durations [60, 10, 10, 10] (total: 90s)
2026-09-24 12:19:45,301 - RLController - INFO -   Example: junction C5 -> durations [57, 11, 11, 11] (total: 90s)
2026-09-24 12:19:45,301 - RLController - INFO -   Example: junction D0 -> durations [24, 22, 22, 22] (total: 90s)
2026-09-24 12:19:45,301 - RLController - INFO -   Example: junction D1 -> durations [20, 20, 30, 20] (total: 90s)
2026-09-24 12:19:45,301 - RLController - INFO -   Example: junction D2 -> durations [51, 13, 13, 13] (total: 90s)
2026-09-24 12:19:45,301 - RLController - INFO -   Example: junction D3 -> durations [24, 22, 22, 22] (total: 90s)
2026-09-24 12:19:45,301 - RLController - INFO -   Example: junction D4 -> durations [24, 22, 22, 22] (total: 90s)
2026-09-24 12:19:45,302 - RLController - INFO -   Example: junction D5 -> durations [12, 12, 54, 12] (total: 90s)
2026-09-24 12:19:45,302 - RLController - INFO -   Example: junction E0 -> durations [24, 22, 22, 22] (total: 90s)
2026-09-24 12:19:45,302 - RLController - INFO -   Example: junction E1 -> durations [24, 22, 22, 22] (total: 90s)
2026-09-24 12:19:45,303 - RLController - INFO -   Stored schedules for 34 junctions, cycle starts at step 3060
2026-09-24 12:19:49,287 - RLController - INFO - DIAGNOSTIC Step 3150 - Observation stats:
2026-09-24 12:19:49,288 - RLController - INFO -   Hash: 7146793890949389021, Min: 0.000000, Max: 1.000000, Mean: 0.434959, Std: 0.456159
2026-09-24 12:19:49,288 - RLController - INFO -   First 10: [1.         0.         0.         0.         0.         0.5
 0.         0.         0.99333334 1.        ]
2026-09-24 12:19:49,288 - RLController - INFO -   Last 10: [0.         0.2        0.         0.08333334 0.48931623 0.00303414
 0.07606838 0.5265593  0.         0.3       ]
2026-09-24 12:19:49,293 - RLController - INFO - DIAGNOSTIC - Raw model action output:
2026-09-24 12:19:49,293 - RLController - INFO -   Action hash: -4609986015495664409
2026-09-24 12:19:49,293 - RLController - INFO -   First 8 values: [ -7.7069373 -10.        -10.        -10.        -10.        -10.
 -10.        -10.       ]
2026-09-24 12:19:49,293 - RLController - INFO -   Last 8 values: [-10.      -10.      -10.      -10.      -10.       -1.25647 -10.
 -10.     ]
2026-09-24 12:19:49,294 - RLController - INFO -   Action shape: (136,), min: -10.000000, max: 5.864728, mean: -9.281331
2026-09-24 12:19:49,294 - RLController - INFO -   B0 junction (indices 16-19) raw values: [ -9.968201 -10.       -10.       -10.      ]
2026-09-24 12:19:49,294 - RLController - INFO - Using CONTINUOUS DURATION-BASED mode
2026-09-24 12:19:49,294 - RLController - INFO -   Example: junction A0 -> durations [48, 14, 14, 14] (total: 90s)
2026-09-24 12:19:49,294 - RLController - INFO -   Example: junction A1 -> durations [24, 22, 22, 22] (total: 90s)
2026-09-24 12:19:49,294 - RLController - INFO -   Example: junction A2 -> durations [12, 12, 54, 12] (total: 90s)
2026-09-24 12:19:49,294 - RLController - INFO -   Example: junction A4 -> durations [60, 10, 10, 10] (total: 90s)
2026-09-24 12:19:49,295 - RLController - INFO -   Example: junction A5 -> durations [24, 22, 22, 22] (total: 90s)
2026-09-24 12:19:49,295 - RLController - INFO -   Example: junction B0 -> durations [24, 22, 22, 22] (total: 90s)
2026-09-24 12:19:49,295 - RLController - INFO -   Example: junction B1 -> durations [24, 22, 22, 22] (total: 90s)
2026-09-24 12:19:49,295 - RLController - INFO -   Example: junction B2 -> durations [24, 22, 22, 22] (total: 90s)
2026-09-24 12:19:49,295 - RLController - INFO -   Example: junction B4 -> durations [24, 22, 22, 22] (total: 90s)
2026-09-24 12:19:49,295 - RLController - INFO -   Example: junction B5 -> durations [60, 10, 10, 10] (total: 90s)
2026-09-24 12:19:49,295 - RLController - INFO -   Example: junction C0 -> durations [24, 22, 22, 22] (total: 90s)
2026-09-24 12:19:49,296 - RLController - INFO -   Example: junction C1 -> durations [24, 22, 22, 22] (total: 90s)
2026-09-24 12:19:49,296 - RLController - INFO -   Example: junction C2 -> durations [57, 13, 10, 10] (total: 90s)
2026-09-24 12:19:49,296 - RLController - INFO -   Example: junction C3 -> durations [60, 10, 10, 10] (total: 90s)
2026-09-24 12:19:49,296 - RLController - INFO -   Example: junction C4 -> durations [60, 10, 10, 10] (total: 90s)
2026-09-24 12:19:49,296 - RLController - INFO -   Example: junction C5 -> durations [57, 11, 11, 11] (total: 90s)
2026-09-24 12:19:49,296 - RLController - INFO -   Example: junction D0 -> durations [24, 22, 22, 22] (total: 90s)
2026-09-24 12:19:49,296 - RLController - INFO -   Example: junction D1 -> durations [22, 22, 24, 22] (total: 90s)
2026-09-24 12:19:49,297 - RLController - INFO -   Example: junction D2 -> durations [45, 15, 15, 15] (total: 90s)
2026-09-24 12:19:49,297 - RLController - INFO -   Example: junction D3 -> durations [24, 22, 22, 22] (total: 90s)
2026-09-24 12:19:49,297 - RLController - INFO -   Example: junction D4 -> durations [24, 22, 22, 22] (total: 90s)
2026-09-24 12:19:49,297 - RLController - INFO -   Example: junction D5 -> durations [13, 13, 51, 13] (total: 90s)
2026-09-24 12:19:49,297 - RLController - INFO -   Example: junction E0 -> durations [24, 22, 22, 22] (total: 90s)
2026-09-24 12:19:49,297 - RLController - INFO -   Example: junction E1 -> durations [24, 22, 22, 22] (total: 90s)
2026-09-24 12:19:49,298 - RLController - INFO -   Stored schedules for 34 junctions, cycle starts at step 3150
2026-09-24 12:19:52,164 - RLController - INFO - DIAGNOSTIC Step 3240 - Observation stats:
2026-09-24 12:19:52,164 - RLController - INFO -   Hash: -122803611996518044, Min: 0.000000, Max: 1.000000, Mean: 0.434719, Std: 0.457060
2026-09-24 12:19:52,164 - RLController - INFO -   First 10: [1.  0.  0.  0.  0.  0.5 1.  0.  0.  0. ]
2026-09-24 12:19:52,165 - RLController - INFO -   Last 10: [0.         0.2        0.         0.08333334 0.5        0.00400159
 0.07679487 0.522695   0.         0.3       ]
2026-09-24 12:19:52,169 - RLController - INFO - DIAGNOSTIC - Raw model action output:
2026-09-24 12:19:52,169 - RLController - INFO -   Action hash: 3561773941670501929
2026-09-24 12:19:52,169 - RLController - INFO -   First 8 values: [ -7.347326 -10.       -10.       -10.       -10.       -10.
 -10.       -10.      ]
2026-09-24 12:19:52,170 - RLController - INFO -   Last 8 values: [-10.       -10.       -10.       -10.       -10.        -2.881202
 -10.       -10.      ]
2026-09-24 12:19:52,170 - RLController - INFO -   Action shape: (136,), min: -10.000000, max: 5.104123, mean: -9.269370
2026-09-24 12:19:52,170 - RLController - INFO -   B0 junction (indices 16-19) raw values: [-10. -10. -10. -10.]
2026-09-24 12:19:52,170 - RLController - INFO - Using CONTINUOUS DURATION-BASED mode
2026-09-24 12:19:52,170 - RLController - INFO -   Example: junction A0 -> durations [51, 13, 13, 13] (total: 90s)
2026-09-24 12:19:52,170 - RLController - INFO -   Example: junction A1 -> durations [24, 22, 22, 22] (total: 90s)
2026-09-24 12:19:52,171 - RLController - INFO -   Example: junction A2 -> durations [12, 12, 54, 12] (total: 90s)
2026-09-24 12:19:52,171 - RLController - INFO -   Example: junction A4 -> durations [60, 10, 10, 10] (total: 90s)
2026-09-24 12:19:52,171 - RLController - INFO -   Example: junction A5 -> durations [24, 22, 22, 22] (total: 90s)
2026-09-24 12:19:52,171 - RLController - INFO -   Example: junction B0 -> durations [24, 22, 22, 22] (total: 90s)
2026-09-24 12:19:52,171 - RLController - INFO -   Example: junction B1 -> durations [24, 22, 22, 22] (total: 90s)
2026-09-24 12:19:52,171 - RLController - INFO -   Example: junction B2 -> durations [24, 22, 22, 22] (total: 90s)
2026-09-24 12:19:52,171 - RLController - INFO -   Example: junction B4 -> durations [24, 22, 22, 22] (total: 90s)
2026-09-24 12:19:52,172 - RLController - INFO -   Example: junction B5 -> durations [60, 10, 10, 10] (total: 90s)
2026-09-24 12:19:52,172 - RLController - INFO -   Example: junction C0 -> durations [22, 22, 24, 22] (total: 90s)
2026-09-24 12:19:52,172 - RLController - INFO -   Example: junction C1 -> durations [24, 22, 22, 22] (total: 90s)
2026-09-24 12:19:52,172 - RLController - INFO -   Example: junction C2 -> durations [55, 15, 10, 10] (total: 90s)
2026-09-24 12:19:52,173 - RLController - INFO -   Example: junction C3 -> durations [60, 10, 10, 10] (total: 90s)
2026-09-24 12:19:52,173 - RLController - INFO -   Example: junction C4 -> durations [60, 10, 10, 10] (total: 90s)
2026-09-24 12:19:52,173 - RLController - INFO -   Example: junction C5 -> durations [57, 11, 11, 11] (total: 90s)
2026-09-24 12:19:52,173 - RLController - INFO -   Example: junction D0 -> durations [24, 22, 22, 22] (total: 90s)
2026-09-24 12:19:52,173 - RLController - INFO -   Example: junction D1 -> durations [21, 21, 27, 21] (total: 90s)
2026-09-24 12:19:52,173 - RLController - INFO -   Example: junction D2 -> durations [48, 14, 14, 14] (total: 90s)
2026-09-24 12:19:52,173 - RLController - INFO -   Example: junction D3 -> durations [24, 22, 22, 22] (total: 90s)
2026-09-24 12:19:52,174 - RLController - INFO -   Example: junction D4 -> durations [24, 22, 22, 22] (total: 90s)
2026-09-24 12:19:52,174 - RLController - INFO -   Example: junction D5 -> durations [13, 13, 51, 13] (total: 90s)
2026-09-24 12:19:52,174 - RLController - INFO -   Example: junction E0 -> durations [24, 22, 22, 22] (total: 90s)
2026-09-24 12:19:52,174 - RLController - INFO -   Example: junction E1 -> durations [24, 22, 22, 22] (total: 90s)
2026-09-24 12:19:52,175 - RLController - INFO -   Stored schedules for 34 junctions, cycle starts at step 3240
2026-09-24 12:19:55,137 - RLController - INFO - DIAGNOSTIC Step 3330 - Observation stats:
2026-09-24 12:19:55,138 - RLController - INFO -   Hash: 6602999609927602566, Min: 0.000000, Max: 1.000000, Mean: 0.436318, Std: 0.455945
2026-09-24 12:19:55,139 - RLController - INFO -   First 10: [1.  0.  0.  0.  0.  0.5 1.  0.  0.  0. ]
2026-09-24 12:19:55,139 - RLController - INFO -   Last 10: [0.         0.2        0.         0.08333334 0.50641024 0.00329904
 0.07688034 0.5071393  0.         0.3       ]
2026-09-24 12:19:55,142 - RLController - INFO - DIAGNOSTIC - Raw model action output:
2026-09-24 12:19:55,143 - RLController - INFO -   Action hash: 9090417730572514665
2026-09-24 12:19:55,143 - RLController - INFO -   First 8 values: [ -7.410897 -10.       -10.       -10.       -10.       -10.
 -10.       -10.      ]
2026-09-24 12:19:55,143 - RLController - INFO -   Last 8 values: [-10.       -10.       -10.       -10.       -10.        -2.473092
 -10.       -10.      ]
2026-09-24 12:19:55,143 - RLController - INFO -   Action shape: (136,), min: -10.000000, max: 5.208116, mean: -9.291498
2026-09-24 12:19:55,143 - RLController - INFO -   B0 junction (indices 16-19) raw values: [-10. -10. -10. -10.]
2026-09-24 12:19:55,143 - RLController - INFO - Using CONTINUOUS DURATION-BASED mode
2026-09-24 12:19:55,144 - RLController - INFO -   Example: junction A0 -> durations [51, 13, 13, 13] (total: 90s)
2026-09-24 12:19:55,144 - RLController - INFO -   Example: junction A1 -> durations [24, 22, 22, 22] (total: 90s)
2026-09-24 12:19:55,144 - RLController - INFO -   Example: junction A2 -> durations [12, 12, 54, 12] (total: 90s)
2026-09-24 12:19:55,144 - RLController - INFO -   Example: junction A4 -> durations [60, 10, 10, 10] (total: 90s)
2026-09-24 12:19:55,145 - RLController - INFO -   Example: junction A5 -> durations [24, 22, 22, 22] (total: 90s)
2026-09-24 12:19:55,145 - RLController - INFO -   Example: junction B0 -> durations [24, 22, 22, 22] (total: 90s)
2026-09-24 12:19:55,145 - RLController - INFO -   Example: junction B1 -> durations [24, 22, 22, 22] (total: 90s)
2026-09-24 12:19:55,145 - RLController - INFO -   Example: junction B2 -> durations [24, 22, 22, 22] (total: 90s)
2026-09-24 12:19:55,145 - RLController - INFO -   Example: junction B4 -> durations [24, 22, 22, 22] (total: 90s)
2026-09-24 12:19:55,145 - RLController - INFO -   Example: junction B5 -> durations [60, 10, 10, 10] (total: 90s)
2026-09-24 12:19:55,145 - RLController - INFO -   Example: junction C0 -> durations [22, 22, 24, 22] (total: 90s)
2026-09-24 12:19:55,145 - RLController - INFO -   Example: junction C1 -> durations [24, 22, 22, 22] (total: 90s)
2026-09-24 12:19:55,146 - RLController - INFO -   Example: junction C2 -> durations [57, 13, 10, 10] (total: 90s)
2026-09-24 12:19:55,146 - RLController - INFO -   Example: junction C3 -> durations [60, 10, 10, 10] (total: 90s)
2026-09-24 12:19:55,146 - RLController - INFO -   Example: junction C4 -> durations [57, 11, 11, 11] (total: 90s)
2026-09-24 12:19:55,146 - RLController - INFO -   Example: junction C5 -> durations [57, 11, 11, 11] (total: 90s)
2026-09-24 12:19:55,146 - RLController - INFO -   Example: junction D0 -> durations [24, 22, 22, 22] (total: 90s)
2026-09-24 12:19:55,146 - RLController - INFO -   Example: junction D1 -> durations [21, 21, 27, 21] (total: 90s)
2026-09-24 12:19:55,146 - RLController - INFO -   Example: junction D2 -> durations [42, 16, 16, 16] (total: 90s)
2026-09-24 12:19:55,146 - RLController - INFO -   Example: junction D3 -> durations [24, 22, 22, 22] (total: 90s)
2026-09-24 12:19:55,147 - RLController - INFO -   Example: junction D4 -> durations [24, 22, 22, 22] (total: 90s)
2026-09-24 12:19:55,147 - RLController - INFO -   Example: junction D5 -> durations [13, 13, 51, 13] (total: 90s)
2026-09-24 12:19:55,147 - RLController - INFO -   Example: junction E0 -> durations [24, 22, 22, 22] (total: 90s)
2026-09-24 12:19:55,147 - RLController - INFO -   Example: junction E1 -> durations [24, 22, 22, 22] (total: 90s)
2026-09-24 12:19:55,148 - RLController - INFO -   Stored schedules for 34 junctions, cycle starts at step 3330
2026-09-24 12:19:58,334 - RLController - INFO - DIAGNOSTIC Step 3420 - Observation stats:
2026-09-24 12:19:58,334 - RLController - INFO -   Hash: 387872109725737309, Min: 0.000000, Max: 1.000000, Mean: 0.441132, Std: 0.457198
2026-09-24 12:19:58,334 - RLController - INFO -   First 10: [1.  0.  0.  0.  0.  0.5 1.  0.  0.  0. ]
2026-09-24 12:19:58,334 - RLController - INFO -   Last 10: [0.         0.2        0.         0.08333334 0.517094   0.00303635
 0.07764957 0.4988008  0.         0.3       ]
2026-09-24 12:19:58,338 - RLController - INFO - DIAGNOSTIC - Raw model action output:
2026-09-24 12:19:58,339 - RLController - INFO -   Action hash: -6728017928943838247
2026-09-24 12:19:58,339 - RLController - INFO -   First 8 values: [ -7.382163 -10.       -10.       -10.       -10.       -10.
 -10.       -10.      ]
2026-09-24 12:19:58,339 - RLController - INFO -   Last 8 values: [-10.     -10.     -10.     -10.     -10.      -2.6526 -10.     -10.    ]
2026-09-24 12:19:58,339 - RLController - INFO -   Action shape: (136,), min: -10.000000, max: 4.761577, mean: -9.290706
2026-09-24 12:19:58,340 - RLController - INFO -   B0 junction (indices 16-19) raw values: [-10. -10. -10. -10.]
2026-09-24 12:19:58,340 - RLController - INFO - Using CONTINUOUS DURATION-BASED mode
2026-09-24 12:19:58,340 - RLController - INFO -   Example: junction A0 -> durations [51, 13, 13, 13] (total: 90s)
2026-09-24 12:19:58,340 - RLController - INFO -   Example: junction A1 -> durations [24, 22, 22, 22] (total: 90s)
2026-09-24 12:19:58,340 - RLController - INFO -   Example: junction A2 -> durations [12, 12, 54, 12] (total: 90s)
2026-09-24 12:19:58,340 - RLController - INFO -   Example: junction A4 -> durations [60, 10, 10, 10] (total: 90s)
2026-09-24 12:19:58,340 - RLController - INFO -   Example: junction A5 -> durations [24, 22, 22, 22] (total: 90s)
2026-09-24 12:19:58,341 - RLController - INFO -   Example: junction B0 -> durations [24, 22, 22, 22] (total: 90s)
2026-09-24 12:19:58,341 - RLController - INFO -   Example: junction B1 -> durations [24, 22, 22, 22] (total: 90s)
2026-09-24 12:19:58,341 - RLController - INFO -   Example: junction B2 -> durations [24, 22, 22, 22] (total: 90s)
2026-09-24 12:19:58,341 - RLController - INFO -   Example: junction B4 -> durations [24, 22, 22, 22] (total: 90s)
2026-09-24 12:19:58,341 - RLController - INFO -   Example: junction B5 -> durations [60, 10, 10, 10] (total: 90s)
2026-09-24 12:19:58,341 - RLController - INFO -   Example: junction C0 -> durations [24, 22, 22, 22] (total: 90s)
2026-09-24 12:19:58,341 - RLController - INFO -   Example: junction C1 -> durations [24, 22, 22, 22] (total: 90s)
2026-09-24 12:19:58,341 - RLController - INFO -   Example: junction C2 -> durations [58, 12, 10, 10] (total: 90s)
2026-09-24 12:19:58,342 - RLController - INFO -   Example: junction C3 -> durations [60, 10, 10, 10] (total: 90s)
2026-09-24 12:19:58,342 - RLController - INFO -   Example: junction C4 -> durations [60, 10, 10, 10] (total: 90s)
2026-09-24 12:19:58,342 - RLController - INFO -   Example: junction C5 -> durations [57, 11, 11, 11] (total: 90s)
2026-09-24 12:19:58,342 - RLController - INFO -   Example: junction D0 -> durations [24, 22, 22, 22] (total: 90s)
2026-09-24 12:19:58,342 - RLController - INFO -   Example: junction D1 -> durations [21, 21, 27, 21] (total: 90s)
2026-09-24 12:19:58,342 - RLController - INFO -   Example: junction D2 -> durations [42, 16, 16, 16] (total: 90s)
2026-09-24 12:19:58,342 - RLController - INFO -   Example: junction D3 -> durations [24, 22, 22, 22] (total: 90s)
2026-09-24 12:19:58,342 - RLController - INFO -   Example: junction D4 -> durations [24, 22, 22, 22] (total: 90s)
2026-09-24 12:19:58,343 - RLController - INFO -   Example: junction D5 -> durations [14, 14, 48, 14] (total: 90s)
2026-09-24 12:19:58,343 - RLController - INFO -   Example: junction E0 -> durations [24, 22, 22, 22] (total: 90s)
2026-09-24 12:19:58,343 - RLController - INFO -   Example: junction E1 -> durations [24, 22, 22, 22] (total: 90s)
2026-09-24 12:19:58,343 - RLController - INFO -   Stored schedules for 34 junctions, cycle starts at step 3420
2026-09-24 12:20:01,608 - RLController - INFO - DIAGNOSTIC Step 3510 - Observation stats:
2026-09-24 12:20:01,608 - RLController - INFO -   Hash: 466678890851188370, Min: 0.000000, Max: 1.000000, Mean: 0.427854, Std: 0.455254
2026-09-24 12:20:01,609 - RLController - INFO -   First 10: [1.  0.  0.  0.  0.  0.5 1.  0.  0.  0. ]
2026-09-24 12:20:01,609 - RLController - INFO -   Last 10: [0.         0.2        0.         0.08333334 0.47863248 0.00315751
 0.07722222 0.5381724  0.         0.3       ]
2026-09-24 12:20:01,612 - RLController - INFO - DIAGNOSTIC - Raw model action output:
2026-09-24 12:20:01,612 - RLController - INFO -   Action hash: -9050833535003764808
2026-09-24 12:20:01,613 - RLController - INFO -   First 8 values: [ -7.373145 -10.       -10.       -10.       -10.       -10.
 -10.       -10.      ]
2026-09-24 12:20:01,613 - RLController - INFO -   Last 8 values: [-10.        -10.        -10.        -10.        -10.         -2.9742248
 -10.        -10.       ]
2026-09-24 12:20:01,613 - RLController - INFO -   Action shape: (136,), min: -10.000000, max: 4.343290, mean: -9.282210
2026-09-24 12:20:01,613 - RLController - INFO -   B0 junction (indices 16-19) raw values: [-10. -10. -10. -10.]
2026-09-24 12:20:01,613 - RLController - INFO - Using CONTINUOUS DURATION-BASED mode
2026-09-24 12:20:01,614 - RLController - INFO -   Example: junction A0 -> durations [51, 13, 13, 13] (total: 90s)
2026-09-24 12:20:01,614 - RLController - INFO -   Example: junction A1 -> durations [24, 22, 22, 22] (total: 90s)
2026-09-24 12:20:01,614 - RLController - INFO -   Example: junction A2 -> durations [12, 12, 54, 12] (total: 90s)
2026-09-24 12:20:01,614 - RLController - INFO -   Example: junction A4 -> durations [60, 10, 10, 10] (total: 90s)
2026-09-24 12:20:01,614 - RLController - INFO -   Example: junction A5 -> durations [24, 22, 22, 22] (total: 90s)
2026-09-24 12:20:01,614 - RLController - INFO -   Example: junction B0 -> durations [24, 22, 22, 22] (total: 90s)
2026-09-24 12:20:01,614 - RLController - INFO -   Example: junction B1 -> durations [24, 22, 22, 22] (total: 90s)
2026-09-24 12:20:01,615 - RLController - INFO -   Example: junction B2 -> durations [24, 22, 22, 22] (total: 90s)
2026-09-24 12:20:01,615 - RLController - INFO -   Example: junction B4 -> durations [24, 22, 22, 22] (total: 90s)
2026-09-24 12:20:01,615 - RLController - INFO -   Example: junction B5 -> durations [60, 10, 10, 10] (total: 90s)
2026-09-24 12:20:01,615 - RLController - INFO -   Example: junction C0 -> durations [21, 21, 27, 21] (total: 90s)
2026-09-24 12:20:01,615 - RLController - INFO -   Example: junction C1 -> durations [24, 22, 22, 22] (total: 90s)
2026-09-24 12:20:01,615 - RLController - INFO -   Example: junction C2 -> durations [56, 14, 10, 10] (total: 90s)
2026-09-24 12:20:01,615 - RLController - INFO -   Example: junction C3 -> durations [60, 10, 10, 10] (total: 90s)
2026-09-24 12:20:01,615 - RLController - INFO -   Example: junction C4 -> durations [57, 11, 11, 11] (total: 90s)
2026-09-24 12:20:01,616 - RLController - INFO -   Example: junction C5 -> durations [57, 11, 11, 11] (total: 90s)
2026-09-24 12:20:01,616 - RLController - INFO -   Example: junction D0 -> durations [24, 22, 22, 22] (total: 90s)
2026-09-24 12:20:01,616 - RLController - INFO -   Example: junction D1 -> durations [21, 21, 27, 21] (total: 90s)
2026-09-24 12:20:01,616 - RLController - INFO -   Example: junction D2 -> durations [45, 15, 15, 15] (total: 90s)
2026-09-24 12:20:01,616 - RLController - INFO -   Example: junction D3 -> durations [24, 22, 22, 22] (total: 90s)
2026-09-24 12:20:01,616 - RLController - INFO -   Example: junction D4 -> durations [24, 22, 22, 22] (total: 90s)
2026-09-24 12:20:01,616 - RLController - INFO -   Example: junction D5 -> durations [13, 13, 51, 13] (total: 90s)
2026-09-24 12:20:01,616 - RLController - INFO -   Example: junction E0 -> durations [24, 22, 22, 22] (total: 90s)
2026-09-24 12:20:01,617 - RLController - INFO -   Example: junction E1 -> durations [24, 22, 22, 22] (total: 90s)
2026-09-24 12:20:01,617 - RLController - INFO -   Stored schedules for 34 junctions, cycle starts at step 3510
2026-09-24 12:20:04,729 - RLController - INFO - DIAGNOSTIC Step 3600 - Observation stats:
2026-09-24 12:20:04,730 - RLController - INFO -   Hash: 315731664878793526, Min: 0.000000, Max: 1.000000, Mean: 0.440014, Std: 0.456012
2026-09-24 12:20:04,730 - RLController - INFO -   First 10: [1.  0.  0.  0.  0.  0.5 1.  0.  0.  0. ]
2026-09-24 12:20:04,730 - RLController - INFO -   Last 10: [0.         0.2        0.         0.08333334 0.51495725 0.0040871
 0.07726496 0.51689404 0.         0.3       ]
2026-09-24 12:20:04,737 - RLController - INFO - DIAGNOSTIC - Raw model action output:
2026-09-24 12:20:04,737 - RLController - INFO -   Action hash: -7112508150270081683
2026-09-24 12:20:04,738 - RLController - INFO -   First 8 values: [ -7.35907 -10.      -10.      -10.      -10.      -10.      -10.
 -10.     ]
2026-09-24 12:20:04,738 - RLController - INFO -   Last 8 values: [-10.        -10.        -10.        -10.        -10.         -1.7117565
 -10.        -10.       ]
2026-09-24 12:20:04,738 - RLController - INFO -   Action shape: (136,), min: -10.000000, max: 4.977375, mean: -9.269778
2026-09-24 12:20:04,738 - RLController - INFO -   B0 junction (indices 16-19) raw values: [-10. -10. -10. -10.]
2026-09-24 12:20:04,738 - RLController - INFO - Using CONTINUOUS DURATION-BASED mode
2026-09-24 12:20:04,738 - RLController - INFO -   Example: junction A0 -> durations [51, 13, 13, 13] (total: 90s)
2026-09-24 12:20:04,739 - RLController - INFO -   Example: junction A1 -> durations [24, 22, 22, 22] (total: 90s)
2026-09-24 12:20:04,739 - RLController - INFO -   Example: junction A2 -> durations [13, 13, 51, 13] (total: 90s)
2026-09-24 12:20:04,739 - RLController - INFO -   Example: junction A4 -> durations [60, 10, 10, 10] (total: 90s)
2026-09-24 12:20:04,739 - RLController - INFO -   Example: junction A5 -> durations [24, 22, 22, 22] (total: 90s)
2026-09-24 12:20:04,739 - RLController - INFO -   Example: junction B0 -> durations [24, 22, 22, 22] (total: 90s)
2026-09-24 12:20:04,739 - RLController - INFO -   Example: junction B1 -> durations [24, 22, 22, 22] (total: 90s)
2026-09-24 12:20:04,739 - RLController - INFO -   Example: junction B2 -> durations [24, 22, 22, 22] (total: 90s)
2026-09-24 12:20:04,740 - RLController - INFO -   Example: junction B4 -> durations [24, 22, 22, 22] (total: 90s)
2026-09-24 12:20:04,740 - RLController - INFO -   Example: junction B5 -> durations [60, 10, 10, 10] (total: 90s)
2026-09-24 12:20:04,740 - RLController - INFO -   Example: junction C0 -> durations [21, 21, 27, 21] (total: 90s)
2026-09-24 12:20:04,740 - RLController - INFO -   Example: junction C1 -> durations [24, 22, 22, 22] (total: 90s)
2026-09-24 12:20:04,740 - RLController - INFO -   Example: junction C2 -> durations [56, 14, 10, 10] (total: 90s)
2026-09-24 12:20:04,740 - RLController - INFO -   Example: junction C3 -> durations [60, 10, 10, 10] (total: 90s)
2026-09-24 12:20:04,740 - RLController - INFO -   Example: junction C4 -> durations [57, 11, 11, 11] (total: 90s)
2026-09-24 12:20:04,740 - RLController - INFO -   Example: junction C5 -> durations [57, 11, 11, 11] (total: 90s)
2026-09-24 12:20:04,741 - RLController - INFO -   Example: junction D0 -> durations [24, 22, 22, 22] (total: 90s)
2026-09-24 12:20:04,741 - RLController - INFO -   Example: junction D1 -> durations [21, 21, 27, 21] (total: 90s)
2026-09-24 12:20:04,741 - RLController - INFO -   Example: junction D2 -> durations [45, 15, 15, 15] (total: 90s)
2026-09-24 12:20:04,741 - RLController - INFO -   Example: junction D3 -> durations [24, 22, 22, 22] (total: 90s)
2026-09-24 12:20:04,741 - RLController - INFO -   Example: junction D4 -> durations [24, 22, 22, 22] (total: 90s)
2026-09-24 12:20:04,741 - RLController - INFO -   Example: junction D5 -> durations [13, 13, 51, 13] (total: 90s)
2026-09-24 12:20:04,741 - RLController - INFO -   Example: junction E0 -> durations [24, 22, 22, 22] (total: 90s)
2026-09-24 12:20:04,741 - RLController - INFO -   Example: junction E1 -> durations [24, 22, 22, 22] (total: 90s)
2026-09-24 12:20:04,742 - RLController - INFO -   Stored schedules for 34 junctions, cycle starts at step 3600
2026-09-24 12:20:08,225 - RLController - INFO - DIAGNOSTIC Step 3690 - Observation stats:
2026-09-24 12:20:08,225 - RLController - INFO -   Hash: 656916153223186925, Min: 0.000000, Max: 1.000057, Mean: 0.433012, Std: 0.456314
2026-09-24 12:20:08,225 - RLController - INFO -   First 10: [1.  0.  0.  0.  0.  0.5 1.  0.  0.  0. ]
2026-09-24 12:20:08,226 - RLController - INFO -   Last 10: [0.         0.2        0.         0.08333334 0.48931623 0.00331838
 0.0758547  0.5296431  0.         0.3       ]
2026-09-24 12:20:08,233 - RLController - INFO - DIAGNOSTIC - Raw model action output:
2026-09-24 12:20:08,233 - RLController - INFO -   Action hash: -6479218093659899587
2026-09-24 12:20:08,234 - RLController - INFO -   First 8 values: [ -7.5469317 -10.        -10.        -10.        -10.        -10.
 -10.        -10.       ]
2026-09-24 12:20:08,234 - RLController - INFO -   Last 8 values: [-10.        -10.        -10.        -10.        -10.         -2.5935519
 -10.        -10.       ]
2026-09-24 12:20:08,234 - RLController - INFO -   Action shape: (136,), min: -10.000000, max: 5.272220, mean: -9.265635
2026-09-24 12:20:08,234 - RLController - INFO -   B0 junction (indices 16-19) raw values: [-10. -10. -10. -10.]
2026-09-24 12:20:08,234 - RLController - INFO - Using CONTINUOUS DURATION-BASED mode
2026-09-24 12:20:08,235 - RLController - INFO -   Example: junction A0 -> durations [51, 13, 13, 13] (total: 90s)
2026-09-24 12:20:08,235 - RLController - INFO -   Example: junction A1 -> durations [24, 22, 22, 22] (total: 90s)
2026-09-24 12:20:08,235 - RLController - INFO -   Example: junction A2 -> durations [13, 13, 51, 13] (total: 90s)
2026-09-24 12:20:08,235 - RLController - INFO -   Example: junction A4 -> durations [60, 10, 10, 10] (total: 90s)
2026-09-24 12:20:08,235 - RLController - INFO -   Example: junction A5 -> durations [24, 22, 22, 22] (total: 90s)
2026-09-24 12:20:08,236 - RLController - INFO -   Example: junction B0 -> durations [24, 22, 22, 22] (total: 90s)
2026-09-24 12:20:08,236 - RLController - INFO -   Example: junction B1 -> durations [24, 22, 22, 22] (total: 90s)
2026-09-24 12:20:08,236 - RLController - INFO -   Example: junction B2 -> durations [24, 22, 22, 22] (total: 90s)
2026-09-24 12:20:08,236 - RLController - INFO -   Example: junction B4 -> durations [24, 22, 22, 22] (total: 90s)
2026-09-24 12:20:08,236 - RLController - INFO -   Example: junction B5 -> durations [60, 10, 10, 10] (total: 90s)
2026-09-24 12:20:08,236 - RLController - INFO -   Example: junction C0 -> durations [22, 22, 24, 22] (total: 90s)
2026-09-24 12:20:08,236 - RLController - INFO -   Example: junction C1 -> durations [24, 22, 22, 22] (total: 90s)
2026-09-24 12:20:08,236 - RLController - INFO -   Example: junction C2 -> durations [56, 14, 10, 10] (total: 90s)
2026-09-24 12:20:08,236 - RLController - INFO -   Example: junction C3 -> durations [60, 10, 10, 10] (total: 90s)
2026-09-24 12:20:08,237 - RLController - INFO -   Example: junction C4 -> durations [57, 11, 11, 11] (total: 90s)
2026-09-24 12:20:08,237 - RLController - INFO -   Example: junction C5 -> durations [57, 11, 11, 11] (total: 90s)
2026-09-24 12:20:08,237 - RLController - INFO -   Example: junction D0 -> durations [24, 22, 22, 22] (total: 90s)
2026-09-24 12:20:08,237 - RLController - INFO -   Example: junction D1 -> durations [21, 21, 27, 21] (total: 90s)
2026-09-24 12:20:08,237 - RLController - INFO -   Example: junction D2 -> durations [45, 15, 15, 15] (total: 90s)
2026-09-24 12:20:08,237 - RLController - INFO -   Example: junction D3 -> durations [24, 22, 22, 22] (total: 90s)
2026-09-24 12:20:08,237 - RLController - INFO -   Example: junction D4 -> durations [24, 22, 22, 22] (total: 90s)
2026-09-24 12:20:08,237 - RLController - INFO -   Example: junction D5 -> durations [13, 13, 51, 13] (total: 90s)
2026-09-24 12:20:08,238 - RLController - INFO -   Example: junction E0 -> durations [24, 22, 22, 22] (total: 90s)
2026-09-24 12:20:08,238 - RLController - INFO -   Example: junction E1 -> durations [24, 22, 22, 22] (total: 90s)
2026-09-24 12:20:08,238 - RLController - INFO -   Stored schedules for 34 junctions, cycle starts at step 3690
2026-09-24 12:20:11,721 - RLController - INFO - DIAGNOSTIC Step 3780 - Observation stats:
2026-09-24 12:20:11,722 - RLController - INFO -   Hash: 1080855896420130880, Min: 0.000000, Max: 1.000000, Mean: 0.431273, Std: 0.455079
2026-09-24 12:20:11,723 - RLController - INFO -   First 10: [1.         0.         0.         0.         0.         0.5
 0.         0.         0.99333334 1.        ]
2026-09-24 12:20:11,723 - RLController - INFO -   Last 10: [0.         0.2        0.         0.08333334 0.46581197 0.00303903
 0.07606838 0.5517335  0.         0.3       ]
2026-09-24 12:20:11,728 - RLController - INFO - DIAGNOSTIC - Raw model action output:
2026-09-24 12:20:11,728 - RLController - INFO -   Action hash: -8565716748756312735
2026-09-24 12:20:11,729 - RLController - INFO -   First 8 values: [ -7.233076 -10.       -10.       -10.       -10.       -10.
 -10.       -10.      ]
2026-09-24 12:20:11,729 - RLController - INFO -   Last 8 values: [-10.        -10.        -10.        -10.        -10.         -3.9354026
 -10.        -10.       ]
2026-09-24 12:20:11,729 - RLController - INFO -   Action shape: (136,), min: -10.000000, max: 5.482317, mean: -9.275887
2026-09-24 12:20:11,729 - RLController - INFO -   B0 junction (indices 16-19) raw values: [-10. -10. -10. -10.]
2026-09-24 12:20:11,729 - RLController - INFO - Using CONTINUOUS DURATION-BASED mode
2026-09-24 12:20:11,730 - RLController - INFO -   Example: junction A0 -> durations [51, 13, 13, 13] (total: 90s)
2026-09-24 12:20:11,730 - RLController - INFO -   Example: junction A1 -> durations [24, 22, 22, 22] (total: 90s)
2026-09-24 12:20:11,730 - RLController - INFO -   Example: junction A2 -> durations [13, 13, 51, 13] (total: 90s)
2026-09-24 12:20:11,730 - RLController - INFO -   Example: junction A4 -> durations [60, 10, 10, 10] (total: 90s)
2026-09-24 12:20:11,730 - RLController - INFO -   Example: junction A5 -> durations [24, 22, 22, 22] (total: 90s)
2026-09-24 12:20:11,730 - RLController - INFO -   Example: junction B0 -> durations [24, 22, 22, 22] (total: 90s)
2026-09-24 12:20:11,731 - RLController - INFO -   Example: junction B1 -> durations [24, 22, 22, 22] (total: 90s)
2026-09-24 12:20:11,731 - RLController - INFO -   Example: junction B2 -> durations [24, 22, 22, 22] (total: 90s)
2026-09-24 12:20:11,731 - RLController - INFO -   Example: junction B4 -> durations [24, 22, 22, 22] (total: 90s)
2026-09-24 12:20:11,731 - RLController - INFO -   Example: junction B5 -> durations [60, 10, 10, 10] (total: 90s)
2026-09-24 12:20:11,731 - RLController - INFO -   Example: junction C0 -> durations [21, 21, 27, 21] (total: 90s)
2026-09-24 12:20:11,731 - RLController - INFO -   Example: junction C1 -> durations [24, 22, 22, 22] (total: 90s)
2026-09-24 12:20:11,731 - RLController - INFO -   Example: junction C2 -> durations [57, 13, 10, 10] (total: 90s)
2026-09-24 12:20:11,731 - RLController - INFO -   Example: junction C3 -> durations [60, 10, 10, 10] (total: 90s)
2026-09-24 12:20:11,732 - RLController - INFO -   Example: junction C4 -> durations [57, 11, 11, 11] (total: 90s)
2026-09-24 12:20:11,732 - RLController - INFO -   Example: junction C5 -> durations [57, 11, 11, 11] (total: 90s)
2026-09-24 12:20:11,732 - RLController - INFO -   Example: junction D0 -> durations [24, 22, 22, 22] (total: 90s)
2026-09-24 12:20:11,732 - RLController - INFO -   Example: junction D1 -> durations [20, 20, 30, 20] (total: 90s)
2026-09-24 12:20:11,732 - RLController - INFO -   Example: junction D2 -> durations [45, 15, 15, 15] (total: 90s)
2026-09-24 12:20:11,732 - RLController - INFO -   Example: junction D3 -> durations [24, 22, 22, 22] (total: 90s)
2026-09-24 12:20:11,732 - RLController - INFO -   Example: junction D4 -> durations [24, 22, 22, 22] (total: 90s)
2026-09-24 12:20:11,732 - RLController - INFO -   Example: junction D5 -> durations [13, 13, 51, 13] (total: 90s)
2026-09-24 12:20:11,732 - RLController - INFO -   Example: junction E0 -> durations [24, 22, 22, 22] (total: 90s)
2026-09-24 12:20:11,733 - RLController - INFO -   Example: junction E1 -> durations [24, 22, 22, 22] (total: 90s)
2026-09-24 12:20:11,733 - RLController - INFO -   Stored schedules for 34 junctions, cycle starts at step 3780
2026-09-24 12:20:16,115 - RLController - INFO - DIAGNOSTIC Step 3870 - Observation stats:
2026-09-24 12:20:16,115 - RLController - INFO -   Hash: 7275549299261792785, Min: 0.000000, Max: 1.000000, Mean: 0.434051, Std: 0.456702
2026-09-24 12:20:16,115 - RLController - INFO -   First 10: [1.         0.         0.         0.         0.         0.5
 0.         1.         0.99333334 1.        ]
2026-09-24 12:20:16,115 - RLController - INFO -   Last 10: [0.         0.2        0.         0.08333334 0.48290598 0.00354243
 0.07444444 0.5459181  0.         0.3       ]
2026-09-24 12:20:16,121 - RLController - INFO - DIAGNOSTIC - Raw model action output:
2026-09-24 12:20:16,121 - RLController - INFO -   Action hash: 7526438837585014525
2026-09-24 12:20:16,121 - RLController - INFO -   First 8 values: [ -7.4016967 -10.        -10.        -10.        -10.        -10.
 -10.        -10.       ]
2026-09-24 12:20:16,121 - RLController - INFO -   Last 8 values: [-10.        -10.        -10.        -10.        -10.         -3.1948392
 -10.        -10.       ]
2026-09-24 12:20:16,122 - RLController - INFO -   Action shape: (136,), min: -10.000000, max: 4.968577, mean: -9.303567
2026-09-24 12:20:16,122 - RLController - INFO -   B0 junction (indices 16-19) raw values: [-10. -10. -10. -10.]
2026-09-24 12:20:16,122 - RLController - INFO - Using CONTINUOUS DURATION-BASED mode
2026-09-24 12:20:16,122 - RLController - INFO -   Example: junction A0 -> durations [51, 13, 13, 13] (total: 90s)
2026-09-24 12:20:16,122 - RLController - INFO -   Example: junction A1 -> durations [24, 22, 22, 22] (total: 90s)
2026-09-24 12:20:16,122 - RLController - INFO -   Example: junction A2 -> durations [13, 13, 51, 13] (total: 90s)
2026-09-24 12:20:16,122 - RLController - INFO -   Example: junction A4 -> durations [60, 10, 10, 10] (total: 90s)
2026-09-24 12:20:16,122 - RLController - INFO -   Example: junction A5 -> durations [24, 22, 22, 22] (total: 90s)
2026-09-24 12:20:16,123 - RLController - INFO -   Example: junction B0 -> durations [24, 22, 22, 22] (total: 90s)
2026-09-24 12:20:16,123 - RLController - INFO -   Example: junction B1 -> durations [24, 22, 22, 22] (total: 90s)
2026-09-24 12:20:16,123 - RLController - INFO -   Example: junction B2 -> durations [24, 22, 22, 22] (total: 90s)
2026-09-24 12:20:16,123 - RLController - INFO -   Example: junction B4 -> durations [24, 22, 22, 22] (total: 90s)
2026-09-24 12:20:16,123 - RLController - INFO -   Example: junction B5 -> durations [60, 10, 10, 10] (total: 90s)
2026-09-24 12:20:16,123 - RLController - INFO -   Example: junction C0 -> durations [21, 21, 27, 21] (total: 90s)
2026-09-24 12:20:16,123 - RLController - INFO -   Example: junction C1 -> durations [24, 22, 22, 22] (total: 90s)
2026-09-24 12:20:16,123 - RLController - INFO -   Example: junction C2 -> durations [57, 13, 10, 10] (total: 90s)
2026-09-24 12:20:16,124 - RLController - INFO -   Example: junction C3 -> durations [60, 10, 10, 10] (total: 90s)
2026-09-24 12:20:16,124 - RLController - INFO -   Example: junction C4 -> durations [57, 11, 11, 11] (total: 90s)
2026-09-24 12:20:16,124 - RLController - INFO -   Example: junction C5 -> durations [57, 11, 11, 11] (total: 90s)
2026-09-24 12:20:16,124 - RLController - INFO -   Example: junction D0 -> durations [24, 22, 22, 22] (total: 90s)
2026-09-24 12:20:16,125 - RLController - INFO -   Example: junction D1 -> durations [21, 21, 27, 21] (total: 90s)
2026-09-24 12:20:16,125 - RLController - INFO -   Example: junction D2 -> durations [45, 15, 15, 15] (total: 90s)
2026-09-24 12:20:16,125 - RLController - INFO -   Example: junction D3 -> durations [24, 22, 22, 22] (total: 90s)
2026-09-24 12:20:16,125 - RLController - INFO -   Example: junction D4 -> durations [24, 22, 22, 22] (total: 90s)
2026-09-24 12:20:16,125 - RLController - INFO -   Example: junction D5 -> durations [13, 13, 51, 13] (total: 90s)
2026-09-24 12:20:16,125 - RLController - INFO -   Example: junction E0 -> durations [24, 22, 22, 22] (total: 90s)
2026-09-24 12:20:16,125 - RLController - INFO -   Example: junction E1 -> durations [24, 22, 22, 22] (total: 90s)
2026-09-24 12:20:16,126 - RLController - INFO -   Stored schedules for 34 junctions, cycle starts at step 3870
2026-09-24 12:20:19,218 - RLController - INFO - DIAGNOSTIC Step 3960 - Observation stats:
2026-09-24 12:20:19,219 - RLController - INFO -   Hash: -1848449925673957396, Min: 0.000000, Max: 1.000000, Mean: 0.435694, Std: 0.455909
2026-09-24 12:20:19,220 - RLController - INFO -   First 10: [1.         0.         0.         0.         0.         0.5
 0.         1.         0.99333334 1.        ]
2026-09-24 12:20:19,220 - RLController - INFO -   Last 10: [0.         0.2        0.         0.08333334 0.48504272 0.00348397
 0.07534188 0.53990495 0.         0.3       ]
2026-09-24 12:20:19,225 - RLController - INFO - DIAGNOSTIC - Raw model action output:
2026-09-24 12:20:19,225 - RLController - INFO -   Action hash: -8752942566225244568
2026-09-24 12:20:19,226 - RLController - INFO -   First 8 values: [ -7.2799234 -10.        -10.        -10.        -10.        -10.
 -10.        -10.       ]
2026-09-24 12:20:19,226 - RLController - INFO -   Last 8 values: [-10.        -10.        -10.        -10.        -10.         -1.7012103
 -10.        -10.       ]
2026-09-24 12:20:19,226 - RLController - INFO -   Action shape: (136,), min: -10.000000, max: 5.171045, mean: -9.295835
2026-09-24 12:20:19,226 - RLController - INFO -   B0 junction (indices 16-19) raw values: [-10. -10. -10. -10.]
2026-09-24 12:20:19,226 - RLController - INFO - Using CONTINUOUS DURATION-BASED mode
2026-09-24 12:20:19,227 - RLController - INFO -   Example: junction A0 -> durations [51, 13, 13, 13] (total: 90s)
2026-09-24 12:20:19,227 - RLController - INFO -   Example: junction A1 -> durations [24, 22, 22, 22] (total: 90s)
2026-09-24 12:20:19,227 - RLController - INFO -   Example: junction A2 -> durations [11, 11, 57, 11] (total: 90s)
2026-09-24 12:20:19,227 - RLController - INFO -   Example: junction A4 -> durations [60, 10, 10, 10] (total: 90s)
2026-09-24 12:20:19,227 - RLController - INFO -   Example: junction A5 -> durations [24, 22, 22, 22] (total: 90s)
2026-09-24 12:20:19,227 - RLController - INFO -   Example: junction B0 -> durations [24, 22, 22, 22] (total: 90s)
2026-09-24 12:20:19,227 - RLController - INFO -   Example: junction B1 -> durations [24, 22, 22, 22] (total: 90s)
2026-09-24 12:20:19,228 - RLController - INFO -   Example: junction B2 -> durations [24, 22, 22, 22] (total: 90s)
2026-09-24 12:20:19,228 - RLController - INFO -   Example: junction B4 -> durations [24, 22, 22, 22] (total: 90s)
2026-09-24 12:20:19,228 - RLController - INFO -   Example: junction B5 -> durations [60, 10, 10, 10] (total: 90s)
2026-09-24 12:20:19,228 - RLController - INFO -   Example: junction C0 -> durations [22, 22, 24, 22] (total: 90s)
2026-09-24 12:20:19,228 - RLController - INFO -   Example: junction C1 -> durations [24, 22, 22, 22] (total: 90s)
2026-09-24 12:20:19,228 - RLController - INFO -   Example: junction C2 -> durations [58, 12, 10, 10] (total: 90s)
2026-09-24 12:20:19,228 - RLController - INFO -   Example: junction C3 -> durations [60, 10, 10, 10] (total: 90s)
2026-09-24 12:20:19,228 - RLController - INFO -   Example: junction C4 -> durations [57, 11, 11, 11] (total: 90s)
2026-09-24 12:20:19,229 - RLController - INFO -   Example: junction C5 -> durations [57, 11, 11, 11] (total: 90s)
2026-09-24 12:20:19,229 - RLController - INFO -   Example: junction D0 -> durations [24, 22, 22, 22] (total: 90s)
2026-09-24 12:20:19,229 - RLController - INFO -   Example: junction D1 -> durations [21, 21, 27, 21] (total: 90s)
2026-09-24 12:20:19,229 - RLController - INFO -   Example: junction D2 -> durations [45, 15, 15, 15] (total: 90s)
2026-09-24 12:20:19,229 - RLController - INFO -   Example: junction D3 -> durations [24, 22, 22, 22] (total: 90s)
2026-09-24 12:20:19,229 - RLController - INFO -   Example: junction D4 -> durations [24, 22, 22, 22] (total: 90s)
2026-09-24 12:20:19,229 - RLController - INFO -   Example: junction D5 -> durations [13, 13, 51, 13] (total: 90s)
2026-09-24 12:20:19,229 - RLController - INFO -   Example: junction E0 -> durations [24, 22, 22, 22] (total: 90s)
2026-09-24 12:20:19,230 - RLController - INFO -   Example: junction E1 -> durations [24, 22, 22, 22] (total: 90s)
2026-09-24 12:20:19,230 - RLController - INFO -   Stored schedules for 34 junctions, cycle starts at step 3960
2026-09-24 12:20:22,565 - RLController - INFO - DIAGNOSTIC Step 4050 - Observation stats:
2026-09-24 12:20:22,565 - RLController - INFO -   Hash: -5166987906215054046, Min: 0.000000, Max: 1.000000, Mean: 0.430966, Std: 0.454780
2026-09-24 12:20:22,566 - RLController - INFO -   First 10: [1.  0.  0.  0.  0.  0.5 1.  0.  0.  0. ]
2026-09-24 12:20:22,566 - RLController - INFO -   Last 10: [0.         0.2        0.         0.08333334 0.47008547 0.00337449
 0.07457265 0.551887   0.         0.3       ]
2026-09-24 12:20:22,571 - RLController - INFO - DIAGNOSTIC - Raw model action output:
2026-09-24 12:20:22,571 - RLController - INFO -   Action hash: 5129401193061613460
2026-09-24 12:20:22,571 - RLController - INFO -   First 8 values: [ -7.439338 -10.       -10.       -10.       -10.       -10.
 -10.       -10.      ]
2026-09-24 12:20:22,572 - RLController - INFO -   Last 8 values: [-10.        -10.        -10.        -10.        -10.         -1.6674407
 -10.        -10.       ]
2026-09-24 12:20:22,572 - RLController - INFO -   Action shape: (136,), min: -10.000000, max: 5.459960, mean: -9.271094
2026-09-24 12:20:22,572 - RLController - INFO -   B0 junction (indices 16-19) raw values: [-10. -10. -10. -10.]
2026-09-24 12:20:22,572 - RLController - INFO - Using CONTINUOUS DURATION-BASED mode
2026-09-24 12:20:22,572 - RLController - INFO -   Example: junction A0 -> durations [51, 13, 13, 13] (total: 90s)
2026-09-24 12:20:22,572 - RLController - INFO -   Example: junction A1 -> durations [24, 22, 22, 22] (total: 90s)
2026-09-24 12:20:22,573 - RLController - INFO -   Example: junction A2 -> durations [13, 13, 51, 13] (total: 90s)
2026-09-24 12:20:22,573 - RLController - INFO -   Example: junction A4 -> durations [60, 10, 10, 10] (total: 90s)
2026-09-24 12:20:22,573 - RLController - INFO -   Example: junction A5 -> durations [24, 22, 22, 22] (total: 90s)
2026-09-24 12:20:22,573 - RLController - INFO -   Example: junction B0 -> durations [24, 22, 22, 22] (total: 90s)
2026-09-24 12:20:22,573 - RLController - INFO -   Example: junction B1 -> durations [24, 22, 22, 22] (total: 90s)
2026-09-24 12:20:22,573 - RLController - INFO -   Example: junction B2 -> durations [24, 22, 22, 22] (total: 90s)
2026-09-24 12:20:22,573 - RLController - INFO -   Example: junction B4 -> durations [24, 22, 22, 22] (total: 90s)
2026-09-24 12:20:22,573 - RLController - INFO -   Example: junction B5 -> durations [60, 10, 10, 10] (total: 90s)
2026-09-24 12:20:22,574 - RLController - INFO -   Example: junction C0 -> durations [20, 20, 30, 20] (total: 90s)
2026-09-24 12:20:22,574 - RLController - INFO -   Example: junction C1 -> durations [24, 22, 22, 22] (total: 90s)
2026-09-24 12:20:22,574 - RLController - INFO -   Example: junction C2 -> durations [56, 14, 10, 10] (total: 90s)
2026-09-24 12:20:22,574 - RLController - INFO -   Example: junction C3 -> durations [60, 10, 10, 10] (total: 90s)
2026-09-24 12:20:22,574 - RLController - INFO -   Example: junction C4 -> durations [57, 11, 11, 11] (total: 90s)
2026-09-24 12:20:22,574 - RLController - INFO -   Example: junction C5 -> durations [57, 11, 11, 11] (total: 90s)
2026-09-24 12:20:22,574 - RLController - INFO -   Example: junction D0 -> durations [24, 22, 22, 22] (total: 90s)
2026-09-24 12:20:22,574 - RLController - INFO -   Example: junction D1 -> durations [20, 20, 30, 20] (total: 90s)
2026-09-24 12:20:22,575 - RLController - INFO -   Example: junction D2 -> durations [48, 14, 14, 14] (total: 90s)
2026-09-24 12:20:22,575 - RLController - INFO -   Example: junction D3 -> durations [24, 22, 22, 22] (total: 90s)
2026-09-24 12:20:22,575 - RLController - INFO -   Example: junction D4 -> durations [24, 22, 22, 22] (total: 90s)
2026-09-24 12:20:22,575 - RLController - INFO -   Example: junction D5 -> durations [13, 13, 51, 13] (total: 90s)
2026-09-24 12:20:22,575 - RLController - INFO -   Example: junction E0 -> durations [24, 22, 22, 22] (total: 90s)
2026-09-24 12:20:22,575 - RLController - INFO -   Example: junction E1 -> durations [24, 22, 22, 22] (total: 90s)
2026-09-24 12:20:22,576 - RLController - INFO -   Stored schedules for 34 junctions, cycle starts at step 4050
2026-09-24 12:20:26,700 - RLController - INFO - DIAGNOSTIC Step 4140 - Observation stats:
2026-09-24 12:20:26,700 - RLController - INFO -   Hash: 745817243126606090, Min: 0.000000, Max: 1.000000, Mean: 0.431032, Std: 0.455289
2026-09-24 12:20:26,701 - RLController - INFO -   First 10: [1.  0.  0.  0.  0.  0.5 1.  0.  0.  0. ]
2026-09-24 12:20:26,701 - RLController - INFO -   Last 10: [0.         0.2        0.         0.08333334 0.4764957  0.00314361
 0.07628205 0.54556763 0.         0.3       ]
2026-09-24 12:20:26,711 - RLController - INFO - DIAGNOSTIC - Raw model action output:
2026-09-24 12:20:26,711 - RLController - INFO -   Action hash: 3740599249243396824
2026-09-24 12:20:26,711 - RLController - INFO -   First 8 values: [ -7.520277 -10.       -10.       -10.       -10.       -10.
 -10.       -10.      ]
2026-09-24 12:20:26,712 - RLController - INFO -   Last 8 values: [-10.        -10.        -10.        -10.        -10.         -1.7995641
 -10.        -10.       ]
2026-09-24 12:20:26,712 - RLController - INFO -   Action shape: (136,), min: -10.000000, max: 5.349220, mean: -9.270850
2026-09-24 12:20:26,712 - RLController - INFO -   B0 junction (indices 16-19) raw values: [ -9.839774 -10.       -10.       -10.      ]
2026-09-24 12:20:26,712 - RLController - INFO - Using CONTINUOUS DURATION-BASED mode
2026-09-24 12:20:26,712 - RLController - INFO -   Example: junction A0 -> durations [51, 13, 13, 13] (total: 90s)
2026-09-24 12:20:26,712 - RLController - INFO -   Example: junction A1 -> durations [24, 22, 22, 22] (total: 90s)
2026-09-24 12:20:26,713 - RLController - INFO -   Example: junction A2 -> durations [12, 12, 54, 12] (total: 90s)
2026-09-24 12:20:26,713 - RLController - INFO -   Example: junction A4 -> durations [60, 10, 10, 10] (total: 90s)
2026-09-24 12:20:26,713 - RLController - INFO -   Example: junction A5 -> durations [24, 22, 22, 22] (total: 90s)
2026-09-24 12:20:26,713 - RLController - INFO -   Example: junction B0 -> durations [24, 22, 22, 22] (total: 90s)
2026-09-24 12:20:26,713 - RLController - INFO -   Example: junction B1 -> durations [24, 22, 22, 22] (total: 90s)
2026-09-24 12:20:26,713 - RLController - INFO -   Example: junction B2 -> durations [24, 22, 22, 22] (total: 90s)
2026-09-24 12:20:26,713 - RLController - INFO -   Example: junction B4 -> durations [24, 22, 22, 22] (total: 90s)
2026-09-24 12:20:26,713 - RLController - INFO -   Example: junction B5 -> durations [60, 10, 10, 10] (total: 90s)
2026-09-24 12:20:26,714 - RLController - INFO -   Example: junction C0 -> durations [21, 21, 27, 21] (total: 90s)
2026-09-24 12:20:26,714 - RLController - INFO -   Example: junction C1 -> durations [24, 22, 22, 22] (total: 90s)
2026-09-24 12:20:26,714 - RLController - INFO -   Example: junction C2 -> durations [56, 14, 10, 10] (total: 90s)
2026-09-24 12:20:26,714 - RLController - INFO -   Example: junction C3 -> durations [60, 10, 10, 10] (total: 90s)
2026-09-24 12:20:26,714 - RLController - INFO -   Example: junction C4 -> durations [60, 10, 10, 10] (total: 90s)
2026-09-24 12:20:26,714 - RLController - INFO -   Example: junction C5 -> durations [57, 11, 11, 11] (total: 90s)
2026-09-24 12:20:26,714 - RLController - INFO -   Example: junction D0 -> durations [24, 22, 22, 22] (total: 90s)
2026-09-24 12:20:26,714 - RLController - INFO -   Example: junction D1 -> durations [21, 21, 27, 21] (total: 90s)
2026-09-24 12:20:26,715 - RLController - INFO -   Example: junction D2 -> durations [48, 14, 14, 14] (total: 90s)
2026-09-24 12:20:26,715 - RLController - INFO -   Example: junction D3 -> durations [24, 22, 22, 22] (total: 90s)
2026-09-24 12:20:26,715 - RLController - INFO -   Example: junction D4 -> durations [24, 22, 22, 22] (total: 90s)
2026-09-24 12:20:26,715 - RLController - INFO -   Example: junction D5 -> durations [12, 12, 54, 12] (total: 90s)
2026-09-24 12:20:26,715 - RLController - INFO -   Example: junction E0 -> durations [24, 22, 22, 22] (total: 90s)
2026-09-24 12:20:26,715 - RLController - INFO -   Example: junction E1 -> durations [24, 22, 22, 22] (total: 90s)
2026-09-24 12:20:26,716 - RLController - INFO -   Stored schedules for 34 junctions, cycle starts at step 4140
2026-09-24 12:20:29,722 - RLController - INFO - DIAGNOSTIC Step 4230 - Observation stats:
2026-09-24 12:20:29,723 - RLController - INFO -   Hash: 688350318704601307, Min: 0.000000, Max: 1.000000, Mean: 0.430437, Std: 0.455022
2026-09-24 12:20:29,723 - RLController - INFO -   First 10: [1.  0.  0.  0.  0.  0.5 1.  0.  0.  0. ]
2026-09-24 12:20:29,724 - RLController - INFO -   Last 10: [0.         0.2        0.         0.08333334 0.4636752  0.00309464
 0.07705128 0.5525638  0.         0.3       ]
2026-09-24 12:20:29,755 - RLController - INFO - DIAGNOSTIC - Raw model action output:
2026-09-24 12:20:29,755 - RLController - INFO -   Action hash: -702576900414844246
2026-09-24 12:20:29,755 - RLController - INFO -   First 8 values: [ -7.279169 -10.       -10.       -10.       -10.       -10.
 -10.       -10.      ]
2026-09-24 12:20:29,755 - RLController - INFO -   Last 8 values: [-10.       -10.       -10.       -10.       -10.        -3.384587
 -10.       -10.      ]
2026-09-24 12:20:29,755 - RLController - INFO -   Action shape: (136,), min: -10.000000, max: 4.505884, mean: -9.255813
2026-09-24 12:20:29,756 - RLController - INFO -   B0 junction (indices 16-19) raw values: [ -9.822528 -10.       -10.       -10.      ]
2026-09-24 12:20:29,756 - RLController - INFO - Using CONTINUOUS DURATION-BASED mode
2026-09-24 12:20:29,756 - RLController - INFO -   Example: junction A0 -> durations [51, 13, 13, 13] (total: 90s)
2026-09-24 12:20:29,756 - RLController - INFO -   Example: junction A1 -> durations [24, 22, 22, 22] (total: 90s)
2026-09-24 12:20:29,756 - RLController - INFO -   Example: junction A2 -> durations [11, 11, 57, 11] (total: 90s)
2026-09-24 12:20:29,756 - RLController - INFO -   Example: junction A4 -> durations [60, 10, 10, 10] (total: 90s)
2026-09-24 12:20:29,756 - RLController - INFO -   Example: junction A5 -> durations [24, 22, 22, 22] (total: 90s)
2026-09-24 12:20:29,757 - RLController - INFO -   Example: junction B0 -> durations [24, 22, 22, 22] (total: 90s)
2026-09-24 12:20:29,757 - RLController - INFO -   Example: junction B1 -> durations [24, 22, 22, 22] (total: 90s)
2026-09-24 12:20:29,757 - RLController - INFO -   Example: junction B2 -> durations [24, 22, 22, 22] (total: 90s)
2026-09-24 12:20:29,757 - RLController - INFO -   Example: junction B4 -> durations [24, 22, 22, 22] (total: 90s)
2026-09-24 12:20:29,757 - RLController - INFO -   Example: junction B5 -> durations [60, 10, 10, 10] (total: 90s)
2026-09-24 12:20:29,757 - RLController - INFO -   Example: junction C0 -> durations [21, 21, 27, 21] (total: 90s)
2026-09-24 12:20:29,757 - RLController - INFO -   Example: junction C1 -> durations [24, 22, 22, 22] (total: 90s)
2026-09-24 12:20:29,757 - RLController - INFO -   Example: junction C2 -> durations [57, 13, 10, 10] (total: 90s)
2026-09-24 12:20:29,758 - RLController - INFO -   Example: junction C3 -> durations [60, 10, 10, 10] (total: 90s)
2026-09-24 12:20:29,758 - RLController - INFO -   Example: junction C4 -> durations [60, 10, 10, 10] (total: 90s)
2026-09-24 12:20:29,758 - RLController - INFO -   Example: junction C5 -> durations [57, 11, 11, 11] (total: 90s)
2026-09-24 12:20:29,758 - RLController - INFO -   Example: junction D0 -> durations [24, 22, 22, 22] (total: 90s)
2026-09-24 12:20:29,758 - RLController - INFO -   Example: junction D1 -> durations [20, 20, 30, 20] (total: 90s)
2026-09-24 12:20:29,758 - RLController - INFO -   Example: junction D2 -> durations [51, 13, 13, 13] (total: 90s)
2026-09-24 12:20:29,758 - RLController - INFO -   Example: junction D3 -> durations [24, 22, 22, 22] (total: 90s)
2026-09-24 12:20:29,758 - RLController - INFO -   Example: junction D4 -> durations [24, 22, 22, 22] (total: 90s)
2026-09-24 12:20:29,759 - RLController - INFO -   Example: junction D5 -> durations [13, 13, 51, 13] (total: 90s)
2026-09-24 12:20:29,759 - RLController - INFO -   Example: junction E0 -> durations [24, 22, 22, 22] (total: 90s)
2026-09-24 12:20:29,759 - RLController - INFO -   Example: junction E1 -> durations [24, 22, 22, 22] (total: 90s)
2026-09-24 12:20:29,760 - RLController - INFO -   Stored schedules for 34 junctions, cycle starts at step 4230
2026-09-24 12:20:32,675 - RLController - INFO - DIAGNOSTIC Step 4320 - Observation stats:
2026-09-24 12:20:32,675 - RLController - INFO -   Hash: -6591201705871973582, Min: 0.000000, Max: 1.000000, Mean: 0.438384, Std: 0.457228
2026-09-24 12:20:32,675 - RLController - INFO -   First 10: [1.  0.  0.  0.  0.  0.5 1.  0.  0.  0. ]
2026-09-24 12:20:32,676 - RLController - INFO -   Last 10: [0.         0.2        0.         0.08333334 0.49786323 0.00306251
 0.07777778 0.5210023  0.         0.3       ]
2026-09-24 12:20:32,682 - RLController - INFO - DIAGNOSTIC - Raw model action output:
2026-09-24 12:20:32,682 - RLController - INFO -   Action hash: -755600702761900816
2026-09-24 12:20:32,682 - RLController - INFO -   First 8 values: [ -7.337548 -10.       -10.       -10.       -10.       -10.
 -10.       -10.      ]
2026-09-24 12:20:32,683 - RLController - INFO -   Last 8 values: [-10.        -10.        -10.        -10.        -10.         -1.7640877
 -10.        -10.       ]
2026-09-24 12:20:32,683 - RLController - INFO -   Action shape: (136,), min: -10.000000, max: 4.945233, mean: -9.247796
2026-09-24 12:20:32,683 - RLController - INFO -   B0 junction (indices 16-19) raw values: [-10. -10. -10. -10.]
2026-09-24 12:20:32,683 - RLController - INFO - Using CONTINUOUS DURATION-BASED mode
2026-09-24 12:20:32,683 - RLController - INFO -   Example: junction A0 -> durations [51, 13, 13, 13] (total: 90s)
2026-09-24 12:20:32,683 - RLController - INFO -   Example: junction A1 -> durations [24, 22, 22, 22] (total: 90s)
2026-09-24 12:20:32,684 - RLController - INFO -   Example: junction A2 -> durations [12, 12, 54, 12] (total: 90s)
2026-09-24 12:20:32,684 - RLController - INFO -   Example: junction A4 -> durations [60, 10, 10, 10] (total: 90s)
2026-09-24 12:20:32,684 - RLController - INFO -   Example: junction A5 -> durations [24, 22, 22, 22] (total: 90s)
2026-09-24 12:20:32,684 - RLController - INFO -   Example: junction B0 -> durations [24, 22, 22, 22] (total: 90s)
2026-09-24 12:20:32,684 - RLController - INFO -   Example: junction B1 -> durations [24, 22, 22, 22] (total: 90s)
2026-09-24 12:20:32,684 - RLController - INFO -   Example: junction B2 -> durations [24, 22, 22, 22] (total: 90s)
2026-09-24 12:20:32,685 - RLController - INFO -   Example: junction B4 -> durations [24, 22, 22, 22] (total: 90s)
2026-09-24 12:20:32,685 - RLController - INFO -   Example: junction B5 -> durations [60, 10, 10, 10] (total: 90s)
2026-09-24 12:20:32,685 - RLController - INFO -   Example: junction C0 -> durations [21, 21, 27, 21] (total: 90s)
2026-09-24 12:20:32,685 - RLController - INFO -   Example: junction C1 -> durations [24, 22, 22, 22] (total: 90s)
2026-09-24 12:20:32,685 - RLController - INFO -   Example: junction C2 -> durations [55, 15, 10, 10] (total: 90s)
2026-09-24 12:20:32,685 - RLController - INFO -   Example: junction C3 -> durations [60, 10, 10, 10] (total: 90s)
2026-09-24 12:20:32,685 - RLController - INFO -   Example: junction C4 -> durations [60, 10, 10, 10] (total: 90s)
2026-09-24 12:20:32,685 - RLController - INFO -   Example: junction C5 -> durations [57, 11, 11, 11] (total: 90s)
2026-09-24 12:20:32,686 - RLController - INFO -   Example: junction D0 -> durations [24, 22, 22, 22] (total: 90s)
2026-09-24 12:20:32,686 - RLController - INFO -   Example: junction D1 -> durations [20, 20, 30, 20] (total: 90s)
2026-09-24 12:20:32,686 - RLController - INFO -   Example: junction D2 -> durations [48, 14, 14, 14] (total: 90s)
2026-09-24 12:20:32,686 - RLController - INFO -   Example: junction D3 -> durations [24, 22, 22, 22] (total: 90s)
2026-09-24 12:20:32,686 - RLController - INFO -   Example: junction D4 -> durations [24, 22, 22, 22] (total: 90s)
2026-09-24 12:20:32,686 - RLController - INFO -   Example: junction D5 -> durations [13, 13, 51, 13] (total: 90s)
2026-09-24 12:20:32,686 - RLController - INFO -   Example: junction E0 -> durations [24, 22, 22, 22] (total: 90s)
2026-09-24 12:20:32,686 - RLController - INFO -   Example: junction E1 -> durations [24, 22, 22, 22] (total: 90s)
2026-09-24 12:20:32,687 - RLController - INFO -   Stored schedules for 34 junctions, cycle starts at step 4320
2026-09-24 12:20:35,604 - RLController - INFO - DIAGNOSTIC Step 4410 - Observation stats:
2026-09-24 12:20:35,604 - RLController - INFO -   Hash: 3851414020352960642, Min: 0.000000, Max: 1.000000, Mean: 0.443625, Std: 0.457871
2026-09-24 12:20:35,604 - RLController - INFO -   First 10: [1.  0.  0.  0.  0.  0.5 1.  0.  0.  0. ]
2026-09-24 12:20:35,605 - RLController - INFO -   Last 10: [0.         0.2        0.         0.08333334 0.48504272 0.00318549
 0.07880342 0.53098416 0.         0.3       ]
2026-09-24 12:20:35,608 - RLController - INFO - DIAGNOSTIC - Raw model action output:
2026-09-24 12:20:35,608 - RLController - INFO -   Action hash: 1333219395900579102
2026-09-24 12:20:35,608 - RLController - INFO -   First 8 values: [ -7.6883473 -10.        -10.        -10.        -10.        -10.
 -10.        -10.       ]
2026-09-24 12:20:35,609 - RLController - INFO -   Last 8 values: [-10.         -10.         -10.         -10.         -10.
  -0.66331977 -10.         -10.        ]
2026-09-24 12:20:35,609 - RLController - INFO -   Action shape: (136,), min: -10.000000, max: 5.718750, mean: -9.279475
2026-09-24 12:20:35,609 - RLController - INFO -   B0 junction (indices 16-19) raw values: [ -9.596608 -10.       -10.       -10.      ]
2026-09-24 12:20:35,609 - RLController - INFO - Using CONTINUOUS DURATION-BASED mode
2026-09-24 12:20:35,609 - RLController - INFO -   Example: junction A0 -> durations [48, 14, 14, 14] (total: 90s)
2026-09-24 12:20:35,609 - RLController - INFO -   Example: junction A1 -> durations [24, 22, 22, 22] (total: 90s)
2026-09-24 12:20:35,610 - RLController - INFO -   Example: junction A2 -> durations [12, 12, 54, 12] (total: 90s)
2026-09-24 12:20:35,610 - RLController - INFO -   Example: junction A4 -> durations [60, 10, 10, 10] (total: 90s)
2026-09-24 12:20:35,610 - RLController - INFO -   Example: junction A5 -> durations [27, 21, 21, 21] (total: 90s)
2026-09-24 12:20:35,610 - RLController - INFO -   Example: junction B0 -> durations [24, 22, 22, 22] (total: 90s)
2026-09-24 12:20:35,610 - RLController - INFO -   Example: junction B1 -> durations [24, 22, 22, 22] (total: 90s)
2026-09-24 12:20:35,610 - RLController - INFO -   Example: junction B2 -> durations [24, 22, 22, 22] (total: 90s)
2026-09-24 12:20:35,610 - RLController - INFO -   Example: junction B4 -> durations [24, 22, 22, 22] (total: 90s)
2026-09-24 12:20:35,610 - RLController - INFO -   Example: junction B5 -> durations [60, 10, 10, 10] (total: 90s)
2026-09-24 12:20:35,611 - RLController - INFO -   Example: junction C0 -> durations [22, 22, 24, 22] (total: 90s)
2026-09-24 12:20:35,611 - RLController - INFO -   Example: junction C1 -> durations [24, 22, 22, 22] (total: 90s)
2026-09-24 12:20:35,611 - RLController - INFO -   Example: junction C2 -> durations [58, 12, 10, 10] (total: 90s)
2026-09-24 12:20:35,611 - RLController - INFO -   Example: junction C3 -> durations [60, 10, 10, 10] (total: 90s)
2026-09-24 12:20:35,611 - RLController - INFO -   Example: junction C4 -> durations [57, 11, 11, 11] (total: 90s)
2026-09-24 12:20:35,611 - RLController - INFO -   Example: junction C5 -> durations [57, 11, 11, 11] (total: 90s)
2026-09-24 12:20:35,611 - RLController - INFO -   Example: junction D0 -> durations [24, 22, 22, 22] (total: 90s)
2026-09-24 12:20:35,611 - RLController - INFO -   Example: junction D1 -> durations [22, 22, 24, 22] (total: 90s)
2026-09-24 12:20:35,612 - RLController - INFO -   Example: junction D2 -> durations [45, 15, 15, 15] (total: 90s)
2026-09-24 12:20:35,612 - RLController - INFO -   Example: junction D3 -> durations [24, 22, 22, 22] (total: 90s)
2026-09-24 12:20:35,612 - RLController - INFO -   Example: junction D4 -> durations [24, 22, 22, 22] (total: 90s)
2026-09-24 12:20:35,612 - RLController - INFO -   Example: junction D5 -> durations [13, 13, 51, 13] (total: 90s)
2026-09-24 12:20:35,612 - RLController - INFO -   Example: junction E0 -> durations [24, 22, 22, 22] (total: 90s)
2026-09-24 12:20:35,612 - RLController - INFO -   Example: junction E1 -> durations [24, 22, 22, 22] (total: 90s)
2026-09-24 12:20:35,613 - RLController - INFO -   Stored schedules for 34 junctions, cycle starts at step 4410
2026-09-24 12:20:38,617 - RLController - INFO - DIAGNOSTIC Step 4500 - Observation stats:
2026-09-24 12:20:38,617 - RLController - INFO -   Hash: 695877799773887412, Min: 0.000000, Max: 1.000000, Mean: 0.439622, Std: 0.455797
2026-09-24 12:20:38,618 - RLController - INFO -   First 10: [1.  0.  0.  0.  0.  0.5 1.  0.  0.  0. ]
2026-09-24 12:20:38,618 - RLController - INFO -   Last 10: [0.         0.2        0.         0.08333334 0.50213677 0.00383084
 0.08029915 0.52557284 0.         0.3       ]
2026-09-24 12:20:38,623 - RLController - INFO - DIAGNOSTIC - Raw model action output:
2026-09-24 12:20:38,623 - RLController - INFO -   Action hash: -3569229339495376441
2026-09-24 12:20:38,624 - RLController - INFO -   First 8 values: [ -7.5908155 -10.        -10.        -10.        -10.        -10.
 -10.        -10.       ]
2026-09-24 12:20:38,624 - RLController - INFO -   Last 8 values: [-10.        -10.        -10.        -10.        -10.         -1.4182832
 -10.        -10.       ]
2026-09-24 12:20:38,624 - RLController - INFO -   Action shape: (136,), min: -10.000000, max: 4.886080, mean: -9.288253
2026-09-24 12:20:38,624 - RLController - INFO -   B0 junction (indices 16-19) raw values: [ -9.951915 -10.       -10.       -10.      ]
2026-09-24 12:20:38,624 - RLController - INFO - Using CONTINUOUS DURATION-BASED mode
2026-09-24 12:20:38,625 - RLController - INFO -   Example: junction A0 -> durations [48, 14, 14, 14] (total: 90s)
2026-09-24 12:20:38,625 - RLController - INFO -   Example: junction A1 -> durations [24, 22, 22, 22] (total: 90s)
2026-09-24 12:20:38,625 - RLController - INFO -   Example: junction A2 -> durations [12, 12, 54, 12] (total: 90s)
2026-09-24 12:20:38,625 - RLController - INFO -   Example: junction A4 -> durations [60, 10, 10, 10] (total: 90s)
2026-09-24 12:20:38,625 - RLController - INFO -   Example: junction A5 -> durations [24, 22, 22, 22] (total: 90s)
2026-09-24 12:20:38,625 - RLController - INFO -   Example: junction B0 -> durations [24, 22, 22, 22] (total: 90s)
2026-09-24 12:20:38,625 - RLController - INFO -   Example: junction B1 -> durations [24, 22, 22, 22] (total: 90s)
2026-09-24 12:20:38,625 - RLController - INFO -   Example: junction B2 -> durations [24, 22, 22, 22] (total: 90s)
2026-09-24 12:20:38,626 - RLController - INFO -   Example: junction B4 -> durations [24, 22, 22, 22] (total: 90s)
2026-09-24 12:20:38,626 - RLController - INFO -   Example: junction B5 -> durations [60, 10, 10, 10] (total: 90s)
2026-09-24 12:20:38,626 - RLController - INFO -   Example: junction C0 -> durations [22, 22, 24, 22] (total: 90s)
2026-09-24 12:20:38,626 - RLController - INFO -   Example: junction C1 -> durations [24, 22, 22, 22] (total: 90s)
2026-09-24 12:20:38,626 - RLController - INFO -   Example: junction C2 -> durations [57, 13, 10, 10] (total: 90s)
2026-09-24 12:20:38,626 - RLController - INFO -   Example: junction C3 -> durations [60, 10, 10, 10] (total: 90s)
2026-09-24 12:20:38,626 - RLController - INFO -   Example: junction C4 -> durations [60, 10, 10, 10] (total: 90s)
2026-09-24 12:20:38,627 - RLController - INFO -   Example: junction C5 -> durations [57, 11, 11, 11] (total: 90s)
2026-09-24 12:20:38,627 - RLController - INFO -   Example: junction D0 -> durations [24, 22, 22, 22] (total: 90s)
2026-09-24 12:20:38,627 - RLController - INFO -   Example: junction D1 -> durations [22, 22, 24, 22] (total: 90s)
2026-09-24 12:20:38,627 - RLController - INFO -   Example: junction D2 -> durations [45, 15, 15, 15] (total: 90s)
2026-09-24 12:20:38,627 - RLController - INFO -   Example: junction D3 -> durations [24, 22, 22, 22] (total: 90s)
2026-09-24 12:20:38,627 - RLController - INFO -   Example: junction D4 -> durations [24, 22, 22, 22] (total: 90s)
2026-09-24 12:20:38,628 - RLController - INFO -   Example: junction D5 -> durations [13, 13, 51, 13] (total: 90s)
2026-09-24 12:20:38,628 - RLController - INFO -   Example: junction E0 -> durations [24, 22, 22, 22] (total: 90s)
2026-09-24 12:20:38,628 - RLController - INFO -   Example: junction E1 -> durations [24, 22, 22, 22] (total: 90s)
2026-09-24 12:20:38,628 - RLController - INFO -   Stored schedules for 34 junctions, cycle starts at step 4500
2026-09-24 12:20:41,848 - RLController - INFO - DIAGNOSTIC Step 4590 - Observation stats:
2026-09-24 12:20:41,848 - RLController - INFO -   Hash: -5988292567333174723, Min: 0.000000, Max: 1.000000, Mean: 0.439045, Std: 0.456267
2026-09-24 12:20:41,849 - RLController - INFO -   First 10: [1.  0.  0.  0.  0.  0.5 1.  0.  0.  0. ]
2026-09-24 12:20:41,849 - RLController - INFO -   Last 10: [0.         0.2        0.         0.08333334 0.48504272 0.0033301
 0.08132479 0.532226   0.         0.3       ]
2026-09-24 12:20:41,916 - RLController - INFO - DIAGNOSTIC - Raw model action output:
2026-09-24 12:20:41,916 - RLController - INFO -   Action hash: -4449762892746004894
2026-09-24 12:20:41,916 - RLController - INFO -   First 8 values: [ -7.384992 -10.       -10.       -10.       -10.       -10.
 -10.       -10.      ]
2026-09-24 12:20:41,916 - RLController - INFO -   Last 8 values: [-10.         -10.         -10.         -10.         -10.
  -0.03421898 -10.         -10.        ]
2026-09-24 12:20:41,917 - RLController - INFO -   Action shape: (136,), min: -10.000000, max: 4.938605, mean: -9.299740
2026-09-24 12:20:41,917 - RLController - INFO -   B0 junction (indices 16-19) raw values: [-10. -10. -10. -10.]
2026-09-24 12:20:41,917 - RLController - INFO - Using CONTINUOUS DURATION-BASED mode
2026-09-24 12:20:41,917 - RLController - INFO -   Example: junction A0 -> durations [51, 13, 13, 13] (total: 90s)
2026-09-24 12:20:41,917 - RLController - INFO -   Example: junction A1 -> durations [24, 22, 22, 22] (total: 90s)
2026-09-24 12:20:41,917 - RLController - INFO -   Example: junction A2 -> durations [12, 12, 54, 12] (total: 90s)
2026-09-24 12:20:41,918 - RLController - INFO -   Example: junction A4 -> durations [60, 10, 10, 10] (total: 90s)
2026-09-24 12:20:41,918 - RLController - INFO -   Example: junction A5 -> durations [24, 22, 22, 22] (total: 90s)
2026-09-24 12:20:41,918 - RLController - INFO -   Example: junction B0 -> durations [24, 22, 22, 22] (total: 90s)
2026-09-24 12:20:41,918 - RLController - INFO -   Example: junction B1 -> durations [24, 22, 22, 22] (total: 90s)
2026-09-24 12:20:41,918 - RLController - INFO -   Example: junction B2 -> durations [24, 22, 22, 22] (total: 90s)
2026-09-24 12:20:41,918 - RLController - INFO -   Example: junction B4 -> durations [24, 22, 22, 22] (total: 90s)
2026-09-24 12:20:41,919 - RLController - INFO -   Example: junction B5 -> durations [60, 10, 10, 10] (total: 90s)
2026-09-24 12:20:41,919 - RLController - INFO -   Example: junction C0 -> durations [22, 22, 24, 22] (total: 90s)
2026-09-24 12:20:41,919 - RLController - INFO -   Example: junction C1 -> durations [24, 22, 22, 22] (total: 90s)
2026-09-24 12:20:41,919 - RLController - INFO -   Example: junction C2 -> durations [58, 12, 10, 10] (total: 90s)
2026-09-24 12:20:41,919 - RLController - INFO -   Example: junction C3 -> durations [60, 10, 10, 10] (total: 90s)
2026-09-24 12:20:41,919 - RLController - INFO -   Example: junction C4 -> durations [57, 11, 11, 11] (total: 90s)
2026-09-24 12:20:41,919 - RLController - INFO -   Example: junction C5 -> durations [57, 11, 11, 11] (total: 90s)
2026-09-24 12:20:41,919 - RLController - INFO -   Example: junction D0 -> durations [24, 22, 22, 22] (total: 90s)
2026-09-24 12:20:41,920 - RLController - INFO -   Example: junction D1 -> durations [22, 22, 24, 22] (total: 90s)
2026-09-24 12:20:41,920 - RLController - INFO -   Example: junction D2 -> durations [42, 16, 16, 16] (total: 90s)
2026-09-24 12:20:41,920 - RLController - INFO -   Example: junction D3 -> durations [24, 22, 22, 22] (total: 90s)
2026-09-24 12:20:41,920 - RLController - INFO -   Example: junction D4 -> durations [24, 22, 22, 22] (total: 90s)
2026-09-24 12:20:41,920 - RLController - INFO -   Example: junction D5 -> durations [13, 13, 51, 13] (total: 90s)
2026-09-24 12:20:41,920 - RLController - INFO -   Example: junction E0 -> durations [24, 22, 22, 22] (total: 90s)
2026-09-24 12:20:41,920 - RLController - INFO -   Example: junction E1 -> durations [24, 22, 22, 22] (total: 90s)
2026-09-24 12:20:41,921 - RLController - INFO -   Stored schedules for 34 junctions, cycle starts at step 4590
2026-09-24 12:20:44,917 - RLController - INFO - DIAGNOSTIC Step 4680 - Observation stats:
2026-09-24 12:20:44,917 - RLController - INFO -   Hash: -6772698850457690267, Min: 0.000000, Max: 1.000000, Mean: 0.441693, Std: 0.457406
2026-09-24 12:20:44,918 - RLController - INFO -   First 10: [1.  0.  0.  0.  0.  0.5 1.  0.  0.  0. ]
2026-09-24 12:20:44,918 - RLController - INFO -   Last 10: [0.         0.2        0.         0.08333334 0.4871795  0.00342327
 0.07927351 0.531919   0.         0.3       ]
2026-09-24 12:20:44,927 - RLController - INFO - DIAGNOSTIC - Raw model action output:
2026-09-24 12:20:44,927 - RLController - INFO -   Action hash: 7910242727471650199
2026-09-24 12:20:44,927 - RLController - INFO -   First 8 values: [ -7.4542513 -10.        -10.        -10.        -10.        -10.
 -10.        -10.       ]
2026-09-24 12:20:44,927 - RLController - INFO -   Last 8 values: [-10.        -10.        -10.        -10.        -10.         -1.4934518
 -10.        -10.       ]
2026-09-24 12:20:44,928 - RLController - INFO -   Action shape: (136,), min: -10.000000, max: 4.783980, mean: -9.275723
2026-09-24 12:20:44,928 - RLController - INFO -   B0 junction (indices 16-19) raw values: [-10. -10. -10. -10.]
2026-09-24 12:20:44,928 - RLController - INFO - Using CONTINUOUS DURATION-BASED mode
2026-09-24 12:20:44,928 - RLController - INFO -   Example: junction A0 -> durations [51, 13, 13, 13] (total: 90s)
2026-09-24 12:20:44,928 - RLController - INFO -   Example: junction A1 -> durations [24, 22, 22, 22] (total: 90s)
2026-09-24 12:20:44,928 - RLController - INFO -   Example: junction A2 -> durations [12, 12, 54, 12] (total: 90s)
2026-09-24 12:20:44,928 - RLController - INFO -   Example: junction A4 -> durations [60, 10, 10, 10] (total: 90s)
2026-09-24 12:20:44,928 - RLController - INFO -   Example: junction A5 -> durations [24, 22, 22, 22] (total: 90s)
2026-09-24 12:20:44,928 - RLController - INFO -   Example: junction B0 -> durations [24, 22, 22, 22] (total: 90s)
2026-09-24 12:20:44,929 - RLController - INFO -   Example: junction B1 -> durations [24, 22, 22, 22] (total: 90s)
2026-09-24 12:20:44,929 - RLController - INFO -   Example: junction B2 -> durations [24, 22, 22, 22] (total: 90s)
2026-09-24 12:20:44,929 - RLController - INFO -   Example: junction B4 -> durations [24, 22, 22, 22] (total: 90s)
2026-09-24 12:20:44,929 - RLController - INFO -   Example: junction B5 -> durations [60, 10, 10, 10] (total: 90s)
2026-09-24 12:20:44,929 - RLController - INFO -   Example: junction C0 -> durations [24, 22, 22, 22] (total: 90s)
2026-09-24 12:20:44,929 - RLController - INFO -   Example: junction C1 -> durations [24, 22, 22, 22] (total: 90s)
2026-09-24 12:20:44,929 - RLController - INFO -   Example: junction C2 -> durations [56, 14, 10, 10] (total: 90s)
2026-09-24 12:20:44,929 - RLController - INFO -   Example: junction C3 -> durations [60, 10, 10, 10] (total: 90s)
2026-09-24 12:20:44,929 - RLController - INFO -   Example: junction C4 -> durations [57, 11, 11, 11] (total: 90s)
2026-09-24 12:20:44,929 - RLController - INFO -   Example: junction C5 -> durations [57, 11, 11, 11] (total: 90s)
2026-09-24 12:20:44,930 - RLController - INFO -   Example: junction D0 -> durations [24, 22, 22, 22] (total: 90s)
2026-09-24 12:20:44,930 - RLController - INFO -   Example: junction D1 -> durations [21, 21, 27, 21] (total: 90s)
2026-09-24 12:20:44,930 - RLController - INFO -   Example: junction D2 -> durations [45, 15, 15, 15] (total: 90s)
2026-09-24 12:20:44,930 - RLController - INFO -   Example: junction D3 -> durations [24, 22, 22, 22] (total: 90s)
2026-09-24 12:20:44,930 - RLController - INFO -   Example: junction D4 -> durations [24, 22, 22, 22] (total: 90s)
2026-09-24 12:20:44,930 - RLController - INFO -   Example: junction D5 -> durations [13, 13, 51, 13] (total: 90s)
2026-09-24 12:20:44,930 - RLController - INFO -   Example: junction E0 -> durations [24, 22, 22, 22] (total: 90s)
2026-09-24 12:20:44,930 - RLController - INFO -   Example: junction E1 -> durations [24, 22, 22, 22] (total: 90s)
2026-09-24 12:20:44,931 - RLController - INFO -   Stored schedules for 34 junctions, cycle starts at step 4680
2026-09-24 12:20:48,557 - RLController - INFO - DIAGNOSTIC Step 4770 - Observation stats:
2026-09-24 12:20:48,557 - RLController - INFO -   Hash: -2796668535025395169, Min: 0.000000, Max: 1.000000, Mean: 0.435577, Std: 0.456899
2026-09-24 12:20:48,557 - RLController - INFO -   First 10: [1.  0.  0.  0.  0.  0.5 1.  0.  0.  0. ]
2026-09-24 12:20:48,558 - RLController - INFO -   Last 10: [0.         0.2        0.         0.08333334 0.4722222  0.00321696
 0.08012821 0.5491803  0.         0.3       ]
2026-09-24 12:20:48,562 - RLController - INFO - DIAGNOSTIC - Raw model action output:
2026-09-24 12:20:48,563 - RLController - INFO -   Action hash: -1250125024820579346
2026-09-24 12:20:48,563 - RLController - INFO -   First 8 values: [ -7.508325 -10.       -10.       -10.       -10.       -10.
 -10.       -10.      ]
2026-09-24 12:20:48,563 - RLController - INFO -   Last 8 values: [-10.        -10.        -10.        -10.        -10.         -2.7494671
 -10.        -10.       ]
2026-09-24 12:20:48,563 - RLController - INFO -   Action shape: (136,), min: -10.000000, max: 5.331837, mean: -9.279586
2026-09-24 12:20:48,564 - RLController - INFO -   B0 junction (indices 16-19) raw values: [ -9.776776 -10.       -10.       -10.      ]
2026-09-24 12:20:48,564 - RLController - INFO - Using CONTINUOUS DURATION-BASED mode
2026-09-24 12:20:48,564 - RLController - INFO -   Example: junction A0 -> durations [51, 13, 13, 13] (total: 90s)
2026-09-24 12:20:48,564 - RLController - INFO -   Example: junction A1 -> durations [24, 22, 22, 22] (total: 90s)
2026-09-24 12:20:48,564 - RLController - INFO -   Example: junction A2 -> durations [12, 12, 54, 12] (total: 90s)
2026-09-24 12:20:48,565 - RLController - INFO -   Example: junction A4 -> durations [60, 10, 10, 10] (total: 90s)
2026-09-24 12:20:48,565 - RLController - INFO -   Example: junction A5 -> durations [24, 22, 22, 22] (total: 90s)
2026-09-24 12:20:48,565 - RLController - INFO -   Example: junction B0 -> durations [24, 22, 22, 22] (total: 90s)
2026-09-24 12:20:48,565 - RLController - INFO -   Example: junction B1 -> durations [24, 22, 22, 22] (total: 90s)
2026-09-24 12:20:48,565 - RLController - INFO -   Example: junction B2 -> durations [24, 22, 22, 22] (total: 90s)
2026-09-24 12:20:48,565 - RLController - INFO -   Example: junction B4 -> durations [24, 22, 22, 22] (total: 90s)
2026-09-24 12:20:48,566 - RLController - INFO -   Example: junction B5 -> durations [60, 10, 10, 10] (total: 90s)
2026-09-24 12:20:48,566 - RLController - INFO -   Example: junction C0 -> durations [22, 22, 24, 22] (total: 90s)
2026-09-24 12:20:48,566 - RLController - INFO -   Example: junction C1 -> durations [24, 22, 22, 22] (total: 90s)
2026-09-24 12:20:48,566 - RLController - INFO -   Example: junction C2 -> durations [57, 13, 10, 10] (total: 90s)
2026-09-24 12:20:48,566 - RLController - INFO -   Example: junction C3 -> durations [60, 10, 10, 10] (total: 90s)
2026-09-24 12:20:48,566 - RLController - INFO -   Example: junction C4 -> durations [60, 10, 10, 10] (total: 90s)
2026-09-24 12:20:48,566 - RLController - INFO -   Example: junction C5 -> durations [57, 11, 11, 11] (total: 90s)
2026-09-24 12:20:48,567 - RLController - INFO -   Example: junction D0 -> durations [24, 22, 22, 22] (total: 90s)
2026-09-24 12:20:48,567 - RLController - INFO -   Example: junction D1 -> durations [21, 21, 27, 21] (total: 90s)
2026-09-24 12:20:48,567 - RLController - INFO -   Example: junction D2 -> durations [48, 14, 14, 14] (total: 90s)
2026-09-24 12:20:48,567 - RLController - INFO -   Example: junction D3 -> durations [24, 22, 22, 22] (total: 90s)
2026-09-24 12:20:48,567 - RLController - INFO -   Example: junction D4 -> durations [24, 22, 22, 22] (total: 90s)
2026-09-24 12:20:48,567 - RLController - INFO -   Example: junction D5 -> durations [13, 13, 51, 13] (total: 90s)
2026-09-24 12:20:48,567 - RLController - INFO -   Example: junction E0 -> durations [24, 22, 22, 22] (total: 90s)
2026-09-24 12:20:48,568 - RLController - INFO -   Example: junction E1 -> durations [24, 22, 22, 22] (total: 90s)
2026-09-24 12:20:48,568 - RLController - INFO -   Stored schedules for 34 junctions, cycle starts at step 4770
2026-09-24 12:20:52,027 - RLController - INFO - DIAGNOSTIC Step 4860 - Observation stats:
2026-09-24 12:20:52,028 - RLController - INFO -   Hash: -6463208670323375788, Min: 0.000000, Max: 1.000000, Mean: 0.434888, Std: 0.455195
2026-09-24 12:20:52,028 - RLController - INFO -   First 10: [1.         0.         0.         0.         0.         0.5
 0.         1.         0.99333334 1.        ]
2026-09-24 12:20:52,028 - RLController - INFO -   Last 10: [0.         0.2        0.         0.08333334 0.48504272 0.00335602
 0.08004273 0.5378931  0.         0.3       ]
2026-09-24 12:20:52,033 - RLController - INFO - DIAGNOSTIC - Raw model action output:
2026-09-24 12:20:52,033 - RLController - INFO -   Action hash: 6813000253630669664
2026-09-24 12:20:52,033 - RLController - INFO -   First 8 values: [ -7.6243596 -10.        -10.        -10.        -10.        -10.
 -10.        -10.       ]
2026-09-24 12:20:52,034 - RLController - INFO -   Last 8 values: [-10.        -10.        -10.        -10.        -10.         -2.2906406
 -10.        -10.       ]
2026-09-24 12:20:52,034 - RLController - INFO -   Action shape: (136,), min: -10.000000, max: 5.790602, mean: -9.301999
2026-09-24 12:20:52,034 - RLController - INFO -   B0 junction (indices 16-19) raw values: [ -9.500191 -10.       -10.       -10.      ]
2026-09-24 12:20:52,034 - RLController - INFO - Using CONTINUOUS DURATION-BASED mode
2026-09-24 12:20:52,034 - RLController - INFO -   Example: junction A0 -> durations [48, 14, 14, 14] (total: 90s)
2026-09-24 12:20:52,034 - RLController - INFO -   Example: junction A1 -> durations [24, 22, 22, 22] (total: 90s)
2026-09-24 12:20:52,035 - RLController - INFO -   Example: junction A2 -> durations [12, 12, 54, 12] (total: 90s)
2026-09-24 12:20:52,035 - RLController - INFO -   Example: junction A4 -> durations [60, 10, 10, 10] (total: 90s)
2026-09-24 12:20:52,035 - RLController - INFO -   Example: junction A5 -> durations [27, 21, 21, 21] (total: 90s)
2026-09-24 12:20:52,035 - RLController - INFO -   Example: junction B0 -> durations [24, 22, 22, 22] (total: 90s)
2026-09-24 12:20:52,035 - RLController - INFO -   Example: junction B1 -> durations [24, 22, 22, 22] (total: 90s)
2026-09-24 12:20:52,035 - RLController - INFO -   Example: junction B2 -> durations [24, 22, 22, 22] (total: 90s)
2026-09-24 12:20:52,035 - RLController - INFO -   Example: junction B4 -> durations [24, 22, 22, 22] (total: 90s)
2026-09-24 12:20:52,035 - RLController - INFO -   Example: junction B5 -> durations [60, 10, 10, 10] (total: 90s)
2026-09-24 12:20:52,035 - RLController - INFO -   Example: junction C0 -> durations [22, 22, 24, 22] (total: 90s)
2026-09-24 12:20:52,036 - RLController - INFO -   Example: junction C1 -> durations [24, 22, 22, 22] (total: 90s)
2026-09-24 12:20:52,036 - RLController - INFO -   Example: junction C2 -> durations [58, 12, 10, 10] (total: 90s)
2026-09-24 12:20:52,036 - RLController - INFO -   Example: junction C3 -> durations [60, 10, 10, 10] (total: 90s)
2026-09-24 12:20:52,036 - RLController - INFO -   Example: junction C4 -> durations [60, 10, 10, 10] (total: 90s)
2026-09-24 12:20:52,036 - RLController - INFO -   Example: junction C5 -> durations [57, 11, 11, 11] (total: 90s)
2026-09-24 12:20:52,036 - RLController - INFO -   Example: junction D0 -> durations [24, 22, 22, 22] (total: 90s)
2026-09-24 12:20:52,036 - RLController - INFO -   Example: junction D1 -> durations [22, 22, 24, 22] (total: 90s)
2026-09-24 12:20:52,036 - RLController - INFO -   Example: junction D2 -> durations [42, 16, 16, 16] (total: 90s)
2026-09-24 12:20:52,036 - RLController - INFO -   Example: junction D3 -> durations [24, 22, 22, 22] (total: 90s)
2026-09-24 12:20:52,036 - RLController - INFO -   Example: junction D4 -> durations [24, 22, 22, 22] (total: 90s)
2026-09-24 12:20:52,037 - RLController - INFO -   Example: junction D5 -> durations [13, 13, 51, 13] (total: 90s)
2026-09-24 12:20:52,037 - RLController - INFO -   Example: junction E0 -> durations [24, 22, 22, 22] (total: 90s)
2026-09-24 12:20:52,037 - RLController - INFO -   Example: junction E1 -> durations [24, 22, 22, 22] (total: 90s)
2026-09-24 12:20:52,037 - RLController - INFO -   Stored schedules for 34 junctions, cycle starts at step 4860
2026-09-24 12:20:54,895 - RLController - INFO - DIAGNOSTIC Step 4950 - Observation stats:
2026-09-24 12:20:54,895 - RLController - INFO -   Hash: 7437640307359204279, Min: 0.000000, Max: 1.000258, Mean: 0.442083, Std: 0.456529
2026-09-24 12:20:54,895 - RLController - INFO -   First 10: [0.7178958  0.         0.8666667  0.         0.         0.3623553
 0.         1.         0.99333334 1.        ]
2026-09-24 12:20:54,896 - RLController - INFO -   Last 10: [0.         0.2        0.         0.08333334 0.491453   0.00309417
 0.07978632 0.5253777  0.         0.3       ]
2026-09-24 12:20:54,900 - RLController - INFO - DIAGNOSTIC - Raw model action output:
2026-09-24 12:20:54,900 - RLController - INFO -   Action hash: -2774537113439923803
2026-09-24 12:20:54,900 - RLController - INFO -   First 8 values: [ -7.6948504 -10.        -10.        -10.        -10.        -10.
 -10.        -10.       ]
2026-09-24 12:20:54,900 - RLController - INFO -   Last 8 values: [-10.         -10.         -10.         -10.         -10.
  -0.86634415 -10.         -10.        ]
2026-09-24 12:20:54,901 - RLController - INFO -   Action shape: (136,), min: -10.000000, max: 5.876531, mean: -9.268946
2026-09-24 12:20:54,901 - RLController - INFO -   B0 junction (indices 16-19) raw values: [-10. -10. -10. -10.]
2026-09-24 12:20:54,901 - RLController - INFO - Using CONTINUOUS DURATION-BASED mode
2026-09-24 12:20:54,901 - RLController - INFO -   Example: junction A0 -> durations [48, 14, 14, 14] (total: 90s)
2026-09-24 12:20:54,901 - RLController - INFO -   Example: junction A1 -> durations [24, 22, 22, 22] (total: 90s)
2026-09-24 12:20:54,902 - RLController - INFO -   Example: junction A2 -> durations [12, 12, 54, 12] (total: 90s)
2026-09-24 12:20:54,902 - RLController - INFO -   Example: junction A4 -> durations [60, 10, 10, 10] (total: 90s)
2026-09-24 12:20:54,902 - RLController - INFO -   Example: junction A5 -> durations [24, 22, 22, 22] (total: 90s)
2026-09-24 12:20:54,902 - RLController - INFO -   Example: junction B0 -> durations [24, 22, 22, 22] (total: 90s)
2026-09-24 12:20:54,902 - RLController - INFO -   Example: junction B1 -> durations [24, 22, 22, 22] (total: 90s)
2026-09-24 12:20:54,902 - RLController - INFO -   Example: junction B2 -> durations [24, 22, 22, 22] (total: 90s)
2026-09-24 12:20:54,903 - RLController - INFO -   Example: junction B4 -> durations [24, 22, 22, 22] (total: 90s)
2026-09-24 12:20:54,903 - RLController - INFO -   Example: junction B5 -> durations [60, 10, 10, 10] (total: 90s)
2026-09-24 12:20:54,903 - RLController - INFO -   Example: junction C0 -> durations [22, 22, 24, 22] (total: 90s)
2026-09-24 12:20:54,903 - RLController - INFO -   Example: junction C1 -> durations [24, 22, 22, 22] (total: 90s)
2026-09-24 12:20:54,903 - RLController - INFO -   Example: junction C2 -> durations [56, 14, 10, 10] (total: 90s)
2026-09-24 12:20:54,903 - RLController - INFO -   Example: junction C3 -> durations [60, 10, 10, 10] (total: 90s)
2026-09-24 12:20:54,904 - RLController - INFO -   Example: junction C4 -> durations [60, 10, 10, 10] (total: 90s)
2026-09-24 12:20:54,904 - RLController - INFO -   Example: junction C5 -> durations [57, 11, 11, 11] (total: 90s)
2026-09-24 12:20:54,904 - RLController - INFO -   Example: junction D0 -> durations [24, 22, 22, 22] (total: 90s)
2026-09-24 12:20:54,905 - RLController - INFO -   Example: junction D1 -> durations [21, 21, 27, 21] (total: 90s)
2026-09-24 12:20:54,905 - RLController - INFO -   Example: junction D2 -> durations [45, 15, 15, 15] (total: 90s)
2026-09-24 12:20:54,905 - RLController - INFO -   Example: junction D3 -> durations [24, 22, 22, 22] (total: 90s)
2026-09-24 12:20:54,905 - RLController - INFO -   Example: junction D4 -> durations [24, 22, 22, 22] (total: 90s)
2026-09-24 12:20:54,905 - RLController - INFO -   Example: junction D5 -> durations [13, 13, 51, 13] (total: 90s)
2026-09-24 12:20:54,905 - RLController - INFO -   Example: junction E0 -> durations [24, 22, 22, 22] (total: 90s)
2026-09-24 12:20:54,905 - RLController - INFO -   Example: junction E1 -> durations [24, 22, 22, 22] (total: 90s)
2026-09-24 12:20:54,906 - RLController - INFO -   Stored schedules for 34 junctions, cycle starts at step 4950
2026-09-24 12:20:59,278 - RLController - INFO - DIAGNOSTIC Step 5040 - Observation stats:
2026-09-24 12:20:59,285 - RLController - INFO -   Hash: -5306544338976252291, Min: 0.000000, Max: 1.000000, Mean: 0.444598, Std: 0.458341
2026-09-24 12:20:59,285 - RLController - INFO -   First 10: [0.5        0.         0.9266667  1.         0.00541354 0.256692
 0.         1.         0.99333334 1.        ]
2026-09-24 12:20:59,286 - RLController - INFO -   Last 10: [0.         0.2        0.         0.08333334 0.5192308  0.00403307
 0.08025641 0.50751406 0.         0.3       ]
2026-09-24 12:20:59,291 - RLController - INFO - DIAGNOSTIC - Raw model action output:
2026-09-24 12:20:59,291 - RLController - INFO -   Action hash: 9160407393940736286
2026-09-24 12:20:59,291 - RLController - INFO -   First 8 values: [ -7.6643443 -10.        -10.        -10.        -10.        -10.
 -10.        -10.       ]
2026-09-24 12:20:59,291 - RLController - INFO -   Last 8 values: [-10.        -10.        -10.        -10.        -10.         -1.0452855
 -10.        -10.       ]
2026-09-24 12:20:59,291 - RLController - INFO -   Action shape: (136,), min: -10.000000, max: 5.939120, mean: -9.283551
2026-09-24 12:20:59,292 - RLController - INFO -   B0 junction (indices 16-19) raw values: [-10. -10. -10. -10.]
2026-09-24 12:20:59,292 - RLController - INFO - Using CONTINUOUS DURATION-BASED mode
2026-09-24 12:20:59,292 - RLController - INFO -   Example: junction A0 -> durations [48, 14, 14, 14] (total: 90s)
2026-09-24 12:20:59,292 - RLController - INFO -   Example: junction A1 -> durations [24, 22, 22, 22] (total: 90s)
2026-09-24 12:20:59,292 - RLController - INFO -   Example: junction A2 -> durations [12, 12, 54, 12] (total: 90s)
2026-09-24 12:20:59,292 - RLController - INFO -   Example: junction A4 -> durations [60, 10, 10, 10] (total: 90s)
2026-09-24 12:20:59,292 - RLController - INFO -   Example: junction A5 -> durations [24, 22, 22, 22] (total: 90s)
2026-09-24 12:20:59,293 - RLController - INFO -   Example: junction B0 -> durations [24, 22, 22, 22] (total: 90s)
2026-09-24 12:20:59,293 - RLController - INFO -   Example: junction B1 -> durations [24, 22, 22, 22] (total: 90s)
2026-09-24 12:20:59,293 - RLController - INFO -   Example: junction B2 -> durations [24, 22, 22, 22] (total: 90s)
2026-09-24 12:20:59,293 - RLController - INFO -   Example: junction B4 -> durations [24, 22, 22, 22] (total: 90s)
2026-09-24 12:20:59,293 - RLController - INFO -   Example: junction B5 -> durations [60, 10, 10, 10] (total: 90s)
2026-09-24 12:20:59,293 - RLController - INFO -   Example: junction C0 -> durations [24, 22, 22, 22] (total: 90s)
2026-09-24 12:20:59,293 - RLController - INFO -   Example: junction C1 -> durations [24, 22, 22, 22] (total: 90s)
2026-09-24 12:20:59,294 - RLController - INFO -   Example: junction C2 -> durations [56, 14, 10, 10] (total: 90s)
2026-09-24 12:20:59,294 - RLController - INFO -   Example: junction C3 -> durations [60, 10, 10, 10] (total: 90s)
2026-09-24 12:20:59,294 - RLController - INFO -   Example: junction C4 -> durations [60, 10, 10, 10] (total: 90s)
2026-09-24 12:20:59,294 - RLController - INFO -   Example: junction C5 -> durations [57, 11, 11, 11] (total: 90s)
2026-09-24 12:20:59,294 - RLController - INFO -   Example: junction D0 -> durations [24, 22, 22, 22] (total: 90s)
2026-09-24 12:20:59,294 - RLController - INFO -   Example: junction D1 -> durations [22, 22, 24, 22] (total: 90s)
2026-09-24 12:20:59,294 - RLController - INFO -   Example: junction D2 -> durations [45, 15, 15, 15] (total: 90s)
2026-09-24 12:20:59,295 - RLController - INFO -   Example: junction D3 -> durations [24, 22, 22, 22] (total: 90s)
2026-09-24 12:20:59,295 - RLController - INFO -   Example: junction D4 -> durations [24, 22, 22, 22] (total: 90s)
2026-09-24 12:20:59,295 - RLController - INFO -   Example: junction D5 -> durations [13, 13, 51, 13] (total: 90s)
2026-09-24 12:20:59,295 - RLController - INFO -   Example: junction E0 -> durations [24, 22, 22, 22] (total: 90s)
2026-09-24 12:20:59,295 - RLController - INFO -   Example: junction E1 -> durations [24, 22, 22, 22] (total: 90s)
2026-09-24 12:20:59,296 - RLController - INFO -   Stored schedules for 34 junctions, cycle starts at step 5040
2026-09-24 12:21:02,022 - RLController - INFO - DIAGNOSTIC Step 5130 - Observation stats:
2026-09-24 12:21:02,022 - RLController - INFO -   Hash: 8683899259415447289, Min: 0.000000, Max: 1.000000, Mean: 0.442181, Std: 0.455913
2026-09-24 12:21:02,022 - RLController - INFO -   First 10: [1.         0.         0.         0.         0.         0.513384
 0.         1.         0.99333334 1.        ]
2026-09-24 12:21:02,023 - RLController - INFO -   Last 10: [0.         0.2        0.         0.08333334 0.4871795  0.0031634
 0.08188034 0.5306986  0.         0.3       ]
2026-09-24 12:21:02,029 - RLController - INFO - DIAGNOSTIC - Raw model action output:
2026-09-24 12:21:02,029 - RLController - INFO -   Action hash: 3368378330144978127
2026-09-24 12:21:02,030 - RLController - INFO -   First 8 values: [ -7.658211 -10.       -10.       -10.       -10.       -10.
 -10.       -10.      ]
2026-09-24 12:21:02,030 - RLController - INFO -   Last 8 values: [-10.        -10.        -10.        -10.        -10.         -1.4063814
 -10.        -10.       ]
2026-09-24 12:21:02,030 - RLController - INFO -   Action shape: (136,), min: -10.000000, max: 5.135104, mean: -9.285826
2026-09-24 12:21:02,031 - RLController - INFO -   B0 junction (indices 16-19) raw values: [ -9.845542 -10.       -10.       -10.      ]
2026-09-24 12:21:02,031 - RLController - INFO - Using CONTINUOUS DURATION-BASED mode
2026-09-24 12:21:02,031 - RLController - INFO -   Example: junction A0 -> durations [48, 14, 14, 14] (total: 90s)
2026-09-24 12:21:02,031 - RLController - INFO -   Example: junction A1 -> durations [24, 22, 22, 22] (total: 90s)
2026-09-24 12:21:02,031 - RLController - INFO -   Example: junction A2 -> durations [13, 13, 51, 13] (total: 90s)
2026-09-24 12:21:02,031 - RLController - INFO -   Example: junction A4 -> durations [60, 10, 10, 10] (total: 90s)
2026-09-24 12:21:02,032 - RLController - INFO -   Example: junction A5 -> durations [24, 22, 22, 22] (total: 90s)
2026-09-24 12:21:02,032 - RLController - INFO -   Example: junction B0 -> durations [24, 22, 22, 22] (total: 90s)
2026-09-24 12:21:02,032 - RLController - INFO -   Example: junction B1 -> durations [24, 22, 22, 22] (total: 90s)
2026-09-24 12:21:02,032 - RLController - INFO -   Example: junction B2 -> durations [24, 22, 22, 22] (total: 90s)
2026-09-24 12:21:02,032 - RLController - INFO -   Example: junction B4 -> durations [24, 22, 22, 22] (total: 90s)
2026-09-24 12:21:02,033 - RLController - INFO -   Example: junction B5 -> durations [60, 10, 10, 10] (total: 90s)
2026-09-24 12:21:02,033 - RLController - INFO -   Example: junction C0 -> durations [24, 22, 22, 22] (total: 90s)
2026-09-24 12:21:02,033 - RLController - INFO -   Example: junction C1 -> durations [24, 22, 22, 22] (total: 90s)
2026-09-24 12:21:02,033 - RLController - INFO -   Example: junction C2 -> durations [55, 15, 10, 10] (total: 90s)
2026-09-24 12:21:02,034 - RLController - INFO -   Example: junction C3 -> durations [60, 10, 10, 10] (total: 90s)
2026-09-24 12:21:02,034 - RLController - INFO -   Example: junction C4 -> durations [57, 11, 11, 11] (total: 90s)
2026-09-24 12:21:02,034 - RLController - INFO -   Example: junction C5 -> durations [57, 11, 11, 11] (total: 90s)
2026-09-24 12:21:02,034 - RLController - INFO -   Example: junction D0 -> durations [24, 22, 22, 22] (total: 90s)
2026-09-24 12:21:02,034 - RLController - INFO -   Example: junction D1 -> durations [22, 22, 24, 22] (total: 90s)
2026-09-24 12:21:02,034 - RLController - INFO -   Example: junction D2 -> durations [45, 15, 15, 15] (total: 90s)
2026-09-24 12:21:02,035 - RLController - INFO -   Example: junction D3 -> durations [24, 22, 22, 22] (total: 90s)
2026-09-24 12:21:02,035 - RLController - INFO -   Example: junction D4 -> durations [24, 22, 22, 22] (total: 90s)
2026-09-24 12:21:02,035 - RLController - INFO -   Example: junction D5 -> durations [14, 14, 48, 14] (total: 90s)
2026-09-24 12:21:02,035 - RLController - INFO -   Example: junction E0 -> durations [24, 22, 22, 22] (total: 90s)
2026-09-24 12:21:02,035 - RLController - INFO -   Example: junction E1 -> durations [24, 22, 22, 22] (total: 90s)
2026-09-24 12:21:02,036 - RLController - INFO -   Stored schedules for 34 junctions, cycle starts at step 5130
2026-09-24 12:21:05,663 - RLController - INFO - DIAGNOSTIC Step 5220 - Observation stats:
2026-09-24 12:21:05,666 - RLController - INFO -   Hash: -4914088261866567518, Min: 0.000000, Max: 1.000000, Mean: 0.439476, Std: 0.456386
2026-09-24 12:21:05,666 - RLController - INFO -   First 10: [1.       0.       0.       0.       0.       0.513384 1.       0.
 0.       0.      ]
2026-09-24 12:21:05,666 - RLController - INFO -   Last 10: [0.         0.2        0.         0.08333334 0.4957265  0.00296929
 0.08213675 0.5197114  0.         0.3       ]
2026-09-24 12:21:05,673 - RLController - INFO - DIAGNOSTIC - Raw model action output:
2026-09-24 12:21:05,673 - RLController - INFO -   Action hash: 2956241755891773241
2026-09-24 12:21:05,673 - RLController - INFO -   First 8 values: [ -7.572824 -10.       -10.       -10.       -10.       -10.
 -10.       -10.      ]
2026-09-24 12:21:05,673 - RLController - INFO -   Last 8 values: [-10.        -10.        -10.        -10.        -10.         -1.9675884
 -10.        -10.       ]
2026-09-24 12:21:05,673 - RLController - INFO -   Action shape: (136,), min: -10.000000, max: 4.935795, mean: -9.288039
2026-09-24 12:21:05,674 - RLController - INFO -   B0 junction (indices 16-19) raw values: [-10. -10. -10. -10.]
2026-09-24 12:21:05,674 - RLController - INFO - Using CONTINUOUS DURATION-BASED mode
2026-09-24 12:21:05,674 - RLController - INFO -   Example: junction A0 -> durations [51, 13, 13, 13] (total: 90s)
2026-09-24 12:21:05,674 - RLController - INFO -   Example: junction A1 -> durations [24, 22, 22, 22] (total: 90s)
2026-09-24 12:21:05,674 - RLController - INFO -   Example: junction A2 -> durations [13, 13, 51, 13] (total: 90s)
2026-09-24 12:21:05,674 - RLController - INFO -   Example: junction A4 -> durations [60, 10, 10, 10] (total: 90s)
2026-09-24 12:21:05,675 - RLController - INFO -   Example: junction A5 -> durations [24, 22, 22, 22] (total: 90s)
2026-09-24 12:21:05,675 - RLController - INFO -   Example: junction B0 -> durations [24, 22, 22, 22] (total: 90s)
2026-09-24 12:21:05,675 - RLController - INFO -   Example: junction B1 -> durations [24, 22, 22, 22] (total: 90s)
2026-09-24 12:21:05,675 - RLController - INFO -   Example: junction B2 -> durations [24, 22, 22, 22] (total: 90s)
2026-09-24 12:21:05,675 - RLController - INFO -   Example: junction B4 -> durations [24, 22, 22, 22] (total: 90s)
2026-09-24 12:21:05,675 - RLController - INFO -   Example: junction B5 -> durations [60, 10, 10, 10] (total: 90s)
2026-09-24 12:21:05,675 - RLController - INFO -   Example: junction C0 -> durations [22, 22, 24, 22] (total: 90s)
2026-09-24 12:21:05,675 - RLController - INFO -   Example: junction C1 -> durations [24, 22, 22, 22] (total: 90s)
2026-09-24 12:21:05,676 - RLController - INFO -   Example: junction C2 -> durations [54, 16, 10, 10] (total: 90s)
2026-09-24 12:21:05,676 - RLController - INFO -   Example: junction C3 -> durations [60, 10, 10, 10] (total: 90s)
2026-09-24 12:21:05,676 - RLController - INFO -   Example: junction C4 -> durations [57, 11, 11, 11] (total: 90s)
2026-09-24 12:21:05,676 - RLController - INFO -   Example: junction C5 -> durations [57, 11, 11, 11] (total: 90s)
2026-09-24 12:21:05,676 - RLController - INFO -   Example: junction D0 -> durations [24, 22, 22, 22] (total: 90s)
2026-09-24 12:21:05,676 - RLController - INFO -   Example: junction D1 -> durations [21, 21, 27, 21] (total: 90s)
2026-09-24 12:21:05,676 - RLController - INFO -   Example: junction D2 -> durations [48, 14, 14, 14] (total: 90s)
2026-09-24 12:21:05,676 - RLController - INFO -   Example: junction D3 -> durations [24, 22, 22, 22] (total: 90s)
2026-09-24 12:21:05,677 - RLController - INFO -   Example: junction D4 -> durations [24, 22, 22, 22] (total: 90s)
2026-09-24 12:21:05,677 - RLController - INFO -   Example: junction D5 -> durations [13, 13, 51, 13] (total: 90s)
2026-09-24 12:21:05,677 - RLController - INFO -   Example: junction E0 -> durations [24, 22, 22, 22] (total: 90s)
2026-09-24 12:21:05,677 - RLController - INFO -   Example: junction E1 -> durations [24, 22, 22, 22] (total: 90s)
2026-09-24 12:21:05,678 - RLController - INFO -   Stored schedules for 34 junctions, cycle starts at step 5220
2026-09-24 12:21:09,374 - RLController - INFO - DIAGNOSTIC Step 5310 - Observation stats:
2026-09-24 12:21:09,374 - RLController - INFO -   Hash: 4292347187487803889, Min: 0.000000, Max: 1.000000, Mean: 0.438559, Std: 0.456959
2026-09-24 12:21:09,375 - RLController - INFO -   First 10: [1.       0.       0.       0.       0.       0.513384 1.       0.
 0.       0.      ]
2026-09-24 12:21:09,375 - RLController - INFO -   Last 10: [0.         0.2        0.         0.08333334 0.5        0.0035485
 0.08098291 0.5237466  0.         0.3       ]
2026-09-24 12:21:09,573 - RLController - INFO - DIAGNOSTIC - Raw model action output:
2026-09-24 12:21:09,573 - RLController - INFO -   Action hash: 6660966102735578906
2026-09-24 12:21:09,573 - RLController - INFO -   First 8 values: [ -7.2760634 -10.        -10.        -10.        -10.        -10.
 -10.        -10.       ]
2026-09-24 12:21:09,574 - RLController - INFO -   Last 8 values: [-10.        -10.        -10.        -10.        -10.         -2.2759993
 -10.        -10.       ]
2026-09-24 12:21:09,574 - RLController - INFO -   Action shape: (136,), min: -10.000000, max: 4.862012, mean: -9.270190
2026-09-24 12:21:09,574 - RLController - INFO -   B0 junction (indices 16-19) raw values: [ -9.869403 -10.       -10.       -10.      ]
2026-09-24 12:21:09,574 - RLController - INFO - Using CONTINUOUS DURATION-BASED mode
2026-09-24 12:21:09,574 - RLController - INFO -   Example: junction A0 -> durations [51, 13, 13, 13] (total: 90s)
2026-09-24 12:21:09,575 - RLController - INFO -   Example: junction A1 -> durations [24, 22, 22, 22] (total: 90s)
2026-09-24 12:21:09,575 - RLController - INFO -   Example: junction A2 -> durations [12, 12, 54, 12] (total: 90s)
2026-09-24 12:21:09,575 - RLController - INFO -   Example: junction A4 -> durations [60, 10, 10, 10] (total: 90s)
2026-09-24 12:21:09,575 - RLController - INFO -   Example: junction A5 -> durations [24, 22, 22, 22] (total: 90s)
2026-09-24 12:21:09,575 - RLController - INFO -   Example: junction B0 -> durations [24, 22, 22, 22] (total: 90s)
2026-09-24 12:21:09,575 - RLController - INFO -   Example: junction B1 -> durations [24, 22, 22, 22] (total: 90s)
2026-09-24 12:21:09,576 - RLController - INFO -   Example: junction B2 -> durations [24, 22, 22, 22] (total: 90s)
2026-09-24 12:21:09,576 - RLController - INFO -   Example: junction B4 -> durations [24, 22, 22, 22] (total: 90s)
2026-09-24 12:21:09,576 - RLController - INFO -   Example: junction B5 -> durations [60, 10, 10, 10] (total: 90s)
2026-09-24 12:21:09,576 - RLController - INFO -   Example: junction C0 -> durations [22, 22, 24, 22] (total: 90s)
2026-09-24 12:21:09,576 - RLController - INFO -   Example: junction C1 -> durations [24, 22, 22, 22] (total: 90s)
2026-09-24 12:21:09,576 - RLController - INFO -   Example: junction C2 -> durations [56, 14, 10, 10] (total: 90s)
2026-09-24 12:21:09,577 - RLController - INFO -   Example: junction C3 -> durations [60, 10, 10, 10] (total: 90s)
2026-09-24 12:21:09,577 - RLController - INFO -   Example: junction C4 -> durations [57, 11, 11, 11] (total: 90s)
2026-09-24 12:21:09,577 - RLController - INFO -   Example: junction C5 -> durations [57, 11, 11, 11] (total: 90s)
2026-09-24 12:21:09,577 - RLController - INFO -   Example: junction D0 -> durations [24, 22, 22, 22] (total: 90s)
2026-09-24 12:21:09,577 - RLController - INFO -   Example: junction D1 -> durations [21, 21, 27, 21] (total: 90s)
2026-09-24 12:21:09,577 - RLController - INFO -   Example: junction D2 -> durations [48, 14, 14, 14] (total: 90s)
2026-09-24 12:21:09,578 - RLController - INFO -   Example: junction D3 -> durations [24, 22, 22, 22] (total: 90s)
2026-09-24 12:21:09,578 - RLController - INFO -   Example: junction D4 -> durations [24, 22, 22, 22] (total: 90s)
2026-09-24 12:21:09,578 - RLController - INFO -   Example: junction D5 -> durations [13, 13, 51, 13] (total: 90s)
2026-09-24 12:21:09,578 - RLController - INFO -   Example: junction E0 -> durations [24, 22, 22, 22] (total: 90s)
2026-09-24 12:21:09,578 - RLController - INFO -   Example: junction E1 -> durations [24, 22, 22, 22] (total: 90s)
2026-09-24 12:21:09,579 - RLController - INFO -   Stored schedules for 34 junctions, cycle starts at step 5310
2026-09-24 12:21:12,955 - RLController - INFO - DIAGNOSTIC Step 5400 - Observation stats:
2026-09-24 12:21:12,955 - RLController - INFO -   Hash: 3106736343914687129, Min: 0.000000, Max: 1.000000, Mean: 0.440945, Std: 0.455862
2026-09-24 12:21:12,956 - RLController - INFO -   First 10: [1.         0.         0.         0.         0.         0.513384
 0.         0.         0.99333334 1.        ]
2026-09-24 12:21:12,956 - RLController - INFO -   Last 10: [0.         0.2        0.         0.08333334 0.50427353 0.00336146
 0.0824359  0.5203029  0.         0.3       ]
2026-09-24 12:21:12,961 - RLController - INFO - DIAGNOSTIC - Raw model action output:
2026-09-24 12:21:12,961 - RLController - INFO -   Action hash: 8609029339198037718
2026-09-24 12:21:12,961 - RLController - INFO -   First 8 values: [ -7.323978 -10.       -10.       -10.       -10.       -10.
 -10.       -10.      ]
2026-09-24 12:21:12,962 - RLController - INFO -   Last 8 values: [-10.        -10.        -10.        -10.        -10.         -2.7497785
 -10.        -10.       ]
2026-09-24 12:21:12,962 - RLController - INFO -   Action shape: (136,), min: -10.000000, max: 4.995793, mean: -9.288653
2026-09-24 12:21:12,962 - RLController - INFO -   B0 junction (indices 16-19) raw values: [-10. -10. -10. -10.]
2026-09-24 12:21:12,962 - RLController - INFO - Using CONTINUOUS DURATION-BASED mode
2026-09-24 12:21:12,962 - RLController - INFO -   Example: junction A0 -> durations [51, 13, 13, 13] (total: 90s)
2026-09-24 12:21:12,963 - RLController - INFO -   Example: junction A1 -> durations [24, 22, 22, 22] (total: 90s)
2026-09-24 12:21:12,963 - RLController - INFO -   Example: junction A2 -> durations [12, 12, 54, 12] (total: 90s)
2026-09-24 12:21:12,963 - RLController - INFO -   Example: junction A4 -> durations [60, 10, 10, 10] (total: 90s)
2026-09-24 12:21:12,963 - RLController - INFO -   Example: junction A5 -> durations [24, 22, 22, 22] (total: 90s)
2026-09-24 12:21:12,963 - RLController - INFO -   Example: junction B0 -> durations [24, 22, 22, 22] (total: 90s)
2026-09-24 12:21:12,964 - RLController - INFO -   Example: junction B1 -> durations [24, 22, 22, 22] (total: 90s)
2026-09-24 12:21:12,964 - RLController - INFO -   Example: junction B2 -> durations [24, 22, 22, 22] (total: 90s)
2026-09-24 12:21:12,964 - RLController - INFO -   Example: junction B4 -> durations [24, 22, 22, 22] (total: 90s)
2026-09-24 12:21:12,964 - RLController - INFO -   Example: junction B5 -> durations [60, 10, 10, 10] (total: 90s)
2026-09-24 12:21:12,965 - RLController - INFO -   Example: junction C0 -> durations [21, 21, 27, 21] (total: 90s)
2026-09-24 12:21:12,965 - RLController - INFO -   Example: junction C1 -> durations [24, 22, 22, 22] (total: 90s)
2026-09-24 12:21:12,965 - RLController - INFO -   Example: junction C2 -> durations [56, 14, 10, 10] (total: 90s)
2026-09-24 12:21:12,965 - RLController - INFO -   Example: junction C3 -> durations [60, 10, 10, 10] (total: 90s)
2026-09-24 12:21:12,965 - RLController - INFO -   Example: junction C4 -> durations [57, 11, 11, 11] (total: 90s)
2026-09-24 12:21:12,966 - RLController - INFO -   Example: junction C5 -> durations [57, 11, 11, 11] (total: 90s)
2026-09-24 12:21:12,966 - RLController - INFO -   Example: junction D0 -> durations [24, 22, 22, 22] (total: 90s)
2026-09-24 12:21:12,966 - RLController - INFO -   Example: junction D1 -> durations [21, 21, 27, 21] (total: 90s)
2026-09-24 12:21:12,966 - RLController - INFO -   Example: junction D2 -> durations [48, 14, 14, 14] (total: 90s)
2026-09-24 12:21:12,966 - RLController - INFO -   Example: junction D3 -> durations [24, 22, 22, 22] (total: 90s)
2026-09-24 12:21:12,966 - RLController - INFO -   Example: junction D4 -> durations [24, 22, 22, 22] (total: 90s)
2026-09-24 12:21:12,967 - RLController - INFO -   Example: junction D5 -> durations [13, 13, 51, 13] (total: 90s)
2026-09-24 12:21:12,967 - RLController - INFO -   Example: junction E0 -> durations [24, 22, 22, 22] (total: 90s)
2026-09-24 12:21:12,967 - RLController - INFO -   Example: junction E1 -> durations [24, 22, 22, 22] (total: 90s)
2026-09-24 12:21:12,968 - RLController - INFO -   Stored schedules for 34 junctions, cycle starts at step 5400
2026-09-24 12:21:15,773 - RLController - INFO - DIAGNOSTIC Step 5490 - Observation stats:
2026-09-24 12:21:15,774 - RLController - INFO -   Hash: -8992665054761574708, Min: 0.000000, Max: 1.000000, Mean: 0.440786, Std: 0.455174
2026-09-24 12:21:15,774 - RLController - INFO -   First 10: [1.         0.         0.         0.         0.         0.513384
 0.         1.         0.99333334 1.        ]
2026-09-24 12:21:15,774 - RLController - INFO -   Last 10: [0.         0.2        0.         0.08333334 0.48076922 0.0035907
 0.08239316 0.5443319  0.         0.3       ]
2026-09-24 12:21:15,822 - RLController - INFO - DIAGNOSTIC - Raw model action output:
2026-09-24 12:21:15,822 - RLController - INFO -   Action hash: -1325415141816170331
2026-09-24 12:21:15,822 - RLController - INFO -   First 8 values: [ -7.0583143 -10.        -10.        -10.        -10.        -10.
 -10.        -10.       ]
2026-09-24 12:21:15,823 - RLController - INFO -   Last 8 values: [-10.        -10.        -10.        -10.        -10.         -2.4059923
 -10.        -10.       ]
2026-09-24 12:21:15,823 - RLController - INFO -   Action shape: (136,), min: -10.000000, max: 5.186118, mean: -9.282261
2026-09-24 12:21:15,823 - RLController - INFO -   B0 junction (indices 16-19) raw values: [-10. -10. -10. -10.]
2026-09-24 12:21:15,823 - RLController - INFO - Using CONTINUOUS DURATION-BASED mode
2026-09-24 12:21:15,823 - RLController - INFO -   Example: junction A0 -> durations [54, 12, 12, 12] (total: 90s)
2026-09-24 12:21:15,824 - RLController - INFO -   Example: junction A1 -> durations [24, 22, 22, 22] (total: 90s)
2026-09-24 12:21:15,824 - RLController - INFO -   Example: junction A2 -> durations [12, 12, 54, 12] (total: 90s)
2026-09-24 12:21:15,824 - RLController - INFO -   Example: junction A4 -> durations [60, 10, 10, 10] (total: 90s)
2026-09-24 12:21:15,824 - RLController - INFO -   Example: junction A5 -> durations [24, 22, 22, 22] (total: 90s)
2026-09-24 12:21:15,824 - RLController - INFO -   Example: junction B0 -> durations [24, 22, 22, 22] (total: 90s)
2026-09-24 12:21:15,824 - RLController - INFO -   Example: junction B1 -> durations [24, 22, 22, 22] (total: 90s)
2026-09-24 12:21:15,825 - RLController - INFO -   Example: junction B2 -> durations [24, 22, 22, 22] (total: 90s)
2026-09-24 12:21:15,825 - RLController - INFO -   Example: junction B4 -> durations [24, 22, 22, 22] (total: 90s)
2026-09-24 12:21:15,825 - RLController - INFO -   Example: junction B5 -> durations [60, 10, 10, 10] (total: 90s)
2026-09-24 12:21:15,825 - RLController - INFO -   Example: junction C0 -> durations [21, 21, 27, 21] (total: 90s)
2026-09-24 12:21:15,825 - RLController - INFO -   Example: junction C1 -> durations [24, 22, 22, 22] (total: 90s)
2026-09-24 12:21:15,825 - RLController - INFO -   Example: junction C2 -> durations [56, 14, 10, 10] (total: 90s)
2026-09-24 12:21:15,825 - RLController - INFO -   Example: junction C3 -> durations [60, 10, 10, 10] (total: 90s)
2026-09-24 12:21:15,825 - RLController - INFO -   Example: junction C4 -> durations [57, 11, 11, 11] (total: 90s)
2026-09-24 12:21:15,826 - RLController - INFO -   Example: junction C5 -> durations [57, 11, 11, 11] (total: 90s)
2026-09-24 12:21:15,826 - RLController - INFO -   Example: junction D0 -> durations [24, 22, 22, 22] (total: 90s)
2026-09-24 12:21:15,826 - RLController - INFO -   Example: junction D1 -> durations [22, 22, 24, 22] (total: 90s)
2026-09-24 12:21:15,826 - RLController - INFO -   Example: junction D2 -> durations [48, 14, 14, 14] (total: 90s)
2026-09-24 12:21:15,826 - RLController - INFO -   Example: junction D3 -> durations [24, 22, 22, 22] (total: 90s)
2026-09-24 12:21:15,826 - RLController - INFO -   Example: junction D4 -> durations [24, 22, 22, 22] (total: 90s)
2026-09-24 12:21:15,826 - RLController - INFO -   Example: junction D5 -> durations [13, 13, 51, 13] (total: 90s)
2026-09-24 12:21:15,827 - RLController - INFO -   Example: junction E0 -> durations [24, 22, 22, 22] (total: 90s)
2026-09-24 12:21:15,827 - RLController - INFO -   Example: junction E1 -> durations [24, 22, 22, 22] (total: 90s)
2026-09-24 12:21:15,827 - RLController - INFO -   Stored schedules for 34 junctions, cycle starts at step 5490
2026-09-24 12:21:19,145 - RLController - INFO - DIAGNOSTIC Step 5580 - Observation stats:
2026-09-24 12:21:19,145 - RLController - INFO -   Hash: -5407569321230821756, Min: 0.000000, Max: 1.000000, Mean: 0.442390, Std: 0.455179
2026-09-24 12:21:19,145 - RLController - INFO -   First 10: [1.       0.       0.       0.       0.       0.513384 1.       0.
 0.       0.      ]
2026-09-24 12:21:19,145 - RLController - INFO -   Last 10: [0.         0.2        0.         0.08333334 0.50213677 0.00376292
 0.0815812  0.52406275 0.         0.3       ]
2026-09-24 12:21:19,149 - RLController - INFO - DIAGNOSTIC - Raw model action output:
2026-09-24 12:21:19,149 - RLController - INFO -   Action hash: 7702893785606561898
2026-09-24 12:21:19,149 - RLController - INFO -   First 8 values: [ -7.3224597 -10.        -10.        -10.        -10.        -10.
 -10.        -10.       ]
2026-09-24 12:21:19,150 - RLController - INFO -   Last 8 values: [-10.        -10.        -10.        -10.        -10.         -2.4111917
 -10.        -10.       ]
2026-09-24 12:21:19,150 - RLController - INFO -   Action shape: (136,), min: -10.000000, max: 4.606695, mean: -9.284953
2026-09-24 12:21:19,150 - RLController - INFO -   B0 junction (indices 16-19) raw values: [-10. -10. -10. -10.]
2026-09-24 12:21:19,150 - RLController - INFO - Using CONTINUOUS DURATION-BASED mode
2026-09-24 12:21:19,150 - RLController - INFO -   Example: junction A0 -> durations [51, 13, 13, 13] (total: 90s)
2026-09-24 12:21:19,151 - RLController - INFO -   Example: junction A1 -> durations [24, 22, 22, 22] (total: 90s)
2026-09-24 12:21:19,151 - RLController - INFO -   Example: junction A2 -> durations [12, 12, 54, 12] (total: 90s)
2026-09-24 12:21:19,151 - RLController - INFO -   Example: junction A4 -> durations [60, 10, 10, 10] (total: 90s)
2026-09-24 12:21:19,151 - RLController - INFO -   Example: junction A5 -> durations [24, 22, 22, 22] (total: 90s)
2026-09-24 12:21:19,152 - RLController - INFO -   Example: junction B0 -> durations [24, 22, 22, 22] (total: 90s)
2026-09-24 12:21:19,152 - RLController - INFO -   Example: junction B1 -> durations [24, 22, 22, 22] (total: 90s)
2026-09-24 12:21:19,152 - RLController - INFO -   Example: junction B2 -> durations [24, 22, 22, 22] (total: 90s)
2026-09-24 12:21:19,152 - RLController - INFO -   Example: junction B4 -> durations [24, 22, 22, 22] (total: 90s)
2026-09-24 12:21:19,152 - RLController - INFO -   Example: junction B5 -> durations [60, 10, 10, 10] (total: 90s)
2026-09-24 12:21:19,152 - RLController - INFO -   Example: junction C0 -> durations [22, 22, 24, 22] (total: 90s)
2026-09-24 12:21:19,152 - RLController - INFO -   Example: junction C1 -> durations [24, 22, 22, 22] (total: 90s)
2026-09-24 12:21:19,153 - RLController - INFO -   Example: junction C2 -> durations [55, 15, 10, 10] (total: 90s)
2026-09-24 12:21:19,153 - RLController - INFO -   Example: junction C3 -> durations [60, 10, 10, 10] (total: 90s)
2026-09-24 12:21:19,153 - RLController - INFO -   Example: junction C4 -> durations [57, 11, 11, 11] (total: 90s)
2026-09-24 12:21:19,153 - RLController - INFO -   Example: junction C5 -> durations [57, 11, 11, 11] (total: 90s)
2026-09-24 12:21:19,153 - RLController - INFO -   Example: junction D0 -> durations [24, 22, 22, 22] (total: 90s)
2026-09-24 12:21:19,153 - RLController - INFO -   Example: junction D1 -> durations [22, 22, 24, 22] (total: 90s)
2026-09-24 12:21:19,153 - RLController - INFO -   Example: junction D2 -> durations [48, 14, 14, 14] (total: 90s)
2026-09-24 12:21:19,154 - RLController - INFO -   Example: junction D3 -> durations [24, 22, 22, 22] (total: 90s)
2026-09-24 12:21:19,154 - RLController - INFO -   Example: junction D4 -> durations [24, 22, 22, 22] (total: 90s)
2026-09-24 12:21:19,154 - RLController - INFO -   Example: junction D5 -> durations [13, 13, 51, 13] (total: 90s)
2026-09-24 12:21:19,154 - RLController - INFO -   Example: junction E0 -> durations [24, 22, 22, 22] (total: 90s)
2026-09-24 12:21:19,154 - RLController - INFO -   Example: junction E1 -> durations [24, 22, 22, 22] (total: 90s)
2026-09-24 12:21:19,155 - RLController - INFO -   Stored schedules for 34 junctions, cycle starts at step 5580
2026-09-24 12:21:22,490 - RLController - INFO - DIAGNOSTIC Step 5670 - Observation stats:
2026-09-24 12:21:22,490 - RLController - INFO -   Hash: 2210749205767335567, Min: 0.000000, Max: 1.000041, Mean: 0.442986, Std: 0.457743
2026-09-24 12:21:22,490 - RLController - INFO -   First 10: [1.       0.       0.       0.       0.       0.513384 1.       0.
 0.       0.      ]
2026-09-24 12:21:22,491 - RLController - INFO -   Last 10: [0.         0.2        0.         0.08333334 0.48931623 0.0033138
 0.08076923 0.5283762  0.         0.3       ]
2026-09-24 12:21:22,515 - RLController - INFO - DIAGNOSTIC - Raw model action output:
2026-09-24 12:21:22,515 - RLController - INFO -   Action hash: -2703083155190669097
2026-09-24 12:21:22,515 - RLController - INFO -   First 8 values: [ -7.318004 -10.       -10.       -10.       -10.       -10.
 -10.       -10.      ]
2026-09-24 12:21:22,515 - RLController - INFO -   Last 8 values: [-10.       -10.       -10.       -10.       -10.        -2.757373
 -10.       -10.      ]
2026-09-24 12:21:22,515 - RLController - INFO -   Action shape: (136,), min: -10.000000, max: 5.219685, mean: -9.261316
2026-09-24 12:21:22,516 - RLController - INFO -   B0 junction (indices 16-19) raw values: [-10. -10. -10. -10.]
2026-09-24 12:21:22,516 - RLController - INFO - Using CONTINUOUS DURATION-BASED mode
2026-09-24 12:21:22,516 - RLController - INFO -   Example: junction A0 -> durations [51, 13, 13, 13] (total: 90s)
2026-09-24 12:21:22,516 - RLController - INFO -   Example: junction A1 -> durations [24, 22, 22, 22] (total: 90s)
2026-09-24 12:21:22,516 - RLController - INFO -   Example: junction A2 -> durations [12, 12, 54, 12] (total: 90s)
2026-09-24 12:21:22,517 - RLController - INFO -   Example: junction A4 -> durations [60, 10, 10, 10] (total: 90s)
2026-09-24 12:21:22,517 - RLController - INFO -   Example: junction A5 -> durations [24, 22, 22, 22] (total: 90s)
2026-09-24 12:21:22,517 - RLController - INFO -   Example: junction B0 -> durations [24, 22, 22, 22] (total: 90s)
2026-09-24 12:21:22,517 - RLController - INFO -   Example: junction B1 -> durations [24, 22, 22, 22] (total: 90s)
2026-09-24 12:21:22,517 - RLController - INFO -   Example: junction B2 -> durations [24, 22, 22, 22] (total: 90s)
2026-09-24 12:21:22,517 - RLController - INFO -   Example: junction B4 -> durations [24, 22, 22, 22] (total: 90s)
2026-09-24 12:21:22,518 - RLController - INFO -   Example: junction B5 -> durations [60, 10, 10, 10] (total: 90s)
2026-09-24 12:21:22,518 - RLController - INFO -   Example: junction C0 -> durations [22, 22, 24, 22] (total: 90s)
2026-09-24 12:21:22,518 - RLController - INFO -   Example: junction C1 -> durations [24, 22, 22, 22] (total: 90s)
2026-09-24 12:21:22,518 - RLController - INFO -   Example: junction C2 -> durations [56, 14, 10, 10] (total: 90s)
2026-09-24 12:21:22,518 - RLController - INFO -   Example: junction C3 -> durations [60, 10, 10, 10] (total: 90s)
2026-09-24 12:21:22,518 - RLController - INFO -   Example: junction C4 -> durations [60, 10, 10, 10] (total: 90s)
2026-09-24 12:21:22,519 - RLController - INFO -   Example: junction C5 -> durations [57, 11, 11, 11] (total: 90s)
2026-09-24 12:21:22,519 - RLController - INFO -   Example: junction D0 -> durations [24, 22, 22, 22] (total: 90s)
2026-09-24 12:21:22,519 - RLController - INFO -   Example: junction D1 -> durations [21, 21, 27, 21] (total: 90s)
2026-09-24 12:21:22,519 - RLController - INFO -   Example: junction D2 -> durations [48, 14, 14, 14] (total: 90s)
2026-09-24 12:21:22,519 - RLController - INFO -   Example: junction D3 -> durations [24, 22, 22, 22] (total: 90s)
2026-09-24 12:21:22,519 - RLController - INFO -   Example: junction D4 -> durations [24, 22, 22, 22] (total: 90s)
2026-09-24 12:21:22,520 - RLController - INFO -   Example: junction D5 -> durations [14, 14, 48, 14] (total: 90s)
2026-09-24 12:21:22,520 - RLController - INFO -   Example: junction E0 -> durations [24, 22, 22, 22] (total: 90s)
2026-09-24 12:21:22,520 - RLController - INFO -   Example: junction E1 -> durations [24, 22, 22, 22] (total: 90s)
2026-09-24 12:21:22,521 - RLController - INFO -   Stored schedules for 34 junctions, cycle starts at step 5670
2026-09-24 12:21:26,202 - RLController - INFO - DIAGNOSTIC Step 5760 - Observation stats:
2026-09-24 12:21:26,834 - RLController - INFO -   Hash: -1886396120952744527, Min: 0.000000, Max: 1.000000, Mean: 0.447599, Std: 0.459063
2026-09-24 12:21:26,836 - RLController - INFO -   First 10: [1.       0.       0.       0.       0.       0.513384 1.       0.
 0.       0.      ]
2026-09-24 12:21:26,836 - RLController - INFO -   Last 10: [0.         0.2        0.         0.08333334 0.50641024 0.00353417
 0.08102564 0.52029574 0.         0.3       ]
2026-09-24 12:21:26,842 - RLController - INFO - DIAGNOSTIC - Raw model action output:
2026-09-24 12:21:26,842 - RLController - INFO -   Action hash: -5011664320017141430
2026-09-24 12:21:26,842 - RLController - INFO -   First 8 values: [ -7.488474 -10.       -10.       -10.       -10.       -10.
 -10.       -10.      ]
2026-09-24 12:21:26,843 - RLController - INFO -   Last 8 values: [-10.       -10.       -10.       -10.       -10.        -1.878144
 -10.       -10.      ]
2026-09-24 12:21:26,843 - RLController - INFO -   Action shape: (136,), min: -10.000000, max: 5.660134, mean: -9.279127
2026-09-24 12:21:26,843 - RLController - INFO -   B0 junction (indices 16-19) raw values: [-10. -10. -10. -10.]
2026-09-24 12:21:26,843 - RLController - INFO - Using CONTINUOUS DURATION-BASED mode
2026-09-24 12:21:26,844 - RLController - INFO -   Example: junction A0 -> durations [51, 13, 13, 13] (total: 90s)
2026-09-24 12:21:26,844 - RLController - INFO -   Example: junction A1 -> durations [24, 22, 22, 22] (total: 90s)
2026-09-24 12:21:26,845 - RLController - INFO -   Example: junction A2 -> durations [13, 13, 51, 13] (total: 90s)
2026-09-24 12:21:26,845 - RLController - INFO -   Example: junction A4 -> durations [60, 10, 10, 10] (total: 90s)
2026-09-24 12:21:26,845 - RLController - INFO -   Example: junction A5 -> durations [24, 22, 22, 22] (total: 90s)
2026-09-24 12:21:26,845 - RLController - INFO -   Example: junction B0 -> durations [24, 22, 22, 22] (total: 90s)
2026-09-24 12:21:26,845 - RLController - INFO -   Example: junction B1 -> durations [24, 22, 22, 22] (total: 90s)
2026-09-24 12:21:26,846 - RLController - INFO -   Example: junction B2 -> durations [24, 22, 22, 22] (total: 90s)
2026-09-24 12:21:26,846 - RLController - INFO -   Example: junction B4 -> durations [24, 22, 22, 22] (total: 90s)
2026-09-24 12:21:26,846 - RLController - INFO -   Example: junction B5 -> durations [60, 10, 10, 10] (total: 90s)
2026-09-24 12:21:26,846 - RLController - INFO -   Example: junction C0 -> durations [22, 22, 24, 22] (total: 90s)
2026-09-24 12:21:26,846 - RLController - INFO -   Example: junction C1 -> durations [24, 22, 22, 22] (total: 90s)
2026-09-24 12:21:26,847 - RLController - INFO -   Example: junction C2 -> durations [54, 16, 10, 10] (total: 90s)
2026-09-24 12:21:26,847 - RLController - INFO -   Example: junction C3 -> durations [60, 10, 10, 10] (total: 90s)
2026-09-24 12:21:26,847 - RLController - INFO -   Example: junction C4 -> durations [57, 11, 11, 11] (total: 90s)
2026-09-24 12:21:26,847 - RLController - INFO -   Example: junction C5 -> durations [57, 11, 11, 11] (total: 90s)
2026-09-24 12:21:26,847 - RLController - INFO -   Example: junction D0 -> durations [24, 22, 22, 22] (total: 90s)
2026-09-24 12:21:26,848 - RLController - INFO -   Example: junction D1 -> durations [22, 22, 24, 22] (total: 90s)
2026-09-24 12:21:26,848 - RLController - INFO -   Example: junction D2 -> durations [48, 14, 14, 14] (total: 90s)
2026-09-24 12:21:26,848 - RLController - INFO -   Example: junction D3 -> durations [24, 22, 22, 22] (total: 90s)
2026-09-24 12:21:26,848 - RLController - INFO -   Example: junction D4 -> durations [24, 22, 22, 22] (total: 90s)
2026-09-24 12:21:26,848 - RLController - INFO -   Example: junction D5 -> durations [13, 13, 51, 13] (total: 90s)
2026-09-24 12:21:26,849 - RLController - INFO -   Example: junction E0 -> durations [24, 22, 22, 22] (total: 90s)
2026-09-24 12:21:26,849 - RLController - INFO -   Example: junction E1 -> durations [24, 22, 22, 22] (total: 90s)
2026-09-24 12:21:26,850 - RLController - INFO -   Stored schedules for 34 junctions, cycle starts at step 5760
2026-09-24 12:21:30,277 - RLController - INFO - DIAGNOSTIC Step 5850 - Observation stats:
2026-09-24 12:21:30,280 - RLController - INFO -   Hash: -974366289648820359, Min: 0.000000, Max: 1.000000, Mean: 0.439113, Std: 0.457440
2026-09-24 12:21:30,280 - RLController - INFO -   First 10: [1.       0.       0.       0.       0.       0.513384 1.       0.
 0.       0.      ]
2026-09-24 12:21:30,281 - RLController - INFO -   Last 10: [0.         0.2        0.         0.08333334 0.48290598 0.00312748
 0.08196581 0.5308052  0.         0.3       ]
2026-09-24 12:21:30,286 - RLController - INFO - DIAGNOSTIC - Raw model action output:
2026-09-24 12:21:30,286 - RLController - INFO -   Action hash: 8953348831680438871
2026-09-24 12:21:30,287 - RLController - INFO -   First 8 values: [ -7.1509323 -10.        -10.        -10.        -10.        -10.
 -10.        -10.       ]
2026-09-24 12:21:30,287 - RLController - INFO -   Last 8 values: [-10.        -10.        -10.        -10.        -10.         -2.0936468
 -10.        -10.       ]
2026-09-24 12:21:30,287 - RLController - INFO -   Action shape: (136,), min: -10.000000, max: 5.529579, mean: -9.271116
2026-09-24 12:21:30,288 - RLController - INFO -   B0 junction (indices 16-19) raw values: [ -9.980144 -10.       -10.       -10.      ]
2026-09-24 12:21:30,288 - RLController - INFO - Using CONTINUOUS DURATION-BASED mode
2026-09-24 12:21:30,288 - RLController - INFO -   Example: junction A0 -> durations [54, 12, 12, 12] (total: 90s)
2026-09-24 12:21:30,288 - RLController - INFO -   Example: junction A1 -> durations [24, 22, 22, 22] (total: 90s)
2026-09-24 12:21:30,288 - RLController - INFO -   Example: junction A2 -> durations [13, 13, 51, 13] (total: 90s)
2026-09-24 12:21:30,288 - RLController - INFO -   Example: junction A4 -> durations [60, 10, 10, 10] (total: 90s)
2026-09-24 12:21:30,289 - RLController - INFO -   Example: junction A5 -> durations [24, 22, 22, 22] (total: 90s)
2026-09-24 12:21:30,289 - RLController - INFO -   Example: junction B0 -> durations [24, 22, 22, 22] (total: 90s)
2026-09-24 12:21:30,289 - RLController - INFO -   Example: junction B1 -> durations [24, 22, 22, 22] (total: 90s)
2026-09-24 12:21:30,289 - RLController - INFO -   Example: junction B2 -> durations [24, 22, 22, 22] (total: 90s)
2026-09-24 12:21:30,289 - RLController - INFO -   Example: junction B4 -> durations [24, 22, 22, 22] (total: 90s)
2026-09-24 12:21:30,289 - RLController - INFO -   Example: junction B5 -> durations [60, 10, 10, 10] (total: 90s)
2026-09-24 12:21:30,289 - RLController - INFO -   Example: junction C0 -> durations [20, 20, 30, 20] (total: 90s)
2026-09-24 12:21:30,289 - RLController - INFO -   Example: junction C1 -> durations [24, 22, 22, 22] (total: 90s)
2026-09-24 12:21:30,290 - RLController - INFO -   Example: junction C2 -> durations [56, 14, 10, 10] (total: 90s)
2026-09-24 12:21:30,290 - RLController - INFO -   Example: junction C3 -> durations [60, 10, 10, 10] (total: 90s)
2026-09-24 12:21:30,290 - RLController - INFO -   Example: junction C4 -> durations [57, 11, 11, 11] (total: 90s)
2026-09-24 12:21:30,290 - RLController - INFO -   Example: junction C5 -> durations [57, 11, 11, 11] (total: 90s)
2026-09-24 12:21:30,290 - RLController - INFO -   Example: junction D0 -> durations [24, 22, 22, 22] (total: 90s)
2026-09-24 12:21:30,290 - RLController - INFO -   Example: junction D1 -> durations [21, 21, 27, 21] (total: 90s)
2026-09-24 12:21:30,290 - RLController - INFO -   Example: junction D2 -> durations [48, 14, 14, 14] (total: 90s)
2026-09-24 12:21:30,290 - RLController - INFO -   Example: junction D3 -> durations [24, 22, 22, 22] (total: 90s)
2026-09-24 12:21:30,291 - RLController - INFO -   Example: junction D4 -> durations [24, 22, 22, 22] (total: 90s)
2026-09-24 12:21:30,291 - RLController - INFO -   Example: junction D5 -> durations [13, 13, 51, 13] (total: 90s)
2026-09-24 12:21:30,291 - RLController - INFO -   Example: junction E0 -> durations [24, 22, 22, 22] (total: 90s)
2026-09-24 12:21:30,291 - RLController - INFO -   Example: junction E1 -> durations [24, 22, 22, 22] (total: 90s)
2026-09-24 12:21:30,292 - RLController - INFO -   Stored schedules for 34 junctions, cycle starts at step 5850
2026-09-24 12:21:33,284 - RLController - INFO - DIAGNOSTIC Step 5940 - Observation stats:
2026-09-24 12:21:33,285 - RLController - INFO -   Hash: 5355212427809413105, Min: 0.000000, Max: 1.000000, Mean: 0.436855, Std: 0.455146
2026-09-24 12:21:33,285 - RLController - INFO -   First 10: [1.       0.       0.       0.       0.       0.513384 1.       0.
 0.       0.      ]
2026-09-24 12:21:33,286 - RLController - INFO -   Last 10: [0.         0.2        0.         0.08333334 0.47435898 0.00304353
 0.08089744 0.53746194 0.         0.3       ]
2026-09-24 12:21:33,300 - RLController - INFO - DIAGNOSTIC - Raw model action output:
2026-09-24 12:21:33,300 - RLController - INFO -   Action hash: -7625092777982023368
2026-09-24 12:21:33,301 - RLController - INFO -   First 8 values: [ -7.127805 -10.       -10.       -10.       -10.       -10.
 -10.       -10.      ]
2026-09-24 12:21:33,301 - RLController - INFO -   Last 8 values: [-10.        -10.        -10.        -10.        -10.         -2.3175142
 -10.        -10.       ]
2026-09-24 12:21:33,301 - RLController - INFO -   Action shape: (136,), min: -10.000000, max: 5.639356, mean: -9.279229
2026-09-24 12:21:33,302 - RLController - INFO -   B0 junction (indices 16-19) raw values: [-10. -10. -10. -10.]
2026-09-24 12:21:33,302 - RLController - INFO - Using CONTINUOUS DURATION-BASED mode
2026-09-24 12:21:33,302 - RLController - INFO -   Example: junction A0 -> durations [54, 12, 12, 12] (total: 90s)
2026-09-24 12:21:33,302 - RLController - INFO -   Example: junction A1 -> durations [24, 22, 22, 22] (total: 90s)
2026-09-24 12:21:33,302 - RLController - INFO -   Example: junction A2 -> durations [13, 13, 51, 13] (total: 90s)
2026-09-24 12:21:33,303 - RLController - INFO -   Example: junction A4 -> durations [60, 10, 10, 10] (total: 90s)
2026-09-24 12:21:33,303 - RLController - INFO -   Example: junction A5 -> durations [24, 22, 22, 22] (total: 90s)
2026-09-24 12:21:33,303 - RLController - INFO -   Example: junction B0 -> durations [24, 22, 22, 22] (total: 90s)
2026-09-24 12:21:33,303 - RLController - INFO -   Example: junction B1 -> durations [24, 22, 22, 22] (total: 90s)
2026-09-24 12:21:33,303 - RLController - INFO -   Example: junction B2 -> durations [24, 22, 22, 22] (total: 90s)
2026-09-24 12:21:33,304 - RLController - INFO -   Example: junction B4 -> durations [24, 22, 22, 22] (total: 90s)
2026-09-24 12:21:33,304 - RLController - INFO -   Example: junction B5 -> durations [60, 10, 10, 10] (total: 90s)
2026-09-24 12:21:33,304 - RLController - INFO -   Example: junction C0 -> durations [20, 20, 30, 20] (total: 90s)
2026-09-24 12:21:33,304 - RLController - INFO -   Example: junction C1 -> durations [24, 22, 22, 22] (total: 90s)
2026-09-24 12:21:33,305 - RLController - INFO -   Example: junction C2 -> durations [57, 13, 10, 10] (total: 90s)
2026-09-24 12:21:33,305 - RLController - INFO -   Example: junction C3 -> durations [60, 10, 10, 10] (total: 90s)
2026-09-24 12:21:33,305 - RLController - INFO -   Example: junction C4 -> durations [57, 11, 11, 11] (total: 90s)
2026-09-24 12:21:33,305 - RLController - INFO -   Example: junction C5 -> durations [57, 11, 11, 11] (total: 90s)
2026-09-24 12:21:33,305 - RLController - INFO -   Example: junction D0 -> durations [24, 22, 22, 22] (total: 90s)
2026-09-24 12:21:33,305 - RLController - INFO -   Example: junction D1 -> durations [21, 21, 27, 21] (total: 90s)
2026-09-24 12:21:33,306 - RLController - INFO -   Example: junction D2 -> durations [48, 14, 14, 14] (total: 90s)
2026-09-24 12:21:33,306 - RLController - INFO -   Example: junction D3 -> durations [24, 22, 22, 22] (total: 90s)
2026-09-24 12:21:33,306 - RLController - INFO -   Example: junction D4 -> durations [24, 22, 22, 22] (total: 90s)
2026-09-24 12:21:33,306 - RLController - INFO -   Example: junction D5 -> durations [12, 12, 54, 12] (total: 90s)
2026-09-24 12:21:33,306 - RLController - INFO -   Example: junction E0 -> durations [24, 22, 22, 22] (total: 90s)
2026-09-24 12:21:33,307 - RLController - INFO -   Example: junction E1 -> durations [24, 22, 22, 22] (total: 90s)
2026-09-24 12:21:33,308 - RLController - INFO -   Stored schedules for 34 junctions, cycle starts at step 5940
2026-09-24 12:21:36,717 - RLController - INFO - DIAGNOSTIC Step 6030 - Observation stats:
2026-09-24 12:21:36,718 - RLController - INFO -   Hash: 8351706064386129405, Min: 0.000000, Max: 1.000000, Mean: 0.441939, Std: 0.456750
2026-09-24 12:21:36,718 - RLController - INFO -   First 10: [1.       0.       0.       0.       0.       0.513384 1.       0.
 0.       0.      ]
2026-09-24 12:21:36,719 - RLController - INFO -   Last 10: [0.         0.2        0.         0.08333334 0.4871795  0.0030538
 0.08038461 0.52762693 0.         0.3       ]
2026-09-24 12:21:36,734 - RLController - INFO - DIAGNOSTIC - Raw model action output:
2026-09-24 12:21:36,734 - RLController - INFO -   Action hash: -1435026318851704791
2026-09-24 12:21:36,734 - RLController - INFO -   First 8 values: [ -7.1072116 -10.        -10.        -10.        -10.        -10.
 -10.        -10.       ]
2026-09-24 12:21:36,735 - RLController - INFO -   Last 8 values: [-10.        -10.        -10.        -10.        -10.         -3.0386994
 -10.        -10.       ]
2026-09-24 12:21:36,735 - RLController - INFO -   Action shape: (136,), min: -10.000000, max: 6.016177, mean: -9.277929
2026-09-24 12:21:36,735 - RLController - INFO -   B0 junction (indices 16-19) raw values: [-10. -10. -10. -10.]
2026-09-24 12:21:36,735 - RLController - INFO - Using CONTINUOUS DURATION-BASED mode
2026-09-24 12:21:36,735 - RLController - INFO -   Example: junction A0 -> durations [54, 12, 12, 12] (total: 90s)
2026-09-24 12:21:36,736 - RLController - INFO -   Example: junction A1 -> durations [24, 22, 22, 22] (total: 90s)
2026-09-24 12:21:36,736 - RLController - INFO -   Example: junction A2 -> durations [13, 13, 51, 13] (total: 90s)
2026-09-24 12:21:36,736 - RLController - INFO -   Example: junction A4 -> durations [60, 10, 10, 10] (total: 90s)
2026-09-24 12:21:36,736 - RLController - INFO -   Example: junction A5 -> durations [24, 22, 22, 22] (total: 90s)
2026-09-24 12:21:36,736 - RLController - INFO -   Example: junction B0 -> durations [24, 22, 22, 22] (total: 90s)
2026-09-24 12:21:36,736 - RLController - INFO -   Example: junction B1 -> durations [24, 22, 22, 22] (total: 90s)
2026-09-24 12:21:36,736 - RLController - INFO -   Example: junction B2 -> durations [24, 22, 22, 22] (total: 90s)
2026-09-24 12:21:36,737 - RLController - INFO -   Example: junction B4 -> durations [24, 22, 22, 22] (total: 90s)
2026-09-24 12:21:36,737 - RLController - INFO -   Example: junction B5 -> durations [60, 10, 10, 10] (total: 90s)
2026-09-24 12:21:36,737 - RLController - INFO -   Example: junction C0 -> durations [20, 20, 30, 20] (total: 90s)
2026-09-24 12:21:36,737 - RLController - INFO -   Example: junction C1 -> durations [24, 22, 22, 22] (total: 90s)
2026-09-24 12:21:36,737 - RLController - INFO -   Example: junction C2 -> durations [57, 13, 10, 10] (total: 90s)
2026-09-24 12:21:36,737 - RLController - INFO -   Example: junction C3 -> durations [60, 10, 10, 10] (total: 90s)
2026-09-24 12:21:36,737 - RLController - INFO -   Example: junction C4 -> durations [57, 11, 11, 11] (total: 90s)
2026-09-24 12:21:36,738 - RLController - INFO -   Example: junction C5 -> durations [57, 11, 11, 11] (total: 90s)
2026-09-24 12:21:36,738 - RLController - INFO -   Example: junction D0 -> durations [24, 22, 22, 22] (total: 90s)
2026-09-24 12:21:36,738 - RLController - INFO -   Example: junction D1 -> durations [21, 21, 27, 21] (total: 90s)
2026-09-24 12:21:36,738 - RLController - INFO -   Example: junction D2 -> durations [48, 14, 14, 14] (total: 90s)
2026-09-24 12:21:36,738 - RLController - INFO -   Example: junction D3 -> durations [24, 22, 22, 22] (total: 90s)
2026-09-24 12:21:36,739 - RLController - INFO -   Example: junction D4 -> durations [24, 22, 22, 22] (total: 90s)
2026-09-24 12:21:36,739 - RLController - INFO -   Example: junction D5 -> durations [13, 13, 51, 13] (total: 90s)
2026-09-24 12:21:36,739 - RLController - INFO -   Example: junction E0 -> durations [24, 22, 22, 22] (total: 90s)
2026-09-24 12:21:36,739 - RLController - INFO -   Example: junction E1 -> durations [24, 22, 22, 22] (total: 90s)
2026-09-24 12:21:36,740 - RLController - INFO -   Stored schedules for 34 junctions, cycle starts at step 6030
2026-09-24 12:21:40,509 - RLController - INFO - DIAGNOSTIC Step 6120 - Observation stats:
2026-09-24 12:21:40,509 - RLController - INFO -   Hash: 7437212074491243247, Min: 0.000000, Max: 1.000000, Mean: 0.445186, Std: 0.456843
2026-09-24 12:21:40,510 - RLController - INFO -   First 10: [1.       0.       0.       0.       0.       0.513384 1.       0.
 0.       0.      ]
2026-09-24 12:21:40,510 - RLController - INFO -   Last 10: [0.         0.2        0.         0.08333334 0.49358973 0.00360576
 0.08153846 0.5288009  0.         0.3       ]
2026-09-24 12:21:40,534 - RLController - INFO - DIAGNOSTIC - Raw model action output:
2026-09-24 12:21:40,534 - RLController - INFO -   Action hash: -1440745659519693070
2026-09-24 12:21:40,534 - RLController - INFO -   First 8 values: [ -7.1399646 -10.        -10.        -10.        -10.        -10.
 -10.        -10.       ]
2026-09-24 12:21:40,534 - RLController - INFO -   Last 8 values: [-10.        -10.        -10.        -10.        -10.         -3.3013208
 -10.        -10.       ]
2026-09-24 12:21:40,535 - RLController - INFO -   Action shape: (136,), min: -10.000000, max: 5.379071, mean: -9.274610
2026-09-24 12:21:40,535 - RLController - INFO -   B0 junction (indices 16-19) raw values: [-10. -10. -10. -10.]
2026-09-24 12:21:40,535 - RLController - INFO - Using CONTINUOUS DURATION-BASED mode
2026-09-24 12:21:40,535 - RLController - INFO -   Example: junction A0 -> durations [54, 12, 12, 12] (total: 90s)
2026-09-24 12:21:40,535 - RLController - INFO -   Example: junction A1 -> durations [24, 22, 22, 22] (total: 90s)
2026-09-24 12:21:40,536 - RLController - INFO -   Example: junction A2 -> durations [12, 12, 54, 12] (total: 90s)
2026-09-24 12:21:40,536 - RLController - INFO -   Example: junction A4 -> durations [60, 10, 10, 10] (total: 90s)
2026-09-24 12:21:40,536 - RLController - INFO -   Example: junction A5 -> durations [24, 22, 22, 22] (total: 90s)
2026-09-24 12:21:40,536 - RLController - INFO -   Example: junction B0 -> durations [24, 22, 22, 22] (total: 90s)
2026-09-24 12:21:40,537 - RLController - INFO -   Example: junction B1 -> durations [24, 22, 22, 22] (total: 90s)
2026-09-24 12:21:40,537 - RLController - INFO -   Example: junction B2 -> durations [24, 22, 22, 22] (total: 90s)
2026-09-24 12:21:40,537 - RLController - INFO -   Example: junction B4 -> durations [24, 22, 22, 22] (total: 90s)
2026-09-24 12:21:40,537 - RLController - INFO -   Example: junction B5 -> durations [60, 10, 10, 10] (total: 90s)
2026-09-24 12:21:40,537 - RLController - INFO -   Example: junction C0 -> durations [21, 21, 27, 21] (total: 90s)
2026-09-24 12:21:40,538 - RLController - INFO -   Example: junction C1 -> durations [24, 22, 22, 22] (total: 90s)
2026-09-24 12:21:40,538 - RLController - INFO -   Example: junction C2 -> durations [54, 16, 10, 10] (total: 90s)
2026-09-24 12:21:40,538 - RLController - INFO -   Example: junction C3 -> durations [60, 10, 10, 10] (total: 90s)
2026-09-24 12:21:40,538 - RLController - INFO -   Example: junction C4 -> durations [57, 11, 11, 11] (total: 90s)
2026-09-24 12:21:40,538 - RLController - INFO -   Example: junction C5 -> durations [57, 11, 11, 11] (total: 90s)
2026-09-24 12:21:40,538 - RLController - INFO -   Example: junction D0 -> durations [24, 22, 22, 22] (total: 90s)
2026-09-24 12:21:40,539 - RLController - INFO -   Example: junction D1 -> durations [21, 21, 27, 21] (total: 90s)
2026-09-24 12:21:40,539 - RLController - INFO -   Example: junction D2 -> durations [48, 14, 14, 14] (total: 90s)
2026-09-24 12:21:40,539 - RLController - INFO -   Example: junction D3 -> durations [24, 22, 22, 22] (total: 90s)
2026-09-24 12:21:40,539 - RLController - INFO -   Example: junction D4 -> durations [24, 22, 22, 22] (total: 90s)
2026-09-24 12:21:40,539 - RLController - INFO -   Example: junction D5 -> durations [13, 13, 51, 13] (total: 90s)
2026-09-24 12:21:40,539 - RLController - INFO -   Example: junction E0 -> durations [24, 22, 22, 22] (total: 90s)
2026-09-24 12:21:40,540 - RLController - INFO -   Example: junction E1 -> durations [24, 22, 22, 22] (total: 90s)
2026-09-24 12:21:40,541 - RLController - INFO -   Stored schedules for 34 junctions, cycle starts at step 6120
2026-09-24 12:21:43,807 - RLController - INFO - DIAGNOSTIC Step 6210 - Observation stats:
2026-09-24 12:21:43,807 - RLController - INFO -   Hash: 7944991640813281265, Min: 0.000000, Max: 1.000000, Mean: 0.444667, Std: 0.457953
2026-09-24 12:21:43,807 - RLController - INFO -   First 10: [1.         0.         0.         0.         0.         0.513384
 0.         1.         0.99333334 1.        ]
2026-09-24 12:21:43,808 - RLController - INFO -   Last 10: [0.         0.2        0.         0.08333334 0.5106838  0.00340543
 0.08222222 0.5115567  0.         0.3       ]
2026-09-24 12:21:43,816 - RLController - INFO - DIAGNOSTIC - Raw model action output:
2026-09-24 12:21:43,816 - RLController - INFO -   Action hash: 9078439016803377212
2026-09-24 12:21:43,817 - RLController - INFO -   First 8 values: [ -7.21594 -10.      -10.      -10.      -10.      -10.      -10.
 -10.     ]
2026-09-24 12:21:43,817 - RLController - INFO -   Last 8 values: [-10.       -10.       -10.       -10.       -10.        -2.267163
 -10.       -10.      ]
2026-09-24 12:21:43,817 - RLController - INFO -   Action shape: (136,), min: -10.000000, max: 5.694678, mean: -9.244245
2026-09-24 12:21:43,817 - RLController - INFO -   B0 junction (indices 16-19) raw values: [ -9.86891 -10.      -10.      -10.     ]
2026-09-24 12:21:43,817 - RLController - INFO - Using CONTINUOUS DURATION-BASED mode
2026-09-24 12:21:43,818 - RLController - INFO -   Example: junction A0 -> durations [51, 13, 13, 13] (total: 90s)
2026-09-24 12:21:43,818 - RLController - INFO -   Example: junction A1 -> durations [24, 22, 22, 22] (total: 90s)
2026-09-24 12:21:43,818 - RLController - INFO -   Example: junction A2 -> durations [12, 12, 54, 12] (total: 90s)
2026-09-24 12:21:43,818 - RLController - INFO -   Example: junction A4 -> durations [60, 10, 10, 10] (total: 90s)
2026-09-24 12:21:43,818 - RLController - INFO -   Example: junction A5 -> durations [24, 22, 22, 22] (total: 90s)
2026-09-24 12:21:43,818 - RLController - INFO -   Example: junction B0 -> durations [24, 22, 22, 22] (total: 90s)
2026-09-24 12:21:43,818 - RLController - INFO -   Example: junction B1 -> durations [24, 22, 22, 22] (total: 90s)
2026-09-24 12:21:43,818 - RLController - INFO -   Example: junction B2 -> durations [24, 22, 22, 22] (total: 90s)
2026-09-24 12:21:43,819 - RLController - INFO -   Example: junction B4 -> durations [24, 22, 22, 22] (total: 90s)
2026-09-24 12:21:43,819 - RLController - INFO -   Example: junction B5 -> durations [60, 10, 10, 10] (total: 90s)
2026-09-24 12:21:43,819 - RLController - INFO -   Example: junction C0 -> durations [21, 21, 27, 21] (total: 90s)
2026-09-24 12:21:43,819 - RLController - INFO -   Example: junction C1 -> durations [24, 22, 22, 22] (total: 90s)
2026-09-24 12:21:43,819 - RLController - INFO -   Example: junction C2 -> durations [55, 15, 10, 10] (total: 90s)
2026-09-24 12:21:43,819 - RLController - INFO -   Example: junction C3 -> durations [60, 10, 10, 10] (total: 90s)
2026-09-24 12:21:43,819 - RLController - INFO -   Example: junction C4 -> durations [60, 10, 10, 10] (total: 90s)
2026-09-24 12:21:43,819 - RLController - INFO -   Example: junction C5 -> durations [57, 11, 11, 11] (total: 90s)
2026-09-24 12:21:43,820 - RLController - INFO -   Example: junction D0 -> durations [24, 22, 22, 22] (total: 90s)
2026-09-24 12:21:43,820 - RLController - INFO -   Example: junction D1 -> durations [21, 21, 27, 21] (total: 90s)
2026-09-24 12:21:43,820 - RLController - INFO -   Example: junction D2 -> durations [51, 13, 13, 13] (total: 90s)
2026-09-24 12:21:43,820 - RLController - INFO -   Example: junction D3 -> durations [24, 22, 22, 22] (total: 90s)
2026-09-24 12:21:43,820 - RLController - INFO -   Example: junction D4 -> durations [24, 22, 22, 22] (total: 90s)
2026-09-24 12:21:43,820 - RLController - INFO -   Example: junction D5 -> durations [12, 12, 54, 12] (total: 90s)
2026-09-24 12:21:43,820 - RLController - INFO -   Example: junction E0 -> durations [24, 22, 22, 22] (total: 90s)
2026-09-24 12:21:43,820 - RLController - INFO -   Example: junction E1 -> durations [24, 22, 22, 22] (total: 90s)
2026-09-24 12:21:43,821 - RLController - INFO -   Stored schedules for 34 junctions, cycle starts at step 6210
2026-09-24 12:21:47,400 - RLController - INFO - DIAGNOSTIC Step 6300 - Observation stats:
2026-09-24 12:21:47,400 - RLController - INFO -   Hash: 3042249841360198038, Min: 0.000000, Max: 1.000000, Mean: 0.441000, Std: 0.458366
2026-09-24 12:21:47,400 - RLController - INFO -   First 10: [1.         0.         0.         0.         0.         0.513384
 0.         1.         0.99333334 1.        ]
2026-09-24 12:21:47,401 - RLController - INFO -   Last 10: [0.         0.2        0.         0.08333334 0.48931623 0.00269867
 0.08239316 0.52385616 0.         0.3       ]
2026-09-24 12:21:47,405 - RLController - INFO - DIAGNOSTIC - Raw model action output:
2026-09-24 12:21:47,405 - RLController - INFO -   Action hash: -5736549732912902078
2026-09-24 12:21:47,405 - RLController - INFO -   First 8 values: [ -7.272289 -10.       -10.       -10.       -10.       -10.
 -10.       -10.      ]
2026-09-24 12:21:47,406 - RLController - INFO -   Last 8 values: [-10.       -10.       -10.       -10.       -10.        -2.632878
 -10.       -10.      ]
2026-09-24 12:21:47,406 - RLController - INFO -   Action shape: (136,), min: -10.000000, max: 5.317181, mean: -9.279879
2026-09-24 12:21:47,406 - RLController - INFO -   B0 junction (indices 16-19) raw values: [ -9.996278 -10.       -10.       -10.      ]
2026-09-24 12:21:47,406 - RLController - INFO - Using CONTINUOUS DURATION-BASED mode
2026-09-24 12:21:47,406 - RLController - INFO -   Example: junction A0 -> durations [51, 13, 13, 13] (total: 90s)
2026-09-24 12:21:47,406 - RLController - INFO -   Example: junction A1 -> durations [24, 22, 22, 22] (total: 90s)
2026-09-24 12:21:47,407 - RLController - INFO -   Example: junction A2 -> durations [12, 12, 54, 12] (total: 90s)
2026-09-24 12:21:47,407 - RLController - INFO -   Example: junction A4 -> durations [60, 10, 10, 10] (total: 90s)
2026-09-24 12:21:47,407 - RLController - INFO -   Example: junction A5 -> durations [24, 22, 22, 22] (total: 90s)
2026-09-24 12:21:47,407 - RLController - INFO -   Example: junction B0 -> durations [24, 22, 22, 22] (total: 90s)
2026-09-24 12:21:47,407 - RLController - INFO -   Example: junction B1 -> durations [24, 22, 22, 22] (total: 90s)
2026-09-24 12:21:47,407 - RLController - INFO -   Example: junction B2 -> durations [24, 22, 22, 22] (total: 90s)
2026-09-24 12:21:47,407 - RLController - INFO -   Example: junction B4 -> durations [24, 22, 22, 22] (total: 90s)
2026-09-24 12:21:47,407 - RLController - INFO -   Example: junction B5 -> durations [60, 10, 10, 10] (total: 90s)
2026-09-24 12:21:47,408 - RLController - INFO -   Example: junction C0 -> durations [21, 21, 27, 21] (total: 90s)
2026-09-24 12:21:47,408 - RLController - INFO -   Example: junction C1 -> durations [24, 22, 22, 22] (total: 90s)
2026-09-24 12:21:47,408 - RLController - INFO -   Example: junction C2 -> durations [55, 15, 10, 10] (total: 90s)
2026-09-24 12:21:47,408 - RLController - INFO -   Example: junction C3 -> durations [60, 10, 10, 10] (total: 90s)
2026-09-24 12:21:47,408 - RLController - INFO -   Example: junction C4 -> durations [60, 10, 10, 10] (total: 90s)
2026-09-24 12:21:47,408 - RLController - INFO -   Example: junction C5 -> durations [57, 11, 11, 11] (total: 90s)
2026-09-24 12:21:47,408 - RLController - INFO -   Example: junction D0 -> durations [24, 22, 22, 22] (total: 90s)
2026-09-24 12:21:47,408 - RLController - INFO -   Example: junction D1 -> durations [21, 21, 27, 21] (total: 90s)
2026-09-24 12:21:47,409 - RLController - INFO -   Example: junction D2 -> durations [51, 13, 13, 13] (total: 90s)
2026-09-24 12:21:47,409 - RLController - INFO -   Example: junction D3 -> durations [24, 22, 22, 22] (total: 90s)
2026-09-24 12:21:47,409 - RLController - INFO -   Example: junction D4 -> durations [24, 22, 22, 22] (total: 90s)
2026-09-24 12:21:47,409 - RLController - INFO -   Example: junction D5 -> durations [13, 13, 51, 13] (total: 90s)
2026-09-24 12:21:47,409 - RLController - INFO -   Example: junction E0 -> durations [24, 22, 22, 22] (total: 90s)
2026-09-24 12:21:47,409 - RLController - INFO -   Example: junction E1 -> durations [24, 22, 22, 22] (total: 90s)
2026-09-24 12:21:47,410 - RLController - INFO -   Stored schedules for 34 junctions, cycle starts at step 6300
2026-09-24 12:21:51,358 - RLController - INFO - DIAGNOSTIC Step 6390 - Observation stats:
2026-09-24 12:21:51,359 - RLController - INFO -   Hash: -5754170835842016784, Min: 0.000000, Max: 1.000000, Mean: 0.443750, Std: 0.459556
2026-09-24 12:21:51,359 - RLController - INFO -   First 10: [1.         0.         0.         0.         0.         0.513384
 0.         0.         0.99333334 1.        ]
2026-09-24 12:21:51,359 - RLController - INFO -   Last 10: [0.         0.2        0.         0.08333334 0.5        0.00276467
 0.08247864 0.51490396 0.         0.3       ]
2026-09-24 12:21:51,391 - RLController - INFO - DIAGNOSTIC - Raw model action output:
2026-09-24 12:21:51,391 - RLController - INFO -   Action hash: -2955895756424861261
2026-09-24 12:21:51,391 - RLController - INFO -   First 8 values: [ -7.7060256 -10.        -10.        -10.        -10.        -10.
 -10.        -10.       ]
2026-09-24 12:21:51,392 - RLController - INFO -   Last 8 values: [-10.        -10.        -10.        -10.        -10.         -2.1376383
 -10.        -10.       ]
2026-09-24 12:21:51,392 - RLController - INFO -   Action shape: (136,), min: -10.000000, max: 5.681235, mean: -9.307713
2026-09-24 12:21:51,392 - RLController - INFO -   B0 junction (indices 16-19) raw values: [-10. -10. -10. -10.]
2026-09-24 12:21:51,392 - RLController - INFO - Using CONTINUOUS DURATION-BASED mode
2026-09-24 12:21:51,392 - RLController - INFO -   Example: junction A0 -> durations [48, 14, 14, 14] (total: 90s)
2026-09-24 12:21:51,393 - RLController - INFO -   Example: junction A1 -> durations [24, 22, 22, 22] (total: 90s)
2026-09-24 12:21:51,393 - RLController - INFO -   Example: junction A2 -> durations [12, 12, 54, 12] (total: 90s)
2026-09-24 12:21:51,393 - RLController - INFO -   Example: junction A4 -> durations [60, 10, 10, 10] (total: 90s)
2026-09-24 12:21:51,393 - RLController - INFO -   Example: junction A5 -> durations [24, 22, 22, 22] (total: 90s)
2026-09-24 12:21:51,393 - RLController - INFO -   Example: junction B0 -> durations [24, 22, 22, 22] (total: 90s)
2026-09-24 12:21:51,393 - RLController - INFO -   Example: junction B1 -> durations [24, 22, 22, 22] (total: 90s)
2026-09-24 12:21:51,394 - RLController - INFO -   Example: junction B2 -> durations [24, 22, 22, 22] (total: 90s)
2026-09-24 12:21:51,394 - RLController - INFO -   Example: junction B4 -> durations [24, 22, 22, 22] (total: 90s)
2026-09-24 12:21:51,394 - RLController - INFO -   Example: junction B5 -> durations [60, 10, 10, 10] (total: 90s)
2026-09-24 12:21:51,394 - RLController - INFO -   Example: junction C0 -> durations [24, 22, 22, 22] (total: 90s)
2026-09-24 12:21:51,394 - RLController - INFO -   Example: junction C1 -> durations [24, 22, 22, 22] (total: 90s)
2026-09-24 12:21:51,394 - RLController - INFO -   Example: junction C2 -> durations [57, 13, 10, 10] (total: 90s)
2026-09-24 12:21:51,395 - RLController - INFO -   Example: junction C3 -> durations [60, 10, 10, 10] (total: 90s)
2026-09-24 12:21:51,395 - RLController - INFO -   Example: junction C4 -> durations [60, 10, 10, 10] (total: 90s)
2026-09-24 12:21:51,395 - RLController - INFO -   Example: junction C5 -> durations [57, 11, 11, 11] (total: 90s)
2026-09-24 12:21:51,395 - RLController - INFO -   Example: junction D0 -> durations [24, 22, 22, 22] (total: 90s)
2026-09-24 12:21:51,395 - RLController - INFO -   Example: junction D1 -> durations [22, 22, 24, 22] (total: 90s)
2026-09-24 12:21:51,395 - RLController - INFO -   Example: junction D2 -> durations [45, 15, 15, 15] (total: 90s)
2026-09-24 12:21:51,395 - RLController - INFO -   Example: junction D3 -> durations [24, 22, 22, 22] (total: 90s)
2026-09-24 12:21:51,396 - RLController - INFO -   Example: junction D4 -> durations [24, 22, 22, 22] (total: 90s)
2026-09-24 12:21:51,396 - RLController - INFO -   Example: junction D5 -> durations [13, 13, 51, 13] (total: 90s)
2026-09-24 12:21:51,396 - RLController - INFO -   Example: junction E0 -> durations [24, 22, 22, 22] (total: 90s)
2026-09-24 12:21:51,396 - RLController - INFO -   Example: junction E1 -> durations [24, 22, 22, 22] (total: 90s)
2026-09-24 12:21:51,397 - RLController - INFO -   Stored schedules for 34 junctions, cycle starts at step 6390
2026-09-24 12:21:54,964 - RLController - INFO - DIAGNOSTIC Step 6480 - Observation stats:
2026-09-24 12:21:54,964 - RLController - INFO -   Hash: -1565710729228265438, Min: 0.000000, Max: 1.000000, Mean: 0.448462, Std: 0.457545
2026-09-24 12:21:54,964 - RLController - INFO -   First 10: [1.         0.         0.         0.         0.         0.513384
 0.         1.         0.99333334 1.        ]
2026-09-24 12:21:54,965 - RLController - INFO -   Last 10: [0.         0.2        0.         0.08333334 0.53205127 0.00360956
 0.08316239 0.4917036  0.         0.3       ]
2026-09-24 12:21:54,969 - RLController - INFO - DIAGNOSTIC - Raw model action output:
2026-09-24 12:21:54,969 - RLController - INFO -   Action hash: -8051027297243225240
2026-09-24 12:21:54,970 - RLController - INFO -   First 8 values: [ -7.539238 -10.       -10.       -10.       -10.       -10.
 -10.       -10.      ]
2026-09-24 12:21:54,970 - RLController - INFO -   Last 8 values: [-10.        -10.        -10.        -10.        -10.         -1.2483454
 -10.        -10.       ]
2026-09-24 12:21:54,970 - RLController - INFO -   Action shape: (136,), min: -10.000000, max: 5.506985, mean: -9.287083
2026-09-24 12:21:54,970 - RLController - INFO -   B0 junction (indices 16-19) raw values: [-10. -10. -10. -10.]
2026-09-24 12:21:54,970 - RLController - INFO - Using CONTINUOUS DURATION-BASED mode
2026-09-24 12:21:54,970 - RLController - INFO -   Example: junction A0 -> durations [51, 13, 13, 13] (total: 90s)
2026-09-24 12:21:54,971 - RLController - INFO -   Example: junction A1 -> durations [24, 22, 22, 22] (total: 90s)
2026-09-24 12:21:54,971 - RLController - INFO -   Example: junction A2 -> durations [12, 12, 54, 12] (total: 90s)
2026-09-24 12:21:54,971 - RLController - INFO -   Example: junction A4 -> durations [60, 10, 10, 10] (total: 90s)
2026-09-24 12:21:54,971 - RLController - INFO -   Example: junction A5 -> durations [24, 22, 22, 22] (total: 90s)
2026-09-24 12:21:54,971 - RLController - INFO -   Example: junction B0 -> durations [24, 22, 22, 22] (total: 90s)
2026-09-24 12:21:54,972 - RLController - INFO -   Example: junction B1 -> durations [24, 22, 22, 22] (total: 90s)
2026-09-24 12:21:54,972 - RLController - INFO -   Example: junction B2 -> durations [24, 22, 22, 22] (total: 90s)
2026-09-24 12:21:54,972 - RLController - INFO -   Example: junction B4 -> durations [24, 22, 22, 22] (total: 90s)
2026-09-24 12:21:54,972 - RLController - INFO -   Example: junction B5 -> durations [60, 10, 10, 10] (total: 90s)
2026-09-24 12:21:54,972 - RLController - INFO -   Example: junction C0 -> durations [24, 22, 22, 22] (total: 90s)
2026-09-24 12:21:54,972 - RLController - INFO -   Example: junction C1 -> durations [24, 22, 22, 22] (total: 90s)
2026-09-24 12:21:54,973 - RLController - INFO -   Example: junction C2 -> durations [56, 14, 10, 10] (total: 90s)
2026-09-24 12:21:54,973 - RLController - INFO -   Example: junction C3 -> durations [60, 10, 10, 10] (total: 90s)
2026-09-24 12:21:54,973 - RLController - INFO -   Example: junction C4 -> durations [57, 11, 11, 11] (total: 90s)
2026-09-24 12:21:54,973 - RLController - INFO -   Example: junction C5 -> durations [57, 11, 11, 11] (total: 90s)
2026-09-24 12:21:54,973 - RLController - INFO -   Example: junction D0 -> durations [24, 22, 22, 22] (total: 90s)
2026-09-24 12:21:54,973 - RLController - INFO -   Example: junction D1 -> durations [22, 22, 24, 22] (total: 90s)
2026-09-24 12:21:54,973 - RLController - INFO -   Example: junction D2 -> durations [45, 15, 15, 15] (total: 90s)
2026-09-24 12:21:54,974 - RLController - INFO -   Example: junction D3 -> durations [24, 22, 22, 22] (total: 90s)
2026-09-24 12:21:54,974 - RLController - INFO -   Example: junction D4 -> durations [24, 22, 22, 22] (total: 90s)
2026-09-24 12:21:54,974 - RLController - INFO -   Example: junction D5 -> durations [13, 13, 51, 13] (total: 90s)
2026-09-24 12:21:54,974 - RLController - INFO -   Example: junction E0 -> durations [24, 22, 22, 22] (total: 90s)
2026-09-24 12:21:54,974 - RLController - INFO -   Example: junction E1 -> durations [24, 22, 22, 22] (total: 90s)
2026-09-24 12:21:54,975 - RLController - INFO -   Stored schedules for 34 junctions, cycle starts at step 6480
2026-09-24 12:21:58,562 - RLController - INFO - DIAGNOSTIC Step 6570 - Observation stats:
2026-09-24 12:21:58,563 - RLController - INFO -   Hash: 6392597631694406659, Min: 0.000000, Max: 1.000000, Mean: 0.447663, Std: 0.455591
2026-09-24 12:21:58,564 - RLController - INFO -   First 10: [1.0000000e+00 0.0000000e+00 0.0000000e+00 0.0000000e+00 0.0000000e+00
 5.1338398e-01 1.5144040e-05 0.0000000e+00 9.9333334e-01 1.0000000e+00]
2026-09-24 12:21:58,564 - RLController - INFO -   Last 10: [0.         0.2        0.         0.08333334 0.50427353 0.00361113
 0.08452991 0.51793545 0.         0.3       ]
2026-09-24 12:21:58,580 - RLController - INFO - DIAGNOSTIC - Raw model action output:
2026-09-24 12:21:58,580 - RLController - INFO -   Action hash: -5510234278912516166
2026-09-24 12:21:58,580 - RLController - INFO -   First 8 values: [ -7.466159 -10.       -10.       -10.       -10.       -10.
 -10.       -10.      ]
2026-09-24 12:21:58,581 - RLController - INFO -   Last 8 values: [-10.         -10.         -10.         -10.         -10.
  -0.28266856 -10.         -10.        ]
2026-09-24 12:21:58,581 - RLController - INFO -   Action shape: (136,), min: -10.000000, max: 5.806324, mean: -9.271297
2026-09-24 12:21:58,581 - RLController - INFO -   B0 junction (indices 16-19) raw values: [-10. -10. -10. -10.]
2026-09-24 12:21:58,581 - RLController - INFO - Using CONTINUOUS DURATION-BASED mode
2026-09-24 12:21:58,581 - RLController - INFO -   Example: junction A0 -> durations [51, 13, 13, 13] (total: 90s)
2026-09-24 12:21:58,582 - RLController - INFO -   Example: junction A1 -> durations [24, 22, 22, 22] (total: 90s)
2026-09-24 12:21:58,582 - RLController - INFO -   Example: junction A2 -> durations [11, 11, 57, 11] (total: 90s)
2026-09-24 12:21:58,582 - RLController - INFO -   Example: junction A4 -> durations [60, 10, 10, 10] (total: 90s)
2026-09-24 12:21:58,582 - RLController - INFO -   Example: junction A5 -> durations [24, 22, 22, 22] (total: 90s)
2026-09-24 12:21:58,582 - RLController - INFO -   Example: junction B0 -> durations [24, 22, 22, 22] (total: 90s)
2026-09-24 12:21:58,582 - RLController - INFO -   Example: junction B1 -> durations [24, 22, 22, 22] (total: 90s)
2026-09-24 12:21:58,582 - RLController - INFO -   Example: junction B2 -> durations [24, 22, 22, 22] (total: 90s)
2026-09-24 12:21:58,583 - RLController - INFO -   Example: junction B4 -> durations [24, 22, 22, 22] (total: 90s)
2026-09-24 12:21:58,583 - RLController - INFO -   Example: junction B5 -> durations [60, 10, 10, 10] (total: 90s)
2026-09-24 12:21:58,583 - RLController - INFO -   Example: junction C0 -> durations [24, 22, 22, 22] (total: 90s)
2026-09-24 12:21:58,583 - RLController - INFO -   Example: junction C1 -> durations [24, 22, 22, 22] (total: 90s)
2026-09-24 12:21:58,583 - RLController - INFO -   Example: junction C2 -> durations [56, 14, 10, 10] (total: 90s)
2026-09-24 12:21:58,583 - RLController - INFO -   Example: junction C3 -> durations [60, 10, 10, 10] (total: 90s)
2026-09-24 12:21:58,583 - RLController - INFO -   Example: junction C4 -> durations [57, 11, 11, 11] (total: 90s)
2026-09-24 12:21:58,584 - RLController - INFO -   Example: junction C5 -> durations [57, 11, 11, 11] (total: 90s)
2026-09-24 12:21:58,584 - RLController - INFO -   Example: junction D0 -> durations [24, 22, 22, 22] (total: 90s)
2026-09-24 12:21:58,584 - RLController - INFO -   Example: junction D1 -> durations [22, 22, 24, 22] (total: 90s)
2026-09-24 12:21:58,584 - RLController - INFO -   Example: junction D2 -> durations [48, 14, 14, 14] (total: 90s)
2026-09-24 12:21:58,584 - RLController - INFO -   Example: junction D3 -> durations [24, 22, 22, 22] (total: 90s)
2026-09-24 12:21:58,585 - RLController - INFO -   Example: junction D4 -> durations [24, 22, 22, 22] (total: 90s)
2026-09-24 12:21:58,585 - RLController - INFO -   Example: junction D5 -> durations [12, 12, 54, 12] (total: 90s)
2026-09-24 12:21:58,585 - RLController - INFO -   Example: junction E0 -> durations [24, 22, 22, 22] (total: 90s)
2026-09-24 12:21:58,585 - RLController - INFO -   Example: junction E1 -> durations [24, 22, 22, 22] (total: 90s)
2026-09-24 12:21:58,586 - RLController - INFO -   Stored schedules for 34 junctions, cycle starts at step 6570
2026-09-24 12:22:02,292 - RLController - INFO - DIAGNOSTIC Step 6660 - Observation stats:
2026-09-24 12:22:02,292 - RLController - INFO -   Hash: 3833583435929787573, Min: 0.000000, Max: 1.000000, Mean: 0.443990, Std: 0.457047
2026-09-24 12:22:02,293 - RLController - INFO -   First 10: [1.         0.         0.         0.         0.         0.513384
 0.         0.         0.99333334 1.        ]
2026-09-24 12:22:02,293 - RLController - INFO -   Last 10: [0.         0.2        0.         0.08333334 0.49786323 0.00326758
 0.08282051 0.51797813 0.         0.3       ]
2026-09-24 12:22:02,297 - RLController - INFO - DIAGNOSTIC - Raw model action output:
2026-09-24 12:22:02,297 - RLController - INFO -   Action hash: 239838340844548993
2026-09-24 12:22:02,298 - RLController - INFO -   First 8 values: [ -7.2949996 -10.        -10.        -10.        -10.        -10.
 -10.        -10.       ]
2026-09-24 12:22:02,298 - RLController - INFO -   Last 8 values: [-10.         -10.         -10.         -10.         -10.
  -0.49498197 -10.         -10.        ]
2026-09-24 12:22:02,298 - RLController - INFO -   Action shape: (136,), min: -10.000000, max: 6.226580, mean: -9.258791
2026-09-24 12:22:02,298 - RLController - INFO -   B0 junction (indices 16-19) raw values: [ -9.945466 -10.       -10.       -10.      ]
2026-09-24 12:22:02,299 - RLController - INFO - Using CONTINUOUS DURATION-BASED mode
2026-09-24 12:22:02,299 - RLController - INFO -   Example: junction A0 -> durations [51, 13, 13, 13] (total: 90s)
2026-09-24 12:22:02,299 - RLController - INFO -   Example: junction A1 -> durations [24, 22, 22, 22] (total: 90s)
2026-09-24 12:22:02,299 - RLController - INFO -   Example: junction A2 -> durations [12, 12, 54, 12] (total: 90s)
2026-09-24 12:22:02,299 - RLController - INFO -   Example: junction A4 -> durations [60, 10, 10, 10] (total: 90s)
2026-09-24 12:22:02,299 - RLController - INFO -   Example: junction A5 -> durations [24, 22, 22, 22] (total: 90s)
2026-09-24 12:22:02,299 - RLController - INFO -   Example: junction B0 -> durations [24, 22, 22, 22] (total: 90s)
2026-09-24 12:22:02,300 - RLController - INFO -   Example: junction B1 -> durations [24, 22, 22, 22] (total: 90s)
2026-09-24 12:22:02,300 - RLController - INFO -   Example: junction B2 -> durations [24, 22, 22, 22] (total: 90s)
2026-09-24 12:22:02,300 - RLController - INFO -   Example: junction B4 -> durations [24, 22, 22, 22] (total: 90s)
2026-09-24 12:22:02,300 - RLController - INFO -   Example: junction B5 -> durations [60, 10, 10, 10] (total: 90s)
2026-09-24 12:22:02,300 - RLController - INFO -   Example: junction C0 -> durations [24, 22, 22, 22] (total: 90s)
2026-09-24 12:22:02,300 - RLController - INFO -   Example: junction C1 -> durations [24, 22, 22, 22] (total: 90s)
2026-09-24 12:22:02,300 - RLController - INFO -   Example: junction C2 -> durations [56, 14, 10, 10] (total: 90s)
2026-09-24 12:22:02,301 - RLController - INFO -   Example: junction C3 -> durations [60, 10, 10, 10] (total: 90s)
2026-09-24 12:22:02,301 - RLController - INFO -   Example: junction C4 -> durations [57, 11, 11, 11] (total: 90s)
2026-09-24 12:22:02,301 - RLController - INFO -   Example: junction C5 -> durations [57, 11, 11, 11] (total: 90s)
2026-09-24 12:22:02,301 - RLController - INFO -   Example: junction D0 -> durations [24, 22, 22, 22] (total: 90s)
2026-09-24 12:22:02,301 - RLController - INFO -   Example: junction D1 -> durations [21, 21, 27, 21] (total: 90s)
2026-09-24 12:22:02,301 - RLController - INFO -   Example: junction D2 -> durations [48, 14, 14, 14] (total: 90s)
2026-09-24 12:22:02,301 - RLController - INFO -   Example: junction D3 -> durations [24, 22, 22, 22] (total: 90s)
2026-09-24 12:22:02,302 - RLController - INFO -   Example: junction D4 -> durations [24, 22, 22, 22] (total: 90s)
2026-09-24 12:22:02,302 - RLController - INFO -   Example: junction D5 -> durations [13, 13, 51, 13] (total: 90s)
2026-09-24 12:22:02,302 - RLController - INFO -   Example: junction E0 -> durations [24, 22, 22, 22] (total: 90s)
2026-09-24 12:22:02,302 - RLController - INFO -   Example: junction E1 -> durations [24, 22, 22, 22] (total: 90s)
2026-09-24 12:22:02,303 - RLController - INFO -   Stored schedules for 34 junctions, cycle starts at step 6660
2026-09-24 12:22:05,401 - RLController - INFO - DIAGNOSTIC Step 6750 - Observation stats:
2026-09-24 12:22:05,401 - RLController - INFO -   Hash: 1338351400990612653, Min: 0.000000, Max: 1.000000, Mean: 0.445575, Std: 0.456535
2026-09-24 12:22:05,402 - RLController - INFO -   First 10: [1.         0.         0.         0.         0.         0.513384
 0.         1.         0.99333334 1.        ]
2026-09-24 12:22:05,402 - RLController - INFO -   Last 10: [0.         0.2        0.         0.08333334 0.50641024 0.00361205
 0.08384615 0.5198804  0.         0.3       ]
2026-09-24 12:22:05,408 - RLController - INFO - DIAGNOSTIC - Raw model action output:
2026-09-24 12:22:05,408 - RLController - INFO -   Action hash: -8516680605911023487
2026-09-24 12:22:05,408 - RLController - INFO -   First 8 values: [ -7.5672708 -10.        -10.        -10.        -10.        -10.
 -10.        -10.       ]
2026-09-24 12:22:05,408 - RLController - INFO -   Last 8 values: [-10.        -10.        -10.        -10.        -10.         -1.7147238
 -10.        -10.       ]
2026-09-24 12:22:05,408 - RLController - INFO -   Action shape: (136,), min: -10.000000, max: 5.611516, mean: -9.266270
2026-09-24 12:22:05,409 - RLController - INFO -   B0 junction (indices 16-19) raw values: [ -9.629537 -10.       -10.       -10.      ]
2026-09-24 12:22:05,409 - RLController - INFO - Using CONTINUOUS DURATION-BASED mode
2026-09-24 12:22:05,409 - RLController - INFO -   Example: junction A0 -> durations [51, 13, 13, 13] (total: 90s)
2026-09-24 12:22:05,409 - RLController - INFO -   Example: junction A1 -> durations [24, 22, 22, 22] (total: 90s)
2026-09-24 12:22:05,409 - RLController - INFO -   Example: junction A2 -> durations [12, 12, 54, 12] (total: 90s)
2026-09-24 12:22:05,409 - RLController - INFO -   Example: junction A4 -> durations [60, 10, 10, 10] (total: 90s)
2026-09-24 12:22:05,410 - RLController - INFO -   Example: junction A5 -> durations [27, 21, 21, 21] (total: 90s)
2026-09-24 12:22:05,410 - RLController - INFO -   Example: junction B0 -> durations [24, 22, 22, 22] (total: 90s)
2026-09-24 12:22:05,410 - RLController - INFO -   Example: junction B1 -> durations [24, 22, 22, 22] (total: 90s)
2026-09-24 12:22:05,410 - RLController - INFO -   Example: junction B2 -> durations [24, 22, 22, 22] (total: 90s)
2026-09-24 12:22:05,410 - RLController - INFO -   Example: junction B4 -> durations [24, 22, 22, 22] (total: 90s)
2026-09-24 12:22:05,410 - RLController - INFO -   Example: junction B5 -> durations [60, 10, 10, 10] (total: 90s)
2026-09-24 12:22:05,410 - RLController - INFO -   Example: junction C0 -> durations [22, 22, 24, 22] (total: 90s)
2026-09-24 12:22:05,411 - RLController - INFO -   Example: junction C1 -> durations [24, 22, 22, 22] (total: 90s)
2026-09-24 12:22:05,411 - RLController - INFO -   Example: junction C2 -> durations [56, 14, 10, 10] (total: 90s)
2026-09-24 12:22:05,411 - RLController - INFO -   Example: junction C3 -> durations [60, 10, 10, 10] (total: 90s)
2026-09-24 12:22:05,411 - RLController - INFO -   Example: junction C4 -> durations [60, 10, 10, 10] (total: 90s)
2026-09-24 12:22:05,411 - RLController - INFO -   Example: junction C5 -> durations [57, 11, 11, 11] (total: 90s)
2026-09-24 12:22:05,411 - RLController - INFO -   Example: junction D0 -> durations [24, 22, 22, 22] (total: 90s)
2026-09-24 12:22:05,411 - RLController - INFO -   Example: junction D1 -> durations [22, 22, 24, 22] (total: 90s)
2026-09-24 12:22:05,411 - RLController - INFO -   Example: junction D2 -> durations [48, 14, 14, 14] (total: 90s)
2026-09-24 12:22:05,412 - RLController - INFO -   Example: junction D3 -> durations [24, 22, 22, 22] (total: 90s)
2026-09-24 12:22:05,412 - RLController - INFO -   Example: junction D4 -> durations [24, 22, 22, 22] (total: 90s)
2026-09-24 12:22:05,412 - RLController - INFO -   Example: junction D5 -> durations [12, 12, 54, 12] (total: 90s)
2026-09-24 12:22:05,412 - RLController - INFO -   Example: junction E0 -> durations [24, 22, 22, 22] (total: 90s)
2026-09-24 12:22:05,412 - RLController - INFO -   Example: junction E1 -> durations [24, 22, 22, 22] (total: 90s)
2026-09-24 12:22:05,413 - RLController - INFO -   Stored schedules for 34 junctions, cycle starts at step 6750
2026-09-24 12:22:08,488 - RLController - INFO - DIAGNOSTIC Step 6840 - Observation stats:
2026-09-24 12:22:08,488 - RLController - INFO -   Hash: -6367066189450455605, Min: 0.000000, Max: 1.000000, Mean: 0.440391, Std: 0.457706
2026-09-24 12:22:08,489 - RLController - INFO -   First 10: [1.         0.         0.         0.         0.         0.513384
 0.         1.         0.99333334 1.        ]
2026-09-24 12:22:08,489 - RLController - INFO -   Last 10: [0.         0.2        0.         0.08333334 0.47008547 0.00254102
 0.08504274 0.53891796 0.         0.3       ]
2026-09-24 12:22:08,493 - RLController - INFO - DIAGNOSTIC - Raw model action output:
2026-09-24 12:22:08,493 - RLController - INFO -   Action hash: 5034441204185580585
2026-09-24 12:22:08,493 - RLController - INFO -   First 8 values: [ -7.3158107 -10.        -10.        -10.        -10.        -10.
 -10.        -10.       ]
2026-09-24 12:22:08,494 - RLController - INFO -   Last 8 values: [-10.        -10.        -10.        -10.        -10.         -1.7060912
 -10.        -10.       ]
2026-09-24 12:22:08,494 - RLController - INFO -   Action shape: (136,), min: -10.000000, max: 5.773537, mean: -9.262901
2026-09-24 12:22:08,494 - RLController - INFO -   B0 junction (indices 16-19) raw values: [ -9.430938 -10.       -10.       -10.      ]
2026-09-24 12:22:08,494 - RLController - INFO - Using CONTINUOUS DURATION-BASED mode
2026-09-24 12:22:08,494 - RLController - INFO -   Example: junction A0 -> durations [51, 13, 13, 13] (total: 90s)
2026-09-24 12:22:08,495 - RLController - INFO -   Example: junction A1 -> durations [24, 22, 22, 22] (total: 90s)
2026-09-24 12:22:08,495 - RLController - INFO -   Example: junction A2 -> durations [12, 12, 54, 12] (total: 90s)
2026-09-24 12:22:08,495 - RLController - INFO -   Example: junction A4 -> durations [60, 10, 10, 10] (total: 90s)
2026-09-24 12:22:08,495 - RLController - INFO -   Example: junction A5 -> durations [30, 20, 20, 20] (total: 90s)
2026-09-24 12:22:08,495 - RLController - INFO -   Example: junction B0 -> durations [24, 22, 22, 22] (total: 90s)
2026-09-24 12:22:08,495 - RLController - INFO -   Example: junction B1 -> durations [24, 22, 22, 22] (total: 90s)
2026-09-24 12:22:08,495 - RLController - INFO -   Example: junction B2 -> durations [24, 22, 22, 22] (total: 90s)
2026-09-24 12:22:08,496 - RLController - INFO -   Example: junction B4 -> durations [24, 22, 22, 22] (total: 90s)
2026-09-24 12:22:08,496 - RLController - INFO -   Example: junction B5 -> durations [60, 10, 10, 10] (total: 90s)
2026-09-24 12:22:08,496 - RLController - INFO -   Example: junction C0 -> durations [22, 22, 24, 22] (total: 90s)
2026-09-24 12:22:08,496 - RLController - INFO -   Example: junction C1 -> durations [24, 22, 22, 22] (total: 90s)
2026-09-24 12:22:08,496 - RLController - INFO -   Example: junction C2 -> durations [55, 15, 10, 10] (total: 90s)
2026-09-24 12:22:08,496 - RLController - INFO -   Example: junction C3 -> durations [60, 10, 10, 10] (total: 90s)
2026-09-24 12:22:08,496 - RLController - INFO -   Example: junction C4 -> durations [57, 11, 11, 11] (total: 90s)
2026-09-24 12:22:08,497 - RLController - INFO -   Example: junction C5 -> durations [57, 11, 11, 11] (total: 90s)
2026-09-24 12:22:08,497 - RLController - INFO -   Example: junction D0 -> durations [24, 22, 22, 22] (total: 90s)
2026-09-24 12:22:08,497 - RLController - INFO -   Example: junction D1 -> durations [21, 21, 27, 21] (total: 90s)
2026-09-24 12:22:08,497 - RLController - INFO -   Example: junction D2 -> durations [51, 13, 13, 13] (total: 90s)
2026-09-24 12:22:08,497 - RLController - INFO -   Example: junction D3 -> durations [24, 22, 22, 22] (total: 90s)
2026-09-24 12:22:08,497 - RLController - INFO -   Example: junction D4 -> durations [24, 22, 22, 22] (total: 90s)
2026-09-24 12:22:08,497 - RLController - INFO -   Example: junction D5 -> durations [12, 12, 54, 12] (total: 90s)
2026-09-24 12:22:08,498 - RLController - INFO -   Example: junction E0 -> durations [24, 22, 22, 22] (total: 90s)
2026-09-24 12:22:08,498 - RLController - INFO -   Example: junction E1 -> durations [24, 22, 22, 22] (total: 90s)
2026-09-24 12:22:08,498 - RLController - INFO -   Stored schedules for 34 junctions, cycle starts at step 6840
2026-09-24 12:22:11,491 - RLController - INFO - DIAGNOSTIC Step 6930 - Observation stats:
2026-09-24 12:22:11,491 - RLController - INFO -   Hash: 3531610487734046064, Min: 0.000000, Max: 1.000000, Mean: 0.440213, Std: 0.457129
2026-09-24 12:22:11,491 - RLController - INFO -   First 10: [1.       0.       0.       0.       0.       0.513384 1.       0.
 0.       0.      ]
2026-09-24 12:22:11,491 - RLController - INFO -   Last 10: [0.         0.2        0.         0.08333334 0.4636752  0.00338725
 0.0824359  0.5566186  0.         0.3       ]
2026-09-24 12:22:11,521 - RLController - INFO - DIAGNOSTIC - Raw model action output:
2026-09-24 12:22:11,521 - RLController - INFO -   Action hash: -2328857016462492251
2026-09-24 12:22:11,521 - RLController - INFO -   First 8 values: [ -7.084354 -10.       -10.       -10.       -10.       -10.
 -10.       -10.      ]
2026-09-24 12:22:11,522 - RLController - INFO -   Last 8 values: [-10.        -10.        -10.        -10.        -10.         -2.1692567
 -10.        -10.       ]
2026-09-24 12:22:11,522 - RLController - INFO -   Action shape: (136,), min: -10.000000, max: 5.602088, mean: -9.295965
2026-09-24 12:22:11,522 - RLController - INFO -   B0 junction (indices 16-19) raw values: [ -9.871968 -10.       -10.       -10.      ]
2026-09-24 12:22:11,522 - RLController - INFO - Using CONTINUOUS DURATION-BASED mode
2026-09-24 12:22:11,522 - RLController - INFO -   Example: junction A0 -> durations [54, 12, 12, 12] (total: 90s)
2026-09-24 12:22:11,522 - RLController - INFO -   Example: junction A1 -> durations [24, 22, 22, 22] (total: 90s)
2026-09-24 12:22:11,522 - RLController - INFO -   Example: junction A2 -> durations [12, 12, 54, 12] (total: 90s)
2026-09-24 12:22:11,523 - RLController - INFO -   Example: junction A4 -> durations [60, 10, 10, 10] (total: 90s)
2026-09-24 12:22:11,523 - RLController - INFO -   Example: junction A5 -> durations [24, 22, 22, 22] (total: 90s)
2026-09-24 12:22:11,523 - RLController - INFO -   Example: junction B0 -> durations [24, 22, 22, 22] (total: 90s)
2026-09-24 12:22:11,523 - RLController - INFO -   Example: junction B1 -> durations [24, 22, 22, 22] (total: 90s)
2026-09-24 12:22:11,523 - RLController - INFO -   Example: junction B2 -> durations [24, 22, 22, 22] (total: 90s)
2026-09-24 12:22:11,523 - RLController - INFO -   Example: junction B4 -> durations [24, 22, 22, 22] (total: 90s)
2026-09-24 12:22:11,523 - RLController - INFO -   Example: junction B5 -> durations [60, 10, 10, 10] (total: 90s)
2026-09-24 12:22:11,523 - RLController - INFO -   Example: junction C0 -> durations [22, 22, 24, 22] (total: 90s)
2026-09-24 12:22:11,524 - RLController - INFO -   Example: junction C1 -> durations [24, 22, 22, 22] (total: 90s)
2026-09-24 12:22:11,524 - RLController - INFO -   Example: junction C2 -> durations [55, 15, 10, 10] (total: 90s)
2026-09-24 12:22:11,524 - RLController - INFO -   Example: junction C3 -> durations [60, 10, 10, 10] (total: 90s)
2026-09-24 12:22:11,524 - RLController - INFO -   Example: junction C4 -> durations [57, 11, 11, 11] (total: 90s)
2026-09-24 12:22:11,524 - RLController - INFO -   Example: junction C5 -> durations [57, 11, 11, 11] (total: 90s)
2026-09-24 12:22:11,524 - RLController - INFO -   Example: junction D0 -> durations [24, 22, 22, 22] (total: 90s)
2026-09-24 12:22:11,525 - RLController - INFO -   Example: junction D1 -> durations [21, 21, 27, 21] (total: 90s)
2026-09-24 12:22:11,525 - RLController - INFO -   Example: junction D2 -> durations [45, 15, 15, 15] (total: 90s)
2026-09-24 12:22:11,525 - RLController - INFO -   Example: junction D3 -> durations [24, 22, 22, 22] (total: 90s)
2026-09-24 12:22:11,525 - RLController - INFO -   Example: junction D4 -> durations [24, 22, 22, 22] (total: 90s)
2026-09-24 12:22:11,525 - RLController - INFO -   Example: junction D5 -> durations [12, 12, 54, 12] (total: 90s)
2026-09-24 12:22:11,525 - RLController - INFO -   Example: junction E0 -> durations [24, 22, 22, 22] (total: 90s)
2026-09-24 12:22:11,525 - RLController - INFO -   Example: junction E1 -> durations [24, 22, 22, 22] (total: 90s)
2026-09-24 12:22:11,526 - RLController - INFO -   Stored schedules for 34 junctions, cycle starts at step 6930
2026-09-24 12:22:15,054 - RLController - INFO - DIAGNOSTIC Step 7020 - Observation stats:
2026-09-24 12:22:15,060 - RLController - INFO -   Hash: -6954008793331641614, Min: 0.000000, Max: 1.000358, Mean: 0.449264, Std: 0.456952
2026-09-24 12:22:15,061 - RLController - INFO -   First 10: [1.       0.       0.       0.       0.       0.513384 1.       0.
 0.       0.      ]
2026-09-24 12:22:15,061 - RLController - INFO -   Last 10: [0.         0.2        0.         0.08333334 0.50213677 0.00307074
 0.08410256 0.5106544  0.         0.3       ]
2026-09-24 12:22:15,073 - RLController - INFO - DIAGNOSTIC - Raw model action output:
2026-09-24 12:22:15,074 - RLController - INFO -   Action hash: 7924991075943037389
2026-09-24 12:22:15,074 - RLController - INFO -   First 8 values: [ -7.506668 -10.       -10.       -10.       -10.       -10.
 -10.       -10.      ]
2026-09-24 12:22:15,074 - RLController - INFO -   Last 8 values: [-10.       -10.       -10.       -10.       -10.        -2.817773
 -10.       -10.      ]
2026-09-24 12:22:15,074 - RLController - INFO -   Action shape: (136,), min: -10.000000, max: 5.100255, mean: -9.299645
2026-09-24 12:22:15,074 - RLController - INFO -   B0 junction (indices 16-19) raw values: [-10. -10. -10. -10.]
2026-09-24 12:22:15,074 - RLController - INFO - Using CONTINUOUS DURATION-BASED mode
2026-09-24 12:22:15,075 - RLController - INFO -   Example: junction A0 -> durations [51, 13, 13, 13] (total: 90s)
2026-09-24 12:22:15,075 - RLController - INFO -   Example: junction A1 -> durations [24, 22, 22, 22] (total: 90s)
2026-09-24 12:22:15,075 - RLController - INFO -   Example: junction A2 -> durations [12, 12, 54, 12] (total: 90s)
2026-09-24 12:22:15,075 - RLController - INFO -   Example: junction A4 -> durations [60, 10, 10, 10] (total: 90s)
2026-09-24 12:22:15,075 - RLController - INFO -   Example: junction A5 -> durations [24, 22, 22, 22] (total: 90s)
2026-09-24 12:22:15,075 - RLController - INFO -   Example: junction B0 -> durations [24, 22, 22, 22] (total: 90s)
2026-09-24 12:22:15,075 - RLController - INFO -   Example: junction B1 -> durations [24, 22, 22, 22] (total: 90s)
2026-09-24 12:22:15,076 - RLController - INFO -   Example: junction B2 -> durations [24, 22, 22, 22] (total: 90s)
2026-09-24 12:22:15,076 - RLController - INFO -   Example: junction B4 -> durations [24, 22, 22, 22] (total: 90s)
2026-09-24 12:22:15,076 - RLController - INFO -   Example: junction B5 -> durations [60, 10, 10, 10] (total: 90s)
2026-09-24 12:22:15,076 - RLController - INFO -   Example: junction C0 -> durations [22, 22, 24, 22] (total: 90s)
2026-09-24 12:22:15,076 - RLController - INFO -   Example: junction C1 -> durations [24, 22, 22, 22] (total: 90s)
2026-09-24 12:22:15,076 - RLController - INFO -   Example: junction C2 -> durations [54, 16, 10, 10] (total: 90s)
2026-09-24 12:22:15,076 - RLController - INFO -   Example: junction C3 -> durations [60, 10, 10, 10] (total: 90s)
2026-09-24 12:22:15,076 - RLController - INFO -   Example: junction C4 -> durations [57, 11, 11, 11] (total: 90s)
2026-09-24 12:22:15,077 - RLController - INFO -   Example: junction C5 -> durations [57, 11, 11, 11] (total: 90s)
2026-09-24 12:22:15,077 - RLController - INFO -   Example: junction D0 -> durations [24, 22, 22, 22] (total: 90s)
2026-09-24 12:22:15,077 - RLController - INFO -   Example: junction D1 -> durations [21, 21, 27, 21] (total: 90s)
2026-09-24 12:22:15,077 - RLController - INFO -   Example: junction D2 -> durations [48, 14, 14, 14] (total: 90s)
2026-09-24 12:22:15,077 - RLController - INFO -   Example: junction D3 -> durations [24, 22, 22, 22] (total: 90s)
2026-09-24 12:22:15,077 - RLController - INFO -   Example: junction D4 -> durations [24, 22, 22, 22] (total: 90s)
2026-09-24 12:22:15,077 - RLController - INFO -   Example: junction D5 -> durations [13, 13, 51, 13] (total: 90s)
2026-09-24 12:22:15,077 - RLController - INFO -   Example: junction E0 -> durations [24, 22, 22, 22] (total: 90s)
2026-09-24 12:22:15,078 - RLController - INFO -   Example: junction E1 -> durations [24, 22, 22, 22] (total: 90s)
2026-09-24 12:22:15,078 - RLController - INFO -   Stored schedules for 34 junctions, cycle starts at step 7020
2026-09-24 12:22:18,127 - RLController - INFO - DIAGNOSTIC Step 7110 - Observation stats:
2026-09-24 12:22:18,128 - RLController - INFO -   Hash: 1957621473886468593, Min: 0.000000, Max: 1.000000, Mean: 0.449047, Std: 0.457280
2026-09-24 12:22:18,128 - RLController - INFO -   First 10: [1.       0.       0.       0.       0.       0.513384 1.       0.
 0.       0.      ]
2026-09-24 12:22:18,128 - RLController - INFO -   Last 10: [0.         0.2        0.         0.08333334 0.51495725 0.00354059
 0.08491453 0.50656974 0.         0.3       ]
2026-09-24 12:22:18,137 - RLController - INFO - DIAGNOSTIC - Raw model action output:
2026-09-24 12:22:18,137 - RLController - INFO -   Action hash: -6980473620848648575
2026-09-24 12:22:18,138 - RLController - INFO -   First 8 values: [ -7.583897 -10.       -10.       -10.       -10.       -10.
 -10.       -10.      ]
2026-09-24 12:22:18,138 - RLController - INFO -   Last 8 values: [-10.        -10.        -10.        -10.        -10.         -2.1743987
 -10.        -10.       ]
2026-09-24 12:22:18,138 - RLController - INFO -   Action shape: (136,), min: -10.000000, max: 5.258132, mean: -9.300142
2026-09-24 12:22:18,138 - RLController - INFO -   B0 junction (indices 16-19) raw values: [-10. -10. -10. -10.]
2026-09-24 12:22:18,138 - RLController - INFO - Using CONTINUOUS DURATION-BASED mode
2026-09-24 12:22:18,138 - RLController - INFO -   Example: junction A0 -> durations [48, 14, 14, 14] (total: 90s)
2026-09-24 12:22:18,139 - RLController - INFO -   Example: junction A1 -> durations [24, 22, 22, 22] (total: 90s)
2026-09-24 12:22:18,139 - RLController - INFO -   Example: junction A2 -> durations [12, 12, 54, 12] (total: 90s)
2026-09-24 12:22:18,139 - RLController - INFO -   Example: junction A4 -> durations [60, 10, 10, 10] (total: 90s)
2026-09-24 12:22:18,139 - RLController - INFO -   Example: junction A5 -> durations [24, 22, 22, 22] (total: 90s)
2026-09-24 12:22:18,139 - RLController - INFO -   Example: junction B0 -> durations [24, 22, 22, 22] (total: 90s)
2026-09-24 12:22:18,139 - RLController - INFO -   Example: junction B1 -> durations [24, 22, 22, 22] (total: 90s)
2026-09-24 12:22:18,139 - RLController - INFO -   Example: junction B2 -> durations [24, 22, 22, 22] (total: 90s)
2026-09-24 12:22:18,139 - RLController - INFO -   Example: junction B4 -> durations [24, 22, 22, 22] (total: 90s)
2026-09-24 12:22:18,140 - RLController - INFO -   Example: junction B5 -> durations [60, 10, 10, 10] (total: 90s)
2026-09-24 12:22:18,140 - RLController - INFO -   Example: junction C0 -> durations [22, 22, 24, 22] (total: 90s)
2026-09-24 12:22:18,140 - RLController - INFO -   Example: junction C1 -> durations [24, 22, 22, 22] (total: 90s)
2026-09-24 12:22:18,140 - RLController - INFO -   Example: junction C2 -> durations [55, 15, 10, 10] (total: 90s)
2026-09-24 12:22:18,140 - RLController - INFO -   Example: junction C3 -> durations [60, 10, 10, 10] (total: 90s)
2026-09-24 12:22:18,140 - RLController - INFO -   Example: junction C4 -> durations [57, 11, 11, 11] (total: 90s)
2026-09-24 12:22:18,140 - RLController - INFO -   Example: junction C5 -> durations [57, 11, 11, 11] (total: 90s)
2026-09-24 12:22:18,140 - RLController - INFO -   Example: junction D0 -> durations [24, 22, 22, 22] (total: 90s)
2026-09-24 12:22:18,141 - RLController - INFO -   Example: junction D1 -> durations [22, 22, 24, 22] (total: 90s)
2026-09-24 12:22:18,141 - RLController - INFO -   Example: junction D2 -> durations [45, 15, 15, 15] (total: 90s)
2026-09-24 12:22:18,141 - RLController - INFO -   Example: junction D3 -> durations [24, 22, 22, 22] (total: 90s)
2026-09-24 12:22:18,141 - RLController - INFO -   Example: junction D4 -> durations [24, 22, 22, 22] (total: 90s)
2026-09-24 12:22:18,141 - RLController - INFO -   Example: junction D5 -> durations [13, 13, 51, 13] (total: 90s)
2026-09-24 12:22:18,141 - RLController - INFO -   Example: junction E0 -> durations [24, 22, 22, 22] (total: 90s)
2026-09-24 12:22:18,141 - RLController - INFO -   Example: junction E1 -> durations [24, 22, 22, 22] (total: 90s)
2026-09-24 12:22:18,142 - RLController - INFO -   Stored schedules for 34 junctions, cycle starts at step 7110
2026-09-24 12:22:21,137 - RLController - INFO - DIAGNOSTIC Step 7200 - Observation stats:
2026-09-24 12:22:21,137 - RLController - INFO -   Hash: 3048166353775857423, Min: 0.000000, Max: 1.000000, Mean: 0.445139, Std: 0.456459
2026-09-24 12:22:21,137 - RLController - INFO -   First 10: [1.         0.         0.         0.         0.         0.513384
 0.         0.         0.99333334 1.        ]
2026-09-24 12:22:21,138 - RLController - INFO -   Last 10: [0.         0.2        0.         0.08333334 0.50213677 0.0041419
 0.08452991 0.5300062  0.         0.3       ]
2026-09-24 12:22:21,142 - RLController - INFO - DIAGNOSTIC - Raw model action output:
2026-09-24 12:22:21,142 - RLController - INFO -   Action hash: -596690281373994276
2026-09-24 12:22:21,142 - RLController - INFO -   First 8 values: [ -7.6160803 -10.        -10.        -10.        -10.        -10.
 -10.        -10.       ]
2026-09-24 12:22:21,143 - RLController - INFO -   Last 8 values: [-10.        -10.        -10.        -10.        -10.         -1.9879339
 -10.        -10.       ]
2026-09-24 12:22:21,143 - RLController - INFO -   Action shape: (136,), min: -10.000000, max: 5.115205, mean: -9.302654
2026-09-24 12:22:21,143 - RLController - INFO -   B0 junction (indices 16-19) raw values: [-10. -10. -10. -10.]
2026-09-24 12:22:21,143 - RLController - INFO - Using CONTINUOUS DURATION-BASED mode
2026-09-24 12:22:21,143 - RLController - INFO -   Example: junction A0 -> durations [48, 14, 14, 14] (total: 90s)
2026-09-24 12:22:21,143 - RLController - INFO -   Example: junction A1 -> durations [24, 22, 22, 22] (total: 90s)
2026-09-24 12:22:21,144 - RLController - INFO -   Example: junction A2 -> durations [11, 11, 57, 11] (total: 90s)
2026-09-24 12:22:21,144 - RLController - INFO -   Example: junction A4 -> durations [60, 10, 10, 10] (total: 90s)
2026-09-24 12:22:21,144 - RLController - INFO -   Example: junction A5 -> durations [24, 22, 22, 22] (total: 90s)
2026-09-24 12:22:21,144 - RLController - INFO -   Example: junction B0 -> durations [24, 22, 22, 22] (total: 90s)
2026-09-24 12:22:21,144 - RLController - INFO -   Example: junction B1 -> durations [24, 22, 22, 22] (total: 90s)
2026-09-24 12:22:21,144 - RLController - INFO -   Example: junction B2 -> durations [24, 22, 22, 22] (total: 90s)
2026-09-24 12:22:21,144 - RLController - INFO -   Example: junction B4 -> durations [24, 22, 22, 22] (total: 90s)
2026-09-24 12:22:21,144 - RLController - INFO -   Example: junction B5 -> durations [60, 10, 10, 10] (total: 90s)
2026-09-24 12:22:21,145 - RLController - INFO -   Example: junction C0 -> durations [22, 22, 24, 22] (total: 90s)
2026-09-24 12:22:21,145 - RLController - INFO -   Example: junction C1 -> durations [24, 22, 22, 22] (total: 90s)
2026-09-24 12:22:21,145 - RLController - INFO -   Example: junction C2 -> durations [59, 11, 10, 10] (total: 90s)
2026-09-24 12:22:21,145 - RLController - INFO -   Example: junction C3 -> durations [60, 10, 10, 10] (total: 90s)
2026-09-24 12:22:21,145 - RLController - INFO -   Example: junction C4 -> durations [60, 10, 10, 10] (total: 90s)
2026-09-24 12:22:21,145 - RLController - INFO -   Example: junction C5 -> durations [57, 11, 11, 11] (total: 90s)
2026-09-24 12:22:21,145 - RLController - INFO -   Example: junction D0 -> durations [24, 22, 22, 22] (total: 90s)
2026-09-24 12:22:21,145 - RLController - INFO -   Example: junction D1 -> durations [22, 22, 24, 22] (total: 90s)
2026-09-24 12:22:21,146 - RLController - INFO -   Example: junction D2 -> durations [45, 15, 15, 15] (total: 90s)
2026-09-24 12:22:21,146 - RLController - INFO -   Example: junction D3 -> durations [24, 22, 22, 22] (total: 90s)
2026-09-24 12:22:21,146 - RLController - INFO -   Example: junction D4 -> durations [24, 22, 22, 22] (total: 90s)
2026-09-24 12:22:21,146 - RLController - INFO -   Example: junction D5 -> durations [13, 13, 51, 13] (total: 90s)
2026-09-24 12:22:21,146 - RLController - INFO -   Example: junction E0 -> durations [24, 22, 22, 22] (total: 90s)
2026-09-24 12:22:21,146 - RLController - INFO -   Example: junction E1 -> durations [24, 22, 22, 22] (total: 90s)
2026-09-24 12:22:21,147 - RLController - INFO -   Stored schedules for 34 junctions, cycle starts at step 7200
2026-09-24 12:22:24,532 - RLController - INFO - DIAGNOSTIC Step 7290 - Observation stats:
2026-09-24 12:22:24,532 - RLController - INFO -   Hash: 2411011934715405742, Min: 0.000000, Max: 1.000000, Mean: 0.450617, Std: 0.456669
2026-09-24 12:22:24,532 - RLController - INFO -   First 10: [1.         0.         0.         0.         0.         0.513384
 0.         1.         0.99333334 1.        ]
2026-09-24 12:22:24,532 - RLController - INFO -   Last 10: [0.         0.2        0.         0.08333334 0.52991456 0.00382289
 0.08666667 0.4967425  0.         0.3       ]
2026-09-24 12:22:24,539 - RLController - INFO - DIAGNOSTIC - Raw model action output:
2026-09-24 12:22:24,539 - RLController - INFO -   Action hash: -5075365283476557622
2026-09-24 12:22:24,540 - RLController - INFO -   First 8 values: [ -7.1533456 -10.        -10.        -10.        -10.        -10.
 -10.        -10.       ]
2026-09-24 12:22:24,540 - RLController - INFO -   Last 8 values: [-10.        -10.        -10.        -10.        -10.         -1.6304638
 -10.        -10.       ]
2026-09-24 12:22:24,540 - RLController - INFO -   Action shape: (136,), min: -10.000000, max: 4.854954, mean: -9.273484
2026-09-24 12:22:24,541 - RLController - INFO -   B0 junction (indices 16-19) raw values: [-10. -10. -10. -10.]
2026-09-24 12:22:24,541 - RLController - INFO - Using CONTINUOUS DURATION-BASED mode
2026-09-24 12:22:24,541 - RLController - INFO -   Example: junction A0 -> durations [54, 12, 12, 12] (total: 90s)
2026-09-24 12:22:24,541 - RLController - INFO -   Example: junction A1 -> durations [24, 22, 22, 22] (total: 90s)
2026-09-24 12:22:24,542 - RLController - INFO -   Example: junction A2 -> durations [12, 12, 54, 12] (total: 90s)
2026-09-24 12:22:24,542 - RLController - INFO -   Example: junction A4 -> durations [60, 10, 10, 10] (total: 90s)
2026-09-24 12:22:24,542 - RLController - INFO -   Example: junction A5 -> durations [24, 22, 22, 22] (total: 90s)
2026-09-24 12:22:24,542 - RLController - INFO -   Example: junction B0 -> durations [24, 22, 22, 22] (total: 90s)
2026-09-24 12:22:24,542 - RLController - INFO -   Example: junction B1 -> durations [24, 22, 22, 22] (total: 90s)
2026-09-24 12:22:24,543 - RLController - INFO -   Example: junction B2 -> durations [24, 22, 22, 22] (total: 90s)
2026-09-24 12:22:24,543 - RLController - INFO -   Example: junction B4 -> durations [24, 22, 22, 22] (total: 90s)
2026-09-24 12:22:24,543 - RLController - INFO -   Example: junction B5 -> durations [60, 10, 10, 10] (total: 90s)
2026-09-24 12:22:24,543 - RLController - INFO -   Example: junction C0 -> durations [22, 22, 24, 22] (total: 90s)
2026-09-24 12:22:24,543 - RLController - INFO -   Example: junction C1 -> durations [24, 22, 22, 22] (total: 90s)
2026-09-24 12:22:24,544 - RLController - INFO -   Example: junction C2 -> durations [54, 16, 10, 10] (total: 90s)
2026-09-24 12:22:24,544 - RLController - INFO -   Example: junction C3 -> durations [60, 10, 10, 10] (total: 90s)
2026-09-24 12:22:24,544 - RLController - INFO -   Example: junction C4 -> durations [57, 11, 11, 11] (total: 90s)
2026-09-24 12:22:24,544 - RLController - INFO -   Example: junction C5 -> durations [57, 11, 11, 11] (total: 90s)
2026-09-24 12:22:24,545 - RLController - INFO -   Example: junction D0 -> durations [24, 22, 22, 22] (total: 90s)
2026-09-24 12:22:24,545 - RLController - INFO -   Example: junction D1 -> durations [21, 21, 27, 21] (total: 90s)
2026-09-24 12:22:24,545 - RLController - INFO -   Example: junction D2 -> durations [48, 14, 14, 14] (total: 90s)
2026-09-24 12:22:24,545 - RLController - INFO -   Example: junction D3 -> durations [24, 22, 22, 22] (total: 90s)
2026-09-24 12:22:24,545 - RLController - INFO -   Example: junction D4 -> durations [24, 22, 22, 22] (total: 90s)
2026-09-24 12:22:24,546 - RLController - INFO -   Example: junction D5 -> durations [13, 13, 51, 13] (total: 90s)
2026-09-24 12:22:24,546 - RLController - INFO -   Example: junction E0 -> durations [24, 22, 22, 22] (total: 90s)
2026-09-24 12:22:24,546 - RLController - INFO -   Example: junction E1 -> durations [24, 22, 22, 22] (total: 90s)
2026-09-24 12:22:24,547 - RLController - INFO -   Stored schedules for 34 junctions, cycle starts at step 7290
2026-09-24 12:22:24,966 - RLController - WARNING - RL environment cleanup failed: 'TrafficControlEnv' object has no attribute 'reward_calculator'
2026-09-24 12:22:25,204 - TrafficSimulator - INFO - Simulation completed successfully!
2026-09-24 12:22:25,207 - TrafficSimulator - INFO - === SIMULATION COMPLETED ===
2026-09-24 12:22:25,207 - TrafficSimulator - INFO - Total simulation steps: 7300
2026-09-24 12:22:25,207 - TrafficSimulator - INFO - Vehicles loaded: 22000
2026-09-24 12:22:25,207 - TrafficSimulator - INFO - Vehicles inserted: 19445
2026-09-24 12:22:25,207 - TrafficSimulator - INFO - Vehicles still running: 2287
2026-09-24 12:22:25,207 - TrafficSimulator - INFO - Vehicles waiting: 2555
2026-09-24 12:22:25,207 - TrafficSimulator - INFO - Vehicles arrived: 17158
2026-09-24 12:22:25,207 - TrafficSimulator - INFO - Completion rate: 78.0%
2026-09-24 12:22:25,207 - TrafficSimulator - INFO - Insertion rate: 88.4%
2026-09-24 12:22:25,207 - TrafficSimulator - INFO - Average duration: 626.4s
2026-09-24 12:22:25,208 - TrafficSimulator - INFO - Average waiting time: 418.6s
2026-09-24 12:22:25,208 - TrafficSimulator - INFO - Average time loss: 509.3s
2026-09-24 12:22:25,208 - TrafficSimulator - INFO - Throughput: 8461 veh/h
2026-09-24 12:22:25,208 - TrafficSimulator - INFO - Trip statistics count: 17158
2026-09-24 12:22:25,208 - TrafficSimulator - INFO - Traffic control method: rl
