run_name: rl_s03   controller: rl   started: 2026-09-23T19:29:34Z
src: /a/home/cc/tree/taucc/architec/efratbl/sumo-traffic-generator/paper_rl_vs_tm/app/src/__init__.py
python: Python 3.10.2
sumo: Eclipse SUMO sumo 1.25.0
numpy 1.24.4 torch 2.1.2+cpu sb3 2.1.0
model md5: 8b8d9f494260a1a1f6a24b2c4ef25667
sumo seed: 3
2026-09-23 22:29:53,948 - StandardPipeline - INFO - Prepared output directory: /a/home/cc/architec/efratbl/sumo-traffic-generator/paper_rl_vs_tm/results/runs/rl_s03/workspace
2026-09-23 22:29:53,948 - StandardPipeline - INFO - --- Step 1: Network Generation ---
Success.
2026-09-23 22:29:55,683 - StandardPipeline - INFO - --- Step 2: Zone Generation ---
2026-09-23 22:29:58,893 - StandardPipeline - INFO - --- Step 3: Integrated Edge Splitting with Lane Assignment ---
Post-processing: 108 edges processed, 108 converted to multi-head
2026-09-23 22:30:30,369 - StandardPipeline - INFO - --- Step 4: Network Rebuild ---
2026-09-23 22:30:31,483 - StandardPipeline - INFO - --- Step 5: Edge Attractiveness Assignment ---
2026-09-23 22:32:22,017 - StandardPipeline - INFO - --- Step 6: Vehicle Route Generation ---
2026-09-23 22:32:41,961 - StandardPipeline - INFO - --- Step 7: SUMO Configuration Generation ---
2026-09-23 22:32:41,975 - StandardPipeline - INFO - --- Step 8: Dynamic Simulation ---
2026-09-23 22:32:41,975 - src.orchestration.simulator - INFO - Using TraCI simulator for rl (dynamic control)
 Retrying in 1 seconds
2026-09-23 22:32:48,294 - RLController - INFO - Creating RL environment...
[DIM CHECK] network_path='None'
[DIM CHECK] Using existing workspace network: /a/home/cc/architec/efratbl/sumo-traffic-generator/paper_rl_vs_tm/results/runs/rl_s03/workspace/grid.net.xml
2026-09-23 22:32:48,295 - TrafficControlEnv - INFO - Using existing workspace network: /a/home/cc/architec/efratbl/sumo-traffic-generator/paper_rl_vs_tm/results/runs/rl_s03/workspace/grid.net.xml
2026-09-23 22:32:48,460 - TrafficControlEnv - INFO - Parsed network dimensions from: /a/home/cc/architec/efratbl/sumo-traffic-generator/paper_rl_vs_tm/results/runs/rl_s03/workspace/grid.net.xml
2026-09-23 22:32:48,460 - TrafficControlEnv - INFO -   Edges: 468
2026-09-23 22:32:48,460 - TrafficControlEnv - INFO -   Junctions: 34
2026-09-23 22:32:48,462 - RLController - INFO - RL environment created successfully
2026-09-23 22:32:48,462 - RLController - INFO - Observation space: (2882,)
2026-09-23 22:32:48,462 - RLController - INFO - Action space: (136,)
/a/home/cc/tree/taucc/architec/efratbl/sumo-traffic-generator/paper_rl_vs_tm/app/src/rl/controller.py:259: UserWarning: Call to deprecated function getAllProgramLogics, use getCompleteRedYellowGreenDefinition instead.
  complete_def = traci.trafficlight.getCompleteRedYellowGreenDefinition(tl_id)[
2026-09-23 22:32:48,795 - RLController - INFO - DIAGNOSTIC Step 0 - Observation stats:
2026-09-23 22:32:48,796 - RLController - INFO -   Hash: -8087007245749754701, Min: 0.000000, Max: 1.000080, Mean: 0.246374, Std: 0.378330
2026-09-23 22:32:48,796 - RLController - INFO -   First 10: [1.  0.  0.  0.  0.  0.5 1.  0.  0.  0. ]
2026-09-23 22:32:48,796 - RLController - INFO -   Last 10: [0.      0.1875  0.      0.25    0.      0.      0.      1.00008 0.
 0.3    ]
2026-09-23 22:32:48,803 - RLController - INFO - DIAGNOSTIC - Raw model action output:
2026-09-23 22:32:48,803 - RLController - INFO -   Action hash: -8197345177872501538
2026-09-23 22:32:48,803 - RLController - INFO -   First 8 values: [ -4.2462254 -10.         -8.615134  -10.        -10.        -10.
  -9.517142   -9.423127 ]
2026-09-23 22:32:48,803 - RLController - INFO -   Last 8 values: [ -9.937325  -10.         -7.9518666 -10.         -8.441892   -1.202461
  -9.473316  -10.       ]
2026-09-23 22:32:48,803 - RLController - INFO -   Action shape: (136,), min: -10.000000, max: 2.648499, mean: -8.256987
2026-09-23 22:32:48,804 - RLController - INFO -   B0 junction (indices 16-19) raw values: [ -7.3623834  -6.7744145  -7.927693  -10.       ]
2026-09-23 22:32:48,804 - RLController - INFO - Using CONTINUOUS DURATION-BASED mode
2026-09-23 22:32:48,805 - RLController - INFO -   Example: junction A0 -> durations [59, 10, 11, 10] (total: 90s)
2026-09-23 22:32:48,805 - RLController - INFO -   Example: junction A1 -> durations [19, 19, 25, 27] (total: 90s)
2026-09-23 22:32:48,805 - RLController - INFO -   Example: junction A2 -> durations [10, 12, 58, 10] (total: 90s)
2026-09-23 22:32:48,805 - RLController - INFO -   Example: junction A4 -> durations [60, 10, 10, 10] (total: 90s)
2026-09-23 22:32:48,805 - RLController - INFO -   Example: junction A5 -> durations [25, 36, 18, 11] (total: 90s)
2026-09-23 22:32:48,806 - RLController - INFO -   Example: junction B0 -> durations [12, 12, 46, 20] (total: 90s)
2026-09-23 22:32:48,806 - RLController - INFO -   Example: junction B1 -> durations [14, 54, 11, 11] (total: 90s)
2026-09-23 22:32:48,806 - RLController - INFO -   Example: junction B2 -> durations [12, 12, 54, 12] (total: 90s)
2026-09-23 22:32:48,806 - RLController - INFO -   Example: junction B4 -> durations [15, 23, 37, 15] (total: 90s)
2026-09-23 22:32:48,806 - RLController - INFO -   Example: junction B5 -> durations [60, 10, 10, 10] (total: 90s)
2026-09-23 22:32:48,806 - RLController - INFO -   Example: junction C0 -> durations [11, 14, 47, 18] (total: 90s)
2026-09-23 22:32:48,807 - RLController - INFO -   Example: junction C1 -> durations [27, 13, 30, 20] (total: 90s)
2026-09-23 22:32:48,807 - RLController - INFO -   Example: junction C2 -> durations [54, 16, 10, 10] (total: 90s)
2026-09-23 22:32:48,807 - RLController - INFO -   Example: junction C3 -> durations [59, 11, 10, 10] (total: 90s)
2026-09-23 22:32:48,807 - RLController - INFO -   Example: junction C4 -> durations [36, 10, 34, 10] (total: 90s)
2026-09-23 22:32:48,807 - RLController - INFO -   Example: junction C5 -> durations [50, 10, 10, 20] (total: 90s)
2026-09-23 22:32:48,807 - RLController - INFO -   Example: junction D0 -> durations [19, 28, 31, 12] (total: 90s)
2026-09-23 22:32:48,807 - RLController - INFO -   Example: junction D1 -> durations [11, 13, 47, 19] (total: 90s)
2026-09-23 22:32:48,808 - RLController - INFO -   Example: junction D2 -> durations [57, 11, 11, 11] (total: 90s)
2026-09-23 22:32:48,808 - RLController - INFO -   Example: junction D3 -> durations [22, 12, 44, 12] (total: 90s)
2026-09-23 22:32:48,808 - RLController - INFO -   Example: junction D4 -> durations [12, 25, 42, 11] (total: 90s)
2026-09-23 22:32:48,808 - RLController - INFO -   Example: junction D5 -> durations [11, 10, 58, 11] (total: 90s)
2026-09-23 22:32:48,808 - RLController - INFO -   Example: junction E0 -> durations [11, 11, 12, 56] (total: 90s)
2026-09-23 22:32:48,808 - RLController - INFO -   Example: junction E1 -> durations [34, 11, 34, 11] (total: 90s)
2026-09-23 22:32:48,809 - RLController - INFO -   Stored schedules for 34 junctions, cycle starts at step 0
2026-09-23 22:32:49,574 - RLController - INFO - DIAGNOSTIC Step 90 - Observation stats:
2026-09-23 22:32:49,574 - RLController - INFO -   Hash: 591104283158223085, Min: 0.000000, Max: 1.000000, Mean: 0.296525, Std: 0.404868
2026-09-23 22:32:49,574 - RLController - INFO -   First 10: [1.  0.  0.  0.  0.  0.5 1.  0.  0.  0. ]
2026-09-23 22:32:49,574 - RLController - INFO -   Last 10: [0.0000000e+00 1.2500000e-01 0.0000000e+00 8.3333336e-02 1.4316240e-01
 5.8173179e-04 1.0256411e-02 8.5366243e-01 0.0000000e+00 3.0000001e-01]
2026-09-23 22:32:49,578 - RLController - INFO - DIAGNOSTIC - Raw model action output:
2026-09-23 22:32:49,578 - RLController - INFO -   Action hash: -1152967939430838844
2026-09-23 22:32:49,578 - RLController - INFO -   First 8 values: [ -5.6604257 -10.        -10.        -10.        -10.        -10.
 -10.        -10.       ]
2026-09-23 22:32:49,579 - RLController - INFO -   Last 8 values: [-10.         -10.         -10.         -10.         -10.
  -0.05738087 -10.         -10.        ]
2026-09-23 22:32:49,579 - RLController - INFO -   Action shape: (136,), min: -10.000000, max: 4.040340, mean: -8.877769
2026-09-23 22:32:49,579 - RLController - INFO -   B0 junction (indices 16-19) raw values: [ -8.539998  -8.927001 -10.       -10.      ]
2026-09-23 22:32:49,579 - RLController - INFO - Using CONTINUOUS DURATION-BASED mode
2026-09-23 22:32:49,579 - RLController - INFO -   Example: junction A0 -> durations [57, 11, 11, 11] (total: 90s)
2026-09-23 22:32:49,580 - RLController - INFO -   Example: junction A1 -> durations [24, 22, 22, 22] (total: 90s)
2026-09-23 22:32:49,580 - RLController - INFO -   Example: junction A2 -> durations [10, 12, 58, 10] (total: 90s)
2026-09-23 22:32:49,580 - RLController - INFO -   Example: junction A4 -> durations [59, 11, 10, 10] (total: 90s)
2026-09-23 22:32:49,580 - RLController - INFO -   Example: junction A5 -> durations [34, 26, 15, 15] (total: 90s)
2026-09-23 22:32:49,580 - RLController - INFO -   Example: junction B0 -> durations [18, 18, 36, 18] (total: 90s)
2026-09-23 22:32:49,580 - RLController - INFO -   Example: junction B1 -> durations [12, 54, 12, 12] (total: 90s)
2026-09-23 22:32:49,580 - RLController - INFO -   Example: junction B2 -> durations [19, 19, 33, 19] (total: 90s)
2026-09-23 22:32:49,580 - RLController - INFO -   Example: junction B4 -> durations [24, 22, 22, 22] (total: 90s)
2026-09-23 22:32:49,581 - RLController - INFO -   Example: junction B5 -> durations [60, 10, 10, 10] (total: 90s)
2026-09-23 22:32:49,581 - RLController - INFO -   Example: junction C0 -> durations [14, 14, 44, 18] (total: 90s)
2026-09-23 22:32:49,581 - RLController - INFO -   Example: junction C1 -> durations [27, 21, 21, 21] (total: 90s)
2026-09-23 22:32:49,581 - RLController - INFO -   Example: junction C2 -> durations [55, 15, 10, 10] (total: 90s)
2026-09-23 22:32:49,581 - RLController - INFO -   Example: junction C3 -> durations [60, 10, 10, 10] (total: 90s)
2026-09-23 22:32:49,581 - RLController - INFO -   Example: junction C4 -> durations [46, 11, 22, 11] (total: 90s)
2026-09-23 22:32:49,581 - RLController - INFO -   Example: junction C5 -> durations [55, 10, 10, 15] (total: 90s)
2026-09-23 22:32:49,581 - RLController - INFO -   Example: junction D0 -> durations [17, 24, 32, 17] (total: 90s)
2026-09-23 22:32:49,582 - RLController - INFO -   Example: junction D1 -> durations [12, 12, 51, 15] (total: 90s)
2026-09-23 22:32:49,582 - RLController - INFO -   Example: junction D2 -> durations [57, 11, 11, 11] (total: 90s)
2026-09-23 22:32:49,582 - RLController - INFO -   Example: junction D3 -> durations [18, 18, 36, 18] (total: 90s)
2026-09-23 22:32:49,582 - RLController - INFO -   Example: junction D4 -> durations [16, 27, 31, 16] (total: 90s)
2026-09-23 22:32:49,582 - RLController - INFO -   Example: junction D5 -> durations [11, 11, 57, 11] (total: 90s)
2026-09-23 22:32:49,582 - RLController - INFO -   Example: junction E0 -> durations [14, 14, 14, 48] (total: 90s)
2026-09-23 22:32:49,582 - RLController - INFO -   Example: junction E1 -> durations [32, 13, 32, 13] (total: 90s)
2026-09-23 22:32:49,583 - RLController - INFO -   Stored schedules for 34 junctions, cycle starts at step 90
2026-09-23 22:32:50,590 - RLController - INFO - DIAGNOSTIC Step 180 - Observation stats:
2026-09-23 22:32:50,591 - RLController - INFO -   Hash: 1945943430883136914, Min: 0.000000, Max: 1.000000, Mean: 0.327499, Std: 0.419933
2026-09-23 22:32:50,591 - RLController - INFO -   First 10: [1.  0.  0.  0.  0.  0.5 1.  0.  0.  0. ]
2026-09-23 22:32:50,591 - RLController - INFO -   Last 10: [0.         0.2        0.         0.08333334 0.23504274 0.00110078
 0.01901709 0.76665074 0.         0.3       ]
2026-09-23 22:32:50,594 - RLController - INFO - DIAGNOSTIC - Raw model action output:
2026-09-23 22:32:50,595 - RLController - INFO -   Action hash: 1787079144697175609
2026-09-23 22:32:50,595 - RLController - INFO -   First 8 values: [ -6.062164 -10.       -10.       -10.       -10.       -10.
 -10.       -10.      ]
2026-09-23 22:32:50,595 - RLController - INFO -   Last 8 values: [-10.         -10.         -10.         -10.         -10.
  -0.14189549 -10.         -10.        ]
2026-09-23 22:32:50,595 - RLController - INFO -   Action shape: (136,), min: -10.000000, max: 4.473308, mean: -9.118691
2026-09-23 22:32:50,595 - RLController - INFO -   B0 junction (indices 16-19) raw values: [ -9.202136 -10.       -10.       -10.      ]
2026-09-23 22:32:50,595 - RLController - INFO - Using CONTINUOUS DURATION-BASED mode
2026-09-23 22:32:50,596 - RLController - INFO -   Example: junction A0 -> durations [57, 11, 11, 11] (total: 90s)
2026-09-23 22:32:50,596 - RLController - INFO -   Example: junction A1 -> durations [24, 22, 22, 22] (total: 90s)
2026-09-23 22:32:50,596 - RLController - INFO -   Example: junction A2 -> durations [10, 10, 60, 10] (total: 90s)
2026-09-23 22:32:50,596 - RLController - INFO -   Example: junction A4 -> durations [59, 11, 10, 10] (total: 90s)
2026-09-23 22:32:50,596 - RLController - INFO -   Example: junction A5 -> durations [30, 20, 20, 20] (total: 90s)
2026-09-23 22:32:50,596 - RLController - INFO -   Example: junction B0 -> durations [24, 22, 22, 22] (total: 90s)
2026-09-23 22:32:50,596 - RLController - INFO -   Example: junction B1 -> durations [15, 45, 15, 15] (total: 90s)
2026-09-23 22:32:50,597 - RLController - INFO -   Example: junction B2 -> durations [24, 22, 22, 22] (total: 90s)
2026-09-23 22:32:50,597 - RLController - INFO -   Example: junction B4 -> durations [24, 22, 22, 22] (total: 90s)
2026-09-23 22:32:50,597 - RLController - INFO -   Example: junction B5 -> durations [60, 10, 10, 10] (total: 90s)
2026-09-23 22:32:50,597 - RLController - INFO -   Example: junction C0 -> durations [17, 17, 39, 17] (total: 90s)
2026-09-23 22:32:50,597 - RLController - INFO -   Example: junction C1 -> durations [24, 22, 22, 22] (total: 90s)
2026-09-23 22:32:50,597 - RLController - INFO -   Example: junction C2 -> durations [56, 14, 10, 10] (total: 90s)
2026-09-23 22:32:50,597 - RLController - INFO -   Example: junction C3 -> durations [60, 10, 10, 10] (total: 90s)
2026-09-23 22:32:50,598 - RLController - INFO -   Example: junction C4 -> durations [55, 11, 13, 11] (total: 90s)
2026-09-23 22:32:50,598 - RLController - INFO -   Example: junction C5 -> durations [57, 11, 11, 11] (total: 90s)
2026-09-23 22:32:50,598 - RLController - INFO -   Example: junction D0 -> durations [22, 22, 24, 22] (total: 90s)
2026-09-23 22:32:50,598 - RLController - INFO -   Example: junction D1 -> durations [14, 14, 48, 14] (total: 90s)
2026-09-23 22:32:50,598 - RLController - INFO -   Example: junction D2 -> durations [51, 13, 13, 13] (total: 90s)
2026-09-23 22:32:50,598 - RLController - INFO -   Example: junction D3 -> durations [24, 22, 22, 22] (total: 90s)
2026-09-23 22:32:50,598 - RLController - INFO -   Example: junction D4 -> durations [22, 22, 24, 22] (total: 90s)
2026-09-23 22:32:50,598 - RLController - INFO -   Example: junction D5 -> durations [11, 11, 57, 11] (total: 90s)
2026-09-23 22:32:50,599 - RLController - INFO -   Example: junction E0 -> durations [19, 19, 19, 33] (total: 90s)
2026-09-23 22:32:50,599 - RLController - INFO -   Example: junction E1 -> durations [30, 16, 28, 16] (total: 90s)
2026-09-23 22:32:50,599 - RLController - INFO -   Stored schedules for 34 junctions, cycle starts at step 180
2026-09-23 22:32:51,796 - RLController - INFO - DIAGNOSTIC Step 270 - Observation stats:
2026-09-23 22:32:51,796 - RLController - INFO -   Hash: -1482560084260584967, Min: 0.000000, Max: 1.000000, Mean: 0.342791, Std: 0.425114
2026-09-23 22:32:51,796 - RLController - INFO -   First 10: [1.  0.  0.  0.  0.  0.5 1.  0.  0.  0. ]
2026-09-23 22:32:51,796 - RLController - INFO -   Last 10: [0.         0.2        0.         0.08333334 0.26495728 0.00176213
 0.02538462 0.74356085 0.         0.3       ]
2026-09-23 22:32:51,800 - RLController - INFO - DIAGNOSTIC - Raw model action output:
2026-09-23 22:32:51,800 - RLController - INFO -   Action hash: -2185490403924911225
2026-09-23 22:32:51,800 - RLController - INFO -   First 8 values: [ -6.348493 -10.       -10.       -10.       -10.       -10.
 -10.       -10.      ]
2026-09-23 22:32:51,800 - RLController - INFO -   Last 8 values: [-10.        -10.        -10.        -10.        -10.          0.3986695
 -10.        -10.       ]
2026-09-23 22:32:51,801 - RLController - INFO -   Action shape: (136,), min: -10.000000, max: 5.213544, mean: -9.165761
2026-09-23 22:32:51,801 - RLController - INFO -   B0 junction (indices 16-19) raw values: [ -9.299846 -10.       -10.       -10.      ]
2026-09-23 22:32:51,801 - RLController - INFO - Using CONTINUOUS DURATION-BASED mode
2026-09-23 22:32:51,801 - RLController - INFO -   Example: junction A0 -> durations [57, 11, 11, 11] (total: 90s)
2026-09-23 22:32:51,801 - RLController - INFO -   Example: junction A1 -> durations [24, 22, 22, 22] (total: 90s)
2026-09-23 22:32:51,801 - RLController - INFO -   Example: junction A2 -> durations [10, 10, 60, 10] (total: 90s)
2026-09-23 22:32:51,801 - RLController - INFO -   Example: junction A4 -> durations [60, 10, 10, 10] (total: 90s)
2026-09-23 22:32:51,802 - RLController - INFO -   Example: junction A5 -> durations [30, 20, 20, 20] (total: 90s)
2026-09-23 22:32:51,802 - RLController - INFO -   Example: junction B0 -> durations [24, 22, 22, 22] (total: 90s)
2026-09-23 22:32:51,802 - RLController - INFO -   Example: junction B1 -> durations [17, 39, 17, 17] (total: 90s)
2026-09-23 22:32:51,802 - RLController - INFO -   Example: junction B2 -> durations [24, 22, 22, 22] (total: 90s)
2026-09-23 22:32:51,802 - RLController - INFO -   Example: junction B4 -> durations [24, 22, 22, 22] (total: 90s)
2026-09-23 22:32:51,802 - RLController - INFO -   Example: junction B5 -> durations [60, 10, 10, 10] (total: 90s)
2026-09-23 22:32:51,802 - RLController - INFO -   Example: junction C0 -> durations [19, 19, 33, 19] (total: 90s)
2026-09-23 22:32:51,802 - RLController - INFO -   Example: junction C1 -> durations [24, 22, 22, 22] (total: 90s)
2026-09-23 22:32:51,802 - RLController - INFO -   Example: junction C2 -> durations [58, 12, 10, 10] (total: 90s)
2026-09-23 22:32:51,803 - RLController - INFO -   Example: junction C3 -> durations [60, 10, 10, 10] (total: 90s)
2026-09-23 22:32:51,803 - RLController - INFO -   Example: junction C4 -> durations [54, 11, 14, 11] (total: 90s)
2026-09-23 22:32:51,803 - RLController - INFO -   Example: junction C5 -> durations [57, 11, 11, 11] (total: 90s)
2026-09-23 22:32:51,803 - RLController - INFO -   Example: junction D0 -> durations [24, 22, 22, 22] (total: 90s)
2026-09-23 22:32:51,803 - RLController - INFO -   Example: junction D1 -> durations [16, 16, 42, 16] (total: 90s)
2026-09-23 22:32:51,803 - RLController - INFO -   Example: junction D2 -> durations [48, 14, 14, 14] (total: 90s)
2026-09-23 22:32:51,803 - RLController - INFO -   Example: junction D3 -> durations [24, 22, 22, 22] (total: 90s)
2026-09-23 22:32:51,803 - RLController - INFO -   Example: junction D4 -> durations [24, 22, 22, 22] (total: 90s)
2026-09-23 22:32:51,804 - RLController - INFO -   Example: junction D5 -> durations [12, 12, 54, 12] (total: 90s)
2026-09-23 22:32:51,804 - RLController - INFO -   Example: junction E0 -> durations [20, 20, 20, 30] (total: 90s)
2026-09-23 22:32:51,804 - RLController - INFO -   Example: junction E1 -> durations [26, 18, 28, 18] (total: 90s)
2026-09-23 22:32:51,804 - RLController - INFO -   Stored schedules for 34 junctions, cycle starts at step 270
2026-09-23 22:32:52,967 - RLController - INFO - DIAGNOSTIC Step 360 - Observation stats:
2026-09-23 22:32:52,967 - RLController - INFO -   Hash: -904820486370280124, Min: 0.000000, Max: 1.000000, Mean: 0.353834, Std: 0.431026
2026-09-23 22:32:52,967 - RLController - INFO -   First 10: [1.  0.  0.  0.  0.  0.5 1.  0.  0.  0. ]
2026-09-23 22:32:52,968 - RLController - INFO -   Last 10: [0.         0.2        0.         0.08333334 0.28846154 0.00207506
 0.03004274 0.72107095 0.         0.3       ]
2026-09-23 22:32:52,973 - RLController - INFO - DIAGNOSTIC - Raw model action output:
2026-09-23 22:32:52,973 - RLController - INFO -   Action hash: 6085953415311234448
2026-09-23 22:32:52,973 - RLController - INFO -   First 8 values: [ -6.4640503 -10.        -10.        -10.        -10.        -10.
 -10.        -10.       ]
2026-09-23 22:32:52,974 - RLController - INFO -   Last 8 values: [-10.        -10.        -10.        -10.        -10.          1.1442342
 -10.        -10.       ]
2026-09-23 22:32:52,974 - RLController - INFO -   Action shape: (136,), min: -10.000000, max: 5.222693, mean: -9.200313
2026-09-23 22:32:52,974 - RLController - INFO -   B0 junction (indices 16-19) raw values: [ -9.376556 -10.       -10.       -10.      ]
2026-09-23 22:32:52,974 - RLController - INFO - Using CONTINUOUS DURATION-BASED mode
2026-09-23 22:32:52,974 - RLController - INFO -   Example: junction A0 -> durations [57, 11, 11, 11] (total: 90s)
2026-09-23 22:32:52,974 - RLController - INFO -   Example: junction A1 -> durations [24, 22, 22, 22] (total: 90s)
2026-09-23 22:32:52,975 - RLController - INFO -   Example: junction A2 -> durations [11, 11, 57, 11] (total: 90s)
2026-09-23 22:32:52,975 - RLController - INFO -   Example: junction A4 -> durations [60, 10, 10, 10] (total: 90s)
2026-09-23 22:32:52,975 - RLController - INFO -   Example: junction A5 -> durations [30, 20, 20, 20] (total: 90s)
2026-09-23 22:32:52,975 - RLController - INFO -   Example: junction B0 -> durations [24, 22, 22, 22] (total: 90s)
2026-09-23 22:32:52,975 - RLController - INFO -   Example: junction B1 -> durations [19, 33, 19, 19] (total: 90s)
2026-09-23 22:32:52,975 - RLController - INFO -   Example: junction B2 -> durations [24, 22, 22, 22] (total: 90s)
2026-09-23 22:32:52,975 - RLController - INFO -   Example: junction B4 -> durations [24, 22, 22, 22] (total: 90s)
2026-09-23 22:32:52,976 - RLController - INFO -   Example: junction B5 -> durations [60, 10, 10, 10] (total: 90s)
2026-09-23 22:32:52,976 - RLController - INFO -   Example: junction C0 -> durations [20, 20, 30, 20] (total: 90s)
2026-09-23 22:32:52,976 - RLController - INFO -   Example: junction C1 -> durations [24, 22, 22, 22] (total: 90s)
2026-09-23 22:32:52,976 - RLController - INFO -   Example: junction C2 -> durations [58, 12, 10, 10] (total: 90s)
2026-09-23 22:32:52,976 - RLController - INFO -   Example: junction C3 -> durations [60, 10, 10, 10] (total: 90s)
2026-09-23 22:32:52,976 - RLController - INFO -   Example: junction C4 -> durations [56, 11, 12, 11] (total: 90s)
2026-09-23 22:32:52,976 - RLController - INFO -   Example: junction C5 -> durations [57, 11, 11, 11] (total: 90s)
2026-09-23 22:32:52,976 - RLController - INFO -   Example: junction D0 -> durations [24, 22, 22, 22] (total: 90s)
2026-09-23 22:32:52,977 - RLController - INFO -   Example: junction D1 -> durations [18, 18, 36, 18] (total: 90s)
2026-09-23 22:32:52,977 - RLController - INFO -   Example: junction D2 -> durations [45, 15, 15, 15] (total: 90s)
2026-09-23 22:32:52,977 - RLController - INFO -   Example: junction D3 -> durations [24, 22, 22, 22] (total: 90s)
2026-09-23 22:32:52,977 - RLController - INFO -   Example: junction D4 -> durations [24, 22, 22, 22] (total: 90s)
2026-09-23 22:32:52,977 - RLController - INFO -   Example: junction D5 -> durations [12, 12, 54, 12] (total: 90s)
2026-09-23 22:32:52,977 - RLController - INFO -   Example: junction E0 -> durations [22, 22, 22, 24] (total: 90s)
2026-09-23 22:32:52,977 - RLController - INFO -   Example: junction E1 -> durations [22, 20, 28, 20] (total: 90s)
2026-09-23 22:32:52,978 - RLController - INFO -   Stored schedules for 34 junctions, cycle starts at step 360
2026-09-23 22:32:54,482 - RLController - INFO - DIAGNOSTIC Step 450 - Observation stats:
2026-09-23 22:32:54,482 - RLController - INFO -   Hash: -8467240729257150109, Min: 0.000000, Max: 1.000000, Mean: 0.364377, Std: 0.435567
2026-09-23 22:32:54,483 - RLController - INFO -   First 10: [1.  0.  0.  0.  0.  0.5 1.  0.  0.  0. ]
2026-09-23 22:32:54,483 - RLController - INFO -   Last 10: [0.         0.2        0.         0.08333334 0.30341882 0.00146381
 0.03226496 0.69659144 0.         0.3       ]
2026-09-23 22:32:54,486 - RLController - INFO - DIAGNOSTIC - Raw model action output:
2026-09-23 22:32:54,487 - RLController - INFO -   Action hash: -6131466811418183967
2026-09-23 22:32:54,487 - RLController - INFO -   First 8 values: [ -6.755193 -10.       -10.       -10.       -10.       -10.
 -10.       -10.      ]
2026-09-23 22:32:54,487 - RLController - INFO -   Last 8 values: [-10.        -10.        -10.        -10.        -10.          1.0332928
 -10.        -10.       ]
2026-09-23 22:32:54,488 - RLController - INFO -   Action shape: (136,), min: -10.000000, max: 5.476715, mean: -9.221951
2026-09-23 22:32:54,488 - RLController - INFO -   B0 junction (indices 16-19) raw values: [ -9.557218 -10.       -10.       -10.      ]
2026-09-23 22:32:54,488 - RLController - INFO - Using CONTINUOUS DURATION-BASED mode
2026-09-23 22:32:54,488 - RLController - INFO -   Example: junction A0 -> durations [54, 12, 12, 12] (total: 90s)
2026-09-23 22:32:54,488 - RLController - INFO -   Example: junction A1 -> durations [24, 22, 22, 22] (total: 90s)
2026-09-23 22:32:54,488 - RLController - INFO -   Example: junction A2 -> durations [11, 11, 57, 11] (total: 90s)
2026-09-23 22:32:54,488 - RLController - INFO -   Example: junction A4 -> durations [60, 10, 10, 10] (total: 90s)
2026-09-23 22:32:54,489 - RLController - INFO -   Example: junction A5 -> durations [27, 21, 21, 21] (total: 90s)
2026-09-23 22:32:54,489 - RLController - INFO -   Example: junction B0 -> durations [24, 22, 22, 22] (total: 90s)
2026-09-23 22:32:54,489 - RLController - INFO -   Example: junction B1 -> durations [19, 33, 19, 19] (total: 90s)
2026-09-23 22:32:54,489 - RLController - INFO -   Example: junction B2 -> durations [24, 22, 22, 22] (total: 90s)
2026-09-23 22:32:54,489 - RLController - INFO -   Example: junction B4 -> durations [24, 22, 22, 22] (total: 90s)
2026-09-23 22:32:54,489 - RLController - INFO -   Example: junction B5 -> durations [60, 10, 10, 10] (total: 90s)
2026-09-23 22:32:54,489 - RLController - INFO -   Example: junction C0 -> durations [21, 21, 27, 21] (total: 90s)
2026-09-23 22:32:54,489 - RLController - INFO -   Example: junction C1 -> durations [24, 22, 22, 22] (total: 90s)
2026-09-23 22:32:54,490 - RLController - INFO -   Example: junction C2 -> durations [58, 12, 10, 10] (total: 90s)
2026-09-23 22:32:54,490 - RLController - INFO -   Example: junction C3 -> durations [60, 10, 10, 10] (total: 90s)
2026-09-23 22:32:54,490 - RLController - INFO -   Example: junction C4 -> durations [57, 11, 11, 11] (total: 90s)
2026-09-23 22:32:54,490 - RLController - INFO -   Example: junction C5 -> durations [57, 11, 11, 11] (total: 90s)
2026-09-23 22:32:54,490 - RLController - INFO -   Example: junction D0 -> durations [24, 22, 22, 22] (total: 90s)
2026-09-23 22:32:54,490 - RLController - INFO -   Example: junction D1 -> durations [18, 18, 36, 18] (total: 90s)
2026-09-23 22:32:54,490 - RLController - INFO -   Example: junction D2 -> durations [42, 16, 16, 16] (total: 90s)
2026-09-23 22:32:54,490 - RLController - INFO -   Example: junction D3 -> durations [24, 22, 22, 22] (total: 90s)
2026-09-23 22:32:54,491 - RLController - INFO -   Example: junction D4 -> durations [24, 22, 22, 22] (total: 90s)
2026-09-23 22:32:54,491 - RLController - INFO -   Example: junction D5 -> durations [13, 13, 51, 13] (total: 90s)
2026-09-23 22:32:54,491 - RLController - INFO -   Example: junction E0 -> durations [24, 22, 22, 22] (total: 90s)
2026-09-23 22:32:54,491 - RLController - INFO -   Example: junction E1 -> durations [22, 22, 24, 22] (total: 90s)
2026-09-23 22:32:54,492 - RLController - INFO -   Stored schedules for 34 junctions, cycle starts at step 450
2026-09-23 22:32:56,088 - RLController - INFO - DIAGNOSTIC Step 540 - Observation stats:
2026-09-23 22:32:56,089 - RLController - INFO -   Hash: 6537861961048413677, Min: 0.000000, Max: 1.000000, Mean: 0.371760, Std: 0.436630
2026-09-23 22:32:56,089 - RLController - INFO -   First 10: [1.  0.  0.  0.  0.  0.5 1.  0.  0.  0. ]
2026-09-23 22:32:56,090 - RLController - INFO -   Last 10: [0.         0.2        0.         0.08333334 0.32051283 0.00219821
 0.03559829 0.6861804  0.         0.3       ]
2026-09-23 22:32:56,095 - RLController - INFO - DIAGNOSTIC - Raw model action output:
2026-09-23 22:32:56,095 - RLController - INFO -   Action hash: -6591215174534474271
2026-09-23 22:32:56,095 - RLController - INFO -   First 8 values: [ -7.2336974 -10.        -10.        -10.        -10.        -10.
 -10.        -10.       ]
2026-09-23 22:32:56,096 - RLController - INFO -   Last 8 values: [-10.         -10.         -10.         -10.         -10.
  -0.49787757 -10.         -10.        ]
2026-09-23 22:32:56,096 - RLController - INFO -   Action shape: (136,), min: -10.000000, max: 5.001069, mean: -9.258520
2026-09-23 22:32:56,096 - RLController - INFO -   B0 junction (indices 16-19) raw values: [ -9.694613 -10.       -10.       -10.      ]
2026-09-23 22:32:56,096 - RLController - INFO - Using CONTINUOUS DURATION-BASED mode
2026-09-23 22:32:56,096 - RLController - INFO -   Example: junction A0 -> durations [51, 13, 13, 13] (total: 90s)
2026-09-23 22:32:56,096 - RLController - INFO -   Example: junction A1 -> durations [24, 22, 22, 22] (total: 90s)
2026-09-23 22:32:56,096 - RLController - INFO -   Example: junction A2 -> durations [11, 11, 57, 11] (total: 90s)
2026-09-23 22:32:56,097 - RLController - INFO -   Example: junction A4 -> durations [60, 10, 10, 10] (total: 90s)
2026-09-23 22:32:56,097 - RLController - INFO -   Example: junction A5 -> durations [27, 21, 21, 21] (total: 90s)
2026-09-23 22:32:56,097 - RLController - INFO -   Example: junction B0 -> durations [24, 22, 22, 22] (total: 90s)
2026-09-23 22:32:56,097 - RLController - INFO -   Example: junction B1 -> durations [21, 27, 21, 21] (total: 90s)
2026-09-23 22:32:56,097 - RLController - INFO -   Example: junction B2 -> durations [24, 22, 22, 22] (total: 90s)
2026-09-23 22:32:56,097 - RLController - INFO -   Example: junction B4 -> durations [24, 22, 22, 22] (total: 90s)
2026-09-23 22:32:56,097 - RLController - INFO -   Example: junction B5 -> durations [60, 10, 10, 10] (total: 90s)
2026-09-23 22:32:56,097 - RLController - INFO -   Example: junction C0 -> durations [21, 21, 27, 21] (total: 90s)
2026-09-23 22:32:56,098 - RLController - INFO -   Example: junction C1 -> durations [24, 22, 22, 22] (total: 90s)
2026-09-23 22:32:56,098 - RLController - INFO -   Example: junction C2 -> durations [58, 12, 10, 10] (total: 90s)
2026-09-23 22:32:56,098 - RLController - INFO -   Example: junction C3 -> durations [60, 10, 10, 10] (total: 90s)
2026-09-23 22:32:56,098 - RLController - INFO -   Example: junction C4 -> durations [60, 10, 10, 10] (total: 90s)
2026-09-23 22:32:56,098 - RLController - INFO -   Example: junction C5 -> durations [57, 11, 11, 11] (total: 90s)
2026-09-23 22:32:56,098 - RLController - INFO -   Example: junction D0 -> durations [24, 22, 22, 22] (total: 90s)
2026-09-23 22:32:56,098 - RLController - INFO -   Example: junction D1 -> durations [18, 18, 36, 18] (total: 90s)
2026-09-23 22:32:56,098 - RLController - INFO -   Example: junction D2 -> durations [42, 16, 16, 16] (total: 90s)
2026-09-23 22:32:56,098 - RLController - INFO -   Example: junction D3 -> durations [24, 22, 22, 22] (total: 90s)
2026-09-23 22:32:56,099 - RLController - INFO -   Example: junction D4 -> durations [24, 22, 22, 22] (total: 90s)
2026-09-23 22:32:56,099 - RLController - INFO -   Example: junction D5 -> durations [13, 13, 51, 13] (total: 90s)
2026-09-23 22:32:56,099 - RLController - INFO -   Example: junction E0 -> durations [24, 22, 22, 22] (total: 90s)
2026-09-23 22:32:56,099 - RLController - INFO -   Example: junction E1 -> durations [24, 22, 22, 22] (total: 90s)
2026-09-23 22:32:56,099 - RLController - INFO -   Stored schedules for 34 junctions, cycle starts at step 540
2026-09-23 22:32:57,760 - RLController - INFO - DIAGNOSTIC Step 630 - Observation stats:
2026-09-23 22:32:57,760 - RLController - INFO -   Hash: 4763983671417660770, Min: 0.000000, Max: 1.000000, Mean: 0.374465, Std: 0.439532
2026-09-23 22:32:57,760 - RLController - INFO -   First 10: [1.  0.  0.  0.  0.  0.5 1.  0.  0.  0. ]
2026-09-23 22:32:57,761 - RLController - INFO -   Last 10: [0.         0.2        0.         0.08333334 0.32692307 0.00186103
 0.03811966 0.6783008  0.         0.3       ]
2026-09-23 22:32:57,765 - RLController - INFO - DIAGNOSTIC - Raw model action output:
2026-09-23 22:32:57,765 - RLController - INFO -   Action hash: 6071785614476708146
2026-09-23 22:32:57,766 - RLController - INFO -   First 8 values: [ -7.395613 -10.       -10.       -10.       -10.       -10.
 -10.       -10.      ]
2026-09-23 22:32:57,766 - RLController - INFO -   Last 8 values: [-10.        -10.        -10.        -10.        -10.          0.6331044
 -10.        -10.       ]
2026-09-23 22:32:57,766 - RLController - INFO -   Action shape: (136,), min: -10.000000, max: 5.573895, mean: -9.233170
2026-09-23 22:32:57,766 - RLController - INFO -   B0 junction (indices 16-19) raw values: [ -9.885604 -10.       -10.       -10.      ]
2026-09-23 22:32:57,766 - RLController - INFO - Using CONTINUOUS DURATION-BASED mode
2026-09-23 22:32:57,766 - RLController - INFO -   Example: junction A0 -> durations [51, 13, 13, 13] (total: 90s)
2026-09-23 22:32:57,767 - RLController - INFO -   Example: junction A1 -> durations [24, 22, 22, 22] (total: 90s)
2026-09-23 22:32:57,767 - RLController - INFO -   Example: junction A2 -> durations [11, 11, 57, 11] (total: 90s)
2026-09-23 22:32:57,767 - RLController - INFO -   Example: junction A4 -> durations [60, 10, 10, 10] (total: 90s)
2026-09-23 22:32:57,767 - RLController - INFO -   Example: junction A5 -> durations [24, 22, 22, 22] (total: 90s)
2026-09-23 22:32:57,767 - RLController - INFO -   Example: junction B0 -> durations [24, 22, 22, 22] (total: 90s)
2026-09-23 22:32:57,767 - RLController - INFO -   Example: junction B1 -> durations [20, 30, 20, 20] (total: 90s)
2026-09-23 22:32:57,768 - RLController - INFO -   Example: junction B2 -> durations [24, 22, 22, 22] (total: 90s)
2026-09-23 22:32:57,768 - RLController - INFO -   Example: junction B4 -> durations [24, 22, 22, 22] (total: 90s)
2026-09-23 22:32:57,768 - RLController - INFO -   Example: junction B5 -> durations [60, 10, 10, 10] (total: 90s)
2026-09-23 22:32:57,768 - RLController - INFO -   Example: junction C0 -> durations [21, 21, 27, 21] (total: 90s)
2026-09-23 22:32:57,768 - RLController - INFO -   Example: junction C1 -> durations [24, 22, 22, 22] (total: 90s)
2026-09-23 22:32:57,768 - RLController - INFO -   Example: junction C2 -> durations [58, 12, 10, 10] (total: 90s)
2026-09-23 22:32:57,768 - RLController - INFO -   Example: junction C3 -> durations [60, 10, 10, 10] (total: 90s)
2026-09-23 22:32:57,768 - RLController - INFO -   Example: junction C4 -> durations [57, 11, 11, 11] (total: 90s)
2026-09-23 22:32:57,769 - RLController - INFO -   Example: junction C5 -> durations [57, 11, 11, 11] (total: 90s)
2026-09-23 22:32:57,769 - RLController - INFO -   Example: junction D0 -> durations [24, 22, 22, 22] (total: 90s)
2026-09-23 22:32:57,769 - RLController - INFO -   Example: junction D1 -> durations [19, 19, 33, 19] (total: 90s)
2026-09-23 22:32:57,769 - RLController - INFO -   Example: junction D2 -> durations [45, 15, 15, 15] (total: 90s)
2026-09-23 22:32:57,769 - RLController - INFO -   Example: junction D3 -> durations [24, 22, 22, 22] (total: 90s)
2026-09-23 22:32:57,769 - RLController - INFO -   Example: junction D4 -> durations [24, 22, 22, 22] (total: 90s)
2026-09-23 22:32:57,769 - RLController - INFO -   Example: junction D5 -> durations [13, 13, 51, 13] (total: 90s)
2026-09-23 22:32:57,769 - RLController - INFO -   Example: junction E0 -> durations [24, 22, 22, 22] (total: 90s)
2026-09-23 22:32:57,770 - RLController - INFO -   Example: junction E1 -> durations [24, 22, 22, 22] (total: 90s)
2026-09-23 22:32:57,770 - RLController - INFO -   Stored schedules for 34 junctions, cycle starts at step 630
2026-09-23 22:32:59,457 - RLController - INFO - DIAGNOSTIC Step 720 - Observation stats:
2026-09-23 22:32:59,458 - RLController - INFO -   Hash: -2554533904496350395, Min: 0.000000, Max: 1.000000, Mean: 0.369267, Std: 0.436416
2026-09-23 22:32:59,458 - RLController - INFO -   First 10: [1.  0.  0.  0.  0.  0.5 1.  0.  0.  0. ]
2026-09-23 22:32:59,458 - RLController - INFO -   Last 10: [0.         0.2        0.         0.08333334 0.32264957 0.00217706
 0.03905983 0.6818507  0.         0.3       ]
2026-09-23 22:32:59,462 - RLController - INFO - DIAGNOSTIC - Raw model action output:
2026-09-23 22:32:59,462 - RLController - INFO -   Action hash: -3412391948568444648
2026-09-23 22:32:59,462 - RLController - INFO -   First 8 values: [ -6.7404 -10.     -10.     -10.     -10.     -10.     -10.     -10.    ]
2026-09-23 22:32:59,462 - RLController - INFO -   Last 8 values: [-10.        -10.        -10.        -10.        -10.          0.8150485
 -10.        -10.       ]
2026-09-23 22:32:59,462 - RLController - INFO -   Action shape: (136,), min: -10.000000, max: 5.151328, mean: -9.191268
2026-09-23 22:32:59,463 - RLController - INFO -   B0 junction (indices 16-19) raw values: [ -9.615333 -10.       -10.       -10.      ]
2026-09-23 22:32:59,463 - RLController - INFO - Using CONTINUOUS DURATION-BASED mode
2026-09-23 22:32:59,463 - RLController - INFO -   Example: junction A0 -> durations [54, 12, 12, 12] (total: 90s)
2026-09-23 22:32:59,463 - RLController - INFO -   Example: junction A1 -> durations [24, 22, 22, 22] (total: 90s)
2026-09-23 22:32:59,463 - RLController - INFO -   Example: junction A2 -> durations [11, 11, 57, 11] (total: 90s)
2026-09-23 22:32:59,463 - RLController - INFO -   Example: junction A4 -> durations [60, 10, 10, 10] (total: 90s)
2026-09-23 22:32:59,463 - RLController - INFO -   Example: junction A5 -> durations [27, 21, 21, 21] (total: 90s)
2026-09-23 22:32:59,464 - RLController - INFO -   Example: junction B0 -> durations [24, 22, 22, 22] (total: 90s)
2026-09-23 22:32:59,464 - RLController - INFO -   Example: junction B1 -> durations [19, 33, 19, 19] (total: 90s)
2026-09-23 22:32:59,464 - RLController - INFO -   Example: junction B2 -> durations [24, 22, 22, 22] (total: 90s)
2026-09-23 22:32:59,464 - RLController - INFO -   Example: junction B4 -> durations [24, 22, 22, 22] (total: 90s)
2026-09-23 22:32:59,464 - RLController - INFO -   Example: junction B5 -> durations [60, 10, 10, 10] (total: 90s)
2026-09-23 22:32:59,464 - RLController - INFO -   Example: junction C0 -> durations [19, 19, 33, 19] (total: 90s)
2026-09-23 22:32:59,465 - RLController - INFO -   Example: junction C1 -> durations [24, 22, 22, 22] (total: 90s)
2026-09-23 22:32:59,465 - RLController - INFO -   Example: junction C2 -> durations [58, 12, 10, 10] (total: 90s)
2026-09-23 22:32:59,465 - RLController - INFO -   Example: junction C3 -> durations [60, 10, 10, 10] (total: 90s)
2026-09-23 22:32:59,465 - RLController - INFO -   Example: junction C4 -> durations [57, 11, 11, 11] (total: 90s)
2026-09-23 22:32:59,465 - RLController - INFO -   Example: junction C5 -> durations [57, 11, 11, 11] (total: 90s)
2026-09-23 22:32:59,465 - RLController - INFO -   Example: junction D0 -> durations [24, 22, 22, 22] (total: 90s)
2026-09-23 22:32:59,465 - RLController - INFO -   Example: junction D1 -> durations [17, 17, 39, 17] (total: 90s)
2026-09-23 22:32:59,465 - RLController - INFO -   Example: junction D2 -> durations [48, 14, 14, 14] (total: 90s)
2026-09-23 22:32:59,465 - RLController - INFO -   Example: junction D3 -> durations [24, 22, 22, 22] (total: 90s)
2026-09-23 22:32:59,466 - RLController - INFO -   Example: junction D4 -> durations [24, 22, 22, 22] (total: 90s)
2026-09-23 22:32:59,466 - RLController - INFO -   Example: junction D5 -> durations [12, 12, 54, 12] (total: 90s)
2026-09-23 22:32:59,466 - RLController - INFO -   Example: junction E0 -> durations [24, 22, 22, 22] (total: 90s)
2026-09-23 22:32:59,466 - RLController - INFO -   Example: junction E1 -> durations [22, 21, 26, 21] (total: 90s)
2026-09-23 22:32:59,466 - RLController - INFO -   Stored schedules for 34 junctions, cycle starts at step 720
2026-09-23 22:33:01,318 - RLController - INFO - DIAGNOSTIC Step 810 - Observation stats:
2026-09-23 22:33:01,318 - RLController - INFO -   Hash: 4336064817995351383, Min: 0.000000, Max: 1.000000, Mean: 0.371170, Std: 0.438918
2026-09-23 22:33:01,318 - RLController - INFO -   First 10: [1.  0.  0.  0.  0.  0.5 1.  0.  0.  0. ]
2026-09-23 22:33:01,319 - RLController - INFO -   Last 10: [0.         0.2        0.         0.08333334 0.33547008 0.00241092
 0.04102564 0.6723578  0.         0.3       ]
2026-09-23 22:33:01,323 - RLController - INFO - DIAGNOSTIC - Raw model action output:
2026-09-23 22:33:01,323 - RLController - INFO -   Action hash: 7203558499496304799
2026-09-23 22:33:01,324 - RLController - INFO -   First 8 values: [ -6.7424397 -10.        -10.        -10.        -10.        -10.
 -10.        -10.       ]
2026-09-23 22:33:01,324 - RLController - INFO -   Last 8 values: [-10.        -10.        -10.        -10.        -10.          1.6873116
 -10.        -10.       ]
2026-09-23 22:33:01,324 - RLController - INFO -   Action shape: (136,), min: -10.000000, max: 5.370860, mean: -9.202126
2026-09-23 22:33:01,325 - RLController - INFO -   B0 junction (indices 16-19) raw values: [ -9.65982 -10.      -10.      -10.     ]
2026-09-23 22:33:01,325 - RLController - INFO - Using CONTINUOUS DURATION-BASED mode
2026-09-23 22:33:01,325 - RLController - INFO -   Example: junction A0 -> durations [54, 12, 12, 12] (total: 90s)
2026-09-23 22:33:01,326 - RLController - INFO -   Example: junction A1 -> durations [24, 22, 22, 22] (total: 90s)
2026-09-23 22:33:01,326 - RLController - INFO -   Example: junction A2 -> durations [11, 11, 57, 11] (total: 90s)
2026-09-23 22:33:01,326 - RLController - INFO -   Example: junction A4 -> durations [60, 10, 10, 10] (total: 90s)
2026-09-23 22:33:01,326 - RLController - INFO -   Example: junction A5 -> durations [27, 21, 21, 21] (total: 90s)
2026-09-23 22:33:01,327 - RLController - INFO -   Example: junction B0 -> durations [24, 22, 22, 22] (total: 90s)
2026-09-23 22:33:01,327 - RLController - INFO -   Example: junction B1 -> durations [20, 30, 20, 20] (total: 90s)
2026-09-23 22:33:01,327 - RLController - INFO -   Example: junction B2 -> durations [24, 22, 22, 22] (total: 90s)
2026-09-23 22:33:01,327 - RLController - INFO -   Example: junction B4 -> durations [24, 22, 22, 22] (total: 90s)
2026-09-23 22:33:01,328 - RLController - INFO -   Example: junction B5 -> durations [60, 10, 10, 10] (total: 90s)
2026-09-23 22:33:01,328 - RLController - INFO -   Example: junction C0 -> durations [21, 21, 27, 21] (total: 90s)
2026-09-23 22:33:01,328 - RLController - INFO -   Example: junction C1 -> durations [24, 22, 22, 22] (total: 90s)
2026-09-23 22:33:01,328 - RLController - INFO -   Example: junction C2 -> durations [57, 13, 10, 10] (total: 90s)
2026-09-23 22:33:01,328 - RLController - INFO -   Example: junction C3 -> durations [60, 10, 10, 10] (total: 90s)
2026-09-23 22:33:01,329 - RLController - INFO -   Example: junction C4 -> durations [57, 11, 11, 11] (total: 90s)
2026-09-23 22:33:01,329 - RLController - INFO -   Example: junction C5 -> durations [57, 11, 11, 11] (total: 90s)
2026-09-23 22:33:01,329 - RLController - INFO -   Example: junction D0 -> durations [24, 22, 22, 22] (total: 90s)
2026-09-23 22:33:01,329 - RLController - INFO -   Example: junction D1 -> durations [18, 18, 36, 18] (total: 90s)
2026-09-23 22:33:01,330 - RLController - INFO -   Example: junction D2 -> durations [45, 15, 15, 15] (total: 90s)
2026-09-23 22:33:01,330 - RLController - INFO -   Example: junction D3 -> durations [24, 22, 22, 22] (total: 90s)
2026-09-23 22:33:01,330 - RLController - INFO -   Example: junction D4 -> durations [24, 22, 22, 22] (total: 90s)
2026-09-23 22:33:01,330 - RLController - INFO -   Example: junction D5 -> durations [12, 12, 54, 12] (total: 90s)
2026-09-23 22:33:01,330 - RLController - INFO -   Example: junction E0 -> durations [24, 22, 22, 22] (total: 90s)
2026-09-23 22:33:01,331 - RLController - INFO -   Example: junction E1 -> durations [22, 22, 24, 22] (total: 90s)
2026-09-23 22:33:01,332 - RLController - INFO -   Stored schedules for 34 junctions, cycle starts at step 810
2026-09-23 22:33:03,604 - RLController - INFO - DIAGNOSTIC Step 900 - Observation stats:
2026-09-23 22:33:03,605 - RLController - INFO -   Hash: 1145527553243179685, Min: 0.000000, Max: 1.000000, Mean: 0.375825, Std: 0.439101
2026-09-23 22:33:03,605 - RLController - INFO -   First 10: [1.  0.  0.  0.  0.  0.5 1.  0.  0.  0. ]
2026-09-23 22:33:03,605 - RLController - INFO -   Last 10: [0.         0.2        0.         0.08333334 0.3568376  0.00255976
 0.04324786 0.65445554 0.         0.3       ]
2026-09-23 22:33:03,609 - RLController - INFO - DIAGNOSTIC - Raw model action output:
2026-09-23 22:33:03,609 - RLController - INFO -   Action hash: 5317937439315853804
2026-09-23 22:33:03,609 - RLController - INFO -   First 8 values: [ -6.957128 -10.       -10.       -10.       -10.       -10.
 -10.       -10.      ]
2026-09-23 22:33:03,609 - RLController - INFO -   Last 8 values: [-10.        -10.        -10.        -10.        -10.          0.4954441
 -10.        -10.       ]
2026-09-23 22:33:03,609 - RLController - INFO -   Action shape: (136,), min: -10.000000, max: 4.945056, mean: -9.224058
2026-09-23 22:33:03,610 - RLController - INFO -   B0 junction (indices 16-19) raw values: [ -9.381681 -10.       -10.       -10.      ]
2026-09-23 22:33:03,610 - RLController - INFO - Using CONTINUOUS DURATION-BASED mode
2026-09-23 22:33:03,610 - RLController - INFO -   Example: junction A0 -> durations [54, 12, 12, 12] (total: 90s)
2026-09-23 22:33:03,610 - RLController - INFO -   Example: junction A1 -> durations [24, 22, 22, 22] (total: 90s)
2026-09-23 22:33:03,610 - RLController - INFO -   Example: junction A2 -> durations [11, 11, 57, 11] (total: 90s)
2026-09-23 22:33:03,611 - RLController - INFO -   Example: junction A4 -> durations [60, 10, 10, 10] (total: 90s)
2026-09-23 22:33:03,611 - RLController - INFO -   Example: junction A5 -> durations [30, 20, 20, 20] (total: 90s)
2026-09-23 22:33:03,611 - RLController - INFO -   Example: junction B0 -> durations [24, 22, 22, 22] (total: 90s)
2026-09-23 22:33:03,611 - RLController - INFO -   Example: junction B1 -> durations [22, 24, 22, 22] (total: 90s)
2026-09-23 22:33:03,611 - RLController - INFO -   Example: junction B2 -> durations [24, 22, 22, 22] (total: 90s)
2026-09-23 22:33:03,611 - RLController - INFO -   Example: junction B4 -> durations [24, 22, 22, 22] (total: 90s)
2026-09-23 22:33:03,611 - RLController - INFO -   Example: junction B5 -> durations [60, 10, 10, 10] (total: 90s)
2026-09-23 22:33:03,612 - RLController - INFO -   Example: junction C0 -> durations [20, 20, 30, 20] (total: 90s)
2026-09-23 22:33:03,612 - RLController - INFO -   Example: junction C1 -> durations [24, 22, 22, 22] (total: 90s)
2026-09-23 22:33:03,612 - RLController - INFO -   Example: junction C2 -> durations [58, 12, 10, 10] (total: 90s)
2026-09-23 22:33:03,612 - RLController - INFO -   Example: junction C3 -> durations [60, 10, 10, 10] (total: 90s)
2026-09-23 22:33:03,612 - RLController - INFO -   Example: junction C4 -> durations [57, 11, 11, 11] (total: 90s)
2026-09-23 22:33:03,612 - RLController - INFO -   Example: junction C5 -> durations [57, 11, 11, 11] (total: 90s)
2026-09-23 22:33:03,613 - RLController - INFO -   Example: junction D0 -> durations [24, 22, 22, 22] (total: 90s)
2026-09-23 22:33:03,613 - RLController - INFO -   Example: junction D1 -> durations [18, 18, 36, 18] (total: 90s)
2026-09-23 22:33:03,613 - RLController - INFO -   Example: junction D2 -> durations [48, 14, 14, 14] (total: 90s)
2026-09-23 22:33:03,613 - RLController - INFO -   Example: junction D3 -> durations [24, 22, 22, 22] (total: 90s)
2026-09-23 22:33:03,613 - RLController - INFO -   Example: junction D4 -> durations [24, 22, 22, 22] (total: 90s)
2026-09-23 22:33:03,613 - RLController - INFO -   Example: junction D5 -> durations [12, 12, 54, 12] (total: 90s)
2026-09-23 22:33:03,614 - RLController - INFO -   Example: junction E0 -> durations [24, 22, 22, 22] (total: 90s)
2026-09-23 22:33:03,614 - RLController - INFO -   Example: junction E1 -> durations [23, 22, 23, 22] (total: 90s)
2026-09-23 22:33:03,614 - RLController - INFO -   Stored schedules for 34 junctions, cycle starts at step 900
2026-09-23 22:33:05,579 - RLController - INFO - DIAGNOSTIC Step 990 - Observation stats:
2026-09-23 22:33:05,579 - RLController - INFO -   Hash: -4749032296604760459, Min: 0.000000, Max: 1.000000, Mean: 0.380338, Std: 0.440810
2026-09-23 22:33:05,580 - RLController - INFO -   First 10: [1.  0.  0.  0.  0.  0.5 1.  0.  0.  0. ]
2026-09-23 22:33:05,580 - RLController - INFO -   Last 10: [0.         0.2        0.         0.08333334 0.34615386 0.00217364
 0.04581197 0.6593255  0.         0.3       ]
2026-09-23 22:33:05,585 - RLController - INFO - DIAGNOSTIC - Raw model action output:
2026-09-23 22:33:05,585 - RLController - INFO -   Action hash: 1953466078176913383
2026-09-23 22:33:05,586 - RLController - INFO -   First 8 values: [ -7.0130916 -10.        -10.        -10.        -10.        -10.
 -10.        -10.       ]
2026-09-23 22:33:05,586 - RLController - INFO -   Last 8 values: [-10.         -10.         -10.         -10.         -10.
  -0.15235014 -10.         -10.        ]
2026-09-23 22:33:05,586 - RLController - INFO -   Action shape: (136,), min: -10.000000, max: 5.150183, mean: -9.240821
2026-09-23 22:33:05,587 - RLController - INFO -   B0 junction (indices 16-19) raw values: [ -9.818323 -10.       -10.       -10.      ]
2026-09-23 22:33:05,587 - RLController - INFO - Using CONTINUOUS DURATION-BASED mode
2026-09-23 22:33:05,587 - RLController - INFO -   Example: junction A0 -> durations [54, 12, 12, 12] (total: 90s)
2026-09-23 22:33:05,587 - RLController - INFO -   Example: junction A1 -> durations [24, 22, 22, 22] (total: 90s)
2026-09-23 22:33:05,587 - RLController - INFO -   Example: junction A2 -> durations [11, 11, 57, 11] (total: 90s)
2026-09-23 22:33:05,588 - RLController - INFO -   Example: junction A4 -> durations [60, 10, 10, 10] (total: 90s)
2026-09-23 22:33:05,588 - RLController - INFO -   Example: junction A5 -> durations [24, 22, 22, 22] (total: 90s)
2026-09-23 22:33:05,588 - RLController - INFO -   Example: junction B0 -> durations [24, 22, 22, 22] (total: 90s)
2026-09-23 22:33:05,588 - RLController - INFO -   Example: junction B1 -> durations [21, 27, 21, 21] (total: 90s)
2026-09-23 22:33:05,589 - RLController - INFO -   Example: junction B2 -> durations [24, 22, 22, 22] (total: 90s)
2026-09-23 22:33:05,589 - RLController - INFO -   Example: junction B4 -> durations [24, 22, 22, 22] (total: 90s)
2026-09-23 22:33:05,589 - RLController - INFO -   Example: junction B5 -> durations [60, 10, 10, 10] (total: 90s)
2026-09-23 22:33:05,589 - RLController - INFO -   Example: junction C0 -> durations [21, 21, 27, 21] (total: 90s)
2026-09-23 22:33:05,590 - RLController - INFO -   Example: junction C1 -> durations [24, 22, 22, 22] (total: 90s)
2026-09-23 22:33:05,590 - RLController - INFO -   Example: junction C2 -> durations [58, 12, 10, 10] (total: 90s)
2026-09-23 22:33:05,590 - RLController - INFO -   Example: junction C3 -> durations [60, 10, 10, 10] (total: 90s)
2026-09-23 22:33:05,590 - RLController - INFO -   Example: junction C4 -> durations [60, 10, 10, 10] (total: 90s)
2026-09-23 22:33:05,591 - RLController - INFO -   Example: junction C5 -> durations [57, 11, 11, 11] (total: 90s)
2026-09-23 22:33:05,591 - RLController - INFO -   Example: junction D0 -> durations [24, 22, 22, 22] (total: 90s)
2026-09-23 22:33:05,591 - RLController - INFO -   Example: junction D1 -> durations [19, 19, 33, 19] (total: 90s)
2026-09-23 22:33:05,591 - RLController - INFO -   Example: junction D2 -> durations [45, 15, 15, 15] (total: 90s)
2026-09-23 22:33:05,591 - RLController - INFO -   Example: junction D3 -> durations [24, 22, 22, 22] (total: 90s)
2026-09-23 22:33:05,592 - RLController - INFO -   Example: junction D4 -> durations [24, 22, 22, 22] (total: 90s)
2026-09-23 22:33:05,592 - RLController - INFO -   Example: junction D5 -> durations [13, 13, 51, 13] (total: 90s)
2026-09-23 22:33:05,592 - RLController - INFO -   Example: junction E0 -> durations [24, 22, 22, 22] (total: 90s)
2026-09-23 22:33:05,592 - RLController - INFO -   Example: junction E1 -> durations [24, 22, 22, 22] (total: 90s)
2026-09-23 22:33:05,593 - RLController - INFO -   Stored schedules for 34 junctions, cycle starts at step 990
2026-09-23 22:33:07,930 - RLController - INFO - DIAGNOSTIC Step 1080 - Observation stats:
2026-09-23 22:33:07,930 - RLController - INFO -   Hash: -631227337499715696, Min: 0.000000, Max: 1.000000, Mean: 0.380329, Std: 0.440603
2026-09-23 22:33:07,930 - RLController - INFO -   First 10: [1.  0.  0.  0.  0.  0.5 1.  0.  0.  0. ]
2026-09-23 22:33:07,931 - RLController - INFO -   Last 10: [0.         0.2        0.         0.08333334 0.33760685 0.00156557
 0.0491453  0.66059387 0.         0.3       ]
2026-09-23 22:33:07,934 - RLController - INFO - DIAGNOSTIC - Raw model action output:
2026-09-23 22:33:07,934 - RLController - INFO -   Action hash: 3674651572501950215
2026-09-23 22:33:07,935 - RLController - INFO -   First 8 values: [ -6.7033916 -10.        -10.        -10.        -10.        -10.
 -10.        -10.       ]
2026-09-23 22:33:07,935 - RLController - INFO -   Last 8 values: [-10.        -10.        -10.        -10.        -10.         -0.6400315
 -10.        -10.       ]
2026-09-23 22:33:07,935 - RLController - INFO -   Action shape: (136,), min: -10.000000, max: 4.849339, mean: -9.226300
2026-09-23 22:33:07,935 - RLController - INFO -   B0 junction (indices 16-19) raw values: [ -9.810486 -10.       -10.       -10.      ]
2026-09-23 22:33:07,935 - RLController - INFO - Using CONTINUOUS DURATION-BASED mode
2026-09-23 22:33:07,936 - RLController - INFO -   Example: junction A0 -> durations [54, 12, 12, 12] (total: 90s)
2026-09-23 22:33:07,936 - RLController - INFO -   Example: junction A1 -> durations [24, 22, 22, 22] (total: 90s)
2026-09-23 22:33:07,936 - RLController - INFO -   Example: junction A2 -> durations [11, 11, 57, 11] (total: 90s)
2026-09-23 22:33:07,936 - RLController - INFO -   Example: junction A4 -> durations [60, 10, 10, 10] (total: 90s)
2026-09-23 22:33:07,936 - RLController - INFO -   Example: junction A5 -> durations [24, 22, 22, 22] (total: 90s)
2026-09-23 22:33:07,936 - RLController - INFO -   Example: junction B0 -> durations [24, 22, 22, 22] (total: 90s)
2026-09-23 22:33:07,936 - RLController - INFO -   Example: junction B1 -> durations [19, 33, 19, 19] (total: 90s)
2026-09-23 22:33:07,936 - RLController - INFO -   Example: junction B2 -> durations [24, 22, 22, 22] (total: 90s)
2026-09-23 22:33:07,937 - RLController - INFO -   Example: junction B4 -> durations [24, 22, 22, 22] (total: 90s)
2026-09-23 22:33:07,937 - RLController - INFO -   Example: junction B5 -> durations [60, 10, 10, 10] (total: 90s)
2026-09-23 22:33:07,937 - RLController - INFO -   Example: junction C0 -> durations [20, 20, 30, 20] (total: 90s)
2026-09-23 22:33:07,937 - RLController - INFO -   Example: junction C1 -> durations [24, 22, 22, 22] (total: 90s)
2026-09-23 22:33:07,937 - RLController - INFO -   Example: junction C2 -> durations [57, 13, 10, 10] (total: 90s)
2026-09-23 22:33:07,937 - RLController - INFO -   Example: junction C3 -> durations [60, 10, 10, 10] (total: 90s)
2026-09-23 22:33:07,937 - RLController - INFO -   Example: junction C4 -> durations [57, 11, 11, 11] (total: 90s)
2026-09-23 22:33:07,937 - RLController - INFO -   Example: junction C5 -> durations [57, 11, 11, 11] (total: 90s)
2026-09-23 22:33:07,938 - RLController - INFO -   Example: junction D0 -> durations [24, 22, 22, 22] (total: 90s)
2026-09-23 22:33:07,938 - RLController - INFO -   Example: junction D1 -> durations [19, 19, 33, 19] (total: 90s)
2026-09-23 22:33:07,938 - RLController - INFO -   Example: junction D2 -> durations [48, 14, 14, 14] (total: 90s)
2026-09-23 22:33:07,938 - RLController - INFO -   Example: junction D3 -> durations [24, 22, 22, 22] (total: 90s)
2026-09-23 22:33:07,938 - RLController - INFO -   Example: junction D4 -> durations [24, 22, 22, 22] (total: 90s)
2026-09-23 22:33:07,938 - RLController - INFO -   Example: junction D5 -> durations [13, 13, 51, 13] (total: 90s)
2026-09-23 22:33:07,938 - RLController - INFO -   Example: junction E0 -> durations [24, 22, 22, 22] (total: 90s)
2026-09-23 22:33:07,938 - RLController - INFO -   Example: junction E1 -> durations [24, 22, 22, 22] (total: 90s)
2026-09-23 22:33:07,939 - RLController - INFO -   Stored schedules for 34 junctions, cycle starts at step 1080
2026-09-23 22:33:10,182 - RLController - INFO - DIAGNOSTIC Step 1170 - Observation stats:
2026-09-23 22:33:10,183 - RLController - INFO -   Hash: -254400294347626991, Min: 0.000000, Max: 1.000000, Mean: 0.384101, Std: 0.441671
2026-09-23 22:33:10,183 - RLController - INFO -   First 10: [1.  0.  0.  0.  0.  0.5 1.  0.  0.  0. ]
2026-09-23 22:33:10,183 - RLController - INFO -   Last 10: [0.         0.2        0.         0.08333334 0.3653846  0.00255012
 0.05106838 0.6424633  0.         0.3       ]
2026-09-23 22:33:10,186 - RLController - INFO - DIAGNOSTIC - Raw model action output:
2026-09-23 22:33:10,187 - RLController - INFO -   Action hash: -6176776763057161833
2026-09-23 22:33:10,187 - RLController - INFO -   First 8 values: [ -6.7205105 -10.        -10.        -10.        -10.        -10.
 -10.        -10.       ]
2026-09-23 22:33:10,187 - RLController - INFO -   Last 8 values: [-10.        -10.        -10.        -10.        -10.         -0.3676097
 -10.        -10.       ]
2026-09-23 22:33:10,187 - RLController - INFO -   Action shape: (136,), min: -10.000000, max: 5.224446, mean: -9.202909
2026-09-23 22:33:10,187 - RLController - INFO -   B0 junction (indices 16-19) raw values: [ -9.542849 -10.       -10.       -10.      ]
2026-09-23 22:33:10,188 - RLController - INFO - Using CONTINUOUS DURATION-BASED mode
2026-09-23 22:33:10,188 - RLController - INFO -   Example: junction A0 -> durations [54, 12, 12, 12] (total: 90s)
2026-09-23 22:33:10,188 - RLController - INFO -   Example: junction A1 -> durations [24, 22, 22, 22] (total: 90s)
2026-09-23 22:33:10,188 - RLController - INFO -   Example: junction A2 -> durations [11, 11, 57, 11] (total: 90s)
2026-09-23 22:33:10,188 - RLController - INFO -   Example: junction A4 -> durations [60, 10, 10, 10] (total: 90s)
2026-09-23 22:33:10,188 - RLController - INFO -   Example: junction A5 -> durations [27, 21, 21, 21] (total: 90s)
2026-09-23 22:33:10,188 - RLController - INFO -   Example: junction B0 -> durations [24, 22, 22, 22] (total: 90s)
2026-09-23 22:33:10,188 - RLController - INFO -   Example: junction B1 -> durations [20, 30, 20, 20] (total: 90s)
2026-09-23 22:33:10,189 - RLController - INFO -   Example: junction B2 -> durations [24, 22, 22, 22] (total: 90s)
2026-09-23 22:33:10,189 - RLController - INFO -   Example: junction B4 -> durations [24, 22, 22, 22] (total: 90s)
2026-09-23 22:33:10,189 - RLController - INFO -   Example: junction B5 -> durations [60, 10, 10, 10] (total: 90s)
2026-09-23 22:33:10,189 - RLController - INFO -   Example: junction C0 -> durations [20, 20, 30, 20] (total: 90s)
2026-09-23 22:33:10,189 - RLController - INFO -   Example: junction C1 -> durations [24, 22, 22, 22] (total: 90s)
2026-09-23 22:33:10,189 - RLController - INFO -   Example: junction C2 -> durations [57, 13, 10, 10] (total: 90s)
2026-09-23 22:33:10,189 - RLController - INFO -   Example: junction C3 -> durations [60, 10, 10, 10] (total: 90s)
2026-09-23 22:33:10,189 - RLController - INFO -   Example: junction C4 -> durations [60, 10, 10, 10] (total: 90s)
2026-09-23 22:33:10,190 - RLController - INFO -   Example: junction C5 -> durations [57, 11, 11, 11] (total: 90s)
2026-09-23 22:33:10,190 - RLController - INFO -   Example: junction D0 -> durations [22, 22, 24, 22] (total: 90s)
2026-09-23 22:33:10,190 - RLController - INFO -   Example: junction D1 -> durations [19, 19, 33, 19] (total: 90s)
2026-09-23 22:33:10,190 - RLController - INFO -   Example: junction D2 -> durations [48, 14, 14, 14] (total: 90s)
2026-09-23 22:33:10,190 - RLController - INFO -   Example: junction D3 -> durations [24, 22, 22, 22] (total: 90s)
2026-09-23 22:33:10,190 - RLController - INFO -   Example: junction D4 -> durations [24, 22, 22, 22] (total: 90s)
2026-09-23 22:33:10,191 - RLController - INFO -   Example: junction D5 -> durations [13, 13, 51, 13] (total: 90s)
2026-09-23 22:33:10,191 - RLController - INFO -   Example: junction E0 -> durations [24, 22, 22, 22] (total: 90s)
2026-09-23 22:33:10,191 - RLController - INFO -   Example: junction E1 -> durations [24, 22, 22, 22] (total: 90s)
2026-09-23 22:33:10,191 - RLController - INFO -   Stored schedules for 34 junctions, cycle starts at step 1170
2026-09-23 22:33:12,490 - RLController - INFO - DIAGNOSTIC Step 1260 - Observation stats:
2026-09-23 22:33:12,490 - RLController - INFO -   Hash: -7377820565886205621, Min: 0.000000, Max: 1.000000, Mean: 0.391576, Std: 0.445160
2026-09-23 22:33:12,491 - RLController - INFO -   First 10: [1.  0.  0.  0.  0.  0.5 1.  0.  0.  0. ]
2026-09-23 22:33:12,491 - RLController - INFO -   Last 10: [0.         0.2        0.         0.08333334 0.38675213 0.00227739
 0.05226496 0.6223171  0.         0.3       ]
2026-09-23 22:33:12,496 - RLController - INFO - DIAGNOSTIC - Raw model action output:
2026-09-23 22:33:12,496 - RLController - INFO -   Action hash: -6123519123950748024
2026-09-23 22:33:12,496 - RLController - INFO -   First 8 values: [ -6.9525914 -10.        -10.        -10.        -10.        -10.
 -10.        -10.       ]
2026-09-23 22:33:12,497 - RLController - INFO -   Last 8 values: [-10.         -10.         -10.         -10.         -10.
   0.41780308 -10.         -10.        ]
2026-09-23 22:33:12,497 - RLController - INFO -   Action shape: (136,), min: -10.000000, max: 5.126412, mean: -9.223615
2026-09-23 22:33:12,497 - RLController - INFO -   B0 junction (indices 16-19) raw values: [ -9.755206 -10.       -10.       -10.      ]
2026-09-23 22:33:12,497 - RLController - INFO - Using CONTINUOUS DURATION-BASED mode
2026-09-23 22:33:12,497 - RLController - INFO -   Example: junction A0 -> durations [54, 12, 12, 12] (total: 90s)
2026-09-23 22:33:12,497 - RLController - INFO -   Example: junction A1 -> durations [24, 22, 22, 22] (total: 90s)
2026-09-23 22:33:12,497 - RLController - INFO -   Example: junction A2 -> durations [11, 11, 57, 11] (total: 90s)
2026-09-23 22:33:12,498 - RLController - INFO -   Example: junction A4 -> durations [60, 10, 10, 10] (total: 90s)
2026-09-23 22:33:12,498 - RLController - INFO -   Example: junction A5 -> durations [24, 22, 22, 22] (total: 90s)
2026-09-23 22:33:12,498 - RLController - INFO -   Example: junction B0 -> durations [24, 22, 22, 22] (total: 90s)
2026-09-23 22:33:12,498 - RLController - INFO -   Example: junction B1 -> durations [22, 24, 22, 22] (total: 90s)
2026-09-23 22:33:12,498 - RLController - INFO -   Example: junction B2 -> durations [24, 22, 22, 22] (total: 90s)
2026-09-23 22:33:12,498 - RLController - INFO -   Example: junction B4 -> durations [24, 22, 22, 22] (total: 90s)
2026-09-23 22:33:12,498 - RLController - INFO -   Example: junction B5 -> durations [60, 10, 10, 10] (total: 90s)
2026-09-23 22:33:12,498 - RLController - INFO -   Example: junction C0 -> durations [21, 21, 27, 21] (total: 90s)
2026-09-23 22:33:12,499 - RLController - INFO -   Example: junction C1 -> durations [24, 22, 22, 22] (total: 90s)
2026-09-23 22:33:12,499 - RLController - INFO -   Example: junction C2 -> durations [58, 12, 10, 10] (total: 90s)
2026-09-23 22:33:12,499 - RLController - INFO -   Example: junction C3 -> durations [60, 10, 10, 10] (total: 90s)
2026-09-23 22:33:12,499 - RLController - INFO -   Example: junction C4 -> durations [60, 10, 10, 10] (total: 90s)
2026-09-23 22:33:12,499 - RLController - INFO -   Example: junction C5 -> durations [57, 11, 11, 11] (total: 90s)
2026-09-23 22:33:12,499 - RLController - INFO -   Example: junction D0 -> durations [24, 22, 22, 22] (total: 90s)
2026-09-23 22:33:12,499 - RLController - INFO -   Example: junction D1 -> durations [19, 19, 33, 19] (total: 90s)
2026-09-23 22:33:12,499 - RLController - INFO -   Example: junction D2 -> durations [45, 15, 15, 15] (total: 90s)
2026-09-23 22:33:12,499 - RLController - INFO -   Example: junction D3 -> durations [24, 22, 22, 22] (total: 90s)
2026-09-23 22:33:12,500 - RLController - INFO -   Example: junction D4 -> durations [24, 22, 22, 22] (total: 90s)
2026-09-23 22:33:12,500 - RLController - INFO -   Example: junction D5 -> durations [13, 13, 51, 13] (total: 90s)
2026-09-23 22:33:12,500 - RLController - INFO -   Example: junction E0 -> durations [24, 22, 22, 22] (total: 90s)
2026-09-23 22:33:12,500 - RLController - INFO -   Example: junction E1 -> durations [24, 22, 22, 22] (total: 90s)
2026-09-23 22:33:12,501 - RLController - INFO -   Stored schedules for 34 junctions, cycle starts at step 1260
2026-09-23 22:33:14,904 - RLController - INFO - DIAGNOSTIC Step 1350 - Observation stats:
2026-09-23 22:33:14,904 - RLController - INFO -   Hash: -8496558955802773785, Min: 0.000000, Max: 1.000000, Mean: 0.393943, Std: 0.446437
2026-09-23 22:33:14,905 - RLController - INFO -   First 10: [1.         0.         0.         0.         0.         0.5
 0.         0.         0.99333334 1.        ]
2026-09-23 22:33:14,905 - RLController - INFO -   Last 10: [0.         0.2        0.         0.08333334 0.3888889  0.00289471
 0.05350427 0.625952   0.         0.3       ]
2026-09-23 22:33:14,908 - RLController - INFO - DIAGNOSTIC - Raw model action output:
2026-09-23 22:33:14,908 - RLController - INFO -   Action hash: -1782946370902879052
2026-09-23 22:33:14,908 - RLController - INFO -   First 8 values: [ -6.983958 -10.       -10.       -10.       -10.       -10.
 -10.       -10.      ]
2026-09-23 22:33:14,909 - RLController - INFO -   Last 8 values: [-10.         -10.         -10.         -10.         -10.
  -0.26647565 -10.         -10.        ]
2026-09-23 22:33:14,909 - RLController - INFO -   Action shape: (136,), min: -10.000000, max: 4.627165, mean: -9.209621
2026-09-23 22:33:14,909 - RLController - INFO -   B0 junction (indices 16-19) raw values: [ -9.873284 -10.       -10.       -10.      ]
2026-09-23 22:33:14,909 - RLController - INFO - Using CONTINUOUS DURATION-BASED mode
2026-09-23 22:33:14,909 - RLController - INFO -   Example: junction A0 -> durations [54, 12, 12, 12] (total: 90s)
2026-09-23 22:33:14,909 - RLController - INFO -   Example: junction A1 -> durations [24, 22, 22, 22] (total: 90s)
2026-09-23 22:33:14,910 - RLController - INFO -   Example: junction A2 -> durations [11, 11, 57, 11] (total: 90s)
2026-09-23 22:33:14,910 - RLController - INFO -   Example: junction A4 -> durations [60, 10, 10, 10] (total: 90s)
2026-09-23 22:33:14,910 - RLController - INFO -   Example: junction A5 -> durations [24, 22, 22, 22] (total: 90s)
2026-09-23 22:33:14,910 - RLController - INFO -   Example: junction B0 -> durations [24, 22, 22, 22] (total: 90s)
2026-09-23 22:33:14,910 - RLController - INFO -   Example: junction B1 -> durations [22, 24, 22, 22] (total: 90s)
2026-09-23 22:33:14,910 - RLController - INFO -   Example: junction B2 -> durations [24, 22, 22, 22] (total: 90s)
2026-09-23 22:33:14,910 - RLController - INFO -   Example: junction B4 -> durations [24, 22, 22, 22] (total: 90s)
2026-09-23 22:33:14,910 - RLController - INFO -   Example: junction B5 -> durations [60, 10, 10, 10] (total: 90s)
2026-09-23 22:33:14,910 - RLController - INFO -   Example: junction C0 -> durations [20, 20, 30, 20] (total: 90s)
2026-09-23 22:33:14,911 - RLController - INFO -   Example: junction C1 -> durations [24, 22, 22, 22] (total: 90s)
2026-09-23 22:33:14,911 - RLController - INFO -   Example: junction C2 -> durations [58, 12, 10, 10] (total: 90s)
2026-09-23 22:33:14,911 - RLController - INFO -   Example: junction C3 -> durations [60, 10, 10, 10] (total: 90s)
2026-09-23 22:33:14,911 - RLController - INFO -   Example: junction C4 -> durations [60, 10, 10, 10] (total: 90s)
2026-09-23 22:33:14,911 - RLController - INFO -   Example: junction C5 -> durations [57, 11, 11, 11] (total: 90s)
2026-09-23 22:33:14,911 - RLController - INFO -   Example: junction D0 -> durations [24, 22, 22, 22] (total: 90s)
2026-09-23 22:33:14,911 - RLController - INFO -   Example: junction D1 -> durations [19, 19, 33, 19] (total: 90s)
2026-09-23 22:33:14,911 - RLController - INFO -   Example: junction D2 -> durations [48, 14, 14, 14] (total: 90s)
2026-09-23 22:33:14,912 - RLController - INFO -   Example: junction D3 -> durations [24, 22, 22, 22] (total: 90s)
2026-09-23 22:33:14,912 - RLController - INFO -   Example: junction D4 -> durations [24, 22, 22, 22] (total: 90s)
2026-09-23 22:33:14,912 - RLController - INFO -   Example: junction D5 -> durations [13, 13, 51, 13] (total: 90s)
2026-09-23 22:33:14,912 - RLController - INFO -   Example: junction E0 -> durations [24, 22, 22, 22] (total: 90s)
2026-09-23 22:33:14,912 - RLController - INFO -   Example: junction E1 -> durations [24, 22, 22, 22] (total: 90s)
2026-09-23 22:33:14,913 - RLController - INFO -   Stored schedules for 34 junctions, cycle starts at step 1350
2026-09-23 22:33:17,443 - RLController - INFO - DIAGNOSTIC Step 1440 - Observation stats:
2026-09-23 22:33:17,443 - RLController - INFO -   Hash: -3479005794187028530, Min: 0.000000, Max: 1.000000, Mean: 0.396130, Std: 0.447512
2026-09-23 22:33:17,443 - RLController - INFO -   First 10: [1.  0.  0.  0.  0.  0.5 1.  0.  0.  0. ]
2026-09-23 22:33:17,443 - RLController - INFO -   Last 10: [0.         0.2        0.         0.08333334 0.39529914 0.0026161
 0.05611111 0.6108391  0.         0.3       ]
2026-09-23 22:33:17,447 - RLController - INFO - DIAGNOSTIC - Raw model action output:
2026-09-23 22:33:17,447 - RLController - INFO -   Action hash: -1071633433084662535
2026-09-23 22:33:17,448 - RLController - INFO -   First 8 values: [ -7.1867886 -10.        -10.        -10.        -10.        -10.
 -10.        -10.       ]
2026-09-23 22:33:17,448 - RLController - INFO -   Last 8 values: [-10.        -10.        -10.        -10.        -10.         -1.4624193
 -10.        -10.       ]
2026-09-23 22:33:17,448 - RLController - INFO -   Action shape: (136,), min: -10.000000, max: 4.847348, mean: -9.209043
2026-09-23 22:33:17,448 - RLController - INFO -   B0 junction (indices 16-19) raw values: [ -9.395059 -10.       -10.       -10.      ]
2026-09-23 22:33:17,448 - RLController - INFO - Using CONTINUOUS DURATION-BASED mode
2026-09-23 22:33:17,449 - RLController - INFO -   Example: junction A0 -> durations [51, 13, 13, 13] (total: 90s)
2026-09-23 22:33:17,449 - RLController - INFO -   Example: junction A1 -> durations [24, 22, 22, 22] (total: 90s)
2026-09-23 22:33:17,449 - RLController - INFO -   Example: junction A2 -> durations [11, 11, 57, 11] (total: 90s)
2026-09-23 22:33:17,449 - RLController - INFO -   Example: junction A4 -> durations [60, 10, 10, 10] (total: 90s)
2026-09-23 22:33:17,449 - RLController - INFO -   Example: junction A5 -> durations [30, 20, 20, 20] (total: 90s)
2026-09-23 22:33:17,449 - RLController - INFO -   Example: junction B0 -> durations [24, 22, 22, 22] (total: 90s)
2026-09-23 22:33:17,449 - RLController - INFO -   Example: junction B1 -> durations [21, 27, 21, 21] (total: 90s)
2026-09-23 22:33:17,449 - RLController - INFO -   Example: junction B2 -> durations [24, 22, 22, 22] (total: 90s)
2026-09-23 22:33:17,450 - RLController - INFO -   Example: junction B4 -> durations [24, 22, 22, 22] (total: 90s)
2026-09-23 22:33:17,450 - RLController - INFO -   Example: junction B5 -> durations [60, 10, 10, 10] (total: 90s)
2026-09-23 22:33:17,450 - RLController - INFO -   Example: junction C0 -> durations [20, 20, 30, 20] (total: 90s)
2026-09-23 22:33:17,450 - RLController - INFO -   Example: junction C1 -> durations [24, 22, 22, 22] (total: 90s)
2026-09-23 22:33:17,450 - RLController - INFO -   Example: junction C2 -> durations [57, 13, 10, 10] (total: 90s)
2026-09-23 22:33:17,450 - RLController - INFO -   Example: junction C3 -> durations [60, 10, 10, 10] (total: 90s)
2026-09-23 22:33:17,451 - RLController - INFO -   Example: junction C4 -> durations [60, 10, 10, 10] (total: 90s)
2026-09-23 22:33:17,451 - RLController - INFO -   Example: junction C5 -> durations [57, 11, 11, 11] (total: 90s)
2026-09-23 22:33:17,451 - RLController - INFO -   Example: junction D0 -> durations [24, 22, 22, 22] (total: 90s)
2026-09-23 22:33:17,451 - RLController - INFO -   Example: junction D1 -> durations [19, 19, 33, 19] (total: 90s)
2026-09-23 22:33:17,451 - RLController - INFO -   Example: junction D2 -> durations [51, 13, 13, 13] (total: 90s)
2026-09-23 22:33:17,451 - RLController - INFO -   Example: junction D3 -> durations [24, 22, 22, 22] (total: 90s)
2026-09-23 22:33:17,451 - RLController - INFO -   Example: junction D4 -> durations [24, 22, 22, 22] (total: 90s)
2026-09-23 22:33:17,451 - RLController - INFO -   Example: junction D5 -> durations [12, 12, 54, 12] (total: 90s)
2026-09-23 22:33:17,452 - RLController - INFO -   Example: junction E0 -> durations [24, 22, 22, 22] (total: 90s)
2026-09-23 22:33:17,452 - RLController - INFO -   Example: junction E1 -> durations [24, 22, 22, 22] (total: 90s)
2026-09-23 22:33:17,453 - RLController - INFO -   Stored schedules for 34 junctions, cycle starts at step 1440
2026-09-23 22:33:20,237 - RLController - INFO - DIAGNOSTIC Step 1530 - Observation stats:
2026-09-23 22:33:20,238 - RLController - INFO -   Hash: -4540309699095487184, Min: 0.000000, Max: 1.000000, Mean: 0.397627, Std: 0.448497
2026-09-23 22:33:20,238 - RLController - INFO -   First 10: [1.  0.  0.  0.  0.  0.5 1.  0.  0.  0. ]
2026-09-23 22:33:20,238 - RLController - INFO -   Last 10: [0.         0.2        0.         0.08333334 0.39957264 0.00344002
 0.05794872 0.62011695 0.         0.3       ]
2026-09-23 22:33:20,242 - RLController - INFO - DIAGNOSTIC - Raw model action output:
2026-09-23 22:33:20,242 - RLController - INFO -   Action hash: 1710315589961647380
2026-09-23 22:33:20,242 - RLController - INFO -   First 8 values: [ -7.071898 -10.       -10.       -10.       -10.       -10.
 -10.       -10.      ]
2026-09-23 22:33:20,242 - RLController - INFO -   Last 8 values: [-10.        -10.        -10.        -10.        -10.         -1.2335129
 -10.        -10.       ]
2026-09-23 22:33:20,242 - RLController - INFO -   Action shape: (136,), min: -10.000000, max: 5.627022, mean: -9.216159
2026-09-23 22:33:20,243 - RLController - INFO -   B0 junction (indices 16-19) raw values: [ -9.414674 -10.       -10.       -10.      ]
2026-09-23 22:33:20,243 - RLController - INFO - Using CONTINUOUS DURATION-BASED mode
2026-09-23 22:33:20,243 - RLController - INFO -   Example: junction A0 -> durations [54, 12, 12, 12] (total: 90s)
2026-09-23 22:33:20,243 - RLController - INFO -   Example: junction A1 -> durations [24, 22, 22, 22] (total: 90s)
2026-09-23 22:33:20,243 - RLController - INFO -   Example: junction A2 -> durations [11, 11, 57, 11] (total: 90s)
2026-09-23 22:33:20,243 - RLController - INFO -   Example: junction A4 -> durations [60, 10, 10, 10] (total: 90s)
2026-09-23 22:33:20,243 - RLController - INFO -   Example: junction A5 -> durations [30, 20, 20, 20] (total: 90s)
2026-09-23 22:33:20,244 - RLController - INFO -   Example: junction B0 -> durations [24, 22, 22, 22] (total: 90s)
2026-09-23 22:33:20,244 - RLController - INFO -   Example: junction B1 -> durations [21, 27, 21, 21] (total: 90s)
2026-09-23 22:33:20,244 - RLController - INFO -   Example: junction B2 -> durations [24, 22, 22, 22] (total: 90s)
2026-09-23 22:33:20,244 - RLController - INFO -   Example: junction B4 -> durations [24, 22, 22, 22] (total: 90s)
2026-09-23 22:33:20,245 - RLController - INFO -   Example: junction B5 -> durations [60, 10, 10, 10] (total: 90s)
2026-09-23 22:33:20,245 - RLController - INFO -   Example: junction C0 -> durations [20, 20, 30, 20] (total: 90s)
2026-09-23 22:33:20,245 - RLController - INFO -   Example: junction C1 -> durations [24, 22, 22, 22] (total: 90s)
2026-09-23 22:33:20,245 - RLController - INFO -   Example: junction C2 -> durations [55, 15, 10, 10] (total: 90s)
2026-09-23 22:33:20,245 - RLController - INFO -   Example: junction C3 -> durations [60, 10, 10, 10] (total: 90s)
2026-09-23 22:33:20,245 - RLController - INFO -   Example: junction C4 -> durations [60, 10, 10, 10] (total: 90s)
2026-09-23 22:33:20,245 - RLController - INFO -   Example: junction C5 -> durations [57, 11, 11, 11] (total: 90s)
2026-09-23 22:33:20,246 - RLController - INFO -   Example: junction D0 -> durations [24, 22, 22, 22] (total: 90s)
2026-09-23 22:33:20,246 - RLController - INFO -   Example: junction D1 -> durations [19, 19, 33, 19] (total: 90s)
2026-09-23 22:33:20,246 - RLController - INFO -   Example: junction D2 -> durations [48, 14, 14, 14] (total: 90s)
2026-09-23 22:33:20,246 - RLController - INFO -   Example: junction D3 -> durations [24, 22, 22, 22] (total: 90s)
2026-09-23 22:33:20,246 - RLController - INFO -   Example: junction D4 -> durations [24, 22, 22, 22] (total: 90s)
2026-09-23 22:33:20,246 - RLController - INFO -   Example: junction D5 -> durations [12, 12, 54, 12] (total: 90s)
2026-09-23 22:33:20,246 - RLController - INFO -   Example: junction E0 -> durations [24, 22, 22, 22] (total: 90s)
2026-09-23 22:33:20,246 - RLController - INFO -   Example: junction E1 -> durations [24, 22, 22, 22] (total: 90s)
2026-09-23 22:33:20,247 - RLController - INFO -   Stored schedules for 34 junctions, cycle starts at step 1530
2026-09-23 22:33:23,457 - RLController - INFO - DIAGNOSTIC Step 1620 - Observation stats:
2026-09-23 22:33:23,457 - RLController - INFO -   Hash: -6624860466300317861, Min: 0.000000, Max: 1.000000, Mean: 0.405642, Std: 0.449175
2026-09-23 22:33:23,457 - RLController - INFO -   First 10: [1.  0.  0.  0.  0.  0.5 1.  0.  0.  0. ]
2026-09-23 22:33:23,458 - RLController - INFO -   Last 10: [0.         0.2        0.         0.08333334 0.43589744 0.0033002
 0.06055555 0.58029574 0.         0.3       ]
2026-09-23 22:33:23,462 - RLController - INFO - DIAGNOSTIC - Raw model action output:
2026-09-23 22:33:23,462 - RLController - INFO -   Action hash: -480032026906421068
2026-09-23 22:33:23,463 - RLController - INFO -   First 8 values: [ -7.0915294 -10.        -10.        -10.        -10.        -10.
 -10.        -10.       ]
2026-09-23 22:33:23,463 - RLController - INFO -   Last 8 values: [-10.        -10.        -10.        -10.        -10.         -2.0857995
 -10.        -10.       ]
2026-09-23 22:33:23,463 - RLController - INFO -   Action shape: (136,), min: -10.000000, max: 4.665147, mean: -9.261709
2026-09-23 22:33:23,463 - RLController - INFO -   B0 junction (indices 16-19) raw values: [ -9.76142 -10.      -10.      -10.     ]
2026-09-23 22:33:23,463 - RLController - INFO - Using CONTINUOUS DURATION-BASED mode
2026-09-23 22:33:23,464 - RLController - INFO -   Example: junction A0 -> durations [54, 12, 12, 12] (total: 90s)
2026-09-23 22:33:23,464 - RLController - INFO -   Example: junction A1 -> durations [24, 22, 22, 22] (total: 90s)
2026-09-23 22:33:23,464 - RLController - INFO -   Example: junction A2 -> durations [11, 11, 57, 11] (total: 90s)
2026-09-23 22:33:23,465 - RLController - INFO -   Example: junction A4 -> durations [60, 10, 10, 10] (total: 90s)
2026-09-23 22:33:23,465 - RLController - INFO -   Example: junction A5 -> durations [24, 22, 22, 22] (total: 90s)
2026-09-23 22:33:23,465 - RLController - INFO -   Example: junction B0 -> durations [24, 22, 22, 22] (total: 90s)
2026-09-23 22:33:23,465 - RLController - INFO -   Example: junction B1 -> durations [24, 22, 22, 22] (total: 90s)
2026-09-23 22:33:23,465 - RLController - INFO -   Example: junction B2 -> durations [24, 22, 22, 22] (total: 90s)
2026-09-23 22:33:23,465 - RLController - INFO -   Example: junction B4 -> durations [24, 22, 22, 22] (total: 90s)
2026-09-23 22:33:23,465 - RLController - INFO -   Example: junction B5 -> durations [60, 10, 10, 10] (total: 90s)
2026-09-23 22:33:23,465 - RLController - INFO -   Example: junction C0 -> durations [22, 22, 24, 22] (total: 90s)
2026-09-23 22:33:23,466 - RLController - INFO -   Example: junction C1 -> durations [24, 22, 22, 22] (total: 90s)
2026-09-23 22:33:23,466 - RLController - INFO -   Example: junction C2 -> durations [56, 14, 10, 10] (total: 90s)
2026-09-23 22:33:23,466 - RLController - INFO -   Example: junction C3 -> durations [60, 10, 10, 10] (total: 90s)
2026-09-23 22:33:23,466 - RLController - INFO -   Example: junction C4 -> durations [60, 10, 10, 10] (total: 90s)
2026-09-23 22:33:23,466 - RLController - INFO -   Example: junction C5 -> durations [57, 11, 11, 11] (total: 90s)
2026-09-23 22:33:23,466 - RLController - INFO -   Example: junction D0 -> durations [24, 22, 22, 22] (total: 90s)
2026-09-23 22:33:23,466 - RLController - INFO -   Example: junction D1 -> durations [20, 20, 30, 20] (total: 90s)
2026-09-23 22:33:23,466 - RLController - INFO -   Example: junction D2 -> durations [48, 14, 14, 14] (total: 90s)
2026-09-23 22:33:23,467 - RLController - INFO -   Example: junction D3 -> durations [24, 22, 22, 22] (total: 90s)
2026-09-23 22:33:23,467 - RLController - INFO -   Example: junction D4 -> durations [24, 22, 22, 22] (total: 90s)
2026-09-23 22:33:23,467 - RLController - INFO -   Example: junction D5 -> durations [13, 13, 51, 13] (total: 90s)
2026-09-23 22:33:23,467 - RLController - INFO -   Example: junction E0 -> durations [24, 22, 22, 22] (total: 90s)
2026-09-23 22:33:23,467 - RLController - INFO -   Example: junction E1 -> durations [24, 22, 22, 22] (total: 90s)
2026-09-23 22:33:23,468 - RLController - INFO -   Stored schedules for 34 junctions, cycle starts at step 1620
2026-09-23 22:33:26,349 - RLController - INFO - DIAGNOSTIC Step 1710 - Observation stats:
2026-09-23 22:33:26,349 - RLController - INFO -   Hash: -3641399193270534932, Min: 0.000000, Max: 1.000000, Mean: 0.404208, Std: 0.448059
2026-09-23 22:33:26,349 - RLController - INFO -   First 10: [1.  0.  0.  0.  0.  0.5 1.  0.  0.  0. ]
2026-09-23 22:33:26,350 - RLController - INFO -   Last 10: [0.         0.2        0.         0.08333334 0.43589744 0.00316868
 0.06064102 0.5815818  0.         0.3       ]
2026-09-23 22:33:26,353 - RLController - INFO - DIAGNOSTIC - Raw model action output:
2026-09-23 22:33:26,353 - RLController - INFO -   Action hash: -7820932000014166949
2026-09-23 22:33:26,353 - RLController - INFO -   First 8 values: [ -7.118487 -10.       -10.       -10.       -10.       -10.
 -10.       -10.      ]
2026-09-23 22:33:26,353 - RLController - INFO -   Last 8 values: [-10.        -10.        -10.        -10.        -10.         -1.0437615
 -10.        -10.       ]
2026-09-23 22:33:26,353 - RLController - INFO -   Action shape: (136,), min: -10.000000, max: 5.218433, mean: -9.256884
2026-09-23 22:33:26,354 - RLController - INFO -   B0 junction (indices 16-19) raw values: [-10. -10. -10. -10.]
2026-09-23 22:33:26,354 - RLController - INFO - Using CONTINUOUS DURATION-BASED mode
2026-09-23 22:33:26,354 - RLController - INFO -   Example: junction A0 -> durations [54, 12, 12, 12] (total: 90s)
2026-09-23 22:33:26,354 - RLController - INFO -   Example: junction A1 -> durations [24, 22, 22, 22] (total: 90s)
2026-09-23 22:33:26,354 - RLController - INFO -   Example: junction A2 -> durations [11, 11, 57, 11] (total: 90s)
2026-09-23 22:33:26,354 - RLController - INFO -   Example: junction A4 -> durations [60, 10, 10, 10] (total: 90s)
2026-09-23 22:33:26,354 - RLController - INFO -   Example: junction A5 -> durations [24, 22, 22, 22] (total: 90s)
2026-09-23 22:33:26,355 - RLController - INFO -   Example: junction B0 -> durations [24, 22, 22, 22] (total: 90s)
2026-09-23 22:33:26,355 - RLController - INFO -   Example: junction B1 -> durations [22, 24, 22, 22] (total: 90s)
2026-09-23 22:33:26,355 - RLController - INFO -   Example: junction B2 -> durations [24, 22, 22, 22] (total: 90s)
2026-09-23 22:33:26,355 - RLController - INFO -   Example: junction B4 -> durations [24, 22, 22, 22] (total: 90s)
2026-09-23 22:33:26,355 - RLController - INFO -   Example: junction B5 -> durations [60, 10, 10, 10] (total: 90s)
2026-09-23 22:33:26,355 - RLController - INFO -   Example: junction C0 -> durations [21, 21, 27, 21] (total: 90s)
2026-09-23 22:33:26,355 - RLController - INFO -   Example: junction C1 -> durations [24, 22, 22, 22] (total: 90s)
2026-09-23 22:33:26,355 - RLController - INFO -   Example: junction C2 -> durations [57, 13, 10, 10] (total: 90s)
2026-09-23 22:33:26,356 - RLController - INFO -   Example: junction C3 -> durations [60, 10, 10, 10] (total: 90s)
2026-09-23 22:33:26,356 - RLController - INFO -   Example: junction C4 -> durations [57, 11, 11, 11] (total: 90s)
2026-09-23 22:33:26,356 - RLController - INFO -   Example: junction C5 -> durations [57, 11, 11, 11] (total: 90s)
2026-09-23 22:33:26,356 - RLController - INFO -   Example: junction D0 -> durations [24, 22, 22, 22] (total: 90s)
2026-09-23 22:33:26,356 - RLController - INFO -   Example: junction D1 -> durations [20, 20, 30, 20] (total: 90s)
2026-09-23 22:33:26,356 - RLController - INFO -   Example: junction D2 -> durations [45, 15, 15, 15] (total: 90s)
2026-09-23 22:33:26,356 - RLController - INFO -   Example: junction D3 -> durations [24, 22, 22, 22] (total: 90s)
2026-09-23 22:33:26,357 - RLController - INFO -   Example: junction D4 -> durations [24, 22, 22, 22] (total: 90s)
2026-09-23 22:33:26,357 - RLController - INFO -   Example: junction D5 -> durations [13, 13, 51, 13] (total: 90s)
2026-09-23 22:33:26,357 - RLController - INFO -   Example: junction E0 -> durations [24, 22, 22, 22] (total: 90s)
2026-09-23 22:33:26,357 - RLController - INFO -   Example: junction E1 -> durations [24, 22, 22, 22] (total: 90s)
2026-09-23 22:33:26,358 - RLController - INFO -   Stored schedules for 34 junctions, cycle starts at step 1710
2026-09-23 22:33:29,217 - RLController - INFO - DIAGNOSTIC Step 1800 - Observation stats:
2026-09-23 22:33:29,217 - RLController - INFO -   Hash: 6287890280530095334, Min: 0.000000, Max: 1.000000, Mean: 0.410207, Std: 0.449994
2026-09-23 22:33:29,217 - RLController - INFO -   First 10: [1.  0.  0.  0.  0.  0.5 1.  0.  0.  0. ]
2026-09-23 22:33:29,217 - RLController - INFO -   Last 10: [0.         0.2        0.         0.08333334 0.44871795 0.00374336
 0.0598718  0.5756463  0.         0.3       ]
2026-09-23 22:33:29,221 - RLController - INFO - DIAGNOSTIC - Raw model action output:
2026-09-23 22:33:29,221 - RLController - INFO -   Action hash: -1069407503834204561
2026-09-23 22:33:29,221 - RLController - INFO -   First 8 values: [ -7.138684 -10.       -10.       -10.       -10.       -10.
 -10.       -10.      ]
2026-09-23 22:33:29,222 - RLController - INFO -   Last 8 values: [-10.       -10.       -10.       -10.       -10.        -2.833502
 -10.       -10.      ]
2026-09-23 22:33:29,222 - RLController - INFO -   Action shape: (136,), min: -10.000000, max: 4.933938, mean: -9.266187
2026-09-23 22:33:29,222 - RLController - INFO -   B0 junction (indices 16-19) raw values: [ -9.899445 -10.       -10.       -10.      ]
2026-09-23 22:33:29,222 - RLController - INFO - Using CONTINUOUS DURATION-BASED mode
2026-09-23 22:33:29,222 - RLController - INFO -   Example: junction A0 -> durations [54, 12, 12, 12] (total: 90s)
2026-09-23 22:33:29,222 - RLController - INFO -   Example: junction A1 -> durations [24, 22, 22, 22] (total: 90s)
2026-09-23 22:33:29,222 - RLController - INFO -   Example: junction A2 -> durations [11, 11, 57, 11] (total: 90s)
2026-09-23 22:33:29,223 - RLController - INFO -   Example: junction A4 -> durations [60, 10, 10, 10] (total: 90s)
2026-09-23 22:33:29,223 - RLController - INFO -   Example: junction A5 -> durations [24, 22, 22, 22] (total: 90s)
2026-09-23 22:33:29,223 - RLController - INFO -   Example: junction B0 -> durations [24, 22, 22, 22] (total: 90s)
2026-09-23 22:33:29,223 - RLController - INFO -   Example: junction B1 -> durations [24, 22, 22, 22] (total: 90s)
2026-09-23 22:33:29,223 - RLController - INFO -   Example: junction B2 -> durations [24, 22, 22, 22] (total: 90s)
2026-09-23 22:33:29,223 - RLController - INFO -   Example: junction B4 -> durations [24, 22, 22, 22] (total: 90s)
2026-09-23 22:33:29,223 - RLController - INFO -   Example: junction B5 -> durations [60, 10, 10, 10] (total: 90s)
2026-09-23 22:33:29,224 - RLController - INFO -   Example: junction C0 -> durations [21, 21, 27, 21] (total: 90s)
2026-09-23 22:33:29,224 - RLController - INFO -   Example: junction C1 -> durations [24, 22, 22, 22] (total: 90s)
2026-09-23 22:33:29,224 - RLController - INFO -   Example: junction C2 -> durations [58, 12, 10, 10] (total: 90s)
2026-09-23 22:33:29,224 - RLController - INFO -   Example: junction C3 -> durations [60, 10, 10, 10] (total: 90s)
2026-09-23 22:33:29,224 - RLController - INFO -   Example: junction C4 -> durations [57, 11, 11, 11] (total: 90s)
2026-09-23 22:33:29,224 - RLController - INFO -   Example: junction C5 -> durations [57, 11, 11, 11] (total: 90s)
2026-09-23 22:33:29,224 - RLController - INFO -   Example: junction D0 -> durations [24, 22, 22, 22] (total: 90s)
2026-09-23 22:33:29,224 - RLController - INFO -   Example: junction D1 -> durations [20, 20, 30, 20] (total: 90s)
2026-09-23 22:33:29,225 - RLController - INFO -   Example: junction D2 -> durations [48, 14, 14, 14] (total: 90s)
2026-09-23 22:33:29,225 - RLController - INFO -   Example: junction D3 -> durations [24, 22, 22, 22] (total: 90s)
2026-09-23 22:33:29,225 - RLController - INFO -   Example: junction D4 -> durations [24, 22, 22, 22] (total: 90s)
2026-09-23 22:33:29,225 - RLController - INFO -   Example: junction D5 -> durations [13, 13, 51, 13] (total: 90s)
2026-09-23 22:33:29,225 - RLController - INFO -   Example: junction E0 -> durations [24, 22, 22, 22] (total: 90s)
2026-09-23 22:33:29,225 - RLController - INFO -   Example: junction E1 -> durations [24, 22, 22, 22] (total: 90s)
2026-09-23 22:33:29,226 - RLController - INFO -   Stored schedules for 34 junctions, cycle starts at step 1800
2026-09-23 22:33:32,044 - RLController - INFO - DIAGNOSTIC Step 1890 - Observation stats:
2026-09-23 22:33:32,044 - RLController - INFO -   Hash: 1930136478180541021, Min: 0.000000, Max: 1.000000, Mean: 0.402127, Std: 0.448955
2026-09-23 22:33:32,045 - RLController - INFO -   First 10: [1.  0.  0.  0.  0.  0.5 1.  0.  0.  0. ]
2026-09-23 22:33:32,045 - RLController - INFO -   Last 10: [0.         0.2        0.         0.08333334 0.41452992 0.00290917
 0.05957265 0.5962878  0.         0.3       ]
2026-09-23 22:33:32,048 - RLController - INFO - DIAGNOSTIC - Raw model action output:
2026-09-23 22:33:32,049 - RLController - INFO -   Action hash: -4472834718066601402
2026-09-23 22:33:32,049 - RLController - INFO -   First 8 values: [ -6.9816384 -10.        -10.        -10.        -10.        -10.
 -10.        -10.       ]
2026-09-23 22:33:32,049 - RLController - INFO -   Last 8 values: [-10.       -10.       -10.       -10.       -10.        -1.331186
 -10.       -10.      ]
2026-09-23 22:33:32,049 - RLController - INFO -   Action shape: (136,), min: -10.000000, max: 5.640728, mean: -9.229798
2026-09-23 22:33:32,049 - RLController - INFO -   B0 junction (indices 16-19) raw values: [ -9.034542 -10.       -10.       -10.      ]
2026-09-23 22:33:32,050 - RLController - INFO - Using CONTINUOUS DURATION-BASED mode
2026-09-23 22:33:32,050 - RLController - INFO -   Example: junction A0 -> durations [54, 12, 12, 12] (total: 90s)
2026-09-23 22:33:32,050 - RLController - INFO -   Example: junction A1 -> durations [24, 22, 22, 22] (total: 90s)
2026-09-23 22:33:32,050 - RLController - INFO -   Example: junction A2 -> durations [11, 11, 57, 11] (total: 90s)
2026-09-23 22:33:32,050 - RLController - INFO -   Example: junction A4 -> durations [60, 10, 10, 10] (total: 90s)
2026-09-23 22:33:32,050 - RLController - INFO -   Example: junction A5 -> durations [33, 19, 19, 19] (total: 90s)
2026-09-23 22:33:32,050 - RLController - INFO -   Example: junction B0 -> durations [24, 22, 22, 22] (total: 90s)
2026-09-23 22:33:32,050 - RLController - INFO -   Example: junction B1 -> durations [24, 22, 22, 22] (total: 90s)
2026-09-23 22:33:32,051 - RLController - INFO -   Example: junction B2 -> durations [24, 22, 22, 22] (total: 90s)
2026-09-23 22:33:32,051 - RLController - INFO -   Example: junction B4 -> durations [24, 22, 22, 22] (total: 90s)
2026-09-23 22:33:32,051 - RLController - INFO -   Example: junction B5 -> durations [60, 10, 10, 10] (total: 90s)
2026-09-23 22:33:32,051 - RLController - INFO -   Example: junction C0 -> durations [21, 21, 27, 21] (total: 90s)
2026-09-23 22:33:32,051 - RLController - INFO -   Example: junction C1 -> durations [24, 22, 22, 22] (total: 90s)
2026-09-23 22:33:32,051 - RLController - INFO -   Example: junction C2 -> durations [59, 11, 10, 10] (total: 90s)
2026-09-23 22:33:32,051 - RLController - INFO -   Example: junction C3 -> durations [60, 10, 10, 10] (total: 90s)
2026-09-23 22:33:32,051 - RLController - INFO -   Example: junction C4 -> durations [60, 10, 10, 10] (total: 90s)
2026-09-23 22:33:32,052 - RLController - INFO -   Example: junction C5 -> durations [57, 11, 11, 11] (total: 90s)
2026-09-23 22:33:32,052 - RLController - INFO -   Example: junction D0 -> durations [24, 22, 22, 22] (total: 90s)
2026-09-23 22:33:32,052 - RLController - INFO -   Example: junction D1 -> durations [20, 20, 30, 20] (total: 90s)
2026-09-23 22:33:32,052 - RLController - INFO -   Example: junction D2 -> durations [48, 14, 14, 14] (total: 90s)
2026-09-23 22:33:32,052 - RLController - INFO -   Example: junction D3 -> durations [24, 22, 22, 22] (total: 90s)
2026-09-23 22:33:32,052 - RLController - INFO -   Example: junction D4 -> durations [24, 22, 22, 22] (total: 90s)
2026-09-23 22:33:32,052 - RLController - INFO -   Example: junction D5 -> durations [12, 12, 54, 12] (total: 90s)
2026-09-23 22:33:32,053 - RLController - INFO -   Example: junction E0 -> durations [24, 22, 22, 22] (total: 90s)
2026-09-23 22:33:32,053 - RLController - INFO -   Example: junction E1 -> durations [24, 22, 22, 22] (total: 90s)
2026-09-23 22:33:32,053 - RLController - INFO -   Stored schedules for 34 junctions, cycle starts at step 1890
2026-09-23 22:33:35,248 - RLController - INFO - DIAGNOSTIC Step 1980 - Observation stats:
2026-09-23 22:33:35,249 - RLController - INFO -   Hash: -6849489762687744214, Min: 0.000000, Max: 1.000000, Mean: 0.403257, Std: 0.450707
2026-09-23 22:33:35,250 - RLController - INFO -   First 10: [1.         0.         0.         0.         0.         0.5
 0.         0.         0.99333334 1.        ]
2026-09-23 22:33:35,250 - RLController - INFO -   Last 10: [0.         0.2        0.         0.08333334 0.41666666 0.00292018
 0.06380342 0.5916384  0.         0.3       ]
2026-09-23 22:33:35,256 - RLController - INFO - DIAGNOSTIC - Raw model action output:
2026-09-23 22:33:35,256 - RLController - INFO -   Action hash: 7945233195912519926
2026-09-23 22:33:35,257 - RLController - INFO -   First 8 values: [ -6.909718 -10.       -10.       -10.       -10.       -10.
 -10.       -10.      ]
2026-09-23 22:33:35,257 - RLController - INFO -   Last 8 values: [-10.        -10.        -10.        -10.        -10.         -1.1464584
 -10.        -10.       ]
2026-09-23 22:33:35,257 - RLController - INFO -   Action shape: (136,), min: -10.000000, max: 5.227467, mean: -9.239215
2026-09-23 22:33:35,257 - RLController - INFO -   B0 junction (indices 16-19) raw values: [ -9.372968 -10.       -10.       -10.      ]
2026-09-23 22:33:35,257 - RLController - INFO - Using CONTINUOUS DURATION-BASED mode
2026-09-23 22:33:35,257 - RLController - INFO -   Example: junction A0 -> durations [54, 12, 12, 12] (total: 90s)
2026-09-23 22:33:35,258 - RLController - INFO -   Example: junction A1 -> durations [24, 22, 22, 22] (total: 90s)
2026-09-23 22:33:35,258 - RLController - INFO -   Example: junction A2 -> durations [11, 11, 57, 11] (total: 90s)
2026-09-23 22:33:35,258 - RLController - INFO -   Example: junction A4 -> durations [60, 10, 10, 10] (total: 90s)
2026-09-23 22:33:35,258 - RLController - INFO -   Example: junction A5 -> durations [30, 20, 20, 20] (total: 90s)
2026-09-23 22:33:35,258 - RLController - INFO -   Example: junction B0 -> durations [24, 22, 22, 22] (total: 90s)
2026-09-23 22:33:35,258 - RLController - INFO -   Example: junction B1 -> durations [22, 24, 22, 22] (total: 90s)
2026-09-23 22:33:35,258 - RLController - INFO -   Example: junction B2 -> durations [24, 22, 22, 22] (total: 90s)
2026-09-23 22:33:35,258 - RLController - INFO -   Example: junction B4 -> durations [24, 22, 22, 22] (total: 90s)
2026-09-23 22:33:35,259 - RLController - INFO -   Example: junction B5 -> durations [60, 10, 10, 10] (total: 90s)
2026-09-23 22:33:35,259 - RLController - INFO -   Example: junction C0 -> durations [22, 22, 24, 22] (total: 90s)
2026-09-23 22:33:35,259 - RLController - INFO -   Example: junction C1 -> durations [24, 22, 22, 22] (total: 90s)
2026-09-23 22:33:35,259 - RLController - INFO -   Example: junction C2 -> durations [58, 12, 10, 10] (total: 90s)
2026-09-23 22:33:35,259 - RLController - INFO -   Example: junction C3 -> durations [60, 10, 10, 10] (total: 90s)
2026-09-23 22:33:35,259 - RLController - INFO -   Example: junction C4 -> durations [57, 11, 11, 11] (total: 90s)
2026-09-23 22:33:35,259 - RLController - INFO -   Example: junction C5 -> durations [57, 11, 11, 11] (total: 90s)
2026-09-23 22:33:35,259 - RLController - INFO -   Example: junction D0 -> durations [24, 22, 22, 22] (total: 90s)
2026-09-23 22:33:35,260 - RLController - INFO -   Example: junction D1 -> durations [20, 20, 30, 20] (total: 90s)
2026-09-23 22:33:35,260 - RLController - INFO -   Example: junction D2 -> durations [48, 14, 14, 14] (total: 90s)
2026-09-23 22:33:35,260 - RLController - INFO -   Example: junction D3 -> durations [24, 22, 22, 22] (total: 90s)
2026-09-23 22:33:35,260 - RLController - INFO -   Example: junction D4 -> durations [24, 22, 22, 22] (total: 90s)
2026-09-23 22:33:35,260 - RLController - INFO -   Example: junction D5 -> durations [13, 13, 51, 13] (total: 90s)
2026-09-23 22:33:35,260 - RLController - INFO -   Example: junction E0 -> durations [24, 22, 22, 22] (total: 90s)
2026-09-23 22:33:35,260 - RLController - INFO -   Example: junction E1 -> durations [24, 22, 22, 22] (total: 90s)
2026-09-23 22:33:35,261 - RLController - INFO -   Stored schedules for 34 junctions, cycle starts at step 1980
2026-09-23 22:33:38,644 - RLController - INFO - DIAGNOSTIC Step 2070 - Observation stats:
2026-09-23 22:33:38,644 - RLController - INFO -   Hash: 2265240969254516360, Min: 0.000000, Max: 1.000000, Mean: 0.410243, Std: 0.450006
2026-09-23 22:33:38,645 - RLController - INFO -   First 10: [1.         0.         0.         0.         0.         0.5
 0.         1.         0.99333334 1.        ]
2026-09-23 22:33:38,645 - RLController - INFO -   Last 10: [0.         0.2        0.         0.08333334 0.44444445 0.00312729
 0.06474359 0.5737197  0.         0.3       ]
2026-09-23 22:33:38,651 - RLController - INFO - DIAGNOSTIC - Raw model action output:
2026-09-23 22:33:38,651 - RLController - INFO -   Action hash: -5068709009022368075
2026-09-23 22:33:38,651 - RLController - INFO -   First 8 values: [ -6.8765955 -10.        -10.        -10.        -10.        -10.
 -10.        -10.       ]
2026-09-23 22:33:38,651 - RLController - INFO -   Last 8 values: [-10.        -10.        -10.        -10.        -10.         -1.7807477
 -10.        -10.       ]
2026-09-23 22:33:38,651 - RLController - INFO -   Action shape: (136,), min: -10.000000, max: 4.908848, mean: -9.227348
2026-09-23 22:33:38,652 - RLController - INFO -   B0 junction (indices 16-19) raw values: [ -9.683765 -10.       -10.       -10.      ]
2026-09-23 22:33:38,652 - RLController - INFO - Using CONTINUOUS DURATION-BASED mode
2026-09-23 22:33:38,652 - RLController - INFO -   Example: junction A0 -> durations [54, 12, 12, 12] (total: 90s)
2026-09-23 22:33:38,652 - RLController - INFO -   Example: junction A1 -> durations [24, 22, 22, 22] (total: 90s)
2026-09-23 22:33:38,652 - RLController - INFO -   Example: junction A2 -> durations [11, 11, 57, 11] (total: 90s)
2026-09-23 22:33:38,652 - RLController - INFO -   Example: junction A4 -> durations [60, 10, 10, 10] (total: 90s)
2026-09-23 22:33:38,652 - RLController - INFO -   Example: junction A5 -> durations [27, 21, 21, 21] (total: 90s)
2026-09-23 22:33:38,652 - RLController - INFO -   Example: junction B0 -> durations [24, 22, 22, 22] (total: 90s)
2026-09-23 22:33:38,653 - RLController - INFO -   Example: junction B1 -> durations [21, 27, 21, 21] (total: 90s)
2026-09-23 22:33:38,653 - RLController - INFO -   Example: junction B2 -> durations [24, 22, 22, 22] (total: 90s)
2026-09-23 22:33:38,653 - RLController - INFO -   Example: junction B4 -> durations [24, 22, 22, 22] (total: 90s)
2026-09-23 22:33:38,653 - RLController - INFO -   Example: junction B5 -> durations [60, 10, 10, 10] (total: 90s)
2026-09-23 22:33:38,653 - RLController - INFO -   Example: junction C0 -> durations [21, 21, 27, 21] (total: 90s)
2026-09-23 22:33:38,653 - RLController - INFO -   Example: junction C1 -> durations [24, 22, 22, 22] (total: 90s)
2026-09-23 22:33:38,653 - RLController - INFO -   Example: junction C2 -> durations [56, 14, 10, 10] (total: 90s)
2026-09-23 22:33:38,653 - RLController - INFO -   Example: junction C3 -> durations [60, 10, 10, 10] (total: 90s)
2026-09-23 22:33:38,654 - RLController - INFO -   Example: junction C4 -> durations [57, 11, 11, 11] (total: 90s)
2026-09-23 22:33:38,654 - RLController - INFO -   Example: junction C5 -> durations [57, 11, 11, 11] (total: 90s)
2026-09-23 22:33:38,654 - RLController - INFO -   Example: junction D0 -> durations [24, 22, 22, 22] (total: 90s)
2026-09-23 22:33:38,654 - RLController - INFO -   Example: junction D1 -> durations [20, 20, 30, 20] (total: 90s)
2026-09-23 22:33:38,654 - RLController - INFO -   Example: junction D2 -> durations [45, 15, 15, 15] (total: 90s)
2026-09-23 22:33:38,654 - RLController - INFO -   Example: junction D3 -> durations [24, 22, 22, 22] (total: 90s)
2026-09-23 22:33:38,654 - RLController - INFO -   Example: junction D4 -> durations [24, 22, 22, 22] (total: 90s)
2026-09-23 22:33:38,654 - RLController - INFO -   Example: junction D5 -> durations [13, 13, 51, 13] (total: 90s)
2026-09-23 22:33:38,655 - RLController - INFO -   Example: junction E0 -> durations [24, 22, 22, 22] (total: 90s)
2026-09-23 22:33:38,655 - RLController - INFO -   Example: junction E1 -> durations [24, 22, 22, 22] (total: 90s)
2026-09-23 22:33:38,656 - RLController - INFO -   Stored schedules for 34 junctions, cycle starts at step 2070
2026-09-23 22:33:41,941 - RLController - INFO - DIAGNOSTIC Step 2160 - Observation stats:
2026-09-23 22:33:41,941 - RLController - INFO -   Hash: 7284720309570013701, Min: 0.000000, Max: 1.000000, Mean: 0.418066, Std: 0.453623
2026-09-23 22:33:41,942 - RLController - INFO -   First 10: [1.         0.         0.         0.         0.         0.5
 0.         1.         0.99333334 1.        ]
2026-09-23 22:33:41,942 - RLController - INFO -   Last 10: [0.         0.2        0.         0.08333334 0.44658118 0.00265207
 0.06440171 0.5601022  0.         0.3       ]
2026-09-23 22:33:41,947 - RLController - INFO - DIAGNOSTIC - Raw model action output:
2026-09-23 22:33:41,947 - RLController - INFO -   Action hash: -6230631257787777749
2026-09-23 22:33:41,947 - RLController - INFO -   First 8 values: [ -7.1535516 -10.        -10.        -10.        -10.        -10.
 -10.        -10.       ]
2026-09-23 22:33:41,947 - RLController - INFO -   Last 8 values: [-10.       -10.       -10.       -10.       -10.        -2.352213
 -10.       -10.      ]
2026-09-23 22:33:41,948 - RLController - INFO -   Action shape: (136,), min: -10.000000, max: 4.832139, mean: -9.237514
2026-09-23 22:33:41,948 - RLController - INFO -   B0 junction (indices 16-19) raw values: [ -9.744058 -10.       -10.       -10.      ]
2026-09-23 22:33:41,948 - RLController - INFO - Using CONTINUOUS DURATION-BASED mode
2026-09-23 22:33:41,948 - RLController - INFO -   Example: junction A0 -> durations [54, 12, 12, 12] (total: 90s)
2026-09-23 22:33:41,948 - RLController - INFO -   Example: junction A1 -> durations [24, 22, 22, 22] (total: 90s)
2026-09-23 22:33:41,948 - RLController - INFO -   Example: junction A2 -> durations [11, 11, 57, 11] (total: 90s)
2026-09-23 22:33:41,948 - RLController - INFO -   Example: junction A4 -> durations [60, 10, 10, 10] (total: 90s)
2026-09-23 22:33:41,949 - RLController - INFO -   Example: junction A5 -> durations [24, 22, 22, 22] (total: 90s)
2026-09-23 22:33:41,949 - RLController - INFO -   Example: junction B0 -> durations [24, 22, 22, 22] (total: 90s)
2026-09-23 22:33:41,949 - RLController - INFO -   Example: junction B1 -> durations [21, 27, 21, 21] (total: 90s)
2026-09-23 22:33:41,949 - RLController - INFO -   Example: junction B2 -> durations [24, 22, 22, 22] (total: 90s)
2026-09-23 22:33:41,949 - RLController - INFO -   Example: junction B4 -> durations [24, 22, 22, 22] (total: 90s)
2026-09-23 22:33:41,949 - RLController - INFO -   Example: junction B5 -> durations [60, 10, 10, 10] (total: 90s)
2026-09-23 22:33:41,949 - RLController - INFO -   Example: junction C0 -> durations [22, 22, 24, 22] (total: 90s)
2026-09-23 22:33:41,949 - RLController - INFO -   Example: junction C1 -> durations [24, 22, 22, 22] (total: 90s)
2026-09-23 22:33:41,950 - RLController - INFO -   Example: junction C2 -> durations [55, 15, 10, 10] (total: 90s)
2026-09-23 22:33:41,950 - RLController - INFO -   Example: junction C3 -> durations [60, 10, 10, 10] (total: 90s)
2026-09-23 22:33:41,950 - RLController - INFO -   Example: junction C4 -> durations [60, 10, 10, 10] (total: 90s)
2026-09-23 22:33:41,950 - RLController - INFO -   Example: junction C5 -> durations [57, 11, 11, 11] (total: 90s)
2026-09-23 22:33:41,950 - RLController - INFO -   Example: junction D0 -> durations [24, 22, 22, 22] (total: 90s)
2026-09-23 22:33:41,951 - RLController - INFO -   Example: junction D1 -> durations [20, 20, 30, 20] (total: 90s)
2026-09-23 22:33:41,951 - RLController - INFO -   Example: junction D2 -> durations [48, 14, 14, 14] (total: 90s)
2026-09-23 22:33:41,951 - RLController - INFO -   Example: junction D3 -> durations [24, 22, 22, 22] (total: 90s)
2026-09-23 22:33:41,951 - RLController - INFO -   Example: junction D4 -> durations [24, 22, 22, 22] (total: 90s)
2026-09-23 22:33:41,951 - RLController - INFO -   Example: junction D5 -> durations [13, 13, 51, 13] (total: 90s)
2026-09-23 22:33:41,951 - RLController - INFO -   Example: junction E0 -> durations [24, 22, 22, 22] (total: 90s)
2026-09-23 22:33:41,951 - RLController - INFO -   Example: junction E1 -> durations [24, 22, 22, 22] (total: 90s)
2026-09-23 22:33:41,952 - RLController - INFO -   Stored schedules for 34 junctions, cycle starts at step 2160
2026-09-23 22:33:44,887 - RLController - INFO - DIAGNOSTIC Step 2250 - Observation stats:
2026-09-23 22:33:44,888 - RLController - INFO -   Hash: -7284008834850589041, Min: 0.000000, Max: 1.000000, Mean: 0.410733, Std: 0.450510
2026-09-23 22:33:44,888 - RLController - INFO -   First 10: [1.         0.         0.         0.         0.         0.5
 0.         1.         0.99333334 1.        ]
2026-09-23 22:33:44,888 - RLController - INFO -   Last 10: [0.         0.2        0.         0.08333334 0.42307693 0.00333546
 0.06431624 0.59444726 0.         0.3       ]
2026-09-23 22:33:44,891 - RLController - INFO - DIAGNOSTIC - Raw model action output:
2026-09-23 22:33:44,891 - RLController - INFO -   Action hash: -6355756284861509777
2026-09-23 22:33:44,892 - RLController - INFO -   First 8 values: [ -7.1622396 -10.        -10.        -10.        -10.        -10.
 -10.        -10.       ]
2026-09-23 22:33:44,892 - RLController - INFO -   Last 8 values: [-10.        -10.        -10.        -10.        -10.         -2.1897228
 -10.        -10.       ]
2026-09-23 22:33:44,892 - RLController - INFO -   Action shape: (136,), min: -10.000000, max: 4.801115, mean: -9.225458
2026-09-23 22:33:44,892 - RLController - INFO -   B0 junction (indices 16-19) raw values: [ -9.596636 -10.       -10.       -10.      ]
2026-09-23 22:33:44,892 - RLController - INFO - Using CONTINUOUS DURATION-BASED mode
2026-09-23 22:33:44,892 - RLController - INFO -   Example: junction A0 -> durations [54, 12, 12, 12] (total: 90s)
2026-09-23 22:33:44,892 - RLController - INFO -   Example: junction A1 -> durations [24, 22, 22, 22] (total: 90s)
2026-09-23 22:33:44,893 - RLController - INFO -   Example: junction A2 -> durations [11, 11, 57, 11] (total: 90s)
2026-09-23 22:33:44,893 - RLController - INFO -   Example: junction A4 -> durations [60, 10, 10, 10] (total: 90s)
2026-09-23 22:33:44,893 - RLController - INFO -   Example: junction A5 -> durations [27, 21, 21, 21] (total: 90s)
2026-09-23 22:33:44,893 - RLController - INFO -   Example: junction B0 -> durations [24, 22, 22, 22] (total: 90s)
2026-09-23 22:33:44,893 - RLController - INFO -   Example: junction B1 -> durations [21, 27, 21, 21] (total: 90s)
2026-09-23 22:33:44,893 - RLController - INFO -   Example: junction B2 -> durations [24, 22, 22, 22] (total: 90s)
2026-09-23 22:33:44,893 - RLController - INFO -   Example: junction B4 -> durations [24, 22, 22, 22] (total: 90s)
2026-09-23 22:33:44,893 - RLController - INFO -   Example: junction B5 -> durations [60, 10, 10, 10] (total: 90s)
2026-09-23 22:33:44,894 - RLController - INFO -   Example: junction C0 -> durations [22, 22, 24, 22] (total: 90s)
2026-09-23 22:33:44,894 - RLController - INFO -   Example: junction C1 -> durations [24, 22, 22, 22] (total: 90s)
2026-09-23 22:33:44,894 - RLController - INFO -   Example: junction C2 -> durations [58, 12, 10, 10] (total: 90s)
2026-09-23 22:33:44,894 - RLController - INFO -   Example: junction C3 -> durations [60, 10, 10, 10] (total: 90s)
2026-09-23 22:33:44,894 - RLController - INFO -   Example: junction C4 -> durations [60, 10, 10, 10] (total: 90s)
2026-09-23 22:33:44,894 - RLController - INFO -   Example: junction C5 -> durations [57, 11, 11, 11] (total: 90s)
2026-09-23 22:33:44,894 - RLController - INFO -   Example: junction D0 -> durations [24, 22, 22, 22] (total: 90s)
2026-09-23 22:33:44,894 - RLController - INFO -   Example: junction D1 -> durations [19, 19, 33, 19] (total: 90s)
2026-09-23 22:33:44,894 - RLController - INFO -   Example: junction D2 -> durations [51, 13, 13, 13] (total: 90s)
2026-09-23 22:33:44,895 - RLController - INFO -   Example: junction D3 -> durations [24, 22, 22, 22] (total: 90s)
2026-09-23 22:33:44,895 - RLController - INFO -   Example: junction D4 -> durations [24, 22, 22, 22] (total: 90s)
2026-09-23 22:33:44,895 - RLController - INFO -   Example: junction D5 -> durations [13, 13, 51, 13] (total: 90s)
2026-09-23 22:33:44,895 - RLController - INFO -   Example: junction E0 -> durations [24, 22, 22, 22] (total: 90s)
2026-09-23 22:33:44,895 - RLController - INFO -   Example: junction E1 -> durations [24, 22, 22, 22] (total: 90s)
2026-09-23 22:33:44,896 - RLController - INFO -   Stored schedules for 34 junctions, cycle starts at step 2250
2026-09-23 22:33:47,789 - RLController - INFO - DIAGNOSTIC Step 2340 - Observation stats:
2026-09-23 22:33:47,789 - RLController - INFO -   Hash: 7062849521216064574, Min: 0.000000, Max: 1.000000, Mean: 0.409720, Std: 0.450071
2026-09-23 22:33:47,790 - RLController - INFO -   First 10: [1.         0.         0.         0.         0.         0.5
 0.         1.         0.99333334 1.        ]
2026-09-23 22:33:47,791 - RLController - INFO -   Last 10: [0.         0.2        0.         0.08333334 0.44017094 0.0036791
 0.06444445 0.5841036  0.         0.3       ]
2026-09-23 22:33:47,796 - RLController - INFO - DIAGNOSTIC - Raw model action output:
2026-09-23 22:33:47,796 - RLController - INFO -   Action hash: 3821429119304584165
2026-09-23 22:33:47,797 - RLController - INFO -   First 8 values: [ -7.320269 -10.       -10.       -10.       -10.       -10.
 -10.       -10.      ]
2026-09-23 22:33:47,797 - RLController - INFO -   Last 8 values: [-10.        -10.        -10.        -10.        -10.         -2.6896389
 -10.        -10.       ]
2026-09-23 22:33:47,797 - RLController - INFO -   Action shape: (136,), min: -10.000000, max: 5.452696, mean: -9.235116
2026-09-23 22:33:47,798 - RLController - INFO -   B0 junction (indices 16-19) raw values: [ -9.154866 -10.       -10.       -10.      ]
2026-09-23 22:33:47,798 - RLController - INFO - Using CONTINUOUS DURATION-BASED mode
2026-09-23 22:33:47,798 - RLController - INFO -   Example: junction A0 -> durations [51, 13, 13, 13] (total: 90s)
2026-09-23 22:33:47,798 - RLController - INFO -   Example: junction A1 -> durations [24, 22, 22, 22] (total: 90s)
2026-09-23 22:33:47,799 - RLController - INFO -   Example: junction A2 -> durations [11, 11, 57, 11] (total: 90s)
2026-09-23 22:33:47,799 - RLController - INFO -   Example: junction A4 -> durations [60, 10, 10, 10] (total: 90s)
2026-09-23 22:33:47,799 - RLController - INFO -   Example: junction A5 -> durations [33, 19, 19, 19] (total: 90s)
2026-09-23 22:33:47,799 - RLController - INFO -   Example: junction B0 -> durations [24, 22, 22, 22] (total: 90s)
2026-09-23 22:33:47,800 - RLController - INFO -   Example: junction B1 -> durations [24, 22, 22, 22] (total: 90s)
2026-09-23 22:33:47,800 - RLController - INFO -   Example: junction B2 -> durations [24, 22, 22, 22] (total: 90s)
2026-09-23 22:33:47,800 - RLController - INFO -   Example: junction B4 -> durations [24, 22, 22, 22] (total: 90s)
2026-09-23 22:33:47,800 - RLController - INFO -   Example: junction B5 -> durations [60, 10, 10, 10] (total: 90s)
2026-09-23 22:33:47,800 - RLController - INFO -   Example: junction C0 -> durations [22, 22, 24, 22] (total: 90s)
2026-09-23 22:33:47,801 - RLController - INFO -   Example: junction C1 -> durations [24, 22, 22, 22] (total: 90s)
2026-09-23 22:33:47,801 - RLController - INFO -   Example: junction C2 -> durations [59, 11, 10, 10] (total: 90s)
2026-09-23 22:33:47,801 - RLController - INFO -   Example: junction C3 -> durations [59, 11, 10, 10] (total: 90s)
2026-09-23 22:33:47,801 - RLController - INFO -   Example: junction C4 -> durations [60, 10, 10, 10] (total: 90s)
2026-09-23 22:33:47,801 - RLController - INFO -   Example: junction C5 -> durations [57, 11, 11, 11] (total: 90s)
2026-09-23 22:33:47,802 - RLController - INFO -   Example: junction D0 -> durations [24, 22, 22, 22] (total: 90s)
2026-09-23 22:33:47,802 - RLController - INFO -   Example: junction D1 -> durations [19, 19, 33, 19] (total: 90s)
2026-09-23 22:33:47,802 - RLController - INFO -   Example: junction D2 -> durations [48, 14, 14, 14] (total: 90s)
2026-09-23 22:33:47,802 - RLController - INFO -   Example: junction D3 -> durations [24, 22, 22, 22] (total: 90s)
2026-09-23 22:33:47,803 - RLController - INFO -   Example: junction D4 -> durations [24, 22, 22, 22] (total: 90s)
2026-09-23 22:33:47,803 - RLController - INFO -   Example: junction D5 -> durations [13, 13, 51, 13] (total: 90s)
2026-09-23 22:33:47,803 - RLController - INFO -   Example: junction E0 -> durations [24, 22, 22, 22] (total: 90s)
2026-09-23 22:33:47,803 - RLController - INFO -   Example: junction E1 -> durations [24, 22, 22, 22] (total: 90s)
2026-09-23 22:33:47,805 - RLController - INFO -   Stored schedules for 34 junctions, cycle starts at step 2340
2026-09-23 22:33:50,846 - RLController - INFO - DIAGNOSTIC Step 2430 - Observation stats:
2026-09-23 22:33:50,846 - RLController - INFO -   Hash: 6799937924303797304, Min: 0.000000, Max: 1.000000, Mean: 0.412109, Std: 0.450054
2026-09-23 22:33:50,847 - RLController - INFO -   First 10: [1.         0.         0.         0.         0.         0.5
 0.         1.         0.99333334 1.        ]
2026-09-23 22:33:50,847 - RLController - INFO -   Last 10: [0.         0.2        0.         0.08333334 0.44444445 0.00306633
 0.06474359 0.57246774 0.         0.3       ]
2026-09-23 22:33:51,340 - RLController - INFO - DIAGNOSTIC - Raw model action output:
2026-09-23 22:33:51,340 - RLController - INFO -   Action hash: 8195477422897497444
2026-09-23 22:33:51,341 - RLController - INFO -   First 8 values: [ -7.105508 -10.       -10.       -10.       -10.       -10.
 -10.       -10.      ]
2026-09-23 22:33:51,341 - RLController - INFO -   Last 8 values: [-10.        -10.        -10.        -10.        -10.         -2.6643689
 -10.        -10.       ]
2026-09-23 22:33:51,341 - RLController - INFO -   Action shape: (136,), min: -10.000000, max: 5.337727, mean: -9.235573
2026-09-23 22:33:51,342 - RLController - INFO -   B0 junction (indices 16-19) raw values: [ -9.2656145 -10.        -10.        -10.       ]
2026-09-23 22:33:51,342 - RLController - INFO - Using CONTINUOUS DURATION-BASED mode
2026-09-23 22:33:51,342 - RLController - INFO -   Example: junction A0 -> durations [54, 12, 12, 12] (total: 90s)
2026-09-23 22:33:51,342 - RLController - INFO -   Example: junction A1 -> durations [24, 22, 22, 22] (total: 90s)
2026-09-23 22:33:51,343 - RLController - INFO -   Example: junction A2 -> durations [11, 11, 57, 11] (total: 90s)
2026-09-23 22:33:51,343 - RLController - INFO -   Example: junction A4 -> durations [60, 10, 10, 10] (total: 90s)
2026-09-23 22:33:51,343 - RLController - INFO -   Example: junction A5 -> durations [30, 20, 20, 20] (total: 90s)
2026-09-23 22:33:51,343 - RLController - INFO -   Example: junction B0 -> durations [24, 22, 22, 22] (total: 90s)
2026-09-23 22:33:51,343 - RLController - INFO -   Example: junction B1 -> durations [24, 22, 22, 22] (total: 90s)
2026-09-23 22:33:51,344 - RLController - INFO -   Example: junction B2 -> durations [24, 22, 22, 22] (total: 90s)
2026-09-23 22:33:51,344 - RLController - INFO -   Example: junction B4 -> durations [24, 22, 22, 22] (total: 90s)
2026-09-23 22:33:51,345 - RLController - INFO -   Example: junction B5 -> durations [60, 10, 10, 10] (total: 90s)
2026-09-23 22:33:51,345 - RLController - INFO -   Example: junction C0 -> durations [21, 21, 27, 21] (total: 90s)
2026-09-23 22:33:51,345 - RLController - INFO -   Example: junction C1 -> durations [24, 22, 22, 22] (total: 90s)
2026-09-23 22:33:51,345 - RLController - INFO -   Example: junction C2 -> durations [58, 12, 10, 10] (total: 90s)
2026-09-23 22:33:51,345 - RLController - INFO -   Example: junction C3 -> durations [60, 10, 10, 10] (total: 90s)
2026-09-23 22:33:51,345 - RLController - INFO -   Example: junction C4 -> durations [60, 10, 10, 10] (total: 90s)
2026-09-23 22:33:51,345 - RLController - INFO -   Example: junction C5 -> durations [57, 11, 11, 11] (total: 90s)
2026-09-23 22:33:51,346 - RLController - INFO -   Example: junction D0 -> durations [24, 22, 22, 22] (total: 90s)
2026-09-23 22:33:51,346 - RLController - INFO -   Example: junction D1 -> durations [20, 20, 30, 20] (total: 90s)
2026-09-23 22:33:51,346 - RLController - INFO -   Example: junction D2 -> durations [48, 14, 14, 14] (total: 90s)
2026-09-23 22:33:51,346 - RLController - INFO -   Example: junction D3 -> durations [24, 22, 22, 22] (total: 90s)
2026-09-23 22:33:51,346 - RLController - INFO -   Example: junction D4 -> durations [24, 22, 22, 22] (total: 90s)
2026-09-23 22:33:51,347 - RLController - INFO -   Example: junction D5 -> durations [13, 13, 51, 13] (total: 90s)
2026-09-23 22:33:51,347 - RLController - INFO -   Example: junction E0 -> durations [24, 22, 22, 22] (total: 90s)
2026-09-23 22:33:51,347 - RLController - INFO -   Example: junction E1 -> durations [24, 22, 22, 22] (total: 90s)
2026-09-23 22:33:51,348 - RLController - INFO -   Stored schedules for 34 junctions, cycle starts at step 2430
2026-09-23 22:33:54,550 - RLController - INFO - DIAGNOSTIC Step 2520 - Observation stats:
2026-09-23 22:33:54,551 - RLController - INFO -   Hash: -4728093641742592400, Min: 0.000000, Max: 1.000000, Mean: 0.410066, Std: 0.449993
2026-09-23 22:33:54,551 - RLController - INFO -   First 10: [1.  0.  0.  0.  0.  0.5 1.  0.  0.  0. ]
2026-09-23 22:33:54,551 - RLController - INFO -   Last 10: [0.         0.2        0.         0.08333334 0.44230768 0.00269823
 0.06358974 0.5751427  0.         0.3       ]
2026-09-23 22:33:54,557 - RLController - INFO - DIAGNOSTIC - Raw model action output:
2026-09-23 22:33:54,557 - RLController - INFO -   Action hash: -7739919209180060809
2026-09-23 22:33:54,557 - RLController - INFO -   First 8 values: [ -7.184815 -10.       -10.       -10.       -10.       -10.
 -10.       -10.      ]
2026-09-23 22:33:54,557 - RLController - INFO -   Last 8 values: [-10.       -10.       -10.       -10.       -10.        -2.261074
 -10.       -10.      ]
2026-09-23 22:33:54,557 - RLController - INFO -   Action shape: (136,), min: -10.000000, max: 4.782280, mean: -9.241228
2026-09-23 22:33:54,558 - RLController - INFO -   B0 junction (indices 16-19) raw values: [ -9.705464 -10.       -10.       -10.      ]
2026-09-23 22:33:54,558 - RLController - INFO - Using CONTINUOUS DURATION-BASED mode
2026-09-23 22:33:54,558 - RLController - INFO -   Example: junction A0 -> durations [51, 13, 13, 13] (total: 90s)
2026-09-23 22:33:54,558 - RLController - INFO -   Example: junction A1 -> durations [24, 22, 22, 22] (total: 90s)
2026-09-23 22:33:54,558 - RLController - INFO -   Example: junction A2 -> durations [11, 11, 57, 11] (total: 90s)
2026-09-23 22:33:54,558 - RLController - INFO -   Example: junction A4 -> durations [60, 10, 10, 10] (total: 90s)
2026-09-23 22:33:54,559 - RLController - INFO -   Example: junction A5 -> durations [24, 22, 22, 22] (total: 90s)
2026-09-23 22:33:54,559 - RLController - INFO -   Example: junction B0 -> durations [24, 22, 22, 22] (total: 90s)
2026-09-23 22:33:54,559 - RLController - INFO -   Example: junction B1 -> durations [24, 22, 22, 22] (total: 90s)
2026-09-23 22:33:54,559 - RLController - INFO -   Example: junction B2 -> durations [24, 22, 22, 22] (total: 90s)
2026-09-23 22:33:54,559 - RLController - INFO -   Example: junction B4 -> durations [24, 22, 22, 22] (total: 90s)
2026-09-23 22:33:54,559 - RLController - INFO -   Example: junction B5 -> durations [60, 10, 10, 10] (total: 90s)
2026-09-23 22:33:54,560 - RLController - INFO -   Example: junction C0 -> durations [21, 21, 27, 21] (total: 90s)
2026-09-23 22:33:54,560 - RLController - INFO -   Example: junction C1 -> durations [24, 22, 22, 22] (total: 90s)
2026-09-23 22:33:54,560 - RLController - INFO -   Example: junction C2 -> durations [57, 13, 10, 10] (total: 90s)
2026-09-23 22:33:54,560 - RLController - INFO -   Example: junction C3 -> durations [60, 10, 10, 10] (total: 90s)
2026-09-23 22:33:54,560 - RLController - INFO -   Example: junction C4 -> durations [60, 10, 10, 10] (total: 90s)
2026-09-23 22:33:54,560 - RLController - INFO -   Example: junction C5 -> durations [57, 11, 11, 11] (total: 90s)
2026-09-23 22:33:54,561 - RLController - INFO -   Example: junction D0 -> durations [24, 22, 22, 22] (total: 90s)
2026-09-23 22:33:54,561 - RLController - INFO -   Example: junction D1 -> durations [20, 20, 30, 20] (total: 90s)
2026-09-23 22:33:54,561 - RLController - INFO -   Example: junction D2 -> durations [51, 13, 13, 13] (total: 90s)
2026-09-23 22:33:54,561 - RLController - INFO -   Example: junction D3 -> durations [24, 22, 22, 22] (total: 90s)
2026-09-23 22:33:54,561 - RLController - INFO -   Example: junction D4 -> durations [24, 22, 22, 22] (total: 90s)
2026-09-23 22:33:54,561 - RLController - INFO -   Example: junction D5 -> durations [13, 13, 51, 13] (total: 90s)
2026-09-23 22:33:54,561 - RLController - INFO -   Example: junction E0 -> durations [24, 22, 22, 22] (total: 90s)
2026-09-23 22:33:54,562 - RLController - INFO -   Example: junction E1 -> durations [24, 22, 22, 22] (total: 90s)
2026-09-23 22:33:54,562 - RLController - INFO -   Stored schedules for 34 junctions, cycle starts at step 2520
2026-09-23 22:33:57,741 - RLController - INFO - DIAGNOSTIC Step 2610 - Observation stats:
2026-09-23 22:33:57,741 - RLController - INFO -   Hash: 4370502287801434378, Min: 0.000000, Max: 1.000000, Mean: 0.409214, Std: 0.451765
2026-09-23 22:33:57,741 - RLController - INFO -   First 10: [1.  0.  0.  0.  0.  0.5 1.  0.  0.  0. ]
2026-09-23 22:33:57,742 - RLController - INFO -   Last 10: [0.         0.2        0.         0.08333334 0.42948717 0.0021312
 0.06666667 0.57537705 0.         0.3       ]
2026-09-23 22:33:57,746 - RLController - INFO - DIAGNOSTIC - Raw model action output:
2026-09-23 22:33:57,746 - RLController - INFO -   Action hash: -418516492529837396
2026-09-23 22:33:57,746 - RLController - INFO -   First 8 values: [ -7.1583953 -10.        -10.        -10.        -10.        -10.
 -10.        -10.       ]
2026-09-23 22:33:57,746 - RLController - INFO -   Last 8 values: [-10.        -10.        -10.        -10.        -10.         -1.4483464
 -10.        -10.       ]
2026-09-23 22:33:57,746 - RLController - INFO -   Action shape: (136,), min: -10.000000, max: 4.685312, mean: -9.243811
2026-09-23 22:33:57,747 - RLController - INFO -   B0 junction (indices 16-19) raw values: [-10. -10. -10. -10.]
2026-09-23 22:33:57,747 - RLController - INFO - Using CONTINUOUS DURATION-BASED mode
2026-09-23 22:33:57,747 - RLController - INFO -   Example: junction A0 -> durations [54, 12, 12, 12] (total: 90s)
2026-09-23 22:33:57,747 - RLController - INFO -   Example: junction A1 -> durations [24, 22, 22, 22] (total: 90s)
2026-09-23 22:33:57,747 - RLController - INFO -   Example: junction A2 -> durations [11, 11, 57, 11] (total: 90s)
2026-09-23 22:33:57,747 - RLController - INFO -   Example: junction A4 -> durations [60, 10, 10, 10] (total: 90s)
2026-09-23 22:33:57,747 - RLController - INFO -   Example: junction A5 -> durations [24, 22, 22, 22] (total: 90s)
2026-09-23 22:33:57,747 - RLController - INFO -   Example: junction B0 -> durations [24, 22, 22, 22] (total: 90s)
2026-09-23 22:33:57,747 - RLController - INFO -   Example: junction B1 -> durations [24, 22, 22, 22] (total: 90s)
2026-09-23 22:33:57,748 - RLController - INFO -   Example: junction B2 -> durations [24, 22, 22, 22] (total: 90s)
2026-09-23 22:33:57,748 - RLController - INFO -   Example: junction B4 -> durations [24, 22, 22, 22] (total: 90s)
2026-09-23 22:33:57,748 - RLController - INFO -   Example: junction B5 -> durations [60, 10, 10, 10] (total: 90s)
2026-09-23 22:33:57,748 - RLController - INFO -   Example: junction C0 -> durations [21, 21, 27, 21] (total: 90s)
2026-09-23 22:33:57,748 - RLController - INFO -   Example: junction C1 -> durations [24, 22, 22, 22] (total: 90s)
2026-09-23 22:33:57,748 - RLController - INFO -   Example: junction C2 -> durations [56, 14, 10, 10] (total: 90s)
2026-09-23 22:33:57,748 - RLController - INFO -   Example: junction C3 -> durations [60, 10, 10, 10] (total: 90s)
2026-09-23 22:33:57,748 - RLController - INFO -   Example: junction C4 -> durations [57, 11, 11, 11] (total: 90s)
2026-09-23 22:33:57,748 - RLController - INFO -   Example: junction C5 -> durations [57, 11, 11, 11] (total: 90s)
2026-09-23 22:33:57,748 - RLController - INFO -   Example: junction D0 -> durations [24, 22, 22, 22] (total: 90s)
2026-09-23 22:33:57,749 - RLController - INFO -   Example: junction D1 -> durations [21, 21, 27, 21] (total: 90s)
2026-09-23 22:33:57,749 - RLController - INFO -   Example: junction D2 -> durations [51, 13, 13, 13] (total: 90s)
2026-09-23 22:33:57,749 - RLController - INFO -   Example: junction D3 -> durations [24, 22, 22, 22] (total: 90s)
2026-09-23 22:33:57,749 - RLController - INFO -   Example: junction D4 -> durations [24, 22, 22, 22] (total: 90s)
2026-09-23 22:33:57,749 - RLController - INFO -   Example: junction D5 -> durations [12, 12, 54, 12] (total: 90s)
2026-09-23 22:33:57,749 - RLController - INFO -   Example: junction E0 -> durations [24, 22, 22, 22] (total: 90s)
2026-09-23 22:33:57,749 - RLController - INFO -   Example: junction E1 -> durations [24, 22, 22, 22] (total: 90s)
2026-09-23 22:33:57,750 - RLController - INFO -   Stored schedules for 34 junctions, cycle starts at step 2610
2026-09-23 22:34:01,152 - RLController - INFO - DIAGNOSTIC Step 2700 - Observation stats:
2026-09-23 22:34:01,152 - RLController - INFO -   Hash: -1083531999470515564, Min: 0.000000, Max: 1.000000, Mean: 0.409623, Std: 0.452092
2026-09-23 22:34:01,153 - RLController - INFO -   First 10: [1.         0.         0.         0.         0.         0.5
 0.         1.         0.99333334 1.        ]
2026-09-23 22:34:01,153 - RLController - INFO -   Last 10: [0.         0.2        0.         0.08333334 0.43162394 0.0027751
 0.06628205 0.5811058  0.         0.3       ]
2026-09-23 22:34:01,175 - RLController - INFO - DIAGNOSTIC - Raw model action output:
2026-09-23 22:34:01,175 - RLController - INFO -   Action hash: 8999950975557777290
2026-09-23 22:34:01,176 - RLController - INFO -   First 8 values: [ -6.9100633 -10.        -10.        -10.        -10.        -10.
 -10.        -10.       ]
2026-09-23 22:34:01,176 - RLController - INFO -   Last 8 values: [-10.        -10.        -10.        -10.        -10.         -1.5001276
 -10.        -10.       ]
2026-09-23 22:34:01,176 - RLController - INFO -   Action shape: (136,), min: -10.000000, max: 5.383817, mean: -9.211911
2026-09-23 22:34:01,176 - RLController - INFO -   B0 junction (indices 16-19) raw values: [ -9.268146 -10.       -10.       -10.      ]
2026-09-23 22:34:01,176 - RLController - INFO - Using CONTINUOUS DURATION-BASED mode
2026-09-23 22:34:01,177 - RLController - INFO -   Example: junction A0 -> durations [54, 12, 12, 12] (total: 90s)
2026-09-23 22:34:01,177 - RLController - INFO -   Example: junction A1 -> durations [24, 22, 22, 22] (total: 90s)
2026-09-23 22:34:01,177 - RLController - INFO -   Example: junction A2 -> durations [12, 12, 54, 12] (total: 90s)
2026-09-23 22:34:01,177 - RLController - INFO -   Example: junction A4 -> durations [60, 10, 10, 10] (total: 90s)
2026-09-23 22:34:01,177 - RLController - INFO -   Example: junction A5 -> durations [30, 20, 20, 20] (total: 90s)
2026-09-23 22:34:01,177 - RLController - INFO -   Example: junction B0 -> durations [24, 22, 22, 22] (total: 90s)
2026-09-23 22:34:01,177 - RLController - INFO -   Example: junction B1 -> durations [21, 27, 21, 21] (total: 90s)
2026-09-23 22:34:01,177 - RLController - INFO -   Example: junction B2 -> durations [24, 22, 22, 22] (total: 90s)
2026-09-23 22:34:01,178 - RLController - INFO -   Example: junction B4 -> durations [24, 22, 22, 22] (total: 90s)
2026-09-23 22:34:01,178 - RLController - INFO -   Example: junction B5 -> durations [60, 10, 10, 10] (total: 90s)
2026-09-23 22:34:01,178 - RLController - INFO -   Example: junction C0 -> durations [19, 19, 33, 19] (total: 90s)
2026-09-23 22:34:01,178 - RLController - INFO -   Example: junction C1 -> durations [24, 22, 22, 22] (total: 90s)
2026-09-23 22:34:01,178 - RLController - INFO -   Example: junction C2 -> durations [56, 14, 10, 10] (total: 90s)
2026-09-23 22:34:01,178 - RLController - INFO -   Example: junction C3 -> durations [60, 10, 10, 10] (total: 90s)
2026-09-23 22:34:01,178 - RLController - INFO -   Example: junction C4 -> durations [60, 10, 10, 10] (total: 90s)
2026-09-23 22:34:01,179 - RLController - INFO -   Example: junction C5 -> durations [57, 11, 11, 11] (total: 90s)
2026-09-23 22:34:01,179 - RLController - INFO -   Example: junction D0 -> durations [24, 22, 22, 22] (total: 90s)
2026-09-23 22:34:01,179 - RLController - INFO -   Example: junction D1 -> durations [19, 19, 33, 19] (total: 90s)
2026-09-23 22:34:01,179 - RLController - INFO -   Example: junction D2 -> durations [48, 14, 14, 14] (total: 90s)
2026-09-23 22:34:01,179 - RLController - INFO -   Example: junction D3 -> durations [24, 22, 22, 22] (total: 90s)
2026-09-23 22:34:01,179 - RLController - INFO -   Example: junction D4 -> durations [24, 22, 22, 22] (total: 90s)
2026-09-23 22:34:01,179 - RLController - INFO -   Example: junction D5 -> durations [12, 12, 54, 12] (total: 90s)
2026-09-23 22:34:01,179 - RLController - INFO -   Example: junction E0 -> durations [24, 22, 22, 22] (total: 90s)
2026-09-23 22:34:01,180 - RLController - INFO -   Example: junction E1 -> durations [24, 22, 22, 22] (total: 90s)
2026-09-23 22:34:01,180 - RLController - INFO -   Stored schedules for 34 junctions, cycle starts at step 2700
2026-09-23 22:34:04,598 - RLController - INFO - DIAGNOSTIC Step 2790 - Observation stats:
2026-09-23 22:34:04,598 - RLController - INFO -   Hash: -2795635529707537355, Min: 0.000000, Max: 1.000470, Mean: 0.410787, Std: 0.451892
2026-09-23 22:34:04,599 - RLController - INFO -   First 10: [1.  0.  0.  0.  0.  0.5 1.  0.  0.  0. ]
2026-09-23 22:34:04,599 - RLController - INFO -   Last 10: [0.         0.2        0.         0.08333334 0.42735043 0.002515
 0.06803419 0.58358926 0.         0.3       ]
2026-09-23 22:34:04,602 - RLController - INFO - DIAGNOSTIC - Raw model action output:
2026-09-23 22:34:04,602 - RLController - INFO -   Action hash: 6610439408767650830
2026-09-23 22:34:04,603 - RLController - INFO -   First 8 values: [ -7.3098965 -10.        -10.        -10.        -10.        -10.
 -10.        -10.       ]
2026-09-23 22:34:04,603 - RLController - INFO -   Last 8 values: [-10.        -10.        -10.        -10.        -10.         -2.8894737
 -10.        -10.       ]
2026-09-23 22:34:04,603 - RLController - INFO -   Action shape: (136,), min: -10.000000, max: 5.211085, mean: -9.237998
2026-09-23 22:34:04,603 - RLController - INFO -   B0 junction (indices 16-19) raw values: [ -9.670555 -10.       -10.       -10.      ]
2026-09-23 22:34:04,603 - RLController - INFO - Using CONTINUOUS DURATION-BASED mode
2026-09-23 22:34:04,603 - RLController - INFO -   Example: junction A0 -> durations [51, 13, 13, 13] (total: 90s)
2026-09-23 22:34:04,604 - RLController - INFO -   Example: junction A1 -> durations [24, 22, 22, 22] (total: 90s)
2026-09-23 22:34:04,604 - RLController - INFO -   Example: junction A2 -> durations [11, 11, 57, 11] (total: 90s)
2026-09-23 22:34:04,604 - RLController - INFO -   Example: junction A4 -> durations [60, 10, 10, 10] (total: 90s)
2026-09-23 22:34:04,604 - RLController - INFO -   Example: junction A5 -> durations [27, 21, 21, 21] (total: 90s)
2026-09-23 22:34:04,605 - RLController - INFO -   Example: junction B0 -> durations [24, 22, 22, 22] (total: 90s)
2026-09-23 22:34:04,605 - RLController - INFO -   Example: junction B1 -> durations [22, 24, 22, 22] (total: 90s)
2026-09-23 22:34:04,605 - RLController - INFO -   Example: junction B2 -> durations [24, 22, 22, 22] (total: 90s)
2026-09-23 22:34:04,605 - RLController - INFO -   Example: junction B4 -> durations [24, 22, 22, 22] (total: 90s)
2026-09-23 22:34:04,605 - RLController - INFO -   Example: junction B5 -> durations [60, 10, 10, 10] (total: 90s)
2026-09-23 22:34:04,605 - RLController - INFO -   Example: junction C0 -> durations [20, 20, 30, 20] (total: 90s)
2026-09-23 22:34:04,606 - RLController - INFO -   Example: junction C1 -> durations [24, 22, 22, 22] (total: 90s)
2026-09-23 22:34:04,606 - RLController - INFO -   Example: junction C2 -> durations [57, 13, 10, 10] (total: 90s)
2026-09-23 22:34:04,606 - RLController - INFO -   Example: junction C3 -> durations [60, 10, 10, 10] (total: 90s)
2026-09-23 22:34:04,606 - RLController - INFO -   Example: junction C4 -> durations [60, 10, 10, 10] (total: 90s)
2026-09-23 22:34:04,606 - RLController - INFO -   Example: junction C5 -> durations [57, 11, 11, 11] (total: 90s)
2026-09-23 22:34:04,606 - RLController - INFO -   Example: junction D0 -> durations [22, 22, 24, 22] (total: 90s)
2026-09-23 22:34:04,606 - RLController - INFO -   Example: junction D1 -> durations [19, 19, 33, 19] (total: 90s)
2026-09-23 22:34:04,606 - RLController - INFO -   Example: junction D2 -> durations [51, 13, 13, 13] (total: 90s)
2026-09-23 22:34:04,606 - RLController - INFO -   Example: junction D3 -> durations [24, 22, 22, 22] (total: 90s)
2026-09-23 22:34:04,607 - RLController - INFO -   Example: junction D4 -> durations [24, 22, 22, 22] (total: 90s)
2026-09-23 22:34:04,607 - RLController - INFO -   Example: junction D5 -> durations [13, 13, 51, 13] (total: 90s)
2026-09-23 22:34:04,607 - RLController - INFO -   Example: junction E0 -> durations [24, 22, 22, 22] (total: 90s)
2026-09-23 22:34:04,607 - RLController - INFO -   Example: junction E1 -> durations [24, 22, 22, 22] (total: 90s)
2026-09-23 22:34:04,607 - RLController - INFO -   Stored schedules for 34 junctions, cycle starts at step 2790
2026-09-23 22:34:08,039 - RLController - INFO - DIAGNOSTIC Step 2880 - Observation stats:
2026-09-23 22:34:08,039 - RLController - INFO -   Hash: -8457607901248925367, Min: 0.000000, Max: 1.000684, Mean: 0.416167, Std: 0.453013
2026-09-23 22:34:08,040 - RLController - INFO -   First 10: [1.  0.  0.  0.  0.  0.5 1.  0.  0.  0. ]
2026-09-23 22:34:08,040 - RLController - INFO -   Last 10: [0.         0.2        0.         0.08333334 0.43589744 0.00306068
 0.0673077  0.58294475 0.         0.3       ]
2026-09-23 22:34:08,044 - RLController - INFO - DIAGNOSTIC - Raw model action output:
2026-09-23 22:34:08,044 - RLController - INFO -   Action hash: 6793244755037098817
2026-09-23 22:34:08,045 - RLController - INFO -   First 8 values: [ -7.0192175 -10.        -10.        -10.        -10.        -10.
 -10.        -10.       ]
2026-09-23 22:34:08,045 - RLController - INFO -   Last 8 values: [-10.       -10.       -10.       -10.       -10.        -3.261215
 -10.       -10.      ]
2026-09-23 22:34:08,045 - RLController - INFO -   Action shape: (136,), min: -10.000000, max: 4.889418, mean: -9.242324
2026-09-23 22:34:08,045 - RLController - INFO -   B0 junction (indices 16-19) raw values: [ -9.74133 -10.      -10.      -10.     ]
2026-09-23 22:34:08,045 - RLController - INFO - Using CONTINUOUS DURATION-BASED mode
2026-09-23 22:34:08,045 - RLController - INFO -   Example: junction A0 -> durations [54, 12, 12, 12] (total: 90s)
2026-09-23 22:34:08,045 - RLController - INFO -   Example: junction A1 -> durations [24, 22, 22, 22] (total: 90s)
2026-09-23 22:34:08,046 - RLController - INFO -   Example: junction A2 -> durations [12, 12, 54, 12] (total: 90s)
2026-09-23 22:34:08,046 - RLController - INFO -   Example: junction A4 -> durations [60, 10, 10, 10] (total: 90s)
2026-09-23 22:34:08,046 - RLController - INFO -   Example: junction A5 -> durations [24, 22, 22, 22] (total: 90s)
2026-09-23 22:34:08,046 - RLController - INFO -   Example: junction B0 -> durations [24, 22, 22, 22] (total: 90s)
2026-09-23 22:34:08,046 - RLController - INFO -   Example: junction B1 -> durations [22, 24, 22, 22] (total: 90s)
2026-09-23 22:34:08,046 - RLController - INFO -   Example: junction B2 -> durations [24, 22, 22, 22] (total: 90s)
2026-09-23 22:34:08,046 - RLController - INFO -   Example: junction B4 -> durations [24, 22, 22, 22] (total: 90s)
2026-09-23 22:34:08,046 - RLController - INFO -   Example: junction B5 -> durations [60, 10, 10, 10] (total: 90s)
2026-09-23 22:34:08,046 - RLController - INFO -   Example: junction C0 -> durations [19, 19, 33, 19] (total: 90s)
2026-09-23 22:34:08,047 - RLController - INFO -   Example: junction C1 -> durations [24, 22, 22, 22] (total: 90s)
2026-09-23 22:34:08,047 - RLController - INFO -   Example: junction C2 -> durations [56, 14, 10, 10] (total: 90s)
2026-09-23 22:34:08,047 - RLController - INFO -   Example: junction C3 -> durations [60, 10, 10, 10] (total: 90s)
2026-09-23 22:34:08,047 - RLController - INFO -   Example: junction C4 -> durations [60, 10, 10, 10] (total: 90s)
2026-09-23 22:34:08,047 - RLController - INFO -   Example: junction C5 -> durations [57, 11, 11, 11] (total: 90s)
2026-09-23 22:34:08,047 - RLController - INFO -   Example: junction D0 -> durations [22, 22, 24, 22] (total: 90s)
2026-09-23 22:34:08,047 - RLController - INFO -   Example: junction D1 -> durations [19, 19, 33, 19] (total: 90s)
2026-09-23 22:34:08,047 - RLController - INFO -   Example: junction D2 -> durations [48, 14, 14, 14] (total: 90s)
2026-09-23 22:34:08,047 - RLController - INFO -   Example: junction D3 -> durations [24, 22, 22, 22] (total: 90s)
2026-09-23 22:34:08,047 - RLController - INFO -   Example: junction D4 -> durations [24, 22, 22, 22] (total: 90s)
2026-09-23 22:34:08,048 - RLController - INFO -   Example: junction D5 -> durations [13, 13, 51, 13] (total: 90s)
2026-09-23 22:34:08,048 - RLController - INFO -   Example: junction E0 -> durations [24, 22, 22, 22] (total: 90s)
2026-09-23 22:34:08,048 - RLController - INFO -   Example: junction E1 -> durations [24, 22, 22, 22] (total: 90s)
2026-09-23 22:34:08,048 - RLController - INFO -   Stored schedules for 34 junctions, cycle starts at step 2880
2026-09-23 22:34:11,838 - RLController - INFO - DIAGNOSTIC Step 2970 - Observation stats:
2026-09-23 22:34:11,839 - RLController - INFO -   Hash: -2438142744746949664, Min: 0.000000, Max: 1.000000, Mean: 0.419653, Std: 0.452933
2026-09-23 22:34:11,839 - RLController - INFO -   First 10: [1.  0.  0.  0.  0.  0.5 1.  0.  0.  0. ]
2026-09-23 22:34:11,840 - RLController - INFO -   Last 10: [0.         0.2        0.         0.08333334 0.45726496 0.00309862
 0.06824786 0.5590332  0.         0.3       ]
2026-09-23 22:34:11,843 - RLController - INFO - DIAGNOSTIC - Raw model action output:
2026-09-23 22:34:11,843 - RLController - INFO -   Action hash: -3887693593251171274
2026-09-23 22:34:11,843 - RLController - INFO -   First 8 values: [ -7.150543 -10.       -10.       -10.       -10.       -10.
 -10.       -10.      ]
2026-09-23 22:34:11,843 - RLController - INFO -   Last 8 values: [-10.        -10.        -10.        -10.        -10.         -2.0887957
 -10.        -10.       ]
2026-09-23 22:34:11,844 - RLController - INFO -   Action shape: (136,), min: -10.000000, max: 4.964134, mean: -9.222177
2026-09-23 22:34:11,844 - RLController - INFO -   B0 junction (indices 16-19) raw values: [ -9.469641 -10.       -10.       -10.      ]
2026-09-23 22:34:11,844 - RLController - INFO - Using CONTINUOUS DURATION-BASED mode
2026-09-23 22:34:11,844 - RLController - INFO -   Example: junction A0 -> durations [54, 12, 12, 12] (total: 90s)
2026-09-23 22:34:11,845 - RLController - INFO -   Example: junction A1 -> durations [24, 22, 22, 22] (total: 90s)
2026-09-23 22:34:11,845 - RLController - INFO -   Example: junction A2 -> durations [12, 12, 54, 12] (total: 90s)
2026-09-23 22:34:11,845 - RLController - INFO -   Example: junction A4 -> durations [60, 10, 10, 10] (total: 90s)
2026-09-23 22:34:11,845 - RLController - INFO -   Example: junction A5 -> durations [27, 21, 21, 21] (total: 90s)
2026-09-23 22:34:11,845 - RLController - INFO -   Example: junction B0 -> durations [24, 22, 22, 22] (total: 90s)
2026-09-23 22:34:11,845 - RLController - INFO -   Example: junction B1 -> durations [22, 24, 22, 22] (total: 90s)
2026-09-23 22:34:11,845 - RLController - INFO -   Example: junction B2 -> durations [24, 22, 22, 22] (total: 90s)
2026-09-23 22:34:11,846 - RLController - INFO -   Example: junction B4 -> durations [24, 22, 22, 22] (total: 90s)
2026-09-23 22:34:11,846 - RLController - INFO -   Example: junction B5 -> durations [60, 10, 10, 10] (total: 90s)
2026-09-23 22:34:11,846 - RLController - INFO -   Example: junction C0 -> durations [20, 20, 30, 20] (total: 90s)
2026-09-23 22:34:11,846 - RLController - INFO -   Example: junction C1 -> durations [24, 22, 22, 22] (total: 90s)
2026-09-23 22:34:11,846 - RLController - INFO -   Example: junction C2 -> durations [54, 16, 10, 10] (total: 90s)
2026-09-23 22:34:11,846 - RLController - INFO -   Example: junction C3 -> durations [60, 10, 10, 10] (total: 90s)
2026-09-23 22:34:11,846 - RLController - INFO -   Example: junction C4 -> durations [57, 11, 11, 11] (total: 90s)
2026-09-23 22:34:11,846 - RLController - INFO -   Example: junction C5 -> durations [57, 11, 11, 11] (total: 90s)
2026-09-23 22:34:11,846 - RLController - INFO -   Example: junction D0 -> durations [24, 22, 22, 22] (total: 90s)
2026-09-23 22:34:11,847 - RLController - INFO -   Example: junction D1 -> durations [20, 20, 30, 20] (total: 90s)
2026-09-23 22:34:11,847 - RLController - INFO -   Example: junction D2 -> durations [51, 13, 13, 13] (total: 90s)
2026-09-23 22:34:11,847 - RLController - INFO -   Example: junction D3 -> durations [24, 22, 22, 22] (total: 90s)
2026-09-23 22:34:11,847 - RLController - INFO -   Example: junction D4 -> durations [24, 22, 22, 22] (total: 90s)
2026-09-23 22:34:11,847 - RLController - INFO -   Example: junction D5 -> durations [13, 13, 51, 13] (total: 90s)
2026-09-23 22:34:11,847 - RLController - INFO -   Example: junction E0 -> durations [24, 22, 22, 22] (total: 90s)
2026-09-23 22:34:11,847 - RLController - INFO -   Example: junction E1 -> durations [24, 22, 22, 22] (total: 90s)
2026-09-23 22:34:11,848 - RLController - INFO -   Stored schedules for 34 junctions, cycle starts at step 2970
2026-09-23 22:34:15,060 - RLController - INFO - DIAGNOSTIC Step 3060 - Observation stats:
2026-09-23 22:34:15,061 - RLController - INFO -   Hash: 7068275842929635175, Min: 0.000000, Max: 1.000000, Mean: 0.423981, Std: 0.454831
2026-09-23 22:34:15,061 - RLController - INFO -   First 10: [1.  0.  0.  0.  0.  0.5 1.  0.  0.  0. ]
2026-09-23 22:34:15,061 - RLController - INFO -   Last 10: [0.         0.2        0.         0.08333334 0.44871795 0.00314348
 0.07038461 0.569052   0.         0.3       ]
2026-09-23 22:34:15,066 - RLController - INFO - DIAGNOSTIC - Raw model action output:
2026-09-23 22:34:15,066 - RLController - INFO -   Action hash: -751353735844595820
2026-09-23 22:34:15,066 - RLController - INFO -   First 8 values: [ -7.2579513 -10.        -10.        -10.        -10.        -10.
 -10.        -10.       ]
2026-09-23 22:34:15,066 - RLController - INFO -   Last 8 values: [-10.       -10.       -10.       -10.       -10.        -2.886068
 -10.       -10.      ]
2026-09-23 22:34:15,067 - RLController - INFO -   Action shape: (136,), min: -10.000000, max: 5.947999, mean: -9.257715
2026-09-23 22:34:15,067 - RLController - INFO -   B0 junction (indices 16-19) raw values: [-10. -10. -10. -10.]
2026-09-23 22:34:15,067 - RLController - INFO - Using CONTINUOUS DURATION-BASED mode
2026-09-23 22:34:15,067 - RLController - INFO -   Example: junction A0 -> durations [51, 13, 13, 13] (total: 90s)
2026-09-23 22:34:15,067 - RLController - INFO -   Example: junction A1 -> durations [24, 22, 22, 22] (total: 90s)
2026-09-23 22:34:15,067 - RLController - INFO -   Example: junction A2 -> durations [12, 12, 54, 12] (total: 90s)
2026-09-23 22:34:15,068 - RLController - INFO -   Example: junction A4 -> durations [60, 10, 10, 10] (total: 90s)
2026-09-23 22:34:15,068 - RLController - INFO -   Example: junction A5 -> durations [24, 22, 22, 22] (total: 90s)
2026-09-23 22:34:15,068 - RLController - INFO -   Example: junction B0 -> durations [24, 22, 22, 22] (total: 90s)
2026-09-23 22:34:15,068 - RLController - INFO -   Example: junction B1 -> durations [24, 22, 22, 22] (total: 90s)
2026-09-23 22:34:15,068 - RLController - INFO -   Example: junction B2 -> durations [24, 22, 22, 22] (total: 90s)
2026-09-23 22:34:15,068 - RLController - INFO -   Example: junction B4 -> durations [24, 22, 22, 22] (total: 90s)
2026-09-23 22:34:15,068 - RLController - INFO -   Example: junction B5 -> durations [60, 10, 10, 10] (total: 90s)
2026-09-23 22:34:15,068 - RLController - INFO -   Example: junction C0 -> durations [20, 20, 30, 20] (total: 90s)
2026-09-23 22:34:15,069 - RLController - INFO -   Example: junction C1 -> durations [24, 22, 22, 22] (total: 90s)
2026-09-23 22:34:15,069 - RLController - INFO -   Example: junction C2 -> durations [56, 14, 10, 10] (total: 90s)
2026-09-23 22:34:15,069 - RLController - INFO -   Example: junction C3 -> durations [60, 10, 10, 10] (total: 90s)
2026-09-23 22:34:15,069 - RLController - INFO -   Example: junction C4 -> durations [57, 11, 11, 11] (total: 90s)
2026-09-23 22:34:15,069 - RLController - INFO -   Example: junction C5 -> durations [57, 11, 11, 11] (total: 90s)
2026-09-23 22:34:15,069 - RLController - INFO -   Example: junction D0 -> durations [24, 22, 22, 22] (total: 90s)
2026-09-23 22:34:15,069 - RLController - INFO -   Example: junction D1 -> durations [20, 20, 30, 20] (total: 90s)
2026-09-23 22:34:15,069 - RLController - INFO -   Example: junction D2 -> durations [48, 14, 14, 14] (total: 90s)
2026-09-23 22:34:15,069 - RLController - INFO -   Example: junction D3 -> durations [24, 22, 22, 22] (total: 90s)
2026-09-23 22:34:15,069 - RLController - INFO -   Example: junction D4 -> durations [24, 22, 22, 22] (total: 90s)
2026-09-23 22:34:15,070 - RLController - INFO -   Example: junction D5 -> durations [12, 12, 54, 12] (total: 90s)
2026-09-23 22:34:15,070 - RLController - INFO -   Example: junction E0 -> durations [24, 22, 22, 22] (total: 90s)
2026-09-23 22:34:15,070 - RLController - INFO -   Example: junction E1 -> durations [24, 22, 22, 22] (total: 90s)
2026-09-23 22:34:15,071 - RLController - INFO -   Stored schedules for 34 junctions, cycle starts at step 3060
2026-09-23 22:34:18,466 - RLController - INFO - DIAGNOSTIC Step 3150 - Observation stats:
2026-09-23 22:34:18,466 - RLController - INFO -   Hash: 7274174945890769054, Min: 0.000000, Max: 1.000000, Mean: 0.424107, Std: 0.454854
2026-09-23 22:34:18,467 - RLController - INFO -   First 10: [1.         0.         0.         0.         0.         0.5
 0.         0.         0.99333334 1.        ]
2026-09-23 22:34:18,467 - RLController - INFO -   Last 10: [0.         0.2        0.         0.08333334 0.46153846 0.0023472
 0.0717094  0.54742926 0.         0.3       ]
2026-09-23 22:34:18,471 - RLController - INFO - DIAGNOSTIC - Raw model action output:
2026-09-23 22:34:18,471 - RLController - INFO -   Action hash: -8522703122342817006
2026-09-23 22:34:18,471 - RLController - INFO -   First 8 values: [ -7.735151 -10.       -10.       -10.       -10.       -10.
 -10.       -10.      ]
2026-09-23 22:34:18,472 - RLController - INFO -   Last 8 values: [-10.        -10.        -10.        -10.        -10.         -2.7717898
 -10.        -10.       ]
2026-09-23 22:34:18,472 - RLController - INFO -   Action shape: (136,), min: -10.000000, max: 4.803103, mean: -9.298965
2026-09-23 22:34:18,472 - RLController - INFO -   B0 junction (indices 16-19) raw values: [-10. -10. -10. -10.]
2026-09-23 22:34:18,472 - RLController - INFO - Using CONTINUOUS DURATION-BASED mode
2026-09-23 22:34:18,472 - RLController - INFO -   Example: junction A0 -> durations [48, 14, 14, 14] (total: 90s)
2026-09-23 22:34:18,472 - RLController - INFO -   Example: junction A1 -> durations [24, 22, 22, 22] (total: 90s)
2026-09-23 22:34:18,473 - RLController - INFO -   Example: junction A2 -> durations [12, 12, 54, 12] (total: 90s)
2026-09-23 22:34:18,473 - RLController - INFO -   Example: junction A4 -> durations [60, 10, 10, 10] (total: 90s)
2026-09-23 22:34:18,473 - RLController - INFO -   Example: junction A5 -> durations [24, 22, 22, 22] (total: 90s)
2026-09-23 22:34:18,473 - RLController - INFO -   Example: junction B0 -> durations [24, 22, 22, 22] (total: 90s)
2026-09-23 22:34:18,473 - RLController - INFO -   Example: junction B1 -> durations [24, 22, 22, 22] (total: 90s)
2026-09-23 22:34:18,473 - RLController - INFO -   Example: junction B2 -> durations [24, 22, 22, 22] (total: 90s)
2026-09-23 22:34:18,473 - RLController - INFO -   Example: junction B4 -> durations [24, 22, 22, 22] (total: 90s)
2026-09-23 22:34:18,473 - RLController - INFO -   Example: junction B5 -> durations [60, 10, 10, 10] (total: 90s)
2026-09-23 22:34:18,474 - RLController - INFO -   Example: junction C0 -> durations [22, 22, 24, 22] (total: 90s)
2026-09-23 22:34:18,474 - RLController - INFO -   Example: junction C1 -> durations [24, 22, 22, 22] (total: 90s)
2026-09-23 22:34:18,474 - RLController - INFO -   Example: junction C2 -> durations [55, 15, 10, 10] (total: 90s)
2026-09-23 22:34:18,474 - RLController - INFO -   Example: junction C3 -> durations [60, 10, 10, 10] (total: 90s)
2026-09-23 22:34:18,474 - RLController - INFO -   Example: junction C4 -> durations [57, 11, 11, 11] (total: 90s)
2026-09-23 22:34:18,474 - RLController - INFO -   Example: junction C5 -> durations [57, 11, 11, 11] (total: 90s)
2026-09-23 22:34:18,474 - RLController - INFO -   Example: junction D0 -> durations [24, 22, 22, 22] (total: 90s)
2026-09-23 22:34:18,474 - RLController - INFO -   Example: junction D1 -> durations [21, 21, 27, 21] (total: 90s)
2026-09-23 22:34:18,475 - RLController - INFO -   Example: junction D2 -> durations [45, 15, 15, 15] (total: 90s)
2026-09-23 22:34:18,475 - RLController - INFO -   Example: junction D3 -> durations [24, 22, 22, 22] (total: 90s)
2026-09-23 22:34:18,475 - RLController - INFO -   Example: junction D4 -> durations [24, 22, 22, 22] (total: 90s)
2026-09-23 22:34:18,475 - RLController - INFO -   Example: junction D5 -> durations [13, 13, 51, 13] (total: 90s)
2026-09-23 22:34:18,475 - RLController - INFO -   Example: junction E0 -> durations [24, 22, 22, 22] (total: 90s)
2026-09-23 22:34:18,475 - RLController - INFO -   Example: junction E1 -> durations [24, 22, 22, 22] (total: 90s)
2026-09-23 22:34:18,476 - RLController - INFO -   Stored schedules for 34 junctions, cycle starts at step 3150
2026-09-23 22:34:22,416 - RLController - INFO - DIAGNOSTIC Step 3240 - Observation stats:
2026-09-23 22:34:22,416 - RLController - INFO -   Hash: -3427634359300787702, Min: 0.000000, Max: 1.000000, Mean: 0.431498, Std: 0.455734
2026-09-23 22:34:22,417 - RLController - INFO -   First 10: [1.         0.         0.         0.         0.         0.5
 0.         1.         0.99333334 1.        ]
2026-09-23 22:34:22,417 - RLController - INFO -   Last 10: [0.         0.2        0.         0.08333334 0.4957265  0.00374381
 0.0732906  0.5332089  0.         0.3       ]
2026-09-23 22:34:22,421 - RLController - INFO - DIAGNOSTIC - Raw model action output:
2026-09-23 22:34:22,421 - RLController - INFO -   Action hash: -7822820318844672538
2026-09-23 22:34:22,421 - RLController - INFO -   First 8 values: [ -7.1834364 -10.        -10.        -10.        -10.        -10.
 -10.        -10.       ]
2026-09-23 22:34:22,422 - RLController - INFO -   Last 8 values: [-10.       -10.       -10.       -10.       -10.        -2.512603
 -10.       -10.      ]
2026-09-23 22:34:22,422 - RLController - INFO -   Action shape: (136,), min: -10.000000, max: 5.537916, mean: -9.271527
2026-09-23 22:34:22,422 - RLController - INFO -   B0 junction (indices 16-19) raw values: [-10. -10. -10. -10.]
2026-09-23 22:34:22,422 - RLController - INFO - Using CONTINUOUS DURATION-BASED mode
2026-09-23 22:34:22,422 - RLController - INFO -   Example: junction A0 -> durations [51, 13, 13, 13] (total: 90s)
2026-09-23 22:34:22,422 - RLController - INFO -   Example: junction A1 -> durations [24, 22, 22, 22] (total: 90s)
2026-09-23 22:34:22,422 - RLController - INFO -   Example: junction A2 -> durations [12, 12, 54, 12] (total: 90s)
2026-09-23 22:34:22,423 - RLController - INFO -   Example: junction A4 -> durations [60, 10, 10, 10] (total: 90s)
2026-09-23 22:34:22,423 - RLController - INFO -   Example: junction A5 -> durations [24, 22, 22, 22] (total: 90s)
2026-09-23 22:34:22,423 - RLController - INFO -   Example: junction B0 -> durations [24, 22, 22, 22] (total: 90s)
2026-09-23 22:34:22,423 - RLController - INFO -   Example: junction B1 -> durations [24, 22, 22, 22] (total: 90s)
2026-09-23 22:34:22,423 - RLController - INFO -   Example: junction B2 -> durations [24, 22, 22, 22] (total: 90s)
2026-09-23 22:34:22,423 - RLController - INFO -   Example: junction B4 -> durations [24, 22, 22, 22] (total: 90s)
2026-09-23 22:34:22,423 - RLController - INFO -   Example: junction B5 -> durations [60, 10, 10, 10] (total: 90s)
2026-09-23 22:34:22,423 - RLController - INFO -   Example: junction C0 -> durations [20, 20, 30, 20] (total: 90s)
2026-09-23 22:34:22,424 - RLController - INFO -   Example: junction C1 -> durations [24, 22, 22, 22] (total: 90s)
2026-09-23 22:34:22,424 - RLController - INFO -   Example: junction C2 -> durations [56, 14, 10, 10] (total: 90s)
2026-09-23 22:34:22,424 - RLController - INFO -   Example: junction C3 -> durations [60, 10, 10, 10] (total: 90s)
2026-09-23 22:34:22,424 - RLController - INFO -   Example: junction C4 -> durations [57, 11, 11, 11] (total: 90s)
2026-09-23 22:34:22,424 - RLController - INFO -   Example: junction C5 -> durations [57, 11, 11, 11] (total: 90s)
2026-09-23 22:34:22,425 - RLController - INFO -   Example: junction D0 -> durations [24, 22, 22, 22] (total: 90s)
2026-09-23 22:34:22,425 - RLController - INFO -   Example: junction D1 -> durations [20, 20, 30, 20] (total: 90s)
2026-09-23 22:34:22,425 - RLController - INFO -   Example: junction D2 -> durations [45, 15, 15, 15] (total: 90s)
2026-09-23 22:34:22,425 - RLController - INFO -   Example: junction D3 -> durations [24, 22, 22, 22] (total: 90s)
2026-09-23 22:34:22,425 - RLController - INFO -   Example: junction D4 -> durations [24, 22, 22, 22] (total: 90s)
2026-09-23 22:34:22,425 - RLController - INFO -   Example: junction D5 -> durations [13, 13, 51, 13] (total: 90s)
2026-09-23 22:34:22,425 - RLController - INFO -   Example: junction E0 -> durations [24, 22, 22, 22] (total: 90s)
2026-09-23 22:34:22,425 - RLController - INFO -   Example: junction E1 -> durations [24, 22, 22, 22] (total: 90s)
2026-09-23 22:34:22,426 - RLController - INFO -   Stored schedules for 34 junctions, cycle starts at step 3240
2026-09-23 22:34:26,003 - RLController - INFO - DIAGNOSTIC Step 3330 - Observation stats:
2026-09-23 22:34:26,004 - RLController - INFO -   Hash: -2010664726681508393, Min: 0.000000, Max: 1.000000, Mean: 0.427836, Std: 0.455242
2026-09-23 22:34:26,004 - RLController - INFO -   First 10: [0.11111111 1.         0.9866667  1.         0.14288566 0.05725191
 0.         1.         0.99333334 1.        ]
2026-09-23 22:34:26,005 - RLController - INFO -   Last 10: [0.         0.2        0.         0.08333334 0.48076922 0.00390382
 0.0732906  0.5428402  0.         0.3       ]
2026-09-23 22:34:26,440 - RLController - INFO - DIAGNOSTIC - Raw model action output:
2026-09-23 22:34:26,440 - RLController - INFO -   Action hash: 3799365395829823140
2026-09-23 22:34:26,440 - RLController - INFO -   First 8 values: [ -7.318463 -10.       -10.       -10.       -10.       -10.
 -10.       -10.      ]
2026-09-23 22:34:26,441 - RLController - INFO -   Last 8 values: [-10.        -10.        -10.        -10.        -10.         -1.3359356
 -10.        -10.       ]
2026-09-23 22:34:26,441 - RLController - INFO -   Action shape: (136,), min: -10.000000, max: 5.061602, mean: -9.258064
2026-09-23 22:34:26,442 - RLController - INFO -   B0 junction (indices 16-19) raw values: [-10. -10. -10. -10.]
2026-09-23 22:34:26,442 - RLController - INFO - Using CONTINUOUS DURATION-BASED mode
2026-09-23 22:34:26,442 - RLController - INFO -   Example: junction A0 -> durations [51, 13, 13, 13] (total: 90s)
2026-09-23 22:34:26,442 - RLController - INFO -   Example: junction A1 -> durations [24, 22, 22, 22] (total: 90s)
2026-09-23 22:34:26,442 - RLController - INFO -   Example: junction A2 -> durations [12, 12, 54, 12] (total: 90s)
2026-09-23 22:34:26,443 - RLController - INFO -   Example: junction A4 -> durations [60, 10, 10, 10] (total: 90s)
2026-09-23 22:34:26,443 - RLController - INFO -   Example: junction A5 -> durations [24, 22, 22, 22] (total: 90s)
2026-09-23 22:34:26,443 - RLController - INFO -   Example: junction B0 -> durations [24, 22, 22, 22] (total: 90s)
2026-09-23 22:34:26,444 - RLController - INFO -   Example: junction B1 -> durations [24, 22, 22, 22] (total: 90s)
2026-09-23 22:34:26,444 - RLController - INFO -   Example: junction B2 -> durations [24, 22, 22, 22] (total: 90s)
2026-09-23 22:34:26,444 - RLController - INFO -   Example: junction B4 -> durations [24, 22, 22, 22] (total: 90s)
2026-09-23 22:34:26,444 - RLController - INFO -   Example: junction B5 -> durations [60, 10, 10, 10] (total: 90s)
2026-09-23 22:34:26,445 - RLController - INFO -   Example: junction C0 -> durations [21, 21, 27, 21] (total: 90s)
2026-09-23 22:34:26,445 - RLController - INFO -   Example: junction C1 -> durations [24, 22, 22, 22] (total: 90s)
2026-09-23 22:34:26,445 - RLController - INFO -   Example: junction C2 -> durations [57, 13, 10, 10] (total: 90s)
2026-09-23 22:34:26,445 - RLController - INFO -   Example: junction C3 -> durations [60, 10, 10, 10] (total: 90s)
2026-09-23 22:34:26,445 - RLController - INFO -   Example: junction C4 -> durations [60, 10, 10, 10] (total: 90s)
2026-09-23 22:34:26,445 - RLController - INFO -   Example: junction C5 -> durations [57, 11, 11, 11] (total: 90s)
2026-09-23 22:34:26,446 - RLController - INFO -   Example: junction D0 -> durations [24, 22, 22, 22] (total: 90s)
2026-09-23 22:34:26,446 - RLController - INFO -   Example: junction D1 -> durations [20, 20, 30, 20] (total: 90s)
2026-09-23 22:34:26,446 - RLController - INFO -   Example: junction D2 -> durations [45, 15, 15, 15] (total: 90s)
2026-09-23 22:34:26,446 - RLController - INFO -   Example: junction D3 -> durations [24, 22, 22, 22] (total: 90s)
2026-09-23 22:34:26,446 - RLController - INFO -   Example: junction D4 -> durations [24, 22, 22, 22] (total: 90s)
2026-09-23 22:34:26,446 - RLController - INFO -   Example: junction D5 -> durations [13, 13, 51, 13] (total: 90s)
2026-09-23 22:34:26,446 - RLController - INFO -   Example: junction E0 -> durations [24, 22, 22, 22] (total: 90s)
2026-09-23 22:34:26,447 - RLController - INFO -   Example: junction E1 -> durations [24, 22, 22, 22] (total: 90s)
2026-09-23 22:34:26,448 - RLController - INFO -   Stored schedules for 34 junctions, cycle starts at step 3330
2026-09-23 22:34:30,611 - RLController - INFO - DIAGNOSTIC Step 3420 - Observation stats:
2026-09-23 22:34:30,611 - RLController - INFO -   Hash: 6414347791096358636, Min: 0.000000, Max: 1.000000, Mean: 0.429655, Std: 0.454766
2026-09-23 22:34:30,612 - RLController - INFO -   First 10: [0.25       1.         0.96666664 1.         0.04470542 0.13222331
 0.         1.         0.99333334 1.        ]
2026-09-23 22:34:30,612 - RLController - INFO -   Last 10: [0.         0.2        0.         0.08333334 0.4871795  0.00338657
 0.07346154 0.53000426 0.         0.3       ]
2026-09-23 22:34:30,616 - RLController - INFO - DIAGNOSTIC - Raw model action output:
2026-09-23 22:34:30,616 - RLController - INFO -   Action hash: -7122960972513465048
2026-09-23 22:34:30,616 - RLController - INFO -   First 8 values: [ -7.3887315 -10.        -10.        -10.        -10.        -10.
 -10.        -10.       ]
2026-09-23 22:34:30,616 - RLController - INFO -   Last 8 values: [-10.         -10.         -10.         -10.         -10.
  -0.47484848 -10.         -10.        ]
2026-09-23 22:34:30,616 - RLController - INFO -   Action shape: (136,), min: -10.000000, max: 5.716051, mean: -9.255419
2026-09-23 22:34:30,617 - RLController - INFO -   B0 junction (indices 16-19) raw values: [ -9.5854435 -10.        -10.        -10.       ]
2026-09-23 22:34:30,617 - RLController - INFO - Using CONTINUOUS DURATION-BASED mode
2026-09-23 22:34:30,617 - RLController - INFO -   Example: junction A0 -> durations [51, 13, 13, 13] (total: 90s)
2026-09-23 22:34:30,617 - RLController - INFO -   Example: junction A1 -> durations [24, 22, 22, 22] (total: 90s)
2026-09-23 22:34:30,617 - RLController - INFO -   Example: junction A2 -> durations [11, 11, 57, 11] (total: 90s)
2026-09-23 22:34:30,617 - RLController - INFO -   Example: junction A4 -> durations [60, 10, 10, 10] (total: 90s)
2026-09-23 22:34:30,617 - RLController - INFO -   Example: junction A5 -> durations [27, 21, 21, 21] (total: 90s)
2026-09-23 22:34:30,617 - RLController - INFO -   Example: junction B0 -> durations [24, 22, 22, 22] (total: 90s)
2026-09-23 22:34:30,618 - RLController - INFO -   Example: junction B1 -> durations [24, 22, 22, 22] (total: 90s)
2026-09-23 22:34:30,618 - RLController - INFO -   Example: junction B2 -> durations [24, 22, 22, 22] (total: 90s)
2026-09-23 22:34:30,618 - RLController - INFO -   Example: junction B4 -> durations [24, 22, 22, 22] (total: 90s)
2026-09-23 22:34:30,618 - RLController - INFO -   Example: junction B5 -> durations [60, 10, 10, 10] (total: 90s)
2026-09-23 22:34:30,618 - RLController - INFO -   Example: junction C0 -> durations [22, 22, 24, 22] (total: 90s)
2026-09-23 22:34:30,618 - RLController - INFO -   Example: junction C1 -> durations [24, 22, 22, 22] (total: 90s)
2026-09-23 22:34:30,618 - RLController - INFO -   Example: junction C2 -> durations [59, 11, 10, 10] (total: 90s)
2026-09-23 22:34:30,618 - RLController - INFO -   Example: junction C3 -> durations [60, 10, 10, 10] (total: 90s)
2026-09-23 22:34:30,618 - RLController - INFO -   Example: junction C4 -> durations [60, 10, 10, 10] (total: 90s)
2026-09-23 22:34:30,619 - RLController - INFO -   Example: junction C5 -> durations [57, 11, 11, 11] (total: 90s)
2026-09-23 22:34:30,619 - RLController - INFO -   Example: junction D0 -> durations [24, 22, 22, 22] (total: 90s)
2026-09-23 22:34:30,619 - RLController - INFO -   Example: junction D1 -> durations [21, 21, 27, 21] (total: 90s)
2026-09-23 22:34:30,619 - RLController - INFO -   Example: junction D2 -> durations [45, 15, 15, 15] (total: 90s)
2026-09-23 22:34:30,619 - RLController - INFO -   Example: junction D3 -> durations [24, 22, 22, 22] (total: 90s)
2026-09-23 22:34:30,619 - RLController - INFO -   Example: junction D4 -> durations [24, 22, 22, 22] (total: 90s)
2026-09-23 22:34:30,619 - RLController - INFO -   Example: junction D5 -> durations [13, 13, 51, 13] (total: 90s)
2026-09-23 22:34:30,619 - RLController - INFO -   Example: junction E0 -> durations [24, 22, 22, 22] (total: 90s)
2026-09-23 22:34:30,620 - RLController - INFO -   Example: junction E1 -> durations [24, 22, 22, 22] (total: 90s)
2026-09-23 22:34:30,620 - RLController - INFO -   Stored schedules for 34 junctions, cycle starts at step 3420
2026-09-23 22:34:34,343 - RLController - INFO - DIAGNOSTIC Step 3510 - Observation stats:
2026-09-23 22:34:34,343 - RLController - INFO -   Hash: 6906394541709248539, Min: 0.000000, Max: 1.000000, Mean: 0.427615, Std: 0.454634
2026-09-23 22:34:34,344 - RLController - INFO -   First 10: [0.5        0.         0.9266667  1.         0.00541354 0.26919243
 0.         1.         0.99333334 1.        ]
2026-09-23 22:34:34,344 - RLController - INFO -   Last 10: [0.         0.2        0.         0.08333334 0.47435898 0.00308903
 0.07491453 0.5393279  0.         0.3       ]
2026-09-23 22:34:34,348 - RLController - INFO - DIAGNOSTIC - Raw model action output:
2026-09-23 22:34:34,349 - RLController - INFO -   Action hash: 2876713474844485175
2026-09-23 22:34:34,349 - RLController - INFO -   First 8 values: [ -7.1469193 -10.        -10.        -10.        -10.        -10.
 -10.        -10.       ]
2026-09-23 22:34:34,349 - RLController - INFO -   Last 8 values: [-10.        -10.        -10.        -10.        -10.         -2.1568205
 -10.        -10.       ]
2026-09-23 22:34:34,349 - RLController - INFO -   Action shape: (136,), min: -10.000000, max: 5.489743, mean: -9.257468
2026-09-23 22:34:34,349 - RLController - INFO -   B0 junction (indices 16-19) raw values: [ -9.593211 -10.       -10.       -10.      ]
2026-09-23 22:34:34,349 - RLController - INFO - Using CONTINUOUS DURATION-BASED mode
2026-09-23 22:34:34,350 - RLController - INFO -   Example: junction A0 -> durations [54, 12, 12, 12] (total: 90s)
2026-09-23 22:34:34,350 - RLController - INFO -   Example: junction A1 -> durations [24, 22, 22, 22] (total: 90s)
2026-09-23 22:34:34,350 - RLController - INFO -   Example: junction A2 -> durations [11, 11, 57, 11] (total: 90s)
2026-09-23 22:34:34,350 - RLController - INFO -   Example: junction A4 -> durations [60, 10, 10, 10] (total: 90s)
2026-09-23 22:34:34,350 - RLController - INFO -   Example: junction A5 -> durations [27, 21, 21, 21] (total: 90s)
2026-09-23 22:34:34,351 - RLController - INFO -   Example: junction B0 -> durations [24, 22, 22, 22] (total: 90s)
2026-09-23 22:34:34,351 - RLController - INFO -   Example: junction B1 -> durations [24, 22, 22, 22] (total: 90s)
2026-09-23 22:34:34,351 - RLController - INFO -   Example: junction B2 -> durations [24, 22, 22, 22] (total: 90s)
2026-09-23 22:34:34,351 - RLController - INFO -   Example: junction B4 -> durations [24, 22, 22, 22] (total: 90s)
2026-09-23 22:34:34,351 - RLController - INFO -   Example: junction B5 -> durations [60, 10, 10, 10] (total: 90s)
2026-09-23 22:34:34,351 - RLController - INFO -   Example: junction C0 -> durations [21, 21, 27, 21] (total: 90s)
2026-09-23 22:34:34,351 - RLController - INFO -   Example: junction C1 -> durations [24, 22, 22, 22] (total: 90s)
2026-09-23 22:34:34,351 - RLController - INFO -   Example: junction C2 -> durations [58, 12, 10, 10] (total: 90s)
2026-09-23 22:34:34,352 - RLController - INFO -   Example: junction C3 -> durations [60, 10, 10, 10] (total: 90s)
2026-09-23 22:34:34,352 - RLController - INFO -   Example: junction C4 -> durations [60, 10, 10, 10] (total: 90s)
2026-09-23 22:34:34,352 - RLController - INFO -   Example: junction C5 -> durations [57, 11, 11, 11] (total: 90s)
2026-09-23 22:34:34,352 - RLController - INFO -   Example: junction D0 -> durations [24, 22, 22, 22] (total: 90s)
2026-09-23 22:34:34,352 - RLController - INFO -   Example: junction D1 -> durations [20, 20, 30, 20] (total: 90s)
2026-09-23 22:34:34,352 - RLController - INFO -   Example: junction D2 -> durations [48, 14, 14, 14] (total: 90s)
2026-09-23 22:34:34,352 - RLController - INFO -   Example: junction D3 -> durations [24, 22, 22, 22] (total: 90s)
2026-09-23 22:34:34,352 - RLController - INFO -   Example: junction D4 -> durations [24, 22, 22, 22] (total: 90s)
2026-09-23 22:34:34,352 - RLController - INFO -   Example: junction D5 -> durations [12, 12, 54, 12] (total: 90s)
2026-09-23 22:34:34,353 - RLController - INFO -   Example: junction E0 -> durations [24, 22, 22, 22] (total: 90s)
2026-09-23 22:34:34,353 - RLController - INFO -   Example: junction E1 -> durations [24, 22, 22, 22] (total: 90s)
2026-09-23 22:34:34,353 - RLController - INFO -   Stored schedules for 34 junctions, cycle starts at step 3510
2026-09-23 22:34:37,993 - RLController - INFO - DIAGNOSTIC Step 3600 - Observation stats:
2026-09-23 22:34:37,993 - RLController - INFO -   Hash: -6858254340102693227, Min: 0.000000, Max: 1.000000, Mean: 0.433215, Std: 0.455644
2026-09-23 22:34:37,993 - RLController - INFO -   First 10: [1.         0.         0.         0.         0.         0.53838485
 0.         1.         0.99333334 1.        ]
2026-09-23 22:34:37,994 - RLController - INFO -   Last 10: [0.         0.2        0.         0.08333334 0.4722222  0.00332993
 0.07431624 0.5454914  0.         0.3       ]
2026-09-23 22:34:37,998 - RLController - INFO - DIAGNOSTIC - Raw model action output:
2026-09-23 22:34:37,998 - RLController - INFO -   Action hash: 2635828045202340152
2026-09-23 22:34:37,998 - RLController - INFO -   First 8 values: [ -7.3208103 -10.        -10.        -10.        -10.        -10.
 -10.        -10.       ]
2026-09-23 22:34:37,998 - RLController - INFO -   Last 8 values: [-10.       -10.       -10.       -10.       -10.        -1.917167
 -10.       -10.      ]
2026-09-23 22:34:37,998 - RLController - INFO -   Action shape: (136,), min: -10.000000, max: 5.165999, mean: -9.246743
2026-09-23 22:34:37,999 - RLController - INFO -   B0 junction (indices 16-19) raw values: [ -9.952161 -10.       -10.       -10.      ]
2026-09-23 22:34:37,999 - RLController - INFO - Using CONTINUOUS DURATION-BASED mode
2026-09-23 22:34:37,999 - RLController - INFO -   Example: junction A0 -> durations [51, 13, 13, 13] (total: 90s)
2026-09-23 22:34:37,999 - RLController - INFO -   Example: junction A1 -> durations [24, 22, 22, 22] (total: 90s)
2026-09-23 22:34:37,999 - RLController - INFO -   Example: junction A2 -> durations [12, 12, 54, 12] (total: 90s)
2026-09-23 22:34:37,999 - RLController - INFO -   Example: junction A4 -> durations [60, 10, 10, 10] (total: 90s)
2026-09-23 22:34:38,000 - RLController - INFO -   Example: junction A5 -> durations [24, 22, 22, 22] (total: 90s)
2026-09-23 22:34:38,000 - RLController - INFO -   Example: junction B0 -> durations [24, 22, 22, 22] (total: 90s)
2026-09-23 22:34:38,000 - RLController - INFO -   Example: junction B1 -> durations [24, 22, 22, 22] (total: 90s)
2026-09-23 22:34:38,000 - RLController - INFO -   Example: junction B2 -> durations [24, 22, 22, 22] (total: 90s)
2026-09-23 22:34:38,000 - RLController - INFO -   Example: junction B4 -> durations [24, 22, 22, 22] (total: 90s)
2026-09-23 22:34:38,000 - RLController - INFO -   Example: junction B5 -> durations [60, 10, 10, 10] (total: 90s)
2026-09-23 22:34:38,000 - RLController - INFO -   Example: junction C0 -> durations [22, 22, 24, 22] (total: 90s)
2026-09-23 22:34:38,001 - RLController - INFO -   Example: junction C1 -> durations [24, 22, 22, 22] (total: 90s)
2026-09-23 22:34:38,001 - RLController - INFO -   Example: junction C2 -> durations [54, 16, 10, 10] (total: 90s)
2026-09-23 22:34:38,001 - RLController - INFO -   Example: junction C3 -> durations [60, 10, 10, 10] (total: 90s)
2026-09-23 22:34:38,001 - RLController - INFO -   Example: junction C4 -> durations [60, 10, 10, 10] (total: 90s)
2026-09-23 22:34:38,001 - RLController - INFO -   Example: junction C5 -> durations [57, 11, 11, 11] (total: 90s)
2026-09-23 22:34:38,001 - RLController - INFO -   Example: junction D0 -> durations [24, 22, 22, 22] (total: 90s)
2026-09-23 22:34:38,002 - RLController - INFO -   Example: junction D1 -> durations [21, 21, 27, 21] (total: 90s)
2026-09-23 22:34:38,002 - RLController - INFO -   Example: junction D2 -> durations [48, 14, 14, 14] (total: 90s)
2026-09-23 22:34:38,002 - RLController - INFO -   Example: junction D3 -> durations [24, 22, 22, 22] (total: 90s)
2026-09-23 22:34:38,002 - RLController - INFO -   Example: junction D4 -> durations [24, 22, 22, 22] (total: 90s)
2026-09-23 22:34:38,002 - RLController - INFO -   Example: junction D5 -> durations [13, 13, 51, 13] (total: 90s)
2026-09-23 22:34:38,002 - RLController - INFO -   Example: junction E0 -> durations [24, 22, 22, 22] (total: 90s)
2026-09-23 22:34:38,002 - RLController - INFO -   Example: junction E1 -> durations [24, 22, 22, 22] (total: 90s)
2026-09-23 22:34:38,003 - RLController - INFO -   Stored schedules for 34 junctions, cycle starts at step 3600
2026-09-23 22:34:42,230 - RLController - INFO - DIAGNOSTIC Step 3690 - Observation stats:
2026-09-23 22:34:42,231 - RLController - INFO -   Hash: -5775488265329052784, Min: 0.000000, Max: 1.000000, Mean: 0.432596, Std: 0.456323
2026-09-23 22:34:42,231 - RLController - INFO -   First 10: [1.         0.         0.         0.         0.         0.53838485
 0.         1.         0.99333334 1.        ]
2026-09-23 22:34:42,231 - RLController - INFO -   Last 10: [0.         0.2        0.         0.08333334 0.47863248 0.00305735
 0.07581197 0.53413045 0.         0.3       ]
2026-09-23 22:34:42,235 - RLController - INFO - DIAGNOSTIC - Raw model action output:
2026-09-23 22:34:42,235 - RLController - INFO -   Action hash: 5500129013522482615
2026-09-23 22:34:42,235 - RLController - INFO -   First 8 values: [ -7.637192 -10.       -10.       -10.       -10.       -10.
 -10.       -10.      ]
2026-09-23 22:34:42,236 - RLController - INFO -   Last 8 values: [-10.       -10.       -10.       -10.       -10.        -3.130613
 -10.       -10.      ]
2026-09-23 22:34:42,236 - RLController - INFO -   Action shape: (136,), min: -10.000000, max: 4.726388, mean: -9.267169
2026-09-23 22:34:42,236 - RLController - INFO -   B0 junction (indices 16-19) raw values: [ -9.649768 -10.       -10.       -10.      ]
2026-09-23 22:34:42,237 - RLController - INFO - Using CONTINUOUS DURATION-BASED mode
2026-09-23 22:34:42,237 - RLController - INFO -   Example: junction A0 -> durations [48, 14, 14, 14] (total: 90s)
2026-09-23 22:34:42,237 - RLController - INFO -   Example: junction A1 -> durations [24, 22, 22, 22] (total: 90s)
2026-09-23 22:34:42,237 - RLController - INFO -   Example: junction A2 -> durations [12, 12, 54, 12] (total: 90s)
2026-09-23 22:34:42,238 - RLController - INFO -   Example: junction A4 -> durations [60, 10, 10, 10] (total: 90s)
2026-09-23 22:34:42,238 - RLController - INFO -   Example: junction A5 -> durations [27, 21, 21, 21] (total: 90s)
2026-09-23 22:34:42,238 - RLController - INFO -   Example: junction B0 -> durations [24, 22, 22, 22] (total: 90s)
2026-09-23 22:34:42,238 - RLController - INFO -   Example: junction B1 -> durations [24, 22, 22, 22] (total: 90s)
2026-09-23 22:34:42,238 - RLController - INFO -   Example: junction B2 -> durations [24, 22, 22, 22] (total: 90s)
2026-09-23 22:34:42,238 - RLController - INFO -   Example: junction B4 -> durations [24, 22, 22, 22] (total: 90s)
2026-09-23 22:34:42,238 - RLController - INFO -   Example: junction B5 -> durations [60, 10, 10, 10] (total: 90s)
2026-09-23 22:34:42,238 - RLController - INFO -   Example: junction C0 -> durations [22, 22, 24, 22] (total: 90s)
2026-09-23 22:34:42,238 - RLController - INFO -   Example: junction C1 -> durations [24, 22, 22, 22] (total: 90s)
2026-09-23 22:34:42,239 - RLController - INFO -   Example: junction C2 -> durations [56, 14, 10, 10] (total: 90s)
2026-09-23 22:34:42,239 - RLController - INFO -   Example: junction C3 -> durations [60, 10, 10, 10] (total: 90s)
2026-09-23 22:34:42,239 - RLController - INFO -   Example: junction C4 -> durations [60, 10, 10, 10] (total: 90s)
2026-09-23 22:34:42,239 - RLController - INFO -   Example: junction C5 -> durations [57, 11, 11, 11] (total: 90s)
2026-09-23 22:34:42,239 - RLController - INFO -   Example: junction D0 -> durations [24, 22, 22, 22] (total: 90s)
2026-09-23 22:34:42,239 - RLController - INFO -   Example: junction D1 -> durations [21, 21, 27, 21] (total: 90s)
2026-09-23 22:34:42,239 - RLController - INFO -   Example: junction D2 -> durations [48, 14, 14, 14] (total: 90s)
2026-09-23 22:34:42,239 - RLController - INFO -   Example: junction D3 -> durations [24, 22, 22, 22] (total: 90s)
2026-09-23 22:34:42,239 - RLController - INFO -   Example: junction D4 -> durations [24, 22, 22, 22] (total: 90s)
2026-09-23 22:34:42,240 - RLController - INFO -   Example: junction D5 -> durations [13, 13, 51, 13] (total: 90s)
2026-09-23 22:34:42,240 - RLController - INFO -   Example: junction E0 -> durations [24, 22, 22, 22] (total: 90s)
2026-09-23 22:34:42,240 - RLController - INFO -   Example: junction E1 -> durations [24, 22, 22, 22] (total: 90s)
2026-09-23 22:34:42,240 - RLController - INFO -   Stored schedules for 34 junctions, cycle starts at step 3690
2026-09-23 22:34:45,899 - RLController - INFO - DIAGNOSTIC Step 3780 - Observation stats:
2026-09-23 22:34:45,899 - RLController - INFO -   Hash: -6171379758632895762, Min: 0.000000, Max: 1.000000, Mean: 0.433447, Std: 0.456708
2026-09-23 22:34:45,899 - RLController - INFO -   First 10: [1.         0.         0.         0.         0.         0.53838485
 0.         1.         0.99333334 1.        ]
2026-09-23 22:34:45,900 - RLController - INFO -   Last 10: [0.         0.2        0.         0.08333334 0.48076922 0.00344885
 0.07457265 0.53840125 0.         0.3       ]
2026-09-23 22:34:45,903 - RLController - INFO - DIAGNOSTIC - Raw model action output:
2026-09-23 22:34:45,903 - RLController - INFO -   Action hash: -282240398375173419
2026-09-23 22:34:45,904 - RLController - INFO -   First 8 values: [ -7.432511 -10.       -10.       -10.       -10.       -10.
 -10.       -10.      ]
2026-09-23 22:34:45,904 - RLController - INFO -   Last 8 values: [-10.        -10.        -10.        -10.        -10.         -2.7100742
 -10.        -10.       ]
2026-09-23 22:34:45,904 - RLController - INFO -   Action shape: (136,), min: -10.000000, max: 5.148901, mean: -9.249698
2026-09-23 22:34:45,904 - RLController - INFO -   B0 junction (indices 16-19) raw values: [ -9.976283 -10.       -10.       -10.      ]
2026-09-23 22:34:45,904 - RLController - INFO - Using CONTINUOUS DURATION-BASED mode
2026-09-23 22:34:45,904 - RLController - INFO -   Example: junction A0 -> durations [51, 13, 13, 13] (total: 90s)
2026-09-23 22:34:45,905 - RLController - INFO -   Example: junction A1 -> durations [24, 22, 22, 22] (total: 90s)
2026-09-23 22:34:45,905 - RLController - INFO -   Example: junction A2 -> durations [12, 12, 54, 12] (total: 90s)
2026-09-23 22:34:45,905 - RLController - INFO -   Example: junction A4 -> durations [60, 10, 10, 10] (total: 90s)
2026-09-23 22:34:45,905 - RLController - INFO -   Example: junction A5 -> durations [24, 22, 22, 22] (total: 90s)
2026-09-23 22:34:45,905 - RLController - INFO -   Example: junction B0 -> durations [24, 22, 22, 22] (total: 90s)
2026-09-23 22:34:45,905 - RLController - INFO -   Example: junction B1 -> durations [24, 22, 22, 22] (total: 90s)
2026-09-23 22:34:45,905 - RLController - INFO -   Example: junction B2 -> durations [24, 22, 22, 22] (total: 90s)
2026-09-23 22:34:45,905 - RLController - INFO -   Example: junction B4 -> durations [24, 22, 22, 22] (total: 90s)
2026-09-23 22:34:45,905 - RLController - INFO -   Example: junction B5 -> durations [60, 10, 10, 10] (total: 90s)
2026-09-23 22:34:45,906 - RLController - INFO -   Example: junction C0 -> durations [21, 21, 27, 21] (total: 90s)
2026-09-23 22:34:45,906 - RLController - INFO -   Example: junction C1 -> durations [24, 22, 22, 22] (total: 90s)
2026-09-23 22:34:45,906 - RLController - INFO -   Example: junction C2 -> durations [56, 14, 10, 10] (total: 90s)
2026-09-23 22:34:45,906 - RLController - INFO -   Example: junction C3 -> durations [60, 10, 10, 10] (total: 90s)
2026-09-23 22:34:45,906 - RLController - INFO -   Example: junction C4 -> durations [60, 10, 10, 10] (total: 90s)
2026-09-23 22:34:45,906 - RLController - INFO -   Example: junction C5 -> durations [57, 11, 11, 11] (total: 90s)
2026-09-23 22:34:45,906 - RLController - INFO -   Example: junction D0 -> durations [24, 22, 22, 22] (total: 90s)
2026-09-23 22:34:45,906 - RLController - INFO -   Example: junction D1 -> durations [20, 20, 30, 20] (total: 90s)
2026-09-23 22:34:45,907 - RLController - INFO -   Example: junction D2 -> durations [48, 14, 14, 14] (total: 90s)
2026-09-23 22:34:45,907 - RLController - INFO -   Example: junction D3 -> durations [24, 22, 22, 22] (total: 90s)
2026-09-23 22:34:45,907 - RLController - INFO -   Example: junction D4 -> durations [24, 22, 22, 22] (total: 90s)
2026-09-23 22:34:45,907 - RLController - INFO -   Example: junction D5 -> durations [12, 12, 54, 12] (total: 90s)
2026-09-23 22:34:45,907 - RLController - INFO -   Example: junction E0 -> durations [24, 22, 22, 22] (total: 90s)
2026-09-23 22:34:45,907 - RLController - INFO -   Example: junction E1 -> durations [24, 22, 22, 22] (total: 90s)
2026-09-23 22:34:45,908 - RLController - INFO -   Stored schedules for 34 junctions, cycle starts at step 3780
2026-09-23 22:34:49,946 - RLController - INFO - DIAGNOSTIC Step 3870 - Observation stats:
2026-09-23 22:34:49,946 - RLController - INFO -   Hash: 1902650583383341487, Min: 0.000000, Max: 1.000000, Mean: 0.440151, Std: 0.460055
2026-09-23 22:34:49,946 - RLController - INFO -   First 10: [1.         0.         0.         0.         0.         0.53838485
 0.         1.         0.99333334 1.        ]
2026-09-23 22:34:49,947 - RLController - INFO -   Last 10: [0.         0.2        0.         0.08333334 0.49358973 0.00241151
 0.07478633 0.51158047 0.         0.3       ]
2026-09-23 22:34:49,950 - RLController - INFO - DIAGNOSTIC - Raw model action output:
2026-09-23 22:34:49,950 - RLController - INFO -   Action hash: 1722725249721135678
2026-09-23 22:34:49,950 - RLController - INFO -   First 8 values: [ -7.4443603 -10.        -10.        -10.        -10.        -10.
 -10.        -10.       ]
2026-09-23 22:34:49,951 - RLController - INFO -   Last 8 values: [-10.        -10.        -10.        -10.        -10.         -3.4572825
 -10.        -10.       ]
2026-09-23 22:34:49,951 - RLController - INFO -   Action shape: (136,), min: -10.000000, max: 5.432385, mean: -9.271401
2026-09-23 22:34:49,951 - RLController - INFO -   B0 junction (indices 16-19) raw values: [-10. -10. -10. -10.]
2026-09-23 22:34:49,951 - RLController - INFO - Using CONTINUOUS DURATION-BASED mode
2026-09-23 22:34:49,951 - RLController - INFO -   Example: junction A0 -> durations [51, 13, 13, 13] (total: 90s)
2026-09-23 22:34:49,952 - RLController - INFO -   Example: junction A1 -> durations [24, 22, 22, 22] (total: 90s)
2026-09-23 22:34:49,952 - RLController - INFO -   Example: junction A2 -> durations [13, 13, 51, 13] (total: 90s)
2026-09-23 22:34:49,952 - RLController - INFO -   Example: junction A4 -> durations [60, 10, 10, 10] (total: 90s)
2026-09-23 22:34:49,952 - RLController - INFO -   Example: junction A5 -> durations [24, 22, 22, 22] (total: 90s)
2026-09-23 22:34:49,952 - RLController - INFO -   Example: junction B0 -> durations [24, 22, 22, 22] (total: 90s)
2026-09-23 22:34:49,952 - RLController - INFO -   Example: junction B1 -> durations [24, 22, 22, 22] (total: 90s)
2026-09-23 22:34:49,953 - RLController - INFO -   Example: junction B2 -> durations [24, 22, 22, 22] (total: 90s)
2026-09-23 22:34:49,953 - RLController - INFO -   Example: junction B4 -> durations [24, 22, 22, 22] (total: 90s)
2026-09-23 22:34:49,953 - RLController - INFO -   Example: junction B5 -> durations [60, 10, 10, 10] (total: 90s)
2026-09-23 22:34:49,953 - RLController - INFO -   Example: junction C0 -> durations [22, 22, 24, 22] (total: 90s)
2026-09-23 22:34:49,953 - RLController - INFO -   Example: junction C1 -> durations [24, 22, 22, 22] (total: 90s)
2026-09-23 22:34:49,953 - RLController - INFO -   Example: junction C2 -> durations [54, 16, 10, 10] (total: 90s)
2026-09-23 22:34:49,953 - RLController - INFO -   Example: junction C3 -> durations [60, 10, 10, 10] (total: 90s)
2026-09-23 22:34:49,953 - RLController - INFO -   Example: junction C4 -> durations [57, 11, 11, 11] (total: 90s)
2026-09-23 22:34:49,953 - RLController - INFO -   Example: junction C5 -> durations [57, 11, 11, 11] (total: 90s)
2026-09-23 22:34:49,954 - RLController - INFO -   Example: junction D0 -> durations [24, 22, 22, 22] (total: 90s)
2026-09-23 22:34:49,954 - RLController - INFO -   Example: junction D1 -> durations [20, 20, 30, 20] (total: 90s)
2026-09-23 22:34:49,954 - RLController - INFO -   Example: junction D2 -> durations [48, 14, 14, 14] (total: 90s)
2026-09-23 22:34:49,954 - RLController - INFO -   Example: junction D3 -> durations [24, 22, 22, 22] (total: 90s)
2026-09-23 22:34:49,954 - RLController - INFO -   Example: junction D4 -> durations [24, 22, 22, 22] (total: 90s)
2026-09-23 22:34:49,954 - RLController - INFO -   Example: junction D5 -> durations [13, 13, 51, 13] (total: 90s)
2026-09-23 22:34:49,954 - RLController - INFO -   Example: junction E0 -> durations [24, 22, 22, 22] (total: 90s)
2026-09-23 22:34:49,954 - RLController - INFO -   Example: junction E1 -> durations [24, 22, 22, 22] (total: 90s)
2026-09-23 22:34:49,955 - RLController - INFO -   Stored schedules for 34 junctions, cycle starts at step 3870
2026-09-23 22:34:54,078 - RLController - INFO - DIAGNOSTIC Step 3960 - Observation stats:
2026-09-23 22:34:54,079 - RLController - INFO -   Hash: 5065749590811790630, Min: 0.000000, Max: 1.000000, Mean: 0.437908, Std: 0.455882
2026-09-23 22:34:54,079 - RLController - INFO -   First 10: [1.         0.         0.         0.         0.         0.53838485
 1.         0.         0.         0.        ]
2026-09-23 22:34:54,079 - RLController - INFO -   Last 10: [0.         0.2        0.         0.08333334 0.4871795  0.00339448
 0.07658119 0.53290147 0.         0.3       ]
2026-09-23 22:34:54,084 - RLController - INFO - DIAGNOSTIC - Raw model action output:
2026-09-23 22:34:54,084 - RLController - INFO -   Action hash: -6441215391931428277
2026-09-23 22:34:54,085 - RLController - INFO -   First 8 values: [ -7.3705316 -10.        -10.        -10.        -10.        -10.
 -10.        -10.       ]
2026-09-23 22:34:54,085 - RLController - INFO -   Last 8 values: [-10.        -10.        -10.        -10.        -10.         -3.1933434
 -10.        -10.       ]
2026-09-23 22:34:54,085 - RLController - INFO -   Action shape: (136,), min: -10.000000, max: 5.052845, mean: -9.298743
2026-09-23 22:34:54,086 - RLController - INFO -   B0 junction (indices 16-19) raw values: [-10. -10. -10. -10.]
2026-09-23 22:34:54,086 - RLController - INFO - Using CONTINUOUS DURATION-BASED mode
2026-09-23 22:34:54,086 - RLController - INFO -   Example: junction A0 -> durations [51, 13, 13, 13] (total: 90s)
2026-09-23 22:34:54,086 - RLController - INFO -   Example: junction A1 -> durations [24, 22, 22, 22] (total: 90s)
2026-09-23 22:34:54,086 - RLController - INFO -   Example: junction A2 -> durations [12, 12, 54, 12] (total: 90s)
2026-09-23 22:34:54,086 - RLController - INFO -   Example: junction A4 -> durations [60, 10, 10, 10] (total: 90s)
2026-09-23 22:34:54,086 - RLController - INFO -   Example: junction A5 -> durations [24, 22, 22, 22] (total: 90s)
2026-09-23 22:34:54,086 - RLController - INFO -   Example: junction B0 -> durations [24, 22, 22, 22] (total: 90s)
2026-09-23 22:34:54,087 - RLController - INFO -   Example: junction B1 -> durations [24, 22, 22, 22] (total: 90s)
2026-09-23 22:34:54,087 - RLController - INFO -   Example: junction B2 -> durations [24, 22, 22, 22] (total: 90s)
2026-09-23 22:34:54,087 - RLController - INFO -   Example: junction B4 -> durations [24, 22, 22, 22] (total: 90s)
2026-09-23 22:34:54,087 - RLController - INFO -   Example: junction B5 -> durations [60, 10, 10, 10] (total: 90s)
2026-09-23 22:34:54,087 - RLController - INFO -   Example: junction C0 -> durations [22, 22, 24, 22] (total: 90s)
2026-09-23 22:34:54,087 - RLController - INFO -   Example: junction C1 -> durations [24, 22, 22, 22] (total: 90s)
2026-09-23 22:34:54,087 - RLController - INFO -   Example: junction C2 -> durations [56, 14, 10, 10] (total: 90s)
2026-09-23 22:34:54,088 - RLController - INFO -   Example: junction C3 -> durations [60, 10, 10, 10] (total: 90s)
2026-09-23 22:34:54,088 - RLController - INFO -   Example: junction C4 -> durations [60, 10, 10, 10] (total: 90s)
2026-09-23 22:34:54,088 - RLController - INFO -   Example: junction C5 -> durations [57, 11, 11, 11] (total: 90s)
2026-09-23 22:34:54,088 - RLController - INFO -   Example: junction D0 -> durations [24, 22, 22, 22] (total: 90s)
2026-09-23 22:34:54,088 - RLController - INFO -   Example: junction D1 -> durations [21, 21, 27, 21] (total: 90s)
2026-09-23 22:34:54,088 - RLController - INFO -   Example: junction D2 -> durations [48, 14, 14, 14] (total: 90s)
2026-09-23 22:34:54,088 - RLController - INFO -   Example: junction D3 -> durations [24, 22, 22, 22] (total: 90s)
2026-09-23 22:34:54,088 - RLController - INFO -   Example: junction D4 -> durations [24, 22, 22, 22] (total: 90s)
2026-09-23 22:34:54,089 - RLController - INFO -   Example: junction D5 -> durations [13, 13, 51, 13] (total: 90s)
2026-09-23 22:34:54,089 - RLController - INFO -   Example: junction E0 -> durations [24, 22, 22, 22] (total: 90s)
2026-09-23 22:34:54,089 - RLController - INFO -   Example: junction E1 -> durations [24, 22, 22, 22] (total: 90s)
2026-09-23 22:34:54,090 - RLController - INFO -   Stored schedules for 34 junctions, cycle starts at step 3960
2026-09-23 22:34:58,529 - RLController - INFO - DIAGNOSTIC Step 4050 - Observation stats:
2026-09-23 22:34:58,529 - RLController - INFO -   Hash: 6882871418997742267, Min: 0.000000, Max: 1.000000, Mean: 0.440170, Std: 0.457238
2026-09-23 22:34:58,530 - RLController - INFO -   First 10: [1.         0.         0.         0.         0.         0.53838485
 1.         0.         0.         0.        ]
2026-09-23 22:34:58,530 - RLController - INFO -   Last 10: [0.         0.2        0.         0.08333334 0.50427353 0.00352994
 0.07628205 0.516994   0.         0.3       ]
2026-09-23 22:34:58,535 - RLController - INFO - DIAGNOSTIC - Raw model action output:
2026-09-23 22:34:58,535 - RLController - INFO -   Action hash: 2795666976365990946
2026-09-23 22:34:58,536 - RLController - INFO -   First 8 values: [ -7.411795 -10.       -10.       -10.       -10.       -10.
 -10.       -10.      ]
2026-09-23 22:34:58,536 - RLController - INFO -   Last 8 values: [-10.        -10.        -10.        -10.        -10.         -2.2203577
 -10.        -10.       ]
2026-09-23 22:34:58,536 - RLController - INFO -   Action shape: (136,), min: -10.000000, max: 5.135155, mean: -9.273791
2026-09-23 22:34:58,536 - RLController - INFO -   B0 junction (indices 16-19) raw values: [ -9.872435 -10.       -10.       -10.      ]
2026-09-23 22:34:58,536 - RLController - INFO - Using CONTINUOUS DURATION-BASED mode
2026-09-23 22:34:58,536 - RLController - INFO -   Example: junction A0 -> durations [51, 13, 13, 13] (total: 90s)
2026-09-23 22:34:58,537 - RLController - INFO -   Example: junction A1 -> durations [24, 22, 22, 22] (total: 90s)
2026-09-23 22:34:58,537 - RLController - INFO -   Example: junction A2 -> durations [12, 12, 54, 12] (total: 90s)
2026-09-23 22:34:58,537 - RLController - INFO -   Example: junction A4 -> durations [60, 10, 10, 10] (total: 90s)
2026-09-23 22:34:58,537 - RLController - INFO -   Example: junction A5 -> durations [24, 22, 22, 22] (total: 90s)
2026-09-23 22:34:58,537 - RLController - INFO -   Example: junction B0 -> durations [24, 22, 22, 22] (total: 90s)
2026-09-23 22:34:58,537 - RLController - INFO -   Example: junction B1 -> durations [24, 22, 22, 22] (total: 90s)
2026-09-23 22:34:58,537 - RLController - INFO -   Example: junction B2 -> durations [24, 22, 22, 22] (total: 90s)
2026-09-23 22:34:58,537 - RLController - INFO -   Example: junction B4 -> durations [24, 22, 22, 22] (total: 90s)
2026-09-23 22:34:58,538 - RLController - INFO -   Example: junction B5 -> durations [60, 10, 10, 10] (total: 90s)
2026-09-23 22:34:58,538 - RLController - INFO -   Example: junction C0 -> durations [22, 22, 24, 22] (total: 90s)
2026-09-23 22:34:58,538 - RLController - INFO -   Example: junction C1 -> durations [24, 22, 22, 22] (total: 90s)
2026-09-23 22:34:58,538 - RLController - INFO -   Example: junction C2 -> durations [58, 12, 10, 10] (total: 90s)
2026-09-23 22:34:58,538 - RLController - INFO -   Example: junction C3 -> durations [60, 10, 10, 10] (total: 90s)
2026-09-23 22:34:58,538 - RLController - INFO -   Example: junction C4 -> durations [60, 10, 10, 10] (total: 90s)
2026-09-23 22:34:58,538 - RLController - INFO -   Example: junction C5 -> durations [57, 11, 11, 11] (total: 90s)
2026-09-23 22:34:58,538 - RLController - INFO -   Example: junction D0 -> durations [24, 22, 22, 22] (total: 90s)
2026-09-23 22:34:58,539 - RLController - INFO -   Example: junction D1 -> durations [21, 21, 27, 21] (total: 90s)
2026-09-23 22:34:58,539 - RLController - INFO -   Example: junction D2 -> durations [48, 14, 14, 14] (total: 90s)
2026-09-23 22:34:58,539 - RLController - INFO -   Example: junction D3 -> durations [24, 22, 22, 22] (total: 90s)
2026-09-23 22:34:58,539 - RLController - INFO -   Example: junction D4 -> durations [24, 22, 22, 22] (total: 90s)
2026-09-23 22:34:58,539 - RLController - INFO -   Example: junction D5 -> durations [13, 13, 51, 13] (total: 90s)
2026-09-23 22:34:58,539 - RLController - INFO -   Example: junction E0 -> durations [24, 22, 22, 22] (total: 90s)
2026-09-23 22:34:58,539 - RLController - INFO -   Example: junction E1 -> durations [24, 22, 22, 22] (total: 90s)
2026-09-23 22:34:58,540 - RLController - INFO -   Stored schedules for 34 junctions, cycle starts at step 4050
2026-09-23 22:35:02,960 - RLController - INFO - DIAGNOSTIC Step 4140 - Observation stats:
2026-09-23 22:35:02,961 - RLController - INFO -   Hash: 3869842071950688496, Min: 0.000000, Max: 1.000000, Mean: 0.444031, Std: 0.456964
2026-09-23 22:35:02,961 - RLController - INFO -   First 10: [1.         0.         0.         0.         0.         0.53838485
 1.         0.         0.         0.        ]
2026-09-23 22:35:02,962 - RLController - INFO -   Last 10: [0.         0.2        0.         0.08333334 0.5106838  0.00370893
 0.07910256 0.5113704  0.         0.3       ]
2026-09-23 22:35:02,967 - RLController - INFO - DIAGNOSTIC - Raw model action output:
2026-09-23 22:35:02,967 - RLController - INFO -   Action hash: 5107077099185615848
2026-09-23 22:35:02,968 - RLController - INFO -   First 8 values: [ -7.396853 -10.       -10.       -10.       -10.       -10.
 -10.       -10.      ]
2026-09-23 22:35:02,968 - RLController - INFO -   Last 8 values: [-10.       -10.       -10.       -10.       -10.        -3.569874
 -10.       -10.      ]
2026-09-23 22:35:02,968 - RLController - INFO -   Action shape: (136,), min: -10.000000, max: 4.833473, mean: -9.284629
2026-09-23 22:35:02,969 - RLController - INFO -   B0 junction (indices 16-19) raw values: [-10. -10. -10. -10.]
2026-09-23 22:35:02,969 - RLController - INFO - Using CONTINUOUS DURATION-BASED mode
2026-09-23 22:35:02,969 - RLController - INFO -   Example: junction A0 -> durations [51, 13, 13, 13] (total: 90s)
2026-09-23 22:35:02,969 - RLController - INFO -   Example: junction A1 -> durations [24, 22, 22, 22] (total: 90s)
2026-09-23 22:35:02,969 - RLController - INFO -   Example: junction A2 -> durations [12, 12, 54, 12] (total: 90s)
2026-09-23 22:35:02,970 - RLController - INFO -   Example: junction A4 -> durations [60, 10, 10, 10] (total: 90s)
2026-09-23 22:35:02,970 - RLController - INFO -   Example: junction A5 -> durations [24, 22, 22, 22] (total: 90s)
2026-09-23 22:35:02,970 - RLController - INFO -   Example: junction B0 -> durations [24, 22, 22, 22] (total: 90s)
2026-09-23 22:35:02,970 - RLController - INFO -   Example: junction B1 -> durations [24, 22, 22, 22] (total: 90s)
2026-09-23 22:35:02,970 - RLController - INFO -   Example: junction B2 -> durations [24, 22, 22, 22] (total: 90s)
2026-09-23 22:35:02,971 - RLController - INFO -   Example: junction B4 -> durations [24, 22, 22, 22] (total: 90s)
2026-09-23 22:35:02,971 - RLController - INFO -   Example: junction B5 -> durations [60, 10, 10, 10] (total: 90s)
2026-09-23 22:35:02,971 - RLController - INFO -   Example: junction C0 -> durations [21, 21, 27, 21] (total: 90s)
2026-09-23 22:35:02,971 - RLController - INFO -   Example: junction C1 -> durations [24, 22, 22, 22] (total: 90s)
2026-09-23 22:35:02,971 - RLController - INFO -   Example: junction C2 -> durations [56, 14, 10, 10] (total: 90s)
2026-09-23 22:35:02,972 - RLController - INFO -   Example: junction C3 -> durations [60, 10, 10, 10] (total: 90s)
2026-09-23 22:35:02,972 - RLController - INFO -   Example: junction C4 -> durations [60, 10, 10, 10] (total: 90s)
2026-09-23 22:35:02,972 - RLController - INFO -   Example: junction C5 -> durations [57, 11, 11, 11] (total: 90s)
2026-09-23 22:35:02,972 - RLController - INFO -   Example: junction D0 -> durations [24, 22, 22, 22] (total: 90s)
2026-09-23 22:35:02,972 - RLController - INFO -   Example: junction D1 -> durations [21, 21, 27, 21] (total: 90s)
2026-09-23 22:35:02,973 - RLController - INFO -   Example: junction D2 -> durations [48, 14, 14, 14] (total: 90s)
2026-09-23 22:35:02,973 - RLController - INFO -   Example: junction D3 -> durations [24, 22, 22, 22] (total: 90s)
2026-09-23 22:35:02,973 - RLController - INFO -   Example: junction D4 -> durations [24, 22, 22, 22] (total: 90s)
2026-09-23 22:35:02,973 - RLController - INFO -   Example: junction D5 -> durations [13, 13, 51, 13] (total: 90s)
2026-09-23 22:35:02,974 - RLController - INFO -   Example: junction E0 -> durations [24, 22, 22, 22] (total: 90s)
2026-09-23 22:35:02,974 - RLController - INFO -   Example: junction E1 -> durations [24, 22, 22, 22] (total: 90s)
2026-09-23 22:35:02,975 - RLController - INFO -   Stored schedules for 34 junctions, cycle starts at step 4140
2026-09-23 22:35:07,527 - RLController - INFO - DIAGNOSTIC Step 4230 - Observation stats:
2026-09-23 22:35:07,528 - RLController - INFO -   Hash: -4074872179015256882, Min: 0.000000, Max: 1.000000, Mean: 0.448179, Std: 0.458432
2026-09-23 22:35:07,528 - RLController - INFO -   First 10: [1.         0.         0.         0.         0.         0.53838485
 0.         1.         0.99333334 1.        ]
2026-09-23 22:35:07,529 - RLController - INFO -   Last 10: [0.         0.2        0.         0.08333334 0.5106838  0.00304524
 0.07940171 0.50573474 0.         0.3       ]
2026-09-23 22:35:07,534 - RLController - INFO - DIAGNOSTIC - Raw model action output:
2026-09-23 22:35:07,534 - RLController - INFO -   Action hash: -7858981251885028956
2026-09-23 22:35:07,534 - RLController - INFO -   First 8 values: [ -7.5815673 -10.        -10.        -10.        -10.        -10.
 -10.        -10.       ]
2026-09-23 22:35:07,534 - RLController - INFO -   Last 8 values: [-10.        -10.        -10.        -10.        -10.         -2.2292569
 -10.        -10.       ]
2026-09-23 22:35:07,535 - RLController - INFO -   Action shape: (136,), min: -10.000000, max: 4.910836, mean: -9.270549
2026-09-23 22:35:07,535 - RLController - INFO -   B0 junction (indices 16-19) raw values: [-10. -10. -10. -10.]
2026-09-23 22:35:07,535 - RLController - INFO - Using CONTINUOUS DURATION-BASED mode
2026-09-23 22:35:07,535 - RLController - INFO -   Example: junction A0 -> durations [48, 14, 14, 14] (total: 90s)
2026-09-23 22:35:07,535 - RLController - INFO -   Example: junction A1 -> durations [24, 22, 22, 22] (total: 90s)
2026-09-23 22:35:07,535 - RLController - INFO -   Example: junction A2 -> durations [12, 12, 54, 12] (total: 90s)
2026-09-23 22:35:07,535 - RLController - INFO -   Example: junction A4 -> durations [60, 10, 10, 10] (total: 90s)
2026-09-23 22:35:07,536 - RLController - INFO -   Example: junction A5 -> durations [24, 22, 22, 22] (total: 90s)
2026-09-23 22:35:07,536 - RLController - INFO -   Example: junction B0 -> durations [24, 22, 22, 22] (total: 90s)
2026-09-23 22:35:07,536 - RLController - INFO -   Example: junction B1 -> durations [24, 22, 22, 22] (total: 90s)
2026-09-23 22:35:07,536 - RLController - INFO -   Example: junction B2 -> durations [24, 22, 22, 22] (total: 90s)
2026-09-23 22:35:07,536 - RLController - INFO -   Example: junction B4 -> durations [24, 22, 22, 22] (total: 90s)
2026-09-23 22:35:07,536 - RLController - INFO -   Example: junction B5 -> durations [60, 10, 10, 10] (total: 90s)
2026-09-23 22:35:07,536 - RLController - INFO -   Example: junction C0 -> durations [22, 22, 24, 22] (total: 90s)
2026-09-23 22:35:07,536 - RLController - INFO -   Example: junction C1 -> durations [24, 22, 22, 22] (total: 90s)
2026-09-23 22:35:07,537 - RLController - INFO -   Example: junction C2 -> durations [57, 13, 10, 10] (total: 90s)
2026-09-23 22:35:07,537 - RLController - INFO -   Example: junction C3 -> durations [60, 10, 10, 10] (total: 90s)
2026-09-23 22:35:07,537 - RLController - INFO -   Example: junction C4 -> durations [60, 10, 10, 10] (total: 90s)
2026-09-23 22:35:07,537 - RLController - INFO -   Example: junction C5 -> durations [57, 11, 11, 11] (total: 90s)
2026-09-23 22:35:07,537 - RLController - INFO -   Example: junction D0 -> durations [24, 22, 22, 22] (total: 90s)
2026-09-23 22:35:07,537 - RLController - INFO -   Example: junction D1 -> durations [22, 22, 24, 22] (total: 90s)
2026-09-23 22:35:07,537 - RLController - INFO -   Example: junction D2 -> durations [48, 14, 14, 14] (total: 90s)
2026-09-23 22:35:07,537 - RLController - INFO -   Example: junction D3 -> durations [24, 22, 22, 22] (total: 90s)
2026-09-23 22:35:07,538 - RLController - INFO -   Example: junction D4 -> durations [24, 22, 22, 22] (total: 90s)
2026-09-23 22:35:07,538 - RLController - INFO -   Example: junction D5 -> durations [13, 13, 51, 13] (total: 90s)
2026-09-23 22:35:07,538 - RLController - INFO -   Example: junction E0 -> durations [24, 22, 22, 22] (total: 90s)
2026-09-23 22:35:07,538 - RLController - INFO -   Example: junction E1 -> durations [24, 22, 22, 22] (total: 90s)
2026-09-23 22:35:07,539 - RLController - INFO -   Stored schedules for 34 junctions, cycle starts at step 4230
2026-09-23 22:35:11,727 - RLController - INFO - DIAGNOSTIC Step 4320 - Observation stats:
2026-09-23 22:35:11,727 - RLController - INFO -   Hash: -5543025877671746673, Min: 0.000000, Max: 1.000000, Mean: 0.444086, Std: 0.458073
2026-09-23 22:35:11,727 - RLController - INFO -   First 10: [0.14285715 1.         0.98       1.         0.10362204 0.07935341
 0.         1.         0.99333334 1.        ]
2026-09-23 22:35:11,728 - RLController - INFO -   Last 10: [0.         0.2        0.         0.08333334 0.517094   0.00301272
 0.07850427 0.5019591  0.         0.3       ]
2026-09-23 22:35:11,732 - RLController - INFO - DIAGNOSTIC - Raw model action output:
2026-09-23 22:35:11,732 - RLController - INFO -   Action hash: 994827031569045764
2026-09-23 22:35:11,732 - RLController - INFO -   First 8 values: [ -7.649347 -10.       -10.       -10.       -10.       -10.
 -10.       -10.      ]
2026-09-23 22:35:11,732 - RLController - INFO -   Last 8 values: [-10.       -10.       -10.       -10.       -10.        -2.073552
 -10.       -10.      ]
2026-09-23 22:35:11,733 - RLController - INFO -   Action shape: (136,), min: -10.000000, max: 4.960825, mean: -9.243886
2026-09-23 22:35:11,733 - RLController - INFO -   B0 junction (indices 16-19) raw values: [-10. -10. -10. -10.]
2026-09-23 22:35:11,733 - RLController - INFO - Using CONTINUOUS DURATION-BASED mode
2026-09-23 22:35:11,733 - RLController - INFO -   Example: junction A0 -> durations [48, 14, 14, 14] (total: 90s)
2026-09-23 22:35:11,733 - RLController - INFO -   Example: junction A1 -> durations [24, 22, 22, 22] (total: 90s)
2026-09-23 22:35:11,733 - RLController - INFO -   Example: junction A2 -> durations [13, 13, 51, 13] (total: 90s)
2026-09-23 22:35:11,733 - RLController - INFO -   Example: junction A4 -> durations [60, 10, 10, 10] (total: 90s)
2026-09-23 22:35:11,734 - RLController - INFO -   Example: junction A5 -> durations [24, 22, 22, 22] (total: 90s)
2026-09-23 22:35:11,734 - RLController - INFO -   Example: junction B0 -> durations [24, 22, 22, 22] (total: 90s)
2026-09-23 22:35:11,734 - RLController - INFO -   Example: junction B1 -> durations [24, 22, 22, 22] (total: 90s)
2026-09-23 22:35:11,734 - RLController - INFO -   Example: junction B2 -> durations [24, 22, 22, 22] (total: 90s)
2026-09-23 22:35:11,734 - RLController - INFO -   Example: junction B4 -> durations [24, 22, 22, 22] (total: 90s)
2026-09-23 22:35:11,734 - RLController - INFO -   Example: junction B5 -> durations [60, 10, 10, 10] (total: 90s)
2026-09-23 22:35:11,734 - RLController - INFO -   Example: junction C0 -> durations [22, 22, 24, 22] (total: 90s)
2026-09-23 22:35:11,734 - RLController - INFO -   Example: junction C1 -> durations [24, 22, 22, 22] (total: 90s)
2026-09-23 22:35:11,735 - RLController - INFO -   Example: junction C2 -> durations [56, 14, 10, 10] (total: 90s)
2026-09-23 22:35:11,735 - RLController - INFO -   Example: junction C3 -> durations [60, 10, 10, 10] (total: 90s)
2026-09-23 22:35:11,735 - RLController - INFO -   Example: junction C4 -> durations [60, 10, 10, 10] (total: 90s)
2026-09-23 22:35:11,735 - RLController - INFO -   Example: junction C5 -> durations [57, 11, 11, 11] (total: 90s)
2026-09-23 22:35:11,735 - RLController - INFO -   Example: junction D0 -> durations [24, 22, 22, 22] (total: 90s)
2026-09-23 22:35:11,735 - RLController - INFO -   Example: junction D1 -> durations [21, 21, 27, 21] (total: 90s)
2026-09-23 22:35:11,735 - RLController - INFO -   Example: junction D2 -> durations [51, 13, 13, 13] (total: 90s)
2026-09-23 22:35:11,735 - RLController - INFO -   Example: junction D3 -> durations [24, 22, 22, 22] (total: 90s)
2026-09-23 22:35:11,736 - RLController - INFO -   Example: junction D4 -> durations [24, 22, 22, 22] (total: 90s)
2026-09-23 22:35:11,736 - RLController - INFO -   Example: junction D5 -> durations [13, 13, 51, 13] (total: 90s)
2026-09-23 22:35:11,736 - RLController - INFO -   Example: junction E0 -> durations [24, 22, 22, 22] (total: 90s)
2026-09-23 22:35:11,736 - RLController - INFO -   Example: junction E1 -> durations [24, 22, 22, 22] (total: 90s)
2026-09-23 22:35:11,737 - RLController - INFO -   Stored schedules for 34 junctions, cycle starts at step 4320
2026-09-23 22:35:16,059 - RLController - INFO - DIAGNOSTIC Step 4410 - Observation stats:
2026-09-23 22:35:16,059 - RLController - INFO -   Hash: -198632435335304643, Min: 0.000000, Max: 1.000000, Mean: 0.438088, Std: 0.457118
2026-09-23 22:35:16,060 - RLController - INFO -   First 10: [0.15731035 0.         0.98       1.         0.09099365 0.09019648
 0.         1.         0.99333334 1.        ]
2026-09-23 22:35:16,060 - RLController - INFO -   Last 10: [0.         0.2        0.         0.08333334 0.49358973 0.00347438
 0.07799146 0.52316844 0.         0.3       ]
2026-09-23 22:35:16,069 - RLController - INFO - DIAGNOSTIC - Raw model action output:
2026-09-23 22:35:16,069 - RLController - INFO -   Action hash: -1320605450242439053
2026-09-23 22:35:16,069 - RLController - INFO -   First 8 values: [ -7.1882405 -10.        -10.        -10.        -10.        -10.
 -10.        -10.       ]
2026-09-23 22:35:16,069 - RLController - INFO -   Last 8 values: [-10.        -10.        -10.        -10.        -10.         -2.1676495
 -10.        -10.       ]
2026-09-23 22:35:16,069 - RLController - INFO -   Action shape: (136,), min: -10.000000, max: 5.339271, mean: -9.222372
2026-09-23 22:35:16,070 - RLController - INFO -   B0 junction (indices 16-19) raw values: [ -9.327796 -10.       -10.       -10.      ]
2026-09-23 22:35:16,070 - RLController - INFO - Using CONTINUOUS DURATION-BASED mode
2026-09-23 22:35:16,070 - RLController - INFO -   Example: junction A0 -> durations [51, 13, 13, 13] (total: 90s)
2026-09-23 22:35:16,070 - RLController - INFO -   Example: junction A1 -> durations [24, 22, 22, 22] (total: 90s)
2026-09-23 22:35:16,070 - RLController - INFO -   Example: junction A2 -> durations [12, 12, 54, 12] (total: 90s)
2026-09-23 22:35:16,070 - RLController - INFO -   Example: junction A4 -> durations [60, 10, 10, 10] (total: 90s)
2026-09-23 22:35:16,071 - RLController - INFO -   Example: junction A5 -> durations [30, 20, 20, 20] (total: 90s)
2026-09-23 22:35:16,071 - RLController - INFO -   Example: junction B0 -> durations [24, 22, 22, 22] (total: 90s)
2026-09-23 22:35:16,071 - RLController - INFO -   Example: junction B1 -> durations [24, 22, 22, 22] (total: 90s)
2026-09-23 22:35:16,071 - RLController - INFO -   Example: junction B2 -> durations [24, 22, 22, 22] (total: 90s)
2026-09-23 22:35:16,071 - RLController - INFO -   Example: junction B4 -> durations [24, 22, 22, 22] (total: 90s)
2026-09-23 22:35:16,071 - RLController - INFO -   Example: junction B5 -> durations [60, 10, 10, 10] (total: 90s)
2026-09-23 22:35:16,071 - RLController - INFO -   Example: junction C0 -> durations [21, 21, 27, 21] (total: 90s)
2026-09-23 22:35:16,072 - RLController - INFO -   Example: junction C1 -> durations [24, 22, 22, 22] (total: 90s)
2026-09-23 22:35:16,072 - RLController - INFO -   Example: junction C2 -> durations [56, 14, 10, 10] (total: 90s)
2026-09-23 22:35:16,072 - RLController - INFO -   Example: junction C3 -> durations [60, 10, 10, 10] (total: 90s)
2026-09-23 22:35:16,072 - RLController - INFO -   Example: junction C4 -> durations [60, 10, 10, 10] (total: 90s)
2026-09-23 22:35:16,072 - RLController - INFO -   Example: junction C5 -> durations [57, 11, 11, 11] (total: 90s)
2026-09-23 22:35:16,072 - RLController - INFO -   Example: junction D0 -> durations [24, 22, 22, 22] (total: 90s)
2026-09-23 22:35:16,072 - RLController - INFO -   Example: junction D1 -> durations [19, 19, 33, 19] (total: 90s)
2026-09-23 22:35:16,072 - RLController - INFO -   Example: junction D2 -> durations [51, 13, 13, 13] (total: 90s)
2026-09-23 22:35:16,073 - RLController - INFO -   Example: junction D3 -> durations [24, 22, 22, 22] (total: 90s)
2026-09-23 22:35:16,073 - RLController - INFO -   Example: junction D4 -> durations [24, 22, 22, 22] (total: 90s)
2026-09-23 22:35:16,073 - RLController - INFO -   Example: junction D5 -> durations [12, 12, 54, 12] (total: 90s)
2026-09-23 22:35:16,073 - RLController - INFO -   Example: junction E0 -> durations [24, 22, 22, 22] (total: 90s)
2026-09-23 22:35:16,073 - RLController - INFO -   Example: junction E1 -> durations [24, 22, 22, 22] (total: 90s)
2026-09-23 22:35:16,074 - RLController - INFO -   Stored schedules for 34 junctions, cycle starts at step 4410
2026-09-23 22:35:20,434 - RLController - INFO - DIAGNOSTIC Step 4500 - Observation stats:
2026-09-23 22:35:20,435 - RLController - INFO -   Hash: -372264334044102573, Min: 0.000000, Max: 1.000000, Mean: 0.431163, Std: 0.454406
2026-09-23 22:35:20,435 - RLController - INFO -   First 10: [0.         1.         0.99333334 1.         1.         0.
 0.         1.         0.99333334 1.        ]
2026-09-23 22:35:20,436 - RLController - INFO -   Last 10: [0.         0.2        0.         0.08333334 0.4722222  0.00359788
 0.07777778 0.5485271  0.         0.3       ]
2026-09-23 22:35:20,441 - RLController - INFO - DIAGNOSTIC - Raw model action output:
2026-09-23 22:35:20,441 - RLController - INFO -   Action hash: 5764407559776147655
2026-09-23 22:35:20,442 - RLController - INFO -   First 8 values: [ -7.253974 -10.       -10.       -10.       -10.       -10.
 -10.       -10.      ]
2026-09-23 22:35:20,442 - RLController - INFO -   Last 8 values: [-10.        -10.        -10.        -10.        -10.         -1.6823914
 -10.        -10.       ]
2026-09-23 22:35:20,442 - RLController - INFO -   Action shape: (136,), min: -10.000000, max: 5.038314, mean: -9.252161
2026-09-23 22:35:20,442 - RLController - INFO -   B0 junction (indices 16-19) raw values: [ -9.373056 -10.       -10.       -10.      ]
2026-09-23 22:35:20,442 - RLController - INFO - Using CONTINUOUS DURATION-BASED mode
2026-09-23 22:35:20,443 - RLController - INFO -   Example: junction A0 -> durations [51, 13, 13, 13] (total: 90s)
2026-09-23 22:35:20,443 - RLController - INFO -   Example: junction A1 -> durations [24, 22, 22, 22] (total: 90s)
2026-09-23 22:35:20,443 - RLController - INFO -   Example: junction A2 -> durations [11, 11, 57, 11] (total: 90s)
2026-09-23 22:35:20,443 - RLController - INFO -   Example: junction A4 -> durations [60, 10, 10, 10] (total: 90s)
2026-09-23 22:35:20,443 - RLController - INFO -   Example: junction A5 -> durations [30, 20, 20, 20] (total: 90s)
2026-09-23 22:35:20,443 - RLController - INFO -   Example: junction B0 -> durations [24, 22, 22, 22] (total: 90s)
2026-09-23 22:35:20,443 - RLController - INFO -   Example: junction B1 -> durations [24, 22, 22, 22] (total: 90s)
2026-09-23 22:35:20,444 - RLController - INFO -   Example: junction B2 -> durations [24, 22, 22, 22] (total: 90s)
2026-09-23 22:35:20,444 - RLController - INFO -   Example: junction B4 -> durations [24, 22, 22, 22] (total: 90s)
2026-09-23 22:35:20,444 - RLController - INFO -   Example: junction B5 -> durations [60, 10, 10, 10] (total: 90s)
2026-09-23 22:35:20,444 - RLController - INFO -   Example: junction C0 -> durations [20, 20, 30, 20] (total: 90s)
2026-09-23 22:35:20,444 - RLController - INFO -   Example: junction C1 -> durations [24, 22, 22, 22] (total: 90s)
2026-09-23 22:35:20,444 - RLController - INFO -   Example: junction C2 -> durations [57, 13, 10, 10] (total: 90s)
2026-09-23 22:35:20,445 - RLController - INFO -   Example: junction C3 -> durations [60, 10, 10, 10] (total: 90s)
2026-09-23 22:35:20,445 - RLController - INFO -   Example: junction C4 -> durations [60, 10, 10, 10] (total: 90s)
2026-09-23 22:35:20,445 - RLController - INFO -   Example: junction C5 -> durations [57, 11, 11, 11] (total: 90s)
2026-09-23 22:35:20,445 - RLController - INFO -   Example: junction D0 -> durations [24, 22, 22, 22] (total: 90s)
2026-09-23 22:35:20,445 - RLController - INFO -   Example: junction D1 -> durations [20, 20, 30, 20] (total: 90s)
2026-09-23 22:35:20,445 - RLController - INFO -   Example: junction D2 -> durations [51, 13, 13, 13] (total: 90s)
2026-09-23 22:35:20,445 - RLController - INFO -   Example: junction D3 -> durations [24, 22, 22, 22] (total: 90s)
2026-09-23 22:35:20,445 - RLController - INFO -   Example: junction D4 -> durations [24, 22, 22, 22] (total: 90s)
2026-09-23 22:35:20,445 - RLController - INFO -   Example: junction D5 -> durations [13, 13, 51, 13] (total: 90s)
2026-09-23 22:35:20,446 - RLController - INFO -   Example: junction E0 -> durations [24, 22, 22, 22] (total: 90s)
2026-09-23 22:35:20,446 - RLController - INFO -   Example: junction E1 -> durations [24, 22, 22, 22] (total: 90s)
2026-09-23 22:35:20,446 - RLController - INFO -   Stored schedules for 34 junctions, cycle starts at step 4500
2026-09-23 22:35:24,402 - RLController - INFO - DIAGNOSTIC Step 4590 - Observation stats:
2026-09-23 22:35:24,402 - RLController - INFO -   Hash: 9035232403301716238, Min: 0.000000, Max: 1.000000, Mean: 0.438223, Std: 0.455436
2026-09-23 22:35:24,403 - RLController - INFO -   First 10: [1.         0.         0.         0.         0.         0.59615415
 0.         1.         0.99333334 1.        ]
2026-09-23 22:35:24,403 - RLController - INFO -   Last 10: [0.         0.2        0.         0.08333334 0.49358973 0.00394688
 0.08       0.5307934  0.         0.3       ]
2026-09-23 22:35:24,407 - RLController - INFO - DIAGNOSTIC - Raw model action output:
2026-09-23 22:35:24,407 - RLController - INFO -   Action hash: 8369670146675660897
2026-09-23 22:35:24,407 - RLController - INFO -   First 8 values: [ -7.42596 -10.      -10.      -10.      -10.      -10.      -10.
 -10.     ]
2026-09-23 22:35:24,407 - RLController - INFO -   Last 8 values: [-10.        -10.        -10.        -10.        -10.         -2.1487963
 -10.        -10.       ]
2026-09-23 22:35:24,408 - RLController - INFO -   Action shape: (136,), min: -10.000000, max: 4.475253, mean: -9.294621
2026-09-23 22:35:24,408 - RLController - INFO -   B0 junction (indices 16-19) raw values: [ -9.989747 -10.       -10.       -10.      ]
2026-09-23 22:35:24,408 - RLController - INFO - Using CONTINUOUS DURATION-BASED mode
2026-09-23 22:35:24,408 - RLController - INFO -   Example: junction A0 -> durations [51, 13, 13, 13] (total: 90s)
2026-09-23 22:35:24,408 - RLController - INFO -   Example: junction A1 -> durations [24, 22, 22, 22] (total: 90s)
2026-09-23 22:35:24,408 - RLController - INFO -   Example: junction A2 -> durations [12, 12, 54, 12] (total: 90s)
2026-09-23 22:35:24,408 - RLController - INFO -   Example: junction A4 -> durations [60, 10, 10, 10] (total: 90s)
2026-09-23 22:35:24,408 - RLController - INFO -   Example: junction A5 -> durations [24, 22, 22, 22] (total: 90s)
2026-09-23 22:35:24,408 - RLController - INFO -   Example: junction B0 -> durations [24, 22, 22, 22] (total: 90s)
2026-09-23 22:35:24,409 - RLController - INFO -   Example: junction B1 -> durations [24, 22, 22, 22] (total: 90s)
2026-09-23 22:35:24,409 - RLController - INFO -   Example: junction B2 -> durations [24, 22, 22, 22] (total: 90s)
2026-09-23 22:35:24,409 - RLController - INFO -   Example: junction B4 -> durations [24, 22, 22, 22] (total: 90s)
2026-09-23 22:35:24,409 - RLController - INFO -   Example: junction B5 -> durations [60, 10, 10, 10] (total: 90s)
2026-09-23 22:35:24,409 - RLController - INFO -   Example: junction C0 -> durations [22, 22, 24, 22] (total: 90s)
2026-09-23 22:35:24,409 - RLController - INFO -   Example: junction C1 -> durations [24, 22, 22, 22] (total: 90s)
2026-09-23 22:35:24,409 - RLController - INFO -   Example: junction C2 -> durations [56, 14, 10, 10] (total: 90s)
2026-09-23 22:35:24,410 - RLController - INFO -   Example: junction C3 -> durations [60, 10, 10, 10] (total: 90s)
2026-09-23 22:35:24,410 - RLController - INFO -   Example: junction C4 -> durations [60, 10, 10, 10] (total: 90s)
2026-09-23 22:35:24,410 - RLController - INFO -   Example: junction C5 -> durations [57, 11, 11, 11] (total: 90s)
2026-09-23 22:35:24,410 - RLController - INFO -   Example: junction D0 -> durations [24, 22, 22, 22] (total: 90s)
2026-09-23 22:35:24,410 - RLController - INFO -   Example: junction D1 -> durations [21, 21, 27, 21] (total: 90s)
2026-09-23 22:35:24,410 - RLController - INFO -   Example: junction D2 -> durations [48, 14, 14, 14] (total: 90s)
2026-09-23 22:35:24,410 - RLController - INFO -   Example: junction D3 -> durations [24, 22, 22, 22] (total: 90s)
2026-09-23 22:35:24,411 - RLController - INFO -   Example: junction D4 -> durations [24, 22, 22, 22] (total: 90s)
2026-09-23 22:35:24,411 - RLController - INFO -   Example: junction D5 -> durations [14, 14, 48, 14] (total: 90s)
2026-09-23 22:35:24,411 - RLController - INFO -   Example: junction E0 -> durations [24, 22, 22, 22] (total: 90s)
2026-09-23 22:35:24,411 - RLController - INFO -   Example: junction E1 -> durations [24, 22, 22, 22] (total: 90s)
2026-09-23 22:35:24,412 - RLController - INFO -   Stored schedules for 34 junctions, cycle starts at step 4590
2026-09-23 22:35:28,770 - RLController - INFO - DIAGNOSTIC Step 4680 - Observation stats:
2026-09-23 22:35:28,770 - RLController - INFO -   Hash: 432796681849700003, Min: 0.000000, Max: 1.000000, Mean: 0.439641, Std: 0.455852
2026-09-23 22:35:28,770 - RLController - INFO -   First 10: [1.         0.         0.         0.         0.         0.59615415
 0.         1.         0.99333334 1.        ]
2026-09-23 22:35:28,770 - RLController - INFO -   Last 10: [0.         0.2        0.         0.08333334 0.50427353 0.00349799
 0.07974359 0.51678103 0.         0.3       ]
2026-09-23 22:35:28,775 - RLController - INFO - DIAGNOSTIC - Raw model action output:
2026-09-23 22:35:28,775 - RLController - INFO -   Action hash: -7177344144175013129
2026-09-23 22:35:28,776 - RLController - INFO -   First 8 values: [ -7.5334005 -10.        -10.        -10.        -10.        -10.
 -10.        -10.       ]
2026-09-23 22:35:28,776 - RLController - INFO -   Last 8 values: [-10.       -10.       -10.       -10.       -10.        -0.814799
 -10.       -10.      ]
2026-09-23 22:35:28,776 - RLController - INFO -   Action shape: (136,), min: -10.000000, max: 4.930732, mean: -9.283510
2026-09-23 22:35:28,776 - RLController - INFO -   B0 junction (indices 16-19) raw values: [-10. -10. -10. -10.]
2026-09-23 22:35:28,776 - RLController - INFO - Using CONTINUOUS DURATION-BASED mode
2026-09-23 22:35:28,777 - RLController - INFO -   Example: junction A0 -> durations [51, 13, 13, 13] (total: 90s)
2026-09-23 22:35:28,777 - RLController - INFO -   Example: junction A1 -> durations [24, 22, 22, 22] (total: 90s)
2026-09-23 22:35:28,777 - RLController - INFO -   Example: junction A2 -> durations [11, 11, 57, 11] (total: 90s)
2026-09-23 22:35:28,777 - RLController - INFO -   Example: junction A4 -> durations [60, 10, 10, 10] (total: 90s)
2026-09-23 22:35:28,777 - RLController - INFO -   Example: junction A5 -> durations [24, 22, 22, 22] (total: 90s)
2026-09-23 22:35:28,777 - RLController - INFO -   Example: junction B0 -> durations [24, 22, 22, 22] (total: 90s)
2026-09-23 22:35:28,777 - RLController - INFO -   Example: junction B1 -> durations [24, 22, 22, 22] (total: 90s)
2026-09-23 22:35:28,777 - RLController - INFO -   Example: junction B2 -> durations [24, 22, 22, 22] (total: 90s)
2026-09-23 22:35:28,778 - RLController - INFO -   Example: junction B4 -> durations [24, 22, 22, 22] (total: 90s)
2026-09-23 22:35:28,778 - RLController - INFO -   Example: junction B5 -> durations [60, 10, 10, 10] (total: 90s)
2026-09-23 22:35:28,778 - RLController - INFO -   Example: junction C0 -> durations [22, 22, 24, 22] (total: 90s)
2026-09-23 22:35:28,778 - RLController - INFO -   Example: junction C1 -> durations [24, 22, 22, 22] (total: 90s)
2026-09-23 22:35:28,778 - RLController - INFO -   Example: junction C2 -> durations [57, 13, 10, 10] (total: 90s)
2026-09-23 22:35:28,778 - RLController - INFO -   Example: junction C3 -> durations [60, 10, 10, 10] (total: 90s)
2026-09-23 22:35:28,778 - RLController - INFO -   Example: junction C4 -> durations [60, 10, 10, 10] (total: 90s)
2026-09-23 22:35:28,778 - RLController - INFO -   Example: junction C5 -> durations [57, 11, 11, 11] (total: 90s)
2026-09-23 22:35:28,778 - RLController - INFO -   Example: junction D0 -> durations [24, 22, 22, 22] (total: 90s)
2026-09-23 22:35:28,779 - RLController - INFO -   Example: junction D1 -> durations [22, 22, 24, 22] (total: 90s)
2026-09-23 22:35:28,779 - RLController - INFO -   Example: junction D2 -> durations [48, 14, 14, 14] (total: 90s)
2026-09-23 22:35:28,779 - RLController - INFO -   Example: junction D3 -> durations [24, 22, 22, 22] (total: 90s)
2026-09-23 22:35:28,779 - RLController - INFO -   Example: junction D4 -> durations [24, 22, 22, 22] (total: 90s)
2026-09-23 22:35:28,779 - RLController - INFO -   Example: junction D5 -> durations [13, 13, 51, 13] (total: 90s)
2026-09-23 22:35:28,779 - RLController - INFO -   Example: junction E0 -> durations [24, 22, 22, 22] (total: 90s)
2026-09-23 22:35:28,779 - RLController - INFO -   Example: junction E1 -> durations [24, 22, 22, 22] (total: 90s)
2026-09-23 22:35:28,780 - RLController - INFO -   Stored schedules for 34 junctions, cycle starts at step 4680
2026-09-23 22:35:33,334 - RLController - INFO - DIAGNOSTIC Step 4770 - Observation stats:
2026-09-23 22:35:33,334 - RLController - INFO -   Hash: -4179377894361513037, Min: 0.000000, Max: 1.000000, Mean: 0.447923, Std: 0.458378
2026-09-23 22:35:33,334 - RLController - INFO -   First 10: [1.         0.         0.         0.         0.         0.59615415
 0.         1.         0.99333334 1.        ]
2026-09-23 22:35:33,335 - RLController - INFO -   Last 10: [0.         0.2        0.         0.08333334 0.50213677 0.00239498
 0.08081196 0.5044159  0.         0.3       ]
2026-09-23 22:35:33,338 - RLController - INFO - DIAGNOSTIC - Raw model action output:
2026-09-23 22:35:33,338 - RLController - INFO -   Action hash: -1587183207041109781
2026-09-23 22:35:33,338 - RLController - INFO -   First 8 values: [ -7.9618573 -10.        -10.        -10.        -10.        -10.
 -10.        -10.       ]
2026-09-23 22:35:33,339 - RLController - INFO -   Last 8 values: [-10.        -10.        -10.        -10.        -10.         -1.2082717
 -10.        -10.       ]
2026-09-23 22:35:33,339 - RLController - INFO -   Action shape: (136,), min: -10.000000, max: 4.983581, mean: -9.284882
2026-09-23 22:35:33,339 - RLController - INFO -   B0 junction (indices 16-19) raw values: [-10. -10. -10. -10.]
2026-09-23 22:35:33,339 - RLController - INFO - Using CONTINUOUS DURATION-BASED mode
2026-09-23 22:35:33,339 - RLController - INFO -   Example: junction A0 -> durations [45, 15, 15, 15] (total: 90s)
2026-09-23 22:35:33,339 - RLController - INFO -   Example: junction A1 -> durations [24, 22, 22, 22] (total: 90s)
2026-09-23 22:35:33,339 - RLController - INFO -   Example: junction A2 -> durations [12, 12, 54, 12] (total: 90s)
2026-09-23 22:35:33,340 - RLController - INFO -   Example: junction A4 -> durations [60, 10, 10, 10] (total: 90s)
2026-09-23 22:35:33,340 - RLController - INFO -   Example: junction A5 -> durations [24, 22, 22, 22] (total: 90s)
2026-09-23 22:35:33,340 - RLController - INFO -   Example: junction B0 -> durations [24, 22, 22, 22] (total: 90s)
2026-09-23 22:35:33,340 - RLController - INFO -   Example: junction B1 -> durations [24, 22, 22, 22] (total: 90s)
2026-09-23 22:35:33,340 - RLController - INFO -   Example: junction B2 -> durations [24, 22, 22, 22] (total: 90s)
2026-09-23 22:35:33,340 - RLController - INFO -   Example: junction B4 -> durations [24, 22, 22, 22] (total: 90s)
2026-09-23 22:35:33,340 - RLController - INFO -   Example: junction B5 -> durations [60, 10, 10, 10] (total: 90s)
2026-09-23 22:35:33,340 - RLController - INFO -   Example: junction C0 -> durations [24, 22, 22, 22] (total: 90s)
2026-09-23 22:35:33,341 - RLController - INFO -   Example: junction C1 -> durations [24, 22, 22, 22] (total: 90s)
2026-09-23 22:35:33,341 - RLController - INFO -   Example: junction C2 -> durations [55, 15, 10, 10] (total: 90s)
2026-09-23 22:35:33,341 - RLController - INFO -   Example: junction C3 -> durations [60, 10, 10, 10] (total: 90s)
2026-09-23 22:35:33,341 - RLController - INFO -   Example: junction C4 -> durations [57, 11, 11, 11] (total: 90s)
2026-09-23 22:35:33,341 - RLController - INFO -   Example: junction C5 -> durations [57, 11, 11, 11] (total: 90s)
2026-09-23 22:35:33,341 - RLController - INFO -   Example: junction D0 -> durations [24, 22, 22, 22] (total: 90s)
2026-09-23 22:35:33,341 - RLController - INFO -   Example: junction D1 -> durations [22, 22, 24, 22] (total: 90s)
2026-09-23 22:35:33,341 - RLController - INFO -   Example: junction D2 -> durations [45, 15, 15, 15] (total: 90s)
2026-09-23 22:35:33,341 - RLController - INFO -   Example: junction D3 -> durations [24, 22, 22, 22] (total: 90s)
2026-09-23 22:35:33,342 - RLController - INFO -   Example: junction D4 -> durations [24, 22, 22, 22] (total: 90s)
2026-09-23 22:35:33,342 - RLController - INFO -   Example: junction D5 -> durations [13, 13, 51, 13] (total: 90s)
2026-09-23 22:35:33,342 - RLController - INFO -   Example: junction E0 -> durations [24, 22, 22, 22] (total: 90s)
2026-09-23 22:35:33,342 - RLController - INFO -   Example: junction E1 -> durations [24, 22, 22, 22] (total: 90s)
2026-09-23 22:35:33,342 - RLController - INFO -   Stored schedules for 34 junctions, cycle starts at step 4770
2026-09-23 22:35:37,549 - RLController - INFO - DIAGNOSTIC Step 4860 - Observation stats:
2026-09-23 22:35:37,549 - RLController - INFO -   Hash: 7411856247137927464, Min: 0.000000, Max: 1.000000, Mean: 0.443103, Std: 0.457049
2026-09-23 22:35:37,549 - RLController - INFO -   First 10: [1.         0.         0.         0.         0.         0.59615415
 0.         1.         0.99333334 1.        ]
2026-09-23 22:35:37,550 - RLController - INFO -   Last 10: [0.         0.2        0.         0.08333334 0.49358973 0.00320499
 0.08055556 0.5289077  0.         0.3       ]
2026-09-23 22:35:37,556 - RLController - INFO - DIAGNOSTIC - Raw model action output:
2026-09-23 22:35:37,556 - RLController - INFO -   Action hash: 3904758051770587135
2026-09-23 22:35:37,556 - RLController - INFO -   First 8 values: [ -7.3169866 -10.        -10.        -10.        -10.        -10.
 -10.        -10.       ]
2026-09-23 22:35:37,556 - RLController - INFO -   Last 8 values: [-10.        -10.        -10.        -10.        -10.         -2.1080844
 -10.        -10.       ]
2026-09-23 22:35:37,556 - RLController - INFO -   Action shape: (136,), min: -10.000000, max: 5.496014, mean: -9.248862
2026-09-23 22:35:37,557 - RLController - INFO -   B0 junction (indices 16-19) raw values: [-10. -10. -10. -10.]
2026-09-23 22:35:37,557 - RLController - INFO - Using CONTINUOUS DURATION-BASED mode
2026-09-23 22:35:37,557 - RLController - INFO -   Example: junction A0 -> durations [51, 13, 13, 13] (total: 90s)
2026-09-23 22:35:37,557 - RLController - INFO -   Example: junction A1 -> durations [24, 22, 22, 22] (total: 90s)
2026-09-23 22:35:37,557 - RLController - INFO -   Example: junction A2 -> durations [13, 13, 51, 13] (total: 90s)
2026-09-23 22:35:37,558 - RLController - INFO -   Example: junction A4 -> durations [60, 10, 10, 10] (total: 90s)
2026-09-23 22:35:37,558 - RLController - INFO -   Example: junction A5 -> durations [24, 22, 22, 22] (total: 90s)
2026-09-23 22:35:37,558 - RLController - INFO -   Example: junction B0 -> durations [24, 22, 22, 22] (total: 90s)
2026-09-23 22:35:37,558 - RLController - INFO -   Example: junction B1 -> durations [24, 22, 22, 22] (total: 90s)
2026-09-23 22:35:37,558 - RLController - INFO -   Example: junction B2 -> durations [24, 22, 22, 22] (total: 90s)
2026-09-23 22:35:37,558 - RLController - INFO -   Example: junction B4 -> durations [24, 22, 22, 22] (total: 90s)
2026-09-23 22:35:37,558 - RLController - INFO -   Example: junction B5 -> durations [60, 10, 10, 10] (total: 90s)
2026-09-23 22:35:37,559 - RLController - INFO -   Example: junction C0 -> durations [21, 21, 27, 21] (total: 90s)
2026-09-23 22:35:37,559 - RLController - INFO -   Example: junction C1 -> durations [24, 22, 22, 22] (total: 90s)
2026-09-23 22:35:37,559 - RLController - INFO -   Example: junction C2 -> durations [53, 17, 10, 10] (total: 90s)
2026-09-23 22:35:37,559 - RLController - INFO -   Example: junction C3 -> durations [60, 10, 10, 10] (total: 90s)
2026-09-23 22:35:37,559 - RLController - INFO -   Example: junction C4 -> durations [60, 10, 10, 10] (total: 90s)
2026-09-23 22:35:37,559 - RLController - INFO -   Example: junction C5 -> durations [57, 11, 11, 11] (total: 90s)
2026-09-23 22:35:37,560 - RLController - INFO -   Example: junction D0 -> durations [24, 22, 22, 22] (total: 90s)
2026-09-23 22:35:37,560 - RLController - INFO -   Example: junction D1 -> durations [21, 21, 27, 21] (total: 90s)
2026-09-23 22:35:37,560 - RLController - INFO -   Example: junction D2 -> durations [51, 13, 13, 13] (total: 90s)
2026-09-23 22:35:37,560 - RLController - INFO -   Example: junction D3 -> durations [24, 22, 22, 22] (total: 90s)
2026-09-23 22:35:37,560 - RLController - INFO -   Example: junction D4 -> durations [24, 22, 22, 22] (total: 90s)
2026-09-23 22:35:37,560 - RLController - INFO -   Example: junction D5 -> durations [13, 13, 51, 13] (total: 90s)
2026-09-23 22:35:37,560 - RLController - INFO -   Example: junction E0 -> durations [24, 22, 22, 22] (total: 90s)
2026-09-23 22:35:37,561 - RLController - INFO -   Example: junction E1 -> durations [24, 22, 22, 22] (total: 90s)
2026-09-23 22:35:37,561 - RLController - INFO -   Stored schedules for 34 junctions, cycle starts at step 4860
2026-09-23 22:35:41,946 - RLController - INFO - DIAGNOSTIC Step 4950 - Observation stats:
2026-09-23 22:35:41,946 - RLController - INFO -   Hash: -6734627735103360576, Min: 0.000000, Max: 1.000000, Mean: 0.446702, Std: 0.458169
2026-09-23 22:35:41,946 - RLController - INFO -   First 10: [1.         0.         0.         0.         0.         0.59615415
 0.         1.         0.99333334 1.        ]
2026-09-23 22:35:41,947 - RLController - INFO -   Last 10: [0.         0.2        0.         0.08333334 0.5277778  0.00357856
 0.08025641 0.49990427 0.         0.3       ]
2026-09-23 22:35:41,950 - RLController - INFO - DIAGNOSTIC - Raw model action output:
2026-09-23 22:35:41,950 - RLController - INFO -   Action hash: 8950060118709560334
2026-09-23 22:35:41,951 - RLController - INFO -   First 8 values: [ -7.444638 -10.       -10.       -10.       -10.       -10.
 -10.       -10.      ]
2026-09-23 22:35:41,951 - RLController - INFO -   Last 8 values: [-10.        -10.        -10.        -10.        -10.         -2.0884478
 -10.        -10.       ]
2026-09-23 22:35:41,951 - RLController - INFO -   Action shape: (136,), min: -10.000000, max: 4.418503, mean: -9.283178
2026-09-23 22:35:41,951 - RLController - INFO -   B0 junction (indices 16-19) raw values: [-10. -10. -10. -10.]
2026-09-23 22:35:41,951 - RLController - INFO - Using CONTINUOUS DURATION-BASED mode
2026-09-23 22:35:41,952 - RLController - INFO -   Example: junction A0 -> durations [51, 13, 13, 13] (total: 90s)
2026-09-23 22:35:41,952 - RLController - INFO -   Example: junction A1 -> durations [24, 22, 22, 22] (total: 90s)
2026-09-23 22:35:41,952 - RLController - INFO -   Example: junction A2 -> durations [12, 12, 54, 12] (total: 90s)
2026-09-23 22:35:41,952 - RLController - INFO -   Example: junction A4 -> durations [60, 10, 10, 10] (total: 90s)
2026-09-23 22:35:41,952 - RLController - INFO -   Example: junction A5 -> durations [24, 22, 22, 22] (total: 90s)
2026-09-23 22:35:41,953 - RLController - INFO -   Example: junction B0 -> durations [24, 22, 22, 22] (total: 90s)
2026-09-23 22:35:41,953 - RLController - INFO -   Example: junction B1 -> durations [24, 22, 22, 22] (total: 90s)
2026-09-23 22:35:41,953 - RLController - INFO -   Example: junction B2 -> durations [24, 22, 22, 22] (total: 90s)
2026-09-23 22:35:41,953 - RLController - INFO -   Example: junction B4 -> durations [24, 22, 22, 22] (total: 90s)
2026-09-23 22:35:41,953 - RLController - INFO -   Example: junction B5 -> durations [60, 10, 10, 10] (total: 90s)
2026-09-23 22:35:41,953 - RLController - INFO -   Example: junction C0 -> durations [22, 22, 24, 22] (total: 90s)
2026-09-23 22:35:41,953 - RLController - INFO -   Example: junction C1 -> durations [24, 22, 22, 22] (total: 90s)
2026-09-23 22:35:41,953 - RLController - INFO -   Example: junction C2 -> durations [56, 14, 10, 10] (total: 90s)
2026-09-23 22:35:41,954 - RLController - INFO -   Example: junction C3 -> durations [60, 10, 10, 10] (total: 90s)
2026-09-23 22:35:41,954 - RLController - INFO -   Example: junction C4 -> durations [60, 10, 10, 10] (total: 90s)
2026-09-23 22:35:41,954 - RLController - INFO -   Example: junction C5 -> durations [57, 11, 11, 11] (total: 90s)
2026-09-23 22:35:41,954 - RLController - INFO -   Example: junction D0 -> durations [24, 22, 22, 22] (total: 90s)
2026-09-23 22:35:41,954 - RLController - INFO -   Example: junction D1 -> durations [22, 22, 24, 22] (total: 90s)
2026-09-23 22:35:41,954 - RLController - INFO -   Example: junction D2 -> durations [48, 14, 14, 14] (total: 90s)
2026-09-23 22:35:41,954 - RLController - INFO -   Example: junction D3 -> durations [24, 22, 22, 22] (total: 90s)
2026-09-23 22:35:41,954 - RLController - INFO -   Example: junction D4 -> durations [24, 22, 22, 22] (total: 90s)
2026-09-23 22:35:41,955 - RLController - INFO -   Example: junction D5 -> durations [13, 13, 51, 13] (total: 90s)
2026-09-23 22:35:41,955 - RLController - INFO -   Example: junction E0 -> durations [24, 22, 22, 22] (total: 90s)
2026-09-23 22:35:41,955 - RLController - INFO -   Example: junction E1 -> durations [24, 22, 22, 22] (total: 90s)
2026-09-23 22:35:41,956 - RLController - INFO -   Stored schedules for 34 junctions, cycle starts at step 4950
2026-09-23 22:35:46,377 - RLController - INFO - DIAGNOSTIC Step 5040 - Observation stats:
2026-09-23 22:35:46,523 - RLController - INFO -   Hash: -4007921705892795976, Min: 0.000000, Max: 1.000000, Mean: 0.441014, Std: 0.456475
2026-09-23 22:35:46,523 - RLController - INFO -   First 10: [1.         0.         0.         0.         0.         0.59615415
 0.         1.         0.99333334 1.        ]
2026-09-23 22:35:46,524 - RLController - INFO -   Last 10: [0.         0.2        0.         0.08333334 0.48076922 0.00339557
 0.08076923 0.53874326 0.         0.3       ]
2026-09-23 22:35:46,528 - RLController - INFO - DIAGNOSTIC - Raw model action output:
2026-09-23 22:35:46,528 - RLController - INFO -   Action hash: 1785201180832067134
2026-09-23 22:35:46,529 - RLController - INFO -   First 8 values: [ -7.371613 -10.       -10.       -10.       -10.       -10.
 -10.       -10.      ]
2026-09-23 22:35:46,529 - RLController - INFO -   Last 8 values: [-10.      -10.      -10.      -10.      -10.       -2.63109 -10.
 -10.     ]
2026-09-23 22:35:46,529 - RLController - INFO -   Action shape: (136,), min: -10.000000, max: 5.338195, mean: -9.295140
2026-09-23 22:35:46,529 - RLController - INFO -   B0 junction (indices 16-19) raw values: [ -9.90545 -10.      -10.      -10.     ]
2026-09-23 22:35:46,529 - RLController - INFO - Using CONTINUOUS DURATION-BASED mode
2026-09-23 22:35:46,529 - RLController - INFO -   Example: junction A0 -> durations [51, 13, 13, 13] (total: 90s)
2026-09-23 22:35:46,530 - RLController - INFO -   Example: junction A1 -> durations [24, 22, 22, 22] (total: 90s)
2026-09-23 22:35:46,530 - RLController - INFO -   Example: junction A2 -> durations [12, 12, 54, 12] (total: 90s)
2026-09-23 22:35:46,530 - RLController - INFO -   Example: junction A4 -> durations [60, 10, 10, 10] (total: 90s)
2026-09-23 22:35:46,530 - RLController - INFO -   Example: junction A5 -> durations [24, 22, 22, 22] (total: 90s)
2026-09-23 22:35:46,530 - RLController - INFO -   Example: junction B0 -> durations [24, 22, 22, 22] (total: 90s)
2026-09-23 22:35:46,530 - RLController - INFO -   Example: junction B1 -> durations [24, 22, 22, 22] (total: 90s)
2026-09-23 22:35:46,531 - RLController - INFO -   Example: junction B2 -> durations [24, 22, 22, 22] (total: 90s)
2026-09-23 22:35:46,531 - RLController - INFO -   Example: junction B4 -> durations [24, 22, 22, 22] (total: 90s)
2026-09-23 22:35:46,531 - RLController - INFO -   Example: junction B5 -> durations [60, 10, 10, 10] (total: 90s)
2026-09-23 22:35:46,531 - RLController - INFO -   Example: junction C0 -> durations [22, 22, 24, 22] (total: 90s)
2026-09-23 22:35:46,531 - RLController - INFO -   Example: junction C1 -> durations [24, 22, 22, 22] (total: 90s)
2026-09-23 22:35:46,531 - RLController - INFO -   Example: junction C2 -> durations [57, 13, 10, 10] (total: 90s)
2026-09-23 22:35:46,531 - RLController - INFO -   Example: junction C3 -> durations [60, 10, 10, 10] (total: 90s)
2026-09-23 22:35:46,531 - RLController - INFO -   Example: junction C4 -> durations [60, 10, 10, 10] (total: 90s)
2026-09-23 22:35:46,531 - RLController - INFO -   Example: junction C5 -> durations [57, 11, 11, 11] (total: 90s)
2026-09-23 22:35:46,532 - RLController - INFO -   Example: junction D0 -> durations [24, 22, 22, 22] (total: 90s)
2026-09-23 22:35:46,532 - RLController - INFO -   Example: junction D1 -> durations [21, 21, 27, 21] (total: 90s)
2026-09-23 22:35:46,532 - RLController - INFO -   Example: junction D2 -> durations [45, 15, 15, 15] (total: 90s)
2026-09-23 22:35:46,532 - RLController - INFO -   Example: junction D3 -> durations [24, 22, 22, 22] (total: 90s)
2026-09-23 22:35:46,532 - RLController - INFO -   Example: junction D4 -> durations [24, 22, 22, 22] (total: 90s)
2026-09-23 22:35:46,532 - RLController - INFO -   Example: junction D5 -> durations [13, 13, 51, 13] (total: 90s)
2026-09-23 22:35:46,532 - RLController - INFO -   Example: junction E0 -> durations [24, 22, 22, 22] (total: 90s)
2026-09-23 22:35:46,532 - RLController - INFO -   Example: junction E1 -> durations [24, 22, 22, 22] (total: 90s)
2026-09-23 22:35:46,533 - RLController - INFO -   Stored schedules for 34 junctions, cycle starts at step 5040
2026-09-23 22:35:51,103 - RLController - INFO - DIAGNOSTIC Step 5130 - Observation stats:
2026-09-23 22:35:51,103 - RLController - INFO -   Hash: -5317697249926966578, Min: 0.000000, Max: 1.000000, Mean: 0.440682, Std: 0.455383
2026-09-23 22:35:51,103 - RLController - INFO -   First 10: [1.         0.         0.         0.         0.         0.59615415
 0.         1.         0.99333334 1.        ]
2026-09-23 22:35:51,103 - RLController - INFO -   Last 10: [0.         0.2        0.         0.08333334 0.50427353 0.0035541
 0.07974359 0.52112186 0.         0.3       ]
2026-09-23 22:35:51,107 - RLController - INFO - DIAGNOSTIC - Raw model action output:
2026-09-23 22:35:51,107 - RLController - INFO -   Action hash: -1022932217582412595
2026-09-23 22:35:51,108 - RLController - INFO -   First 8 values: [ -7.729918 -10.       -10.       -10.       -10.       -10.
 -10.       -10.      ]
2026-09-23 22:35:51,108 - RLController - INFO -   Last 8 values: [-10.         -10.         -10.         -10.         -10.
  -0.40037557 -10.         -10.        ]
2026-09-23 22:35:51,108 - RLController - INFO -   Action shape: (136,), min: -10.000000, max: 4.882220, mean: -9.305198
2026-09-23 22:35:51,108 - RLController - INFO -   B0 junction (indices 16-19) raw values: [-10. -10. -10. -10.]
2026-09-23 22:35:51,108 - RLController - INFO - Using CONTINUOUS DURATION-BASED mode
2026-09-23 22:35:51,108 - RLController - INFO -   Example: junction A0 -> durations [48, 14, 14, 14] (total: 90s)
2026-09-23 22:35:51,109 - RLController - INFO -   Example: junction A1 -> durations [24, 22, 22, 22] (total: 90s)
2026-09-23 22:35:51,109 - RLController - INFO -   Example: junction A2 -> durations [12, 12, 54, 12] (total: 90s)
2026-09-23 22:35:51,109 - RLController - INFO -   Example: junction A4 -> durations [60, 10, 10, 10] (total: 90s)
2026-09-23 22:35:51,109 - RLController - INFO -   Example: junction A5 -> durations [24, 22, 22, 22] (total: 90s)
2026-09-23 22:35:51,109 - RLController - INFO -   Example: junction B0 -> durations [24, 22, 22, 22] (total: 90s)
2026-09-23 22:35:51,109 - RLController - INFO -   Example: junction B1 -> durations [24, 22, 22, 22] (total: 90s)
2026-09-23 22:35:51,109 - RLController - INFO -   Example: junction B2 -> durations [24, 22, 22, 22] (total: 90s)
2026-09-23 22:35:51,109 - RLController - INFO -   Example: junction B4 -> durations [24, 22, 22, 22] (total: 90s)
2026-09-23 22:35:51,109 - RLController - INFO -   Example: junction B5 -> durations [60, 10, 10, 10] (total: 90s)
2026-09-23 22:35:51,110 - RLController - INFO -   Example: junction C0 -> durations [24, 22, 22, 22] (total: 90s)
2026-09-23 22:35:51,110 - RLController - INFO -   Example: junction C1 -> durations [24, 22, 22, 22] (total: 90s)
2026-09-23 22:35:51,110 - RLController - INFO -   Example: junction C2 -> durations [58, 12, 10, 10] (total: 90s)
2026-09-23 22:35:51,110 - RLController - INFO -   Example: junction C3 -> durations [60, 10, 10, 10] (total: 90s)
2026-09-23 22:35:51,110 - RLController - INFO -   Example: junction C4 -> durations [57, 11, 11, 11] (total: 90s)
2026-09-23 22:35:51,110 - RLController - INFO -   Example: junction C5 -> durations [57, 11, 11, 11] (total: 90s)
2026-09-23 22:35:51,110 - RLController - INFO -   Example: junction D0 -> durations [24, 22, 22, 22] (total: 90s)
2026-09-23 22:35:51,110 - RLController - INFO -   Example: junction D1 -> durations [24, 22, 22, 22] (total: 90s)
2026-09-23 22:35:51,110 - RLController - INFO -   Example: junction D2 -> durations [42, 16, 16, 16] (total: 90s)
2026-09-23 22:35:51,111 - RLController - INFO -   Example: junction D3 -> durations [24, 22, 22, 22] (total: 90s)
2026-09-23 22:35:51,111 - RLController - INFO -   Example: junction D4 -> durations [24, 22, 22, 22] (total: 90s)
2026-09-23 22:35:51,111 - RLController - INFO -   Example: junction D5 -> durations [13, 13, 51, 13] (total: 90s)
2026-09-23 22:35:51,111 - RLController - INFO -   Example: junction E0 -> durations [24, 22, 22, 22] (total: 90s)
2026-09-23 22:35:51,111 - RLController - INFO -   Example: junction E1 -> durations [24, 22, 22, 22] (total: 90s)
2026-09-23 22:35:51,111 - RLController - INFO -   Stored schedules for 34 junctions, cycle starts at step 5130
2026-09-23 22:35:54,890 - RLController - INFO - DIAGNOSTIC Step 5220 - Observation stats:
2026-09-23 22:35:54,890 - RLController - INFO -   Hash: -1744064855160853887, Min: 0.000000, Max: 1.000000, Mean: 0.448359, Std: 0.457660
2026-09-23 22:35:54,891 - RLController - INFO -   First 10: [1.         0.         0.         0.         0.         0.59615415
 1.         0.         0.         0.        ]
2026-09-23 22:35:54,891 - RLController - INFO -   Last 10: [0.         0.2        0.         0.08333334 0.508547   0.0034535
 0.08119658 0.50756836 0.         0.3       ]
2026-09-23 22:35:54,895 - RLController - INFO - DIAGNOSTIC - Raw model action output:
2026-09-23 22:35:54,895 - RLController - INFO -   Action hash: -6190681490090661343
2026-09-23 22:35:54,895 - RLController - INFO -   First 8 values: [ -7.58735 -10.      -10.      -10.      -10.      -10.      -10.
 -10.     ]
2026-09-23 22:35:54,895 - RLController - INFO -   Last 8 values: [-10.        -10.        -10.        -10.        -10.         -2.2010572
 -10.        -10.       ]
2026-09-23 22:35:54,895 - RLController - INFO -   Action shape: (136,), min: -10.000000, max: 4.668371, mean: -9.290193
2026-09-23 22:35:54,895 - RLController - INFO -   B0 junction (indices 16-19) raw values: [ -9.976457 -10.       -10.       -10.      ]
2026-09-23 22:35:54,896 - RLController - INFO - Using CONTINUOUS DURATION-BASED mode
2026-09-23 22:35:54,896 - RLController - INFO -   Example: junction A0 -> durations [48, 14, 14, 14] (total: 90s)
2026-09-23 22:35:54,896 - RLController - INFO -   Example: junction A1 -> durations [24, 22, 22, 22] (total: 90s)
2026-09-23 22:35:54,896 - RLController - INFO -   Example: junction A2 -> durations [12, 12, 54, 12] (total: 90s)
2026-09-23 22:35:54,896 - RLController - INFO -   Example: junction A4 -> durations [60, 10, 10, 10] (total: 90s)
2026-09-23 22:35:54,896 - RLController - INFO -   Example: junction A5 -> durations [24, 22, 22, 22] (total: 90s)
2026-09-23 22:35:54,896 - RLController - INFO -   Example: junction B0 -> durations [24, 22, 22, 22] (total: 90s)
2026-09-23 22:35:54,896 - RLController - INFO -   Example: junction B1 -> durations [24, 22, 22, 22] (total: 90s)
2026-09-23 22:35:54,896 - RLController - INFO -   Example: junction B2 -> durations [24, 22, 22, 22] (total: 90s)
2026-09-23 22:35:54,897 - RLController - INFO -   Example: junction B4 -> durations [24, 22, 22, 22] (total: 90s)
2026-09-23 22:35:54,897 - RLController - INFO -   Example: junction B5 -> durations [60, 10, 10, 10] (total: 90s)
2026-09-23 22:35:54,897 - RLController - INFO -   Example: junction C0 -> durations [22, 22, 24, 22] (total: 90s)
2026-09-23 22:35:54,897 - RLController - INFO -   Example: junction C1 -> durations [24, 22, 22, 22] (total: 90s)
2026-09-23 22:35:54,897 - RLController - INFO -   Example: junction C2 -> durations [56, 14, 10, 10] (total: 90s)
2026-09-23 22:35:54,897 - RLController - INFO -   Example: junction C3 -> durations [60, 10, 10, 10] (total: 90s)
2026-09-23 22:35:54,897 - RLController - INFO -   Example: junction C4 -> durations [60, 10, 10, 10] (total: 90s)
2026-09-23 22:35:54,897 - RLController - INFO -   Example: junction C5 -> durations [57, 11, 11, 11] (total: 90s)
2026-09-23 22:35:54,897 - RLController - INFO -   Example: junction D0 -> durations [24, 22, 22, 22] (total: 90s)
2026-09-23 22:35:54,898 - RLController - INFO -   Example: junction D1 -> durations [22, 22, 24, 22] (total: 90s)
2026-09-23 22:35:54,898 - RLController - INFO -   Example: junction D2 -> durations [48, 14, 14, 14] (total: 90s)
2026-09-23 22:35:54,898 - RLController - INFO -   Example: junction D3 -> durations [24, 22, 22, 22] (total: 90s)
2026-09-23 22:35:54,898 - RLController - INFO -   Example: junction D4 -> durations [24, 22, 22, 22] (total: 90s)
2026-09-23 22:35:54,898 - RLController - INFO -   Example: junction D5 -> durations [13, 13, 51, 13] (total: 90s)
2026-09-23 22:35:54,898 - RLController - INFO -   Example: junction E0 -> durations [24, 22, 22, 22] (total: 90s)
2026-09-23 22:35:54,898 - RLController - INFO -   Example: junction E1 -> durations [24, 22, 22, 22] (total: 90s)
2026-09-23 22:35:54,899 - RLController - INFO -   Stored schedules for 34 junctions, cycle starts at step 5220
2026-09-23 22:35:59,603 - RLController - INFO - DIAGNOSTIC Step 5310 - Observation stats:
2026-09-23 22:35:59,603 - RLController - INFO -   Hash: -8767605157546899081, Min: 0.000000, Max: 1.000000, Mean: 0.437218, Std: 0.455861
2026-09-23 22:35:59,603 - RLController - INFO -   First 10: [1.         0.         0.         0.         0.         0.59615415
 1.         0.         0.         0.        ]
2026-09-23 22:35:59,604 - RLController - INFO -   Last 10: [0.         0.2        0.         0.08333334 0.47008547 0.00284009
 0.08042735 0.5469697  0.         0.3       ]
2026-09-23 22:35:59,608 - RLController - INFO - DIAGNOSTIC - Raw model action output:
2026-09-23 22:35:59,608 - RLController - INFO -   Action hash: 6026114911507953076
2026-09-23 22:35:59,608 - RLController - INFO -   First 8 values: [ -7.6027246 -10.        -10.        -10.        -10.        -10.
 -10.        -10.       ]
2026-09-23 22:35:59,609 - RLController - INFO -   Last 8 values: [-10.        -10.        -10.        -10.        -10.         -1.9166005
 -10.        -10.       ]
2026-09-23 22:35:59,609 - RLController - INFO -   Action shape: (136,), min: -10.000000, max: 5.293847, mean: -9.303776
2026-09-23 22:35:59,609 - RLController - INFO -   B0 junction (indices 16-19) raw values: [-10. -10. -10. -10.]
2026-09-23 22:35:59,609 - RLController - INFO - Using CONTINUOUS DURATION-BASED mode
2026-09-23 22:35:59,609 - RLController - INFO -   Example: junction A0 -> durations [48, 14, 14, 14] (total: 90s)
2026-09-23 22:35:59,609 - RLController - INFO -   Example: junction A1 -> durations [24, 22, 22, 22] (total: 90s)
2026-09-23 22:35:59,610 - RLController - INFO -   Example: junction A2 -> durations [13, 13, 51, 13] (total: 90s)
2026-09-23 22:35:59,610 - RLController - INFO -   Example: junction A4 -> durations [60, 10, 10, 10] (total: 90s)
2026-09-23 22:35:59,610 - RLController - INFO -   Example: junction A5 -> durations [24, 22, 22, 22] (total: 90s)
2026-09-23 22:35:59,610 - RLController - INFO -   Example: junction B0 -> durations [24, 22, 22, 22] (total: 90s)
2026-09-23 22:35:59,610 - RLController - INFO -   Example: junction B1 -> durations [24, 22, 22, 22] (total: 90s)
2026-09-23 22:35:59,610 - RLController - INFO -   Example: junction B2 -> durations [24, 22, 22, 22] (total: 90s)
2026-09-23 22:35:59,610 - RLController - INFO -   Example: junction B4 -> durations [24, 22, 22, 22] (total: 90s)
2026-09-23 22:35:59,610 - RLController - INFO -   Example: junction B5 -> durations [60, 10, 10, 10] (total: 90s)
2026-09-23 22:35:59,611 - RLController - INFO -   Example: junction C0 -> durations [21, 21, 27, 21] (total: 90s)
2026-09-23 22:35:59,611 - RLController - INFO -   Example: junction C1 -> durations [24, 22, 22, 22] (total: 90s)
2026-09-23 22:35:59,611 - RLController - INFO -   Example: junction C2 -> durations [57, 13, 10, 10] (total: 90s)
2026-09-23 22:35:59,611 - RLController - INFO -   Example: junction C3 -> durations [60, 10, 10, 10] (total: 90s)
2026-09-23 22:35:59,611 - RLController - INFO -   Example: junction C4 -> durations [57, 11, 11, 11] (total: 90s)
2026-09-23 22:35:59,611 - RLController - INFO -   Example: junction C5 -> durations [57, 11, 11, 11] (total: 90s)
2026-09-23 22:35:59,612 - RLController - INFO -   Example: junction D0 -> durations [24, 22, 22, 22] (total: 90s)
2026-09-23 22:35:59,612 - RLController - INFO -   Example: junction D1 -> durations [22, 22, 24, 22] (total: 90s)
2026-09-23 22:35:59,612 - RLController - INFO -   Example: junction D2 -> durations [48, 14, 14, 14] (total: 90s)
2026-09-23 22:35:59,612 - RLController - INFO -   Example: junction D3 -> durations [24, 22, 22, 22] (total: 90s)
2026-09-23 22:35:59,612 - RLController - INFO -   Example: junction D4 -> durations [24, 22, 22, 22] (total: 90s)
2026-09-23 22:35:59,612 - RLController - INFO -   Example: junction D5 -> durations [12, 12, 54, 12] (total: 90s)
2026-09-23 22:35:59,613 - RLController - INFO -   Example: junction E0 -> durations [24, 22, 22, 22] (total: 90s)
2026-09-23 22:35:59,613 - RLController - INFO -   Example: junction E1 -> durations [24, 22, 22, 22] (total: 90s)
2026-09-23 22:35:59,613 - RLController - INFO -   Stored schedules for 34 junctions, cycle starts at step 5310
2026-09-23 22:36:04,319 - RLController - INFO - DIAGNOSTIC Step 5400 - Observation stats:
2026-09-23 22:36:04,320 - RLController - INFO -   Hash: 3926394561459417648, Min: 0.000000, Max: 1.000000, Mean: 0.439074, Std: 0.458392
2026-09-23 22:36:04,321 - RLController - INFO -   First 10: [1.         0.         0.         0.         0.         0.59615415
 0.         1.         0.99333334 1.        ]
2026-09-23 22:36:04,321 - RLController - INFO -   Last 10: [0.         0.2        0.         0.08333334 0.48290598 0.00247854
 0.08008547 0.53111136 0.         0.3       ]
2026-09-23 22:36:04,327 - RLController - INFO - DIAGNOSTIC - Raw model action output:
2026-09-23 22:36:04,327 - RLController - INFO -   Action hash: 5013819223358835490
2026-09-23 22:36:04,328 - RLController - INFO -   First 8 values: [ -7.50536 -10.      -10.      -10.      -10.      -10.      -10.
 -10.     ]
2026-09-23 22:36:04,328 - RLController - INFO -   Last 8 values: [-10.        -10.        -10.        -10.        -10.         -2.2449238
 -10.        -10.       ]
2026-09-23 22:36:04,328 - RLController - INFO -   Action shape: (136,), min: -10.000000, max: 6.108960, mean: -9.275213
2026-09-23 22:36:04,329 - RLController - INFO -   B0 junction (indices 16-19) raw values: [-10. -10. -10. -10.]
2026-09-23 22:36:04,329 - RLController - INFO - Using CONTINUOUS DURATION-BASED mode
2026-09-23 22:36:04,329 - RLController - INFO -   Example: junction A0 -> durations [51, 13, 13, 13] (total: 90s)
2026-09-23 22:36:04,330 - RLController - INFO -   Example: junction A1 -> durations [24, 22, 22, 22] (total: 90s)
2026-09-23 22:36:04,330 - RLController - INFO -   Example: junction A2 -> durations [12, 12, 54, 12] (total: 90s)
2026-09-23 22:36:04,330 - RLController - INFO -   Example: junction A4 -> durations [60, 10, 10, 10] (total: 90s)
2026-09-23 22:36:04,330 - RLController - INFO -   Example: junction A5 -> durations [24, 22, 22, 22] (total: 90s)
2026-09-23 22:36:04,331 - RLController - INFO -   Example: junction B0 -> durations [24, 22, 22, 22] (total: 90s)
2026-09-23 22:36:04,331 - RLController - INFO -   Example: junction B1 -> durations [24, 22, 22, 22] (total: 90s)
2026-09-23 22:36:04,331 - RLController - INFO -   Example: junction B2 -> durations [24, 22, 22, 22] (total: 90s)
2026-09-23 22:36:04,331 - RLController - INFO -   Example: junction B4 -> durations [24, 22, 22, 22] (total: 90s)
2026-09-23 22:36:04,331 - RLController - INFO -   Example: junction B5 -> durations [60, 10, 10, 10] (total: 90s)
2026-09-23 22:36:04,332 - RLController - INFO -   Example: junction C0 -> durations [24, 22, 22, 22] (total: 90s)
2026-09-23 22:36:04,332 - RLController - INFO -   Example: junction C1 -> durations [24, 22, 22, 22] (total: 90s)
2026-09-23 22:36:04,332 - RLController - INFO -   Example: junction C2 -> durations [57, 13, 10, 10] (total: 90s)
2026-09-23 22:36:04,333 - RLController - INFO -   Example: junction C3 -> durations [60, 10, 10, 10] (total: 90s)
2026-09-23 22:36:04,333 - RLController - INFO -   Example: junction C4 -> durations [57, 11, 11, 11] (total: 90s)
2026-09-23 22:36:04,333 - RLController - INFO -   Example: junction C5 -> durations [57, 11, 11, 11] (total: 90s)
2026-09-23 22:36:04,333 - RLController - INFO -   Example: junction D0 -> durations [24, 22, 22, 22] (total: 90s)
2026-09-23 22:36:04,334 - RLController - INFO -   Example: junction D1 -> durations [22, 22, 24, 22] (total: 90s)
2026-09-23 22:36:04,334 - RLController - INFO -   Example: junction D2 -> durations [48, 14, 14, 14] (total: 90s)
2026-09-23 22:36:04,334 - RLController - INFO -   Example: junction D3 -> durations [24, 22, 22, 22] (total: 90s)
2026-09-23 22:36:04,334 - RLController - INFO -   Example: junction D4 -> durations [24, 22, 22, 22] (total: 90s)
2026-09-23 22:36:04,335 - RLController - INFO -   Example: junction D5 -> durations [13, 13, 51, 13] (total: 90s)
2026-09-23 22:36:04,335 - RLController - INFO -   Example: junction E0 -> durations [24, 22, 22, 22] (total: 90s)
2026-09-23 22:36:04,335 - RLController - INFO -   Example: junction E1 -> durations [24, 22, 22, 22] (total: 90s)
2026-09-23 22:36:04,337 - RLController - INFO -   Stored schedules for 34 junctions, cycle starts at step 5400
2026-09-23 22:36:08,674 - RLController - INFO - DIAGNOSTIC Step 5490 - Observation stats:
2026-09-23 22:36:08,674 - RLController - INFO -   Hash: -8592318513133633198, Min: 0.000000, Max: 1.000000, Mean: 0.444776, Std: 0.457695
2026-09-23 22:36:08,675 - RLController - INFO -   First 10: [0.5        0.         0.9266667  1.         0.00541354 0.30412048
 0.         1.         0.99333334 1.        ]
2026-09-23 22:36:08,675 - RLController - INFO -   Last 10: [0.         0.2        0.         0.08333334 0.5106838  0.00315901
 0.07918803 0.5125701  0.         0.3       ]
2026-09-23 22:36:08,678 - RLController - INFO - DIAGNOSTIC - Raw model action output:
2026-09-23 22:36:08,678 - RLController - INFO -   Action hash: 5240597531585087332
2026-09-23 22:36:08,679 - RLController - INFO -   First 8 values: [ -7.498246 -10.       -10.       -10.       -10.       -10.
 -10.       -10.      ]
2026-09-23 22:36:08,679 - RLController - INFO -   Last 8 values: [-10.       -10.       -10.       -10.       -10.        -2.643244
 -10.       -10.      ]
2026-09-23 22:36:08,679 - RLController - INFO -   Action shape: (136,), min: -10.000000, max: 5.329817, mean: -9.296861
2026-09-23 22:36:08,679 - RLController - INFO -   B0 junction (indices 16-19) raw values: [ -9.786676 -10.       -10.       -10.      ]
2026-09-23 22:36:08,679 - RLController - INFO - Using CONTINUOUS DURATION-BASED mode
2026-09-23 22:36:08,679 - RLController - INFO -   Example: junction A0 -> durations [51, 13, 13, 13] (total: 90s)
2026-09-23 22:36:08,680 - RLController - INFO -   Example: junction A1 -> durations [24, 22, 22, 22] (total: 90s)
2026-09-23 22:36:08,680 - RLController - INFO -   Example: junction A2 -> durations [12, 12, 54, 12] (total: 90s)
2026-09-23 22:36:08,680 - RLController - INFO -   Example: junction A4 -> durations [60, 10, 10, 10] (total: 90s)
2026-09-23 22:36:08,680 - RLController - INFO -   Example: junction A5 -> durations [24, 22, 22, 22] (total: 90s)
2026-09-23 22:36:08,680 - RLController - INFO -   Example: junction B0 -> durations [24, 22, 22, 22] (total: 90s)
2026-09-23 22:36:08,680 - RLController - INFO -   Example: junction B1 -> durations [24, 22, 22, 22] (total: 90s)
2026-09-23 22:36:08,680 - RLController - INFO -   Example: junction B2 -> durations [24, 22, 22, 22] (total: 90s)
2026-09-23 22:36:08,680 - RLController - INFO -   Example: junction B4 -> durations [24, 22, 22, 22] (total: 90s)
2026-09-23 22:36:08,680 - RLController - INFO -   Example: junction B5 -> durations [60, 10, 10, 10] (total: 90s)
2026-09-23 22:36:08,681 - RLController - INFO -   Example: junction C0 -> durations [22, 22, 24, 22] (total: 90s)
2026-09-23 22:36:08,681 - RLController - INFO -   Example: junction C1 -> durations [24, 22, 22, 22] (total: 90s)
2026-09-23 22:36:08,681 - RLController - INFO -   Example: junction C2 -> durations [55, 15, 10, 10] (total: 90s)
2026-09-23 22:36:08,681 - RLController - INFO -   Example: junction C3 -> durations [60, 10, 10, 10] (total: 90s)
2026-09-23 22:36:08,681 - RLController - INFO -   Example: junction C4 -> durations [57, 11, 11, 11] (total: 90s)
2026-09-23 22:36:08,681 - RLController - INFO -   Example: junction C5 -> durations [57, 11, 11, 11] (total: 90s)
2026-09-23 22:36:08,681 - RLController - INFO -   Example: junction D0 -> durations [24, 22, 22, 22] (total: 90s)
2026-09-23 22:36:08,681 - RLController - INFO -   Example: junction D1 -> durations [21, 21, 27, 21] (total: 90s)
2026-09-23 22:36:08,682 - RLController - INFO -   Example: junction D2 -> durations [48, 14, 14, 14] (total: 90s)
2026-09-23 22:36:08,682 - RLController - INFO -   Example: junction D3 -> durations [24, 22, 22, 22] (total: 90s)
2026-09-23 22:36:08,682 - RLController - INFO -   Example: junction D4 -> durations [24, 22, 22, 22] (total: 90s)
2026-09-23 22:36:08,682 - RLController - INFO -   Example: junction D5 -> durations [13, 13, 51, 13] (total: 90s)
2026-09-23 22:36:08,682 - RLController - INFO -   Example: junction E0 -> durations [24, 22, 22, 22] (total: 90s)
2026-09-23 22:36:08,682 - RLController - INFO -   Example: junction E1 -> durations [24, 22, 22, 22] (total: 90s)
2026-09-23 22:36:08,683 - RLController - INFO -   Stored schedules for 34 junctions, cycle starts at step 5490
2026-09-23 22:36:13,454 - RLController - INFO - DIAGNOSTIC Step 5580 - Observation stats:
2026-09-23 22:36:13,454 - RLController - INFO -   Hash: -7817191024221140837, Min: 0.000000, Max: 1.000000, Mean: 0.443856, Std: 0.456931
2026-09-23 22:36:13,454 - RLController - INFO -   First 10: [1.         0.         0.         0.         0.         0.60824096
 0.         1.         0.99333334 1.        ]
2026-09-23 22:36:13,454 - RLController - INFO -   Last 10: [0.         0.2        0.         0.08333334 0.49786323 0.00351912
 0.07747863 0.52625346 0.         0.3       ]
2026-09-23 22:36:13,458 - RLController - INFO - DIAGNOSTIC - Raw model action output:
2026-09-23 22:36:13,458 - RLController - INFO -   Action hash: 7166073831888419066
2026-09-23 22:36:13,458 - RLController - INFO -   First 8 values: [ -7.4995847 -10.        -10.        -10.        -10.        -10.
 -10.        -10.       ]
2026-09-23 22:36:13,459 - RLController - INFO -   Last 8 values: [-10.        -10.        -10.        -10.        -10.         -2.2011902
 -10.        -10.       ]
2026-09-23 22:36:13,459 - RLController - INFO -   Action shape: (136,), min: -10.000000, max: 4.558684, mean: -9.285469
2026-09-23 22:36:13,459 - RLController - INFO -   B0 junction (indices 16-19) raw values: [-10. -10. -10. -10.]
2026-09-23 22:36:13,459 - RLController - INFO - Using CONTINUOUS DURATION-BASED mode
2026-09-23 22:36:13,459 - RLController - INFO -   Example: junction A0 -> durations [51, 13, 13, 13] (total: 90s)
2026-09-23 22:36:13,459 - RLController - INFO -   Example: junction A1 -> durations [24, 22, 22, 22] (total: 90s)
2026-09-23 22:36:13,460 - RLController - INFO -   Example: junction A2 -> durations [12, 12, 54, 12] (total: 90s)
2026-09-23 22:36:13,460 - RLController - INFO -   Example: junction A4 -> durations [60, 10, 10, 10] (total: 90s)
2026-09-23 22:36:13,460 - RLController - INFO -   Example: junction A5 -> durations [24, 22, 22, 22] (total: 90s)
2026-09-23 22:36:13,460 - RLController - INFO -   Example: junction B0 -> durations [24, 22, 22, 22] (total: 90s)
2026-09-23 22:36:13,460 - RLController - INFO -   Example: junction B1 -> durations [24, 22, 22, 22] (total: 90s)
2026-09-23 22:36:13,460 - RLController - INFO -   Example: junction B2 -> durations [24, 22, 22, 22] (total: 90s)
2026-09-23 22:36:13,460 - RLController - INFO -   Example: junction B4 -> durations [24, 22, 22, 22] (total: 90s)
2026-09-23 22:36:13,460 - RLController - INFO -   Example: junction B5 -> durations [60, 10, 10, 10] (total: 90s)
2026-09-23 22:36:13,460 - RLController - INFO -   Example: junction C0 -> durations [21, 21, 27, 21] (total: 90s)
2026-09-23 22:36:13,461 - RLController - INFO -   Example: junction C1 -> durations [24, 22, 22, 22] (total: 90s)
2026-09-23 22:36:13,461 - RLController - INFO -   Example: junction C2 -> durations [54, 16, 10, 10] (total: 90s)
2026-09-23 22:36:13,461 - RLController - INFO -   Example: junction C3 -> durations [60, 10, 10, 10] (total: 90s)
2026-09-23 22:36:13,461 - RLController - INFO -   Example: junction C4 -> durations [57, 11, 11, 11] (total: 90s)
2026-09-23 22:36:13,461 - RLController - INFO -   Example: junction C5 -> durations [57, 11, 11, 11] (total: 90s)
2026-09-23 22:36:13,461 - RLController - INFO -   Example: junction D0 -> durations [24, 22, 22, 22] (total: 90s)
2026-09-23 22:36:13,461 - RLController - INFO -   Example: junction D1 -> durations [22, 22, 24, 22] (total: 90s)
2026-09-23 22:36:13,461 - RLController - INFO -   Example: junction D2 -> durations [48, 14, 14, 14] (total: 90s)
2026-09-23 22:36:13,461 - RLController - INFO -   Example: junction D3 -> durations [24, 22, 22, 22] (total: 90s)
2026-09-23 22:36:13,462 - RLController - INFO -   Example: junction D4 -> durations [24, 22, 22, 22] (total: 90s)
2026-09-23 22:36:13,462 - RLController - INFO -   Example: junction D5 -> durations [13, 13, 51, 13] (total: 90s)
2026-09-23 22:36:13,462 - RLController - INFO -   Example: junction E0 -> durations [24, 22, 22, 22] (total: 90s)
2026-09-23 22:36:13,462 - RLController - INFO -   Example: junction E1 -> durations [24, 22, 22, 22] (total: 90s)
2026-09-23 22:36:13,463 - RLController - INFO -   Stored schedules for 34 junctions, cycle starts at step 5580
2026-09-23 22:36:18,011 - RLController - INFO - DIAGNOSTIC Step 5670 - Observation stats:
2026-09-23 22:36:18,012 - RLController - INFO -   Hash: -8428619086977138759, Min: 0.000000, Max: 1.000000, Mean: 0.442144, Std: 0.455315
2026-09-23 22:36:18,012 - RLController - INFO -   First 10: [1.         0.         0.         0.         0.         0.60824096
 0.         1.         0.99333334 1.        ]
2026-09-23 22:36:18,013 - RLController - INFO -   Last 10: [0.         0.2        0.         0.08333334 0.49358973 0.00401127
 0.07636752 0.5337814  0.         0.3       ]
2026-09-23 22:36:18,016 - RLController - INFO - DIAGNOSTIC - Raw model action output:
2026-09-23 22:36:18,016 - RLController - INFO -   Action hash: -6962736980798554216
2026-09-23 22:36:18,017 - RLController - INFO -   First 8 values: [ -7.484862 -10.       -10.       -10.       -10.       -10.
 -10.       -10.      ]
2026-09-23 22:36:18,017 - RLController - INFO -   Last 8 values: [-10.       -10.       -10.       -10.       -10.        -1.501025
 -10.       -10.      ]
2026-09-23 22:36:18,017 - RLController - INFO -   Action shape: (136,), min: -10.000000, max: 5.053770, mean: -9.300744
2026-09-23 22:36:18,017 - RLController - INFO -   B0 junction (indices 16-19) raw values: [-10. -10. -10. -10.]
2026-09-23 22:36:18,018 - RLController - INFO - Using CONTINUOUS DURATION-BASED mode
2026-09-23 22:36:18,018 - RLController - INFO -   Example: junction A0 -> durations [51, 13, 13, 13] (total: 90s)
2026-09-23 22:36:18,018 - RLController - INFO -   Example: junction A1 -> durations [24, 22, 22, 22] (total: 90s)
2026-09-23 22:36:18,018 - RLController - INFO -   Example: junction A2 -> durations [12, 12, 54, 12] (total: 90s)
2026-09-23 22:36:18,018 - RLController - INFO -   Example: junction A4 -> durations [60, 10, 10, 10] (total: 90s)
2026-09-23 22:36:18,018 - RLController - INFO -   Example: junction A5 -> durations [24, 22, 22, 22] (total: 90s)
2026-09-23 22:36:18,018 - RLController - INFO -   Example: junction B0 -> durations [24, 22, 22, 22] (total: 90s)
2026-09-23 22:36:18,019 - RLController - INFO -   Example: junction B1 -> durations [24, 22, 22, 22] (total: 90s)
2026-09-23 22:36:18,019 - RLController - INFO -   Example: junction B2 -> durations [24, 22, 22, 22] (total: 90s)
2026-09-23 22:36:18,019 - RLController - INFO -   Example: junction B4 -> durations [24, 22, 22, 22] (total: 90s)
2026-09-23 22:36:18,019 - RLController - INFO -   Example: junction B5 -> durations [60, 10, 10, 10] (total: 90s)
2026-09-23 22:36:18,019 - RLController - INFO -   Example: junction C0 -> durations [21, 21, 27, 21] (total: 90s)
2026-09-23 22:36:18,019 - RLController - INFO -   Example: junction C1 -> durations [24, 22, 22, 22] (total: 90s)
2026-09-23 22:36:18,019 - RLController - INFO -   Example: junction C2 -> durations [56, 14, 10, 10] (total: 90s)
2026-09-23 22:36:18,019 - RLController - INFO -   Example: junction C3 -> durations [60, 10, 10, 10] (total: 90s)
2026-09-23 22:36:18,020 - RLController - INFO -   Example: junction C4 -> durations [57, 11, 11, 11] (total: 90s)
2026-09-23 22:36:18,020 - RLController - INFO -   Example: junction C5 -> durations [57, 11, 11, 11] (total: 90s)
2026-09-23 22:36:18,020 - RLController - INFO -   Example: junction D0 -> durations [24, 22, 22, 22] (total: 90s)
2026-09-23 22:36:18,020 - RLController - INFO -   Example: junction D1 -> durations [22, 22, 24, 22] (total: 90s)
2026-09-23 22:36:18,020 - RLController - INFO -   Example: junction D2 -> durations [45, 15, 15, 15] (total: 90s)
2026-09-23 22:36:18,020 - RLController - INFO -   Example: junction D3 -> durations [24, 22, 22, 22] (total: 90s)
2026-09-23 22:36:18,020 - RLController - INFO -   Example: junction D4 -> durations [24, 22, 22, 22] (total: 90s)
2026-09-23 22:36:18,020 - RLController - INFO -   Example: junction D5 -> durations [14, 14, 48, 14] (total: 90s)
2026-09-23 22:36:18,020 - RLController - INFO -   Example: junction E0 -> durations [24, 22, 22, 22] (total: 90s)
2026-09-23 22:36:18,021 - RLController - INFO -   Example: junction E1 -> durations [24, 22, 22, 22] (total: 90s)
2026-09-23 22:36:18,021 - RLController - INFO -   Stored schedules for 34 junctions, cycle starts at step 5670
2026-09-23 22:36:22,735 - RLController - INFO - DIAGNOSTIC Step 5760 - Observation stats:
2026-09-23 22:36:22,735 - RLController - INFO -   Hash: -3245869765403218372, Min: 0.000000, Max: 1.000000, Mean: 0.444840, Std: 0.457713
2026-09-23 22:36:22,735 - RLController - INFO -   First 10: [1.         0.         0.         0.         0.         0.60824096
 0.         1.         0.99333334 1.        ]
2026-09-23 22:36:22,736 - RLController - INFO -   Last 10: [0.         0.2        0.         0.08333334 0.48931623 0.00342295
 0.07722222 0.5284132  0.         0.3       ]
2026-09-23 22:36:22,740 - RLController - INFO - DIAGNOSTIC - Raw model action output:
2026-09-23 22:36:22,740 - RLController - INFO -   Action hash: -8050181901351498092
2026-09-23 22:36:22,740 - RLController - INFO -   First 8 values: [ -7.2471433 -10.        -10.        -10.        -10.        -10.
 -10.        -10.       ]
2026-09-23 22:36:22,740 - RLController - INFO -   Last 8 values: [-10.        -10.        -10.        -10.        -10.         -2.0715966
 -10.        -10.       ]
2026-09-23 22:36:22,741 - RLController - INFO -   Action shape: (136,), min: -10.000000, max: 5.397216, mean: -9.275035
2026-09-23 22:36:22,741 - RLController - INFO -   B0 junction (indices 16-19) raw values: [ -9.906859 -10.       -10.       -10.      ]
2026-09-23 22:36:22,741 - RLController - INFO - Using CONTINUOUS DURATION-BASED mode
2026-09-23 22:36:22,741 - RLController - INFO -   Example: junction A0 -> durations [51, 13, 13, 13] (total: 90s)
2026-09-23 22:36:22,741 - RLController - INFO -   Example: junction A1 -> durations [24, 22, 22, 22] (total: 90s)
2026-09-23 22:36:22,741 - RLController - INFO -   Example: junction A2 -> durations [12, 12, 54, 12] (total: 90s)
2026-09-23 22:36:22,741 - RLController - INFO -   Example: junction A4 -> durations [60, 10, 10, 10] (total: 90s)
2026-09-23 22:36:22,742 - RLController - INFO -   Example: junction A5 -> durations [24, 22, 22, 22] (total: 90s)
2026-09-23 22:36:22,742 - RLController - INFO -   Example: junction B0 -> durations [24, 22, 22, 22] (total: 90s)
2026-09-23 22:36:22,742 - RLController - INFO -   Example: junction B1 -> durations [24, 22, 22, 22] (total: 90s)
2026-09-23 22:36:22,742 - RLController - INFO -   Example: junction B2 -> durations [24, 22, 22, 22] (total: 90s)
2026-09-23 22:36:22,742 - RLController - INFO -   Example: junction B4 -> durations [24, 22, 22, 22] (total: 90s)
2026-09-23 22:36:22,742 - RLController - INFO -   Example: junction B5 -> durations [60, 10, 10, 10] (total: 90s)
2026-09-23 22:36:22,742 - RLController - INFO -   Example: junction C0 -> durations [22, 22, 24, 22] (total: 90s)
2026-09-23 22:36:22,742 - RLController - INFO -   Example: junction C1 -> durations [24, 22, 22, 22] (total: 90s)
2026-09-23 22:36:22,743 - RLController - INFO -   Example: junction C2 -> durations [56, 14, 10, 10] (total: 90s)
2026-09-23 22:36:22,743 - RLController - INFO -   Example: junction C3 -> durations [60, 10, 10, 10] (total: 90s)
2026-09-23 22:36:22,743 - RLController - INFO -   Example: junction C4 -> durations [57, 11, 11, 11] (total: 90s)
2026-09-23 22:36:22,743 - RLController - INFO -   Example: junction C5 -> durations [57, 11, 11, 11] (total: 90s)
2026-09-23 22:36:22,743 - RLController - INFO -   Example: junction D0 -> durations [24, 22, 22, 22] (total: 90s)
2026-09-23 22:36:22,743 - RLController - INFO -   Example: junction D1 -> durations [21, 21, 27, 21] (total: 90s)
2026-09-23 22:36:22,743 - RLController - INFO -   Example: junction D2 -> durations [48, 14, 14, 14] (total: 90s)
2026-09-23 22:36:22,743 - RLController - INFO -   Example: junction D3 -> durations [24, 22, 22, 22] (total: 90s)
2026-09-23 22:36:22,744 - RLController - INFO -   Example: junction D4 -> durations [24, 22, 22, 22] (total: 90s)
2026-09-23 22:36:22,744 - RLController - INFO -   Example: junction D5 -> durations [13, 13, 51, 13] (total: 90s)
2026-09-23 22:36:22,744 - RLController - INFO -   Example: junction E0 -> durations [24, 22, 22, 22] (total: 90s)
2026-09-23 22:36:22,744 - RLController - INFO -   Example: junction E1 -> durations [24, 22, 22, 22] (total: 90s)
2026-09-23 22:36:22,745 - RLController - INFO -   Stored schedules for 34 junctions, cycle starts at step 5760
2026-09-23 22:36:27,611 - RLController - INFO - DIAGNOSTIC Step 5850 - Observation stats:
2026-09-23 22:36:27,612 - RLController - INFO -   Hash: -2481907848050090903, Min: 0.000000, Max: 1.000000, Mean: 0.439486, Std: 0.456508
2026-09-23 22:36:27,612 - RLController - INFO -   First 10: [1.         0.         0.         0.         0.         0.60824096
 0.         1.         0.99333334 1.        ]
2026-09-23 22:36:27,612 - RLController - INFO -   Last 10: [0.         0.2        0.         0.08333334 0.4679487  0.00354376
 0.07756411 0.5468743  0.         0.3       ]
2026-09-23 22:36:27,616 - RLController - INFO - DIAGNOSTIC - Raw model action output:
2026-09-23 22:36:27,616 - RLController - INFO -   Action hash: 4256056896315060333
2026-09-23 22:36:27,616 - RLController - INFO -   First 8 values: [ -7.508865 -10.       -10.       -10.       -10.       -10.
 -10.       -10.      ]
2026-09-23 22:36:27,616 - RLController - INFO -   Last 8 values: [-10.        -10.        -10.        -10.        -10.         -0.8210382
 -10.        -10.       ]
2026-09-23 22:36:27,617 - RLController - INFO -   Action shape: (136,), min: -10.000000, max: 5.841173, mean: -9.278315
2026-09-23 22:36:27,617 - RLController - INFO -   B0 junction (indices 16-19) raw values: [ -9.848333 -10.       -10.       -10.      ]
2026-09-23 22:36:27,617 - RLController - INFO - Using CONTINUOUS DURATION-BASED mode
2026-09-23 22:36:27,617 - RLController - INFO -   Example: junction A0 -> durations [51, 13, 13, 13] (total: 90s)
2026-09-23 22:36:27,617 - RLController - INFO -   Example: junction A1 -> durations [24, 22, 22, 22] (total: 90s)
2026-09-23 22:36:27,617 - RLController - INFO -   Example: junction A2 -> durations [12, 12, 54, 12] (total: 90s)
2026-09-23 22:36:27,617 - RLController - INFO -   Example: junction A4 -> durations [60, 10, 10, 10] (total: 90s)
2026-09-23 22:36:27,618 - RLController - INFO -   Example: junction A5 -> durations [24, 22, 22, 22] (total: 90s)
2026-09-23 22:36:27,618 - RLController - INFO -   Example: junction B0 -> durations [24, 22, 22, 22] (total: 90s)
2026-09-23 22:36:27,618 - RLController - INFO -   Example: junction B1 -> durations [24, 22, 22, 22] (total: 90s)
2026-09-23 22:36:27,618 - RLController - INFO -   Example: junction B2 -> durations [24, 22, 22, 22] (total: 90s)
2026-09-23 22:36:27,618 - RLController - INFO -   Example: junction B4 -> durations [24, 22, 22, 22] (total: 90s)
2026-09-23 22:36:27,618 - RLController - INFO -   Example: junction B5 -> durations [60, 10, 10, 10] (total: 90s)
2026-09-23 22:36:27,618 - RLController - INFO -   Example: junction C0 -> durations [22, 22, 24, 22] (total: 90s)
2026-09-23 22:36:27,618 - RLController - INFO -   Example: junction C1 -> durations [24, 22, 22, 22] (total: 90s)
2026-09-23 22:36:27,619 - RLController - INFO -   Example: junction C2 -> durations [56, 14, 10, 10] (total: 90s)
2026-09-23 22:36:27,619 - RLController - INFO -   Example: junction C3 -> durations [60, 10, 10, 10] (total: 90s)
2026-09-23 22:36:27,619 - RLController - INFO -   Example: junction C4 -> durations [57, 11, 11, 11] (total: 90s)
2026-09-23 22:36:27,619 - RLController - INFO -   Example: junction C5 -> durations [57, 11, 11, 11] (total: 90s)
2026-09-23 22:36:27,619 - RLController - INFO -   Example: junction D0 -> durations [24, 22, 22, 22] (total: 90s)
2026-09-23 22:36:27,619 - RLController - INFO -   Example: junction D1 -> durations [21, 21, 27, 21] (total: 90s)
2026-09-23 22:36:27,619 - RLController - INFO -   Example: junction D2 -> durations [48, 14, 14, 14] (total: 90s)
2026-09-23 22:36:27,619 - RLController - INFO -   Example: junction D3 -> durations [24, 22, 22, 22] (total: 90s)
2026-09-23 22:36:27,620 - RLController - INFO -   Example: junction D4 -> durations [24, 22, 22, 22] (total: 90s)
2026-09-23 22:36:27,620 - RLController - INFO -   Example: junction D5 -> durations [13, 13, 51, 13] (total: 90s)
2026-09-23 22:36:27,620 - RLController - INFO -   Example: junction E0 -> durations [24, 22, 22, 22] (total: 90s)
2026-09-23 22:36:27,620 - RLController - INFO -   Example: junction E1 -> durations [24, 22, 22, 22] (total: 90s)
2026-09-23 22:36:27,621 - RLController - INFO -   Stored schedules for 34 junctions, cycle starts at step 5850
2026-09-23 22:36:32,660 - RLController - INFO - DIAGNOSTIC Step 5940 - Observation stats:
2026-09-23 22:36:32,661 - RLController - INFO -   Hash: 5955702409377909391, Min: 0.000000, Max: 1.000000, Mean: 0.438436, Std: 0.456595
2026-09-23 22:36:32,662 - RLController - INFO -   First 10: [1.         0.         0.         0.         0.         0.60824096
 0.         1.         0.99333334 1.        ]
2026-09-23 22:36:32,662 - RLController - INFO -   Last 10: [0.         0.2        0.         0.08333334 0.4871795  0.00377674
 0.07773504 0.5339371  0.         0.3       ]
2026-09-23 22:36:32,671 - RLController - INFO - DIAGNOSTIC - Raw model action output:
2026-09-23 22:36:32,671 - RLController - INFO -   Action hash: 6801986995069184389
2026-09-23 22:36:32,672 - RLController - INFO -   First 8 values: [ -7.2120814 -10.        -10.        -10.        -10.        -10.
 -10.        -10.       ]
2026-09-23 22:36:32,672 - RLController - INFO -   Last 8 values: [-10.        -10.        -10.        -10.        -10.         -1.8574331
 -10.        -10.       ]
2026-09-23 22:36:32,672 - RLController - INFO -   Action shape: (136,), min: -10.000000, max: 5.481149, mean: -9.251528
2026-09-23 22:36:32,673 - RLController - INFO -   B0 junction (indices 16-19) raw values: [ -9.61563 -10.      -10.      -10.     ]
2026-09-23 22:36:32,673 - RLController - INFO - Using CONTINUOUS DURATION-BASED mode
2026-09-23 22:36:32,673 - RLController - INFO -   Example: junction A0 -> durations [51, 13, 13, 13] (total: 90s)
2026-09-23 22:36:32,673 - RLController - INFO -   Example: junction A1 -> durations [24, 22, 22, 22] (total: 90s)
2026-09-23 22:36:32,673 - RLController - INFO -   Example: junction A2 -> durations [11, 11, 57, 11] (total: 90s)
2026-09-23 22:36:32,673 - RLController - INFO -   Example: junction A4 -> durations [60, 10, 10, 10] (total: 90s)
2026-09-23 22:36:32,674 - RLController - INFO -   Example: junction A5 -> durations [27, 21, 21, 21] (total: 90s)
2026-09-23 22:36:32,674 - RLController - INFO -   Example: junction B0 -> durations [24, 22, 22, 22] (total: 90s)
2026-09-23 22:36:32,674 - RLController - INFO -   Example: junction B1 -> durations [24, 22, 22, 22] (total: 90s)
2026-09-23 22:36:32,674 - RLController - INFO -   Example: junction B2 -> durations [24, 22, 22, 22] (total: 90s)
2026-09-23 22:36:32,674 - RLController - INFO -   Example: junction B4 -> durations [24, 22, 22, 22] (total: 90s)
2026-09-23 22:36:32,675 - RLController - INFO -   Example: junction B5 -> durations [60, 10, 10, 10] (total: 90s)
2026-09-23 22:36:32,675 - RLController - INFO -   Example: junction C0 -> durations [21, 21, 27, 21] (total: 90s)
2026-09-23 22:36:32,675 - RLController - INFO -   Example: junction C1 -> durations [24, 22, 22, 22] (total: 90s)
2026-09-23 22:36:32,675 - RLController - INFO -   Example: junction C2 -> durations [57, 13, 10, 10] (total: 90s)
2026-09-23 22:36:32,675 - RLController - INFO -   Example: junction C3 -> durations [60, 10, 10, 10] (total: 90s)
2026-09-23 22:36:32,675 - RLController - INFO -   Example: junction C4 -> durations [57, 11, 11, 11] (total: 90s)
2026-09-23 22:36:32,676 - RLController - INFO -   Example: junction C5 -> durations [57, 11, 11, 11] (total: 90s)
2026-09-23 22:36:32,676 - RLController - INFO -   Example: junction D0 -> durations [24, 22, 22, 22] (total: 90s)
2026-09-23 22:36:32,676 - RLController - INFO -   Example: junction D1 -> durations [20, 20, 30, 20] (total: 90s)
2026-09-23 22:36:32,676 - RLController - INFO -   Example: junction D2 -> durations [51, 13, 13, 13] (total: 90s)
2026-09-23 22:36:32,676 - RLController - INFO -   Example: junction D3 -> durations [24, 22, 22, 22] (total: 90s)
2026-09-23 22:36:32,676 - RLController - INFO -   Example: junction D4 -> durations [24, 22, 22, 22] (total: 90s)
2026-09-23 22:36:32,677 - RLController - INFO -   Example: junction D5 -> durations [12, 12, 54, 12] (total: 90s)
2026-09-23 22:36:32,677 - RLController - INFO -   Example: junction E0 -> durations [24, 22, 22, 22] (total: 90s)
2026-09-23 22:36:32,677 - RLController - INFO -   Example: junction E1 -> durations [24, 22, 22, 22] (total: 90s)
2026-09-23 22:36:32,678 - RLController - INFO -   Stored schedules for 34 junctions, cycle starts at step 5940
2026-09-23 22:36:37,175 - RLController - INFO - DIAGNOSTIC Step 6030 - Observation stats:
2026-09-23 22:36:37,175 - RLController - INFO -   Hash: 2895463131120836485, Min: 0.000000, Max: 1.000000, Mean: 0.444342, Std: 0.457458
2026-09-23 22:36:37,175 - RLController - INFO -   First 10: [1.         0.         0.         0.         0.         0.5870803
 0.         1.         0.99333334 1.        ]
2026-09-23 22:36:37,175 - RLController - INFO -   Last 10: [0.         0.2        0.         0.08333334 0.5        0.00305232
 0.07871795 0.51603246 0.         0.3       ]
2026-09-23 22:36:37,179 - RLController - INFO - DIAGNOSTIC - Raw model action output:
2026-09-23 22:36:37,179 - RLController - INFO -   Action hash: -4444269939916075032
2026-09-23 22:36:37,179 - RLController - INFO -   First 8 values: [ -7.4101815 -10.        -10.        -10.        -10.        -10.
 -10.        -10.       ]
2026-09-23 22:36:37,179 - RLController - INFO -   Last 8 values: [-10.        -10.        -10.        -10.        -10.         -1.9984605
 -10.        -10.       ]
2026-09-23 22:36:37,180 - RLController - INFO -   Action shape: (136,), min: -10.000000, max: 5.214234, mean: -9.297533
2026-09-23 22:36:37,180 - RLController - INFO -   B0 junction (indices 16-19) raw values: [ -9.9756 -10.     -10.     -10.    ]
2026-09-23 22:36:37,180 - RLController - INFO - Using CONTINUOUS DURATION-BASED mode
2026-09-23 22:36:37,180 - RLController - INFO -   Example: junction A0 -> durations [51, 13, 13, 13] (total: 90s)
2026-09-23 22:36:37,180 - RLController - INFO -   Example: junction A1 -> durations [24, 22, 22, 22] (total: 90s)
2026-09-23 22:36:37,180 - RLController - INFO -   Example: junction A2 -> durations [12, 12, 54, 12] (total: 90s)
2026-09-23 22:36:37,180 - RLController - INFO -   Example: junction A4 -> durations [60, 10, 10, 10] (total: 90s)
2026-09-23 22:36:37,180 - RLController - INFO -   Example: junction A5 -> durations [24, 22, 22, 22] (total: 90s)
2026-09-23 22:36:37,181 - RLController - INFO -   Example: junction B0 -> durations [24, 22, 22, 22] (total: 90s)
2026-09-23 22:36:37,181 - RLController - INFO -   Example: junction B1 -> durations [24, 22, 22, 22] (total: 90s)
2026-09-23 22:36:37,181 - RLController - INFO -   Example: junction B2 -> durations [24, 22, 22, 22] (total: 90s)
2026-09-23 22:36:37,181 - RLController - INFO -   Example: junction B4 -> durations [24, 22, 22, 22] (total: 90s)
2026-09-23 22:36:37,181 - RLController - INFO -   Example: junction B5 -> durations [60, 10, 10, 10] (total: 90s)
2026-09-23 22:36:37,181 - RLController - INFO -   Example: junction C0 -> durations [22, 22, 24, 22] (total: 90s)
2026-09-23 22:36:37,181 - RLController - INFO -   Example: junction C1 -> durations [24, 22, 22, 22] (total: 90s)
2026-09-23 22:36:37,181 - RLController - INFO -   Example: junction C2 -> durations [56, 14, 10, 10] (total: 90s)
2026-09-23 22:36:37,181 - RLController - INFO -   Example: junction C3 -> durations [60, 10, 10, 10] (total: 90s)
2026-09-23 22:36:37,182 - RLController - INFO -   Example: junction C4 -> durations [57, 11, 11, 11] (total: 90s)
2026-09-23 22:36:37,182 - RLController - INFO -   Example: junction C5 -> durations [57, 11, 11, 11] (total: 90s)
2026-09-23 22:36:37,182 - RLController - INFO -   Example: junction D0 -> durations [24, 22, 22, 22] (total: 90s)
2026-09-23 22:36:37,182 - RLController - INFO -   Example: junction D1 -> durations [22, 22, 24, 22] (total: 90s)
2026-09-23 22:36:37,182 - RLController - INFO -   Example: junction D2 -> durations [48, 14, 14, 14] (total: 90s)
2026-09-23 22:36:37,182 - RLController - INFO -   Example: junction D3 -> durations [24, 22, 22, 22] (total: 90s)
2026-09-23 22:36:37,182 - RLController - INFO -   Example: junction D4 -> durations [24, 22, 22, 22] (total: 90s)
2026-09-23 22:36:37,182 - RLController - INFO -   Example: junction D5 -> durations [13, 13, 51, 13] (total: 90s)
2026-09-23 22:36:37,182 - RLController - INFO -   Example: junction E0 -> durations [24, 22, 22, 22] (total: 90s)
2026-09-23 22:36:37,183 - RLController - INFO -   Example: junction E1 -> durations [24, 22, 22, 22] (total: 90s)
2026-09-23 22:36:37,183 - RLController - INFO -   Stored schedules for 34 junctions, cycle starts at step 6030
2026-09-23 22:36:41,780 - RLController - INFO - DIAGNOSTIC Step 6120 - Observation stats:
2026-09-23 22:36:41,781 - RLController - INFO -   Hash: -7230636582055763486, Min: 0.000000, Max: 1.000005, Mean: 0.436287, Std: 0.455763
2026-09-23 22:36:41,781 - RLController - INFO -   First 10: [1.         0.         0.         0.         0.         0.57033855
 0.         1.         0.99333334 1.        ]
2026-09-23 22:36:41,781 - RLController - INFO -   Last 10: [0.         0.2        0.         0.08333334 0.48931623 0.00324585
 0.08081196 0.5318331  0.         0.3       ]
2026-09-23 22:36:41,786 - RLController - INFO - DIAGNOSTIC - Raw model action output:
2026-09-23 22:36:41,786 - RLController - INFO -   Action hash: -2851791549176037157
2026-09-23 22:36:41,786 - RLController - INFO -   First 8 values: [ -7.1560025 -10.        -10.        -10.        -10.        -10.
 -10.        -10.       ]
2026-09-23 22:36:41,786 - RLController - INFO -   Last 8 values: [-10.        -10.        -10.        -10.        -10.         -2.6038258
 -10.        -10.       ]
2026-09-23 22:36:41,786 - RLController - INFO -   Action shape: (136,), min: -10.000000, max: 5.012637, mean: -9.264258
2026-09-23 22:36:41,787 - RLController - INFO -   B0 junction (indices 16-19) raw values: [-10. -10. -10. -10.]
2026-09-23 22:36:41,787 - RLController - INFO - Using CONTINUOUS DURATION-BASED mode
2026-09-23 22:36:41,787 - RLController - INFO -   Example: junction A0 -> durations [54, 12, 12, 12] (total: 90s)
2026-09-23 22:36:41,787 - RLController - INFO -   Example: junction A1 -> durations [24, 22, 22, 22] (total: 90s)
2026-09-23 22:36:41,787 - RLController - INFO -   Example: junction A2 -> durations [12, 12, 54, 12] (total: 90s)
2026-09-23 22:36:41,787 - RLController - INFO -   Example: junction A4 -> durations [60, 10, 10, 10] (total: 90s)
2026-09-23 22:36:41,787 - RLController - INFO -   Example: junction A5 -> durations [24, 22, 22, 22] (total: 90s)
2026-09-23 22:36:41,788 - RLController - INFO -   Example: junction B0 -> durations [24, 22, 22, 22] (total: 90s)
2026-09-23 22:36:41,788 - RLController - INFO -   Example: junction B1 -> durations [24, 22, 22, 22] (total: 90s)
2026-09-23 22:36:41,788 - RLController - INFO -   Example: junction B2 -> durations [24, 22, 22, 22] (total: 90s)
2026-09-23 22:36:41,788 - RLController - INFO -   Example: junction B4 -> durations [24, 22, 22, 22] (total: 90s)
2026-09-23 22:36:41,788 - RLController - INFO -   Example: junction B5 -> durations [60, 10, 10, 10] (total: 90s)
2026-09-23 22:36:41,788 - RLController - INFO -   Example: junction C0 -> durations [20, 20, 30, 20] (total: 90s)
2026-09-23 22:36:41,788 - RLController - INFO -   Example: junction C1 -> durations [24, 22, 22, 22] (total: 90s)
2026-09-23 22:36:41,788 - RLController - INFO -   Example: junction C2 -> durations [55, 15, 10, 10] (total: 90s)
2026-09-23 22:36:41,789 - RLController - INFO -   Example: junction C3 -> durations [60, 10, 10, 10] (total: 90s)
2026-09-23 22:36:41,789 - RLController - INFO -   Example: junction C4 -> durations [57, 11, 11, 11] (total: 90s)
2026-09-23 22:36:41,789 - RLController - INFO -   Example: junction C5 -> durations [57, 11, 11, 11] (total: 90s)
2026-09-23 22:36:41,789 - RLController - INFO -   Example: junction D0 -> durations [24, 22, 22, 22] (total: 90s)
2026-09-23 22:36:41,789 - RLController - INFO -   Example: junction D1 -> durations [21, 21, 27, 21] (total: 90s)
2026-09-23 22:36:41,789 - RLController - INFO -   Example: junction D2 -> durations [51, 13, 13, 13] (total: 90s)
2026-09-23 22:36:41,789 - RLController - INFO -   Example: junction D3 -> durations [24, 22, 22, 22] (total: 90s)
2026-09-23 22:36:41,790 - RLController - INFO -   Example: junction D4 -> durations [24, 22, 22, 22] (total: 90s)
2026-09-23 22:36:41,790 - RLController - INFO -   Example: junction D5 -> durations [13, 13, 51, 13] (total: 90s)
2026-09-23 22:36:41,790 - RLController - INFO -   Example: junction E0 -> durations [24, 22, 22, 22] (total: 90s)
2026-09-23 22:36:41,790 - RLController - INFO -   Example: junction E1 -> durations [24, 22, 22, 22] (total: 90s)
2026-09-23 22:36:41,791 - RLController - INFO -   Stored schedules for 34 junctions, cycle starts at step 6120
2026-09-23 22:36:46,721 - RLController - INFO - DIAGNOSTIC Step 6210 - Observation stats:
2026-09-23 22:36:46,721 - RLController - INFO -   Hash: -409304865150459274, Min: 0.000000, Max: 1.000000, Mean: 0.442731, Std: 0.457901
2026-09-23 22:36:46,722 - RLController - INFO -   First 10: [1.       0.       0.       0.       0.       0.559698 1.       0.
 0.       0.      ]
2026-09-23 22:36:46,722 - RLController - INFO -   Last 10: [0.         0.2        0.         0.08333334 0.49786323 0.00342595
 0.08132479 0.5202176  0.         0.3       ]
2026-09-23 22:36:46,726 - RLController - INFO - DIAGNOSTIC - Raw model action output:
2026-09-23 22:36:46,726 - RLController - INFO -   Action hash: 3493437530423982525
2026-09-23 22:36:46,727 - RLController - INFO -   First 8 values: [ -7.43185 -10.      -10.      -10.      -10.      -10.      -10.
 -10.     ]
2026-09-23 22:36:46,727 - RLController - INFO -   Last 8 values: [-10.        -10.        -10.        -10.        -10.         -2.4033782
 -10.        -10.       ]
2026-09-23 22:36:46,727 - RLController - INFO -   Action shape: (136,), min: -10.000000, max: 4.760313, mean: -9.292148
2026-09-23 22:36:46,727 - RLController - INFO -   B0 junction (indices 16-19) raw values: [-10. -10. -10. -10.]
2026-09-23 22:36:46,727 - RLController - INFO - Using CONTINUOUS DURATION-BASED mode
2026-09-23 22:36:46,727 - RLController - INFO -   Example: junction A0 -> durations [51, 13, 13, 13] (total: 90s)
2026-09-23 22:36:46,728 - RLController - INFO -   Example: junction A1 -> durations [24, 22, 22, 22] (total: 90s)
2026-09-23 22:36:46,728 - RLController - INFO -   Example: junction A2 -> durations [12, 12, 54, 12] (total: 90s)
2026-09-23 22:36:46,728 - RLController - INFO -   Example: junction A4 -> durations [60, 10, 10, 10] (total: 90s)
2026-09-23 22:36:46,728 - RLController - INFO -   Example: junction A5 -> durations [24, 22, 22, 22] (total: 90s)
2026-09-23 22:36:46,728 - RLController - INFO -   Example: junction B0 -> durations [24, 22, 22, 22] (total: 90s)
2026-09-23 22:36:46,728 - RLController - INFO -   Example: junction B1 -> durations [24, 22, 22, 22] (total: 90s)
2026-09-23 22:36:46,728 - RLController - INFO -   Example: junction B2 -> durations [24, 22, 22, 22] (total: 90s)
2026-09-23 22:36:46,728 - RLController - INFO -   Example: junction B4 -> durations [24, 22, 22, 22] (total: 90s)
2026-09-23 22:36:46,729 - RLController - INFO -   Example: junction B5 -> durations [60, 10, 10, 10] (total: 90s)
2026-09-23 22:36:46,729 - RLController - INFO -   Example: junction C0 -> durations [22, 22, 24, 22] (total: 90s)
2026-09-23 22:36:46,729 - RLController - INFO -   Example: junction C1 -> durations [24, 22, 22, 22] (total: 90s)
2026-09-23 22:36:46,729 - RLController - INFO -   Example: junction C2 -> durations [55, 15, 10, 10] (total: 90s)
2026-09-23 22:36:46,729 - RLController - INFO -   Example: junction C3 -> durations [60, 10, 10, 10] (total: 90s)
2026-09-23 22:36:46,729 - RLController - INFO -   Example: junction C4 -> durations [57, 11, 11, 11] (total: 90s)
2026-09-23 22:36:46,729 - RLController - INFO -   Example: junction C5 -> durations [57, 11, 11, 11] (total: 90s)
2026-09-23 22:36:46,729 - RLController - INFO -   Example: junction D0 -> durations [24, 22, 22, 22] (total: 90s)
2026-09-23 22:36:46,730 - RLController - INFO -   Example: junction D1 -> durations [22, 22, 24, 22] (total: 90s)
2026-09-23 22:36:46,730 - RLController - INFO -   Example: junction D2 -> durations [48, 14, 14, 14] (total: 90s)
2026-09-23 22:36:46,730 - RLController - INFO -   Example: junction D3 -> durations [24, 22, 22, 22] (total: 90s)
2026-09-23 22:36:46,730 - RLController - INFO -   Example: junction D4 -> durations [24, 22, 22, 22] (total: 90s)
2026-09-23 22:36:46,730 - RLController - INFO -   Example: junction D5 -> durations [13, 13, 51, 13] (total: 90s)
2026-09-23 22:36:46,730 - RLController - INFO -   Example: junction E0 -> durations [24, 22, 22, 22] (total: 90s)
2026-09-23 22:36:46,730 - RLController - INFO -   Example: junction E1 -> durations [24, 22, 22, 22] (total: 90s)
2026-09-23 22:36:46,731 - RLController - INFO -   Stored schedules for 34 junctions, cycle starts at step 6210
2026-09-23 22:36:51,702 - RLController - INFO - DIAGNOSTIC Step 6300 - Observation stats:
2026-09-23 22:36:51,702 - RLController - INFO -   Hash: 5399077141076590809, Min: 0.000000, Max: 1.000000, Mean: 0.444845, Std: 0.456679
2026-09-23 22:36:51,703 - RLController - INFO -   First 10: [1.       0.       0.       0.       0.       0.559698 1.       0.
 0.       0.      ]
2026-09-23 22:36:51,703 - RLController - INFO -   Last 10: [0.         0.2        0.         0.08333334 0.50427353 0.00372872
 0.08230769 0.5169904  0.         0.3       ]
2026-09-23 22:36:51,868 - RLController - INFO - DIAGNOSTIC - Raw model action output:
2026-09-23 22:36:51,868 - RLController - INFO -   Action hash: -6542416643210008716
2026-09-23 22:36:51,869 - RLController - INFO -   First 8 values: [ -7.1595354 -10.        -10.        -10.        -10.        -10.
 -10.        -10.       ]
2026-09-23 22:36:51,869 - RLController - INFO -   Last 8 values: [-10.        -10.        -10.        -10.        -10.         -3.7606032
 -10.        -10.       ]
2026-09-23 22:36:51,869 - RLController - INFO -   Action shape: (136,), min: -10.000000, max: 4.881505, mean: -9.267777
2026-09-23 22:36:51,869 - RLController - INFO -   B0 junction (indices 16-19) raw values: [-10. -10. -10. -10.]
2026-09-23 22:36:51,869 - RLController - INFO - Using CONTINUOUS DURATION-BASED mode
2026-09-23 22:36:51,870 - RLController - INFO -   Example: junction A0 -> durations [54, 12, 12, 12] (total: 90s)
2026-09-23 22:36:51,870 - RLController - INFO -   Example: junction A1 -> durations [24, 22, 22, 22] (total: 90s)
2026-09-23 22:36:51,870 - RLController - INFO -   Example: junction A2 -> durations [12, 12, 54, 12] (total: 90s)
2026-09-23 22:36:51,870 - RLController - INFO -   Example: junction A4 -> durations [60, 10, 10, 10] (total: 90s)
2026-09-23 22:36:51,870 - RLController - INFO -   Example: junction A5 -> durations [24, 22, 22, 22] (total: 90s)
2026-09-23 22:36:51,870 - RLController - INFO -   Example: junction B0 -> durations [24, 22, 22, 22] (total: 90s)
2026-09-23 22:36:51,871 - RLController - INFO -   Example: junction B1 -> durations [24, 22, 22, 22] (total: 90s)
2026-09-23 22:36:51,871 - RLController - INFO -   Example: junction B2 -> durations [24, 22, 22, 22] (total: 90s)
2026-09-23 22:36:51,871 - RLController - INFO -   Example: junction B4 -> durations [24, 22, 22, 22] (total: 90s)
2026-09-23 22:36:51,871 - RLController - INFO -   Example: junction B5 -> durations [60, 10, 10, 10] (total: 90s)
2026-09-23 22:36:51,871 - RLController - INFO -   Example: junction C0 -> durations [20, 20, 30, 20] (total: 90s)
2026-09-23 22:36:51,871 - RLController - INFO -   Example: junction C1 -> durations [24, 22, 22, 22] (total: 90s)
2026-09-23 22:36:51,872 - RLController - INFO -   Example: junction C2 -> durations [55, 15, 10, 10] (total: 90s)
2026-09-23 22:36:51,872 - RLController - INFO -   Example: junction C3 -> durations [60, 10, 10, 10] (total: 90s)
2026-09-23 22:36:51,872 - RLController - INFO -   Example: junction C4 -> durations [60, 10, 10, 10] (total: 90s)
2026-09-23 22:36:51,872 - RLController - INFO -   Example: junction C5 -> durations [57, 11, 11, 11] (total: 90s)
2026-09-23 22:36:51,872 - RLController - INFO -   Example: junction D0 -> durations [24, 22, 22, 22] (total: 90s)
2026-09-23 22:36:51,872 - RLController - INFO -   Example: junction D1 -> durations [20, 20, 30, 20] (total: 90s)
2026-09-23 22:36:51,873 - RLController - INFO -   Example: junction D2 -> durations [48, 14, 14, 14] (total: 90s)
2026-09-23 22:36:51,873 - RLController - INFO -   Example: junction D3 -> durations [24, 22, 22, 22] (total: 90s)
2026-09-23 22:36:51,873 - RLController - INFO -   Example: junction D4 -> durations [24, 22, 22, 22] (total: 90s)
2026-09-23 22:36:51,873 - RLController - INFO -   Example: junction D5 -> durations [13, 13, 51, 13] (total: 90s)
2026-09-23 22:36:51,873 - RLController - INFO -   Example: junction E0 -> durations [24, 22, 22, 22] (total: 90s)
2026-09-23 22:36:51,873 - RLController - INFO -   Example: junction E1 -> durations [24, 22, 22, 22] (total: 90s)
2026-09-23 22:36:51,874 - RLController - INFO -   Stored schedules for 34 junctions, cycle starts at step 6300
2026-09-23 22:36:56,366 - RLController - INFO - DIAGNOSTIC Step 6390 - Observation stats:
2026-09-23 22:36:56,378 - RLController - INFO -   Hash: -6275392663346232561, Min: 0.000000, Max: 1.000000, Mean: 0.444560, Std: 0.457816
2026-09-23 22:36:56,378 - RLController - INFO -   First 10: [1.       0.       0.       0.       0.       0.559698 1.       0.
 0.       0.      ]
2026-09-23 22:36:56,378 - RLController - INFO -   Last 10: [0.         0.2        0.         0.08333334 0.51282054 0.00391898
 0.08260684 0.51408625 0.         0.3       ]
2026-09-23 22:36:56,382 - RLController - INFO - DIAGNOSTIC - Raw model action output:
2026-09-23 22:36:56,382 - RLController - INFO -   Action hash: -1313276545632374348
2026-09-23 22:36:56,382 - RLController - INFO -   First 8 values: [ -7.4474473 -10.        -10.        -10.        -10.        -10.
 -10.        -10.       ]
2026-09-23 22:36:56,383 - RLController - INFO -   Last 8 values: [-10.       -10.       -10.       -10.       -10.        -2.380603
 -10.       -10.      ]
2026-09-23 22:36:56,383 - RLController - INFO -   Action shape: (136,), min: -10.000000, max: 5.567064, mean: -9.248499
2026-09-23 22:36:56,383 - RLController - INFO -   B0 junction (indices 16-19) raw values: [ -9.904118 -10.       -10.       -10.      ]
2026-09-23 22:36:56,383 - RLController - INFO - Using CONTINUOUS DURATION-BASED mode
2026-09-23 22:36:56,383 - RLController - INFO -   Example: junction A0 -> durations [51, 13, 13, 13] (total: 90s)
2026-09-23 22:36:56,384 - RLController - INFO -   Example: junction A1 -> durations [24, 22, 22, 22] (total: 90s)
2026-09-23 22:36:56,384 - RLController - INFO -   Example: junction A2 -> durations [12, 12, 54, 12] (total: 90s)
2026-09-23 22:36:56,384 - RLController - INFO -   Example: junction A4 -> durations [60, 10, 10, 10] (total: 90s)
2026-09-23 22:36:56,384 - RLController - INFO -   Example: junction A5 -> durations [24, 22, 22, 22] (total: 90s)
2026-09-23 22:36:56,384 - RLController - INFO -   Example: junction B0 -> durations [24, 22, 22, 22] (total: 90s)
2026-09-23 22:36:56,385 - RLController - INFO -   Example: junction B1 -> durations [24, 22, 22, 22] (total: 90s)
2026-09-23 22:36:56,385 - RLController - INFO -   Example: junction B2 -> durations [24, 22, 22, 22] (total: 90s)
2026-09-23 22:36:56,385 - RLController - INFO -   Example: junction B4 -> durations [24, 22, 22, 22] (total: 90s)
2026-09-23 22:36:56,385 - RLController - INFO -   Example: junction B5 -> durations [60, 10, 10, 10] (total: 90s)
2026-09-23 22:36:56,385 - RLController - INFO -   Example: junction C0 -> durations [22, 22, 24, 22] (total: 90s)
2026-09-23 22:36:56,385 - RLController - INFO -   Example: junction C1 -> durations [24, 22, 22, 22] (total: 90s)
2026-09-23 22:36:56,385 - RLController - INFO -   Example: junction C2 -> durations [56, 14, 10, 10] (total: 90s)
2026-09-23 22:36:56,386 - RLController - INFO -   Example: junction C3 -> durations [60, 10, 10, 10] (total: 90s)
2026-09-23 22:36:56,386 - RLController - INFO -   Example: junction C4 -> durations [60, 10, 10, 10] (total: 90s)
2026-09-23 22:36:56,386 - RLController - INFO -   Example: junction C5 -> durations [57, 11, 11, 11] (total: 90s)
2026-09-23 22:36:56,386 - RLController - INFO -   Example: junction D0 -> durations [24, 22, 22, 22] (total: 90s)
2026-09-23 22:36:56,386 - RLController - INFO -   Example: junction D1 -> durations [21, 21, 27, 21] (total: 90s)
2026-09-23 22:36:56,386 - RLController - INFO -   Example: junction D2 -> durations [51, 13, 13, 13] (total: 90s)
2026-09-23 22:36:56,386 - RLController - INFO -   Example: junction D3 -> durations [24, 22, 22, 22] (total: 90s)
2026-09-23 22:36:56,386 - RLController - INFO -   Example: junction D4 -> durations [24, 22, 22, 22] (total: 90s)
2026-09-23 22:36:56,387 - RLController - INFO -   Example: junction D5 -> durations [13, 13, 51, 13] (total: 90s)
2026-09-23 22:36:56,387 - RLController - INFO -   Example: junction E0 -> durations [24, 22, 22, 22] (total: 90s)
2026-09-23 22:36:56,387 - RLController - INFO -   Example: junction E1 -> durations [24, 22, 22, 22] (total: 90s)
2026-09-23 22:36:56,388 - RLController - INFO -   Stored schedules for 34 junctions, cycle starts at step 6390
2026-09-23 22:37:01,633 - RLController - INFO - DIAGNOSTIC Step 6480 - Observation stats:
2026-09-23 22:37:01,633 - RLController - INFO -   Hash: -1018216787763462711, Min: 0.000000, Max: 1.000000, Mean: 0.449654, Std: 0.459729
2026-09-23 22:37:01,633 - RLController - INFO -   First 10: [1.       0.       0.       0.       0.       0.559698 1.       0.
 0.       0.      ]
2026-09-23 22:37:01,634 - RLController - INFO -   Last 10: [0.         0.2        0.         0.08333334 0.51282054 0.00355523
 0.08196581 0.50916713 0.         0.3       ]
2026-09-23 22:37:01,638 - RLController - INFO - DIAGNOSTIC - Raw model action output:
2026-09-23 22:37:01,638 - RLController - INFO -   Action hash: -3298526085047948798
2026-09-23 22:37:01,638 - RLController - INFO -   First 8 values: [ -7.514222 -10.       -10.       -10.       -10.       -10.
 -10.       -10.      ]
2026-09-23 22:37:01,639 - RLController - INFO -   Last 8 values: [-10.        -10.        -10.        -10.        -10.         -1.3925602
 -10.        -10.       ]
2026-09-23 22:37:01,639 - RLController - INFO -   Action shape: (136,), min: -10.000000, max: 5.574639, mean: -9.251686
2026-09-23 22:37:01,640 - RLController - INFO -   B0 junction (indices 16-19) raw values: [-10. -10. -10. -10.]
2026-09-23 22:37:01,640 - RLController - INFO - Using CONTINUOUS DURATION-BASED mode
2026-09-23 22:37:01,640 - RLController - INFO -   Example: junction A0 -> durations [51, 13, 13, 13] (total: 90s)
2026-09-23 22:37:01,641 - RLController - INFO -   Example: junction A1 -> durations [24, 22, 22, 22] (total: 90s)
2026-09-23 22:37:01,641 - RLController - INFO -   Example: junction A2 -> durations [12, 12, 54, 12] (total: 90s)
2026-09-23 22:37:01,641 - RLController - INFO -   Example: junction A4 -> durations [60, 10, 10, 10] (total: 90s)
2026-09-23 22:37:01,641 - RLController - INFO -   Example: junction A5 -> durations [24, 22, 22, 22] (total: 90s)
2026-09-23 22:37:01,642 - RLController - INFO -   Example: junction B0 -> durations [24, 22, 22, 22] (total: 90s)
2026-09-23 22:37:01,642 - RLController - INFO -   Example: junction B1 -> durations [24, 22, 22, 22] (total: 90s)
2026-09-23 22:37:01,642 - RLController - INFO -   Example: junction B2 -> durations [24, 22, 22, 22] (total: 90s)
2026-09-23 22:37:01,642 - RLController - INFO -   Example: junction B4 -> durations [24, 22, 22, 22] (total: 90s)
2026-09-23 22:37:01,643 - RLController - INFO -   Example: junction B5 -> durations [60, 10, 10, 10] (total: 90s)
2026-09-23 22:37:01,643 - RLController - INFO -   Example: junction C0 -> durations [22, 22, 24, 22] (total: 90s)
2026-09-23 22:37:01,643 - RLController - INFO -   Example: junction C1 -> durations [24, 22, 22, 22] (total: 90s)
2026-09-23 22:37:01,643 - RLController - INFO -   Example: junction C2 -> durations [56, 14, 10, 10] (total: 90s)
2026-09-23 22:37:01,643 - RLController - INFO -   Example: junction C3 -> durations [60, 10, 10, 10] (total: 90s)
2026-09-23 22:37:01,644 - RLController - INFO -   Example: junction C4 -> durations [60, 10, 10, 10] (total: 90s)
2026-09-23 22:37:01,644 - RLController - INFO -   Example: junction C5 -> durations [57, 11, 11, 11] (total: 90s)
2026-09-23 22:37:01,644 - RLController - INFO -   Example: junction D0 -> durations [24, 22, 22, 22] (total: 90s)
2026-09-23 22:37:01,645 - RLController - INFO -   Example: junction D1 -> durations [21, 21, 27, 21] (total: 90s)
2026-09-23 22:37:01,645 - RLController - INFO -   Example: junction D2 -> durations [48, 14, 14, 14] (total: 90s)
2026-09-23 22:37:01,645 - RLController - INFO -   Example: junction D3 -> durations [24, 22, 22, 22] (total: 90s)
2026-09-23 22:37:01,645 - RLController - INFO -   Example: junction D4 -> durations [24, 22, 22, 22] (total: 90s)
2026-09-23 22:37:01,646 - RLController - INFO -   Example: junction D5 -> durations [13, 13, 51, 13] (total: 90s)
2026-09-23 22:37:01,646 - RLController - INFO -   Example: junction E0 -> durations [24, 22, 22, 22] (total: 90s)
2026-09-23 22:37:01,646 - RLController - INFO -   Example: junction E1 -> durations [24, 22, 22, 22] (total: 90s)
2026-09-23 22:37:01,647 - RLController - INFO -   Stored schedules for 34 junctions, cycle starts at step 6480
2026-09-23 22:37:06,526 - RLController - INFO - DIAGNOSTIC Step 6570 - Observation stats:
2026-09-23 22:37:06,533 - RLController - INFO -   Hash: 9167186617568725536, Min: 0.000000, Max: 1.000000, Mean: 0.438240, Std: 0.455601
2026-09-23 22:37:06,533 - RLController - INFO -   First 10: [1.       0.       0.       0.       0.       0.559698 1.       0.
 0.       0.      ]
2026-09-23 22:37:06,534 - RLController - INFO -   Last 10: [0.         0.2        0.         0.08333334 0.4957265  0.00375494
 0.08264957 0.52790046 0.         0.3       ]
2026-09-23 22:37:06,538 - RLController - INFO - DIAGNOSTIC - Raw model action output:
2026-09-23 22:37:06,538 - RLController - INFO -   Action hash: 8353583031150562136
2026-09-23 22:37:06,538 - RLController - INFO -   First 8 values: [ -7.315923 -10.       -10.       -10.       -10.       -10.
 -10.       -10.      ]
2026-09-23 22:37:06,538 - RLController - INFO -   Last 8 values: [-10.        -10.        -10.        -10.        -10.         -2.1426592
 -10.        -10.       ]
2026-09-23 22:37:06,538 - RLController - INFO -   Action shape: (136,), min: -10.000000, max: 5.677256, mean: -9.260159
2026-09-23 22:37:06,539 - RLController - INFO -   B0 junction (indices 16-19) raw values: [-10. -10. -10. -10.]
2026-09-23 22:37:06,539 - RLController - INFO - Using CONTINUOUS DURATION-BASED mode
2026-09-23 22:37:06,539 - RLController - INFO -   Example: junction A0 -> durations [51, 13, 13, 13] (total: 90s)
2026-09-23 22:37:06,539 - RLController - INFO -   Example: junction A1 -> durations [24, 22, 22, 22] (total: 90s)
2026-09-23 22:37:06,539 - RLController - INFO -   Example: junction A2 -> durations [12, 12, 54, 12] (total: 90s)
2026-09-23 22:37:06,539 - RLController - INFO -   Example: junction A4 -> durations [60, 10, 10, 10] (total: 90s)
2026-09-23 22:37:06,539 - RLController - INFO -   Example: junction A5 -> durations [24, 22, 22, 22] (total: 90s)
2026-09-23 22:37:06,540 - RLController - INFO -   Example: junction B0 -> durations [24, 22, 22, 22] (total: 90s)
2026-09-23 22:37:06,540 - RLController - INFO -   Example: junction B1 -> durations [24, 22, 22, 22] (total: 90s)
2026-09-23 22:37:06,540 - RLController - INFO -   Example: junction B2 -> durations [24, 22, 22, 22] (total: 90s)
2026-09-23 22:37:06,540 - RLController - INFO -   Example: junction B4 -> durations [24, 22, 22, 22] (total: 90s)
2026-09-23 22:37:06,540 - RLController - INFO -   Example: junction B5 -> durations [60, 10, 10, 10] (total: 90s)
2026-09-23 22:37:06,540 - RLController - INFO -   Example: junction C0 -> durations [22, 22, 24, 22] (total: 90s)
2026-09-23 22:37:06,540 - RLController - INFO -   Example: junction C1 -> durations [24, 22, 22, 22] (total: 90s)
2026-09-23 22:37:06,541 - RLController - INFO -   Example: junction C2 -> durations [54, 16, 10, 10] (total: 90s)
2026-09-23 22:37:06,541 - RLController - INFO -   Example: junction C3 -> durations [60, 10, 10, 10] (total: 90s)
2026-09-23 22:37:06,541 - RLController - INFO -   Example: junction C4 -> durations [60, 10, 10, 10] (total: 90s)
2026-09-23 22:37:06,541 - RLController - INFO -   Example: junction C5 -> durations [57, 11, 11, 11] (total: 90s)
2026-09-23 22:37:06,541 - RLController - INFO -   Example: junction D0 -> durations [24, 22, 22, 22] (total: 90s)
2026-09-23 22:37:06,541 - RLController - INFO -   Example: junction D1 -> durations [21, 21, 27, 21] (total: 90s)
2026-09-23 22:37:06,541 - RLController - INFO -   Example: junction D2 -> durations [51, 13, 13, 13] (total: 90s)
2026-09-23 22:37:06,541 - RLController - INFO -   Example: junction D3 -> durations [24, 22, 22, 22] (total: 90s)
2026-09-23 22:37:06,542 - RLController - INFO -   Example: junction D4 -> durations [24, 22, 22, 22] (total: 90s)
2026-09-23 22:37:06,542 - RLController - INFO -   Example: junction D5 -> durations [13, 13, 51, 13] (total: 90s)
2026-09-23 22:37:06,542 - RLController - INFO -   Example: junction E0 -> durations [24, 22, 22, 22] (total: 90s)
2026-09-23 22:37:06,542 - RLController - INFO -   Example: junction E1 -> durations [24, 22, 22, 22] (total: 90s)
2026-09-23 22:37:06,543 - RLController - INFO -   Stored schedules for 34 junctions, cycle starts at step 6570
2026-09-23 22:37:11,515 - RLController - INFO - DIAGNOSTIC Step 6660 - Observation stats:
2026-09-23 22:37:11,515 - RLController - INFO -   Hash: -4235449450626362776, Min: 0.000000, Max: 1.000000, Mean: 0.447297, Std: 0.456054
2026-09-23 22:37:11,516 - RLController - INFO -   First 10: [1.       0.       0.       0.       0.       0.559698 1.       0.
 0.       0.      ]
2026-09-23 22:37:11,516 - RLController - INFO -   Last 10: [0.         0.2        0.         0.08333334 0.517094   0.00358619
 0.08431624 0.50955945 0.         0.3       ]
2026-09-23 22:37:11,521 - RLController - INFO - DIAGNOSTIC - Raw model action output:
2026-09-23 22:37:11,521 - RLController - INFO -   Action hash: -3106385954719585526
2026-09-23 22:37:11,522 - RLController - INFO -   First 8 values: [ -7.703216 -10.       -10.       -10.       -10.       -10.
 -10.       -10.      ]
2026-09-23 22:37:11,522 - RLController - INFO -   Last 8 values: [-10.        -10.        -10.        -10.        -10.         -1.7082074
 -10.        -10.       ]
2026-09-23 22:37:11,522 - RLController - INFO -   Action shape: (136,), min: -10.000000, max: 5.683244, mean: -9.301828
2026-09-23 22:37:11,523 - RLController - INFO -   B0 junction (indices 16-19) raw values: [-10. -10. -10. -10.]
2026-09-23 22:37:11,523 - RLController - INFO - Using CONTINUOUS DURATION-BASED mode
2026-09-23 22:37:11,523 - RLController - INFO -   Example: junction A0 -> durations [48, 14, 14, 14] (total: 90s)
2026-09-23 22:37:11,523 - RLController - INFO -   Example: junction A1 -> durations [24, 22, 22, 22] (total: 90s)
2026-09-23 22:37:11,524 - RLController - INFO -   Example: junction A2 -> durations [12, 12, 54, 12] (total: 90s)
2026-09-23 22:37:11,524 - RLController - INFO -   Example: junction A4 -> durations [60, 10, 10, 10] (total: 90s)
2026-09-23 22:37:11,525 - RLController - INFO -   Example: junction A5 -> durations [24, 22, 22, 22] (total: 90s)
2026-09-23 22:37:11,525 - RLController - INFO -   Example: junction B0 -> durations [24, 22, 22, 22] (total: 90s)
2026-09-23 22:37:11,525 - RLController - INFO -   Example: junction B1 -> durations [24, 22, 22, 22] (total: 90s)
2026-09-23 22:37:11,525 - RLController - INFO -   Example: junction B2 -> durations [24, 22, 22, 22] (total: 90s)
2026-09-23 22:37:11,525 - RLController - INFO -   Example: junction B4 -> durations [24, 22, 22, 22] (total: 90s)
2026-09-23 22:37:11,526 - RLController - INFO -   Example: junction B5 -> durations [60, 10, 10, 10] (total: 90s)
2026-09-23 22:37:11,526 - RLController - INFO -   Example: junction C0 -> durations [24, 22, 22, 22] (total: 90s)
2026-09-23 22:37:11,526 - RLController - INFO -   Example: junction C1 -> durations [24, 22, 22, 22] (total: 90s)
2026-09-23 22:37:11,526 - RLController - INFO -   Example: junction C2 -> durations [55, 15, 10, 10] (total: 90s)
2026-09-23 22:37:11,527 - RLController - INFO -   Example: junction C3 -> durations [60, 10, 10, 10] (total: 90s)
2026-09-23 22:37:11,527 - RLController - INFO -   Example: junction C4 -> durations [57, 11, 11, 11] (total: 90s)
2026-09-23 22:37:11,527 - RLController - INFO -   Example: junction C5 -> durations [57, 11, 11, 11] (total: 90s)
2026-09-23 22:37:11,527 - RLController - INFO -   Example: junction D0 -> durations [24, 22, 22, 22] (total: 90s)
2026-09-23 22:37:11,527 - RLController - INFO -   Example: junction D1 -> durations [22, 22, 24, 22] (total: 90s)
2026-09-23 22:37:11,528 - RLController - INFO -   Example: junction D2 -> durations [45, 15, 15, 15] (total: 90s)
2026-09-23 22:37:11,528 - RLController - INFO -   Example: junction D3 -> durations [24, 22, 22, 22] (total: 90s)
2026-09-23 22:37:11,528 - RLController - INFO -   Example: junction D4 -> durations [24, 22, 22, 22] (total: 90s)
2026-09-23 22:37:11,528 - RLController - INFO -   Example: junction D5 -> durations [14, 14, 48, 14] (total: 90s)
2026-09-23 22:37:11,528 - RLController - INFO -   Example: junction E0 -> durations [24, 22, 22, 22] (total: 90s)
2026-09-23 22:37:11,528 - RLController - INFO -   Example: junction E1 -> durations [24, 22, 22, 22] (total: 90s)
2026-09-23 22:37:11,530 - RLController - INFO -   Stored schedules for 34 junctions, cycle starts at step 6660
2026-09-23 22:37:15,972 - RLController - INFO - DIAGNOSTIC Step 6750 - Observation stats:
2026-09-23 22:37:15,972 - RLController - INFO -   Hash: -7242798280107018121, Min: 0.000000, Max: 1.000000, Mean: 0.442486, Std: 0.457317
2026-09-23 22:37:15,973 - RLController - INFO -   First 10: [1.         0.         0.         0.         0.         0.559698
 0.         0.         0.99333334 1.        ]
2026-09-23 22:37:15,973 - RLController - INFO -   Last 10: [0.         0.2        0.         0.08333334 0.49786323 0.00357273
 0.08367521 0.5236398  0.         0.3       ]
2026-09-23 22:37:15,977 - RLController - INFO - DIAGNOSTIC - Raw model action output:
2026-09-23 22:37:15,977 - RLController - INFO -   Action hash: -3315253276842516867
2026-09-23 22:37:15,977 - RLController - INFO -   First 8 values: [ -7.622103 -10.       -10.       -10.       -10.       -10.
 -10.       -10.      ]
2026-09-23 22:37:15,977 - RLController - INFO -   Last 8 values: [-10.         -10.         -10.         -10.         -10.
  -0.88529223 -10.         -10.        ]
2026-09-23 22:37:15,977 - RLController - INFO -   Action shape: (136,), min: -10.000000, max: 4.998853, mean: -9.298502
2026-09-23 22:37:15,977 - RLController - INFO -   B0 junction (indices 16-19) raw values: [ -9.789042 -10.       -10.       -10.      ]
2026-09-23 22:37:15,977 - RLController - INFO - Using CONTINUOUS DURATION-BASED mode
2026-09-23 22:37:15,978 - RLController - INFO -   Example: junction A0 -> durations [48, 14, 14, 14] (total: 90s)
2026-09-23 22:37:15,978 - RLController - INFO -   Example: junction A1 -> durations [24, 22, 22, 22] (total: 90s)
2026-09-23 22:37:15,978 - RLController - INFO -   Example: junction A2 -> durations [12, 12, 54, 12] (total: 90s)
2026-09-23 22:37:15,978 - RLController - INFO -   Example: junction A4 -> durations [60, 10, 10, 10] (total: 90s)
2026-09-23 22:37:15,978 - RLController - INFO -   Example: junction A5 -> durations [24, 22, 22, 22] (total: 90s)
2026-09-23 22:37:15,978 - RLController - INFO -   Example: junction B0 -> durations [24, 22, 22, 22] (total: 90s)
2026-09-23 22:37:15,978 - RLController - INFO -   Example: junction B1 -> durations [24, 22, 22, 22] (total: 90s)
2026-09-23 22:37:15,979 - RLController - INFO -   Example: junction B2 -> durations [24, 22, 22, 22] (total: 90s)
2026-09-23 22:37:15,979 - RLController - INFO -   Example: junction B4 -> durations [24, 22, 22, 22] (total: 90s)
2026-09-23 22:37:15,979 - RLController - INFO -   Example: junction B5 -> durations [60, 10, 10, 10] (total: 90s)
2026-09-23 22:37:15,979 - RLController - INFO -   Example: junction C0 -> durations [22, 22, 24, 22] (total: 90s)
2026-09-23 22:37:15,979 - RLController - INFO -   Example: junction C1 -> durations [24, 22, 22, 22] (total: 90s)
2026-09-23 22:37:15,979 - RLController - INFO -   Example: junction C2 -> durations [58, 12, 10, 10] (total: 90s)
2026-09-23 22:37:15,979 - RLController - INFO -   Example: junction C3 -> durations [60, 10, 10, 10] (total: 90s)
2026-09-23 22:37:15,979 - RLController - INFO -   Example: junction C4 -> durations [57, 11, 11, 11] (total: 90s)
2026-09-23 22:37:15,979 - RLController - INFO -   Example: junction C5 -> durations [57, 11, 11, 11] (total: 90s)
2026-09-23 22:37:15,980 - RLController - INFO -   Example: junction D0 -> durations [24, 22, 22, 22] (total: 90s)
2026-09-23 22:37:15,980 - RLController - INFO -   Example: junction D1 -> durations [22, 22, 24, 22] (total: 90s)
2026-09-23 22:37:15,980 - RLController - INFO -   Example: junction D2 -> durations [45, 15, 15, 15] (total: 90s)
2026-09-23 22:37:15,980 - RLController - INFO -   Example: junction D3 -> durations [24, 22, 22, 22] (total: 90s)
2026-09-23 22:37:15,980 - RLController - INFO -   Example: junction D4 -> durations [24, 22, 22, 22] (total: 90s)
2026-09-23 22:37:15,980 - RLController - INFO -   Example: junction D5 -> durations [13, 13, 51, 13] (total: 90s)
2026-09-23 22:37:15,980 - RLController - INFO -   Example: junction E0 -> durations [24, 22, 22, 22] (total: 90s)
2026-09-23 22:37:15,980 - RLController - INFO -   Example: junction E1 -> durations [24, 22, 22, 22] (total: 90s)
2026-09-23 22:37:15,981 - RLController - INFO -   Stored schedules for 34 junctions, cycle starts at step 6750
2026-09-23 22:37:20,711 - RLController - INFO - DIAGNOSTIC Step 6840 - Observation stats:
2026-09-23 22:37:20,711 - RLController - INFO -   Hash: -8746476180872621259, Min: 0.000000, Max: 1.000000, Mean: 0.446164, Std: 0.457897
2026-09-23 22:37:20,711 - RLController - INFO -   First 10: [1.         0.         0.         0.         0.         0.559698
 0.         1.         0.99333334 1.        ]
2026-09-23 22:37:20,711 - RLController - INFO -   Last 10: [0.         0.2        0.         0.08333334 0.49786323 0.00317608
 0.08367521 0.51697147 0.         0.3       ]
2026-09-23 22:37:20,717 - RLController - INFO - DIAGNOSTIC - Raw model action output:
2026-09-23 22:37:20,717 - RLController - INFO -   Action hash: 6118271584158743868
2026-09-23 22:37:20,717 - RLController - INFO -   First 8 values: [ -7.615633 -10.       -10.       -10.       -10.       -10.
 -10.       -10.      ]
2026-09-23 22:37:20,717 - RLController - INFO -   Last 8 values: [-10.        -10.        -10.        -10.        -10.         -2.8683736
 -10.        -10.       ]
2026-09-23 22:37:20,717 - RLController - INFO -   Action shape: (136,), min: -10.000000, max: 4.367399, mean: -9.308233
2026-09-23 22:37:20,718 - RLController - INFO -   B0 junction (indices 16-19) raw values: [-10. -10. -10. -10.]
2026-09-23 22:37:20,718 - RLController - INFO - Using CONTINUOUS DURATION-BASED mode
2026-09-23 22:37:20,718 - RLController - INFO -   Example: junction A0 -> durations [48, 14, 14, 14] (total: 90s)
2026-09-23 22:37:20,718 - RLController - INFO -   Example: junction A1 -> durations [24, 22, 22, 22] (total: 90s)
2026-09-23 22:37:20,718 - RLController - INFO -   Example: junction A2 -> durations [12, 12, 54, 12] (total: 90s)
2026-09-23 22:37:20,718 - RLController - INFO -   Example: junction A4 -> durations [60, 10, 10, 10] (total: 90s)
2026-09-23 22:37:20,719 - RLController - INFO -   Example: junction A5 -> durations [24, 22, 22, 22] (total: 90s)
2026-09-23 22:37:20,719 - RLController - INFO -   Example: junction B0 -> durations [24, 22, 22, 22] (total: 90s)
2026-09-23 22:37:20,719 - RLController - INFO -   Example: junction B1 -> durations [24, 22, 22, 22] (total: 90s)
2026-09-23 22:37:20,719 - RLController - INFO -   Example: junction B2 -> durations [24, 22, 22, 22] (total: 90s)
2026-09-23 22:37:20,719 - RLController - INFO -   Example: junction B4 -> durations [24, 22, 22, 22] (total: 90s)
2026-09-23 22:37:20,719 - RLController - INFO -   Example: junction B5 -> durations [60, 10, 10, 10] (total: 90s)
2026-09-23 22:37:20,720 - RLController - INFO -   Example: junction C0 -> durations [22, 22, 24, 22] (total: 90s)
2026-09-23 22:37:20,720 - RLController - INFO -   Example: junction C1 -> durations [24, 22, 22, 22] (total: 90s)
2026-09-23 22:37:20,720 - RLController - INFO -   Example: junction C2 -> durations [56, 14, 10, 10] (total: 90s)
2026-09-23 22:37:20,720 - RLController - INFO -   Example: junction C3 -> durations [60, 10, 10, 10] (total: 90s)
2026-09-23 22:37:20,720 - RLController - INFO -   Example: junction C4 -> durations [60, 10, 10, 10] (total: 90s)
2026-09-23 22:37:20,721 - RLController - INFO -   Example: junction C5 -> durations [57, 11, 11, 11] (total: 90s)
2026-09-23 22:37:20,721 - RLController - INFO -   Example: junction D0 -> durations [24, 22, 22, 22] (total: 90s)
2026-09-23 22:37:20,721 - RLController - INFO -   Example: junction D1 -> durations [22, 22, 24, 22] (total: 90s)
2026-09-23 22:37:20,721 - RLController - INFO -   Example: junction D2 -> durations [48, 14, 14, 14] (total: 90s)
2026-09-23 22:37:20,721 - RLController - INFO -   Example: junction D3 -> durations [24, 22, 22, 22] (total: 90s)
2026-09-23 22:37:20,721 - RLController - INFO -   Example: junction D4 -> durations [24, 22, 22, 22] (total: 90s)
2026-09-23 22:37:20,721 - RLController - INFO -   Example: junction D5 -> durations [13, 13, 51, 13] (total: 90s)
2026-09-23 22:37:20,722 - RLController - INFO -   Example: junction E0 -> durations [24, 22, 22, 22] (total: 90s)
2026-09-23 22:37:20,722 - RLController - INFO -   Example: junction E1 -> durations [24, 22, 22, 22] (total: 90s)
2026-09-23 22:37:20,723 - RLController - INFO -   Stored schedules for 34 junctions, cycle starts at step 6840
2026-09-23 22:37:25,236 - RLController - INFO - DIAGNOSTIC Step 6930 - Observation stats:
2026-09-23 22:37:25,236 - RLController - INFO -   Hash: 5507958043776111283, Min: 0.000000, Max: 1.000000, Mean: 0.445569, Std: 0.457785
2026-09-23 22:37:25,236 - RLController - INFO -   First 10: [1.         0.         0.         0.         0.         0.559698
 0.         1.         0.99333334 1.        ]
2026-09-23 22:37:25,237 - RLController - INFO -   Last 10: [0.         0.2        0.         0.08333334 0.49358973 0.00300359
 0.08217949 0.5200584  0.         0.3       ]
2026-09-23 22:37:25,240 - RLController - INFO - DIAGNOSTIC - Raw model action output:
2026-09-23 22:37:25,240 - RLController - INFO -   Action hash: 456240306247704761
2026-09-23 22:37:25,240 - RLController - INFO -   First 8 values: [ -7.7182345 -10.        -10.        -10.        -10.        -10.
 -10.        -10.       ]
2026-09-23 22:37:25,241 - RLController - INFO -   Last 8 values: [-10.       -10.       -10.       -10.       -10.        -1.939038
 -10.       -10.      ]
2026-09-23 22:37:25,241 - RLController - INFO -   Action shape: (136,), min: -10.000000, max: 4.830297, mean: -9.278146
2026-09-23 22:37:25,241 - RLController - INFO -   B0 junction (indices 16-19) raw values: [-10. -10. -10. -10.]
2026-09-23 22:37:25,241 - RLController - INFO - Using CONTINUOUS DURATION-BASED mode
2026-09-23 22:37:25,241 - RLController - INFO -   Example: junction A0 -> durations [48, 14, 14, 14] (total: 90s)
2026-09-23 22:37:25,241 - RLController - INFO -   Example: junction A1 -> durations [24, 22, 22, 22] (total: 90s)
2026-09-23 22:37:25,242 - RLController - INFO -   Example: junction A2 -> durations [12, 12, 54, 12] (total: 90s)
2026-09-23 22:37:25,242 - RLController - INFO -   Example: junction A4 -> durations [60, 10, 10, 10] (total: 90s)
2026-09-23 22:37:25,242 - RLController - INFO -   Example: junction A5 -> durations [24, 22, 22, 22] (total: 90s)
2026-09-23 22:37:25,242 - RLController - INFO -   Example: junction B0 -> durations [24, 22, 22, 22] (total: 90s)
2026-09-23 22:37:25,242 - RLController - INFO -   Example: junction B1 -> durations [24, 22, 22, 22] (total: 90s)
2026-09-23 22:37:25,242 - RLController - INFO -   Example: junction B2 -> durations [24, 22, 22, 22] (total: 90s)
2026-09-23 22:37:25,243 - RLController - INFO -   Example: junction B4 -> durations [24, 22, 22, 22] (total: 90s)
2026-09-23 22:37:25,243 - RLController - INFO -   Example: junction B5 -> durations [60, 10, 10, 10] (total: 90s)
2026-09-23 22:37:25,243 - RLController - INFO -   Example: junction C0 -> durations [22, 22, 24, 22] (total: 90s)
2026-09-23 22:37:25,243 - RLController - INFO -   Example: junction C1 -> durations [24, 22, 22, 22] (total: 90s)
2026-09-23 22:37:25,243 - RLController - INFO -   Example: junction C2 -> durations [57, 13, 10, 10] (total: 90s)
2026-09-23 22:37:25,243 - RLController - INFO -   Example: junction C3 -> durations [60, 10, 10, 10] (total: 90s)
2026-09-23 22:37:25,243 - RLController - INFO -   Example: junction C4 -> durations [57, 11, 11, 11] (total: 90s)
2026-09-23 22:37:25,243 - RLController - INFO -   Example: junction C5 -> durations [57, 11, 11, 11] (total: 90s)
2026-09-23 22:37:25,243 - RLController - INFO -   Example: junction D0 -> durations [24, 22, 22, 22] (total: 90s)
2026-09-23 22:37:25,243 - RLController - INFO -   Example: junction D1 -> durations [22, 22, 24, 22] (total: 90s)
2026-09-23 22:37:25,244 - RLController - INFO -   Example: junction D2 -> durations [51, 13, 13, 13] (total: 90s)
2026-09-23 22:37:25,244 - RLController - INFO -   Example: junction D3 -> durations [24, 22, 22, 22] (total: 90s)
2026-09-23 22:37:25,244 - RLController - INFO -   Example: junction D4 -> durations [24, 22, 22, 22] (total: 90s)
2026-09-23 22:37:25,244 - RLController - INFO -   Example: junction D5 -> durations [12, 12, 54, 12] (total: 90s)
2026-09-23 22:37:25,244 - RLController - INFO -   Example: junction E0 -> durations [24, 22, 22, 22] (total: 90s)
2026-09-23 22:37:25,245 - RLController - INFO -   Example: junction E1 -> durations [24, 22, 22, 22] (total: 90s)
2026-09-23 22:37:25,245 - RLController - INFO -   Stored schedules for 34 junctions, cycle starts at step 6930
2026-09-23 22:37:30,378 - RLController - INFO - DIAGNOSTIC Step 7020 - Observation stats:
2026-09-23 22:37:30,379 - RLController - INFO -   Hash: 4758223477632015665, Min: 0.000000, Max: 1.000000, Mean: 0.435806, Std: 0.455107
2026-09-23 22:37:30,379 - RLController - INFO -   First 10: [1.        0.        0.        0.        0.        0.5423521 1.
 0.        0.        0.       ]
2026-09-23 22:37:30,379 - RLController - INFO -   Last 10: [0.         0.2        0.         0.08333334 0.48504272 0.00371026
 0.08294871 0.5379538  0.         0.3       ]
2026-09-23 22:37:30,383 - RLController - INFO - DIAGNOSTIC - Raw model action output:
2026-09-23 22:37:30,383 - RLController - INFO -   Action hash: -6053712395602542032
2026-09-23 22:37:30,384 - RLController - INFO -   First 8 values: [ -7.3117337 -10.        -10.        -10.        -10.        -10.
 -10.        -10.       ]
2026-09-23 22:37:30,384 - RLController - INFO -   Last 8 values: [-10.        -10.        -10.        -10.        -10.         -2.9043443
 -10.        -10.       ]
2026-09-23 22:37:30,384 - RLController - INFO -   Action shape: (136,), min: -10.000000, max: 5.092350, mean: -9.256942
2026-09-23 22:37:30,385 - RLController - INFO -   B0 junction (indices 16-19) raw values: [ -9.588155 -10.       -10.       -10.      ]
2026-09-23 22:37:30,385 - RLController - INFO - Using CONTINUOUS DURATION-BASED mode
2026-09-23 22:37:30,385 - RLController - INFO -   Example: junction A0 -> durations [51, 13, 13, 13] (total: 90s)
2026-09-23 22:37:30,385 - RLController - INFO -   Example: junction A1 -> durations [24, 22, 22, 22] (total: 90s)
2026-09-23 22:37:30,385 - RLController - INFO -   Example: junction A2 -> durations [12, 12, 54, 12] (total: 90s)
2026-09-23 22:37:30,385 - RLController - INFO -   Example: junction A4 -> durations [60, 10, 10, 10] (total: 90s)
2026-09-23 22:37:30,385 - RLController - INFO -   Example: junction A5 -> durations [27, 21, 21, 21] (total: 90s)
2026-09-23 22:37:30,386 - RLController - INFO -   Example: junction B0 -> durations [24, 22, 22, 22] (total: 90s)
2026-09-23 22:37:30,386 - RLController - INFO -   Example: junction B1 -> durations [22, 24, 22, 22] (total: 90s)
2026-09-23 22:37:30,386 - RLController - INFO -   Example: junction B2 -> durations [24, 22, 22, 22] (total: 90s)
2026-09-23 22:37:30,386 - RLController - INFO -   Example: junction B4 -> durations [24, 22, 22, 22] (total: 90s)
2026-09-23 22:37:30,386 - RLController - INFO -   Example: junction B5 -> durations [60, 10, 10, 10] (total: 90s)
2026-09-23 22:37:30,386 - RLController - INFO -   Example: junction C0 -> durations [22, 22, 24, 22] (total: 90s)
2026-09-23 22:37:30,387 - RLController - INFO -   Example: junction C1 -> durations [24, 22, 22, 22] (total: 90s)
2026-09-23 22:37:30,387 - RLController - INFO -   Example: junction C2 -> durations [54, 16, 10, 10] (total: 90s)
2026-09-23 22:37:30,387 - RLController - INFO -   Example: junction C3 -> durations [60, 10, 10, 10] (total: 90s)
2026-09-23 22:37:30,387 - RLController - INFO -   Example: junction C4 -> durations [57, 11, 11, 11] (total: 90s)
2026-09-23 22:37:30,387 - RLController - INFO -   Example: junction C5 -> durations [57, 11, 11, 11] (total: 90s)
2026-09-23 22:37:30,387 - RLController - INFO -   Example: junction D0 -> durations [24, 22, 22, 22] (total: 90s)
2026-09-23 22:37:30,388 - RLController - INFO -   Example: junction D1 -> durations [20, 20, 30, 20] (total: 90s)
2026-09-23 22:37:30,388 - RLController - INFO -   Example: junction D2 -> durations [51, 13, 13, 13] (total: 90s)
2026-09-23 22:37:30,388 - RLController - INFO -   Example: junction D3 -> durations [24, 22, 22, 22] (total: 90s)
2026-09-23 22:37:30,388 - RLController - INFO -   Example: junction D4 -> durations [24, 22, 22, 22] (total: 90s)
2026-09-23 22:37:30,388 - RLController - INFO -   Example: junction D5 -> durations [13, 13, 51, 13] (total: 90s)
2026-09-23 22:37:30,388 - RLController - INFO -   Example: junction E0 -> durations [24, 22, 22, 22] (total: 90s)
2026-09-23 22:37:30,388 - RLController - INFO -   Example: junction E1 -> durations [24, 22, 22, 22] (total: 90s)
2026-09-23 22:37:30,389 - RLController - INFO -   Stored schedules for 34 junctions, cycle starts at step 7020
2026-09-23 22:37:35,370 - RLController - INFO - DIAGNOSTIC Step 7110 - Observation stats:
2026-09-23 22:37:35,371 - RLController - INFO -   Hash: -4507527313361447448, Min: 0.000000, Max: 1.000000, Mean: 0.440396, Std: 0.457017
2026-09-23 22:37:35,371 - RLController - INFO -   First 10: [1.        0.        0.        0.        0.        0.5263158 1.
 0.        0.        0.       ]
2026-09-23 22:37:35,371 - RLController - INFO -   Last 10: [0.         0.2        0.         0.08333334 0.50213677 0.00368005
 0.08337606 0.5246422  0.         0.3       ]
2026-09-23 22:37:35,377 - RLController - INFO - DIAGNOSTIC - Raw model action output:
2026-09-23 22:37:35,377 - RLController - INFO -   Action hash: -4562755198955673870
2026-09-23 22:37:35,377 - RLController - INFO -   First 8 values: [ -7.492557 -10.       -10.       -10.       -10.       -10.
 -10.       -10.      ]
2026-09-23 22:37:35,378 - RLController - INFO -   Last 8 values: [-10.       -10.       -10.       -10.       -10.        -3.256807
 -10.       -10.      ]
2026-09-23 22:37:35,378 - RLController - INFO -   Action shape: (136,), min: -10.000000, max: 5.855619, mean: -9.291862
2026-09-23 22:37:35,378 - RLController - INFO -   B0 junction (indices 16-19) raw values: [ -9.574656 -10.       -10.       -10.      ]
2026-09-23 22:37:35,378 - RLController - INFO - Using CONTINUOUS DURATION-BASED mode
2026-09-23 22:37:35,378 - RLController - INFO -   Example: junction A0 -> durations [51, 13, 13, 13] (total: 90s)
2026-09-23 22:37:35,379 - RLController - INFO -   Example: junction A1 -> durations [24, 22, 22, 22] (total: 90s)
2026-09-23 22:37:35,379 - RLController - INFO -   Example: junction A2 -> durations [12, 12, 54, 12] (total: 90s)
2026-09-23 22:37:35,379 - RLController - INFO -   Example: junction A4 -> durations [60, 10, 10, 10] (total: 90s)
2026-09-23 22:37:35,379 - RLController - INFO -   Example: junction A5 -> durations [27, 21, 21, 21] (total: 90s)
2026-09-23 22:37:35,379 - RLController - INFO -   Example: junction B0 -> durations [24, 22, 22, 22] (total: 90s)
2026-09-23 22:37:35,380 - RLController - INFO -   Example: junction B1 -> durations [24, 22, 22, 22] (total: 90s)
2026-09-23 22:37:35,380 - RLController - INFO -   Example: junction B2 -> durations [24, 22, 22, 22] (total: 90s)
2026-09-23 22:37:35,380 - RLController - INFO -   Example: junction B4 -> durations [24, 22, 22, 22] (total: 90s)
2026-09-23 22:37:35,380 - RLController - INFO -   Example: junction B5 -> durations [60, 10, 10, 10] (total: 90s)
2026-09-23 22:37:35,380 - RLController - INFO -   Example: junction C0 -> durations [21, 21, 27, 21] (total: 90s)
2026-09-23 22:37:35,381 - RLController - INFO -   Example: junction C1 -> durations [24, 22, 22, 22] (total: 90s)
2026-09-23 22:37:35,381 - RLController - INFO -   Example: junction C2 -> durations [56, 14, 10, 10] (total: 90s)
2026-09-23 22:37:35,381 - RLController - INFO -   Example: junction C3 -> durations [60, 10, 10, 10] (total: 90s)
2026-09-23 22:37:35,381 - RLController - INFO -   Example: junction C4 -> durations [60, 10, 10, 10] (total: 90s)
2026-09-23 22:37:35,381 - RLController - INFO -   Example: junction C5 -> durations [57, 11, 11, 11] (total: 90s)
2026-09-23 22:37:35,382 - RLController - INFO -   Example: junction D0 -> durations [24, 22, 22, 22] (total: 90s)
2026-09-23 22:37:35,382 - RLController - INFO -   Example: junction D1 -> durations [21, 21, 27, 21] (total: 90s)
2026-09-23 22:37:35,382 - RLController - INFO -   Example: junction D2 -> durations [45, 15, 15, 15] (total: 90s)
2026-09-23 22:37:35,382 - RLController - INFO -   Example: junction D3 -> durations [24, 22, 22, 22] (total: 90s)
2026-09-23 22:37:35,382 - RLController - INFO -   Example: junction D4 -> durations [24, 22, 22, 22] (total: 90s)
2026-09-23 22:37:35,383 - RLController - INFO -   Example: junction D5 -> durations [12, 12, 54, 12] (total: 90s)
2026-09-23 22:37:35,383 - RLController - INFO -   Example: junction E0 -> durations [24, 22, 22, 22] (total: 90s)
2026-09-23 22:37:35,383 - RLController - INFO -   Example: junction E1 -> durations [24, 22, 22, 22] (total: 90s)
2026-09-23 22:37:35,385 - RLController - INFO -   Stored schedules for 34 junctions, cycle starts at step 7110
2026-09-23 22:37:40,231 - RLController - INFO - DIAGNOSTIC Step 7200 - Observation stats:
2026-09-23 22:37:40,232 - RLController - INFO -   Hash: -7301817724133123135, Min: 0.000000, Max: 1.000000, Mean: 0.447219, Std: 0.457893
2026-09-23 22:37:40,232 - RLController - INFO -   First 10: [1.         0.         0.         0.         0.         0.5084746
 0.         0.         0.99333334 1.        ]
2026-09-23 22:37:40,232 - RLController - INFO -   Last 10: [0.         0.2        0.         0.08333334 0.50641024 0.00356096
 0.08363248 0.51393557 0.         0.3       ]
2026-09-23 22:37:40,237 - RLController - INFO - DIAGNOSTIC - Raw model action output:
2026-09-23 22:37:40,237 - RLController - INFO -   Action hash: -6671675107769818937
2026-09-23 22:37:40,238 - RLController - INFO -   First 8 values: [ -7.3309555 -10.        -10.        -10.        -10.        -10.
 -10.        -10.       ]
2026-09-23 22:37:40,238 - RLController - INFO -   Last 8 values: [-10.        -10.        -10.        -10.        -10.         -3.1882799
 -10.        -10.       ]
2026-09-23 22:37:40,238 - RLController - INFO -   Action shape: (136,), min: -10.000000, max: 6.314030, mean: -9.317512
2026-09-23 22:37:40,238 - RLController - INFO -   B0 junction (indices 16-19) raw values: [ -9.770402 -10.       -10.       -10.      ]
2026-09-23 22:37:40,238 - RLController - INFO - Using CONTINUOUS DURATION-BASED mode
2026-09-23 22:37:40,239 - RLController - INFO -   Example: junction A0 -> durations [51, 13, 13, 13] (total: 90s)
2026-09-23 22:37:40,239 - RLController - INFO -   Example: junction A1 -> durations [24, 22, 22, 22] (total: 90s)
2026-09-23 22:37:40,239 - RLController - INFO -   Example: junction A2 -> durations [12, 12, 54, 12] (total: 90s)
2026-09-23 22:37:40,239 - RLController - INFO -   Example: junction A4 -> durations [60, 10, 10, 10] (total: 90s)
2026-09-23 22:37:40,239 - RLController - INFO -   Example: junction A5 -> durations [24, 22, 22, 22] (total: 90s)
2026-09-23 22:37:40,239 - RLController - INFO -   Example: junction B0 -> durations [24, 22, 22, 22] (total: 90s)
2026-09-23 22:37:40,239 - RLController - INFO -   Example: junction B1 -> durations [24, 22, 22, 22] (total: 90s)
2026-09-23 22:37:40,240 - RLController - INFO -   Example: junction B2 -> durations [24, 22, 22, 22] (total: 90s)
2026-09-23 22:37:40,240 - RLController - INFO -   Example: junction B4 -> durations [24, 22, 22, 22] (total: 90s)
2026-09-23 22:37:40,240 - RLController - INFO -   Example: junction B5 -> durations [60, 10, 10, 10] (total: 90s)
2026-09-23 22:37:40,240 - RLController - INFO -   Example: junction C0 -> durations [22, 22, 24, 22] (total: 90s)
2026-09-23 22:37:40,240 - RLController - INFO -   Example: junction C1 -> durations [24, 22, 22, 22] (total: 90s)
2026-09-23 22:37:40,240 - RLController - INFO -   Example: junction C2 -> durations [57, 13, 10, 10] (total: 90s)
2026-09-23 22:37:40,241 - RLController - INFO -   Example: junction C3 -> durations [60, 10, 10, 10] (total: 90s)
2026-09-23 22:37:40,241 - RLController - INFO -   Example: junction C4 -> durations [57, 11, 11, 11] (total: 90s)
2026-09-23 22:37:40,241 - RLController - INFO -   Example: junction C5 -> durations [57, 11, 11, 11] (total: 90s)
2026-09-23 22:37:40,241 - RLController - INFO -   Example: junction D0 -> durations [24, 22, 22, 22] (total: 90s)
2026-09-23 22:37:40,241 - RLController - INFO -   Example: junction D1 -> durations [22, 22, 24, 22] (total: 90s)
2026-09-23 22:37:40,241 - RLController - INFO -   Example: junction D2 -> durations [45, 15, 15, 15] (total: 90s)
2026-09-23 22:37:40,241 - RLController - INFO -   Example: junction D3 -> durations [24, 22, 22, 22] (total: 90s)
2026-09-23 22:37:40,241 - RLController - INFO -   Example: junction D4 -> durations [24, 22, 22, 22] (total: 90s)
2026-09-23 22:37:40,242 - RLController - INFO -   Example: junction D5 -> durations [13, 13, 51, 13] (total: 90s)
2026-09-23 22:37:40,242 - RLController - INFO -   Example: junction E0 -> durations [24, 22, 22, 22] (total: 90s)
2026-09-23 22:37:40,242 - RLController - INFO -   Example: junction E1 -> durations [24, 22, 22, 22] (total: 90s)
2026-09-23 22:37:40,243 - RLController - INFO -   Stored schedules for 34 junctions, cycle starts at step 7200
2026-09-23 22:37:44,900 - RLController - INFO - DIAGNOSTIC Step 7290 - Observation stats:
2026-09-23 22:37:44,900 - RLController - INFO -   Hash: 63049325357327777, Min: 0.000000, Max: 1.000000, Mean: 0.451429, Std: 0.456717
2026-09-23 22:37:44,900 - RLController - INFO -   First 10: [1.         0.         0.         0.         0.         0.5084746
 0.         0.         0.99333334 1.        ]
2026-09-23 22:37:44,901 - RLController - INFO -   Last 10: [0.         0.2        0.         0.08333334 0.525641   0.00340337
 0.08602564 0.4916105  0.         0.3       ]
2026-09-23 22:37:44,905 - RLController - INFO - DIAGNOSTIC - Raw model action output:
2026-09-23 22:37:44,906 - RLController - INFO -   Action hash: -1174336644326867060
2026-09-23 22:37:44,906 - RLController - INFO -   First 8 values: [ -7.45532 -10.      -10.      -10.      -10.      -10.      -10.
 -10.     ]
2026-09-23 22:37:44,906 - RLController - INFO -   Last 8 values: [-10.        -10.        -10.        -10.        -10.         -2.6446903
 -10.        -10.       ]
2026-09-23 22:37:44,906 - RLController - INFO -   Action shape: (136,), min: -10.000000, max: 4.900389, mean: -9.306653
2026-09-23 22:37:44,906 - RLController - INFO -   B0 junction (indices 16-19) raw values: [-10. -10. -10. -10.]
2026-09-23 22:37:44,906 - RLController - INFO - Using CONTINUOUS DURATION-BASED mode
2026-09-23 22:37:44,907 - RLController - INFO -   Example: junction A0 -> durations [51, 13, 13, 13] (total: 90s)
2026-09-23 22:37:44,907 - RLController - INFO -   Example: junction A1 -> durations [24, 22, 22, 22] (total: 90s)
2026-09-23 22:37:44,907 - RLController - INFO -   Example: junction A2 -> durations [12, 12, 54, 12] (total: 90s)
2026-09-23 22:37:44,907 - RLController - INFO -   Example: junction A4 -> durations [60, 10, 10, 10] (total: 90s)
2026-09-23 22:37:44,907 - RLController - INFO -   Example: junction A5 -> durations [24, 22, 22, 22] (total: 90s)
2026-09-23 22:37:44,907 - RLController - INFO -   Example: junction B0 -> durations [24, 22, 22, 22] (total: 90s)
2026-09-23 22:37:44,908 - RLController - INFO -   Example: junction B1 -> durations [24, 22, 22, 22] (total: 90s)
2026-09-23 22:37:44,908 - RLController - INFO -   Example: junction B2 -> durations [24, 22, 22, 22] (total: 90s)
2026-09-23 22:37:44,908 - RLController - INFO -   Example: junction B4 -> durations [24, 22, 22, 22] (total: 90s)
2026-09-23 22:37:44,908 - RLController - INFO -   Example: junction B5 -> durations [60, 10, 10, 10] (total: 90s)
2026-09-23 22:37:44,908 - RLController - INFO -   Example: junction C0 -> durations [24, 22, 22, 22] (total: 90s)
2026-09-23 22:37:44,908 - RLController - INFO -   Example: junction C1 -> durations [24, 22, 22, 22] (total: 90s)
2026-09-23 22:37:44,909 - RLController - INFO -   Example: junction C2 -> durations [58, 12, 10, 10] (total: 90s)
2026-09-23 22:37:44,909 - RLController - INFO -   Example: junction C3 -> durations [60, 10, 10, 10] (total: 90s)
2026-09-23 22:37:44,909 - RLController - INFO -   Example: junction C4 -> durations [60, 10, 10, 10] (total: 90s)
2026-09-23 22:37:44,909 - RLController - INFO -   Example: junction C5 -> durations [57, 11, 11, 11] (total: 90s)
2026-09-23 22:37:44,909 - RLController - INFO -   Example: junction D0 -> durations [24, 22, 22, 22] (total: 90s)
2026-09-23 22:37:44,909 - RLController - INFO -   Example: junction D1 -> durations [22, 22, 24, 22] (total: 90s)
2026-09-23 22:37:44,909 - RLController - INFO -   Example: junction D2 -> durations [45, 15, 15, 15] (total: 90s)
2026-09-23 22:37:44,909 - RLController - INFO -   Example: junction D3 -> durations [24, 22, 22, 22] (total: 90s)
2026-09-23 22:37:44,910 - RLController - INFO -   Example: junction D4 -> durations [24, 22, 22, 22] (total: 90s)
2026-09-23 22:37:44,910 - RLController - INFO -   Example: junction D5 -> durations [14, 14, 48, 14] (total: 90s)
2026-09-23 22:37:44,910 - RLController - INFO -   Example: junction E0 -> durations [24, 22, 22, 22] (total: 90s)
2026-09-23 22:37:44,910 - RLController - INFO -   Example: junction E1 -> durations [24, 22, 22, 22] (total: 90s)
2026-09-23 22:37:44,911 - RLController - INFO -   Stored schedules for 34 junctions, cycle starts at step 7290
2026-09-23 22:37:45,413 - RLController - WARNING - RL environment cleanup failed: 'TrafficControlEnv' object has no attribute 'reward_calculator'
2026-09-23 22:37:45,889 - TrafficSimulator - INFO - Simulation completed successfully!
2026-09-23 22:37:45,930 - TrafficSimulator - INFO - === SIMULATION COMPLETED ===
2026-09-23 22:37:45,930 - TrafficSimulator - INFO - Total simulation steps: 7300
2026-09-23 22:37:45,930 - TrafficSimulator - INFO - Vehicles loaded: 22000
2026-09-23 22:37:45,930 - TrafficSimulator - INFO - Vehicles inserted: 19414
2026-09-23 22:37:45,930 - TrafficSimulator - INFO - Vehicles still running: 2268
2026-09-23 22:37:45,930 - TrafficSimulator - INFO - Vehicles waiting: 2586
2026-09-23 22:37:45,930 - TrafficSimulator - INFO - Vehicles arrived: 17146
2026-09-23 22:37:45,931 - TrafficSimulator - INFO - Completion rate: 77.9%
2026-09-23 22:37:45,931 - TrafficSimulator - INFO - Insertion rate: 88.2%
2026-09-23 22:37:45,931 - TrafficSimulator - INFO - Average duration: 625.0s
2026-09-23 22:37:45,931 - TrafficSimulator - INFO - Average waiting time: 416.1s
2026-09-23 22:37:45,931 - TrafficSimulator - INFO - Average time loss: 507.4s
2026-09-23 22:37:45,931 - TrafficSimulator - INFO - Throughput: 8456 veh/h
2026-09-23 22:37:45,931 - TrafficSimulator - INFO - Trip statistics count: 17146
2026-09-23 22:37:45,931 - TrafficSimulator - INFO - Traffic control method: rl
